absolute_error_f,actual_high_f,brier,checkpoint,city,city_day,error_f,event_ticker,log_loss,metric_type,model_name,predicted_high_f,rps,snapshot_hour_utc,target_date,top_bracket_type,top_one_accuracy,top_probability,top_ticker,winner_bracket_type,winner_probability,winner_ticker,within_1f,within_2f,within_one_bracket
2.9830398559570312,96.0,,t_plus_0h,aus,aus:2026-07-12,-2.9830398559570312,KXHIGHAUS-26JUL12,,temperature,neuralcaster_v2,93.01696014404297,,2026-07-12T06:00:00+00:00,2026-07-12,,,,,,,,0.0,0.0,
3.7999343872070312,96.0,,t_plus_1h,aus,aus:2026-07-12,-3.7999343872070312,KXHIGHAUS-26JUL12,,temperature,neuralcaster_v2,92.20006561279297,,2026-07-12T07:00:00+00:00,2026-07-12,,,,,,,,0.0,0.0,
3.557098388671875,96.0,,t_plus_2h,aus,aus:2026-07-12,-3.557098388671875,KXHIGHAUS-26JUL12,,temperature,neuralcaster_v2,92.44290161132812,,2026-07-12T08:00:00+00:00,2026-07-12,,,,,,,,0.0,0.0,
3.1649398803710938,96.0,,t_plus_3h,aus,aus:2026-07-12,-3.1649398803710938,KXHIGHAUS-26JUL12,,temperature,neuralcaster_v2,92.8350601196289,,2026-07-12T09:00:00+00:00,2026-07-12,,,,,,,,0.0,0.0,
3.070953369140625,96.0,,t_plus_4h,aus,aus:2026-07-12,-3.070953369140625,KXHIGHAUS-26JUL12,,temperature,neuralcaster_v2,92.92904663085938,,2026-07-12T10:00:00+00:00,2026-07-12,,,,,,,,0.0,0.0,
3.0288314819335938,96.0,,t_plus_5h,aus,aus:2026-07-12,-3.0288314819335938,KXHIGHAUS-26JUL12,,temperature,neuralcaster_v2,92.9711685180664,,2026-07-12T11:00:00+00:00,2026-07-12,,,,,,,,0.0,0.0,
3.026947021484375,96.0,,t_plus_6h,aus,aus:2026-07-12,-3.026947021484375,KXHIGHAUS-26JUL12,,temperature,neuralcaster_v2,92.97305297851562,,2026-07-12T12:00:00+00:00,2026-07-12,,,,,,,,0.0,0.0,
3.02813720703125,96.0,,t_plus_7h,aus,aus:2026-07-12,-3.02813720703125,KXHIGHAUS-26JUL12,,temperature,neuralcaster_v2,92.97186279296875,,2026-07-12T13:00:00+00:00,2026-07-12,,,,,,,,0.0,0.0,
3.020477294921875,96.0,,t_plus_8h,aus,aus:2026-07-12,-3.020477294921875,KXHIGHAUS-26JUL12,,temperature,neuralcaster_v2,92.97952270507812,,2026-07-12T14:00:00+00:00,2026-07-12,,,,,,,,0.0,0.0,
3.018585205078125,96.0,,t_plus_9h,aus,aus:2026-07-12,-3.018585205078125,KXHIGHAUS-26JUL12,,temperature,neuralcaster_v2,92.98141479492188,,2026-07-12T15:00:00+00:00,2026-07-12,,,,,,,,0.0,0.0,
3.32183837890625,96.0,,t_plus_10h,aus,aus:2026-07-12,-3.32183837890625,KXHIGHAUS-26JUL12,,temperature,neuralcaster_v2,92.67816162109375,,2026-07-12T16:00:00+00:00,2026-07-12,,,,,,,,0.0,0.0,
2.6702804565429688,96.0,,t_plus_11h,aus,aus:2026-07-12,-2.6702804565429688,KXHIGHAUS-26JUL12,,temperature,neuralcaster_v2,93.32971954345703,,2026-07-12T17:00:00+00:00,2026-07-12,,,,,,,,0.0,0.0,
2.6297225952148438,96.0,,t_plus_12h,aus,aus:2026-07-12,-2.6297225952148438,KXHIGHAUS-26JUL12,,temperature,neuralcaster_v2,93.37027740478516,,2026-07-12T18:00:00+00:00,2026-07-12,,,,,,,,0.0,0.0,
2.79486083984375,96.0,,t_plus_13h,aus,aus:2026-07-12,-2.79486083984375,KXHIGHAUS-26JUL12,,temperature,neuralcaster_v2,93.20513916015625,,2026-07-12T19:00:00+00:00,2026-07-12,,,,,,,,0.0,0.0,
2.078765869140625,96.0,,t_plus_14h,aus,aus:2026-07-12,-2.078765869140625,KXHIGHAUS-26JUL12,,temperature,neuralcaster_v2,93.92123413085938,,2026-07-12T20:00:00+00:00,2026-07-12,,,,,,,,0.0,0.0,
2.075225830078125,96.0,,t_plus_15h,aus,aus:2026-07-12,-2.075225830078125,KXHIGHAUS-26JUL12,,temperature,neuralcaster_v2,93.92477416992188,,2026-07-12T21:00:00+00:00,2026-07-12,,,,,,,,0.0,0.0,
1.1222381591796875,96.0,,t_plus_16h,aus,aus:2026-07-12,1.1222381591796875,KXHIGHAUS-26JUL12,,temperature,neuralcaster_v2,97.12223815917969,,2026-07-12T22:00:00+00:00,2026-07-12,,,,,,,,0.0,1.0,
1.0964508056640625,96.0,,t_plus_17h,aus,aus:2026-07-12,1.0964508056640625,KXHIGHAUS-26JUL12,,temperature,neuralcaster_v2,97.09645080566406,,2026-07-12T23:00:00+00:00,2026-07-12,,,,,,,,0.0,1.0,
1.0221786499023438,96.0,,t_plus_18h,aus,aus:2026-07-12,1.0221786499023438,KXHIGHAUS-26JUL12,,temperature,neuralcaster_v2,97.02217864990234,,2026-07-13T00:00:00+00:00,2026-07-12,,,,,,,,0.0,1.0,
0.9966888427734375,96.0,,t_plus_19h,aus,aus:2026-07-12,0.9966888427734375,KXHIGHAUS-26JUL12,,temperature,neuralcaster_v2,96.99668884277344,,2026-07-13T01:00:00+00:00,2026-07-12,,,,,,,,1.0,1.0,
0.9828338623046875,96.0,,t_plus_20h,aus,aus:2026-07-12,0.9828338623046875,KXHIGHAUS-26JUL12,,temperature,neuralcaster_v2,96.98283386230469,,2026-07-13T02:00:00+00:00,2026-07-12,,,,,,,,1.0,1.0,
0.9823989868164062,96.0,,t_plus_21h,aus,aus:2026-07-12,0.9823989868164062,KXHIGHAUS-26JUL12,,temperature,neuralcaster_v2,96.9823989868164,,2026-07-13T03:00:00+00:00,2026-07-12,,,,,,,,1.0,1.0,
0.9797134399414062,96.0,,t_plus_22h,aus,aus:2026-07-12,0.9797134399414062,KXHIGHAUS-26JUL12,,temperature,neuralcaster_v2,96.9797134399414,,2026-07-13T04:00:00+00:00,2026-07-12,,,,,,,,1.0,1.0,
0.979583740234375,96.0,,t_plus_23h,aus,aus:2026-07-12,0.979583740234375,KXHIGHAUS-26JUL12,,temperature,neuralcaster_v2,96.97958374023438,,2026-07-13T05:00:00+00:00,2026-07-12,,,,,,,,1.0,1.0,
0.26847076416015625,95.0,,t_plus_0h,den,den:2026-07-12,-0.26847076416015625,KXHIGHDEN-26JUL12,,temperature,neuralcaster_v2,94.73152923583984,,2026-07-12T07:00:00+00:00,2026-07-12,,,,,,,,1.0,1.0,
0.2794342041015625,95.0,,t_plus_1h,den,den:2026-07-12,-0.2794342041015625,KXHIGHDEN-26JUL12,,temperature,neuralcaster_v2,94.72056579589844,,2026-07-12T08:00:00+00:00,2026-07-12,,,,,,,,1.0,1.0,
0.6354217529296875,95.0,,t_plus_2h,den,den:2026-07-12,-0.6354217529296875,KXHIGHDEN-26JUL12,,temperature,neuralcaster_v2,94.36457824707031,,2026-07-12T09:00:00+00:00,2026-07-12,,,,,,,,1.0,1.0,
0.4611358642578125,95.0,,t_plus_3h,den,den:2026-07-12,-0.4611358642578125,KXHIGHDEN-26JUL12,,temperature,neuralcaster_v2,94.53886413574219,,2026-07-12T10:00:00+00:00,2026-07-12,,,,,,,,1.0,1.0,
0.27709197998046875,95.0,,t_plus_4h,den,den:2026-07-12,-0.27709197998046875,KXHIGHDEN-26JUL12,,temperature,neuralcaster_v2,94.72290802001953,,2026-07-12T11:00:00+00:00,2026-07-12,,,,,,,,1.0,1.0,
0.383270263671875,95.0,,t_plus_5h,den,den:2026-07-12,-0.383270263671875,KXHIGHDEN-26JUL12,,temperature,neuralcaster_v2,94.61672973632812,,2026-07-12T12:00:00+00:00,2026-07-12,,,,,,,,1.0,1.0,
0.38645172119140625,95.0,,t_plus_6h,den,den:2026-07-12,-0.38645172119140625,KXHIGHDEN-26JUL12,,temperature,neuralcaster_v2,94.6135482788086,,2026-07-12T13:00:00+00:00,2026-07-12,,,,,,,,1.0,1.0,
0.33838653564453125,95.0,,t_plus_7h,den,den:2026-07-12,-0.33838653564453125,KXHIGHDEN-26JUL12,,temperature,neuralcaster_v2,94.66161346435547,,2026-07-12T14:00:00+00:00,2026-07-12,,,,,,,,1.0,1.0,
0.33351898193359375,95.0,,t_plus_8h,den,den:2026-07-12,-0.33351898193359375,KXHIGHDEN-26JUL12,,temperature,neuralcaster_v2,94.6664810180664,,2026-07-12T15:00:00+00:00,2026-07-12,,,,,,,,1.0,1.0,
0.25736236572265625,95.0,,t_plus_9h,den,den:2026-07-12,-0.25736236572265625,KXHIGHDEN-26JUL12,,temperature,neuralcaster_v2,94.74263763427734,,2026-07-12T16:00:00+00:00,2026-07-12,,,,,,,,1.0,1.0,
0.24269866943359375,95.0,,t_plus_10h,den,den:2026-07-12,-0.24269866943359375,KXHIGHDEN-26JUL12,,temperature,neuralcaster_v2,94.7573013305664,,2026-07-12T17:00:00+00:00,2026-07-12,,,,,,,,1.0,1.0,
0.21840667724609375,95.0,,t_plus_11h,den,den:2026-07-12,-0.21840667724609375,KXHIGHDEN-26JUL12,,temperature,neuralcaster_v2,94.7815933227539,,2026-07-12T18:00:00+00:00,2026-07-12,,,,,,,,1.0,1.0,
0.165069580078125,95.0,,t_plus_12h,den,den:2026-07-12,-0.165069580078125,KXHIGHDEN-26JUL12,,temperature,neuralcaster_v2,94.83493041992188,,2026-07-12T19:00:00+00:00,2026-07-12,,,,,,,,1.0,1.0,
0.14844512939453125,95.0,,t_plus_13h,den,den:2026-07-12,-0.14844512939453125,KXHIGHDEN-26JUL12,,temperature,neuralcaster_v2,94.85155487060547,,2026-07-12T20:00:00+00:00,2026-07-12,,,,,,,,1.0,1.0,
0.00867462158203125,95.0,,t_plus_14h,den,den:2026-07-12,0.00867462158203125,KXHIGHDEN-26JUL12,,temperature,neuralcaster_v2,95.00867462158203,,2026-07-12T21:00:00+00:00,2026-07-12,,,,,,,,1.0,1.0,
0.18444061279296875,95.0,,t_plus_15h,den,den:2026-07-12,-0.18444061279296875,KXHIGHDEN-26JUL12,,temperature,neuralcaster_v2,94.81555938720703,,2026-07-12T22:00:00+00:00,2026-07-12,,,,,,,,1.0,1.0,
0.422698974609375,95.0,,t_plus_16h,den,den:2026-07-12,-0.422698974609375,KXHIGHDEN-26JUL12,,temperature,neuralcaster_v2,94.57730102539062,,2026-07-12T23:00:00+00:00,2026-07-12,,,,,,,,1.0,1.0,
0.898651123046875,95.0,,t_plus_17h,den,den:2026-07-12,-0.898651123046875,KXHIGHDEN-26JUL12,,temperature,neuralcaster_v2,94.10134887695312,,2026-07-13T00:00:00+00:00,2026-07-12,,,,,,,,1.0,1.0,
0.8715896606445312,95.0,,t_plus_18h,den,den:2026-07-12,-0.8715896606445312,KXHIGHDEN-26JUL12,,temperature,neuralcaster_v2,94.12841033935547,,2026-07-13T01:00:00+00:00,2026-07-12,,,,,,,,1.0,1.0,
0.8813095092773438,95.0,,t_plus_19h,den,den:2026-07-12,-0.8813095092773438,KXHIGHDEN-26JUL12,,temperature,neuralcaster_v2,94.11869049072266,,2026-07-13T02:00:00+00:00,2026-07-12,,,,,,,,1.0,1.0,
0.9387130737304688,95.0,,t_plus_20h,den,den:2026-07-12,-0.9387130737304688,KXHIGHDEN-26JUL12,,temperature,neuralcaster_v2,94.06128692626953,,2026-07-13T03:00:00+00:00,2026-07-12,,,,,,,,1.0,1.0,
0.9473800659179688,95.0,,t_plus_21h,den,den:2026-07-12,-0.9473800659179688,KXHIGHDEN-26JUL12,,temperature,neuralcaster_v2,94.05261993408203,,2026-07-13T04:00:00+00:00,2026-07-12,,,,,,,,1.0,1.0,
0.9516220092773438,95.0,,t_plus_22h,den,den:2026-07-12,-0.9516220092773438,KXHIGHDEN-26JUL12,,temperature,neuralcaster_v2,94.04837799072266,,2026-07-13T05:00:00+00:00,2026-07-12,,,,,,,,1.0,1.0,
0.95147705078125,95.0,,t_plus_23h,den,den:2026-07-12,-0.95147705078125,KXHIGHDEN-26JUL12,,temperature,neuralcaster_v2,94.04852294921875,,2026-07-13T06:00:00+00:00,2026-07-12,,,,,,,,1.0,1.0,
0.408782958984375,77.0,,t_plus_0h,la,la:2026-07-12,-0.408782958984375,KXHIGHLAX-26JUL12,,temperature,neuralcaster_v2,76.59121704101562,,2026-07-12T08:00:00+00:00,2026-07-12,,,,,,,,1.0,1.0,
0.19129180908203125,77.0,,t_plus_1h,la,la:2026-07-12,0.19129180908203125,KXHIGHLAX-26JUL12,,temperature,neuralcaster_v2,77.19129180908203,,2026-07-12T09:00:00+00:00,2026-07-12,,,,,,,,1.0,1.0,
1.2305984497070312,77.0,,t_plus_2h,la,la:2026-07-12,1.2305984497070312,KXHIGHLAX-26JUL12,,temperature,neuralcaster_v2,78.23059844970703,,2026-07-12T10:00:00+00:00,2026-07-12,,,,,,,,0.0,1.0,
1.1983795166015625,77.0,,t_plus_3h,la,la:2026-07-12,1.1983795166015625,KXHIGHLAX-26JUL12,,temperature,neuralcaster_v2,78.19837951660156,,2026-07-12T11:00:00+00:00,2026-07-12,,,,,,,,0.0,1.0,
0.8856124877929688,77.0,,t_plus_4h,la,la:2026-07-12,0.8856124877929688,KXHIGHLAX-26JUL12,,temperature,neuralcaster_v2,77.88561248779297,,2026-07-12T12:00:00+00:00,2026-07-12,,,,,,,,1.0,1.0,
0.6335830688476562,77.0,,t_plus_5h,la,la:2026-07-12,0.6335830688476562,KXHIGHLAX-26JUL12,,temperature,neuralcaster_v2,77.63358306884766,,2026-07-12T13:00:00+00:00,2026-07-12,,,,,,,,1.0,1.0,
0.87652587890625,77.0,,t_plus_6h,la,la:2026-07-12,0.87652587890625,KXHIGHLAX-26JUL12,,temperature,neuralcaster_v2,77.87652587890625,,2026-07-12T14:00:00+00:00,2026-07-12,,,,,,,,1.0,1.0,
0.8690261840820312,77.0,,t_plus_7h,la,la:2026-07-12,0.8690261840820312,KXHIGHLAX-26JUL12,,temperature,neuralcaster_v2,77.86902618408203,,2026-07-12T15:00:00+00:00,2026-07-12,,,,,,,,1.0,1.0,
0.6277084350585938,77.0,,t_plus_8h,la,la:2026-07-12,0.6277084350585938,KXHIGHLAX-26JUL12,,temperature,neuralcaster_v2,77.6277084350586,,2026-07-12T16:00:00+00:00,2026-07-12,,,,,,,,1.0,1.0,
0.6873321533203125,77.0,,t_plus_9h,la,la:2026-07-12,0.6873321533203125,KXHIGHLAX-26JUL12,,temperature,neuralcaster_v2,77.68733215332031,,2026-07-12T17:00:00+00:00,2026-07-12,,,,,,,,1.0,1.0,
0.7997817993164062,77.0,,t_plus_10h,la,la:2026-07-12,0.7997817993164062,KXHIGHLAX-26JUL12,,temperature,neuralcaster_v2,77.7997817993164,,2026-07-12T18:00:00+00:00,2026-07-12,,,,,,,,1.0,1.0,
0.257476806640625,77.0,,t_plus_11h,la,la:2026-07-12,0.257476806640625,KXHIGHLAX-26JUL12,,temperature,neuralcaster_v2,77.25747680664062,,2026-07-12T19:00:00+00:00,2026-07-12,,,,,,,,1.0,1.0,
0.3205108642578125,77.0,,t_plus_12h,la,la:2026-07-12,0.3205108642578125,KXHIGHLAX-26JUL12,,temperature,neuralcaster_v2,77.32051086425781,,2026-07-12T20:00:00+00:00,2026-07-12,,,,,,,,1.0,1.0,
0.353851318359375,77.0,,t_plus_13h,la,la:2026-07-12,0.353851318359375,KXHIGHLAX-26JUL12,,temperature,neuralcaster_v2,77.35385131835938,,2026-07-12T21:00:00+00:00,2026-07-12,,,,,,,,1.0,1.0,
0.37654876708984375,77.0,,t_plus_14h,la,la:2026-07-12,0.37654876708984375,KXHIGHLAX-26JUL12,,temperature,neuralcaster_v2,77.37654876708984,,2026-07-12T22:00:00+00:00,2026-07-12,,,,,,,,1.0,1.0,
0.0,77.0,,t_plus_15h,la,la:2026-07-12,0.0,KXHIGHLAX-26JUL12,,temperature,neuralcaster_v2,77.0,,2026-07-12T23:00:00+00:00,2026-07-12,,,,,,,,1.0,1.0,
0.0045318603515625,77.0,,t_plus_16h,la,la:2026-07-12,0.0045318603515625,KXHIGHLAX-26JUL12,,temperature,neuralcaster_v2,77.00453186035156,,2026-07-13T00:00:00+00:00,2026-07-12,,,,,,,,1.0,1.0,
0.0361328125,77.0,,t_plus_17h,la,la:2026-07-12,0.0361328125,KXHIGHLAX-26JUL12,,temperature,neuralcaster_v2,77.0361328125,,2026-07-13T01:00:00+00:00,2026-07-12,,,,,,,,1.0,1.0,
0.153106689453125,77.0,,t_plus_18h,la,la:2026-07-12,0.153106689453125,KXHIGHLAX-26JUL12,,temperature,neuralcaster_v2,77.15310668945312,,2026-07-13T02:00:00+00:00,2026-07-12,,,,,,,,1.0,1.0,
0.150146484375,77.0,,t_plus_19h,la,la:2026-07-12,0.150146484375,KXHIGHLAX-26JUL12,,temperature,neuralcaster_v2,77.150146484375,,2026-07-13T03:00:00+00:00,2026-07-12,,,,,,,,1.0,1.0,
0.1399383544921875,77.0,,t_plus_20h,la,la:2026-07-12,0.1399383544921875,KXHIGHLAX-26JUL12,,temperature,neuralcaster_v2,77.13993835449219,,2026-07-13T04:00:00+00:00,2026-07-12,,,,,,,,1.0,1.0,
0.13750457763671875,77.0,,t_plus_21h,la,la:2026-07-12,0.13750457763671875,KXHIGHLAX-26JUL12,,temperature,neuralcaster_v2,77.13750457763672,,2026-07-13T05:00:00+00:00,2026-07-12,,,,,,,,1.0,1.0,
0.1373138427734375,77.0,,t_plus_22h,la,la:2026-07-12,0.1373138427734375,KXHIGHLAX-26JUL12,,temperature,neuralcaster_v2,77.13731384277344,,2026-07-13T06:00:00+00:00,2026-07-12,,,,,,,,1.0,1.0,
0.13814544677734375,77.0,,t_plus_23h,la,la:2026-07-12,0.13814544677734375,KXHIGHLAX-26JUL12,,temperature,neuralcaster_v2,77.13814544677734,,2026-07-13T07:00:00+00:00,2026-07-12,,,,,,,,1.0,1.0,
1.125244140625,94.0,,t_plus_0h,mia,mia:2026-07-12,-1.125244140625,KXHIGHMIA-26JUL12,,temperature,neuralcaster_v2,92.874755859375,,2026-07-12T05:00:00+00:00,2026-07-12,,,,,,,,0.0,1.0,
1.0839767456054688,94.0,,t_plus_1h,mia,mia:2026-07-12,-1.0839767456054688,KXHIGHMIA-26JUL12,,temperature,neuralcaster_v2,92.91602325439453,,2026-07-12T06:00:00+00:00,2026-07-12,,,,,,,,0.0,1.0,
1.0631561279296875,94.0,,t_plus_2h,mia,mia:2026-07-12,-1.0631561279296875,KXHIGHMIA-26JUL12,,temperature,neuralcaster_v2,92.93684387207031,,2026-07-12T07:00:00+00:00,2026-07-12,,,,,,,,0.0,1.0,
1.0443954467773438,94.0,,t_plus_3h,mia,mia:2026-07-12,-1.0443954467773438,KXHIGHMIA-26JUL12,,temperature,neuralcaster_v2,92.95560455322266,,2026-07-12T08:00:00+00:00,2026-07-12,,,,,,,,0.0,1.0,
1.13067626953125,94.0,,t_plus_4h,mia,mia:2026-07-12,-1.13067626953125,KXHIGHMIA-26JUL12,,temperature,neuralcaster_v2,92.86932373046875,,2026-07-12T09:00:00+00:00,2026-07-12,,,,,,,,0.0,1.0,
1.0268020629882812,94.0,,t_plus_5h,mia,mia:2026-07-12,-1.0268020629882812,KXHIGHMIA-26JUL12,,temperature,neuralcaster_v2,92.97319793701172,,2026-07-12T10:00:00+00:00,2026-07-12,,,,,,,,0.0,1.0,
1.0133438110351562,94.0,,t_plus_6h,mia,mia:2026-07-12,-1.0133438110351562,KXHIGHMIA-26JUL12,,temperature,neuralcaster_v2,92.98665618896484,,2026-07-12T11:00:00+00:00,2026-07-12,,,,,,,,0.0,1.0,
1.0037612915039062,94.0,,t_plus_7h,mia,mia:2026-07-12,-1.0037612915039062,KXHIGHMIA-26JUL12,,temperature,neuralcaster_v2,92.9962387084961,,2026-07-12T12:00:00+00:00,2026-07-12,,,,,,,,0.0,1.0,
0.984649658203125,94.0,,t_plus_8h,mia,mia:2026-07-12,-0.984649658203125,KXHIGHMIA-26JUL12,,temperature,neuralcaster_v2,93.01535034179688,,2026-07-12T13:00:00+00:00,2026-07-12,,,,,,,,1.0,1.0,
0.9438247680664062,94.0,,t_plus_9h,mia,mia:2026-07-12,-0.9438247680664062,KXHIGHMIA-26JUL12,,temperature,neuralcaster_v2,93.0561752319336,,2026-07-12T14:00:00+00:00,2026-07-12,,,,,,,,1.0,1.0,
0.8269577026367188,94.0,,t_plus_10h,mia,mia:2026-07-12,-0.8269577026367188,KXHIGHMIA-26JUL12,,temperature,neuralcaster_v2,93.17304229736328,,2026-07-12T15:00:00+00:00,2026-07-12,,,,,,,,1.0,1.0,
1.0444107055664062,94.0,,t_plus_11h,mia,mia:2026-07-12,-1.0444107055664062,KXHIGHMIA-26JUL12,,temperature,neuralcaster_v2,92.9555892944336,,2026-07-12T16:00:00+00:00,2026-07-12,,,,,,,,0.0,1.0,
0.41139984130859375,94.0,,t_plus_12h,mia,mia:2026-07-12,-0.41139984130859375,KXHIGHMIA-26JUL12,,temperature,neuralcaster_v2,93.5886001586914,,2026-07-12T17:00:00+00:00,2026-07-12,,,,,,,,1.0,1.0,
0.411102294921875,94.0,,t_plus_13h,mia,mia:2026-07-12,-0.411102294921875,KXHIGHMIA-26JUL12,,temperature,neuralcaster_v2,93.58889770507812,,2026-07-12T18:00:00+00:00,2026-07-12,,,,,,,,1.0,1.0,
0.414581298828125,94.0,,t_plus_14h,mia,mia:2026-07-12,-0.414581298828125,KXHIGHMIA-26JUL12,,temperature,neuralcaster_v2,93.58541870117188,,2026-07-12T19:00:00+00:00,2026-07-12,,,,,,,,1.0,1.0,
0.46700286865234375,94.0,,t_plus_15h,mia,mia:2026-07-12,-0.46700286865234375,KXHIGHMIA-26JUL12,,temperature,neuralcaster_v2,93.53299713134766,,2026-07-12T20:00:00+00:00,2026-07-12,,,,,,,,1.0,1.0,
0.245086669921875,94.0,,t_plus_16h,mia,mia:2026-07-12,0.245086669921875,KXHIGHMIA-26JUL12,,temperature,neuralcaster_v2,94.24508666992188,,2026-07-12T21:00:00+00:00,2026-07-12,,,,,,,,1.0,1.0,
0.18184661865234375,94.0,,t_plus_17h,mia,mia:2026-07-12,0.18184661865234375,KXHIGHMIA-26JUL12,,temperature,neuralcaster_v2,94.18184661865234,,2026-07-12T22:00:00+00:00,2026-07-12,,,,,,,,1.0,1.0,
0.15033721923828125,94.0,,t_plus_18h,mia,mia:2026-07-12,0.15033721923828125,KXHIGHMIA-26JUL12,,temperature,neuralcaster_v2,94.15033721923828,,2026-07-12T23:00:00+00:00,2026-07-12,,,,,,,,1.0,1.0,
0.14653778076171875,94.0,,t_plus_19h,mia,mia:2026-07-12,0.14653778076171875,KXHIGHMIA-26JUL12,,temperature,neuralcaster_v2,94.14653778076172,,2026-07-13T00:00:00+00:00,2026-07-12,,,,,,,,1.0,1.0,
0.13559722900390625,94.0,,t_plus_20h,mia,mia:2026-07-12,0.13559722900390625,KXHIGHMIA-26JUL12,,temperature,neuralcaster_v2,94.1355972290039,,2026-07-13T01:00:00+00:00,2026-07-12,,,,,,,,1.0,1.0,
0.10144805908203125,94.0,,t_plus_21h,mia,mia:2026-07-12,0.10144805908203125,KXHIGHMIA-26JUL12,,temperature,neuralcaster_v2,94.10144805908203,,2026-07-13T02:00:00+00:00,2026-07-12,,,,,,,,1.0,1.0,
0.08935546875,94.0,,t_plus_22h,mia,mia:2026-07-12,0.08935546875,KXHIGHMIA-26JUL12,,temperature,neuralcaster_v2,94.08935546875,,2026-07-13T03:00:00+00:00,2026-07-12,,,,,,,,1.0,1.0,
0.08303070068359375,94.0,,t_plus_23h,mia,mia:2026-07-12,0.08303070068359375,KXHIGHMIA-26JUL12,,temperature,neuralcaster_v2,94.0830307006836,,2026-07-13T04:00:00+00:00,2026-07-12,,,,,,,,1.0,1.0,
0.4163360595703125,84.0,,t_plus_0h,nyc,nyc:2026-07-12,-0.4163360595703125,KXHIGHNY-26JUL12,,temperature,neuralcaster_v2,83.58366394042969,,2026-07-12T05:00:00+00:00,2026-07-12,,,,,,,,1.0,1.0,
0.46722412109375,84.0,,t_plus_1h,nyc,nyc:2026-07-12,-0.46722412109375,KXHIGHNY-26JUL12,,temperature,neuralcaster_v2,83.53277587890625,,2026-07-12T06:00:00+00:00,2026-07-12,,,,,,,,1.0,1.0,
0.6551971435546875,84.0,,t_plus_2h,nyc,nyc:2026-07-12,-0.6551971435546875,KXHIGHNY-26JUL12,,temperature,neuralcaster_v2,83.34480285644531,,2026-07-12T07:00:00+00:00,2026-07-12,,,,,,,,1.0,1.0,
1.1960601806640625,84.0,,t_plus_3h,nyc,nyc:2026-07-12,-1.1960601806640625,KXHIGHNY-26JUL12,,temperature,neuralcaster_v2,82.80393981933594,,2026-07-12T08:00:00+00:00,2026-07-12,,,,,,,,0.0,1.0,
1.1949539184570312,84.0,,t_plus_4h,nyc,nyc:2026-07-12,-1.1949539184570312,KXHIGHNY-26JUL12,,temperature,neuralcaster_v2,82.80504608154297,,2026-07-12T09:00:00+00:00,2026-07-12,,,,,,,,0.0,1.0,
1.0810089111328125,84.0,,t_plus_5h,nyc,nyc:2026-07-12,-1.0810089111328125,KXHIGHNY-26JUL12,,temperature,neuralcaster_v2,82.91899108886719,,2026-07-12T10:00:00+00:00,2026-07-12,,,,,,,,0.0,1.0,
1.0816650390625,84.0,,t_plus_6h,nyc,nyc:2026-07-12,-1.0816650390625,KXHIGHNY-26JUL12,,temperature,neuralcaster_v2,82.9183349609375,,2026-07-12T11:00:00+00:00,2026-07-12,,,,,,,,0.0,1.0,
1.0894241333007812,84.0,,t_plus_7h,nyc,nyc:2026-07-12,-1.0894241333007812,KXHIGHNY-26JUL12,,temperature,neuralcaster_v2,82.91057586669922,,2026-07-12T12:00:00+00:00,2026-07-12,,,,,,,,0.0,1.0,
1.064361572265625,84.0,,t_plus_8h,nyc,nyc:2026-07-12,-1.064361572265625,KXHIGHNY-26JUL12,,temperature,neuralcaster_v2,82.93563842773438,,2026-07-12T13:00:00+00:00,2026-07-12,,,,,,,,0.0,1.0,
1.0425949096679688,84.0,,t_plus_9h,nyc,nyc:2026-07-12,-1.0425949096679688,KXHIGHNY-26JUL12,,temperature,neuralcaster_v2,82.95740509033203,,2026-07-12T14:00:00+00:00,2026-07-12,,,,,,,,0.0,1.0,
1.1195602416992188,84.0,,t_plus_10h,nyc,nyc:2026-07-12,-1.1195602416992188,KXHIGHNY-26JUL12,,temperature,neuralcaster_v2,82.88043975830078,,2026-07-12T15:00:00+00:00,2026-07-12,,,,,,,,0.0,1.0,
0.8799896240234375,84.0,,t_plus_11h,nyc,nyc:2026-07-12,-0.8799896240234375,KXHIGHNY-26JUL12,,temperature,neuralcaster_v2,83.12001037597656,,2026-07-12T16:00:00+00:00,2026-07-12,,,,,,,,1.0,1.0,
0.8259201049804688,84.0,,t_plus_12h,nyc,nyc:2026-07-12,-0.8259201049804688,KXHIGHNY-26JUL12,,temperature,neuralcaster_v2,83.17407989501953,,2026-07-12T17:00:00+00:00,2026-07-12,,,,,,,,1.0,1.0,
0.7347412109375,84.0,,t_plus_13h,nyc,nyc:2026-07-12,-0.7347412109375,KXHIGHNY-26JUL12,,temperature,neuralcaster_v2,83.2652587890625,,2026-07-12T18:00:00+00:00,2026-07-12,,,,,,,,1.0,1.0,
0.0323486328125,84.0,,t_plus_14h,nyc,nyc:2026-07-12,-0.0323486328125,KXHIGHNY-26JUL12,,temperature,neuralcaster_v2,83.9676513671875,,2026-07-12T19:00:00+00:00,2026-07-12,,,,,,,,1.0,1.0,
0.5727310180664062,84.0,,t_plus_15h,nyc,nyc:2026-07-12,-0.5727310180664062,KXHIGHNY-26JUL12,,temperature,neuralcaster_v2,83.4272689819336,,2026-07-12T20:00:00+00:00,2026-07-12,,,,,,,,1.0,1.0,
0.5615463256835938,84.0,,t_plus_16h,nyc,nyc:2026-07-12,-0.5615463256835938,KXHIGHNY-26JUL12,,temperature,neuralcaster_v2,83.4384536743164,,2026-07-12T21:00:00+00:00,2026-07-12,,,,,,,,1.0,1.0,
1.056060791015625,84.0,,t_plus_17h,nyc,nyc:2026-07-12,-1.056060791015625,KXHIGHNY-26JUL12,,temperature,neuralcaster_v2,82.94393920898438,,2026-07-12T22:00:00+00:00,2026-07-12,,,,,,,,0.0,1.0,
1.0569992065429688,84.0,,t_plus_18h,nyc,nyc:2026-07-12,-1.0569992065429688,KXHIGHNY-26JUL12,,temperature,neuralcaster_v2,82.94300079345703,,2026-07-12T23:00:00+00:00,2026-07-12,,,,,,,,0.0,1.0,
0.94097900390625,84.0,,t_plus_19h,nyc,nyc:2026-07-12,-0.94097900390625,KXHIGHNY-26JUL12,,temperature,neuralcaster_v2,83.05902099609375,,2026-07-13T00:00:00+00:00,2026-07-12,,,,,,,,1.0,1.0,
0.9363632202148438,84.0,,t_plus_20h,nyc,nyc:2026-07-12,-0.9363632202148438,KXHIGHNY-26JUL12,,temperature,neuralcaster_v2,83.06363677978516,,2026-07-13T01:00:00+00:00,2026-07-12,,,,,,,,1.0,1.0,
0.966461181640625,84.0,,t_plus_21h,nyc,nyc:2026-07-12,-0.966461181640625,KXHIGHNY-26JUL12,,temperature,neuralcaster_v2,83.03353881835938,,2026-07-13T02:00:00+00:00,2026-07-12,,,,,,,,1.0,1.0,
0.9771347045898438,84.0,,t_plus_22h,nyc,nyc:2026-07-12,-0.9771347045898438,KXHIGHNY-26JUL12,,temperature,neuralcaster_v2,83.02286529541016,,2026-07-13T03:00:00+00:00,2026-07-12,,,,,,,,1.0,1.0,
0.9814300537109375,84.0,,t_plus_23h,nyc,nyc:2026-07-12,-0.9814300537109375,KXHIGHNY-26JUL12,,temperature,neuralcaster_v2,83.01856994628906,,2026-07-13T04:00:00+00:00,2026-07-12,,,,,,,,1.0,1.0,
2.2768173217773438,88.0,,t_plus_0h,okc,okc:2026-07-12,2.2768173217773438,KXHIGHTOKC-26JUL12,,temperature,neuralcaster_v2,90.27681732177734,,2026-07-12T06:00:00+00:00,2026-07-12,,,,,,,,0.0,0.0,
2.1065444946289062,88.0,,t_plus_1h,okc,okc:2026-07-12,2.1065444946289062,KXHIGHTOKC-26JUL12,,temperature,neuralcaster_v2,90.1065444946289,,2026-07-12T07:00:00+00:00,2026-07-12,,,,,,,,0.0,0.0,
0.5929641723632812,88.0,,t_plus_2h,okc,okc:2026-07-12,0.5929641723632812,KXHIGHTOKC-26JUL12,,temperature,neuralcaster_v2,88.59296417236328,,2026-07-12T08:00:00+00:00,2026-07-12,,,,,,,,1.0,1.0,
1.5125045776367188,88.0,,t_plus_3h,okc,okc:2026-07-12,-1.5125045776367188,KXHIGHTOKC-26JUL12,,temperature,neuralcaster_v2,86.48749542236328,,2026-07-12T09:00:00+00:00,2026-07-12,,,,,,,,0.0,1.0,
1.6153945922851562,88.0,,t_plus_4h,okc,okc:2026-07-12,-1.6153945922851562,KXHIGHTOKC-26JUL12,,temperature,neuralcaster_v2,86.38460540771484,,2026-07-12T10:00:00+00:00,2026-07-12,,,,,,,,0.0,1.0,
1.6214828491210938,88.0,,t_plus_5h,okc,okc:2026-07-12,-1.6214828491210938,KXHIGHTOKC-26JUL12,,temperature,neuralcaster_v2,86.3785171508789,,2026-07-12T11:00:00+00:00,2026-07-12,,,,,,,,0.0,1.0,
0.10364532470703125,88.0,,t_plus_6h,okc,okc:2026-07-12,-0.10364532470703125,KXHIGHTOKC-26JUL12,,temperature,neuralcaster_v2,87.89635467529297,,2026-07-12T12:00:00+00:00,2026-07-12,,,,,,,,1.0,1.0,
0.421661376953125,88.0,,t_plus_7h,okc,okc:2026-07-12,-0.421661376953125,KXHIGHTOKC-26JUL12,,temperature,neuralcaster_v2,87.57833862304688,,2026-07-12T13:00:00+00:00,2026-07-12,,,,,,,,1.0,1.0,
0.15215301513671875,88.0,,t_plus_8h,okc,okc:2026-07-12,-0.15215301513671875,KXHIGHTOKC-26JUL12,,temperature,neuralcaster_v2,87.84784698486328,,2026-07-12T14:00:00+00:00,2026-07-12,,,,,,,,1.0,1.0,
0.5878829956054688,88.0,,t_plus_9h,okc,okc:2026-07-12,-0.5878829956054688,KXHIGHTOKC-26JUL12,,temperature,neuralcaster_v2,87.41211700439453,,2026-07-12T15:00:00+00:00,2026-07-12,,,,,,,,1.0,1.0,
0.188751220703125,88.0,,t_plus_10h,okc,okc:2026-07-12,-0.188751220703125,KXHIGHTOKC-26JUL12,,temperature,neuralcaster_v2,87.81124877929688,,2026-07-12T16:00:00+00:00,2026-07-12,,,,,,,,1.0,1.0,
0.01245880126953125,88.0,,t_plus_11h,okc,okc:2026-07-12,0.01245880126953125,KXHIGHTOKC-26JUL12,,temperature,neuralcaster_v2,88.01245880126953,,2026-07-12T17:00:00+00:00,2026-07-12,,,,,,,,1.0,1.0,
0.411102294921875,88.0,,t_plus_12h,okc,okc:2026-07-12,-0.411102294921875,KXHIGHTOKC-26JUL12,,temperature,neuralcaster_v2,87.58889770507812,,2026-07-12T18:00:00+00:00,2026-07-12,,,,,,,,1.0,1.0,
0.1073455810546875,88.0,,t_plus_13h,okc,okc:2026-07-12,-0.1073455810546875,KXHIGHTOKC-26JUL12,,temperature,neuralcaster_v2,87.89265441894531,,2026-07-12T19:00:00+00:00,2026-07-12,,,,,,,,1.0,1.0,
0.06412506103515625,88.0,,t_plus_14h,okc,okc:2026-07-12,0.06412506103515625,KXHIGHTOKC-26JUL12,,temperature,neuralcaster_v2,88.06412506103516,,2026-07-12T20:00:00+00:00,2026-07-12,,,,,,,,1.0,1.0,
0.10394287109375,88.0,,t_plus_15h,okc,okc:2026-07-12,0.10394287109375,KXHIGHTOKC-26JUL12,,temperature,neuralcaster_v2,88.10394287109375,,2026-07-12T21:00:00+00:00,2026-07-12,,,,,,,,1.0,1.0,
0.3287506103515625,88.0,,t_plus_16h,okc,okc:2026-07-12,0.3287506103515625,KXHIGHTOKC-26JUL12,,temperature,neuralcaster_v2,88.32875061035156,,2026-07-12T22:00:00+00:00,2026-07-12,,,,,,,,1.0,1.0,
0.36309814453125,88.0,,t_plus_17h,okc,okc:2026-07-12,0.36309814453125,KXHIGHTOKC-26JUL12,,temperature,neuralcaster_v2,88.36309814453125,,2026-07-12T23:00:00+00:00,2026-07-12,,,,,,,,1.0,1.0,
0.2023468017578125,88.0,,t_plus_18h,okc,okc:2026-07-12,0.2023468017578125,KXHIGHTOKC-26JUL12,,temperature,neuralcaster_v2,88.20234680175781,,2026-07-13T00:00:00+00:00,2026-07-12,,,,,,,,1.0,1.0,
0.1772918701171875,88.0,,t_plus_19h,okc,okc:2026-07-12,0.1772918701171875,KXHIGHTOKC-26JUL12,,temperature,neuralcaster_v2,88.17729187011719,,2026-07-13T01:00:00+00:00,2026-07-12,,,,,,,,1.0,1.0,
0.10675811767578125,88.0,,t_plus_20h,okc,okc:2026-07-12,0.10675811767578125,KXHIGHTOKC-26JUL12,,temperature,neuralcaster_v2,88.10675811767578,,2026-07-13T02:00:00+00:00,2026-07-12,,,,,,,,1.0,1.0,
0.08992767333984375,88.0,,t_plus_21h,okc,okc:2026-07-12,0.08992767333984375,KXHIGHTOKC-26JUL12,,temperature,neuralcaster_v2,88.08992767333984,,2026-07-13T03:00:00+00:00,2026-07-12,,,,,,,,1.0,1.0,
0.07799530029296875,88.0,,t_plus_22h,okc,okc:2026-07-12,0.07799530029296875,KXHIGHTOKC-26JUL12,,temperature,neuralcaster_v2,88.07799530029297,,2026-07-13T04:00:00+00:00,2026-07-12,,,,,,,,1.0,1.0,
0.072967529296875,88.0,,t_plus_23h,okc,okc:2026-07-12,0.072967529296875,KXHIGHTOKC-26JUL12,,temperature,neuralcaster_v2,88.07296752929688,,2026-07-13T05:00:00+00:00,2026-07-12,,,,,,,,1.0,1.0,
2.0788116455078125,94.0,,t_plus_0h,aus,aus:2026-07-13,-2.0788116455078125,KXHIGHAUS-26JUL13,,temperature,neuralcaster_v2,91.92118835449219,,2026-07-13T06:00:00+00:00,2026-07-13,,,,,,,,0.0,0.0,
1.6280593872070312,94.0,,t_plus_1h,aus,aus:2026-07-13,-1.6280593872070312,KXHIGHAUS-26JUL13,,temperature,neuralcaster_v2,92.37194061279297,,2026-07-13T07:00:00+00:00,2026-07-13,,,,,,,,0.0,1.0,
1.2154617309570312,94.0,,t_plus_2h,aus,aus:2026-07-13,-1.2154617309570312,KXHIGHAUS-26JUL13,,temperature,neuralcaster_v2,92.78453826904297,,2026-07-13T08:00:00+00:00,2026-07-13,,,,,,,,0.0,1.0,
2.2253646850585938,94.0,,t_plus_3h,aus,aus:2026-07-13,-2.2253646850585938,KXHIGHAUS-26JUL13,,temperature,neuralcaster_v2,91.7746353149414,,2026-07-13T09:00:00+00:00,2026-07-13,,,,,,,,0.0,0.0,
1.706939697265625,94.0,,t_plus_4h,aus,aus:2026-07-13,-1.706939697265625,KXHIGHAUS-26JUL13,,temperature,neuralcaster_v2,92.29306030273438,,2026-07-13T10:00:00+00:00,2026-07-13,,,,,,,,0.0,1.0,
0.8876800537109375,94.0,,t_plus_5h,aus,aus:2026-07-13,-0.8876800537109375,KXHIGHAUS-26JUL13,,temperature,neuralcaster_v2,93.11231994628906,,2026-07-13T11:00:00+00:00,2026-07-13,,,,,,,,1.0,1.0,
0.751312255859375,94.0,,t_plus_6h,aus,aus:2026-07-13,-0.751312255859375,KXHIGHAUS-26JUL13,,temperature,neuralcaster_v2,93.24868774414062,,2026-07-13T12:00:00+00:00,2026-07-13,,,,,,,,1.0,1.0,
1.0743789672851562,94.0,,t_plus_7h,aus,aus:2026-07-13,-1.0743789672851562,KXHIGHAUS-26JUL13,,temperature,neuralcaster_v2,92.92562103271484,,2026-07-13T13:00:00+00:00,2026-07-13,,,,,,,,0.0,1.0,
1.1817779541015625,94.0,,t_plus_8h,aus,aus:2026-07-13,-1.1817779541015625,KXHIGHAUS-26JUL13,,temperature,neuralcaster_v2,92.81822204589844,,2026-07-13T14:00:00+00:00,2026-07-13,,,,,,,,0.0,1.0,
0.7023162841796875,94.0,,t_plus_9h,aus,aus:2026-07-13,-0.7023162841796875,KXHIGHAUS-26JUL13,,temperature,neuralcaster_v2,93.29768371582031,,2026-07-13T15:00:00+00:00,2026-07-13,,,,,,,,1.0,1.0,
0.735595703125,94.0,,t_plus_10h,aus,aus:2026-07-13,-0.735595703125,KXHIGHAUS-26JUL13,,temperature,neuralcaster_v2,93.264404296875,,2026-07-13T16:00:00+00:00,2026-07-13,,,,,,,,1.0,1.0,
1.0158538818359375,94.0,,t_plus_11h,aus,aus:2026-07-13,-1.0158538818359375,KXHIGHAUS-26JUL13,,temperature,neuralcaster_v2,92.98414611816406,,2026-07-13T17:00:00+00:00,2026-07-13,,,,,,,,0.0,1.0,
1.099578857421875,94.0,,t_plus_12h,aus,aus:2026-07-13,-1.099578857421875,KXHIGHAUS-26JUL13,,temperature,neuralcaster_v2,92.90042114257812,,2026-07-13T18:00:00+00:00,2026-07-13,,,,,,,,0.0,1.0,
1.0413360595703125,94.0,,t_plus_13h,aus,aus:2026-07-13,-1.0413360595703125,KXHIGHAUS-26JUL13,,temperature,neuralcaster_v2,92.95866394042969,,2026-07-13T19:00:00+00:00,2026-07-13,,,,,,,,0.0,1.0,
1.0052871704101562,94.0,,t_plus_14h,aus,aus:2026-07-13,-1.0052871704101562,KXHIGHAUS-26JUL13,,temperature,neuralcaster_v2,92.99471282958984,,2026-07-13T20:00:00+00:00,2026-07-13,,,,,,,,0.0,1.0,
0.32503509521484375,94.0,,t_plus_15h,aus,aus:2026-07-13,-0.32503509521484375,KXHIGHAUS-26JUL13,,temperature,neuralcaster_v2,93.67496490478516,,2026-07-13T21:00:00+00:00,2026-07-13,,,,,,,,1.0,1.0,
0.5505599975585938,94.0,,t_plus_16h,aus,aus:2026-07-13,-0.5505599975585938,KXHIGHAUS-26JUL13,,temperature,neuralcaster_v2,93.4494400024414,,2026-07-13T22:00:00+00:00,2026-07-13,,,,,,,,1.0,1.0,
0.60382080078125,94.0,,t_plus_17h,aus,aus:2026-07-13,-0.60382080078125,KXHIGHAUS-26JUL13,,temperature,neuralcaster_v2,93.39617919921875,,2026-07-13T23:00:00+00:00,2026-07-13,,,,,,,,1.0,1.0,
0.43648529052734375,94.0,,t_plus_18h,aus,aus:2026-07-13,-0.43648529052734375,KXHIGHAUS-26JUL13,,temperature,neuralcaster_v2,93.56351470947266,,2026-07-14T00:00:00+00:00,2026-07-13,,,,,,,,1.0,1.0,
0.3884429931640625,94.0,,t_plus_19h,aus,aus:2026-07-13,-0.3884429931640625,KXHIGHAUS-26JUL13,,temperature,neuralcaster_v2,93.61155700683594,,2026-07-14T01:00:00+00:00,2026-07-13,,,,,,,,1.0,1.0,
0.3811492919921875,94.0,,t_plus_20h,aus,aus:2026-07-13,-0.3811492919921875,KXHIGHAUS-26JUL13,,temperature,neuralcaster_v2,93.61885070800781,,2026-07-14T02:00:00+00:00,2026-07-13,,,,,,,,1.0,1.0,
0.3747406005859375,94.0,,t_plus_21h,aus,aus:2026-07-13,-0.3747406005859375,KXHIGHAUS-26JUL13,,temperature,neuralcaster_v2,93.62525939941406,,2026-07-14T03:00:00+00:00,2026-07-13,,,,,,,,1.0,1.0,
0.36638641357421875,94.0,,t_plus_22h,aus,aus:2026-07-13,-0.36638641357421875,KXHIGHAUS-26JUL13,,temperature,neuralcaster_v2,93.63361358642578,,2026-07-14T04:00:00+00:00,2026-07-13,,,,,,,,1.0,1.0,
0.367279052734375,94.0,,t_plus_23h,aus,aus:2026-07-13,-0.367279052734375,KXHIGHAUS-26JUL13,,temperature,neuralcaster_v2,93.63272094726562,,2026-07-14T05:00:00+00:00,2026-07-13,,,,,,,,1.0,1.0,
0.08113861083984375,97.0,,t_plus_0h,den,den:2026-07-13,-0.08113861083984375,KXHIGHDEN-26JUL13,,temperature,neuralcaster_v2,96.91886138916016,,2026-07-13T07:00:00+00:00,2026-07-13,,,,,,,,1.0,1.0,
0.25707244873046875,97.0,,t_plus_1h,den,den:2026-07-13,0.25707244873046875,KXHIGHDEN-26JUL13,,temperature,neuralcaster_v2,97.25707244873047,,2026-07-13T08:00:00+00:00,2026-07-13,,,,,,,,1.0,1.0,
0.6374435424804688,97.0,,t_plus_2h,den,den:2026-07-13,-0.6374435424804688,KXHIGHDEN-26JUL13,,temperature,neuralcaster_v2,96.36255645751953,,2026-07-13T09:00:00+00:00,2026-07-13,,,,,,,,1.0,1.0,
0.8513870239257812,97.0,,t_plus_3h,den,den:2026-07-13,-0.8513870239257812,KXHIGHDEN-26JUL13,,temperature,neuralcaster_v2,96.14861297607422,,2026-07-13T10:00:00+00:00,2026-07-13,,,,,,,,1.0,1.0,
0.8098983764648438,97.0,,t_plus_4h,den,den:2026-07-13,-0.8098983764648438,KXHIGHDEN-26JUL13,,temperature,neuralcaster_v2,96.19010162353516,,2026-07-13T11:00:00+00:00,2026-07-13,,,,,,,,1.0,1.0,
1.1799850463867188,97.0,,t_plus_5h,den,den:2026-07-13,-1.1799850463867188,KXHIGHDEN-26JUL13,,temperature,neuralcaster_v2,95.82001495361328,,2026-07-13T12:00:00+00:00,2026-07-13,,,,,,,,0.0,1.0,
1.1599273681640625,97.0,,t_plus_6h,den,den:2026-07-13,-1.1599273681640625,KXHIGHDEN-26JUL13,,temperature,neuralcaster_v2,95.84007263183594,,2026-07-13T13:00:00+00:00,2026-07-13,,,,,,,,0.0,1.0,
1.3059310913085938,97.0,,t_plus_7h,den,den:2026-07-13,-1.3059310913085938,KXHIGHDEN-26JUL13,,temperature,neuralcaster_v2,95.6940689086914,,2026-07-13T14:00:00+00:00,2026-07-13,,,,,,,,0.0,1.0,
1.4154586791992188,97.0,,t_plus_8h,den,den:2026-07-13,-1.4154586791992188,KXHIGHDEN-26JUL13,,temperature,neuralcaster_v2,95.58454132080078,,2026-07-13T15:00:00+00:00,2026-07-13,,,,,,,,0.0,1.0,
1.3290939331054688,97.0,,t_plus_9h,den,den:2026-07-13,-1.3290939331054688,KXHIGHDEN-26JUL13,,temperature,neuralcaster_v2,95.67090606689453,,2026-07-13T16:00:00+00:00,2026-07-13,,,,,,,,0.0,1.0,
1.0611572265625,97.0,,t_plus_10h,den,den:2026-07-13,-1.0611572265625,KXHIGHDEN-26JUL13,,temperature,neuralcaster_v2,95.9388427734375,,2026-07-13T17:00:00+00:00,2026-07-13,,,,,,,,0.0,1.0,
1.017242431640625,97.0,,t_plus_11h,den,den:2026-07-13,-1.017242431640625,KXHIGHDEN-26JUL13,,temperature,neuralcaster_v2,95.98275756835938,,2026-07-13T18:00:00+00:00,2026-07-13,,,,,,,,0.0,1.0,
0.8683624267578125,97.0,,t_plus_12h,den,den:2026-07-13,-0.8683624267578125,KXHIGHDEN-26JUL13,,temperature,neuralcaster_v2,96.13163757324219,,2026-07-13T19:00:00+00:00,2026-07-13,,,,,,,,1.0,1.0,
0.9271621704101562,97.0,,t_plus_13h,den,den:2026-07-13,-0.9271621704101562,KXHIGHDEN-26JUL13,,temperature,neuralcaster_v2,96.07283782958984,,2026-07-13T20:00:00+00:00,2026-07-13,,,,,,,,1.0,1.0,
0.9744033813476562,97.0,,t_plus_14h,den,den:2026-07-13,-0.9744033813476562,KXHIGHDEN-26JUL13,,temperature,neuralcaster_v2,96.02559661865234,,2026-07-13T21:00:00+00:00,2026-07-13,,,,,,,,1.0,1.0,
0.10285186767578125,97.0,,t_plus_15h,den,den:2026-07-13,0.10285186767578125,KXHIGHDEN-26JUL13,,temperature,neuralcaster_v2,97.10285186767578,,2026-07-13T22:00:00+00:00,2026-07-13,,,,,,,,1.0,1.0,
0.10430908203125,97.0,,t_plus_16h,den,den:2026-07-13,0.10430908203125,KXHIGHDEN-26JUL13,,temperature,neuralcaster_v2,97.10430908203125,,2026-07-13T23:00:00+00:00,2026-07-13,,,,,,,,1.0,1.0,
0.1742706298828125,97.0,,t_plus_17h,den,den:2026-07-13,0.1742706298828125,KXHIGHDEN-26JUL13,,temperature,neuralcaster_v2,97.17427062988281,,2026-07-14T00:00:00+00:00,2026-07-13,,,,,,,,1.0,1.0,
0.15164947509765625,97.0,,t_plus_18h,den,den:2026-07-13,0.15164947509765625,KXHIGHDEN-26JUL13,,temperature,neuralcaster_v2,97.15164947509766,,2026-07-14T01:00:00+00:00,2026-07-13,,,,,,,,1.0,1.0,
0.10848236083984375,97.0,,t_plus_19h,den,den:2026-07-13,0.10848236083984375,KXHIGHDEN-26JUL13,,temperature,neuralcaster_v2,97.10848236083984,,2026-07-14T02:00:00+00:00,2026-07-13,,,,,,,,1.0,1.0,
0.09474945068359375,97.0,,t_plus_20h,den,den:2026-07-13,0.09474945068359375,KXHIGHDEN-26JUL13,,temperature,neuralcaster_v2,97.0947494506836,,2026-07-14T03:00:00+00:00,2026-07-13,,,,,,,,1.0,1.0,
0.08172607421875,97.0,,t_plus_21h,den,den:2026-07-13,0.08172607421875,KXHIGHDEN-26JUL13,,temperature,neuralcaster_v2,97.08172607421875,,2026-07-14T04:00:00+00:00,2026-07-13,,,,,,,,1.0,1.0,
0.06096649169921875,97.0,,t_plus_22h,den,den:2026-07-13,0.06096649169921875,KXHIGHDEN-26JUL13,,temperature,neuralcaster_v2,97.06096649169922,,2026-07-14T05:00:00+00:00,2026-07-13,,,,,,,,1.0,1.0,
0.0577545166015625,97.0,,t_plus_23h,den,den:2026-07-13,0.0577545166015625,KXHIGHDEN-26JUL13,,temperature,neuralcaster_v2,97.05775451660156,,2026-07-14T06:00:00+00:00,2026-07-13,,,,,,,,1.0,1.0,
1.8179855346679688,75.0,,t_plus_0h,la,la:2026-07-13,1.8179855346679688,KXHIGHLAX-26JUL13,,temperature,neuralcaster_v2,76.81798553466797,,2026-07-13T08:00:00+00:00,2026-07-13,,,,,,,,0.0,1.0,
2.915863037109375,75.0,,t_plus_1h,la,la:2026-07-13,2.915863037109375,KXHIGHLAX-26JUL13,,temperature,neuralcaster_v2,77.91586303710938,,2026-07-13T09:00:00+00:00,2026-07-13,,,,,,,,0.0,0.0,
3.450531005859375,75.0,,t_plus_2h,la,la:2026-07-13,3.450531005859375,KXHIGHLAX-26JUL13,,temperature,neuralcaster_v2,78.45053100585938,,2026-07-13T10:00:00+00:00,2026-07-13,,,,,,,,0.0,0.0,
3.5050125122070312,75.0,,t_plus_3h,la,la:2026-07-13,3.5050125122070312,KXHIGHLAX-26JUL13,,temperature,neuralcaster_v2,78.50501251220703,,2026-07-13T11:00:00+00:00,2026-07-13,,,,,,,,0.0,0.0,
4.096794128417969,75.0,,t_plus_4h,la,la:2026-07-13,4.096794128417969,KXHIGHLAX-26JUL13,,temperature,neuralcaster_v2,79.09679412841797,,2026-07-13T12:00:00+00:00,2026-07-13,,,,,,,,0.0,0.0,
2.52984619140625,75.0,,t_plus_5h,la,la:2026-07-13,2.52984619140625,KXHIGHLAX-26JUL13,,temperature,neuralcaster_v2,77.52984619140625,,2026-07-13T13:00:00+00:00,2026-07-13,,,,,,,,0.0,0.0,
2.2948455810546875,75.0,,t_plus_6h,la,la:2026-07-13,2.2948455810546875,KXHIGHLAX-26JUL13,,temperature,neuralcaster_v2,77.29484558105469,,2026-07-13T14:00:00+00:00,2026-07-13,,,,,,,,0.0,0.0,
3.0387039184570312,75.0,,t_plus_7h,la,la:2026-07-13,3.0387039184570312,KXHIGHLAX-26JUL13,,temperature,neuralcaster_v2,78.03870391845703,,2026-07-13T15:00:00+00:00,2026-07-13,,,,,,,,0.0,0.0,
2.52191162109375,75.0,,t_plus_8h,la,la:2026-07-13,2.52191162109375,KXHIGHLAX-26JUL13,,temperature,neuralcaster_v2,77.52191162109375,,2026-07-13T16:00:00+00:00,2026-07-13,,,,,,,,0.0,0.0,
2.4955368041992188,75.0,,t_plus_9h,la,la:2026-07-13,2.4955368041992188,KXHIGHLAX-26JUL13,,temperature,neuralcaster_v2,77.49553680419922,,2026-07-13T17:00:00+00:00,2026-07-13,,,,,,,,0.0,0.0,
2.2503204345703125,75.0,,t_plus_10h,la,la:2026-07-13,2.2503204345703125,KXHIGHLAX-26JUL13,,temperature,neuralcaster_v2,77.25032043457031,,2026-07-13T18:00:00+00:00,2026-07-13,,,,,,,,0.0,0.0,
2.173126220703125,75.0,,t_plus_11h,la,la:2026-07-13,2.173126220703125,KXHIGHLAX-26JUL13,,temperature,neuralcaster_v2,77.17312622070312,,2026-07-13T19:00:00+00:00,2026-07-13,,,,,,,,0.0,0.0,
2.05767822265625,75.0,,t_plus_12h,la,la:2026-07-13,2.05767822265625,KXHIGHLAX-26JUL13,,temperature,neuralcaster_v2,77.05767822265625,,2026-07-13T20:00:00+00:00,2026-07-13,,,,,,,,0.0,0.0,
1.9088516235351562,75.0,,t_plus_13h,la,la:2026-07-13,1.9088516235351562,KXHIGHLAX-26JUL13,,temperature,neuralcaster_v2,76.90885162353516,,2026-07-13T21:00:00+00:00,2026-07-13,,,,,,,,0.0,1.0,
0.7399826049804688,75.0,,t_plus_14h,la,la:2026-07-13,0.7399826049804688,KXHIGHLAX-26JUL13,,temperature,neuralcaster_v2,75.73998260498047,,2026-07-13T22:00:00+00:00,2026-07-13,,,,,,,,1.0,1.0,
0.7535781860351562,75.0,,t_plus_15h,la,la:2026-07-13,0.7535781860351562,KXHIGHLAX-26JUL13,,temperature,neuralcaster_v2,75.75357818603516,,2026-07-13T23:00:00+00:00,2026-07-13,,,,,,,,1.0,1.0,
0.774566650390625,75.0,,t_plus_16h,la,la:2026-07-13,0.774566650390625,KXHIGHLAX-26JUL13,,temperature,neuralcaster_v2,75.77456665039062,,2026-07-14T00:00:00+00:00,2026-07-13,,,,,,,,1.0,1.0,
0.9791641235351562,75.0,,t_plus_17h,la,la:2026-07-13,0.9791641235351562,KXHIGHLAX-26JUL13,,temperature,neuralcaster_v2,75.97916412353516,,2026-07-14T01:00:00+00:00,2026-07-13,,,,,,,,1.0,1.0,
0.29802703857421875,75.0,,t_plus_18h,la,la:2026-07-13,0.29802703857421875,KXHIGHLAX-26JUL13,,temperature,neuralcaster_v2,75.29802703857422,,2026-07-14T02:00:00+00:00,2026-07-13,,,,,,,,1.0,1.0,
0.45331573486328125,75.0,,t_plus_19h,la,la:2026-07-13,0.45331573486328125,KXHIGHLAX-26JUL13,,temperature,neuralcaster_v2,75.45331573486328,,2026-07-14T03:00:00+00:00,2026-07-13,,,,,,,,1.0,1.0,
0.5067062377929688,75.0,,t_plus_20h,la,la:2026-07-13,0.5067062377929688,KXHIGHLAX-26JUL13,,temperature,neuralcaster_v2,75.50670623779297,,2026-07-14T04:00:00+00:00,2026-07-13,,,,,,,,1.0,1.0,
0.52252197265625,75.0,,t_plus_21h,la,la:2026-07-13,0.52252197265625,KXHIGHLAX-26JUL13,,temperature,neuralcaster_v2,75.52252197265625,,2026-07-14T05:00:00+00:00,2026-07-13,,,,,,,,1.0,1.0,
0.5388946533203125,75.0,,t_plus_22h,la,la:2026-07-13,0.5388946533203125,KXHIGHLAX-26JUL13,,temperature,neuralcaster_v2,75.53889465332031,,2026-07-14T06:00:00+00:00,2026-07-13,,,,,,,,1.0,1.0,
0.5338363647460938,75.0,,t_plus_23h,la,la:2026-07-13,0.5338363647460938,KXHIGHLAX-26JUL13,,temperature,neuralcaster_v2,75.5338363647461,,2026-07-14T07:00:00+00:00,2026-07-13,,,,,,,,1.0,1.0,
0.23007965087890625,93.0,,t_plus_0h,mia,mia:2026-07-13,0.23007965087890625,KXHIGHMIA-26JUL13,,temperature,neuralcaster_v2,93.2300796508789,,2026-07-13T05:00:00+00:00,2026-07-13,,,,,,,,1.0,1.0,
0.697509765625,93.0,,t_plus_1h,mia,mia:2026-07-13,0.697509765625,KXHIGHMIA-26JUL13,,temperature,neuralcaster_v2,93.697509765625,,2026-07-13T06:00:00+00:00,2026-07-13,,,,,,,,1.0,1.0,
1.1185836791992188,93.0,,t_plus_2h,mia,mia:2026-07-13,1.1185836791992188,KXHIGHMIA-26JUL13,,temperature,neuralcaster_v2,94.11858367919922,,2026-07-13T07:00:00+00:00,2026-07-13,,,,,,,,0.0,1.0,
1.2794036865234375,93.0,,t_plus_3h,mia,mia:2026-07-13,1.2794036865234375,KXHIGHMIA-26JUL13,,temperature,neuralcaster_v2,94.27940368652344,,2026-07-13T08:00:00+00:00,2026-07-13,,,,,,,,0.0,1.0,
1.3406829833984375,93.0,,t_plus_4h,mia,mia:2026-07-13,1.3406829833984375,KXHIGHMIA-26JUL13,,temperature,neuralcaster_v2,94.34068298339844,,2026-07-13T09:00:00+00:00,2026-07-13,,,,,,,,0.0,1.0,
1.40625,93.0,,t_plus_5h,mia,mia:2026-07-13,1.40625,KXHIGHMIA-26JUL13,,temperature,neuralcaster_v2,94.40625,,2026-07-13T10:00:00+00:00,2026-07-13,,,,,,,,0.0,1.0,
1.361083984375,93.0,,t_plus_6h,mia,mia:2026-07-13,1.361083984375,KXHIGHMIA-26JUL13,,temperature,neuralcaster_v2,94.361083984375,,2026-07-13T11:00:00+00:00,2026-07-13,,,,,,,,0.0,1.0,
0.8917922973632812,93.0,,t_plus_7h,mia,mia:2026-07-13,0.8917922973632812,KXHIGHMIA-26JUL13,,temperature,neuralcaster_v2,93.89179229736328,,2026-07-13T12:00:00+00:00,2026-07-13,,,,,,,,1.0,1.0,
0.6977767944335938,93.0,,t_plus_8h,mia,mia:2026-07-13,0.6977767944335938,KXHIGHMIA-26JUL13,,temperature,neuralcaster_v2,93.6977767944336,,2026-07-13T13:00:00+00:00,2026-07-13,,,,,,,,1.0,1.0,
0.6871795654296875,93.0,,t_plus_9h,mia,mia:2026-07-13,0.6871795654296875,KXHIGHMIA-26JUL13,,temperature,neuralcaster_v2,93.68717956542969,,2026-07-13T14:00:00+00:00,2026-07-13,,,,,,,,1.0,1.0,
0.7390365600585938,93.0,,t_plus_10h,mia,mia:2026-07-13,0.7390365600585938,KXHIGHMIA-26JUL13,,temperature,neuralcaster_v2,93.7390365600586,,2026-07-13T15:00:00+00:00,2026-07-13,,,,,,,,1.0,1.0,
0.6690673828125,93.0,,t_plus_11h,mia,mia:2026-07-13,0.6690673828125,KXHIGHMIA-26JUL13,,temperature,neuralcaster_v2,93.6690673828125,,2026-07-13T16:00:00+00:00,2026-07-13,,,,,,,,1.0,1.0,
0.40116119384765625,93.0,,t_plus_12h,mia,mia:2026-07-13,0.40116119384765625,KXHIGHMIA-26JUL13,,temperature,neuralcaster_v2,93.40116119384766,,2026-07-13T17:00:00+00:00,2026-07-13,,,,,,,,1.0,1.0,
0.147918701171875,93.0,,t_plus_13h,mia,mia:2026-07-13,0.147918701171875,KXHIGHMIA-26JUL13,,temperature,neuralcaster_v2,93.14791870117188,,2026-07-13T18:00:00+00:00,2026-07-13,,,,,,,,1.0,1.0,
0.1078948974609375,93.0,,t_plus_14h,mia,mia:2026-07-13,-0.1078948974609375,KXHIGHMIA-26JUL13,,temperature,neuralcaster_v2,92.89210510253906,,2026-07-13T19:00:00+00:00,2026-07-13,,,,,,,,1.0,1.0,
0.49895477294921875,93.0,,t_plus_15h,mia,mia:2026-07-13,0.49895477294921875,KXHIGHMIA-26JUL13,,temperature,neuralcaster_v2,93.49895477294922,,2026-07-13T20:00:00+00:00,2026-07-13,,,,,,,,1.0,1.0,
0.46984100341796875,93.0,,t_plus_16h,mia,mia:2026-07-13,0.46984100341796875,KXHIGHMIA-26JUL13,,temperature,neuralcaster_v2,93.46984100341797,,2026-07-13T21:00:00+00:00,2026-07-13,,,,,,,,1.0,1.0,
0.4648284912109375,93.0,,t_plus_17h,mia,mia:2026-07-13,0.4648284912109375,KXHIGHMIA-26JUL13,,temperature,neuralcaster_v2,93.46482849121094,,2026-07-13T22:00:00+00:00,2026-07-13,,,,,,,,1.0,1.0,
0.5028915405273438,93.0,,t_plus_18h,mia,mia:2026-07-13,0.5028915405273438,KXHIGHMIA-26JUL13,,temperature,neuralcaster_v2,93.50289154052734,,2026-07-13T23:00:00+00:00,2026-07-13,,,,,,,,1.0,1.0,
0.5882568359375,93.0,,t_plus_19h,mia,mia:2026-07-13,0.5882568359375,KXHIGHMIA-26JUL13,,temperature,neuralcaster_v2,93.5882568359375,,2026-07-14T00:00:00+00:00,2026-07-13,,,,,,,,1.0,1.0,
0.6007003784179688,93.0,,t_plus_20h,mia,mia:2026-07-13,0.6007003784179688,KXHIGHMIA-26JUL13,,temperature,neuralcaster_v2,93.60070037841797,,2026-07-14T01:00:00+00:00,2026-07-13,,,,,,,,1.0,1.0,
0.5906600952148438,93.0,,t_plus_21h,mia,mia:2026-07-13,0.5906600952148438,KXHIGHMIA-26JUL13,,temperature,neuralcaster_v2,93.59066009521484,,2026-07-14T02:00:00+00:00,2026-07-13,,,,,,,,1.0,1.0,
0.5838623046875,93.0,,t_plus_22h,mia,mia:2026-07-13,0.5838623046875,KXHIGHMIA-26JUL13,,temperature,neuralcaster_v2,93.5838623046875,,2026-07-14T03:00:00+00:00,2026-07-13,,,,,,,,1.0,1.0,
0.5710525512695312,93.0,,t_plus_23h,mia,mia:2026-07-13,0.5710525512695312,KXHIGHMIA-26JUL13,,temperature,neuralcaster_v2,93.57105255126953,,2026-07-14T04:00:00+00:00,2026-07-13,,,,,,,,1.0,1.0,
1.1675491333007812,84.0,,t_plus_0h,nyc,nyc:2026-07-13,1.1675491333007812,KXHIGHNY-26JUL13,,temperature,neuralcaster_v2,85.16754913330078,,2026-07-13T05:00:00+00:00,2026-07-13,,,,,,,,0.0,1.0,
1.8469467163085938,84.0,,t_plus_1h,nyc,nyc:2026-07-13,1.8469467163085938,KXHIGHNY-26JUL13,,temperature,neuralcaster_v2,85.8469467163086,,2026-07-13T06:00:00+00:00,2026-07-13,,,,,,,,0.0,1.0,
1.8503494262695312,84.0,,t_plus_2h,nyc,nyc:2026-07-13,1.8503494262695312,KXHIGHNY-26JUL13,,temperature,neuralcaster_v2,85.85034942626953,,2026-07-13T07:00:00+00:00,2026-07-13,,,,,,,,0.0,1.0,
1.5084457397460938,84.0,,t_plus_3h,nyc,nyc:2026-07-13,1.5084457397460938,KXHIGHNY-26JUL13,,temperature,neuralcaster_v2,85.5084457397461,,2026-07-13T08:00:00+00:00,2026-07-13,,,,,,,,0.0,1.0,
1.393402099609375,84.0,,t_plus_4h,nyc,nyc:2026-07-13,1.393402099609375,KXHIGHNY-26JUL13,,temperature,neuralcaster_v2,85.39340209960938,,2026-07-13T09:00:00+00:00,2026-07-13,,,,,,,,0.0,1.0,
1.2883377075195312,84.0,,t_plus_5h,nyc,nyc:2026-07-13,1.2883377075195312,KXHIGHNY-26JUL13,,temperature,neuralcaster_v2,85.28833770751953,,2026-07-13T10:00:00+00:00,2026-07-13,,,,,,,,0.0,1.0,
1.2059097290039062,84.0,,t_plus_6h,nyc,nyc:2026-07-13,1.2059097290039062,KXHIGHNY-26JUL13,,temperature,neuralcaster_v2,85.2059097290039,,2026-07-13T11:00:00+00:00,2026-07-13,,,,,,,,0.0,1.0,
0.940765380859375,84.0,,t_plus_7h,nyc,nyc:2026-07-13,0.940765380859375,KXHIGHNY-26JUL13,,temperature,neuralcaster_v2,84.94076538085938,,2026-07-13T12:00:00+00:00,2026-07-13,,,,,,,,1.0,1.0,
0.85955810546875,84.0,,t_plus_8h,nyc,nyc:2026-07-13,0.85955810546875,KXHIGHNY-26JUL13,,temperature,neuralcaster_v2,84.85955810546875,,2026-07-13T13:00:00+00:00,2026-07-13,,,,,,,,1.0,1.0,
0.8164215087890625,84.0,,t_plus_9h,nyc,nyc:2026-07-13,0.8164215087890625,KXHIGHNY-26JUL13,,temperature,neuralcaster_v2,84.81642150878906,,2026-07-13T14:00:00+00:00,2026-07-13,,,,,,,,1.0,1.0,
0.5838699340820312,84.0,,t_plus_10h,nyc,nyc:2026-07-13,0.5838699340820312,KXHIGHNY-26JUL13,,temperature,neuralcaster_v2,84.58386993408203,,2026-07-13T15:00:00+00:00,2026-07-13,,,,,,,,1.0,1.0,
0.57177734375,84.0,,t_plus_11h,nyc,nyc:2026-07-13,0.57177734375,KXHIGHNY-26JUL13,,temperature,neuralcaster_v2,84.57177734375,,2026-07-13T16:00:00+00:00,2026-07-13,,,,,,,,1.0,1.0,
0.7236862182617188,84.0,,t_plus_12h,nyc,nyc:2026-07-13,0.7236862182617188,KXHIGHNY-26JUL13,,temperature,neuralcaster_v2,84.72368621826172,,2026-07-13T17:00:00+00:00,2026-07-13,,,,,,,,1.0,1.0,
0.6810379028320312,84.0,,t_plus_13h,nyc,nyc:2026-07-13,0.6810379028320312,KXHIGHNY-26JUL13,,temperature,neuralcaster_v2,84.68103790283203,,2026-07-13T18:00:00+00:00,2026-07-13,,,,,,,,1.0,1.0,
0.662109375,84.0,,t_plus_14h,nyc,nyc:2026-07-13,0.662109375,KXHIGHNY-26JUL13,,temperature,neuralcaster_v2,84.662109375,,2026-07-13T19:00:00+00:00,2026-07-13,,,,,,,,1.0,1.0,
0.6258621215820312,84.0,,t_plus_15h,nyc,nyc:2026-07-13,0.6258621215820312,KXHIGHNY-26JUL13,,temperature,neuralcaster_v2,84.62586212158203,,2026-07-13T20:00:00+00:00,2026-07-13,,,,,,,,1.0,1.0,
0.5139694213867188,84.0,,t_plus_16h,nyc,nyc:2026-07-13,0.5139694213867188,KXHIGHNY-26JUL13,,temperature,neuralcaster_v2,84.51396942138672,,2026-07-13T21:00:00+00:00,2026-07-13,,,,,,,,1.0,1.0,
0.00841522216796875,84.0,,t_plus_17h,nyc,nyc:2026-07-13,-0.00841522216796875,KXHIGHNY-26JUL13,,temperature,neuralcaster_v2,83.99158477783203,,2026-07-13T22:00:00+00:00,2026-07-13,,,,,,,,1.0,1.0,
0.7449417114257812,84.0,,t_plus_18h,nyc,nyc:2026-07-13,-0.7449417114257812,KXHIGHNY-26JUL13,,temperature,neuralcaster_v2,83.25505828857422,,2026-07-13T23:00:00+00:00,2026-07-13,,,,,,,,1.0,1.0,
0.6612548828125,84.0,,t_plus_19h,nyc,nyc:2026-07-13,-0.6612548828125,KXHIGHNY-26JUL13,,temperature,neuralcaster_v2,83.3387451171875,,2026-07-14T00:00:00+00:00,2026-07-13,,,,,,,,1.0,1.0,
0.69293212890625,84.0,,t_plus_20h,nyc,nyc:2026-07-13,-0.69293212890625,KXHIGHNY-26JUL13,,temperature,neuralcaster_v2,83.30706787109375,,2026-07-14T01:00:00+00:00,2026-07-13,,,,,,,,1.0,1.0,
0.7152252197265625,84.0,,t_plus_21h,nyc,nyc:2026-07-13,-0.7152252197265625,KXHIGHNY-26JUL13,,temperature,neuralcaster_v2,83.28477478027344,,2026-07-14T02:00:00+00:00,2026-07-13,,,,,,,,1.0,1.0,
0.7328948974609375,84.0,,t_plus_22h,nyc,nyc:2026-07-13,-0.7328948974609375,KXHIGHNY-26JUL13,,temperature,neuralcaster_v2,83.26710510253906,,2026-07-14T03:00:00+00:00,2026-07-13,,,,,,,,1.0,1.0,
0.739532470703125,84.0,,t_plus_23h,nyc,nyc:2026-07-13,-0.739532470703125,KXHIGHNY-26JUL13,,temperature,neuralcaster_v2,83.26046752929688,,2026-07-14T04:00:00+00:00,2026-07-13,,,,,,,,1.0,1.0,
0.0179595947265625,90.0,,t_plus_0h,okc,okc:2026-07-13,-0.0179595947265625,KXHIGHTOKC-26JUL13,,temperature,neuralcaster_v2,89.98204040527344,,2026-07-13T06:00:00+00:00,2026-07-13,,,,,,,,1.0,1.0,
0.1248016357421875,90.0,,t_plus_1h,okc,okc:2026-07-13,-0.1248016357421875,KXHIGHTOKC-26JUL13,,temperature,neuralcaster_v2,89.87519836425781,,2026-07-13T07:00:00+00:00,2026-07-13,,,,,,,,1.0,1.0,
0.03699493408203125,90.0,,t_plus_2h,okc,okc:2026-07-13,-0.03699493408203125,KXHIGHTOKC-26JUL13,,temperature,neuralcaster_v2,89.96300506591797,,2026-07-13T08:00:00+00:00,2026-07-13,,,,,,,,1.0,1.0,
0.132293701171875,90.0,,t_plus_3h,okc,okc:2026-07-13,0.132293701171875,KXHIGHTOKC-26JUL13,,temperature,neuralcaster_v2,90.13229370117188,,2026-07-13T09:00:00+00:00,2026-07-13,,,,,,,,1.0,1.0,
0.03546142578125,90.0,,t_plus_4h,okc,okc:2026-07-13,-0.03546142578125,KXHIGHTOKC-26JUL13,,temperature,neuralcaster_v2,89.96453857421875,,2026-07-13T10:00:00+00:00,2026-07-13,,,,,,,,1.0,1.0,
0.213409423828125,90.0,,t_plus_5h,okc,okc:2026-07-13,-0.213409423828125,KXHIGHTOKC-26JUL13,,temperature,neuralcaster_v2,89.78659057617188,,2026-07-13T11:00:00+00:00,2026-07-13,,,,,,,,1.0,1.0,
0.1631622314453125,90.0,,t_plus_6h,okc,okc:2026-07-13,-0.1631622314453125,KXHIGHTOKC-26JUL13,,temperature,neuralcaster_v2,89.83683776855469,,2026-07-13T12:00:00+00:00,2026-07-13,,,,,,,,1.0,1.0,
0.26694488525390625,90.0,,t_plus_7h,okc,okc:2026-07-13,-0.26694488525390625,KXHIGHTOKC-26JUL13,,temperature,neuralcaster_v2,89.7330551147461,,2026-07-13T13:00:00+00:00,2026-07-13,,,,,,,,1.0,1.0,
0.12322998046875,90.0,,t_plus_8h,okc,okc:2026-07-13,-0.12322998046875,KXHIGHTOKC-26JUL13,,temperature,neuralcaster_v2,89.87677001953125,,2026-07-13T14:00:00+00:00,2026-07-13,,,,,,,,1.0,1.0,
0.0893096923828125,90.0,,t_plus_9h,okc,okc:2026-07-13,-0.0893096923828125,KXHIGHTOKC-26JUL13,,temperature,neuralcaster_v2,89.91069030761719,,2026-07-13T15:00:00+00:00,2026-07-13,,,,,,,,1.0,1.0,
0.29990386962890625,90.0,,t_plus_10h,okc,okc:2026-07-13,-0.29990386962890625,KXHIGHTOKC-26JUL13,,temperature,neuralcaster_v2,89.7000961303711,,2026-07-13T16:00:00+00:00,2026-07-13,,,,,,,,1.0,1.0,
0.142547607421875,90.0,,t_plus_11h,okc,okc:2026-07-13,-0.142547607421875,KXHIGHTOKC-26JUL13,,temperature,neuralcaster_v2,89.85745239257812,,2026-07-13T17:00:00+00:00,2026-07-13,,,,,,,,1.0,1.0,
0.01729583740234375,90.0,,t_plus_12h,okc,okc:2026-07-13,-0.01729583740234375,KXHIGHTOKC-26JUL13,,temperature,neuralcaster_v2,89.98270416259766,,2026-07-13T18:00:00+00:00,2026-07-13,,,,,,,,1.0,1.0,
0.1085205078125,90.0,,t_plus_13h,okc,okc:2026-07-13,0.1085205078125,KXHIGHTOKC-26JUL13,,temperature,neuralcaster_v2,90.1085205078125,,2026-07-13T19:00:00+00:00,2026-07-13,,,,,,,,1.0,1.0,
0.706512451171875,90.0,,t_plus_14h,okc,okc:2026-07-13,0.706512451171875,KXHIGHTOKC-26JUL13,,temperature,neuralcaster_v2,90.70651245117188,,2026-07-13T20:00:00+00:00,2026-07-13,,,,,,,,1.0,1.0,
0.6597671508789062,90.0,,t_plus_15h,okc,okc:2026-07-13,0.6597671508789062,KXHIGHTOKC-26JUL13,,temperature,neuralcaster_v2,90.6597671508789,,2026-07-13T21:00:00+00:00,2026-07-13,,,,,,,,1.0,1.0,
0.109130859375,90.0,,t_plus_16h,okc,okc:2026-07-13,0.109130859375,KXHIGHTOKC-26JUL13,,temperature,neuralcaster_v2,90.109130859375,,2026-07-13T22:00:00+00:00,2026-07-13,,,,,,,,1.0,1.0,
0.099365234375,90.0,,t_plus_17h,okc,okc:2026-07-13,0.099365234375,KXHIGHTOKC-26JUL13,,temperature,neuralcaster_v2,90.099365234375,,2026-07-13T23:00:00+00:00,2026-07-13,,,,,,,,1.0,1.0,
0.20374298095703125,90.0,,t_plus_18h,okc,okc:2026-07-13,0.20374298095703125,KXHIGHTOKC-26JUL13,,temperature,neuralcaster_v2,90.20374298095703,,2026-07-14T00:00:00+00:00,2026-07-13,,,,,,,,1.0,1.0,
0.16213226318359375,90.0,,t_plus_19h,okc,okc:2026-07-13,0.16213226318359375,KXHIGHTOKC-26JUL13,,temperature,neuralcaster_v2,90.1621322631836,,2026-07-14T01:00:00+00:00,2026-07-13,,,,,,,,1.0,1.0,
0.111968994140625,90.0,,t_plus_20h,okc,okc:2026-07-13,0.111968994140625,KXHIGHTOKC-26JUL13,,temperature,neuralcaster_v2,90.11196899414062,,2026-07-14T02:00:00+00:00,2026-07-13,,,,,,,,1.0,1.0,
0.0751800537109375,90.0,,t_plus_21h,okc,okc:2026-07-13,0.0751800537109375,KXHIGHTOKC-26JUL13,,temperature,neuralcaster_v2,90.07518005371094,,2026-07-14T03:00:00+00:00,2026-07-13,,,,,,,,1.0,1.0,
0.04433441162109375,90.0,,t_plus_22h,okc,okc:2026-07-13,0.04433441162109375,KXHIGHTOKC-26JUL13,,temperature,neuralcaster_v2,90.0443344116211,,2026-07-14T04:00:00+00:00,2026-07-13,,,,,,,,1.0,1.0,
0.0106201171875,90.0,,t_plus_23h,okc,okc:2026-07-13,0.0106201171875,KXHIGHTOKC-26JUL13,,temperature,neuralcaster_v2,90.0106201171875,,2026-07-14T05:00:00+00:00,2026-07-13,,,,,,,,1.0,1.0,
3.8105545043945312,80.0,,t_plus_0h,aus,aus:2026-07-14,3.8105545043945312,KXHIGHAUS-26JUL14,,temperature,neuralcaster_v2,83.81055450439453,,2026-07-14T06:00:00+00:00,2026-07-14,,,,,,,,0.0,0.0,
5.040924072265625,80.0,,t_plus_1h,aus,aus:2026-07-14,5.040924072265625,KXHIGHAUS-26JUL14,,temperature,neuralcaster_v2,85.04092407226562,,2026-07-14T07:00:00+00:00,2026-07-14,,,,,,,,0.0,0.0,
5.706642150878906,80.0,,t_plus_2h,aus,aus:2026-07-14,5.706642150878906,KXHIGHAUS-26JUL14,,temperature,neuralcaster_v2,85.7066421508789,,2026-07-14T08:00:00+00:00,2026-07-14,,,,,,,,0.0,0.0,
5.713531494140625,80.0,,t_plus_3h,aus,aus:2026-07-14,5.713531494140625,KXHIGHAUS-26JUL14,,temperature,neuralcaster_v2,85.71353149414062,,2026-07-14T09:00:00+00:00,2026-07-14,,,,,,,,0.0,0.0,
5.736518859863281,80.0,,t_plus_4h,aus,aus:2026-07-14,5.736518859863281,KXHIGHAUS-26JUL14,,temperature,neuralcaster_v2,85.73651885986328,,2026-07-14T10:00:00+00:00,2026-07-14,,,,,,,,0.0,0.0,
5.5977783203125,80.0,,t_plus_5h,aus,aus:2026-07-14,5.5977783203125,KXHIGHAUS-26JUL14,,temperature,neuralcaster_v2,85.5977783203125,,2026-07-14T11:00:00+00:00,2026-07-14,,,,,,,,0.0,0.0,
4.6324920654296875,80.0,,t_plus_6h,aus,aus:2026-07-14,4.6324920654296875,KXHIGHAUS-26JUL14,,temperature,neuralcaster_v2,84.63249206542969,,2026-07-14T12:00:00+00:00,2026-07-14,,,,,,,,0.0,0.0,
4.222679138183594,80.0,,t_plus_7h,aus,aus:2026-07-14,4.222679138183594,KXHIGHAUS-26JUL14,,temperature,neuralcaster_v2,84.2226791381836,,2026-07-14T13:00:00+00:00,2026-07-14,,,,,,,,0.0,0.0,
3.6421737670898438,80.0,,t_plus_8h,aus,aus:2026-07-14,3.6421737670898438,KXHIGHAUS-26JUL14,,temperature,neuralcaster_v2,83.64217376708984,,2026-07-14T14:00:00+00:00,2026-07-14,,,,,,,,0.0,0.0,
2.31329345703125,80.0,,t_plus_9h,aus,aus:2026-07-14,2.31329345703125,KXHIGHAUS-26JUL14,,temperature,neuralcaster_v2,82.31329345703125,,2026-07-14T15:00:00+00:00,2026-07-14,,,,,,,,0.0,0.0,
1.9209823608398438,80.0,,t_plus_10h,aus,aus:2026-07-14,1.9209823608398438,KXHIGHAUS-26JUL14,,temperature,neuralcaster_v2,81.92098236083984,,2026-07-14T16:00:00+00:00,2026-07-14,,,,,,,,0.0,1.0,
2.2965545654296875,80.0,,t_plus_11h,aus,aus:2026-07-14,2.2965545654296875,KXHIGHAUS-26JUL14,,temperature,neuralcaster_v2,82.29655456542969,,2026-07-14T17:00:00+00:00,2026-07-14,,,,,,,,0.0,0.0,
2.9742355346679688,80.0,,t_plus_12h,aus,aus:2026-07-14,2.9742355346679688,KXHIGHAUS-26JUL14,,temperature,neuralcaster_v2,82.97423553466797,,2026-07-14T18:00:00+00:00,2026-07-14,,,,,,,,0.0,0.0,
2.96429443359375,80.0,,t_plus_13h,aus,aus:2026-07-14,2.96429443359375,KXHIGHAUS-26JUL14,,temperature,neuralcaster_v2,82.96429443359375,,2026-07-14T19:00:00+00:00,2026-07-14,,,,,,,,0.0,0.0,
2.1495895385742188,80.0,,t_plus_14h,aus,aus:2026-07-14,2.1495895385742188,KXHIGHAUS-26JUL14,,temperature,neuralcaster_v2,82.14958953857422,,2026-07-14T20:00:00+00:00,2026-07-14,,,,,,,,0.0,0.0,
1.4067001342773438,80.0,,t_plus_15h,aus,aus:2026-07-14,1.4067001342773438,KXHIGHAUS-26JUL14,,temperature,neuralcaster_v2,81.40670013427734,,2026-07-14T21:00:00+00:00,2026-07-14,,,,,,,,0.0,1.0,
1.40869140625,80.0,,t_plus_16h,aus,aus:2026-07-14,1.40869140625,KXHIGHAUS-26JUL14,,temperature,neuralcaster_v2,81.40869140625,,2026-07-14T22:00:00+00:00,2026-07-14,,,,,,,,0.0,1.0,
1.4266357421875,80.0,,t_plus_17h,aus,aus:2026-07-14,1.4266357421875,KXHIGHAUS-26JUL14,,temperature,neuralcaster_v2,81.4266357421875,,2026-07-14T23:00:00+00:00,2026-07-14,,,,,,,,0.0,1.0,
1.3076324462890625,80.0,,t_plus_18h,aus,aus:2026-07-14,1.3076324462890625,KXHIGHAUS-26JUL14,,temperature,neuralcaster_v2,81.30763244628906,,2026-07-15T00:00:00+00:00,2026-07-14,,,,,,,,0.0,1.0,
1.2959823608398438,80.0,,t_plus_19h,aus,aus:2026-07-14,1.2959823608398438,KXHIGHAUS-26JUL14,,temperature,neuralcaster_v2,81.29598236083984,,2026-07-15T01:00:00+00:00,2026-07-14,,,,,,,,0.0,1.0,
1.2957687377929688,80.0,,t_plus_20h,aus,aus:2026-07-14,1.2957687377929688,KXHIGHAUS-26JUL14,,temperature,neuralcaster_v2,81.29576873779297,,2026-07-15T02:00:00+00:00,2026-07-14,,,,,,,,0.0,1.0,
1.3385086059570312,80.0,,t_plus_21h,aus,aus:2026-07-14,1.3385086059570312,KXHIGHAUS-26JUL14,,temperature,neuralcaster_v2,81.33850860595703,,2026-07-15T03:00:00+00:00,2026-07-14,,,,,,,,0.0,1.0,
1.3466110229492188,80.0,,t_plus_22h,aus,aus:2026-07-14,1.3466110229492188,KXHIGHAUS-26JUL14,,temperature,neuralcaster_v2,81.34661102294922,,2026-07-15T04:00:00+00:00,2026-07-14,,,,,,,,0.0,1.0,
1.3504638671875,80.0,,t_plus_23h,aus,aus:2026-07-14,1.3504638671875,KXHIGHAUS-26JUL14,,temperature,neuralcaster_v2,81.3504638671875,,2026-07-15T05:00:00+00:00,2026-07-14,,,,,,,,0.0,1.0,
0.420166015625,95.0,,t_plus_0h,den,den:2026-07-14,-0.420166015625,KXHIGHDEN-26JUL14,,temperature,neuralcaster_v2,94.579833984375,,2026-07-14T07:00:00+00:00,2026-07-14,,,,,,,,1.0,1.0,
0.27942657470703125,95.0,,t_plus_1h,den,den:2026-07-14,0.27942657470703125,KXHIGHDEN-26JUL14,,temperature,neuralcaster_v2,95.27942657470703,,2026-07-14T08:00:00+00:00,2026-07-14,,,,,,,,1.0,1.0,
0.7325286865234375,95.0,,t_plus_2h,den,den:2026-07-14,-0.7325286865234375,KXHIGHDEN-26JUL14,,temperature,neuralcaster_v2,94.26747131347656,,2026-07-14T09:00:00+00:00,2026-07-14,,,,,,,,1.0,1.0,
1.1104965209960938,95.0,,t_plus_3h,den,den:2026-07-14,-1.1104965209960938,KXHIGHDEN-26JUL14,,temperature,neuralcaster_v2,93.8895034790039,,2026-07-14T10:00:00+00:00,2026-07-14,,,,,,,,0.0,1.0,
0.9900436401367188,95.0,,t_plus_4h,den,den:2026-07-14,-0.9900436401367188,KXHIGHDEN-26JUL14,,temperature,neuralcaster_v2,94.00995635986328,,2026-07-14T11:00:00+00:00,2026-07-14,,,,,,,,1.0,1.0,
1.5706253051757812,95.0,,t_plus_5h,den,den:2026-07-14,-1.5706253051757812,KXHIGHDEN-26JUL14,,temperature,neuralcaster_v2,93.42937469482422,,2026-07-14T12:00:00+00:00,2026-07-14,,,,,,,,0.0,1.0,
0.8485641479492188,95.0,,t_plus_6h,den,den:2026-07-14,-0.8485641479492188,KXHIGHDEN-26JUL14,,temperature,neuralcaster_v2,94.15143585205078,,2026-07-14T13:00:00+00:00,2026-07-14,,,,,,,,1.0,1.0,
0.7726058959960938,95.0,,t_plus_7h,den,den:2026-07-14,-0.7726058959960938,KXHIGHDEN-26JUL14,,temperature,neuralcaster_v2,94.2273941040039,,2026-07-14T14:00:00+00:00,2026-07-14,,,,,,,,1.0,1.0,
1.05078125,95.0,,t_plus_8h,den,den:2026-07-14,-1.05078125,KXHIGHDEN-26JUL14,,temperature,neuralcaster_v2,93.94921875,,2026-07-14T15:00:00+00:00,2026-07-14,,,,,,,,0.0,1.0,
0.9910659790039062,95.0,,t_plus_9h,den,den:2026-07-14,-0.9910659790039062,KXHIGHDEN-26JUL14,,temperature,neuralcaster_v2,94.0089340209961,,2026-07-14T16:00:00+00:00,2026-07-14,,,,,,,,1.0,1.0,
0.3492431640625,95.0,,t_plus_10h,den,den:2026-07-14,-0.3492431640625,KXHIGHDEN-26JUL14,,temperature,neuralcaster_v2,94.6507568359375,,2026-07-14T17:00:00+00:00,2026-07-14,,,,,,,,1.0,1.0,
0.14545440673828125,95.0,,t_plus_11h,den,den:2026-07-14,-0.14545440673828125,KXHIGHDEN-26JUL14,,temperature,neuralcaster_v2,94.85454559326172,,2026-07-14T18:00:00+00:00,2026-07-14,,,,,,,,1.0,1.0,
0.0432281494140625,95.0,,t_plus_12h,den,den:2026-07-14,-0.0432281494140625,KXHIGHDEN-26JUL14,,temperature,neuralcaster_v2,94.95677185058594,,2026-07-14T19:00:00+00:00,2026-07-14,,,,,,,,1.0,1.0,
0.4611968994140625,95.0,,t_plus_13h,den,den:2026-07-14,-0.4611968994140625,KXHIGHDEN-26JUL14,,temperature,neuralcaster_v2,94.53880310058594,,2026-07-14T20:00:00+00:00,2026-07-14,,,,,,,,1.0,1.0,
0.26526641845703125,95.0,,t_plus_14h,den,den:2026-07-14,-0.26526641845703125,KXHIGHDEN-26JUL14,,temperature,neuralcaster_v2,94.73473358154297,,2026-07-14T21:00:00+00:00,2026-07-14,,,,,,,,1.0,1.0,
0.451416015625,95.0,,t_plus_15h,den,den:2026-07-14,-0.451416015625,KXHIGHDEN-26JUL14,,temperature,neuralcaster_v2,94.548583984375,,2026-07-14T22:00:00+00:00,2026-07-14,,,,,,,,1.0,1.0,
0.5623931884765625,95.0,,t_plus_16h,den,den:2026-07-14,0.5623931884765625,KXHIGHDEN-26JUL14,,temperature,neuralcaster_v2,95.56239318847656,,2026-07-14T23:00:00+00:00,2026-07-14,,,,,,,,1.0,1.0,
0.6020965576171875,95.0,,t_plus_17h,den,den:2026-07-14,0.6020965576171875,KXHIGHDEN-26JUL14,,temperature,neuralcaster_v2,95.60209655761719,,2026-07-15T00:00:00+00:00,2026-07-14,,,,,,,,1.0,1.0,
0.35192108154296875,95.0,,t_plus_18h,den,den:2026-07-14,0.35192108154296875,KXHIGHDEN-26JUL14,,temperature,neuralcaster_v2,95.35192108154297,,2026-07-15T01:00:00+00:00,2026-07-14,,,,,,,,1.0,1.0,
0.29508209228515625,95.0,,t_plus_19h,den,den:2026-07-14,0.29508209228515625,KXHIGHDEN-26JUL14,,temperature,neuralcaster_v2,95.29508209228516,,2026-07-15T02:00:00+00:00,2026-07-14,,,,,,,,1.0,1.0,
0.2775421142578125,95.0,,t_plus_20h,den,den:2026-07-14,0.2775421142578125,KXHIGHDEN-26JUL14,,temperature,neuralcaster_v2,95.27754211425781,,2026-07-15T03:00:00+00:00,2026-07-14,,,,,,,,1.0,1.0,
0.32543182373046875,95.0,,t_plus_21h,den,den:2026-07-14,0.32543182373046875,KXHIGHDEN-26JUL14,,temperature,neuralcaster_v2,95.32543182373047,,2026-07-15T04:00:00+00:00,2026-07-14,,,,,,,,1.0,1.0,
0.367095947265625,95.0,,t_plus_22h,den,den:2026-07-14,0.367095947265625,KXHIGHDEN-26JUL14,,temperature,neuralcaster_v2,95.36709594726562,,2026-07-15T05:00:00+00:00,2026-07-14,,,,,,,,1.0,1.0,
0.382720947265625,95.0,,t_plus_23h,den,den:2026-07-14,0.382720947265625,KXHIGHDEN-26JUL14,,temperature,neuralcaster_v2,95.38272094726562,,2026-07-15T06:00:00+00:00,2026-07-14,,,,,,,,1.0,1.0,
0.6723480224609375,77.0,,t_plus_0h,la,la:2026-07-14,-0.6723480224609375,KXHIGHLAX-26JUL14,,temperature,neuralcaster_v2,76.32765197753906,,2026-07-14T08:00:00+00:00,2026-07-14,,,,,,,,1.0,1.0,
1.1126708984375,77.0,,t_plus_1h,la,la:2026-07-14,-1.1126708984375,KXHIGHLAX-26JUL14,,temperature,neuralcaster_v2,75.8873291015625,,2026-07-14T09:00:00+00:00,2026-07-14,,,,,,,,0.0,1.0,
1.363525390625,77.0,,t_plus_2h,la,la:2026-07-14,-1.363525390625,KXHIGHLAX-26JUL14,,temperature,neuralcaster_v2,75.636474609375,,2026-07-14T10:00:00+00:00,2026-07-14,,,,,,,,0.0,1.0,
1.4005355834960938,77.0,,t_plus_3h,la,la:2026-07-14,-1.4005355834960938,KXHIGHLAX-26JUL14,,temperature,neuralcaster_v2,75.5994644165039,,2026-07-14T11:00:00+00:00,2026-07-14,,,,,,,,0.0,1.0,
1.7116470336914062,77.0,,t_plus_4h,la,la:2026-07-14,-1.7116470336914062,KXHIGHLAX-26JUL14,,temperature,neuralcaster_v2,75.2883529663086,,2026-07-14T12:00:00+00:00,2026-07-14,,,,,,,,0.0,1.0,
1.8059463500976562,77.0,,t_plus_5h,la,la:2026-07-14,-1.8059463500976562,KXHIGHLAX-26JUL14,,temperature,neuralcaster_v2,75.19405364990234,,2026-07-14T13:00:00+00:00,2026-07-14,,,,,,,,0.0,1.0,
1.8869705200195312,77.0,,t_plus_6h,la,la:2026-07-14,-1.8869705200195312,KXHIGHLAX-26JUL14,,temperature,neuralcaster_v2,75.11302947998047,,2026-07-14T14:00:00+00:00,2026-07-14,,,,,,,,0.0,1.0,
1.4826736450195312,77.0,,t_plus_7h,la,la:2026-07-14,-1.4826736450195312,KXHIGHLAX-26JUL14,,temperature,neuralcaster_v2,75.51732635498047,,2026-07-14T15:00:00+00:00,2026-07-14,,,,,,,,0.0,1.0,
1.0028610229492188,77.0,,t_plus_8h,la,la:2026-07-14,-1.0028610229492188,KXHIGHLAX-26JUL14,,temperature,neuralcaster_v2,75.99713897705078,,2026-07-14T16:00:00+00:00,2026-07-14,,,,,,,,0.0,1.0,
1.4898910522460938,77.0,,t_plus_9h,la,la:2026-07-14,-1.4898910522460938,KXHIGHLAX-26JUL14,,temperature,neuralcaster_v2,75.5101089477539,,2026-07-14T17:00:00+00:00,2026-07-14,,,,,,,,0.0,1.0,
0.974700927734375,77.0,,t_plus_10h,la,la:2026-07-14,-0.974700927734375,KXHIGHLAX-26JUL14,,temperature,neuralcaster_v2,76.02529907226562,,2026-07-14T18:00:00+00:00,2026-07-14,,,,,,,,1.0,1.0,
1.109344482421875,77.0,,t_plus_11h,la,la:2026-07-14,-1.109344482421875,KXHIGHLAX-26JUL14,,temperature,neuralcaster_v2,75.89065551757812,,2026-07-14T19:00:00+00:00,2026-07-14,,,,,,,,0.0,1.0,
1.1034774780273438,77.0,,t_plus_12h,la,la:2026-07-14,-1.1034774780273438,KXHIGHLAX-26JUL14,,temperature,neuralcaster_v2,75.89652252197266,,2026-07-14T20:00:00+00:00,2026-07-14,,,,,,,,0.0,1.0,
0.8451461791992188,77.0,,t_plus_13h,la,la:2026-07-14,-0.8451461791992188,KXHIGHLAX-26JUL14,,temperature,neuralcaster_v2,76.15485382080078,,2026-07-14T21:00:00+00:00,2026-07-14,,,,,,,,1.0,1.0,
0.15256500244140625,77.0,,t_plus_14h,la,la:2026-07-14,0.15256500244140625,KXHIGHLAX-26JUL14,,temperature,neuralcaster_v2,77.1525650024414,,2026-07-14T22:00:00+00:00,2026-07-14,,,,,,,,1.0,1.0,
0.42462921142578125,77.0,,t_plus_15h,la,la:2026-07-14,0.42462921142578125,KXHIGHLAX-26JUL14,,temperature,neuralcaster_v2,77.42462921142578,,2026-07-14T23:00:00+00:00,2026-07-14,,,,,,,,1.0,1.0,
0.721832275390625,77.0,,t_plus_16h,la,la:2026-07-14,0.721832275390625,KXHIGHLAX-26JUL14,,temperature,neuralcaster_v2,77.72183227539062,,2026-07-15T00:00:00+00:00,2026-07-14,,,,,,,,1.0,1.0,
0.0,77.0,,t_plus_17h,la,la:2026-07-14,0.0,KXHIGHLAX-26JUL14,,temperature,neuralcaster_v2,77.0,,2026-07-15T01:00:00+00:00,2026-07-14,,,,,,,,1.0,1.0,
0.0057373046875,77.0,,t_plus_18h,la,la:2026-07-14,0.0057373046875,KXHIGHLAX-26JUL14,,temperature,neuralcaster_v2,77.0057373046875,,2026-07-15T02:00:00+00:00,2026-07-14,,,,,,,,1.0,1.0,
0.0177764892578125,77.0,,t_plus_19h,la,la:2026-07-14,0.0177764892578125,KXHIGHLAX-26JUL14,,temperature,neuralcaster_v2,77.01777648925781,,2026-07-15T03:00:00+00:00,2026-07-14,,,,,,,,1.0,1.0,
0.0262451171875,77.0,,t_plus_20h,la,la:2026-07-14,0.0262451171875,KXHIGHLAX-26JUL14,,temperature,neuralcaster_v2,77.0262451171875,,2026-07-15T04:00:00+00:00,2026-07-14,,,,,,,,1.0,1.0,
0.0,77.0,,t_plus_21h,la,la:2026-07-14,0.0,KXHIGHLAX-26JUL14,,temperature,neuralcaster_v2,77.0,,2026-07-15T05:00:00+00:00,2026-07-14,,,,,,,,1.0,1.0,
0.0,77.0,,t_plus_22h,la,la:2026-07-14,0.0,KXHIGHLAX-26JUL14,,temperature,neuralcaster_v2,77.0,,2026-07-15T06:00:00+00:00,2026-07-14,,,,,,,,1.0,1.0,
0.0,77.0,,t_plus_23h,la,la:2026-07-14,0.0,KXHIGHLAX-26JUL14,,temperature,neuralcaster_v2,77.0,,2026-07-15T07:00:00+00:00,2026-07-14,,,,,,,,1.0,1.0,
0.346282958984375,94.0,,t_plus_0h,mia,mia:2026-07-14,-0.346282958984375,KXHIGHMIA-26JUL14,,temperature,neuralcaster_v2,93.65371704101562,,2026-07-14T05:00:00+00:00,2026-07-14,,,,,,,,1.0,1.0,
0.6999969482421875,94.0,,t_plus_1h,mia,mia:2026-07-14,-0.6999969482421875,KXHIGHMIA-26JUL14,,temperature,neuralcaster_v2,93.30000305175781,,2026-07-14T06:00:00+00:00,2026-07-14,,,,,,,,1.0,1.0,
0.7814407348632812,94.0,,t_plus_2h,mia,mia:2026-07-14,-0.7814407348632812,KXHIGHMIA-26JUL14,,temperature,neuralcaster_v2,93.21855926513672,,2026-07-14T07:00:00+00:00,2026-07-14,,,,,,,,1.0,1.0,
0.9128646850585938,94.0,,t_plus_3h,mia,mia:2026-07-14,-0.9128646850585938,KXHIGHMIA-26JUL14,,temperature,neuralcaster_v2,93.0871353149414,,2026-07-14T08:00:00+00:00,2026-07-14,,,,,,,,1.0,1.0,
0.5366287231445312,94.0,,t_plus_4h,mia,mia:2026-07-14,-0.5366287231445312,KXHIGHMIA-26JUL14,,temperature,neuralcaster_v2,93.46337127685547,,2026-07-14T09:00:00+00:00,2026-07-14,,,,,,,,1.0,1.0,
0.750885009765625,94.0,,t_plus_5h,mia,mia:2026-07-14,-0.750885009765625,KXHIGHMIA-26JUL14,,temperature,neuralcaster_v2,93.24911499023438,,2026-07-14T10:00:00+00:00,2026-07-14,,,,,,,,1.0,1.0,
1.4910202026367188,94.0,,t_plus_6h,mia,mia:2026-07-14,-1.4910202026367188,KXHIGHMIA-26JUL14,,temperature,neuralcaster_v2,92.50897979736328,,2026-07-14T11:00:00+00:00,2026-07-14,,,,,,,,0.0,1.0,
1.9096145629882812,94.0,,t_plus_7h,mia,mia:2026-07-14,-1.9096145629882812,KXHIGHMIA-26JUL14,,temperature,neuralcaster_v2,92.09038543701172,,2026-07-14T12:00:00+00:00,2026-07-14,,,,,,,,0.0,1.0,
0.7064132690429688,94.0,,t_plus_8h,mia,mia:2026-07-14,-0.7064132690429688,KXHIGHMIA-26JUL14,,temperature,neuralcaster_v2,93.29358673095703,,2026-07-14T13:00:00+00:00,2026-07-14,,,,,,,,1.0,1.0,
0.5770187377929688,94.0,,t_plus_9h,mia,mia:2026-07-14,-0.5770187377929688,KXHIGHMIA-26JUL14,,temperature,neuralcaster_v2,93.42298126220703,,2026-07-14T14:00:00+00:00,2026-07-14,,,,,,,,1.0,1.0,
0.9025955200195312,94.0,,t_plus_10h,mia,mia:2026-07-14,-0.9025955200195312,KXHIGHMIA-26JUL14,,temperature,neuralcaster_v2,93.09740447998047,,2026-07-14T15:00:00+00:00,2026-07-14,,,,,,,,1.0,1.0,
0.9110946655273438,94.0,,t_plus_11h,mia,mia:2026-07-14,-0.9110946655273438,KXHIGHMIA-26JUL14,,temperature,neuralcaster_v2,93.08890533447266,,2026-07-14T16:00:00+00:00,2026-07-14,,,,,,,,1.0,1.0,
0.91015625,94.0,,t_plus_12h,mia,mia:2026-07-14,-0.91015625,KXHIGHMIA-26JUL14,,temperature,neuralcaster_v2,93.08984375,,2026-07-14T17:00:00+00:00,2026-07-14,,,,,,,,1.0,1.0,
0.6867523193359375,94.0,,t_plus_13h,mia,mia:2026-07-14,-0.6867523193359375,KXHIGHMIA-26JUL14,,temperature,neuralcaster_v2,93.31324768066406,,2026-07-14T18:00:00+00:00,2026-07-14,,,,,,,,1.0,1.0,
0.4081573486328125,94.0,,t_plus_14h,mia,mia:2026-07-14,-0.4081573486328125,KXHIGHMIA-26JUL14,,temperature,neuralcaster_v2,93.59184265136719,,2026-07-14T19:00:00+00:00,2026-07-14,,,,,,,,1.0,1.0,
0.47037506103515625,94.0,,t_plus_15h,mia,mia:2026-07-14,-0.47037506103515625,KXHIGHMIA-26JUL14,,temperature,neuralcaster_v2,93.52962493896484,,2026-07-14T20:00:00+00:00,2026-07-14,,,,,,,,1.0,1.0,
0.17456817626953125,94.0,,t_plus_16h,mia,mia:2026-07-14,0.17456817626953125,KXHIGHMIA-26JUL14,,temperature,neuralcaster_v2,94.17456817626953,,2026-07-14T21:00:00+00:00,2026-07-14,,,,,,,,1.0,1.0,
0.10915374755859375,94.0,,t_plus_17h,mia,mia:2026-07-14,0.10915374755859375,KXHIGHMIA-26JUL14,,temperature,neuralcaster_v2,94.1091537475586,,2026-07-14T22:00:00+00:00,2026-07-14,,,,,,,,1.0,1.0,
0.10436248779296875,94.0,,t_plus_18h,mia,mia:2026-07-14,0.10436248779296875,KXHIGHMIA-26JUL14,,temperature,neuralcaster_v2,94.10436248779297,,2026-07-14T23:00:00+00:00,2026-07-14,,,,,,,,1.0,1.0,
0.2407989501953125,94.0,,t_plus_19h,mia,mia:2026-07-14,0.2407989501953125,KXHIGHMIA-26JUL14,,temperature,neuralcaster_v2,94.24079895019531,,2026-07-15T00:00:00+00:00,2026-07-14,,,,,,,,1.0,1.0,
0.1789703369140625,94.0,,t_plus_20h,mia,mia:2026-07-14,0.1789703369140625,KXHIGHMIA-26JUL14,,temperature,neuralcaster_v2,94.17897033691406,,2026-07-15T01:00:00+00:00,2026-07-14,,,,,,,,1.0,1.0,
0.11139678955078125,94.0,,t_plus_21h,mia,mia:2026-07-14,0.11139678955078125,KXHIGHMIA-26JUL14,,temperature,neuralcaster_v2,94.11139678955078,,2026-07-15T02:00:00+00:00,2026-07-14,,,,,,,,1.0,1.0,
0.1483917236328125,94.0,,t_plus_22h,mia,mia:2026-07-14,0.1483917236328125,KXHIGHMIA-26JUL14,,temperature,neuralcaster_v2,94.14839172363281,,2026-07-15T03:00:00+00:00,2026-07-14,,,,,,,,1.0,1.0,
0.12628173828125,94.0,,t_plus_23h,mia,mia:2026-07-14,0.12628173828125,KXHIGHMIA-26JUL14,,temperature,neuralcaster_v2,94.12628173828125,,2026-07-15T04:00:00+00:00,2026-07-14,,,,,,,,1.0,1.0,
3.477935791015625,90.0,,t_plus_0h,nyc,nyc:2026-07-14,3.477935791015625,KXHIGHNY-26JUL14,,temperature,neuralcaster_v2,93.47793579101562,,2026-07-14T05:00:00+00:00,2026-07-14,,,,,,,,0.0,0.0,
2.97479248046875,90.0,,t_plus_1h,nyc,nyc:2026-07-14,2.97479248046875,KXHIGHNY-26JUL14,,temperature,neuralcaster_v2,92.97479248046875,,2026-07-14T06:00:00+00:00,2026-07-14,,,,,,,,0.0,0.0,
2.3061981201171875,90.0,,t_plus_2h,nyc,nyc:2026-07-14,2.3061981201171875,KXHIGHNY-26JUL14,,temperature,neuralcaster_v2,92.30619812011719,,2026-07-14T07:00:00+00:00,2026-07-14,,,,,,,,0.0,0.0,
2.1255340576171875,90.0,,t_plus_3h,nyc,nyc:2026-07-14,2.1255340576171875,KXHIGHNY-26JUL14,,temperature,neuralcaster_v2,92.12553405761719,,2026-07-14T08:00:00+00:00,2026-07-14,,,,,,,,0.0,0.0,
2.3001022338867188,90.0,,t_plus_4h,nyc,nyc:2026-07-14,2.3001022338867188,KXHIGHNY-26JUL14,,temperature,neuralcaster_v2,92.30010223388672,,2026-07-14T09:00:00+00:00,2026-07-14,,,,,,,,0.0,0.0,
2.4480133056640625,90.0,,t_plus_5h,nyc,nyc:2026-07-14,2.4480133056640625,KXHIGHNY-26JUL14,,temperature,neuralcaster_v2,92.44801330566406,,2026-07-14T10:00:00+00:00,2026-07-14,,,,,,,,0.0,0.0,
2.533172607421875,90.0,,t_plus_6h,nyc,nyc:2026-07-14,2.533172607421875,KXHIGHNY-26JUL14,,temperature,neuralcaster_v2,92.53317260742188,,2026-07-14T11:00:00+00:00,2026-07-14,,,,,,,,0.0,0.0,
2.5754928588867188,90.0,,t_plus_7h,nyc,nyc:2026-07-14,2.5754928588867188,KXHIGHNY-26JUL14,,temperature,neuralcaster_v2,92.57549285888672,,2026-07-14T12:00:00+00:00,2026-07-14,,,,,,,,0.0,0.0,
2.4979324340820312,90.0,,t_plus_8h,nyc,nyc:2026-07-14,2.4979324340820312,KXHIGHNY-26JUL14,,temperature,neuralcaster_v2,92.49793243408203,,2026-07-14T13:00:00+00:00,2026-07-14,,,,,,,,0.0,0.0,
2.4647903442382812,90.0,,t_plus_9h,nyc,nyc:2026-07-14,2.4647903442382812,KXHIGHNY-26JUL14,,temperature,neuralcaster_v2,92.46479034423828,,2026-07-14T14:00:00+00:00,2026-07-14,,,,,,,,0.0,0.0,
2.4147415161132812,90.0,,t_plus_10h,nyc,nyc:2026-07-14,2.4147415161132812,KXHIGHNY-26JUL14,,temperature,neuralcaster_v2,92.41474151611328,,2026-07-14T15:00:00+00:00,2026-07-14,,,,,,,,0.0,0.0,
2.4710769653320312,90.0,,t_plus_11h,nyc,nyc:2026-07-14,2.4710769653320312,KXHIGHNY-26JUL14,,temperature,neuralcaster_v2,92.47107696533203,,2026-07-14T16:00:00+00:00,2026-07-14,,,,,,,,0.0,0.0,
2.8004837036132812,90.0,,t_plus_12h,nyc,nyc:2026-07-14,2.8004837036132812,KXHIGHNY-26JUL14,,temperature,neuralcaster_v2,92.80048370361328,,2026-07-14T17:00:00+00:00,2026-07-14,,,,,,,,0.0,0.0,
2.793212890625,90.0,,t_plus_13h,nyc,nyc:2026-07-14,2.793212890625,KXHIGHNY-26JUL14,,temperature,neuralcaster_v2,92.793212890625,,2026-07-14T18:00:00+00:00,2026-07-14,,,,,,,,0.0,0.0,
3.1019821166992188,90.0,,t_plus_14h,nyc,nyc:2026-07-14,3.1019821166992188,KXHIGHNY-26JUL14,,temperature,neuralcaster_v2,93.10198211669922,,2026-07-14T19:00:00+00:00,2026-07-14,,,,,,,,0.0,0.0,
2.94903564453125,90.0,,t_plus_15h,nyc,nyc:2026-07-14,2.94903564453125,KXHIGHNY-26JUL14,,temperature,neuralcaster_v2,92.94903564453125,,2026-07-14T20:00:00+00:00,2026-07-14,,,,,,,,0.0,0.0,
3.3916778564453125,90.0,,t_plus_16h,nyc,nyc:2026-07-14,3.3916778564453125,KXHIGHNY-26JUL14,,temperature,neuralcaster_v2,93.39167785644531,,2026-07-14T21:00:00+00:00,2026-07-14,,,,,,,,0.0,0.0,
3.8464736938476562,90.0,,t_plus_17h,nyc,nyc:2026-07-14,3.8464736938476562,KXHIGHNY-26JUL14,,temperature,neuralcaster_v2,93.84647369384766,,2026-07-14T22:00:00+00:00,2026-07-14,,,,,,,,0.0,0.0,
1.112396240234375,90.0,,t_plus_18h,nyc,nyc:2026-07-14,1.112396240234375,KXHIGHNY-26JUL14,,temperature,neuralcaster_v2,91.11239624023438,,2026-07-14T23:00:00+00:00,2026-07-14,,,,,,,,0.0,1.0,
0.6069183349609375,90.0,,t_plus_19h,nyc,nyc:2026-07-14,-0.6069183349609375,KXHIGHNY-26JUL14,,temperature,neuralcaster_v2,89.39308166503906,,2026-07-15T00:00:00+00:00,2026-07-14,,,,,,,,1.0,1.0,
0.9399999999999977,90.0,,t_plus_20h,nyc,nyc:2026-07-14,-0.9399999999999977,KXHIGHNY-26JUL14,,temperature,neuralcaster_v2,89.06,,2026-07-15T01:00:00+00:00,2026-07-14,,,,,,,,1.0,1.0,
0.929534912109375,90.0,,t_plus_21h,nyc,nyc:2026-07-14,-0.929534912109375,KXHIGHNY-26JUL14,,temperature,neuralcaster_v2,89.07046508789062,,2026-07-15T02:00:00+00:00,2026-07-14,,,,,,,,1.0,1.0,
0.873504638671875,90.0,,t_plus_22h,nyc,nyc:2026-07-14,-0.873504638671875,KXHIGHNY-26JUL14,,temperature,neuralcaster_v2,89.12649536132812,,2026-07-15T03:00:00+00:00,2026-07-14,,,,,,,,1.0,1.0,
0.8561477661132812,90.0,,t_plus_23h,nyc,nyc:2026-07-14,-0.8561477661132812,KXHIGHNY-26JUL14,,temperature,neuralcaster_v2,89.14385223388672,,2026-07-15T04:00:00+00:00,2026-07-14,,,,,,,,1.0,1.0,
2.0437240600585938,91.0,,t_plus_0h,okc,okc:2026-07-14,-2.0437240600585938,KXHIGHTOKC-26JUL14,,temperature,neuralcaster_v2,88.9562759399414,,2026-07-14T06:00:00+00:00,2026-07-14,,,,,,,,0.0,0.0,
1.1375350952148438,91.0,,t_plus_1h,okc,okc:2026-07-14,-1.1375350952148438,KXHIGHTOKC-26JUL14,,temperature,neuralcaster_v2,89.86246490478516,,2026-07-14T07:00:00+00:00,2026-07-14,,,,,,,,0.0,1.0,
0.554718017578125,91.0,,t_plus_2h,okc,okc:2026-07-14,-0.554718017578125,KXHIGHTOKC-26JUL14,,temperature,neuralcaster_v2,90.44528198242188,,2026-07-14T08:00:00+00:00,2026-07-14,,,,,,,,1.0,1.0,
0.30173492431640625,91.0,,t_plus_3h,okc,okc:2026-07-14,-0.30173492431640625,KXHIGHTOKC-26JUL14,,temperature,neuralcaster_v2,90.6982650756836,,2026-07-14T09:00:00+00:00,2026-07-14,,,,,,,,1.0,1.0,
0.1962738037109375,91.0,,t_plus_4h,okc,okc:2026-07-14,-0.1962738037109375,KXHIGHTOKC-26JUL14,,temperature,neuralcaster_v2,90.80372619628906,,2026-07-14T10:00:00+00:00,2026-07-14,,,,,,,,1.0,1.0,
0.201507568359375,91.0,,t_plus_5h,okc,okc:2026-07-14,-0.201507568359375,KXHIGHTOKC-26JUL14,,temperature,neuralcaster_v2,90.79849243164062,,2026-07-14T11:00:00+00:00,2026-07-14,,,,,,,,1.0,1.0,
0.30583953857421875,91.0,,t_plus_6h,okc,okc:2026-07-14,-0.30583953857421875,KXHIGHTOKC-26JUL14,,temperature,neuralcaster_v2,90.69416046142578,,2026-07-14T12:00:00+00:00,2026-07-14,,,,,,,,1.0,1.0,
0.4011077880859375,91.0,,t_plus_7h,okc,okc:2026-07-14,-0.4011077880859375,KXHIGHTOKC-26JUL14,,temperature,neuralcaster_v2,90.59889221191406,,2026-07-14T13:00:00+00:00,2026-07-14,,,,,,,,1.0,1.0,
0.48969268798828125,91.0,,t_plus_8h,okc,okc:2026-07-14,-0.48969268798828125,KXHIGHTOKC-26JUL14,,temperature,neuralcaster_v2,90.51030731201172,,2026-07-14T14:00:00+00:00,2026-07-14,,,,,,,,1.0,1.0,
0.4624481201171875,91.0,,t_plus_9h,okc,okc:2026-07-14,-0.4624481201171875,KXHIGHTOKC-26JUL14,,temperature,neuralcaster_v2,90.53755187988281,,2026-07-14T15:00:00+00:00,2026-07-14,,,,,,,,1.0,1.0,
0.3768310546875,91.0,,t_plus_10h,okc,okc:2026-07-14,-0.3768310546875,KXHIGHTOKC-26JUL14,,temperature,neuralcaster_v2,90.6231689453125,,2026-07-14T16:00:00+00:00,2026-07-14,,,,,,,,1.0,1.0,
0.25450897216796875,91.0,,t_plus_11h,okc,okc:2026-07-14,-0.25450897216796875,KXHIGHTOKC-26JUL14,,temperature,neuralcaster_v2,90.74549102783203,,2026-07-14T17:00:00+00:00,2026-07-14,,,,,,,,1.0,1.0,
0.3273162841796875,91.0,,t_plus_12h,okc,okc:2026-07-14,-0.3273162841796875,KXHIGHTOKC-26JUL14,,temperature,neuralcaster_v2,90.67268371582031,,2026-07-14T18:00:00+00:00,2026-07-14,,,,,,,,1.0,1.0,
0.21160125732421875,91.0,,t_plus_13h,okc,okc:2026-07-14,-0.21160125732421875,KXHIGHTOKC-26JUL14,,temperature,neuralcaster_v2,90.78839874267578,,2026-07-14T19:00:00+00:00,2026-07-14,,,,,,,,1.0,1.0,
0.47784423828125,91.0,,t_plus_14h,okc,okc:2026-07-14,-0.47784423828125,KXHIGHTOKC-26JUL14,,temperature,neuralcaster_v2,90.52215576171875,,2026-07-14T20:00:00+00:00,2026-07-14,,,,,,,,1.0,1.0,
0.78082275390625,91.0,,t_plus_15h,okc,okc:2026-07-14,-0.78082275390625,KXHIGHTOKC-26JUL14,,temperature,neuralcaster_v2,90.21917724609375,,2026-07-14T21:00:00+00:00,2026-07-14,,,,,,,,1.0,1.0,
0.9649658203125,91.0,,t_plus_16h,okc,okc:2026-07-14,-0.9649658203125,KXHIGHTOKC-26JUL14,,temperature,neuralcaster_v2,90.0350341796875,,2026-07-14T22:00:00+00:00,2026-07-14,,,,,,,,1.0,1.0,
0.8339767456054688,91.0,,t_plus_17h,okc,okc:2026-07-14,-0.8339767456054688,KXHIGHTOKC-26JUL14,,temperature,neuralcaster_v2,90.16602325439453,,2026-07-14T23:00:00+00:00,2026-07-14,,,,,,,,1.0,1.0,
0.7299957275390625,91.0,,t_plus_18h,okc,okc:2026-07-14,-0.7299957275390625,KXHIGHTOKC-26JUL14,,temperature,neuralcaster_v2,90.27000427246094,,2026-07-15T00:00:00+00:00,2026-07-14,,,,,,,,1.0,1.0,
0.7952957153320312,91.0,,t_plus_19h,okc,okc:2026-07-14,-0.7952957153320312,KXHIGHTOKC-26JUL14,,temperature,neuralcaster_v2,90.20470428466797,,2026-07-15T01:00:00+00:00,2026-07-14,,,,,,,,1.0,1.0,
0.7729721069335938,91.0,,t_plus_20h,okc,okc:2026-07-14,-0.7729721069335938,KXHIGHTOKC-26JUL14,,temperature,neuralcaster_v2,90.2270278930664,,2026-07-15T02:00:00+00:00,2026-07-14,,,,,,,,1.0,1.0,
0.7056884765625,91.0,,t_plus_21h,okc,okc:2026-07-14,-0.7056884765625,KXHIGHTOKC-26JUL14,,temperature,neuralcaster_v2,90.2943115234375,,2026-07-15T03:00:00+00:00,2026-07-14,,,,,,,,1.0,1.0,
0.7275466918945312,91.0,,t_plus_22h,okc,okc:2026-07-14,-0.7275466918945312,KXHIGHTOKC-26JUL14,,temperature,neuralcaster_v2,90.27245330810547,,2026-07-15T04:00:00+00:00,2026-07-14,,,,,,,,1.0,1.0,
0.740997314453125,91.0,,t_plus_23h,okc,okc:2026-07-14,-0.740997314453125,KXHIGHTOKC-26JUL14,,temperature,neuralcaster_v2,90.25900268554688,,2026-07-15T05:00:00+00:00,2026-07-14,,,,,,,,1.0,1.0,
0.50958251953125,80.0,,t_plus_0h,aus,aus:2026-07-15,0.50958251953125,KXHIGHAUS-26JUL15,,temperature,neuralcaster_v2,80.50958251953125,,2026-07-15T06:00:00+00:00,2026-07-15,,,,,,,,1.0,1.0,
0.68109130859375,80.0,,t_plus_1h,aus,aus:2026-07-15,0.68109130859375,KXHIGHAUS-26JUL15,,temperature,neuralcaster_v2,80.68109130859375,,2026-07-15T07:00:00+00:00,2026-07-15,,,,,,,,1.0,1.0,
0.9734649658203125,80.0,,t_plus_2h,aus,aus:2026-07-15,0.9734649658203125,KXHIGHAUS-26JUL15,,temperature,neuralcaster_v2,80.97346496582031,,2026-07-15T08:00:00+00:00,2026-07-15,,,,,,,,1.0,1.0,
0.7649917602539062,80.0,,t_plus_3h,aus,aus:2026-07-15,0.7649917602539062,KXHIGHAUS-26JUL15,,temperature,neuralcaster_v2,80.7649917602539,,2026-07-15T09:00:00+00:00,2026-07-15,,,,,,,,1.0,1.0,
0.7385177612304688,80.0,,t_plus_4h,aus,aus:2026-07-15,0.7385177612304688,KXHIGHAUS-26JUL15,,temperature,neuralcaster_v2,80.73851776123047,,2026-07-15T10:00:00+00:00,2026-07-15,,,,,,,,1.0,1.0,
0.6978073120117188,80.0,,t_plus_5h,aus,aus:2026-07-15,0.6978073120117188,KXHIGHAUS-26JUL15,,temperature,neuralcaster_v2,80.69780731201172,,2026-07-15T11:00:00+00:00,2026-07-15,,,,,,,,1.0,1.0,
0.44921112060546875,80.0,,t_plus_6h,aus,aus:2026-07-15,0.44921112060546875,KXHIGHAUS-26JUL15,,temperature,neuralcaster_v2,80.44921112060547,,2026-07-15T12:00:00+00:00,2026-07-15,,,,,,,,1.0,1.0,
1.8149185180664062,80.0,,t_plus_7h,aus,aus:2026-07-15,1.8149185180664062,KXHIGHAUS-26JUL15,,temperature,neuralcaster_v2,81.8149185180664,,2026-07-15T13:00:00+00:00,2026-07-15,,,,,,,,0.0,1.0,
1.978057861328125,80.0,,t_plus_8h,aus,aus:2026-07-15,1.978057861328125,KXHIGHAUS-26JUL15,,temperature,neuralcaster_v2,81.97805786132812,,2026-07-15T14:00:00+00:00,2026-07-15,,,,,,,,0.0,1.0,
0.2006378173828125,80.0,,t_plus_9h,aus,aus:2026-07-15,0.2006378173828125,KXHIGHAUS-26JUL15,,temperature,neuralcaster_v2,80.20063781738281,,2026-07-15T15:00:00+00:00,2026-07-15,,,,,,,,1.0,1.0,
1.061187744140625,80.0,,t_plus_10h,aus,aus:2026-07-15,1.061187744140625,KXHIGHAUS-26JUL15,,temperature,neuralcaster_v2,81.06118774414062,,2026-07-15T16:00:00+00:00,2026-07-15,,,,,,,,0.0,1.0,
0.7254714965820312,80.0,,t_plus_11h,aus,aus:2026-07-15,0.7254714965820312,KXHIGHAUS-26JUL15,,temperature,neuralcaster_v2,80.72547149658203,,2026-07-15T17:00:00+00:00,2026-07-15,,,,,,,,1.0,1.0,
1.643341064453125,80.0,,t_plus_12h,aus,aus:2026-07-15,1.643341064453125,KXHIGHAUS-26JUL15,,temperature,neuralcaster_v2,81.64334106445312,,2026-07-15T18:00:00+00:00,2026-07-15,,,,,,,,0.0,1.0,
1.9876480102539062,80.0,,t_plus_13h,aus,aus:2026-07-15,1.9876480102539062,KXHIGHAUS-26JUL15,,temperature,neuralcaster_v2,81.9876480102539,,2026-07-15T19:00:00+00:00,2026-07-15,,,,,,,,0.0,1.0,
0.6310653686523438,80.0,,t_plus_14h,aus,aus:2026-07-15,0.6310653686523438,KXHIGHAUS-26JUL15,,temperature,neuralcaster_v2,80.63106536865234,,2026-07-15T20:00:00+00:00,2026-07-15,,,,,,,,1.0,1.0,
0.798187255859375,80.0,,t_plus_15h,aus,aus:2026-07-15,-0.798187255859375,KXHIGHAUS-26JUL15,,temperature,neuralcaster_v2,79.20181274414062,,2026-07-15T21:00:00+00:00,2026-07-15,,,,,,,,1.0,1.0,
0.57891845703125,80.0,,t_plus_16h,aus,aus:2026-07-15,-0.57891845703125,KXHIGHAUS-26JUL15,,temperature,neuralcaster_v2,79.42108154296875,,2026-07-15T22:00:00+00:00,2026-07-15,,,,,,,,1.0,1.0,
0.76409912109375,80.0,,t_plus_17h,aus,aus:2026-07-15,-0.76409912109375,KXHIGHAUS-26JUL15,,temperature,neuralcaster_v2,79.23590087890625,,2026-07-15T23:00:00+00:00,2026-07-15,,,,,,,,1.0,1.0,
0.9606246948242188,80.0,,t_plus_18h,aus,aus:2026-07-15,0.9606246948242188,KXHIGHAUS-26JUL15,,temperature,neuralcaster_v2,80.96062469482422,,2026-07-16T00:00:00+00:00,2026-07-15,,,,,,,,1.0,1.0,
0.9595489501953125,80.0,,t_plus_19h,aus,aus:2026-07-15,0.9595489501953125,KXHIGHAUS-26JUL15,,temperature,neuralcaster_v2,80.95954895019531,,2026-07-16T01:00:00+00:00,2026-07-15,,,,,,,,1.0,1.0,
0.95257568359375,80.0,,t_plus_20h,aus,aus:2026-07-15,0.95257568359375,KXHIGHAUS-26JUL15,,temperature,neuralcaster_v2,80.95257568359375,,2026-07-16T02:00:00+00:00,2026-07-15,,,,,,,,1.0,1.0,
0.9562454223632812,80.0,,t_plus_21h,aus,aus:2026-07-15,0.9562454223632812,KXHIGHAUS-26JUL15,,temperature,neuralcaster_v2,80.95624542236328,,2026-07-16T03:00:00+00:00,2026-07-15,,,,,,,,1.0,1.0,
0.947174072265625,80.0,,t_plus_22h,aus,aus:2026-07-15,0.947174072265625,KXHIGHAUS-26JUL15,,temperature,neuralcaster_v2,80.94717407226562,,2026-07-16T04:00:00+00:00,2026-07-15,,,,,,,,1.0,1.0,
0.9432830810546875,80.0,,t_plus_23h,aus,aus:2026-07-15,0.9432830810546875,KXHIGHAUS-26JUL15,,temperature,neuralcaster_v2,80.94328308105469,,2026-07-16T05:00:00+00:00,2026-07-15,,,,,,,,1.0,1.0,
0.9732894897460938,94.0,,t_plus_0h,den,den:2026-07-15,-0.9732894897460938,KXHIGHDEN-26JUL15,,temperature,neuralcaster_v2,93.0267105102539,,2026-07-15T07:00:00+00:00,2026-07-15,,,,,,,,1.0,1.0,
0.7429962158203125,94.0,,t_plus_1h,den,den:2026-07-15,-0.7429962158203125,KXHIGHDEN-26JUL15,,temperature,neuralcaster_v2,93.25700378417969,,2026-07-15T08:00:00+00:00,2026-07-15,,,,,,,,1.0,1.0,
0.998626708984375,94.0,,t_plus_2h,den,den:2026-07-15,-0.998626708984375,KXHIGHDEN-26JUL15,,temperature,neuralcaster_v2,93.00137329101562,,2026-07-15T09:00:00+00:00,2026-07-15,,,,,,,,1.0,1.0,
1.4555740356445312,94.0,,t_plus_3h,den,den:2026-07-15,-1.4555740356445312,KXHIGHDEN-26JUL15,,temperature,neuralcaster_v2,92.54442596435547,,2026-07-15T10:00:00+00:00,2026-07-15,,,,,,,,0.0,1.0,
1.6024932861328125,94.0,,t_plus_4h,den,den:2026-07-15,-1.6024932861328125,KXHIGHDEN-26JUL15,,temperature,neuralcaster_v2,92.39750671386719,,2026-07-15T11:00:00+00:00,2026-07-15,,,,,,,,0.0,1.0,
1.385040283203125,94.0,,t_plus_5h,den,den:2026-07-15,-1.385040283203125,KXHIGHDEN-26JUL15,,temperature,neuralcaster_v2,92.61495971679688,,2026-07-15T12:00:00+00:00,2026-07-15,,,,,,,,0.0,1.0,
1.1099014282226562,94.0,,t_plus_6h,den,den:2026-07-15,-1.1099014282226562,KXHIGHDEN-26JUL15,,temperature,neuralcaster_v2,92.89009857177734,,2026-07-15T13:00:00+00:00,2026-07-15,,,,,,,,0.0,1.0,
1.1449203491210938,94.0,,t_plus_7h,den,den:2026-07-15,-1.1449203491210938,KXHIGHDEN-26JUL15,,temperature,neuralcaster_v2,92.8550796508789,,2026-07-15T14:00:00+00:00,2026-07-15,,,,,,,,0.0,1.0,
1.4532928466796875,94.0,,t_plus_8h,den,den:2026-07-15,-1.4532928466796875,KXHIGHDEN-26JUL15,,temperature,neuralcaster_v2,92.54670715332031,,2026-07-15T15:00:00+00:00,2026-07-15,,,,,,,,0.0,1.0,
1.4658203125,94.0,,t_plus_9h,den,den:2026-07-15,-1.4658203125,KXHIGHDEN-26JUL15,,temperature,neuralcaster_v2,92.5341796875,,2026-07-15T16:00:00+00:00,2026-07-15,,,,,,,,0.0,1.0,
1.4914627075195312,94.0,,t_plus_10h,den,den:2026-07-15,-1.4914627075195312,KXHIGHDEN-26JUL15,,temperature,neuralcaster_v2,92.50853729248047,,2026-07-15T17:00:00+00:00,2026-07-15,,,,,,,,0.0,1.0,
1.4532699584960938,94.0,,t_plus_11h,den,den:2026-07-15,-1.4532699584960938,KXHIGHDEN-26JUL15,,temperature,neuralcaster_v2,92.5467300415039,,2026-07-15T18:00:00+00:00,2026-07-15,,,,,,,,0.0,1.0,
1.1613006591796875,94.0,,t_plus_12h,den,den:2026-07-15,-1.1613006591796875,KXHIGHDEN-26JUL15,,temperature,neuralcaster_v2,92.83869934082031,,2026-07-15T19:00:00+00:00,2026-07-15,,,,,,,,0.0,1.0,
1.1244430541992188,94.0,,t_plus_13h,den,den:2026-07-15,-1.1244430541992188,KXHIGHDEN-26JUL15,,temperature,neuralcaster_v2,92.87555694580078,,2026-07-15T20:00:00+00:00,2026-07-15,,,,,,,,0.0,1.0,
1.1668777465820312,94.0,,t_plus_14h,den,den:2026-07-15,-1.1668777465820312,KXHIGHDEN-26JUL15,,temperature,neuralcaster_v2,92.83312225341797,,2026-07-15T21:00:00+00:00,2026-07-15,,,,,,,,0.0,1.0,
1.045166015625,94.0,,t_plus_15h,den,den:2026-07-15,-1.045166015625,KXHIGHDEN-26JUL15,,temperature,neuralcaster_v2,92.954833984375,,2026-07-15T22:00:00+00:00,2026-07-15,,,,,,,,0.0,1.0,
1.3677825927734375,94.0,,t_plus_16h,den,den:2026-07-15,-1.3677825927734375,KXHIGHDEN-26JUL15,,temperature,neuralcaster_v2,92.63221740722656,,2026-07-15T23:00:00+00:00,2026-07-15,,,,,,,,0.0,1.0,
0.7709579467773438,94.0,,t_plus_17h,den,den:2026-07-15,-0.7709579467773438,KXHIGHDEN-26JUL15,,temperature,neuralcaster_v2,93.22904205322266,,2026-07-16T00:00:00+00:00,2026-07-15,,,,,,,,1.0,1.0,
0.7749404907226562,94.0,,t_plus_18h,den,den:2026-07-15,-0.7749404907226562,KXHIGHDEN-26JUL15,,temperature,neuralcaster_v2,93.22505950927734,,2026-07-16T01:00:00+00:00,2026-07-15,,,,,,,,1.0,1.0,
0.7933578491210938,94.0,,t_plus_19h,den,den:2026-07-15,-0.7933578491210938,KXHIGHDEN-26JUL15,,temperature,neuralcaster_v2,93.2066421508789,,2026-07-16T02:00:00+00:00,2026-07-15,,,,,,,,1.0,1.0,
0.8085250854492188,94.0,,t_plus_20h,den,den:2026-07-15,-0.8085250854492188,KXHIGHDEN-26JUL15,,temperature,neuralcaster_v2,93.19147491455078,,2026-07-16T03:00:00+00:00,2026-07-15,,,,,,,,1.0,1.0,
0.833953857421875,94.0,,t_plus_21h,den,den:2026-07-15,-0.833953857421875,KXHIGHDEN-26JUL15,,temperature,neuralcaster_v2,93.16604614257812,,2026-07-16T04:00:00+00:00,2026-07-15,,,,,,,,1.0,1.0,
0.8480987548828125,94.0,,t_plus_22h,den,den:2026-07-15,-0.8480987548828125,KXHIGHDEN-26JUL15,,temperature,neuralcaster_v2,93.15190124511719,,2026-07-16T05:00:00+00:00,2026-07-15,,,,,,,,1.0,1.0,
0.8635177612304688,94.0,,t_plus_23h,den,den:2026-07-15,-0.8635177612304688,KXHIGHDEN-26JUL15,,temperature,neuralcaster_v2,93.13648223876953,,2026-07-16T06:00:00+00:00,2026-07-15,,,,,,,,1.0,1.0,
1.834716796875,81.0,,t_plus_0h,la,la:2026-07-15,1.834716796875,KXHIGHLAX-26JUL15,,temperature,neuralcaster_v2,82.834716796875,,2026-07-15T08:00:00+00:00,2026-07-15,,,,,,,,0.0,1.0,
1.157562255859375,81.0,,t_plus_1h,la,la:2026-07-15,1.157562255859375,KXHIGHLAX-26JUL15,,temperature,neuralcaster_v2,82.15756225585938,,2026-07-15T09:00:00+00:00,2026-07-15,,,,,,,,0.0,1.0,
0.8848114013671875,81.0,,t_plus_2h,la,la:2026-07-15,0.8848114013671875,KXHIGHLAX-26JUL15,,temperature,neuralcaster_v2,81.88481140136719,,2026-07-15T10:00:00+00:00,2026-07-15,,,,,,,,1.0,1.0,
0.41168975830078125,81.0,,t_plus_3h,la,la:2026-07-15,0.41168975830078125,KXHIGHLAX-26JUL15,,temperature,neuralcaster_v2,81.41168975830078,,2026-07-15T11:00:00+00:00,2026-07-15,,,,,,,,1.0,1.0,
1.1369781494140625,81.0,,t_plus_4h,la,la:2026-07-15,1.1369781494140625,KXHIGHLAX-26JUL15,,temperature,neuralcaster_v2,82.13697814941406,,2026-07-15T12:00:00+00:00,2026-07-15,,,,,,,,0.0,1.0,
1.6615829467773438,81.0,,t_plus_5h,la,la:2026-07-15,1.6615829467773438,KXHIGHLAX-26JUL15,,temperature,neuralcaster_v2,82.66158294677734,,2026-07-15T13:00:00+00:00,2026-07-15,,,,,,,,0.0,1.0,
1.6505279541015625,81.0,,t_plus_6h,la,la:2026-07-15,1.6505279541015625,KXHIGHLAX-26JUL15,,temperature,neuralcaster_v2,82.65052795410156,,2026-07-15T14:00:00+00:00,2026-07-15,,,,,,,,0.0,1.0,
2.1385421752929688,81.0,,t_plus_7h,la,la:2026-07-15,2.1385421752929688,KXHIGHLAX-26JUL15,,temperature,neuralcaster_v2,83.13854217529297,,2026-07-15T15:00:00+00:00,2026-07-15,,,,,,,,0.0,0.0,
2.352691650390625,81.0,,t_plus_8h,la,la:2026-07-15,2.352691650390625,KXHIGHLAX-26JUL15,,temperature,neuralcaster_v2,83.35269165039062,,2026-07-15T16:00:00+00:00,2026-07-15,,,,,,,,0.0,0.0,
2.4753494262695312,81.0,,t_plus_9h,la,la:2026-07-15,2.4753494262695312,KXHIGHLAX-26JUL15,,temperature,neuralcaster_v2,83.47534942626953,,2026-07-15T17:00:00+00:00,2026-07-15,,,,,,,,0.0,0.0,
1.6710357666015625,81.0,,t_plus_10h,la,la:2026-07-15,1.6710357666015625,KXHIGHLAX-26JUL15,,temperature,neuralcaster_v2,82.67103576660156,,2026-07-15T18:00:00+00:00,2026-07-15,,,,,,,,0.0,1.0,
1.9579238891601562,81.0,,t_plus_11h,la,la:2026-07-15,1.9579238891601562,KXHIGHLAX-26JUL15,,temperature,neuralcaster_v2,82.95792388916016,,2026-07-15T19:00:00+00:00,2026-07-15,,,,,,,,0.0,1.0,
0.49851226806640625,81.0,,t_plus_12h,la,la:2026-07-15,0.49851226806640625,KXHIGHLAX-26JUL15,,temperature,neuralcaster_v2,81.4985122680664,,2026-07-15T20:00:00+00:00,2026-07-15,,,,,,,,1.0,1.0,
0.3784027099609375,81.0,,t_plus_13h,la,la:2026-07-15,0.3784027099609375,KXHIGHLAX-26JUL15,,temperature,neuralcaster_v2,81.37840270996094,,2026-07-15T21:00:00+00:00,2026-07-15,,,,,,,,1.0,1.0,
0.20671844482421875,81.0,,t_plus_14h,la,la:2026-07-15,0.20671844482421875,KXHIGHLAX-26JUL15,,temperature,neuralcaster_v2,81.20671844482422,,2026-07-15T22:00:00+00:00,2026-07-15,,,,,,,,1.0,1.0,
0.0706787109375,81.0,,t_plus_15h,la,la:2026-07-15,0.0706787109375,KXHIGHLAX-26JUL15,,temperature,neuralcaster_v2,81.0706787109375,,2026-07-15T23:00:00+00:00,2026-07-15,,,,,,,,1.0,1.0,
0.28516387939453125,81.0,,t_plus_16h,la,la:2026-07-15,0.28516387939453125,KXHIGHLAX-26JUL15,,temperature,neuralcaster_v2,81.28516387939453,,2026-07-16T00:00:00+00:00,2026-07-15,,,,,,,,1.0,1.0,
0.4788970947265625,81.0,,t_plus_17h,la,la:2026-07-15,0.4788970947265625,KXHIGHLAX-26JUL15,,temperature,neuralcaster_v2,81.47889709472656,,2026-07-16T01:00:00+00:00,2026-07-15,,,,,,,,1.0,1.0,
0.11956024169921875,81.0,,t_plus_18h,la,la:2026-07-15,-0.11956024169921875,KXHIGHLAX-26JUL15,,temperature,neuralcaster_v2,80.88043975830078,,2026-07-16T02:00:00+00:00,2026-07-15,,,,,,,,1.0,1.0,
0.1208343505859375,81.0,,t_plus_19h,la,la:2026-07-15,-0.1208343505859375,KXHIGHLAX-26JUL15,,temperature,neuralcaster_v2,80.87916564941406,,2026-07-16T03:00:00+00:00,2026-07-15,,,,,,,,1.0,1.0,
0.1274261474609375,81.0,,t_plus_20h,la,la:2026-07-15,-0.1274261474609375,KXHIGHLAX-26JUL15,,temperature,neuralcaster_v2,80.87257385253906,,2026-07-16T04:00:00+00:00,2026-07-15,,,,,,,,1.0,1.0,
0.1427764892578125,81.0,,t_plus_21h,la,la:2026-07-15,-0.1427764892578125,KXHIGHLAX-26JUL15,,temperature,neuralcaster_v2,80.85722351074219,,2026-07-16T05:00:00+00:00,2026-07-15,,,,,,,,1.0,1.0,
0.15451812744140625,81.0,,t_plus_22h,la,la:2026-07-15,-0.15451812744140625,KXHIGHLAX-26JUL15,,temperature,neuralcaster_v2,80.8454818725586,,2026-07-16T06:00:00+00:00,2026-07-15,,,,,,,,1.0,1.0,
0.1669921875,81.0,,t_plus_23h,la,la:2026-07-15,-0.1669921875,KXHIGHLAX-26JUL15,,temperature,neuralcaster_v2,80.8330078125,,2026-07-16T07:00:00+00:00,2026-07-15,,,,,,,,1.0,1.0,
0.197174072265625,94.0,,t_plus_0h,mia,mia:2026-07-15,-0.197174072265625,KXHIGHMIA-26JUL15,,temperature,neuralcaster_v2,93.80282592773438,,2026-07-15T05:00:00+00:00,2026-07-15,,,,,,,,1.0,1.0,
0.3317108154296875,94.0,,t_plus_1h,mia,mia:2026-07-15,0.3317108154296875,KXHIGHMIA-26JUL15,,temperature,neuralcaster_v2,94.33171081542969,,2026-07-15T06:00:00+00:00,2026-07-15,,,,,,,,1.0,1.0,
0.5461273193359375,94.0,,t_plus_2h,mia,mia:2026-07-15,0.5461273193359375,KXHIGHMIA-26JUL15,,temperature,neuralcaster_v2,94.54612731933594,,2026-07-15T07:00:00+00:00,2026-07-15,,,,,,,,1.0,1.0,
0.5917892456054688,94.0,,t_plus_3h,mia,mia:2026-07-15,0.5917892456054688,KXHIGHMIA-26JUL15,,temperature,neuralcaster_v2,94.59178924560547,,2026-07-15T08:00:00+00:00,2026-07-15,,,,,,,,1.0,1.0,
0.9138259887695312,94.0,,t_plus_4h,mia,mia:2026-07-15,0.9138259887695312,KXHIGHMIA-26JUL15,,temperature,neuralcaster_v2,94.91382598876953,,2026-07-15T09:00:00+00:00,2026-07-15,,,,,,,,1.0,1.0,
0.7401275634765625,94.0,,t_plus_5h,mia,mia:2026-07-15,0.7401275634765625,KXHIGHMIA-26JUL15,,temperature,neuralcaster_v2,94.74012756347656,,2026-07-15T10:00:00+00:00,2026-07-15,,,,,,,,1.0,1.0,
0.36774444580078125,94.0,,t_plus_6h,mia,mia:2026-07-15,0.36774444580078125,KXHIGHMIA-26JUL15,,temperature,neuralcaster_v2,94.36774444580078,,2026-07-15T11:00:00+00:00,2026-07-15,,,,,,,,1.0,1.0,
0.0698089599609375,94.0,,t_plus_7h,mia,mia:2026-07-15,-0.0698089599609375,KXHIGHMIA-26JUL15,,temperature,neuralcaster_v2,93.93019104003906,,2026-07-15T12:00:00+00:00,2026-07-15,,,,,,,,1.0,1.0,
0.0665435791015625,94.0,,t_plus_8h,mia,mia:2026-07-15,-0.0665435791015625,KXHIGHMIA-26JUL15,,temperature,neuralcaster_v2,93.93345642089844,,2026-07-15T13:00:00+00:00,2026-07-15,,,,,,,,1.0,1.0,
0.00518035888671875,94.0,,t_plus_9h,mia,mia:2026-07-15,-0.00518035888671875,KXHIGHMIA-26JUL15,,temperature,neuralcaster_v2,93.99481964111328,,2026-07-15T14:00:00+00:00,2026-07-15,,,,,,,,1.0,1.0,
0.0941925048828125,94.0,,t_plus_10h,mia,mia:2026-07-15,-0.0941925048828125,KXHIGHMIA-26JUL15,,temperature,neuralcaster_v2,93.90580749511719,,2026-07-15T15:00:00+00:00,2026-07-15,,,,,,,,1.0,1.0,
0.257110595703125,94.0,,t_plus_11h,mia,mia:2026-07-15,0.257110595703125,KXHIGHMIA-26JUL15,,temperature,neuralcaster_v2,94.25711059570312,,2026-07-15T16:00:00+00:00,2026-07-15,,,,,,,,1.0,1.0,
0.4678955078125,94.0,,t_plus_12h,mia,mia:2026-07-15,0.4678955078125,KXHIGHMIA-26JUL15,,temperature,neuralcaster_v2,94.4678955078125,,2026-07-15T17:00:00+00:00,2026-07-15,,,,,,,,1.0,1.0,
0.261505126953125,94.0,,t_plus_13h,mia,mia:2026-07-15,0.261505126953125,KXHIGHMIA-26JUL15,,temperature,neuralcaster_v2,94.26150512695312,,2026-07-15T18:00:00+00:00,2026-07-15,,,,,,,,1.0,1.0,
0.3715972900390625,94.0,,t_plus_14h,mia,mia:2026-07-15,-0.3715972900390625,KXHIGHMIA-26JUL15,,temperature,neuralcaster_v2,93.62840270996094,,2026-07-15T19:00:00+00:00,2026-07-15,,,,,,,,1.0,1.0,
0.536773681640625,94.0,,t_plus_15h,mia,mia:2026-07-15,-0.536773681640625,KXHIGHMIA-26JUL15,,temperature,neuralcaster_v2,93.46322631835938,,2026-07-15T20:00:00+00:00,2026-07-15,,,,,,,,1.0,1.0,
0.5378646850585938,94.0,,t_plus_16h,mia,mia:2026-07-15,-0.5378646850585938,KXHIGHMIA-26JUL15,,temperature,neuralcaster_v2,93.4621353149414,,2026-07-15T21:00:00+00:00,2026-07-15,,,,,,,,1.0,1.0,
0.537445068359375,94.0,,t_plus_17h,mia,mia:2026-07-15,-0.537445068359375,KXHIGHMIA-26JUL15,,temperature,neuralcaster_v2,93.46255493164062,,2026-07-15T22:00:00+00:00,2026-07-15,,,,,,,,1.0,1.0,
0.5848464965820312,94.0,,t_plus_18h,mia,mia:2026-07-15,-0.5848464965820312,KXHIGHMIA-26JUL15,,temperature,neuralcaster_v2,93.41515350341797,,2026-07-15T23:00:00+00:00,2026-07-15,,,,,,,,1.0,1.0,
0.48130035400390625,94.0,,t_plus_19h,mia,mia:2026-07-15,-0.48130035400390625,KXHIGHMIA-26JUL15,,temperature,neuralcaster_v2,93.5186996459961,,2026-07-16T00:00:00+00:00,2026-07-15,,,,,,,,1.0,1.0,
0.4781341552734375,94.0,,t_plus_20h,mia,mia:2026-07-15,-0.4781341552734375,KXHIGHMIA-26JUL15,,temperature,neuralcaster_v2,93.52186584472656,,2026-07-16T01:00:00+00:00,2026-07-15,,,,,,,,1.0,1.0,
0.5014877319335938,94.0,,t_plus_21h,mia,mia:2026-07-15,-0.5014877319335938,KXHIGHMIA-26JUL15,,temperature,neuralcaster_v2,93.4985122680664,,2026-07-16T02:00:00+00:00,2026-07-15,,,,,,,,1.0,1.0,
0.5195083618164062,94.0,,t_plus_22h,mia,mia:2026-07-15,-0.5195083618164062,KXHIGHMIA-26JUL15,,temperature,neuralcaster_v2,93.4804916381836,,2026-07-16T03:00:00+00:00,2026-07-15,,,,,,,,1.0,1.0,
0.5383224487304688,94.0,,t_plus_23h,mia,mia:2026-07-15,-0.5383224487304688,KXHIGHMIA-26JUL15,,temperature,neuralcaster_v2,93.46167755126953,,2026-07-16T04:00:00+00:00,2026-07-15,,,,,,,,1.0,1.0,
4.059013366699219,95.0,,t_plus_0h,nyc,nyc:2026-07-15,4.059013366699219,KXHIGHNY-26JUL15,,temperature,neuralcaster_v2,99.05901336669922,,2026-07-15T05:00:00+00:00,2026-07-15,,,,,,,,0.0,0.0,
4.1637725830078125,95.0,,t_plus_1h,nyc,nyc:2026-07-15,4.1637725830078125,KXHIGHNY-26JUL15,,temperature,neuralcaster_v2,99.16377258300781,,2026-07-15T06:00:00+00:00,2026-07-15,,,,,,,,0.0,0.0,
3.947509765625,95.0,,t_plus_2h,nyc,nyc:2026-07-15,3.947509765625,KXHIGHNY-26JUL15,,temperature,neuralcaster_v2,98.947509765625,,2026-07-15T07:00:00+00:00,2026-07-15,,,,,,,,0.0,0.0,
3.1632614135742188,95.0,,t_plus_3h,nyc,nyc:2026-07-15,3.1632614135742188,KXHIGHNY-26JUL15,,temperature,neuralcaster_v2,98.16326141357422,,2026-07-15T08:00:00+00:00,2026-07-15,,,,,,,,0.0,0.0,
2.8082962036132812,95.0,,t_plus_4h,nyc,nyc:2026-07-15,2.8082962036132812,KXHIGHNY-26JUL15,,temperature,neuralcaster_v2,97.80829620361328,,2026-07-15T09:00:00+00:00,2026-07-15,,,,,,,,0.0,0.0,
2.8324203491210938,95.0,,t_plus_5h,nyc,nyc:2026-07-15,2.8324203491210938,KXHIGHNY-26JUL15,,temperature,neuralcaster_v2,97.8324203491211,,2026-07-15T10:00:00+00:00,2026-07-15,,,,,,,,0.0,0.0,
2.9058456420898438,95.0,,t_plus_6h,nyc,nyc:2026-07-15,2.9058456420898438,KXHIGHNY-26JUL15,,temperature,neuralcaster_v2,97.90584564208984,,2026-07-15T11:00:00+00:00,2026-07-15,,,,,,,,0.0,0.0,
2.881561279296875,95.0,,t_plus_7h,nyc,nyc:2026-07-15,2.881561279296875,KXHIGHNY-26JUL15,,temperature,neuralcaster_v2,97.88156127929688,,2026-07-15T12:00:00+00:00,2026-07-15,,,,,,,,0.0,0.0,
2.8489456176757812,95.0,,t_plus_8h,nyc,nyc:2026-07-15,2.8489456176757812,KXHIGHNY-26JUL15,,temperature,neuralcaster_v2,97.84894561767578,,2026-07-15T13:00:00+00:00,2026-07-15,,,,,,,,0.0,0.0,
2.8124008178710938,95.0,,t_plus_9h,nyc,nyc:2026-07-15,2.8124008178710938,KXHIGHNY-26JUL15,,temperature,neuralcaster_v2,97.8124008178711,,2026-07-15T14:00:00+00:00,2026-07-15,,,,,,,,0.0,0.0,
2.4964370727539062,95.0,,t_plus_10h,nyc,nyc:2026-07-15,2.4964370727539062,KXHIGHNY-26JUL15,,temperature,neuralcaster_v2,97.4964370727539,,2026-07-15T15:00:00+00:00,2026-07-15,,,,,,,,0.0,0.0,
2.6334304809570312,95.0,,t_plus_11h,nyc,nyc:2026-07-15,2.6334304809570312,KXHIGHNY-26JUL15,,temperature,neuralcaster_v2,97.63343048095703,,2026-07-15T16:00:00+00:00,2026-07-15,,,,,,,,0.0,0.0,
2.6539306640625,95.0,,t_plus_12h,nyc,nyc:2026-07-15,2.6539306640625,KXHIGHNY-26JUL15,,temperature,neuralcaster_v2,97.6539306640625,,2026-07-15T17:00:00+00:00,2026-07-15,,,,,,,,0.0,0.0,
2.5162200927734375,95.0,,t_plus_13h,nyc,nyc:2026-07-15,2.5162200927734375,KXHIGHNY-26JUL15,,temperature,neuralcaster_v2,97.51622009277344,,2026-07-15T18:00:00+00:00,2026-07-15,,,,,,,,0.0,0.0,
2.40765380859375,95.0,,t_plus_14h,nyc,nyc:2026-07-15,2.40765380859375,KXHIGHNY-26JUL15,,temperature,neuralcaster_v2,97.40765380859375,,2026-07-15T19:00:00+00:00,2026-07-15,,,,,,,,0.0,0.0,
2.3238372802734375,95.0,,t_plus_15h,nyc,nyc:2026-07-15,2.3238372802734375,KXHIGHNY-26JUL15,,temperature,neuralcaster_v2,97.32383728027344,,2026-07-15T20:00:00+00:00,2026-07-15,,,,,,,,0.0,0.0,
1.644378662109375,95.0,,t_plus_16h,nyc,nyc:2026-07-15,1.644378662109375,KXHIGHNY-26JUL15,,temperature,neuralcaster_v2,96.64437866210938,,2026-07-15T21:00:00+00:00,2026-07-15,,,,,,,,0.0,1.0,
1.21221923828125,95.0,,t_plus_17h,nyc,nyc:2026-07-15,1.21221923828125,KXHIGHNY-26JUL15,,temperature,neuralcaster_v2,96.21221923828125,,2026-07-15T22:00:00+00:00,2026-07-15,,,,,,,,0.0,1.0,
0.0,95.0,,t_plus_18h,nyc,nyc:2026-07-15,0.0,KXHIGHNY-26JUL15,,temperature,neuralcaster_v2,95.0,,2026-07-15T23:00:00+00:00,2026-07-15,,,,,,,,1.0,1.0,
0.03559112548828125,95.0,,t_plus_19h,nyc,nyc:2026-07-15,0.03559112548828125,KXHIGHNY-26JUL15,,temperature,neuralcaster_v2,95.03559112548828,,2026-07-16T00:00:00+00:00,2026-07-15,,,,,,,,1.0,1.0,
0.0,95.0,,t_plus_20h,nyc,nyc:2026-07-15,0.0,KXHIGHNY-26JUL15,,temperature,neuralcaster_v2,95.0,,2026-07-16T01:00:00+00:00,2026-07-15,,,,,,,,1.0,1.0,
0.0,95.0,,t_plus_21h,nyc,nyc:2026-07-15,0.0,KXHIGHNY-26JUL15,,temperature,neuralcaster_v2,95.0,,2026-07-16T02:00:00+00:00,2026-07-15,,,,,,,,1.0,1.0,
0.0,95.0,,t_plus_22h,nyc,nyc:2026-07-15,0.0,KXHIGHNY-26JUL15,,temperature,neuralcaster_v2,95.0,,2026-07-16T03:00:00+00:00,2026-07-15,,,,,,,,1.0,1.0,
0.0,95.0,,t_plus_23h,nyc,nyc:2026-07-15,0.0,KXHIGHNY-26JUL15,,temperature,neuralcaster_v2,95.0,,2026-07-16T04:00:00+00:00,2026-07-15,,,,,,,,1.0,1.0,
2.0065689086914062,87.0,,t_plus_0h,okc,okc:2026-07-15,2.0065689086914062,KXHIGHTOKC-26JUL15,,temperature,neuralcaster_v2,89.0065689086914,,2026-07-15T06:00:00+00:00,2026-07-15,,,,,,,,0.0,0.0,
2.3174972534179688,87.0,,t_plus_1h,okc,okc:2026-07-15,2.3174972534179688,KXHIGHTOKC-26JUL15,,temperature,neuralcaster_v2,89.31749725341797,,2026-07-15T07:00:00+00:00,2026-07-15,,,,,,,,0.0,0.0,
2.4393463134765625,87.0,,t_plus_2h,okc,okc:2026-07-15,2.4393463134765625,KXHIGHTOKC-26JUL15,,temperature,neuralcaster_v2,89.43934631347656,,2026-07-15T08:00:00+00:00,2026-07-15,,,,,,,,0.0,0.0,
2.4984512329101562,87.0,,t_plus_3h,okc,okc:2026-07-15,2.4984512329101562,KXHIGHTOKC-26JUL15,,temperature,neuralcaster_v2,89.49845123291016,,2026-07-15T09:00:00+00:00,2026-07-15,,,,,,,,0.0,0.0,
2.4776840209960938,87.0,,t_plus_4h,okc,okc:2026-07-15,2.4776840209960938,KXHIGHTOKC-26JUL15,,temperature,neuralcaster_v2,89.4776840209961,,2026-07-15T10:00:00+00:00,2026-07-15,,,,,,,,0.0,0.0,
2.821014404296875,87.0,,t_plus_5h,okc,okc:2026-07-15,2.821014404296875,KXHIGHTOKC-26JUL15,,temperature,neuralcaster_v2,89.82101440429688,,2026-07-15T11:00:00+00:00,2026-07-15,,,,,,,,0.0,0.0,
2.6321563720703125,87.0,,t_plus_6h,okc,okc:2026-07-15,2.6321563720703125,KXHIGHTOKC-26JUL15,,temperature,neuralcaster_v2,89.63215637207031,,2026-07-15T12:00:00+00:00,2026-07-15,,,,,,,,0.0,0.0,
2.5869979858398438,87.0,,t_plus_7h,okc,okc:2026-07-15,2.5869979858398438,KXHIGHTOKC-26JUL15,,temperature,neuralcaster_v2,89.58699798583984,,2026-07-15T13:00:00+00:00,2026-07-15,,,,,,,,0.0,0.0,
2.6154632568359375,87.0,,t_plus_8h,okc,okc:2026-07-15,2.6154632568359375,KXHIGHTOKC-26JUL15,,temperature,neuralcaster_v2,89.61546325683594,,2026-07-15T14:00:00+00:00,2026-07-15,,,,,,,,0.0,0.0,
2.4757614135742188,87.0,,t_plus_9h,okc,okc:2026-07-15,2.4757614135742188,KXHIGHTOKC-26JUL15,,temperature,neuralcaster_v2,89.47576141357422,,2026-07-15T15:00:00+00:00,2026-07-15,,,,,,,,0.0,0.0,
2.3983001708984375,87.0,,t_plus_10h,okc,okc:2026-07-15,2.3983001708984375,KXHIGHTOKC-26JUL15,,temperature,neuralcaster_v2,89.39830017089844,,2026-07-15T16:00:00+00:00,2026-07-15,,,,,,,,0.0,0.0,
2.4704513549804688,87.0,,t_plus_11h,okc,okc:2026-07-15,2.4704513549804688,KXHIGHTOKC-26JUL15,,temperature,neuralcaster_v2,89.47045135498047,,2026-07-15T17:00:00+00:00,2026-07-15,,,,,,,,0.0,0.0,
2.5328445434570312,87.0,,t_plus_12h,okc,okc:2026-07-15,2.5328445434570312,KXHIGHTOKC-26JUL15,,temperature,neuralcaster_v2,89.53284454345703,,2026-07-15T18:00:00+00:00,2026-07-15,,,,,,,,0.0,0.0,
2.7075271606445312,87.0,,t_plus_13h,okc,okc:2026-07-15,2.7075271606445312,KXHIGHTOKC-26JUL15,,temperature,neuralcaster_v2,89.70752716064453,,2026-07-15T19:00:00+00:00,2026-07-15,,,,,,,,0.0,0.0,
2.6714859008789062,87.0,,t_plus_14h,okc,okc:2026-07-15,2.6714859008789062,KXHIGHTOKC-26JUL15,,temperature,neuralcaster_v2,89.6714859008789,,2026-07-15T20:00:00+00:00,2026-07-15,,,,,,,,0.0,0.0,
1.9212570190429688,87.0,,t_plus_15h,okc,okc:2026-07-15,1.9212570190429688,KXHIGHTOKC-26JUL15,,temperature,neuralcaster_v2,88.92125701904297,,2026-07-15T21:00:00+00:00,2026-07-15,,,,,,,,0.0,1.0,
1.5427398681640625,87.0,,t_plus_16h,okc,okc:2026-07-15,1.5427398681640625,KXHIGHTOKC-26JUL15,,temperature,neuralcaster_v2,88.54273986816406,,2026-07-15T22:00:00+00:00,2026-07-15,,,,,,,,0.0,1.0,
1.1605453491210938,87.0,,t_plus_17h,okc,okc:2026-07-15,1.1605453491210938,KXHIGHTOKC-26JUL15,,temperature,neuralcaster_v2,88.1605453491211,,2026-07-15T23:00:00+00:00,2026-07-15,,,,,,,,0.0,1.0,
0.980743408203125,87.0,,t_plus_18h,okc,okc:2026-07-15,0.980743408203125,KXHIGHTOKC-26JUL15,,temperature,neuralcaster_v2,87.98074340820312,,2026-07-16T00:00:00+00:00,2026-07-15,,,,,,,,1.0,1.0,
0.97918701171875,87.0,,t_plus_19h,okc,okc:2026-07-15,0.97918701171875,KXHIGHTOKC-26JUL15,,temperature,neuralcaster_v2,87.97918701171875,,2026-07-16T01:00:00+00:00,2026-07-15,,,,,,,,1.0,1.0,
0.9699783325195312,87.0,,t_plus_20h,okc,okc:2026-07-15,0.9699783325195312,KXHIGHTOKC-26JUL15,,temperature,neuralcaster_v2,87.96997833251953,,2026-07-16T02:00:00+00:00,2026-07-15,,,,,,,,1.0,1.0,
0.9455337524414062,87.0,,t_plus_21h,okc,okc:2026-07-15,0.9455337524414062,KXHIGHTOKC-26JUL15,,temperature,neuralcaster_v2,87.9455337524414,,2026-07-16T03:00:00+00:00,2026-07-15,,,,,,,,1.0,1.0,
0.9170684814453125,87.0,,t_plus_22h,okc,okc:2026-07-15,0.9170684814453125,KXHIGHTOKC-26JUL15,,temperature,neuralcaster_v2,87.91706848144531,,2026-07-16T04:00:00+00:00,2026-07-15,,,,,,,,1.0,1.0,
0.8988037109375,87.0,,t_plus_23h,okc,okc:2026-07-15,0.8988037109375,KXHIGHTOKC-26JUL15,,temperature,neuralcaster_v2,87.8988037109375,,2026-07-16T05:00:00+00:00,2026-07-15,,,,,,,,1.0,1.0,
3.117156982421875,90.0,,t_plus_0h,aus,aus:2026-07-16,-3.117156982421875,KXHIGHAUS-26JUL16,,temperature,neuralcaster_v2,86.88284301757812,,2026-07-16T06:00:00+00:00,2026-07-16,,,,,,,,0.0,0.0,
3.0927734375,90.0,,t_plus_1h,aus,aus:2026-07-16,-3.0927734375,KXHIGHAUS-26JUL16,,temperature,neuralcaster_v2,86.9072265625,,2026-07-16T07:00:00+00:00,2026-07-16,,,,,,,,0.0,0.0,
3.073150634765625,90.0,,t_plus_2h,aus,aus:2026-07-16,-3.073150634765625,KXHIGHAUS-26JUL16,,temperature,neuralcaster_v2,86.92684936523438,,2026-07-16T08:00:00+00:00,2026-07-16,,,,,,,,0.0,0.0,
2.62225341796875,90.0,,t_plus_3h,aus,aus:2026-07-16,-2.62225341796875,KXHIGHAUS-26JUL16,,temperature,neuralcaster_v2,87.37774658203125,,2026-07-16T09:00:00+00:00,2026-07-16,,,,,,,,0.0,0.0,
2.5143280029296875,90.0,,t_plus_4h,aus,aus:2026-07-16,-2.5143280029296875,KXHIGHAUS-26JUL16,,temperature,neuralcaster_v2,87.48567199707031,,2026-07-16T10:00:00+00:00,2026-07-16,,,,,,,,0.0,0.0,
2.49652099609375,90.0,,t_plus_5h,aus,aus:2026-07-16,-2.49652099609375,KXHIGHAUS-26JUL16,,temperature,neuralcaster_v2,87.50347900390625,,2026-07-16T11:00:00+00:00,2026-07-16,,,,,,,,0.0,0.0,
2.3507308959960938,90.0,,t_plus_6h,aus,aus:2026-07-16,-2.3507308959960938,KXHIGHAUS-26JUL16,,temperature,neuralcaster_v2,87.6492691040039,,2026-07-16T12:00:00+00:00,2026-07-16,,,,,,,,0.0,0.0,
2.2903594970703125,90.0,,t_plus_7h,aus,aus:2026-07-16,-2.2903594970703125,KXHIGHAUS-26JUL16,,temperature,neuralcaster_v2,87.70964050292969,,2026-07-16T13:00:00+00:00,2026-07-16,,,,,,,,0.0,0.0,
2.2237091064453125,90.0,,t_plus_8h,aus,aus:2026-07-16,-2.2237091064453125,KXHIGHAUS-26JUL16,,temperature,neuralcaster_v2,87.77629089355469,,2026-07-16T14:00:00+00:00,2026-07-16,,,,,,,,0.0,0.0,
2.1263275146484375,90.0,,t_plus_9h,aus,aus:2026-07-16,-2.1263275146484375,KXHIGHAUS-26JUL16,,temperature,neuralcaster_v2,87.87367248535156,,2026-07-16T15:00:00+00:00,2026-07-16,,,,,,,,0.0,0.0,
2.6615524291992188,90.0,,t_plus_10h,aus,aus:2026-07-16,-2.6615524291992188,KXHIGHAUS-26JUL16,,temperature,neuralcaster_v2,87.33844757080078,,2026-07-16T16:00:00+00:00,2026-07-16,,,,,,,,0.0,0.0,
2.6645431518554688,90.0,,t_plus_11h,aus,aus:2026-07-16,-2.6645431518554688,KXHIGHAUS-26JUL16,,temperature,neuralcaster_v2,87.33545684814453,,2026-07-16T17:00:00+00:00,2026-07-16,,,,,,,,0.0,0.0,
2.701324462890625,90.0,,t_plus_12h,aus,aus:2026-07-16,-2.701324462890625,KXHIGHAUS-26JUL16,,temperature,neuralcaster_v2,87.29867553710938,,2026-07-16T18:00:00+00:00,2026-07-16,,,,,,,,0.0,0.0,
1.5916290283203125,90.0,,t_plus_13h,aus,aus:2026-07-16,-1.5916290283203125,KXHIGHAUS-26JUL16,,temperature,neuralcaster_v2,88.40837097167969,,2026-07-16T19:00:00+00:00,2026-07-16,,,,,,,,0.0,1.0,
0.1295013427734375,90.0,,t_plus_14h,aus,aus:2026-07-16,0.1295013427734375,KXHIGHAUS-26JUL16,,temperature,neuralcaster_v2,90.12950134277344,,2026-07-16T20:00:00+00:00,2026-07-16,,,,,,,,1.0,1.0,
0.098876953125,90.0,,t_plus_15h,aus,aus:2026-07-16,0.098876953125,KXHIGHAUS-26JUL16,,temperature,neuralcaster_v2,90.098876953125,,2026-07-16T21:00:00+00:00,2026-07-16,,,,,,,,1.0,1.0,
0.08223724365234375,90.0,,t_plus_16h,aus,aus:2026-07-16,0.08223724365234375,KXHIGHAUS-26JUL16,,temperature,neuralcaster_v2,90.08223724365234,,2026-07-16T22:00:00+00:00,2026-07-16,,,,,,,,1.0,1.0,
0.0726318359375,90.0,,t_plus_17h,aus,aus:2026-07-16,0.0726318359375,KXHIGHAUS-26JUL16,,temperature,neuralcaster_v2,90.0726318359375,,2026-07-16T23:00:00+00:00,2026-07-16,,,,,,,,1.0,1.0,
0.09095001220703125,90.0,,t_plus_18h,aus,aus:2026-07-16,0.09095001220703125,KXHIGHAUS-26JUL16,,temperature,neuralcaster_v2,90.09095001220703,,2026-07-17T00:00:00+00:00,2026-07-16,,,,,,,,1.0,1.0,
0.1022186279296875,90.0,,t_plus_19h,aus,aus:2026-07-16,0.1022186279296875,KXHIGHAUS-26JUL16,,temperature,neuralcaster_v2,90.10221862792969,,2026-07-17T01:00:00+00:00,2026-07-16,,,,,,,,1.0,1.0,
0.09857940673828125,90.0,,t_plus_20h,aus,aus:2026-07-16,0.09857940673828125,KXHIGHAUS-26JUL16,,temperature,neuralcaster_v2,90.09857940673828,,2026-07-17T02:00:00+00:00,2026-07-16,,,,,,,,1.0,1.0,
0.07434844970703125,90.0,,t_plus_21h,aus,aus:2026-07-16,0.07434844970703125,KXHIGHAUS-26JUL16,,temperature,neuralcaster_v2,90.07434844970703,,2026-07-17T03:00:00+00:00,2026-07-16,,,,,,,,1.0,1.0,
0.06787109375,90.0,,t_plus_22h,aus,aus:2026-07-16,0.06787109375,KXHIGHAUS-26JUL16,,temperature,neuralcaster_v2,90.06787109375,,2026-07-17T04:00:00+00:00,2026-07-16,,,,,,,,1.0,1.0,
0.06207275390625,90.0,,t_plus_23h,aus,aus:2026-07-16,0.06207275390625,KXHIGHAUS-26JUL16,,temperature,neuralcaster_v2,90.06207275390625,,2026-07-17T05:00:00+00:00,2026-07-16,,,,,,,,1.0,1.0,
1.2260055541992188,93.0,,t_plus_0h,den,den:2026-07-16,-1.2260055541992188,KXHIGHDEN-26JUL16,,temperature,neuralcaster_v2,91.77399444580078,,2026-07-16T07:00:00+00:00,2026-07-16,,,,,,,,0.0,1.0,
1.0817337036132812,93.0,,t_plus_1h,den,den:2026-07-16,-1.0817337036132812,KXHIGHDEN-26JUL16,,temperature,neuralcaster_v2,91.91826629638672,,2026-07-16T08:00:00+00:00,2026-07-16,,,,,,,,0.0,1.0,
1.15899658203125,93.0,,t_plus_2h,den,den:2026-07-16,-1.15899658203125,KXHIGHDEN-26JUL16,,temperature,neuralcaster_v2,91.84100341796875,,2026-07-16T09:00:00+00:00,2026-07-16,,,,,,,,0.0,1.0,
1.1820602416992188,93.0,,t_plus_3h,den,den:2026-07-16,-1.1820602416992188,KXHIGHDEN-26JUL16,,temperature,neuralcaster_v2,91.81793975830078,,2026-07-16T10:00:00+00:00,2026-07-16,,,,,,,,0.0,1.0,
1.3075180053710938,93.0,,t_plus_4h,den,den:2026-07-16,-1.3075180053710938,KXHIGHDEN-26JUL16,,temperature,neuralcaster_v2,91.6924819946289,,2026-07-16T11:00:00+00:00,2026-07-16,,,,,,,,0.0,1.0,
1.206207275390625,93.0,,t_plus_5h,den,den:2026-07-16,-1.206207275390625,KXHIGHDEN-26JUL16,,temperature,neuralcaster_v2,91.79379272460938,,2026-07-16T12:00:00+00:00,2026-07-16,,,,,,,,0.0,1.0,
1.1984710693359375,93.0,,t_plus_6h,den,den:2026-07-16,-1.1984710693359375,KXHIGHDEN-26JUL16,,temperature,neuralcaster_v2,91.80152893066406,,2026-07-16T13:00:00+00:00,2026-07-16,,,,,,,,0.0,1.0,
1.3565826416015625,93.0,,t_plus_7h,den,den:2026-07-16,-1.3565826416015625,KXHIGHDEN-26JUL16,,temperature,neuralcaster_v2,91.64341735839844,,2026-07-16T14:00:00+00:00,2026-07-16,,,,,,,,0.0,1.0,
2.0392990112304688,93.0,,t_plus_8h,den,den:2026-07-16,-2.0392990112304688,KXHIGHDEN-26JUL16,,temperature,neuralcaster_v2,90.96070098876953,,2026-07-16T15:00:00+00:00,2026-07-16,,,,,,,,0.0,0.0,
1.9249801635742188,93.0,,t_plus_9h,den,den:2026-07-16,-1.9249801635742188,KXHIGHDEN-26JUL16,,temperature,neuralcaster_v2,91.07501983642578,,2026-07-16T16:00:00+00:00,2026-07-16,,,,,,,,0.0,1.0,
1.8507614135742188,93.0,,t_plus_10h,den,den:2026-07-16,-1.8507614135742188,KXHIGHDEN-26JUL16,,temperature,neuralcaster_v2,91.14923858642578,,2026-07-16T17:00:00+00:00,2026-07-16,,,,,,,,0.0,1.0,
1.8200836181640625,93.0,,t_plus_11h,den,den:2026-07-16,-1.8200836181640625,KXHIGHDEN-26JUL16,,temperature,neuralcaster_v2,91.17991638183594,,2026-07-16T18:00:00+00:00,2026-07-16,,,,,,,,0.0,1.0,
1.7164382934570312,93.0,,t_plus_12h,den,den:2026-07-16,-1.7164382934570312,KXHIGHDEN-26JUL16,,temperature,neuralcaster_v2,91.28356170654297,,2026-07-16T19:00:00+00:00,2026-07-16,,,,,,,,0.0,1.0,
1.7224578857421875,93.0,,t_plus_13h,den,den:2026-07-16,-1.7224578857421875,KXHIGHDEN-26JUL16,,temperature,neuralcaster_v2,91.27754211425781,,2026-07-16T20:00:00+00:00,2026-07-16,,,,,,,,0.0,1.0,
1.6871414184570312,93.0,,t_plus_14h,den,den:2026-07-16,-1.6871414184570312,KXHIGHDEN-26JUL16,,temperature,neuralcaster_v2,91.31285858154297,,2026-07-16T21:00:00+00:00,2026-07-16,,,,,,,,0.0,1.0,
0.6492691040039062,93.0,,t_plus_15h,den,den:2026-07-16,-0.6492691040039062,KXHIGHDEN-26JUL16,,temperature,neuralcaster_v2,92.3507308959961,,2026-07-16T22:00:00+00:00,2026-07-16,,,,,,,,1.0,1.0,
0.6477890014648438,93.0,,t_plus_16h,den,den:2026-07-16,-0.6477890014648438,KXHIGHDEN-26JUL16,,temperature,neuralcaster_v2,92.35221099853516,,2026-07-16T23:00:00+00:00,2026-07-16,,,,,,,,1.0,1.0,
0.6416854858398438,93.0,,t_plus_17h,den,den:2026-07-16,-0.6416854858398438,KXHIGHDEN-26JUL16,,temperature,neuralcaster_v2,92.35831451416016,,2026-07-17T00:00:00+00:00,2026-07-16,,,,,,,,1.0,1.0,
0.6175537109375,93.0,,t_plus_18h,den,den:2026-07-16,-0.6175537109375,KXHIGHDEN-26JUL16,,temperature,neuralcaster_v2,92.3824462890625,,2026-07-17T01:00:00+00:00,2026-07-16,,,,,,,,1.0,1.0,
0.5972366333007812,93.0,,t_plus_19h,den,den:2026-07-16,-0.5972366333007812,KXHIGHDEN-26JUL16,,temperature,neuralcaster_v2,92.40276336669922,,2026-07-17T02:00:00+00:00,2026-07-16,,,,,,,,1.0,1.0,
0.5949478149414062,93.0,,t_plus_20h,den,den:2026-07-16,-0.5949478149414062,KXHIGHDEN-26JUL16,,temperature,neuralcaster_v2,92.4050521850586,,2026-07-17T03:00:00+00:00,2026-07-16,,,,,,,,1.0,1.0,
0.5944442749023438,93.0,,t_plus_21h,den,den:2026-07-16,-0.5944442749023438,KXHIGHDEN-26JUL16,,temperature,neuralcaster_v2,92.40555572509766,,2026-07-17T04:00:00+00:00,2026-07-16,,,,,,,,1.0,1.0,
0.6052627563476562,93.0,,t_plus_22h,den,den:2026-07-16,-0.6052627563476562,KXHIGHDEN-26JUL16,,temperature,neuralcaster_v2,92.39473724365234,,2026-07-17T05:00:00+00:00,2026-07-16,,,,,,,,1.0,1.0,
0.6083984375,93.0,,t_plus_23h,den,den:2026-07-16,-0.6083984375,KXHIGHDEN-26JUL16,,temperature,neuralcaster_v2,92.3916015625,,2026-07-17T06:00:00+00:00,2026-07-16,,,,,,,,1.0,1.0,
0.8985519409179688,84.0,,t_plus_0h,la,la:2026-07-16,-0.8985519409179688,KXHIGHLAX-26JUL16,,temperature,neuralcaster_v2,83.10144805908203,,2026-07-16T08:00:00+00:00,2026-07-16,,,,,,,,1.0,1.0,
0.9577178955078125,84.0,,t_plus_1h,la,la:2026-07-16,-0.9577178955078125,KXHIGHLAX-26JUL16,,temperature,neuralcaster_v2,83.04228210449219,,2026-07-16T09:00:00+00:00,2026-07-16,,,,,,,,1.0,1.0,
1.06085205078125,84.0,,t_plus_2h,la,la:2026-07-16,-1.06085205078125,KXHIGHLAX-26JUL16,,temperature,neuralcaster_v2,82.93914794921875,,2026-07-16T10:00:00+00:00,2026-07-16,,,,,,,,0.0,1.0,
1.0283126831054688,84.0,,t_plus_3h,la,la:2026-07-16,-1.0283126831054688,KXHIGHLAX-26JUL16,,temperature,neuralcaster_v2,82.97168731689453,,2026-07-16T11:00:00+00:00,2026-07-16,,,,,,,,0.0,1.0,
1.0664291381835938,84.0,,t_plus_4h,la,la:2026-07-16,-1.0664291381835938,KXHIGHLAX-26JUL16,,temperature,neuralcaster_v2,82.9335708618164,,2026-07-16T12:00:00+00:00,2026-07-16,,,,,,,,0.0,1.0,
1.07061767578125,84.0,,t_plus_5h,la,la:2026-07-16,-1.07061767578125,KXHIGHLAX-26JUL16,,temperature,neuralcaster_v2,82.92938232421875,,2026-07-16T13:00:00+00:00,2026-07-16,,,,,,,,0.0,1.0,
1.1969223022460938,84.0,,t_plus_6h,la,la:2026-07-16,-1.1969223022460938,KXHIGHLAX-26JUL16,,temperature,neuralcaster_v2,82.8030776977539,,2026-07-16T14:00:00+00:00,2026-07-16,,,,,,,,0.0,1.0,
1.0237579345703125,84.0,,t_plus_7h,la,la:2026-07-16,-1.0237579345703125,KXHIGHLAX-26JUL16,,temperature,neuralcaster_v2,82.97624206542969,,2026-07-16T15:00:00+00:00,2026-07-16,,,,,,,,0.0,1.0,
0.8725204467773438,84.0,,t_plus_8h,la,la:2026-07-16,-0.8725204467773438,KXHIGHLAX-26JUL16,,temperature,neuralcaster_v2,83.12747955322266,,2026-07-16T16:00:00+00:00,2026-07-16,,,,,,,,1.0,1.0,
0.4698944091796875,84.0,,t_plus_9h,la,la:2026-07-16,-0.4698944091796875,KXHIGHLAX-26JUL16,,temperature,neuralcaster_v2,83.53010559082031,,2026-07-16T17:00:00+00:00,2026-07-16,,,,,,,,1.0,1.0,
0.4228668212890625,84.0,,t_plus_10h,la,la:2026-07-16,-0.4228668212890625,KXHIGHLAX-26JUL16,,temperature,neuralcaster_v2,83.57713317871094,,2026-07-16T18:00:00+00:00,2026-07-16,,,,,,,,1.0,1.0,
0.39894866943359375,84.0,,t_plus_11h,la,la:2026-07-16,-0.39894866943359375,KXHIGHLAX-26JUL16,,temperature,neuralcaster_v2,83.6010513305664,,2026-07-16T19:00:00+00:00,2026-07-16,,,,,,,,1.0,1.0,
0.678619384765625,84.0,,t_plus_12h,la,la:2026-07-16,0.678619384765625,KXHIGHLAX-26JUL16,,temperature,neuralcaster_v2,84.67861938476562,,2026-07-16T20:00:00+00:00,2026-07-16,,,,,,,,1.0,1.0,
0.5783157348632812,84.0,,t_plus_13h,la,la:2026-07-16,0.5783157348632812,KXHIGHLAX-26JUL16,,temperature,neuralcaster_v2,84.57831573486328,,2026-07-16T21:00:00+00:00,2026-07-16,,,,,,,,1.0,1.0,
0.5273208618164062,84.0,,t_plus_14h,la,la:2026-07-16,0.5273208618164062,KXHIGHLAX-26JUL16,,temperature,neuralcaster_v2,84.5273208618164,,2026-07-16T22:00:00+00:00,2026-07-16,,,,,,,,1.0,1.0,
0.5026016235351562,84.0,,t_plus_15h,la,la:2026-07-16,0.5026016235351562,KXHIGHLAX-26JUL16,,temperature,neuralcaster_v2,84.50260162353516,,2026-07-16T23:00:00+00:00,2026-07-16,,,,,,,,1.0,1.0,
0.48775482177734375,84.0,,t_plus_16h,la,la:2026-07-16,0.48775482177734375,KXHIGHLAX-26JUL16,,temperature,neuralcaster_v2,84.48775482177734,,2026-07-17T00:00:00+00:00,2026-07-16,,,,,,,,1.0,1.0,
0.5570220947265625,84.0,,t_plus_17h,la,la:2026-07-16,0.5570220947265625,KXHIGHLAX-26JUL16,,temperature,neuralcaster_v2,84.55702209472656,,2026-07-17T01:00:00+00:00,2026-07-16,,,,,,,,1.0,1.0,
0.5834503173828125,84.0,,t_plus_18h,la,la:2026-07-16,0.5834503173828125,KXHIGHLAX-26JUL16,,temperature,neuralcaster_v2,84.58345031738281,,2026-07-17T02:00:00+00:00,2026-07-16,,,,,,,,1.0,1.0,
0.5884552001953125,84.0,,t_plus_19h,la,la:2026-07-16,0.5884552001953125,KXHIGHLAX-26JUL16,,temperature,neuralcaster_v2,84.58845520019531,,2026-07-17T03:00:00+00:00,2026-07-16,,,,,,,,1.0,1.0,
0.5897979736328125,84.0,,t_plus_20h,la,la:2026-07-16,0.5897979736328125,KXHIGHLAX-26JUL16,,temperature,neuralcaster_v2,84.58979797363281,,2026-07-17T04:00:00+00:00,2026-07-16,,,,,,,,1.0,1.0,
0.5896987915039062,84.0,,t_plus_21h,la,la:2026-07-16,0.5896987915039062,KXHIGHLAX-26JUL16,,temperature,neuralcaster_v2,84.5896987915039,,2026-07-17T05:00:00+00:00,2026-07-16,,,,,,,,1.0,1.0,
0.59228515625,84.0,,t_plus_22h,la,la:2026-07-16,0.59228515625,KXHIGHLAX-26JUL16,,temperature,neuralcaster_v2,84.59228515625,,2026-07-17T06:00:00+00:00,2026-07-16,,,,,,,,1.0,1.0,
0.5935440063476562,84.0,,t_plus_23h,la,la:2026-07-16,0.5935440063476562,KXHIGHLAX-26JUL16,,temperature,neuralcaster_v2,84.59354400634766,,2026-07-17T07:00:00+00:00,2026-07-16,,,,,,,,1.0,1.0,
1.736968994140625,97.0,,t_plus_0h,mia,mia:2026-07-16,-1.736968994140625,KXHIGHMIA-26JUL16,,temperature,neuralcaster_v2,95.26303100585938,,2026-07-16T05:00:00+00:00,2026-07-16,,,,,,,,0.0,1.0,
1.5599212646484375,97.0,,t_plus_1h,mia,mia:2026-07-16,-1.5599212646484375,KXHIGHMIA-26JUL16,,temperature,neuralcaster_v2,95.44007873535156,,2026-07-16T06:00:00+00:00,2026-07-16,,,,,,,,0.0,1.0,
1.4820404052734375,97.0,,t_plus_2h,mia,mia:2026-07-16,-1.4820404052734375,KXHIGHMIA-26JUL16,,temperature,neuralcaster_v2,95.51795959472656,,2026-07-16T07:00:00+00:00,2026-07-16,,,,,,,,0.0,1.0,
1.4354705810546875,97.0,,t_plus_3h,mia,mia:2026-07-16,-1.4354705810546875,KXHIGHMIA-26JUL16,,temperature,neuralcaster_v2,95.56452941894531,,2026-07-16T08:00:00+00:00,2026-07-16,,,,,,,,0.0,1.0,
1.3896484375,97.0,,t_plus_4h,mia,mia:2026-07-16,-1.3896484375,KXHIGHMIA-26JUL16,,temperature,neuralcaster_v2,95.6103515625,,2026-07-16T09:00:00+00:00,2026-07-16,,,,,,,,0.0,1.0,
1.3600006103515625,97.0,,t_plus_5h,mia,mia:2026-07-16,-1.3600006103515625,KXHIGHMIA-26JUL16,,temperature,neuralcaster_v2,95.63999938964844,,2026-07-16T10:00:00+00:00,2026-07-16,,,,,,,,0.0,1.0,
1.3625259399414062,97.0,,t_plus_6h,mia,mia:2026-07-16,-1.3625259399414062,KXHIGHMIA-26JUL16,,temperature,neuralcaster_v2,95.6374740600586,,2026-07-16T11:00:00+00:00,2026-07-16,,,,,,,,0.0,1.0,
1.6635971069335938,97.0,,t_plus_7h,mia,mia:2026-07-16,-1.6635971069335938,KXHIGHMIA-26JUL16,,temperature,neuralcaster_v2,95.3364028930664,,2026-07-16T12:00:00+00:00,2026-07-16,,,,,,,,0.0,1.0,
1.7413482666015625,97.0,,t_plus_8h,mia,mia:2026-07-16,-1.7413482666015625,KXHIGHMIA-26JUL16,,temperature,neuralcaster_v2,95.25865173339844,,2026-07-16T13:00:00+00:00,2026-07-16,,,,,,,,0.0,1.0,
1.9593582153320312,97.0,,t_plus_9h,mia,mia:2026-07-16,-1.9593582153320312,KXHIGHMIA-26JUL16,,temperature,neuralcaster_v2,95.04064178466797,,2026-07-16T14:00:00+00:00,2026-07-16,,,,,,,,0.0,1.0,
1.658599853515625,97.0,,t_plus_10h,mia,mia:2026-07-16,-1.658599853515625,KXHIGHMIA-26JUL16,,temperature,neuralcaster_v2,95.34140014648438,,2026-07-16T15:00:00+00:00,2026-07-16,,,,,,,,0.0,1.0,
1.6015243530273438,97.0,,t_plus_11h,mia,mia:2026-07-16,-1.6015243530273438,KXHIGHMIA-26JUL16,,temperature,neuralcaster_v2,95.39847564697266,,2026-07-16T16:00:00+00:00,2026-07-16,,,,,,,,0.0,1.0,
1.63616943359375,97.0,,t_plus_12h,mia,mia:2026-07-16,-1.63616943359375,KXHIGHMIA-26JUL16,,temperature,neuralcaster_v2,95.36383056640625,,2026-07-16T17:00:00+00:00,2026-07-16,,,,,,,,0.0,1.0,
1.668487548828125,97.0,,t_plus_13h,mia,mia:2026-07-16,-1.668487548828125,KXHIGHMIA-26JUL16,,temperature,neuralcaster_v2,95.33151245117188,,2026-07-16T18:00:00+00:00,2026-07-16,,,,,,,,0.0,1.0,
2.760955810546875,97.0,,t_plus_14h,mia,mia:2026-07-16,-2.760955810546875,KXHIGHMIA-26JUL16,,temperature,neuralcaster_v2,94.23904418945312,,2026-07-16T19:00:00+00:00,2026-07-16,,,,,,,,0.0,0.0,
0.24787139892578125,97.0,,t_plus_15h,mia,mia:2026-07-16,0.24787139892578125,KXHIGHMIA-26JUL16,,temperature,neuralcaster_v2,97.24787139892578,,2026-07-16T20:00:00+00:00,2026-07-16,,,,,,,,1.0,1.0,
0.23041534423828125,97.0,,t_plus_16h,mia,mia:2026-07-16,0.23041534423828125,KXHIGHMIA-26JUL16,,temperature,neuralcaster_v2,97.23041534423828,,2026-07-16T21:00:00+00:00,2026-07-16,,,,,,,,1.0,1.0,
0.22020721435546875,97.0,,t_plus_17h,mia,mia:2026-07-16,0.22020721435546875,KXHIGHMIA-26JUL16,,temperature,neuralcaster_v2,97.22020721435547,,2026-07-16T22:00:00+00:00,2026-07-16,,,,,,,,1.0,1.0,
0.2229156494140625,97.0,,t_plus_18h,mia,mia:2026-07-16,0.2229156494140625,KXHIGHMIA-26JUL16,,temperature,neuralcaster_v2,97.22291564941406,,2026-07-16T23:00:00+00:00,2026-07-16,,,,,,,,1.0,1.0,
0.2645416259765625,97.0,,t_plus_19h,mia,mia:2026-07-16,0.2645416259765625,KXHIGHMIA-26JUL16,,temperature,neuralcaster_v2,97.26454162597656,,2026-07-17T00:00:00+00:00,2026-07-16,,,,,,,,1.0,1.0,
0.285247802734375,97.0,,t_plus_20h,mia,mia:2026-07-16,0.285247802734375,KXHIGHMIA-26JUL16,,temperature,neuralcaster_v2,97.28524780273438,,2026-07-17T01:00:00+00:00,2026-07-16,,,,,,,,1.0,1.0,
0.2795257568359375,97.0,,t_plus_21h,mia,mia:2026-07-16,0.2795257568359375,KXHIGHMIA-26JUL16,,temperature,neuralcaster_v2,97.27952575683594,,2026-07-17T02:00:00+00:00,2026-07-16,,,,,,,,1.0,1.0,
0.27460479736328125,97.0,,t_plus_22h,mia,mia:2026-07-16,0.27460479736328125,KXHIGHMIA-26JUL16,,temperature,neuralcaster_v2,97.27460479736328,,2026-07-17T03:00:00+00:00,2026-07-16,,,,,,,,1.0,1.0,
0.27509307861328125,97.0,,t_plus_23h,mia,mia:2026-07-16,0.27509307861328125,KXHIGHMIA-26JUL16,,temperature,neuralcaster_v2,97.27509307861328,,2026-07-17T04:00:00+00:00,2026-07-16,,,,,,,,1.0,1.0,
8.081626892089844,85.0,,t_plus_0h,nyc,nyc:2026-07-16,8.081626892089844,KXHIGHNY-26JUL16,,temperature,neuralcaster_v2,93.08162689208984,,2026-07-16T05:00:00+00:00,2026-07-16,,,,,,,,0.0,0.0,
8.1893310546875,85.0,,t_plus_1h,nyc,nyc:2026-07-16,8.1893310546875,KXHIGHNY-26JUL16,,temperature,neuralcaster_v2,93.1893310546875,,2026-07-16T06:00:00+00:00,2026-07-16,,,,,,,,0.0,0.0,
8.154861450195312,85.0,,t_plus_2h,nyc,nyc:2026-07-16,8.154861450195312,KXHIGHNY-26JUL16,,temperature,neuralcaster_v2,93.15486145019531,,2026-07-16T07:00:00+00:00,2026-07-16,,,,,,,,0.0,0.0,
8.130393981933594,85.0,,t_plus_3h,nyc,nyc:2026-07-16,8.130393981933594,KXHIGHNY-26JUL16,,temperature,neuralcaster_v2,93.1303939819336,,2026-07-16T08:00:00+00:00,2026-07-16,,,,,,,,0.0,0.0,
7.69580078125,85.0,,t_plus_4h,nyc,nyc:2026-07-16,7.69580078125,KXHIGHNY-26JUL16,,temperature,neuralcaster_v2,92.69580078125,,2026-07-16T09:00:00+00:00,2026-07-16,,,,,,,,0.0,0.0,
7.769187927246094,85.0,,t_plus_5h,nyc,nyc:2026-07-16,7.769187927246094,KXHIGHNY-26JUL16,,temperature,neuralcaster_v2,92.7691879272461,,2026-07-16T10:00:00+00:00,2026-07-16,,,,,,,,0.0,0.0,
7.7801055908203125,85.0,,t_plus_6h,nyc,nyc:2026-07-16,7.7801055908203125,KXHIGHNY-26JUL16,,temperature,neuralcaster_v2,92.78010559082031,,2026-07-16T11:00:00+00:00,2026-07-16,,,,,,,,0.0,0.0,
7.7833709716796875,85.0,,t_plus_7h,nyc,nyc:2026-07-16,7.7833709716796875,KXHIGHNY-26JUL16,,temperature,neuralcaster_v2,92.78337097167969,,2026-07-16T12:00:00+00:00,2026-07-16,,,,,,,,0.0,0.0,
7.7959442138671875,85.0,,t_plus_8h,nyc,nyc:2026-07-16,7.7959442138671875,KXHIGHNY-26JUL16,,temperature,neuralcaster_v2,92.79594421386719,,2026-07-16T13:00:00+00:00,2026-07-16,,,,,,,,0.0,0.0,
7.762565612792969,85.0,,t_plus_9h,nyc,nyc:2026-07-16,7.762565612792969,KXHIGHNY-26JUL16,,temperature,neuralcaster_v2,92.76256561279297,,2026-07-16T14:00:00+00:00,2026-07-16,,,,,,,,0.0,0.0,
7.319511413574219,85.0,,t_plus_10h,nyc,nyc:2026-07-16,7.319511413574219,KXHIGHNY-26JUL16,,temperature,neuralcaster_v2,92.31951141357422,,2026-07-16T15:00:00+00:00,2026-07-16,,,,,,,,0.0,0.0,
7.325248718261719,85.0,,t_plus_11h,nyc,nyc:2026-07-16,7.325248718261719,KXHIGHNY-26JUL16,,temperature,neuralcaster_v2,92.32524871826172,,2026-07-16T16:00:00+00:00,2026-07-16,,,,,,,,0.0,0.0,
7.328208923339844,85.0,,t_plus_12h,nyc,nyc:2026-07-16,7.328208923339844,KXHIGHNY-26JUL16,,temperature,neuralcaster_v2,92.32820892333984,,2026-07-16T17:00:00+00:00,2026-07-16,,,,,,,,0.0,0.0,
7.332588195800781,85.0,,t_plus_13h,nyc,nyc:2026-07-16,7.332588195800781,KXHIGHNY-26JUL16,,temperature,neuralcaster_v2,92.33258819580078,,2026-07-16T18:00:00+00:00,2026-07-16,,,,,,,,0.0,0.0,
7.323158264160156,85.0,,t_plus_14h,nyc,nyc:2026-07-16,7.323158264160156,KXHIGHNY-26JUL16,,temperature,neuralcaster_v2,92.32315826416016,,2026-07-16T19:00:00+00:00,2026-07-16,,,,,,,,0.0,0.0,
7.358848571777344,85.0,,t_plus_15h,nyc,nyc:2026-07-16,7.358848571777344,KXHIGHNY-26JUL16,,temperature,neuralcaster_v2,92.35884857177734,,2026-07-16T20:00:00+00:00,2026-07-16,,,,,,,,0.0,0.0,
6.465934753417969,85.0,,t_plus_16h,nyc,nyc:2026-07-16,6.465934753417969,KXHIGHNY-26JUL16,,temperature,neuralcaster_v2,91.46593475341797,,2026-07-16T21:00:00+00:00,2026-07-16,,,,,,,,0.0,0.0,
6.312530517578125,85.0,,t_plus_17h,nyc,nyc:2026-07-16,6.312530517578125,KXHIGHNY-26JUL16,,temperature,neuralcaster_v2,91.31253051757812,,2026-07-16T22:00:00+00:00,2026-07-16,,,,,,,,0.0,0.0,
5.553413391113281,85.0,,t_plus_18h,nyc,nyc:2026-07-16,5.553413391113281,KXHIGHNY-26JUL16,,temperature,neuralcaster_v2,90.55341339111328,,2026-07-16T23:00:00+00:00,2026-07-16,,,,,,,,0.0,0.0,
1.4198989868164062,85.0,,t_plus_19h,nyc,nyc:2026-07-16,1.4198989868164062,KXHIGHNY-26JUL16,,temperature,neuralcaster_v2,86.4198989868164,,2026-07-17T00:00:00+00:00,2026-07-16,,,,,,,,0.0,1.0,
0.24068450927734375,85.0,,t_plus_20h,nyc,nyc:2026-07-16,0.24068450927734375,KXHIGHNY-26JUL16,,temperature,neuralcaster_v2,85.24068450927734,,2026-07-17T01:00:00+00:00,2026-07-16,,,,,,,,1.0,1.0,
0.2539215087890625,85.0,,t_plus_21h,nyc,nyc:2026-07-16,0.2539215087890625,KXHIGHNY-26JUL16,,temperature,neuralcaster_v2,85.25392150878906,,2026-07-17T02:00:00+00:00,2026-07-16,,,,,,,,1.0,1.0,
0.287628173828125,85.0,,t_plus_22h,nyc,nyc:2026-07-16,0.287628173828125,KXHIGHNY-26JUL16,,temperature,neuralcaster_v2,85.28762817382812,,2026-07-17T03:00:00+00:00,2026-07-16,,,,,,,,1.0,1.0,
0.295013427734375,85.0,,t_plus_23h,nyc,nyc:2026-07-16,0.295013427734375,KXHIGHNY-26JUL16,,temperature,neuralcaster_v2,85.29501342773438,,2026-07-17T04:00:00+00:00,2026-07-16,,,,,,,,1.0,1.0,
0.20996856689453125,86.0,,t_plus_0h,okc,okc:2026-07-16,0.20996856689453125,KXHIGHTOKC-26JUL16,,temperature,neuralcaster_v2,86.20996856689453,,2026-07-16T06:00:00+00:00,2026-07-16,,,,,,,,1.0,1.0,
0.09677886962890625,86.0,,t_plus_1h,okc,okc:2026-07-16,0.09677886962890625,KXHIGHTOKC-26JUL16,,temperature,neuralcaster_v2,86.0967788696289,,2026-07-16T07:00:00+00:00,2026-07-16,,,,,,,,1.0,1.0,
0.09986114501953125,86.0,,t_plus_2h,okc,okc:2026-07-16,0.09986114501953125,KXHIGHTOKC-26JUL16,,temperature,neuralcaster_v2,86.09986114501953,,2026-07-16T08:00:00+00:00,2026-07-16,,,,,,,,1.0,1.0,
0.8875885009765625,86.0,,t_plus_3h,okc,okc:2026-07-16,0.8875885009765625,KXHIGHTOKC-26JUL16,,temperature,neuralcaster_v2,86.88758850097656,,2026-07-16T09:00:00+00:00,2026-07-16,,,,,,,,1.0,1.0,
0.2624053955078125,86.0,,t_plus_4h,okc,okc:2026-07-16,-0.2624053955078125,KXHIGHTOKC-26JUL16,,temperature,neuralcaster_v2,85.73759460449219,,2026-07-16T10:00:00+00:00,2026-07-16,,,,,,,,1.0,1.0,
0.45403289794921875,86.0,,t_plus_5h,okc,okc:2026-07-16,-0.45403289794921875,KXHIGHTOKC-26JUL16,,temperature,neuralcaster_v2,85.54596710205078,,2026-07-16T11:00:00+00:00,2026-07-16,,,,,,,,1.0,1.0,
0.5485458374023438,86.0,,t_plus_6h,okc,okc:2026-07-16,-0.5485458374023438,KXHIGHTOKC-26JUL16,,temperature,neuralcaster_v2,85.45145416259766,,2026-07-16T12:00:00+00:00,2026-07-16,,,,,,,,1.0,1.0,
0.501983642578125,86.0,,t_plus_7h,okc,okc:2026-07-16,-0.501983642578125,KXHIGHTOKC-26JUL16,,temperature,neuralcaster_v2,85.49801635742188,,2026-07-16T13:00:00+00:00,2026-07-16,,,,,,,,1.0,1.0,
0.43480682373046875,86.0,,t_plus_8h,okc,okc:2026-07-16,-0.43480682373046875,KXHIGHTOKC-26JUL16,,temperature,neuralcaster_v2,85.56519317626953,,2026-07-16T14:00:00+00:00,2026-07-16,,,,,,,,1.0,1.0,
0.5123748779296875,86.0,,t_plus_9h,okc,okc:2026-07-16,-0.5123748779296875,KXHIGHTOKC-26JUL16,,temperature,neuralcaster_v2,85.48762512207031,,2026-07-16T15:00:00+00:00,2026-07-16,,,,,,,,1.0,1.0,
1.3090133666992188,86.0,,t_plus_10h,okc,okc:2026-07-16,1.3090133666992188,KXHIGHTOKC-26JUL16,,temperature,neuralcaster_v2,87.30901336669922,,2026-07-16T16:00:00+00:00,2026-07-16,,,,,,,,0.0,1.0,
1.4340896606445312,86.0,,t_plus_11h,okc,okc:2026-07-16,1.4340896606445312,KXHIGHTOKC-26JUL16,,temperature,neuralcaster_v2,87.43408966064453,,2026-07-16T17:00:00+00:00,2026-07-16,,,,,,,,0.0,1.0,
1.4661102294921875,86.0,,t_plus_12h,okc,okc:2026-07-16,1.4661102294921875,KXHIGHTOKC-26JUL16,,temperature,neuralcaster_v2,87.46611022949219,,2026-07-16T18:00:00+00:00,2026-07-16,,,,,,,,0.0,1.0,
1.5886993408203125,86.0,,t_plus_13h,okc,okc:2026-07-16,1.5886993408203125,KXHIGHTOKC-26JUL16,,temperature,neuralcaster_v2,87.58869934082031,,2026-07-16T19:00:00+00:00,2026-07-16,,,,,,,,0.0,1.0,
1.6212615966796875,86.0,,t_plus_14h,okc,okc:2026-07-16,1.6212615966796875,KXHIGHTOKC-26JUL16,,temperature,neuralcaster_v2,87.62126159667969,,2026-07-16T20:00:00+00:00,2026-07-16,,,,,,,,0.0,1.0,
1.6201400756835938,86.0,,t_plus_15h,okc,okc:2026-07-16,1.6201400756835938,KXHIGHTOKC-26JUL16,,temperature,neuralcaster_v2,87.6201400756836,,2026-07-16T21:00:00+00:00,2026-07-16,,,,,,,,0.0,1.0,
1.6201858520507812,86.0,,t_plus_16h,okc,okc:2026-07-16,1.6201858520507812,KXHIGHTOKC-26JUL16,,temperature,neuralcaster_v2,87.62018585205078,,2026-07-16T22:00:00+00:00,2026-07-16,,,,,,,,0.0,1.0,
0.5686798095703125,86.0,,t_plus_17h,okc,okc:2026-07-16,0.5686798095703125,KXHIGHTOKC-26JUL16,,temperature,neuralcaster_v2,86.56867980957031,,2026-07-16T23:00:00+00:00,2026-07-16,,,,,,,,1.0,1.0,
0.3748321533203125,86.0,,t_plus_18h,okc,okc:2026-07-16,0.3748321533203125,KXHIGHTOKC-26JUL16,,temperature,neuralcaster_v2,86.37483215332031,,2026-07-17T00:00:00+00:00,2026-07-16,,,,,,,,1.0,1.0,
0.38162994384765625,86.0,,t_plus_19h,okc,okc:2026-07-16,0.38162994384765625,KXHIGHTOKC-26JUL16,,temperature,neuralcaster_v2,86.38162994384766,,2026-07-17T01:00:00+00:00,2026-07-16,,,,,,,,1.0,1.0,
0.42229461669921875,86.0,,t_plus_20h,okc,okc:2026-07-16,0.42229461669921875,KXHIGHTOKC-26JUL16,,temperature,neuralcaster_v2,86.42229461669922,,2026-07-17T02:00:00+00:00,2026-07-16,,,,,,,,1.0,1.0,
0.42792510986328125,86.0,,t_plus_21h,okc,okc:2026-07-16,0.42792510986328125,KXHIGHTOKC-26JUL16,,temperature,neuralcaster_v2,86.42792510986328,,2026-07-17T03:00:00+00:00,2026-07-16,,,,,,,,1.0,1.0,
0.43072509765625,86.0,,t_plus_22h,okc,okc:2026-07-16,0.43072509765625,KXHIGHTOKC-26JUL16,,temperature,neuralcaster_v2,86.43072509765625,,2026-07-17T04:00:00+00:00,2026-07-16,,,,,,,,1.0,1.0,
0.427764892578125,86.0,,t_plus_23h,okc,okc:2026-07-16,0.427764892578125,KXHIGHTOKC-26JUL16,,temperature,neuralcaster_v2,86.42776489257812,,2026-07-17T05:00:00+00:00,2026-07-16,,,,,,,,1.0,1.0,
1.1783447265625,94.0,,t_plus_0h,aus,aus:2026-07-17,-1.1783447265625,KXHIGHAUS-26JUL17,,temperature,neuralcaster_v2,92.8216552734375,,2026-07-17T06:00:00+00:00,2026-07-17,,,,,,,,0.0,1.0,
0.1969451904296875,94.0,,t_plus_1h,aus,aus:2026-07-17,-0.1969451904296875,KXHIGHAUS-26JUL17,,temperature,neuralcaster_v2,93.80305480957031,,2026-07-17T07:00:00+00:00,2026-07-17,,,,,,,,1.0,1.0,
0.114044189453125,94.0,,t_plus_2h,aus,aus:2026-07-17,0.114044189453125,KXHIGHAUS-26JUL17,,temperature,neuralcaster_v2,94.11404418945312,,2026-07-17T08:00:00+00:00,2026-07-17,,,,,,,,1.0,1.0,
0.22029876708984375,94.0,,t_plus_3h,aus,aus:2026-07-17,0.22029876708984375,KXHIGHAUS-26JUL17,,temperature,neuralcaster_v2,94.22029876708984,,2026-07-17T09:00:00+00:00,2026-07-17,,,,,,,,1.0,1.0,
0.2561492919921875,94.0,,t_plus_4h,aus,aus:2026-07-17,0.2561492919921875,KXHIGHAUS-26JUL17,,temperature,neuralcaster_v2,94.25614929199219,,2026-07-17T10:00:00+00:00,2026-07-17,,,,,,,,1.0,1.0,
0.27140045166015625,94.0,,t_plus_5h,aus,aus:2026-07-17,0.27140045166015625,KXHIGHAUS-26JUL17,,temperature,neuralcaster_v2,94.27140045166016,,2026-07-17T11:00:00+00:00,2026-07-17,,,,,,,,1.0,1.0,
0.3356475830078125,94.0,,t_plus_6h,aus,aus:2026-07-17,0.3356475830078125,KXHIGHAUS-26JUL17,,temperature,neuralcaster_v2,94.33564758300781,,2026-07-17T12:00:00+00:00,2026-07-17,,,,,,,,1.0,1.0,
0.3372650146484375,94.0,,t_plus_7h,aus,aus:2026-07-17,0.3372650146484375,KXHIGHAUS-26JUL17,,temperature,neuralcaster_v2,94.33726501464844,,2026-07-17T13:00:00+00:00,2026-07-17,,,,,,,,1.0,1.0,
0.32659912109375,94.0,,t_plus_8h,aus,aus:2026-07-17,0.32659912109375,KXHIGHAUS-26JUL17,,temperature,neuralcaster_v2,94.32659912109375,,2026-07-17T14:00:00+00:00,2026-07-17,,,,,,,,1.0,1.0,
0.23960113525390625,94.0,,t_plus_9h,aus,aus:2026-07-17,0.23960113525390625,KXHIGHAUS-26JUL17,,temperature,neuralcaster_v2,94.2396011352539,,2026-07-17T15:00:00+00:00,2026-07-17,,,,,,,,1.0,1.0,
0.17807769775390625,94.0,,t_plus_10h,aus,aus:2026-07-17,0.17807769775390625,KXHIGHAUS-26JUL17,,temperature,neuralcaster_v2,94.1780776977539,,2026-07-17T16:00:00+00:00,2026-07-17,,,,,,,,1.0,1.0,
0.11820220947265625,94.0,,t_plus_11h,aus,aus:2026-07-17,0.11820220947265625,KXHIGHAUS-26JUL17,,temperature,neuralcaster_v2,94.11820220947266,,2026-07-17T17:00:00+00:00,2026-07-17,,,,,,,,1.0,1.0,
0.0814056396484375,94.0,,t_plus_12h,aus,aus:2026-07-17,0.0814056396484375,KXHIGHAUS-26JUL17,,temperature,neuralcaster_v2,94.08140563964844,,2026-07-17T18:00:00+00:00,2026-07-17,,,,,,,,1.0,1.0,
0.03514862060546875,94.0,,t_plus_13h,aus,aus:2026-07-17,-0.03514862060546875,KXHIGHAUS-26JUL17,,temperature,neuralcaster_v2,93.96485137939453,,2026-07-17T19:00:00+00:00,2026-07-17,,,,,,,,1.0,1.0,
0.13573455810546875,94.0,,t_plus_14h,aus,aus:2026-07-17,-0.13573455810546875,KXHIGHAUS-26JUL17,,temperature,neuralcaster_v2,93.86426544189453,,2026-07-17T20:00:00+00:00,2026-07-17,,,,,,,,1.0,1.0,
0.7433547973632812,94.0,,t_plus_15h,aus,aus:2026-07-17,0.7433547973632812,KXHIGHAUS-26JUL17,,temperature,neuralcaster_v2,94.74335479736328,,2026-07-17T21:00:00+00:00,2026-07-17,,,,,,,,1.0,1.0,
0.3517913818359375,94.0,,t_plus_16h,aus,aus:2026-07-17,0.3517913818359375,KXHIGHAUS-26JUL17,,temperature,neuralcaster_v2,94.35179138183594,,2026-07-17T22:00:00+00:00,2026-07-17,,,,,,,,1.0,1.0,
0.660186767578125,94.0,,t_plus_17h,aus,aus:2026-07-17,0.660186767578125,KXHIGHAUS-26JUL17,,temperature,neuralcaster_v2,94.66018676757812,,2026-07-17T23:00:00+00:00,2026-07-17,,,,,,,,1.0,1.0,
0.6156692504882812,94.0,,t_plus_18h,aus,aus:2026-07-17,0.6156692504882812,KXHIGHAUS-26JUL17,,temperature,neuralcaster_v2,94.61566925048828,,2026-07-18T00:00:00+00:00,2026-07-17,,,,,,,,1.0,1.0,
0.5881729125976562,94.0,,t_plus_19h,aus,aus:2026-07-17,0.5881729125976562,KXHIGHAUS-26JUL17,,temperature,neuralcaster_v2,94.58817291259766,,2026-07-18T01:00:00+00:00,2026-07-17,,,,,,,,1.0,1.0,
0.6828994750976562,94.0,,t_plus_20h,aus,aus:2026-07-17,0.6828994750976562,KXHIGHAUS-26JUL17,,temperature,neuralcaster_v2,94.68289947509766,,2026-07-18T02:00:00+00:00,2026-07-17,,,,,,,,1.0,1.0,
0.6389312744140625,94.0,,t_plus_21h,aus,aus:2026-07-17,0.6389312744140625,KXHIGHAUS-26JUL17,,temperature,neuralcaster_v2,94.63893127441406,,2026-07-18T03:00:00+00:00,2026-07-17,,,,,,,,1.0,1.0,
0.6414718627929688,94.0,,t_plus_22h,aus,aus:2026-07-17,0.6414718627929688,KXHIGHAUS-26JUL17,,temperature,neuralcaster_v2,94.64147186279297,,2026-07-18T04:00:00+00:00,2026-07-17,,,,,,,,1.0,1.0,
0.592071533203125,94.0,,t_plus_23h,aus,aus:2026-07-17,0.592071533203125,KXHIGHAUS-26JUL17,,temperature,neuralcaster_v2,94.59207153320312,,2026-07-18T05:00:00+00:00,2026-07-17,,,,,,,,1.0,1.0,
1.2379913330078125,92.0,,t_plus_0h,den,den:2026-07-17,1.2379913330078125,KXHIGHDEN-26JUL17,,temperature,neuralcaster_v2,93.23799133300781,,2026-07-17T07:00:00+00:00,2026-07-17,,,,,,,,0.0,1.0,
1.9425125122070312,92.0,,t_plus_1h,den,den:2026-07-17,1.9425125122070312,KXHIGHDEN-26JUL17,,temperature,neuralcaster_v2,93.94251251220703,,2026-07-17T08:00:00+00:00,2026-07-17,,,,,,,,0.0,1.0,
2.0392837524414062,92.0,,t_plus_2h,den,den:2026-07-17,2.0392837524414062,KXHIGHDEN-26JUL17,,temperature,neuralcaster_v2,94.0392837524414,,2026-07-17T09:00:00+00:00,2026-07-17,,,,,,,,0.0,0.0,
2.2009201049804688,92.0,,t_plus_3h,den,den:2026-07-17,2.2009201049804688,KXHIGHDEN-26JUL17,,temperature,neuralcaster_v2,94.20092010498047,,2026-07-17T10:00:00+00:00,2026-07-17,,,,,,,,0.0,0.0,
2.5047760009765625,92.0,,t_plus_4h,den,den:2026-07-17,2.5047760009765625,KXHIGHDEN-26JUL17,,temperature,neuralcaster_v2,94.50477600097656,,2026-07-17T11:00:00+00:00,2026-07-17,,,,,,,,0.0,0.0,
2.5989532470703125,92.0,,t_plus_5h,den,den:2026-07-17,2.5989532470703125,KXHIGHDEN-26JUL17,,temperature,neuralcaster_v2,94.59895324707031,,2026-07-17T12:00:00+00:00,2026-07-17,,,,,,,,0.0,0.0,
2.538726806640625,92.0,,t_plus_6h,den,den:2026-07-17,2.538726806640625,KXHIGHDEN-26JUL17,,temperature,neuralcaster_v2,94.53872680664062,,2026-07-17T13:00:00+00:00,2026-07-17,,,,,,,,0.0,0.0,
2.503265380859375,92.0,,t_plus_7h,den,den:2026-07-17,2.503265380859375,KXHIGHDEN-26JUL17,,temperature,neuralcaster_v2,94.50326538085938,,2026-07-17T14:00:00+00:00,2026-07-17,,,,,,,,0.0,0.0,
1.9058761596679688,92.0,,t_plus_8h,den,den:2026-07-17,1.9058761596679688,KXHIGHDEN-26JUL17,,temperature,neuralcaster_v2,93.90587615966797,,2026-07-17T15:00:00+00:00,2026-07-17,,,,,,,,0.0,1.0,
1.6892929077148438,92.0,,t_plus_9h,den,den:2026-07-17,1.6892929077148438,KXHIGHDEN-26JUL17,,temperature,neuralcaster_v2,93.68929290771484,,2026-07-17T16:00:00+00:00,2026-07-17,,,,,,,,0.0,1.0,
1.5677871704101562,92.0,,t_plus_10h,den,den:2026-07-17,1.5677871704101562,KXHIGHDEN-26JUL17,,temperature,neuralcaster_v2,93.56778717041016,,2026-07-17T17:00:00+00:00,2026-07-17,,,,,,,,0.0,1.0,
1.68353271484375,92.0,,t_plus_11h,den,den:2026-07-17,1.68353271484375,KXHIGHDEN-26JUL17,,temperature,neuralcaster_v2,93.68353271484375,,2026-07-17T18:00:00+00:00,2026-07-17,,,,,,,,0.0,1.0,
1.4470748901367188,92.0,,t_plus_12h,den,den:2026-07-17,1.4470748901367188,KXHIGHDEN-26JUL17,,temperature,neuralcaster_v2,93.44707489013672,,2026-07-17T19:00:00+00:00,2026-07-17,,,,,,,,0.0,1.0,
1.2341156005859375,92.0,,t_plus_13h,den,den:2026-07-17,1.2341156005859375,KXHIGHDEN-26JUL17,,temperature,neuralcaster_v2,93.23411560058594,,2026-07-17T20:00:00+00:00,2026-07-17,,,,,,,,0.0,1.0,
0.6998977661132812,92.0,,t_plus_14h,den,den:2026-07-17,0.6998977661132812,KXHIGHDEN-26JUL17,,temperature,neuralcaster_v2,92.69989776611328,,2026-07-17T21:00:00+00:00,2026-07-17,,,,,,,,1.0,1.0,
0.05426025390625,92.0,,t_plus_15h,den,den:2026-07-17,0.05426025390625,KXHIGHDEN-26JUL17,,temperature,neuralcaster_v2,92.05426025390625,,2026-07-17T22:00:00+00:00,2026-07-17,,,,,,,,1.0,1.0,
0.13712310791015625,92.0,,t_plus_16h,den,den:2026-07-17,-0.13712310791015625,KXHIGHDEN-26JUL17,,temperature,neuralcaster_v2,91.86287689208984,,2026-07-17T23:00:00+00:00,2026-07-17,,,,,,,,1.0,1.0,
0.9181747436523438,92.0,,t_plus_17h,den,den:2026-07-17,-0.9181747436523438,KXHIGHDEN-26JUL17,,temperature,neuralcaster_v2,91.08182525634766,,2026-07-18T00:00:00+00:00,2026-07-17,,,,,,,,1.0,1.0,
1.229736328125,92.0,,t_plus_18h,den,den:2026-07-17,-1.229736328125,KXHIGHDEN-26JUL17,,temperature,neuralcaster_v2,90.770263671875,,2026-07-18T01:00:00+00:00,2026-07-17,,,,,,,,0.0,1.0,
1.298431396484375,92.0,,t_plus_19h,den,den:2026-07-17,-1.298431396484375,KXHIGHDEN-26JUL17,,temperature,neuralcaster_v2,90.70156860351562,,2026-07-18T02:00:00+00:00,2026-07-17,,,,,,,,0.0,1.0,
1.2728042602539062,92.0,,t_plus_20h,den,den:2026-07-17,-1.2728042602539062,KXHIGHDEN-26JUL17,,temperature,neuralcaster_v2,90.7271957397461,,2026-07-18T03:00:00+00:00,2026-07-17,,,,,,,,0.0,1.0,
1.09710693359375,92.0,,t_plus_21h,den,den:2026-07-17,-1.09710693359375,KXHIGHDEN-26JUL17,,temperature,neuralcaster_v2,90.90289306640625,,2026-07-18T04:00:00+00:00,2026-07-17,,,,,,,,0.0,1.0,
0.9979782104492188,92.0,,t_plus_22h,den,den:2026-07-17,-0.9979782104492188,KXHIGHDEN-26JUL17,,temperature,neuralcaster_v2,91.00202178955078,,2026-07-18T05:00:00+00:00,2026-07-17,,,,,,,,1.0,1.0,
0.9825973510742188,92.0,,t_plus_23h,den,den:2026-07-17,-0.9825973510742188,KXHIGHDEN-26JUL17,,temperature,neuralcaster_v2,91.01740264892578,,2026-07-18T06:00:00+00:00,2026-07-17,,,,,,,,1.0,1.0,
8.154441833496094,86.0,,t_plus_0h,la,la:2026-07-17,-8.154441833496094,KXHIGHLAX-26JUL17,,temperature,neuralcaster_v2,77.8455581665039,,2026-07-17T08:00:00+00:00,2026-07-17,,,,,,,,0.0,0.0,
8.168670654296875,86.0,,t_plus_1h,la,la:2026-07-17,-8.168670654296875,KXHIGHLAX-26JUL17,,temperature,neuralcaster_v2,77.83132934570312,,2026-07-17T09:00:00+00:00,2026-07-17,,,,,,,,0.0,0.0,
7.906303405761719,86.0,,t_plus_2h,la,la:2026-07-17,-7.906303405761719,KXHIGHLAX-26JUL17,,temperature,neuralcaster_v2,78.09369659423828,,2026-07-17T10:00:00+00:00,2026-07-17,,,,,,,,0.0,0.0,
7.792327880859375,86.0,,t_plus_3h,la,la:2026-07-17,-7.792327880859375,KXHIGHLAX-26JUL17,,temperature,neuralcaster_v2,78.20767211914062,,2026-07-17T11:00:00+00:00,2026-07-17,,,,,,,,0.0,0.0,
7.7715911865234375,86.0,,t_plus_4h,la,la:2026-07-17,-7.7715911865234375,KXHIGHLAX-26JUL17,,temperature,neuralcaster_v2,78.22840881347656,,2026-07-17T12:00:00+00:00,2026-07-17,,,,,,,,0.0,0.0,
7.705345153808594,86.0,,t_plus_5h,la,la:2026-07-17,-7.705345153808594,KXHIGHLAX-26JUL17,,temperature,neuralcaster_v2,78.2946548461914,,2026-07-17T13:00:00+00:00,2026-07-17,,,,,,,,0.0,0.0,
7.5946807861328125,86.0,,t_plus_6h,la,la:2026-07-17,-7.5946807861328125,KXHIGHLAX-26JUL17,,temperature,neuralcaster_v2,78.40531921386719,,2026-07-17T14:00:00+00:00,2026-07-17,,,,,,,,0.0,0.0,
7.336936950683594,86.0,,t_plus_7h,la,la:2026-07-17,-7.336936950683594,KXHIGHLAX-26JUL17,,temperature,neuralcaster_v2,78.6630630493164,,2026-07-17T15:00:00+00:00,2026-07-17,,,,,,,,0.0,0.0,
7.192230224609375,86.0,,t_plus_8h,la,la:2026-07-17,-7.192230224609375,KXHIGHLAX-26JUL17,,temperature,neuralcaster_v2,78.80776977539062,,2026-07-17T16:00:00+00:00,2026-07-17,,,,,,,,0.0,0.0,
6.9642181396484375,86.0,,t_plus_9h,la,la:2026-07-17,-6.9642181396484375,KXHIGHLAX-26JUL17,,temperature,neuralcaster_v2,79.03578186035156,,2026-07-17T17:00:00+00:00,2026-07-17,,,,,,,,0.0,0.0,
5.41375732421875,86.0,,t_plus_10h,la,la:2026-07-17,-5.41375732421875,KXHIGHLAX-26JUL17,,temperature,neuralcaster_v2,80.58624267578125,,2026-07-17T18:00:00+00:00,2026-07-17,,,,,,,,0.0,0.0,
4.4390716552734375,86.0,,t_plus_11h,la,la:2026-07-17,-4.4390716552734375,KXHIGHLAX-26JUL17,,temperature,neuralcaster_v2,81.56092834472656,,2026-07-17T19:00:00+00:00,2026-07-17,,,,,,,,0.0,0.0,
2.7774276733398438,86.0,,t_plus_12h,la,la:2026-07-17,-2.7774276733398438,KXHIGHLAX-26JUL17,,temperature,neuralcaster_v2,83.22257232666016,,2026-07-17T20:00:00+00:00,2026-07-17,,,,,,,,0.0,0.0,
1.2529830932617188,86.0,,t_plus_13h,la,la:2026-07-17,-1.2529830932617188,KXHIGHLAX-26JUL17,,temperature,neuralcaster_v2,84.74701690673828,,2026-07-17T21:00:00+00:00,2026-07-17,,,,,,,,0.0,1.0,
0.34784698486328125,86.0,,t_plus_14h,la,la:2026-07-17,0.34784698486328125,KXHIGHLAX-26JUL17,,temperature,neuralcaster_v2,86.34784698486328,,2026-07-17T22:00:00+00:00,2026-07-17,,,,,,,,1.0,1.0,
0.394866943359375,86.0,,t_plus_15h,la,la:2026-07-17,0.394866943359375,KXHIGHLAX-26JUL17,,temperature,neuralcaster_v2,86.39486694335938,,2026-07-17T23:00:00+00:00,2026-07-17,,,,,,,,1.0,1.0,
0.6996612548828125,86.0,,t_plus_16h,la,la:2026-07-17,0.6996612548828125,KXHIGHLAX-26JUL17,,temperature,neuralcaster_v2,86.69966125488281,,2026-07-18T00:00:00+00:00,2026-07-17,,,,,,,,1.0,1.0,
0.7428359985351562,86.0,,t_plus_17h,la,la:2026-07-17,0.7428359985351562,KXHIGHLAX-26JUL17,,temperature,neuralcaster_v2,86.74283599853516,,2026-07-18T01:00:00+00:00,2026-07-17,,,,,,,,1.0,1.0,
0.7711639404296875,86.0,,t_plus_18h,la,la:2026-07-17,0.7711639404296875,KXHIGHLAX-26JUL17,,temperature,neuralcaster_v2,86.77116394042969,,2026-07-18T02:00:00+00:00,2026-07-17,,,,,,,,1.0,1.0,
0.7810745239257812,86.0,,t_plus_19h,la,la:2026-07-17,0.7810745239257812,KXHIGHLAX-26JUL17,,temperature,neuralcaster_v2,86.78107452392578,,2026-07-18T03:00:00+00:00,2026-07-17,,,,,,,,1.0,1.0,
0.7764053344726562,86.0,,t_plus_20h,la,la:2026-07-17,0.7764053344726562,KXHIGHLAX-26JUL17,,temperature,neuralcaster_v2,86.77640533447266,,2026-07-18T04:00:00+00:00,2026-07-17,,,,,,,,1.0,1.0,
0.7614593505859375,86.0,,t_plus_21h,la,la:2026-07-17,0.7614593505859375,KXHIGHLAX-26JUL17,,temperature,neuralcaster_v2,86.76145935058594,,2026-07-18T05:00:00+00:00,2026-07-17,,,,,,,,1.0,1.0,
0.7094573974609375,86.0,,t_plus_22h,la,la:2026-07-17,0.7094573974609375,KXHIGHLAX-26JUL17,,temperature,neuralcaster_v2,86.70945739746094,,2026-07-18T06:00:00+00:00,2026-07-17,,,,,,,,1.0,1.0,
0.6683120727539062,86.0,,t_plus_23h,la,la:2026-07-17,0.6683120727539062,KXHIGHLAX-26JUL17,,temperature,neuralcaster_v2,86.6683120727539,,2026-07-18T07:00:00+00:00,2026-07-17,,,,,,,,1.0,1.0,
0.7936248779296875,94.0,,t_plus_0h,mia,mia:2026-07-17,0.7936248779296875,KXHIGHMIA-26JUL17,,temperature,neuralcaster_v2,94.79362487792969,,2026-07-17T05:00:00+00:00,2026-07-17,,,,,,,,1.0,1.0,
0.8951873779296875,94.0,,t_plus_1h,mia,mia:2026-07-17,0.8951873779296875,KXHIGHMIA-26JUL17,,temperature,neuralcaster_v2,94.89518737792969,,2026-07-17T06:00:00+00:00,2026-07-17,,,,,,,,1.0,1.0,
1.3402099609375,94.0,,t_plus_2h,mia,mia:2026-07-17,1.3402099609375,KXHIGHMIA-26JUL17,,temperature,neuralcaster_v2,95.3402099609375,,2026-07-17T07:00:00+00:00,2026-07-17,,,,,,,,0.0,1.0,
0.9275360107421875,94.0,,t_plus_3h,mia,mia:2026-07-17,0.9275360107421875,KXHIGHMIA-26JUL17,,temperature,neuralcaster_v2,94.92753601074219,,2026-07-17T08:00:00+00:00,2026-07-17,,,,,,,,1.0,1.0,
0.1772613525390625,94.0,,t_plus_4h,mia,mia:2026-07-17,0.1772613525390625,KXHIGHMIA-26JUL17,,temperature,neuralcaster_v2,94.17726135253906,,2026-07-17T09:00:00+00:00,2026-07-17,,,,,,,,1.0,1.0,
0.133087158203125,94.0,,t_plus_5h,mia,mia:2026-07-17,-0.133087158203125,KXHIGHMIA-26JUL17,,temperature,neuralcaster_v2,93.86691284179688,,2026-07-17T10:00:00+00:00,2026-07-17,,,,,,,,1.0,1.0,
0.8428955078125,94.0,,t_plus_6h,mia,mia:2026-07-17,0.8428955078125,KXHIGHMIA-26JUL17,,temperature,neuralcaster_v2,94.8428955078125,,2026-07-17T11:00:00+00:00,2026-07-17,,,,,,,,1.0,1.0,
0.19368743896484375,94.0,,t_plus_7h,mia,mia:2026-07-17,0.19368743896484375,KXHIGHMIA-26JUL17,,temperature,neuralcaster_v2,94.19368743896484,,2026-07-17T12:00:00+00:00,2026-07-17,,,,,,,,1.0,1.0,
0.3157196044921875,94.0,,t_plus_8h,mia,mia:2026-07-17,-0.3157196044921875,KXHIGHMIA-26JUL17,,temperature,neuralcaster_v2,93.68428039550781,,2026-07-17T13:00:00+00:00,2026-07-17,,,,,,,,1.0,1.0,
0.371368408203125,94.0,,t_plus_9h,mia,mia:2026-07-17,-0.371368408203125,KXHIGHMIA-26JUL17,,temperature,neuralcaster_v2,93.62863159179688,,2026-07-17T14:00:00+00:00,2026-07-17,,,,,,,,1.0,1.0,
0.4117431640625,94.0,,t_plus_10h,mia,mia:2026-07-17,0.4117431640625,KXHIGHMIA-26JUL17,,temperature,neuralcaster_v2,94.4117431640625,,2026-07-17T15:00:00+00:00,2026-07-17,,,,,,,,1.0,1.0,
0.41900634765625,94.0,,t_plus_11h,mia,mia:2026-07-17,-0.41900634765625,KXHIGHMIA-26JUL17,,temperature,neuralcaster_v2,93.58099365234375,,2026-07-17T16:00:00+00:00,2026-07-17,,,,,,,,1.0,1.0,
0.6362533569335938,94.0,,t_plus_12h,mia,mia:2026-07-17,0.6362533569335938,KXHIGHMIA-26JUL17,,temperature,neuralcaster_v2,94.6362533569336,,2026-07-17T17:00:00+00:00,2026-07-17,,,,,,,,1.0,1.0,
0.05751800537109375,94.0,,t_plus_13h,mia,mia:2026-07-17,-0.05751800537109375,KXHIGHMIA-26JUL17,,temperature,neuralcaster_v2,93.9424819946289,,2026-07-17T18:00:00+00:00,2026-07-17,,,,,,,,1.0,1.0,
0.1527099609375,94.0,,t_plus_14h,mia,mia:2026-07-17,-0.1527099609375,KXHIGHMIA-26JUL17,,temperature,neuralcaster_v2,93.8472900390625,,2026-07-17T19:00:00+00:00,2026-07-17,,,,,,,,1.0,1.0,
0.2298126220703125,94.0,,t_plus_15h,mia,mia:2026-07-17,-0.2298126220703125,KXHIGHMIA-26JUL17,,temperature,neuralcaster_v2,93.77018737792969,,2026-07-17T20:00:00+00:00,2026-07-17,,,,,,,,1.0,1.0,
0.311279296875,94.0,,t_plus_16h,mia,mia:2026-07-17,-0.311279296875,KXHIGHMIA-26JUL17,,temperature,neuralcaster_v2,93.688720703125,,2026-07-17T21:00:00+00:00,2026-07-17,,,,,,,,1.0,1.0,
0.3675689697265625,94.0,,t_plus_17h,mia,mia:2026-07-17,-0.3675689697265625,KXHIGHMIA-26JUL17,,temperature,neuralcaster_v2,93.63243103027344,,2026-07-17T22:00:00+00:00,2026-07-17,,,,,,,,1.0,1.0,
0.4860687255859375,94.0,,t_plus_18h,mia,mia:2026-07-17,-0.4860687255859375,KXHIGHMIA-26JUL17,,temperature,neuralcaster_v2,93.51393127441406,,2026-07-17T23:00:00+00:00,2026-07-17,,,,,,,,1.0,1.0,
0.47210693359375,94.0,,t_plus_19h,mia,mia:2026-07-17,-0.47210693359375,KXHIGHMIA-26JUL17,,temperature,neuralcaster_v2,93.52789306640625,,2026-07-18T00:00:00+00:00,2026-07-17,,,,,,,,1.0,1.0,
0.5580520629882812,94.0,,t_plus_20h,mia,mia:2026-07-17,-0.5580520629882812,KXHIGHMIA-26JUL17,,temperature,neuralcaster_v2,93.44194793701172,,2026-07-18T01:00:00+00:00,2026-07-17,,,,,,,,1.0,1.0,
0.61572265625,94.0,,t_plus_21h,mia,mia:2026-07-17,-0.61572265625,KXHIGHMIA-26JUL17,,temperature,neuralcaster_v2,93.38427734375,,2026-07-18T02:00:00+00:00,2026-07-17,,,,,,,,1.0,1.0,
0.6548004150390625,94.0,,t_plus_22h,mia,mia:2026-07-17,-0.6548004150390625,KXHIGHMIA-26JUL17,,temperature,neuralcaster_v2,93.34519958496094,,2026-07-18T03:00:00+00:00,2026-07-17,,,,,,,,1.0,1.0,
0.6976852416992188,94.0,,t_plus_23h,mia,mia:2026-07-17,-0.6976852416992188,KXHIGHMIA-26JUL17,,temperature,neuralcaster_v2,93.30231475830078,,2026-07-18T04:00:00+00:00,2026-07-17,,,,,,,,1.0,1.0,
2.0266876220703125,86.0,,t_plus_0h,nyc,nyc:2026-07-17,2.0266876220703125,KXHIGHNY-26JUL17,,temperature,neuralcaster_v2,88.02668762207031,,2026-07-17T05:00:00+00:00,2026-07-17,,,,,,,,0.0,0.0,
2.8972854614257812,86.0,,t_plus_1h,nyc,nyc:2026-07-17,2.8972854614257812,KXHIGHNY-26JUL17,,temperature,neuralcaster_v2,88.89728546142578,,2026-07-17T06:00:00+00:00,2026-07-17,,,,,,,,0.0,0.0,
2.671356201171875,86.0,,t_plus_2h,nyc,nyc:2026-07-17,2.671356201171875,KXHIGHNY-26JUL17,,temperature,neuralcaster_v2,88.67135620117188,,2026-07-17T07:00:00+00:00,2026-07-17,,,,,,,,0.0,0.0,
2.8252334594726562,86.0,,t_plus_3h,nyc,nyc:2026-07-17,2.8252334594726562,KXHIGHNY-26JUL17,,temperature,neuralcaster_v2,88.82523345947266,,2026-07-17T08:00:00+00:00,2026-07-17,,,,,,,,0.0,0.0,
2.713104248046875,86.0,,t_plus_4h,nyc,nyc:2026-07-17,2.713104248046875,KXHIGHNY-26JUL17,,temperature,neuralcaster_v2,88.71310424804688,,2026-07-17T09:00:00+00:00,2026-07-17,,,,,,,,0.0,0.0,
2.8051834106445312,86.0,,t_plus_5h,nyc,nyc:2026-07-17,2.8051834106445312,KXHIGHNY-26JUL17,,temperature,neuralcaster_v2,88.80518341064453,,2026-07-17T10:00:00+00:00,2026-07-17,,,,,,,,0.0,0.0,
2.883331298828125,86.0,,t_plus_6h,nyc,nyc:2026-07-17,2.883331298828125,KXHIGHNY-26JUL17,,temperature,neuralcaster_v2,88.88333129882812,,2026-07-17T11:00:00+00:00,2026-07-17,,,,,,,,0.0,0.0,
2.9542312622070312,86.0,,t_plus_7h,nyc,nyc:2026-07-17,2.9542312622070312,KXHIGHNY-26JUL17,,temperature,neuralcaster_v2,88.95423126220703,,2026-07-17T12:00:00+00:00,2026-07-17,,,,,,,,0.0,0.0,
2.9654922485351562,86.0,,t_plus_8h,nyc,nyc:2026-07-17,2.9654922485351562,KXHIGHNY-26JUL17,,temperature,neuralcaster_v2,88.96549224853516,,2026-07-17T13:00:00+00:00,2026-07-17,,,,,,,,0.0,0.0,
2.9444808959960938,86.0,,t_plus_9h,nyc,nyc:2026-07-17,2.9444808959960938,KXHIGHNY-26JUL17,,temperature,neuralcaster_v2,88.9444808959961,,2026-07-17T14:00:00+00:00,2026-07-17,,,,,,,,0.0,0.0,
3.1442031860351562,86.0,,t_plus_10h,nyc,nyc:2026-07-17,3.1442031860351562,KXHIGHNY-26JUL17,,temperature,neuralcaster_v2,89.14420318603516,,2026-07-17T15:00:00+00:00,2026-07-17,,,,,,,,0.0,0.0,
3.1249542236328125,86.0,,t_plus_11h,nyc,nyc:2026-07-17,3.1249542236328125,KXHIGHNY-26JUL17,,temperature,neuralcaster_v2,89.12495422363281,,2026-07-17T16:00:00+00:00,2026-07-17,,,,,,,,0.0,0.0,
3.1188812255859375,86.0,,t_plus_12h,nyc,nyc:2026-07-17,3.1188812255859375,KXHIGHNY-26JUL17,,temperature,neuralcaster_v2,89.11888122558594,,2026-07-17T17:00:00+00:00,2026-07-17,,,,,,,,0.0,0.0,
2.886383056640625,86.0,,t_plus_13h,nyc,nyc:2026-07-17,2.886383056640625,KXHIGHNY-26JUL17,,temperature,neuralcaster_v2,88.88638305664062,,2026-07-17T18:00:00+00:00,2026-07-17,,,,,,,,0.0,0.0,
3.3777694702148438,86.0,,t_plus_14h,nyc,nyc:2026-07-17,3.3777694702148438,KXHIGHNY-26JUL17,,temperature,neuralcaster_v2,89.37776947021484,,2026-07-17T19:00:00+00:00,2026-07-17,,,,,,,,0.0,0.0,
3.3141632080078125,86.0,,t_plus_15h,nyc,nyc:2026-07-17,3.3141632080078125,KXHIGHNY-26JUL17,,temperature,neuralcaster_v2,89.31416320800781,,2026-07-17T20:00:00+00:00,2026-07-17,,,,,,,,0.0,0.0,
3.0322723388671875,86.0,,t_plus_16h,nyc,nyc:2026-07-17,3.0322723388671875,KXHIGHNY-26JUL17,,temperature,neuralcaster_v2,89.03227233886719,,2026-07-17T21:00:00+00:00,2026-07-17,,,,,,,,0.0,0.0,
2.6610870361328125,86.0,,t_plus_17h,nyc,nyc:2026-07-17,2.6610870361328125,KXHIGHNY-26JUL17,,temperature,neuralcaster_v2,88.66108703613281,,2026-07-17T22:00:00+00:00,2026-07-17,,,,,,,,0.0,0.0,
1.7190933227539062,86.0,,t_plus_18h,nyc,nyc:2026-07-17,1.7190933227539062,KXHIGHNY-26JUL17,,temperature,neuralcaster_v2,87.7190933227539,,2026-07-17T23:00:00+00:00,2026-07-17,,,,,,,,0.0,1.0,
1.920318603515625,86.0,,t_plus_19h,nyc,nyc:2026-07-17,1.920318603515625,KXHIGHNY-26JUL17,,temperature,neuralcaster_v2,87.92031860351562,,2026-07-18T00:00:00+00:00,2026-07-17,,,,,,,,0.0,1.0,
1.5364227294921875,86.0,,t_plus_20h,nyc,nyc:2026-07-17,1.5364227294921875,KXHIGHNY-26JUL17,,temperature,neuralcaster_v2,87.53642272949219,,2026-07-18T01:00:00+00:00,2026-07-17,,,,,,,,0.0,1.0,
1.34112548828125,86.0,,t_plus_21h,nyc,nyc:2026-07-17,1.34112548828125,KXHIGHNY-26JUL17,,temperature,neuralcaster_v2,87.34112548828125,,2026-07-18T02:00:00+00:00,2026-07-17,,,,,,,,0.0,1.0,
1.2490081787109375,86.0,,t_plus_22h,nyc,nyc:2026-07-17,1.2490081787109375,KXHIGHNY-26JUL17,,temperature,neuralcaster_v2,87.24900817871094,,2026-07-18T03:00:00+00:00,2026-07-17,,,,,,,,0.0,1.0,
1.190887451171875,86.0,,t_plus_23h,nyc,nyc:2026-07-17,1.190887451171875,KXHIGHNY-26JUL17,,temperature,neuralcaster_v2,87.19088745117188,,2026-07-18T04:00:00+00:00,2026-07-17,,,,,,,,0.0,1.0,
2.905303955078125,88.0,,t_plus_0h,okc,okc:2026-07-17,-2.905303955078125,KXHIGHTOKC-26JUL17,,temperature,neuralcaster_v2,85.09469604492188,,2026-07-17T06:00:00+00:00,2026-07-17,,,,,,,,0.0,0.0,
3.1918716430664062,88.0,,t_plus_1h,okc,okc:2026-07-17,-3.1918716430664062,KXHIGHTOKC-26JUL17,,temperature,neuralcaster_v2,84.8081283569336,,2026-07-17T07:00:00+00:00,2026-07-17,,,,,,,,0.0,0.0,
3.2106399536132812,88.0,,t_plus_2h,okc,okc:2026-07-17,-3.2106399536132812,KXHIGHTOKC-26JUL17,,temperature,neuralcaster_v2,84.78936004638672,,2026-07-17T08:00:00+00:00,2026-07-17,,,,,,,,0.0,0.0,
3.2639389038085938,88.0,,t_plus_3h,okc,okc:2026-07-17,-3.2639389038085938,KXHIGHTOKC-26JUL17,,temperature,neuralcaster_v2,84.7360610961914,,2026-07-17T09:00:00+00:00,2026-07-17,,,,,,,,0.0,0.0,
3.5983200073242188,88.0,,t_plus_4h,okc,okc:2026-07-17,-3.5983200073242188,KXHIGHTOKC-26JUL17,,temperature,neuralcaster_v2,84.40167999267578,,2026-07-17T10:00:00+00:00,2026-07-17,,,,,,,,0.0,0.0,
3.550750732421875,88.0,,t_plus_5h,okc,okc:2026-07-17,-3.550750732421875,KXHIGHTOKC-26JUL17,,temperature,neuralcaster_v2,84.44924926757812,,2026-07-17T11:00:00+00:00,2026-07-17,,,,,,,,0.0,0.0,
3.2836990356445312,88.0,,t_plus_6h,okc,okc:2026-07-17,-3.2836990356445312,KXHIGHTOKC-26JUL17,,temperature,neuralcaster_v2,84.71630096435547,,2026-07-17T12:00:00+00:00,2026-07-17,,,,,,,,0.0,0.0,
3.2911605834960938,88.0,,t_plus_7h,okc,okc:2026-07-17,-3.2911605834960938,KXHIGHTOKC-26JUL17,,temperature,neuralcaster_v2,84.7088394165039,,2026-07-17T13:00:00+00:00,2026-07-17,,,,,,,,0.0,0.0,
3.2704849243164062,88.0,,t_plus_8h,okc,okc:2026-07-17,-3.2704849243164062,KXHIGHTOKC-26JUL17,,temperature,neuralcaster_v2,84.7295150756836,,2026-07-17T14:00:00+00:00,2026-07-17,,,,,,,,0.0,0.0,
3.3641128540039062,88.0,,t_plus_9h,okc,okc:2026-07-17,-3.3641128540039062,KXHIGHTOKC-26JUL17,,temperature,neuralcaster_v2,84.6358871459961,,2026-07-17T15:00:00+00:00,2026-07-17,,,,,,,,0.0,0.0,
3.5818252563476562,88.0,,t_plus_10h,okc,okc:2026-07-17,-3.5818252563476562,KXHIGHTOKC-26JUL17,,temperature,neuralcaster_v2,84.41817474365234,,2026-07-17T16:00:00+00:00,2026-07-17,,,,,,,,0.0,0.0,
2.9356613159179688,88.0,,t_plus_11h,okc,okc:2026-07-17,-2.9356613159179688,KXHIGHTOKC-26JUL17,,temperature,neuralcaster_v2,85.06433868408203,,2026-07-17T17:00:00+00:00,2026-07-17,,,,,,,,0.0,0.0,
3.875091552734375,88.0,,t_plus_12h,okc,okc:2026-07-17,-3.875091552734375,KXHIGHTOKC-26JUL17,,temperature,neuralcaster_v2,84.12490844726562,,2026-07-17T18:00:00+00:00,2026-07-17,,,,,,,,0.0,0.0,
3.0318222045898438,88.0,,t_plus_13h,okc,okc:2026-07-17,-3.0318222045898438,KXHIGHTOKC-26JUL17,,temperature,neuralcaster_v2,84.96817779541016,,2026-07-17T19:00:00+00:00,2026-07-17,,,,,,,,0.0,0.0,
2.0,88.0,,t_plus_14h,okc,okc:2026-07-17,-2.0,KXHIGHTOKC-26JUL17,,temperature,neuralcaster_v2,86.0,,2026-07-17T20:00:00+00:00,2026-07-17,,,,,,,,0.0,1.0,
0.20000000000000284,88.0,,t_plus_15h,okc,okc:2026-07-17,-0.20000000000000284,KXHIGHTOKC-26JUL17,,temperature,neuralcaster_v2,87.8,,2026-07-17T21:00:00+00:00,2026-07-17,,,,,,,,1.0,1.0,
0.20000000000000284,88.0,,t_plus_16h,okc,okc:2026-07-17,-0.20000000000000284,KXHIGHTOKC-26JUL17,,temperature,neuralcaster_v2,87.8,,2026-07-17T22:00:00+00:00,2026-07-17,,,,,,,,1.0,1.0,
0.20000000000000284,88.0,,t_plus_17h,okc,okc:2026-07-17,-0.20000000000000284,KXHIGHTOKC-26JUL17,,temperature,neuralcaster_v2,87.8,,2026-07-17T23:00:00+00:00,2026-07-17,,,,,,,,1.0,1.0,
0.20000000000000284,88.0,,t_plus_18h,okc,okc:2026-07-17,-0.20000000000000284,KXHIGHTOKC-26JUL17,,temperature,neuralcaster_v2,87.8,,2026-07-18T00:00:00+00:00,2026-07-17,,,,,,,,1.0,1.0,
0.20000000000000284,88.0,,t_plus_19h,okc,okc:2026-07-17,-0.20000000000000284,KXHIGHTOKC-26JUL17,,temperature,neuralcaster_v2,87.8,,2026-07-18T01:00:00+00:00,2026-07-17,,,,,,,,1.0,1.0,
0.20000000000000284,88.0,,t_plus_20h,okc,okc:2026-07-17,-0.20000000000000284,KXHIGHTOKC-26JUL17,,temperature,neuralcaster_v2,87.8,,2026-07-18T02:00:00+00:00,2026-07-17,,,,,,,,1.0,1.0,
0.20000000000000284,88.0,,t_plus_21h,okc,okc:2026-07-17,-0.20000000000000284,KXHIGHTOKC-26JUL17,,temperature,neuralcaster_v2,87.8,,2026-07-18T03:00:00+00:00,2026-07-17,,,,,,,,1.0,1.0,
0.20000000000000284,88.0,,t_plus_22h,okc,okc:2026-07-17,-0.20000000000000284,KXHIGHTOKC-26JUL17,,temperature,neuralcaster_v2,87.8,,2026-07-18T04:00:00+00:00,2026-07-17,,,,,,,,1.0,1.0,
0.20000000000000284,88.0,,t_plus_23h,okc,okc:2026-07-17,-0.20000000000000284,KXHIGHTOKC-26JUL17,,temperature,neuralcaster_v2,87.8,,2026-07-18T05:00:00+00:00,2026-07-17,,,,,,,,1.0,1.0,
1.1191329956054688,95.0,,t_plus_0h,aus,aus:2026-07-18,-1.1191329956054688,KXHIGHAUS-26JUL18,,temperature,neuralcaster_v2,93.88086700439453,,2026-07-18T06:00:00+00:00,2026-07-18,,,,,,,,0.0,1.0,
0.9141464233398438,95.0,,t_plus_1h,aus,aus:2026-07-18,-0.9141464233398438,KXHIGHAUS-26JUL18,,temperature,neuralcaster_v2,94.08585357666016,,2026-07-18T07:00:00+00:00,2026-07-18,,,,,,,,1.0,1.0,
0.8789443969726562,95.0,,t_plus_2h,aus,aus:2026-07-18,-0.8789443969726562,KXHIGHAUS-26JUL18,,temperature,neuralcaster_v2,94.12105560302734,,2026-07-18T08:00:00+00:00,2026-07-18,,,,,,,,1.0,1.0,
0.9583358764648438,95.0,,t_plus_3h,aus,aus:2026-07-18,-0.9583358764648438,KXHIGHAUS-26JUL18,,temperature,neuralcaster_v2,94.04166412353516,,2026-07-18T09:00:00+00:00,2026-07-18,,,,,,,,1.0,1.0,
1.0179290771484375,95.0,,t_plus_4h,aus,aus:2026-07-18,-1.0179290771484375,KXHIGHAUS-26JUL18,,temperature,neuralcaster_v2,93.98207092285156,,2026-07-18T10:00:00+00:00,2026-07-18,,,,,,,,0.0,1.0,
1.0671005249023438,95.0,,t_plus_5h,aus,aus:2026-07-18,-1.0671005249023438,KXHIGHAUS-26JUL18,,temperature,neuralcaster_v2,93.93289947509766,,2026-07-18T11:00:00+00:00,2026-07-18,,,,,,,,0.0,1.0,
1.0676116943359375,95.0,,t_plus_6h,aus,aus:2026-07-18,-1.0676116943359375,KXHIGHAUS-26JUL18,,temperature,neuralcaster_v2,93.93238830566406,,2026-07-18T12:00:00+00:00,2026-07-18,,,,,,,,0.0,1.0,
1.1049041748046875,95.0,,t_plus_7h,aus,aus:2026-07-18,-1.1049041748046875,KXHIGHAUS-26JUL18,,temperature,neuralcaster_v2,93.89509582519531,,2026-07-18T13:00:00+00:00,2026-07-18,,,,,,,,0.0,1.0,
1.1146316528320312,95.0,,t_plus_8h,aus,aus:2026-07-18,-1.1146316528320312,KXHIGHAUS-26JUL18,,temperature,neuralcaster_v2,93.88536834716797,,2026-07-18T14:00:00+00:00,2026-07-18,,,,,,,,0.0,1.0,
1.0373992919921875,95.0,,t_plus_9h,aus,aus:2026-07-18,-1.0373992919921875,KXHIGHAUS-26JUL18,,temperature,neuralcaster_v2,93.96260070800781,,2026-07-18T15:00:00+00:00,2026-07-18,,,,,,,,0.0,1.0,
0.9433975219726562,95.0,,t_plus_10h,aus,aus:2026-07-18,-0.9433975219726562,KXHIGHAUS-26JUL18,,temperature,neuralcaster_v2,94.05660247802734,,2026-07-18T16:00:00+00:00,2026-07-18,,,,,,,,1.0,1.0,
0.8613357543945312,95.0,,t_plus_11h,aus,aus:2026-07-18,-0.8613357543945312,KXHIGHAUS-26JUL18,,temperature,neuralcaster_v2,94.13866424560547,,2026-07-18T17:00:00+00:00,2026-07-18,,,,,,,,1.0,1.0,
0.8596725463867188,95.0,,t_plus_12h,aus,aus:2026-07-18,-0.8596725463867188,KXHIGHAUS-26JUL18,,temperature,neuralcaster_v2,94.14032745361328,,2026-07-18T18:00:00+00:00,2026-07-18,,,,,,,,1.0,1.0,
1.3340377807617188,95.0,,t_plus_13h,aus,aus:2026-07-18,-1.3340377807617188,KXHIGHAUS-26JUL18,,temperature,neuralcaster_v2,93.66596221923828,,2026-07-18T19:00:00+00:00,2026-07-18,,,,,,,,0.0,1.0,
1.3050994873046875,95.0,,t_plus_14h,aus,aus:2026-07-18,-1.3050994873046875,KXHIGHAUS-26JUL18,,temperature,neuralcaster_v2,93.69490051269531,,2026-07-18T20:00:00+00:00,2026-07-18,,,,,,,,0.0,1.0,
1.375,95.0,,t_plus_15h,aus,aus:2026-07-18,-1.375,KXHIGHAUS-26JUL18,,temperature,neuralcaster_v2,93.625,,2026-07-18T21:00:00+00:00,2026-07-18,,,,,,,,0.0,1.0,
0.0086822509765625,95.0,,t_plus_16h,aus,aus:2026-07-18,0.0086822509765625,KXHIGHAUS-26JUL18,,temperature,neuralcaster_v2,95.00868225097656,,2026-07-18T22:00:00+00:00,2026-07-18,,,,,,,,1.0,1.0,
0.0,95.0,,t_plus_17h,aus,aus:2026-07-18,0.0,KXHIGHAUS-26JUL18,,temperature,neuralcaster_v2,95.0,,2026-07-18T23:00:00+00:00,2026-07-18,,,,,,,,1.0,1.0,
0.16381072998046875,95.0,,t_plus_18h,aus,aus:2026-07-18,0.16381072998046875,KXHIGHAUS-26JUL18,,temperature,neuralcaster_v2,95.16381072998047,,2026-07-19T00:00:00+00:00,2026-07-18,,,,,,,,1.0,1.0,
0.1978912353515625,95.0,,t_plus_19h,aus,aus:2026-07-18,0.1978912353515625,KXHIGHAUS-26JUL18,,temperature,neuralcaster_v2,95.19789123535156,,2026-07-19T01:00:00+00:00,2026-07-18,,,,,,,,1.0,1.0,
0.20401763916015625,95.0,,t_plus_20h,aus,aus:2026-07-18,0.20401763916015625,KXHIGHAUS-26JUL18,,temperature,neuralcaster_v2,95.20401763916016,,2026-07-19T02:00:00+00:00,2026-07-18,,,,,,,,1.0,1.0,
0.25453948974609375,95.0,,t_plus_21h,aus,aus:2026-07-18,0.25453948974609375,KXHIGHAUS-26JUL18,,temperature,neuralcaster_v2,95.2545394897461,,2026-07-19T03:00:00+00:00,2026-07-18,,,,,,,,1.0,1.0,
0.23018646240234375,95.0,,t_plus_22h,aus,aus:2026-07-18,0.23018646240234375,KXHIGHAUS-26JUL18,,temperature,neuralcaster_v2,95.23018646240234,,2026-07-19T04:00:00+00:00,2026-07-18,,,,,,,,1.0,1.0,
0.21190643310546875,95.0,,t_plus_23h,aus,aus:2026-07-18,0.21190643310546875,KXHIGHAUS-26JUL18,,temperature,neuralcaster_v2,95.21190643310547,,2026-07-19T05:00:00+00:00,2026-07-18,,,,,,,,1.0,1.0,
1.1902313232421875,94.0,,t_plus_0h,den,den:2026-07-18,-1.1902313232421875,KXHIGHDEN-26JUL18,,temperature,neuralcaster_v2,92.80976867675781,,2026-07-18T07:00:00+00:00,2026-07-18,,,,,,,,0.0,1.0,
1.4013900756835938,94.0,,t_plus_1h,den,den:2026-07-18,-1.4013900756835938,KXHIGHDEN-26JUL18,,temperature,neuralcaster_v2,92.5986099243164,,2026-07-18T08:00:00+00:00,2026-07-18,,,,,,,,0.0,1.0,
0.9919891357421875,94.0,,t_plus_2h,den,den:2026-07-18,-0.9919891357421875,KXHIGHDEN-26JUL18,,temperature,neuralcaster_v2,93.00801086425781,,2026-07-18T09:00:00+00:00,2026-07-18,,,,,,,,1.0,1.0,
1.500030517578125,94.0,,t_plus_3h,den,den:2026-07-18,-1.500030517578125,KXHIGHDEN-26JUL18,,temperature,neuralcaster_v2,92.49996948242188,,2026-07-18T10:00:00+00:00,2026-07-18,,,,,,,,0.0,1.0,
1.4587478637695312,94.0,,t_plus_4h,den,den:2026-07-18,-1.4587478637695312,KXHIGHDEN-26JUL18,,temperature,neuralcaster_v2,92.54125213623047,,2026-07-18T11:00:00+00:00,2026-07-18,,,,,,,,0.0,1.0,
1.566741943359375,94.0,,t_plus_5h,den,den:2026-07-18,-1.566741943359375,KXHIGHDEN-26JUL18,,temperature,neuralcaster_v2,92.43325805664062,,2026-07-18T12:00:00+00:00,2026-07-18,,,,,,,,0.0,1.0,
1.1586990356445312,94.0,,t_plus_6h,den,den:2026-07-18,-1.1586990356445312,KXHIGHDEN-26JUL18,,temperature,neuralcaster_v2,92.84130096435547,,2026-07-18T13:00:00+00:00,2026-07-18,,,,,,,,0.0,1.0,
1.4972686767578125,94.0,,t_plus_7h,den,den:2026-07-18,-1.4972686767578125,KXHIGHDEN-26JUL18,,temperature,neuralcaster_v2,92.50273132324219,,2026-07-18T14:00:00+00:00,2026-07-18,,,,,,,,0.0,1.0,
1.2337646484375,94.0,,t_plus_8h,den,den:2026-07-18,-1.2337646484375,KXHIGHDEN-26JUL18,,temperature,neuralcaster_v2,92.7662353515625,,2026-07-18T15:00:00+00:00,2026-07-18,,,,,,,,0.0,1.0,
1.190460205078125,94.0,,t_plus_9h,den,den:2026-07-18,-1.190460205078125,KXHIGHDEN-26JUL18,,temperature,neuralcaster_v2,92.80953979492188,,2026-07-18T16:00:00+00:00,2026-07-18,,,,,,,,0.0,1.0,
1.2487716674804688,94.0,,t_plus_10h,den,den:2026-07-18,-1.2487716674804688,KXHIGHDEN-26JUL18,,temperature,neuralcaster_v2,92.75122833251953,,2026-07-18T17:00:00+00:00,2026-07-18,,,,,,,,0.0,1.0,
1.0962066650390625,94.0,,t_plus_11h,den,den:2026-07-18,-1.0962066650390625,KXHIGHDEN-26JUL18,,temperature,neuralcaster_v2,92.90379333496094,,2026-07-18T18:00:00+00:00,2026-07-18,,,,,,,,0.0,1.0,
1.0791778564453125,94.0,,t_plus_12h,den,den:2026-07-18,-1.0791778564453125,KXHIGHDEN-26JUL18,,temperature,neuralcaster_v2,92.92082214355469,,2026-07-18T19:00:00+00:00,2026-07-18,,,,,,,,0.0,1.0,
0.9613723754882812,94.0,,t_plus_13h,den,den:2026-07-18,-0.9613723754882812,KXHIGHDEN-26JUL18,,temperature,neuralcaster_v2,93.03862762451172,,2026-07-18T20:00:00+00:00,2026-07-18,,,,,,,,1.0,1.0,
0.90850830078125,94.0,,t_plus_14h,den,den:2026-07-18,-0.90850830078125,KXHIGHDEN-26JUL18,,temperature,neuralcaster_v2,93.09149169921875,,2026-07-18T21:00:00+00:00,2026-07-18,,,,,,,,1.0,1.0,
1.0788650512695312,94.0,,t_plus_15h,den,den:2026-07-18,-1.0788650512695312,KXHIGHDEN-26JUL18,,temperature,neuralcaster_v2,92.92113494873047,,2026-07-18T22:00:00+00:00,2026-07-18,,,,,,,,0.0,1.0,
1.23870849609375,94.0,,t_plus_16h,den,den:2026-07-18,-1.23870849609375,KXHIGHDEN-26JUL18,,temperature,neuralcaster_v2,92.76129150390625,,2026-07-18T23:00:00+00:00,2026-07-18,,,,,,,,0.0,1.0,
0.42761993408203125,94.0,,t_plus_17h,den,den:2026-07-18,-0.42761993408203125,KXHIGHDEN-26JUL18,,temperature,neuralcaster_v2,93.57238006591797,,2026-07-19T00:00:00+00:00,2026-07-18,,,,,,,,1.0,1.0,
0.42263031005859375,94.0,,t_plus_18h,den,den:2026-07-18,-0.42263031005859375,KXHIGHDEN-26JUL18,,temperature,neuralcaster_v2,93.5773696899414,,2026-07-19T01:00:00+00:00,2026-07-18,,,,,,,,1.0,1.0,
0.4353485107421875,94.0,,t_plus_19h,den,den:2026-07-18,-0.4353485107421875,KXHIGHDEN-26JUL18,,temperature,neuralcaster_v2,93.56465148925781,,2026-07-19T02:00:00+00:00,2026-07-18,,,,,,,,1.0,1.0,
0.5335769653320312,94.0,,t_plus_20h,den,den:2026-07-18,-0.5335769653320312,KXHIGHDEN-26JUL18,,temperature,neuralcaster_v2,93.46642303466797,,2026-07-19T03:00:00+00:00,2026-07-18,,,,,,,,1.0,1.0,
0.5857315063476562,94.0,,t_plus_21h,den,den:2026-07-18,-0.5857315063476562,KXHIGHDEN-26JUL18,,temperature,neuralcaster_v2,93.41426849365234,,2026-07-19T04:00:00+00:00,2026-07-18,,,,,,,,1.0,1.0,
0.6123886108398438,94.0,,t_plus_22h,den,den:2026-07-18,-0.6123886108398438,KXHIGHDEN-26JUL18,,temperature,neuralcaster_v2,93.38761138916016,,2026-07-19T05:00:00+00:00,2026-07-18,,,,,,,,1.0,1.0,
0.6351242065429688,94.0,,t_plus_23h,den,den:2026-07-18,-0.6351242065429688,KXHIGHDEN-26JUL18,,temperature,neuralcaster_v2,93.36487579345703,,2026-07-19T06:00:00+00:00,2026-07-18,,,,,,,,1.0,1.0,
0.42517852783203125,78.0,,t_plus_0h,la,la:2026-07-18,-0.42517852783203125,KXHIGHLAX-26JUL18,,temperature,neuralcaster_v2,77.57482147216797,,2026-07-18T08:00:00+00:00,2026-07-18,,,,,,,,1.0,1.0,
0.26519012451171875,78.0,,t_plus_1h,la,la:2026-07-18,-0.26519012451171875,KXHIGHLAX-26JUL18,,temperature,neuralcaster_v2,77.73480987548828,,2026-07-18T09:00:00+00:00,2026-07-18,,,,,,,,1.0,1.0,
0.0783233642578125,78.0,,t_plus_2h,la,la:2026-07-18,-0.0783233642578125,KXHIGHLAX-26JUL18,,temperature,neuralcaster_v2,77.92167663574219,,2026-07-18T10:00:00+00:00,2026-07-18,,,,,,,,1.0,1.0,
0.0170440673828125,78.0,,t_plus_3h,la,la:2026-07-18,0.0170440673828125,KXHIGHLAX-26JUL18,,temperature,neuralcaster_v2,78.01704406738281,,2026-07-18T11:00:00+00:00,2026-07-18,,,,,,,,1.0,1.0,
0.17896270751953125,78.0,,t_plus_4h,la,la:2026-07-18,-0.17896270751953125,KXHIGHLAX-26JUL18,,temperature,neuralcaster_v2,77.82103729248047,,2026-07-18T12:00:00+00:00,2026-07-18,,,,,,,,1.0,1.0,
0.1402740478515625,78.0,,t_plus_5h,la,la:2026-07-18,-0.1402740478515625,KXHIGHLAX-26JUL18,,temperature,neuralcaster_v2,77.85972595214844,,2026-07-18T13:00:00+00:00,2026-07-18,,,,,,,,1.0,1.0,
0.21834564208984375,78.0,,t_plus_6h,la,la:2026-07-18,-0.21834564208984375,KXHIGHLAX-26JUL18,,temperature,neuralcaster_v2,77.78165435791016,,2026-07-18T14:00:00+00:00,2026-07-18,,,,,,,,1.0,1.0,
0.03650665283203125,78.0,,t_plus_7h,la,la:2026-07-18,-0.03650665283203125,KXHIGHLAX-26JUL18,,temperature,neuralcaster_v2,77.96349334716797,,2026-07-18T15:00:00+00:00,2026-07-18,,,,,,,,1.0,1.0,
0.044830322265625,78.0,,t_plus_8h,la,la:2026-07-18,0.044830322265625,KXHIGHLAX-26JUL18,,temperature,neuralcaster_v2,78.04483032226562,,2026-07-18T16:00:00+00:00,2026-07-18,,,,,,,,1.0,1.0,
0.0683746337890625,78.0,,t_plus_9h,la,la:2026-07-18,0.0683746337890625,KXHIGHLAX-26JUL18,,temperature,neuralcaster_v2,78.06837463378906,,2026-07-18T17:00:00+00:00,2026-07-18,,,,,,,,1.0,1.0,
0.09112548828125,78.0,,t_plus_10h,la,la:2026-07-18,-0.09112548828125,KXHIGHLAX-26JUL18,,temperature,neuralcaster_v2,77.90887451171875,,2026-07-18T18:00:00+00:00,2026-07-18,,,,,,,,1.0,1.0,
0.98486328125,78.0,,t_plus_11h,la,la:2026-07-18,0.98486328125,KXHIGHLAX-26JUL18,,temperature,neuralcaster_v2,78.98486328125,,2026-07-18T19:00:00+00:00,2026-07-18,,,,,,,,1.0,1.0,
0.9712753295898438,78.0,,t_plus_12h,la,la:2026-07-18,0.9712753295898438,KXHIGHLAX-26JUL18,,temperature,neuralcaster_v2,78.97127532958984,,2026-07-18T20:00:00+00:00,2026-07-18,,,,,,,,1.0,1.0,
0.9498062133789062,78.0,,t_plus_13h,la,la:2026-07-18,0.9498062133789062,KXHIGHLAX-26JUL18,,temperature,neuralcaster_v2,78.9498062133789,,2026-07-18T21:00:00+00:00,2026-07-18,,,,,,,,1.0,1.0,
0.9309234619140625,78.0,,t_plus_14h,la,la:2026-07-18,0.9309234619140625,KXHIGHLAX-26JUL18,,temperature,neuralcaster_v2,78.93092346191406,,2026-07-18T22:00:00+00:00,2026-07-18,,,,,,,,1.0,1.0,
0.9238052368164062,78.0,,t_plus_15h,la,la:2026-07-18,0.9238052368164062,KXHIGHLAX-26JUL18,,temperature,neuralcaster_v2,78.9238052368164,,2026-07-18T23:00:00+00:00,2026-07-18,,,,,,,,1.0,1.0,
0.9967727661132812,78.0,,t_plus_16h,la,la:2026-07-18,0.9967727661132812,KXHIGHLAX-26JUL18,,temperature,neuralcaster_v2,78.99677276611328,,2026-07-19T00:00:00+00:00,2026-07-18,,,,,,,,1.0,1.0,
0.9994888305664062,78.0,,t_plus_17h,la,la:2026-07-18,0.9994888305664062,KXHIGHLAX-26JUL18,,temperature,neuralcaster_v2,78.9994888305664,,2026-07-19T01:00:00+00:00,2026-07-18,,,,,,,,1.0,1.0,
0.990997314453125,78.0,,t_plus_18h,la,la:2026-07-18,0.990997314453125,KXHIGHLAX-26JUL18,,temperature,neuralcaster_v2,78.99099731445312,,2026-07-19T02:00:00+00:00,2026-07-18,,,,,,,,1.0,1.0,
0.9806900024414062,78.0,,t_plus_19h,la,la:2026-07-18,0.9806900024414062,KXHIGHLAX-26JUL18,,temperature,neuralcaster_v2,78.9806900024414,,2026-07-19T03:00:00+00:00,2026-07-18,,,,,,,,1.0,1.0,
0.9708480834960938,78.0,,t_plus_20h,la,la:2026-07-18,0.9708480834960938,KXHIGHLAX-26JUL18,,temperature,neuralcaster_v2,78.9708480834961,,2026-07-19T04:00:00+00:00,2026-07-18,,,,,,,,1.0,1.0,
0.9613723754882812,78.0,,t_plus_21h,la,la:2026-07-18,0.9613723754882812,KXHIGHLAX-26JUL18,,temperature,neuralcaster_v2,78.96137237548828,,2026-07-19T05:00:00+00:00,2026-07-18,,,,,,,,1.0,1.0,
0.9559707641601562,78.0,,t_plus_22h,la,la:2026-07-18,0.9559707641601562,KXHIGHLAX-26JUL18,,temperature,neuralcaster_v2,78.95597076416016,,2026-07-19T06:00:00+00:00,2026-07-18,,,,,,,,1.0,1.0,
0.9479598999023438,78.0,,t_plus_23h,la,la:2026-07-18,0.9479598999023438,KXHIGHLAX-26JUL18,,temperature,neuralcaster_v2,78.94795989990234,,2026-07-19T07:00:00+00:00,2026-07-18,,,,,,,,1.0,1.0,
0.40814971923828125,91.0,,t_plus_0h,mia,mia:2026-07-18,0.40814971923828125,KXHIGHMIA-26JUL18,,temperature,neuralcaster_v2,91.40814971923828,,2026-07-18T05:00:00+00:00,2026-07-18,,,,,,,,1.0,1.0,
0.5171966552734375,91.0,,t_plus_1h,mia,mia:2026-07-18,-0.5171966552734375,KXHIGHMIA-26JUL18,,temperature,neuralcaster_v2,90.48280334472656,,2026-07-18T06:00:00+00:00,2026-07-18,,,,,,,,1.0,1.0,
0.6067047119140625,91.0,,t_plus_2h,mia,mia:2026-07-18,-0.6067047119140625,KXHIGHMIA-26JUL18,,temperature,neuralcaster_v2,90.39329528808594,,2026-07-18T07:00:00+00:00,2026-07-18,,,,,,,,1.0,1.0,
0.213775634765625,91.0,,t_plus_3h,mia,mia:2026-07-18,0.213775634765625,KXHIGHMIA-26JUL18,,temperature,neuralcaster_v2,91.21377563476562,,2026-07-18T08:00:00+00:00,2026-07-18,,,,,,,,1.0,1.0,
0.12591552734375,91.0,,t_plus_4h,mia,mia:2026-07-18,0.12591552734375,KXHIGHMIA-26JUL18,,temperature,neuralcaster_v2,91.12591552734375,,2026-07-18T09:00:00+00:00,2026-07-18,,,,,,,,1.0,1.0,
0.6793136596679688,91.0,,t_plus_5h,mia,mia:2026-07-18,-0.6793136596679688,KXHIGHMIA-26JUL18,,temperature,neuralcaster_v2,90.32068634033203,,2026-07-18T10:00:00+00:00,2026-07-18,,,,,,,,1.0,1.0,
0.6842117309570312,91.0,,t_plus_6h,mia,mia:2026-07-18,-0.6842117309570312,KXHIGHMIA-26JUL18,,temperature,neuralcaster_v2,90.31578826904297,,2026-07-18T11:00:00+00:00,2026-07-18,,,,,,,,1.0,1.0,
0.0469207763671875,91.0,,t_plus_7h,mia,mia:2026-07-18,0.0469207763671875,KXHIGHMIA-26JUL18,,temperature,neuralcaster_v2,91.04692077636719,,2026-07-18T12:00:00+00:00,2026-07-18,,,,,,,,1.0,1.0,
0.03784942626953125,91.0,,t_plus_8h,mia,mia:2026-07-18,0.03784942626953125,KXHIGHMIA-26JUL18,,temperature,neuralcaster_v2,91.03784942626953,,2026-07-18T13:00:00+00:00,2026-07-18,,,,,,,,1.0,1.0,
0.03768157958984375,91.0,,t_plus_9h,mia,mia:2026-07-18,0.03768157958984375,KXHIGHMIA-26JUL18,,temperature,neuralcaster_v2,91.03768157958984,,2026-07-18T14:00:00+00:00,2026-07-18,,,,,,,,1.0,1.0,
0.18604278564453125,91.0,,t_plus_10h,mia,mia:2026-07-18,-0.18604278564453125,KXHIGHMIA-26JUL18,,temperature,neuralcaster_v2,90.81395721435547,,2026-07-18T15:00:00+00:00,2026-07-18,,,,,,,,1.0,1.0,
0.5875930786132812,91.0,,t_plus_11h,mia,mia:2026-07-18,-0.5875930786132812,KXHIGHMIA-26JUL18,,temperature,neuralcaster_v2,90.41240692138672,,2026-07-18T16:00:00+00:00,2026-07-18,,,,,,,,1.0,1.0,
0.1203155517578125,91.0,,t_plus_12h,mia,mia:2026-07-18,-0.1203155517578125,KXHIGHMIA-26JUL18,,temperature,neuralcaster_v2,90.87968444824219,,2026-07-18T17:00:00+00:00,2026-07-18,,,,,,,,1.0,1.0,
0.7086029052734375,91.0,,t_plus_13h,mia,mia:2026-07-18,-0.7086029052734375,KXHIGHMIA-26JUL18,,temperature,neuralcaster_v2,90.29139709472656,,2026-07-18T18:00:00+00:00,2026-07-18,,,,,,,,1.0,1.0,
0.39231109619140625,91.0,,t_plus_14h,mia,mia:2026-07-18,-0.39231109619140625,KXHIGHMIA-26JUL18,,temperature,neuralcaster_v2,90.6076889038086,,2026-07-18T19:00:00+00:00,2026-07-18,,,,,,,,1.0,1.0,
0.8249969482421875,91.0,,t_plus_15h,mia,mia:2026-07-18,0.8249969482421875,KXHIGHMIA-26JUL18,,temperature,neuralcaster_v2,91.82499694824219,,2026-07-18T20:00:00+00:00,2026-07-18,,,,,,,,1.0,1.0,
0.8125,91.0,,t_plus_16h,mia,mia:2026-07-18,0.8125,KXHIGHMIA-26JUL18,,temperature,neuralcaster_v2,91.8125,,2026-07-18T21:00:00+00:00,2026-07-18,,,,,,,,1.0,1.0,
0.7998886108398438,91.0,,t_plus_17h,mia,mia:2026-07-18,0.7998886108398438,KXHIGHMIA-26JUL18,,temperature,neuralcaster_v2,91.79988861083984,,2026-07-18T22:00:00+00:00,2026-07-18,,,,,,,,1.0,1.0,
0.8012924194335938,91.0,,t_plus_18h,mia,mia:2026-07-18,0.8012924194335938,KXHIGHMIA-26JUL18,,temperature,neuralcaster_v2,91.8012924194336,,2026-07-18T23:00:00+00:00,2026-07-18,,,,,,,,1.0,1.0,
0.7971878051757812,91.0,,t_plus_19h,mia,mia:2026-07-18,0.7971878051757812,KXHIGHMIA-26JUL18,,temperature,neuralcaster_v2,91.79718780517578,,2026-07-19T00:00:00+00:00,2026-07-18,,,,,,,,1.0,1.0,
0.7679367065429688,91.0,,t_plus_20h,mia,mia:2026-07-18,0.7679367065429688,KXHIGHMIA-26JUL18,,temperature,neuralcaster_v2,91.76793670654297,,2026-07-19T01:00:00+00:00,2026-07-18,,,,,,,,1.0,1.0,
0.7429962158203125,91.0,,t_plus_21h,mia,mia:2026-07-18,0.7429962158203125,KXHIGHMIA-26JUL18,,temperature,neuralcaster_v2,91.74299621582031,,2026-07-19T02:00:00+00:00,2026-07-18,,,,,,,,1.0,1.0,
0.7275390625,91.0,,t_plus_22h,mia,mia:2026-07-18,0.7275390625,KXHIGHMIA-26JUL18,,temperature,neuralcaster_v2,91.7275390625,,2026-07-19T03:00:00+00:00,2026-07-18,,,,,,,,1.0,1.0,
0.7134017944335938,91.0,,t_plus_23h,mia,mia:2026-07-18,0.7134017944335938,KXHIGHMIA-26JUL18,,temperature,neuralcaster_v2,91.7134017944336,,2026-07-19T04:00:00+00:00,2026-07-18,,,,,,,,1.0,1.0,
4.324333190917969,76.0,,t_plus_0h,nyc,nyc:2026-07-18,4.324333190917969,KXHIGHNY-26JUL18,,temperature,neuralcaster_v2,80.32433319091797,,2026-07-18T05:00:00+00:00,2026-07-18,,,,,,,,0.0,0.0,
5.1090240478515625,76.0,,t_plus_1h,nyc,nyc:2026-07-18,5.1090240478515625,KXHIGHNY-26JUL18,,temperature,neuralcaster_v2,81.10902404785156,,2026-07-18T06:00:00+00:00,2026-07-18,,,,,,,,0.0,0.0,
5.420585632324219,76.0,,t_plus_2h,nyc,nyc:2026-07-18,5.420585632324219,KXHIGHNY-26JUL18,,temperature,neuralcaster_v2,81.42058563232422,,2026-07-18T07:00:00+00:00,2026-07-18,,,,,,,,0.0,0.0,
5.5238800048828125,76.0,,t_plus_3h,nyc,nyc:2026-07-18,5.5238800048828125,KXHIGHNY-26JUL18,,temperature,neuralcaster_v2,81.52388000488281,,2026-07-18T08:00:00+00:00,2026-07-18,,,,,,,,0.0,0.0,
5.5263519287109375,76.0,,t_plus_4h,nyc,nyc:2026-07-18,5.5263519287109375,KXHIGHNY-26JUL18,,temperature,neuralcaster_v2,81.52635192871094,,2026-07-18T09:00:00+00:00,2026-07-18,,,,,,,,0.0,0.0,
5.3705596923828125,76.0,,t_plus_5h,nyc,nyc:2026-07-18,5.3705596923828125,KXHIGHNY-26JUL18,,temperature,neuralcaster_v2,81.37055969238281,,2026-07-18T10:00:00+00:00,2026-07-18,,,,,,,,0.0,0.0,
5.333038330078125,76.0,,t_plus_6h,nyc,nyc:2026-07-18,5.333038330078125,KXHIGHNY-26JUL18,,temperature,neuralcaster_v2,81.33303833007812,,2026-07-18T11:00:00+00:00,2026-07-18,,,,,,,,0.0,0.0,
5.608955383300781,76.0,,t_plus_7h,nyc,nyc:2026-07-18,5.608955383300781,KXHIGHNY-26JUL18,,temperature,neuralcaster_v2,81.60895538330078,,2026-07-18T12:00:00+00:00,2026-07-18,,,,,,,,0.0,0.0,
4.709007263183594,76.0,,t_plus_8h,nyc,nyc:2026-07-18,4.709007263183594,KXHIGHNY-26JUL18,,temperature,neuralcaster_v2,80.7090072631836,,2026-07-18T13:00:00+00:00,2026-07-18,,,,,,,,0.0,0.0,
4.7496490478515625,76.0,,t_plus_9h,nyc,nyc:2026-07-18,4.7496490478515625,KXHIGHNY-26JUL18,,temperature,neuralcaster_v2,80.74964904785156,,2026-07-18T14:00:00+00:00,2026-07-18,,,,,,,,0.0,0.0,
4.622398376464844,76.0,,t_plus_10h,nyc,nyc:2026-07-18,4.622398376464844,KXHIGHNY-26JUL18,,temperature,neuralcaster_v2,80.62239837646484,,2026-07-18T15:00:00+00:00,2026-07-18,,,,,,,,0.0,0.0,
5.38751220703125,76.0,,t_plus_11h,nyc,nyc:2026-07-18,5.38751220703125,KXHIGHNY-26JUL18,,temperature,neuralcaster_v2,81.38751220703125,,2026-07-18T16:00:00+00:00,2026-07-18,,,,,,,,0.0,0.0,
5.210235595703125,76.0,,t_plus_12h,nyc,nyc:2026-07-18,5.210235595703125,KXHIGHNY-26JUL18,,temperature,neuralcaster_v2,81.21023559570312,,2026-07-18T17:00:00+00:00,2026-07-18,,,,,,,,0.0,0.0,
4.932609558105469,76.0,,t_plus_13h,nyc,nyc:2026-07-18,4.932609558105469,KXHIGHNY-26JUL18,,temperature,neuralcaster_v2,80.93260955810547,,2026-07-18T18:00:00+00:00,2026-07-18,,,,,,,,0.0,0.0,
4.985511779785156,76.0,,t_plus_14h,nyc,nyc:2026-07-18,4.985511779785156,KXHIGHNY-26JUL18,,temperature,neuralcaster_v2,80.98551177978516,,2026-07-18T19:00:00+00:00,2026-07-18,,,,,,,,0.0,0.0,
3.76788330078125,76.0,,t_plus_15h,nyc,nyc:2026-07-18,3.76788330078125,KXHIGHNY-26JUL18,,temperature,neuralcaster_v2,79.76788330078125,,2026-07-18T20:00:00+00:00,2026-07-18,,,,,,,,0.0,0.0,
2.9850997924804688,76.0,,t_plus_16h,nyc,nyc:2026-07-18,2.9850997924804688,KXHIGHNY-26JUL18,,temperature,neuralcaster_v2,78.98509979248047,,2026-07-18T21:00:00+00:00,2026-07-18,,,,,,,,0.0,0.0,
2.6133651733398438,76.0,,t_plus_17h,nyc,nyc:2026-07-18,2.6133651733398438,KXHIGHNY-26JUL18,,temperature,neuralcaster_v2,78.61336517333984,,2026-07-18T22:00:00+00:00,2026-07-18,,,,,,,,0.0,0.0,
2.453521728515625,76.0,,t_plus_18h,nyc,nyc:2026-07-18,2.453521728515625,KXHIGHNY-26JUL18,,temperature,neuralcaster_v2,78.45352172851562,,2026-07-18T23:00:00+00:00,2026-07-18,,,,,,,,0.0,0.0,
1.4703292846679688,76.0,,t_plus_19h,nyc,nyc:2026-07-18,1.4703292846679688,KXHIGHNY-26JUL18,,temperature,neuralcaster_v2,77.47032928466797,,2026-07-19T00:00:00+00:00,2026-07-18,,,,,,,,0.0,1.0,
0.97772216796875,76.0,,t_plus_20h,nyc,nyc:2026-07-18,0.97772216796875,KXHIGHNY-26JUL18,,temperature,neuralcaster_v2,76.97772216796875,,2026-07-19T01:00:00+00:00,2026-07-18,,,,,,,,1.0,1.0,
0.9831314086914062,76.0,,t_plus_21h,nyc,nyc:2026-07-18,0.9831314086914062,KXHIGHNY-26JUL18,,temperature,neuralcaster_v2,76.9831314086914,,2026-07-19T02:00:00+00:00,2026-07-18,,,,,,,,1.0,1.0,
1.108673095703125,76.0,,t_plus_22h,nyc,nyc:2026-07-18,1.108673095703125,KXHIGHNY-26JUL18,,temperature,neuralcaster_v2,77.10867309570312,,2026-07-19T03:00:00+00:00,2026-07-18,,,,,,,,0.0,1.0,
0.41164398193359375,76.0,,t_plus_23h,nyc,nyc:2026-07-18,0.41164398193359375,KXHIGHNY-26JUL18,,temperature,neuralcaster_v2,76.4116439819336,,2026-07-19T04:00:00+00:00,2026-07-18,,,,,,,,1.0,1.0,
0.2566070556640625,91.0,,t_plus_0h,okc,okc:2026-07-18,0.2566070556640625,KXHIGHTOKC-26JUL18,,temperature,neuralcaster_v2,91.25660705566406,,2026-07-18T06:00:00+00:00,2026-07-18,,,,,,,,1.0,1.0,
0.167022705078125,91.0,,t_plus_1h,okc,okc:2026-07-18,-0.167022705078125,KXHIGHTOKC-26JUL18,,temperature,neuralcaster_v2,90.83297729492188,,2026-07-18T07:00:00+00:00,2026-07-18,,,,,,,,1.0,1.0,
0.16489410400390625,91.0,,t_plus_2h,okc,okc:2026-07-18,-0.16489410400390625,KXHIGHTOKC-26JUL18,,temperature,neuralcaster_v2,90.8351058959961,,2026-07-18T08:00:00+00:00,2026-07-18,,,,,,,,1.0,1.0,
0.16449737548828125,91.0,,t_plus_3h,okc,okc:2026-07-18,-0.16449737548828125,KXHIGHTOKC-26JUL18,,temperature,neuralcaster_v2,90.83550262451172,,2026-07-18T09:00:00+00:00,2026-07-18,,,,,,,,1.0,1.0,
0.180877685546875,91.0,,t_plus_4h,okc,okc:2026-07-18,-0.180877685546875,KXHIGHTOKC-26JUL18,,temperature,neuralcaster_v2,90.81912231445312,,2026-07-18T10:00:00+00:00,2026-07-18,,,,,,,,1.0,1.0,
0.4752044677734375,91.0,,t_plus_5h,okc,okc:2026-07-18,-0.4752044677734375,KXHIGHTOKC-26JUL18,,temperature,neuralcaster_v2,90.52479553222656,,2026-07-18T11:00:00+00:00,2026-07-18,,,,,,,,1.0,1.0,
0.21661376953125,91.0,,t_plus_6h,okc,okc:2026-07-18,-0.21661376953125,KXHIGHTOKC-26JUL18,,temperature,neuralcaster_v2,90.78338623046875,,2026-07-18T12:00:00+00:00,2026-07-18,,,,,,,,1.0,1.0,
0.5419692993164062,91.0,,t_plus_7h,okc,okc:2026-07-18,-0.5419692993164062,KXHIGHTOKC-26JUL18,,temperature,neuralcaster_v2,90.4580307006836,,2026-07-18T13:00:00+00:00,2026-07-18,,,,,,,,1.0,1.0,
0.6322479248046875,91.0,,t_plus_8h,okc,okc:2026-07-18,-0.6322479248046875,KXHIGHTOKC-26JUL18,,temperature,neuralcaster_v2,90.36775207519531,,2026-07-18T14:00:00+00:00,2026-07-18,,,,,,,,1.0,1.0,
0.311553955078125,91.0,,t_plus_9h,okc,okc:2026-07-18,-0.311553955078125,KXHIGHTOKC-26JUL18,,temperature,neuralcaster_v2,90.68844604492188,,2026-07-18T15:00:00+00:00,2026-07-18,,,,,,,,1.0,1.0,
0.2100677490234375,91.0,,t_plus_10h,okc,okc:2026-07-18,-0.2100677490234375,KXHIGHTOKC-26JUL18,,temperature,neuralcaster_v2,90.78993225097656,,2026-07-18T16:00:00+00:00,2026-07-18,,,,,,,,1.0,1.0,
0.1793975830078125,91.0,,t_plus_11h,okc,okc:2026-07-18,-0.1793975830078125,KXHIGHTOKC-26JUL18,,temperature,neuralcaster_v2,90.82060241699219,,2026-07-18T17:00:00+00:00,2026-07-18,,,,,,,,1.0,1.0,
0.1573333740234375,91.0,,t_plus_12h,okc,okc:2026-07-18,-0.1573333740234375,KXHIGHTOKC-26JUL18,,temperature,neuralcaster_v2,90.84266662597656,,2026-07-18T18:00:00+00:00,2026-07-18,,,,,,,,1.0,1.0,
0.111572265625,91.0,,t_plus_13h,okc,okc:2026-07-18,-0.111572265625,KXHIGHTOKC-26JUL18,,temperature,neuralcaster_v2,90.888427734375,,2026-07-18T19:00:00+00:00,2026-07-18,,,,,,,,1.0,1.0,
0.12795257568359375,91.0,,t_plus_14h,okc,okc:2026-07-18,-0.12795257568359375,KXHIGHTOKC-26JUL18,,temperature,neuralcaster_v2,90.8720474243164,,2026-07-18T20:00:00+00:00,2026-07-18,,,,,,,,1.0,1.0,
1.01934814453125,91.0,,t_plus_15h,okc,okc:2026-07-18,1.01934814453125,KXHIGHTOKC-26JUL18,,temperature,neuralcaster_v2,92.01934814453125,,2026-07-18T21:00:00+00:00,2026-07-18,,,,,,,,0.0,1.0,
1.0563583374023438,91.0,,t_plus_16h,okc,okc:2026-07-18,1.0563583374023438,KXHIGHTOKC-26JUL18,,temperature,neuralcaster_v2,92.05635833740234,,2026-07-18T22:00:00+00:00,2026-07-18,,,,,,,,0.0,1.0,
0.7399063110351562,91.0,,t_plus_17h,okc,okc:2026-07-18,0.7399063110351562,KXHIGHTOKC-26JUL18,,temperature,neuralcaster_v2,91.73990631103516,,2026-07-18T23:00:00+00:00,2026-07-18,,,,,,,,1.0,1.0,
0.769073486328125,91.0,,t_plus_18h,okc,okc:2026-07-18,0.769073486328125,KXHIGHTOKC-26JUL18,,temperature,neuralcaster_v2,91.76907348632812,,2026-07-19T00:00:00+00:00,2026-07-18,,,,,,,,1.0,1.0,
0.7473297119140625,91.0,,t_plus_19h,okc,okc:2026-07-18,0.7473297119140625,KXHIGHTOKC-26JUL18,,temperature,neuralcaster_v2,91.74732971191406,,2026-07-19T01:00:00+00:00,2026-07-18,,,,,,,,1.0,1.0,
0.7211380004882812,91.0,,t_plus_20h,okc,okc:2026-07-18,0.7211380004882812,KXHIGHTOKC-26JUL18,,temperature,neuralcaster_v2,91.72113800048828,,2026-07-19T02:00:00+00:00,2026-07-18,,,,,,,,1.0,1.0,
0.6649017333984375,91.0,,t_plus_21h,okc,okc:2026-07-18,0.6649017333984375,KXHIGHTOKC-26JUL18,,temperature,neuralcaster_v2,91.66490173339844,,2026-07-19T03:00:00+00:00,2026-07-18,,,,,,,,1.0,1.0,
0.6289596557617188,91.0,,t_plus_22h,okc,okc:2026-07-18,0.6289596557617188,KXHIGHTOKC-26JUL18,,temperature,neuralcaster_v2,91.62895965576172,,2026-07-19T04:00:00+00:00,2026-07-18,,,,,,,,1.0,1.0,
0.60748291015625,91.0,,t_plus_23h,okc,okc:2026-07-18,0.60748291015625,KXHIGHTOKC-26JUL18,,temperature,neuralcaster_v2,91.60748291015625,,2026-07-19T05:00:00+00:00,2026-07-18,,,,,,,,1.0,1.0,
0.6108627319335938,95.0,,t_plus_0h,aus,aus:2026-07-19,-0.6108627319335938,KXHIGHAUS-26JUL19,,temperature,neuralcaster_v2,94.3891372680664,,2026-07-19T06:00:00+00:00,2026-07-19,,,,,,,,1.0,1.0,
0.45175933837890625,95.0,,t_plus_1h,aus,aus:2026-07-19,-0.45175933837890625,KXHIGHAUS-26JUL19,,temperature,neuralcaster_v2,94.5482406616211,,2026-07-19T07:00:00+00:00,2026-07-19,,,,,,,,1.0,1.0,
0.38077545166015625,95.0,,t_plus_2h,aus,aus:2026-07-19,-0.38077545166015625,KXHIGHAUS-26JUL19,,temperature,neuralcaster_v2,94.61922454833984,,2026-07-19T08:00:00+00:00,2026-07-19,,,,,,,,1.0,1.0,
0.3110198974609375,95.0,,t_plus_3h,aus,aus:2026-07-19,-0.3110198974609375,KXHIGHAUS-26JUL19,,temperature,neuralcaster_v2,94.68898010253906,,2026-07-19T09:00:00+00:00,2026-07-19,,,,,,,,1.0,1.0,
0.28311920166015625,95.0,,t_plus_4h,aus,aus:2026-07-19,-0.28311920166015625,KXHIGHAUS-26JUL19,,temperature,neuralcaster_v2,94.71688079833984,,2026-07-19T10:00:00+00:00,2026-07-19,,,,,,,,1.0,1.0,
0.27691650390625,95.0,,t_plus_5h,aus,aus:2026-07-19,-0.27691650390625,KXHIGHAUS-26JUL19,,temperature,neuralcaster_v2,94.72308349609375,,2026-07-19T11:00:00+00:00,2026-07-19,,,,,,,,1.0,1.0,
0.466400146484375,95.0,,t_plus_6h,aus,aus:2026-07-19,-0.466400146484375,KXHIGHAUS-26JUL19,,temperature,neuralcaster_v2,94.53359985351562,,2026-07-19T12:00:00+00:00,2026-07-19,,,,,,,,1.0,1.0,
0.481201171875,95.0,,t_plus_7h,aus,aus:2026-07-19,-0.481201171875,KXHIGHAUS-26JUL19,,temperature,neuralcaster_v2,94.518798828125,,2026-07-19T13:00:00+00:00,2026-07-19,,,,,,,,1.0,1.0,
0.5334930419921875,95.0,,t_plus_8h,aus,aus:2026-07-19,-0.5334930419921875,KXHIGHAUS-26JUL19,,temperature,neuralcaster_v2,94.46650695800781,,2026-07-19T14:00:00+00:00,2026-07-19,,,,,,,,1.0,1.0,
0.6189422607421875,95.0,,t_plus_9h,aus,aus:2026-07-19,-0.6189422607421875,KXHIGHAUS-26JUL19,,temperature,neuralcaster_v2,94.38105773925781,,2026-07-19T15:00:00+00:00,2026-07-19,,,,,,,,1.0,1.0,
0.6028213500976562,95.0,,t_plus_10h,aus,aus:2026-07-19,-0.6028213500976562,KXHIGHAUS-26JUL19,,temperature,neuralcaster_v2,94.39717864990234,,2026-07-19T16:00:00+00:00,2026-07-19,,,,,,,,1.0,1.0,
0.7068862915039062,95.0,,t_plus_11h,aus,aus:2026-07-19,-0.7068862915039062,KXHIGHAUS-26JUL19,,temperature,neuralcaster_v2,94.2931137084961,,2026-07-19T17:00:00+00:00,2026-07-19,,,,,,,,1.0,1.0,
0.574920654296875,95.0,,t_plus_12h,aus,aus:2026-07-19,-0.574920654296875,KXHIGHAUS-26JUL19,,temperature,neuralcaster_v2,94.42507934570312,,2026-07-19T18:00:00+00:00,2026-07-19,,,,,,,,1.0,1.0,
0.4542388916015625,95.0,,t_plus_13h,aus,aus:2026-07-19,-0.4542388916015625,KXHIGHAUS-26JUL19,,temperature,neuralcaster_v2,94.54576110839844,,2026-07-19T19:00:00+00:00,2026-07-19,,,,,,,,1.0,1.0,
0.4852752685546875,95.0,,t_plus_14h,aus,aus:2026-07-19,-0.4852752685546875,KXHIGHAUS-26JUL19,,temperature,neuralcaster_v2,94.51472473144531,,2026-07-19T20:00:00+00:00,2026-07-19,,,,,,,,1.0,1.0,
0.44954681396484375,95.0,,t_plus_15h,aus,aus:2026-07-19,-0.44954681396484375,KXHIGHAUS-26JUL19,,temperature,neuralcaster_v2,94.55045318603516,,2026-07-19T21:00:00+00:00,2026-07-19,,,,,,,,1.0,1.0,
0.3305206298828125,95.0,,t_plus_16h,aus,aus:2026-07-19,0.3305206298828125,KXHIGHAUS-26JUL19,,temperature,neuralcaster_v2,95.33052062988281,,2026-07-19T22:00:00+00:00,2026-07-19,,,,,,,,1.0,1.0,
0.0828399658203125,95.0,,t_plus_17h,aus,aus:2026-07-19,0.0828399658203125,KXHIGHAUS-26JUL19,,temperature,neuralcaster_v2,95.08283996582031,,2026-07-19T23:00:00+00:00,2026-07-19,,,,,,,,1.0,1.0,
0.1258697509765625,95.0,,t_plus_18h,aus,aus:2026-07-19,0.1258697509765625,KXHIGHAUS-26JUL19,,temperature,neuralcaster_v2,95.12586975097656,,2026-07-20T00:00:00+00:00,2026-07-19,,,,,,,,1.0,1.0,
0.11846160888671875,95.0,,t_plus_19h,aus,aus:2026-07-19,0.11846160888671875,KXHIGHAUS-26JUL19,,temperature,neuralcaster_v2,95.11846160888672,,2026-07-20T01:00:00+00:00,2026-07-19,,,,,,,,1.0,1.0,
0.1002044677734375,95.0,,t_plus_20h,aus,aus:2026-07-19,0.1002044677734375,KXHIGHAUS-26JUL19,,temperature,neuralcaster_v2,95.10020446777344,,2026-07-20T02:00:00+00:00,2026-07-19,,,,,,,,1.0,1.0,
0.0213165283203125,95.0,,t_plus_21h,aus,aus:2026-07-19,0.0213165283203125,KXHIGHAUS-26JUL19,,temperature,neuralcaster_v2,95.02131652832031,,2026-07-20T03:00:00+00:00,2026-07-19,,,,,,,,1.0,1.0,
0.0,95.0,,t_plus_22h,aus,aus:2026-07-19,0.0,KXHIGHAUS-26JUL19,,temperature,neuralcaster_v2,95.0,,2026-07-20T04:00:00+00:00,2026-07-19,,,,,,,,1.0,1.0,
0.0,95.0,,t_plus_23h,aus,aus:2026-07-19,0.0,KXHIGHAUS-26JUL19,,temperature,neuralcaster_v2,95.0,,2026-07-20T05:00:00+00:00,2026-07-19,,,,,,,,1.0,1.0,
1.3833694458007812,98.0,,t_plus_0h,den,den:2026-07-19,-1.3833694458007812,KXHIGHDEN-26JUL19,,temperature,neuralcaster_v2,96.61663055419922,,2026-07-19T07:00:00+00:00,2026-07-19,,,,,,,,0.0,1.0,
1.6106033325195312,98.0,,t_plus_1h,den,den:2026-07-19,-1.6106033325195312,KXHIGHDEN-26JUL19,,temperature,neuralcaster_v2,96.38939666748047,,2026-07-19T08:00:00+00:00,2026-07-19,,,,,,,,0.0,1.0,
1.8100814819335938,98.0,,t_plus_2h,den,den:2026-07-19,-1.8100814819335938,KXHIGHDEN-26JUL19,,temperature,neuralcaster_v2,96.1899185180664,,2026-07-19T09:00:00+00:00,2026-07-19,,,,,,,,0.0,1.0,
1.828826904296875,98.0,,t_plus_3h,den,den:2026-07-19,-1.828826904296875,KXHIGHDEN-26JUL19,,temperature,neuralcaster_v2,96.17117309570312,,2026-07-19T10:00:00+00:00,2026-07-19,,,,,,,,0.0,1.0,
1.9864730834960938,98.0,,t_plus_4h,den,den:2026-07-19,-1.9864730834960938,KXHIGHDEN-26JUL19,,temperature,neuralcaster_v2,96.0135269165039,,2026-07-19T11:00:00+00:00,2026-07-19,,,,,,,,0.0,1.0,
1.9178466796875,98.0,,t_plus_5h,den,den:2026-07-19,-1.9178466796875,KXHIGHDEN-26JUL19,,temperature,neuralcaster_v2,96.0821533203125,,2026-07-19T12:00:00+00:00,2026-07-19,,,,,,,,0.0,1.0,
2.248443603515625,98.0,,t_plus_6h,den,den:2026-07-19,-2.248443603515625,KXHIGHDEN-26JUL19,,temperature,neuralcaster_v2,95.75155639648438,,2026-07-19T13:00:00+00:00,2026-07-19,,,,,,,,0.0,0.0,
2.3682479858398438,98.0,,t_plus_7h,den,den:2026-07-19,-2.3682479858398438,KXHIGHDEN-26JUL19,,temperature,neuralcaster_v2,95.63175201416016,,2026-07-19T14:00:00+00:00,2026-07-19,,,,,,,,0.0,0.0,
2.2020263671875,98.0,,t_plus_8h,den,den:2026-07-19,-2.2020263671875,KXHIGHDEN-26JUL19,,temperature,neuralcaster_v2,95.7979736328125,,2026-07-19T15:00:00+00:00,2026-07-19,,,,,,,,0.0,0.0,
2.2084426879882812,98.0,,t_plus_9h,den,den:2026-07-19,-2.2084426879882812,KXHIGHDEN-26JUL19,,temperature,neuralcaster_v2,95.79155731201172,,2026-07-19T16:00:00+00:00,2026-07-19,,,,,,,,0.0,0.0,
2.0643081665039062,98.0,,t_plus_10h,den,den:2026-07-19,-2.0643081665039062,KXHIGHDEN-26JUL19,,temperature,neuralcaster_v2,95.9356918334961,,2026-07-19T17:00:00+00:00,2026-07-19,,,,,,,,0.0,0.0,
1.799468994140625,98.0,,t_plus_11h,den,den:2026-07-19,-1.799468994140625,KXHIGHDEN-26JUL19,,temperature,neuralcaster_v2,96.20053100585938,,2026-07-19T18:00:00+00:00,2026-07-19,,,,,,,,0.0,1.0,
1.5792617797851562,98.0,,t_plus_12h,den,den:2026-07-19,-1.5792617797851562,KXHIGHDEN-26JUL19,,temperature,neuralcaster_v2,96.42073822021484,,2026-07-19T19:00:00+00:00,2026-07-19,,,,,,,,0.0,1.0,
1.461334228515625,98.0,,t_plus_13h,den,den:2026-07-19,-1.461334228515625,KXHIGHDEN-26JUL19,,temperature,neuralcaster_v2,96.53866577148438,,2026-07-19T20:00:00+00:00,2026-07-19,,,,,,,,0.0,1.0,
1.308685302734375,98.0,,t_plus_14h,den,den:2026-07-19,-1.308685302734375,KXHIGHDEN-26JUL19,,temperature,neuralcaster_v2,96.69131469726562,,2026-07-19T21:00:00+00:00,2026-07-19,,,,,,,,0.0,1.0,
1.019999999999996,98.0,,t_plus_15h,den,den:2026-07-19,-1.019999999999996,KXHIGHDEN-26JUL19,,temperature,neuralcaster_v2,96.98,,2026-07-19T22:00:00+00:00,2026-07-19,,,,,,,,0.0,1.0,
1.019999999999996,98.0,,t_plus_16h,den,den:2026-07-19,-1.019999999999996,KXHIGHDEN-26JUL19,,temperature,neuralcaster_v2,96.98,,2026-07-19T23:00:00+00:00,2026-07-19,,,,,,,,0.0,1.0,
0.8904266357421875,98.0,,t_plus_17h,den,den:2026-07-19,-0.8904266357421875,KXHIGHDEN-26JUL19,,temperature,neuralcaster_v2,97.10957336425781,,2026-07-20T00:00:00+00:00,2026-07-19,,,,,,,,1.0,1.0,
0.8689651489257812,98.0,,t_plus_18h,den,den:2026-07-19,-0.8689651489257812,KXHIGHDEN-26JUL19,,temperature,neuralcaster_v2,97.13103485107422,,2026-07-20T01:00:00+00:00,2026-07-19,,,,,,,,1.0,1.0,
0.8699722290039062,98.0,,t_plus_19h,den,den:2026-07-19,-0.8699722290039062,KXHIGHDEN-26JUL19,,temperature,neuralcaster_v2,97.1300277709961,,2026-07-20T02:00:00+00:00,2026-07-19,,,,,,,,1.0,1.0,
0.7986984252929688,98.0,,t_plus_20h,den,den:2026-07-19,-0.7986984252929688,KXHIGHDEN-26JUL19,,temperature,neuralcaster_v2,97.20130157470703,,2026-07-20T03:00:00+00:00,2026-07-19,,,,,,,,1.0,1.0,
0.8781661987304688,98.0,,t_plus_21h,den,den:2026-07-19,-0.8781661987304688,KXHIGHDEN-26JUL19,,temperature,neuralcaster_v2,97.12183380126953,,2026-07-20T04:00:00+00:00,2026-07-19,,,,,,,,1.0,1.0,
0.9998779296875,98.0,,t_plus_22h,den,den:2026-07-19,-0.9998779296875,KXHIGHDEN-26JUL19,,temperature,neuralcaster_v2,97.0001220703125,,2026-07-20T05:00:00+00:00,2026-07-19,,,,,,,,1.0,1.0,
1.019999999999996,98.0,,t_plus_23h,den,den:2026-07-19,-1.019999999999996,KXHIGHDEN-26JUL19,,temperature,neuralcaster_v2,96.98,,2026-07-20T06:00:00+00:00,2026-07-19,,,,,,,,0.0,1.0,
0.5491409301757812,78.0,,t_plus_0h,la,la:2026-07-19,-0.5491409301757812,KXHIGHLAX-26JUL19,,temperature,neuralcaster_v2,77.45085906982422,,2026-07-19T08:00:00+00:00,2026-07-19,,,,,,,,1.0,1.0,
0.6075363159179688,78.0,,t_plus_1h,la,la:2026-07-19,-0.6075363159179688,KXHIGHLAX-26JUL19,,temperature,neuralcaster_v2,77.39246368408203,,2026-07-19T09:00:00+00:00,2026-07-19,,,,,,,,1.0,1.0,
0.45296478271484375,78.0,,t_plus_2h,la,la:2026-07-19,-0.45296478271484375,KXHIGHLAX-26JUL19,,temperature,neuralcaster_v2,77.54703521728516,,2026-07-19T10:00:00+00:00,2026-07-19,,,,,,,,1.0,1.0,
0.393280029296875,78.0,,t_plus_3h,la,la:2026-07-19,-0.393280029296875,KXHIGHLAX-26JUL19,,temperature,neuralcaster_v2,77.60671997070312,,2026-07-19T11:00:00+00:00,2026-07-19,,,,,,,,1.0,1.0,
1.1867523193359375,78.0,,t_plus_4h,la,la:2026-07-19,-1.1867523193359375,KXHIGHLAX-26JUL19,,temperature,neuralcaster_v2,76.81324768066406,,2026-07-19T12:00:00+00:00,2026-07-19,,,,,,,,0.0,1.0,
1.8952407836914062,78.0,,t_plus_5h,la,la:2026-07-19,-1.8952407836914062,KXHIGHLAX-26JUL19,,temperature,neuralcaster_v2,76.1047592163086,,2026-07-19T13:00:00+00:00,2026-07-19,,,,,,,,0.0,1.0,
1.607635498046875,78.0,,t_plus_6h,la,la:2026-07-19,-1.607635498046875,KXHIGHLAX-26JUL19,,temperature,neuralcaster_v2,76.39236450195312,,2026-07-19T14:00:00+00:00,2026-07-19,,,,,,,,0.0,1.0,
1.0487899780273438,78.0,,t_plus_7h,la,la:2026-07-19,-1.0487899780273438,KXHIGHLAX-26JUL19,,temperature,neuralcaster_v2,76.95121002197266,,2026-07-19T15:00:00+00:00,2026-07-19,,,,,,,,0.0,1.0,
0.7928085327148438,78.0,,t_plus_8h,la,la:2026-07-19,-0.7928085327148438,KXHIGHLAX-26JUL19,,temperature,neuralcaster_v2,77.20719146728516,,2026-07-19T16:00:00+00:00,2026-07-19,,,,,,,,1.0,1.0,
1.581634521484375,78.0,,t_plus_9h,la,la:2026-07-19,-1.581634521484375,KXHIGHLAX-26JUL19,,temperature,neuralcaster_v2,76.41836547851562,,2026-07-19T17:00:00+00:00,2026-07-19,,,,,,,,0.0,1.0,
1.7594375610351562,78.0,,t_plus_10h,la,la:2026-07-19,-1.7594375610351562,KXHIGHLAX-26JUL19,,temperature,neuralcaster_v2,76.24056243896484,,2026-07-19T18:00:00+00:00,2026-07-19,,,,,,,,0.0,1.0,
0.99658203125,78.0,,t_plus_11h,la,la:2026-07-19,-0.99658203125,KXHIGHLAX-26JUL19,,temperature,neuralcaster_v2,77.00341796875,,2026-07-19T19:00:00+00:00,2026-07-19,,,,,,,,1.0,1.0,
1.0,78.0,,t_plus_12h,la,la:2026-07-19,-1.0,KXHIGHLAX-26JUL19,,temperature,neuralcaster_v2,77.0,,2026-07-19T20:00:00+00:00,2026-07-19,,,,,,,,1.0,1.0,
1.0,78.0,,t_plus_13h,la,la:2026-07-19,-1.0,KXHIGHLAX-26JUL19,,temperature,neuralcaster_v2,77.0,,2026-07-19T21:00:00+00:00,2026-07-19,,,,,,,,1.0,1.0,
0.7999999999999972,78.0,,t_plus_14h,la,la:2026-07-19,0.7999999999999972,KXHIGHLAX-26JUL19,,temperature,neuralcaster_v2,78.8,,2026-07-19T22:00:00+00:00,2026-07-19,,,,,,,,1.0,1.0,
0.8065567016601562,78.0,,t_plus_15h,la,la:2026-07-19,0.8065567016601562,KXHIGHLAX-26JUL19,,temperature,neuralcaster_v2,78.80655670166016,,2026-07-19T23:00:00+00:00,2026-07-19,,,,,,,,1.0,1.0,
0.9223709106445312,78.0,,t_plus_16h,la,la:2026-07-19,0.9223709106445312,KXHIGHLAX-26JUL19,,temperature,neuralcaster_v2,78.92237091064453,,2026-07-20T00:00:00+00:00,2026-07-19,,,,,,,,1.0,1.0,
0.9261550903320312,78.0,,t_plus_17h,la,la:2026-07-19,0.9261550903320312,KXHIGHLAX-26JUL19,,temperature,neuralcaster_v2,78.92615509033203,,2026-07-20T01:00:00+00:00,2026-07-19,,,,,,,,1.0,1.0,
0.9403610229492188,78.0,,t_plus_18h,la,la:2026-07-19,0.9403610229492188,KXHIGHLAX-26JUL19,,temperature,neuralcaster_v2,78.94036102294922,,2026-07-20T02:00:00+00:00,2026-07-19,,,,,,,,1.0,1.0,
0.94696044921875,78.0,,t_plus_19h,la,la:2026-07-19,0.94696044921875,KXHIGHLAX-26JUL19,,temperature,neuralcaster_v2,78.94696044921875,,2026-07-20T03:00:00+00:00,2026-07-19,,,,,,,,1.0,1.0,
0.9510650634765625,78.0,,t_plus_20h,la,la:2026-07-19,0.9510650634765625,KXHIGHLAX-26JUL19,,temperature,neuralcaster_v2,78.95106506347656,,2026-07-20T04:00:00+00:00,2026-07-19,,,,,,,,1.0,1.0,
0.9696273803710938,78.0,,t_plus_21h,la,la:2026-07-19,0.9696273803710938,KXHIGHLAX-26JUL19,,temperature,neuralcaster_v2,78.9696273803711,,2026-07-20T05:00:00+00:00,2026-07-19,,,,,,,,1.0,1.0,
0.9706573486328125,78.0,,t_plus_22h,la,la:2026-07-19,0.9706573486328125,KXHIGHLAX-26JUL19,,temperature,neuralcaster_v2,78.97065734863281,,2026-07-20T06:00:00+00:00,2026-07-19,,,,,,,,1.0,1.0,
0.9715499877929688,78.0,,t_plus_23h,la,la:2026-07-19,0.9715499877929688,KXHIGHLAX-26JUL19,,temperature,neuralcaster_v2,78.97154998779297,,2026-07-20T07:00:00+00:00,2026-07-19,,,,,,,,1.0,1.0,
1.4460067749023438,91.0,,t_plus_0h,mia,mia:2026-07-19,1.4460067749023438,KXHIGHMIA-26JUL19,,temperature,neuralcaster_v2,92.44600677490234,,2026-07-19T05:00:00+00:00,2026-07-19,,,,,,,,0.0,1.0,
1.58685302734375,91.0,,t_plus_1h,mia,mia:2026-07-19,1.58685302734375,KXHIGHMIA-26JUL19,,temperature,neuralcaster_v2,92.58685302734375,,2026-07-19T06:00:00+00:00,2026-07-19,,,,,,,,0.0,1.0,
1.9228668212890625,91.0,,t_plus_2h,mia,mia:2026-07-19,1.9228668212890625,KXHIGHMIA-26JUL19,,temperature,neuralcaster_v2,92.92286682128906,,2026-07-19T07:00:00+00:00,2026-07-19,,,,,,,,0.0,1.0,
1.5644607543945312,91.0,,t_plus_3h,mia,mia:2026-07-19,1.5644607543945312,KXHIGHMIA-26JUL19,,temperature,neuralcaster_v2,92.56446075439453,,2026-07-19T08:00:00+00:00,2026-07-19,,,,,,,,0.0,1.0,
1.5349655151367188,91.0,,t_plus_4h,mia,mia:2026-07-19,1.5349655151367188,KXHIGHMIA-26JUL19,,temperature,neuralcaster_v2,92.53496551513672,,2026-07-19T09:00:00+00:00,2026-07-19,,,,,,,,0.0,1.0,
1.4926986694335938,91.0,,t_plus_5h,mia,mia:2026-07-19,1.4926986694335938,KXHIGHMIA-26JUL19,,temperature,neuralcaster_v2,92.4926986694336,,2026-07-19T10:00:00+00:00,2026-07-19,,,,,,,,0.0,1.0,
1.3679656982421875,91.0,,t_plus_6h,mia,mia:2026-07-19,1.3679656982421875,KXHIGHMIA-26JUL19,,temperature,neuralcaster_v2,92.36796569824219,,2026-07-19T11:00:00+00:00,2026-07-19,,,,,,,,0.0,1.0,
1.4081954956054688,91.0,,t_plus_7h,mia,mia:2026-07-19,1.4081954956054688,KXHIGHMIA-26JUL19,,temperature,neuralcaster_v2,92.40819549560547,,2026-07-19T12:00:00+00:00,2026-07-19,,,,,,,,0.0,1.0,
1.37347412109375,91.0,,t_plus_8h,mia,mia:2026-07-19,1.37347412109375,KXHIGHMIA-26JUL19,,temperature,neuralcaster_v2,92.37347412109375,,2026-07-19T13:00:00+00:00,2026-07-19,,,,,,,,0.0,1.0,
1.3454055786132812,91.0,,t_plus_9h,mia,mia:2026-07-19,1.3454055786132812,KXHIGHMIA-26JUL19,,temperature,neuralcaster_v2,92.34540557861328,,2026-07-19T14:00:00+00:00,2026-07-19,,,,,,,,0.0,1.0,
1.06787109375,91.0,,t_plus_10h,mia,mia:2026-07-19,1.06787109375,KXHIGHMIA-26JUL19,,temperature,neuralcaster_v2,92.06787109375,,2026-07-19T15:00:00+00:00,2026-07-19,,,,,,,,0.0,1.0,
1.0961074829101562,91.0,,t_plus_11h,mia,mia:2026-07-19,1.0961074829101562,KXHIGHMIA-26JUL19,,temperature,neuralcaster_v2,92.09610748291016,,2026-07-19T16:00:00+00:00,2026-07-19,,,,,,,,0.0,1.0,
1.4700546264648438,91.0,,t_plus_12h,mia,mia:2026-07-19,1.4700546264648438,KXHIGHMIA-26JUL19,,temperature,neuralcaster_v2,92.47005462646484,,2026-07-19T17:00:00+00:00,2026-07-19,,,,,,,,0.0,1.0,
1.3869476318359375,91.0,,t_plus_13h,mia,mia:2026-07-19,1.3869476318359375,KXHIGHMIA-26JUL19,,temperature,neuralcaster_v2,92.38694763183594,,2026-07-19T18:00:00+00:00,2026-07-19,,,,,,,,0.0,1.0,
0.9942779541015625,91.0,,t_plus_14h,mia,mia:2026-07-19,0.9942779541015625,KXHIGHMIA-26JUL19,,temperature,neuralcaster_v2,91.99427795410156,,2026-07-19T19:00:00+00:00,2026-07-19,,,,,,,,1.0,1.0,
0.9715042114257812,91.0,,t_plus_15h,mia,mia:2026-07-19,0.9715042114257812,KXHIGHMIA-26JUL19,,temperature,neuralcaster_v2,91.97150421142578,,2026-07-19T20:00:00+00:00,2026-07-19,,,,,,,,1.0,1.0,
0.962066650390625,91.0,,t_plus_16h,mia,mia:2026-07-19,0.962066650390625,KXHIGHMIA-26JUL19,,temperature,neuralcaster_v2,91.96206665039062,,2026-07-19T21:00:00+00:00,2026-07-19,,,,,,,,1.0,1.0,
0.9533233642578125,91.0,,t_plus_17h,mia,mia:2026-07-19,0.9533233642578125,KXHIGHMIA-26JUL19,,temperature,neuralcaster_v2,91.95332336425781,,2026-07-19T22:00:00+00:00,2026-07-19,,,,,,,,1.0,1.0,
0.9368515014648438,91.0,,t_plus_18h,mia,mia:2026-07-19,0.9368515014648438,KXHIGHMIA-26JUL19,,temperature,neuralcaster_v2,91.93685150146484,,2026-07-19T23:00:00+00:00,2026-07-19,,,,,,,,1.0,1.0,
0.9813461303710938,91.0,,t_plus_19h,mia,mia:2026-07-19,0.9813461303710938,KXHIGHMIA-26JUL19,,temperature,neuralcaster_v2,91.9813461303711,,2026-07-20T00:00:00+00:00,2026-07-19,,,,,,,,1.0,1.0,
0.8976821899414062,91.0,,t_plus_20h,mia,mia:2026-07-19,0.8976821899414062,KXHIGHMIA-26JUL19,,temperature,neuralcaster_v2,91.8976821899414,,2026-07-20T01:00:00+00:00,2026-07-19,,,,,,,,1.0,1.0,
0.8299713134765625,91.0,,t_plus_21h,mia,mia:2026-07-19,0.8299713134765625,KXHIGHMIA-26JUL19,,temperature,neuralcaster_v2,91.82997131347656,,2026-07-20T02:00:00+00:00,2026-07-19,,,,,,,,1.0,1.0,
0.7885665893554688,91.0,,t_plus_22h,mia,mia:2026-07-19,0.7885665893554688,KXHIGHMIA-26JUL19,,temperature,neuralcaster_v2,91.78856658935547,,2026-07-20T03:00:00+00:00,2026-07-19,,,,,,,,1.0,1.0,
0.7602691650390625,91.0,,t_plus_23h,mia,mia:2026-07-19,0.7602691650390625,KXHIGHMIA-26JUL19,,temperature,neuralcaster_v2,91.76026916503906,,2026-07-20T04:00:00+00:00,2026-07-19,,,,,,,,1.0,1.0,
1.4037399291992188,79.0,,t_plus_0h,nyc,nyc:2026-07-19,1.4037399291992188,KXHIGHNY-26JUL19,,temperature,neuralcaster_v2,80.40373992919922,,2026-07-19T05:00:00+00:00,2026-07-19,,,,,,,,0.0,1.0,
1.7957839965820312,79.0,,t_plus_1h,nyc,nyc:2026-07-19,1.7957839965820312,KXHIGHNY-26JUL19,,temperature,neuralcaster_v2,80.79578399658203,,2026-07-19T06:00:00+00:00,2026-07-19,,,,,,,,0.0,1.0,
2.0059738159179688,79.0,,t_plus_2h,nyc,nyc:2026-07-19,2.0059738159179688,KXHIGHNY-26JUL19,,temperature,neuralcaster_v2,81.00597381591797,,2026-07-19T07:00:00+00:00,2026-07-19,,,,,,,,0.0,0.0,
2.0827560424804688,79.0,,t_plus_3h,nyc,nyc:2026-07-19,2.0827560424804688,KXHIGHNY-26JUL19,,temperature,neuralcaster_v2,81.08275604248047,,2026-07-19T08:00:00+00:00,2026-07-19,,,,,,,,0.0,0.0,
1.8085250854492188,79.0,,t_plus_4h,nyc,nyc:2026-07-19,1.8085250854492188,KXHIGHNY-26JUL19,,temperature,neuralcaster_v2,80.80852508544922,,2026-07-19T09:00:00+00:00,2026-07-19,,,,,,,,0.0,1.0,
2.0928802490234375,79.0,,t_plus_5h,nyc,nyc:2026-07-19,2.0928802490234375,KXHIGHNY-26JUL19,,temperature,neuralcaster_v2,81.09288024902344,,2026-07-19T10:00:00+00:00,2026-07-19,,,,,,,,0.0,0.0,
2.1132125854492188,79.0,,t_plus_6h,nyc,nyc:2026-07-19,2.1132125854492188,KXHIGHNY-26JUL19,,temperature,neuralcaster_v2,81.11321258544922,,2026-07-19T11:00:00+00:00,2026-07-19,,,,,,,,0.0,0.0,
1.8377685546875,79.0,,t_plus_7h,nyc,nyc:2026-07-19,1.8377685546875,KXHIGHNY-26JUL19,,temperature,neuralcaster_v2,80.8377685546875,,2026-07-19T12:00:00+00:00,2026-07-19,,,,,,,,0.0,1.0,
1.7491836547851562,79.0,,t_plus_8h,nyc,nyc:2026-07-19,1.7491836547851562,KXHIGHNY-26JUL19,,temperature,neuralcaster_v2,80.74918365478516,,2026-07-19T13:00:00+00:00,2026-07-19,,,,,,,,0.0,1.0,
1.7522430419921875,79.0,,t_plus_9h,nyc,nyc:2026-07-19,1.7522430419921875,KXHIGHNY-26JUL19,,temperature,neuralcaster_v2,80.75224304199219,,2026-07-19T14:00:00+00:00,2026-07-19,,,,,,,,0.0,1.0,
1.4847335815429688,79.0,,t_plus_10h,nyc,nyc:2026-07-19,1.4847335815429688,KXHIGHNY-26JUL19,,temperature,neuralcaster_v2,80.48473358154297,,2026-07-19T15:00:00+00:00,2026-07-19,,,,,,,,0.0,1.0,
1.5801162719726562,79.0,,t_plus_11h,nyc,nyc:2026-07-19,1.5801162719726562,KXHIGHNY-26JUL19,,temperature,neuralcaster_v2,80.58011627197266,,2026-07-19T16:00:00+00:00,2026-07-19,,,,,,,,0.0,1.0,
1.747711181640625,79.0,,t_plus_12h,nyc,nyc:2026-07-19,1.747711181640625,KXHIGHNY-26JUL19,,temperature,neuralcaster_v2,80.74771118164062,,2026-07-19T17:00:00+00:00,2026-07-19,,,,,,,,0.0,1.0,
2.0280075073242188,79.0,,t_plus_13h,nyc,nyc:2026-07-19,2.0280075073242188,KXHIGHNY-26JUL19,,temperature,neuralcaster_v2,81.02800750732422,,2026-07-19T18:00:00+00:00,2026-07-19,,,,,,,,0.0,0.0,
2.0221023559570312,79.0,,t_plus_14h,nyc,nyc:2026-07-19,2.0221023559570312,KXHIGHNY-26JUL19,,temperature,neuralcaster_v2,81.02210235595703,,2026-07-19T19:00:00+00:00,2026-07-19,,,,,,,,0.0,0.0,
1.7042465209960938,79.0,,t_plus_15h,nyc,nyc:2026-07-19,1.7042465209960938,KXHIGHNY-26JUL19,,temperature,neuralcaster_v2,80.7042465209961,,2026-07-19T20:00:00+00:00,2026-07-19,,,,,,,,0.0,1.0,
1.4747543334960938,79.0,,t_plus_16h,nyc,nyc:2026-07-19,1.4747543334960938,KXHIGHNY-26JUL19,,temperature,neuralcaster_v2,80.4747543334961,,2026-07-19T21:00:00+00:00,2026-07-19,,,,,,,,0.0,1.0,
1.522125244140625,79.0,,t_plus_17h,nyc,nyc:2026-07-19,1.522125244140625,KXHIGHNY-26JUL19,,temperature,neuralcaster_v2,80.52212524414062,,2026-07-19T22:00:00+00:00,2026-07-19,,,,,,,,0.0,1.0,
0.23802947998046875,79.0,,t_plus_18h,nyc,nyc:2026-07-19,0.23802947998046875,KXHIGHNY-26JUL19,,temperature,neuralcaster_v2,79.23802947998047,,2026-07-19T23:00:00+00:00,2026-07-19,,,,,,,,1.0,1.0,
0.230194091796875,79.0,,t_plus_19h,nyc,nyc:2026-07-19,0.230194091796875,KXHIGHNY-26JUL19,,temperature,neuralcaster_v2,79.23019409179688,,2026-07-20T00:00:00+00:00,2026-07-19,,,,,,,,1.0,1.0,
0.25650787353515625,79.0,,t_plus_20h,nyc,nyc:2026-07-19,0.25650787353515625,KXHIGHNY-26JUL19,,temperature,neuralcaster_v2,79.25650787353516,,2026-07-20T01:00:00+00:00,2026-07-19,,,,,,,,1.0,1.0,
0.21202850341796875,79.0,,t_plus_21h,nyc,nyc:2026-07-19,0.21202850341796875,KXHIGHNY-26JUL19,,temperature,neuralcaster_v2,79.21202850341797,,2026-07-20T02:00:00+00:00,2026-07-19,,,,,,,,1.0,1.0,
0.18939971923828125,79.0,,t_plus_22h,nyc,nyc:2026-07-19,0.18939971923828125,KXHIGHNY-26JUL19,,temperature,neuralcaster_v2,79.18939971923828,,2026-07-20T03:00:00+00:00,2026-07-19,,,,,,,,1.0,1.0,
0.1754608154296875,79.0,,t_plus_23h,nyc,nyc:2026-07-19,0.1754608154296875,KXHIGHNY-26JUL19,,temperature,neuralcaster_v2,79.17546081542969,,2026-07-20T04:00:00+00:00,2026-07-19,,,,,,,,1.0,1.0,
1.5241775512695312,94.0,,t_plus_0h,okc,okc:2026-07-19,1.5241775512695312,KXHIGHTOKC-26JUL19,,temperature,neuralcaster_v2,95.52417755126953,,2026-07-19T06:00:00+00:00,2026-07-19,,,,,,,,0.0,1.0,
0.49282073974609375,94.0,,t_plus_1h,okc,okc:2026-07-19,0.49282073974609375,KXHIGHTOKC-26JUL19,,temperature,neuralcaster_v2,94.4928207397461,,2026-07-19T07:00:00+00:00,2026-07-19,,,,,,,,1.0,1.0,
0.33355712890625,94.0,,t_plus_2h,okc,okc:2026-07-19,0.33355712890625,KXHIGHTOKC-26JUL19,,temperature,neuralcaster_v2,94.33355712890625,,2026-07-19T08:00:00+00:00,2026-07-19,,,,,,,,1.0,1.0,
0.320587158203125,94.0,,t_plus_3h,okc,okc:2026-07-19,0.320587158203125,KXHIGHTOKC-26JUL19,,temperature,neuralcaster_v2,94.32058715820312,,2026-07-19T09:00:00+00:00,2026-07-19,,,,,,,,1.0,1.0,
0.3381805419921875,94.0,,t_plus_4h,okc,okc:2026-07-19,0.3381805419921875,KXHIGHTOKC-26JUL19,,temperature,neuralcaster_v2,94.33818054199219,,2026-07-19T10:00:00+00:00,2026-07-19,,,,,,,,1.0,1.0,
0.240234375,94.0,,t_plus_5h,okc,okc:2026-07-19,0.240234375,KXHIGHTOKC-26JUL19,,temperature,neuralcaster_v2,94.240234375,,2026-07-19T11:00:00+00:00,2026-07-19,,,,,,,,1.0,1.0,
0.23557281494140625,94.0,,t_plus_6h,okc,okc:2026-07-19,0.23557281494140625,KXHIGHTOKC-26JUL19,,temperature,neuralcaster_v2,94.2355728149414,,2026-07-19T12:00:00+00:00,2026-07-19,,,,,,,,1.0,1.0,
0.175567626953125,94.0,,t_plus_7h,okc,okc:2026-07-19,0.175567626953125,KXHIGHTOKC-26JUL19,,temperature,neuralcaster_v2,94.17556762695312,,2026-07-19T13:00:00+00:00,2026-07-19,,,,,,,,1.0,1.0,
0.120361328125,94.0,,t_plus_8h,okc,okc:2026-07-19,0.120361328125,KXHIGHTOKC-26JUL19,,temperature,neuralcaster_v2,94.120361328125,,2026-07-19T14:00:00+00:00,2026-07-19,,,,,,,,1.0,1.0,
0.141693115234375,94.0,,t_plus_9h,okc,okc:2026-07-19,-0.141693115234375,KXHIGHTOKC-26JUL19,,temperature,neuralcaster_v2,93.85830688476562,,2026-07-19T15:00:00+00:00,2026-07-19,,,,,,,,1.0,1.0,
0.2543792724609375,94.0,,t_plus_10h,okc,okc:2026-07-19,-0.2543792724609375,KXHIGHTOKC-26JUL19,,temperature,neuralcaster_v2,93.74562072753906,,2026-07-19T16:00:00+00:00,2026-07-19,,,,,,,,1.0,1.0,
0.3505096435546875,94.0,,t_plus_11h,okc,okc:2026-07-19,-0.3505096435546875,KXHIGHTOKC-26JUL19,,temperature,neuralcaster_v2,93.64949035644531,,2026-07-19T17:00:00+00:00,2026-07-19,,,,,,,,1.0,1.0,
0.25009918212890625,94.0,,t_plus_12h,okc,okc:2026-07-19,-0.25009918212890625,KXHIGHTOKC-26JUL19,,temperature,neuralcaster_v2,93.7499008178711,,2026-07-19T18:00:00+00:00,2026-07-19,,,,,,,,1.0,1.0,
0.3749847412109375,94.0,,t_plus_13h,okc,okc:2026-07-19,0.3749847412109375,KXHIGHTOKC-26JUL19,,temperature,neuralcaster_v2,94.37498474121094,,2026-07-19T19:00:00+00:00,2026-07-19,,,,,,,,1.0,1.0,
0.5550537109375,94.0,,t_plus_14h,okc,okc:2026-07-19,0.5550537109375,KXHIGHTOKC-26JUL19,,temperature,neuralcaster_v2,94.5550537109375,,2026-07-19T20:00:00+00:00,2026-07-19,,,,,,,,1.0,1.0,
0.6681900024414062,94.0,,t_plus_15h,okc,okc:2026-07-19,0.6681900024414062,KXHIGHTOKC-26JUL19,,temperature,neuralcaster_v2,94.6681900024414,,2026-07-19T21:00:00+00:00,2026-07-19,,,,,,,,1.0,1.0,
0.6166305541992188,94.0,,t_plus_16h,okc,okc:2026-07-19,0.6166305541992188,KXHIGHTOKC-26JUL19,,temperature,neuralcaster_v2,94.61663055419922,,2026-07-19T22:00:00+00:00,2026-07-19,,,,,,,,1.0,1.0,
0.6626052856445312,94.0,,t_plus_17h,okc,okc:2026-07-19,0.6626052856445312,KXHIGHTOKC-26JUL19,,temperature,neuralcaster_v2,94.66260528564453,,2026-07-19T23:00:00+00:00,2026-07-19,,,,,,,,1.0,1.0,
0.0799999999999983,94.0,,t_plus_18h,okc,okc:2026-07-19,-0.0799999999999983,KXHIGHTOKC-26JUL19,,temperature,neuralcaster_v2,93.92,,2026-07-20T00:00:00+00:00,2026-07-19,,,,,,,,1.0,1.0,
0.0799999999999983,94.0,,t_plus_19h,okc,okc:2026-07-19,-0.0799999999999983,KXHIGHTOKC-26JUL19,,temperature,neuralcaster_v2,93.92,,2026-07-20T01:00:00+00:00,2026-07-19,,,,,,,,1.0,1.0,
0.0799999999999983,94.0,,t_plus_20h,okc,okc:2026-07-19,-0.0799999999999983,KXHIGHTOKC-26JUL19,,temperature,neuralcaster_v2,93.92,,2026-07-20T02:00:00+00:00,2026-07-19,,,,,,,,1.0,1.0,
0.05074310302734375,94.0,,t_plus_21h,okc,okc:2026-07-19,-0.05074310302734375,KXHIGHTOKC-26JUL19,,temperature,neuralcaster_v2,93.94925689697266,,2026-07-20T03:00:00+00:00,2026-07-19,,,,,,,,1.0,1.0,
0.058746337890625,94.0,,t_plus_22h,okc,okc:2026-07-19,-0.058746337890625,KXHIGHTOKC-26JUL19,,temperature,neuralcaster_v2,93.94125366210938,,2026-07-20T04:00:00+00:00,2026-07-19,,,,,,,,1.0,1.0,
0.0799999999999983,94.0,,t_plus_23h,okc,okc:2026-07-19,-0.0799999999999983,KXHIGHTOKC-26JUL19,,temperature,neuralcaster_v2,93.92,,2026-07-20T05:00:00+00:00,2026-07-19,,,,,,,,1.0,1.0,
0.20249176025390625,97.0,,t_plus_0h,aus,aus:2026-07-20,0.20249176025390625,KXHIGHAUS-26JUL20,,temperature,neuralcaster_v2,97.2024917602539,,2026-07-20T06:00:00+00:00,2026-07-20,,,,,,,,1.0,1.0,
0.5936279296875,97.0,,t_plus_1h,aus,aus:2026-07-20,0.5936279296875,KXHIGHAUS-26JUL20,,temperature,neuralcaster_v2,97.5936279296875,,2026-07-20T07:00:00+00:00,2026-07-20,,,,,,,,1.0,1.0,
0.8803558349609375,97.0,,t_plus_2h,aus,aus:2026-07-20,0.8803558349609375,KXHIGHAUS-26JUL20,,temperature,neuralcaster_v2,97.88035583496094,,2026-07-20T08:00:00+00:00,2026-07-20,,,,,,,,1.0,1.0,
0.7404632568359375,97.0,,t_plus_3h,aus,aus:2026-07-20,0.7404632568359375,KXHIGHAUS-26JUL20,,temperature,neuralcaster_v2,97.74046325683594,,2026-07-20T09:00:00+00:00,2026-07-20,,,,,,,,1.0,1.0,
0.674468994140625,97.0,,t_plus_4h,aus,aus:2026-07-20,0.674468994140625,KXHIGHAUS-26JUL20,,temperature,neuralcaster_v2,97.67446899414062,,2026-07-20T10:00:00+00:00,2026-07-20,,,,,,,,1.0,1.0,
0.5569839477539062,97.0,,t_plus_5h,aus,aus:2026-07-20,0.5569839477539062,KXHIGHAUS-26JUL20,,temperature,neuralcaster_v2,97.5569839477539,,2026-07-20T11:00:00+00:00,2026-07-20,,,,,,,,1.0,1.0,
0.44690704345703125,97.0,,t_plus_6h,aus,aus:2026-07-20,0.44690704345703125,KXHIGHAUS-26JUL20,,temperature,neuralcaster_v2,97.44690704345703,,2026-07-20T12:00:00+00:00,2026-07-20,,,,,,,,1.0,1.0,
0.3992156982421875,97.0,,t_plus_7h,aus,aus:2026-07-20,0.3992156982421875,KXHIGHAUS-26JUL20,,temperature,neuralcaster_v2,97.39921569824219,,2026-07-20T13:00:00+00:00,2026-07-20,,,,,,,,1.0,1.0,
0.28708648681640625,97.0,,t_plus_8h,aus,aus:2026-07-20,0.28708648681640625,KXHIGHAUS-26JUL20,,temperature,neuralcaster_v2,97.2870864868164,,2026-07-20T14:00:00+00:00,2026-07-20,,,,,,,,1.0,1.0,
0.0761260986328125,97.0,,t_plus_9h,aus,aus:2026-07-20,0.0761260986328125,KXHIGHAUS-26JUL20,,temperature,neuralcaster_v2,97.07612609863281,,2026-07-20T15:00:00+00:00,2026-07-20,,,,,,,,1.0,1.0,
0.25600433349609375,97.0,,t_plus_10h,aus,aus:2026-07-20,-0.25600433349609375,KXHIGHAUS-26JUL20,,temperature,neuralcaster_v2,96.7439956665039,,2026-07-20T16:00:00+00:00,2026-07-20,,,,,,,,1.0,1.0,
0.3309326171875,97.0,,t_plus_11h,aus,aus:2026-07-20,-0.3309326171875,KXHIGHAUS-26JUL20,,temperature,neuralcaster_v2,96.6690673828125,,2026-07-20T17:00:00+00:00,2026-07-20,,,,,,,,1.0,1.0,
0.389007568359375,97.0,,t_plus_12h,aus,aus:2026-07-20,-0.389007568359375,KXHIGHAUS-26JUL20,,temperature,neuralcaster_v2,96.61099243164062,,2026-07-20T18:00:00+00:00,2026-07-20,,,,,,,,1.0,1.0,
0.500274658203125,97.0,,t_plus_13h,aus,aus:2026-07-20,-0.500274658203125,KXHIGHAUS-26JUL20,,temperature,neuralcaster_v2,96.49972534179688,,2026-07-20T19:00:00+00:00,2026-07-20,,,,,,,,1.0,1.0,
0.5938186645507812,97.0,,t_plus_14h,aus,aus:2026-07-20,-0.5938186645507812,KXHIGHAUS-26JUL20,,temperature,neuralcaster_v2,96.40618133544922,,2026-07-20T20:00:00+00:00,2026-07-20,,,,,,,,1.0,1.0,
0.221527099609375,97.0,,t_plus_15h,aus,aus:2026-07-20,0.221527099609375,KXHIGHAUS-26JUL20,,temperature,neuralcaster_v2,97.22152709960938,,2026-07-20T21:00:00+00:00,2026-07-20,,,,,,,,1.0,1.0,
0.0157318115234375,97.0,,t_plus_16h,aus,aus:2026-07-20,0.0157318115234375,KXHIGHAUS-26JUL20,,temperature,neuralcaster_v2,97.01573181152344,,2026-07-20T22:00:00+00:00,2026-07-20,,,,,,,,1.0,1.0,
0.01967620849609375,97.0,,t_plus_17h,aus,aus:2026-07-20,-0.01967620849609375,KXHIGHAUS-26JUL20,,temperature,neuralcaster_v2,96.9803237915039,,2026-07-20T23:00:00+00:00,2026-07-20,,,,,,,,1.0,1.0,
0.07706451416015625,97.0,,t_plus_18h,aus,aus:2026-07-20,0.07706451416015625,KXHIGHAUS-26JUL20,,temperature,neuralcaster_v2,97.07706451416016,,2026-07-21T00:00:00+00:00,2026-07-20,,,,,,,,1.0,1.0,
0.040985107421875,97.0,,t_plus_19h,aus,aus:2026-07-20,0.040985107421875,KXHIGHAUS-26JUL20,,temperature,neuralcaster_v2,97.04098510742188,,2026-07-21T01:00:00+00:00,2026-07-20,,,,,,,,1.0,1.0,
0.041473388671875,97.0,,t_plus_20h,aus,aus:2026-07-20,0.041473388671875,KXHIGHAUS-26JUL20,,temperature,neuralcaster_v2,97.04147338867188,,2026-07-21T02:00:00+00:00,2026-07-20,,,,,,,,1.0,1.0,
0.04584503173828125,97.0,,t_plus_21h,aus,aus:2026-07-20,0.04584503173828125,KXHIGHAUS-26JUL20,,temperature,neuralcaster_v2,97.04584503173828,,2026-07-21T03:00:00+00:00,2026-07-20,,,,,,,,1.0,1.0,
0.0008697509765625,97.0,,t_plus_22h,aus,aus:2026-07-20,-0.0008697509765625,KXHIGHAUS-26JUL20,,temperature,neuralcaster_v2,96.99913024902344,,2026-07-21T04:00:00+00:00,2026-07-20,,,,,,,,1.0,1.0,
0.01999999999999602,97.0,,t_plus_23h,aus,aus:2026-07-20,-0.01999999999999602,KXHIGHAUS-26JUL20,,temperature,neuralcaster_v2,96.98,,2026-07-21T05:00:00+00:00,2026-07-20,,,,,,,,1.0,1.0,
0.35283660888671875,100.0,,t_plus_0h,den,den:2026-07-20,-0.35283660888671875,KXHIGHDEN-26JUL20,,temperature,neuralcaster_v2,99.64716339111328,,2026-07-20T07:00:00+00:00,2026-07-20,,,,,,,,1.0,1.0,
0.240997314453125,100.0,,t_plus_1h,den,den:2026-07-20,0.240997314453125,KXHIGHDEN-26JUL20,,temperature,neuralcaster_v2,100.24099731445312,,2026-07-20T08:00:00+00:00,2026-07-20,,,,,,,,1.0,1.0,
0.13973236083984375,100.0,,t_plus_2h,den,den:2026-07-20,-0.13973236083984375,KXHIGHDEN-26JUL20,,temperature,neuralcaster_v2,99.86026763916016,,2026-07-20T09:00:00+00:00,2026-07-20,,,,,,,,1.0,1.0,
0.343231201171875,100.0,,t_plus_3h,den,den:2026-07-20,-0.343231201171875,KXHIGHDEN-26JUL20,,temperature,neuralcaster_v2,99.65676879882812,,2026-07-20T10:00:00+00:00,2026-07-20,,,,,,,,1.0,1.0,
0.37416839599609375,100.0,,t_plus_4h,den,den:2026-07-20,-0.37416839599609375,KXHIGHDEN-26JUL20,,temperature,neuralcaster_v2,99.6258316040039,,2026-07-20T11:00:00+00:00,2026-07-20,,,,,,,,1.0,1.0,
0.218994140625,100.0,,t_plus_5h,den,den:2026-07-20,-0.218994140625,KXHIGHDEN-26JUL20,,temperature,neuralcaster_v2,99.781005859375,,2026-07-20T12:00:00+00:00,2026-07-20,,,,,,,,1.0,1.0,
0.04203033447265625,100.0,,t_plus_6h,den,den:2026-07-20,-0.04203033447265625,KXHIGHDEN-26JUL20,,temperature,neuralcaster_v2,99.95796966552734,,2026-07-20T13:00:00+00:00,2026-07-20,,,,,,,,1.0,1.0,
0.0634765625,100.0,,t_plus_7h,den,den:2026-07-20,-0.0634765625,KXHIGHDEN-26JUL20,,temperature,neuralcaster_v2,99.9365234375,,2026-07-20T14:00:00+00:00,2026-07-20,,,,,,,,1.0,1.0,
0.317718505859375,100.0,,t_plus_8h,den,den:2026-07-20,0.317718505859375,KXHIGHDEN-26JUL20,,temperature,neuralcaster_v2,100.31771850585938,,2026-07-20T15:00:00+00:00,2026-07-20,,,,,,,,1.0,1.0,
0.46222686767578125,100.0,,t_plus_9h,den,den:2026-07-20,0.46222686767578125,KXHIGHDEN-26JUL20,,temperature,neuralcaster_v2,100.46222686767578,,2026-07-20T16:00:00+00:00,2026-07-20,,,,,,,,1.0,1.0,
0.44024658203125,100.0,,t_plus_10h,den,den:2026-07-20,0.44024658203125,KXHIGHDEN-26JUL20,,temperature,neuralcaster_v2,100.44024658203125,,2026-07-20T17:00:00+00:00,2026-07-20,,,,,,,,1.0,1.0,
0.010223388671875,100.0,,t_plus_11h,den,den:2026-07-20,-0.010223388671875,KXHIGHDEN-26JUL20,,temperature,neuralcaster_v2,99.98977661132812,,2026-07-20T18:00:00+00:00,2026-07-20,,,,,,,,1.0,1.0,
0.09549713134765625,100.0,,t_plus_12h,den,den:2026-07-20,-0.09549713134765625,KXHIGHDEN-26JUL20,,temperature,neuralcaster_v2,99.90450286865234,,2026-07-20T19:00:00+00:00,2026-07-20,,,,,,,,1.0,1.0,
0.2821044921875,100.0,,t_plus_13h,den,den:2026-07-20,-0.2821044921875,KXHIGHDEN-26JUL20,,temperature,neuralcaster_v2,99.7178955078125,,2026-07-20T20:00:00+00:00,2026-07-20,,,,,,,,1.0,1.0,
0.45102691650390625,100.0,,t_plus_14h,den,den:2026-07-20,-0.45102691650390625,KXHIGHDEN-26JUL20,,temperature,neuralcaster_v2,99.5489730834961,,2026-07-20T21:00:00+00:00,2026-07-20,,,,,,,,1.0,1.0,
0.41634368896484375,100.0,,t_plus_15h,den,den:2026-07-20,0.41634368896484375,KXHIGHDEN-26JUL20,,temperature,neuralcaster_v2,100.41634368896484,,2026-07-20T22:00:00+00:00,2026-07-20,,,,,,,,1.0,1.0,
0.28821563720703125,100.0,,t_plus_16h,den,den:2026-07-20,0.28821563720703125,KXHIGHDEN-26JUL20,,temperature,neuralcaster_v2,100.28821563720703,,2026-07-20T23:00:00+00:00,2026-07-20,,,,,,,,1.0,1.0,
0.2967681884765625,100.0,,t_plus_17h,den,den:2026-07-20,0.2967681884765625,KXHIGHDEN-26JUL20,,temperature,neuralcaster_v2,100.29676818847656,,2026-07-21T00:00:00+00:00,2026-07-20,,,,,,,,1.0,1.0,
0.18487548828125,100.0,,t_plus_18h,den,den:2026-07-20,0.18487548828125,KXHIGHDEN-26JUL20,,temperature,neuralcaster_v2,100.18487548828125,,2026-07-21T01:00:00+00:00,2026-07-20,,,,,,,,1.0,1.0,
0.1833953857421875,100.0,,t_plus_19h,den,den:2026-07-20,0.1833953857421875,KXHIGHDEN-26JUL20,,temperature,neuralcaster_v2,100.18339538574219,,2026-07-21T02:00:00+00:00,2026-07-20,,,,,,,,1.0,1.0,
0.28546905517578125,100.0,,t_plus_20h,den,den:2026-07-20,0.28546905517578125,KXHIGHDEN-26JUL20,,temperature,neuralcaster_v2,100.28546905517578,,2026-07-21T03:00:00+00:00,2026-07-20,,,,,,,,1.0,1.0,
0.2516021728515625,100.0,,t_plus_21h,den,den:2026-07-20,0.2516021728515625,KXHIGHDEN-26JUL20,,temperature,neuralcaster_v2,100.25160217285156,,2026-07-21T04:00:00+00:00,2026-07-20,,,,,,,,1.0,1.0,
0.21807098388671875,100.0,,t_plus_22h,den,den:2026-07-20,0.21807098388671875,KXHIGHDEN-26JUL20,,temperature,neuralcaster_v2,100.21807098388672,,2026-07-21T05:00:00+00:00,2026-07-20,,,,,,,,1.0,1.0,
0.1721038818359375,100.0,,t_plus_23h,den,den:2026-07-20,0.1721038818359375,KXHIGHDEN-26JUL20,,temperature,neuralcaster_v2,100.17210388183594,,2026-07-21T06:00:00+00:00,2026-07-20,,,,,,,,1.0,1.0,
5.254508972167969,83.0,,t_plus_0h,la,la:2026-07-20,-5.254508972167969,KXHIGHLAX-26JUL20,,temperature,neuralcaster_v2,77.74549102783203,,2026-07-20T08:00:00+00:00,2026-07-20,,,,,,,,0.0,0.0,
3.6467132568359375,83.0,,t_plus_1h,la,la:2026-07-20,-3.6467132568359375,KXHIGHLAX-26JUL20,,temperature,neuralcaster_v2,79.35328674316406,,2026-07-20T09:00:00+00:00,2026-07-20,,,,,,,,0.0,0.0,
2.9618072509765625,83.0,,t_plus_2h,la,la:2026-07-20,-2.9618072509765625,KXHIGHLAX-26JUL20,,temperature,neuralcaster_v2,80.03819274902344,,2026-07-20T10:00:00+00:00,2026-07-20,,,,,,,,0.0,0.0,
2.6730270385742188,83.0,,t_plus_3h,la,la:2026-07-20,-2.6730270385742188,KXHIGHLAX-26JUL20,,temperature,neuralcaster_v2,80.32697296142578,,2026-07-20T11:00:00+00:00,2026-07-20,,,,,,,,0.0,0.0,
2.3098678588867188,83.0,,t_plus_4h,la,la:2026-07-20,-2.3098678588867188,KXHIGHLAX-26JUL20,,temperature,neuralcaster_v2,80.69013214111328,,2026-07-20T12:00:00+00:00,2026-07-20,,,,,,,,0.0,0.0,
2.6607818603515625,83.0,,t_plus_5h,la,la:2026-07-20,-2.6607818603515625,KXHIGHLAX-26JUL20,,temperature,neuralcaster_v2,80.33921813964844,,2026-07-20T13:00:00+00:00,2026-07-20,,,,,,,,0.0,0.0,
2.8719863891601562,83.0,,t_plus_6h,la,la:2026-07-20,-2.8719863891601562,KXHIGHLAX-26JUL20,,temperature,neuralcaster_v2,80.12801361083984,,2026-07-20T14:00:00+00:00,2026-07-20,,,,,,,,0.0,0.0,
3.6169357299804688,83.0,,t_plus_7h,la,la:2026-07-20,-3.6169357299804688,KXHIGHLAX-26JUL20,,temperature,neuralcaster_v2,79.38306427001953,,2026-07-20T15:00:00+00:00,2026-07-20,,,,,,,,0.0,0.0,
3.012725830078125,83.0,,t_plus_8h,la,la:2026-07-20,-3.012725830078125,KXHIGHLAX-26JUL20,,temperature,neuralcaster_v2,79.98727416992188,,2026-07-20T16:00:00+00:00,2026-07-20,,,,,,,,0.0,0.0,
2.4400177001953125,83.0,,t_plus_9h,la,la:2026-07-20,-2.4400177001953125,KXHIGHLAX-26JUL20,,temperature,neuralcaster_v2,80.55998229980469,,2026-07-20T17:00:00+00:00,2026-07-20,,,,,,,,0.0,0.0,
1.3959579467773438,83.0,,t_plus_10h,la,la:2026-07-20,-1.3959579467773438,KXHIGHLAX-26JUL20,,temperature,neuralcaster_v2,81.60404205322266,,2026-07-20T18:00:00+00:00,2026-07-20,,,,,,,,0.0,1.0,
0.3108062744140625,83.0,,t_plus_11h,la,la:2026-07-20,-0.3108062744140625,KXHIGHLAX-26JUL20,,temperature,neuralcaster_v2,82.68919372558594,,2026-07-20T19:00:00+00:00,2026-07-20,,,,,,,,1.0,1.0,
0.449066162109375,83.0,,t_plus_12h,la,la:2026-07-20,-0.449066162109375,KXHIGHLAX-26JUL20,,temperature,neuralcaster_v2,82.55093383789062,,2026-07-20T20:00:00+00:00,2026-07-20,,,,,,,,1.0,1.0,
0.5449142456054688,83.0,,t_plus_13h,la,la:2026-07-20,-0.5449142456054688,KXHIGHLAX-26JUL20,,temperature,neuralcaster_v2,82.45508575439453,,2026-07-20T21:00:00+00:00,2026-07-20,,,,,,,,1.0,1.0,
0.5999999999999943,83.0,,t_plus_14h,la,la:2026-07-20,-0.5999999999999943,KXHIGHLAX-26JUL20,,temperature,neuralcaster_v2,82.4,,2026-07-20T22:00:00+00:00,2026-07-20,,,,,,,,1.0,1.0,
0.5999999999999943,83.0,,t_plus_15h,la,la:2026-07-20,-0.5999999999999943,KXHIGHLAX-26JUL20,,temperature,neuralcaster_v2,82.4,,2026-07-20T23:00:00+00:00,2026-07-20,,,,,,,,1.0,1.0,
0.5999999999999943,83.0,,t_plus_16h,la,la:2026-07-20,-0.5999999999999943,KXHIGHLAX-26JUL20,,temperature,neuralcaster_v2,82.4,,2026-07-21T00:00:00+00:00,2026-07-20,,,,,,,,1.0,1.0,
0.5999999999999943,83.0,,t_plus_17h,la,la:2026-07-20,-0.5999999999999943,KXHIGHLAX-26JUL20,,temperature,neuralcaster_v2,82.4,,2026-07-21T01:00:00+00:00,2026-07-20,,,,,,,,1.0,1.0,
0.5999999999999943,83.0,,t_plus_18h,la,la:2026-07-20,-0.5999999999999943,KXHIGHLAX-26JUL20,,temperature,neuralcaster_v2,82.4,,2026-07-21T02:00:00+00:00,2026-07-20,,,,,,,,1.0,1.0,
0.5999999999999943,83.0,,t_plus_19h,la,la:2026-07-20,-0.5999999999999943,KXHIGHLAX-26JUL20,,temperature,neuralcaster_v2,82.4,,2026-07-21T03:00:00+00:00,2026-07-20,,,,,,,,1.0,1.0,
0.5999999999999943,83.0,,t_plus_20h,la,la:2026-07-20,-0.5999999999999943,KXHIGHLAX-26JUL20,,temperature,neuralcaster_v2,82.4,,2026-07-21T04:00:00+00:00,2026-07-20,,,,,,,,1.0,1.0,
0.5999999999999943,83.0,,t_plus_21h,la,la:2026-07-20,-0.5999999999999943,KXHIGHLAX-26JUL20,,temperature,neuralcaster_v2,82.4,,2026-07-21T05:00:00+00:00,2026-07-20,,,,,,,,1.0,1.0,
0.5999999999999943,83.0,,t_plus_22h,la,la:2026-07-20,-0.5999999999999943,KXHIGHLAX-26JUL20,,temperature,neuralcaster_v2,82.4,,2026-07-21T06:00:00+00:00,2026-07-20,,,,,,,,1.0,1.0,
0.5999999999999943,83.0,,t_plus_23h,la,la:2026-07-20,-0.5999999999999943,KXHIGHLAX-26JUL20,,temperature,neuralcaster_v2,82.4,,2026-07-21T07:00:00+00:00,2026-07-20,,,,,,,,1.0,1.0,
1.2365646362304688,93.0,,t_plus_0h,mia,mia:2026-07-20,-1.2365646362304688,KXHIGHMIA-26JUL20,,temperature,neuralcaster_v2,91.76343536376953,,2026-07-20T05:00:00+00:00,2026-07-20,,,,,,,,0.0,1.0,
0.9094924926757812,93.0,,t_plus_1h,mia,mia:2026-07-20,-0.9094924926757812,KXHIGHMIA-26JUL20,,temperature,neuralcaster_v2,92.09050750732422,,2026-07-20T06:00:00+00:00,2026-07-20,,,,,,,,1.0,1.0,
0.33838653564453125,93.0,,t_plus_2h,mia,mia:2026-07-20,-0.33838653564453125,KXHIGHMIA-26JUL20,,temperature,neuralcaster_v2,92.66161346435547,,2026-07-20T07:00:00+00:00,2026-07-20,,,,,,,,1.0,1.0,
0.261505126953125,93.0,,t_plus_3h,mia,mia:2026-07-20,-0.261505126953125,KXHIGHMIA-26JUL20,,temperature,neuralcaster_v2,92.73849487304688,,2026-07-20T08:00:00+00:00,2026-07-20,,,,,,,,1.0,1.0,
0.8264312744140625,93.0,,t_plus_4h,mia,mia:2026-07-20,-0.8264312744140625,KXHIGHMIA-26JUL20,,temperature,neuralcaster_v2,92.17356872558594,,2026-07-20T09:00:00+00:00,2026-07-20,,,,,,,,1.0,1.0,
0.8356399536132812,93.0,,t_plus_5h,mia,mia:2026-07-20,-0.8356399536132812,KXHIGHMIA-26JUL20,,temperature,neuralcaster_v2,92.16436004638672,,2026-07-20T10:00:00+00:00,2026-07-20,,,,,,,,1.0,1.0,
1.1514663696289062,93.0,,t_plus_6h,mia,mia:2026-07-20,-1.1514663696289062,KXHIGHMIA-26JUL20,,temperature,neuralcaster_v2,91.8485336303711,,2026-07-20T11:00:00+00:00,2026-07-20,,,,,,,,0.0,1.0,
1.3215255737304688,93.0,,t_plus_7h,mia,mia:2026-07-20,-1.3215255737304688,KXHIGHMIA-26JUL20,,temperature,neuralcaster_v2,91.67847442626953,,2026-07-20T12:00:00+00:00,2026-07-20,,,,,,,,0.0,1.0,
1.4208755493164062,93.0,,t_plus_8h,mia,mia:2026-07-20,-1.4208755493164062,KXHIGHMIA-26JUL20,,temperature,neuralcaster_v2,91.5791244506836,,2026-07-20T13:00:00+00:00,2026-07-20,,,,,,,,0.0,1.0,
1.5135726928710938,93.0,,t_plus_9h,mia,mia:2026-07-20,-1.5135726928710938,KXHIGHMIA-26JUL20,,temperature,neuralcaster_v2,91.4864273071289,,2026-07-20T14:00:00+00:00,2026-07-20,,,,,,,,0.0,1.0,
0.5535507202148438,93.0,,t_plus_10h,mia,mia:2026-07-20,-0.5535507202148438,KXHIGHMIA-26JUL20,,temperature,neuralcaster_v2,92.44644927978516,,2026-07-20T15:00:00+00:00,2026-07-20,,,,,,,,1.0,1.0,
0.7009124755859375,93.0,,t_plus_11h,mia,mia:2026-07-20,-0.7009124755859375,KXHIGHMIA-26JUL20,,temperature,neuralcaster_v2,92.29908752441406,,2026-07-20T16:00:00+00:00,2026-07-20,,,,,,,,1.0,1.0,
0.6659393310546875,93.0,,t_plus_12h,mia,mia:2026-07-20,-0.6659393310546875,KXHIGHMIA-26JUL20,,temperature,neuralcaster_v2,92.33406066894531,,2026-07-20T17:00:00+00:00,2026-07-20,,,,,,,,1.0,1.0,
0.5883331298828125,93.0,,t_plus_13h,mia,mia:2026-07-20,-0.5883331298828125,KXHIGHMIA-26JUL20,,temperature,neuralcaster_v2,92.41166687011719,,2026-07-20T18:00:00+00:00,2026-07-20,,,,,,,,1.0,1.0,
0.20000000000000284,93.0,,t_plus_14h,mia,mia:2026-07-20,0.20000000000000284,KXHIGHMIA-26JUL20,,temperature,neuralcaster_v2,93.2,,2026-07-20T19:00:00+00:00,2026-07-20,,,,,,,,1.0,1.0,
0.20000000000000284,93.0,,t_plus_15h,mia,mia:2026-07-20,0.20000000000000284,KXHIGHMIA-26JUL20,,temperature,neuralcaster_v2,93.2,,2026-07-20T20:00:00+00:00,2026-07-20,,,,,,,,1.0,1.0,
0.20000000000000284,93.0,,t_plus_16h,mia,mia:2026-07-20,0.20000000000000284,KXHIGHMIA-26JUL20,,temperature,neuralcaster_v2,93.2,,2026-07-20T21:00:00+00:00,2026-07-20,,,,,,,,1.0,1.0,
0.20000000000000284,93.0,,t_plus_17h,mia,mia:2026-07-20,0.20000000000000284,KXHIGHMIA-26JUL20,,temperature,neuralcaster_v2,93.2,,2026-07-20T22:00:00+00:00,2026-07-20,,,,,,,,1.0,1.0,
0.20000000000000284,93.0,,t_plus_18h,mia,mia:2026-07-20,0.20000000000000284,KXHIGHMIA-26JUL20,,temperature,neuralcaster_v2,93.2,,2026-07-20T23:00:00+00:00,2026-07-20,,,,,,,,1.0,1.0,
0.20000000000000284,93.0,,t_plus_19h,mia,mia:2026-07-20,0.20000000000000284,KXHIGHMIA-26JUL20,,temperature,neuralcaster_v2,93.2,,2026-07-21T00:00:00+00:00,2026-07-20,,,,,,,,1.0,1.0,
0.20000000000000284,93.0,,t_plus_20h,mia,mia:2026-07-20,0.20000000000000284,KXHIGHMIA-26JUL20,,temperature,neuralcaster_v2,93.2,,2026-07-21T01:00:00+00:00,2026-07-20,,,,,,,,1.0,1.0,
0.20000000000000284,93.0,,t_plus_21h,mia,mia:2026-07-20,0.20000000000000284,KXHIGHMIA-26JUL20,,temperature,neuralcaster_v2,93.2,,2026-07-21T02:00:00+00:00,2026-07-20,,,,,,,,1.0,1.0,
0.20000000000000284,93.0,,t_plus_22h,mia,mia:2026-07-20,0.20000000000000284,KXHIGHMIA-26JUL20,,temperature,neuralcaster_v2,93.2,,2026-07-21T03:00:00+00:00,2026-07-20,,,,,,,,1.0,1.0,
0.20000000000000284,93.0,,t_plus_23h,mia,mia:2026-07-20,0.20000000000000284,KXHIGHMIA-26JUL20,,temperature,neuralcaster_v2,93.2,,2026-07-21T04:00:00+00:00,2026-07-20,,,,,,,,1.0,1.0,
1.2012252807617188,81.0,,t_plus_0h,nyc,nyc:2026-07-20,-1.2012252807617188,KXHIGHNY-26JUL20,,temperature,neuralcaster_v2,79.79877471923828,,2026-07-20T05:00:00+00:00,2026-07-20,,,,,,,,0.0,1.0,
0.352203369140625,81.0,,t_plus_1h,nyc,nyc:2026-07-20,-0.352203369140625,KXHIGHNY-26JUL20,,temperature,neuralcaster_v2,80.64779663085938,,2026-07-20T06:00:00+00:00,2026-07-20,,,,,,,,1.0,1.0,
1.0734481811523438,81.0,,t_plus_2h,nyc,nyc:2026-07-20,-1.0734481811523438,KXHIGHNY-26JUL20,,temperature,neuralcaster_v2,79.92655181884766,,2026-07-20T07:00:00+00:00,2026-07-20,,,,,,,,0.0,1.0,
1.4784011840820312,81.0,,t_plus_3h,nyc,nyc:2026-07-20,-1.4784011840820312,KXHIGHNY-26JUL20,,temperature,neuralcaster_v2,79.52159881591797,,2026-07-20T08:00:00+00:00,2026-07-20,,,,,,,,0.0,1.0,
1.1145248413085938,81.0,,t_plus_4h,nyc,nyc:2026-07-20,-1.1145248413085938,KXHIGHNY-26JUL20,,temperature,neuralcaster_v2,79.8854751586914,,2026-07-20T09:00:00+00:00,2026-07-20,,,,,,,,0.0,1.0,
1.198638916015625,81.0,,t_plus_5h,nyc,nyc:2026-07-20,-1.198638916015625,KXHIGHNY-26JUL20,,temperature,neuralcaster_v2,79.80136108398438,,2026-07-20T10:00:00+00:00,2026-07-20,,,,,,,,0.0,1.0,
0.7122650146484375,81.0,,t_plus_6h,nyc,nyc:2026-07-20,-0.7122650146484375,KXHIGHNY-26JUL20,,temperature,neuralcaster_v2,80.28773498535156,,2026-07-20T11:00:00+00:00,2026-07-20,,,,,,,,1.0,1.0,
0.78155517578125,81.0,,t_plus_7h,nyc,nyc:2026-07-20,-0.78155517578125,KXHIGHNY-26JUL20,,temperature,neuralcaster_v2,80.21844482421875,,2026-07-20T12:00:00+00:00,2026-07-20,,,,,,,,1.0,1.0,
0.833221435546875,81.0,,t_plus_8h,nyc,nyc:2026-07-20,-0.833221435546875,KXHIGHNY-26JUL20,,temperature,neuralcaster_v2,80.16677856445312,,2026-07-20T13:00:00+00:00,2026-07-20,,,,,,,,1.0,1.0,
0.8055801391601562,81.0,,t_plus_9h,nyc,nyc:2026-07-20,-0.8055801391601562,KXHIGHNY-26JUL20,,temperature,neuralcaster_v2,80.19441986083984,,2026-07-20T14:00:00+00:00,2026-07-20,,,,,,,,1.0,1.0,
0.418182373046875,81.0,,t_plus_10h,nyc,nyc:2026-07-20,-0.418182373046875,KXHIGHNY-26JUL20,,temperature,neuralcaster_v2,80.58181762695312,,2026-07-20T15:00:00+00:00,2026-07-20,,,,,,,,1.0,1.0,
0.03749847412109375,81.0,,t_plus_11h,nyc,nyc:2026-07-20,-0.03749847412109375,KXHIGHNY-26JUL20,,temperature,neuralcaster_v2,80.9625015258789,,2026-07-20T16:00:00+00:00,2026-07-20,,,,,,,,1.0,1.0,
0.11640167236328125,81.0,,t_plus_12h,nyc,nyc:2026-07-20,0.11640167236328125,KXHIGHNY-26JUL20,,temperature,neuralcaster_v2,81.11640167236328,,2026-07-20T17:00:00+00:00,2026-07-20,,,,,,,,1.0,1.0,
0.7716064453125,81.0,,t_plus_13h,nyc,nyc:2026-07-20,0.7716064453125,KXHIGHNY-26JUL20,,temperature,neuralcaster_v2,81.7716064453125,,2026-07-20T18:00:00+00:00,2026-07-20,,,,,,,,1.0,1.0,
0.7213134765625,81.0,,t_plus_14h,nyc,nyc:2026-07-20,0.7213134765625,KXHIGHNY-26JUL20,,temperature,neuralcaster_v2,81.7213134765625,,2026-07-20T19:00:00+00:00,2026-07-20,,,,,,,,1.0,1.0,
0.9612350463867188,81.0,,t_plus_15h,nyc,nyc:2026-07-20,0.9612350463867188,KXHIGHNY-26JUL20,,temperature,neuralcaster_v2,81.96123504638672,,2026-07-20T20:00:00+00:00,2026-07-20,,,,,,,,1.0,1.0,
1.02935791015625,81.0,,t_plus_16h,nyc,nyc:2026-07-20,1.02935791015625,KXHIGHNY-26JUL20,,temperature,neuralcaster_v2,82.02935791015625,,2026-07-20T21:00:00+00:00,2026-07-20,,,,,,,,0.0,1.0,
0.280517578125,81.0,,t_plus_17h,nyc,nyc:2026-07-20,0.280517578125,KXHIGHNY-26JUL20,,temperature,neuralcaster_v2,81.280517578125,,2026-07-20T22:00:00+00:00,2026-07-20,,,,,,,,1.0,1.0,
0.28856658935546875,81.0,,t_plus_18h,nyc,nyc:2026-07-20,-0.28856658935546875,KXHIGHNY-26JUL20,,temperature,neuralcaster_v2,80.71143341064453,,2026-07-20T23:00:00+00:00,2026-07-20,,,,,,,,1.0,1.0,
0.6546096801757812,81.0,,t_plus_19h,nyc,nyc:2026-07-20,-0.6546096801757812,KXHIGHNY-26JUL20,,temperature,neuralcaster_v2,80.34539031982422,,2026-07-21T00:00:00+00:00,2026-07-20,,,,,,,,1.0,1.0,
0.683349609375,81.0,,t_plus_20h,nyc,nyc:2026-07-20,-0.683349609375,KXHIGHNY-26JUL20,,temperature,neuralcaster_v2,80.316650390625,,2026-07-21T01:00:00+00:00,2026-07-20,,,,,,,,1.0,1.0,
0.7340011596679688,81.0,,t_plus_21h,nyc,nyc:2026-07-20,-0.7340011596679688,KXHIGHNY-26JUL20,,temperature,neuralcaster_v2,80.26599884033203,,2026-07-21T02:00:00+00:00,2026-07-20,,,,,,,,1.0,1.0,
0.7822723388671875,81.0,,t_plus_22h,nyc,nyc:2026-07-20,-0.7822723388671875,KXHIGHNY-26JUL20,,temperature,neuralcaster_v2,80.21772766113281,,2026-07-21T03:00:00+00:00,2026-07-20,,,,,,,,1.0,1.0,
0.8194122314453125,81.0,,t_plus_23h,nyc,nyc:2026-07-20,-0.8194122314453125,KXHIGHNY-26JUL20,,temperature,neuralcaster_v2,80.18058776855469,,2026-07-21T04:00:00+00:00,2026-07-20,,,,,,,,1.0,1.0,
1.0579681396484375,98.0,,t_plus_0h,okc,okc:2026-07-20,-1.0579681396484375,KXHIGHTOKC-26JUL20,,temperature,neuralcaster_v2,96.94203186035156,,2026-07-20T06:00:00+00:00,2026-07-20,,,,,,,,0.0,1.0,
0.3140869140625,98.0,,t_plus_1h,okc,okc:2026-07-20,-0.3140869140625,KXHIGHTOKC-26JUL20,,temperature,neuralcaster_v2,97.6859130859375,,2026-07-20T07:00:00+00:00,2026-07-20,,,,,,,,1.0,1.0,
0.37516021728515625,98.0,,t_plus_2h,okc,okc:2026-07-20,0.37516021728515625,KXHIGHTOKC-26JUL20,,temperature,neuralcaster_v2,98.37516021728516,,2026-07-20T08:00:00+00:00,2026-07-20,,,,,,,,1.0,1.0,
0.74853515625,98.0,,t_plus_3h,okc,okc:2026-07-20,0.74853515625,KXHIGHTOKC-26JUL20,,temperature,neuralcaster_v2,98.74853515625,,2026-07-20T09:00:00+00:00,2026-07-20,,,,,,,,1.0,1.0,
1.1348876953125,98.0,,t_plus_4h,okc,okc:2026-07-20,1.1348876953125,KXHIGHTOKC-26JUL20,,temperature,neuralcaster_v2,99.1348876953125,,2026-07-20T10:00:00+00:00,2026-07-20,,,,,,,,0.0,1.0,
1.2709426879882812,98.0,,t_plus_5h,okc,okc:2026-07-20,1.2709426879882812,KXHIGHTOKC-26JUL20,,temperature,neuralcaster_v2,99.27094268798828,,2026-07-20T11:00:00+00:00,2026-07-20,,,,,,,,0.0,1.0,
1.253204345703125,98.0,,t_plus_6h,okc,okc:2026-07-20,1.253204345703125,KXHIGHTOKC-26JUL20,,temperature,neuralcaster_v2,99.25320434570312,,2026-07-20T12:00:00+00:00,2026-07-20,,,,,,,,0.0,1.0,
1.18231201171875,98.0,,t_plus_7h,okc,okc:2026-07-20,1.18231201171875,KXHIGHTOKC-26JUL20,,temperature,neuralcaster_v2,99.18231201171875,,2026-07-20T13:00:00+00:00,2026-07-20,,,,,,,,0.0,1.0,
1.3126678466796875,98.0,,t_plus_8h,okc,okc:2026-07-20,1.3126678466796875,KXHIGHTOKC-26JUL20,,temperature,neuralcaster_v2,99.31266784667969,,2026-07-20T14:00:00+00:00,2026-07-20,,,,,,,,0.0,1.0,
1.0177383422851562,98.0,,t_plus_9h,okc,okc:2026-07-20,1.0177383422851562,KXHIGHTOKC-26JUL20,,temperature,neuralcaster_v2,99.01773834228516,,2026-07-20T15:00:00+00:00,2026-07-20,,,,,,,,0.0,1.0,
0.990020751953125,98.0,,t_plus_10h,okc,okc:2026-07-20,0.990020751953125,KXHIGHTOKC-26JUL20,,temperature,neuralcaster_v2,98.99002075195312,,2026-07-20T16:00:00+00:00,2026-07-20,,,,,,,,1.0,1.0,
0.7828521728515625,98.0,,t_plus_11h,okc,okc:2026-07-20,0.7828521728515625,KXHIGHTOKC-26JUL20,,temperature,neuralcaster_v2,98.78285217285156,,2026-07-20T17:00:00+00:00,2026-07-20,,,,,,,,1.0,1.0,
0.6829986572265625,98.0,,t_plus_12h,okc,okc:2026-07-20,0.6829986572265625,KXHIGHTOKC-26JUL20,,temperature,neuralcaster_v2,98.68299865722656,,2026-07-20T18:00:00+00:00,2026-07-20,,,,,,,,1.0,1.0,
0.5133743286132812,98.0,,t_plus_13h,okc,okc:2026-07-20,0.5133743286132812,KXHIGHTOKC-26JUL20,,temperature,neuralcaster_v2,98.51337432861328,,2026-07-20T19:00:00+00:00,2026-07-20,,,,,,,,1.0,1.0,
0.4581146240234375,98.0,,t_plus_14h,okc,okc:2026-07-20,0.4581146240234375,KXHIGHTOKC-26JUL20,,temperature,neuralcaster_v2,98.45811462402344,,2026-07-20T20:00:00+00:00,2026-07-20,,,,,,,,1.0,1.0,
0.5999999999999943,98.0,,t_plus_15h,okc,okc:2026-07-20,0.5999999999999943,KXHIGHTOKC-26JUL20,,temperature,neuralcaster_v2,98.6,,2026-07-20T21:00:00+00:00,2026-07-20,,,,,,,,1.0,1.0,
0.5999999999999943,98.0,,t_plus_16h,okc,okc:2026-07-20,0.5999999999999943,KXHIGHTOKC-26JUL20,,temperature,neuralcaster_v2,98.6,,2026-07-20T22:00:00+00:00,2026-07-20,,,,,,,,1.0,1.0,
0.5999999999999943,98.0,,t_plus_17h,okc,okc:2026-07-20,0.5999999999999943,KXHIGHTOKC-26JUL20,,temperature,neuralcaster_v2,98.6,,2026-07-20T23:00:00+00:00,2026-07-20,,,,,,,,1.0,1.0,
0.5999999999999943,98.0,,t_plus_18h,okc,okc:2026-07-20,0.5999999999999943,KXHIGHTOKC-26JUL20,,temperature,neuralcaster_v2,98.6,,2026-07-21T00:00:00+00:00,2026-07-20,,,,,,,,1.0,1.0,
0.5999999999999943,98.0,,t_plus_19h,okc,okc:2026-07-20,0.5999999999999943,KXHIGHTOKC-26JUL20,,temperature,neuralcaster_v2,98.6,,2026-07-21T01:00:00+00:00,2026-07-20,,,,,,,,1.0,1.0,
0.5999999999999943,98.0,,t_plus_20h,okc,okc:2026-07-20,0.5999999999999943,KXHIGHTOKC-26JUL20,,temperature,neuralcaster_v2,98.6,,2026-07-21T02:00:00+00:00,2026-07-20,,,,,,,,1.0,1.0,
0.5999999999999943,98.0,,t_plus_21h,okc,okc:2026-07-20,0.5999999999999943,KXHIGHTOKC-26JUL20,,temperature,neuralcaster_v2,98.6,,2026-07-21T03:00:00+00:00,2026-07-20,,,,,,,,1.0,1.0,
0.5999999999999943,98.0,,t_plus_22h,okc,okc:2026-07-20,0.5999999999999943,KXHIGHTOKC-26JUL20,,temperature,neuralcaster_v2,98.6,,2026-07-21T04:00:00+00:00,2026-07-20,,,,,,,,1.0,1.0,
0.5999999999999943,98.0,,t_plus_23h,okc,okc:2026-07-20,0.5999999999999943,KXHIGHTOKC-26JUL20,,temperature,neuralcaster_v2,98.6,,2026-07-21T05:00:00+00:00,2026-07-20,,,,,,,,1.0,1.0,
0.9947509765625,101.0,,t_plus_0h,aus,aus:2026-07-21,-0.9947509765625,KXHIGHAUS-26JUL21,,temperature,neuralcaster_v2,100.0052490234375,,2026-07-21T06:00:00+00:00,2026-07-21,,,,,,,,1.0,1.0,
0.640777587890625,101.0,,t_plus_1h,aus,aus:2026-07-21,-0.640777587890625,KXHIGHAUS-26JUL21,,temperature,neuralcaster_v2,100.35922241210938,,2026-07-21T07:00:00+00:00,2026-07-21,,,,,,,,1.0,1.0,
0.5678558349609375,101.0,,t_plus_2h,aus,aus:2026-07-21,-0.5678558349609375,KXHIGHAUS-26JUL21,,temperature,neuralcaster_v2,100.43214416503906,,2026-07-21T08:00:00+00:00,2026-07-21,,,,,,,,1.0,1.0,
0.46190643310546875,101.0,,t_plus_3h,aus,aus:2026-07-21,-0.46190643310546875,KXHIGHAUS-26JUL21,,temperature,neuralcaster_v2,100.53809356689453,,2026-07-21T09:00:00+00:00,2026-07-21,,,,,,,,1.0,1.0,
0.57183837890625,101.0,,t_plus_4h,aus,aus:2026-07-21,-0.57183837890625,KXHIGHAUS-26JUL21,,temperature,neuralcaster_v2,100.42816162109375,,2026-07-21T10:00:00+00:00,2026-07-21,,,,,,,,1.0,1.0,
0.6703109741210938,101.0,,t_plus_5h,aus,aus:2026-07-21,-0.6703109741210938,KXHIGHAUS-26JUL21,,temperature,neuralcaster_v2,100.3296890258789,,2026-07-21T11:00:00+00:00,2026-07-21,,,,,,,,1.0,1.0,
1.1160964965820312,101.0,,t_plus_6h,aus,aus:2026-07-21,-1.1160964965820312,KXHIGHAUS-26JUL21,,temperature,neuralcaster_v2,99.88390350341797,,2026-07-21T12:00:00+00:00,2026-07-21,,,,,,,,0.0,1.0,
1.2288131713867188,101.0,,t_plus_7h,aus,aus:2026-07-21,-1.2288131713867188,KXHIGHAUS-26JUL21,,temperature,neuralcaster_v2,99.77118682861328,,2026-07-21T13:00:00+00:00,2026-07-21,,,,,,,,0.0,1.0,
1.395843505859375,101.0,,t_plus_8h,aus,aus:2026-07-21,-1.395843505859375,KXHIGHAUS-26JUL21,,temperature,neuralcaster_v2,99.60415649414062,,2026-07-21T14:00:00+00:00,2026-07-21,,,,,,,,0.0,1.0,
1.8620376586914062,101.0,,t_plus_9h,aus,aus:2026-07-21,-1.8620376586914062,KXHIGHAUS-26JUL21,,temperature,neuralcaster_v2,99.1379623413086,,2026-07-21T15:00:00+00:00,2026-07-21,,,,,,,,0.0,1.0,
2.1820220947265625,101.0,,t_plus_10h,aus,aus:2026-07-21,-2.1820220947265625,KXHIGHAUS-26JUL21,,temperature,neuralcaster_v2,98.81797790527344,,2026-07-21T16:00:00+00:00,2026-07-21,,,,,,,,0.0,0.0,
2.3044586181640625,101.0,,t_plus_11h,aus,aus:2026-07-21,-2.3044586181640625,KXHIGHAUS-26JUL21,,temperature,neuralcaster_v2,98.69554138183594,,2026-07-21T17:00:00+00:00,2026-07-21,,,,,,,,0.0,0.0,
2.1887664794921875,101.0,,t_plus_12h,aus,aus:2026-07-21,-2.1887664794921875,KXHIGHAUS-26JUL21,,temperature,neuralcaster_v2,98.81123352050781,,2026-07-21T18:00:00+00:00,2026-07-21,,,,,,,,0.0,0.0,
2.2388076782226562,101.0,,t_plus_13h,aus,aus:2026-07-21,-2.2388076782226562,KXHIGHAUS-26JUL21,,temperature,neuralcaster_v2,98.76119232177734,,2026-07-21T19:00:00+00:00,2026-07-21,,,,,,,,0.0,0.0,
2.1076736450195312,101.0,,t_plus_14h,aus,aus:2026-07-21,-2.1076736450195312,KXHIGHAUS-26JUL21,,temperature,neuralcaster_v2,98.89232635498047,,2026-07-21T20:00:00+00:00,2026-07-21,,,,,,,,0.0,0.0,
1.8797836303710938,101.0,,t_plus_15h,aus,aus:2026-07-21,-1.8797836303710938,KXHIGHAUS-26JUL21,,temperature,neuralcaster_v2,99.1202163696289,,2026-07-21T21:00:00+00:00,2026-07-21,,,,,,,,0.0,1.0,
0.5999999999999943,101.0,,t_plus_16h,aus,aus:2026-07-21,-0.5999999999999943,KXHIGHAUS-26JUL21,,temperature,neuralcaster_v2,100.4,,2026-07-21T22:00:00+00:00,2026-07-21,,,,,,,,1.0,1.0,
0.5999999999999943,101.0,,t_plus_17h,aus,aus:2026-07-21,-0.5999999999999943,KXHIGHAUS-26JUL21,,temperature,neuralcaster_v2,100.4,,2026-07-21T23:00:00+00:00,2026-07-21,,,,,,,,1.0,1.0,
0.45200347900390625,101.0,,t_plus_18h,aus,aus:2026-07-21,-0.45200347900390625,KXHIGHAUS-26JUL21,,temperature,neuralcaster_v2,100.5479965209961,,2026-07-22T00:00:00+00:00,2026-07-21,,,,,,,,1.0,1.0,
0.39192962646484375,101.0,,t_plus_19h,aus,aus:2026-07-21,-0.39192962646484375,KXHIGHAUS-26JUL21,,temperature,neuralcaster_v2,100.60807037353516,,2026-07-22T01:00:00+00:00,2026-07-21,,,,,,,,1.0,1.0,
0.328643798828125,101.0,,t_plus_20h,aus,aus:2026-07-21,-0.328643798828125,KXHIGHAUS-26JUL21,,temperature,neuralcaster_v2,100.67135620117188,,2026-07-22T02:00:00+00:00,2026-07-21,,,,,,,,1.0,1.0,
0.21561431884765625,101.0,,t_plus_21h,aus,aus:2026-07-21,-0.21561431884765625,KXHIGHAUS-26JUL21,,temperature,neuralcaster_v2,100.78438568115234,,2026-07-22T03:00:00+00:00,2026-07-21,,,,,,,,1.0,1.0,
0.2837371826171875,101.0,,t_plus_22h,aus,aus:2026-07-21,-0.2837371826171875,KXHIGHAUS-26JUL21,,temperature,neuralcaster_v2,100.71626281738281,,2026-07-22T04:00:00+00:00,2026-07-21,,,,,,,,1.0,1.0,
0.3838958740234375,101.0,,t_plus_23h,aus,aus:2026-07-21,-0.3838958740234375,KXHIGHAUS-26JUL21,,temperature,neuralcaster_v2,100.61610412597656,,2026-07-22T05:00:00+00:00,2026-07-21,,,,,,,,1.0,1.0,
1.0535354614257812,96.0,,t_plus_0h,den,den:2026-07-21,-1.0535354614257812,KXHIGHDEN-26JUL21,,temperature,neuralcaster_v2,94.94646453857422,,2026-07-21T07:00:00+00:00,2026-07-21,,,,,,,,0.0,1.0,
0.7933273315429688,96.0,,t_plus_1h,den,den:2026-07-21,-0.7933273315429688,KXHIGHDEN-26JUL21,,temperature,neuralcaster_v2,95.20667266845703,,2026-07-21T08:00:00+00:00,2026-07-21,,,,,,,,1.0,1.0,
0.7872390747070312,96.0,,t_plus_2h,den,den:2026-07-21,-0.7872390747070312,KXHIGHDEN-26JUL21,,temperature,neuralcaster_v2,95.21276092529297,,2026-07-21T09:00:00+00:00,2026-07-21,,,,,,,,1.0,1.0,
0.7340469360351562,96.0,,t_plus_3h,den,den:2026-07-21,-0.7340469360351562,KXHIGHDEN-26JUL21,,temperature,neuralcaster_v2,95.26595306396484,,2026-07-21T10:00:00+00:00,2026-07-21,,,,,,,,1.0,1.0,
0.16509246826171875,96.0,,t_plus_4h,den,den:2026-07-21,-0.16509246826171875,KXHIGHDEN-26JUL21,,temperature,neuralcaster_v2,95.83490753173828,,2026-07-21T11:00:00+00:00,2026-07-21,,,,,,,,1.0,1.0,
0.197052001953125,96.0,,t_plus_5h,den,den:2026-07-21,-0.197052001953125,KXHIGHDEN-26JUL21,,temperature,neuralcaster_v2,95.80294799804688,,2026-07-21T12:00:00+00:00,2026-07-21,,,,,,,,1.0,1.0,
0.34468841552734375,96.0,,t_plus_6h,den,den:2026-07-21,-0.34468841552734375,KXHIGHDEN-26JUL21,,temperature,neuralcaster_v2,95.65531158447266,,2026-07-21T13:00:00+00:00,2026-07-21,,,,,,,,1.0,1.0,
0.39589691162109375,96.0,,t_plus_7h,den,den:2026-07-21,-0.39589691162109375,KXHIGHDEN-26JUL21,,temperature,neuralcaster_v2,95.6041030883789,,2026-07-21T14:00:00+00:00,2026-07-21,,,,,,,,1.0,1.0,
0.8375015258789062,96.0,,t_plus_8h,den,den:2026-07-21,-0.8375015258789062,KXHIGHDEN-26JUL21,,temperature,neuralcaster_v2,95.1624984741211,,2026-07-21T15:00:00+00:00,2026-07-21,,,,,,,,1.0,1.0,
0.817169189453125,96.0,,t_plus_9h,den,den:2026-07-21,-0.817169189453125,KXHIGHDEN-26JUL21,,temperature,neuralcaster_v2,95.18283081054688,,2026-07-21T16:00:00+00:00,2026-07-21,,,,,,,,1.0,1.0,
0.981689453125,96.0,,t_plus_10h,den,den:2026-07-21,-0.981689453125,KXHIGHDEN-26JUL21,,temperature,neuralcaster_v2,95.018310546875,,2026-07-21T17:00:00+00:00,2026-07-21,,,,,,,,1.0,1.0,
1.219451904296875,96.0,,t_plus_11h,den,den:2026-07-21,-1.219451904296875,KXHIGHDEN-26JUL21,,temperature,neuralcaster_v2,94.78054809570312,,2026-07-21T18:00:00+00:00,2026-07-21,,,,,,,,0.0,1.0,
1.529266357421875,96.0,,t_plus_12h,den,den:2026-07-21,-1.529266357421875,KXHIGHDEN-26JUL21,,temperature,neuralcaster_v2,94.47073364257812,,2026-07-21T19:00:00+00:00,2026-07-21,,,,,,,,0.0,1.0,
1.549407958984375,96.0,,t_plus_13h,den,den:2026-07-21,-1.549407958984375,KXHIGHDEN-26JUL21,,temperature,neuralcaster_v2,94.45059204101562,,2026-07-21T20:00:00+00:00,2026-07-21,,,,,,,,0.0,1.0,
1.8510894775390625,96.0,,t_plus_14h,den,den:2026-07-21,-1.8510894775390625,KXHIGHDEN-26JUL21,,temperature,neuralcaster_v2,94.14891052246094,,2026-07-21T21:00:00+00:00,2026-07-21,,,,,,,,0.0,1.0,
1.8910140991210938,96.0,,t_plus_15h,den,den:2026-07-21,-1.8910140991210938,KXHIGHDEN-26JUL21,,temperature,neuralcaster_v2,94.1089859008789,,2026-07-21T22:00:00+00:00,2026-07-21,,,,,,,,0.0,1.0,
2.4611434936523438,96.0,,t_plus_16h,den,den:2026-07-21,-2.4611434936523438,KXHIGHDEN-26JUL21,,temperature,neuralcaster_v2,93.53885650634766,,2026-07-21T23:00:00+00:00,2026-07-21,,,,,,,,0.0,0.0,
1.4819259643554688,96.0,,t_plus_17h,den,den:2026-07-21,-1.4819259643554688,KXHIGHDEN-26JUL21,,temperature,neuralcaster_v2,94.51807403564453,,2026-07-22T00:00:00+00:00,2026-07-21,,,,,,,,0.0,1.0,
1.5308151245117188,96.0,,t_plus_18h,den,den:2026-07-21,-1.5308151245117188,KXHIGHDEN-26JUL21,,temperature,neuralcaster_v2,94.46918487548828,,2026-07-22T01:00:00+00:00,2026-07-21,,,,,,,,0.0,1.0,
1.576171875,96.0,,t_plus_19h,den,den:2026-07-21,-1.576171875,KXHIGHDEN-26JUL21,,temperature,neuralcaster_v2,94.423828125,,2026-07-22T02:00:00+00:00,2026-07-21,,,,,,,,0.0,1.0,
1.6015548706054688,96.0,,t_plus_20h,den,den:2026-07-21,-1.6015548706054688,KXHIGHDEN-26JUL21,,temperature,neuralcaster_v2,94.39844512939453,,2026-07-22T03:00:00+00:00,2026-07-21,,,,,,,,0.0,1.0,
1.4526748657226562,96.0,,t_plus_21h,den,den:2026-07-21,-1.4526748657226562,KXHIGHDEN-26JUL21,,temperature,neuralcaster_v2,94.54732513427734,,2026-07-22T04:00:00+00:00,2026-07-21,,,,,,,,0.0,1.0,
1.4899826049804688,96.0,,t_plus_22h,den,den:2026-07-21,-1.4899826049804688,KXHIGHDEN-26JUL21,,temperature,neuralcaster_v2,94.51001739501953,,2026-07-22T05:00:00+00:00,2026-07-21,,,,,,,,0.0,1.0,
1.5849380493164062,96.0,,t_plus_23h,den,den:2026-07-21,-1.5849380493164062,KXHIGHDEN-26JUL21,,temperature,neuralcaster_v2,94.4150619506836,,2026-07-22T06:00:00+00:00,2026-07-21,,,,,,,,0.0,1.0,
1.5505294799804688,81.0,,t_plus_0h,la,la:2026-07-21,-1.5505294799804688,KXHIGHLAX-26JUL21,,temperature,neuralcaster_v2,79.44947052001953,,2026-07-21T08:00:00+00:00,2026-07-21,,,,,,,,0.0,1.0,
0.8039703369140625,81.0,,t_plus_1h,la,la:2026-07-21,-0.8039703369140625,KXHIGHLAX-26JUL21,,temperature,neuralcaster_v2,80.19602966308594,,2026-07-21T09:00:00+00:00,2026-07-21,,,,,,,,1.0,1.0,
0.8265838623046875,81.0,,t_plus_2h,la,la:2026-07-21,-0.8265838623046875,KXHIGHLAX-26JUL21,,temperature,neuralcaster_v2,80.17341613769531,,2026-07-21T10:00:00+00:00,2026-07-21,,,,,,,,1.0,1.0,
0.6649551391601562,81.0,,t_plus_3h,la,la:2026-07-21,-0.6649551391601562,KXHIGHLAX-26JUL21,,temperature,neuralcaster_v2,80.33504486083984,,2026-07-21T11:00:00+00:00,2026-07-21,,,,,,,,1.0,1.0,
0.7238922119140625,81.0,,t_plus_4h,la,la:2026-07-21,-0.7238922119140625,KXHIGHLAX-26JUL21,,temperature,neuralcaster_v2,80.27610778808594,,2026-07-21T12:00:00+00:00,2026-07-21,,,,,,,,1.0,1.0,
1.8207473754882812,81.0,,t_plus_5h,la,la:2026-07-21,-1.8207473754882812,KXHIGHLAX-26JUL21,,temperature,neuralcaster_v2,79.17925262451172,,2026-07-21T13:00:00+00:00,2026-07-21,,,,,,,,0.0,1.0,
1.8052139282226562,81.0,,t_plus_6h,la,la:2026-07-21,-1.8052139282226562,KXHIGHLAX-26JUL21,,temperature,neuralcaster_v2,79.19478607177734,,2026-07-21T14:00:00+00:00,2026-07-21,,,,,,,,0.0,1.0,
1.3980789184570312,81.0,,t_plus_7h,la,la:2026-07-21,-1.3980789184570312,KXHIGHLAX-26JUL21,,temperature,neuralcaster_v2,79.60192108154297,,2026-07-21T15:00:00+00:00,2026-07-21,,,,,,,,0.0,1.0,
0.8097381591796875,81.0,,t_plus_8h,la,la:2026-07-21,-0.8097381591796875,KXHIGHLAX-26JUL21,,temperature,neuralcaster_v2,80.19026184082031,,2026-07-21T16:00:00+00:00,2026-07-21,,,,,,,,1.0,1.0,
0.543670654296875,81.0,,t_plus_9h,la,la:2026-07-21,-0.543670654296875,KXHIGHLAX-26JUL21,,temperature,neuralcaster_v2,80.45632934570312,,2026-07-21T17:00:00+00:00,2026-07-21,,,,,,,,1.0,1.0,
0.2117919921875,81.0,,t_plus_10h,la,la:2026-07-21,-0.2117919921875,KXHIGHLAX-26JUL21,,temperature,neuralcaster_v2,80.7882080078125,,2026-07-21T18:00:00+00:00,2026-07-21,,,,,,,,1.0,1.0,
0.04000000000000625,81.0,,t_plus_11h,la,la:2026-07-21,-0.04000000000000625,KXHIGHLAX-26JUL21,,temperature,neuralcaster_v2,80.96,,2026-07-21T19:00:00+00:00,2026-07-21,,,,,,,,1.0,1.0,
0.04000000000000625,81.0,,t_plus_12h,la,la:2026-07-21,-0.04000000000000625,KXHIGHLAX-26JUL21,,temperature,neuralcaster_v2,80.96,,2026-07-21T20:00:00+00:00,2026-07-21,,,,,,,,1.0,1.0,
0.04000000000000625,81.0,,t_plus_13h,la,la:2026-07-21,-0.04000000000000625,KXHIGHLAX-26JUL21,,temperature,neuralcaster_v2,80.96,,2026-07-21T21:00:00+00:00,2026-07-21,,,,,,,,1.0,1.0,
0.04000000000000625,81.0,,t_plus_14h,la,la:2026-07-21,-0.04000000000000625,KXHIGHLAX-26JUL21,,temperature,neuralcaster_v2,80.96,,2026-07-21T22:00:00+00:00,2026-07-21,,,,,,,,1.0,1.0,
0.04000000000000625,81.0,,t_plus_15h,la,la:2026-07-21,-0.04000000000000625,KXHIGHLAX-26JUL21,,temperature,neuralcaster_v2,80.96,,2026-07-21T23:00:00+00:00,2026-07-21,,,,,,,,1.0,1.0,
0.04000000000000625,81.0,,t_plus_16h,la,la:2026-07-21,-0.04000000000000625,KXHIGHLAX-26JUL21,,temperature,neuralcaster_v2,80.96,,2026-07-22T00:00:00+00:00,2026-07-21,,,,,,,,1.0,1.0,
0.04000000000000625,81.0,,t_plus_17h,la,la:2026-07-21,-0.04000000000000625,KXHIGHLAX-26JUL21,,temperature,neuralcaster_v2,80.96,,2026-07-22T01:00:00+00:00,2026-07-21,,,,,,,,1.0,1.0,
0.04000000000000625,81.0,,t_plus_18h,la,la:2026-07-21,-0.04000000000000625,KXHIGHLAX-26JUL21,,temperature,neuralcaster_v2,80.96,,2026-07-22T02:00:00+00:00,2026-07-21,,,,,,,,1.0,1.0,
0.04000000000000625,81.0,,t_plus_19h,la,la:2026-07-21,-0.04000000000000625,KXHIGHLAX-26JUL21,,temperature,neuralcaster_v2,80.96,,2026-07-22T03:00:00+00:00,2026-07-21,,,,,,,,1.0,1.0,
0.04000000000000625,81.0,,t_plus_20h,la,la:2026-07-21,-0.04000000000000625,KXHIGHLAX-26JUL21,,temperature,neuralcaster_v2,80.96,,2026-07-22T04:00:00+00:00,2026-07-21,,,,,,,,1.0,1.0,
0.04000000000000625,81.0,,t_plus_21h,la,la:2026-07-21,-0.04000000000000625,KXHIGHLAX-26JUL21,,temperature,neuralcaster_v2,80.96,,2026-07-22T05:00:00+00:00,2026-07-21,,,,,,,,1.0,1.0,
0.04000000000000625,81.0,,t_plus_22h,la,la:2026-07-21,-0.04000000000000625,KXHIGHLAX-26JUL21,,temperature,neuralcaster_v2,80.96,,2026-07-22T06:00:00+00:00,2026-07-21,,,,,,,,1.0,1.0,
0.04000000000000625,81.0,,t_plus_23h,la,la:2026-07-21,-0.04000000000000625,KXHIGHLAX-26JUL21,,temperature,neuralcaster_v2,80.96,,2026-07-22T07:00:00+00:00,2026-07-21,,,,,,,,1.0,1.0,
0.7525863647460938,92.0,,t_plus_0h,mia,mia:2026-07-21,0.7525863647460938,KXHIGHMIA-26JUL21,,temperature,neuralcaster_v2,92.7525863647461,,2026-07-21T05:00:00+00:00,2026-07-21,,,,,,,,1.0,1.0,
0.7627105712890625,92.0,,t_plus_1h,mia,mia:2026-07-21,0.7627105712890625,KXHIGHMIA-26JUL21,,temperature,neuralcaster_v2,92.76271057128906,,2026-07-21T06:00:00+00:00,2026-07-21,,,,,,,,1.0,1.0,
1.0392379760742188,92.0,,t_plus_2h,mia,mia:2026-07-21,1.0392379760742188,KXHIGHMIA-26JUL21,,temperature,neuralcaster_v2,93.03923797607422,,2026-07-21T07:00:00+00:00,2026-07-21,,,,,,,,0.0,1.0,
1.0578460693359375,92.0,,t_plus_3h,mia,mia:2026-07-21,1.0578460693359375,KXHIGHMIA-26JUL21,,temperature,neuralcaster_v2,93.05784606933594,,2026-07-21T08:00:00+00:00,2026-07-21,,,,,,,,0.0,1.0,
0.9648056030273438,92.0,,t_plus_4h,mia,mia:2026-07-21,0.9648056030273438,KXHIGHMIA-26JUL21,,temperature,neuralcaster_v2,92.96480560302734,,2026-07-21T09:00:00+00:00,2026-07-21,,,,,,,,1.0,1.0,
0.8608245849609375,92.0,,t_plus_5h,mia,mia:2026-07-21,0.8608245849609375,KXHIGHMIA-26JUL21,,temperature,neuralcaster_v2,92.86082458496094,,2026-07-21T10:00:00+00:00,2026-07-21,,,,,,,,1.0,1.0,
1.1453323364257812,92.0,,t_plus_6h,mia,mia:2026-07-21,1.1453323364257812,KXHIGHMIA-26JUL21,,temperature,neuralcaster_v2,93.14533233642578,,2026-07-21T11:00:00+00:00,2026-07-21,,,,,,,,0.0,1.0,
1.1331787109375,92.0,,t_plus_7h,mia,mia:2026-07-21,1.1331787109375,KXHIGHMIA-26JUL21,,temperature,neuralcaster_v2,93.1331787109375,,2026-07-21T12:00:00+00:00,2026-07-21,,,,,,,,0.0,1.0,
0.84625244140625,92.0,,t_plus_8h,mia,mia:2026-07-21,0.84625244140625,KXHIGHMIA-26JUL21,,temperature,neuralcaster_v2,92.84625244140625,,2026-07-21T13:00:00+00:00,2026-07-21,,,,,,,,1.0,1.0,
0.7825775146484375,92.0,,t_plus_9h,mia,mia:2026-07-21,0.7825775146484375,KXHIGHMIA-26JUL21,,temperature,neuralcaster_v2,92.78257751464844,,2026-07-21T14:00:00+00:00,2026-07-21,,,,,,,,1.0,1.0,
0.9664154052734375,92.0,,t_plus_10h,mia,mia:2026-07-21,0.9664154052734375,KXHIGHMIA-26JUL21,,temperature,neuralcaster_v2,92.96641540527344,,2026-07-21T15:00:00+00:00,2026-07-21,,,,,,,,1.0,1.0,
0.6722183227539062,92.0,,t_plus_11h,mia,mia:2026-07-21,0.6722183227539062,KXHIGHMIA-26JUL21,,temperature,neuralcaster_v2,92.6722183227539,,2026-07-21T16:00:00+00:00,2026-07-21,,,,,,,,1.0,1.0,
0.6975631713867188,92.0,,t_plus_12h,mia,mia:2026-07-21,0.6975631713867188,KXHIGHMIA-26JUL21,,temperature,neuralcaster_v2,92.69756317138672,,2026-07-21T17:00:00+00:00,2026-07-21,,,,,,,,1.0,1.0,
0.48755645751953125,92.0,,t_plus_13h,mia,mia:2026-07-21,0.48755645751953125,KXHIGHMIA-26JUL21,,temperature,neuralcaster_v2,92.48755645751953,,2026-07-21T18:00:00+00:00,2026-07-21,,,,,,,,1.0,1.0,
0.3842926025390625,92.0,,t_plus_14h,mia,mia:2026-07-21,0.3842926025390625,KXHIGHMIA-26JUL21,,temperature,neuralcaster_v2,92.38429260253906,,2026-07-21T19:00:00+00:00,2026-07-21,,,,,,,,1.0,1.0,
0.10324859619140625,92.0,,t_plus_15h,mia,mia:2026-07-21,-0.10324859619140625,KXHIGHMIA-26JUL21,,temperature,neuralcaster_v2,91.8967514038086,,2026-07-21T20:00:00+00:00,2026-07-21,,,,,,,,1.0,1.0,
0.196014404296875,92.0,,t_plus_16h,mia,mia:2026-07-21,-0.196014404296875,KXHIGHMIA-26JUL21,,temperature,neuralcaster_v2,91.80398559570312,,2026-07-21T21:00:00+00:00,2026-07-21,,,,,,,,1.0,1.0,
0.23656463623046875,92.0,,t_plus_17h,mia,mia:2026-07-21,-0.23656463623046875,KXHIGHMIA-26JUL21,,temperature,neuralcaster_v2,91.76343536376953,,2026-07-21T22:00:00+00:00,2026-07-21,,,,,,,,1.0,1.0,
0.28223419189453125,92.0,,t_plus_18h,mia,mia:2026-07-21,-0.28223419189453125,KXHIGHMIA-26JUL21,,temperature,neuralcaster_v2,91.71776580810547,,2026-07-21T23:00:00+00:00,2026-07-21,,,,,,,,1.0,1.0,
0.29502105712890625,92.0,,t_plus_19h,mia,mia:2026-07-21,-0.29502105712890625,KXHIGHMIA-26JUL21,,temperature,neuralcaster_v2,91.7049789428711,,2026-07-22T00:00:00+00:00,2026-07-21,,,,,,,,1.0,1.0,
0.35524749755859375,92.0,,t_plus_20h,mia,mia:2026-07-21,-0.35524749755859375,KXHIGHMIA-26JUL21,,temperature,neuralcaster_v2,91.6447525024414,,2026-07-22T01:00:00+00:00,2026-07-21,,,,,,,,1.0,1.0,
0.3860321044921875,92.0,,t_plus_21h,mia,mia:2026-07-21,-0.3860321044921875,KXHIGHMIA-26JUL21,,temperature,neuralcaster_v2,91.61396789550781,,2026-07-22T02:00:00+00:00,2026-07-21,,,,,,,,1.0,1.0,
0.39267730712890625,92.0,,t_plus_22h,mia,mia:2026-07-21,-0.39267730712890625,KXHIGHMIA-26JUL21,,temperature,neuralcaster_v2,91.6073226928711,,2026-07-22T03:00:00+00:00,2026-07-21,,,,,,,,1.0,1.0,
0.3886260986328125,92.0,,t_plus_23h,mia,mia:2026-07-21,-0.3886260986328125,KXHIGHMIA-26JUL21,,temperature,neuralcaster_v2,91.61137390136719,,2026-07-22T04:00:00+00:00,2026-07-21,,,,,,,,1.0,1.0,
2.2347869873046875,81.0,,t_plus_0h,nyc,nyc:2026-07-21,-2.2347869873046875,KXHIGHNY-26JUL21,,temperature,neuralcaster_v2,78.76521301269531,,2026-07-21T05:00:00+00:00,2026-07-21,,,,,,,,0.0,0.0,
2.3821182250976562,81.0,,t_plus_1h,nyc,nyc:2026-07-21,-2.3821182250976562,KXHIGHNY-26JUL21,,temperature,neuralcaster_v2,78.61788177490234,,2026-07-21T06:00:00+00:00,2026-07-21,,,,,,,,0.0,0.0,
2.267578125,81.0,,t_plus_2h,nyc,nyc:2026-07-21,-2.267578125,KXHIGHNY-26JUL21,,temperature,neuralcaster_v2,78.732421875,,2026-07-21T07:00:00+00:00,2026-07-21,,,,,,,,0.0,0.0,
2.192413330078125,81.0,,t_plus_3h,nyc,nyc:2026-07-21,-2.192413330078125,KXHIGHNY-26JUL21,,temperature,neuralcaster_v2,78.80758666992188,,2026-07-21T08:00:00+00:00,2026-07-21,,,,,,,,0.0,0.0,
2.4081039428710938,81.0,,t_plus_4h,nyc,nyc:2026-07-21,-2.4081039428710938,KXHIGHNY-26JUL21,,temperature,neuralcaster_v2,78.5918960571289,,2026-07-21T09:00:00+00:00,2026-07-21,,,,,,,,0.0,0.0,
2.6470413208007812,81.0,,t_plus_5h,nyc,nyc:2026-07-21,-2.6470413208007812,KXHIGHNY-26JUL21,,temperature,neuralcaster_v2,78.35295867919922,,2026-07-21T10:00:00+00:00,2026-07-21,,,,,,,,0.0,0.0,
1.8883438110351562,81.0,,t_plus_6h,nyc,nyc:2026-07-21,-1.8883438110351562,KXHIGHNY-26JUL21,,temperature,neuralcaster_v2,79.11165618896484,,2026-07-21T11:00:00+00:00,2026-07-21,,,,,,,,0.0,1.0,
2.0687942504882812,81.0,,t_plus_7h,nyc,nyc:2026-07-21,-2.0687942504882812,KXHIGHNY-26JUL21,,temperature,neuralcaster_v2,78.93120574951172,,2026-07-21T12:00:00+00:00,2026-07-21,,,,,,,,0.0,0.0,
2.6712646484375,81.0,,t_plus_8h,nyc,nyc:2026-07-21,-2.6712646484375,KXHIGHNY-26JUL21,,temperature,neuralcaster_v2,78.3287353515625,,2026-07-21T13:00:00+00:00,2026-07-21,,,,,,,,0.0,0.0,
2.826629638671875,81.0,,t_plus_9h,nyc,nyc:2026-07-21,-2.826629638671875,KXHIGHNY-26JUL21,,temperature,neuralcaster_v2,78.17337036132812,,2026-07-21T14:00:00+00:00,2026-07-21,,,,,,,,0.0,0.0,
3.0929107666015625,81.0,,t_plus_10h,nyc,nyc:2026-07-21,-3.0929107666015625,KXHIGHNY-26JUL21,,temperature,neuralcaster_v2,77.90708923339844,,2026-07-21T15:00:00+00:00,2026-07-21,,,,,,,,0.0,0.0,
2.8834609985351562,81.0,,t_plus_11h,nyc,nyc:2026-07-21,-2.8834609985351562,KXHIGHNY-26JUL21,,temperature,neuralcaster_v2,78.11653900146484,,2026-07-21T16:00:00+00:00,2026-07-21,,,,,,,,0.0,0.0,
2.751861572265625,81.0,,t_plus_12h,nyc,nyc:2026-07-21,-2.751861572265625,KXHIGHNY-26JUL21,,temperature,neuralcaster_v2,78.24813842773438,,2026-07-21T17:00:00+00:00,2026-07-21,,,,,,,,0.0,0.0,
0.9399999999999977,81.0,,t_plus_13h,nyc,nyc:2026-07-21,-0.9399999999999977,KXHIGHNY-26JUL21,,temperature,neuralcaster_v2,80.06,,2026-07-21T18:00:00+00:00,2026-07-21,,,,,,,,1.0,1.0,
0.9399999999999977,81.0,,t_plus_14h,nyc,nyc:2026-07-21,-0.9399999999999977,KXHIGHNY-26JUL21,,temperature,neuralcaster_v2,80.06,,2026-07-21T19:00:00+00:00,2026-07-21,,,,,,,,1.0,1.0,
0.9399999999999977,81.0,,t_plus_15h,nyc,nyc:2026-07-21,-0.9399999999999977,KXHIGHNY-26JUL21,,temperature,neuralcaster_v2,80.06,,2026-07-21T20:00:00+00:00,2026-07-21,,,,,,,,1.0,1.0,
0.9399999999999977,81.0,,t_plus_16h,nyc,nyc:2026-07-21,-0.9399999999999977,KXHIGHNY-26JUL21,,temperature,neuralcaster_v2,80.06,,2026-07-21T21:00:00+00:00,2026-07-21,,,,,,,,1.0,1.0,
0.9399999999999977,81.0,,t_plus_17h,nyc,nyc:2026-07-21,-0.9399999999999977,KXHIGHNY-26JUL21,,temperature,neuralcaster_v2,80.06,,2026-07-21T22:00:00+00:00,2026-07-21,,,,,,,,1.0,1.0,
0.9399999999999977,81.0,,t_plus_18h,nyc,nyc:2026-07-21,-0.9399999999999977,KXHIGHNY-26JUL21,,temperature,neuralcaster_v2,80.06,,2026-07-21T23:00:00+00:00,2026-07-21,,,,,,,,1.0,1.0,
0.8390884399414062,81.0,,t_plus_19h,nyc,nyc:2026-07-21,-0.8390884399414062,KXHIGHNY-26JUL21,,temperature,neuralcaster_v2,80.1609115600586,,2026-07-22T00:00:00+00:00,2026-07-21,,,,,,,,1.0,1.0,
0.827301025390625,81.0,,t_plus_20h,nyc,nyc:2026-07-21,-0.827301025390625,KXHIGHNY-26JUL21,,temperature,neuralcaster_v2,80.17269897460938,,2026-07-22T01:00:00+00:00,2026-07-21,,,,,,,,1.0,1.0,
0.8329315185546875,81.0,,t_plus_21h,nyc,nyc:2026-07-21,-0.8329315185546875,KXHIGHNY-26JUL21,,temperature,neuralcaster_v2,80.16706848144531,,2026-07-22T02:00:00+00:00,2026-07-21,,,,,,,,1.0,1.0,
0.849273681640625,81.0,,t_plus_22h,nyc,nyc:2026-07-21,-0.849273681640625,KXHIGHNY-26JUL21,,temperature,neuralcaster_v2,80.15072631835938,,2026-07-22T03:00:00+00:00,2026-07-21,,,,,,,,1.0,1.0,
0.8653488159179688,81.0,,t_plus_23h,nyc,nyc:2026-07-21,-0.8653488159179688,KXHIGHNY-26JUL21,,temperature,neuralcaster_v2,80.13465118408203,,2026-07-22T04:00:00+00:00,2026-07-21,,,,,,,,1.0,1.0,
0.7851028442382812,104.0,,t_plus_0h,okc,okc:2026-07-21,0.7851028442382812,KXHIGHTOKC-26JUL21,,temperature,neuralcaster_v2,104.78510284423828,,2026-07-21T06:00:00+00:00,2026-07-21,,,,,,,,1.0,1.0,
0.76373291015625,104.0,,t_plus_1h,okc,okc:2026-07-21,0.76373291015625,KXHIGHTOKC-26JUL21,,temperature,neuralcaster_v2,104.76373291015625,,2026-07-21T07:00:00+00:00,2026-07-21,,,,,,,,1.0,1.0,
1.2883453369140625,104.0,,t_plus_2h,okc,okc:2026-07-21,1.2883453369140625,KXHIGHTOKC-26JUL21,,temperature,neuralcaster_v2,105.28834533691406,,2026-07-21T08:00:00+00:00,2026-07-21,,,,,,,,0.0,1.0,
1.0806655883789062,104.0,,t_plus_3h,okc,okc:2026-07-21,1.0806655883789062,KXHIGHTOKC-26JUL21,,temperature,neuralcaster_v2,105.0806655883789,,2026-07-21T09:00:00+00:00,2026-07-21,,,,,,,,0.0,1.0,
0.8609542846679688,104.0,,t_plus_4h,okc,okc:2026-07-21,0.8609542846679688,KXHIGHTOKC-26JUL21,,temperature,neuralcaster_v2,104.86095428466797,,2026-07-21T10:00:00+00:00,2026-07-21,,,,,,,,1.0,1.0,
0.78533935546875,104.0,,t_plus_5h,okc,okc:2026-07-21,0.78533935546875,KXHIGHTOKC-26JUL21,,temperature,neuralcaster_v2,104.78533935546875,,2026-07-21T11:00:00+00:00,2026-07-21,,,,,,,,1.0,1.0,
0.5923080444335938,104.0,,t_plus_6h,okc,okc:2026-07-21,0.5923080444335938,KXHIGHTOKC-26JUL21,,temperature,neuralcaster_v2,104.5923080444336,,2026-07-21T12:00:00+00:00,2026-07-21,,,,,,,,1.0,1.0,
0.5814361572265625,104.0,,t_plus_7h,okc,okc:2026-07-21,0.5814361572265625,KXHIGHTOKC-26JUL21,,temperature,neuralcaster_v2,104.58143615722656,,2026-07-21T13:00:00+00:00,2026-07-21,,,,,,,,1.0,1.0,
0.5994873046875,104.0,,t_plus_8h,okc,okc:2026-07-21,0.5994873046875,KXHIGHTOKC-26JUL21,,temperature,neuralcaster_v2,104.5994873046875,,2026-07-21T14:00:00+00:00,2026-07-21,,,,,,,,1.0,1.0,
0.4713592529296875,104.0,,t_plus_9h,okc,okc:2026-07-21,0.4713592529296875,KXHIGHTOKC-26JUL21,,temperature,neuralcaster_v2,104.47135925292969,,2026-07-21T15:00:00+00:00,2026-07-21,,,,,,,,1.0,1.0,
0.8766937255859375,104.0,,t_plus_10h,okc,okc:2026-07-21,0.8766937255859375,KXHIGHTOKC-26JUL21,,temperature,neuralcaster_v2,104.87669372558594,,2026-07-21T16:00:00+00:00,2026-07-21,,,,,,,,1.0,1.0,
0.9148483276367188,104.0,,t_plus_11h,okc,okc:2026-07-21,0.9148483276367188,KXHIGHTOKC-26JUL21,,temperature,neuralcaster_v2,104.91484832763672,,2026-07-21T17:00:00+00:00,2026-07-21,,,,,,,,1.0,1.0,
0.57574462890625,104.0,,t_plus_12h,okc,okc:2026-07-21,0.57574462890625,KXHIGHTOKC-26JUL21,,temperature,neuralcaster_v2,104.57574462890625,,2026-07-21T18:00:00+00:00,2026-07-21,,,,,,,,1.0,1.0,
0.5072708129882812,104.0,,t_plus_13h,okc,okc:2026-07-21,0.5072708129882812,KXHIGHTOKC-26JUL21,,temperature,neuralcaster_v2,104.50727081298828,,2026-07-21T19:00:00+00:00,2026-07-21,,,,,,,,1.0,1.0,
0.29673004150390625,104.0,,t_plus_14h,okc,okc:2026-07-21,0.29673004150390625,KXHIGHTOKC-26JUL21,,temperature,neuralcaster_v2,104.2967300415039,,2026-07-21T20:00:00+00:00,2026-07-21,,,,,,,,1.0,1.0,
0.026763916015625,104.0,,t_plus_15h,okc,okc:2026-07-21,0.026763916015625,KXHIGHTOKC-26JUL21,,temperature,neuralcaster_v2,104.02676391601562,,2026-07-21T21:00:00+00:00,2026-07-21,,,,,,,,1.0,1.0,
0.0,104.0,,t_plus_16h,okc,okc:2026-07-21,0.0,KXHIGHTOKC-26JUL21,,temperature,neuralcaster_v2,104.0,,2026-07-21T22:00:00+00:00,2026-07-21,,,,,,,,1.0,1.0,
0.0,104.0,,t_plus_17h,okc,okc:2026-07-21,0.0,KXHIGHTOKC-26JUL21,,temperature,neuralcaster_v2,104.0,,2026-07-21T23:00:00+00:00,2026-07-21,,,,,,,,1.0,1.0,
0.0,104.0,,t_plus_18h,okc,okc:2026-07-21,0.0,KXHIGHTOKC-26JUL21,,temperature,neuralcaster_v2,104.0,,2026-07-22T00:00:00+00:00,2026-07-21,,,,,,,,1.0,1.0,
0.0,104.0,,t_plus_19h,okc,okc:2026-07-21,0.0,KXHIGHTOKC-26JUL21,,temperature,neuralcaster_v2,104.0,,2026-07-22T01:00:00+00:00,2026-07-21,,,,,,,,1.0,1.0,
0.072296142578125,104.0,,t_plus_20h,okc,okc:2026-07-21,0.072296142578125,KXHIGHTOKC-26JUL21,,temperature,neuralcaster_v2,104.07229614257812,,2026-07-22T02:00:00+00:00,2026-07-21,,,,,,,,1.0,1.0,
0.0,104.0,,t_plus_21h,okc,okc:2026-07-21,0.0,KXHIGHTOKC-26JUL21,,temperature,neuralcaster_v2,104.0,,2026-07-22T03:00:00+00:00,2026-07-21,,,,,,,,1.0,1.0,
0.0,104.0,,t_plus_22h,okc,okc:2026-07-21,0.0,KXHIGHTOKC-26JUL21,,temperature,neuralcaster_v2,104.0,,2026-07-22T04:00:00+00:00,2026-07-21,,,,,,,,1.0,1.0,
0.0,104.0,,t_plus_23h,okc,okc:2026-07-21,0.0,KXHIGHTOKC-26JUL21,,temperature,neuralcaster_v2,104.0,,2026-07-22T05:00:00+00:00,2026-07-21,,,,,,,,1.0,1.0,
0.7620162963867188,104.0,,t_plus_0h,aus,aus:2026-07-22,-0.7620162963867188,KXHIGHAUS-26JUL22,,temperature,neuralcaster_v2,103.23798370361328,,2026-07-22T06:00:00+00:00,2026-07-22,,,,,,,,1.0,1.0,
0.7396240234375,104.0,,t_plus_1h,aus,aus:2026-07-22,-0.7396240234375,KXHIGHAUS-26JUL22,,temperature,neuralcaster_v2,103.2603759765625,,2026-07-22T07:00:00+00:00,2026-07-22,,,,,,,,1.0,1.0,
0.708038330078125,104.0,,t_plus_2h,aus,aus:2026-07-22,-0.708038330078125,KXHIGHAUS-26JUL22,,temperature,neuralcaster_v2,103.29196166992188,,2026-07-22T08:00:00+00:00,2026-07-22,,,,,,,,1.0,1.0,
0.6536636352539062,104.0,,t_plus_3h,aus,aus:2026-07-22,-0.6536636352539062,KXHIGHAUS-26JUL22,,temperature,neuralcaster_v2,103.3463363647461,,2026-07-22T09:00:00+00:00,2026-07-22,,,,,,,,1.0,1.0,
0.650299072265625,104.0,,t_plus_4h,aus,aus:2026-07-22,-0.650299072265625,KXHIGHAUS-26JUL22,,temperature,neuralcaster_v2,103.34970092773438,,2026-07-22T10:00:00+00:00,2026-07-22,,,,,,,,1.0,1.0,
0.647613525390625,104.0,,t_plus_5h,aus,aus:2026-07-22,-0.647613525390625,KXHIGHAUS-26JUL22,,temperature,neuralcaster_v2,103.35238647460938,,2026-07-22T11:00:00+00:00,2026-07-22,,,,,,,,1.0,1.0,
0.6440353393554688,104.0,,t_plus_6h,aus,aus:2026-07-22,-0.6440353393554688,KXHIGHAUS-26JUL22,,temperature,neuralcaster_v2,103.35596466064453,,2026-07-22T12:00:00+00:00,2026-07-22,,,,,,,,1.0,1.0,
0.6372222900390625,104.0,,t_plus_7h,aus,aus:2026-07-22,-0.6372222900390625,KXHIGHAUS-26JUL22,,temperature,neuralcaster_v2,103.36277770996094,,2026-07-22T13:00:00+00:00,2026-07-22,,,,,,,,1.0,1.0,
0.6016311645507812,104.0,,t_plus_8h,aus,aus:2026-07-22,-0.6016311645507812,KXHIGHAUS-26JUL22,,temperature,neuralcaster_v2,103.39836883544922,,2026-07-22T14:00:00+00:00,2026-07-22,,,,,,,,1.0,1.0,
0.5899124145507812,104.0,,t_plus_9h,aus,aus:2026-07-22,-0.5899124145507812,KXHIGHAUS-26JUL22,,temperature,neuralcaster_v2,103.41008758544922,,2026-07-22T15:00:00+00:00,2026-07-22,,,,,,,,1.0,1.0,
0.3768310546875,104.0,,t_plus_10h,aus,aus:2026-07-22,-0.3768310546875,KXHIGHAUS-26JUL22,,temperature,neuralcaster_v2,103.6231689453125,,2026-07-22T16:00:00+00:00,2026-07-22,,,,,,,,1.0,1.0,
0.31360626220703125,104.0,,t_plus_11h,aus,aus:2026-07-22,-0.31360626220703125,KXHIGHAUS-26JUL22,,temperature,neuralcaster_v2,103.68639373779297,,2026-07-22T17:00:00+00:00,2026-07-22,,,,,,,,1.0,1.0,
0.27538299560546875,104.0,,t_plus_12h,aus,aus:2026-07-22,-0.27538299560546875,KXHIGHAUS-26JUL22,,temperature,neuralcaster_v2,103.72461700439453,,2026-07-22T18:00:00+00:00,2026-07-22,,,,,,,,1.0,1.0,
0.25890350341796875,104.0,,t_plus_13h,aus,aus:2026-07-22,-0.25890350341796875,KXHIGHAUS-26JUL22,,temperature,neuralcaster_v2,103.74109649658203,,2026-07-22T19:00:00+00:00,2026-07-22,,,,,,,,1.0,1.0,
0.22757720947265625,104.0,,t_plus_14h,aus,aus:2026-07-22,-0.22757720947265625,KXHIGHAUS-26JUL22,,temperature,neuralcaster_v2,103.77242279052734,,2026-07-22T20:00:00+00:00,2026-07-22,,,,,,,,1.0,1.0,
0.03699493408203125,104.0,,t_plus_15h,aus,aus:2026-07-22,0.03699493408203125,KXHIGHAUS-26JUL22,,temperature,neuralcaster_v2,104.03699493408203,,2026-07-22T21:00:00+00:00,2026-07-22,,,,,,,,1.0,1.0,
0.7195053100585938,104.0,,t_plus_16h,aus,aus:2026-07-22,0.7195053100585938,KXHIGHAUS-26JUL22,,temperature,neuralcaster_v2,104.7195053100586,,2026-07-22T22:00:00+00:00,2026-07-22,,,,,,,,1.0,1.0,
0.7067489624023438,104.0,,t_plus_17h,aus,aus:2026-07-22,0.7067489624023438,KXHIGHAUS-26JUL22,,temperature,neuralcaster_v2,104.70674896240234,,2026-07-22T23:00:00+00:00,2026-07-22,,,,,,,,1.0,1.0,
0.27324676513671875,95.0,,t_plus_0h,den,den:2026-07-22,0.27324676513671875,KXHIGHDEN-26JUL22,,temperature,neuralcaster_v2,95.27324676513672,,2026-07-22T07:00:00+00:00,2026-07-22,,,,,,,,1.0,1.0,
1.0072479248046875,95.0,,t_plus_1h,den,den:2026-07-22,1.0072479248046875,KXHIGHDEN-26JUL22,,temperature,neuralcaster_v2,96.00724792480469,,2026-07-22T08:00:00+00:00,2026-07-22,,,,,,,,0.0,1.0,
0.9925613403320312,95.0,,t_plus_2h,den,den:2026-07-22,0.9925613403320312,KXHIGHDEN-26JUL22,,temperature,neuralcaster_v2,95.99256134033203,,2026-07-22T09:00:00+00:00,2026-07-22,,,,,,,,1.0,1.0,
0.9868698120117188,95.0,,t_plus_3h,den,den:2026-07-22,0.9868698120117188,KXHIGHDEN-26JUL22,,temperature,neuralcaster_v2,95.98686981201172,,2026-07-22T10:00:00+00:00,2026-07-22,,,,,,,,1.0,1.0,
1.0766372680664062,95.0,,t_plus_4h,den,den:2026-07-22,1.0766372680664062,KXHIGHDEN-26JUL22,,temperature,neuralcaster_v2,96.0766372680664,,2026-07-22T11:00:00+00:00,2026-07-22,,,,,,,,0.0,1.0,
1.0694656372070312,95.0,,t_plus_5h,den,den:2026-07-22,1.0694656372070312,KXHIGHDEN-26JUL22,,temperature,neuralcaster_v2,96.06946563720703,,2026-07-22T12:00:00+00:00,2026-07-22,,,,,,,,0.0,1.0,
0.9257125854492188,95.0,,t_plus_6h,den,den:2026-07-22,0.9257125854492188,KXHIGHDEN-26JUL22,,temperature,neuralcaster_v2,95.92571258544922,,2026-07-22T13:00:00+00:00,2026-07-22,,,,,,,,1.0,1.0,
0.9426498413085938,95.0,,t_plus_7h,den,den:2026-07-22,0.9426498413085938,KXHIGHDEN-26JUL22,,temperature,neuralcaster_v2,95.9426498413086,,2026-07-22T14:00:00+00:00,2026-07-22,,,,,,,,1.0,1.0,
0.92779541015625,95.0,,t_plus_8h,den,den:2026-07-22,0.92779541015625,KXHIGHDEN-26JUL22,,temperature,neuralcaster_v2,95.92779541015625,,2026-07-22T15:00:00+00:00,2026-07-22,,,,,,,,1.0,1.0,
0.8052825927734375,95.0,,t_plus_9h,den,den:2026-07-22,0.8052825927734375,KXHIGHDEN-26JUL22,,temperature,neuralcaster_v2,95.80528259277344,,2026-07-22T16:00:00+00:00,2026-07-22,,,,,,,,1.0,1.0,
0.5066680908203125,95.0,,t_plus_10h,den,den:2026-07-22,0.5066680908203125,KXHIGHDEN-26JUL22,,temperature,neuralcaster_v2,95.50666809082031,,2026-07-22T17:00:00+00:00,2026-07-22,,,,,,,,1.0,1.0,
0.0572052001953125,95.0,,t_plus_11h,den,den:2026-07-22,0.0572052001953125,KXHIGHDEN-26JUL22,,temperature,neuralcaster_v2,95.05720520019531,,2026-07-22T18:00:00+00:00,2026-07-22,,,,,,,,1.0,1.0,
0.15544891357421875,95.0,,t_plus_12h,den,den:2026-07-22,0.15544891357421875,KXHIGHDEN-26JUL22,,temperature,neuralcaster_v2,95.15544891357422,,2026-07-22T19:00:00+00:00,2026-07-22,,,,,,,,1.0,1.0,
0.1522216796875,95.0,,t_plus_13h,den,den:2026-07-22,0.1522216796875,KXHIGHDEN-26JUL22,,temperature,neuralcaster_v2,95.1522216796875,,2026-07-22T20:00:00+00:00,2026-07-22,,,,,,,,1.0,1.0,
0.8759841918945312,95.0,,t_plus_14h,den,den:2026-07-22,-0.8759841918945312,KXHIGHDEN-26JUL22,,temperature,neuralcaster_v2,94.12401580810547,,2026-07-22T21:00:00+00:00,2026-07-22,,,,,,,,1.0,1.0,
0.7848968505859375,95.0,,t_plus_15h,den,den:2026-07-22,-0.7848968505859375,KXHIGHDEN-26JUL22,,temperature,neuralcaster_v2,94.21510314941406,,2026-07-22T22:00:00+00:00,2026-07-22,,,,,,,,1.0,1.0,
1.5494384765625,95.0,,t_plus_16h,den,den:2026-07-22,-1.5494384765625,KXHIGHDEN-26JUL22,,temperature,neuralcaster_v2,93.4505615234375,,2026-07-22T23:00:00+00:00,2026-07-22,,,,,,,,0.0,1.0,
2.2524185180664062,77.0,,t_plus_0h,la,la:2026-07-22,2.2524185180664062,KXHIGHLAX-26JUL22,,temperature,neuralcaster_v2,79.2524185180664,,2026-07-22T08:00:00+00:00,2026-07-22,,,,,,,,0.0,0.0,
1.9143600463867188,77.0,,t_plus_1h,la,la:2026-07-22,1.9143600463867188,KXHIGHLAX-26JUL22,,temperature,neuralcaster_v2,78.91436004638672,,2026-07-22T09:00:00+00:00,2026-07-22,,,,,,,,0.0,1.0,
1.9467391967773438,77.0,,t_plus_2h,la,la:2026-07-22,1.9467391967773438,KXHIGHLAX-26JUL22,,temperature,neuralcaster_v2,78.94673919677734,,2026-07-22T10:00:00+00:00,2026-07-22,,,,,,,,0.0,1.0,
1.9725265502929688,77.0,,t_plus_3h,la,la:2026-07-22,1.9725265502929688,KXHIGHLAX-26JUL22,,temperature,neuralcaster_v2,78.97252655029297,,2026-07-22T11:00:00+00:00,2026-07-22,,,,,,,,0.0,1.0,
1.871612548828125,77.0,,t_plus_4h,la,la:2026-07-22,1.871612548828125,KXHIGHLAX-26JUL22,,temperature,neuralcaster_v2,78.87161254882812,,2026-07-22T12:00:00+00:00,2026-07-22,,,,,,,,0.0,1.0,
2.3507843017578125,77.0,,t_plus_5h,la,la:2026-07-22,2.3507843017578125,KXHIGHLAX-26JUL22,,temperature,neuralcaster_v2,79.35078430175781,,2026-07-22T13:00:00+00:00,2026-07-22,,,,,,,,0.0,0.0,
2.34967041015625,77.0,,t_plus_6h,la,la:2026-07-22,2.34967041015625,KXHIGHLAX-26JUL22,,temperature,neuralcaster_v2,79.34967041015625,,2026-07-22T14:00:00+00:00,2026-07-22,,,,,,,,0.0,0.0,
2.0169830322265625,77.0,,t_plus_7h,la,la:2026-07-22,2.0169830322265625,KXHIGHLAX-26JUL22,,temperature,neuralcaster_v2,79.01698303222656,,2026-07-22T15:00:00+00:00,2026-07-22,,,,,,,,0.0,0.0,
0.5932769775390625,77.0,,t_plus_8h,la,la:2026-07-22,0.5932769775390625,KXHIGHLAX-26JUL22,,temperature,neuralcaster_v2,77.59327697753906,,2026-07-22T16:00:00+00:00,2026-07-22,,,,,,,,1.0,1.0,
0.706146240234375,77.0,,t_plus_9h,la,la:2026-07-22,0.706146240234375,KXHIGHLAX-26JUL22,,temperature,neuralcaster_v2,77.70614624023438,,2026-07-22T17:00:00+00:00,2026-07-22,,,,,,,,1.0,1.0,
0.37026214599609375,77.0,,t_plus_10h,la,la:2026-07-22,0.37026214599609375,KXHIGHLAX-26JUL22,,temperature,neuralcaster_v2,77.3702621459961,,2026-07-22T18:00:00+00:00,2026-07-22,,,,,,,,1.0,1.0,
0.45232391357421875,77.0,,t_plus_11h,la,la:2026-07-22,0.45232391357421875,KXHIGHLAX-26JUL22,,temperature,neuralcaster_v2,77.45232391357422,,2026-07-22T19:00:00+00:00,2026-07-22,,,,,,,,1.0,1.0,
0.48724365234375,77.0,,t_plus_12h,la,la:2026-07-22,0.48724365234375,KXHIGHLAX-26JUL22,,temperature,neuralcaster_v2,77.48724365234375,,2026-07-22T20:00:00+00:00,2026-07-22,,,,,,,,1.0,1.0,
0.265838623046875,77.0,,t_plus_13h,la,la:2026-07-22,0.265838623046875,KXHIGHLAX-26JUL22,,temperature,neuralcaster_v2,77.26583862304688,,2026-07-22T21:00:00+00:00,2026-07-22,,,,,,,,1.0,1.0,
0.46421051025390625,77.0,,t_plus_14h,la,la:2026-07-22,0.46421051025390625,KXHIGHLAX-26JUL22,,temperature,neuralcaster_v2,77.4642105102539,,2026-07-22T22:00:00+00:00,2026-07-22,,,,,,,,1.0,1.0,
0.5126800537109375,77.0,,t_plus_15h,la,la:2026-07-22,0.5126800537109375,KXHIGHLAX-26JUL22,,temperature,neuralcaster_v2,77.51268005371094,,2026-07-22T23:00:00+00:00,2026-07-22,,,,,,,,1.0,1.0,
0.30226898193359375,92.0,,t_plus_0h,mia,mia:2026-07-22,-0.30226898193359375,KXHIGHMIA-26JUL22,,temperature,neuralcaster_v2,91.6977310180664,,2026-07-22T05:00:00+00:00,2026-07-22,,,,,,,,1.0,1.0,
0.09241485595703125,92.0,,t_plus_1h,mia,mia:2026-07-22,0.09241485595703125,KXHIGHMIA-26JUL22,,temperature,neuralcaster_v2,92.09241485595703,,2026-07-22T06:00:00+00:00,2026-07-22,,,,,,,,1.0,1.0,
0.01058197021484375,92.0,,t_plus_2h,mia,mia:2026-07-22,0.01058197021484375,KXHIGHMIA-26JUL22,,temperature,neuralcaster_v2,92.01058197021484,,2026-07-22T07:00:00+00:00,2026-07-22,,,,,,,,1.0,1.0,
0.02205657958984375,92.0,,t_plus_3h,mia,mia:2026-07-22,0.02205657958984375,KXHIGHMIA-26JUL22,,temperature,neuralcaster_v2,92.02205657958984,,2026-07-22T08:00:00+00:00,2026-07-22,,,,,,,,1.0,1.0,
0.0087127685546875,92.0,,t_plus_4h,mia,mia:2026-07-22,0.0087127685546875,KXHIGHMIA-26JUL22,,temperature,neuralcaster_v2,92.00871276855469,,2026-07-22T09:00:00+00:00,2026-07-22,,,,,,,,1.0,1.0,
0.00424957275390625,92.0,,t_plus_5h,mia,mia:2026-07-22,-0.00424957275390625,KXHIGHMIA-26JUL22,,temperature,neuralcaster_v2,91.9957504272461,,2026-07-22T10:00:00+00:00,2026-07-22,,,,,,,,1.0,1.0,
0.01214599609375,92.0,,t_plus_6h,mia,mia:2026-07-22,-0.01214599609375,KXHIGHMIA-26JUL22,,temperature,neuralcaster_v2,91.98785400390625,,2026-07-22T11:00:00+00:00,2026-07-22,,,,,,,,1.0,1.0,
0.20392608642578125,92.0,,t_plus_7h,mia,mia:2026-07-22,0.20392608642578125,KXHIGHMIA-26JUL22,,temperature,neuralcaster_v2,92.20392608642578,,2026-07-22T12:00:00+00:00,2026-07-22,,,,,,,,1.0,1.0,
0.01045989990234375,92.0,,t_plus_8h,mia,mia:2026-07-22,-0.01045989990234375,KXHIGHMIA-26JUL22,,temperature,neuralcaster_v2,91.98954010009766,,2026-07-22T13:00:00+00:00,2026-07-22,,,,,,,,1.0,1.0,
0.07305145263671875,92.0,,t_plus_9h,mia,mia:2026-07-22,-0.07305145263671875,KXHIGHMIA-26JUL22,,temperature,neuralcaster_v2,91.92694854736328,,2026-07-22T14:00:00+00:00,2026-07-22,,,,,,,,1.0,1.0,
0.00426483154296875,92.0,,t_plus_10h,mia,mia:2026-07-22,-0.00426483154296875,KXHIGHMIA-26JUL22,,temperature,neuralcaster_v2,91.99573516845703,,2026-07-22T15:00:00+00:00,2026-07-22,,,,,,,,1.0,1.0,
0.18483734130859375,92.0,,t_plus_11h,mia,mia:2026-07-22,0.18483734130859375,KXHIGHMIA-26JUL22,,temperature,neuralcaster_v2,92.1848373413086,,2026-07-22T16:00:00+00:00,2026-07-22,,,,,,,,1.0,1.0,
0.003692626953125,92.0,,t_plus_12h,mia,mia:2026-07-22,-0.003692626953125,KXHIGHMIA-26JUL22,,temperature,neuralcaster_v2,91.99630737304688,,2026-07-22T17:00:00+00:00,2026-07-22,,,,,,,,1.0,1.0,
0.07205963134765625,92.0,,t_plus_13h,mia,mia:2026-07-22,-0.07205963134765625,KXHIGHMIA-26JUL22,,temperature,neuralcaster_v2,91.92794036865234,,2026-07-22T18:00:00+00:00,2026-07-22,,,,,,,,1.0,1.0,
0.186798095703125,92.0,,t_plus_14h,mia,mia:2026-07-22,-0.186798095703125,KXHIGHMIA-26JUL22,,temperature,neuralcaster_v2,91.81320190429688,,2026-07-22T19:00:00+00:00,2026-07-22,,,,,,,,1.0,1.0,
0.35146331787109375,92.0,,t_plus_15h,mia,mia:2026-07-22,0.35146331787109375,KXHIGHMIA-26JUL22,,temperature,neuralcaster_v2,92.3514633178711,,2026-07-22T20:00:00+00:00,2026-07-22,,,,,,,,1.0,1.0,
0.3486175537109375,92.0,,t_plus_16h,mia,mia:2026-07-22,0.3486175537109375,KXHIGHMIA-26JUL22,,temperature,neuralcaster_v2,92.34861755371094,,2026-07-22T21:00:00+00:00,2026-07-22,,,,,,,,1.0,1.0,
0.34571075439453125,92.0,,t_plus_17h,mia,mia:2026-07-22,0.34571075439453125,KXHIGHMIA-26JUL22,,temperature,neuralcaster_v2,92.34571075439453,,2026-07-22T22:00:00+00:00,2026-07-22,,,,,,,,1.0,1.0,
0.37397003173828125,92.0,,t_plus_18h,mia,mia:2026-07-22,0.37397003173828125,KXHIGHMIA-26JUL22,,temperature,neuralcaster_v2,92.37397003173828,,2026-07-22T23:00:00+00:00,2026-07-22,,,,,,,,1.0,1.0,
1.02545166015625,85.0,,t_plus_0h,nyc,nyc:2026-07-22,-1.02545166015625,KXHIGHNY-26JUL22,,temperature,neuralcaster_v2,83.97454833984375,,2026-07-22T05:00:00+00:00,2026-07-22,,,,,,,,0.0,1.0,
0.47397613525390625,85.0,,t_plus_1h,nyc,nyc:2026-07-22,-0.47397613525390625,KXHIGHNY-26JUL22,,temperature,neuralcaster_v2,84.5260238647461,,2026-07-22T06:00:00+00:00,2026-07-22,,,,,,,,1.0,1.0,
0.41419219970703125,85.0,,t_plus_2h,nyc,nyc:2026-07-22,-0.41419219970703125,KXHIGHNY-26JUL22,,temperature,neuralcaster_v2,84.58580780029297,,2026-07-22T07:00:00+00:00,2026-07-22,,,,,,,,1.0,1.0,
0.3997955322265625,85.0,,t_plus_3h,nyc,nyc:2026-07-22,-0.3997955322265625,KXHIGHNY-26JUL22,,temperature,neuralcaster_v2,84.60020446777344,,2026-07-22T08:00:00+00:00,2026-07-22,,,,,,,,1.0,1.0,
0.3958587646484375,85.0,,t_plus_4h,nyc,nyc:2026-07-22,-0.3958587646484375,KXHIGHNY-26JUL22,,temperature,neuralcaster_v2,84.60414123535156,,2026-07-22T09:00:00+00:00,2026-07-22,,,,,,,,1.0,1.0,
0.39550018310546875,85.0,,t_plus_5h,nyc,nyc:2026-07-22,-0.39550018310546875,KXHIGHNY-26JUL22,,temperature,neuralcaster_v2,84.60449981689453,,2026-07-22T10:00:00+00:00,2026-07-22,,,,,,,,1.0,1.0,
0.30754852294921875,85.0,,t_plus_6h,nyc,nyc:2026-07-22,-0.30754852294921875,KXHIGHNY-26JUL22,,temperature,neuralcaster_v2,84.69245147705078,,2026-07-22T11:00:00+00:00,2026-07-22,,,,,,,,1.0,1.0,
0.31097412109375,85.0,,t_plus_7h,nyc,nyc:2026-07-22,-0.31097412109375,KXHIGHNY-26JUL22,,temperature,neuralcaster_v2,84.68902587890625,,2026-07-22T12:00:00+00:00,2026-07-22,,,,,,,,1.0,1.0,
0.2939453125,85.0,,t_plus_8h,nyc,nyc:2026-07-22,-0.2939453125,KXHIGHNY-26JUL22,,temperature,neuralcaster_v2,84.7060546875,,2026-07-22T13:00:00+00:00,2026-07-22,,,,,,,,1.0,1.0,
0.26860809326171875,85.0,,t_plus_9h,nyc,nyc:2026-07-22,-0.26860809326171875,KXHIGHNY-26JUL22,,temperature,neuralcaster_v2,84.73139190673828,,2026-07-22T14:00:00+00:00,2026-07-22,,,,,,,,1.0,1.0,
0.31009674072265625,85.0,,t_plus_10h,nyc,nyc:2026-07-22,-0.31009674072265625,KXHIGHNY-26JUL22,,temperature,neuralcaster_v2,84.68990325927734,,2026-07-22T15:00:00+00:00,2026-07-22,,,,,,,,1.0,1.0,
0.0992431640625,85.0,,t_plus_11h,nyc,nyc:2026-07-22,0.0992431640625,KXHIGHNY-26JUL22,,temperature,neuralcaster_v2,85.0992431640625,,2026-07-22T16:00:00+00:00,2026-07-22,,,,,,,,1.0,1.0,
0.16147613525390625,85.0,,t_plus_12h,nyc,nyc:2026-07-22,0.16147613525390625,KXHIGHNY-26JUL22,,temperature,neuralcaster_v2,85.1614761352539,,2026-07-22T17:00:00+00:00,2026-07-22,,,,,,,,1.0,1.0,
0.410980224609375,85.0,,t_plus_13h,nyc,nyc:2026-07-22,0.410980224609375,KXHIGHNY-26JUL22,,temperature,neuralcaster_v2,85.41098022460938,,2026-07-22T18:00:00+00:00,2026-07-22,,,,,,,,1.0,1.0,
0.8211593627929688,85.0,,t_plus_14h,nyc,nyc:2026-07-22,0.8211593627929688,KXHIGHNY-26JUL22,,temperature,neuralcaster_v2,85.82115936279297,,2026-07-22T19:00:00+00:00,2026-07-22,,,,,,,,1.0,1.0,
0.84991455078125,85.0,,t_plus_15h,nyc,nyc:2026-07-22,0.84991455078125,KXHIGHNY-26JUL22,,temperature,neuralcaster_v2,85.84991455078125,,2026-07-22T20:00:00+00:00,2026-07-22,,,,,,,,1.0,1.0,
0.85980224609375,85.0,,t_plus_16h,nyc,nyc:2026-07-22,0.85980224609375,KXHIGHNY-26JUL22,,temperature,neuralcaster_v2,85.85980224609375,,2026-07-22T21:00:00+00:00,2026-07-22,,,,,,,,1.0,1.0,
0.87640380859375,85.0,,t_plus_17h,nyc,nyc:2026-07-22,0.87640380859375,KXHIGHNY-26JUL22,,temperature,neuralcaster_v2,85.87640380859375,,2026-07-22T22:00:00+00:00,2026-07-22,,,,,,,,1.0,1.0,
0.5440521240234375,85.0,,t_plus_18h,nyc,nyc:2026-07-22,0.5440521240234375,KXHIGHNY-26JUL22,,temperature,neuralcaster_v2,85.54405212402344,,2026-07-22T23:00:00+00:00,2026-07-22,,,,,,,,1.0,1.0,
2.5814971923828125,94.0,,t_plus_0h,okc,okc:2026-07-22,2.5814971923828125,KXHIGHTOKC-26JUL22,,temperature,neuralcaster_v2,96.58149719238281,,2026-07-22T06:00:00+00:00,2026-07-22,,,,,,,,0.0,0.0,
2.821868896484375,94.0,,t_plus_1h,okc,okc:2026-07-22,2.821868896484375,KXHIGHTOKC-26JUL22,,temperature,neuralcaster_v2,96.82186889648438,,2026-07-22T07:00:00+00:00,2026-07-22,,,,,,,,0.0,0.0,
2.90936279296875,94.0,,t_plus_2h,okc,okc:2026-07-22,2.90936279296875,KXHIGHTOKC-26JUL22,,temperature,neuralcaster_v2,96.90936279296875,,2026-07-22T08:00:00+00:00,2026-07-22,,,,,,,,0.0,0.0,
2.9069290161132812,94.0,,t_plus_3h,okc,okc:2026-07-22,2.9069290161132812,KXHIGHTOKC-26JUL22,,temperature,neuralcaster_v2,96.90692901611328,,2026-07-22T09:00:00+00:00,2026-07-22,,,,,,,,0.0,0.0,
2.9340591430664062,94.0,,t_plus_4h,okc,okc:2026-07-22,2.9340591430664062,KXHIGHTOKC-26JUL22,,temperature,neuralcaster_v2,96.9340591430664,,2026-07-22T10:00:00+00:00,2026-07-22,,,,,,,,0.0,0.0,
2.9498138427734375,94.0,,t_plus_5h,okc,okc:2026-07-22,2.9498138427734375,KXHIGHTOKC-26JUL22,,temperature,neuralcaster_v2,96.94981384277344,,2026-07-22T11:00:00+00:00,2026-07-22,,,,,,,,0.0,0.0,
2.9560394287109375,94.0,,t_plus_6h,okc,okc:2026-07-22,2.9560394287109375,KXHIGHTOKC-26JUL22,,temperature,neuralcaster_v2,96.95603942871094,,2026-07-22T12:00:00+00:00,2026-07-22,,,,,,,,0.0,0.0,
2.9603271484375,94.0,,t_plus_7h,okc,okc:2026-07-22,2.9603271484375,KXHIGHTOKC-26JUL22,,temperature,neuralcaster_v2,96.9603271484375,,2026-07-22T13:00:00+00:00,2026-07-22,,,,,,,,0.0,0.0,
2.960113525390625,94.0,,t_plus_8h,okc,okc:2026-07-22,2.960113525390625,KXHIGHTOKC-26JUL22,,temperature,neuralcaster_v2,96.96011352539062,,2026-07-22T14:00:00+00:00,2026-07-22,,,,,,,,0.0,0.0,
3.05810546875,94.0,,t_plus_9h,okc,okc:2026-07-22,3.05810546875,KXHIGHTOKC-26JUL22,,temperature,neuralcaster_v2,97.05810546875,,2026-07-22T15:00:00+00:00,2026-07-22,,,,,,,,0.0,0.0,
3.24432373046875,94.0,,t_plus_10h,okc,okc:2026-07-22,3.24432373046875,KXHIGHTOKC-26JUL22,,temperature,neuralcaster_v2,97.24432373046875,,2026-07-22T16:00:00+00:00,2026-07-22,,,,,,,,0.0,0.0,
3.239898681640625,94.0,,t_plus_11h,okc,okc:2026-07-22,3.239898681640625,KXHIGHTOKC-26JUL22,,temperature,neuralcaster_v2,97.23989868164062,,2026-07-22T17:00:00+00:00,2026-07-22,,,,,,,,0.0,0.0,
3.172210693359375,94.0,,t_plus_12h,okc,okc:2026-07-22,3.172210693359375,KXHIGHTOKC-26JUL22,,temperature,neuralcaster_v2,97.17221069335938,,2026-07-22T18:00:00+00:00,2026-07-22,,,,,,,,0.0,0.0,
3.2485733032226562,94.0,,t_plus_13h,okc,okc:2026-07-22,3.2485733032226562,KXHIGHTOKC-26JUL22,,temperature,neuralcaster_v2,97.24857330322266,,2026-07-22T19:00:00+00:00,2026-07-22,,,,,,,,0.0,0.0,
3.2564926147460938,94.0,,t_plus_14h,okc,okc:2026-07-22,3.2564926147460938,KXHIGHTOKC-26JUL22,,temperature,neuralcaster_v2,97.2564926147461,,2026-07-22T20:00:00+00:00,2026-07-22,,,,,,,,0.0,0.0,
3.2543716430664062,94.0,,t_plus_15h,okc,okc:2026-07-22,3.2543716430664062,KXHIGHTOKC-26JUL22,,temperature,neuralcaster_v2,97.2543716430664,,2026-07-22T21:00:00+00:00,2026-07-22,,,,,,,,0.0,0.0,
2.784698486328125,94.0,,t_plus_16h,okc,okc:2026-07-22,2.784698486328125,KXHIGHTOKC-26JUL22,,temperature,neuralcaster_v2,96.78469848632812,,2026-07-22T22:00:00+00:00,2026-07-22,,,,,,,,0.0,0.0,
2.0235977172851562,94.0,,t_plus_17h,okc,okc:2026-07-22,2.0235977172851562,KXHIGHTOKC-26JUL22,,temperature,neuralcaster_v2,96.02359771728516,,2026-07-22T23:00:00+00:00,2026-07-22,,,,,,,,0.0,0.0,
,,1.1751906698491479,t_plus_0h,aus,aus:2026-07-12,,KXHIGHAUS-26JUL12,2.687286278487265,bracket,neuralcaster_v2,,0.2547426644567993,2026-07-12T06:00:00+00:00,2026-07-12,bounded,0.0,0.4195438074131573,KXHIGHAUS-26JUL12-B92.5,bounded,0.06806539951076156,KXHIGHAUS-26JUL12-B96.5,,,0.0
,,1.2270473313117913,t_plus_1h,aus,aus:2026-07-12,,KXHIGHAUS-26JUL12,3.2831692963185932,bracket,neuralcaster_v2,,0.3283264995252658,2026-07-12T07:00:00+00:00,2026-07-12,bounded,0.0,0.4206496261776847,KXHIGHAUS-26JUL12-B92.5,bounded,0.03750919048928647,KXHIGHAUS-26JUL12-B96.5,,,0.0
,,1.2090881694272777,t_plus_2h,aus,aus:2026-07-12,,KXHIGHAUS-26JUL12,3.0925264120786604,bracket,neuralcaster_v2,,0.30492720863485,2026-07-12T08:00:00+00:00,2026-07-12,bounded,0.0,0.4230647122208895,KXHIGHAUS-26JUL12-B92.5,bounded,0.0453871428091797,KXHIGHAUS-26JUL12-B96.5,,,0.0
,,1.1646256227379772,t_plus_3h,aus,aus:2026-07-12,,KXHIGHAUS-26JUL12,2.7393537923267166,bracket,neuralcaster_v2,,0.26566818348475146,2026-07-12T09:00:00+00:00,2026-07-12,bounded,0.0,0.40821203617213686,KXHIGHAUS-26JUL12-B92.5,bounded,0.06461208623148529,KXHIGHAUS-26JUL12-B96.5,,,0.0
,,1.152145967254733,t_plus_4h,aus,aus:2026-07-12,,KXHIGHAUS-26JUL12,2.66286365861664,bracket,neuralcaster_v2,,0.2565572948530177,2026-07-12T10:00:00+00:00,2026-07-12,bounded,0.0,0.4006397208598296,KXHIGHAUS-26JUL12-B92.5,bounded,0.06974820044978014,KXHIGHAUS-26JUL12-B96.5,,,0.0
,,1.1452015187558406,t_plus_5h,aus,aus:2026-07-12,,KXHIGHAUS-26JUL12,2.6261250771255207,bracket,neuralcaster_v2,,0.25225538229346767,2026-07-12T11:00:00+00:00,2026-07-12,bounded,0.0,0.39600525862037306,KXHIGHAUS-26JUL12-B92.5,bounded,0.07235830255051423,KXHIGHAUS-26JUL12-B96.5,,,0.0
,,1.1455993645675009,t_plus_6h,aus,aus:2026-07-12,,KXHIGHAUS-26JUL12,2.6264551249116312,bracket,neuralcaster_v2,,0.25220490017137676,2026-07-12T12:00:00+00:00,2026-07-12,bounded,0.0,0.3963513428846833,KXHIGHAUS-26JUL12-B92.5,bounded,0.07233442479356789,KXHIGHAUS-26JUL12-B96.5,,,0.0
,,1.1451577988760142,t_plus_7h,aus,aus:2026-07-12,,KXHIGHAUS-26JUL12,2.625723501184449,bracket,neuralcaster_v2,,0.2521989990874156,2026-07-12T13:00:00+00:00,2026-07-12,bounded,0.0,0.3959833938258289,KXHIGHAUS-26JUL12-B92.5,bounded,0.07238736573910343,KXHIGHAUS-26JUL12-B96.5,,,0.0
,,1.1459666113530524,t_plus_8h,aus,aus:2026-07-12,,KXHIGHAUS-26JUL12,2.624820899326672,bracket,neuralcaster_v2,,0.25183156615842345,2026-07-12T14:00:00+00:00,2026-07-12,bounded,0.0,0.39675309292551736,KXHIGHAUS-26JUL12-B92.5,bounded,0.07245273220540827,KXHIGHAUS-26JUL12-B96.5,,,0.0
,,1.1449271915152561,t_plus_9h,aus,aus:2026-07-12,,KXHIGHAUS-26JUL12,2.621210268487387,bracket,neuralcaster_v2,,0.251496094894725,2026-07-12T15:00:00+00:00,2026-07-12,bounded,0.0,0.3959708851422085,KXHIGHAUS-26JUL12-B92.5,bounded,0.07271480511425021,KXHIGHAUS-26JUL12-B96.5,,,0.0
,,1.1925884108810623,t_plus_10h,aus,aus:2026-07-12,,KXHIGHAUS-26JUL12,2.914711496040557,bracket,neuralcaster_v2,,0.28212584695799303,2026-07-12T16:00:00+00:00,2026-07-12,bounded,0.0,0.42387691977117997,KXHIGHAUS-26JUL12-B92.5,bounded,0.05421967136658485,KXHIGHAUS-26JUL12-B96.5,,,0.0
,,1.123537578557524,t_plus_11h,aus,aus:2026-07-12,,KXHIGHAUS-26JUL12,2.4131155458776057,bracket,neuralcaster_v2,,0.22321260233044504,2026-07-12T17:00:00+00:00,2026-07-12,bounded,0.0,0.38436653564958106,KXHIGHAUS-26JUL12-B92.5,bounded,0.0895359063509008,KXHIGHAUS-26JUL12-B96.5,,,0.0
,,1.1352115820186317,t_plus_12h,aus,aus:2026-07-12,,KXHIGHAUS-26JUL12,2.42149975406937,bracket,neuralcaster_v2,,0.22150009447795452,2026-07-12T18:00:00+00:00,2026-07-12,bounded,0.0,0.390360925484943,KXHIGHAUS-26JUL12-B92.5,bounded,0.08878835685579112,KXHIGHAUS-26JUL12-B96.5,,,0.0
,,1.205774973191588,t_plus_13h,aus,aus:2026-07-12,,KXHIGHAUS-26JUL12,2.5818068059277466,bracket,neuralcaster_v2,,0.23264842591869844,2026-07-12T19:00:00+00:00,2026-07-12,bounded,0.0,0.44810518510044023,KXHIGHAUS-26JUL12-B92.5,bounded,0.07563721871267437,KXHIGHAUS-26JUL12-B96.5,,,0.0
,,1.1286764467161619,t_plus_14h,aus,aus:2026-07-12,,KXHIGHAUS-26JUL12,1.9926670996090334,bracket,neuralcaster_v2,,0.1738621189095329,2026-07-12T20:00:00+00:00,2026-07-12,bounded,0.0,0.5089737139061076,KXHIGHAUS-26JUL12-B94.5,bounded,0.1363313308838228,KXHIGHAUS-26JUL12-B96.5,,,1.0
,,1.185364643605528,t_plus_15h,aus,aus:2026-07-12,,KXHIGHAUS-26JUL12,2.1441051299174227,bracket,neuralcaster_v2,,0.17928200379616172,2026-07-12T21:00:00+00:00,2026-07-12,bounded,0.0,0.5371859128894684,KXHIGHAUS-26JUL12-B94.5,bounded,0.1171728446156892,KXHIGHAUS-26JUL12-B96.5,,,1.0
,,0.2995515124759844,t_plus_16h,aus,aus:2026-07-12,,KXHIGHAUS-26JUL12,0.4926469787425622,bracket,neuralcaster_v2,,0.029652339353461482,2026-07-12T22:00:00+00:00,2026-07-12,bounded,1.0,0.611006929431829,KXHIGHAUS-26JUL12-B96.5,bounded,0.611006929431829,KXHIGHAUS-26JUL12-B96.5,,,1.0
,,0.2758895859916616,t_plus_17h,aus,aus:2026-07-12,,KXHIGHAUS-26JUL12,0.46743607628405937,bracket,neuralcaster_v2,,0.027298576866810927,2026-07-12T23:00:00+00:00,2026-07-12,bounded,1.0,0.6266067824678867,KXHIGHAUS-26JUL12-B96.5,bounded,0.6266067824678867,KXHIGHAUS-26JUL12-B96.5,,,1.0
,,0.23174629110429323,t_plus_18h,aus,aus:2026-07-12,,KXHIGHAUS-26JUL12,0.41913522437227346,bracket,neuralcaster_v2,,0.02290895533120236,2026-07-13T00:00:00+00:00,2026-07-12,bounded,1.0,0.6576152636438672,KXHIGHAUS-26JUL12-B96.5,bounded,0.6576152636438672,KXHIGHAUS-26JUL12-B96.5,,,1.0
,,0.21844605033413025,t_plus_19h,aus,aus:2026-07-12,,KXHIGHAUS-26JUL12,0.4041740860512197,bracket,neuralcaster_v2,,0.021586829772283732,2026-07-13T01:00:00+00:00,2026-07-12,bounded,1.0,0.6675279038564459,KXHIGHAUS-26JUL12-B96.5,bounded,0.6675279038564459,KXHIGHAUS-26JUL12-B96.5,,,1.0
,,0.21138158692939274,t_plus_20h,aus,aus:2026-07-12,,KXHIGHAUS-26JUL12,0.39613489352870096,bracket,neuralcaster_v2,,0.02088467667002171,2026-07-13T02:00:00+00:00,2026-07-12,bounded,1.0,0.6729159178121605,KXHIGHAUS-26JUL12-B96.5,bounded,0.6729159178121605,KXHIGHAUS-26JUL12-B96.5,,,1.0
,,0.21116172952991144,t_plus_21h,aus,aus:2026-07-12,,KXHIGHAUS-26JUL12,0.3958836051790708,bracket,neuralcaster_v2,,0.020862825684797186,2026-07-13T03:00:00+00:00,2026-07-12,bounded,1.0,0.6730850349902858,KXHIGHAUS-26JUL12-B96.5,bounded,0.6730850349902858,KXHIGHAUS-26JUL12-B96.5,,,1.0
,,0.20980654833105208,t_plus_22h,aus,aus:2026-07-12,,KXHIGHAUS-26JUL12,0.3943331868860271,bracket,neuralcaster_v2,,0.020728139734432473,2026-07-13T04:00:00+00:00,2026-07-12,bounded,1.0,0.6741294077394112,KXHIGHAUS-26JUL12-B96.5,bounded,0.6741294077394112,KXHIGHAUS-26JUL12-B96.5,,,1.0
,,0.2097412096802368,t_plus_23h,aus,aus:2026-07-12,,KXHIGHAUS-26JUL12,0.3942583695449606,bracket,neuralcaster_v2,,0.020721646059356228,2026-07-13T05:00:00+00:00,2026-07-12,bounded,1.0,0.6741798461960451,KXHIGHAUS-26JUL12-B96.5,bounded,0.6741798461960451,KXHIGHAUS-26JUL12-B96.5,,,1.0
,,0.4334996429307357,t_plus_0h,den,den:2026-07-12,,KXHIGHDEN-26JUL12,0.8212613133013813,bracket,neuralcaster_v2,,0.03304150704863277,2026-07-12T07:00:00+00:00,2026-07-12,bounded,1.0,0.4398764823984059,KXHIGHDEN-26JUL12-B94.5,bounded,0.4398764823984059,KXHIGHDEN-26JUL12-B94.5,,,1.0
,,0.4450465126004038,t_plus_1h,den,den:2026-07-12,,KXHIGHDEN-26JUL12,0.8409859174782187,bracket,neuralcaster_v2,,0.034016564904756116,2026-07-12T08:00:00+00:00,2026-07-12,bounded,1.0,0.43128510222805916,KXHIGHDEN-26JUL12-B94.5,bounded,0.43128510222805916,KXHIGHDEN-26JUL12-B94.5,,,1.0
,,0.4604455261441047,t_plus_2h,den,den:2026-07-12,,KXHIGHDEN-26JUL12,0.8709322205083236,bracket,neuralcaster_v2,,0.03510267522230802,2026-07-12T09:00:00+00:00,2026-07-12,bounded,1.0,0.4185611760066776,KXHIGHDEN-26JUL12-B94.5,bounded,0.4185611760066776,KXHIGHDEN-26JUL12-B94.5,,,1.0
,,0.4716723154890425,t_plus_3h,den,den:2026-07-12,,KXHIGHDEN-26JUL12,0.8891219710731275,bracket,neuralcaster_v2,,0.03570898572213929,2026-07-12T10:00:00+00:00,2026-07-12,bounded,1.0,0.4110164787229924,KXHIGHDEN-26JUL12-B94.5,bounded,0.4110164787229924,KXHIGHDEN-26JUL12-B94.5,,,1.0
,,0.4753454728993288,t_plus_4h,den,den:2026-07-12,,KXHIGHDEN-26JUL12,0.8980191273835175,bracket,neuralcaster_v2,,0.037228557958014066,2026-07-12T11:00:00+00:00,2026-07-12,bounded,1.0,0.4073758206336857,KXHIGHDEN-26JUL12-B94.5,bounded,0.4073758206336857,KXHIGHDEN-26JUL12-B94.5,,,1.0
,,0.47715910712105325,t_plus_5h,den,den:2026-07-12,,KXHIGHDEN-26JUL12,0.9004259833904118,bracket,neuralcaster_v2,,0.03660475193810149,2026-07-12T12:00:00+00:00,2026-07-12,bounded,1.0,0.4063965047017079,KXHIGHDEN-26JUL12-B94.5,bounded,0.4063965047017079,KXHIGHDEN-26JUL12-B94.5,,,1.0
,,0.47726897491149395,t_plus_6h,den,den:2026-07-12,,KXHIGHDEN-26JUL12,0.9005656621627655,bracket,neuralcaster_v2,,0.0365960216177368,2026-07-12T13:00:00+00:00,2026-07-12,bounded,1.0,0.4063397437010881,KXHIGHDEN-26JUL12-B94.5,bounded,0.4063397437010881,KXHIGHDEN-26JUL12-B94.5,,,1.0
,,0.47657126222818713,t_plus_7h,den,den:2026-07-12,,KXHIGHDEN-26JUL12,0.9000029753251996,bracket,neuralcaster_v2,,0.03685104661954413,2026-07-12T14:00:00+00:00,2026-07-12,bounded,1.0,0.4065684500654447,KXHIGHDEN-26JUL12-B94.5,bounded,0.4065684500654447,KXHIGHDEN-26JUL12-B94.5,,,1.0
,,0.4685545136531619,t_plus_8h,den,den:2026-07-12,,KXHIGHDEN-26JUL12,0.8853996313959615,bracket,neuralcaster_v2,,0.03609153843255629,2026-07-12T15:00:00+00:00,2026-07-12,bounded,1.0,0.41254927268977004,KXHIGHDEN-26JUL12-B94.5,bounded,0.41254927268977004,KXHIGHDEN-26JUL12-B94.5,,,1.0
,,0.46172392953398916,t_plus_9h,den,den:2026-07-12,,KXHIGHDEN-26JUL12,0.8708194408199974,bracket,neuralcaster_v2,,0.03582277255198675,2026-07-12T16:00:00+00:00,2026-07-12,bounded,1.0,0.418608383867647,KXHIGHDEN-26JUL12-B94.5,bounded,0.418608383867647,KXHIGHDEN-26JUL12-B94.5,,,1.0
,,0.4556913754256873,t_plus_10h,den,den:2026-07-12,,KXHIGHDEN-26JUL12,0.8589542955675312,bracket,neuralcaster_v2,,0.035293323656001255,2026-07-12T17:00:00+00:00,2026-07-12,bounded,1.0,0.4236048162269428,KXHIGHDEN-26JUL12-B94.5,bounded,0.4236048162269428,KXHIGHDEN-26JUL12-B94.5,,,1.0
,,0.4361585637911257,t_plus_11h,den,den:2026-07-12,,KXHIGHDEN-26JUL12,0.8220220366778745,bracket,neuralcaster_v2,,0.03346154246045567,2026-07-12T18:00:00+00:00,2026-07-12,bounded,1.0,0.4395419853214798,KXHIGHDEN-26JUL12-B94.5,bounded,0.4395419853214798,KXHIGHDEN-26JUL12-B94.5,,,1.0
,,0.39335047784003746,t_plus_12h,den,den:2026-07-12,,KXHIGHDEN-26JUL12,0.7414227625908547,bracket,neuralcaster_v2,,0.03025429922795938,2026-07-12T19:00:00+00:00,2026-07-12,bounded,1.0,0.4764355783612495,KXHIGHDEN-26JUL12-B94.5,bounded,0.4764355783612495,KXHIGHDEN-26JUL12-B94.5,,,1.0
,,0.3414826204784077,t_plus_13h,den,den:2026-07-12,,KXHIGHDEN-26JUL12,0.6545523267825186,bracket,neuralcaster_v2,,0.027318429413543656,2026-07-12T20:00:00+00:00,2026-07-12,bounded,1.0,0.5196746549453019,KXHIGHDEN-26JUL12-B94.5,bounded,0.5196746549453019,KXHIGHDEN-26JUL12-B94.5,,,1.0
,,0.335293386874779,t_plus_14h,den,den:2026-07-12,,KXHIGHDEN-26JUL12,0.61744122996201,bracket,neuralcaster_v2,,0.03023457501465517,2026-07-12T21:00:00+00:00,2026-07-12,bounded,1.0,0.539322676249604,KXHIGHDEN-26JUL12-B94.5,bounded,0.539322676249604,KXHIGHDEN-26JUL12-B94.5,,,1.0
,,0.2776039944509564,t_plus_15h,den,den:2026-07-12,,KXHIGHDEN-26JUL12,0.5567246021129839,bracket,neuralcaster_v2,,0.022362404595263587,2026-07-12T22:00:00+00:00,2026-07-12,bounded,1.0,0.5730830681891222,KXHIGHDEN-26JUL12-B94.5,bounded,0.5730830681891222,KXHIGHDEN-26JUL12-B94.5,,,1.0
,,0.22347024631942067,t_plus_16h,den,den:2026-07-12,,KXHIGHDEN-26JUL12,0.4888814670906737,bracket,neuralcaster_v2,,0.015988048921909713,2026-07-12T23:00:00+00:00,2026-07-12,bounded,1.0,0.6133120203436614,KXHIGHDEN-26JUL12-B94.5,bounded,0.6133120203436614,KXHIGHDEN-26JUL12-B94.5,,,1.0
,,0.246565783805803,t_plus_17h,den,den:2026-07-12,,KXHIGHDEN-26JUL12,0.5068007000182422,bracket,neuralcaster_v2,,0.01790770128821826,2026-07-13T00:00:00+00:00,2026-07-12,bounded,1.0,0.602419820778949,KXHIGHDEN-26JUL12-B94.5,bounded,0.602419820778949,KXHIGHDEN-26JUL12-B94.5,,,1.0
,,0.22391710161723893,t_plus_18h,den,den:2026-07-12,,KXHIGHDEN-26JUL12,0.4773744474120889,bracket,neuralcaster_v2,,0.016165985138250592,2026-07-13T01:00:00+00:00,2026-07-12,bounded,1.0,0.6204101748094936,KXHIGHDEN-26JUL12-B94.5,bounded,0.6204101748094936,KXHIGHDEN-26JUL12-B94.5,,,1.0
,,0.18583446206917886,t_plus_19h,den,den:2026-07-12,,KXHIGHDEN-26JUL12,0.42039935466913675,bracket,neuralcaster_v2,,0.01378420610280753,2026-07-13T02:00:00+00:00,2026-07-12,bounded,1.0,0.6567844774870256,KXHIGHDEN-26JUL12-B94.5,bounded,0.6567844774870256,KXHIGHDEN-26JUL12-B94.5,,,1.0
,,0.18613656228848519,t_plus_20h,den,den:2026-07-12,,KXHIGHDEN-26JUL12,0.41408963628180473,bracket,neuralcaster_v2,,0.014403641435456999,2026-07-13T03:00:00+00:00,2026-07-12,bounded,1.0,0.6609417042537522,KXHIGHDEN-26JUL12-B94.5,bounded,0.6609417042537522,KXHIGHDEN-26JUL12-B94.5,,,1.0
,,0.18909844068130474,t_plus_21h,den,den:2026-07-12,,KXHIGHDEN-26JUL12,0.41730379706029297,bracket,neuralcaster_v2,,0.014707811639732966,2026-07-13T04:00:00+00:00,2026-07-12,bounded,1.0,0.6588207417342855,KXHIGHDEN-26JUL12-B94.5,bounded,0.6588207417342855,KXHIGHDEN-26JUL12-B94.5,,,1.0
,,0.19056081390332957,t_plus_22h,den,den:2026-07-12,,KXHIGHDEN-26JUL12,0.41888069855677895,bracket,neuralcaster_v2,,0.014858572105994592,2026-07-13T05:00:00+00:00,2026-07-12,bounded,1.0,0.6577826650082085,KXHIGHDEN-26JUL12-B94.5,bounded,0.6577826650082085,KXHIGHDEN-26JUL12-B94.5,,,1.0
,,0.19051070274594148,t_plus_23h,den,den:2026-07-12,,KXHIGHDEN-26JUL12,0.41882677057975065,bracket,neuralcaster_v2,,0.014853399738444776,2026-07-13T06:00:00+00:00,2026-07-12,bounded,1.0,0.6578181388531644,KXHIGHDEN-26JUL12-B94.5,bounded,0.6578181388531644,KXHIGHDEN-26JUL12-B94.5,,,1.0
,,0.46903790008712604,t_plus_0h,la,la:2026-07-12,,KXHIGHLAX-26JUL12,0.8856198708255045,bracket,neuralcaster_v2,,0.035679748762672624,2026-07-12T08:00:00+00:00,2026-07-12,bounded,1.0,0.412458423077995,KXHIGHLAX-26JUL12-B76.5,bounded,0.412458423077995,KXHIGHLAX-26JUL12-B76.5,,,1.0
,,0.5498941574750263,t_plus_1h,la,la:2026-07-12,,KXHIGHLAX-26JUL12,1.0118736339626915,bracket,neuralcaster_v2,,0.049336755478537234,2026-07-12T09:00:00+00:00,2026-07-12,bounded,1.0,0.3635372054185928,KXHIGHLAX-26JUL12-B76.5,bounded,0.3635372054185928,KXHIGHLAX-26JUL12-B76.5,,,1.0
,,0.7392935037686109,t_plus_2h,la,la:2026-07-12,,KXHIGHLAX-26JUL12,1.2822853998250578,bracket,neuralcaster_v2,,0.09633827334893488,2026-07-12T10:00:00+00:00,2026-07-12,bounded,0.0,0.38255547236997656,KXHIGHLAX-26JUL12-B78.5,bounded,0.27740259960423974,KXHIGHLAX-26JUL12-B76.5,,,1.0
,,0.7303000094039697,t_plus_3h,la,la:2026-07-12,,KXHIGHLAX-26JUL12,1.2699862911320163,bracket,neuralcaster_v2,,0.09421586742948246,2026-07-12T11:00:00+00:00,2026-07-12,bounded,0.0,0.3796486301112501,KXHIGHLAX-26JUL12-B78.5,bounded,0.2808354716883973,KXHIGHLAX-26JUL12-B76.5,,,1.0
,,0.6587725704699022,t_plus_4h,la,la:2026-07-12,,KXHIGHLAX-26JUL12,1.168626822058734,bracket,neuralcaster_v2,,0.07743300785277656,2026-07-12T12:00:00+00:00,2026-07-12,bounded,0.0,0.35963567616672754,KXHIGHLAX-26JUL12-B78.5,bounded,0.31079342305360574,KXHIGHLAX-26JUL12-B76.5,,,1.0
,,0.6193239350323507,t_plus_5h,la,la:2026-07-12,,KXHIGHLAX-26JUL12,1.1191838355240182,bracket,neuralcaster_v2,,0.06624576461742093,2026-07-12T13:00:00+00:00,2026-07-12,bounded,0.0,0.3434515264067201,KXHIGHLAX-26JUL12-B78.5,bounded,0.32654620130168677,KXHIGHLAX-26JUL12-B76.5,,,1.0
,,0.6574590552393127,t_plus_6h,la,la:2026-07-12,,KXHIGHLAX-26JUL12,1.1673596002300195,bracket,neuralcaster_v2,,0.07701162657076402,2026-07-12T14:00:00+00:00,2026-07-12,bounded,0.0,0.3588408653407796,KXHIGHLAX-26JUL12-B78.5,bounded,0.3111875169129527,KXHIGHLAX-26JUL12-B76.5,,,1.0
,,0.6547186539618278,t_plus_7h,la,la:2026-07-12,,KXHIGHLAX-26JUL12,1.1613455549046323,bracket,neuralcaster_v2,,0.07655433886254076,2026-07-12T15:00:00+00:00,2026-07-12,bounded,0.0,0.3600561007848362,KXHIGHLAX-26JUL12-B78.5,bounded,0.3130646516733306,KXHIGHLAX-26JUL12-B76.5,,,1.0
,,0.6139289962875195,t_plus_8h,la,la:2026-07-12,,KXHIGHLAX-26JUL12,1.1059844117284983,bracket,neuralcaster_v2,,0.06553837315904229,2026-07-12T16:00:00+00:00,2026-07-12,bounded,0.0,0.34731040817443043,KXHIGHLAX-26JUL12-B78.5,bounded,0.3308849947949255,KXHIGHLAX-26JUL12-B76.5,,,1.0
,,0.6037685438982174,t_plus_9h,la,la:2026-07-12,,KXHIGHLAX-26JUL12,1.0441541742107228,bracket,neuralcaster_v2,,0.0713903280867929,2026-07-12T17:00:00+00:00,2026-07-12,bounded,0.0,0.3781649759105273,KXHIGHLAX-26JUL12-B78.5,bounded,0.35198941522815486,KXHIGHLAX-26JUL12-B76.5,,,1.0
,,0.5583219599630633,t_plus_10h,la,la:2026-07-12,,KXHIGHLAX-26JUL12,0.9062264661166357,bracket,neuralcaster_v2,,0.07676999284269315,2026-07-12T18:00:00+00:00,2026-07-12,bounded,0.0,0.4134330025137658,KXHIGHLAX-26JUL12-B78.5,bounded,0.4040460323236523,KXHIGHLAX-26JUL12-B76.5,,,1.0
,,0.3705522015866063,t_plus_11h,la,la:2026-07-12,,KXHIGHLAX-26JUL12,0.6311675519899695,bracket,neuralcaster_v2,,0.044709033847792685,2026-07-12T19:00:00+00:00,2026-07-12,bounded,1.0,0.5319703352571739,KXHIGHLAX-26JUL12-B76.5,bounded,0.5319703352571739,KXHIGHLAX-26JUL12-B76.5,,,1.0
,,0.39580465520349734,t_plus_12h,la,la:2026-07-12,,KXHIGHLAX-26JUL12,0.657013494125617,bracket,neuralcaster_v2,,0.047170018027945446,2026-07-12T20:00:00+00:00,2026-07-12,bounded,1.0,0.5183972212893343,KXHIGHLAX-26JUL12-B76.5,bounded,0.5183972212893343,KXHIGHLAX-26JUL12-B76.5,,,1.0
,,0.4108379734956501,t_plus_13h,la,la:2026-07-12,,KXHIGHLAX-26JUL12,0.6715473679204601,bracket,neuralcaster_v2,,0.048524022524255465,2026-07-12T21:00:00+00:00,2026-07-12,bounded,1.0,0.5109173886368711,KXHIGHLAX-26JUL12-B76.5,bounded,0.5109173886368711,KXHIGHLAX-26JUL12-B76.5,,,1.0
,,0.4216801500356654,t_plus_14h,la,la:2026-07-12,,KXHIGHLAX-26JUL12,0.6821499890855289,bracket,neuralcaster_v2,,0.04952426793167325,2026-07-12T22:00:00+00:00,2026-07-12,bounded,1.0,0.5055289414294007,KXHIGHLAX-26JUL12-B76.5,bounded,0.5055289414294007,KXHIGHLAX-26JUL12-B76.5,,,1.0
,,0.27096912192850625,t_plus_15h,la,la:2026-07-12,,KXHIGHLAX-26JUL12,0.49246340894852136,bracket,neuralcaster_v2,,0.030145810062407307,2026-07-12T23:00:00+00:00,2026-07-12,bounded,1.0,0.6111191021434681,KXHIGHLAX-26JUL12-B76.5,bounded,0.6111191021434681,KXHIGHLAX-26JUL12-B76.5,,,1.0
,,0.2581736762347073,t_plus_16h,la,la:2026-07-12,,KXHIGHLAX-26JUL12,0.47001561422338217,bracket,neuralcaster_v2,,0.027868547684769894,2026-07-13T00:00:00+00:00,2026-07-12,bounded,1.0,0.6249925094338581,KXHIGHLAX-26JUL12-B76.5,bounded,0.6249925094338581,KXHIGHLAX-26JUL12-B76.5,,,1.0
,,0.2652362296641484,t_plus_17h,la,la:2026-07-12,,KXHIGHLAX-26JUL12,0.47592240509217165,bracket,neuralcaster_v2,,0.02838664070222015,2026-07-13T01:00:00+00:00,2026-07-12,bounded,1.0,0.6213116910004565,KXHIGHLAX-26JUL12-B76.5,bounded,0.6213116910004565,KXHIGHLAX-26JUL12-B76.5,,,1.0
,,0.30099751785610823,t_plus_18h,la,la:2026-07-12,,KXHIGHLAX-26JUL12,0.5090305913368297,bracket,neuralcaster_v2,,0.03143358050231341,2026-07-13T02:00:00+00:00,2026-07-12,bounded,1.0,0.6010779866785676,KXHIGHLAX-26JUL12-B76.5,bounded,0.6010779866785676,KXHIGHLAX-26JUL12-B76.5,,,1.0
,,0.29599348894991057,t_plus_19h,la,la:2026-07-12,,KXHIGHLAX-26JUL12,0.5018590837792791,bracket,neuralcaster_v2,,0.030734671773435713,2026-07-13T03:00:00+00:00,2026-07-12,bounded,1.0,0.6054041158956572,KXHIGHLAX-26JUL12-B76.5,bounded,0.6054041158956572,KXHIGHLAX-26JUL12-B76.5,,,1.0
,,0.28743914135194837,t_plus_20h,la,la:2026-07-12,,KXHIGHLAX-26JUL12,0.49089384084558535,bracket,neuralcaster_v2,,0.029683010201085974,2026-07-13T04:00:00+00:00,2026-07-12,bounded,1.0,0.6120790483466855,KXHIGHLAX-26JUL12-B76.5,bounded,0.6120790483466855,KXHIGHLAX-26JUL12-B76.5,,,1.0
,,0.28571849572375857,t_plus_21h,la,la:2026-07-12,,KXHIGHLAX-26JUL12,0.4887746948055043,bracket,neuralcaster_v2,,0.029481354706841212,2026-07-13T05:00:00+00:00,2026-07-12,bounded,1.0,0.6133775085656967,KXHIGHLAX-26JUL12-B76.5,bounded,0.6133775085656967,KXHIGHLAX-26JUL12-B76.5,,,1.0
,,0.28561341271961627,t_plus_22h,la,la:2026-07-12,,KXHIGHLAX-26JUL12,0.48865365407804906,bracket,neuralcaster_v2,,0.029469902910266327,2026-07-13T06:00:00+00:00,2026-07-12,bounded,1.0,0.6134517567189728,KXHIGHLAX-26JUL12-B76.5,bounded,0.6134517567189728,KXHIGHLAX-26JUL12-B76.5,,,1.0
,,0.2860717173000204,t_plus_23h,la,la:2026-07-12,,KXHIGHLAX-26JUL12,0.48918149899779423,bracket,neuralcaster_v2,,0.029519849188860657,2026-07-13T07:00:00+00:00,2026-07-12,bounded,1.0,0.6131280347706891,KXHIGHLAX-26JUL12-B76.5,bounded,0.6131280347706891,KXHIGHLAX-26JUL12-B76.5,,,1.0
,,0.70733120665722,t_plus_0h,mia,mia:2026-07-12,,KXHIGHMIA-26JUL12,1.2003788927865338,bracket,neuralcaster_v2,,0.0915464399098258,2026-07-12T05:00:00+00:00,2026-07-12,bounded,0.0,0.42660994991345735,KXHIGHMIA-26JUL12-B92.5,bounded,0.3010801132149145,KXHIGHMIA-26JUL12-B94.5,,,1.0
,,0.6928110079523864,t_plus_1h,mia,mia:2026-07-12,,KXHIGHMIA-26JUL12,1.186574482568308,bracket,neuralcaster_v2,,0.08873460120920433,2026-07-12T06:00:00+00:00,2026-07-12,bounded,0.0,0.4162324749777086,KXHIGHMIA-26JUL12-B92.5,bounded,0.3052651662416276,KXHIGHMIA-26JUL12-B94.5,,,1.0
,,0.6861212217440674,t_plus_2h,mia,mia:2026-07-12,,KXHIGHMIA-26JUL12,1.1793042530734044,bracket,neuralcaster_v2,,0.08734247679702609,2026-07-12T07:00:00+00:00,2026-07-12,bounded,0.0,0.41227080120378046,KXHIGHMIA-26JUL12-B92.5,bounded,0.3074926012276268,KXHIGHMIA-26JUL12-B94.5,,,1.0
,,0.6810406447025977,t_plus_3h,mia,mia:2026-07-12,,KXHIGHMIA-26JUL12,1.1703382910989948,bracket,neuralcaster_v2,,0.08616011749692873,2026-07-12T08:00:00+00:00,2026-07-12,bounded,0.0,0.41173569592464654,KXHIGHMIA-26JUL12-B92.5,bounded,0.3102619646491612,KXHIGHMIA-26JUL12-B94.5,,,1.0
,,0.7060665897034049,t_plus_4h,mia,mia:2026-07-12,,KXHIGHMIA-26JUL12,1.2083331943454771,bracket,neuralcaster_v2,,0.09178139173526056,2026-07-12T09:00:00+00:00,2026-07-12,bounded,0.0,0.41887181537263274,KXHIGHMIA-26JUL12-B92.5,bounded,0.29869473080361575,KXHIGHMIA-26JUL12-B94.5,,,1.0
,,0.6763472445251452,t_plus_5h,mia,mia:2026-07-12,,KXHIGHMIA-26JUL12,1.1617447497326558,bracket,neuralcaster_v2,,0.08505814744976888,2026-07-12T10:00:00+00:00,2026-07-12,bounded,0.0,0.4114803321026142,KXHIGHMIA-26JUL12-B92.5,bounded,0.312939702824672,KXHIGHMIA-26JUL12-B94.5,,,1.0
,,0.6733432326260074,t_plus_6h,mia,mia:2026-07-12,,KXHIGHMIA-26JUL12,1.153191203124889,bracket,neuralcaster_v2,,0.0842370788695119,2026-07-12T11:00:00+00:00,2026-07-12,bounded,0.0,0.4135319423375761,KXHIGHMIA-26JUL12-B92.5,bounded,0.31562792769667214,KXHIGHMIA-26JUL12-B94.5,,,1.0
,,0.6711780500676116,t_plus_7h,mia,mia:2026-07-12,,KXHIGHMIA-26JUL12,1.1471105148536855,bracket,neuralcaster_v2,,0.08364797051018312,2026-07-12T12:00:00+00:00,2026-07-12,bounded,0.0,0.41494715709758184,KXHIGHMIA-26JUL12-B92.5,bounded,0.31755300971488776,KXHIGHMIA-26JUL12-B94.5,,,1.0
,,0.666783051588109,t_plus_8h,mia,mia:2026-07-12,,KXHIGHMIA-26JUL12,1.1350593329952767,bracket,neuralcaster_v2,,0.08246234533179078,2026-07-12T13:00:00+00:00,2026-07-12,bounded,0.0,0.4176053784370613,KXHIGHMIA-26JUL12-B92.5,bounded,0.3214030509629411,KXHIGHMIA-26JUL12-B94.5,,,1.0
,,0.6574777441098205,t_plus_9h,mia,mia:2026-07-12,,KXHIGHMIA-26JUL12,1.1088392966129537,bracket,neuralcaster_v2,,0.07976268757771675,2026-07-12T14:00:00+00:00,2026-07-12,bounded,0.0,0.42409746990161445,KXHIGHMIA-26JUL12-B92.5,bounded,0.3299417033597033,KXHIGHMIA-26JUL12-B94.5,,,1.0
,,0.6254377017025616,t_plus_10h,mia,mia:2026-07-12,,KXHIGHMIA-26JUL12,1.0512600095590245,bracket,neuralcaster_v2,,0.07236798804191845,2026-07-12T15:00:00+00:00,2026-07-12,bounded,0.0,0.4221686086560686,KXHIGHMIA-26JUL12-B92.5,bounded,0.349497101870378,KXHIGHMIA-26JUL12-B94.5,,,1.0
,,0.7008206142285726,t_plus_11h,mia,mia:2026-07-12,,KXHIGHMIA-26JUL12,1.1461586855365,bracket,neuralcaster_v2,,0.08701308433647174,2026-07-12T16:00:00+00:00,2026-07-12,bounded,0.0,0.45610815224286777,KXHIGHMIA-26JUL12-B92.5,bounded,0.3178554098731323,KXHIGHMIA-26JUL12-B94.5,,,1.0
,,0.4986056358269521,t_plus_12h,mia,mia:2026-07-12,,KXHIGHMIA-26JUL12,0.7747758216132039,bracket,neuralcaster_v2,,0.04196907939686019,2026-07-12T17:00:00+00:00,2026-07-12,bounded,1.0,0.460807072406799,KXHIGHMIA-26JUL12-B94.5,bounded,0.460807072406799,KXHIGHMIA-26JUL12-B94.5,,,1.0
,,0.4811682488791402,t_plus_13h,mia,mia:2026-07-12,,KXHIGHMIA-26JUL12,0.7464420696198256,bracket,neuralcaster_v2,,0.04129686422055168,2026-07-12T18:00:00+00:00,2026-07-12,bounded,1.0,0.4740501934116541,KXHIGHMIA-26JUL12-B94.5,bounded,0.4740501934116541,KXHIGHMIA-26JUL12-B94.5,,,1.0
,,0.4719222308457098,t_plus_14h,mia,mia:2026-07-12,,KXHIGHMIA-26JUL12,0.7300246373303055,bracket,neuralcaster_v2,,0.041083104153342945,2026-07-12T19:00:00+00:00,2026-07-12,bounded,1.0,0.48189711728549406,KXHIGHMIA-26JUL12-B94.5,bounded,0.48189711728549406,KXHIGHMIA-26JUL12-B94.5,,,1.0
,,0.4897013983731847,t_plus_15h,mia,mia:2026-07-12,,KXHIGHMIA-26JUL12,0.7394227294598242,bracket,neuralcaster_v2,,0.043708887142487496,2026-07-12T20:00:00+00:00,2026-07-12,bounded,1.0,0.47738941884109704,KXHIGHMIA-26JUL12-B94.5,bounded,0.47738941884109704,KXHIGHMIA-26JUL12-B94.5,,,1.0
,,0.23127850278045606,t_plus_16h,mia,mia:2026-07-12,,KXHIGHMIA-26JUL12,0.49735884449985684,bracket,neuralcaster_v2,,0.01579117767285775,2026-07-12T21:00:00+00:00,2026-07-12,bounded,1.0,0.6081347188528962,KXHIGHMIA-26JUL12-B94.5,bounded,0.6081347188528962,KXHIGHMIA-26JUL12-B94.5,,,1.0
,,0.1780697572917059,t_plus_17h,mia,mia:2026-07-12,,KXHIGHMIA-26JUL12,0.4154583493724897,bracket,neuralcaster_v2,,0.012723567693864738,2026-07-12T22:00:00+00:00,2026-07-12,bounded,1.0,0.6600376835046081,KXHIGHMIA-26JUL12-B94.5,bounded,0.6600376835046081,KXHIGHMIA-26JUL12-B94.5,,,1.0
,,0.17125363893289164,t_plus_18h,mia,mia:2026-07-12,,KXHIGHMIA-26JUL12,0.401959366056588,bracket,neuralcaster_v2,,0.012562448565865738,2026-07-12T23:00:00+00:00,2026-07-12,bounded,1.0,0.6690079295684012,KXHIGHMIA-26JUL12-B94.5,bounded,0.6690079295684012,KXHIGHMIA-26JUL12-B94.5,,,1.0
,,0.16012698983219845,t_plus_19h,mia,mia:2026-07-12,,KXHIGHMIA-26JUL12,0.38492762295076366,bracket,neuralcaster_v2,,0.011825412423682494,2026-07-13T00:00:00+00:00,2026-07-12,bounded,1.0,0.6804998869960791,KXHIGHMIA-26JUL12-B94.5,bounded,0.6804998869960791,KXHIGHMIA-26JUL12-B94.5,,,1.0
,,0.16217406992824962,t_plus_20h,mia,mia:2026-07-12,,KXHIGHMIA-26JUL12,0.38694754526430125,bracket,neuralcaster_v2,,0.0120609136414377,2026-07-13T01:00:00+00:00,2026-07-12,bounded,1.0,0.6791267174048122,KXHIGHMIA-26JUL12-B94.5,bounded,0.6791267174048122,KXHIGHMIA-26JUL12-B94.5,,,1.0
,,0.17286737499760313,t_plus_21h,mia,mia:2026-07-12,,KXHIGHMIA-26JUL12,0.3993292316324439,bracket,neuralcaster_v2,,0.01312164011333824,2026-07-13T02:00:00+00:00,2026-07-12,bounded,1.0,0.6707698263509986,KXHIGHMIA-26JUL12-B94.5,bounded,0.6707698263509986,KXHIGHMIA-26JUL12-B94.5,,,1.0
,,0.17678389792747382,t_plus_22h,mia,mia:2026-07-12,,KXHIGHMIA-26JUL12,0.4037507371862926,bracket,neuralcaster_v2,,0.01351653891975117,2026-07-13T03:00:00+00:00,2026-07-12,bounded,1.0,0.6678105608638907,KXHIGHMIA-26JUL12-B94.5,bounded,0.6678105608638907,KXHIGHMIA-26JUL12-B94.5,,,1.0
,,0.17885941225126084,t_plus_23h,mia,mia:2026-07-12,,KXHIGHMIA-26JUL12,0.4060711202007071,bracket,neuralcaster_v2,,0.013727099351693191,2026-07-13T04:00:00+00:00,2026-07-12,bounded,1.0,0.666262780997132,KXHIGHMIA-26JUL12-B94.5,bounded,0.666262780997132,KXHIGHMIA-26JUL12-B94.5,,,1.0
,,0.5557093109276806,t_plus_0h,nyc,nyc:2026-07-12,,KXHIGHNY-26JUL12,0.99247741751022,bracket,neuralcaster_v2,,0.05392570176997284,2026-07-12T05:00:00+00:00,2026-07-12,bounded,1.0,0.3706572797743281,KXHIGHNY-26JUL12-B84.5,bounded,0.3706572797743281,KXHIGHNY-26JUL12-B84.5,,,1.0
,,0.5739702894699196,t_plus_1h,nyc,nyc:2026-07-12,,KXHIGHNY-26JUL12,1.0316609162186419,bracket,neuralcaster_v2,,0.05723478491653498,2026-07-12T06:00:00+00:00,2026-07-12,bounded,1.0,0.3564144940729766,KXHIGHNY-26JUL12-B84.5,bounded,0.3564144940729766,KXHIGHNY-26JUL12-B84.5,,,1.0
,,0.6121233762315885,t_plus_2h,nyc,nyc:2026-07-12,,KXHIGHNY-26JUL12,1.0949728494709299,bracket,neuralcaster_v2,,0.06610110691414418,2026-07-12T07:00:00+00:00,2026-07-12,bounded,0.0,0.35495124997900224,KXHIGHNY-26JUL12-B82.5,bounded,0.3345486899992354,KXHIGHNY-26JUL12-B84.5,,,1.0
,,0.7314884884549315,t_plus_3h,nyc,nyc:2026-07-12,,KXHIGHNY-26JUL12,1.2623567299478733,bracket,neuralcaster_v2,,0.09431753284411683,2026-07-12T08:00:00+00:00,2026-07-12,bounded,0.0,0.38999783617680017,KXHIGHNY-26JUL12-B82.5,bounded,0.2829863176744238,KXHIGHNY-26JUL12-B84.5,,,1.0
,,0.731065635225148,t_plus_4h,nyc,nyc:2026-07-12,,KXHIGHNY-26JUL12,1.2622905323975004,bracket,neuralcaster_v2,,0.09422954783084847,2026-07-12T09:00:00+00:00,2026-07-12,bounded,0.0,0.38932445265138077,KXHIGHNY-26JUL12-B82.5,bounded,0.2830050512954959,KXHIGHNY-26JUL12-B84.5,,,1.0
,,0.6992766098687851,t_plus_5h,nyc,nyc:2026-07-12,,KXHIGHNY-26JUL12,1.2132309976800097,bracket,neuralcaster_v2,,0.0875590787268706,2026-07-12T10:00:00+00:00,2026-07-12,bounded,0.0,0.3827523660974121,KXHIGHNY-26JUL12-B82.5,bounded,0.29723535952916574,KXHIGHNY-26JUL12-B84.5,,,1.0
,,0.6995248192256929,t_plus_6h,nyc,nyc:2026-07-12,,KXHIGHNY-26JUL12,1.2128452484372447,bracket,neuralcaster_v2,,0.08760622296315891,2026-07-12T11:00:00+00:00,2026-07-12,bounded,0.0,0.38358661067429306,KXHIGHNY-26JUL12-B82.5,bounded,0.29735003996155,KXHIGHNY-26JUL12-B84.5,,,1.0
,,0.7017287052964807,t_plus_7h,nyc,nyc:2026-07-12,,KXHIGHNY-26JUL12,1.2155969046034834,bracket,neuralcaster_v2,,0.08806208324660615,2026-07-12T12:00:00+00:00,2026-07-12,bounded,0.0,0.3846817693035669,KXHIGHNY-26JUL12-B82.5,bounded,0.296532959568261,KXHIGHNY-26JUL12-B84.5,,,1.0
,,0.6949041082723858,t_plus_8h,nyc,nyc:2026-07-12,,KXHIGHNY-26JUL12,1.203914228708427,bracket,neuralcaster_v2,,0.08663156010787065,2026-07-12T13:00:00+00:00,2026-07-12,bounded,0.0,0.38451495107053163,KXHIGHNY-26JUL12-B82.5,bounded,0.30001757319992817,KXHIGHNY-26JUL12-B84.5,,,1.0
,,0.6891714333610797,t_plus_9h,nyc,nyc:2026-07-12,,KXHIGHNY-26JUL12,1.1912585188093718,bracket,neuralcaster_v2,,0.08540752794186898,2026-07-12T14:00:00+00:00,2026-07-12,bounded,0.0,0.387254459497439,KXHIGHNY-26JUL12-B82.5,bounded,0.30383863670603306,KXHIGHNY-26JUL12-B84.5,,,1.0
,,0.711930368663568,t_plus_10h,nyc,nyc:2026-07-12,,KXHIGHNY-26JUL12,1.2183462115760169,bracket,neuralcaster_v2,,0.09011168673879891,2026-07-12T15:00:00+00:00,2026-07-12,bounded,0.0,0.399379896390455,KXHIGHNY-26JUL12-B82.5,bounded,0.2957188191087744,KXHIGHNY-26JUL12-B84.5,,,1.0
,,0.6445288863048574,t_plus_11h,nyc,nyc:2026-07-12,,KXHIGHNY-26JUL12,1.1004434359077437,bracket,neuralcaster_v2,,0.07583365728827945,2026-07-12T16:00:00+00:00,2026-07-12,bounded,0.0,0.4004973245216535,KXHIGHNY-26JUL12-B82.5,bounded,0.33272350942920137,KXHIGHNY-26JUL12-B84.5,,,1.0
,,0.626522953187872,t_plus_12h,nyc,nyc:2026-07-12,,KXHIGHNY-26JUL12,1.0007980808275998,bracket,neuralcaster_v2,,0.06419794382279524,2026-07-12T17:00:00+00:00,2026-07-12,bounded,0.0,0.460439105102784,KXHIGHNY-26JUL12-B82.5,bounded,0.3675859607686939,KXHIGHNY-26JUL12-B84.5,,,1.0
,,0.6603051252030671,t_plus_13h,nyc,nyc:2026-07-12,,KXHIGHNY-26JUL12,0.9366652352876592,bracket,neuralcaster_v2,,0.05838294004336105,2026-07-12T18:00:00+00:00,2026-07-12,bounded,0.0,0.534376012756603,KXHIGHNY-26JUL12-B82.5,bounded,0.3919326617147669,KXHIGHNY-26JUL12-B84.5,,,1.0
,,0.40206479513372323,t_plus_14h,nyc,nyc:2026-07-12,,KXHIGHNY-26JUL12,0.7110623685073326,bracket,neuralcaster_v2,,0.029334310608670828,2026-07-12T19:00:00+00:00,2026-07-12,bounded,1.0,0.4911221674919673,KXHIGHNY-26JUL12-B84.5,bounded,0.4911221674919673,KXHIGHNY-26JUL12-B84.5,,,1.0
,,0.5724821726867677,t_plus_15h,nyc,nyc:2026-07-12,,KXHIGHNY-26JUL12,0.8426690113709586,bracket,neuralcaster_v2,,0.049900902691618815,2026-07-12T20:00:00+00:00,2026-07-12,bounded,0.0,0.4927296478044978,KXHIGHNY-26JUL12-B82.5,bounded,0.4305598194372027,KXHIGHNY-26JUL12-B84.5,,,1.0
,,0.5595144276517366,t_plus_16h,nyc,nyc:2026-07-12,,KXHIGHNY-26JUL12,0.8231411721765888,bracket,neuralcaster_v2,,0.0492211320972742,2026-07-12T21:00:00+00:00,2026-07-12,bounded,0.0,0.49015225905099696,KXHIGHNY-26JUL12-B82.5,bounded,0.43905035343519194,KXHIGHNY-26JUL12-B84.5,,,1.0
,,0.8632684464854687,t_plus_17h,nyc,nyc:2026-07-12,,KXHIGHNY-26JUL12,1.1171106564367306,bracket,neuralcaster_v2,,0.0824086834042467,2026-07-12T22:00:00+00:00,2026-07-12,bounded,0.0,0.640123392449359,KXHIGHNY-26JUL12-B82.5,bounded,0.32722389230193294,KXHIGHNY-26JUL12-B84.5,,,1.0
,,0.8851709155967565,t_plus_18h,nyc,nyc:2026-07-12,,KXHIGHNY-26JUL12,1.1318798011778748,bracket,neuralcaster_v2,,0.0854925178593515,2026-07-12T23:00:00+00:00,2026-07-12,bounded,0.0,0.6523558751481284,KXHIGHNY-26JUL12-B82.5,bounded,0.32242658851250944,KXHIGHNY-26JUL12-B84.5,,,1.0
,,0.8341653039049002,t_plus_19h,nyc,nyc:2026-07-12,,KXHIGHNY-26JUL12,1.0622946388329448,bracket,neuralcaster_v2,,0.08146840920467677,2026-07-13T00:00:00+00:00,2026-07-12,bounded,0.0,0.6370232126378196,KXHIGHNY-26JUL12-B82.5,bounded,0.3456617307850816,KXHIGHNY-26JUL12-B84.5,,,1.0
,,0.8419248083724086,t_plus_20h,nyc,nyc:2026-07-12,,KXHIGHNY-26JUL12,1.0666058093782531,bracket,neuralcaster_v2,,0.08263001641477444,2026-07-13T01:00:00+00:00,2026-07-12,bounded,0.0,0.6416303584227236,KXHIGHNY-26JUL12-B82.5,bounded,0.3441747317689968,KXHIGHNY-26JUL12-B84.5,,,1.0
,,0.8714424886904397,t_plus_21h,nyc,nyc:2026-07-12,,KXHIGHNY-26JUL12,1.0972384111641087,bracket,neuralcaster_v2,,0.08579159338981941,2026-07-13T02:00:00+00:00,2026-07-12,bounded,0.0,0.6538486919534309,KXHIGHNY-26JUL12-B82.5,bounded,0.33379160723535184,KXHIGHNY-26JUL12-B84.5,,,1.0
,,0.8816857094692486,t_plus_22h,nyc,nyc:2026-07-12,,KXHIGHNY-26JUL12,1.1080665455712773,bracket,neuralcaster_v2,,0.08688089753018127,2026-07-13T03:00:00+00:00,2026-07-12,bounded,0.0,0.6580036186107612,KXHIGHNY-26JUL12-B82.5,bounded,0.3301967646914295,KXHIGHNY-26JUL12-B84.5,,,1.0
,,0.8858251055611646,t_plus_23h,nyc,nyc:2026-07-12,,KXHIGHNY-26JUL12,1.1124574183751914,bracket,neuralcaster_v2,,0.08732125056565328,2026-07-13T04:00:00+00:00,2026-07-12,bounded,0.0,0.6596756870225389,KXHIGHNY-26JUL12-B82.5,bounded,0.32875009110155945,KXHIGHNY-26JUL12-B84.5,,,1.0
,,0.6596430982862459,t_plus_0h,okc,okc:2026-07-12,,KXHIGHTOKC-26JUL12,1.0924057059154757,bracket,neuralcaster_v2,,0.1008268534815687,2026-07-12T06:00:00+00:00,2026-07-12,bounded,0.0,0.4184782132641493,KXHIGHTOKC-26JUL12-B90.5,lower_tail,0.33540862783242054,KXHIGHTOKC-26JUL12-T90,,,1.0
,,0.5829871447086808,t_plus_1h,okc,okc:2026-07-12,,KXHIGHTOKC-26JUL12,0.979338260109509,bracket,neuralcaster_v2,,0.08880841947746855,2026-07-12T07:00:00+00:00,2026-07-12,bounded,0.0,0.395618900176367,KXHIGHTOKC-26JUL12-B90.5,lower_tail,0.3755595393692881,KXHIGHTOKC-26JUL12-T90,,,1.0
,,0.17029513735823298,t_plus_2h,okc,okc:2026-07-12,,KXHIGHTOKC-26JUL12,0.38191790892217786,bracket,neuralcaster_v2,,0.020869951894001124,2026-07-12T08:00:00+00:00,2026-07-12,lower_tail,1.0,0.6825510822596272,KXHIGHTOKC-26JUL12-T90,lower_tail,0.6825510822596272,KXHIGHTOKC-26JUL12-T90,,,1.0
,,0.005145129044213325,t_plus_3h,okc,okc:2026-07-12,,KXHIGHTOKC-26JUL12,0.05409065090850876,bracket,neuralcaster_v2,,0.0005604362947543965,2026-07-12T09:00:00+00:00,2026-07-12,lower_tail,1.0,0.9473462248132789,KXHIGHTOKC-26JUL12-T90,lower_tail,0.9473462248132789,KXHIGHTOKC-26JUL12-T90,,,1.0
,,0.004404121588669323,t_plus_4h,okc,okc:2026-07-12,,KXHIGHTOKC-26JUL12,0.05008842859766223,bracket,neuralcaster_v2,,0.00048330838782757745,2026-07-12T10:00:00+00:00,2026-07-12,lower_tail,1.0,0.9511453123356656,KXHIGHTOKC-26JUL12-T90,lower_tail,0.9511453123356656,KXHIGHTOKC-26JUL12-T90,,,1.0
,,0.004424731190172045,t_plus_5h,okc,okc:2026-07-12,,KXHIGHTOKC-26JUL12,0.05020389412438074,bracket,neuralcaster_v2,,0.00048545685248322523,2026-07-12T11:00:00+00:00,2026-07-12,lower_tail,1.0,0.9510354941814184,KXHIGHTOKC-26JUL12-T90,lower_tail,0.9510354941814184,KXHIGHTOKC-26JUL12-T90,,,1.0
,,0.06572710355866909,t_plus_6h,okc,okc:2026-07-12,,KXHIGHTOKC-26JUL12,0.21911553305536147,bracket,neuralcaster_v2,,0.008001927142982214,2026-07-12T12:00:00+00:00,2026-07-12,lower_tail,1.0,0.8032289133022072,KXHIGHTOKC-26JUL12-T90,lower_tail,0.8032289133022072,KXHIGHTOKC-26JUL12-T90,,,1.0
,,0.03820773482173604,t_plus_7h,okc,okc:2026-07-12,,KXHIGHTOKC-26JUL12,0.1622854380488492,bracket,neuralcaster_v2,,0.00463089000328743,2026-07-12T13:00:00+00:00,2026-07-12,lower_tail,1.0,0.8501984909036494,KXHIGHTOKC-26JUL12-T90,lower_tail,0.8501984909036494,KXHIGHTOKC-26JUL12-T90,,,1.0
,,0.058991819083646924,t_plus_8h,okc,okc:2026-07-12,,KXHIGHTOKC-26JUL12,0.2058831425509416,bracket,neuralcaster_v2,,0.007143277966652217,2026-07-12T14:00:00+00:00,2026-07-12,lower_tail,1.0,0.8139281842971062,KXHIGHTOKC-26JUL12-T90,lower_tail,0.8139281842971062,KXHIGHTOKC-26JUL12-T90,,,1.0
,,0.02572946314670692,t_plus_9h,okc,okc:2026-07-12,,KXHIGHTOKC-26JUL12,0.13079940052109856,bracket,neuralcaster_v2,,0.0030951507408304687,2026-07-12T15:00:00+00:00,2026-07-12,lower_tail,1.0,0.8773937614703375,KXHIGHTOKC-26JUL12-T90,lower_tail,0.8773937614703375,KXHIGHTOKC-26JUL12-T90,,,1.0
,,0.054743895551208094,t_plus_10h,okc,okc:2026-07-12,,KXHIGHTOKC-26JUL12,0.19732499287204205,bracket,neuralcaster_v2,,0.006610633337762764,2026-07-12T16:00:00+00:00,2026-07-12,lower_tail,1.0,0.820923795572774,KXHIGHTOKC-26JUL12-T90,lower_tail,0.820923795572774,KXHIGHTOKC-26JUL12-T90,,,1.0
,,0.07339604352075928,t_plus_11h,okc,okc:2026-07-12,,KXHIGHTOKC-26JUL12,0.2324556270911404,bracket,neuralcaster_v2,,0.008871464295107158,2026-07-12T17:00:00+00:00,2026-07-12,lower_tail,1.0,0.7925849178648315,KXHIGHTOKC-26JUL12-T90,lower_tail,0.7925849178648315,KXHIGHTOKC-26JUL12-T90,,,1.0
,,0.03533136805261795,t_plus_12h,okc,okc:2026-07-12,,KXHIGHTOKC-26JUL12,0.15483129663307144,bracket,neuralcaster_v2,,0.004230787294815194,2026-07-12T18:00:00+00:00,2026-07-12,lower_tail,1.0,0.8565596697953708,KXHIGHTOKC-26JUL12-T90,lower_tail,0.8565596697953708,KXHIGHTOKC-26JUL12-T90,,,1.0
,,0.05607703619454091,t_plus_13h,okc,okc:2026-07-12,,KXHIGHTOKC-26JUL12,0.19874663211059748,bracket,neuralcaster_v2,,0.006666789878575781,2026-07-12T19:00:00+00:00,2026-07-12,lower_tail,1.0,0.8197575672675017,KXHIGHTOKC-26JUL12-T90,lower_tail,0.8197575672675017,KXHIGHTOKC-26JUL12-T90,,,1.0
,,0.06886732026138466,t_plus_14h,okc,okc:2026-07-12,,KXHIGHTOKC-26JUL12,0.2222780125596111,bracket,neuralcaster_v2,,0.008138377422577527,2026-07-12T20:00:00+00:00,2026-07-12,lower_tail,1.0,0.8006927307530886,KXHIGHTOKC-26JUL12-T90,lower_tail,0.8006927307530886,KXHIGHTOKC-26JUL12-T90,,,1.0
,,0.06669798134550656,t_plus_15h,okc,okc:2026-07-12,,KXHIGHTOKC-26JUL12,0.20557874401906287,bracket,neuralcaster_v2,,0.006917383409811418,2026-07-12T21:00:00+00:00,2026-07-12,lower_tail,1.0,0.814175980553956,KXHIGHTOKC-26JUL12-T90,lower_tail,0.814175980553956,KXHIGHTOKC-26JUL12-T90,,,1.0
,,0.08397125739310694,t_plus_16h,okc,okc:2026-07-12,,KXHIGHTOKC-26JUL12,0.23515880602927827,bracket,neuralcaster_v2,,0.008803556528615027,2026-07-12T22:00:00+00:00,2026-07-12,lower_tail,1.0,0.7904453121795586,KXHIGHTOKC-26JUL12-T90,lower_tail,0.7904453121795586,KXHIGHTOKC-26JUL12-T90,,,1.0
,,0.08407749315648945,t_plus_17h,okc,okc:2026-07-12,,KXHIGHTOKC-26JUL12,0.23194689447167982,bracket,neuralcaster_v2,,0.008576730911740785,2026-07-12T23:00:00+00:00,2026-07-12,lower_tail,1.0,0.7929882342476433,KXHIGHTOKC-26JUL12-T90,lower_tail,0.7929882342476433,KXHIGHTOKC-26JUL12-T90,,,1.0
,,0.037390578387390815,t_plus_18h,okc,okc:2026-07-12,,KXHIGHTOKC-26JUL12,0.14931354273977818,bracket,neuralcaster_v2,,0.0038535447400757485,2026-07-13T00:00:00+00:00,2026-07-12,lower_tail,1.0,0.8612990185037592,KXHIGHTOKC-26JUL12-T90,lower_tail,0.8612990185037592,KXHIGHTOKC-26JUL12-T90,,,1.0
,,0.028046135339624807,t_plus_19h,okc,okc:2026-07-12,,KXHIGHTOKC-26JUL12,0.12827202581624086,bracket,neuralcaster_v2,,0.002904506769675232,2026-07-13T01:00:00+00:00,2026-07-12,lower_tail,1.0,0.879614068861773,KXHIGHTOKC-26JUL12-T90,lower_tail,0.879614068861773,KXHIGHTOKC-26JUL12-T90,,,1.0
,,0.01649067129970229,t_plus_20h,okc,okc:2026-07-12,,KXHIGHTOKC-26JUL12,0.09735165131226228,bracket,neuralcaster_v2,,0.0017269501265451404,2026-07-13T02:00:00+00:00,2026-07-12,lower_tail,1.0,0.9072369189797607,KXHIGHTOKC-26JUL12-T90,lower_tail,0.9072369189797607,KXHIGHTOKC-26JUL12-T90,,,1.0
,,0.015619997920079634,t_plus_21h,okc,okc:2026-07-12,,KXHIGHTOKC-26JUL12,0.09467618289999402,bracket,neuralcaster_v2,,0.0016379461083618602,2026-07-13T03:00:00+00:00,2026-07-12,lower_tail,1.0,0.9096674526571342,KXHIGHTOKC-26JUL12-T90,lower_tail,0.9096674526571342,KXHIGHTOKC-26JUL12-T90,,,1.0
,,0.015017027103929114,t_plus_22h,okc,okc:2026-07-12,,KXHIGHTOKC-26JUL12,0.09278366843186656,bracket,neuralcaster_v2,,0.0015762759678775128,2026-07-13T04:00:00+00:00,2026-07-12,lower_tail,1.0,0.9113906415381008,KXHIGHTOKC-26JUL12-T90,lower_tail,0.9113906415381008,KXHIGHTOKC-26JUL12-T90,,,1.0
,,0.01476651873422107,t_plus_23h,okc,okc:2026-07-12,,KXHIGHTOKC-26JUL12,0.09198731831521645,bracket,neuralcaster_v2,,0.0015506465850020617,2026-07-13T05:00:00+00:00,2026-07-12,lower_tail,1.0,0.9121167166484314,KXHIGHTOKC-26JUL12-T90,lower_tail,0.9121167166484314,KXHIGHTOKC-26JUL12-T90,,,1.0
,,0.7293218005539173,t_plus_0h,aus,aus:2026-07-13,,KXHIGHAUS-26JUL13,1.1782524674437842,bracket,neuralcaster_v2,,0.09033999335642072,2026-07-13T06:00:00+00:00,2026-07-13,bounded,0.0,0.4725245647335389,KXHIGHAUS-26JUL13-B91.5,bounded,0.3078161876687662,KXHIGHAUS-26JUL13-B93.5,,,1.0
,,0.5709396844843351,t_plus_1h,aus,aus:2026-07-13,,KXHIGHAUS-26JUL13,0.9590922330305038,bracket,neuralcaster_v2,,0.060549265154710416,2026-07-13T07:00:00+00:00,2026-07-13,bounded,0.0,0.4151339004985949,KXHIGHAUS-26JUL13-B91.5,bounded,0.3832406212972961,KXHIGHAUS-26JUL13-B93.5,,,1.0
,,0.47486756757676557,t_plus_2h,aus,aus:2026-07-13,,KXHIGHAUS-26JUL13,0.8430063503108524,bracket,neuralcaster_v2,,0.042070862446475385,2026-07-13T08:00:00+00:00,2026-07-13,bounded,1.0,0.4304145993397269,KXHIGHAUS-26JUL13-B93.5,bounded,0.4304145993397269,KXHIGHAUS-26JUL13-B93.5,,,1.0
,,0.7821958458763723,t_plus_3h,aus,aus:2026-07-13,,KXHIGHAUS-26JUL13,1.2817163645682668,bracket,neuralcaster_v2,,0.10133823473284642,2026-07-13T09:00:00+00:00,2026-07-13,bounded,0.0,0.4747999248389811,KXHIGHAUS-26JUL13-B91.5,bounded,0.27756049638389674,KXHIGHAUS-26JUL13-B93.5,,,1.0
,,0.5948194648254302,t_plus_4h,aus,aus:2026-07-13,,KXHIGHAUS-26JUL13,0.9701889769427807,bracket,neuralcaster_v2,,0.06445927656692782,2026-07-13T10:00:00+00:00,2026-07-13,bounded,0.0,0.43961635138421556,KXHIGHAUS-26JUL13-B91.5,bounded,0.37901140691833235,KXHIGHAUS-26JUL13-B93.5,,,1.0
,,0.3904942730930162,t_plus_5h,aus,aus:2026-07-13,,KXHIGHAUS-26JUL13,0.7383377008337034,bracket,neuralcaster_v2,,0.030402754357428407,2026-07-13T11:00:00+00:00,2026-07-13,bounded,1.0,0.4779076811402167,KXHIGHAUS-26JUL13-B93.5,bounded,0.4779076811402167,KXHIGHAUS-26JUL13-B93.5,,,1.0
,,0.3637991635981818,t_plus_6h,aus,aus:2026-07-13,,KXHIGHAUS-26JUL13,0.708684998791781,bracket,neuralcaster_v2,,0.027295931449541927,2026-07-13T12:00:00+00:00,2026-07-13,bounded,1.0,0.4922911354435292,KXHIGHAUS-26JUL13-B93.5,bounded,0.4922911354435292,KXHIGHAUS-26JUL13-B93.5,,,1.0
,,0.4176534738788208,t_plus_7h,aus,aus:2026-07-13,,KXHIGHAUS-26JUL13,0.7563350526253375,bracket,neuralcaster_v2,,0.03475344159628942,2026-07-13T13:00:00+00:00,2026-07-13,bounded,1.0,0.4693835445044203,KXHIGHAUS-26JUL13-B93.5,bounded,0.4693835445044203,KXHIGHAUS-26JUL13-B93.5,,,1.0
,,0.43357073185598666,t_plus_8h,aus,aus:2026-07-13,,KXHIGHAUS-26JUL13,0.7622641007200148,bracket,neuralcaster_v2,,0.037831392432506064,2026-07-13T14:00:00+00:00,2026-07-13,bounded,1.0,0.4666087808762802,KXHIGHAUS-26JUL13-B93.5,bounded,0.4666087808762802,KXHIGHAUS-26JUL13-B93.5,,,1.0
,,0.31696841195305875,t_plus_9h,aus,aus:2026-07-13,,KXHIGHAUS-26JUL13,0.6381905299821772,bracket,neuralcaster_v2,,0.023209840964217198,2026-07-13T15:00:00+00:00,2026-07-13,bounded,1.0,0.5282474076214901,KXHIGHAUS-26JUL13-B93.5,bounded,0.5282474076214901,KXHIGHAUS-26JUL13-B93.5,,,1.0
,,0.294330898171456,t_plus_10h,aus,aus:2026-07-13,,KXHIGHAUS-26JUL13,0.5995871753064375,bracket,neuralcaster_v2,,0.02151717269932732,2026-07-13T16:00:00+00:00,2026-07-13,bounded,1.0,0.5490382458613561,KXHIGHAUS-26JUL13-B93.5,bounded,0.5490382458613561,KXHIGHAUS-26JUL13-B93.5,,,1.0
,,0.33051622489293914,t_plus_11h,aus,aus:2026-07-13,,KXHIGHAUS-26JUL13,0.6231450181472574,bracket,neuralcaster_v2,,0.027607875684395607,2026-07-13T17:00:00+00:00,2026-07-13,bounded,1.0,0.5362552502310115,KXHIGHAUS-26JUL13-B93.5,bounded,0.5362552502310115,KXHIGHAUS-26JUL13-B93.5,,,1.0
,,0.33933693205157744,t_plus_12h,aus,aus:2026-07-13,,KXHIGHAUS-26JUL13,0.6215572727134088,bracket,neuralcaster_v2,,0.02971169617126928,2026-07-13T18:00:00+00:00,2026-07-13,bounded,1.0,0.537107363346287,KXHIGHAUS-26JUL13-B93.5,bounded,0.537107363346287,KXHIGHAUS-26JUL13-B93.5,,,1.0
,,0.28602103664013734,t_plus_13h,aus,aus:2026-07-13,,KXHIGHAUS-26JUL13,0.5459079019252384,bracket,neuralcaster_v2,,0.024667243573226288,2026-07-13T19:00:00+00:00,2026-07-13,bounded,1.0,0.5793155827738169,KXHIGHAUS-26JUL13-B93.5,bounded,0.5793155827738169,KXHIGHAUS-26JUL13-B93.5,,,1.0
,,0.23834951951646963,t_plus_14h,aus,aus:2026-07-13,,KXHIGHAUS-26JUL13,0.4720772597895402,bracket,neuralcaster_v2,,0.019621667633094364,2026-07-13T20:00:00+00:00,2026-07-13,bounded,1.0,0.623705323714187,KXHIGHAUS-26JUL13-B93.5,bounded,0.623705323714187,KXHIGHAUS-26JUL13-B93.5,,,1.0
,,0.14016569191783512,t_plus_15h,aus,aus:2026-07-13,,KXHIGHAUS-26JUL13,0.3467475987246131,bracket,neuralcaster_v2,,0.011005311514753,2026-07-13T21:00:00+00:00,2026-07-13,bounded,1.0,0.7069837493399591,KXHIGHAUS-26JUL13-B93.5,bounded,0.7069837493399591,KXHIGHAUS-26JUL13-B93.5,,,1.0
,,0.09285453098438946,t_plus_16h,aus,aus:2026-07-13,,KXHIGHAUS-26JUL13,0.28040686744948906,bracket,neuralcaster_v2,,0.006741025168297753,2026-07-13T22:00:00+00:00,2026-07-13,bounded,1.0,0.7554763002006349,KXHIGHAUS-26JUL13-B93.5,bounded,0.7554763002006349,KXHIGHAUS-26JUL13-B93.5,,,1.0
,,0.08489802240123147,t_plus_17h,aus,aus:2026-07-13,,KXHIGHAUS-26JUL13,0.2684891672043443,bracket,neuralcaster_v2,,0.006017491503541829,2026-07-13T23:00:00+00:00,2026-07-13,bounded,1.0,0.764533704802389,KXHIGHAUS-26JUL13-B93.5,bounded,0.764533704802389,KXHIGHAUS-26JUL13-B93.5,,,1.0
,,0.11445875465796564,t_plus_18h,aus,aus:2026-07-13,,KXHIGHAUS-26JUL13,0.3116774429433765,bracket,neuralcaster_v2,,0.008685534994148338,2026-07-14T00:00:00+00:00,2026-07-13,bounded,1.0,0.7322176721184523,KXHIGHAUS-26JUL13-B93.5,bounded,0.7322176721184523,KXHIGHAUS-26JUL13-B93.5,,,1.0
,,0.12503546696681012,t_plus_19h,aus,aus:2026-07-13,,KXHIGHAUS-26JUL13,0.3263628978132807,bracket,neuralcaster_v2,,0.009638278221144726,2026-07-14T01:00:00+00:00,2026-07-13,bounded,1.0,0.7215432934308365,KXHIGHAUS-26JUL13-B93.5,bounded,0.7215432934308365,KXHIGHAUS-26JUL13-B93.5,,,1.0
,,0.12670961068547537,t_plus_20h,aus,aus:2026-07-13,,KXHIGHAUS-26JUL13,0.32865301046744755,bracket,neuralcaster_v2,,0.009789285582805967,2026-07-14T02:00:00+00:00,2026-07-13,bounded,1.0,0.7198927686692066,KXHIGHAUS-26JUL13-B93.5,bounded,0.7198927686692066,KXHIGHAUS-26JUL13-B93.5,,,1.0
,,0.12819509065540127,t_plus_21h,aus,aus:2026-07-13,,KXHIGHAUS-26JUL13,0.33067753631695107,bracket,neuralcaster_v2,,0.009923326375691969,2026-07-14T03:00:00+00:00,2026-07-13,bounded,1.0,0.7184368014690797,KXHIGHAUS-26JUL13-B93.5,bounded,0.7184368014690797,KXHIGHAUS-26JUL13-B93.5,,,1.0
,,0.13015167458440402,t_plus_22h,aus,aus:2026-07-13,,KXHIGHAUS-26JUL13,0.33333353691217066,bracket,neuralcaster_v2,,0.010099951313898566,2026-07-14T04:00:00+00:00,2026-07-13,bounded,1.0,0.716531164703193,KXHIGHAUS-26JUL13-B93.5,bounded,0.716531164703193,KXHIGHAUS-26JUL13-B93.5,,,1.0
,,0.12994153216706955,t_plus_23h,aus,aus:2026-07-13,,KXHIGHAUS-26JUL13,0.33304884536730117,bracket,neuralcaster_v2,,0.01008097720726975,2026-07-14T05:00:00+00:00,2026-07-13,bounded,1.0,0.7167351841073412,KXHIGHAUS-26JUL13-B93.5,bounded,0.7167351841073412,KXHIGHAUS-26JUL13-B93.5,,,1.0
,,0.43772901435642547,t_plus_0h,den,den:2026-07-13,,KXHIGHDEN-26JUL13,0.7893551548259017,bracket,neuralcaster_v2,,0.036312818945596195,2026-07-13T07:00:00+00:00,2026-07-13,bounded,1.0,0.45413754928874284,KXHIGHDEN-26JUL13-B97.5,bounded,0.45413754928874284,KXHIGHDEN-26JUL13-B97.5,,,1.0
,,0.3643498043071946,t_plus_1h,den,den:2026-07-13,,KXHIGHDEN-26JUL13,0.7102087705895949,bracket,neuralcaster_v2,,0.02730173366814862,2026-07-13T08:00:00+00:00,2026-07-13,bounded,1.0,0.49154156732544,KXHIGHDEN-26JUL13-B97.5,bounded,0.49154156732544,KXHIGHDEN-26JUL13-B97.5,,,1.0
,,0.5748347469803652,t_plus_2h,den,den:2026-07-13,,KXHIGHDEN-26JUL13,0.9427501284177754,bracket,neuralcaster_v2,,0.060340772938189804,2026-07-13T09:00:00+00:00,2026-07-13,bounded,0.0,0.4325043152327005,KXHIGHDEN-26JUL13-B95.5,bounded,0.3895550344939508,KXHIGHDEN-26JUL13-B97.5,,,1.0
,,0.6382263613453362,t_plus_3h,den,den:2026-07-13,,KXHIGHDEN-26JUL13,1.0323633213826868,bracket,neuralcaster_v2,,0.07374062337518847,2026-07-13T10:00:00+00:00,2026-07-13,bounded,0.0,0.4526129233276609,KXHIGHDEN-26JUL13-B95.5,bounded,0.35616423459386376,KXHIGHDEN-26JUL13-B97.5,,,1.0
,,0.6260149466190332,t_plus_4h,den,den:2026-07-13,,KXHIGHDEN-26JUL13,1.0115978639620113,bracket,neuralcaster_v2,,0.07097046883617066,2026-07-13T11:00:00+00:00,2026-07-13,bounded,0.0,0.4512364233650077,KXHIGHDEN-26JUL13-B95.5,bounded,0.3636374718985865,KXHIGHDEN-26JUL13-B97.5,,,1.0
,,0.777289819311095,t_plus_5h,den,den:2026-07-13,,KXHIGHDEN-26JUL13,1.2569923923186124,bracket,neuralcaster_v2,,0.09858796484008629,2026-07-13T12:00:00+00:00,2026-07-13,bounded,0.0,0.48412594950510074,KXHIGHDEN-26JUL13-B95.5,bounded,0.2845084307410499,KXHIGHDEN-26JUL13-B97.5,,,1.0
,,0.7691886015489483,t_plus_6h,den,den:2026-07-13,,KXHIGHDEN-26JUL13,1.2418322759263394,bracket,neuralcaster_v2,,0.09700337386624397,2026-07-13T13:00:00+00:00,2026-07-13,bounded,0.0,0.48322036726982937,KXHIGHDEN-26JUL13-B95.5,bounded,0.2888544716719314,KXHIGHDEN-26JUL13-B97.5,,,1.0
,,0.8371845649816965,t_plus_7h,den,den:2026-07-13,,KXHIGHDEN-26JUL13,1.3635998720838998,bracket,neuralcaster_v2,,0.10935648850299115,2026-07-13T14:00:00+00:00,2026-07-13,bounded,0.0,0.49626470127922895,KXHIGHDEN-26JUL13-B95.5,bounded,0.25573849203742693,KXHIGHDEN-26JUL13-B97.5,,,1.0
,,0.9020818819838002,t_plus_8h,den,den:2026-07-13,,KXHIGHDEN-26JUL13,1.4779120241267594,bracket,neuralcaster_v2,,0.12015266660304924,2026-07-13T15:00:00+00:00,2026-07-13,bounded,0.0,0.5141042733110628,KXHIGHDEN-26JUL13-B95.5,bounded,0.2281134869400921,KXHIGHDEN-26JUL13-B97.5,,,1.0
,,0.876340289841139,t_plus_9h,den,den:2026-07-13,,KXHIGHDEN-26JUL13,1.4094789179182416,bracket,neuralcaster_v2,,0.11352099403773044,2026-07-13T16:00:00+00:00,2026-07-13,bounded,0.0,0.5190727182123254,KXHIGHDEN-26JUL13-B95.5,bounded,0.24427053499511792,KXHIGHDEN-26JUL13-B97.5,,,1.0
,,0.7785475181911704,t_plus_10h,den,den:2026-07-13,,KXHIGHDEN-26JUL13,1.1928954632621422,bracket,neuralcaster_v2,,0.09172121438604505,2026-07-13T17:00:00+00:00,2026-07-13,bounded,0.0,0.5229411006655951,KXHIGHDEN-26JUL13-B95.5,bounded,0.30334167659415967,KXHIGHDEN-26JUL13-B97.5,,,1.0
,,0.8010634291649816,t_plus_11h,den,den:2026-07-13,,KXHIGHDEN-26JUL13,1.1755526045598457,bracket,neuralcaster_v2,,0.09035502070935685,2026-07-13T18:00:00+00:00,2026-07-13,bounded,0.0,0.558136317311978,KXHIGHDEN-26JUL13-B95.5,bounded,0.3086483720552968,KXHIGHDEN-26JUL13-B97.5,,,1.0
,,0.7629995138577987,t_plus_12h,den,den:2026-07-13,,KXHIGHDEN-26JUL13,1.0606198367566566,bracket,neuralcaster_v2,,0.08102112080595343,2026-07-13T19:00:00+00:00,2026-07-13,bounded,0.0,0.57624270855794,KXHIGHDEN-26JUL13-B95.5,bounded,0.3462411308242552,KXHIGHDEN-26JUL13-B97.5,,,1.0
,,0.8140777662847164,t_plus_13h,den,den:2026-07-13,,KXHIGHDEN-26JUL13,1.119126826092818,bracket,neuralcaster_v2,,0.08741318314372434,2026-07-13T20:00:00+00:00,2026-07-13,bounded,0.0,0.5973086313900517,KXHIGHDEN-26JUL13-B95.5,bounded,0.3265648180455435,KXHIGHDEN-26JUL13-B97.5,,,1.0
,,0.8489878592912153,t_plus_14h,den,den:2026-07-13,,KXHIGHDEN-26JUL13,1.167233871317631,bracket,neuralcaster_v2,,0.0922321824127758,2026-07-13T21:00:00+00:00,2026-07-13,bounded,0.0,0.6083022945692249,KXHIGHDEN-26JUL13-B95.5,bounded,0.3112266446406949,KXHIGHDEN-26JUL13-B97.5,,,1.0
,,0.1724171139719227,t_plus_15h,den,den:2026-07-13,,KXHIGHDEN-26JUL13,0.39881721062632136,bracket,neuralcaster_v2,,0.013076450359390776,2026-07-13T22:00:00+00:00,2026-07-13,bounded,1.0,0.6711133625337291,KXHIGHDEN-26JUL13-B97.5,bounded,0.6711133625337291,KXHIGHDEN-26JUL13-B97.5,,,1.0
,,0.17195069201152627,t_plus_16h,den,den:2026-07-13,,KXHIGHDEN-26JUL13,0.398285987730433,bracket,neuralcaster_v2,,0.013029685207312902,2026-07-13T23:00:00+00:00,2026-07-13,bounded,1.0,0.6714699680277592,KXHIGHDEN-26JUL13-B97.5,bounded,0.6714699680277592,KXHIGHDEN-26JUL13-B97.5,,,1.0
,,0.15066385054884765,t_plus_17h,den,den:2026-07-13,,KXHIGHDEN-26JUL13,0.37303221430248484,bracket,neuralcaster_v2,,0.010952352383567988,2026-07-14T00:00:00+00:00,2026-07-13,bounded,1.0,0.6886430483311654,KXHIGHDEN-26JUL13-B97.5,bounded,0.6886430483311654,KXHIGHDEN-26JUL13-B97.5,,,1.0
,,0.1573347597077807,t_plus_18h,den,den:2026-07-13,,KXHIGHDEN-26JUL13,0.381179926351503,bracket,neuralcaster_v2,,0.011590096404605673,2026-07-14T01:00:00+00:00,2026-07-13,bounded,1.0,0.6830549789725566,KXHIGHDEN-26JUL13-B97.5,bounded,0.6830549789725566,KXHIGHDEN-26JUL13-B97.5,,,1.0
,,0.17062037703518093,t_plus_19h,den,den:2026-07-13,,KXHIGHDEN-26JUL13,0.39676619160048193,bracket,neuralcaster_v2,,0.012896566031881388,2026-07-14T02:00:00+00:00,2026-07-13,bounded,1.0,0.6724912413535938,KXHIGHDEN-26JUL13-B97.5,bounded,0.6724912413535938,KXHIGHDEN-26JUL13-B97.5,,,1.0
,,0.1750285121717023,t_plus_20h,den,den:2026-07-13,,KXHIGHDEN-26JUL13,0.4017760789933705,bracket,neuralcaster_v2,,0.013339145566984793,2026-07-14T03:00:00+00:00,2026-07-13,bounded,1.0,0.6691305613051431,KXHIGHDEN-26JUL13-B97.5,bounded,0.6691305613051431,KXHIGHDEN-26JUL13-B97.5,,,1.0
,,0.17928984639930323,t_plus_21h,den,den:2026-07-13,,KXHIGHDEN-26JUL13,0.4065504222597657,bracket,neuralcaster_v2,,0.013770875462029222,2026-07-14T04:00:00+00:00,2026-07-13,bounded,1.0,0.6659435163925292,KXHIGHDEN-26JUL13-B97.5,bounded,0.6659435163925292,KXHIGHDEN-26JUL13-B97.5,,,1.0
,,0.18624544701644902,t_plus_22h,den,den:2026-07-13,,KXHIGHDEN-26JUL13,0.4142082859590655,bracket,neuralcaster_v2,,0.014483249412984992,2026-07-14T05:00:00+00:00,2026-07-13,bounded,1.0,0.660863288385955,KXHIGHDEN-26JUL13-B97.5,bounded,0.660863288385955,KXHIGHDEN-26JUL13-B97.5,,,1.0
,,0.18733952266789092,t_plus_23h,den,den:2026-07-13,,KXHIGHDEN-26JUL13,0.4153983861715118,bracket,neuralcaster_v2,,0.014596125014005618,2026-07-14T06:00:00+00:00,2026-07-13,bounded,1.0,0.6600772626635117,KXHIGHDEN-26JUL13-B97.5,bounded,0.6600772626635117,KXHIGHDEN-26JUL13-B97.5,,,1.0
,,0.7992870750851638,t_plus_0h,la,la:2026-07-13,,KXHIGHLAX-26JUL13,1.1725764623767443,bracket,neuralcaster_v2,,0.06590053550419325,2026-07-13T08:00:00+00:00,2026-07-13,upper_tail,0.0,0.557730333114396,KXHIGHLAX-26JUL13-T76,bounded,0.3095683217666555,KXHIGHLAX-26JUL13-B75.5,,,1.0
,,1.2078125368808488,t_plus_1h,la,la:2026-07-13,,KXHIGHLAX-26JUL13,1.6232358300819516,bracket,neuralcaster_v2,,0.1128655753282981,2026-07-13T09:00:00+00:00,2026-07-13,upper_tail,0.0,0.7492548737766704,KXHIGHLAX-26JUL13-T76,bounded,0.19725936746203607,KXHIGHLAX-26JUL13-B75.5,,,1.0
,,1.3968988962005124,t_plus_2h,la,la:2026-07-13,,KXHIGHLAX-26JUL13,1.9330609208955867,bracket,neuralcaster_v2,,0.13312253230847568,2026-07-13T10:00:00+00:00,2026-07-13,upper_tail,0.0,0.8148386307917519,KXHIGHLAX-26JUL13-T76,bounded,0.14470459060060328,KXHIGHLAX-26JUL13-B75.5,,,1.0
,,1.4249411560078162,t_plus_3h,la,la:2026-07-13,,KXHIGHLAX-26JUL13,1.9845201489466466,bracket,neuralcaster_v2,,0.13623453442130384,2026-07-13T11:00:00+00:00,2026-07-13,upper_tail,0.0,0.8244430567489458,KXHIGHLAX-26JUL13-T76,bounded,0.13744655216830506,KXHIGHLAX-26JUL13-B75.5,,,1.0
,,1.662942969418095,t_plus_4h,la,la:2026-07-13,,KXHIGHLAX-26JUL13,2.564185239605994,bracket,neuralcaster_v2,,0.16222364807441605,2026-07-13T12:00:00+00:00,2026-07-13,upper_tail,0.0,0.9003274159094995,KXHIGHLAX-26JUL13-T76,bounded,0.07698187768215109,KXHIGHLAX-26JUL13-B75.5,,,1.0
,,1.0547544117961918,t_plus_5h,la,la:2026-07-13,,KXHIGHLAX-26JUL13,1.4248896129364674,bracket,neuralcaster_v2,,0.09593178563798202,2026-07-13T13:00:00+00:00,2026-07-13,upper_tail,0.0,0.6888418090126622,KXHIGHLAX-26JUL13-T76,bounded,0.2405350136967387,KXHIGHLAX-26JUL13-B75.5,,,1.0
,,0.958148265257743,t_plus_6h,la,la:2026-07-13,,KXHIGHLAX-26JUL13,1.317147730135989,bracket,neuralcaster_v2,,0.08499874841268346,2026-07-13T14:00:00+00:00,2026-07-13,upper_tail,0.0,0.645949014641469,KXHIGHLAX-26JUL13-T76,bounded,0.2678983316031823,KXHIGHLAX-26JUL13-B75.5,,,1.0
,,1.2737826819824942,t_plus_7h,la,la:2026-07-13,,KXHIGHLAX-26JUL13,1.7154006313872279,bracket,neuralcaster_v2,,0.12029633445487464,2026-07-13T15:00:00+00:00,2026-07-13,upper_tail,0.0,0.7741825189569408,KXHIGHLAX-26JUL13-T76,bounded,0.17989163603868794,KXHIGHLAX-26JUL13-B75.5,,,1.0
,,1.0570200042296747,t_plus_8h,la,la:2026-07-13,,KXHIGHLAX-26JUL13,1.4191093964954746,bracket,neuralcaster_v2,,0.09672177871814477,2026-07-13T16:00:00+00:00,2026-07-13,upper_tail,0.0,0.6922187156968302,KXHIGHLAX-26JUL13-T76,bounded,0.24192938413675175,KXHIGHLAX-26JUL13-B75.5,,,1.0
,,1.0489154666306104,t_plus_9h,la,la:2026-07-13,,KXHIGHLAX-26JUL13,1.4048135586733035,bracket,neuralcaster_v2,,0.09612108078406505,2026-07-13T17:00:00+00:00,2026-07-13,upper_tail,0.0,0.6902007563125401,KXHIGHLAX-26JUL13-T76,bounded,0.24541280727724873,KXHIGHLAX-26JUL13-B75.5,,,1.0
,,0.9515573032318335,t_plus_10h,la,la:2026-07-13,,KXHIGHLAX-26JUL13,1.2734429406886543,bracket,neuralcaster_v2,,0.08667122788670943,2026-07-13T18:00:00+00:00,2026-07-13,upper_tail,0.0,0.655063428655095,KXHIGHLAX-26JUL13-T76,bounded,0.2798663977191593,KXHIGHLAX-26JUL13-B75.5,,,1.0
,,0.919561011632039,t_plus_11h,la,la:2026-07-13,,KXHIGHLAX-26JUL13,1.2349682378142564,bracket,neuralcaster_v2,,0.08341211200527555,2026-07-13T19:00:00+00:00,2026-07-13,upper_tail,0.0,0.6423240056110348,KXHIGHLAX-26JUL13-T76,bounded,0.29084400006229855,KXHIGHLAX-26JUL13-B75.5,,,1.0
,,0.8880340724421374,t_plus_12h,la,la:2026-07-13,,KXHIGHLAX-26JUL13,1.1044588086987965,bracket,neuralcaster_v2,,0.08820482452374506,2026-07-13T20:00:00+00:00,2026-07-13,upper_tail,0.0,0.6640704786505028,KXHIGHLAX-26JUL13-T76,bounded,0.3313901792029159,KXHIGHLAX-26JUL13-B75.5,,,1.0
,,0.8232145518092367,t_plus_13h,la,la:2026-07-13,,KXHIGHLAX-26JUL13,1.032707960627372,bracket,neuralcaster_v2,,0.08171254070479,2026-07-13T21:00:00+00:00,2026-07-13,upper_tail,0.0,0.6391602017917044,KXHIGHLAX-26JUL13-T76,bounded,0.3560415075705585,KXHIGHLAX-26JUL13-B75.5,,,1.0
,,0.16682256905124832,t_plus_14h,la,la:2026-07-13,,KXHIGHLAX-26JUL13,0.3818199297542542,bracket,neuralcaster_v2,,0.013301069439088566,2026-07-13T22:00:00+00:00,2026-07-13,bounded,1.0,0.6826179613230564,KXHIGHLAX-26JUL13-B75.5,bounded,0.6826179613230564,KXHIGHLAX-26JUL13-B75.5,,,1.0
,,0.15684105817236083,t_plus_15h,la,la:2026-07-13,,KXHIGHLAX-26JUL13,0.36592264417758175,bracket,neuralcaster_v2,,0.012662242800067332,2026-07-13T23:00:00+00:00,2026-07-13,bounded,1.0,0.69355644976428,KXHIGHLAX-26JUL13-B75.5,bounded,0.69355644976428,KXHIGHLAX-26JUL13-B75.5,,,1.0
,,0.1588976225894151,t_plus_16h,la,la:2026-07-13,,KXHIGHLAX-26JUL13,0.3659226441775819,bracket,neuralcaster_v2,,0.013067054025514335,2026-07-14T00:00:00+00:00,2026-07-13,bounded,1.0,0.6935564497642799,KXHIGHLAX-26JUL13-B75.5,bounded,0.6935564497642799,KXHIGHLAX-26JUL13-B75.5,,,1.0
,,0.21642284138896553,t_plus_17h,la,la:2026-07-13,,KXHIGHLAX-26JUL13,0.4088707355364046,bracket,neuralcaster_v2,,0.02077578735846711,2026-07-14T01:00:00+00:00,2026-07-13,bounded,1.0,0.6644001100954693,KXHIGHLAX-26JUL13-B75.5,bounded,0.6644001100954693,KXHIGHLAX-26JUL13-B75.5,,,1.0
,,0.07658193713280995,t_plus_18h,la,la:2026-07-13,,KXHIGHLAX-26JUL13,0.25665288687871973,bracket,neuralcaster_v2,,0.0051891888992343805,2026-07-14T02:00:00+00:00,2026-07-13,bounded,1.0,0.773636706616028,KXHIGHLAX-26JUL13-B75.5,bounded,0.773636706616028,KXHIGHLAX-26JUL13-B75.5,,,1.0
,,0.09349494462628735,t_plus_19h,la,la:2026-07-13,,KXHIGHLAX-26JUL13,0.2813588415390992,bracket,neuralcaster_v2,,0.0067655598226821125,2026-07-14T03:00:00+00:00,2026-07-13,bounded,1.0,0.754757448555888,KXHIGHLAX-26JUL13-B75.5,bounded,0.754757448555888,KXHIGHLAX-26JUL13-B75.5,,,1.0
,,0.10302878631848818,t_plus_20h,la,la:2026-07-13,,KXHIGHLAX-26JUL13,0.2953539646243108,bracket,neuralcaster_v2,,0.007617359292468486,2026-07-14T04:00:00+00:00,2026-07-13,bounded,1.0,0.7442680962582987,KXHIGHLAX-26JUL13-B75.5,bounded,0.7442680962582987,KXHIGHLAX-26JUL13-B75.5,,,1.0
,,0.10608644164128403,t_plus_21h,la,la:2026-07-13,,KXHIGHLAX-26JUL13,0.2997690514428692,bracket,neuralcaster_v2,,0.00789036984248268,2026-07-14T05:00:00+00:00,2026-07-13,bounded,1.0,0.7409893313389997,KXHIGHLAX-26JUL13-B75.5,bounded,0.7409893313389997,KXHIGHLAX-26JUL13-B75.5,,,1.0
,,0.10935492530595117,t_plus_22h,la,la:2026-07-13,,KXHIGHLAX-26JUL13,0.30444912157652765,bracket,neuralcaster_v2,,0.008182292121545916,2026-07-14T06:00:00+00:00,2026-07-13,bounded,1.0,0.7375295516208813,KXHIGHLAX-26JUL13-B75.5,bounded,0.7375295516208813,KXHIGHLAX-26JUL13-B75.5,,,1.0
,,0.10833418701760573,t_plus_23h,la,la:2026-07-13,,KXHIGHLAX-26JUL13,0.3029918886155447,bracket,neuralcaster_v2,,0.008091111795753383,2026-07-14T07:00:00+00:00,2026-07-13,bounded,1.0,0.7386050874560095,KXHIGHLAX-26JUL13-B75.5,bounded,0.7386050874560095,KXHIGHLAX-26JUL13-B75.5,,,1.0
,,0.5108363721015672,t_plus_0h,mia,mia:2026-07-13,,KXHIGHMIA-26JUL13,0.9201569215078798,bracket,neuralcaster_v2,,0.04570059420367416,2026-07-13T05:00:00+00:00,2026-07-13,bounded,1.0,0.39845650978204983,KXHIGHMIA-26JUL13-B92.5,bounded,0.39845650978204983,KXHIGHMIA-26JUL13-B92.5,,,1.0
,,0.588184194366421,t_plus_1h,mia,mia:2026-07-13,,KXHIGHMIA-26JUL13,1.015497797583131,bracket,neuralcaster_v2,,0.0654380263661039,2026-07-13T06:00:00+00:00,2026-07-13,bounded,0.0,0.3970852738049435,KXHIGHMIA-26JUL13-B94.5,bounded,0.3622220716734512,KXHIGHMIA-26JUL13-B92.5,,,1.0
,,0.7157349578809878,t_plus_2h,mia,mia:2026-07-13,,KXHIGHMIA-26JUL13,1.1887832545603958,bracket,neuralcaster_v2,,0.0918970262779,2026-07-13T07:00:00+00:00,2026-07-13,bounded,0.0,0.4465108596159376,KXHIGHMIA-26JUL13-B94.5,bounded,0.3045916491888967,KXHIGHMIA-26JUL13-B92.5,,,1.0
,,0.8004429137409231,t_plus_3h,mia,mia:2026-07-13,,KXHIGHMIA-26JUL13,1.320191978281289,bracket,neuralcaster_v2,,0.10536038132064474,2026-07-13T08:00:00+00:00,2026-07-13,bounded,0.0,0.4745425008844317,KXHIGHMIA-26JUL13-B94.5,bounded,0.26708402271211634,KXHIGHMIA-26JUL13-B92.5,,,1.0
,,0.8453948719045251,t_plus_4h,mia,mia:2026-07-13,,KXHIGHMIA-26JUL13,1.387120091095686,bracket,neuralcaster_v2,,0.11177453391407344,2026-07-13T09:00:00+00:00,2026-07-13,bounded,0.0,0.49298542707902127,KXHIGHMIA-26JUL13-B94.5,bounded,0.24979365271134646,KXHIGHMIA-26JUL13-B92.5,,,1.0
,,0.8988854624064381,t_plus_5h,mia,mia:2026-07-13,,KXHIGHMIA-26JUL13,1.4701029534822374,bracket,neuralcaster_v2,,0.11941098355140176,2026-07-13T10:00:00+00:00,2026-07-13,bounded,0.0,0.5142925286242375,KXHIGHMIA-26JUL13-B94.5,bounded,0.22990181477586524,KXHIGHMIA-26JUL13-B92.5,,,1.0
,,0.904587987610525,t_plus_6h,mia,mia:2026-07-13,,KXHIGHMIA-26JUL13,1.4522857150165656,bracket,neuralcaster_v2,,0.11746513496587714,2026-07-13T11:00:00+00:00,2026-07-13,bounded,0.0,0.5303539112567097,KXHIGHMIA-26JUL13-B94.5,bounded,0.2340347395526969,KXHIGHMIA-26JUL13-B92.5,,,1.0
,,0.6897441779066659,t_plus_7h,mia,mia:2026-07-13,,KXHIGHMIA-26JUL13,1.0599118249156754,bracket,neuralcaster_v2,,0.07762191639192385,2026-07-13T12:00:00+00:00,2026-07-13,bounded,0.0,0.4984627650545393,KXHIGHMIA-26JUL13-B94.5,bounded,0.3464863604472078,KXHIGHMIA-26JUL13-B92.5,,,1.0
,,0.6003381342121203,t_plus_8h,mia,mia:2026-07-13,,KXHIGHMIA-26JUL13,0.9280628506785261,bracket,neuralcaster_v2,,0.06397355387458939,2026-07-13T13:00:00+00:00,2026-07-13,bounded,0.0,0.47536950331459293,KXHIGHMIA-26JUL13-B94.5,bounded,0.39531876059295046,KXHIGHMIA-26JUL13-B92.5,,,1.0
,,0.6084075621724092,t_plus_9h,mia,mia:2026-07-13,,KXHIGHMIA-26JUL13,0.9167795175356972,bracket,neuralcaster_v2,,0.06362829243941479,2026-07-13T14:00:00+00:00,2026-07-13,bounded,0.0,0.4921836899782391,KXHIGHMIA-26JUL13-B94.5,bounded,0.3998045335098836,KXHIGHMIA-26JUL13-B92.5,,,1.0
,,0.6660750761090343,t_plus_10h,mia,mia:2026-07-13,,KXHIGHMIA-26JUL13,0.9490483397354431,bracket,neuralcaster_v2,,0.06906591267105731,2026-07-13T15:00:00+00:00,2026-07-13,bounded,0.0,0.5361196708778295,KXHIGHMIA-26JUL13-B94.5,bounded,0.38710924470217173,KXHIGHMIA-26JUL13-B92.5,,,1.0
,,0.6206237451393228,t_plus_11h,mia,mia:2026-07-13,,KXHIGHMIA-26JUL13,0.8907144338378119,bracket,neuralcaster_v2,,0.0638073993078797,2026-07-13T16:00:00+00:00,2026-07-13,bounded,0.0,0.5201473299020534,KXHIGHMIA-26JUL13-B94.5,bounded,0.4103624711645069,KXHIGHMIA-26JUL13-B92.5,,,1.0
,,0.44261271930609863,t_plus_12h,mia,mia:2026-07-13,,KXHIGHMIA-26JUL13,0.6984699841873042,bracket,neuralcaster_v2,,0.04344149501812557,2026-07-13T17:00:00+00:00,2026-07-13,bounded,1.0,0.4973456686953947,KXHIGHMIA-26JUL13-B92.5,bounded,0.4973456686953947,KXHIGHMIA-26JUL13-B92.5,,,1.0
,,0.2991258140626704,t_plus_13h,mia,mia:2026-07-13,,KXHIGHMIA-26JUL13,0.5342971303084195,bracket,neuralcaster_v2,,0.028340526142424723,2026-07-13T18:00:00+00:00,2026-07-13,bounded,1.0,0.586081084039897,KXHIGHMIA-26JUL13-B92.5,bounded,0.586081084039897,KXHIGHMIA-26JUL13-B92.5,,,1.0
,,0.1887853795703906,t_plus_14h,mia,mia:2026-07-13,,KXHIGHMIA-26JUL13,0.39871934185301194,bracket,neuralcaster_v2,,0.016992961936178302,2026-07-13T19:00:00+00:00,2026-07-13,bounded,1.0,0.6711790467894382,KXHIGHMIA-26JUL13-B92.5,bounded,0.6711790467894382,KXHIGHMIA-26JUL13-B92.5,,,1.0
,,0.5198503419555409,t_plus_15h,mia,mia:2026-07-13,,KXHIGHMIA-26JUL13,0.7493487361859905,bracket,neuralcaster_v2,,0.0554379114340014,2026-07-13T20:00:00+00:00,2026-07-13,bounded,0.0,0.49054370137894326,KXHIGHMIA-26JUL13-B94.5,bounded,0.4726742881813646,KXHIGHMIA-26JUL13-B92.5,,,1.0
,,0.498401334464983,t_plus_16h,mia,mia:2026-07-13,,KXHIGHMIA-26JUL13,0.7256548221851113,bracket,neuralcaster_v2,,0.05306132447490861,2026-07-13T21:00:00+00:00,2026-07-13,bounded,1.0,0.4840075262974278,KXHIGHMIA-26JUL13-B92.5,bounded,0.4840075262974278,KXHIGHMIA-26JUL13-B92.5,,,1.0
,,0.49475425901561154,t_plus_17h,mia,mia:2026-07-13,,KXHIGHMIA-26JUL13,0.7216314986693931,bracket,neuralcaster_v2,,0.05265742639519573,2026-07-13T22:00:00+00:00,2026-07-13,bounded,1.0,0.48595876776552366,KXHIGHMIA-26JUL13-B92.5,bounded,0.48595876776552366,KXHIGHMIA-26JUL13-B92.5,,,1.0
,,0.5227855133862687,t_plus_18h,mia,mia:2026-07-13,,KXHIGHMIA-26JUL13,0.7525961553375486,bracket,neuralcaster_v2,,0.055763288771915144,2026-07-13T23:00:00+00:00,2026-07-13,bounded,0.0,0.49186960470464997,KXHIGHMIA-26JUL13-B94.5,bounded,0.47114180629774605,KXHIGHMIA-26JUL13-B92.5,,,1.0
,,0.5884730146802267,t_plus_19h,mia,mia:2026-07-13,,KXHIGHMIA-26JUL13,0.8257388940954778,bracket,neuralcaster_v2,,0.06305404278694217,2026-07-14T00:00:00+00:00,2026-07-13,bounded,0.0,0.5206206363157616,KXHIGHMIA-26JUL13-B94.5,bounded,0.4379113028174967,KXHIGHMIA-26JUL13-B92.5,,,1.0
,,0.5983740027465114,t_plus_20h,mia,mia:2026-07-13,,KXHIGHMIA-26JUL13,0.8368620127350903,bracket,neuralcaster_v2,,0.06415435902765473,2026-07-14T01:00:00+00:00,2026-07-13,bounded,0.0,0.5248116214402342,KXHIGHMIA-26JUL13-B94.5,bounded,0.4330673532977642,KXHIGHMIA-26JUL13-B92.5,,,1.0
,,0.5903787627000583,t_plus_21h,mia,mia:2026-07-13,,KXHIGHMIA-26JUL13,0.827877517719958,bracket,neuralcaster_v2,,0.06326580564036517,2026-07-14T02:00:00+00:00,2026-07-13,bounded,0.0,0.5214300540436642,KXHIGHMIA-26JUL13-B94.5,bounded,0.43697577608621774,KXHIGHMIA-26JUL13-B92.5,,,1.0
,,0.584996215992383,t_plus_22h,mia,mia:2026-07-13,,KXHIGHMIA-26JUL13,0.8218400570907901,bracket,neuralcaster_v2,,0.06266774109524509,2026-07-14T03:00:00+00:00,2026-07-13,bounded,0.0,0.51914055818474,KXHIGHMIA-26JUL13-B94.5,bounded,0.43962198026897786,KXHIGHMIA-26JUL13-B92.5,,,1.0
,,0.574920590576591,t_plus_23h,mia,mia:2026-07-13,,KXHIGHMIA-26JUL13,0.8105611902680293,bracket,neuralcaster_v2,,0.06154849896584391,2026-07-14T04:00:00+00:00,2026-07-13,bounded,0.0,0.5148262332160157,KXHIGHMIA-26JUL13-B94.5,bounded,0.44460848624300053,KXHIGHMIA-26JUL13-B92.5,,,1.0
,,0.5261029933362595,t_plus_0h,nyc,nyc:2026-07-13,,KXHIGHNY-26JUL13,0.9637304517810263,bracket,neuralcaster_v2,,0.046375489533069914,2026-07-13T05:00:00+00:00,2026-07-13,bounded,1.0,0.38146718343734093,KXHIGHNY-26JUL13-B84.5,bounded,0.38146718343734093,KXHIGHNY-26JUL13-B84.5,,,1.0
,,0.6257360141915934,t_plus_1h,nyc,nyc:2026-07-13,,KXHIGHNY-26JUL13,1.098763395655853,bracket,neuralcaster_v2,,0.07450370211099476,2026-07-13T06:00:00+00:00,2026-07-13,bounded,0.0,0.38665088041348383,KXHIGHNY-26JUL13-B86.5,bounded,0.33328296814278086,KXHIGHNY-26JUL13-B84.5,,,1.0
,,0.6269754375938053,t_plus_2h,nyc,nyc:2026-07-13,,KXHIGHNY-26JUL13,1.0958720625796388,bracket,neuralcaster_v2,,0.07458161689203953,2026-07-13T07:00:00+00:00,2026-07-13,bounded,0.0,0.39080466656360247,KXHIGHNY-26JUL13-B86.5,bounded,0.33424799464654964,KXHIGHNY-26JUL13-B84.5,,,1.0
,,0.5681363132572516,t_plus_3h,nyc,nyc:2026-07-13,,KXHIGHNY-26JUL13,1.0210195817793473,bracket,neuralcaster_v2,,0.058305840643303374,2026-07-13T08:00:00+00:00,2026-07-13,bounded,0.0,0.36140572857885833,KXHIGHNY-26JUL13-B86.5,bounded,0.3602274715063649,KXHIGHNY-26JUL13-B84.5,,,1.0
,,0.5543761543554632,t_plus_4h,nyc,nyc:2026-07-13,,KXHIGHNY-26JUL13,1.0045639611192434,bracket,neuralcaster_v2,,0.05396714205713281,2026-07-13T09:00:00+00:00,2026-07-13,bounded,1.0,0.36620427929995647,KXHIGHNY-26JUL13-B84.5,bounded,0.36620427929995647,KXHIGHNY-26JUL13-B84.5,,,1.0
,,0.5413818454541343,t_plus_5h,nyc,nyc:2026-07-13,,KXHIGHNY-26JUL13,0.9858933680979219,bracket,neuralcaster_v2,,0.05022138345584232,2026-07-13T10:00:00+00:00,2026-07-13,bounded,1.0,0.3731057572225839,KXHIGHNY-26JUL13-B84.5,bounded,0.3731057572225839,KXHIGHNY-26JUL13-B84.5,,,1.0
,,0.531564946653411,t_plus_6h,nyc,nyc:2026-07-13,,KXHIGHNY-26JUL13,0.9709695295770079,bracket,neuralcaster_v2,,0.04751065594524047,2026-07-13T11:00:00+00:00,2026-07-13,bounded,1.0,0.37871568399492794,KXHIGHNY-26JUL13-B84.5,bounded,0.37871568399492794,KXHIGHNY-26JUL13-B84.5,,,1.0
,,0.49702120566420394,t_plus_7h,nyc,nyc:2026-07-13,,KXHIGHNY-26JUL13,0.9271946908001704,bracket,neuralcaster_v2,,0.04089815828943959,2026-07-13T12:00:00+00:00,2026-07-13,bounded,1.0,0.3956621094993658,KXHIGHNY-26JUL13-B84.5,bounded,0.3956621094993658,KXHIGHNY-26JUL13-B84.5,,,1.0
,,0.4816491777098472,t_plus_8h,nyc,nyc:2026-07-13,,KXHIGHNY-26JUL13,0.9026376163723212,bracket,neuralcaster_v2,,0.03862419390432521,2026-07-13T13:00:00+00:00,2026-07-13,bounded,1.0,0.4054986979636286,KXHIGHNY-26JUL13-B84.5,bounded,0.4054986979636286,KXHIGHNY-26JUL13-B84.5,,,1.0
,,0.46805828769069224,t_plus_9h,nyc,nyc:2026-07-13,,KXHIGHNY-26JUL13,0.878747488177884,bracket,neuralcaster_v2,,0.03686915784888519,2026-07-13T14:00:00+00:00,2026-07-13,bounded,1.0,0.4153027576707372,KXHIGHNY-26JUL13-B84.5,bounded,0.4153027576707372,KXHIGHNY-26JUL13-B84.5,,,1.0
,,0.42846811868589063,t_plus_10h,nyc,nyc:2026-07-13,,KXHIGHNY-26JUL13,0.8199565697171745,bracket,neuralcaster_v2,,0.032236984934582755,2026-07-13T15:00:00+00:00,2026-07-13,bounded,1.0,0.4404507829926946,KXHIGHNY-26JUL13-B84.5,bounded,0.4404507829926946,KXHIGHNY-26JUL13-B84.5,,,1.0
,,0.39300342494270185,t_plus_11h,nyc,nyc:2026-07-13,,KXHIGHNY-26JUL13,0.7648415624968875,bracket,neuralcaster_v2,,0.029326201528316304,2026-07-13T16:00:00+00:00,2026-07-13,bounded,1.0,0.465407663161268,KXHIGHNY-26JUL13-B84.5,bounded,0.465407663161268,KXHIGHNY-26JUL13-B84.5,,,1.0
,,0.3444929537236415,t_plus_12h,nyc,nyc:2026-07-13,,KXHIGHNY-26JUL13,0.680201894528125,bracket,neuralcaster_v2,,0.025571292625892507,2026-07-13T17:00:00+00:00,2026-07-13,bounded,1.0,0.5065147194914901,KXHIGHNY-26JUL13-B84.5,bounded,0.5065147194914901,KXHIGHNY-26JUL13-B84.5,,,1.0
,,0.2236927543733396,t_plus_13h,nyc,nyc:2026-07-13,,KXHIGHNY-26JUL13,0.49004073544471155,bracket,neuralcaster_v2,,0.01567749020023383,2026-07-13T18:00:00+00:00,2026-07-13,bounded,1.0,0.6126014390840889,KXHIGHNY-26JUL13-B84.5,bounded,0.6126014390840889,KXHIGHNY-26JUL13-B84.5,,,1.0
,,0.16960652042435,t_plus_14h,nyc,nyc:2026-07-13,,KXHIGHNY-26JUL13,0.4048499477675922,bracket,neuralcaster_v2,,0.011971277166119449,2026-07-13T19:00:00+00:00,2026-07-13,bounded,1.0,0.6670768997269992,KXHIGHNY-26JUL13-B84.5,bounded,0.6670768997269992,KXHIGHNY-26JUL13-B84.5,,,1.0
,,0.16711298878366243,t_plus_15h,nyc,nyc:2026-07-13,,KXHIGHNY-26JUL13,0.40317537306808826,bracket,neuralcaster_v2,,0.011617294434563021,2026-07-13T20:00:00+00:00,2026-07-13,bounded,1.0,0.6681949056568682,KXHIGHNY-26JUL13-B84.5,bounded,0.6681949056568682,KXHIGHNY-26JUL13-B84.5,,,1.0
,,0.16107387579284638,t_plus_16h,nyc,nyc:2026-07-13,,KXHIGHNY-26JUL13,0.39798831961970743,bracket,neuralcaster_v2,,0.01085610721063053,2026-07-13T21:00:00+00:00,2026-07-13,bounded,1.0,0.671669872975739,KXHIGHNY-26JUL13-B84.5,bounded,0.671669872975739,KXHIGHNY-26JUL13-B84.5,,,1.0
,,0.2173405332985766,t_plus_17h,nyc,nyc:2026-07-13,,KXHIGHNY-26JUL13,0.44772286491078384,bracket,neuralcaster_v2,,0.017588632366925497,2026-07-13T22:00:00+00:00,2026-07-13,bounded,1.0,0.6390817714759649,KXHIGHNY-26JUL13-B84.5,bounded,0.6390817714759649,KXHIGHNY-26JUL13-B84.5,,,1.0
,,0.6726239177418247,t_plus_18h,nyc,nyc:2026-07-13,,KXHIGHNY-26JUL13,0.8955097472784218,bracket,neuralcaster_v2,,0.06477122334718367,2026-07-13T23:00:00+00:00,2026-07-13,bounded,0.0,0.5676168867385735,KXHIGHNY-26JUL13-B82.5,bounded,0.40839936510724634,KXHIGHNY-26JUL13-B84.5,,,1.0
,,0.6043512495800613,t_plus_19h,nyc,nyc:2026-07-13,,KXHIGHNY-26JUL13,0.8287719877654143,bracket,neuralcaster_v2,,0.05761819032727705,2026-07-14T00:00:00+00:00,2026-07-13,bounded,0.0,0.5350397670071538,KXHIGHNY-26JUL13-B82.5,bounded,0.43658508909887056,KXHIGHNY-26JUL13-B84.5,,,1.0
,,0.629752830132067,t_plus_20h,nyc,nyc:2026-07-13,,KXHIGHNY-26JUL13,0.8535126831206383,bracket,neuralcaster_v2,,0.06027492710064801,2026-07-14T01:00:00+00:00,2026-07-13,bounded,0.0,0.5473709003032479,KXHIGHNY-26JUL13-B82.5,bounded,0.4259161925710899,KXHIGHNY-26JUL13-B84.5,,,1.0
,,0.6479514900677957,t_plus_21h,nyc,nyc:2026-07-13,,KXHIGHNY-26JUL13,0.8712985338268667,bracket,neuralcaster_v2,,0.0621817515821305,2026-07-14T02:00:00+00:00,2026-07-13,bounded,0.0,0.5560490244581578,KXHIGHNY-26JUL13-B82.5,bounded,0.41840787955226194,KXHIGHNY-26JUL13-B84.5,,,1.0
,,0.6625649363720741,t_plus_22h,nyc,nyc:2026-07-13,,KXHIGHNY-26JUL13,0.8856239706674623,bracket,neuralcaster_v2,,0.06371490498543124,2026-07-14T03:00:00+00:00,2026-07-13,bounded,0.0,0.5629273733776553,KXHIGHNY-26JUL13-B82.5,bounded,0.41245673206711264,KXHIGHNY-26JUL13-B84.5,,,1.0
,,0.6680976380050332,t_plus_23h,nyc,nyc:2026-07-13,,KXHIGHNY-26JUL13,0.8910587589353435,bracket,neuralcaster_v2,,0.06429580908461027,2026-07-14T04:00:00+00:00,2026-07-13,bounded,0.0,0.5655112091116635,KXHIGHNY-26JUL13-B82.5,bounded,0.41022119739004875,KXHIGHNY-26JUL13-B84.5,,,1.0
,,0.42546565513033346,t_plus_0h,okc,okc:2026-07-13,,KXHIGHTOKC-26JUL13,0.7787179081328899,bracket,neuralcaster_v2,,0.03442959433002031,2026-07-13T06:00:00+00:00,2026-07-13,bounded,1.0,0.4589941068398461,KXHIGHTOKC-26JUL13-B90.5,bounded,0.4589941068398461,KXHIGHTOKC-26JUL13-B90.5,,,1.0
,,0.45456848625289614,t_plus_1h,okc,okc:2026-07-13,,KXHIGHTOKC-26JUL13,0.8170137222442335,bracket,neuralcaster_v2,,0.03848452844233185,2026-07-13T07:00:00+00:00,2026-07-13,bounded,1.0,0.44174887156789594,KXHIGHTOKC-26JUL13-B90.5,bounded,0.44174887156789594,KXHIGHTOKC-26JUL13-B90.5,,,1.0
,,0.4461572870481543,t_plus_2h,okc,okc:2026-07-13,,KXHIGHTOKC-26JUL13,0.8137956341742464,bracket,neuralcaster_v2,,0.03644726906569794,2026-07-13T08:00:00+00:00,2026-07-13,bounded,1.0,0.4431727481927926,KXHIGHTOKC-26JUL13-B90.5,bounded,0.4431727481927926,KXHIGHTOKC-26JUL13-B90.5,,,1.0
,,0.4284344458258549,t_plus_3h,okc,okc:2026-07-13,,KXHIGHTOKC-26JUL13,0.8020236868507824,bracket,neuralcaster_v2,,0.03324571799582613,2026-07-13T09:00:00+00:00,2026-07-13,bounded,1.0,0.4484205824508873,KXHIGHTOKC-26JUL13-B90.5,bounded,0.4484205824508873,KXHIGHTOKC-26JUL13-B90.5,,,1.0
,,0.45108111365432974,t_plus_4h,okc,okc:2026-07-13,,KXHIGHTOKC-26JUL13,0.8240183288529481,bracket,neuralcaster_v2,,0.03692224474940592,2026-07-13T10:00:00+00:00,2026-07-13,bounded,1.0,0.438665406340557,KXHIGHTOKC-26JUL13-B90.5,bounded,0.438665406340557,KXHIGHTOKC-26JUL13-B90.5,,,1.0
,,0.4764402521160831,t_plus_5h,okc,okc:2026-07-13,,KXHIGHTOKC-26JUL13,0.846851962882984,bracket,neuralcaster_v2,,0.0420380403022397,2026-07-13T11:00:00+00:00,2026-07-13,bounded,1.0,0.4287625701134097,KXHIGHTOKC-26JUL13-B90.5,bounded,0.4287625701134097,KXHIGHTOKC-26JUL13-B90.5,,,1.0
,,0.46435039659176974,t_plus_6h,okc,okc:2026-07-13,,KXHIGHTOKC-26JUL13,0.8306934014615637,bracket,neuralcaster_v2,,0.040033166959680996,2026-07-13T12:00:00+00:00,2026-07-13,bounded,1.0,0.435747033912328,KXHIGHTOKC-26JUL13-B90.5,bounded,0.435747033912328,KXHIGHTOKC-26JUL13-B90.5,,,1.0
,,0.47837044920661254,t_plus_7h,okc,okc:2026-07-13,,KXHIGHTOKC-26JUL13,0.8393164827041171,bracket,neuralcaster_v2,,0.04326787839369715,2026-07-13T13:00:00+00:00,2026-07-13,bounded,1.0,0.4320057059083308,KXHIGHTOKC-26JUL13-B90.5,bounded,0.4320057059083308,KXHIGHTOKC-26JUL13-B90.5,,,1.0
,,0.43924959225094046,t_plus_8h,okc,okc:2026-07-13,,KXHIGHTOKC-26JUL13,0.7847476082839513,bracket,neuralcaster_v2,,0.036995286061990054,2026-07-13T14:00:00+00:00,2026-07-13,bounded,1.0,0.4562348371488913,KXHIGHTOKC-26JUL13-B90.5,bounded,0.4562348371488913,KXHIGHTOKC-26JUL13-B90.5,,,1.0
,,0.43709735343921685,t_plus_9h,okc,okc:2026-07-13,,KXHIGHTOKC-26JUL13,0.7868374283138041,bracket,neuralcaster_v2,,0.03627571901854558,2026-07-13T15:00:00+00:00,2026-07-13,bounded,1.0,0.4552823840223527,KXHIGHTOKC-26JUL13-B90.5,bounded,0.4552823840223527,KXHIGHTOKC-26JUL13-B90.5,,,1.0
,,0.4635951693346045,t_plus_10h,okc,okc:2026-07-13,,KXHIGHTOKC-26JUL13,0.796461867272715,bracket,neuralcaster_v2,,0.04279217859732022,2026-07-13T16:00:00+00:00,2026-07-13,bounded,1.0,0.4509215653864188,KXHIGHTOKC-26JUL13-B90.5,bounded,0.4509215653864188,KXHIGHTOKC-26JUL13-B90.5,,,1.0
,,0.4148348557320988,t_plus_11h,okc,okc:2026-07-13,,KXHIGHTOKC-26JUL13,0.7380727472465965,bracket,neuralcaster_v2,,0.03565747084301195,2026-07-13T17:00:00+00:00,2026-07-13,bounded,1.0,0.47803432127077833,KXHIGHTOKC-26JUL13-B90.5,bounded,0.47803432127077833,KXHIGHTOKC-26JUL13-B90.5,,,1.0
,,0.3588044124736595,t_plus_12h,okc,okc:2026-07-13,,KXHIGHTOKC-26JUL13,0.6677688713429092,bracket,neuralcaster_v2,,0.02945736777955086,2026-07-13T18:00:00+00:00,2026-07-13,bounded,1.0,0.5128515400322988,KXHIGHTOKC-26JUL13-B90.5,bounded,0.5128515400322988,KXHIGHTOKC-26JUL13-B90.5,,,1.0
,,0.25684805809669187,t_plus_13h,okc,okc:2026-07-13,,KXHIGHTOKC-26JUL13,0.5248843983283386,bracket,neuralcaster_v2,,0.020215427273710247,2026-07-13T19:00:00+00:00,2026-07-13,bounded,1.0,0.5916237531086664,KXHIGHTOKC-26JUL13-B90.5,bounded,0.5916237531086664,KXHIGHTOKC-26JUL13-B90.5,,,1.0
,,0.15733306322635154,t_plus_14h,okc,okc:2026-07-13,,KXHIGHTOKC-26JUL13,0.37602244257327716,bracket,neuralcaster_v2,,0.012037818209354487,2026-07-13T20:00:00+00:00,2026-07-13,bounded,1.0,0.6865869240920384,KXHIGHTOKC-26JUL13-B90.5,bounded,0.6865869240920384,KXHIGHTOKC-26JUL13-B90.5,,,1.0
,,0.14909288387552766,t_plus_15h,okc,okc:2026-07-13,,KXHIGHTOKC-26JUL13,0.36592264417758175,bracket,neuralcaster_v2,,0.011247124875219339,2026-07-13T21:00:00+00:00,2026-07-13,bounded,1.0,0.69355644976428,KXHIGHTOKC-26JUL13-B90.5,bounded,0.69355644976428,KXHIGHTOKC-26JUL13-B90.5,,,1.0
,,0.1704143817670559,t_plus_16h,okc,okc:2026-07-13,,KXHIGHTOKC-26JUL13,0.39653023305131846,bracket,neuralcaster_v2,,0.01281778748242316,2026-07-13T22:00:00+00:00,2026-07-13,bounded,1.0,0.6726499401336594,KXHIGHTOKC-26JUL13-B90.5,bounded,0.6726499401336594,KXHIGHTOKC-26JUL13-B90.5,,,1.0
,,0.17353711242486136,t_plus_17h,okc,okc:2026-07-13,,KXHIGHTOKC-26JUL13,0.40008939834668167,bracket,neuralcaster_v2,,0.013128658764944737,2026-07-13T23:00:00+00:00,2026-07-13,bounded,1.0,0.6702601232103168,KXHIGHTOKC-26JUL13-B90.5,bounded,0.6702601232103168,KXHIGHTOKC-26JUL13-B90.5,,,1.0
,,0.1393925865703236,t_plus_18h,okc,okc:2026-07-13,,KXHIGHTOKC-26JUL13,0.35829244631124285,bracket,neuralcaster_v2,,0.009904022674283086,2026-07-14T00:00:00+00:00,2026-07-13,bounded,1.0,0.6988686635555951,KXHIGHTOKC-26JUL13-B90.5,bounded,0.6988686635555951,KXHIGHTOKC-26JUL13-B90.5,,,1.0
,,0.15423910945842637,t_plus_19h,okc,okc:2026-07-13,,KXHIGHTOKC-26JUL13,0.3774313058413067,bracket,neuralcaster_v2,,0.011245308858949876,2026-07-14T01:00:00+00:00,2026-07-13,bounded,1.0,0.6856202980762072,KXHIGHTOKC-26JUL13-B90.5,bounded,0.6856202980762072,KXHIGHTOKC-26JUL13-B90.5,,,1.0
,,0.1695151484418021,t_plus_20h,okc,okc:2026-07-13,,KXHIGHTOKC-26JUL13,0.39549822193113654,bracket,neuralcaster_v2,,0.012728674128112363,2026-07-14T02:00:00+00:00,2026-07-13,bounded,1.0,0.6733444806770059,KXHIGHTOKC-26JUL13-B90.5,bounded,0.6733444806770059,KXHIGHTOKC-26JUL13-B90.5,,,1.0
,,0.18146150753264406,t_plus_21h,okc,okc:2026-07-13,,KXHIGHTOKC-26JUL13,0.40895881564904546,bracket,neuralcaster_v2,,0.013926867775301619,2026-07-14T03:00:00+00:00,2026-07-13,bounded,1.0,0.6643415922361011,KXHIGHTOKC-26JUL13-B90.5,bounded,0.6643415922361011,KXHIGHTOKC-26JUL13-B90.5,,,1.0
,,0.19196258614113254,t_plus_22h,okc,okc:2026-07-13,,KXHIGHTOKC-26JUL13,0.4203861785137233,bracket,neuralcaster_v2,,0.015003438019720528,2026-07-14T04:00:00+00:00,2026-07-13,bounded,1.0,0.6567931314383869,KXHIGHTOKC-26JUL13-B90.5,bounded,0.6567931314383869,KXHIGHTOKC-26JUL13-B90.5,,,1.0
,,0.20394592845747875,t_plus_23h,okc,okc:2026-07-13,,KXHIGHTOKC-26JUL13,0.4330274918544223,bracket,neuralcaster_v2,,0.016255192004532553,2026-07-14T05:00:00+00:00,2026-07-13,bounded,1.0,0.6485426619194408,KXHIGHTOKC-26JUL13-B90.5,bounded,0.6485426619194408,KXHIGHTOKC-26JUL13-B90.5,,,1.0
,,0.15368732104372818,t_plus_0h,aus,aus:2026-07-14,,KXHIGHAUS-26JUL14,0.34162057966103804,bracket,neuralcaster_v2,,0.016885476611276054,2026-07-14T06:00:00+00:00,2026-07-14,lower_tail,1.0,0.7106177764030468,KXHIGHAUS-26JUL14-T85,lower_tail,0.7106177764030468,KXHIGHAUS-26JUL14-T85,,,1.0
,,0.8861659883521784,t_plus_1h,aus,aus:2026-07-14,,KXHIGHAUS-26JUL14,1.2091022307560246,bracket,neuralcaster_v2,,0.09966152782102644,2026-07-14T07:00:00+00:00,2026-07-14,bounded,0.0,0.623160634431704,KXHIGHAUS-26JUL14-B85.5,lower_tail,0.2984651119839222,KXHIGHAUS-26JUL14-T85,,,1.0
,,1.259983398851984,t_plus_2h,aus,aus:2026-07-14,,KXHIGHAUS-26JUL14,2.135065344236377,bracket,neuralcaster_v2,,0.1654395297110734,2026-07-14T08:00:00+00:00,2026-07-14,bounded,0.0,0.6588786272760659,KXHIGHAUS-26JUL14-B85.5,lower_tail,0.11823686402661049,KXHIGHAUS-26JUL14-T85,,,1.0
,,1.2637228541078895,t_plus_3h,aus,aus:2026-07-14,,KXHIGHAUS-26JUL14,2.1495012023234215,bracket,neuralcaster_v2,,0.1661894481876578,2026-07-14T09:00:00+00:00,2026-07-14,bounded,0.0,0.6588786272760659,KXHIGHAUS-26JUL14-B85.5,lower_tail,0.1165422742937403,KXHIGHAUS-26JUL14-T85,,,1.0
,,1.27628323307453,t_plus_4h,aus,aus:2026-07-14,,KXHIGHAUS-26JUL14,2.1992344879925114,bracket,neuralcaster_v2,,0.1687082888012959,2026-07-14T10:00:00+00:00,2026-07-14,bounded,0.0,0.6588786272760659,KXHIGHAUS-26JUL14-B85.5,lower_tail,0.11088801198461753,KXHIGHAUS-26JUL14-T85,,,1.0
,,1.2024182049913608,t_plus_5h,aus,aus:2026-07-14,,KXHIGHAUS-26JUL14,1.9309223387143972,bracket,neuralcaster_v2,,0.15389445402524032,2026-07-14T11:00:00+00:00,2026-07-14,bounded,0.0,0.6588786272760659,KXHIGHAUS-26JUL14-B85.5,lower_tail,0.145014384401278,KXHIGHAUS-26JUL14-T85,,,1.0
,,0.5624495735688072,t_plus_6h,aus,aus:2026-07-14,,KXHIGHAUS-26JUL14,0.7996026594529252,bracket,neuralcaster_v2,,0.060976294488398974,2026-07-14T12:00:00+00:00,2026-07-14,bounded,0.0,0.5077653836902685,KXHIGHAUS-26JUL14-B85.5,lower_tail,0.44950753620825723,KXHIGHAUS-26JUL14-T85,,,1.0
,,0.300106801935893,t_plus_7h,aus,aus:2026-07-14,,KXHIGHAUS-26JUL14,0.509059452314041,bracket,neuralcaster_v2,,0.031949453394194124,2026-07-14T13:00:00+00:00,2026-07-14,lower_tail,1.0,0.6010606392308252,KXHIGHAUS-26JUL14-T85,lower_tail,0.6010606392308252,KXHIGHAUS-26JUL14-T85,,,1.0
,,0.08473962914870982,t_plus_8h,aus,aus:2026-07-14,,KXHIGHAUS-26JUL14,0.23296268392833702,bracket,neuralcaster_v2,,0.008643522234031063,2026-07-14T14:00:00+00:00,2026-07-14,lower_tail,1.0,0.7921831341353712,KXHIGHAUS-26JUL14-T85,lower_tail,0.7921831341353712,KXHIGHAUS-26JUL14-T85,,,1.0
,,0.0014908622138787011,t_plus_9h,aus,aus:2026-07-14,,KXHIGHAUS-26JUL14,0.029619757583621995,bracket,neuralcaster_v2,,0.00017630970458599175,2026-07-14T15:00:00+00:00,2026-07-14,lower_tail,1.0,0.9708146082676326,KXHIGHAUS-26JUL14-T85,lower_tail,0.9708146082676326,KXHIGHAUS-26JUL14-T85,,,1.0
,,0.00018780197098896913,t_plus_10h,aus,aus:2026-07-14,,KXHIGHAUS-26JUL14,0.01143526274770323,bracket,neuralcaster_v2,,3.1808251539962414e-05,2026-07-14T16:00:00+00:00,2026-07-14,lower_tail,1.0,0.9886298713577376,KXHIGHAUS-26JUL14-T85,lower_tail,0.9886298713577376,KXHIGHAUS-26JUL14-T85,,,1.0
,,0.001409335767223241,t_plus_11h,aus,aus:2026-07-14,,KXHIGHAUS-26JUL14,0.028837081477880333,bracket,neuralcaster_v2,,0.000167551377987131,2026-07-14T17:00:00+00:00,2026-07-14,lower_tail,1.0,0.9715747390939425,KXHIGHAUS-26JUL14-T85,lower_tail,0.9715747390939425,KXHIGHAUS-26JUL14-T85,,,1.0
,,0.009301028518888404,t_plus_12h,aus,aus:2026-07-14,,KXHIGHAUS-26JUL14,0.07272452740241833,bracket,neuralcaster_v2,,0.0009899619234628894,2026-07-14T18:00:00+00:00,2026-07-14,lower_tail,1.0,0.9298569448558431,KXHIGHAUS-26JUL14-T85,lower_tail,0.9298569448558431,KXHIGHAUS-26JUL14-T85,,,1.0
,,0.008932959657375276,t_plus_13h,aus,aus:2026-07-14,,KXHIGHAUS-26JUL14,0.07125887927809679,bracket,neuralcaster_v2,,0.0009520683103797622,2026-07-14T19:00:00+00:00,2026-07-14,lower_tail,1.0,0.9312207871552706,KXHIGHAUS-26JUL14-T85,lower_tail,0.9312207871552706,KXHIGHAUS-26JUL14-T85,,,1.0
,,0.0008219251544085329,t_plus_14h,aus,aus:2026-07-14,,KXHIGHAUS-26JUL14,0.02236514507275739,bracket,neuralcaster_v2,,0.00010378373378744,2026-07-14T20:00:00+00:00,2026-07-14,lower_tail,1.0,0.9778831006563085,KXHIGHAUS-26JUL14-T85,lower_tail,0.9778831006563085,KXHIGHAUS-26JUL14-T85,,,1.0
,,2.970223509319164e-05,t_plus_15h,aus,aus:2026-07-14,,KXHIGHAUS-26JUL14,0.004987541511038939,bracket,neuralcaster_v2,,1.0890819534170686e-05,2026-07-14T21:00:00+00:00,2026-07-14,lower_tail,1.0,0.9950248756218907,KXHIGHAUS-26JUL14-T85,lower_tail,0.9950248756218907,KXHIGHAUS-26JUL14-T85,,,1.0
,,2.970223509319164e-05,t_plus_16h,aus,aus:2026-07-14,,KXHIGHAUS-26JUL14,0.004987541511038939,bracket,neuralcaster_v2,,1.0890819534170686e-05,2026-07-14T22:00:00+00:00,2026-07-14,lower_tail,1.0,0.9950248756218907,KXHIGHAUS-26JUL14-T85,lower_tail,0.9950248756218907,KXHIGHAUS-26JUL14-T85,,,1.0
,,2.970223509319164e-05,t_plus_17h,aus,aus:2026-07-14,,KXHIGHAUS-26JUL14,0.004987541511038939,bracket,neuralcaster_v2,,1.0890819534170686e-05,2026-07-14T23:00:00+00:00,2026-07-14,lower_tail,1.0,0.9950248756218907,KXHIGHAUS-26JUL14-T85,lower_tail,0.9950248756218907,KXHIGHAUS-26JUL14-T85,,,1.0
,,2.970223509319164e-05,t_plus_18h,aus,aus:2026-07-14,,KXHIGHAUS-26JUL14,0.004987541511038939,bracket,neuralcaster_v2,,1.0890819534170686e-05,2026-07-15T00:00:00+00:00,2026-07-14,lower_tail,1.0,0.9950248756218907,KXHIGHAUS-26JUL14-T85,lower_tail,0.9950248756218907,KXHIGHAUS-26JUL14-T85,,,1.0
,,2.970223509319164e-05,t_plus_19h,aus,aus:2026-07-14,,KXHIGHAUS-26JUL14,0.004987541511038939,bracket,neuralcaster_v2,,1.0890819534170686e-05,2026-07-15T01:00:00+00:00,2026-07-14,lower_tail,1.0,0.9950248756218907,KXHIGHAUS-26JUL14-T85,lower_tail,0.9950248756218907,KXHIGHAUS-26JUL14-T85,,,1.0
,,2.970223509319164e-05,t_plus_20h,aus,aus:2026-07-14,,KXHIGHAUS-26JUL14,0.004987541511038939,bracket,neuralcaster_v2,,1.0890819534170686e-05,2026-07-15T02:00:00+00:00,2026-07-14,lower_tail,1.0,0.9950248756218907,KXHIGHAUS-26JUL14-T85,lower_tail,0.9950248756218907,KXHIGHAUS-26JUL14-T85,,,1.0
,,2.970223509319164e-05,t_plus_21h,aus,aus:2026-07-14,,KXHIGHAUS-26JUL14,0.004987541511038939,bracket,neuralcaster_v2,,1.0890819534170686e-05,2026-07-15T03:00:00+00:00,2026-07-14,lower_tail,1.0,0.9950248756218907,KXHIGHAUS-26JUL14-T85,lower_tail,0.9950248756218907,KXHIGHAUS-26JUL14-T85,,,1.0
,,2.970223509319164e-05,t_plus_22h,aus,aus:2026-07-14,,KXHIGHAUS-26JUL14,0.004987541511038939,bracket,neuralcaster_v2,,1.0890819534170686e-05,2026-07-15T04:00:00+00:00,2026-07-14,lower_tail,1.0,0.9950248756218907,KXHIGHAUS-26JUL14-T85,lower_tail,0.9950248756218907,KXHIGHAUS-26JUL14-T85,,,1.0
,,2.970223509319164e-05,t_plus_23h,aus,aus:2026-07-14,,KXHIGHAUS-26JUL14,0.004987541511038939,bracket,neuralcaster_v2,,1.0890819534170686e-05,2026-07-15T05:00:00+00:00,2026-07-14,lower_tail,1.0,0.9950248756218907,KXHIGHAUS-26JUL14-T85,lower_tail,0.9950248756218907,KXHIGHAUS-26JUL14-T85,,,1.0
,,0.4558072147970613,t_plus_0h,den,den:2026-07-14,,KXHIGHDEN-26JUL14,0.7160092659227577,bracket,neuralcaster_v2,,0.04474135578773428,2026-07-14T07:00:00+00:00,2026-07-14,bounded,1.0,0.48869863593428786,KXHIGHDEN-26JUL14-B95.5,bounded,0.48869863593428786,KXHIGHDEN-26JUL14-B95.5,,,1.0
,,0.17942005294705665,t_plus_1h,den,den:2026-07-14,,KXHIGHDEN-26JUL14,0.41721593856513234,bracket,neuralcaster_v2,,0.012793477142907747,2026-07-14T08:00:00+00:00,2026-07-14,bounded,1.0,0.6588786272760659,KXHIGHDEN-26JUL14-B95.5,bounded,0.6588786272760659,KXHIGHDEN-26JUL14-B95.5,,,1.0
,,0.6673114409518518,t_plus_2h,den,den:2026-07-14,,KXHIGHDEN-26JUL14,0.9422292622366957,bracket,neuralcaster_v2,,0.06898418422076423,2026-07-14T09:00:00+00:00,2026-07-14,bounded,0.0,0.5407518076768483,KXHIGHDEN-26JUL14-B93.5,bounded,0.3897579933897119,KXHIGHDEN-26JUL14-B95.5,,,1.0
,,0.9540618781056226,t_plus_3h,den,den:2026-07-14,,KXHIGHDEN-26JUL14,1.3203559926946917,bracket,neuralcaster_v2,,0.10658308022789287,2026-07-14T10:00:00+00:00,2026-07-14,bounded,0.0,0.6399729928557382,KXHIGHDEN-26JUL14-B93.5,bounded,0.2670402206749829,KXHIGHDEN-26JUL14-B95.5,,,1.0
,,0.8607231823730844,t_plus_4h,den,den:2026-07-14,,KXHIGHDEN-26JUL14,1.1836846756071122,bracket,neuralcaster_v2,,0.0935651151034378,2026-07-14T11:00:00+00:00,2026-07-14,bounded,0.0,0.6119419924886863,KXHIGHDEN-26JUL14-B93.5,bounded,0.30614859950504575,KXHIGHDEN-26JUL14-B95.5,,,1.0
,,1.1885070933750363,t_plus_5h,den,den:2026-07-14,,KXHIGHDEN-26JUL14,1.8858946759889361,bracket,neuralcaster_v2,,0.14986626239504758,2026-07-14T12:00:00+00:00,2026-07-14,bounded,0.0,0.6588786272760659,KXHIGHDEN-26JUL14-B93.5,bounded,0.15169328236283383,KXHIGHDEN-26JUL14-B95.5,,,1.0
,,0.7571547324859658,t_plus_6h,den,den:2026-07-14,,KXHIGHDEN-26JUL14,1.043885913930754,bracket,neuralcaster_v2,,0.07945740610294066,2026-07-14T13:00:00+00:00,2026-07-14,bounded,0.0,0.5784259483929889,KXHIGHDEN-26JUL14-B93.5,bounded,0.3520838526735715,KXHIGHDEN-26JUL14-B95.5,,,1.0
,,0.6976877825421427,t_plus_7h,den,den:2026-07-14,,KXHIGHDEN-26JUL14,0.9761845566892383,bracket,neuralcaster_v2,,0.07251555314420448,2026-07-14T14:00:00+00:00,2026-07-14,bounded,0.0,0.5537639887000508,KXHIGHDEN-26JUL14-B93.5,bounded,0.3767458123665095,KXHIGHDEN-26JUL14-B95.5,,,1.0
,,0.9071338277800151,t_plus_8h,den,den:2026-07-14,,KXHIGHDEN-26JUL14,1.2502665306974416,bracket,neuralcaster_v2,,0.10001473020482188,2026-07-14T15:00:00+00:00,2026-07-14,bounded,0.0,0.6260764486529946,KXHIGHDEN-26JUL14-B93.5,bounded,0.2864284447124102,KXHIGHDEN-26JUL14-B95.5,,,1.0
,,0.8614933472262916,t_plus_9h,den,den:2026-07-14,,KXHIGHDEN-26JUL14,1.1847694783074552,bracket,neuralcaster_v2,,0.09367174622906883,2026-07-14T16:00:00+00:00,2026-07-14,bounded,0.0,0.6121799044502511,KXHIGHDEN-26JUL14-B93.5,bounded,0.3058166687498375,KXHIGHDEN-26JUL14-B95.5,,,1.0
,,0.41168517384714365,t_plus_10h,den,den:2026-07-14,,KXHIGHDEN-26JUL14,0.6651385083716405,bracket,neuralcaster_v2,,0.03979292646590071,2026-07-14T17:00:00+00:00,2026-07-14,bounded,1.0,0.5142023014505618,KXHIGHDEN-26JUL14-B95.5,bounded,0.5142023014505618,KXHIGHDEN-26JUL14-B95.5,,,1.0
,,0.3014905454888594,t_plus_11h,den,den:2026-07-14,,KXHIGHDEN-26JUL14,0.5440929093542576,bracket,neuralcaster_v2,,0.027650230839057148,2026-07-14T18:00:00+00:00,2026-07-14,bounded,1.0,0.5803679910204761,KXHIGHDEN-26JUL14-B95.5,bounded,0.5803679910204761,KXHIGHDEN-26JUL14-B95.5,,,1.0
,,0.2613683603342117,t_plus_12h,den,den:2026-07-14,,KXHIGHDEN-26JUL14,0.5038513325007609,bracket,neuralcaster_v2,,0.02267151181539076,2026-07-14T19:00:00+00:00,2026-07-14,bounded,1.0,0.604199200963432,KXHIGHDEN-26JUL14-B95.5,bounded,0.604199200963432,KXHIGHDEN-26JUL14-B95.5,,,1.0
,,0.4798208360004157,t_plus_13h,den,den:2026-07-14,,KXHIGHDEN-26JUL14,0.7384512741542781,bracket,neuralcaster_v2,,0.047461715288597967,2026-07-14T20:00:00+00:00,2026-07-14,bounded,1.0,0.47785340666006626,KXHIGHDEN-26JUL14-B95.5,bounded,0.47785340666006626,KXHIGHDEN-26JUL14-B95.5,,,1.0
,,0.36411352951423626,t_plus_14h,den,den:2026-07-14,,KXHIGHDEN-26JUL14,0.6134718852610567,bracket,neuralcaster_v2,,0.03450511413020726,2026-07-14T21:00:00+00:00,2026-07-14,bounded,1.0,0.5414676881862155,KXHIGHDEN-26JUL14-B95.5,bounded,0.5414676881862155,KXHIGHDEN-26JUL14-B95.5,,,1.0
,,0.44978490363163487,t_plus_15h,den,den:2026-07-14,,KXHIGHDEN-26JUL14,0.6789811855284887,bracket,neuralcaster_v2,,0.041585003601741485,2026-07-14T22:00:00+00:00,2026-07-14,bounded,1.0,0.5071334041081346,KXHIGHDEN-26JUL14-B95.5,bounded,0.5071334041081346,KXHIGHDEN-26JUL14-B95.5,,,1.0
,,0.1435464832218367,t_plus_16h,den,den:2026-07-14,,KXHIGHDEN-26JUL14,0.3659226441775819,bracket,neuralcaster_v2,,0.010127790138811361,2026-07-14T23:00:00+00:00,2026-07-14,bounded,1.0,0.6935564497642799,KXHIGHDEN-26JUL14-B95.5,bounded,0.6935564497642799,KXHIGHDEN-26JUL14-B95.5,,,1.0
,,0.1455009790969978,t_plus_17h,den,den:2026-07-14,,KXHIGHDEN-26JUL14,0.36592264417758175,bracket,neuralcaster_v2,,0.010522788990087843,2026-07-15T00:00:00+00:00,2026-07-14,bounded,1.0,0.69355644976428,KXHIGHDEN-26JUL14-B95.5,bounded,0.69355644976428,KXHIGHDEN-26JUL14-B95.5,,,1.0
,,0.12276347404284119,t_plus_18h,den,den:2026-07-14,,KXHIGHDEN-26JUL14,0.3383544813936417,bracket,neuralcaster_v2,,0.008242854545638608,2026-07-15T01:00:00+00:00,2026-07-14,bounded,1.0,0.7129425182424062,KXHIGHDEN-26JUL14-B95.5,bounded,0.7129425182424062,KXHIGHDEN-26JUL14-B95.5,,,1.0
,,0.12277739952358407,t_plus_19h,den,den:2026-07-14,,KXHIGHDEN-26JUL14,0.3374717154705375,bracket,neuralcaster_v2,,0.008311737251201684,2026-07-15T02:00:00+00:00,2026-07-14,bounded,1.0,0.7135721574737828,KXHIGHDEN-26JUL14-B95.5,bounded,0.7135721574737828,KXHIGHDEN-26JUL14-B95.5,,,1.0
,,0.12377260061500696,t_plus_20h,den,den:2026-07-14,,KXHIGHDEN-26JUL14,0.33848159321570886,bracket,neuralcaster_v2,,0.008426629168423428,2026-07-15T03:00:00+00:00,2026-07-14,bounded,1.0,0.7128519005792934,KXHIGHDEN-26JUL14-B95.5,bounded,0.7128519005792934,KXHIGHDEN-26JUL14-B95.5,,,1.0
,,0.12223250562089175,t_plus_21h,den,den:2026-07-14,,KXHIGHDEN-26JUL14,0.33724731265550195,bracket,neuralcaster_v2,,0.008224171376293755,2026-07-15T04:00:00+00:00,2026-07-14,bounded,1.0,0.7137323030425371,KXHIGHDEN-26JUL14-B95.5,bounded,0.7137323030425371,KXHIGHDEN-26JUL14-B95.5,,,1.0
,,0.12342413747952546,t_plus_22h,den,den:2026-07-14,,KXHIGHDEN-26JUL14,0.33944822104364036,bracket,neuralcaster_v2,,0.008287256503572928,2026-07-15T05:00:00+00:00,2026-07-14,bounded,1.0,0.7121631710212053,KXHIGHDEN-26JUL14-B95.5,bounded,0.7121631710212053,KXHIGHDEN-26JUL14-B95.5,,,1.0
,,0.12434458423782223,t_plus_23h,den,den:2026-07-14,,KXHIGHDEN-26JUL14,0.3408818114315834,bracket,neuralcaster_v2,,0.008355695334205776,2026-07-15T06:00:00+00:00,2026-07-14,bounded,1.0,0.7111429522072528,KXHIGHDEN-26JUL14-B95.5,bounded,0.7111429522072528,KXHIGHDEN-26JUL14-B95.5,,,1.0
,,0.4567947878095841,t_plus_0h,la,la:2026-07-14,,KXHIGHLAX-26JUL14,0.8645766082677094,bracket,neuralcaster_v2,,0.035001441516084066,2026-07-14T08:00:00+00:00,2026-07-14,bounded,1.0,0.42122986011786673,KXHIGHLAX-26JUL14-B76.5,bounded,0.42122986011786673,KXHIGHLAX-26JUL14-B76.5,,,1.0
,,0.4649810219246366,t_plus_1h,la,la:2026-07-14,,KXHIGHLAX-26JUL14,0.8408775164748936,bracket,neuralcaster_v2,,0.03931299677014578,2026-07-14T09:00:00+00:00,2026-07-14,bounded,1.0,0.43133185649991906,KXHIGHLAX-26JUL14-B76.5,bounded,0.43133185649991906,KXHIGHLAX-26JUL14-B76.5,,,1.0
,,0.48438627020052455,t_plus_2h,la,la:2026-07-14,,KXHIGHLAX-26JUL14,0.8243741167196725,bracket,neuralcaster_v2,,0.04594950006608461,2026-07-14T10:00:00+00:00,2026-07-14,bounded,1.0,0.4385093622723685,KXHIGHLAX-26JUL14-B76.5,bounded,0.4385093622723685,KXHIGHLAX-26JUL14-B76.5,,,1.0
,,0.489645645264074,t_plus_3h,la,la:2026-07-14,,KXHIGHLAX-26JUL14,0.8186167851845052,bracket,neuralcaster_v2,,0.04692237377001223,2026-07-14T11:00:00+00:00,2026-07-14,bounded,1.0,0.4410412876253061,KXHIGHLAX-26JUL14-B76.5,bounded,0.4410412876253061,KXHIGHLAX-26JUL14-B76.5,,,1.0
,,0.6143208190934614,t_plus_4h,la,la:2026-07-14,,KXHIGHLAX-26JUL14,0.9353748048494285,bracket,neuralcaster_v2,,0.06491666999254521,2026-07-14T12:00:00+00:00,2026-07-14,bounded,0.0,0.48752894108533834,KXHIGHLAX-26JUL14-B74.5,bounded,0.3924387500168265,KXHIGHLAX-26JUL14-B76.5,,,1.0
,,0.7100118897050922,t_plus_5h,la,la:2026-07-14,,KXHIGHLAX-26JUL14,1.0042238966393509,bracket,neuralcaster_v2,,0.07436143975877851,2026-07-14T13:00:00+00:00,2026-07-14,bounded,0.0,0.5521510051481138,KXHIGHLAX-26JUL14-B74.5,bounded,0.366328833544768,KXHIGHLAX-26JUL14-B76.5,,,1.0
,,0.7850115504403596,t_plus_6h,la,la:2026-07-14,,KXHIGHLAX-26JUL14,1.079945142561567,bracket,neuralcaster_v2,,0.08315352041317893,2026-07-14T14:00:00+00:00,2026-07-14,bounded,0.0,0.5879554954682359,KXHIGHLAX-26JUL14-B74.5,bounded,0.33961415549656765,KXHIGHLAX-26JUL14-B76.5,,,1.0
,,0.49350773766294254,t_plus_7h,la,la:2026-07-14,,KXHIGHLAX-26JUL14,0.7531511796283288,bracket,neuralcaster_v2,,0.049013775242596404,2026-07-14T15:00:00+00:00,2026-07-14,bounded,1.0,0.47088038370550417,KXHIGHLAX-26JUL14-B76.5,bounded,0.47088038370550417,KXHIGHLAX-26JUL14-B76.5,,,1.0
,,0.24657959267400698,t_plus_8h,la,la:2026-07-14,,KXHIGHLAX-26JUL14,0.48842315591335206,bracket,neuralcaster_v2,,0.020887748993913127,2026-07-14T16:00:00+00:00,2026-07-14,bounded,1.0,0.6135931725204419,KXHIGHLAX-26JUL14-B76.5,bounded,0.6135931725204419,KXHIGHLAX-26JUL14-B76.5,,,1.0
,,0.4981518347400421,t_plus_9h,la,la:2026-07-14,,KXHIGHLAX-26JUL14,0.7581400947156346,bracket,neuralcaster_v2,,0.04954120294406082,2026-07-14T17:00:00+00:00,2026-07-14,bounded,1.0,0.46853705165754117,KXHIGHLAX-26JUL14-B76.5,bounded,0.46853705165754117,KXHIGHLAX-26JUL14-B76.5,,,1.0
,,0.23661134404902032,t_plus_10h,la,la:2026-07-14,,KXHIGHLAX-26JUL14,0.47779969295114966,bracket,neuralcaster_v2,,0.019704376238072478,2026-07-14T18:00:00+00:00,2026-07-14,bounded,1.0,0.6201464042378723,KXHIGHLAX-26JUL14-B76.5,bounded,0.6201464042378723,KXHIGHLAX-26JUL14-B76.5,,,1.0
,,0.2868615674398118,t_plus_11h,la,la:2026-07-14,,KXHIGHLAX-26JUL14,0.529646558607501,bracket,neuralcaster_v2,,0.02581556713827593,2026-07-14T19:00:00+00:00,2026-07-14,bounded,1.0,0.588813043807309,KXHIGHLAX-26JUL14-B76.5,bounded,0.588813043807309,KXHIGHLAX-26JUL14-B76.5,,,1.0
,,0.24841858464734046,t_plus_12h,la,la:2026-07-14,,KXHIGHLAX-26JUL14,0.47703467022513024,bracket,neuralcaster_v2,,0.021073049560022435,2026-07-14T20:00:00+00:00,2026-07-14,bounded,1.0,0.6206210118502308,KXHIGHLAX-26JUL14-B76.5,bounded,0.6206210118502308,KXHIGHLAX-26JUL14-B76.5,,,1.0
,,0.1585486744833588,t_plus_13h,la,la:2026-07-14,,KXHIGHLAX-26JUL14,0.3829009738739177,bracket,neuralcaster_v2,,0.011635090235627935,2026-07-14T21:00:00+00:00,2026-07-14,bounded,1.0,0.681880419919218,KXHIGHLAX-26JUL14-B76.5,bounded,0.681880419919218,KXHIGHLAX-26JUL14-B76.5,,,1.0
,,0.2940773425481383,t_plus_14h,la,la:2026-07-14,,KXHIGHLAX-26JUL14,0.49837861948607937,bracket,neuralcaster_v2,,0.030553042129617236,2026-07-14T22:00:00+00:00,2026-07-14,bounded,1.0,0.6075148743830162,KXHIGHLAX-26JUL14-B76.5,bounded,0.6075148743830162,KXHIGHLAX-26JUL14-B76.5,,,1.0
,,0.46599207111089197,t_plus_15h,la,la:2026-07-14,,KXHIGHLAX-26JUL14,0.6899377192951056,bracket,neuralcaster_v2,,0.04947433294506946,2026-07-14T23:00:00+00:00,2026-07-14,bounded,1.0,0.5016073085499936,KXHIGHLAX-26JUL14-B76.5,bounded,0.5016073085499936,KXHIGHLAX-26JUL14-B76.5,,,1.0
,,0.6988148269625745,t_plus_16h,la,la:2026-07-14,,KXHIGHLAX-26JUL14,0.9521411569346864,bracket,neuralcaster_v2,,0.07536957528559447,2026-07-15T00:00:00+00:00,2026-07-14,bounded,0.0,0.5653469093168604,KXHIGHLAX-26JUL14-B78.5,bounded,0.3859138361151815,KXHIGHLAX-26JUL14-B76.5,,,1.0
,,0.2150169937389202,t_plus_17h,la,la:2026-07-14,,KXHIGHLAX-26JUL14,0.4051084408832323,bracket,neuralcaster_v2,,0.021941644634540937,2026-07-15T01:00:00+00:00,2026-07-14,bounded,1.0,0.6669044872254997,KXHIGHLAX-26JUL14-B76.5,bounded,0.6669044872254997,KXHIGHLAX-26JUL14-B76.5,,,1.0
,,0.21776458095868098,t_plus_18h,la,la:2026-07-14,,KXHIGHLAX-26JUL14,0.4084629429657486,bracket,neuralcaster_v2,,0.022239487476267417,2026-07-15T02:00:00+00:00,2026-07-14,bounded,1.0,0.6646711027749546,KXHIGHLAX-26JUL14-B76.5,bounded,0.6646711027749546,KXHIGHLAX-26JUL14-B76.5,,,1.0
,,0.2235874260767763,t_plus_19h,la,la:2026-07-14,,KXHIGHLAX-26JUL14,0.41553883917447176,bracket,neuralcaster_v2,,0.022871086130619996,2026-07-15T03:00:00+00:00,2026-07-14,bounded,1.0,0.6599845593401675,KXHIGHLAX-26JUL14-B76.5,bounded,0.6599845593401675,KXHIGHLAX-26JUL14-B76.5,,,1.0
,,0.22772983986303236,t_plus_20h,la,la:2026-07-14,,KXHIGHLAX-26JUL14,0.4205463484713778,bracket,neuralcaster_v2,,0.023320725682660356,2026-07-15T04:00:00+00:00,2026-07-14,bounded,1.0,0.6566879413347088,KXHIGHLAX-26JUL14-B76.5,bounded,0.6566879413347088,KXHIGHLAX-26JUL14-B76.5,,,1.0
,,0.2150169937389202,t_plus_21h,la,la:2026-07-14,,KXHIGHLAX-26JUL14,0.4051084408832323,bracket,neuralcaster_v2,,0.021941644634540937,2026-07-15T05:00:00+00:00,2026-07-14,bounded,1.0,0.6669044872254997,KXHIGHLAX-26JUL14-B76.5,bounded,0.6669044872254997,KXHIGHLAX-26JUL14-B76.5,,,1.0
,,0.2150169937389202,t_plus_22h,la,la:2026-07-14,,KXHIGHLAX-26JUL14,0.4051084408832323,bracket,neuralcaster_v2,,0.021941644634540937,2026-07-15T06:00:00+00:00,2026-07-14,bounded,1.0,0.6669044872254997,KXHIGHLAX-26JUL14-B76.5,bounded,0.6669044872254997,KXHIGHLAX-26JUL14-B76.5,,,1.0
,,0.2150169937389202,t_plus_23h,la,la:2026-07-14,,KXHIGHLAX-26JUL14,0.4051084408832323,bracket,neuralcaster_v2,,0.021941644634540937,2026-07-15T07:00:00+00:00,2026-07-14,bounded,1.0,0.6669044872254997,KXHIGHLAX-26JUL14-B76.5,bounded,0.6669044872254997,KXHIGHLAX-26JUL14-B76.5,,,1.0
,,0.40995670351052704,t_plus_0h,mia,mia:2026-07-14,,KXHIGHMIA-26JUL14,0.663271119167781,bracket,neuralcaster_v2,,0.039769863621854806,2026-07-14T05:00:00+00:00,2026-07-14,bounded,1.0,0.5151634143835528,KXHIGHMIA-26JUL14-B94.5,bounded,0.5151634143835528,KXHIGHMIA-26JUL14-B94.5,,,1.0
,,0.6431619402703295,t_plus_1h,mia,mia:2026-07-14,,KXHIGHMIA-26JUL14,0.9154902341782901,bracket,neuralcaster_v2,,0.06641959717181917,2026-07-14T06:00:00+00:00,2026-07-14,bounded,0.0,0.5301894737946982,KXHIGHMIA-26JUL14-B92.5,bounded,0.4003203272718621,KXHIGHMIA-26JUL14-B94.5,,,1.0
,,0.7044770050731453,t_plus_2h,mia,mia:2026-07-14,,KXHIGHMIA-26JUL14,0.9838275136030951,bracket,neuralcaster_v2,,0.07355644868847362,2026-07-14T07:00:00+00:00,2026-07-14,bounded,0.0,0.5566324649278955,KXHIGHMIA-26JUL14-B92.5,bounded,0.37387733613866475,KXHIGHMIA-26JUL14-B94.5,,,1.0
,,0.803671122846353,t_plus_3h,mia,mia:2026-07-14,,KXHIGHMIA-26JUL14,1.1050120401777803,bracket,neuralcaster_v2,,0.08598252311773902,2026-07-14T08:00:00+00:00,2026-07-14,bounded,0.0,0.5939814148529442,KXHIGHMIA-26JUL14-B92.5,bounded,0.3312068944280831,KXHIGHMIA-26JUL14-B94.5,,,1.0
,,0.5287676571026245,t_plus_4h,mia,mia:2026-07-14,,KXHIGHMIA-26JUL14,0.791063547143422,bracket,neuralcaster_v2,,0.05323300933951299,2026-07-14T09:00:00+00:00,2026-07-14,bounded,0.0,0.4771474345314517,KXHIGHMIA-26JUL14-B92.5,bounded,0.4533623665351086,KXHIGHMIA-26JUL14-B94.5,,,1.0
,,0.6811388212508536,t_plus_5h,mia,mia:2026-07-14,,KXHIGHMIA-26JUL14,0.9576386397482973,bracket,neuralcaster_v2,,0.07083497302035516,2026-07-14T10:00:00+00:00,2026-07-14,bounded,0.0,0.5467116986994688,KXHIGHMIA-26JUL14-B92.5,bounded,0.38379810236709144,KXHIGHMIA-26JUL14-B94.5,,,1.0
,,1.1487519362269751,t_plus_6h,mia,mia:2026-07-14,,KXHIGHMIA-26JUL14,1.7644909162461073,bracket,neuralcaster_v2,,0.14233331367808186,2026-07-14T11:00:00+00:00,2026-07-14,bounded,0.0,0.6588786272760659,KXHIGHMIA-26JUL14-B92.5,bounded,0.17127395708350662,KXHIGHMIA-26JUL14-B94.5,,,1.0
,,1.320737760923091,t_plus_7h,mia,mia:2026-07-14,,KXHIGHMIA-26JUL14,2.4978980206619794,bracket,neuralcaster_v2,,0.1834595408031609,2026-07-14T12:00:00+00:00,2026-07-14,bounded,0.0,0.6352928739700306,KXHIGHMIA-26JUL14-B92.5,bounded,0.08225772106086934,KXHIGHMIA-26JUL14-B94.5,,,1.0
,,0.6478889883831801,t_plus_8h,mia,mia:2026-07-14,,KXHIGHMIA-26JUL14,0.9207077469919692,bracket,neuralcaster_v2,,0.06696826183450502,2026-07-14T13:00:00+00:00,2026-07-14,bounded,0.0,0.5322727108479083,KXHIGHMIA-26JUL14-B92.5,bounded,0.398237090218652,KXHIGHMIA-26JUL14-B94.5,,,1.0
,,0.555981911134283,t_plus_9h,mia,mia:2026-07-14,,KXHIGHMIA-26JUL14,0.8204156557238347,bracket,neuralcaster_v2,,0.05635292433621776,2026-07-14T14:00:00+00:00,2026-07-14,bounded,0.0,0.49026117645736705,KXHIGHMIA-26JUL14-B92.5,bounded,0.4402486246091932,KXHIGHMIA-26JUL14-B94.5,,,1.0
,,0.7962421000570992,t_plus_10h,mia,mia:2026-07-14,,KXHIGHMIA-26JUL14,1.0949956429687802,bracket,neuralcaster_v2,,0.0849629239626972,2026-07-14T15:00:00+00:00,2026-07-14,bounded,0.0,0.5915916424628977,KXHIGHMIA-26JUL14-B92.5,bounded,0.3345410645512948,KXHIGHMIA-26JUL14-B94.5,,,1.0
,,0.8047981316688344,t_plus_11h,mia,mia:2026-07-14,,KXHIGHMIA-26JUL14,1.0893785513526504,bracket,neuralcaster_v2,,0.08427206103490616,2026-07-14T16:00:00+00:00,2026-07-14,bounded,0.0,0.6018776510156874,KXHIGHMIA-26JUL14-B92.5,bounded,0.3364254999285545,KXHIGHMIA-26JUL14-B94.5,,,1.0
,,0.8041030305870427,t_plus_12h,mia,mia:2026-07-14,,KXHIGHMIA-26JUL14,1.0885040324154946,bracket,neuralcaster_v2,,0.08418348477377038,2026-07-14T17:00:00+00:00,2026-07-14,bounded,0.0,0.6016301114915329,KXHIGHMIA-26JUL14-B92.5,bounded,0.3367198390830075,KXHIGHMIA-26JUL14-B94.5,,,1.0
,,0.6343635678582104,t_plus_13h,mia,mia:2026-07-14,,KXHIGHMIA-26JUL14,0.8762050108758237,bracket,neuralcaster_v2,,0.06216815613664102,2026-07-14T18:00:00+00:00,2026-07-14,bounded,0.0,0.5411470922972086,KXHIGHMIA-26JUL14-B92.5,bounded,0.4163599989420483,KXHIGHMIA-26JUL14-B94.5,,,1.0
,,0.4206918441392325,t_plus_14h,mia,mia:2026-07-14,,KXHIGHMIA-26JUL14,0.6504165977554052,bracket,neuralcaster_v2,,0.03877391945169205,2026-07-14T19:00:00+00:00,2026-07-14,bounded,1.0,0.5218283389573939,KXHIGHMIA-26JUL14-B94.5,bounded,0.5218283389573939,KXHIGHMIA-26JUL14-B94.5,,,1.0
,,0.4626604289400953,t_plus_15h,mia,mia:2026-07-14,,KXHIGHMIA-26JUL14,0.6914018778171575,bracket,neuralcaster_v2,,0.04308980981537201,2026-07-14T20:00:00+00:00,2026-07-14,bounded,1.0,0.5008734133350312,KXHIGHMIA-26JUL14-B94.5,bounded,0.5008734133350312,KXHIGHMIA-26JUL14-B94.5,,,1.0
,,0.1505814295286849,t_plus_16h,mia,mia:2026-07-14,,KXHIGHMIA-26JUL14,0.37293066963249,bracket,neuralcaster_v2,,0.01094450374365632,2026-07-14T21:00:00+00:00,2026-07-14,bounded,1.0,0.688712979912782,KXHIGHMIA-26JUL14-B94.5,bounded,0.688712979912782,KXHIGHMIA-26JUL14-B94.5,,,1.0
,,0.17040711491581137,t_plus_17h,mia,mia:2026-07-14,,KXHIGHMIA-26JUL14,0.3965219061196415,bracket,neuralcaster_v2,,0.012875262321290073,2026-07-14T22:00:00+00:00,2026-07-14,bounded,1.0,0.6726555412670735,KXHIGHMIA-26JUL14-B94.5,bounded,0.6726555412670735,KXHIGHMIA-26JUL14-B94.5,,,1.0
,,0.17193361675539037,t_plus_18h,mia,mia:2026-07-14,,KXHIGHMIA-26JUL14,0.3982665241881531,bracket,neuralcaster_v2,,0.01302797408341931,2026-07-14T23:00:00+00:00,2026-07-14,bounded,1.0,0.6714830373390587,KXHIGHMIA-26JUL14-B94.5,bounded,0.6714830373390587,KXHIGHMIA-26JUL14-B94.5,,,1.0
,,0.13427520727587808,t_plus_19h,mia,mia:2026-07-14,,KXHIGHMIA-26JUL14,0.3527367346425362,bracket,neuralcaster_v2,,0.009377053227012426,2026-07-15T00:00:00+00:00,2026-07-14,bounded,1.0,0.7027621819626765,KXHIGHMIA-26JUL14-B94.5,bounded,0.7027621819626765,KXHIGHMIA-26JUL14-B94.5,,,1.0
,,0.14895824057067697,t_plus_20h,mia,mia:2026-07-14,,KXHIGHMIA-26JUL14,0.37085805293464424,bracket,neuralcaster_v2,,0.01079598558045654,2026-07-15T01:00:00+00:00,2026-07-14,bounded,1.0,0.6901418982234259,KXHIGHMIA-26JUL14-B94.5,bounded,0.6901418982234259,KXHIGHMIA-26JUL14-B94.5,,,1.0
,,0.16969614426583812,t_plus_21h,mia,mia:2026-07-14,,KXHIGHMIA-26JUL14,0.3957062029891187,bracket,neuralcaster_v2,,0.012804314003698507,2026-07-15T02:00:00+00:00,2026-07-14,bounded,1.0,0.6732044523416537,KXHIGHMIA-26JUL14-B94.5,bounded,0.6732044523416537,KXHIGHMIA-26JUL14-B94.5,,,1.0
,,0.15830719878078442,t_plus_22h,mia,mia:2026-07-14,,KXHIGHMIA-26JUL14,0.38234775854465064,bracket,neuralcaster_v2,,0.011684209811512032,2026-07-15T03:00:00+00:00,2026-07-14,bounded,1.0,0.6822577509832853,KXHIGHMIA-26JUL14-B94.5,bounded,0.6822577509832853,KXHIGHMIA-26JUL14-B94.5,,,1.0
,,0.16503733354208094,t_plus_23h,mia,mia:2026-07-14,,KXHIGHMIA-26JUL14,0.39030994576472045,bracket,neuralcaster_v2,,0.012342289341832065,2026-07-15T04:00:00+00:00,2026-07-14,bounded,1.0,0.67684705610528,KXHIGHMIA-26JUL14-B94.5,bounded,0.67684705610528,KXHIGHMIA-26JUL14-B94.5,,,1.0
,,1.3225759803489017,t_plus_0h,nyc,nyc:2026-07-14,,KXHIGHNY-26JUL14,3.0696798279936597,bracket,neuralcaster_v2,,0.23048289100136182,2026-07-14T05:00:00+00:00,2026-07-14,bounded,0.0,0.45967324884863,KXHIGHNY-26JUL14-B92.5,bounded,0.04643601999129149,KXHIGHNY-26JUL14-B90.5,,,1.0
,,1.330297553799997,t_plus_1h,nyc,nyc:2026-07-14,,KXHIGHNY-26JUL14,2.613222419629654,bracket,neuralcaster_v2,,0.19008521792433014,2026-07-14T06:00:00+00:00,2026-07-14,bounded,0.0,0.6201250986890753,KXHIGHNY-26JUL14-B92.5,bounded,0.07329796598693059,KXHIGHNY-26JUL14-B90.5,,,1.0
,,1.0623646882984146,t_plus_2h,nyc,nyc:2026-07-14,,KXHIGHNY-26JUL14,1.5290792846957197,bracket,neuralcaster_v2,,0.1254347758618189,2026-07-14T07:00:00+00:00,2026-07-14,bounded,0.0,0.6588786272760659,KXHIGHNY-26JUL14-B92.5,bounded,0.21673512682744941,KXHIGHNY-26JUL14-B90.5,,,1.0
,,0.9660822719206763,t_plus_3h,nyc,nyc:2026-07-14,,KXHIGHNY-26JUL14,1.3388084144660426,bracket,neuralcaster_v2,,0.10892204107664631,2026-07-14T08:00:00+00:00,2026-07-14,bounded,0.0,0.6434724292456203,KXHIGHNY-26JUL14-B92.5,bounded,0.26215786605919533,KXHIGHNY-26JUL14-B90.5,,,1.0
,,1.0596562520779953,t_plus_4h,nyc,nyc:2026-07-14,,KXHIGHNY-26JUL14,1.5221848869309917,bracket,neuralcaster_v2,,0.12489249064324366,2026-07-14T09:00:00+00:00,2026-07-14,bounded,0.0,0.6588786272760659,KXHIGHNY-26JUL14-B92.5,bounded,0.21823454786461807,KXHIGHNY-26JUL14-B90.5,,,1.0
,,1.1279121717354217,t_plus_5h,nyc,nyc:2026-07-14,,KXHIGHNY-26JUL14,1.7045594935920676,bracket,neuralcaster_v2,,0.1385581838756859,2026-07-14T10:00:00+00:00,2026-07-14,bounded,0.0,0.658878627276066,KXHIGHNY-26JUL14-B92.5,bounded,0.18185247571494553,KXHIGHNY-26JUL14-B90.5,,,1.0
,,1.1696120092932203,t_plus_6h,nyc,nyc:2026-07-14,,KXHIGHNY-26JUL14,1.826937296293864,bracket,neuralcaster_v2,,0.14690650506843828,2026-07-14T11:00:00+00:00,2026-07-14,bounded,0.0,0.6588786272760659,KXHIGHNY-26JUL14-B92.5,bounded,0.16090562012436185,KXHIGHNY-26JUL14-B90.5,,,1.0
,,1.190987726531457,t_plus_7h,nyc,nyc:2026-07-14,,KXHIGHNY-26JUL14,1.8938187899668693,bracket,neuralcaster_v2,,0.15118579991095893,2026-07-14T12:00:00+00:00,2026-07-14,bounded,0.0,0.6588786272760659,KXHIGHNY-26JUL14-B92.5,bounded,0.15049599747958786,KXHIGHNY-26JUL14-B90.5,,,1.0
,,1.1521431352459102,t_plus_8h,nyc,nyc:2026-07-14,,KXHIGHNY-26JUL14,1.774467417352916,bracket,neuralcaster_v2,,0.14340927338266116,2026-07-14T13:00:00+00:00,2026-07-14,bounded,0.0,0.6588786272760659,KXHIGHNY-26JUL14-B92.5,bounded,0.16957373748441432,KXHIGHNY-26JUL14-B90.5,,,1.0
,,1.13598853775201,t_plus_9h,nyc,nyc:2026-07-14,,KXHIGHNY-26JUL14,1.7275134571377597,bracket,neuralcaster_v2,,0.1401751028185613,2026-07-14T14:00:00+00:00,2026-07-14,bounded,0.0,0.6588786272760659,KXHIGHNY-26JUL14-B92.5,bounded,0.17772578377410214,KXHIGHNY-26JUL14-B90.5,,,1.0
,,1.1120968305729322,t_plus_10h,nyc,nyc:2026-07-14,,KXHIGHNY-26JUL14,1.6605395168801194,bracket,neuralcaster_v2,,0.13539185185500652,2026-07-14T15:00:00+00:00,2026-07-14,bounded,0.0,0.658878627276066,KXHIGHNY-26JUL14-B92.5,bounded,0.19003642457989225,KXHIGHNY-26JUL14-B90.5,,,1.0
,,1.139032424365846,t_plus_11h,nyc,nyc:2026-07-14,,KXHIGHNY-26JUL14,1.7362522170901633,bracket,neuralcaster_v2,,0.14078449682591027,2026-07-14T16:00:00+00:00,2026-07-14,bounded,0.0,0.6588786272760659,KXHIGHNY-26JUL14-B92.5,bounded,0.17617944718508222,KXHIGHNY-26JUL14-B90.5,,,1.0
,,1.305512496197421,t_plus_12h,nyc,nyc:2026-07-14,,KXHIGHNY-26JUL14,2.3303724474672536,bracket,neuralcaster_v2,,0.1745583316318798,2026-07-14T17:00:00+00:00,2026-07-14,bounded,0.0,0.6575260514932345,KXHIGHNY-26JUL14-B92.5,bounded,0.09725951628240974,KXHIGHNY-26JUL14-B90.5,,,1.0
,,1.3040460673822547,t_plus_13h,nyc,nyc:2026-07-14,,KXHIGHNY-26JUL14,2.320148361249458,bracket,neuralcaster_v2,,0.1740234161709652,2026-07-14T18:00:00+00:00,2026-07-14,bounded,0.0,0.6583167667694395,KXHIGHNY-26JUL14-B92.5,bounded,0.09825900669391197,KXHIGHNY-26JUL14-B90.5,,,1.0
,,1.3533700115672265,t_plus_14h,nyc,nyc:2026-07-14,,KXHIGHNY-26JUL14,2.885735904310986,bracket,neuralcaster_v2,,0.20285065984852585,2026-07-14T19:00:00+00:00,2026-07-14,bounded,0.0,0.5905263650230556,KXHIGHNY-26JUL14-B92.5,bounded,0.0558137008765908,KXHIGHNY-26JUL14-B90.5,,,1.0
,,1.3263364282498589,t_plus_15h,nyc,nyc:2026-07-14,,KXHIGHNY-26JUL14,2.566047404173885,bracket,neuralcaster_v2,,0.18762460788666474,2026-07-14T20:00:00+00:00,2026-07-14,bounded,0.0,0.6261190597505883,KXHIGHNY-26JUL14-B92.5,bounded,0.0768386581477192,KXHIGHNY-26JUL14-B90.5,,,1.0
,,1.3603745114541717,t_plus_16h,nyc,nyc:2026-07-14,,KXHIGHNY-26JUL14,3.2525376463557327,bracket,neuralcaster_v2,,0.22692528034287548,2026-07-14T21:00:00+00:00,2026-07-14,bounded,0.0,0.5004246980142297,KXHIGHNY-26JUL14-B92.5,bounded,0.03867593734512812,KXHIGHNY-26JUL14-B90.5,,,1.0
,,1.4250461895596283,t_plus_17h,nyc,nyc:2026-07-14,,KXHIGHNY-26JUL14,4.018386646920778,bracket,neuralcaster_v2,,0.2719322091907068,2026-07-14T22:00:00+00:00,2026-07-14,bounded,0.0,0.5777472243114435,KXHIGHNY-26JUL14-B94.5,bounded,0.017981952788299,KXHIGHNY-26JUL14-B90.5,,,0.0
,,0.28807637636143135,t_plus_18h,nyc,nyc:2026-07-14,,KXHIGHNY-26JUL14,0.5308534163693717,bracket,neuralcaster_v2,,0.02622144694539417,2026-07-14T23:00:00+00:00,2026-07-14,bounded,1.0,0.5881028588474141,KXHIGHNY-26JUL14-B90.5,bounded,0.5881028588474141,KXHIGHNY-26JUL14-B90.5,,,1.0
,,0.5620307143164837,t_plus_19h,nyc,nyc:2026-07-14,,KXHIGHNY-26JUL14,0.7877092356019917,bracket,neuralcaster_v2,,0.05301396666036033,2026-07-15T00:00:00+00:00,2026-07-14,lower_tail,0.0,0.5138879531018598,KXHIGHNY-26JUL14-T90,bounded,0.45488563848973085,KXHIGHNY-26JUL14-B90.5,,,1.0
,,0.8463111586609185,t_plus_20h,nyc,nyc:2026-07-14,,KXHIGHNY-26JUL14,1.0708889565274882,bracket,neuralcaster_v2,,0.082871401414972,2026-07-15T01:00:00+00:00,2026-07-14,lower_tail,0.0,0.6435480377546081,KXHIGHNY-26JUL14-T90,bounded,0.3427037332481733,KXHIGHNY-26JUL14-B90.5,,,1.0
,,0.8364754691822791,t_plus_21h,nyc,nyc:2026-07-14,,KXHIGHNY-26JUL14,1.0606566786972105,bracket,neuralcaster_v2,,0.08182912941482455,2026-07-15T02:00:00+00:00,2026-07-14,lower_tail,0.0,0.6394742494791787,KXHIGHNY-26JUL14-T90,bounded,0.3462283748640747,KXHIGHNY-26JUL14-B90.5,,,1.0
,,0.7848124731126636,t_plus_22h,nyc,nyc:2026-07-14,,KXHIGHNY-26JUL14,1.0075857130429289,bracket,neuralcaster_v2,,0.0763637536520958,2026-07-15T03:00:00+00:00,2026-07-14,lower_tail,0.0,0.617663111972793,KXHIGHNY-26JUL14-T90,bounded,0.3650993710345997,KXHIGHNY-26JUL14-B90.5,,,1.0
,,0.7691494980739737,t_plus_23h,nyc,nyc:2026-07-14,,KXHIGHNY-26JUL14,0.9917010285487409,bracket,neuralcaster_v2,,0.07471001315000671,2026-07-15T04:00:00+00:00,2026-07-14,lower_tail,0.0,0.6109065300246682,KXHIGHNY-26JUL14-T90,bounded,0.37094516573611724,KXHIGHNY-26JUL14-B90.5,,,1.0
,,0.7808968109405741,t_plus_0h,okc,okc:2026-07-14,,KXHIGHTOKC-26JUL14,1.1843000696248411,bracket,neuralcaster_v2,,0.09061606779017205,2026-07-14T06:00:00+00:00,2026-07-14,bounded,0.0,0.530541539506666,KXHIGHTOKC-26JUL14-B88.5,bounded,0.3059602554472215,KXHIGHTOKC-26JUL14-B90.5,,,1.0
,,0.2989248368660354,t_plus_1h,okc,okc:2026-07-14,,KXHIGHTOKC-26JUL14,0.542124918775961,bracket,neuralcaster_v2,,0.02729197764537778,2026-07-14T07:00:00+00:00,2026-07-14,bounded,1.0,0.581511274375191,KXHIGHTOKC-26JUL14-B90.5,bounded,0.581511274375191,KXHIGHTOKC-26JUL14-B90.5,,,1.0
,,0.17389513493669376,t_plus_2h,okc,okc:2026-07-14,,KXHIGHTOKC-26JUL14,0.41721593856513234,bracket,neuralcaster_v2,,0.011704763087103488,2026-07-14T08:00:00+00:00,2026-07-14,bounded,1.0,0.6588786272760659,KXHIGHTOKC-26JUL14-B90.5,bounded,0.6588786272760659,KXHIGHTOKC-26JUL14-B90.5,,,1.0
,,0.17828943069733452,t_plus_3h,okc,okc:2026-07-14,,KXHIGHTOKC-26JUL14,0.41721593856513234,bracket,neuralcaster_v2,,0.012608438554826271,2026-07-14T09:00:00+00:00,2026-07-14,bounded,1.0,0.6588786272760659,KXHIGHTOKC-26JUL14-B90.5,bounded,0.6588786272760659,KXHIGHTOKC-26JUL14-B90.5,,,1.0
,,0.18544967507850538,t_plus_4h,okc,okc:2026-07-14,,KXHIGHTOKC-26JUL14,0.4198073318455981,bracket,neuralcaster_v2,,0.013922153834189793,2026-07-14T10:00:00+00:00,2026-07-14,bounded,1.0,0.6571734240090927,KXHIGHTOKC-26JUL14-B90.5,bounded,0.6571734240090927,KXHIGHTOKC-26JUL14-B90.5,,,1.0
,,0.18469139902373202,t_plus_5h,okc,okc:2026-07-14,,KXHIGHTOKC-26JUL14,0.4189416000917201,bracket,neuralcaster_v2,,0.013824162799389864,2026-07-14T11:00:00+00:00,2026-07-14,bounded,1.0,0.657742606254084,KXHIGHTOKC-26JUL14-B90.5,bounded,0.657742606254084,KXHIGHTOKC-26JUL14-B90.5,,,1.0
,,0.1780945211558054,t_plus_6h,okc,okc:2026-07-14,,KXHIGHTOKC-26JUL14,0.41721593856513234,bracket,neuralcaster_v2,,0.012569054005373564,2026-07-14T12:00:00+00:00,2026-07-14,bounded,1.0,0.6588786272760659,KXHIGHTOKC-26JUL14-B90.5,bounded,0.6588786272760659,KXHIGHTOKC-26JUL14-B90.5,,,1.0
,,0.17471622777585302,t_plus_7h,okc,okc:2026-07-14,,KXHIGHTOKC-26JUL14,0.41721593856513234,bracket,neuralcaster_v2,,0.01188405001339556,2026-07-14T13:00:00+00:00,2026-07-14,bounded,1.0,0.6588786272760659,KXHIGHTOKC-26JUL14-B90.5,bounded,0.6588786272760659,KXHIGHTOKC-26JUL14-B90.5,,,1.0
,,0.17354569404545828,t_plus_8h,okc,okc:2026-07-14,,KXHIGHTOKC-26JUL14,0.41721593856513217,bracket,neuralcaster_v2,,0.011641253552899139,2026-07-14T14:00:00+00:00,2026-07-14,bounded,1.0,0.658878627276066,KXHIGHTOKC-26JUL14-B90.5,bounded,0.658878627276066,KXHIGHTOKC-26JUL14-B90.5,,,1.0
,,0.1737034728911143,t_plus_9h,okc,okc:2026-07-14,,KXHIGHTOKC-26JUL14,0.41721593856513234,bracket,neuralcaster_v2,,0.011675481871352941,2026-07-14T15:00:00+00:00,2026-07-14,bounded,1.0,0.6588786272760659,KXHIGHTOKC-26JUL14-B90.5,bounded,0.6588786272760659,KXHIGHTOKC-26JUL14-B90.5,,,1.0
,,0.17536855625155845,t_plus_10h,okc,okc:2026-07-14,,KXHIGHTOKC-26JUL14,0.41721593856513234,bracket,neuralcaster_v2,,0.012016897128851557,2026-07-14T16:00:00+00:00,2026-07-14,bounded,1.0,0.6588786272760659,KXHIGHTOKC-26JUL14-B90.5,bounded,0.6588786272760659,KXHIGHTOKC-26JUL14-B90.5,,,1.0
,,0.180825309838364,t_plus_11h,okc,okc:2026-07-14,,KXHIGHTOKC-26JUL14,0.41721593856513234,bracket,neuralcaster_v2,,0.01312024700143232,2026-07-14T17:00:00+00:00,2026-07-14,bounded,1.0,0.6588786272760659,KXHIGHTOKC-26JUL14-B90.5,bounded,0.6588786272760659,KXHIGHTOKC-26JUL14-B90.5,,,1.0
,,0.17714116847486788,t_plus_12h,okc,okc:2026-07-14,,KXHIGHTOKC-26JUL14,0.41721593856513234,bracket,neuralcaster_v2,,0.01237627671299922,2026-07-14T18:00:00+00:00,2026-07-14,bounded,1.0,0.6588786272760659,KXHIGHTOKC-26JUL14-B90.5,bounded,0.6588786272760659,KXHIGHTOKC-26JUL14-B90.5,,,1.0
,,0.1656053896038784,t_plus_13h,okc,okc:2026-07-14,,KXHIGHTOKC-26JUL14,0.379963465680488,bracket,neuralcaster_v2,,0.013403321781699904,2026-07-14T19:00:00+00:00,2026-07-14,bounded,1.0,0.6838863940799818,KXHIGHTOKC-26JUL14-B90.5,bounded,0.6838863940799818,KXHIGHTOKC-26JUL14-B90.5,,,1.0
,,0.14273803521772085,t_plus_14h,okc,okc:2026-07-14,,KXHIGHTOKC-26JUL14,0.36722506370055413,bracket,neuralcaster_v2,,0.009851395100799068,2026-07-14T20:00:00+00:00,2026-07-14,bounded,1.0,0.6926537362872575,KXHIGHTOKC-26JUL14-B90.5,bounded,0.6926537362872575,KXHIGHTOKC-26JUL14-B90.5,,,1.0
,,0.14427185360194134,t_plus_15h,okc,okc:2026-07-14,,KXHIGHTOKC-26JUL14,0.3659226441775819,bracket,neuralcaster_v2,,0.010237424546207272,2026-07-14T21:00:00+00:00,2026-07-14,bounded,1.0,0.6935564497642799,KXHIGHTOKC-26JUL14-B90.5,bounded,0.6935564497642799,KXHIGHTOKC-26JUL14-B90.5,,,1.0
,,0.1952154930274357,t_plus_16h,okc,okc:2026-07-14,,KXHIGHTOKC-26JUL14,0.4238574079153213,bracket,neuralcaster_v2,,0.01534090937895237,2026-07-14T22:00:00+00:00,2026-07-14,bounded,1.0,0.6545172042277974,KXHIGHTOKC-26JUL14-B90.5,bounded,0.6545172042277974,KXHIGHTOKC-26JUL14-B90.5,,,1.0
,,0.15310306208956384,t_plus_17h,okc,okc:2026-07-14,,KXHIGHTOKC-26JUL14,0.3760434646560467,bracket,neuralcaster_v2,,0.011137502648467051,2026-07-14T23:00:00+00:00,2026-07-14,bounded,1.0,0.6865724907566015,KXHIGHTOKC-26JUL14-B90.5,bounded,0.6865724907566015,KXHIGHTOKC-26JUL14-B90.5,,,1.0
,,0.12852839729143925,t_plus_18h,okc,okc:2026-07-14,,KXHIGHTOKC-26JUL14,0.34551999879059175,bracket,neuralcaster_v2,,0.008799739997495459,2026-07-15T00:00:00+00:00,2026-07-14,bounded,1.0,0.707852175474876,KXHIGHTOKC-26JUL14-B90.5,bounded,0.707852175474876,KXHIGHTOKC-26JUL14-B90.5,,,1.0
,,0.13908027868852754,t_plus_19h,okc,okc:2026-07-14,,KXHIGHTOKC-26JUL14,0.3578789876445822,bracket,neuralcaster_v2,,0.009876296906050379,2026-07-15T01:00:00+00:00,2026-07-14,bounded,1.0,0.6991576766047575,KXHIGHTOKC-26JUL14-B90.5,bounded,0.6991576766047575,KXHIGHTOKC-26JUL14-B90.5,,,1.0
,,0.133466177588433,t_plus_20h,okc,okc:2026-07-14,,KXHIGHTOKC-26JUL14,0.3507466611814037,bracket,neuralcaster_v2,,0.009350390388497953,2026-07-15T02:00:00+00:00,2026-07-14,bounded,1.0,0.7041621228610763,KXHIGHTOKC-26JUL14-B90.5,bounded,0.7041621228610763,KXHIGHTOKC-26JUL14-B90.5,,,1.0
,,0.1272990137453902,t_plus_21h,okc,okc:2026-07-14,,KXHIGHTOKC-26JUL14,0.34451351679606756,bracket,neuralcaster_v2,,0.00863928439909305,2026-07-15T03:00:00+00:00,2026-07-14,bounded,1.0,0.7085649745938433,KXHIGHTOKC-26JUL14-B90.5,bounded,0.7085649745938433,KXHIGHTOKC-26JUL14-B90.5,,,1.0
,,0.12835974160253005,t_plus_22h,okc,okc:2026-07-14,,KXHIGHTOKC-26JUL14,0.34536243769989966,bracket,neuralcaster_v2,,0.008779249092118807,2026-07-15T04:00:00+00:00,2026-07-14,bounded,1.0,0.7079637142225452,KXHIGHTOKC-26JUL14-B90.5,bounded,0.7079637142225452,KXHIGHTOKC-26JUL14-B90.5,,,1.0
,,0.12942215889790867,t_plus_23h,okc,okc:2026-07-14,,KXHIGHTOKC-26JUL14,0.34639796606581447,bracket,neuralcaster_v2,,0.00890493418558096,2026-07-15T05:00:00+00:00,2026-07-14,bounded,1.0,0.7072309771649107,KXHIGHTOKC-26JUL14-B90.5,bounded,0.7072309771649107,KXHIGHTOKC-26JUL14-B90.5,,,1.0
,,0.1297895804710307,t_plus_0h,aus,aus:2026-07-15,,KXHIGHAUS-26JUL15,0.3199195130978945,bracket,neuralcaster_v2,,0.015366932281424852,2026-07-15T06:00:00+00:00,2026-07-15,lower_tail,1.0,0.7262074849122631,KXHIGHAUS-26JUL15-T82,lower_tail,0.7262074849122631,KXHIGHAUS-26JUL15-T82,,,1.0
,,0.1801116717336575,t_plus_1h,aus,aus:2026-07-15,,KXHIGHAUS-26JUL15,0.3900513802363765,bracket,neuralcaster_v2,,0.02140826287392561,2026-07-15T07:00:00+00:00,2026-07-15,lower_tail,1.0,0.6770220880495883,KXHIGHAUS-26JUL15-T82,lower_tail,0.6770220880495883,KXHIGHAUS-26JUL15-T82,,,1.0
,,0.2522877013124114,t_plus_2h,aus,aus:2026-07-15,,KXHIGHAUS-26JUL15,0.490957802258213,bracket,neuralcaster_v2,,0.03128797417344447,2026-07-15T08:00:00+00:00,2026-07-15,lower_tail,1.0,0.6120399001581135,KXHIGHAUS-26JUL15-T82,lower_tail,0.6120399001581135,KXHIGHAUS-26JUL15-T82,,,1.0
,,0.20374593652969084,t_plus_3h,aus,aus:2026-07-15,,KXHIGHAUS-26JUL15,0.4269553320407005,bracket,neuralcaster_v2,,0.02502809278567052,2026-07-15T09:00:00+00:00,2026-07-15,lower_tail,1.0,0.6524926970942118,KXHIGHAUS-26JUL15-T82,lower_tail,0.6524926970942118,KXHIGHAUS-26JUL15-T82,,,1.0
,,0.1984137377180719,t_plus_4h,aus,aus:2026-07-15,,KXHIGHAUS-26JUL15,0.42011383679734265,bracket,neuralcaster_v2,,0.024392933996122065,2026-07-15T10:00:00+00:00,2026-07-15,lower_tail,1.0,0.6569720279664979,KXHIGHAUS-26JUL15-T82,lower_tail,0.6569720279664979,KXHIGHAUS-26JUL15-T82,,,1.0
,,0.18999924007981916,t_plus_5h,aus,aus:2026-07-15,,KXHIGHAUS-26JUL15,0.4085968970743544,bracket,neuralcaster_v2,,0.023306701783476276,2026-07-15T11:00:00+00:00,2026-07-15,lower_tail,1.0,0.6645820733129305,KXHIGHAUS-26JUL15-T82,lower_tail,0.6645820733129305,KXHIGHAUS-26JUL15-T82,,,1.0
,,0.13801957634623838,t_plus_6h,aus,aus:2026-07-15,,KXHIGHAUS-26JUL15,0.3346852368087451,bracket,neuralcaster_v2,,0.01668673792838156,2026-07-15T12:00:00+00:00,2026-07-15,lower_tail,1.0,0.7155632838915351,KXHIGHAUS-26JUL15-T82,lower_tail,0.7155632838915351,KXHIGHAUS-26JUL15-T82,,,1.0
,,0.5127144326013282,t_plus_7h,aus,aus:2026-07-15,,KXHIGHAUS-26JUL15,0.8483692844899949,bracket,neuralcaster_v2,,0.07098986238605051,2026-07-15T13:00:00+00:00,2026-07-15,lower_tail,1.0,0.4281124927144618,KXHIGHAUS-26JUL15-T82,lower_tail,0.4281124927144618,KXHIGHAUS-26JUL15-T82,,,1.0
,,0.6014475993844536,t_plus_8h,aus,aus:2026-07-15,,KXHIGHAUS-26JUL15,0.9594618794825575,bracket,neuralcaster_v2,,0.08212766159915037,2026-07-15T14:00:00+00:00,2026-07-15,bounded,0.0,0.4448786773170926,KXHIGHAUS-26JUL15-B82.5,lower_tail,0.38309898394083663,KXHIGHAUS-26JUL15-T82,,,1.0
,,0.0847920084481078,t_plus_9h,aus,aus:2026-07-15,,KXHIGHAUS-26JUL15,0.2504662846790257,bracket,neuralcaster_v2,,0.01007173144913225,2026-07-15T15:00:00+00:00,2026-07-15,lower_tail,1.0,0.7784377248490668,KXHIGHAUS-26JUL15-T82,lower_tail,0.7784377248490668,KXHIGHAUS-26JUL15-T82,,,1.0
,,0.26493270302325833,t_plus_10h,aus,aus:2026-07-15,,KXHIGHAUS-26JUL15,0.48788900283630304,bracket,neuralcaster_v2,,0.030289893798988353,2026-07-15T16:00:00+00:00,2026-07-15,lower_tail,1.0,0.6139210127522393,KXHIGHAUS-26JUL15-T82,lower_tail,0.6139210127522393,KXHIGHAUS-26JUL15-T82,,,1.0
,,0.13096529876316074,t_plus_11h,aus,aus:2026-07-15,,KXHIGHAUS-26JUL15,0.31117933049459534,bracket,neuralcaster_v2,,0.014425731543879805,2026-07-15T17:00:00+00:00,2026-07-15,lower_tail,1.0,0.7325824897087007,KXHIGHAUS-26JUL15-T82,lower_tail,0.7325824897087007,KXHIGHAUS-26JUL15-T82,,,1.0
,,0.5705082894943445,t_plus_12h,aus,aus:2026-07-15,,KXHIGHAUS-26JUL15,0.8085682161908523,bracket,neuralcaster_v2,,0.06187143734384946,2026-07-15T18:00:00+00:00,2026-07-15,bounded,0.0,0.5112843011541008,KXHIGHAUS-26JUL15-B82.5,lower_tail,0.44549546299783016,KXHIGHAUS-26JUL15-T82,,,1.0
,,0.8425781372434339,t_plus_13h,aus,aus:2026-07-15,,KXHIGHAUS-26JUL15,1.1451783850984716,bracket,neuralcaster_v2,,0.0939918336742262,2026-07-15T19:00:00+00:00,2026-07-15,bounded,0.0,0.6107749414653632,KXHIGHAUS-26JUL15-B82.5,lower_tail,0.3181671564483473,KXHIGHAUS-26JUL15-T82,,,1.0
,,0.08250722000387957,t_plus_14h,aus,aus:2026-07-15,,KXHIGHAUS-26JUL15,0.22952288808389498,bracket,neuralcaster_v2,,0.0084181063073855,2026-07-15T20:00:00+00:00,2026-07-15,lower_tail,1.0,0.7949127743993564,KXHIGHAUS-26JUL15-T82,lower_tail,0.7949127743993564,KXHIGHAUS-26JUL15-T82,,,1.0
,,0.0009914582563467632,t_plus_15h,aus,aus:2026-07-15,,KXHIGHAUS-26JUL15,0.02441865776410773,bracket,neuralcaster_v2,,0.00012233547819943594,2026-07-15T21:00:00+00:00,2026-07-15,lower_tail,1.0,0.9758770657125017,KXHIGHAUS-26JUL15-T82,lower_tail,0.9758770657125017,KXHIGHAUS-26JUL15-T82,,,1.0
,,0.0020329069788185597,t_plus_16h,aus,aus:2026-07-15,,KXHIGHAUS-26JUL15,0.03436415532650799,bracket,neuralcaster_v2,,0.000234175552961794,2026-07-15T22:00:00+00:00,2026-07-15,lower_tail,1.0,0.966219586555953,KXHIGHAUS-26JUL15-T82,lower_tail,0.966219586555953,KXHIGHAUS-26JUL15-T82,,,1.0
,,0.0009763505619751346,t_plus_17h,aus,aus:2026-07-15,,KXHIGHAUS-26JUL15,0.024243112083311442,bracket,neuralcaster_v2,,0.00012068819398840284,2026-07-15T23:00:00+00:00,2026-07-15,lower_tail,1.0,0.9760483917537089,KXHIGHAUS-26JUL15-T82,lower_tail,0.9760483917537089,KXHIGHAUS-26JUL15-T82,,,1.0
,,0.19663577591110518,t_plus_18h,aus,aus:2026-07-15,,KXHIGHAUS-26JUL15,0.3823850984957943,bracket,neuralcaster_v2,,0.020212613004305966,2026-07-16T00:00:00+00:00,2026-07-15,lower_tail,1.0,0.6822322759878168,KXHIGHAUS-26JUL15-T82,lower_tail,0.6822322759878168,KXHIGHAUS-26JUL15-T82,,,1.0
,,0.1961452456980909,t_plus_19h,aus,aus:2026-07-15,,KXHIGHAUS-26JUL15,0.3817714788638888,bracket,neuralcaster_v2,,0.020159228717068177,2026-07-16T01:00:00+00:00,2026-07-15,lower_tail,1.0,0.6826510355722939,KXHIGHAUS-26JUL15-T82,lower_tail,0.6826510355722939,KXHIGHAUS-26JUL15-T82,,,1.0
,,0.1929805233399683,t_plus_20h,aus,aus:2026-07-15,,KXHIGHAUS-26JUL15,0.3778029362615476,bracket,neuralcaster_v2,,0.01981490935121857,2026-07-16T02:00:00+00:00,2026-07-15,lower_tail,1.0,0.6853655480560679,KXHIGHAUS-26JUL15-T82,lower_tail,0.6853655480560679,KXHIGHAUS-26JUL15-T82,,,1.0
,,0.1946427388315267,t_plus_21h,aus,aus:2026-07-15,,KXHIGHAUS-26JUL15,0.37988945099877763,bracket,neuralcaster_v2,,0.019995736153818167,2026-07-16T03:00:00+00:00,2026-07-15,lower_tail,1.0,0.6839370135870358,KXHIGHAUS-26JUL15-T82,lower_tail,0.6839370135870358,KXHIGHAUS-26JUL15-T82,,,1.0
,,0.1905469710808505,t_plus_22h,aus,aus:2026-07-15,,KXHIGHAUS-26JUL15,0.3747396239520232,bracket,neuralcaster_v2,,0.01955025634648286,2026-07-16T04:00:00+00:00,2026-07-15,lower_tail,1.0,0.687468255756847,KXHIGHAUS-26JUL15-T82,lower_tail,0.687468255756847,KXHIGHAUS-26JUL15-T82,,,1.0
,,0.18880366866742862,t_plus_23h,aus,aus:2026-07-15,,KXHIGHAUS-26JUL15,0.3725388006071931,bracket,neuralcaster_v2,,0.019360732201178423,2026-07-16T05:00:00+00:00,2026-07-15,lower_tail,1.0,0.6889829180836794,KXHIGHAUS-26JUL15-T82,lower_tail,0.6889829180836794,KXHIGHAUS-26JUL15-T82,,,1.0
,,0.36825503848403857,t_plus_0h,den,den:2026-07-15,,KXHIGHDEN-26JUL15,0.6905590749299413,bracket,neuralcaster_v2,,0.02961717499963412,2026-07-15T07:00:00+00:00,2026-07-15,bounded,1.0,0.5012957288332822,KXHIGHDEN-26JUL15-B93.5,bounded,0.5012957288332822,KXHIGHDEN-26JUL15-B93.5,,,1.0
,,0.3460616227763066,t_plus_1h,den,den:2026-07-15,,KXHIGHDEN-26JUL15,0.6812100698505,bracket,neuralcaster_v2,,0.02579006935329292,2026-07-15T08:00:00+00:00,2026-07-15,bounded,1.0,0.5060043211796018,KXHIGHDEN-26JUL15-B93.5,bounded,0.5060043211796018,KXHIGHDEN-26JUL15-B93.5,,,1.0
,,0.4445941574837954,t_plus_2h,den,den:2026-07-15,,KXHIGHDEN-26JUL15,0.8159202727343586,bracket,neuralcaster_v2,,0.03594087433929943,2026-07-15T09:00:00+00:00,2026-07-15,bounded,1.0,0.44223216583578634,KXHIGHDEN-26JUL15-B93.5,bounded,0.44223216583578634,KXHIGHDEN-26JUL15-B93.5,,,1.0
,,0.5353049972010574,t_plus_3h,den,den:2026-07-15,,KXHIGHDEN-26JUL15,0.9268149164989251,bracket,neuralcaster_v2,,0.05266139514163117,2026-07-15T10:00:00+00:00,2026-07-15,bounded,1.0,0.3958124003370227,KXHIGHDEN-26JUL15-B93.5,bounded,0.3958124003370227,KXHIGHDEN-26JUL15-B93.5,,,1.0
,,0.5636263832543683,t_plus_4h,den,den:2026-07-15,,KXHIGHDEN-26JUL15,0.9740481772632997,bracket,neuralcaster_v2,,0.060159608745276386,2026-07-15T11:00:00+00:00,2026-07-15,bounded,0.0,0.3938176638557179,KXHIGHDEN-26JUL15-B91.5,bounded,0.37755154473743313,KXHIGHDEN-26JUL15-B93.5,,,1.0
,,0.5330461743062734,t_plus_5h,den,den:2026-07-15,,KXHIGHDEN-26JUL15,0.9404689306791578,bracket,neuralcaster_v2,,0.05077653378858611,2026-07-15T12:00:00+00:00,2026-07-15,bounded,1.0,0.39044470092442163,KXHIGHDEN-26JUL15-B93.5,bounded,0.39044470092442163,KXHIGHDEN-26JUL15-B93.5,,,1.0
,,0.4905485745117791,t_plus_6h,den,den:2026-07-15,,KXHIGHDEN-26JUL15,0.8948718113393698,bracket,neuralcaster_v2,,0.041893352487158,2026-07-15T13:00:00+00:00,2026-07-15,bounded,1.0,0.40865998085897304,KXHIGHDEN-26JUL15-B93.5,bounded,0.40865998085897304,KXHIGHDEN-26JUL15-B93.5,,,1.0
,,0.498296403314931,t_plus_7h,den,den:2026-07-15,,KXHIGHDEN-26JUL15,0.9064350901180113,bracket,neuralcaster_v2,,0.04316093974764837,2026-07-15T14:00:00+00:00,2026-07-15,bounded,1.0,0.4039617474158821,KXHIGHDEN-26JUL15-B93.5,bounded,0.4039617474158821,KXHIGHDEN-26JUL15-B93.5,,,1.0
,,0.5437763671253498,t_plus_8h,den,den:2026-07-15,,KXHIGHDEN-26JUL15,0.9568805793626658,bracket,neuralcaster_v2,,0.053752810530268216,2026-07-15T15:00:00+00:00,2026-07-15,bounded,1.0,0.3840891548083015,KXHIGHDEN-26JUL15-B93.5,bounded,0.3840891548083015,KXHIGHDEN-26JUL15-B93.5,,,1.0
,,0.5464465978125751,t_plus_9h,den,den:2026-07-15,,KXHIGHDEN-26JUL15,0.9621503322279646,bracket,neuralcaster_v2,,0.054405887774697737,2026-07-15T16:00:00+00:00,2026-07-15,bounded,1.0,0.38207042366306654,KXHIGHDEN-26JUL15-B93.5,bounded,0.38207042366306654,KXHIGHDEN-26JUL15-B93.5,,,1.0
,,0.5513285952128123,t_plus_10h,den,den:2026-07-15,,KXHIGHDEN-26JUL15,0.9709244044984069,bracket,neuralcaster_v2,,0.055672250835708134,2026-07-15T17:00:00+00:00,2026-07-15,bounded,1.0,0.3787327739555257,KXHIGHDEN-26JUL15-B93.5,bounded,0.3787327739555257,KXHIGHDEN-26JUL15-B93.5,,,1.0
,,0.5346267067403202,t_plus_11h,den,den:2026-07-15,,KXHIGHDEN-26JUL15,0.9252117747045812,bracket,neuralcaster_v2,,0.05251618729642318,2026-07-15T18:00:00+00:00,2026-07-15,bounded,1.0,0.3964474526421582,KXHIGHDEN-26JUL15-B93.5,bounded,0.3964474526421582,KXHIGHDEN-26JUL15-B93.5,,,1.0
,,0.4250228500115424,t_plus_12h,den,den:2026-07-15,,KXHIGHDEN-26JUL15,0.7517850588319193,bracket,neuralcaster_v2,,0.03684523106131302,2026-07-15T19:00:00+00:00,2026-07-15,bounded,1.0,0.47152410278920553,KXHIGHDEN-26JUL15-B93.5,bounded,0.47152410278920553,KXHIGHDEN-26JUL15-B93.5,,,1.0
,,0.34554989543548975,t_plus_13h,den,den:2026-07-15,,KXHIGHDEN-26JUL15,0.6262869514190534,bracket,neuralcaster_v2,,0.03060689438211006,2026-07-15T20:00:00+00:00,2026-07-15,bounded,1.0,0.5345730161356549,KXHIGHDEN-26JUL15-B93.5,bounded,0.5345730161356549,KXHIGHDEN-26JUL15-B93.5,,,1.0
,,0.31223491132951947,t_plus_14h,den,den:2026-07-15,,KXHIGHDEN-26JUL15,0.5561502612842746,bracket,neuralcaster_v2,,0.028953500998086624,2026-07-15T21:00:00+00:00,2026-07-15,bounded,1.0,0.5734123077322308,KXHIGHDEN-26JUL15-B93.5,bounded,0.5734123077322308,KXHIGHDEN-26JUL15-B93.5,,,1.0
,,0.22993302536523272,t_plus_15h,den,den:2026-07-15,,KXHIGHDEN-26JUL15,0.46003684837334474,bracket,neuralcaster_v2,,0.019059608641072968,2026-07-15T22:00:00+00:00,2026-07-15,bounded,1.0,0.6312603841600439,KXHIGHDEN-26JUL15-B93.5,bounded,0.6312603841600439,KXHIGHDEN-26JUL15-B93.5,,,1.0
,,0.39490026076098367,t_plus_16h,den,den:2026-07-15,,KXHIGHDEN-26JUL15,0.6253085638136263,bracket,neuralcaster_v2,,0.03610657941786233,2026-07-15T23:00:00+00:00,2026-07-15,bounded,1.0,0.5350962916902544,KXHIGHDEN-26JUL15-B93.5,bounded,0.5350962916902544,KXHIGHDEN-26JUL15-B93.5,,,1.0
,,0.12811699112279257,t_plus_17h,den,den:2026-07-15,,KXHIGHDEN-26JUL15,0.342907917527491,bracket,neuralcaster_v2,,0.008956746949963557,2026-07-16T00:00:00+00:00,2026-07-15,bounded,1.0,0.709703559809984,KXHIGHDEN-26JUL15-B93.5,bounded,0.709703559809984,KXHIGHDEN-26JUL15-B93.5,,,1.0
,,0.1289920367137356,t_plus_18h,den,den:2026-07-15,,KXHIGHDEN-26JUL15,0.3439916943616116,bracket,neuralcaster_v2,,0.009043396842796852,2026-07-16T01:00:00+00:00,2026-07-15,bounded,1.0,0.7089348161812825,KXHIGHDEN-26JUL15-B93.5,bounded,0.7089348161812825,KXHIGHDEN-26JUL15-B93.5,,,1.0
,,0.13489011002233736,t_plus_19h,den,den:2026-07-15,,KXHIGHDEN-26JUL15,0.35187086738715734,bracket,neuralcaster_v2,,0.009574861916934973,2026-07-16T02:00:00+00:00,2026-07-15,bounded,1.0,0.7033709442399839,KXHIGHDEN-26JUL15-B93.5,bounded,0.7033709442399839,KXHIGHDEN-26JUL15-B93.5,,,1.0
,,0.14148036848125073,t_plus_20h,den,den:2026-07-15,,KXHIGHDEN-26JUL15,0.3608056475503987,bracket,neuralcaster_v2,,0.010148608838605886,2026-07-16T03:00:00+00:00,2026-07-15,bounded,1.0,0.6971144712068484,KXHIGHDEN-26JUL15-B93.5,bounded,0.6971144712068484,KXHIGHDEN-26JUL15-B93.5,,,1.0
,,0.1530964002693625,t_plus_21h,den,den:2026-07-15,,KXHIGHDEN-26JUL15,0.3760353065800352,bracket,neuralcaster_v2,,0.011182955265743953,2026-07-16T04:00:00+00:00,2026-07-15,bounded,1.0,0.6865780918900157,KXHIGHDEN-26JUL15-B93.5,bounded,0.6865780918900157,KXHIGHDEN-26JUL15-B93.5,,,1.0
,,0.1572598116108423,t_plus_22h,den,den:2026-07-15,,KXHIGHDEN-26JUL15,0.38108972908941513,bracket,neuralcaster_v2,,0.011582853474887828,2026-07-16T05:00:00+00:00,2026-07-15,bounded,1.0,0.6831165914401116,KXHIGHDEN-26JUL15-B93.5,bounded,0.6831165914401116,KXHIGHDEN-26JUL15-B93.5,,,1.0
,,0.16190414541690126,t_plus_23h,den,den:2026-07-15,,KXHIGHDEN-26JUL15,0.38662869073147416,bracket,neuralcaster_v2,,0.012034493123427432,2026-07-16T06:00:00+00:00,2026-07-15,bounded,1.0,0.6793432945634902,KXHIGHDEN-26JUL15-B93.5,bounded,0.6793432945634902,KXHIGHDEN-26JUL15-B93.5,,,1.0
,,0.8973088268466654,t_plus_0h,la,la:2026-07-15,,KXHIGHLAX-26JUL15,1.6369739601294457,bracket,neuralcaster_v2,,0.1444392929105327,2026-07-15T08:00:00+00:00,2026-07-15,bounded,0.0,0.39700770714753847,KXHIGHLAX-26JUL15-B82.5,bounded,0.19456792265907497,KXHIGHLAX-26JUL15-B80.5,,,1.0
,,0.6999473305896512,t_plus_1h,la,la:2026-07-15,,KXHIGHLAX-26JUL15,1.2536891087567863,bracket,neuralcaster_v2,,0.0923078884428404,2026-07-15T09:00:00+00:00,2026-07-15,bounded,0.0,0.3757735925408611,KXHIGHLAX-26JUL15-B82.5,bounded,0.2854497967068877,KXHIGHLAX-26JUL15-B80.5,,,1.0
,,0.6493120473461329,t_plus_2h,la,la:2026-07-15,,KXHIGHLAX-26JUL15,1.18442399621075,bracket,neuralcaster_v2,,0.07823202257716325,2026-07-15T10:00:00+00:00,2026-07-15,bounded,0.0,0.35358936854235645,KXHIGHLAX-26JUL15-B82.5,bounded,0.30592234118668105,KXHIGHLAX-26JUL15-B80.5,,,1.0
,,0.5898001758208624,t_plus_3h,la,la:2026-07-15,,KXHIGHLAX-26JUL15,1.1014848930836032,bracket,neuralcaster_v2,,0.0593385988152225,2026-07-15T11:00:00+00:00,2026-07-15,bounded,1.0,0.33237717252156207,KXHIGHLAX-26JUL15-B80.5,bounded,0.33237717252156207,KXHIGHLAX-26JUL15-B80.5,,,1.0
,,0.6915295446005558,t_plus_4h,la,la:2026-07-15,,KXHIGHLAX-26JUL15,1.2546116994666017,bracket,neuralcaster_v2,,0.09115523624529294,2026-07-15T12:00:00+00:00,2026-07-15,bounded,0.0,0.36095358563447466,KXHIGHLAX-26JUL15-B82.5,bounded,0.28518656482264404,KXHIGHLAX-26JUL15-B80.5,,,1.0
,,0.8082623709865632,t_plus_5h,la,la:2026-07-15,,KXHIGHLAX-26JUL15,1.4887371674734617,bracket,neuralcaster_v2,,0.12727944010179393,2026-07-15T13:00:00+00:00,2026-07-15,bounded,0.0,0.35948440887222294,KXHIGHLAX-26JUL15-B82.5,bounded,0.2256574432411857,KXHIGHLAX-26JUL15-B80.5,,,1.0
,,0.8053254338857306,t_plus_6h,la,la:2026-07-15,,KXHIGHLAX-26JUL15,1.4832359601498086,bracket,neuralcaster_v2,,0.12640437018055273,2026-07-15T14:00:00+00:00,2026-07-15,bounded,0.0,0.35903649762394874,KXHIGHLAX-26JUL15-B82.5,bounded,0.2269022524580383,KXHIGHLAX-26JUL15-B80.5,,,1.0
,,0.913972258490433,t_plus_7h,la,la:2026-07-15,,KXHIGHLAX-26JUL15,1.7481395388969743,bracket,neuralcaster_v2,,0.16352437155733873,2026-07-15T15:00:00+00:00,2026-07-15,bounded,0.0,0.3476362338440663,KXHIGHLAX-26JUL15-B82.5,bounded,0.17409754404277122,KXHIGHLAX-26JUL15-B80.5,,,1.0
,,0.9615197486873066,t_plus_8h,la,la:2026-07-15,,KXHIGHLAX-26JUL15,1.8892029578603642,bracket,neuralcaster_v2,,0.1808684947228742,2026-07-15T16:00:00+00:00,2026-07-15,bounded,0.0,0.3378336597648699,KXHIGHLAX-26JUL15-B82.5,bounded,0.1511922674330362,KXHIGHLAX-26JUL15-B80.5,,,1.0
,,0.9983626478957068,t_plus_9h,la,la:2026-07-15,,KXHIGHLAX-26JUL15,1.9990981387463684,bracket,neuralcaster_v2,,0.19249115267245187,2026-07-15T17:00:00+00:00,2026-07-15,bounded,0.0,0.33591082878218154,KXHIGHLAX-26JUL15-B82.5,bounded,0.13545739193909032,KXHIGHLAX-26JUL15-B80.5,,,1.0
,,0.8503490818987492,t_plus_10h,la,la:2026-07-15,,KXHIGHLAX-26JUL15,1.511154348281709,bracket,neuralcaster_v2,,0.13410542586849844,2026-07-15T18:00:00+00:00,2026-07-15,bounded,0.0,0.4049771746431543,KXHIGHLAX-26JUL15-B82.5,bounded,0.2206551180327681,KXHIGHLAX-26JUL15-B80.5,,,1.0
,,0.9867937840882082,t_plus_11h,la,la:2026-07-15,,KXHIGHLAX-26JUL15,1.775992877490474,bracket,neuralcaster_v2,,0.16992835183532956,2026-07-15T19:00:00+00:00,2026-07-15,bounded,0.0,0.43168711874356624,KXHIGHLAX-26JUL15-B82.5,bounded,0.1693152567086893,KXHIGHLAX-26JUL15-B80.5,,,1.0
,,0.4783848778310408,t_plus_12h,la,la:2026-07-15,,KXHIGHLAX-26JUL15,0.7493398103803158,bracket,neuralcaster_v2,,0.05667031401100209,2026-07-15T20:00:00+00:00,2026-07-15,bounded,1.0,0.47267850719903737,KXHIGHLAX-26JUL15-B80.5,bounded,0.47267850719903737,KXHIGHLAX-26JUL15-B80.5,,,1.0
,,0.4335189227575623,t_plus_13h,la,la:2026-07-15,,KXHIGHLAX-26JUL15,0.6643228033448104,bracket,neuralcaster_v2,,0.04705692976081752,2026-07-15T21:00:00+00:00,2026-07-15,bounded,1.0,0.5146219099677846,KXHIGHLAX-26JUL15-B80.5,bounded,0.5146219099677846,KXHIGHLAX-26JUL15-B80.5,,,1.0
,,0.3251225361551826,t_plus_14h,la,la:2026-07-15,,KXHIGHLAX-26JUL15,0.5336945716233807,bracket,neuralcaster_v2,,0.03395527288206377,2026-07-15T22:00:00+00:00,2026-07-15,bounded,1.0,0.5864343387048672,KXHIGHLAX-26JUL15-B80.5,bounded,0.5864343387048672,KXHIGHLAX-26JUL15-B80.5,,,1.0
,,0.25009376784841975,t_plus_15h,la,la:2026-07-15,,KXHIGHLAX-26JUL15,0.44723897497220716,bracket,neuralcaster_v2,,0.02575245048489287,2026-07-15T23:00:00+00:00,2026-07-15,bounded,1.0,0.6393910915475095,KXHIGHLAX-26JUL15-B80.5,bounded,0.6393910915475095,KXHIGHLAX-26JUL15-B80.5,,,1.0
,,0.37229922852826053,t_plus_16h,la,la:2026-07-15,,KXHIGHLAX-26JUL15,0.587171249503174,bracket,neuralcaster_v2,,0.03921172673246593,2026-07-16T00:00:00+00:00,2026-07-15,bounded,1.0,0.5558975582254746,KXHIGHLAX-26JUL15-B80.5,bounded,0.5558975582254746,KXHIGHLAX-26JUL15-B80.5,,,1.0
,,0.5035405962870232,t_plus_17h,la,la:2026-07-15,,KXHIGHLAX-26JUL15,0.7329650460950776,bracket,neuralcaster_v2,,0.05381780297757416,2026-07-16T01:00:00+00:00,2026-07-15,bounded,0.0,0.4821371708476971,KXHIGHLAX-26JUL15-B82.5,bounded,0.48048222397987883,KXHIGHLAX-26JUL15-B80.5,,,1.0
,,0.1617704003295917,t_plus_18h,la,la:2026-07-15,,KXHIGHLAX-26JUL15,0.3376482483769238,bracket,neuralcaster_v2,,0.01619713437519276,2026-07-16T02:00:00+00:00,2026-07-15,bounded,1.0,0.7134461996250873,KXHIGHLAX-26JUL15-B80.5,bounded,0.7134461996250873,KXHIGHLAX-26JUL15-B80.5,,,1.0
,,0.16124418871355836,t_plus_19h,la,la:2026-07-15,,KXHIGHLAX-26JUL15,0.3369533041110646,bracket,neuralcaster_v2,,0.01614066798619459,2026-07-16T03:00:00+00:00,2026-07-15,bounded,1.0,0.7139421772889716,KXHIGHLAX-26JUL15-B80.5,bounded,0.7139421772889716,KXHIGHLAX-26JUL15-B80.5,,,1.0
,,0.15855448200962247,t_plus_20h,la,la:2026-07-15,,KXHIGHLAX-26JUL15,0.33344042946133334,bracket,neuralcaster_v2,,0.01585624330346732,2026-07-16T04:00:00+00:00,2026-07-15,bounded,1.0,0.7164545769538462,KXHIGHLAX-26JUL15-B80.5,bounded,0.7164545769538462,KXHIGHLAX-26JUL15-B80.5,,,1.0
,,0.1525400652736485,t_plus_21h,la,la:2026-07-15,,KXHIGHLAX-26JUL15,0.3259403856416899,bracket,neuralcaster_v2,,0.015254800350607365,2026-07-16T05:00:00+00:00,2026-07-15,bounded,1.0,0.7218482186674164,KXHIGHLAX-26JUL15-B80.5,bounded,0.7218482186674164,KXHIGHLAX-26JUL15-B80.5,,,1.0
,,0.1476294768127902,t_plus_22h,la,la:2026-07-15,,KXHIGHLAX-26JUL15,0.31975048688523194,bracket,neuralcaster_v2,,0.01476374131947524,2026-07-16T06:00:00+00:00,2026-07-15,bounded,1.0,0.7263302433874528,KXHIGHLAX-26JUL15-B80.5,bounded,0.7263302433874528,KXHIGHLAX-26JUL15-B80.5,,,1.0
,,0.14240491439155215,t_plus_23h,la,la:2026-07-15,,KXHIGHLAX-26JUL15,0.31309392092144006,bracket,neuralcaster_v2,,0.014241285077351434,2026-07-16T07:00:00+00:00,2026-07-15,bounded,1.0,0.7311812361284183,KXHIGHLAX-26JUL15-B80.5,bounded,0.7311812361284183,KXHIGHLAX-26JUL15-B80.5,,,1.0
,,0.4424746701391347,t_plus_0h,mia,mia:2026-07-15,,KXHIGHMIA-26JUL15,0.7755200119627861,bracket,neuralcaster_v2,,0.03878439434785212,2026-07-15T05:00:00+00:00,2026-07-15,bounded,1.0,0.4604642718007669,KXHIGHMIA-26JUL15-B94.5,bounded,0.4604642718007669,KXHIGHMIA-26JUL15-B94.5,,,1.0
,,0.33186211297302626,t_plus_1h,mia,mia:2026-07-15,,KXHIGHMIA-26JUL15,0.6639584532878805,bracket,neuralcaster_v2,,0.02432742864959951,2026-07-15T06:00:00+00:00,2026-07-15,bounded,1.0,0.5148094466524049,KXHIGHMIA-26JUL15-B94.5,bounded,0.5148094466524049,KXHIGHMIA-26JUL15-B94.5,,,1.0
,,0.3266412987508834,t_plus_2h,mia,mia:2026-07-15,,KXHIGHMIA-26JUL15,0.6611805777775099,bracket,neuralcaster_v2,,0.023753658173070225,2026-07-15T07:00:00+00:00,2026-07-15,bounded,1.0,0.5162415113345848,KXHIGHMIA-26JUL15-B94.5,bounded,0.5162415113345848,KXHIGHMIA-26JUL15-B94.5,,,1.0
,,0.33966075768728693,t_plus_3h,mia,mia:2026-07-15,,KXHIGHMIA-26JUL15,0.6800781613224998,bracket,neuralcaster_v2,,0.024834157449731005,2026-07-15T08:00:00+00:00,2026-07-15,bounded,1.0,0.5065773960589355,KXHIGHMIA-26JUL15-B94.5,bounded,0.5065773960589355,KXHIGHMIA-26JUL15-B94.5,,,1.0
,,0.39841623318254005,t_plus_4h,mia,mia:2026-07-15,,KXHIGHMIA-26JUL15,0.7481349059156995,bracket,neuralcaster_v2,,0.031194289362174,2026-07-15T09:00:00+00:00,2026-07-15,bounded,1.0,0.47324838289663057,KXHIGHMIA-26JUL15-B94.5,bounded,0.47324838289663057,KXHIGHMIA-26JUL15-B94.5,,,1.0
,,0.37164093393362635,t_plus_5h,mia,mia:2026-07-15,,KXHIGHMIA-26JUL15,0.7219845935388828,bracket,neuralcaster_v2,,0.02784816814058874,2026-07-15T10:00:00+00:00,2026-07-15,bounded,1.0,0.4857872085079714,KXHIGHMIA-26JUL15-B94.5,bounded,0.4857872085079714,KXHIGHMIA-26JUL15-B94.5,,,1.0
,,0.3542078756726735,t_plus_6h,mia,mia:2026-07-15,,KXHIGHMIA-26JUL15,0.7011341050836982,bracket,neuralcaster_v2,,0.0261139907854757,2026-07-15T11:00:00+00:00,2026-07-15,bounded,1.0,0.49602244310580135,KXHIGHMIA-26JUL15-B94.5,bounded,0.49602244310580135,KXHIGHMIA-26JUL15-B94.5,,,1.0
,,0.435913683083536,t_plus_7h,mia,mia:2026-07-15,,KXHIGHMIA-26JUL15,0.78814601321496,bracket,neuralcaster_v2,,0.03601165048910579,2026-07-15T12:00:00+00:00,2026-07-15,bounded,1.0,0.4546869980103929,KXHIGHMIA-26JUL15-B94.5,bounded,0.4546869980103929,KXHIGHMIA-26JUL15-B94.5,,,1.0
,,0.4346689576452388,t_plus_8h,mia,mia:2026-07-15,,KXHIGHMIA-26JUL15,0.7865741892010834,bracket,neuralcaster_v2,,0.03587304231856482,2026-07-15T13:00:00+00:00,2026-07-15,bounded,1.0,0.4554022479289022,KXHIGHMIA-26JUL15-B94.5,bounded,0.4554022479289022,KXHIGHMIA-26JUL15-B94.5,,,1.0
,,0.38089822687349434,t_plus_9h,mia,mia:2026-07-15,,KXHIGHMIA-26JUL15,0.706411890206458,bracket,neuralcaster_v2,,0.031010920357150962,2026-07-15T14:00:00+00:00,2026-07-15,bounded,1.0,0.4934114394539301,KXHIGHMIA-26JUL15-B94.5,bounded,0.4934114394539301,KXHIGHMIA-26JUL15-B94.5,,,1.0
,,0.33967892631813074,t_plus_10h,mia,mia:2026-07-15,,KXHIGHMIA-26JUL15,0.6232848472593399,bracket,neuralcaster_v2,,0.02964958505034687,2026-07-15T15:00:00+00:00,2026-07-15,bounded,1.0,0.5361802713777576,KXHIGHMIA-26JUL15-B94.5,bounded,0.5361802713777576,KXHIGHMIA-26JUL15-B94.5,,,1.0
,,0.18067156299895504,t_plus_11h,mia,mia:2026-07-15,,KXHIGHMIA-26JUL15,0.41721593856513234,bracket,neuralcaster_v2,,0.013089242427916547,2026-07-15T16:00:00+00:00,2026-07-15,bounded,1.0,0.6588786272760659,KXHIGHMIA-26JUL15-B94.5,bounded,0.6588786272760659,KXHIGHMIA-26JUL15-B94.5,,,1.0
,,0.17365755809861969,t_plus_12h,mia,mia:2026-07-15,,KXHIGHMIA-26JUL15,0.41721593856513234,bracket,neuralcaster_v2,,0.01166576455267024,2026-07-15T17:00:00+00:00,2026-07-15,bounded,1.0,0.6588786272760659,KXHIGHMIA-26JUL15-B94.5,bounded,0.6588786272760659,KXHIGHMIA-26JUL15-B94.5,,,1.0
,,0.14810674382532937,t_plus_13h,mia,mia:2026-07-15,,KXHIGHMIA-26JUL15,0.3738818530117534,bracket,neuralcaster_v2,,0.010361844537620872,2026-07-15T18:00:00+00:00,2026-07-15,bounded,1.0,0.6880581990309197,KXHIGHMIA-26JUL15-B94.5,bounded,0.6880581990309197,KXHIGHMIA-26JUL15-B94.5,,,1.0
,,0.39699730649477555,t_plus_14h,mia,mia:2026-07-15,,KXHIGHMIA-26JUL15,0.6270939944657222,bracket,neuralcaster_v2,,0.03634927434234894,2026-07-15T19:00:00+00:00,2026-07-15,bounded,1.0,0.5341417667418649,KXHIGHMIA-26JUL15-B94.5,bounded,0.5341417667418649,KXHIGHMIA-26JUL15-B94.5,,,1.0
,,0.5097355532788534,t_plus_15h,mia,mia:2026-07-15,,KXHIGHMIA-26JUL15,0.737077421878002,bracket,neuralcaster_v2,,0.04795924165664685,2026-07-15T20:00:00+00:00,2026-07-15,bounded,0.0,0.4865824522530429,KXHIGHMIA-26JUL15-B92.5,bounded,0.47851035782412726,KXHIGHMIA-26JUL15-B94.5,,,1.0
,,0.5105287628531707,t_plus_16h,mia,mia:2026-07-15,,KXHIGHMIA-26JUL15,0.7378456207310522,bracket,neuralcaster_v2,,0.04804152394190295,2026-07-15T21:00:00+00:00,2026-07-15,bounded,0.0,0.48700715168978215,KXHIGHMIA-26JUL15-B92.5,bounded,0.47814290787146047,KXHIGHMIA-26JUL15-B94.5,,,1.0
,,0.5102236068236207,t_plus_17h,mia,mia:2026-07-15,,KXHIGHMIA-26JUL15,0.7375500897917917,bracket,neuralcaster_v2,,0.04800986821575758,2026-07-15T22:00:00+00:00,2026-07-15,bounded,0.0,0.4868438057525747,KXHIGHMIA-26JUL15-B92.5,bounded,0.4782842347763323,KXHIGHMIA-26JUL15-B94.5,,,1.0
,,0.5452913601331355,t_plus_18h,mia,mia:2026-07-15,,KXHIGHMIA-26JUL15,0.7714992119128218,bracket,neuralcaster_v2,,0.051654534139937966,2026-07-15T23:00:00+00:00,2026-07-15,bounded,0.0,0.5052959568047499,KXHIGHMIA-26JUL15-B92.5,bounded,0.4623194336859902,KXHIGHMIA-26JUL15-B94.5,,,1.0
,,0.47024395891092324,t_plus_19h,mia,mia:2026-07-15,,KXHIGHMIA-26JUL15,0.6987754402441884,bracket,neuralcaster_v2,,0.04387232920074127,2026-07-16T00:00:00+00:00,2026-07-15,bounded,1.0,0.497193774648186,KXHIGHMIA-26JUL15-B94.5,bounded,0.497193774648186,KXHIGHMIA-26JUL15-B94.5,,,1.0
,,0.4680396409468506,t_plus_20h,mia,mia:2026-07-15,,KXHIGHMIA-26JUL15,0.6966329480245956,bracket,neuralcaster_v2,,0.04364479351247761,2026-07-16T01:00:00+00:00,2026-07-15,bounded,1.0,0.4982601503849463,KXHIGHMIA-26JUL15-B94.5,bounded,0.4982601503849463,KXHIGHMIA-26JUL15-B94.5,,,1.0
,,0.4844246947169558,t_plus_21h,mia,mia:2026-07-15,,KXHIGHMIA-26JUL15,0.7125447717973418,bracket,neuralcaster_v2,,0.04533762254689566,2026-07-16T02:00:00+00:00,2026-07-15,bounded,1.0,0.49039466573380563,KXHIGHMIA-26JUL15-B94.5,bounded,0.49039466573380563,KXHIGHMIA-26JUL15-B94.5,,,1.0
,,0.49726772168139666,t_plus_22h,mia,mia:2026-07-15,,KXHIGHMIA-26JUL15,0.7249984543244576,bracket,neuralcaster_v2,,0.046666889732584385,2026-07-16T03:00:00+00:00,2026-07-15,bounded,1.0,0.4843253175645818,KXHIGHMIA-26JUL15-B94.5,bounded,0.4843253175645818,KXHIGHMIA-26JUL15-B94.5,,,1.0
,,0.5108617678659644,t_plus_23h,mia,mia:2026-07-15,,KXHIGHMIA-26JUL15,0.7381681177598083,bracket,neuralcaster_v2,,0.048076069854752955,2026-07-16T04:00:00+00:00,2026-07-15,bounded,0.0,0.48718534725764473,KXHIGHMIA-26JUL15-B92.5,bounded,0.4779887330661457,KXHIGHMIA-26JUL15-B94.5,,,1.0
,,1.2758989723089849,t_plus_0h,nyc,nyc:2026-07-15,,KXHIGHNY-26JUL15,3.19396336405882,bracket,neuralcaster_v2,,0.27355414168105396,2026-07-15T05:00:00+00:00,2026-07-15,bounded,0.0,0.4882239760525605,KXHIGHNY-26JUL15-B99.5,lower_tail,0.04100901476788339,KXHIGHNY-26JUL15-T97,,,0.0
,,1.2760763168665776,t_plus_1h,nyc,nyc:2026-07-15,,KXHIGHNY-26JUL15,3.2533416448910506,bracket,neuralcaster_v2,,0.28279676594297387,2026-07-15T06:00:00+00:00,2026-07-15,bounded,0.0,0.4925079949068117,KXHIGHNY-26JUL15-B99.5,lower_tail,0.03864485444512799,KXHIGHNY-26JUL15-T97,,,0.0
,,1.2153556008687345,t_plus_2h,nyc,nyc:2026-07-15,,KXHIGHNY-26JUL15,2.8539263854737973,bracket,neuralcaster_v2,,0.2573515346152994,2026-07-15T07:00:00+00:00,2026-07-15,bounded,0.0,0.4397714577509662,KXHIGHNY-26JUL15-B99.5,lower_tail,0.05761764706919242,KXHIGHNY-26JUL15-T97,,,0.0
,,1.0039612011053058,t_plus_3h,nyc,nyc:2026-07-15,,KXHIGHNY-26JUL15,1.8304321031113644,bracket,neuralcaster_v2,,0.17792694510584908,2026-07-15T08:00:00+00:00,2026-07-15,bounded,0.0,0.4169338062842355,KXHIGHNY-26JUL15-B97.5,lower_tail,0.16034426754693246,KXHIGHNY-26JUL15-T97,,,1.0
,,0.8885212827262757,t_plus_4h,nyc,nyc:2026-07-15,,KXHIGHNY-26JUL15,1.5190324874442094,bracket,neuralcaster_v2,,0.14633833680115083,2026-07-15T09:00:00+00:00,2026-07-15,bounded,0.0,0.43629666787575083,KXHIGHNY-26JUL15-B97.5,lower_tail,0.21892359584793436,KXHIGHNY-26JUL15-T97,,,1.0
,,0.8970035695951097,t_plus_5h,nyc,nyc:2026-07-15,,KXHIGHNY-26JUL15,1.5388889135664676,bracket,neuralcaster_v2,,0.14839911035967815,2026-07-15T10:00:00+00:00,2026-07-15,bounded,0.0,0.4356649615336067,KXHIGHNY-26JUL15-B97.5,lower_tail,0.2146194297375372,KXHIGHNY-26JUL15-T97,,,1.0
,,0.9239765232142878,t_plus_6h,nyc,nyc:2026-07-15,,KXHIGHNY-26JUL15,1.603356565688084,bracket,neuralcaster_v2,,0.15489445144949437,2026-07-15T11:00:00+00:00,2026-07-15,bounded,0.0,0.43390719683199586,KXHIGHNY-26JUL15-B97.5,lower_tail,0.20121997513527604,KXHIGHNY-26JUL15-T97,,,1.0
,,0.9163129541517991,t_plus_7h,nyc,nyc:2026-07-15,,KXHIGHNY-26JUL15,1.5835596255684907,bracket,neuralcaster_v2,,0.15279865395209477,2026-07-15T12:00:00+00:00,2026-07-15,bounded,0.0,0.4352305664796868,KXHIGHNY-26JUL15-B97.5,lower_tail,0.20524320738029878,KXHIGHNY-26JUL15-T97,,,1.0
,,0.906638692823465,t_plus_8h,nyc,nyc:2026-07-15,,KXHIGHNY-26JUL15,1.5583705694292416,bracket,neuralcaster_v2,,0.15005206995758416,2026-07-15T13:00:00+00:00,2026-07-15,bounded,0.0,0.4372579839491614,KXHIGHNY-26JUL15-B97.5,lower_tail,0.21047875245103148,KXHIGHNY-26JUL15-T97,,,1.0
,,0.8992504944074989,t_plus_9h,nyc,nyc:2026-07-15,,KXHIGHNY-26JUL15,1.5370673264896197,bracket,neuralcaster_v2,,0.1473055147405443,2026-07-15T14:00:00+00:00,2026-07-15,bounded,0.0,0.4418790020726716,KXHIGHNY-26JUL15-B97.5,lower_tail,0.21501073400638573,KXHIGHNY-26JUL15-T97,,,1.0
,,0.8188370205404057,t_plus_10h,nyc,nyc:2026-07-15,,KXHIGHNY-26JUL15,1.3352446201616182,bracket,neuralcaster_v2,,0.12279286826840566,2026-07-15T15:00:00+00:00,2026-07-15,bounded,0.0,0.47350343122511956,KXHIGHNY-26JUL15-B97.5,lower_tail,0.26309380953353967,KXHIGHNY-26JUL15-T97,,,1.0
,,0.9180198068457845,t_plus_11h,nyc,nyc:2026-07-15,,KXHIGHNY-26JUL15,1.5097657447626334,bracket,neuralcaster_v2,,0.1370321873843432,2026-07-15T16:00:00+00:00,2026-07-15,bounded,0.0,0.5016026839925901,KXHIGHNY-26JUL15-B97.5,lower_tail,0.2209617333404496,KXHIGHNY-26JUL15-T97,,,1.0
,,1.0095991298592737,t_plus_12h,nyc,nyc:2026-07-15,,KXHIGHNY-26JUL15,1.6463011358257411,bracket,neuralcaster_v2,,0.14351287801845086,2026-07-15T17:00:00+00:00,2026-07-15,bounded,0.0,0.5517226972172091,KXHIGHNY-26JUL15-B97.5,lower_tail,0.19276159054339279,KXHIGHNY-26JUL15-T97,,,1.0
,,1.084524298469156,t_plus_13h,nyc,nyc:2026-07-15,,KXHIGHNY-26JUL15,1.6863978550341878,bracket,neuralcaster_v2,,0.1404324870250998,2026-07-15T18:00:00+00:00,2026-07-15,bounded,0.0,0.6193007555374643,KXHIGHNY-26JUL15-B97.5,lower_tail,0.18518538861789707,KXHIGHNY-26JUL15-T97,,,1.0
,,1.1087623891232368,t_plus_14h,nyc,nyc:2026-07-15,,KXHIGHNY-26JUL15,1.6514074062951345,bracket,neuralcaster_v2,,0.13510734019707665,2026-07-15T19:00:00+00:00,2026-07-15,bounded,0.0,0.6588786272760659,KXHIGHNY-26JUL15-B97.5,lower_tail,0.19177980648668785,KXHIGHNY-26JUL15-T97,,,1.0
,,1.0702525261808242,t_plus_15h,nyc,nyc:2026-07-15,,KXHIGHNY-26JUL15,1.5493010491184436,bracket,neuralcaster_v2,,0.12738070172212687,2026-07-15T20:00:00+00:00,2026-07-15,bounded,0.0,0.6588786272760659,KXHIGHNY-26JUL15-B97.5,lower_tail,0.21239637659223806,KXHIGHNY-26JUL15-T97,,,1.0
,,0.5897577386883466,t_plus_16h,nyc,nyc:2026-07-15,,KXHIGHNY-26JUL15,0.8295798597487329,bracket,neuralcaster_v2,,0.06395524835758497,2026-07-15T21:00:00+00:00,2026-07-15,bounded,0.0,0.5198520839410725,KXHIGHNY-26JUL15-B97.5,lower_tail,0.4362325266688829,KXHIGHNY-26JUL15-T97,,,1.0
,,0.31649435059625647,t_plus_17h,nyc,nyc:2026-07-15,,KXHIGHNY-26JUL15,0.5268160860695625,bracket,neuralcaster_v2,,0.033662686259841215,2026-07-15T22:00:00+00:00,2026-07-15,lower_tail,1.0,0.5904820238446035,KXHIGHNY-26JUL15-T97,lower_tail,0.5904820238446035,KXHIGHNY-26JUL15-T97,,,1.0
,,0.011368294084583331,t_plus_18h,nyc,nyc:2026-07-15,,KXHIGHNY-26JUL15,0.08050079409848471,bracket,neuralcaster_v2,,0.0012024277421444586,2026-07-15T23:00:00+00:00,2026-07-15,lower_tail,1.0,0.9226541709051866,KXHIGHNY-26JUL15-T97,lower_tail,0.9226541709051866,KXHIGHNY-26JUL15-T97,,,1.0
,,0.012970348916159755,t_plus_19h,nyc,nyc:2026-07-15,,KXHIGHNY-26JUL15,0.0860870562243393,bracket,neuralcaster_v2,,0.0013667286982082833,2026-07-16T00:00:00+00:00,2026-07-15,lower_tail,1.0,0.9175143524079298,KXHIGHNY-26JUL15-T97,lower_tail,0.9175143524079298,KXHIGHNY-26JUL15-T97,,,1.0
,,0.011368294084583331,t_plus_20h,nyc,nyc:2026-07-15,,KXHIGHNY-26JUL15,0.08050079409848471,bracket,neuralcaster_v2,,0.0012024277421444586,2026-07-16T01:00:00+00:00,2026-07-15,lower_tail,1.0,0.9226541709051866,KXHIGHNY-26JUL15-T97,lower_tail,0.9226541709051866,KXHIGHNY-26JUL15-T97,,,1.0
,,0.011368294084583331,t_plus_21h,nyc,nyc:2026-07-15,,KXHIGHNY-26JUL15,0.08050079409848471,bracket,neuralcaster_v2,,0.0012024277421444586,2026-07-16T02:00:00+00:00,2026-07-15,lower_tail,1.0,0.9226541709051866,KXHIGHNY-26JUL15-T97,lower_tail,0.9226541709051866,KXHIGHNY-26JUL15-T97,,,1.0
,,0.011368294084583331,t_plus_22h,nyc,nyc:2026-07-15,,KXHIGHNY-26JUL15,0.08050079409848471,bracket,neuralcaster_v2,,0.0012024277421444586,2026-07-16T03:00:00+00:00,2026-07-15,lower_tail,1.0,0.9226541709051866,KXHIGHNY-26JUL15-T97,lower_tail,0.9226541709051866,KXHIGHNY-26JUL15-T97,,,1.0
,,0.011368294084583331,t_plus_23h,nyc,nyc:2026-07-15,,KXHIGHNY-26JUL15,0.08050079409848471,bracket,neuralcaster_v2,,0.0012024277421444586,2026-07-16T04:00:00+00:00,2026-07-15,lower_tail,1.0,0.9226541709051866,KXHIGHNY-26JUL15-T97,lower_tail,0.9226541709051866,KXHIGHNY-26JUL15-T97,,,1.0
,,0.9505183780326226,t_plus_0h,okc,okc:2026-07-15,,KXHIGHTOKC-26JUL15,1.7643898689783222,bracket,neuralcaster_v2,,0.15918734542465068,2026-07-15T06:00:00+00:00,2026-07-15,bounded,0.0,0.397959896806726,KXHIGHTOKC-26JUL15-B88.5,bounded,0.1712912647233428,KXHIGHTOKC-26JUL15-B86.5,,,1.0
,,1.0167557293773166,t_plus_1h,okc,okc:2026-07-15,,KXHIGHTOKC-26JUL15,1.9887117060980857,bracket,neuralcaster_v2,,0.1852521776524355,2026-07-15T07:00:00+00:00,2026-07-15,bounded,0.0,0.37419021281778947,KXHIGHTOKC-26JUL15-B88.5,bounded,0.1368716428140532,KXHIGHTOKC-26JUL15-B86.5,,,1.0
,,1.0367243078307287,t_plus_2h,okc,okc:2026-07-15,,KXHIGHTOKC-26JUL15,2.081195761968447,bracket,neuralcaster_v2,,0.19588112341299496,2026-07-15T08:00:00+00:00,2026-07-15,bounded,0.0,0.36281864264406805,KXHIGHTOKC-26JUL15-B88.5,bounded,0.1247809146820608,KXHIGHTOKC-26JUL15-B86.5,,,1.0
,,1.0490313357099448,t_plus_3h,okc,okc:2026-07-15,,KXHIGHTOKC-26JUL15,2.1339127511736273,bracket,neuralcaster_v2,,0.20141811244399643,2026-07-15T09:00:00+00:00,2026-07-15,bounded,0.0,0.358386860961167,KXHIGHTOKC-26JUL15-B88.5,bounded,0.11837322158314012,KXHIGHTOKC-26JUL15-B86.5,,,1.0
,,1.0390298467212316,t_plus_4h,okc,okc:2026-07-15,,KXHIGHTOKC-26JUL15,2.1027030913895555,bracket,neuralcaster_v2,,0.19880575963875743,2026-07-15T10:00:00+00:00,2026-07-15,bounded,0.0,0.35750998765396985,KXHIGHTOKC-26JUL15-B88.5,bounded,0.1221258643097276,KXHIGHTOKC-26JUL15-B86.5,,,1.0
,,1.1161953079600675,t_plus_5h,okc,okc:2026-07-15,,KXHIGHTOKC-26JUL15,2.4675426792522255,bracket,neuralcaster_v2,,0.23279491122458337,2026-07-15T11:00:00+00:00,2026-07-15,bounded,0.0,0.3768916143587197,KXHIGHTOKC-26JUL15-B90.5,bounded,0.08479296671952316,KXHIGHTOKC-26JUL15-B86.5,,,0.0
,,1.0657501034385986,t_plus_6h,okc,okc:2026-07-15,,KXHIGHTOKC-26JUL15,2.232459111523744,bracket,neuralcaster_v2,,0.21273116272006223,2026-07-15T12:00:00+00:00,2026-07-15,bounded,0.0,0.3615938400107417,KXHIGHTOKC-26JUL15-B90.5,bounded,0.10726433059232249,KXHIGHTOKC-26JUL15-B86.5,,,0.0
,,1.0500978975840802,t_plus_7h,okc,okc:2026-07-15,,KXHIGHTOKC-26JUL15,2.174011996389924,bracket,neuralcaster_v2,,0.20763190441484963,2026-07-15T13:00:00+00:00,2026-07-15,bounded,0.0,0.3562253261034771,KXHIGHTOKC-26JUL15-B90.5,bounded,0.11372045440435442,KXHIGHTOKC-26JUL15-B86.5,,,0.0
,,1.057217150985367,t_plus_8h,okc,okc:2026-07-15,,KXHIGHTOKC-26JUL15,2.2034674437753674,bracket,neuralcaster_v2,,0.2104760666846611,2026-07-15T14:00:00+00:00,2026-07-15,bounded,0.0,0.35845035465768416,KXHIGHTOKC-26JUL15-B90.5,bounded,0.11041961997375713,KXHIGHTOKC-26JUL15-B86.5,,,0.0
,,1.046966788064271,t_plus_9h,okc,okc:2026-07-15,,KXHIGHTOKC-26JUL15,2.1192587615343834,bracket,neuralcaster_v2,,0.19959195829013426,2026-07-15T15:00:00+00:00,2026-07-15,bounded,0.0,0.36123897243806263,KXHIGHTOKC-26JUL15-B88.5,bounded,0.12012063355450561,KXHIGHTOKC-26JUL15-B86.5,,,1.0
,,1.0477099864187596,t_plus_10h,okc,okc:2026-07-15,,KXHIGHTOKC-26JUL15,2.0851038672966666,bracket,neuralcaster_v2,,0.19419174156461244,2026-07-15T16:00:00+00:00,2026-07-15,bounded,0.0,0.37451593211633116,KXHIGHTOKC-26JUL15-B88.5,bounded,0.12429420939176654,KXHIGHTOKC-26JUL15-B86.5,,,1.0
,,1.0964840080901925,t_plus_11h,okc,okc:2026-07-15,,KXHIGHTOKC-26JUL15,2.209697016791201,bracket,neuralcaster_v2,,0.2085657819663292,2026-07-15T17:00:00+00:00,2026-07-15,bounded,0.0,0.38504117079166805,KXHIGHTOKC-26JUL15-B88.5,bounded,0.10973389100570982,KXHIGHTOKC-26JUL15-B86.5,,,1.0
,,1.2696428857444022,t_plus_12h,okc,okc:2026-07-15,,KXHIGHTOKC-26JUL15,3.02908625600305,bracket,neuralcaster_v2,,0.24019658363379529,2026-07-15T18:00:00+00:00,2026-07-15,bounded,0.0,0.4244611769276367,KXHIGHTOKC-26JUL15-B90.5,bounded,0.0483598064265509,KXHIGHTOKC-26JUL15-B86.5,,,0.0
,,1.3231023604251364,t_plus_13h,okc,okc:2026-07-15,,KXHIGHTOKC-26JUL15,3.5857953660711943,bracket,neuralcaster_v2,,0.25796041814772697,2026-07-15T19:00:00+00:00,2026-07-15,bounded,0.0,0.4574417242601521,KXHIGHTOKC-26JUL15-B90.5,bounded,0.02771461559670156,KXHIGHTOKC-26JUL15-B86.5,,,0.0
,,1.373039935958445,t_plus_14h,okc,okc:2026-07-15,,KXHIGHTOKC-26JUL15,4.071305260737928,bracket,neuralcaster_v2,,0.25894655861792076,2026-07-15T20:00:00+00:00,2026-07-15,bounded,0.0,0.4765352469553216,KXHIGHTOKC-26JUL15-B90.5,bounded,0.017055112603853482,KXHIGHTOKC-26JUL15-B86.5,,,0.0
,,1.414575459836696,t_plus_15h,okc,okc:2026-07-15,,KXHIGHTOKC-26JUL15,3.0716528034814563,bracket,neuralcaster_v2,,0.20015894471262033,2026-07-15T21:00:00+00:00,2026-07-15,bounded,0.0,0.6475647790085807,KXHIGHTOKC-26JUL15-B88.5,bounded,0.04634449318186359,KXHIGHTOKC-26JUL15-B86.5,,,1.0
,,1.3010022301172857,t_plus_16h,okc,okc:2026-07-15,,KXHIGHTOKC-26JUL15,2.167852827329653,bracket,neuralcaster_v2,,0.16379552666746006,2026-07-15T22:00:00+00:00,2026-07-15,bounded,0.0,0.6935564497642799,KXHIGHTOKC-26JUL15-B88.5,bounded,0.11442303935732741,KXHIGHTOKC-26JUL15-B86.5,,,1.0
,,1.0949000161589724,t_plus_17h,okc,okc:2026-07-15,,KXHIGHTOKC-26JUL15,1.536493381307284,bracket,neuralcaster_v2,,0.12483710355955506,2026-07-15T23:00:00+00:00,2026-07-15,bounded,0.0,0.6852319528261641,KXHIGHTOKC-26JUL15-B88.5,bounded,0.21513417380176852,KXHIGHTOKC-26JUL15-B86.5,,,1.0
,,0.927216410513451,t_plus_18h,okc,okc:2026-07-15,,KXHIGHTOKC-26JUL15,1.2548226078347433,bracket,neuralcaster_v2,,0.10298061026432437,2026-07-16T00:00:00+00:00,2026-07-15,bounded,0.0,0.6412313157695895,KXHIGHTOKC-26JUL15-B88.5,bounded,0.28512642293207835,KXHIGHTOKC-26JUL15-B86.5,,,1.0
,,0.9258304876600305,t_plus_19h,okc,okc:2026-07-15,,KXHIGHTOKC-26JUL15,1.2526999629604194,bracket,neuralcaster_v2,,0.10280115097179979,2026-07-16T01:00:00+00:00,2026-07-15,bounded,0.0,0.6408504386974319,KXHIGHTOKC-26JUL15-B88.5,bounded,0.28573228786281113,KXHIGHTOKC-26JUL15-B86.5,,,1.0
,,0.9176534742490645,t_plus_20h,okc,okc:2026-07-15,,KXHIGHTOKC-26JUL15,1.2402323452434534,bracket,neuralcaster_v2,,0.101742768849469,2026-07-16T02:00:00+00:00,2026-07-15,bounded,0.0,0.6385969160204985,KXHIGHTOKC-26JUL15-B88.5,bounded,0.28931698870298106,KXHIGHTOKC-26JUL15-B86.5,,,1.0
,,0.8961385805225924,t_plus_21h,okc,okc:2026-07-15,,KXHIGHTOKC-26JUL15,1.2078716214226075,bracket,neuralcaster_v2,,0.09896164701532373,2026-07-16T03:00:00+00:00,2026-07-15,bounded,0.0,0.6326149055342565,KXHIGHTOKC-26JUL15-B88.5,bounded,0.29883263202684557,KXHIGHTOKC-26JUL15-B86.5,,,1.0
,,0.8714347682216911,t_plus_22h,okc,okc:2026-07-15,,KXHIGHTOKC-26JUL15,1.171462290113157,bracket,neuralcaster_v2,,0.09577502043807429,2026-07-16T04:00:00+00:00,2026-07-15,bounded,0.0,0.625648962611607,KXHIGHTOKC-26JUL15-B88.5,bounded,0.30991342642177,KXHIGHTOKC-26JUL15-B86.5,,,1.0
,,0.855781827773454,t_plus_23h,okc,okc:2026-07-15,,KXHIGHTOKC-26JUL15,1.1487795974907002,bracket,neuralcaster_v2,,0.09375975265495752,2026-07-16T05:00:00+00:00,2026-07-15,bounded,0.0,0.6211792581471677,KXHIGHTOKC-26JUL15-B88.5,bounded,0.317023429579489,KXHIGHTOKC-26JUL15-B86.5,,,1.0
,,1.148107375489777,t_plus_0h,aus,aus:2026-07-16,,KXHIGHAUS-26JUL16,2.669281167272981,bracket,neuralcaster_v2,,0.2588316986983333,2026-07-16T06:00:00+00:00,2026-07-16,bounded,0.0,0.39647039469995343,KXHIGHAUS-26JUL16-B86.5,bounded,0.06930202397162699,KXHIGHAUS-26JUL16-B90.5,,,0.0
,,1.1115201456043433,t_plus_1h,aus,aus:2026-07-16,,KXHIGHAUS-26JUL16,2.554503651727366,bracket,neuralcaster_v2,,0.24941536717701393,2026-07-16T07:00:00+00:00,2026-07-16,bounded,0.0,0.3671880400456158,KXHIGHAUS-26JUL16-B86.5,bounded,0.07773080404426125,KXHIGHAUS-26JUL16-B90.5,,,0.0
,,1.1022503335233818,t_plus_2h,aus,aus:2026-07-16,,KXHIGHAUS-26JUL16,2.5154142500773626,bracket,neuralcaster_v2,,0.24646685211909033,2026-07-16T08:00:00+00:00,2026-07-16,bounded,0.0,0.3624378046365565,KXHIGHAUS-26JUL16-B86.5,bounded,0.0808294216762726,KXHIGHAUS-26JUL16-B90.5,,,0.0
,,1.0189911473972122,t_plus_3h,aus,aus:2026-07-16,,KXHIGHAUS-26JUL16,2.1110575215849154,bracket,neuralcaster_v2,,0.20593363423503455,2026-07-16T09:00:00+00:00,2026-07-16,bounded,0.0,0.34158769134104694,KXHIGHAUS-26JUL16-B86.5,bounded,0.12110982243643098,KXHIGHAUS-26JUL16-B90.5,,,0.0
,,1.0130217733088573,t_plus_4h,aus,aus:2026-07-16,,KXHIGHAUS-26JUL16,2.0600636769357843,bracket,neuralcaster_v2,,0.19822577263098645,2026-07-16T10:00:00+00:00,2026-07-16,bounded,0.0,0.3421560674016746,KXHIGHAUS-26JUL16-B86.5,bounded,0.12744585427495592,KXHIGHAUS-26JUL16-B90.5,,,0.0
,,1.012162480348664,t_plus_5h,aus,aus:2026-07-16,,KXHIGHAUS-26JUL16,2.051739763147763,bracket,neuralcaster_v2,,0.19695325085254362,2026-07-16T11:00:00+00:00,2026-07-16,bounded,0.0,0.342731807145631,KXHIGHAUS-26JUL16-B88.5,bounded,0.1285111300596229,KXHIGHAUS-26JUL16-B90.5,,,1.0
,,0.9953413724289997,t_plus_6h,aus,aus:2026-07-16,,KXHIGHAUS-26JUL16,1.9631661513878793,bracket,neuralcaster_v2,,0.1853904610319771,2026-07-16T12:00:00+00:00,2026-07-16,bounded,0.0,0.35856196352960645,KXHIGHAUS-26JUL16-B88.5,bounded,0.14041314711026942,KXHIGHAUS-26JUL16-B90.5,,,1.0
,,1.0038196211545432,t_plus_7h,aus,aus:2026-07-16,,KXHIGHAUS-26JUL16,1.9539453470510035,bracket,neuralcaster_v2,,0.1820979026794237,2026-07-16T13:00:00+00:00,2026-07-16,bounded,0.0,0.37266732751087295,KXHIGHAUS-26JUL16-B88.5,bounded,0.14171385684521487,KXHIGHAUS-26JUL16-B90.5,,,1.0
,,1.013655442836507,t_plus_8h,aus,aus:2026-07-16,,KXHIGHAUS-26JUL16,1.9444386516444256,bracket,neuralcaster_v2,,0.1786992838380133,2026-07-16T14:00:00+00:00,2026-07-16,bounded,0.0,0.3898782549625112,KXHIGHAUS-26JUL16-B88.5,bounded,0.14306751151349117,KXHIGHAUS-26JUL16-B90.5,,,1.0
,,1.0218794997196077,t_plus_9h,aus,aus:2026-07-16,,KXHIGHAUS-26JUL16,1.9212246014298862,bracket,neuralcaster_v2,,0.17350017782153146,2026-07-16T15:00:00+00:00,2026-07-16,bounded,0.0,0.41520754831999473,KXHIGHAUS-26JUL16-B88.5,bounded,0.14642753691950183,KXHIGHAUS-26JUL16-B90.5,,,1.0
,,1.2024376239933892,t_plus_10h,aus,aus:2026-07-16,,KXHIGHAUS-26JUL16,2.6016351799534765,bracket,neuralcaster_v2,,0.2317657176318637,2026-07-16T16:00:00+00:00,2026-07-16,bounded,0.0,0.4322806481448813,KXHIGHAUS-26JUL16-B86.5,bounded,0.07415222679091155,KXHIGHAUS-26JUL16-B90.5,,,0.0
,,1.248245944834091,t_plus_11h,aus,aus:2026-07-16,,KXHIGHAUS-26JUL16,2.8000030474333206,bracket,neuralcaster_v2,,0.23702809392787896,2026-07-16T17:00:00+00:00,2026-07-16,bounded,0.0,0.44952805439549387,KXHIGHAUS-26JUL16-B86.5,bounded,0.060809877310889264,KXHIGHAUS-26JUL16-B90.5,,,0.0
,,1.2988586296496079,t_plus_12h,aus,aus:2026-07-16,,KXHIGHAUS-26JUL16,3.0790210883876514,bracket,neuralcaster_v2,,0.2454119771925276,2026-07-16T18:00:00+00:00,2026-07-16,bounded,0.0,0.4759472173802183,KXHIGHAUS-26JUL16-B86.5,bounded,0.046004268726901255,KXHIGHAUS-26JUL16-B90.5,,,0.0
,,1.0731100401368427,t_plus_13h,aus,aus:2026-07-16,,KXHIGHAUS-26JUL16,1.6387882955725004,bracket,neuralcaster_v2,,0.13587648005887848,2026-07-16T19:00:00+00:00,2026-07-16,bounded,0.0,0.6267622059849624,KXHIGHAUS-26JUL16-B88.5,bounded,0.1942152312279446,KXHIGHAUS-26JUL16-B90.5,,,1.0
,,0.21570111022036334,t_plus_14h,aus,aus:2026-07-16,,KXHIGHAUS-26JUL16,0.4655356749567698,bracket,neuralcaster_v2,,0.015738588446985568,2026-07-16T20:00:00+00:00,2026-07-16,bounded,1.0,0.6277987190491822,KXHIGHAUS-26JUL16-B90.5,bounded,0.6277987190491822,KXHIGHAUS-26JUL16-B90.5,,,1.0
,,0.2146029382194883,t_plus_15h,aus,aus:2026-07-16,,KXHIGHAUS-26JUL16,0.4599579613505566,bracket,neuralcaster_v2,,0.016048788660285532,2026-07-16T21:00:00+00:00,2026-07-16,bounded,1.0,0.631310184376624,KXHIGHAUS-26JUL16-B90.5,bounded,0.631310184376624,KXHIGHAUS-26JUL16-B90.5,,,1.0
,,0.2162412506498836,t_plus_16h,aus,aus:2026-07-16,,KXHIGHAUS-26JUL16,0.46039894758446104,bracket,neuralcaster_v2,,0.016340599111678875,2026-07-16T22:00:00+00:00,2026-07-16,bounded,1.0,0.6310318466520534,KXHIGHAUS-26JUL16-B90.5,bounded,0.6310318466520534,KXHIGHAUS-26JUL16-B90.5,,,1.0
,,0.21742528053971438,t_plus_17h,aus,aus:2026-07-16,,KXHIGHAUS-26JUL16,0.46100299036521936,bracket,neuralcaster_v2,,0.016524142415563308,2026-07-16T23:00:00+00:00,2026-07-16,bounded,1.0,0.6306507915190419,KXHIGHAUS-26JUL16-B90.5,bounded,0.6306507915190419,KXHIGHAUS-26JUL16-B90.5,,,1.0
,,0.20132865405791617,t_plus_18h,aus,aus:2026-07-16,,KXHIGHAUS-26JUL16,0.4399692833189217,bracket,neuralcaster_v2,,0.01523563234858028,2026-07-17T00:00:00+00:00,2026-07-16,bounded,1.0,0.6440562040483225,KXHIGHAUS-26JUL16-B90.5,bounded,0.6440562040483225,KXHIGHAUS-26JUL16-B90.5,,,1.0
,,0.19531980069803445,t_plus_19h,aus,aus:2026-07-16,,KXHIGHAUS-26JUL16,0.4324988944898936,bracket,neuralcaster_v2,,0.014710404453177667,2026-07-17T01:00:00+00:00,2026-07-16,bounded,1.0,0.648885570483613,KXHIGHAUS-26JUL16-B90.5,bounded,0.648885570483613,KXHIGHAUS-26JUL16-B90.5,,,1.0
,,0.1947109163523417,t_plus_20h,aus,aus:2026-07-16,,KXHIGHAUS-26JUL16,0.4312192583593478,bracket,neuralcaster_v2,,0.014705717844353091,2026-07-17T02:00:00+00:00,2026-07-16,bounded,1.0,0.6497164393957566,KXHIGHAUS-26JUL16-B90.5,bounded,0.6497164393957566,KXHIGHAUS-26JUL16-B90.5,,,1.0
,,0.202032634229522,t_plus_21h,aus,aus:2026-07-16,,KXHIGHAUS-26JUL16,0.4390704904034058,bracket,neuralcaster_v2,,0.015463369334324517,2026-07-17T03:00:00+00:00,2026-07-16,bounded,1.0,0.6446353374232158,KXHIGHAUS-26JUL16-B90.5,bounded,0.6446353374232158,KXHIGHAUS-26JUL16-B90.5,,,1.0
,,0.20445824627607465,t_plus_22h,aus,aus:2026-07-16,,KXHIGHAUS-26JUL16,0.4418007713693083,bracket,neuralcaster_v2,,0.015701064142796515,2026-07-17T04:00:00+00:00,2026-07-16,bounded,1.0,0.6428777023421522,KXHIGHAUS-26JUL16-B90.5,bounded,0.6428777023421522,KXHIGHAUS-26JUL16-B90.5,,,1.0
,,0.2064467057915262,t_plus_23h,aus,aus:2026-07-16,,KXHIGHAUS-26JUL16,0.44396249493259426,bracket,neuralcaster_v2,,0.01590266199074026,2026-07-17T05:00:00+00:00,2026-07-16,bounded,1.0,0.6414894794823244,KXHIGHAUS-26JUL16-B90.5,bounded,0.6414894794823244,KXHIGHAUS-26JUL16-B90.5,,,1.0
,,0.7300278840092961,t_plus_0h,den,den:2026-07-16,,KXHIGHDEN-26JUL16,1.2592935440579076,bracket,neuralcaster_v2,,0.09773482569506362,2026-07-16T07:00:00+00:00,2026-07-16,bounded,0.0,0.41586506500789155,KXHIGHDEN-26JUL16-B91.5,bounded,0.2838544863719864,KXHIGHDEN-26JUL16-B93.5,,,1.0
,,0.682867985385863,t_plus_1h,den,den:2026-07-16,,KXHIGHDEN-26JUL16,1.2147788480739514,bracket,neuralcaster_v2,,0.08807679317534209,2026-07-16T08:00:00+00:00,2026-07-16,bounded,0.0,0.3804825688343097,KXHIGHDEN-26JUL16-B91.5,bounded,0.2967756395414918,KXHIGHDEN-26JUL16-B93.5,,,1.0
,,0.6970233346129677,t_plus_2h,den,den:2026-07-16,,KXHIGHDEN-26JUL16,1.279439986644198,bracket,neuralcaster_v2,,0.09289038110390076,2026-07-16T09:00:00+00:00,2026-07-16,bounded,0.0,0.3505378422605823,KXHIGHDEN-26JUL16-B91.5,bounded,0.278193048661327,KXHIGHDEN-26JUL16-B93.5,,,1.0
,,0.7038415471220392,t_plus_3h,den,den:2026-07-16,,KXHIGHDEN-26JUL16,1.3091924520855096,bracket,neuralcaster_v2,,0.09480107975377547,2026-07-16T10:00:00+00:00,2026-07-16,bounded,0.0,0.3381926406620429,KXHIGHDEN-26JUL16-B91.5,bounded,0.27003803701156226,KXHIGHDEN-26JUL16-B93.5,,,1.0
,,0.7197343609366931,t_plus_4h,den,den:2026-07-16,,KXHIGHDEN-26JUL16,1.3396697705619747,bracket,neuralcaster_v2,,0.10219938497571594,2026-07-16T11:00:00+00:00,2026-07-16,bounded,0.0,0.3363021163925249,KXHIGHDEN-26JUL16-B91.5,bounded,0.2619321520072114,KXHIGHDEN-26JUL16-B93.5,,,1.0
,,0.70710589709152,t_plus_5h,den,den:2026-07-16,,KXHIGHDEN-26JUL16,1.3165439954462286,bracket,neuralcaster_v2,,0.09623025357027006,2026-07-16T12:00:00+00:00,2026-07-16,bounded,0.0,0.33707615888272147,KXHIGHDEN-26JUL16-B91.5,bounded,0.2680601199530055,KXHIGHDEN-26JUL16-B93.5,,,1.0
,,0.705137441045853,t_plus_6h,den,den:2026-07-16,,KXHIGHDEN-26JUL16,1.3087273833238326,bracket,neuralcaster_v2,,0.09564606576514446,2026-07-16T13:00:00+00:00,2026-07-16,bounded,0.0,0.3401169572931263,KXHIGHDEN-26JUL16-B91.5,bounded,0.27016365247469076,KXHIGHDEN-26JUL16-B93.5,,,1.0
,,0.7319697495477009,t_plus_7h,den,den:2026-07-16,,KXHIGHDEN-26JUL16,1.3520283283583414,bracket,neuralcaster_v2,,0.1052336737694595,2026-07-16T14:00:00+00:00,2026-07-16,bounded,0.0,0.34571447405531985,KXHIGHDEN-26JUL16-B91.5,bounded,0.2587149691854749,KXHIGHDEN-26JUL16-B93.5,,,1.0
,,0.8870342395030276,t_plus_8h,den,den:2026-07-16,,KXHIGHDEN-26JUL16,1.6804362801452484,bracket,neuralcaster_v2,,0.1559067046968601,2026-07-16T15:00:00+00:00,2026-07-16,bounded,0.0,0.34843132065213067,KXHIGHDEN-26JUL16-B91.5,bounded,0.1862926825087391,KXHIGHDEN-26JUL16-B93.5,,,1.0
,,0.8809421737743011,t_plus_9h,den,den:2026-07-16,,KXHIGHDEN-26JUL16,1.639594931910847,bracket,neuralcaster_v2,,0.1485899750337659,2026-07-16T16:00:00+00:00,2026-07-16,bounded,0.0,0.36475880548451434,KXHIGHDEN-26JUL16-B91.5,bounded,0.19405863333224338,KXHIGHDEN-26JUL16-B93.5,,,1.0
,,0.8973348588018263,t_plus_10h,den,den:2026-07-16,,KXHIGHDEN-26JUL16,1.6419353821871336,bracket,neuralcaster_v2,,0.1453732135242131,2026-07-16T17:00:00+00:00,2026-07-16,bounded,0.0,0.3934028812590963,KXHIGHDEN-26JUL16-B91.5,bounded,0.19360497983405442,KXHIGHDEN-26JUL16-B93.5,,,1.0
,,0.9428526779431271,t_plus_11h,den,den:2026-07-16,,KXHIGHDEN-26JUL16,1.686234175740787,bracket,neuralcaster_v2,,0.14670534540176766,2026-07-16T18:00:00+00:00,2026-07-16,bounded,0.0,0.43430922029524116,KXHIGHDEN-26JUL16-B91.5,bounded,0.1852157021122322,KXHIGHDEN-26JUL16-B93.5,,,1.0
,,0.9828551203441094,t_plus_12h,den,den:2026-07-16,,KXHIGHDEN-26JUL16,1.6948598525834593,bracket,neuralcaster_v2,,0.14371245246976547,2026-07-16T19:00:00+00:00,2026-07-16,bounded,0.0,0.4969388340041841,KXHIGHDEN-26JUL16-B91.5,bounded,0.18362496178849283,KXHIGHDEN-26JUL16-B93.5,,,1.0
,,1.0450918682574384,t_plus_13h,den,den:2026-07-16,,KXHIGHDEN-26JUL16,1.768233024842137,bracket,neuralcaster_v2,,0.14906422922987617,2026-07-16T20:00:00+00:00,2026-07-16,bounded,0.0,0.5427379822114382,KXHIGHDEN-26JUL16-B91.5,bounded,0.17063422904884648,KXHIGHDEN-26JUL16-B93.5,,,1.0
,,1.094212144463561,t_plus_14h,den,den:2026-07-16,,KXHIGHDEN-26JUL16,1.7993271628261962,bracket,neuralcaster_v2,,0.15064554296172394,2026-07-16T21:00:00+00:00,2026-07-16,bounded,0.0,0.5871675428161683,KXHIGHDEN-26JUL16-B91.5,bounded,0.16541014488298203,KXHIGHDEN-26JUL16-B93.5,,,1.0
,,0.5938776389349466,t_plus_15h,den,den:2026-07-16,,KXHIGHDEN-26JUL16,0.8310635779905924,bracket,neuralcaster_v2,,0.05549702912239102,2026-07-16T22:00:00+00:00,2026-07-16,bounded,0.0,0.5233154100720688,KXHIGHDEN-26JUL16-B91.5,bounded,0.4355857604394486,KXHIGHDEN-26JUL16-B93.5,,,1.0
,,0.5926905628512427,t_plus_16h,den,den:2026-07-16,,KXHIGHDEN-26JUL16,0.8287080298556105,bracket,neuralcaster_v2,,0.05549093155578096,2026-07-16T23:00:00+00:00,2026-07-16,bounded,0.0,0.5233654816582658,KXHIGHDEN-26JUL16-B91.5,bounded,0.43661301306159045,KXHIGHDEN-26JUL16-B93.5,,,1.0
,,0.5882576585133844,t_plus_17h,den,den:2026-07-16,,KXHIGHDEN-26JUL16,0.8224258465490119,bracket,neuralcaster_v2,,0.05522133918256774,2026-07-17T00:00:00+00:00,2026-07-16,bounded,0.0,0.5221932176304501,KXHIGHDEN-26JUL16-B91.5,bounded,0.43936452976059265,KXHIGHDEN-26JUL16-B93.5,,,1.0
,,0.5709609243984157,t_plus_18h,den,den:2026-07-16,,KXHIGHDEN-26JUL16,0.8032610073727122,bracket,neuralcaster_v2,,0.05364766932163263,2026-07-17T01:00:00+00:00,2026-07-16,bounded,0.0,0.5147038316283362,KXHIGHDEN-26JUL16-B91.5,bounded,0.44786608557768814,KXHIGHDEN-26JUL16-B93.5,,,1.0
,,0.5562174524086069,t_plus_19h,den,den:2026-07-16,,KXHIGHDEN-26JUL16,0.7876842781518826,bracket,neuralcaster_v2,,0.05223634803286788,2026-07-17T02:00:00+00:00,2026-07-16,bounded,0.0,0.507841209996865,KXHIGHDEN-26JUL16-B91.5,bounded,0.4548969914170283,KXHIGHDEN-26JUL16-B93.5,,,1.0
,,0.5539699485674144,t_plus_20h,den,den:2026-07-16,,KXHIGHDEN-26JUL16,0.7836606295459585,bracket,neuralcaster_v2,,0.05218528371232963,2026-07-17T03:00:00+00:00,2026-07-16,bounded,0.0,0.5077054446732453,KXHIGHDEN-26JUL16-B91.5,bounded,0.45673102434001245,KXHIGHDEN-26JUL16-B93.5,,,1.0
,,0.5535601085145764,t_plus_21h,den,den:2026-07-16,,KXHIGHDEN-26JUL16,0.7831229124930958,bracket,neuralcaster_v2,,0.052156535729703704,2026-07-17T04:00:00+00:00,2026-07-16,bounded,0.0,0.5075717867548301,KXHIGHDEN-26JUL16-B91.5,bounded,0.4569766824417276,KXHIGHDEN-26JUL16-B93.5,,,1.0
,,0.5614206276801875,t_plus_22h,den,den:2026-07-16,,KXHIGHDEN-26JUL16,0.7906934519209696,bracket,neuralcaster_v2,,0.052980649024073415,2026-07-17T05:00:00+00:00,2026-07-16,bounded,0.0,0.5116391545174281,KXHIGHDEN-26JUL16-B91.5,bounded,0.45353018483346264,KXHIGHDEN-26JUL16-B93.5,,,1.0
,,0.5637222676284762,t_plus_23h,den,den:2026-07-16,,KXHIGHDEN-26JUL16,0.7929644489506403,bracket,neuralcaster_v2,,0.0532167540202834,2026-07-17T06:00:00+00:00,2026-07-16,bounded,0.0,0.5127951611600202,KXHIGHDEN-26JUL16-B91.5,bounded,0.452501387770539,KXHIGHDEN-26JUL16-B93.5,,,1.0
,,0.44540200132977675,t_plus_0h,la,la:2026-07-16,,KXHIGHLAX-26JUL16,0.8287547789950004,bracket,neuralcaster_v2,,0.03507755645704046,2026-07-16T08:00:00+00:00,2026-07-16,bounded,1.0,0.43659260225608093,KXHIGHLAX-26JUL16-B83.5,bounded,0.43659260225608093,KXHIGHLAX-26JUL16-B83.5,,,1.0
,,0.4626346669495635,t_plus_1h,la,la:2026-07-16,,KXHIGHLAX-26JUL16,0.8564660919226763,bracket,neuralcaster_v2,,0.03737499913674753,2026-07-16T09:00:00+00:00,2026-07-16,bounded,1.0,0.42466014366497085,KXHIGHLAX-26JUL16-B83.5,bounded,0.42466014366497085,KXHIGHLAX-26JUL16-B83.5,,,1.0
,,0.47581020195235313,t_plus_2h,la,la:2026-07-16,,KXHIGHLAX-26JUL16,0.8703767987286483,bracket,neuralcaster_v2,,0.03974666856022762,2026-07-16T10:00:00+00:00,2026-07-16,bounded,1.0,0.4187937185735833,KXHIGHLAX-26JUL16-B83.5,bounded,0.4187937185735833,KXHIGHLAX-26JUL16-B83.5,,,1.0
,,0.4622147838872136,t_plus_3h,la,la:2026-07-16,,KXHIGHLAX-26JUL16,0.8474422668979664,bracket,neuralcaster_v2,,0.03806144151983352,2026-07-16T11:00:00+00:00,2026-07-16,bounded,1.0,0.42850954453515233,KXHIGHLAX-26JUL16-B83.5,bounded,0.42850954453515233,KXHIGHLAX-26JUL16-B83.5,,,1.0
,,0.45978133527964093,t_plus_4h,la,la:2026-07-16,,KXHIGHLAX-26JUL16,0.8372880845673777,bracket,neuralcaster_v2,,0.03828211631221031,2026-07-16T12:00:00+00:00,2026-07-16,bounded,1.0,0.4328828748003773,KXHIGHLAX-26JUL16-B83.5,bounded,0.4328828748003773,KXHIGHLAX-26JUL16-B83.5,,,1.0
,,0.4542681391960404,t_plus_5h,la,la:2026-07-16,,KXHIGHLAX-26JUL16,0.8253720741315209,bracket,neuralcaster_v2,,0.037789852351980305,2026-07-16T13:00:00+00:00,2026-07-16,bounded,1.0,0.4380719668914059,KXHIGHLAX-26JUL16-B83.5,bounded,0.4380719668914059,KXHIGHLAX-26JUL16-B83.5,,,1.0
,,0.474722479414382,t_plus_6h,la,la:2026-07-16,,KXHIGHLAX-26JUL16,0.8464322998826518,bracket,neuralcaster_v2,,0.04171824107080684,2026-07-16T14:00:00+00:00,2026-07-16,bounded,1.0,0.42894254366149187,KXHIGHLAX-26JUL16-B83.5,bounded,0.42894254366149187,KXHIGHLAX-26JUL16-B83.5,,,1.0
,,0.4310016220433873,t_plus_7h,la,la:2026-07-16,,KXHIGHLAX-26JUL16,0.7871244325682708,bracket,neuralcaster_v2,,0.03502166151027647,2026-07-16T15:00:00+00:00,2026-07-16,bounded,1.0,0.4551517347904941,KXHIGHLAX-26JUL16-B83.5,bounded,0.4551517347904941,KXHIGHLAX-26JUL16-B83.5,,,1.0
,,0.37111618947714897,t_plus_8h,la,la:2026-07-16,,KXHIGHLAX-26JUL16,0.7087446205376172,bracket,neuralcaster_v2,,0.028718845382008813,2026-07-16T16:00:00+00:00,2026-07-16,bounded,1.0,0.49226178506154356,KXHIGHLAX-26JUL16-B83.5,bounded,0.49226178506154356,KXHIGHLAX-26JUL16-B83.5,,,1.0
,,0.2844355318825478,t_plus_9h,la,la:2026-07-16,,KXHIGHLAX-26JUL16,0.5921358349222506,bracket,neuralcaster_v2,,0.020115121652544275,2026-07-16T17:00:00+00:00,2026-07-16,bounded,1.0,0.5531445966242966,KXHIGHLAX-26JUL16-B83.5,bounded,0.5531445966242966,KXHIGHLAX-26JUL16-B83.5,,,1.0
,,0.25582914562375597,t_plus_10h,la,la:2026-07-16,,KXHIGHLAX-26JUL16,0.5440961058680357,bracket,neuralcaster_v2,,0.01775430438707886,2026-07-16T18:00:00+00:00,2026-07-16,bounded,1.0,0.5803661358691614,KXHIGHLAX-26JUL16-B83.5,bounded,0.5803661358691614,KXHIGHLAX-26JUL16-B83.5,,,1.0
,,0.21270450873715865,t_plus_11h,la,la:2026-07-16,,KXHIGHLAX-26JUL16,0.4743420968539164,bracket,neuralcaster_v2,,0.015170687217905954,2026-07-16T19:00:00+00:00,2026-07-16,bounded,1.0,0.6222943312169819,KXHIGHLAX-26JUL16-B83.5,bounded,0.6222943312169819,KXHIGHLAX-26JUL16-B83.5,,,1.0
,,0.6297359963440372,t_plus_12h,la,la:2026-07-16,,KXHIGHLAX-26JUL16,0.8895442159335316,bracket,neuralcaster_v2,,0.06938623463440449,2026-07-16T20:00:00+00:00,2026-07-16,bounded,0.0,0.5284887270431899,KXHIGHLAX-26JUL16-B85.5,bounded,0.4108429657623661,KXHIGHLAX-26JUL16-B83.5,,,1.0
,,0.5636586728980031,t_plus_13h,la,la:2026-07-16,,KXHIGHLAX-26JUL16,0.8094434686414158,bracket,neuralcaster_v2,,0.0613930818470107,2026-07-16T21:00:00+00:00,2026-07-16,bounded,0.0,0.5033822967674326,KXHIGHLAX-26JUL16-B85.5,bounded,0.44510571259200654,KXHIGHLAX-26JUL16-B83.5,,,1.0
,,0.52974567887485,t_plus_14h,la,la:2026-07-16,,KXHIGHLAX-26JUL16,0.7705834545609972,bracket,neuralcaster_v2,,0.05750208957193091,2026-07-16T22:00:00+00:00,2026-07-16,bounded,0.0,0.48891840960844635,KXHIGHLAX-26JUL16-B85.5,bounded,0.46274300001867047,KXHIGHLAX-26JUL16-B83.5,,,1.0
,,0.5135858428799124,t_plus_15h,la,la:2026-07-16,,KXHIGHLAX-26JUL16,0.7521376970745652,bracket,neuralcaster_v2,,0.05564786307175923,2026-07-16T23:00:00+00:00,2026-07-16,bounded,0.0,0.48187554646850944,KXHIGHLAX-26JUL16-B85.5,bounded,0.4713578546726774,KXHIGHLAX-26JUL16-B83.5,,,1.0
,,0.5043032647738084,t_plus_16h,la,la:2026-07-16,,KXHIGHLAX-26JUL16,0.7411282567016634,bracket,neuralcaster_v2,,0.054532174289898885,2026-07-17T00:00:00+00:00,2026-07-16,bounded,0.0,0.4780492890780566,KXHIGHLAX-26JUL16-B85.5,bounded,0.47657591210844036,KXHIGHLAX-26JUL16-B83.5,,,1.0
,,0.555738935239672,t_plus_17h,la,la:2026-07-16,,KXHIGHLAX-26JUL16,0.7952939011438556,bracket,neuralcaster_v2,,0.05989217331470612,2026-07-17T01:00:00+00:00,2026-07-16,bounded,0.0,0.5030074401062967,KXHIGHLAX-26JUL16-B85.5,bounded,0.45144853418250963,KXHIGHLAX-26JUL16-B83.5,,,1.0
,,0.5763015867084632,t_plus_18h,la,la:2026-07-16,,KXHIGHLAX-26JUL16,0.8175326483053525,bracket,neuralcaster_v2,,0.06208800988284587,2026-07-17T02:00:00+00:00,2026-07-16,bounded,0.0,0.5123871178962469,KXHIGHLAX-26JUL16-B85.5,bounded,0.44151969603369084,KXHIGHLAX-26JUL16-B83.5,,,1.0
,,0.5803501364811793,t_plus_19h,la,la:2026-07-16,,KXHIGHLAX-26JUL16,0.8218796900825742,bracket,neuralcaster_v2,,0.0625153869980114,2026-07-17T03:00:00+00:00,2026-07-16,bounded,0.0,0.5142380444099612,KXHIGHLAX-26JUL16-B85.5,bounded,0.4396045570799146,KXHIGHLAX-26JUL16-B83.5,,,1.0
,,0.5815065580324321,t_plus_20h,la,la:2026-07-16,,KXHIGHLAX-26JUL16,0.8230835696804456,bracket,neuralcaster_v2,,0.06263302088605435,2026-07-17T04:00:00+00:00,2026-07-16,bounded,0.0,0.5147871933590117,KXHIGHLAX-26JUL16-B85.5,bounded,0.4390756445598913,KXHIGHLAX-26JUL16-B83.5,,,1.0
,,0.5815201385260311,t_plus_21h,la,la:2026-07-16,,KXHIGHLAX-26JUL16,0.8230421693386719,bracket,neuralcaster_v2,,0.06262800074429628,2026-07-17T05:00:00+00:00,2026-07-16,bounded,0.0,0.5148248676901264,KXHIGHLAX-26JUL16-B85.5,bounded,0.439093822817931,KXHIGHLAX-26JUL16-B83.5,,,1.0
,,0.5836068076498829,t_plus_22h,la,la:2026-07-16,,KXHIGHLAX-26JUL16,0.8252988188269498,bracket,neuralcaster_v2,,0.06284989429507178,2026-07-17T06:00:00+00:00,2026-07-16,bounded,0.0,0.5157673166677533,KXHIGHLAX-26JUL16-B85.5,bounded,0.4381040591622148,KXHIGHLAX-26JUL16-B83.5,,,1.0
,,0.5846353471600424,t_plus_23h,la,la:2026-07-16,,KXHIGHLAX-26JUL16,0.8264055807591628,bracket,neuralcaster_v2,,0.06295858083298474,2026-07-17T07:00:00+00:00,2026-07-16,bounded,0.0,0.5162345714964088,KXHIGHLAX-26JUL16-B85.5,bounded,0.4376194504898686,KXHIGHLAX-26JUL16-B83.5,,,1.0
,,0.6002249773166104,t_plus_0h,mia,mia:2026-07-16,,KXHIGHMIA-26JUL16,1.046228700970526,bracket,neuralcaster_v2,,0.06825307502843246,2026-07-16T05:00:00+00:00,2026-07-16,bounded,0.0,0.3876872987914038,KXHIGHMIA-26JUL16-B94.5,bounded,0.3512599606652124,KXHIGHMIA-26JUL16-B96.5,,,1.0
,,0.5985953096113708,t_plus_1h,mia,mia:2026-07-16,,KXHIGHMIA-26JUL16,1.08278942587267,bracket,neuralcaster_v2,,0.06260494225009369,2026-07-16T06:00:00+00:00,2026-07-16,bounded,0.0,0.3464607377298673,KXHIGHMIA-26JUL16-B94.5,bounded,0.33864956905072713,KXHIGHMIA-26JUL16-B96.5,,,1.0
,,0.5958192564875617,t_plus_2h,mia,mia:2026-07-16,,KXHIGHMIA-26JUL16,1.08458178834284,bracket,neuralcaster_v2,,0.06026293257713665,2026-07-16T07:00:00+00:00,2026-07-16,bounded,1.0,0.33804312991434765,KXHIGHMIA-26JUL16-B96.5,bounded,0.33804312991434765,KXHIGHMIA-26JUL16-B96.5,,,1.0
,,0.5850451911777644,t_plus_3h,mia,mia:2026-07-16,,KXHIGHMIA-26JUL16,1.0619521092457742,bracket,neuralcaster_v2,,0.057856454331292606,2026-07-16T08:00:00+00:00,2026-07-16,bounded,1.0,0.34578015043498717,KXHIGHMIA-26JUL16-B96.5,bounded,0.34578015043498717,KXHIGHMIA-26JUL16-B96.5,,,1.0
,,0.569618840307081,t_plus_4h,mia,mia:2026-07-16,,KXHIGHMIA-26JUL16,1.0274843881317475,bracket,neuralcaster_v2,,0.05490839738295322,2026-07-16T09:00:00+00:00,2026-07-16,bounded,1.0,0.35790618208815445,KXHIGHMIA-26JUL16-B96.5,bounded,0.35790618208815445,KXHIGHMIA-26JUL16-B96.5,,,1.0
,,0.5566755863563444,t_plus_5h,mia,mia:2026-07-16,,KXHIGHMIA-26JUL16,0.9974558812542359,bracket,neuralcaster_v2,,0.052629487392986896,2026-07-16T10:00:00+00:00,2026-07-16,bounded,1.0,0.36881656172142446,KXHIGHMIA-26JUL16-B96.5,bounded,0.36881656172142446,KXHIGHMIA-26JUL16-B96.5,,,1.0
,,0.54979795313821,t_plus_6h,mia,mia:2026-07-16,,KXHIGHMIA-26JUL16,0.9791143701667373,bracket,neuralcaster_v2,,0.05183404961449221,2026-07-16T11:00:00+00:00,2026-07-16,bounded,1.0,0.3756436327865487,KXHIGHMIA-26JUL16-B96.5,bounded,0.3756436327865487,KXHIGHMIA-26JUL16-B96.5,,,1.0
,,0.5812462888932435,t_plus_7h,mia,mia:2026-07-16,,KXHIGHMIA-26JUL16,1.0041512467240152,bracket,neuralcaster_v2,,0.06376595526115454,2026-07-16T12:00:00+00:00,2026-07-16,bounded,0.0,0.3935273706709288,KXHIGHMIA-26JUL16-B94.5,bounded,0.36635544827027705,KXHIGHMIA-26JUL16-B96.5,,,1.0
,,0.6016495195619365,t_plus_8h,mia,mia:2026-07-16,,KXHIGHMIA-26JUL16,1.0168226213294154,bracket,neuralcaster_v2,,0.06751649449445053,2026-07-16T13:00:00+00:00,2026-07-16,bounded,0.0,0.4144508578468466,KXHIGHMIA-26JUL16-B94.5,bounded,0.3617425090096147,KXHIGHMIA-26JUL16-B96.5,,,1.0
,,0.6825935803263691,t_plus_9h,mia,mia:2026-07-16,,KXHIGHMIA-26JUL16,1.0962613951128906,bracket,neuralcaster_v2,,0.08175897925939105,2026-07-16T14:00:00+00:00,2026-07-16,bounded,0.0,0.4663983622606775,KXHIGHMIA-26JUL16-B94.5,bounded,0.334117886357398,KXHIGHMIA-26JUL16-B96.5,,,1.0
,,0.578368506047885,t_plus_10h,mia,mia:2026-07-16,,KXHIGHMIA-26JUL16,0.9044139616899819,bracket,neuralcaster_v2,,0.061539987311127954,2026-07-16T15:00:00+00:00,2026-07-16,bounded,0.0,0.4639174348759994,KXHIGHMIA-26JUL16-B94.5,bounded,0.40477903162738316,KXHIGHMIA-26JUL16-B96.5,,,1.0
,,0.5601542462058031,t_plus_11h,mia,mia:2026-07-16,,KXHIGHMIA-26JUL16,0.8622636924141299,bracket,neuralcaster_v2,,0.05781364826268698,2026-07-16T16:00:00+00:00,2026-07-16,bounded,0.0,0.4696416651493517,KXHIGHMIA-26JUL16-B94.5,bounded,0.42220525690985605,KXHIGHMIA-26JUL16-B96.5,,,1.0
,,0.5844465477635165,t_plus_12h,mia,mia:2026-07-16,,KXHIGHMIA-26JUL16,0.8699911222507343,bracket,neuralcaster_v2,,0.059080596073055824,2026-07-16T17:00:00+00:00,2026-07-16,bounded,0.0,0.4930816363623298,KXHIGHMIA-26JUL16-B94.5,bounded,0.41895526861095744,KXHIGHMIA-26JUL16-B96.5,,,1.0
,,0.607289914258217,t_plus_13h,mia,mia:2026-07-16,,KXHIGHMIA-26JUL16,0.8917504911855145,bracket,neuralcaster_v2,,0.06175413056708943,2026-07-16T18:00:00+00:00,2026-07-16,bounded,0.0,0.5056615947094397,KXHIGHMIA-26JUL16-B94.5,bounded,0.40993753227957386,KXHIGHMIA-26JUL16-B96.5,,,1.0
,,1.187738525523472,t_plus_14h,mia,mia:2026-07-16,,KXHIGHMIA-26JUL16,1.9398561108489507,bracket,neuralcaster_v2,,0.15562726179569522,2026-07-16T19:00:00+00:00,2026-07-16,bounded,0.0,0.6393402513722766,KXHIGHMIA-26JUL16-B94.5,bounded,0.14372462870473982,KXHIGHMIA-26JUL16-B96.5,,,1.0
,,0.38355490165077233,t_plus_15h,mia,mia:2026-07-16,,KXHIGHMIA-26JUL16,0.5796564723552692,bracket,neuralcaster_v2,,0.038012107602208536,2026-07-16T20:00:00+00:00,2026-07-16,bounded,1.0,0.5600907401734913,KXHIGHMIA-26JUL16-B96.5,bounded,0.5600907401734913,KXHIGHMIA-26JUL16-B96.5,,,1.0
,,0.3729559690209561,t_plus_16h,mia,mia:2026-07-16,,KXHIGHMIA-26JUL16,0.5688363549990169,bracket,neuralcaster_v2,,0.0369570694407446,2026-07-16T21:00:00+00:00,2026-07-16,bounded,1.0,0.5661838925781914,KXHIGHMIA-26JUL16-B96.5,bounded,0.5661838925781914,KXHIGHMIA-26JUL16-B96.5,,,1.0
,,0.36669348656799317,t_plus_17h,mia,mia:2026-07-16,,KXHIGHMIA-26JUL16,0.5624262631832826,bracket,neuralcaster_v2,,0.03633372234897299,2026-07-16T22:00:00+00:00,2026-07-16,bounded,1.0,0.5698248402516652,KXHIGHMIA-26JUL16-B96.5,bounded,0.5698248402516652,KXHIGHMIA-26JUL16-B96.5,,,1.0
,,0.3640061298180704,t_plus_18h,mia,mia:2026-07-16,,KXHIGHMIA-26JUL16,0.559671438404374,bracket,neuralcaster_v2,,0.036066239209274556,2026-07-16T23:00:00+00:00,2026-07-16,bounded,1.0,0.5713967720454327,KXHIGHMIA-26JUL16-B96.5,bounded,0.5713967720454327,KXHIGHMIA-26JUL16-B96.5,,,1.0
,,0.38739138472113116,t_plus_19h,mia,mia:2026-07-16,,KXHIGHMIA-26JUL16,0.5835647849390173,bracket,neuralcaster_v2,,0.03839401508248093,2026-07-17T00:00:00+00:00,2026-07-16,bounded,1.0,0.5579060025853058,KXHIGHMIA-26JUL16-B96.5,bounded,0.5579060025853058,KXHIGHMIA-26JUL16-B96.5,,,1.0
,,0.3997905219153204,t_plus_20h,mia,mia:2026-07-16,,KXHIGHMIA-26JUL16,0.5961690354496098,bracket,neuralcaster_v2,,0.03962836078902202,2026-07-17T01:00:00+00:00,2026-07-16,bounded,1.0,0.5509181464236309,KXHIGHMIA-26JUL16-B96.5,bounded,0.5509181464236309,KXHIGHMIA-26JUL16-B96.5,,,1.0
,,0.3953568445140838,t_plus_21h,mia,mia:2026-07-16,,KXHIGHMIA-26JUL16,0.5916665395788244,bracket,neuralcaster_v2,,0.03918697400452019,2026-07-17T02:00:00+00:00,2026-07-16,bounded,1.0,0.5534042457290262,KXHIGHMIA-26JUL16-B96.5,bounded,0.5534042457290262,KXHIGHMIA-26JUL16-B96.5,,,1.0
,,0.392044737146723,t_plus_22h,mia,mia:2026-07-16,,KXHIGHMIA-26JUL16,0.5882997961167297,bracket,neuralcaster_v2,,0.038857250367431054,2026-07-17T03:00:00+00:00,2026-07-16,bounded,1.0,0.5552705557859421,KXHIGHMIA-26JUL16-B96.5,bounded,0.5552705557859421,KXHIGHMIA-26JUL16-B96.5,,,1.0
,,0.39228731050497234,t_plus_23h,mia,mia:2026-07-16,,KXHIGHMIA-26JUL16,0.5885464674265082,bracket,neuralcaster_v2,,0.03888139857781897,2026-07-17T04:00:00+00:00,2026-07-16,bounded,1.0,0.5551336033624762,KXHIGHMIA-26JUL16-B96.5,bounded,0.5551336033624762,KXHIGHMIA-26JUL16-B96.5,,,1.0
,,1.2455273326729595,t_plus_0h,nyc,nyc:2026-07-16,,KXHIGHNY-26JUL16,4.171470936517253,bracket,neuralcaster_v2,,0.4458746355727408,2026-07-16T05:00:00+00:00,2026-07-16,bounded,0.0,0.3804306282176954,KXHIGHNY-26JUL16-B93.5,lower_tail,0.01542954753869984,KXHIGHNY-26JUL16-T89,,,0.0
,,1.204737405590187,t_plus_1h,nyc,nyc:2026-07-16,,KXHIGHNY-26JUL16,3.723243957150329,bracket,neuralcaster_v2,,0.4436980784831652,2026-07-16T06:00:00+00:00,2026-07-16,bounded,0.0,0.34990983583872715,KXHIGHNY-26JUL16-B93.5,lower_tail,0.02415548126479776,KXHIGHNY-26JUL16-T89,,,0.0
,,1.1649103299173782,t_plus_2h,nyc,nyc:2026-07-16,,KXHIGHNY-26JUL16,3.404381294206483,bracket,neuralcaster_v2,,0.4278189208360154,2026-07-16T07:00:00+00:00,2026-07-16,bounded,0.0,0.32079024819549906,KXHIGHNY-26JUL16-B93.5,lower_tail,0.03322737169100392,KXHIGHNY-26JUL16-T89,,,0.0
,,1.1513249038043678,t_plus_3h,nyc,nyc:2026-07-16,,KXHIGHNY-26JUL16,3.3071036254630233,bracket,neuralcaster_v2,,0.42131570285226905,2026-07-16T08:00:00+00:00,2026-07-16,bounded,0.0,0.31055642659159444,KXHIGHNY-26JUL16-B93.5,lower_tail,0.03662209158439717,KXHIGHNY-26JUL16-T89,,,0.0
,,1.1338493595217272,t_plus_4h,nyc,nyc:2026-07-16,,KXHIGHNY-26JUL16,3.0972607435166175,bracket,neuralcaster_v2,,0.381032171879797,2026-07-16T09:00:00+00:00,2026-07-16,bounded,0.0,0.2997668053747501,KXHIGHNY-26JUL16-B93.5,lower_tail,0.04517277288164804,KXHIGHNY-26JUL16-T89,,,0.0
,,1.1422140734925847,t_plus_5h,nyc,nyc:2026-07-16,,KXHIGHNY-26JUL16,3.159550256788929,bracket,neuralcaster_v2,,0.38882074487427176,2026-07-16T10:00:00+00:00,2026-07-16,bounded,0.0,0.307175245411599,KXHIGHNY-26JUL16-B93.5,lower_tail,0.04244482606088549,KXHIGHNY-26JUL16-T89,,,0.0
,,1.1457059287109668,t_plus_6h,nyc,nyc:2026-07-16,,KXHIGHNY-26JUL16,3.181714365180265,bracket,neuralcaster_v2,,0.3906235704545208,2026-07-16T11:00:00+00:00,2026-07-16,bounded,0.0,0.3096973727864326,KXHIGHNY-26JUL16-B93.5,lower_tail,0.04151442319824529,KXHIGHNY-26JUL16-T89,,,0.0
,,1.1489353481599451,t_plus_7h,nyc,nyc:2026-07-16,,KXHIGHNY-26JUL16,3.200856764673138,bracket,neuralcaster_v2,,0.3917730615254464,2026-07-16T12:00:00+00:00,2026-07-16,bounded,0.0,0.3118291094856943,KXHIGHNY-26JUL16-B93.5,lower_tail,0.04072729531838701,KXHIGHNY-26JUL16-T89,,,0.0
,,1.1546320420737337,t_plus_8h,nyc,nyc:2026-07-16,,KXHIGHNY-26JUL16,3.2369677243641037,bracket,neuralcaster_v2,,0.3943404440990038,2026-07-16T13:00:00+00:00,2026-07-16,bounded,0.0,0.31574341946596085,KXHIGHNY-26JUL16-B93.5,lower_tail,0.039282831056073345,KXHIGHNY-26JUL16-T89,,,0.0
,,1.1567968643930842,t_plus_9h,nyc,nyc:2026-07-16,,KXHIGHNY-26JUL16,3.2416782365020707,bracket,neuralcaster_v2,,0.3923584571651236,2026-07-16T14:00:00+00:00,2026-07-16,bounded,0.0,0.31623139623461965,KXHIGHNY-26JUL16-B93.5,lower_tail,0.03909822394194856,KXHIGHNY-26JUL16-T89,,,0.0
,,1.1405034084962842,t_plus_10h,nyc,nyc:2026-07-16,,KXHIGHNY-26JUL16,3.047988336057238,bracket,neuralcaster_v2,,0.3550619050014675,2026-07-16T15:00:00+00:00,2026-07-16,bounded,0.0,0.31342140834643095,KXHIGHNY-26JUL16-B91.5,lower_tail,0.04745429052184925,KXHIGHNY-26JUL16-T89,,,0.0
,,1.150868285433809,t_plus_11h,nyc,nyc:2026-07-16,,KXHIGHNY-26JUL16,3.1025124657259355,bracket,neuralcaster_v2,,0.3576759919879897,2026-07-16T16:00:00+00:00,2026-07-16,bounded,0.0,0.3201977056054124,KXHIGHNY-26JUL16-B91.5,lower_tail,0.044936159883743915,KXHIGHNY-26JUL16-T89,,,0.0
,,1.1621376158917982,t_plus_12h,nyc,nyc:2026-07-16,,KXHIGHNY-26JUL16,3.1627052537440377,bracket,neuralcaster_v2,,0.3602684862488327,2026-07-16T17:00:00+00:00,2026-07-16,bounded,0.0,0.3275880944543458,KXHIGHNY-26JUL16-B91.5,lower_tail,0.042311123789938225,KXHIGHNY-26JUL16-T89,,,0.0
,,1.174292675169106,t_plus_13h,nyc,nyc:2026-07-16,,KXHIGHNY-26JUL16,3.2304674905637576,bracket,neuralcaster_v2,,0.36315674268369663,2026-07-16T18:00:00+00:00,2026-07-16,bounded,0.0,0.3352097449577388,KXHIGHNY-26JUL16-B91.5,lower_tail,0.039539010352910575,KXHIGHNY-26JUL16-T89,,,0.0
,,1.1892098323551814,t_plus_14h,nyc,nyc:2026-07-16,,KXHIGHNY-26JUL16,3.311476066140534,bracket,neuralcaster_v2,,0.36544591479670147,2026-07-16T19:00:00+00:00,2026-07-16,bounded,0.0,0.34550136495808403,KXHIGHNY-26JUL16-B91.5,lower_tail,0.03646231322670994,KXHIGHNY-26JUL16-T89,,,0.0
,,1.2400140352971836,t_plus_15h,nyc,nyc:2026-07-16,,KXHIGHNY-26JUL16,3.665253970028323,bracket,neuralcaster_v2,,0.3790643908284947,2026-07-16T20:00:00+00:00,2026-07-16,bounded,0.0,0.3724024559904294,KXHIGHNY-26JUL16-B91.5,lower_tail,0.025597669417281095,KXHIGHNY-26JUL16-T89,,,0.0
,,1.2322172302815642,t_plus_16h,nyc,nyc:2026-07-16,,KXHIGHNY-26JUL16,3.166468522518915,bracket,neuralcaster_v2,,0.3015586822771142,2026-07-16T21:00:00+00:00,2026-07-16,bounded,0.0,0.45381522531112306,KXHIGHNY-26JUL16-B91.5,lower_tail,0.042152194892593066,KXHIGHNY-26JUL16-T89,,,0.0
,,1.2677585754962495,t_plus_17h,nyc,nyc:2026-07-16,,KXHIGHNY-26JUL16,3.2825286228003074,bracket,neuralcaster_v2,,0.2944843333925199,2026-07-16T22:00:00+00:00,2026-07-16,bounded,0.0,0.4884596430432279,KXHIGHNY-26JUL16-B91.5,lower_tail,0.03753322933402865,KXHIGHNY-26JUL16-T89,,,0.0
,,1.3068660152661544,t_plus_18h,nyc,nyc:2026-07-16,,KXHIGHNY-26JUL16,3.0270969339650726,bracket,neuralcaster_v2,,0.23528426800420035,2026-07-16T23:00:00+00:00,2026-07-16,bounded,0.0,0.4576188168232784,KXHIGHNY-26JUL16-B91.5,lower_tail,0.04845610540831304,KXHIGHNY-26JUL16-T89,,,0.0
,,0.004516578631774955,t_plus_19h,nyc,nyc:2026-07-16,,KXHIGHNY-26JUL16,0.05071538228941697,bracket,neuralcaster_v2,,0.0004950291018355408,2026-07-17T00:00:00+00:00,2026-07-16,lower_tail,1.0,0.9505491751654284,KXHIGHNY-26JUL16-T89,lower_tail,0.9505491751654284,KXHIGHNY-26JUL16-T89,,,1.0
,,2.970223509319164e-05,t_plus_20h,nyc,nyc:2026-07-16,,KXHIGHNY-26JUL16,0.004987541511038939,bracket,neuralcaster_v2,,1.0890819534170686e-05,2026-07-17T01:00:00+00:00,2026-07-16,lower_tail,1.0,0.9950248756218907,KXHIGHNY-26JUL16-T89,lower_tail,0.9950248756218907,KXHIGHNY-26JUL16-T89,,,1.0
,,2.970223509319164e-05,t_plus_21h,nyc,nyc:2026-07-16,,KXHIGHNY-26JUL16,0.004987541511038939,bracket,neuralcaster_v2,,1.0890819534170686e-05,2026-07-17T02:00:00+00:00,2026-07-16,lower_tail,1.0,0.9950248756218907,KXHIGHNY-26JUL16-T89,lower_tail,0.9950248756218907,KXHIGHNY-26JUL16-T89,,,1.0
,,2.970223509319164e-05,t_plus_22h,nyc,nyc:2026-07-16,,KXHIGHNY-26JUL16,0.004987541511038939,bracket,neuralcaster_v2,,1.0890819534170686e-05,2026-07-17T03:00:00+00:00,2026-07-16,lower_tail,1.0,0.9950248756218907,KXHIGHNY-26JUL16-T89,lower_tail,0.9950248756218907,KXHIGHNY-26JUL16-T89,,,1.0
,,2.970223509319164e-05,t_plus_23h,nyc,nyc:2026-07-16,,KXHIGHNY-26JUL16,0.004987541511038939,bracket,neuralcaster_v2,,1.0890819534170686e-05,2026-07-17T04:00:00+00:00,2026-07-16,lower_tail,1.0,0.9950248756218907,KXHIGHNY-26JUL16-T89,lower_tail,0.9950248756218907,KXHIGHNY-26JUL16-T89,,,1.0
,,0.09040438405358842,t_plus_0h,okc,okc:2026-07-16,,KXHIGHTOKC-26JUL16,0.2608472632597597,bracket,neuralcaster_v2,,0.010847377793931287,2026-07-16T06:00:00+00:00,2026-07-16,lower_tail,1.0,0.7703985787970217,KXHIGHTOKC-26JUL16-T88,lower_tail,0.7703985787970217,KXHIGHTOKC-26JUL16-T88,,,1.0
,,0.09055416026735354,t_plus_1h,okc,okc:2026-07-16,,KXHIGHTOKC-26JUL16,0.2635454197206531,bracket,neuralcaster_v2,,0.01112651872992203,2026-07-16T07:00:00+00:00,2026-07-16,lower_tail,1.0,0.7683227246431856,KXHIGHTOKC-26JUL16-T88,lower_tail,0.7683227246431856,KXHIGHTOKC-26JUL16-T88,,,1.0
,,0.09125902193496245,t_plus_2h,okc,okc:2026-07-16,,KXHIGHTOKC-26JUL16,0.26478284479410635,bracket,neuralcaster_v2,,0.011220386243489384,2026-07-16T08:00:00+00:00,2026-07-16,lower_tail,1.0,0.767372570832524,KXHIGHTOKC-26JUL16-T88,lower_tail,0.767372570832524,KXHIGHTOKC-26JUL16-T88,,,1.0
,,0.23565784277134127,t_plus_3h,okc,okc:2026-07-16,,KXHIGHTOKC-26JUL16,0.4772396005381003,bracket,neuralcaster_v2,,0.030311284267491433,2026-07-16T09:00:00+00:00,2026-07-16,lower_tail,1.0,0.6204938408230808,KXHIGHTOKC-26JUL16-T88,lower_tail,0.6204938408230808,KXHIGHTOKC-26JUL16-T88,,,1.0
,,0.05007271200393651,t_plus_4h,okc,okc:2026-07-16,,KXHIGHTOKC-26JUL16,0.1881096503484655,bracket,neuralcaster_v2,,0.006067791660028738,2026-07-16T10:00:00+00:00,2026-07-16,lower_tail,1.0,0.8285238543224066,KXHIGHTOKC-26JUL16-T88,lower_tail,0.8285238543224066,KXHIGHTOKC-26JUL16-T88,,,1.0
,,0.02819980406209812,t_plus_5h,okc,okc:2026-07-16,,KXHIGHTOKC-26JUL16,0.13612807863101936,bracket,neuralcaster_v2,,0.003313614004198797,2026-07-16T11:00:00+00:00,2026-07-16,lower_tail,1.0,0.8727308471580637,KXHIGHTOKC-26JUL16-T88,lower_tail,0.8727308471580637,KXHIGHTOKC-26JUL16-T88,,,1.0
,,0.017683169587585538,t_plus_6h,okc,okc:2026-07-16,,KXHIGHTOKC-26JUL16,0.10389619775140067,bracket,neuralcaster_v2,,0.001969680816129907,2026-07-16T12:00:00+00:00,2026-07-16,lower_tail,1.0,0.901318851489049,KXHIGHTOKC-26JUL16-T88,lower_tail,0.901318851489049,KXHIGHTOKC-26JUL16-T88,,,1.0
,,0.017374917966011063,t_plus_7h,okc,okc:2026-07-16,,KXHIGHTOKC-26JUL16,0.10164198334327346,bracket,neuralcaster_v2,,0.001881068746562459,2026-07-16T13:00:00+00:00,2026-07-16,lower_tail,1.0,0.9033529091701225,KXHIGHTOKC-26JUL16-T88,lower_tail,0.9033529091701225,KXHIGHTOKC-26JUL16-T88,,,1.0
,,0.016755835947802396,t_plus_8h,okc,okc:2026-07-16,,KXHIGHTOKC-26JUL16,0.09815374496894527,bracket,neuralcaster_v2,,0.0017540461907324227,2026-07-16T14:00:00+00:00,2026-07-16,lower_tail,1.0,0.9065095217612836,KXHIGHTOKC-26JUL16-T88,lower_tail,0.9065095217612836,KXHIGHTOKC-26JUL16-T88,,,1.0
,,0.008229453594263584,t_plus_9h,okc,okc:2026-07-16,,KXHIGHTOKC-26JUL16,0.0683770843841685,bracket,neuralcaster_v2,,0.0008795763034305521,2026-07-16T15:00:00+00:00,2026-07-16,lower_tail,1.0,0.9339082449560118,KXHIGHTOKC-26JUL16-T88,lower_tail,0.9339082449560118,KXHIGHTOKC-26JUL16-T88,,,1.0
,,0.3566438414992001,t_plus_10h,okc,okc:2026-07-16,,KXHIGHTOKC-26JUL16,0.586027918504693,bracket,neuralcaster_v2,,0.03975463688949395,2026-07-16T16:00:00+00:00,2026-07-16,lower_tail,1.0,0.5565334966105329,KXHIGHTOKC-26JUL16-T88,lower_tail,0.5565334966105329,KXHIGHTOKC-26JUL16-T88,,,1.0
,,0.420834837862941,t_plus_11h,okc,okc:2026-07-16,,KXHIGHTOKC-26JUL16,0.6550865328241406,bracket,neuralcaster_v2,,0.04664271833840005,2026-07-16T17:00:00+00:00,2026-07-16,lower_tail,1.0,0.5193971157431118,KXHIGHTOKC-26JUL16-T88,lower_tail,0.5193971157431118,KXHIGHTOKC-26JUL16-T88,,,1.0
,,0.43937216227011605,t_plus_12h,okc,okc:2026-07-16,,KXHIGHTOKC-26JUL16,0.6744454411474713,bracket,neuralcaster_v2,,0.04857379184979272,2026-07-16T18:00:00+00:00,2026-07-16,lower_tail,1.0,0.5094388561142359,KXHIGHTOKC-26JUL16-T88,lower_tail,0.5094388561142359,KXHIGHTOKC-26JUL16-T88,,,1.0
,,0.5138422470805988,t_plus_13h,okc,okc:2026-07-16,,KXHIGHTOKC-26JUL16,0.7560901992263919,bracket,neuralcaster_v2,,0.05680508970717583,2026-07-16T19:00:00+00:00,2026-07-16,bounded,0.0,0.47971097374196947,KXHIGHTOKC-26JUL16-B88.5,lower_tail,0.46949848873236955,KXHIGHTOKC-26JUL16-T88,,,1.0
,,0.5355263332767788,t_plus_14h,okc,okc:2026-07-16,,KXHIGHTOKC-26JUL16,0.779671771673422,bracket,neuralcaster_v2,,0.05916627451657008,2026-07-16T20:00:00+00:00,2026-07-16,bounded,0.0,0.4899033219732669,KXHIGHTOKC-26JUL16-B88.5,lower_tail,0.458556497838828,KXHIGHTOKC-26JUL16-T88,,,1.0
,,0.5357242376304553,t_plus_15h,okc,okc:2026-07-16,,KXHIGHTOKC-26JUL16,0.7793993150667208,bracket,neuralcaster_v2,,0.059128636986156356,2026-07-16T21:00:00+00:00,2026-07-16,bounded,0.0,0.4902940668102797,KXHIGHTOKC-26JUL16-B88.5,lower_tail,0.458681451607677,KXHIGHTOKC-26JUL16-T88,,,1.0
,,0.5675343266175589,t_plus_16h,okc,okc:2026-07-16,,KXHIGHTOKC-26JUL16,0.8137277126326533,bracket,neuralcaster_v2,,0.06254168943074842,2026-07-16T22:00:00+00:00,2026-07-16,bounded,0.0,0.5051109355714604,KXHIGHTOKC-26JUL16-B88.5,lower_tail,0.44320285019131744,KXHIGHTOKC-26JUL16-T88,,,1.0
,,0.09738995086075364,t_plus_17h,okc,okc:2026-07-16,,KXHIGHTOKC-26JUL16,0.25186191018310183,bracket,neuralcaster_v2,,0.00992037198218521,2026-07-16T23:00:00+00:00,2026-07-16,lower_tail,1.0,0.7773520750634135,KXHIGHTOKC-26JUL16-T88,lower_tail,0.7773520750634135,KXHIGHTOKC-26JUL16-T88,,,1.0
,,0.06001485397201635,t_plus_18h,okc,okc:2026-07-16,,KXHIGHTOKC-26JUL16,0.19261600688691852,bracket,neuralcaster_v2,,0.0061450562731771175,2026-07-17T00:00:00+00:00,2026-07-16,lower_tail,1.0,0.8247986303320451,KXHIGHTOKC-26JUL16-T88,lower_tail,0.8247986303320451,KXHIGHTOKC-26JUL16-T88,,,1.0
,,0.06033474946138405,t_plus_19h,okc,okc:2026-07-16,,KXHIGHTOKC-26JUL16,0.19317521392586096,bracket,neuralcaster_v2,,0.006177413235867992,2026-07-17T01:00:00+00:00,2026-07-16,lower_tail,1.0,0.8243375260706438,KXHIGHTOKC-26JUL16-T88,lower_tail,0.8243375260706438,KXHIGHTOKC-26JUL16-T88,,,1.0
,,0.06165506754969254,t_plus_20h,okc,okc:2026-07-16,,KXHIGHTOKC-26JUL16,0.1954709866395482,bracket,neuralcaster_v2,,0.006310951276488003,2026-07-17T02:00:00+00:00,2026-07-16,lower_tail,1.0,0.8224472051752443,KXHIGHTOKC-26JUL16-T88,lower_tail,0.8224472051752443,KXHIGHTOKC-26JUL16-T88,,,1.0
,,0.0612135833019828,t_plus_21h,okc,okc:2026-07-16,,KXHIGHTOKC-26JUL16,0.19470550779253468,bracket,neuralcaster_v2,,0.0062663010135022516,2026-07-17T03:00:00+00:00,2026-07-16,lower_tail,1.0,0.8230770121347906,KXHIGHTOKC-26JUL16-T88,lower_tail,0.8230770121347906,KXHIGHTOKC-26JUL16-T88,,,1.0
,,0.061511436892596666,t_plus_22h,okc,okc:2026-07-16,,KXHIGHTOKC-26JUL16,0.19522218637289748,bracket,neuralcaster_v2,,0.006296425142617895,2026-07-17T04:00:00+00:00,2026-07-16,lower_tail,1.0,0.822651855716697,KXHIGHTOKC-26JUL16-T88,lower_tail,0.822651855716697,KXHIGHTOKC-26JUL16-T88,,,1.0
,,0.060648317004172954,t_plus_23h,okc,okc:2026-07-16,,KXHIGHTOKC-26JUL16,0.19372222437438166,bracket,neuralcaster_v2,,0.006209129191687151,2026-07-17T05:00:00+00:00,2026-07-16,lower_tail,1.0,0.8238867281376059,KXHIGHTOKC-26JUL16-T88,lower_tail,0.8238867281376059,KXHIGHTOKC-26JUL16-T88,,,1.0
,,0.8486068772885618,t_plus_0h,aus,aus:2026-07-17,,KXHIGHAUS-26JUL17,1.3028195318303801,bracket,neuralcaster_v2,,0.10324596317310572,2026-07-17T06:00:00+00:00,2026-07-17,bounded,0.0,0.542483860225723,KXHIGHAUS-26JUL17-B92.5,bounded,0.2717644632325031,KXHIGHAUS-26JUL17-B94.5,,,1.0
,,0.32764734077783797,t_plus_1h,aus,aus:2026-07-17,,KXHIGHAUS-26JUL17,0.573321653373192,bracket,neuralcaster_v2,,0.03078449329599422,2026-07-17T07:00:00+00:00,2026-07-17,bounded,1.0,0.5636500755958439,KXHIGHAUS-26JUL17-B94.5,bounded,0.5636500755958439,KXHIGHAUS-26JUL17-B94.5,,,1.0
,,0.20706995758552968,t_plus_2h,aus,aus:2026-07-17,,KXHIGHAUS-26JUL17,0.4450400947291598,bracket,neuralcaster_v2,,0.016456964068101595,2026-07-17T08:00:00+00:00,2026-07-17,bounded,1.0,0.6407985828716158,KXHIGHAUS-26JUL17-B94.5,bounded,0.6407985828716158,KXHIGHAUS-26JUL17-B94.5,,,1.0
,,0.18223037322813151,t_plus_3h,aus,aus:2026-07-17,,KXHIGHAUS-26JUL17,0.4162441601151986,bracket,neuralcaster_v2,,0.013548598891380288,2026-07-17T09:00:00+00:00,2026-07-17,bounded,1.0,0.6595192225350963,KXHIGHAUS-26JUL17-B94.5,bounded,0.6595192225350963,KXHIGHAUS-26JUL17-B94.5,,,1.0
,,0.180728181875282,t_plus_4h,aus,aus:2026-07-17,,KXHIGHAUS-26JUL17,0.41721593856513234,bracket,neuralcaster_v2,,0.013150887119505596,2026-07-17T10:00:00+00:00,2026-07-17,bounded,1.0,0.6588786272760659,KXHIGHAUS-26JUL17-B94.5,bounded,0.6588786272760659,KXHIGHAUS-26JUL17-B94.5,,,1.0
,,0.17985629037085024,t_plus_5h,aus,aus:2026-07-17,,KXHIGHAUS-26JUL17,0.41721593856513234,bracket,neuralcaster_v2,,0.012972020642117523,2026-07-17T11:00:00+00:00,2026-07-17,bounded,1.0,0.6588786272760659,KXHIGHAUS-26JUL17-B94.5,bounded,0.6588786272760659,KXHIGHAUS-26JUL17-B94.5,,,1.0
,,0.1768013925022876,t_plus_6h,aus,aus:2026-07-17,,KXHIGHAUS-26JUL17,0.41721593856513234,bracket,neuralcaster_v2,,0.012342134147784133,2026-07-17T12:00:00+00:00,2026-07-17,bounded,1.0,0.6588786272760659,KXHIGHAUS-26JUL17-B94.5,bounded,0.6588786272760659,KXHIGHAUS-26JUL17-B94.5,,,1.0
,,0.17673737580838123,t_plus_7h,aus,aus:2026-07-17,,KXHIGHAUS-26JUL17,0.41721593856513217,bracket,neuralcaster_v2,,0.012328854824301325,2026-07-17T13:00:00+00:00,2026-07-17,bounded,1.0,0.658878627276066,KXHIGHAUS-26JUL17-B94.5,bounded,0.658878627276066,KXHIGHAUS-26JUL17-B94.5,,,1.0
,,0.17717120181845,t_plus_8h,aus,aus:2026-07-17,,KXHIGHAUS-26JUL17,0.41721593856513217,bracket,neuralcaster_v2,,0.01241875883109218,2026-07-17T14:00:00+00:00,2026-07-17,bounded,1.0,0.658878627276066,KXHIGHAUS-26JUL17-B94.5,bounded,0.658878627276066,KXHIGHAUS-26JUL17-B94.5,,,1.0
,,0.18166419395468567,t_plus_9h,aus,aus:2026-07-17,,KXHIGHAUS-26JUL17,0.41712204266680597,bracket,neuralcaster_v2,,0.013351341327943318,2026-07-17T15:00:00+00:00,2026-07-17,bounded,1.0,0.6589404961812348,KXHIGHAUS-26JUL17-B94.5,bounded,0.6589404961812348,KXHIGHAUS-26JUL17-B94.5,,,1.0
,,0.18811711249983737,t_plus_10h,aus,aus:2026-07-17,,KXHIGHAUS-26JUL17,0.42282304693672834,bracket,neuralcaster_v2,,0.014334093295453773,2026-07-17T16:00:00+00:00,2026-07-17,bounded,1.0,0.6551945615392619,KXHIGHAUS-26JUL17-B94.5,bounded,0.6551945615392619,KXHIGHAUS-26JUL17-B94.5,,,1.0
,,0.20575558081014902,t_plus_11h,aus,aus:2026-07-17,,KXHIGHAUS-26JUL17,0.4435312006804323,bracket,neuralcaster_v2,,0.01630796258560397,2026-07-17T17:00:00+00:00,2026-07-17,bounded,1.0,0.6417662098794726,KXHIGHAUS-26JUL17-B94.5,bounded,0.6417662098794726,KXHIGHAUS-26JUL17-B94.5,,,1.0
,,0.21760403674605888,t_plus_12h,aus,aus:2026-07-17,,KXHIGHAUS-26JUL17,0.45696396879321854,bracket,neuralcaster_v2,,0.017664508587330045,2026-07-17T18:00:00+00:00,2026-07-17,bounded,1.0,0.63320315472554,KXHIGHAUS-26JUL17-B94.5,bounded,0.63320315472554,KXHIGHAUS-26JUL17-B94.5,,,1.0
,,0.25836127390267666,t_plus_13h,aus,aus:2026-07-17,,KXHIGHAUS-26JUL17,0.5007442525802465,bracket,neuralcaster_v2,,0.022526218992363362,2026-07-17T19:00:00+00:00,2026-07-17,bounded,1.0,0.6060794156447538,KXHIGHAUS-26JUL17-B94.5,bounded,0.6060794156447538,KXHIGHAUS-26JUL17-B94.5,,,1.0
,,0.29747782128086653,t_plus_14h,aus,aus:2026-07-17,,KXHIGHAUS-26JUL17,0.5401313397905263,bracket,neuralcaster_v2,,0.027412043297725553,2026-07-17T20:00:00+00:00,2026-07-17,bounded,1.0,0.5826717193666179,KXHIGHAUS-26JUL17-B94.5,bounded,0.5826717193666179,KXHIGHAUS-26JUL17-B94.5,,,1.0
,,0.17001517399786992,t_plus_15h,aus,aus:2026-07-17,,KXHIGHAUS-26JUL17,0.39656440515239777,bracket,neuralcaster_v2,,0.012680881007703973,2026-07-17T21:00:00+00:00,2026-07-17,bounded,1.0,0.6726269546646473,KXHIGHAUS-26JUL17-B94.5,bounded,0.6726269546646473,KXHIGHAUS-26JUL17-B94.5,,,1.0
,,0.14844843039168235,t_plus_16h,aus,aus:2026-07-17,,KXHIGHAUS-26JUL17,0.37817133621541077,bracket,neuralcaster_v2,,0.01007109343922458,2026-07-17T22:00:00+00:00,2026-07-17,bounded,1.0,0.6851131059224749,KXHIGHAUS-26JUL17-B94.5,bounded,0.6851131059224749,KXHIGHAUS-26JUL17-B94.5,,,1.0
,,0.14912228714022968,t_plus_17h,aus,aus:2026-07-17,,KXHIGHAUS-26JUL17,0.3659226441775819,bracket,neuralcaster_v2,,0.011147418726369434,2026-07-17T23:00:00+00:00,2026-07-17,bounded,1.0,0.6935564497642799,KXHIGHAUS-26JUL17-B94.5,bounded,0.6935564497642799,KXHIGHAUS-26JUL17-B94.5,,,1.0
,,0.14626607971815464,t_plus_18h,aus,aus:2026-07-17,,KXHIGHAUS-26JUL17,0.3659226441775819,bracket,neuralcaster_v2,,0.010589967563371777,2026-07-18T00:00:00+00:00,2026-07-17,bounded,1.0,0.6935564497642799,KXHIGHAUS-26JUL17-B94.5,bounded,0.6935564497642799,KXHIGHAUS-26JUL17-B94.5,,,1.0
,,0.14476742661273825,t_plus_19h,aus,aus:2026-07-17,,KXHIGHAUS-26JUL17,0.36592264417758175,bracket,neuralcaster_v2,,0.010298754563263327,2026-07-18T01:00:00+00:00,2026-07-17,bounded,1.0,0.69355644976428,KXHIGHAUS-26JUL17-B94.5,bounded,0.69355644976428,KXHIGHAUS-26JUL17-B94.5,,,1.0
,,0.15078424974070084,t_plus_20h,aus,aus:2026-07-17,,KXHIGHAUS-26JUL17,0.3659226441775819,bracket,neuralcaster_v2,,0.011472775464653986,2026-07-18T02:00:00+00:00,2026-07-17,bounded,1.0,0.6935564497642799,KXHIGHAUS-26JUL17-B94.5,bounded,0.6935564497642799,KXHIGHAUS-26JUL17-B94.5,,,1.0
,,0.1476922580012905,t_plus_21h,aus,aus:2026-07-17,,KXHIGHAUS-26JUL17,0.3659226441775819,bracket,neuralcaster_v2,,0.010867997274840164,2026-07-18T03:00:00+00:00,2026-07-17,bounded,1.0,0.6935564497642799,KXHIGHAUS-26JUL17-B94.5,bounded,0.6935564497642799,KXHIGHAUS-26JUL17-B94.5,,,1.0
,,0.1478568089827318,t_plus_22h,aus,aus:2026-07-17,,KXHIGHAUS-26JUL17,0.3659226441775819,bracket,neuralcaster_v2,,0.01090012046563879,2026-07-18T04:00:00+00:00,2026-07-17,bounded,1.0,0.6935564497642799,KXHIGHAUS-26JUL17-B94.5,bounded,0.6935564497642799,KXHIGHAUS-26JUL17-B94.5,,,1.0
,,0.1449675810500686,t_plus_23h,aus,aus:2026-07-17,,KXHIGHAUS-26JUL17,0.3659226441775816,bracket,neuralcaster_v2,,0.010337577763626702,2026-07-18T05:00:00+00:00,2026-07-17,bounded,1.0,0.6935564497642801,KXHIGHAUS-26JUL17-B94.5,bounded,0.6935564497642801,KXHIGHAUS-26JUL17-B94.5,,,1.0
,,0.3493148898126449,t_plus_0h,den,den:2026-07-17,,KXHIGHDEN-26JUL17,0.5972493489408667,bracket,neuralcaster_v2,,0.033023512108466394,2026-07-17T07:00:00+00:00,2026-07-17,bounded,1.0,0.55032330348375,KXHIGHDEN-26JUL17-B92.5,bounded,0.55032330348375,KXHIGHDEN-26JUL17-B92.5,,,1.0
,,0.8253329112625896,t_plus_1h,den,den:2026-07-17,,KXHIGHDEN-26JUL17,1.1345061261300906,bracket,neuralcaster_v2,,0.08896357725070173,2026-07-17T08:00:00+00:00,2026-07-17,bounded,0.0,0.6008808617383232,KXHIGHDEN-26JUL17-B94.5,bounded,0.3215809025270429,KXHIGHDEN-26JUL17-B92.5,,,1.0
,,0.898246183710039,t_plus_2h,den,den:2026-07-17,,KXHIGHDEN-26JUL17,1.2373178654887431,bracket,neuralcaster_v2,,0.09908039798000776,2026-07-17T09:00:00+00:00,2026-07-17,bounded,0.0,0.6234008268165904,KXHIGHDEN-26JUL17-B94.5,bounded,0.29016142716090937,KXHIGHDEN-26JUL17-B92.5,,,1.0
,,1.0180962625228391,t_plus_3h,den,den:2026-07-17,,KXHIGHDEN-26JUL17,1.4228805756039544,bracket,neuralcaster_v2,,0.11628680318762881,2026-07-17T10:00:00+00:00,2026-07-17,bounded,0.0,0.6576787184510747,KXHIGHDEN-26JUL17-B94.5,bounded,0.24101874327171577,KXHIGHDEN-26JUL17-B92.5,,,1.0
,,1.1555120381184698,t_plus_4h,den,den:2026-07-17,,KXHIGHDEN-26JUL17,1.7844438488476786,bracket,neuralcaster_v2,,0.14368398468465612,2026-07-17T11:00:00+00:00,2026-07-17,bounded,0.0,0.6588786272760659,KXHIGHDEN-26JUL17-B94.5,bounded,0.1678904074839885,KXHIGHDEN-26JUL17-B92.5,,,1.0
,,1.2030241743241465,t_plus_5h,den,den:2026-07-17,,KXHIGHDEN-26JUL17,1.9329172315538612,bracket,neuralcaster_v2,,0.15317717363152145,2026-07-17T12:00:00+00:00,2026-07-17,bounded,0.0,0.6588786272760659,KXHIGHDEN-26JUL17-B94.5,bounded,0.14472538460187376,KXHIGHDEN-26JUL17-B92.5,,,1.0
,,1.1723926936330296,t_plus_6h,den,den:2026-07-17,,KXHIGHDEN-26JUL17,1.8354641192699597,bracket,neuralcaster_v2,,0.14705678539146458,2026-07-17T13:00:00+00:00,2026-07-17,bounded,0.0,0.6588786272760659,KXHIGHDEN-26JUL17-B94.5,bounded,0.15953943925445105,KXHIGHDEN-26JUL17-B92.5,,,1.0
,,1.1547674258715672,t_plus_7h,den,den:2026-07-17,,KXHIGHDEN-26JUL17,1.7822331174215926,bracket,neuralcaster_v2,,0.14353521041919218,2026-07-17T14:00:00+00:00,2026-07-17,bounded,0.0,0.6588786272760659,KXHIGHDEN-26JUL17-B94.5,bounded,0.1682619786546511,KXHIGHDEN-26JUL17-B92.5,,,1.0
,,0.7986112742522131,t_plus_8h,den,den:2026-07-17,,KXHIGHDEN-26JUL17,1.0981846392619459,bracket,neuralcaster_v2,,0.0852879258011585,2026-07-17T15:00:00+00:00,2026-07-17,bounded,0.0,0.5923550912947849,KXHIGHDEN-26JUL17-B94.5,bounded,0.3334759136204025,KXHIGHDEN-26JUL17-B92.5,,,1.0
,,0.6353154275861982,t_plus_9h,den,den:2026-07-17,,KXHIGHDEN-26JUL17,0.9068462422519528,bracket,neuralcaster_v2,,0.06550946042109704,2026-07-17T16:00:00+00:00,2026-07-17,bounded,0.0,0.5267141092457636,KXHIGHDEN-26JUL17-B94.5,bounded,0.4037956918207967,KXHIGHDEN-26JUL17-B92.5,,,1.0
,,0.5496999690808043,t_plus_10h,den,den:2026-07-17,,KXHIGHDEN-26JUL17,0.8136305618497072,bracket,neuralcaster_v2,,0.05563171310761319,2026-07-17T17:00:00+00:00,2026-07-17,bounded,0.0,0.48726389127974,KXHIGHDEN-26JUL17-B94.5,bounded,0.4432459097868203,KXHIGHDEN-26JUL17-B92.5,,,1.0
,,0.6311133508773312,t_plus_11h,den,den:2026-07-17,,KXHIGHDEN-26JUL17,0.9022253677922967,bracket,neuralcaster_v2,,0.06502236389192775,2026-07-17T18:00:00+00:00,2026-07-17,bounded,0.0,0.5248439023787318,KXHIGHDEN-26JUL17-B94.5,bounded,0.4056658986878285,KXHIGHDEN-26JUL17-B92.5,,,1.0
,,0.4709291017088556,t_plus_12h,den,den:2026-07-17,,KXHIGHDEN-26JUL17,0.7289018070429469,bracket,neuralcaster_v2,,0.04664401620176456,2026-07-17T19:00:00+00:00,2026-07-17,bounded,1.0,0.4824385098532793,KXHIGHDEN-26JUL17-B92.5,bounded,0.4824385098532793,KXHIGHDEN-26JUL17-B92.5,,,1.0
,,0.3472379882293351,t_plus_13h,den,den:2026-07-17,,KXHIGHDEN-26JUL17,0.5949653681342761,bracket,neuralcaster_v2,,0.0327943362436314,2026-07-17T20:00:00+00:00,2026-07-17,bounded,1.0,0.5515816678393157,KXHIGHDEN-26JUL17-B92.5,bounded,0.5515816678393157,KXHIGHDEN-26JUL17-B92.5,,,1.0
,,0.1783680932550996,t_plus_14h,den,den:2026-07-17,,KXHIGHDEN-26JUL17,0.41721593856513234,bracket,neuralcaster_v2,,0.012624331224753715,2026-07-17T21:00:00+00:00,2026-07-17,bounded,1.0,0.6588786272760659,KXHIGHDEN-26JUL17-B92.5,bounded,0.6588786272760659,KXHIGHDEN-26JUL17-B92.5,,,1.0
,,0.2266581877942076,t_plus_15h,den,den:2026-07-17,,KXHIGHDEN-26JUL17,0.46699047813677497,bracket,neuralcaster_v2,,0.01853961533804812,2026-07-17T22:00:00+00:00,2026-07-17,bounded,1.0,0.6268860595072748,KXHIGHDEN-26JUL17-B92.5,bounded,0.6268860595072748,KXHIGHDEN-26JUL17-B92.5,,,1.0
,,0.2969547342982056,t_plus_16h,den,den:2026-07-17,,KXHIGHDEN-26JUL17,0.5366296848674585,bracket,neuralcaster_v2,,0.02682487302086497,2026-07-17T23:00:00+00:00,2026-07-17,bounded,1.0,0.584715611074555,KXHIGHDEN-26JUL17-B92.5,bounded,0.584715611074555,KXHIGHDEN-26JUL17-B92.5,,,1.0
,,0.8163090693614647,t_plus_17h,den,den:2026-07-17,,KXHIGHDEN-26JUL17,1.0697647685140002,bracket,neuralcaster_v2,,0.08195377685768779,2026-07-18T00:00:00+00:00,2026-07-17,bounded,0.0,0.6197973209902476,KXHIGHDEN-26JUL17-B90.5,bounded,0.3430892133127051,KXHIGHDEN-26JUL17-B92.5,,,1.0
,,1.0497000384604243,t_plus_18h,den,den:2026-07-17,,KXHIGHDEN-26JUL17,1.394570054598553,bracket,neuralcaster_v2,,0.11284010085390091,2026-07-18T01:00:00+00:00,2026-07-17,bounded,0.0,0.6935564497642799,KXHIGHDEN-26JUL17-B90.5,bounded,0.24793961395117076,KXHIGHDEN-26JUL17-B92.5,,,1.0
,,1.079060438484299,t_plus_19h,den,den:2026-07-17,,KXHIGHDEN-26JUL17,1.469010159271194,bracket,neuralcaster_v2,,0.11869090098651784,2026-07-18T02:00:00+00:00,2026-07-17,bounded,0.0,0.69355644976428,KXHIGHDEN-26JUL17-B90.5,bounded,0.2301531874724588,KXHIGHDEN-26JUL17-B92.5,,,1.0
,,1.0679593702746368,t_plus_20h,den,den:2026-07-17,,KXHIGHDEN-26JUL17,1.440587822889147,bracket,neuralcaster_v2,,0.11647862593749732,2026-07-18T03:00:00+00:00,2026-07-17,bounded,0.0,0.6935564497642799,KXHIGHDEN-26JUL17-B90.5,bounded,0.23678852804797998,KXHIGHDEN-26JUL17-B92.5,,,1.0
,,0.95998377761273,t_plus_21h,den,den:2026-07-17,,KXHIGHDEN-26JUL17,1.2552100738975056,bracket,neuralcaster_v2,,0.10000402918466744,2026-07-18T04:00:00+00:00,2026-07-17,bounded,0.0,0.6688385238192176,KXHIGHDEN-26JUL17-B90.5,bounded,0.28501596751983904,KXHIGHDEN-26JUL17-B92.5,,,1.0
,,0.878566170591651,t_plus_22h,den,den:2026-07-17,,KXHIGHDEN-26JUL17,1.1478729251850839,bracket,neuralcaster_v2,,0.08972931536939562,2026-07-18T05:00:00+00:00,2026-07-17,bounded,0.0,0.6415662914071341,KXHIGHDEN-26JUL17-B90.5,bounded,0.31731099628800596,KXHIGHDEN-26JUL17-B92.5,,,1.0
,,0.8663412131874868,t_plus_23h,den,den:2026-07-17,,KXHIGHDEN-26JUL17,1.1322892968009406,bracket,neuralcaster_v2,,0.08819662644944225,2026-07-18T06:00:00+00:00,2026-07-17,bounded,0.0,0.6373577940786894,KXHIGHDEN-26JUL17-B90.5,bounded,0.3222945832653836,KXHIGHDEN-26JUL17-B92.5,,,1.0
,,1.4044545081288808,t_plus_0h,la,la:2026-07-17,,KXHIGHLAX-26JUL17,4.0635921722775405,bracket,neuralcaster_v2,,0.29892676235654186,2026-07-17T08:00:00+00:00,2026-07-17,bounded,0.0,0.5943413748778004,KXHIGHLAX-26JUL17-B77.5,upper_tail,0.017187168822028004,KXHIGHLAX-26JUL17-T80,,,0.0
,,1.4906788127448836,t_plus_1h,la,la:2026-07-17,,KXHIGHLAX-26JUL17,5.707356016723029,bracket,neuralcaster_v2,,0.3125384971313562,2026-07-17T09:00:00+00:00,2026-07-17,bounded,0.0,0.6535108936537347,KXHIGHLAX-26JUL17-B77.5,upper_tail,0.0033214427847853482,KXHIGHLAX-26JUL17-T80,,,0.0
,,1.435075298293209,t_plus_2h,la,la:2026-07-17,,KXHIGHLAX-26JUL17,4.182546526067258,bracket,neuralcaster_v2,,0.2795039440033459,2026-07-17T10:00:00+00:00,2026-07-17,bounded,0.0,0.5924545171891703,KXHIGHLAX-26JUL17-B77.5,upper_tail,0.015259599080180453,KXHIGHLAX-26JUL17-T80,,,0.0
,,1.412683185824519,t_plus_3h,la,la:2026-07-17,,KXHIGHLAX-26JUL17,3.8899836939915056,bracket,neuralcaster_v2,,0.2666152056576114,2026-07-17T11:00:00+00:00,2026-07-17,bounded,0.0,0.5601672797613451,KXHIGHLAX-26JUL17-B77.5,upper_tail,0.020445679422641905,KXHIGHLAX-26JUL17-T80,,,0.0
,,1.4082822306115221,t_plus_4h,la,la:2026-07-17,,KXHIGHLAX-26JUL17,3.8448675534486205,bracket,neuralcaster_v2,,0.2643685341914451,2026-07-17T12:00:00+00:00,2026-07-17,bounded,0.0,0.5534345350400307,KXHIGHLAX-26JUL17-B77.5,upper_tail,0.021389234303879647,KXHIGHLAX-26JUL17-T80,,,0.0
,,1.395461539828603,t_plus_5h,la,la:2026-07-17,,KXHIGHLAX-26JUL17,3.7130270126459575,bracket,neuralcaster_v2,,0.2573539496288914,2026-07-17T13:00:00+00:00,2026-07-17,bounded,0.0,0.5319259175215714,KXHIGHLAX-26JUL17-B77.5,upper_tail,0.024403541527495243,KXHIGHLAX-26JUL17-T80,,,0.0
,,1.378253160373742,t_plus_6h,la,la:2026-07-17,,KXHIGHLAX-26JUL17,3.525436360022244,bracket,neuralcaster_v2,,0.2461888175276668,2026-07-17T14:00:00+00:00,2026-07-17,bounded,0.0,0.4959956518178684,KXHIGHLAX-26JUL17-B77.5,upper_tail,0.029438958581341112,KXHIGHLAX-26JUL17-T80,,,0.0
,,1.3585865018090062,t_plus_7h,la,la:2026-07-17,,KXHIGHLAX-26JUL17,3.1901245885870417,bracket,neuralcaster_v2,,0.2228655946486573,2026-07-17T15:00:00+00:00,2026-07-17,bounded,0.0,0.5181978559890018,KXHIGHLAX-26JUL17-B79.5,upper_tail,0.041166741713369696,KXHIGHLAX-26JUL17-T80,,,1.0
,,1.3600643275097721,t_plus_8h,la,la:2026-07-17,,KXHIGHLAX-26JUL17,3.0417522540933346,bracket,neuralcaster_v2,,0.21141540741153647,2026-07-17T16:00:00+00:00,2026-07-17,bounded,0.0,0.5651809204221029,KXHIGHLAX-26JUL17-B79.5,upper_tail,0.047751144006392486,KXHIGHLAX-26JUL17-T80,,,1.0
,,1.328642348876926,t_plus_9h,la,la:2026-07-17,,KXHIGHLAX-26JUL17,2.5935849360451746,bracket,neuralcaster_v2,,0.1895646740792107,2026-07-17T17:00:00+00:00,2026-07-17,bounded,0.0,0.6225858895751112,KXHIGHLAX-26JUL17-B79.5,upper_tail,0.07475157953398422,KXHIGHLAX-26JUL17-T80,,,1.0
,,0.41070577085626725,t_plus_10h,la,la:2026-07-17,,KXHIGHLAX-26JUL17,0.6247177735179935,bracket,neuralcaster_v2,,0.04328285731230451,2026-07-17T18:00:00+00:00,2026-07-17,upper_tail,1.0,0.5354125147881852,KXHIGHLAX-26JUL17-T80,upper_tail,0.5354125147881852,KXHIGHLAX-26JUL17-T80,,,1.0
,,0.026183086973794737,t_plus_11h,la,la:2026-07-17,,KXHIGHLAX-26JUL17,0.12373304032818093,bracket,neuralcaster_v2,,0.002715013383056913,2026-07-17T19:00:00+00:00,2026-07-17,upper_tail,1.0,0.8836156991560874,KXHIGHLAX-26JUL17-T80,upper_tail,0.8836156991560874,KXHIGHLAX-26JUL17-T80,,,1.0
,,2.970223509319164e-05,t_plus_12h,la,la:2026-07-17,,KXHIGHLAX-26JUL17,0.004987541511038939,bracket,neuralcaster_v2,,1.0890819534169945e-05,2026-07-17T20:00:00+00:00,2026-07-17,upper_tail,1.0,0.9950248756218907,KXHIGHLAX-26JUL17-T80,upper_tail,0.9950248756218907,KXHIGHLAX-26JUL17-T80,,,1.0
,,2.970223509319164e-05,t_plus_13h,la,la:2026-07-17,,KXHIGHLAX-26JUL17,0.004987541511038939,bracket,neuralcaster_v2,,1.0890819534169945e-05,2026-07-17T21:00:00+00:00,2026-07-17,upper_tail,1.0,0.9950248756218907,KXHIGHLAX-26JUL17-T80,upper_tail,0.9950248756218907,KXHIGHLAX-26JUL17-T80,,,1.0
,,2.970223509319164e-05,t_plus_14h,la,la:2026-07-17,,KXHIGHLAX-26JUL17,0.004987541511038939,bracket,neuralcaster_v2,,1.0890819534169945e-05,2026-07-17T22:00:00+00:00,2026-07-17,upper_tail,1.0,0.9950248756218907,KXHIGHLAX-26JUL17-T80,upper_tail,0.9950248756218907,KXHIGHLAX-26JUL17-T80,,,1.0
,,2.970223509319164e-05,t_plus_15h,la,la:2026-07-17,,KXHIGHLAX-26JUL17,0.004987541511038939,bracket,neuralcaster_v2,,1.0890819534169945e-05,2026-07-17T23:00:00+00:00,2026-07-17,upper_tail,1.0,0.9950248756218907,KXHIGHLAX-26JUL17-T80,upper_tail,0.9950248756218907,KXHIGHLAX-26JUL17-T80,,,1.0
,,2.970223509319164e-05,t_plus_16h,la,la:2026-07-17,,KXHIGHLAX-26JUL17,0.004987541511038939,bracket,neuralcaster_v2,,1.0890819534169945e-05,2026-07-18T00:00:00+00:00,2026-07-17,upper_tail,1.0,0.9950248756218907,KXHIGHLAX-26JUL17-T80,upper_tail,0.9950248756218907,KXHIGHLAX-26JUL17-T80,,,1.0
,,2.970223509319164e-05,t_plus_17h,la,la:2026-07-17,,KXHIGHLAX-26JUL17,0.004987541511038939,bracket,neuralcaster_v2,,1.0890819534169945e-05,2026-07-18T01:00:00+00:00,2026-07-17,upper_tail,1.0,0.9950248756218907,KXHIGHLAX-26JUL17-T80,upper_tail,0.9950248756218907,KXHIGHLAX-26JUL17-T80,,,1.0
,,2.970223509319164e-05,t_plus_18h,la,la:2026-07-17,,KXHIGHLAX-26JUL17,0.004987541511038939,bracket,neuralcaster_v2,,1.0890819534169945e-05,2026-07-18T02:00:00+00:00,2026-07-17,upper_tail,1.0,0.9950248756218907,KXHIGHLAX-26JUL17-T80,upper_tail,0.9950248756218907,KXHIGHLAX-26JUL17-T80,,,1.0
,,2.970223509319164e-05,t_plus_19h,la,la:2026-07-17,,KXHIGHLAX-26JUL17,0.004987541511038939,bracket,neuralcaster_v2,,1.0890819534169945e-05,2026-07-18T03:00:00+00:00,2026-07-17,upper_tail,1.0,0.9950248756218907,KXHIGHLAX-26JUL17-T80,upper_tail,0.9950248756218907,KXHIGHLAX-26JUL17-T80,,,1.0
,,2.970223509319164e-05,t_plus_20h,la,la:2026-07-17,,KXHIGHLAX-26JUL17,0.004987541511038939,bracket,neuralcaster_v2,,1.0890819534169945e-05,2026-07-18T04:00:00+00:00,2026-07-17,upper_tail,1.0,0.9950248756218907,KXHIGHLAX-26JUL17-T80,upper_tail,0.9950248756218907,KXHIGHLAX-26JUL17-T80,,,1.0
,,2.970223509319164e-05,t_plus_21h,la,la:2026-07-17,,KXHIGHLAX-26JUL17,0.004987541511038939,bracket,neuralcaster_v2,,1.0890819534169945e-05,2026-07-18T05:00:00+00:00,2026-07-17,upper_tail,1.0,0.9950248756218907,KXHIGHLAX-26JUL17-T80,upper_tail,0.9950248756218907,KXHIGHLAX-26JUL17-T80,,,1.0
,,2.970223509319164e-05,t_plus_22h,la,la:2026-07-17,,KXHIGHLAX-26JUL17,0.004987541511038939,bracket,neuralcaster_v2,,1.0890819534169945e-05,2026-07-18T06:00:00+00:00,2026-07-17,upper_tail,1.0,0.9950248756218907,KXHIGHLAX-26JUL17-T80,upper_tail,0.9950248756218907,KXHIGHLAX-26JUL17-T80,,,1.0
,,2.970223509319164e-05,t_plus_23h,la,la:2026-07-17,,KXHIGHLAX-26JUL17,0.004987541511038939,bracket,neuralcaster_v2,,1.0890819534169945e-05,2026-07-18T07:00:00+00:00,2026-07-17,upper_tail,1.0,0.9950248756218907,KXHIGHLAX-26JUL17-T80,upper_tail,0.9950248756218907,KXHIGHLAX-26JUL17-T80,,,1.0
,,0.18398977350367257,t_plus_0h,mia,mia:2026-07-17,,KXHIGHMIA-26JUL17,0.41813711642830126,bracket,neuralcaster_v2,,0.013676769902434873,2026-07-17T05:00:00+00:00,2026-07-17,bounded,1.0,0.6582719623361604,KXHIGHMIA-26JUL17-B94.5,bounded,0.6582719623361604,KXHIGHMIA-26JUL17-B94.5,,,1.0
,,0.21001043100409708,t_plus_1h,mia,mia:2026-07-17,,KXHIGHMIA-26JUL17,0.4483982774531488,bracket,neuralcaster_v2,,0.01663351950458973,2026-07-17T06:00:00+00:00,2026-07-17,bounded,1.0,0.6386502733679338,KXHIGHMIA-26JUL17-B94.5,bounded,0.6386502733679338,KXHIGHMIA-26JUL17-B94.5,,,1.0
,,0.40642245950660155,t_plus_2h,mia,mia:2026-07-17,,KXHIGHMIA-26JUL17,0.6594509644677965,bracket,neuralcaster_v2,,0.03920501317789462,2026-07-17T07:00:00+00:00,2026-07-17,bounded,1.0,0.5171351821532977,KXHIGHMIA-26JUL17-B94.5,bounded,0.5171351821532977,KXHIGHMIA-26JUL17-B94.5,,,1.0
,,0.22055707434867206,t_plus_3h,mia,mia:2026-07-17,,KXHIGHMIA-26JUL17,0.4602555956167597,bracket,neuralcaster_v2,,0.017834628540234505,2026-07-17T08:00:00+00:00,2026-07-17,bounded,1.0,0.6311223127930479,KXHIGHMIA-26JUL17-B94.5,bounded,0.6311223127930479,KXHIGHMIA-26JUL17-B94.5,,,1.0
,,0.1882379179726958,t_plus_4h,mia,mia:2026-07-17,,KXHIGHMIA-26JUL17,0.42295855656301884,bracket,neuralcaster_v2,,0.014285643601471323,2026-07-17T09:00:00+00:00,2026-07-17,bounded,1.0,0.6551057823844311,KXHIGHMIA-26JUL17-B94.5,bounded,0.6551057823844311,KXHIGHMIA-26JUL17-B94.5,,,1.0
,,0.2964014718154629,t_plus_5h,mia,mia:2026-07-17,,KXHIGHMIA-26JUL17,0.5390745526598136,bracket,neuralcaster_v2,,0.02714244794162752,2026-07-17T10:00:00+00:00,2026-07-17,bounded,1.0,0.5832878048193267,KXHIGHMIA-26JUL17-B94.5,bounded,0.5832878048193267,KXHIGHMIA-26JUL17-B94.5,,,1.0
,,0.1937607480232379,t_plus_6h,mia,mia:2026-07-17,,KXHIGHMIA-26JUL17,0.4295232595533917,bracket,neuralcaster_v2,,0.014831777530531772,2026-07-17T11:00:00+00:00,2026-07-17,bounded,1.0,0.6508192926557329,KXHIGHMIA-26JUL17-B94.5,bounded,0.6508192926557329,KXHIGHMIA-26JUL17-B94.5,,,1.0
,,0.1858258697941172,t_plus_7h,mia,mia:2026-07-17,,KXHIGHMIA-26JUL17,0.4202354265846641,bracket,neuralcaster_v2,,0.01397090802115269,2026-07-17T12:00:00+00:00,2026-07-17,bounded,1.0,0.6568921517335068,KXHIGHMIA-26JUL17-B94.5,bounded,0.6568921517335068,KXHIGHMIA-26JUL17-B94.5,,,1.0
,,0.3923309516404362,t_plus_8h,mia,mia:2026-07-17,,KXHIGHMIA-26JUL17,0.6441919677124286,bracket,neuralcaster_v2,,0.03779875234112963,2026-07-17T13:00:00+00:00,2026-07-17,bounded,1.0,0.5250866577071678,KXHIGHMIA-26JUL17-B94.5,bounded,0.5250866577071678,KXHIGHMIA-26JUL17-B94.5,,,1.0
,,0.42472346739171196,t_plus_9h,mia,mia:2026-07-17,,KXHIGHMIA-26JUL17,0.6792073423352966,bracket,neuralcaster_v2,,0.04142710534921694,2026-07-17T14:00:00+00:00,2026-07-17,bounded,1.0,0.5070187254050094,KXHIGHMIA-26JUL17-B94.5,bounded,0.5070187254050094,KXHIGHMIA-26JUL17-B94.5,,,1.0
,,0.1744753792688092,t_plus_10h,mia,mia:2026-07-17,,KXHIGHMIA-26JUL17,0.41721593856513217,bracket,neuralcaster_v2,,0.01183483703734225,2026-07-17T15:00:00+00:00,2026-07-17,bounded,1.0,0.658878627276066,KXHIGHMIA-26JUL17-B94.5,bounded,0.658878627276066,KXHIGHMIA-26JUL17-B94.5,,,1.0
,,0.45351069521704535,t_plus_11h,mia,mia:2026-07-17,,KXHIGHMIA-26JUL17,0.7101880691468502,bracket,neuralcaster_v2,,0.04467206795414865,2026-07-17T16:00:00+00:00,2026-07-17,bounded,1.0,0.49155174305037835,KXHIGHMIA-26JUL17-B94.5,bounded,0.49155174305037835,KXHIGHMIA-26JUL17-B94.5,,,1.0
,,0.16098705652152256,t_plus_12h,mia,mia:2026-07-17,,KXHIGHMIA-26JUL17,0.39156700368583525,bracket,neuralcaster_v2,,0.011376534297813047,2026-07-17T17:00:00+00:00,2026-07-17,bounded,1.0,0.6759967547030462,KXHIGHMIA-26JUL17-B94.5,bounded,0.6759967547030462,KXHIGHMIA-26JUL17-B94.5,,,1.0
,,0.22977710005191326,t_plus_13h,mia,mia:2026-07-17,,KXHIGHMIA-26JUL17,0.45907462854207326,bracket,neuralcaster_v2,,0.019118058278170164,2026-07-17T18:00:00+00:00,2026-07-17,bounded,1.0,0.6318680877457119,KXHIGHMIA-26JUL17-B94.5,bounded,0.6318680877457119,KXHIGHMIA-26JUL17-B94.5,,,1.0
,,0.27011111116457315,t_plus_14h,mia,mia:2026-07-17,,KXHIGHMIA-26JUL17,0.4978149712117853,bracket,neuralcaster_v2,,0.02355827055358756,2026-07-17T19:00:00+00:00,2026-07-17,bounded,1.0,0.6078573956152526,KXHIGHMIA-26JUL17-B94.5,bounded,0.6078573956152526,KXHIGHMIA-26JUL17-B94.5,,,1.0
,,0.31187657298015736,t_plus_15h,mia,mia:2026-07-17,,KXHIGHMIA-26JUL17,0.5414655295206326,bracket,neuralcaster_v2,,0.02772646658685826,2026-07-17T20:00:00+00:00,2026-07-17,bounded,1.0,0.5818948431080191,KXHIGHMIA-26JUL17-B94.5,bounded,0.5818948431080191,KXHIGHMIA-26JUL17-B94.5,,,1.0
,,0.359469706668346,t_plus_16h,mia,mia:2026-07-17,,KXHIGHMIA-26JUL17,0.5897662625533369,bracket,neuralcaster_v2,,0.03252933065212256,2026-07-17T21:00:00+00:00,2026-07-17,bounded,1.0,0.5544568669221714,KXHIGHMIA-26JUL17-B94.5,bounded,0.5544568669221714,KXHIGHMIA-26JUL17-B94.5,,,1.0
,,0.39443032947523926,t_plus_17h,mia,mia:2026-07-17,,KXHIGHMIA-26JUL17,0.6245571808281376,bracket,neuralcaster_v2,,0.03608716342681279,2026-07-17T22:00:00+00:00,2026-07-17,bounded,1.0,0.5354985050286347,KXHIGHMIA-26JUL17-B94.5,bounded,0.5354985050286347,KXHIGHMIA-26JUL17-B94.5,,,1.0
,,0.4735738441429181,t_plus_18h,mia,mia:2026-07-17,,KXHIGHMIA-26JUL17,0.7020107722006317,bracket,neuralcaster_v2,,0.04421617092601708,2026-07-17T23:00:00+00:00,2026-07-17,bounded,1.0,0.4955877870928241,KXHIGHMIA-26JUL17-B94.5,bounded,0.4955877870928241,KXHIGHMIA-26JUL17-B94.5,,,1.0
,,0.46385830409457934,t_plus_19h,mia,mia:2026-07-17,,KXHIGHMIA-26JUL17,0.6925671115226767,bracket,neuralcaster_v2,,0.043213363129367924,2026-07-18T00:00:00+00:00,2026-07-17,bounded,1.0,0.5002901186549238,KXHIGHMIA-26JUL17-B94.5,bounded,0.5002901186549238,KXHIGHMIA-26JUL17-B94.5,,,1.0
,,0.5253209147520141,t_plus_20h,mia,mia:2026-07-17,,KXHIGHMIA-26JUL17,0.7521675171465767,bracket,neuralcaster_v2,,0.049577288939368226,2026-07-18T01:00:00+00:00,2026-07-17,bounded,0.0,0.4948655762325241,KXHIGHMIA-26JUL17-B92.5,bounded,0.4713437989570801,KXHIGHMIA-26JUL17-B94.5,,,1.0
,,0.5687807188457411,t_plus_21h,mia,mia:2026-07-17,,KXHIGHMIA-26JUL17,0.7942493468321412,bracket,neuralcaster_v2,,0.05410316262323804,2026-07-18T02:00:00+00:00,2026-07-17,bounded,0.0,0.5173152478570843,KXHIGHMIA-26JUL17-B92.5,bounded,0.45192034306751067,KXHIGHMIA-26JUL17-B94.5,,,1.0
,,0.5992413857583492,t_plus_22h,mia,mia:2026-07-17,,KXHIGHMIA-26JUL17,0.8238050967662865,bracket,neuralcaster_v2,,0.05728657109271264,2026-07-18T03:00:00+00:00,2026-07-17,bounded,0.0,0.5325272095002908,KXHIGHMIA-26JUL17-B92.5,bounded,0.43875895385380853,KXHIGHMIA-26JUL17-B94.5,,,1.0
,,0.6336106489236641,t_plus_23h,mia,mia:2026-07-17,,KXHIGHMIA-26JUL17,0.8572783639210123,bracket,neuralcaster_v2,,0.06088857928383543,2026-07-18T04:00:00+00:00,2026-07-17,bounded,0.0,0.549221164282888,KXHIGHMIA-26JUL17-B92.5,bounded,0.4243153441759053,KXHIGHMIA-26JUL17-B94.5,,,1.0
,,1.0352427825858121,t_plus_0h,nyc,nyc:2026-07-17,,KXHIGHNY-26JUL17,1.9009316364973465,bracket,neuralcaster_v2,,0.16801868117430302,2026-07-17T05:00:00+00:00,2026-07-17,bounded,0.0,0.4457796110881992,KXHIGHNY-26JUL17-B87.5,bounded,0.1494293405267416,KXHIGHNY-26JUL17-B85.5,,,1.0
,,1.2761503322205565,t_plus_1h,nyc,nyc:2026-07-17,,KXHIGHNY-26JUL17,3.0928863364768113,bracket,neuralcaster_v2,,0.2582475332721784,2026-07-17T06:00:00+00:00,2026-07-17,bounded,0.0,0.47774237655356255,KXHIGHNY-26JUL17-B89.5,bounded,0.045370809808619336,KXHIGHNY-26JUL17-B85.5,,,0.0
,,1.3182861717684835,t_plus_2h,nyc,nyc:2026-07-17,,KXHIGHNY-26JUL17,3.1524766709998278,bracket,neuralcaster_v2,,0.24427655206974536,2026-07-17T07:00:00+00:00,2026-07-17,bounded,0.0,0.4842617226994903,KXHIGHNY-26JUL17-B89.5,bounded,0.04274612756402995,KXHIGHNY-26JUL17-B85.5,,,0.0
,,1.3597806589109456,t_plus_3h,nyc,nyc:2026-07-17,,KXHIGHNY-26JUL17,3.4756376481362246,bracket,neuralcaster_v2,,0.26146317990226825,2026-07-17T08:00:00+00:00,2026-07-17,bounded,0.0,0.5338425024126231,KXHIGHNY-26JUL17-B89.5,bounded,0.03094209736067344,KXHIGHNY-26JUL17-B85.5,,,0.0
,,1.375406509727685,t_plus_4h,nyc,nyc:2026-07-17,,KXHIGHNY-26JUL17,3.513094329608338,bracket,neuralcaster_v2,,0.2536987483516177,2026-07-17T09:00:00+00:00,2026-07-17,bounded,0.0,0.5252915665613246,KXHIGHNY-26JUL17-B89.5,bounded,0.029804546511490396,KXHIGHNY-26JUL17-B85.5,,,0.0
,,1.403704136141597,t_plus_5h,nyc,nyc:2026-07-17,,KXHIGHNY-26JUL17,3.7759988859824687,bracket,neuralcaster_v2,,0.2647582926560891,2026-07-17T10:00:00+00:00,2026-07-17,bounded,0.0,0.558807459659139,KXHIGHNY-26JUL17-B89.5,bounded,0.022914190542806193,KXHIGHNY-26JUL17-B85.5,,,0.0
,,1.4258178529977181,t_plus_6h,nyc,nyc:2026-07-17,,KXHIGHNY-26JUL17,4.055605949500554,bracket,neuralcaster_v2,,0.27478148752076254,2026-07-17T11:00:00+00:00,2026-07-17,bounded,0.0,0.5836832765170228,KXHIGHNY-26JUL17-B89.5,bounded,0.0173249789398401,KXHIGHNY-26JUL17-B85.5,,,0.0
,,1.4433771464635852,t_plus_7h,nyc,nyc:2026-07-17,,KXHIGHNY-26JUL17,4.33676267645535,bracket,neuralcaster_v2,,0.28384160431713934,2026-07-17T12:00:00+00:00,2026-07-17,bounded,0.0,0.6036079719843195,KXHIGHNY-26JUL17-B89.5,bounded,0.013078800050035014,KXHIGHNY-26JUL17-B85.5,,,0.0
,,1.4454480573856026,t_plus_8h,nyc,nyc:2026-07-17,,KXHIGHNY-26JUL17,4.376728215435153,bracket,neuralcaster_v2,,0.2851992517222849,2026-07-17T13:00:00+00:00,2026-07-17,bounded,0.0,0.6062285544863318,KXHIGHNY-26JUL17-B89.5,bounded,0.012566406008568176,KXHIGHNY-26JUL17-B85.5,,,0.0
,,1.441621027306826,t_plus_9h,nyc,nyc:2026-07-17,,KXHIGHNY-26JUL17,4.303403397569615,bracket,neuralcaster_v2,,0.2826725541941172,2026-07-17T14:00:00+00:00,2026-07-17,bounded,0.0,0.6013389310374554,KXHIGHNY-26JUL17-B89.5,bounded,0.013522458305451424,KXHIGHNY-26JUL17-B85.5,,,0.0
,,1.4844425402269048,t_plus_10h,nyc,nyc:2026-07-17,,KXHIGHNY-26JUL17,5.418283081093999,bracket,neuralcaster_v2,,0.30781782904745425,2026-07-17T15:00:00+00:00,2026-07-17,bounded,0.0,0.6478169857377774,KXHIGHNY-26JUL17-B89.5,bounded,0.004434754228541581,KXHIGHNY-26JUL17-B85.5,,,0.0
,,1.479688283838812,t_plus_11h,nyc,nyc:2026-07-17,,KXHIGHNY-26JUL17,5.238047673587602,bracket,neuralcaster_v2,,0.3052845855330285,2026-07-17T16:00:00+00:00,2026-07-17,bounded,0.0,0.6433374941032403,KXHIGHNY-26JUL17-B89.5,bounded,0.005310614775032662,KXHIGHNY-26JUL17-B85.5,,,0.0
,,1.47821609145476,t_plus_12h,nyc,nyc:2026-07-17,,KXHIGHNY-26JUL17,5.187322380598052,bracket,neuralcaster_v2,,0.3044902131921046,2026-07-17T17:00:00+00:00,2026-07-17,bounded,0.0,0.6419242260330493,KXHIGHNY-26JUL17-B89.5,bounded,0.005586946520972773,KXHIGHNY-26JUL17-B85.5,,,0.0
,,1.4318687935090963,t_plus_13h,nyc,nyc:2026-07-17,,KXHIGHNY-26JUL17,4.1248444593026905,bracket,neuralcaster_v2,,0.27583129731988115,2026-07-17T18:00:00+00:00,2026-07-17,bounded,0.0,0.5878187848634562,KXHIGHNY-26JUL17-B89.5,bounded,0.016166008864916183,KXHIGHNY-26JUL17-B85.5,,,0.0
,,1.4911039270069653,t_plus_14h,nyc,nyc:2026-07-17,,KXHIGHNY-26JUL17,6.910750787961935,bracket,neuralcaster_v2,,0.32999256232269214,2026-07-17T19:00:00+00:00,2026-07-17,bounded,0.0,0.658878627276066,KXHIGHNY-26JUL17-B89.5,bounded,0.0009970089730807579,KXHIGHNY-26JUL17-B85.5,,,0.0
,,1.4934750222399906,t_plus_15h,nyc,nyc:2026-07-17,,KXHIGHNY-26JUL17,6.910750787961935,bracket,neuralcaster_v2,,0.32422734039965306,2026-07-17T20:00:00+00:00,2026-07-17,bounded,0.0,0.6588786272760659,KXHIGHNY-26JUL17-B89.5,bounded,0.0009970089730807579,KXHIGHNY-26JUL17-B85.5,,,0.0
,,1.4586699010846105,t_plus_16h,nyc,nyc:2026-07-17,,KXHIGHNY-26JUL17,4.65354162111104,bracket,neuralcaster_v2,,0.29341508164978614,2026-07-17T21:00:00+00:00,2026-07-17,bounded,0.0,0.621769176871232,KXHIGHNY-26JUL17-B89.5,bounded,0.009527798254530744,KXHIGHNY-26JUL17-B85.5,,,0.0
,,1.3879475678143072,t_plus_17h,nyc,nyc:2026-07-17,,KXHIGHNY-26JUL17,3.6337338638088568,bracket,neuralcaster_v2,,0.25154876556156963,2026-07-17T22:00:00+00:00,2026-07-17,bounded,0.0,0.5175562883352782,KXHIGHNY-26JUL17-B89.5,bounded,0.026417361198598957,KXHIGHNY-26JUL17-B85.5,,,0.0
,,1.2987641064563697,t_plus_18h,nyc,nyc:2026-07-17,,KXHIGHNY-26JUL17,2.262620054558531,bracket,neuralcaster_v2,,0.17010674799157974,2026-07-17T23:00:00+00:00,2026-07-17,bounded,0.0,0.6671697837616648,KXHIGHNY-26JUL17-B87.5,bounded,0.10407743864554789,KXHIGHNY-26JUL17-B85.5,,,1.0
,,1.3308347251925075,t_plus_19h,nyc,nyc:2026-07-17,,KXHIGHNY-26JUL17,2.5537054157543446,bracket,neuralcaster_v2,,0.1856538740755244,2026-07-18T00:00:00+00:00,2026-07-17,bounded,0.0,0.6348670918963818,KXHIGHNY-26JUL17-B87.5,bounded,0.07779287633913463,KXHIGHNY-26JUL17-B85.5,,,1.0
,,1.2213060936702578,t_plus_20h,nyc,nyc:2026-07-17,,KXHIGHNY-26JUL17,1.949344186216654,bracket,neuralcaster_v2,,0.15310743486374312,2026-07-18T01:00:00+00:00,2026-07-17,bounded,0.0,0.672844045468939,KXHIGHNY-26JUL17-B87.5,bounded,0.14236740748581211,KXHIGHNY-26JUL17-B85.5,,,1.0
,,1.1448192407537499,t_plus_21h,nyc,nyc:2026-07-17,,KXHIGHNY-26JUL17,1.6926506123566762,bracket,neuralcaster_v2,,0.1361548792433866,2026-07-18T02:00:00+00:00,2026-07-17,bounded,0.0,0.6790182628784126,KXHIGHNY-26JUL17-B87.5,bounded,0.18403108188396278,KXHIGHNY-26JUL17-B85.5,,,1.0
,,1.1111234409984203,t_plus_22h,nyc,nyc:2026-07-17,,KXHIGHNY-26JUL17,1.589883152917864,bracket,neuralcaster_v2,,0.12861902928893293,2026-07-18T03:00:00+00:00,2026-07-17,bounded,0.0,0.6819700016022557,KXHIGHNY-26JUL17-B87.5,bounded,0.2039494412390943,KXHIGHNY-26JUL17-B85.5,,,1.0
,,1.0871048241528471,t_plus_23h,nyc,nyc:2026-07-17,,KXHIGHNY-26JUL17,1.5296746608049763,bracket,neuralcaster_v2,,0.12414287284463692,2026-07-18T04:00:00+00:00,2026-07-17,bounded,0.0,0.6807883975642709,KXHIGHNY-26JUL17-B87.5,bounded,0.21660612631662135,KXHIGHNY-26JUL17-B85.5,,,1.0
,,1.4532984914487292,t_plus_0h,okc,okc:2026-07-17,,KXHIGHTOKC-26JUL17,1.942192388443924,bracket,neuralcaster_v2,,0.14391373076628303,2026-07-17T06:00:00+00:00,2026-07-17,lower_tail,0.0,0.8482242652511673,KXHIGHTOKC-26JUL17-T87,bounded,0.14338924000795136,KXHIGHTOKC-26JUL17-B87.5,,,1.0
,,1.6373689098372677,t_plus_1h,okc,okc:2026-07-17,,KXHIGHTOKC-26JUL17,2.3730137441252768,bracket,neuralcaster_v2,,0.16302148346724477,2026-07-17T07:00:00+00:00,2026-07-17,lower_tail,0.0,0.902816512866189,KXHIGHTOKC-26JUL17-T87,bounded,0.09319942338879103,KXHIGHTOKC-26JUL17-B87.5,,,1.0
,,1.6678817557513188,t_plus_2h,okc,okc:2026-07-17,,KXHIGHTOKC-26JUL17,2.467370203043675,bracket,neuralcaster_v2,,0.16606608134100959,2026-07-17T08:00:00+00:00,2026-07-17,lower_tail,0.0,0.9112083435047605,KXHIGHTOKC-26JUL17-T87,bounded,0.08480759275021958,KXHIGHTOKC-26JUL17-B87.5,,,1.0
,,1.7558331682960977,t_plus_3h,okc,okc:2026-07-17,,KXHIGHTOKC-26JUL17,2.796240391941616,bracket,neuralcaster_v2,,0.1748422835693362,2026-07-17T09:00:00+00:00,2026-07-17,lower_tail,0.0,0.9349768213246372,KXHIGHTOKC-26JUL17-T87,bounded,0.0610391149303428,KXHIGHTOKC-26JUL17-B87.5,,,1.0
,,1.861906831489082,t_plus_4h,okc,okc:2026-07-17,,KXHIGHTOKC-26JUL17,3.4066588636242465,bracket,neuralcaster_v2,,0.18542742890475433,2026-07-17T10:00:00+00:00,2026-07-17,lower_tail,0.0,0.9628641560944168,KXHIGHTOKC-26JUL17-T87,bounded,0.03315178016056328,KXHIGHTOKC-26JUL17-B87.5,,,1.0
,,1.867084978982459,t_plus_5h,okc,okc:2026-07-17,,KXHIGHTOKC-26JUL17,3.447942421052415,bracket,neuralcaster_v2,,0.18594417532151541,2026-07-17T11:00:00+00:00,2026-07-17,lower_tail,0.0,0.9642049134780525,KXHIGHTOKC-26JUL17-T87,bounded,0.03181102277692754,KXHIGHTOKC-26JUL17-B87.5,,,1.0
,,1.8221739445419105,t_plus_6h,okc,okc:2026-07-17,,KXHIGHTOKC-26JUL17,3.1349408605919122,bracket,neuralcaster_v2,,0.18146238765728379,2026-07-17T12:00:00+00:00,2026-07-17,lower_tail,0.0,0.9525136097999128,KXHIGHTOKC-26JUL17-T87,bounded,0.04350232645506721,KXHIGHTOKC-26JUL17-B87.5,,,1.0
,,1.8234678607270374,t_plus_7h,okc,okc:2026-07-17,,KXHIGHTOKC-26JUL17,3.1427602880377945,bracket,neuralcaster_v2,,0.18159150928631113,2026-07-17T13:00:00+00:00,2026-07-17,lower_tail,0.0,0.9528524466039836,KXHIGHTOKC-26JUL17-T87,bounded,0.04316348965099649,KXHIGHTOKC-26JUL17-B87.5,,,1.0
,,1.8198835960627202,t_plus_8h,okc,okc:2026-07-17,,KXHIGHTOKC-26JUL17,3.121241228849057,bracket,neuralcaster_v2,,0.18123383095025286,2026-07-17T14:00:00+00:00,2026-07-17,lower_tail,0.0,0.9519135429853417,KXHIGHTOKC-26JUL17-T87,bounded,0.04410239326963835,KXHIGHTOKC-26JUL17-B87.5,,,1.0
,,1.8361427984751286,t_plus_9h,okc,okc:2026-07-17,,KXHIGHTOKC-26JUL17,3.222616571483312,bracket,neuralcaster_v2,,0.18285636334797245,2026-07-17T15:00:00+00:00,2026-07-17,lower_tail,0.0,0.95616528660452,KXHIGHTOKC-26JUL17-T87,bounded,0.03985064965046001,KXHIGHTOKC-26JUL17-B87.5,,,1.0
,,1.8742297716822824,t_plus_10h,okc,okc:2026-07-17,,KXHIGHTOKC-26JUL17,3.507755331163451,bracket,neuralcaster_v2,,0.18665718293867456,2026-07-17T16:00:00+00:00,2026-07-17,lower_tail,0.0,0.9660518377711491,KXHIGHTOKC-26JUL17-T87,bounded,0.02996409848383095,KXHIGHTOKC-26JUL17-B87.5,,,1.0
,,1.6909265050274185,t_plus_11h,okc,okc:2026-07-17,,KXHIGHTOKC-26JUL17,2.5443962078950952,bracket,neuralcaster_v2,,0.16836554659128639,2026-07-17T17:00:00+00:00,2026-07-17,lower_tail,0.0,0.9174954885578859,KXHIGHTOKC-26JUL17-T87,bounded,0.07852044769709424,KXHIGHTOKC-26JUL17-B87.5,,,1.0
,,1.9253478683947354,t_plus_12h,okc,okc:2026-07-17,,KXHIGHTOKC-26JUL17,4.083314606294241,bracket,neuralcaster_v2,,0.19175854433769052,2026-07-17T18:00:00+00:00,2026-07-17,lower_tail,0.0,0.9791644194189729,KXHIGHTOKC-26JUL17-T87,bounded,0.016851516836007146,KXHIGHTOKC-26JUL17-B87.5,,,1.0
,,1.7397960625308753,t_plus_13h,okc,okc:2026-07-17,,KXHIGHTOKC-26JUL17,2.7283358248288745,bracket,neuralcaster_v2,,0.17324199036446505,2026-07-17T19:00:00+00:00,2026-07-17,lower_tail,0.0,0.9306880199024629,KXHIGHTOKC-26JUL17-T87,bounded,0.06532791635251725,KXHIGHTOKC-26JUL17-B87.5,,,1.0
,,0.9038345018580036,t_plus_14h,okc,okc:2026-07-17,,KXHIGHTOKC-26JUL17,1.1316653733269875,bracket,neuralcaster_v2,,0.08897757335714997,2026-07-17T20:00:00+00:00,2026-07-17,lower_tail,0.0,0.6669044872254997,KXHIGHTOKC-26JUL17-T87,bounded,0.32249573316595787,KXHIGHTOKC-26JUL17-B87.5,,,1.0
,,0.13249703645503536,t_plus_15h,okc,okc:2026-07-17,,KXHIGHTOKC-26JUL17,0.300251867423845,bracket,neuralcaster_v2,,0.013354228104311536,2026-07-17T21:00:00+00:00,2026-07-17,bounded,1.0,0.7406316562006812,KXHIGHTOKC-26JUL17-B87.5,bounded,0.7406316562006812,KXHIGHTOKC-26JUL17-B87.5,,,1.0
,,0.13249703645503536,t_plus_16h,okc,okc:2026-07-17,,KXHIGHTOKC-26JUL17,0.300251867423845,bracket,neuralcaster_v2,,0.013354228104311536,2026-07-17T22:00:00+00:00,2026-07-17,bounded,1.0,0.7406316562006812,KXHIGHTOKC-26JUL17-B87.5,bounded,0.7406316562006812,KXHIGHTOKC-26JUL17-B87.5,,,1.0
,,0.13249703645503536,t_plus_17h,okc,okc:2026-07-17,,KXHIGHTOKC-26JUL17,0.300251867423845,bracket,neuralcaster_v2,,0.013354228104311536,2026-07-17T23:00:00+00:00,2026-07-17,bounded,1.0,0.7406316562006812,KXHIGHTOKC-26JUL17-B87.5,bounded,0.7406316562006812,KXHIGHTOKC-26JUL17-B87.5,,,1.0
,,0.13249703645503536,t_plus_18h,okc,okc:2026-07-17,,KXHIGHTOKC-26JUL17,0.300251867423845,bracket,neuralcaster_v2,,0.013354228104311536,2026-07-18T00:00:00+00:00,2026-07-17,bounded,1.0,0.7406316562006812,KXHIGHTOKC-26JUL17-B87.5,bounded,0.7406316562006812,KXHIGHTOKC-26JUL17-B87.5,,,1.0
,,0.13249703645503536,t_plus_19h,okc,okc:2026-07-17,,KXHIGHTOKC-26JUL17,0.300251867423845,bracket,neuralcaster_v2,,0.013354228104311536,2026-07-18T01:00:00+00:00,2026-07-17,bounded,1.0,0.7406316562006812,KXHIGHTOKC-26JUL17-B87.5,bounded,0.7406316562006812,KXHIGHTOKC-26JUL17-B87.5,,,1.0
,,0.13249703645503536,t_plus_20h,okc,okc:2026-07-17,,KXHIGHTOKC-26JUL17,0.300251867423845,bracket,neuralcaster_v2,,0.013354228104311536,2026-07-18T02:00:00+00:00,2026-07-17,bounded,1.0,0.7406316562006812,KXHIGHTOKC-26JUL17-B87.5,bounded,0.7406316562006812,KXHIGHTOKC-26JUL17-B87.5,,,1.0
,,0.13249703645503536,t_plus_21h,okc,okc:2026-07-17,,KXHIGHTOKC-26JUL17,0.300251867423845,bracket,neuralcaster_v2,,0.013354228104311536,2026-07-18T03:00:00+00:00,2026-07-17,bounded,1.0,0.7406316562006812,KXHIGHTOKC-26JUL17-B87.5,bounded,0.7406316562006812,KXHIGHTOKC-26JUL17-B87.5,,,1.0
,,0.13249703645503536,t_plus_22h,okc,okc:2026-07-17,,KXHIGHTOKC-26JUL17,0.300251867423845,bracket,neuralcaster_v2,,0.013354228104311536,2026-07-18T04:00:00+00:00,2026-07-17,bounded,1.0,0.7406316562006812,KXHIGHTOKC-26JUL17-B87.5,bounded,0.7406316562006812,KXHIGHTOKC-26JUL17-B87.5,,,1.0
,,0.13249703645503536,t_plus_23h,okc,okc:2026-07-17,,KXHIGHTOKC-26JUL17,0.300251867423845,bracket,neuralcaster_v2,,0.013354228104311536,2026-07-18T05:00:00+00:00,2026-07-17,bounded,1.0,0.7406316562006812,KXHIGHTOKC-26JUL17-B87.5,bounded,0.7406316562006812,KXHIGHTOKC-26JUL17-B87.5,,,1.0
,,0.556728451122592,t_plus_0h,aus,aus:2026-07-18,,KXHIGHAUS-26JUL18,1.046209871326866,bracket,neuralcaster_v2,,0.05022772175822726,2026-07-18T06:00:00+00:00,2026-07-18,bounded,1.0,0.3512665748273748,KXHIGHAUS-26JUL18-B94.5,bounded,0.3512665748273748,KXHIGHAUS-26JUL18-B94.5,,,1.0
,,0.537002757418105,t_plus_1h,aus,aus:2026-07-18,,KXHIGHAUS-26JUL18,1.0106027799830677,bracket,neuralcaster_v2,,0.045236510120128325,2026-07-18T07:00:00+00:00,2026-07-18,bounded,1.0,0.3639995018162286,KXHIGHAUS-26JUL18-B94.5,bounded,0.3639995018162286,KXHIGHAUS-26JUL18-B94.5,,,1.0
,,0.5242390701749271,t_plus_2h,aus,aus:2026-07-18,,KXHIGHAUS-26JUL18,0.9866298088658323,bracket,neuralcaster_v2,,0.043537657850755376,2026-07-18T08:00:00+00:00,2026-07-18,bounded,1.0,0.37283108808341275,KXHIGHAUS-26JUL18-B94.5,bounded,0.37283108808341275,KXHIGHAUS-26JUL18-B94.5,,,1.0
,,0.5387906646575771,t_plus_3h,aus,aus:2026-07-18,,KXHIGHAUS-26JUL18,1.0126472482622244,bracket,neuralcaster_v2,,0.04587305793329817,2026-07-18T09:00:00+00:00,2026-07-18,bounded,1.0,0.3632560765947286,KXHIGHAUS-26JUL18-B94.5,bounded,0.3632560765947286,KXHIGHAUS-26JUL18-B94.5,,,1.0
,,0.5559440139982371,t_plus_4h,aus,aus:2026-07-18,,KXHIGHAUS-26JUL18,1.051092934795601,bracket,neuralcaster_v2,,0.04905044882990168,2026-07-18T10:00:00+00:00,2026-07-18,bounded,1.0,0.34955549889418885,KXHIGHAUS-26JUL18-B94.5,bounded,0.34955549889418885,KXHIGHAUS-26JUL18-B94.5,,,1.0
,,0.5717810025947995,t_plus_5h,aus,aus:2026-07-18,,KXHIGHAUS-26JUL18,1.0867262694207591,bracket,neuralcaster_v2,,0.05197053542583866,2026-07-18T11:00:00+00:00,2026-07-18,bounded,1.0,0.3373189795596109,KXHIGHAUS-26JUL18-B94.5,bounded,0.3373189795596109,KXHIGHAUS-26JUL18-B94.5,,,1.0
,,0.5780360413485138,t_plus_6h,aus,aus:2026-07-18,,KXHIGHAUS-26JUL18,1.1034730505419554,bracket,neuralcaster_v2,,0.05309771014038036,2026-07-18T12:00:00+00:00,2026-07-18,bounded,1.0,0.3317170108371712,KXHIGHAUS-26JUL18-B94.5,bounded,0.3317170108371712,KXHIGHAUS-26JUL18-B94.5,,,1.0
,,0.5892618952332783,t_plus_7h,aus,aus:2026-07-18,,KXHIGHAUS-26JUL18,1.1300744738744348,bracket,neuralcaster_v2,,0.05536022441151324,2026-07-18T13:00:00+00:00,2026-07-18,bounded,1.0,0.3230091997798827,KXHIGHAUS-26JUL18-B94.5,bounded,0.3230091997798827,KXHIGHAUS-26JUL18-B94.5,,,1.0
,,0.5915183404798883,t_plus_8h,aus,aus:2026-07-18,,KXHIGHAUS-26JUL18,1.1351645952870328,bracket,neuralcaster_v2,,0.05582609322153844,2026-07-18T14:00:00+00:00,2026-07-18,bounded,1.0,0.3213692211217539,KXHIGHAUS-26JUL18-B94.5,bounded,0.3213692211217539,KXHIGHAUS-26JUL18-B94.5,,,1.0
,,0.570217468840292,t_plus_9h,aus,aus:2026-07-18,,KXHIGHAUS-26JUL18,1.0853815517720107,bracket,neuralcaster_v2,,0.05151346149861356,2026-07-18T15:00:00+00:00,2026-07-18,bounded,1.0,0.33777288346257883,KXHIGHAUS-26JUL18-B94.5,bounded,0.33777288346257883,KXHIGHAUS-26JUL18-B94.5,,,1.0
,,0.5324068344476486,t_plus_10h,aus,aus:2026-07-18,,KXHIGHAUS-26JUL18,0.9991192922096269,bracket,neuralcaster_v2,,0.04489334766980994,2026-07-18T16:00:00+00:00,2026-07-18,bounded,1.0,0.368203578175241,KXHIGHAUS-26JUL18-B94.5,bounded,0.368203578175241,KXHIGHAUS-26JUL18-B94.5,,,1.0
,,0.4976014174918263,t_plus_11h,aus,aus:2026-07-18,,KXHIGHAUS-26JUL18,0.9342859463324099,bracket,neuralcaster_v2,,0.0404157514897925,2026-07-18T17:00:00+00:00,2026-07-18,bounded,1.0,0.3928662930168672,KXHIGHAUS-26JUL18-B94.5,bounded,0.3928662930168672,KXHIGHAUS-26JUL18-B94.5,,,1.0
,,0.47862984552791094,t_plus_12h,aus,aus:2026-07-18,,KXHIGHAUS-26JUL18,0.8966263389290837,bracket,neuralcaster_v2,,0.038290279054925595,2026-07-18T18:00:00+00:00,2026-07-18,bounded,1.0,0.4079436042827503,KXHIGHAUS-26JUL18-B94.5,bounded,0.4079436042827503,KXHIGHAUS-26JUL18-B94.5,,,1.0
,,0.5385574965890423,t_plus_13h,aus,aus:2026-07-18,,KXHIGHAUS-26JUL18,0.9597258215556554,bracket,neuralcaster_v2,,0.046331642251824026,2026-07-18T19:00:00+00:00,2026-07-18,bounded,1.0,0.38299788134401497,KXHIGHAUS-26JUL18-B94.5,bounded,0.38299788134401497,KXHIGHAUS-26JUL18-B94.5,,,1.0
,,0.5670490802523739,t_plus_14h,aus,aus:2026-07-18,,KXHIGHAUS-26JUL18,0.9152747706092947,bracket,neuralcaster_v2,,0.042901741340036964,2026-07-18T20:00:00+00:00,2026-07-18,bounded,0.0,0.4291004757861756,KXHIGHAUS-26JUL18-B92.5,bounded,0.40040659101133036,KXHIGHAUS-26JUL18-B94.5,,,1.0
,,0.570226559653367,t_plus_15h,aus,aus:2026-07-18,,KXHIGHAUS-26JUL18,0.902751727014398,bracket,neuralcaster_v2,,0.04418898290108335,2026-07-18T21:00:00+00:00,2026-07-18,bounded,0.0,0.4438140891582669,KXHIGHAUS-26JUL18-B92.5,bounded,0.4054524288867899,KXHIGHAUS-26JUL18-B94.5,,,1.0
,,0.2688930222804336,t_plus_16h,aus,aus:2026-07-18,,KXHIGHAUS-26JUL18,0.4870094054173448,bracket,neuralcaster_v2,,0.029557840184508,2026-07-18T22:00:00+00:00,2026-07-18,bounded,1.0,0.6144612536529197,KXHIGHAUS-26JUL18-B94.5,bounded,0.6144612536529197,KXHIGHAUS-26JUL18-B94.5,,,1.0
,,0.24400003944965845,t_plus_17h,aus,aus:2026-07-18,,KXHIGHAUS-26JUL18,0.4483520545660895,bracket,neuralcaster_v2,,0.02578174890729209,2026-07-18T23:00:00+00:00,2026-07-18,bounded,1.0,0.6386797943096564,KXHIGHAUS-26JUL18-B94.5,bounded,0.6386797943096564,KXHIGHAUS-26JUL18-B94.5,,,1.0
,,0.3003981543321902,t_plus_18h,aus,aus:2026-07-18,,KXHIGHAUS-26JUL18,0.505610573699411,bracket,neuralcaster_v2,,0.031082295185957613,2026-07-19T00:00:00+00:00,2026-07-18,bounded,1.0,0.6031372032658576,KXHIGHAUS-26JUL18-B94.5,bounded,0.6031372032658576,KXHIGHAUS-26JUL18-B94.5,,,1.0
,,0.3199671201948046,t_plus_19h,aus,aus:2026-07-18,,KXHIGHAUS-26JUL18,0.5278521843979319,bracket,neuralcaster_v2,,0.0332198725802257,2026-07-19T01:00:00+00:00,2026-07-18,bounded,1.0,0.5898705432384849,KXHIGHAUS-26JUL18-B94.5,bounded,0.5898705432384849,KXHIGHAUS-26JUL18-B94.5,,,1.0
,,0.3235508367446867,t_plus_20h,aus,aus:2026-07-18,,KXHIGHAUS-26JUL18,0.5319033863578001,bracket,neuralcaster_v2,,0.033611730228743586,2026-07-19T02:00:00+00:00,2026-07-18,bounded,1.0,0.5874856925552566,KXHIGHAUS-26JUL18-B94.5,bounded,0.5874856925552566,KXHIGHAUS-26JUL18-B94.5,,,1.0
,,0.3538704392786407,t_plus_21h,aus,aus:2026-07-18,,KXHIGHAUS-26JUL18,0.5659528517751218,bracket,neuralcaster_v2,,0.036931527466362545,2026-07-19T03:00:00+00:00,2026-07-18,bounded,1.0,0.5678188417154846,KXHIGHAUS-26JUL18-B94.5,bounded,0.5678188417154846,KXHIGHAUS-26JUL18-B94.5,,,1.0
,,0.33908487678243104,t_plus_22h,aus,aus:2026-07-18,,KXHIGHAUS-26JUL18,0.5493952160064968,bracket,neuralcaster_v2,,0.03531162170729059,2026-07-19T04:00:00+00:00,2026-07-18,bounded,1.0,0.5772988459257763,KXHIGHAUS-26JUL18-B94.5,bounded,0.5772988459257763,KXHIGHAUS-26JUL18-B94.5,,,1.0
,,0.32819508561852523,t_plus_23h,aus,aus:2026-07-18,,KXHIGHAUS-26JUL18,0.5371442932386612,bracket,neuralcaster_v2,,0.03411972575711824,2026-07-19T05:00:00+00:00,2026-07-18,bounded,1.0,0.5844147889357574,KXHIGHAUS-26JUL18-B94.5,bounded,0.5844147889357574,KXHIGHAUS-26JUL18-B94.5,,,1.0
,,0.41568691922974765,t_plus_0h,den,den:2026-07-18,,KXHIGHDEN-26JUL18,0.729634027067798,bracket,neuralcaster_v2,,0.036725636814336875,2026-07-18T07:00:00+00:00,2026-07-18,bounded,1.0,0.4820853880128239,KXHIGHDEN-26JUL18-B93.5,bounded,0.4820853880128239,KXHIGHDEN-26JUL18-B93.5,,,1.0
,,0.47742783965911095,t_plus_1h,den,den:2026-07-18,,KXHIGHDEN-26JUL18,0.7794217297785797,bracket,neuralcaster_v2,,0.04570140568379375,2026-07-18T08:00:00+00:00,2026-07-18,bounded,1.0,0.4586711705103285,KXHIGHDEN-26JUL18-B93.5,bounded,0.4586711705103285,KXHIGHDEN-26JUL18-B93.5,,,1.0
,,0.4070798495703313,t_plus_2h,den,den:2026-07-18,,KXHIGHDEN-26JUL18,0.7519400329957243,bracket,neuralcaster_v2,,0.03270899429580207,2026-07-18T09:00:00+00:00,2026-07-18,bounded,1.0,0.47145103439766456,KXHIGHDEN-26JUL18-B93.5,bounded,0.47145103439766456,KXHIGHDEN-26JUL18-B93.5,,,1.0
,,0.5319097343191073,t_plus_3h,den,den:2026-07-18,,KXHIGHDEN-26JUL18,0.891168564778144,bracket,neuralcaster_v2,,0.05312983553064197,2026-07-18T10:00:00+00:00,2026-07-18,bounded,0.0,0.410185815465397,KXHIGHDEN-26JUL18-B91.5,bounded,0.41017615517872896,KXHIGHDEN-26JUL18-B93.5,,,1.0
,,0.5227195508115979,t_plus_4h,den,den:2026-07-18,,KXHIGHDEN-26JUL18,0.8899635584681694,bracket,neuralcaster_v2,,0.05158767204758077,2026-07-18T11:00:00+00:00,2026-07-18,bounded,1.0,0.4106707179497065,KXHIGHDEN-26JUL18-B93.5,bounded,0.4106707179497065,KXHIGHDEN-26JUL18-B93.5,,,1.0
,,0.5562747542833874,t_plus_5h,den,den:2026-07-18,,KXHIGHDEN-26JUL18,0.9388918081712446,bracket,neuralcaster_v2,,0.05722539873710185,2026-07-18T12:00:00+00:00,2026-07-18,bounded,0.0,0.4076622071166584,KXHIGHDEN-26JUL18-B91.5,bounded,0.39106096588527817,KXHIGHDEN-26JUL18-B93.5,,,1.0
,,0.4929798396893902,t_plus_6h,den,den:2026-07-18,,KXHIGHDEN-26JUL18,0.8917947783856374,bracket,neuralcaster_v2,,0.04270452816046423,2026-07-18T13:00:00+00:00,2026-07-18,bounded,1.0,0.40991937769605474,KXHIGHDEN-26JUL18-B93.5,bounded,0.40991937769605474,KXHIGHDEN-26JUL18-B93.5,,,1.0
,,0.5495754299913935,t_plus_7h,den,den:2026-07-18,,KXHIGHDEN-26JUL18,0.9541847448612494,bracket,neuralcaster_v2,,0.05511722445178584,2026-07-18T14:00:00+00:00,2026-07-18,bounded,1.0,0.3851259925469909,KXHIGHDEN-26JUL18-B93.5,bounded,0.3851259925469909,KXHIGHDEN-26JUL18-B93.5,,,1.0
,,0.5019105466566359,t_plus_8h,den,den:2026-07-18,,KXHIGHDEN-26JUL18,0.8979658038103131,bracket,neuralcaster_v2,,0.04475003250241378,2026-07-18T15:00:00+00:00,2026-07-18,bounded,1.0,0.4073975439472562,KXHIGHDEN-26JUL18-B93.5,bounded,0.4073975439472562,KXHIGHDEN-26JUL18-B93.5,,,1.0
,,0.48714480617023004,t_plus_9h,den,den:2026-07-18,,KXHIGHDEN-26JUL18,0.8742196614649954,bracket,neuralcaster_v2,,0.04263806955370135,2026-07-18T16:00:00+00:00,2026-07-18,bounded,1.0,0.41718744012878894,KXHIGHDEN-26JUL18-B93.5,bounded,0.41718744012878894,KXHIGHDEN-26JUL18-B93.5,,,1.0
,,0.47812362422736077,t_plus_10h,den,den:2026-07-18,,KXHIGHDEN-26JUL18,0.8429714305750732,bracket,neuralcaster_v2,,0.042869915363429184,2026-07-18T17:00:00+00:00,2026-07-18,bounded,1.0,0.4304296295662356,KXHIGHDEN-26JUL18-B93.5,bounded,0.4304296295662356,KXHIGHDEN-26JUL18-B93.5,,,1.0
,,0.3830642957510763,t_plus_11h,den,den:2026-07-18,,KXHIGHDEN-26JUL18,0.6939411535653881,bracket,neuralcaster_v2,,0.03257488535627928,2026-07-18T18:00:00+00:00,2026-07-18,bounded,1.0,0.49960317105386065,KXHIGHDEN-26JUL18-B93.5,bounded,0.49960317105386065,KXHIGHDEN-26JUL18-B93.5,,,1.0
,,0.34263798058284684,t_plus_12h,den,den:2026-07-18,,KXHIGHDEN-26JUL18,0.631220780432265,bracket,neuralcaster_v2,,0.02951898706641355,2026-07-18T19:00:00+00:00,2026-07-18,bounded,1.0,0.5319420200584744,KXHIGHDEN-26JUL18-B93.5,bounded,0.5319420200584744,KXHIGHDEN-26JUL18-B93.5,,,1.0
,,0.25003332736386075,t_plus_13h,den,den:2026-07-18,,KXHIGHDEN-26JUL18,0.5027512550762869,bracket,neuralcaster_v2,,0.020602943914055406,2026-07-18T20:00:00+00:00,2026-07-18,bounded,1.0,0.60486423259037,KXHIGHDEN-26JUL18-B93.5,bounded,0.60486423259037,KXHIGHDEN-26JUL18-B93.5,,,1.0
,,0.2143076986322542,t_plus_14h,den,den:2026-07-18,,KXHIGHDEN-26JUL18,0.45326401600612903,bracket,neuralcaster_v2,,0.017120117583189796,2026-07-18T21:00:00+00:00,2026-07-18,bounded,1.0,0.6355503160179926,KXHIGHDEN-26JUL18-B93.5,bounded,0.6355503160179926,KXHIGHDEN-26JUL18-B93.5,,,1.0
,,0.2734938937256125,t_plus_15h,den,den:2026-07-18,,KXHIGHDEN-26JUL18,0.512620134640615,bracket,neuralcaster_v2,,0.023862016061101263,2026-07-18T22:00:00+00:00,2026-07-18,bounded,1.0,0.5989242589783875,KXHIGHDEN-26JUL18-B93.5,bounded,0.5989242589783875,KXHIGHDEN-26JUL18-B93.5,,,1.0
,,0.3468723362646649,t_plus_16h,den,den:2026-07-18,,KXHIGHDEN-26JUL18,0.5852688034059447,bracket,neuralcaster_v2,,0.031664436854086646,2026-07-18T23:00:00+00:00,2026-07-18,bounded,1.0,0.5569561299841613,KXHIGHDEN-26JUL18-B93.5,bounded,0.5569561299841613,KXHIGHDEN-26JUL18-B93.5,,,1.0
,,0.14399832091697967,t_plus_17h,den,den:2026-07-18,,KXHIGHDEN-26JUL18,0.36592264417758175,bracket,neuralcaster_v2,,0.010219188899247274,2026-07-19T00:00:00+00:00,2026-07-18,bounded,1.0,0.69355644976428,KXHIGHDEN-26JUL18-B93.5,bounded,0.69355644976428,KXHIGHDEN-26JUL18-B93.5,,,1.0
,,0.14423408640861293,t_plus_18h,den,den:2026-07-18,,KXHIGHDEN-26JUL18,0.36592264417758175,bracket,neuralcaster_v2,,0.010266857214380962,2026-07-19T01:00:00+00:00,2026-07-18,bounded,1.0,0.69355644976428,KXHIGHDEN-26JUL18-B93.5,bounded,0.69355644976428,KXHIGHDEN-26JUL18-B93.5,,,1.0
,,0.14364631572338954,t_plus_19h,den,den:2026-07-18,,KXHIGHDEN-26JUL18,0.3659226441775819,bracket,neuralcaster_v2,,0.010147989825933668,2026-07-19T02:00:00+00:00,2026-07-18,bounded,1.0,0.6935564497642799,KXHIGHDEN-26JUL18-B93.5,bounded,0.6935564497642799,KXHIGHDEN-26JUL18-B93.5,,,1.0
,,0.1299457930254601,t_plus_20h,den,den:2026-07-18,,KXHIGHDEN-26JUL18,0.34819818597795354,bracket,neuralcaster_v2,,0.008882298504214233,2026-07-19T03:00:00+00:00,2026-07-18,bounded,1.0,0.7059589511841174,KXHIGHDEN-26JUL18-B93.5,bounded,0.7059589511841174,KXHIGHDEN-26JUL18-B93.5,,,1.0
,,0.12410045200262967,t_plus_21h,den,den:2026-07-18,,KXHIGHDEN-26JUL18,0.33999145037515965,bracket,neuralcaster_v2,,0.008382984820916269,2026-07-19T04:00:00+00:00,2026-07-18,bounded,1.0,0.7117764081578557,KXHIGHDEN-26JUL18-B93.5,bounded,0.7117764081578557,KXHIGHDEN-26JUL18-B93.5,,,1.0
,,0.12191077101748839,t_plus_22h,den,den:2026-07-18,,KXHIGHDEN-26JUL18,0.33679968833211504,bracket,neuralcaster_v2,,0.008202688469448913,2026-07-19T05:00:00+00:00,2026-07-18,bounded,1.0,0.7140518584968272,KXHIGHDEN-26JUL18-B93.5,bounded,0.7140518584968272,KXHIGHDEN-26JUL18-B93.5,,,1.0
,,0.12055182066616739,t_plus_23h,den,den:2026-07-18,,KXHIGHDEN-26JUL18,0.33473247412389123,bracket,neuralcaster_v2,,0.00809653445614808,2026-07-19T06:00:00+00:00,2026-07-18,bounded,1.0,0.7155294834015155,KXHIGHDEN-26JUL18-B93.5,bounded,0.7155294834015155,KXHIGHDEN-26JUL18-B93.5,,,1.0
,,0.5968452556543994,t_plus_0h,la,la:2026-07-18,,KXHIGHLAX-26JUL18,1.0919862592226537,bracket,neuralcaster_v2,,0.059039071431332336,2026-07-18T08:00:00+00:00,2026-07-18,bounded,1.0,0.3355493433813816,KXHIGHLAX-26JUL18-B78.5,bounded,0.3355493433813816,KXHIGHLAX-26JUL18-B78.5,,,1.0
,,0.5749223922724345,t_plus_1h,la,la:2026-07-18,,KXHIGHLAX-26JUL18,1.0493759537279967,bracket,neuralcaster_v2,,0.05294252760800283,2026-07-18T09:00:00+00:00,2026-07-18,bounded,1.0,0.35015619461188235,KXHIGHLAX-26JUL18-B78.5,bounded,0.35015619461188235,KXHIGHLAX-26JUL18-B78.5,,,1.0
,,0.5448265105265676,t_plus_2h,la,la:2026-07-18,,KXHIGHLAX-26JUL18,0.9867802274753347,bracket,neuralcaster_v2,,0.045766825115633195,2026-07-18T10:00:00+00:00,2026-07-18,bounded,1.0,0.37277501156714554,KXHIGHLAX-26JUL18-B78.5,bounded,0.37277501156714554,KXHIGHLAX-26JUL18-B78.5,,,1.0
,,0.517554495444117,t_plus_3h,la,la:2026-07-18,,KXHIGHLAX-26JUL18,0.9390132267633321,bracket,neuralcaster_v2,,0.0418644756523749,2026-07-18T11:00:00+00:00,2026-07-18,bounded,1.0,0.3910134866958665,KXHIGHLAX-26JUL18-B78.5,bounded,0.3910134866958665,KXHIGHLAX-26JUL18-B78.5,,,1.0
,,0.49729355688913895,t_plus_4h,la,la:2026-07-18,,KXHIGHLAX-26JUL18,0.886121080322332,bracket,neuralcaster_v2,,0.042940898082395554,2026-07-18T12:00:00+00:00,2026-07-18,bounded,1.0,0.41225174679768567,KXHIGHLAX-26JUL18-B78.5,bounded,0.41225174679768567,KXHIGHLAX-26JUL18-B78.5,,,1.0
,,0.4531234967303837,t_plus_5h,la,la:2026-07-18,,KXHIGHLAX-26JUL18,0.804699540123482,bracket,neuralcaster_v2,,0.03846722326209434,2026-07-18T13:00:00+00:00,2026-07-18,bounded,1.0,0.44722227872527004,KXHIGHLAX-26JUL18-B78.5,bounded,0.44722227872527004,KXHIGHLAX-26JUL18-B78.5,,,1.0
,,0.43393793088827876,t_plus_6h,la,la:2026-07-18,,KXHIGHLAX-26JUL18,0.7545718749280897,bracket,neuralcaster_v2,,0.038777237593823954,2026-07-18T14:00:00+00:00,2026-07-18,bounded,1.0,0.47021188113929174,KXHIGHLAX-26JUL18-B78.5,bounded,0.47021188113929174,KXHIGHLAX-26JUL18-B78.5,,,1.0
,,0.36623161552227995,t_plus_7h,la,la:2026-07-18,,KXHIGHLAX-26JUL18,0.6767365367498499,bracket,neuralcaster_v2,,0.03051686889688051,2026-07-18T15:00:00+00:00,2026-07-18,bounded,1.0,0.5082730190233958,KXHIGHLAX-26JUL18-B78.5,bounded,0.5082730190233958,KXHIGHLAX-26JUL18-B78.5,,,1.0
,,0.3189239883591786,t_plus_8h,la,la:2026-07-18,,KXHIGHLAX-26JUL18,0.6140118314989697,bracket,neuralcaster_v2,,0.02581866645643647,2026-07-18T16:00:00+00:00,2026-07-18,bounded,1.0,0.5411754036610938,KXHIGHLAX-26JUL18-B78.5,bounded,0.5411754036610938,KXHIGHLAX-26JUL18-B78.5,,,1.0
,,0.30405465352856487,t_plus_9h,la,la:2026-07-18,,KXHIGHLAX-26JUL18,0.5939341738660305,bracket,neuralcaster_v2,,0.024386321478862764,2026-07-18T17:00:00+00:00,2026-07-18,bounded,1.0,0.5521507490598792,KXHIGHLAX-26JUL18-B78.5,bounded,0.5521507490598792,KXHIGHLAX-26JUL18-B78.5,,,1.0
,,0.25165664353899286,t_plus_10h,la,la:2026-07-18,,KXHIGHLAX-26JUL18,0.48450874909998853,bracket,neuralcaster_v2,,0.021222404032068702,2026-07-18T18:00:00+00:00,2026-07-18,bounded,1.0,0.6159997328708132,KXHIGHLAX-26JUL18-B78.5,bounded,0.6159997328708132,KXHIGHLAX-26JUL18-B78.5,,,1.0
,,0.2124091007819829,t_plus_11h,la,la:2026-07-18,,KXHIGHLAX-26JUL18,0.39730840814527446,bracket,neuralcaster_v2,,0.0209867991999039,2026-07-18T19:00:00+00:00,2026-07-18,bounded,1.0,0.6721267043142419,KXHIGHLAX-26JUL18-B78.5,bounded,0.6721267043142419,KXHIGHLAX-26JUL18-B78.5,,,1.0
,,0.20557689760052258,t_plus_12h,la,la:2026-07-18,,KXHIGHLAX-26JUL18,0.38947728559969336,bracket,neuralcaster_v2,,0.020307789375841066,2026-07-18T20:00:00+00:00,2026-07-18,bounded,1.0,0.6774108743886514,KXHIGHLAX-26JUL18-B78.5,bounded,0.6774108743886514,KXHIGHLAX-26JUL18-B78.5,,,1.0
,,0.19500958863728843,t_plus_13h,la,la:2026-07-18,,KXHIGHLAX-26JUL18,0.3772276797895885,bracket,neuralcaster_v2,,0.019257711107451454,2026-07-18T21:00:00+00:00,2026-07-18,bounded,1.0,0.6857599224455794,KXHIGHLAX-26JUL18-B78.5,bounded,0.6857599224455794,KXHIGHLAX-26JUL18-B78.5,,,1.0
,,0.1859457784424439,t_plus_14h,la,la:2026-07-18,,KXHIGHLAX-26JUL18,0.3665764188121656,bracket,neuralcaster_v2,,0.018357181279913044,2026-07-18T22:00:00+00:00,2026-07-18,bounded,1.0,0.6931031683378667,KXHIGHLAX-26JUL18-B78.5,bounded,0.6931031683378667,KXHIGHLAX-26JUL18-B78.5,,,1.0
,,0.18258497718412023,t_plus_15h,la,la:2026-07-18,,KXHIGHLAX-26JUL18,0.3625904783817077,bracket,neuralcaster_v2,,0.018023306876135493,2026-07-18T23:00:00+00:00,2026-07-18,bounded,1.0,0.6958713495166562,KXHIGHLAX-26JUL18-B78.5,bounded,0.6958713495166562,KXHIGHLAX-26JUL18-B78.5,,,1.0
,,0.21848919551108859,t_plus_16h,la,la:2026-07-18,,KXHIGHLAX-26JUL18,0.404222979057909,bracket,neuralcaster_v2,,0.021591118284682027,2026-07-19T00:00:00+00:00,2026-07-18,bounded,1.0,0.6674952672080358,KXHIGHLAX-26JUL18-B78.5,bounded,0.6674952672080358,KXHIGHLAX-26JUL18-B78.5,,,1.0
,,0.2198878305618218,t_plus_17h,la,la:2026-07-18,,KXHIGHLAX-26JUL18,0.4058066265388035,bracket,neuralcaster_v2,,0.0217301401637623,2026-07-19T01:00:00+00:00,2026-07-18,bounded,1.0,0.6664390265867612,KXHIGHLAX-26JUL18-B78.5,bounded,0.6664390265867612,KXHIGHLAX-26JUL18-B78.5,,,1.0
,,0.21552996526042562,t_plus_18h,la,la:2026-07-18,,KXHIGHLAX-26JUL18,0.40086381728341924,bracket,neuralcaster_v2,,0.021296984896909944,2026-07-19T02:00:00+00:00,2026-07-18,bounded,1.0,0.6697412620122625,KXHIGHLAX-26JUL18-B78.5,bounded,0.6697412620122625,KXHIGHLAX-26JUL18-B78.5,,,1.0
,,0.21029883670081434,t_plus_19h,la,la:2026-07-18,,KXHIGHLAX-26JUL18,0.3948966972701882,bracket,neuralcaster_v2,,0.020777065964310067,2026-07-19T03:00:00+00:00,2026-07-18,bounded,1.0,0.6737496358306383,KXHIGHLAX-26JUL18-B78.5,bounded,0.6737496358306383,KXHIGHLAX-26JUL18-B78.5,,,1.0
,,0.20536388371439376,t_plus_20h,la,la:2026-07-18,,KXHIGHLAX-26JUL18,0.38923204324580213,bracket,neuralcaster_v2,,0.020286620377833832,2026-07-19T04:00:00+00:00,2026-07-18,bounded,1.0,0.6775770245987396,KXHIGHLAX-26JUL18-B78.5,bounded,0.6775770245987396,KXHIGHLAX-26JUL18-B78.5,,,1.0
,,0.20066792261533564,t_plus_21h,la,la:2026-07-18,,KXHIGHLAX-26JUL18,0.3838083200940284,bracket,neuralcaster_v2,,0.019819960502431854,2026-07-19T05:00:00+00:00,2026-07-18,bounded,1.0,0.6812619989010511,KXHIGHLAX-26JUL18-B78.5,bounded,0.6812619989010511,KXHIGHLAX-26JUL18-B78.5,,,1.0
,,0.1980153044964903,t_plus_22h,la,la:2026-07-18,,KXHIGHLAX-26JUL18,0.38072964920919555,bracket,neuralcaster_v2,,0.019556372486061575,2026-07-19T06:00:00+00:00,2026-07-18,bounded,1.0,0.6833626122714509,KXHIGHLAX-26JUL18-B78.5,bounded,0.6833626122714509,KXHIGHLAX-26JUL18-B78.5,,,1.0
,,0.1941138354911177,t_plus_23h,la,la:2026-07-18,,KXHIGHLAX-26JUL18,0.37618120474891925,bracket,neuralcaster_v2,,0.019168707909380214,2026-07-19T07:00:00+00:00,2026-07-18,bounded,1.0,0.686477928710603,KXHIGHLAX-26JUL18-B78.5,bounded,0.686477928710603,KXHIGHLAX-26JUL18-B78.5,,,1.0
,,0.5184237946432436,t_plus_0h,mia,mia:2026-07-18,,KXHIGHMIA-26JUL18,0.8970381050862073,bracket,neuralcaster_v2,,0.05003237218442874,2026-07-18T05:00:00+00:00,2026-07-18,bounded,1.0,0.40777566149144345,KXHIGHMIA-26JUL18-B90.5,bounded,0.40777566149144345,KXHIGHMIA-26JUL18-B90.5,,,1.0
,,0.2277398491047406,t_plus_1h,mia,mia:2026-07-18,,KXHIGHMIA-26JUL18,0.4970620469975031,bracket,neuralcaster_v2,,0.01535012787223845,2026-07-18T06:00:00+00:00,2026-07-18,bounded,1.0,0.6083152385061122,KXHIGHMIA-26JUL18-B90.5,bounded,0.6083152385061122,KXHIGHMIA-26JUL18-B90.5,,,1.0
,,0.1749105892265476,t_plus_2h,mia,mia:2026-07-18,,KXHIGHMIA-26JUL18,0.41721593856513217,bracket,neuralcaster_v2,,0.011902754322816003,2026-07-18T07:00:00+00:00,2026-07-18,bounded,1.0,0.658878627276066,KXHIGHMIA-26JUL18-B90.5,bounded,0.658878627276066,KXHIGHMIA-26JUL18-B90.5,,,1.0
,,0.3364442270972458,t_plus_3h,mia,mia:2026-07-18,,KXHIGHMIA-26JUL18,0.5830637489490701,bracket,neuralcaster_v2,,0.031605521007347,2026-07-18T08:00:00+00:00,2026-07-18,bounded,1.0,0.5581856036108477,KXHIGHMIA-26JUL18-B90.5,bounded,0.5581856036108477,KXHIGHMIA-26JUL18-B90.5,,,1.0
,,0.29349842570445495,t_plus_4h,mia,mia:2026-07-18,,KXHIGHMIA-26JUL18,0.5362173840999365,bracket,neuralcaster_v2,,0.026775709422617356,2026-07-18T09:00:00+00:00,2026-07-18,bounded,1.0,0.5849567394750798,KXHIGHMIA-26JUL18-B90.5,bounded,0.5849567394750798,KXHIGHMIA-26JUL18-B90.5,,,1.0
,,0.17742356071901116,t_plus_5h,mia,mia:2026-07-18,,KXHIGHMIA-26JUL18,0.41721593856513234,bracket,neuralcaster_v2,,0.012398226064068919,2026-07-18T10:00:00+00:00,2026-07-18,bounded,1.0,0.6588786272760659,KXHIGHMIA-26JUL18-B90.5,bounded,0.6588786272760659,KXHIGHMIA-26JUL18-B90.5,,,1.0
,,0.17763901907451765,t_plus_6h,mia,mia:2026-07-18,,KXHIGHMIA-26JUL18,0.41721593856513217,bracket,neuralcaster_v2,,0.012440837260046987,2026-07-18T11:00:00+00:00,2026-07-18,bounded,1.0,0.658878627276066,KXHIGHMIA-26JUL18-B90.5,bounded,0.658878627276066,KXHIGHMIA-26JUL18-B90.5,,,1.0
,,0.26275055194028835,t_plus_7h,mia,mia:2026-07-18,,KXHIGHMIA-26JUL18,0.5052745973243996,bracket,neuralcaster_v2,,0.022951215408088654,2026-07-18T12:00:00+00:00,2026-07-18,bounded,1.0,0.6033398771619594,KXHIGHMIA-26JUL18-B90.5,bounded,0.6033398771619594,KXHIGHMIA-26JUL18-B90.5,,,1.0
,,0.2593638529363454,t_plus_8h,mia,mia:2026-07-18,,KXHIGHMIA-26JUL18,0.501781806055814,bracket,neuralcaster_v2,,0.022537274818315075,2026-07-18T13:00:00+00:00,2026-07-18,bounded,1.0,0.6054509019552469,KXHIGHMIA-26JUL18-B90.5,bounded,0.6054509019552469,KXHIGHMIA-26JUL18-B90.5,,,1.0
,,0.2593014690090196,t_plus_9h,mia,mia:2026-07-18,,KXHIGHMIA-26JUL18,0.5017172939496225,bracket,neuralcaster_v2,,0.022529664703259733,2026-07-18T14:00:00+00:00,2026-07-18,bounded,1.0,0.6054899621280411,KXHIGHMIA-26JUL18-B90.5,bounded,0.6054899621280411,KXHIGHMIA-26JUL18-B90.5,,,1.0
,,0.18694352404224016,t_plus_10h,mia,mia:2026-07-18,,KXHIGHMIA-26JUL18,0.4215018410028774,bracket,neuralcaster_v2,,0.014116289600835566,2026-07-18T15:00:00+00:00,2026-07-18,bounded,1.0,0.6560607805826596,KXHIGHMIA-26JUL18-B90.5,bounded,0.6560607805826596,KXHIGHMIA-26JUL18-B90.5,,,1.0
,,0.17446125535765022,t_plus_11h,mia,mia:2026-07-18,,KXHIGHMIA-26JUL18,0.41721593856513234,bracket,neuralcaster_v2,,0.01181476230010153,2026-07-18T16:00:00+00:00,2026-07-18,bounded,1.0,0.6588786272760659,KXHIGHMIA-26JUL18-B90.5,bounded,0.6588786272760659,KXHIGHMIA-26JUL18-B90.5,,,1.0
,,0.19054089798501797,t_plus_12h,mia,mia:2026-07-18,,KXHIGHMIA-26JUL18,0.4097654199390675,bracket,neuralcaster_v2,,0.01626821635949105,2026-07-18T17:00:00+00:00,2026-07-18,bounded,1.0,0.6638059475134703,KXHIGHMIA-26JUL18-B90.5,bounded,0.6638059475134703,KXHIGHMIA-26JUL18-B90.5,,,1.0
,,0.1414951476043317,t_plus_13h,mia,mia:2026-07-18,,KXHIGHMIA-26JUL18,0.3659226441775819,bracket,neuralcaster_v2,,0.009689540597901376,2026-07-18T18:00:00+00:00,2026-07-18,bounded,1.0,0.6935564497642799,KXHIGHMIA-26JUL18-B90.5,bounded,0.6935564497642799,KXHIGHMIA-26JUL18-B90.5,,,1.0
,,0.148623882279662,t_plus_14h,mia,mia:2026-07-18,,KXHIGHMIA-26JUL18,0.371316274437832,bracket,neuralcaster_v2,,0.01068890801037491,2026-07-18T19:00:00+00:00,2026-07-18,bounded,1.0,0.6898257328078371,KXHIGHMIA-26JUL18-B90.5,bounded,0.6898257328078371,KXHIGHMIA-26JUL18-B90.5,,,1.0
,,0.791056723258511,t_plus_15h,mia,mia:2026-07-18,,KXHIGHMIA-26JUL18,1.0620263078819887,bracket,neuralcaster_v2,,0.08562624848027975,2026-07-18T20:00:00+00:00,2026-07-18,bounded,0.0,0.6003547064643714,KXHIGHMIA-26JUL18-B92.5,bounded,0.3457544949712068,KXHIGHMIA-26JUL18-B90.5,,,1.0
,,0.7796125578858767,t_plus_16h,mia,mia:2026-07-18,,KXHIGHMIA-26JUL18,1.048054447834745,bracket,neuralcaster_v2,,0.08434824144925043,2026-07-18T21:00:00+00:00,2026-07-18,bounded,0.0,0.5961457342792787,KXHIGHMIA-26JUL18-B92.5,bounded,0.3506192339738566,KXHIGHMIA-26JUL18-B90.5,,,1.0
,,0.7681483669537127,t_plus_17h,mia,mia:2026-07-18,,KXHIGHMIA-26JUL18,1.0341498026660583,bracket,neuralcaster_v2,,0.08306830214157972,2026-07-18T22:00:00+00:00,2026-07-18,bounded,0.0,0.5918982183928577,KXHIGHMIA-26JUL18-B92.5,bounded,0.3555285218684721,KXHIGHMIA-26JUL18-B90.5,,,1.0
,,0.7694202655887674,t_plus_18h,mia,mia:2026-07-18,,KXHIGHMIA-26JUL18,1.0356880387833003,bracket,neuralcaster_v2,,0.08321029023300544,2026-07-18T23:00:00+00:00,2026-07-18,bounded,0.0,0.5923710211291562,KXHIGHMIA-26JUL18-B92.5,bounded,0.35498205546036005,KXHIGHMIA-26JUL18-B90.5,,,1.0
,,0.7657043124846832,t_plus_19h,mia,mia:2026-07-18,,KXHIGHMIA-26JUL18,1.0311970089120546,bracket,neuralcaster_v2,,0.08279547148037666,2026-07-19T00:00:00+00:00,2026-07-18,bounded,0.0,0.5909885870415005,KXHIGHMIA-26JUL18-B92.5,bounded,0.35657987571886157,KXHIGHMIA-26JUL18-B90.5,,,1.0
,,0.7394841805426788,t_plus_20h,mia,mia:2026-07-18,,KXHIGHMIA-26JUL18,0.9997631805224759,bracket,neuralcaster_v2,,0.07986941706107749,2026-07-19T01:00:00+00:00,2026-07-18,bounded,0.0,0.5811368169818883,KXHIGHMIA-26JUL18-B92.5,bounded,0.36796657250528364,KXHIGHMIA-26JUL18-B90.5,,,1.0
,,0.7174898398967706,t_plus_21h,mia,mia:2026-07-18,,KXHIGHMIA-26JUL18,0.9737205504089693,bracket,neuralcaster_v2,,0.07741626864975504,2026-07-19T02:00:00+00:00,2026-07-18,bounded,0.0,0.5727368596723232,KXHIGHMIA-26JUL18-B92.5,bounded,0.3776752610276659,KXHIGHMIA-26JUL18-B90.5,,,1.0
,,0.704025771088663,t_plus_22h,mia,mia:2026-07-18,,KXHIGHMIA-26JUL18,0.9579142679358319,bracket,neuralcaster_v2,,0.0759151704475082,2026-07-19T03:00:00+00:00,2026-07-18,bounded,0.0,0.5675308904128619,KXHIGHMIA-26JUL18-B92.5,bounded,0.38369233136916064,KXHIGHMIA-26JUL18-B90.5,,,1.0
,,0.6918234089207151,t_plus_23h,mia,mia:2026-07-18,,KXHIGHMIA-26JUL18,0.9436732224391362,bracket,neuralcaster_v2,,0.07455516124364746,2026-07-19T04:00:00+00:00,2026-07-18,bounded,0.0,0.5627694585087248,KXHIGHMIA-26JUL18-B92.5,bounded,0.3891956044899849,KXHIGHMIA-26JUL18-B90.5,,,1.0
,,0.9334840835637428,t_plus_0h,nyc,nyc:2026-07-18,,KXHIGHNY-26JUL18,1.7412885663828526,bracket,neuralcaster_v2,,0.18289252633956055,2026-07-18T05:00:00+00:00,2026-07-18,bounded,0.0,0.3590337783869557,KXHIGHNY-26JUL18-B79.5,lower_tail,0.17529437658401656,KXHIGHNY-26JUL18-T79,,,1.0
,,0.9441636770286425,t_plus_1h,nyc,nyc:2026-07-18,,KXHIGHNY-26JUL18,1.9384921591546693,bracket,neuralcaster_v2,,0.23472306794701486,2026-07-18T06:00:00+00:00,2026-07-18,bounded,0.0,0.3138997849239724,KXHIGHNY-26JUL18-B81.5,lower_tail,0.14392079590645332,KXHIGHNY-26JUL18-T79,,,0.0
,,0.9465882029034476,t_plus_2h,nyc,nyc:2026-07-18,,KXHIGHNY-26JUL18,2.008638335238491,bracket,neuralcaster_v2,,0.25686785529230416,2026-07-18T07:00:00+00:00,2026-07-18,bounded,0.0,0.2904514184813005,KXHIGHNY-26JUL18-B81.5,lower_tail,0.13417124659821475,KXHIGHNY-26JUL18-T79,,,0.0
,,0.9321394718191706,t_plus_3h,nyc,nyc:2026-07-18,,KXHIGHNY-26JUL18,1.9873577244749574,bracket,neuralcaster_v2,,0.2622980482641123,2026-07-18T08:00:00+00:00,2026-07-18,bounded,0.0,0.2776600681803519,KXHIGHNY-26JUL18-B81.5,lower_tail,0.13705709002087468,KXHIGHNY-26JUL18-T79,,,0.0
,,0.9163070684091247,t_plus_4h,nyc,nyc:2026-07-18,,KXHIGHNY-26JUL18,1.9431962498964772,bracket,neuralcaster_v2,,0.26033500438899726,2026-07-18T09:00:00+00:00,2026-07-18,bounded,0.0,0.27128472272164517,KXHIGHNY-26JUL18-B81.5,lower_tail,0.1432453693024062,KXHIGHNY-26JUL18-T79,,,0.0
,,0.900963103637539,t_plus_5h,nyc,nyc:2026-07-18,,KXHIGHNY-26JUL18,1.8773053057211095,bracket,neuralcaster_v2,,0.2477060984257388,2026-07-18T10:00:00+00:00,2026-07-18,bounded,0.0,0.2757880526775348,KXHIGHNY-26JUL18-B81.5,lower_tail,0.15300184394700606,KXHIGHNY-26JUL18-T79,,,0.0
,,0.9292786187899975,t_plus_6h,nyc,nyc:2026-07-18,,KXHIGHNY-26JUL18,1.9432788103392493,bracket,neuralcaster_v2,,0.24844920934721082,2026-07-18T11:00:00+00:00,2026-07-18,bounded,0.0,0.28980850514483314,KXHIGHNY-26JUL18-B81.5,lower_tail,0.14323354338947458,KXHIGHNY-26JUL18-T79,,,0.0
,,0.9382863679979702,t_plus_7h,nyc,nyc:2026-07-18,,KXHIGHNY-26JUL18,2.019326379449188,bracket,neuralcaster_v2,,0.2690326076995819,2026-07-18T12:00:00+00:00,2026-07-18,bounded,0.0,0.2742327201898235,KXHIGHNY-26JUL18-B81.5,lower_tail,0.13274485463151647,KXHIGHNY-26JUL18-T79,,,0.0
,,0.8475752209197703,t_plus_8h,nyc,nyc:2026-07-18,,KXHIGHNY-26JUL18,1.6521060440823079,bracket,neuralcaster_v2,,0.20046208918293384,2026-07-18T13:00:00+00:00,2026-07-18,bounded,0.0,0.2944344133463869,KXHIGHNY-26JUL18-B81.5,lower_tail,0.19164586865952093,KXHIGHNY-26JUL18-T79,,,0.0
,,0.9862094993923629,t_plus_9h,nyc,nyc:2026-07-18,,KXHIGHNY-26JUL18,1.9718515036289228,bracket,neuralcaster_v2,,0.21642229297907,2026-07-18T14:00:00+00:00,2026-07-18,bounded,0.0,0.3450566295923892,KXHIGHNY-26JUL18-B81.5,lower_tail,0.13919889022586684,KXHIGHNY-26JUL18-T79,,,0.0
,,1.1737338599204494,t_plus_10h,nyc,nyc:2026-07-18,,KXHIGHNY-26JUL18,2.478418543094459,bracket,neuralcaster_v2,,0.2266430025658488,2026-07-18T15:00:00+00:00,2026-07-18,bounded,0.0,0.4184322044407229,KXHIGHNY-26JUL18-B81.5,lower_tail,0.0838757666709793,KXHIGHNY-26JUL18-T79,,,0.0
,,1.3212938902571916,t_plus_11h,nyc,nyc:2026-07-18,,KXHIGHNY-26JUL18,3.6236591706345136,bracket,neuralcaster_v2,,0.3098631138377474,2026-07-18T16:00:00+00:00,2026-07-18,bounded,0.0,0.5338697641295992,KXHIGHNY-26JUL18-B81.5,lower_tail,0.02668485319452319,KXHIGHNY-26JUL18-T79,,,0.0
,,1.3950542597358455,t_plus_12h,nyc,nyc:2026-07-18,,KXHIGHNY-26JUL18,4.0475760385261275,bracket,neuralcaster_v2,,0.30356272886377733,2026-07-18T17:00:00+00:00,2026-07-18,bounded,0.0,0.5885524673365171,KXHIGHNY-26JUL18-B81.5,lower_tail,0.017464657029141954,KXHIGHNY-26JUL18-T79,,,0.0
,,1.4395292445148264,t_plus_13h,nyc,nyc:2026-07-18,,KXHIGHNY-26JUL18,4.264234754136713,bracket,neuralcaster_v2,,0.2826199090851226,2026-07-18T18:00:00+00:00,2026-07-18,bounded,0.0,0.5985763115434641,KXHIGHNY-26JUL18-B81.5,lower_tail,0.014062624381686113,KXHIGHNY-26JUL18-T79,,,0.0
,,1.4492427338908311,t_plus_14h,nyc,nyc:2026-07-18,,KXHIGHNY-26JUL18,4.451978542902505,bracket,neuralcaster_v2,,0.2890185935595274,2026-07-18T19:00:00+00:00,2026-07-18,bounded,0.0,0.6108873678232424,KXHIGHNY-26JUL18-B81.5,lower_tail,0.011655483268182682,KXHIGHNY-26JUL18-T79,,,0.0
,,1.293767924662883,t_plus_15h,nyc,nyc:2026-07-18,,KXHIGHNY-26JUL18,2.2709117681508317,bracket,neuralcaster_v2,,0.1721387540059954,2026-07-18T20:00:00+00:00,2026-07-18,bounded,0.0,0.6591647750096502,KXHIGHNY-26JUL18-B79.5,lower_tail,0.10321802625745988,KXHIGHNY-26JUL18-T79,,,1.0
,,0.8405231364991196,t_plus_16h,nyc,nyc:2026-07-18,,KXHIGHNY-26JUL18,1.1422209310069344,bracket,neuralcaster_v2,,0.09372507711514255,2026-07-18T21:00:00+00:00,2026-07-18,bounded,0.0,0.6101825282546001,KXHIGHNY-26JUL18-B79.5,lower_tail,0.31910951400972754,KXHIGHNY-26JUL18-T79,,,1.0
,,0.5483818925263638,t_plus_17h,nyc,nyc:2026-07-18,,KXHIGHNY-26JUL18,0.783989462588766,bracket,neuralcaster_v2,,0.05941406788294915,2026-07-18T22:00:00+00:00,2026-07-18,bounded,0.0,0.5015614975567749,KXHIGHNY-26JUL18-B79.5,lower_tail,0.4565808607782577,KXHIGHNY-26JUL18-T79,,,1.0
,,0.43779934691657063,t_plus_18h,nyc,nyc:2026-07-18,,KXHIGHNY-26JUL18,0.662244355647507,bracket,neuralcaster_v2,,0.04715282539526329,2026-07-18T23:00:00+00:00,2026-07-18,lower_tail,1.0,0.5156926370311818,KXHIGHNY-26JUL18-T79,lower_tail,0.5156926370311818,KXHIGHNY-26JUL18-T79,,,1.0
,,0.0557341203774305,t_plus_19h,nyc,nyc:2026-07-18,,KXHIGHNY-26JUL18,0.18501538393968792,bracket,neuralcaster_v2,,0.005711968676300008,2026-07-19T00:00:00+00:00,2026-07-18,lower_tail,1.0,0.8310914982922949,KXHIGHNY-26JUL18-T79,lower_tail,0.8310914982922949,KXHIGHNY-26JUL18-T79,,,1.0
,,0.010263033381431468,t_plus_20h,nyc,nyc:2026-07-18,,KXHIGHNY-26JUL18,0.07643306591422558,bracket,neuralcaster_v2,,0.0010889050582482264,2026-07-19T01:00:00+00:00,2026-07-18,lower_tail,1.0,0.9264149209494009,KXHIGHNY-26JUL18-T79,lower_tail,0.9264149209494009,KXHIGHNY-26JUL18-T79,,,1.0
,,0.010480959626064663,t_plus_21h,nyc,nyc:2026-07-18,,KXHIGHNY-26JUL18,0.0772505149687692,bracket,neuralcaster_v2,,0.0011113008600499596,2026-07-19T02:00:00+00:00,2026-07-18,lower_tail,1.0,0.9256579333896913,KXHIGHNY-26JUL18-T79,lower_tail,0.9256579333896913,KXHIGHNY-26JUL18-T79,,,1.0
,,0.01614353623960388,t_plus_22h,nyc,nyc:2026-07-18,,KXHIGHNY-26JUL18,0.09629277333706933,bracket,neuralcaster_v2,,0.001691470754416887,2026-07-19T03:00:00+00:00,2026-07-18,lower_tail,1.0,0.9081980809583687,KXHIGHNY-26JUL18-T79,lower_tail,0.9081980809583687,KXHIGHNY-26JUL18-T79,,,1.0
,,0.0019553369071629062,t_plus_23h,nyc,nyc:2026-07-18,,KXHIGHNY-26JUL18,0.033726802225564276,bracket,neuralcaster_v2,,0.00022592769373268326,2026-07-19T04:00:00+00:00,2026-07-18,lower_tail,1.0,0.9668356058957019,KXHIGHNY-26JUL18-T79,lower_tail,0.9668356058957019,KXHIGHNY-26JUL18-T79,,,1.0
,,0.5703078538485481,t_plus_0h,okc,okc:2026-07-18,,KXHIGHTOKC-26JUL18,1.0389769640507218,bracket,neuralcaster_v2,,0.052185486882130726,2026-07-18T06:00:00+00:00,2026-07-18,bounded,1.0,0.3538164638312418,KXHIGHTOKC-26JUL18-B90.5,bounded,0.3538164638312418,KXHIGHTOKC-26JUL18-B90.5,,,1.0
,,0.5822596664794414,t_plus_1h,okc,okc:2026-07-18,,KXHIGHTOKC-26JUL18,1.059240610264376,bracket,neuralcaster_v2,,0.04656452920512191,2026-07-18T07:00:00+00:00,2026-07-18,bounded,1.0,0.3467190052373768,KXHIGHTOKC-26JUL18-B90.5,bounded,0.3467190052373768,KXHIGHTOKC-26JUL18-B90.5,,,1.0
,,0.6006344037381415,t_plus_2h,okc,okc:2026-07-18,,KXHIGHTOKC-26JUL18,1.095388793712204,bracket,neuralcaster_v2,,0.048663337274000115,2026-07-18T08:00:00+00:00,2026-07-18,bounded,1.0,0.33440956533426186,KXHIGHTOKC-26JUL18-B90.5,bounded,0.33440956533426186,KXHIGHTOKC-26JUL18-B90.5,,,1.0
,,0.6094174118057176,t_plus_3h,okc,okc:2026-07-18,,KXHIGHTOKC-26JUL18,1.1126263602728348,bracket,neuralcaster_v2,,0.0496590643409744,2026-07-18T09:00:00+00:00,2026-07-18,bounded,1.0,0.32869455612854226,KXHIGHTOKC-26JUL18-B90.5,bounded,0.32869455612854226,KXHIGHTOKC-26JUL18-B90.5,,,1.0
,,0.5886260479749785,t_plus_4h,okc,okc:2026-07-18,,KXHIGHTOKC-26JUL18,1.070476429911511,bracket,neuralcaster_v2,,0.04702581945912986,2026-07-18T10:00:00+00:00,2026-07-18,bounded,1.0,0.34284513682389695,KXHIGHTOKC-26JUL18-B90.5,bounded,0.34284513682389695,KXHIGHTOKC-26JUL18-B90.5,,,1.0
,,0.5668310129789089,t_plus_5h,okc,okc:2026-07-18,,KXHIGHTOKC-26JUL18,1.0097148517219903,bracket,neuralcaster_v2,,0.04161734680650743,2026-07-18T11:00:00+00:00,2026-07-18,bounded,1.0,0.3643228507950131,KXHIGHTOKC-26JUL18-B90.5,bounded,0.3643228507950131,KXHIGHTOKC-26JUL18-B90.5,,,1.0
,,0.5669806407247594,t_plus_6h,okc,okc:2026-07-18,,KXHIGHTOKC-26JUL18,1.0274396833478752,bracket,neuralcaster_v2,,0.04424644609320786,2026-07-18T12:00:00+00:00,2026-07-18,bounded,1.0,0.3579221825643175,KXHIGHTOKC-26JUL18-B90.5,bounded,0.3579221825643175,KXHIGHTOKC-26JUL18-B90.5,,,1.0
,,0.5358218841378449,t_plus_7h,okc,okc:2026-07-18,,KXHIGHTOKC-26JUL18,0.9508374150905197,bracket,neuralcaster_v2,,0.038376673068262944,2026-07-18T13:00:00+00:00,2026-07-18,bounded,1.0,0.3864172962512782,KXHIGHTOKC-26JUL18-B90.5,bounded,0.3864172962512782,KXHIGHTOKC-26JUL18-B90.5,,,1.0
,,0.450259232306802,t_plus_8h,okc,okc:2026-07-18,,KXHIGHTOKC-26JUL18,0.8152969637109847,bracket,neuralcaster_v2,,0.03174028605107712,2026-07-18T14:00:00+00:00,2026-07-18,bounded,1.0,0.4425078990597541,KXHIGHTOKC-26JUL18-B90.5,bounded,0.4425078990597541,KXHIGHTOKC-26JUL18-B90.5,,,1.0
,,0.47233680665285843,t_plus_9h,okc,okc:2026-07-18,,KXHIGHTOKC-26JUL18,0.8617503194367794,bracket,neuralcaster_v2,,0.034672015361057275,2026-07-18T15:00:00+00:00,2026-07-18,bounded,1.0,0.4224220613256515,KXHIGHTOKC-26JUL18-B90.5,bounded,0.4224220613256515,KXHIGHTOKC-26JUL18-B90.5,,,1.0
,,0.42749572138347564,t_plus_10h,okc,okc:2026-07-18,,KXHIGHTOKC-26JUL18,0.7906318766004944,bracket,neuralcaster_v2,,0.03177515151665603,2026-07-18T16:00:00+00:00,2026-07-18,bounded,1.0,0.453558111959741,KXHIGHTOKC-26JUL18-B90.5,bounded,0.453558111959741,KXHIGHTOKC-26JUL18-B90.5,,,1.0
,,0.317689392580842,t_plus_11h,okc,okc:2026-07-18,,KXHIGHTOKC-26JUL18,0.6259294732018005,bracket,neuralcaster_v2,,0.02389206470848447,2026-07-18T17:00:00+00:00,2026-07-18,bounded,1.0,0.5347641485052486,KXHIGHTOKC-26JUL18-B90.5,bounded,0.5347641485052486,KXHIGHTOKC-26JUL18-B90.5,,,1.0
,,0.22631124841135145,t_plus_12h,okc,okc:2026-07-18,,KXHIGHTOKC-26JUL18,0.4827627066389849,bracket,neuralcaster_v2,,0.017482828853376847,2026-07-18T18:00:00+00:00,2026-07-18,bounded,1.0,0.6170762340953053,KXHIGHTOKC-26JUL18-B90.5,bounded,0.6170762340953053,KXHIGHTOKC-26JUL18-B90.5,,,1.0
,,0.19360034889448038,t_plus_13h,okc,okc:2026-07-18,,KXHIGHTOKC-26JUL18,0.41335037823213405,bracket,neuralcaster_v2,,0.016707624209132264,2026-07-18T19:00:00+00:00,2026-07-18,bounded,1.0,0.6614304913766321,KXHIGHTOKC-26JUL18-B90.5,bounded,0.6614304913766321,KXHIGHTOKC-26JUL18-B90.5,,,1.0
,,0.18789023156714377,t_plus_14h,okc,okc:2026-07-18,,KXHIGHTOKC-26JUL18,0.4066421310229045,bracket,neuralcaster_v2,,0.016061635203416275,2026-07-18T20:00:00+00:00,2026-07-18,bounded,1.0,0.665882446336693,KXHIGHTOKC-26JUL18-B90.5,bounded,0.665882446336693,KXHIGHTOKC-26JUL18-B90.5,,,1.0
,,0.9619529197908655,t_plus_15h,okc,okc:2026-07-18,,KXHIGHTOKC-26JUL18,1.3089682136469099,bracket,neuralcaster_v2,,0.10748537224954771,2026-07-18T21:00:00+00:00,2026-07-18,bounded,0.0,0.6506785607946782,KXHIGHTOKC-26JUL18-B92.5,bounded,0.2700985967089965,KXHIGHTOKC-26JUL18-B90.5,,,1.0
,,0.9959048063874315,t_plus_16h,okc,okc:2026-07-18,,KXHIGHTOKC-26JUL18,1.3637836977975366,bracket,neuralcaster_v2,,0.11190057844512377,2026-07-18T22:00:00+00:00,2026-07-18,bounded,0.0,0.6597355935252526,KXHIGHTOKC-26JUL18-B92.5,bounded,0.2556914850473029,KXHIGHTOKC-26JUL18-B90.5,,,1.0
,,0.7147881246308198,t_plus_17h,okc,okc:2026-07-18,,KXHIGHTOKC-26JUL18,0.9705408113753071,bracket,neuralcaster_v2,,0.07738124199334541,2026-07-18T23:00:00+00:00,2026-07-18,bounded,0.0,0.5716961797364486,KXHIGHTOKC-26JUL18-B92.5,bounded,0.3788780811107385,KXHIGHTOKC-26JUL18-B90.5,,,1.0
,,0.7404946121124667,t_plus_18h,okc,okc:2026-07-18,,KXHIGHTOKC-26JUL18,1.0009665107384418,bracket,neuralcaster_v2,,0.08025350793138972,2026-07-19T00:00:00+00:00,2026-07-18,bounded,0.0,0.5815196844150866,KXHIGHTOKC-26JUL18-B92.5,bounded,0.3675240535117581,KXHIGHTOKC-26JUL18-B90.5,,,1.0
,,0.7212875245993889,t_plus_19h,okc,okc:2026-07-18,,KXHIGHTOKC-26JUL18,0.9781971387716848,bracket,neuralcaster_v2,,0.07810728780338697,2026-07-19T01:00:00+00:00,2026-07-18,bounded,0.0,0.574196381162636,KXHIGHTOKC-26JUL18-B92.5,bounded,0.3759883429852329,KXHIGHTOKC-26JUL18-B90.5,,,1.0
,,0.6984875367871342,t_plus_20h,okc,okc:2026-07-18,,KXHIGHTOKC-26JUL18,0.9514410817848025,bracket,neuralcaster_v2,,0.07556077595023522,2026-07-19T02:00:00+00:00,2026-07-18,bounded,0.0,0.5653750127185441,KXHIGHTOKC-26JUL18-B92.5,bounded,0.3861840993931064,KXHIGHTOKC-26JUL18-B90.5,,,1.0
,,0.6507746555390802,t_plus_21h,okc,okc:2026-07-18,,KXHIGHTOKC-26JUL18,0.8963032567000869,bracket,neuralcaster_v2,,0.07023619464542613,2026-07-19T03:00:00+00:00,2026-07-18,bounded,0.0,0.5464346378856274,KXHIGHTOKC-26JUL18-B92.5,bounded,0.4080754249050305,KXHIGHTOKC-26JUL18-B90.5,,,1.0
,,0.6211670832296472,t_plus_22h,okc,okc:2026-07-18,,KXHIGHTOKC-26JUL18,0.8625918094240378,bracket,neuralcaster_v2,,0.06693534833974407,2026-07-19T04:00:00+00:00,2026-07-18,bounded,0.0,0.5343293460883313,KXHIGHTOKC-26JUL18-B92.5,bounded,0.42206674690837787,KXHIGHTOKC-26JUL18-B90.5,,,1.0
,,0.6038055900038966,t_plus_23h,okc,okc:2026-07-18,,KXHIGHTOKC-26JUL18,0.8429773330648015,bracket,neuralcaster_v2,,0.06500102093055347,2026-07-19T05:00:00+00:00,2026-07-18,bounded,0.0,0.527095978138981,KXHIGHTOKC-26JUL18-B92.5,bounded,0.4304270889672663,KXHIGHTOKC-26JUL18-B90.5,,,1.0
,,0.627603660087542,t_plus_0h,aus,aus:2026-07-19,,KXHIGHAUS-26JUL19,1.1449343304141926,bracket,neuralcaster_v2,,0.06655298483980887,2026-07-19T06:00:00+00:00,2026-07-19,bounded,0.0,0.3317156243960868,KXHIGHAUS-26JUL19-B93.5,bounded,0.31824481610947886,KXHIGHAUS-26JUL19-B95.5,,,1.0
,,0.5671835520741892,t_plus_1h,aus,aus:2026-07-19,,KXHIGHAUS-26JUL19,1.0164950866229672,bracket,neuralcaster_v2,,0.05608518615280197,2026-07-19T07:00:00+00:00,2026-07-19,bounded,1.0,0.36186101164191603,KXHIGHAUS-26JUL19-B95.5,bounded,0.36186101164191603,KXHIGHAUS-26JUL19-B95.5,,,1.0
,,0.5154490938622881,t_plus_2h,aus,aus:2026-07-19,,KXHIGHAUS-26JUL19,0.8959208501312235,bracket,neuralcaster_v2,,0.04896987963411575,2026-07-19T08:00:00+00:00,2026-07-19,bounded,1.0,0.40823150546932047,KXHIGHAUS-26JUL19-B95.5,bounded,0.40823150546932047,KXHIGHAUS-26JUL19-B95.5,,,1.0
,,0.48846969174571775,t_plus_3h,aus,aus:2026-07-19,,KXHIGHAUS-26JUL19,0.8514042476042232,bracket,neuralcaster_v2,,0.045106823535529285,2026-07-19T09:00:00+00:00,2026-07-19,bounded,1.0,0.4268151567695163,KXHIGHAUS-26JUL19-B95.5,bounded,0.4268151567695163,KXHIGHAUS-26JUL19-B95.5,,,1.0
,,0.48194381642639555,t_plus_4h,aus,aus:2026-07-19,,KXHIGHAUS-26JUL19,0.8434843801695561,bracket,neuralcaster_v2,,0.04392610508169515,2026-07-19T10:00:00+00:00,2026-07-19,bounded,1.0,0.43020889747935326,KXHIGHAUS-26JUL19-B95.5,bounded,0.43020889747935326,KXHIGHAUS-26JUL19-B95.5,,,1.0
,,0.48479604533177045,t_plus_5h,aus,aus:2026-07-19,,KXHIGHAUS-26JUL19,0.8514087440204865,bracket,neuralcaster_v2,,0.044038731292159676,2026-07-19T11:00:00+00:00,2026-07-19,bounded,1.0,0.4268132376352186,KXHIGHAUS-26JUL19-B95.5,bounded,0.4268132376352186,KXHIGHAUS-26JUL19-B95.5,,,1.0
,,0.520412960869428,t_plus_6h,aus,aus:2026-07-19,,KXHIGHAUS-26JUL19,0.8754747015479498,bracket,neuralcaster_v2,,0.05136698782170487,2026-07-19T12:00:00+00:00,2026-07-19,bounded,1.0,0.41666418159322327,KXHIGHAUS-26JUL19-B95.5,bounded,0.41666418159322327,KXHIGHAUS-26JUL19-B95.5,,,1.0
,,0.528206388811612,t_plus_7h,aus,aus:2026-07-19,,KXHIGHAUS-26JUL19,0.8929291250029219,bracket,neuralcaster_v2,,0.052478669456355945,2026-07-19T13:00:00+00:00,2026-07-19,bounded,1.0,0.4094546506672044,KXHIGHAUS-26JUL19-B95.5,bounded,0.4094546506672044,KXHIGHAUS-26JUL19-B95.5,,,1.0
,,0.5431883452136498,t_plus_8h,aus,aus:2026-07-19,,KXHIGHAUS-26JUL19,0.9063025280675236,bracket,neuralcaster_v2,,0.0548366718904139,2026-07-19T14:00:00+00:00,2026-07-19,bounded,0.0,0.41457338610991734,KXHIGHAUS-26JUL19-B93.5,bounded,0.4040153009629437,KXHIGHAUS-26JUL19-B95.5,,,1.0
,,0.5682144972241555,t_plus_9h,aus,aus:2026-07-19,,KXHIGHAUS-26JUL19,0.9270615417757974,bracket,neuralcaster_v2,,0.05906079723821195,2026-07-19T15:00:00+00:00,2026-07-19,bounded,0.0,0.4343916631017943,KXHIGHAUS-26JUL19-B93.5,bounded,0.3957147950306627,KXHIGHAUS-26JUL19-B95.5,,,1.0
,,0.5623573400477601,t_plus_10h,aus,aus:2026-07-19,,KXHIGHAUS-26JUL19,0.9187793070003685,bracket,neuralcaster_v2,,0.058140792164805256,2026-07-19T16:00:00+00:00,2026-07-19,bounded,0.0,0.43256831705790333,KXHIGHAUS-26JUL19-B93.5,bounded,0.39900580752393455,KXHIGHAUS-26JUL19-B95.5,,,1.0
,,0.5975825760190713,t_plus_11h,aus,aus:2026-07-19,,KXHIGHAUS-26JUL19,0.9359411787047305,bracket,neuralcaster_v2,,0.06414059241505835,2026-07-19T17:00:00+00:00,2026-07-19,bounded,0.0,0.4665122844499129,KXHIGHAUS-26JUL19-B93.5,bounded,0.3922165459002505,KXHIGHAUS-26JUL19-B95.5,,,1.0
,,0.5463275666816128,t_plus_12h,aus,aus:2026-07-19,,KXHIGHAUS-26JUL19,0.8764519436108972,bracket,neuralcaster_v2,,0.05605862275927924,2026-07-19T18:00:00+00:00,2026-07-19,bounded,0.0,0.442432005126486,KXHIGHAUS-26JUL19-B93.5,bounded,0.4162571987216265,KXHIGHAUS-26JUL19-B95.5,,,1.0
,,0.501541406086557,t_plus_13h,aus,aus:2026-07-19,,KXHIGHAUS-26JUL19,0.8181746841515531,bracket,neuralcaster_v2,,0.04905478287424715,2026-07-19T19:00:00+00:00,2026-07-19,bounded,1.0,0.4412363155419849,KXHIGHAUS-26JUL19-B95.5,bounded,0.4412363155419849,KXHIGHAUS-26JUL19-B95.5,,,1.0
,,0.49563698955569746,t_plus_14h,aus,aus:2026-07-19,,KXHIGHAUS-26JUL19,0.7404696175268538,bracket,neuralcaster_v2,,0.044818782431016294,2026-07-19T20:00:00+00:00,2026-07-19,bounded,1.0,0.4768899070672648,KXHIGHAUS-26JUL19-B95.5,bounded,0.4768899070672648,KXHIGHAUS-26JUL19-B95.5,,,1.0
,,0.4727802115257618,t_plus_15h,aus,aus:2026-07-19,,KXHIGHAUS-26JUL19,0.7120743566335187,bracket,neuralcaster_v2,,0.043098417521499524,2026-07-19T21:00:00+00:00,2026-07-19,bounded,1.0,0.4906254090891563,KXHIGHAUS-26JUL19-B95.5,bounded,0.4906254090891563,KXHIGHAUS-26JUL19-B95.5,,,1.0
,,0.12226791319036864,t_plus_16h,aus,aus:2026-07-19,,KXHIGHAUS-26JUL19,0.33737390843269427,bracket,neuralcaster_v2,,0.008221467058527271,2026-07-19T22:00:00+00:00,2026-07-19,bounded,1.0,0.7136419532659969,KXHIGHAUS-26JUL19-B95.5,bounded,0.7136419532659969,KXHIGHAUS-26JUL19-B95.5,,,1.0
,,0.17892229186254852,t_plus_17h,aus,aus:2026-07-19,,KXHIGHAUS-26JUL19,0.40614117926475324,bracket,neuralcaster_v2,,0.013669694284344325,2026-07-19T23:00:00+00:00,2026-07-19,bounded,1.0,0.666216104885348,KXHIGHAUS-26JUL19-B95.5,bounded,0.666216104885348,KXHIGHAUS-26JUL19-B95.5,,,1.0
,,0.16516489540072973,t_plus_18h,aus,aus:2026-07-19,,KXHIGHAUS-26JUL19,0.39045891281745326,bracket,neuralcaster_v2,,0.012300234698314762,2026-07-20T00:00:00+00:00,2026-07-19,bounded,1.0,0.6767462357038265,KXHIGHAUS-26JUL19-B95.5,bounded,0.6767462357038265,KXHIGHAUS-26JUL19-B95.5,,,1.0
,,0.16747210536941612,t_plus_19h,aus,aus:2026-07-19,,KXHIGHAUS-26JUL19,0.3931413551763439,bracket,neuralcaster_v2,,0.012526904560524988,2026-07-20T01:00:00+00:00,2026-07-19,bounded,1.0,0.6749333355221344,KXHIGHAUS-26JUL19-B95.5,bounded,0.6749333355221344,KXHIGHAUS-26JUL19-B95.5,,,1.0
,,0.17326701239206885,t_plus_20h,aus,aus:2026-07-19,,KXHIGHAUS-26JUL19,0.39978303455353625,bracket,neuralcaster_v2,,0.013101684916634765,2026-07-20T02:00:00+00:00,2026-07-19,bounded,1.0,0.6704654981021667,KXHIGHAUS-26JUL19-B95.5,bounded,0.6704654981021667,KXHIGHAUS-26JUL19-B95.5,,,1.0
,,0.20008681855677277,t_plus_21h,aus,aus:2026-07-19,,KXHIGHAUS-26JUL19,0.428999494613905,bracket,neuralcaster_v2,,0.01584956177951394,2026-07-20T03:00:00+00:00,2026-07-19,bounded,1.0,0.6511602582682895,KXHIGHAUS-26JUL19-B95.5,bounded,0.6511602582682895,KXHIGHAUS-26JUL19-B95.5,,,1.0
,,0.2078301056048018,t_plus_22h,aus,aus:2026-07-19,,KXHIGHAUS-26JUL19,0.4370428749441469,bracket,neuralcaster_v2,,0.01666573613198568,2026-07-20T04:00:00+00:00,2026-07-19,bounded,1.0,0.6459437360153057,KXHIGHAUS-26JUL19-B95.5,bounded,0.6459437360153057,KXHIGHAUS-26JUL19-B95.5,,,1.0
,,0.2078301056048018,t_plus_23h,aus,aus:2026-07-19,,KXHIGHAUS-26JUL19,0.4370428749441469,bracket,neuralcaster_v2,,0.01666573613198568,2026-07-20T05:00:00+00:00,2026-07-19,bounded,1.0,0.6459437360153057,KXHIGHAUS-26JUL19-B95.5,bounded,0.6459437360153057,KXHIGHAUS-26JUL19-B95.5,,,1.0
,,0.44810176531253487,t_plus_0h,den,den:2026-07-19,,KXHIGHDEN-26JUL19,0.7274083622981853,bracket,neuralcaster_v2,,0.043789454428076684,2026-07-19T07:00:00+00:00,2026-07-19,bounded,1.0,0.4831595433883475,KXHIGHDEN-26JUL19-B97.5,bounded,0.4831595433883475,KXHIGHDEN-26JUL19-B97.5,,,1.0
,,0.5788379273926804,t_plus_1h,den,den:2026-07-19,,KXHIGHDEN-26JUL19,0.8462543345358976,bracket,neuralcaster_v2,,0.05897990724797388,2026-07-19T08:00:00+00:00,2026-07-19,bounded,0.0,0.5004153695422296,KXHIGHDEN-26JUL19-B95.5,bounded,0.42901888736307736,KXHIGHDEN-26JUL19-B97.5,,,1.0
,,0.7231143153880217,t_plus_2h,den,den:2026-07-19,,KXHIGHDEN-26JUL19,1.008573204310302,bracket,neuralcaster_v2,,0.07572734550730406,2026-07-19T09:00:00+00:00,2026-07-19,bounded,0.0,0.5627471944698926,KXHIGHDEN-26JUL19-B95.5,bounded,0.3647390165467176,KXHIGHDEN-26JUL19-B97.5,,,1.0
,,0.7362894288967237,t_plus_3h,den,den:2026-07-19,,KXHIGHDEN-26JUL19,1.0249916278688997,bracket,neuralcaster_v2,,0.0773512311050234,2026-07-19T10:00:00+00:00,2026-07-19,bounded,0.0,0.5675699234157836,KXHIGHDEN-26JUL19-B95.5,bounded,0.3587994693095728,KXHIGHDEN-26JUL19-B97.5,,,1.0
,,0.854994695499947,t_plus_4h,den,den:2026-07-19,,KXHIGHDEN-26JUL19,1.1786675166775311,bracket,neuralcaster_v2,,0.09324396374711368,2026-07-19T11:00:00+00:00,2026-07-19,bounded,0.0,0.6089044897034516,KXHIGHDEN-26JUL19-B95.5,bounded,0.3076884553053828,KXHIGHDEN-26JUL19-B97.5,,,1.0
,,0.8043293791585641,t_plus_5h,den,den:2026-07-19,,KXHIGHDEN-26JUL19,1.109060112963739,bracket,neuralcaster_v2,,0.08626348132007859,2026-07-19T12:00:00+00:00,2026-07-19,bounded,0.0,0.5928116813751856,KXHIGHDEN-26JUL19-B95.5,bounded,0.3298688548801592,KXHIGHDEN-26JUL19-B97.5,,,1.0
,,1.0370650556335939,t_plus_6h,den,den:2026-07-19,,KXHIGHDEN-26JUL19,1.4655923371534105,bracket,neuralcaster_v2,,0.12001973305246424,2026-07-19T13:00:00+00:00,2026-07-19,bounded,0.0,0.6588786272760659,KXHIGHDEN-26JUL19-B95.5,bounded,0.23094115592803346,KXHIGHDEN-26JUL19-B97.5,,,1.0
,,1.0904454513525963,t_plus_7h,den,den:2026-07-19,,KXHIGHDEN-26JUL19,1.602102088014435,bracket,neuralcaster_v2,,0.13068406001423924,2026-07-19T14:00:00+00:00,2026-07-19,bounded,0.0,0.6588786272760659,KXHIGHDEN-26JUL19-B95.5,bounded,0.2014725594991734,KXHIGHDEN-26JUL19-B97.5,,,1.0
,,1.0186211094085198,t_plus_8h,den,den:2026-07-19,,KXHIGHDEN-26JUL19,1.4238022769499101,bracket,neuralcaster_v2,,0.1163751367451145,2026-07-19T15:00:00+00:00,2026-07-19,bounded,0.0,0.6577990266515467,KXHIGHDEN-26JUL19-B95.5,bounded,0.2407966983169281,KXHIGHDEN-26JUL19-B97.5,,,1.0
,,1.0216687487876672,t_plus_9h,den,den:2026-07-19,,KXHIGHDEN-26JUL19,1.4291649626902063,bracket,neuralcaster_v2,,0.11688825901104485,2026-07-19T16:00:00+00:00,2026-07-19,bounded,0.0,0.6584968142142836,KXHIGHDEN-26JUL19-B95.5,bounded,0.23950883757916,KXHIGHDEN-26JUL19-B97.5,,,1.0
,,0.9176513394143756,t_plus_10h,den,den:2026-07-19,,KXHIGHDEN-26JUL19,1.2657185889844023,bracket,neuralcaster_v2,,0.10179285476010747,2026-07-19T17:00:00+00:00,2026-07-19,bounded,0.0,0.6292243434877287,KXHIGHDEN-26JUL19-B95.5,bounded,0.28203655494387075,KXHIGHDEN-26JUL19-B97.5,,,1.0
,,0.7184351157311729,t_plus_11h,den,den:2026-07-19,,KXHIGHDEN-26JUL19,0.9996072336687725,bracket,neuralcaster_v2,,0.0751868836824561,2026-07-19T18:00:00+00:00,2026-07-19,bounded,0.0,0.5624858408574267,KXHIGHDEN-26JUL19-B95.5,bounded,0.3680239602091335,KXHIGHDEN-26JUL19-B97.5,,,1.0
,,0.5575138002633135,t_plus_12h,den,den:2026-07-19,,KXHIGHDEN-26JUL19,0.8220712406910998,bracket,neuralcaster_v2,,0.05652888749004313,2026-07-19T19:00:00+00:00,2026-07-19,bounded,0.0,0.49098944244267484,KXHIGHDEN-26JUL19-B95.5,bounded,0.4395203586238855,KXHIGHDEN-26JUL19-B97.5,,,1.0
,,0.4799077243960362,t_plus_13h,den,den:2026-07-19,,KXHIGHDEN-26JUL19,0.7385445868587542,bracket,neuralcaster_v2,,0.04766284393181688,2026-07-19T20:00:00+00:00,2026-07-19,bounded,1.0,0.4778088189466801,KXHIGHDEN-26JUL19-B97.5,bounded,0.4778088189466801,KXHIGHDEN-26JUL19-B97.5,,,1.0
,,0.38556410062549107,t_plus_14h,den,den:2026-07-19,,KXHIGHDEN-26JUL19,0.626063382031954,bracket,neuralcaster_v2,,0.03591301651826599,2026-07-19T21:00:00+00:00,2026-07-19,bounded,1.0,0.5346925436580818,KXHIGHDEN-26JUL19-B97.5,bounded,0.5346925436580818,KXHIGHDEN-26JUL19-B97.5,,,1.0
,,0.21528713128611734,t_plus_15h,den,den:2026-07-19,,KXHIGHDEN-26JUL19,0.44464877205594644,bracket,neuralcaster_v2,,0.017545691563118013,2026-07-19T22:00:00+00:00,2026-07-19,bounded,1.0,0.641049390956301,KXHIGHDEN-26JUL19-B97.5,bounded,0.641049390956301,KXHIGHDEN-26JUL19-B97.5,,,1.0
,,0.21528713128611734,t_plus_16h,den,den:2026-07-19,,KXHIGHDEN-26JUL19,0.44464877205594644,bracket,neuralcaster_v2,,0.017545691563118013,2026-07-19T23:00:00+00:00,2026-07-19,bounded,1.0,0.641049390956301,KXHIGHDEN-26JUL19-B97.5,bounded,0.641049390956301,KXHIGHDEN-26JUL19-B97.5,,,1.0
,,0.17027393244695943,t_plus_17h,den,den:2026-07-19,,KXHIGHDEN-26JUL19,0.3963692579924768,bracket,neuralcaster_v2,,0.012861963290071336,2026-07-20T00:00:00+00:00,2026-07-19,bounded,1.0,0.6727582287129986,KXHIGHDEN-26JUL19-B97.5,bounded,0.6727582287129986,KXHIGHDEN-26JUL19-B97.5,,,1.0
,,0.16357135112195376,t_plus_18h,den,den:2026-07-19,,KXHIGHDEN-26JUL19,0.3885929103133647,bracket,neuralcaster_v2,,0.01219797305434012,2026-07-20T01:00:00+00:00,2026-07-19,bounded,1.0,0.6780102248109381,KXHIGHDEN-26JUL19-B97.5,bounded,0.6780102248109381,KXHIGHDEN-26JUL19-B97.5,,,1.0
,,0.16388108412836952,t_plus_19h,den,den:2026-07-19,,KXHIGHDEN-26JUL19,0.38895646629390324,bracket,neuralcaster_v2,,0.012228420400955922,2026-07-20T02:00:00+00:00,2026-07-19,bounded,1.0,0.6777637749407184,KXHIGHDEN-26JUL19-B97.5,bounded,0.6777637749407184,KXHIGHDEN-26JUL19-B97.5,,,1.0
,,0.13929362128406608,t_plus_20h,den,den:2026-07-19,,KXHIGHDEN-26JUL19,0.3580555983775582,bracket,neuralcaster_v2,,0.009941008908504849,2026-07-20T03:00:00+00:00,2026-07-19,bounded,1.0,0.6990342087582209,KXHIGHDEN-26JUL19-B97.5,bounded,0.6990342087582209,KXHIGHDEN-26JUL19-B97.5,,,1.0
,,0.16641869964846956,t_plus_21h,den,den:2026-07-19,,KXHIGHDEN-26JUL19,0.391919412916747,bracket,neuralcaster_v2,,0.012478751108158135,2026-07-20T04:00:00+00:00,2026-07-19,bounded,1.0,0.6757585691784763,KXHIGHDEN-26JUL19-B97.5,bounded,0.6757585691784763,KXHIGHDEN-26JUL19-B97.5,,,1.0
,,0.20778516217548887,t_plus_22h,den,den:2026-07-19,,KXHIGHDEN-26JUL19,0.4369966293980696,bracket,neuralcaster_v2,,0.016742380918959403,2026-07-20T05:00:00+00:00,2026-07-19,bounded,1.0,0.6459736087268476,KXHIGHDEN-26JUL19-B97.5,bounded,0.6459736087268476,KXHIGHDEN-26JUL19-B97.5,,,1.0
,,0.21528713128611734,t_plus_23h,den,den:2026-07-19,,KXHIGHDEN-26JUL19,0.44464877205594644,bracket,neuralcaster_v2,,0.017545691563118013,2026-07-20T06:00:00+00:00,2026-07-19,bounded,1.0,0.641049390956301,KXHIGHDEN-26JUL19-B97.5,bounded,0.641049390956301,KXHIGHDEN-26JUL19-B97.5,,,1.0
,,0.618784612359356,t_plus_0h,la,la:2026-07-19,,KXHIGHLAX-26JUL19,1.2006482809210424,bracket,neuralcaster_v2,,0.05449535179088981,2026-07-19T08:00:00+00:00,2026-07-19,bounded,1.0,0.3009990167285839,KXHIGHLAX-26JUL19-B77.5,bounded,0.3009990167285839,KXHIGHLAX-26JUL19-B77.5,,,1.0
,,0.5826865719905601,t_plus_1h,la,la:2026-07-19,,KXHIGHLAX-26JUL19,1.1145700385070754,bracket,neuralcaster_v2,,0.04896710716527279,2026-07-19T09:00:00+00:00,2026-07-19,bounded,1.0,0.3280563001571397,KXHIGHLAX-26JUL19-B77.5,bounded,0.3280563001571397,KXHIGHLAX-26JUL19-B77.5,,,1.0
,,0.5121465301397051,t_plus_2h,la,la:2026-07-19,,KXHIGHLAX-26JUL19,0.9673322531888318,bracket,neuralcaster_v2,,0.04015738210887993,2026-07-19T10:00:00+00:00,2026-07-19,bounded,1.0,0.38009568581274217,KXHIGHLAX-26JUL19-B77.5,bounded,0.38009568581274217,KXHIGHLAX-26JUL19-B77.5,,,1.0
,,0.4539570920085666,t_plus_3h,la,la:2026-07-19,,KXHIGHLAX-26JUL19,0.8596800482122776,bracket,neuralcaster_v2,,0.03435198570980878,2026-07-19T11:00:00+00:00,2026-07-19,bounded,1.0,0.42329749544416345,KXHIGHLAX-26JUL19-B77.5,bounded,0.42329749544416345,KXHIGHLAX-26JUL19-B77.5,,,1.0
,,0.44206631028196297,t_plus_4h,la,la:2026-07-19,,KXHIGHLAX-26JUL19,0.7771237077336337,bracket,neuralcaster_v2,,0.038536170072289905,2026-07-19T12:00:00+00:00,2026-07-19,bounded,1.0,0.4597264189992988,KXHIGHLAX-26JUL19-B77.5,bounded,0.4597264189992988,KXHIGHLAX-26JUL19-B77.5,,,1.0
,,0.7299749271158975,t_plus_5h,la,la:2026-07-19,,KXHIGHLAX-26JUL19,1.0721666560244594,bracket,neuralcaster_v2,,0.07997953011090694,2026-07-19T13:00:00+00:00,2026-07-19,bounded,0.0,0.5374115960489304,KXHIGHLAX-26JUL19-B75.5,bounded,0.3422661404761558,KXHIGHLAX-26JUL19-B77.5,,,1.0
,,0.5736191187215368,t_plus_6h,la,la:2026-07-19,,KXHIGHLAX-26JUL19,0.8528188998088402,bracket,neuralcaster_v2,,0.05835344536082422,2026-07-19T14:00:00+00:00,2026-07-19,bounded,0.0,0.4909981215739986,KXHIGHLAX-26JUL19-B75.5,bounded,0.4262117886456754,KXHIGHLAX-26JUL19-B77.5,,,1.0
,,0.2679974579146931,t_plus_7h,la,la:2026-07-19,,KXHIGHLAX-26JUL19,0.5137786505285354,bracket,neuralcaster_v2,,0.02338841529553303,2026-07-19T15:00:00+00:00,2026-07-19,bounded,1.0,0.5982307974793435,KXHIGHLAX-26JUL19-B77.5,bounded,0.5982307974793435,KXHIGHLAX-26JUL19-B77.5,,,1.0
,,0.18387244186540172,t_plus_8h,la,la:2026-07-19,,KXHIGHLAX-26JUL19,0.4180022585370954,bracket,neuralcaster_v2,,0.013718756584524996,2026-07-19T16:00:00+00:00,2026-07-19,bounded,1.0,0.6583607414909912,KXHIGHLAX-26JUL19-B77.5,bounded,0.6583607414909912,KXHIGHLAX-26JUL19-B77.5,,,1.0
,,0.5580629022204572,t_plus_9h,la,la:2026-07-19,,KXHIGHLAX-26JUL19,0.7879321216555383,bracket,neuralcaster_v2,,0.05286087102199425,2026-07-19T17:00:00+00:00,2026-07-19,bounded,0.0,0.5097313632170117,KXHIGHLAX-26JUL19-B75.5,bounded,0.4547842621230617,KXHIGHLAX-26JUL19-B77.5,,,1.0
,,0.6848308302211633,t_plus_10h,la,la:2026-07-19,,KXHIGHLAX-26JUL19,0.9075362570120539,bracket,neuralcaster_v2,,0.06627470621406599,2026-07-19T18:00:00+00:00,2026-07-19,bounded,0.0,0.5732597463875568,KXHIGHLAX-26JUL19-B75.5,bounded,0.403517162938946,KXHIGHLAX-26JUL19-B77.5,,,1.0
,,0.20657430670638663,t_plus_11h,la,la:2026-07-19,,KXHIGHLAX-26JUL19,0.435748807379141,bracket,neuralcaster_v2,,0.016613464253020137,2026-07-19T19:00:00+00:00,2026-07-19,bounded,1.0,0.6467801719384757,KXHIGHLAX-26JUL19-B77.5,bounded,0.6467801719384757,KXHIGHLAX-26JUL19-B77.5,,,1.0
,,0.2078301056048018,t_plus_12h,la,la:2026-07-19,,KXHIGHLAX-26JUL19,0.4370428749441469,bracket,neuralcaster_v2,,0.016747169999060132,2026-07-19T20:00:00+00:00,2026-07-19,bounded,1.0,0.6459437360153057,KXHIGHLAX-26JUL19-B77.5,bounded,0.6459437360153057,KXHIGHLAX-26JUL19-B77.5,,,1.0
,,0.2078301056048018,t_plus_13h,la,la:2026-07-19,,KXHIGHLAX-26JUL19,0.4370428749441469,bracket,neuralcaster_v2,,0.016747169999060132,2026-07-19T21:00:00+00:00,2026-07-19,bounded,1.0,0.6459437360153057,KXHIGHLAX-26JUL19-B77.5,bounded,0.6459437360153057,KXHIGHLAX-26JUL19-B77.5,,,1.0
,,0.7682492508037184,t_plus_14h,la,la:2026-07-19,,KXHIGHLAX-26JUL19,1.0342717719687986,bracket,neuralcaster_v2,,0.08280513907563572,2026-07-19T22:00:00+00:00,2026-07-19,bounded,0.0,0.59193573426215,KXHIGHLAX-26JUL19-B79.5,bounded,0.35548516094696,KXHIGHLAX-26JUL19-B77.5,,,1.0
,,0.7741992832436771,t_plus_15h,la,la:2026-07-19,,KXHIGHLAX-26JUL19,1.0414775902245395,bracket,neuralcaster_v2,,0.08346824859115658,2026-07-19T23:00:00+00:00,2026-07-19,bounded,0.0,0.5941440313902758,KXHIGHLAX-26JUL19-B79.5,bounded,0.3529328064299398,KXHIGHLAX-26JUL19-B77.5,,,1.0
,,0.8760079905703637,t_plus_16h,la,la:2026-07-19,,KXHIGHLAX-26JUL19,1.1781448112859196,bracket,neuralcaster_v2,,0.09576508025669207,2026-07-20T00:00:00+00:00,2026-07-19,bounded,0.0,0.6269465585192033,KXHIGHLAX-26JUL19-B79.5,bounded,0.30784932776069457,KXHIGHLAX-26JUL19-B77.5,,,1.0
,,0.8792797462114071,t_plus_17h,la,la:2026-07-19,,KXHIGHLAX-26JUL19,1.182941375453992,bracket,neuralcaster_v2,,0.09618526289506737,2026-07-20T01:00:00+00:00,2026-07-19,bounded,0.0,0.6278726125769984,KXHIGHLAX-26JUL19-B79.5,bounded,0.30637624439969685,KXHIGHLAX-26JUL19-B77.5,,,1.0
,,0.8916213949838989,t_plus_18h,la,la:2026-07-19,,KXHIGHLAX-26JUL19,1.2011559688556759,bracket,neuralcaster_v2,,0.09777145558865398,2026-07-20T02:00:00+00:00,2026-07-19,bounded,0.0,0.6313490493826736,KXHIGHLAX-26JUL19-B79.5,bounded,0.3008462419436932,KXHIGHLAX-26JUL19-B77.5,,,1.0
,,0.8973866582878359,t_plus_19h,la,la:2026-07-19,,KXHIGHLAX-26JUL19,1.209731836294081,bracket,neuralcaster_v2,,0.0985130632097815,2026-07-20T03:00:00+00:00,2026-07-19,bounded,0.0,0.632964042850401,KXHIGHLAX-26JUL19-B79.5,bounded,0.2982772558403403,KXHIGHLAX-26JUL19-B77.5,,,1.0
,,0.90098265920784,t_plus_20h,la,la:2026-07-19,,KXHIGHLAX-26JUL19,1.215103064563214,bracket,neuralcaster_v2,,0.09897583261444405,2026-07-20T04:00:00+00:00,2026-07-19,bounded,0.0,0.6339685127759936,KXHIGHLAX-26JUL19-B79.5,bounded,0.29667943558183874,KXHIGHLAX-26JUL19-B77.5,,,1.0
,,0.9173426193544633,t_plus_21h,la,la:2026-07-19,,KXHIGHLAX-26JUL19,1.2397602528255602,bracket,neuralcaster_v2,,0.1010831270301921,2026-07-20T05:00:00+00:00,2026-07-19,bounded,0.0,0.6385110319748158,KXHIGHLAX-26JUL19-B79.5,bounded,0.2894536053050091,KXHIGHLAX-26JUL19-B77.5,,,1.0
,,0.9182550733677775,t_plus_22h,la,la:2026-07-19,,KXHIGHLAX-26JUL19,1.241146374678595,bracket,neuralcaster_v2,,0.10120075049937076,2026-07-20T06:00:00+00:00,2026-07-19,bounded,0.0,0.6387630829784497,KXHIGHLAX-26JUL19-B79.5,bounded,0.2890526652773182,KXHIGHLAX-26JUL19-B77.5,,,1.0
,,0.9190462655482157,t_plus_23h,la,la:2026-07-19,,KXHIGHLAX-26JUL19,1.2423492363955297,bracket,neuralcaster_v2,,0.10130275002438194,2026-07-20T07:00:00+00:00,2026-07-19,bounded,0.0,0.6389815271815991,KXHIGHLAX-26JUL19-B79.5,bounded,0.28870518391998606,KXHIGHLAX-26JUL19-B77.5,,,1.0
,,0.9523818627077724,t_plus_0h,mia,mia:2026-07-19,,KXHIGHMIA-26JUL19,1.5358011337341315,bracket,neuralcaster_v2,,0.1255793418785122,2026-07-19T05:00:00+00:00,2026-07-19,bounded,0.0,0.5443236271522895,KXHIGHMIA-26JUL19-B92.5,bounded,0.21528315147025046,KXHIGHMIA-26JUL19-B90.5,,,1.0
,,1.1188983295388693,t_plus_1h,mia,mia:2026-07-19,,KXHIGHMIA-26JUL19,1.7791750045413934,bracket,neuralcaster_v2,,0.14619530113682772,2026-07-19T06:00:00+00:00,2026-07-19,bounded,0.0,0.6210246059570695,KXHIGHMIA-26JUL19-B92.5,bounded,0.16877733037906276,KXHIGHMIA-26JUL19-B90.5,,,1.0
,,1.301543924375402,t_plus_2h,mia,mia:2026-07-19,,KXHIGHMIA-26JUL19,2.4595533894248187,bracket,neuralcaster_v2,,0.1834856173149415,2026-07-19T07:00:00+00:00,2026-07-19,bounded,0.0,0.6216698764122178,KXHIGHMIA-26JUL19-B92.5,bounded,0.08547311564165253,KXHIGHMIA-26JUL19-B90.5,,,1.0
,,1.1853737057696963,t_plus_3h,mia,mia:2026-07-19,,KXHIGHMIA-26JUL19,1.8759484061512544,bracket,neuralcaster_v2,,0.14965046345339184,2026-07-19T08:00:00+00:00,2026-07-19,bounded,0.0,0.6588786272760659,KXHIGHMIA-26JUL19-B92.5,bounded,0.15320959299866901,KXHIGHMIA-26JUL19-B90.5,,,1.0
,,1.170508804293986,t_plus_4h,mia,mia:2026-07-19,,KXHIGHMIA-26JUL19,1.8296818346330386,bracket,neuralcaster_v2,,0.14668037648663995,2026-07-19T09:00:00+00:00,2026-07-19,bounded,0.0,0.6588786272760659,KXHIGHMIA-26JUL19-B92.5,bounded,0.16046461393695932,KXHIGHMIA-26JUL19-B90.5,,,1.0
,,1.1495743431943528,t_plus_5h,mia,mia:2026-07-19,,KXHIGHMIA-26JUL19,1.7669043319301345,bracket,neuralcaster_v2,,0.14249763042276126,2026-07-19T10:00:00+00:00,2026-07-19,bounded,0.0,0.6588786272760659,KXHIGHMIA-26JUL19-B92.5,bounded,0.17086110022721498,KXHIGHMIA-26JUL19-B90.5,,,1.0
,,1.0903155917912826,t_plus_6h,mia,mia:2026-07-19,,KXHIGHMIA-26JUL19,1.6017575098013888,bracket,neuralcaster_v2,,0.13065811579291037,2026-07-19T11:00:00+00:00,2026-07-19,bounded,0.0,0.6588786272760659,KXHIGHMIA-26JUL19-B92.5,bounded,0.20154199451591343,KXHIGHMIA-26JUL19-B90.5,,,1.0
,,1.1090167989573247,t_plus_7h,mia,mia:2026-07-19,,KXHIGHMIA-26JUL19,1.6521024037291703,bracket,neuralcaster_v2,,0.13439441089383702,2026-07-19T12:00:00+00:00,2026-07-19,bounded,0.0,0.6588786272760659,KXHIGHMIA-26JUL19-B92.5,bounded,0.19164656631943006,KXHIGHMIA-26JUL19-B90.5,,,1.0
,,1.0928530915604653,t_plus_8h,mia,mia:2026-07-19,,KXHIGHMIA-26JUL19,1.608502982724881,bracket,neuralcaster_v2,,0.13116507539933417,2026-07-19T13:00:00+00:00,2026-07-19,bounded,0.0,0.6588786272760659,KXHIGHMIA-26JUL19-B92.5,bounded,0.2001870733784469,KXHIGHMIA-26JUL19-B90.5,,,1.0
,,1.0799997132615278,t_plus_9h,mia,mia:2026-07-19,,KXHIGHMIA-26JUL19,1.5745961672659048,bracket,neuralcaster_v2,,0.1285971531164601,2026-07-19T14:00:00+00:00,2026-07-19,bounded,0.0,0.6588786272760659,KXHIGHMIA-26JUL19-B92.5,bounded,0.20709116598888924,KXHIGHMIA-26JUL19-B90.5,,,1.0
,,0.9204325963052327,t_plus_10h,mia,mia:2026-07-19,,KXHIGHMIA-26JUL19,1.2698286318737833,bracket,neuralcaster_v2,,0.10218226767416905,2026-07-19T15:00:00+00:00,2026-07-19,bounded,0.0,0.630053484428406,KXHIGHMIA-26JUL19-B92.5,bounded,0.2808797514910179,KXHIGHMIA-26JUL19-B90.5,,,1.0
,,0.9426363112391504,t_plus_11h,mia,mia:2026-07-19,,KXHIGHMIA-26JUL19,1.3030125154618393,bracket,neuralcaster_v2,,0.10529675947624254,2026-07-19T16:00:00+00:00,2026-07-19,bounded,0.0,0.6366244707698335,KXHIGHMIA-26JUL19-B92.5,bounded,0.27171202219978013,KXHIGHMIA-26JUL19-B90.5,,,1.0
,,1.240377893620137,t_plus_12h,mia,mia:2026-07-19,,KXHIGHMIA-26JUL19,1.9629829094555769,bracket,neuralcaster_v2,,0.1528511120925698,2026-07-19T17:00:00+00:00,2026-07-19,bounded,0.0,0.6877782337127728,KXHIGHMIA-26JUL19-B92.5,bounded,0.1404388790441792,KXHIGHMIA-26JUL19-B90.5,,,1.0
,,1.206909769489345,t_plus_13h,mia,mia:2026-07-19,,KXHIGHMIA-26JUL19,1.8422476212190277,bracket,neuralcaster_v2,,0.14541072330082874,2026-07-19T18:00:00+00:00,2026-07-19,bounded,0.0,0.6905093835710383,KXHIGHMIA-26JUL19-B92.5,bounded,0.158460865546698,KXHIGHMIA-26JUL19-B90.5,,,1.0
,,0.9393159549968042,t_plus_14h,mia,mia:2026-07-19,,KXHIGHMIA-26JUL19,1.273473754950355,bracket,neuralcaster_v2,,0.104232094589449,2026-07-19T19:00:00+00:00,2026-07-19,bounded,0.0,0.6445434526617846,KXHIGHMIA-26JUL19-B92.5,bounded,0.27985777397560657,KXHIGHMIA-26JUL19-B90.5,,,1.0
,,0.91900568258415,t_plus_15h,mia,mia:2026-07-19,,KXHIGHMIA-26JUL19,1.242287515969749,bracket,neuralcaster_v2,,0.10160643542510865,2026-07-19T20:00:00+00:00,2026-07-19,bounded,0.0,0.6389703249147709,KXHIGHMIA-26JUL19-B92.5,bounded,0.2887230034767723,KXHIGHMIA-26JUL19-B90.5,,,1.0
,,0.9106596204861268,t_plus_16h,mia,mia:2026-07-19,,KXHIGHMIA-26JUL19,1.2296434878938387,bracket,neuralcaster_v2,,0.10052883186954789,2026-07-19T21:00:00+00:00,2026-07-19,bounded,0.0,0.6366607909036969,KXHIGHMIA-26JUL19-B92.5,bounded,0.29239680210087354,KXHIGHMIA-26JUL19-B90.5,,,1.0
,,0.9029644663744842,t_plus_17h,mia,mia:2026-07-19,,KXHIGHMIA-26JUL19,1.2180705879114642,bracket,neuralcaster_v2,,0.09953598424288043,2026-07-19T22:00:00+00:00,2026-07-19,bounded,0.0,0.6345211579395165,KXHIGHMIA-26JUL19-B92.5,bounded,0.2958003374470498,KXHIGHMIA-26JUL19-B90.5,,,1.0
,,0.8885637166780278,t_plus_18h,mia,mia:2026-07-19,,KXHIGHMIA-26JUL19,1.1966251712042113,bracket,neuralcaster_v2,,0.0976798382815696,2026-07-19T23:00:00+00:00,2026-07-19,bounded,0.0,0.6304902089258473,KXHIGHMIA-26JUL19-B92.5,bounded,0.30221240796397336,KXHIGHMIA-26JUL19-B90.5,,,1.0
,,0.9277534182583822,t_plus_19h,mia,mia:2026-07-19,,KXHIGHMIA-26JUL19,1.2556458242466781,bracket,neuralcaster_v2,,0.1027367532036306,2026-07-20T00:00:00+00:00,2026-07-19,bounded,0.0,0.6413788122828271,KXHIGHMIA-26JUL19-B92.5,bounded,0.28489179876772586,KXHIGHMIA-26JUL19-B90.5,,,1.0
,,0.8548257333875389,t_plus_20h,mia,mia:2026-07-19,,KXHIGHMIA-26JUL19,1.1474034253676446,bracket,neuralcaster_v2,,0.09334117104529337,2026-07-20T01:00:00+00:00,2026-07-19,bounded,0.0,0.6209048026098777,KXHIGHMIA-26JUL19-B92.5,bounded,0.31746000872075236,KXHIGHMIA-26JUL19-B90.5,,,1.0
,,0.7956352994460674,t_plus_21h,mia,mia:2026-07-19,,KXHIGHMIA-26JUL19,1.0676425314168563,bracket,neuralcaster_v2,,0.08613763636777055,2026-07-20T02:00:00+00:00,2026-07-19,bounded,0.0,0.602030072682125,KXHIGHMIA-26JUL19-B92.5,bounded,0.34381810313376626,KXHIGHMIA-26JUL19-B90.5,,,1.0
,,0.7579288019373613,t_plus_22h,mia,mia:2026-07-19,,KXHIGHMIA-26JUL19,1.0218293404814196,bracket,neuralcaster_v2,,0.08192758334305081,2026-07-20T03:00:00+00:00,2026-07-19,bounded,0.0,0.5880849615414062,KXHIGHMIA-26JUL19-B92.5,bounded,0.35993589224694106,KXHIGHMIA-26JUL19-B90.5,,,1.0
,,0.7326869267641699,t_plus_23h,mia,mia:2026-07-19,,KXHIGHMIA-26JUL19,0.9916843617205543,bracket,neuralcaster_v2,,0.07911115033199985,2026-07-20T04:00:00+00:00,2026-07-19,bounded,0.0,0.5785543889928664,KXHIGHMIA-26JUL19-B92.5,bounded,0.3709513482669827,KXHIGHMIA-26JUL19-B90.5,,,1.0
,,0.5483681201797198,t_plus_0h,nyc,nyc:2026-07-19,,KXHIGHNY-26JUL19,1.0058680830152031,bracket,neuralcaster_v2,,0.1060701459782845,2026-07-19T05:00:00+00:00,2026-07-19,lower_tail,1.0,0.3657270155536197,KXHIGHNY-26JUL19-T80,lower_tail,0.3657270155536197,KXHIGHNY-26JUL19-T80,,,1.0
,,0.6238894196805324,t_plus_1h,nyc,nyc:2026-07-19,,KXHIGHNY-26JUL19,1.1559104471183788,bracket,neuralcaster_v2,,0.13123724499443312,2026-07-19T06:00:00+00:00,2026-07-19,lower_tail,1.0,0.31477082421499164,KXHIGHNY-26JUL19-T80,lower_tail,0.31477082421499164,KXHIGHNY-26JUL19-T80,,,1.0
,,0.7108249204097863,t_plus_2h,nyc,nyc:2026-07-19,,KXHIGHNY-26JUL19,1.3090466399839735,bracket,neuralcaster_v2,,0.14825793957577105,2026-07-19T07:00:00+00:00,2026-07-19,bounded,0.0,0.30534738768192327,KXHIGHNY-26JUL19-B80.5,lower_tail,0.2700774146960353,KXHIGHNY-26JUL19-T80,,,1.0
,,0.7544666945279754,t_plus_3h,nyc,nyc:2026-07-19,,KXHIGHNY-26JUL19,1.3897015397900372,bracket,neuralcaster_v2,,0.15608322372930605,2026-07-19T08:00:00+00:00,2026-07-19,bounded,0.0,0.31642770004801063,KXHIGHNY-26JUL19-B80.5,lower_tail,0.24914965479411572,KXHIGHNY-26JUL19-T80,,,1.0
,,0.6928803264772763,t_plus_4h,nyc,nyc:2026-07-19,,KXHIGHNY-26JUL19,1.2489907926355421,bracket,neuralcaster_v2,,0.1352314921888725,2026-07-19T09:00:00+00:00,2026-07-19,bounded,0.0,0.32510865294531527,KXHIGHNY-26JUL19-B80.5,lower_tail,0.28679408556272507,KXHIGHNY-26JUL19-T80,,,1.0
,,0.7385251427357865,t_plus_5h,nyc,nyc:2026-07-19,,KXHIGHNY-26JUL19,1.3656675641943636,bracket,neuralcaster_v2,,0.15536014563570355,2026-07-19T10:00:00+00:00,2026-07-19,bounded,0.0,0.3073548689748756,KXHIGHNY-26JUL19-B80.5,lower_tail,0.2552102498843671,KXHIGHNY-26JUL19-T80,,,1.0
,,0.7618077092909566,t_plus_6h,nyc,nyc:2026-07-19,,KXHIGHNY-26JUL19,1.4055990485566827,bracket,neuralcaster_v2,,0.15820310345058142,2026-07-19T11:00:00+00:00,2026-07-19,bounded,0.0,0.31580655060704854,KXHIGHNY-26JUL19-B80.5,lower_tail,0.2452201136892203,KXHIGHNY-26JUL19-T80,,,1.0
,,0.7739640675896285,t_plus_7h,nyc,nyc:2026-07-19,,KXHIGHNY-26JUL19,1.3653366172373997,bracket,neuralcaster_v2,,0.14170419796557965,2026-07-19T12:00:00+00:00,2026-07-19,bounded,0.0,0.3650942066581714,KXHIGHNY-26JUL19-B80.5,lower_tail,0.2552947249175589,KXHIGHNY-26JUL19-T80,,,1.0
,,0.7662256773325371,t_plus_8h,nyc,nyc:2026-07-19,,KXHIGHNY-26JUL19,1.334842772377961,bracket,neuralcaster_v2,,0.13573672170181056,2026-07-19T13:00:00+00:00,2026-07-19,bounded,0.0,0.37832858947884634,KXHIGHNY-26JUL19-B80.5,lower_tail,0.2631995544430504,KXHIGHNY-26JUL19-T80,,,1.0
,,0.7697207591884017,t_plus_9h,nyc,nyc:2026-07-19,,KXHIGHNY-26JUL19,1.3404072263493658,bracket,neuralcaster_v2,,0.13615611412742598,2026-07-19T14:00:00+00:00,2026-07-19,bounded,0.0,0.3797368908342496,KXHIGHNY-26JUL19-B80.5,lower_tail,0.26173905983303153,KXHIGHNY-26JUL19-T80,,,1.0
,,0.7099442995067586,t_plus_10h,nyc,nyc:2026-07-19,,KXHIGHNY-26JUL19,1.1969792257360288,bracket,neuralcaster_v2,,0.11561121012239077,2026-07-19T15:00:00+00:00,2026-07-19,bounded,0.0,0.40091061373212605,KXHIGHNY-26JUL19-B80.5,lower_tail,0.30210542723098643,KXHIGHNY-26JUL19-T80,,,1.0
,,0.7328177572651107,t_plus_11h,nyc,nyc:2026-07-19,,KXHIGHNY-26JUL19,1.2495085432158712,bracket,neuralcaster_v2,,0.12297418808265966,2026-07-19T16:00:00+00:00,2026-07-19,bounded,0.0,0.39413324071134426,KXHIGHNY-26JUL19-B80.5,lower_tail,0.2866456361916802,KXHIGHNY-26JUL19-T80,,,1.0
,,0.7615097430116357,t_plus_12h,nyc,nyc:2026-07-19,,KXHIGHNY-26JUL19,1.3279788055797686,bracket,neuralcaster_v2,,0.13533925840986263,2026-07-19T17:00:00+00:00,2026-07-19,bounded,0.0,0.3758692574006887,KXHIGHNY-26JUL19-B80.5,lower_tail,0.2650123618536008,KXHIGHNY-26JUL19-T80,,,1.0
,,0.8644680874759078,t_plus_13h,nyc,nyc:2026-07-19,,KXHIGHNY-26JUL19,1.5405839230688128,bracket,neuralcaster_v2,,0.15845694221073642,2026-07-19T18:00:00+00:00,2026-07-19,bounded,0.0,0.37887484335843424,KXHIGHNY-26JUL19-B80.5,lower_tail,0.21425595589757393,KXHIGHNY-26JUL19-T80,,,1.0
,,0.9154795891603976,t_plus_14h,nyc,nyc:2026-07-19,,KXHIGHNY-26JUL19,1.6232074945097796,bracket,neuralcaster_v2,,0.16169395724602859,2026-07-19T19:00:00+00:00,2026-07-19,bounded,0.0,0.4054255716673,KXHIGHNY-26JUL19-B80.5,lower_tail,0.19726495699827037,KXHIGHNY-26JUL19-T80,,,1.0
,,0.97748034834329,t_plus_15h,nyc,nyc:2026-07-19,,KXHIGHNY-26JUL19,1.6425451446612218,bracket,neuralcaster_v2,,0.14826049475247163,2026-07-19T20:00:00+00:00,2026-07-19,bounded,0.0,0.5075247095162982,KXHIGHNY-26JUL19-B80.5,lower_tail,0.19348696276740096,KXHIGHNY-26JUL19-T80,,,1.0
,,1.0995323246287625,t_plus_16h,nyc,nyc:2026-07-19,,KXHIGHNY-26JUL19,1.7327981113671291,bracket,neuralcaster_v2,,0.14391268617902786,2026-07-19T21:00:00+00:00,2026-07-19,bounded,0.0,0.618674990275033,KXHIGHNY-26JUL19-B80.5,lower_tail,0.17678904181795874,KXHIGHNY-26JUL19-T80,,,1.0
,,1.1894801452368007,t_plus_17h,nyc,nyc:2026-07-19,,KXHIGHNY-26JUL19,1.8880136008077986,bracket,neuralcaster_v2,,0.15121281504526718,2026-07-19T22:00:00+00:00,2026-07-19,bounded,0.0,0.6592049724031923,KXHIGHNY-26JUL19-B80.5,lower_tail,0.15137219600104662,KXHIGHNY-26JUL19-T80,,,1.0
,,0.3438119762652973,t_plus_18h,nyc,nyc:2026-07-19,,KXHIGHNY-26JUL19,0.5546978177395748,bracket,neuralcaster_v2,,0.03636274877719001,2026-07-19T23:00:00+00:00,2026-07-19,lower_tail,1.0,0.5742457618630633,KXHIGHNY-26JUL19-T80,lower_tail,0.5742457618630633,KXHIGHNY-26JUL19-T80,,,1.0
,,0.33908945912399746,t_plus_19h,nyc,nyc:2026-07-19,,KXHIGHNY-26JUL19,0.5494003605408943,bracket,neuralcaster_v2,,0.035841406157957126,2026-07-20T00:00:00+00:00,2026-07-19,lower_tail,1.0,0.5772958759996453,KXHIGHNY-26JUL19-T80,lower_tail,0.5772958759996453,KXHIGHNY-26JUL19-T80,,,1.0
,,0.3550793837946049,t_plus_20h,nyc,nyc:2026-07-19,,KXHIGHNY-26JUL19,0.5673032092333431,bracket,neuralcaster_v2,,0.03760724830366864,2026-07-20T01:00:00+00:00,2026-07-19,lower_tail,1.0,0.5670526007736753,KXHIGHNY-26JUL19-T80,lower_tail,0.5670526007736753,KXHIGHNY-26JUL19-T80,,,1.0
,,0.328267212007045,t_plus_21h,nyc,nyc:2026-07-19,,KXHIGHNY-26JUL19,0.5372256066328134,bracket,neuralcaster_v2,,0.0346472985516797,2026-07-20T02:00:00+00:00,2026-07-19,lower_tail,1.0,0.5843672701176607,KXHIGHNY-26JUL19-T80,lower_tail,0.5843672701176607,KXHIGHNY-26JUL19-T80,,,1.0
,,0.31503313351024465,t_plus_22h,nyc,nyc:2026-07-19,,KXHIGHNY-26JUL19,0.5222640083345256,bracket,neuralcaster_v2,,0.033188290042440796,2026-07-20T03:00:00+00:00,2026-07-19,lower_tail,1.0,0.5931760710223367,KXHIGHNY-26JUL19-T80,lower_tail,0.5931760710223367,KXHIGHNY-26JUL19-T80,,,1.0
,,0.30701765261334774,t_plus_23h,nyc,nyc:2026-07-19,,KXHIGHNY-26JUL19,0.5131581318428936,bracket,neuralcaster_v2,,0.032305296873147066,2026-07-20T04:00:00+00:00,2026-07-19,lower_tail,1.0,0.5986021260637536,KXHIGHNY-26JUL19-T80,lower_tail,0.5986021260637536,KXHIGHNY-26JUL19-T80,,,1.0
,,0.5287775175662756,t_plus_0h,okc,okc:2026-07-19,,KXHIGHTOKC-26JUL19,0.8579852082427509,bracket,neuralcaster_v2,,0.053409273375230125,2026-07-19T06:00:00+00:00,2026-07-19,bounded,0.0,0.4324161648897294,KXHIGHTOKC-26JUL19-B96.5,bounded,0.4240155252593805,KXHIGHTOKC-26JUL19-B94.5,,,1.0
,,0.25711361905315283,t_plus_1h,okc,okc:2026-07-19,,KXHIGHTOKC-26JUL19,0.5468367154542504,bracket,neuralcaster_v2,,0.017794517347471034,2026-07-19T07:00:00+00:00,2026-07-19,bounded,1.0,0.5787777564318255,KXHIGHTOKC-26JUL19-B94.5,bounded,0.5787777564318255,KXHIGHTOKC-26JUL19-B94.5,,,1.0
,,0.23107362994531822,t_plus_2h,okc,okc:2026-07-19,,KXHIGHTOKC-26JUL19,0.5019997872250592,bracket,neuralcaster_v2,,0.016101649391715277,2026-07-19T08:00:00+00:00,2026-07-19,bounded,1.0,0.605318939442912,KXHIGHTOKC-26JUL19-B94.5,bounded,0.605318939442912,KXHIGHTOKC-26JUL19-B94.5,,,1.0
,,0.2330628118861473,t_plus_3h,okc,okc:2026-07-19,,KXHIGHTOKC-26JUL19,0.5049011309461653,bracket,neuralcaster_v2,,0.01632357567359442,2026-07-19T09:00:00+00:00,2026-07-19,bounded,1.0,0.6035652464020248,KXHIGHTOKC-26JUL19-B94.5,bounded,0.6035652464020248,KXHIGHTOKC-26JUL19-B94.5,,,1.0
,,0.23811247894779658,t_plus_4h,okc,okc:2026-07-19,,KXHIGHTOKC-26JUL19,0.5130965769197647,bracket,neuralcaster_v2,,0.016597041243824783,2026-07-19T10:00:00+00:00,2026-07-19,bounded,1.0,0.5986389741056858,KXHIGHTOKC-26JUL19-B94.5,bounded,0.5986389741056858,KXHIGHTOKC-26JUL19-B94.5,,,1.0
,,0.23958777767149708,t_plus_5h,okc,okc:2026-07-19,,KXHIGHTOKC-26JUL19,0.5119780417154122,bracket,neuralcaster_v2,,0.017387053763259074,2026-07-19T11:00:00+00:00,2026-07-19,bounded,1.0,0.5993089474974814,KXHIGHTOKC-26JUL19-B94.5,bounded,0.5993089474974814,KXHIGHTOKC-26JUL19-B94.5,,,1.0
,,0.2578481262788602,t_plus_6h,okc,okc:2026-07-19,,KXHIGHTOKC-26JUL19,0.5396235045433053,bracket,neuralcaster_v2,,0.018780532822588396,2026-07-19T12:00:00+00:00,2026-07-19,bounded,1.0,0.5829676957505302,KXHIGHTOKC-26JUL19-B94.5,bounded,0.5829676957505302,KXHIGHTOKC-26JUL19-B94.5,,,1.0
,,0.2732338503053028,t_plus_7h,okc,okc:2026-07-19,,KXHIGHTOKC-26JUL19,0.5583025235141783,bracket,neuralcaster_v2,,0.020528751398487696,2026-07-19T13:00:00+00:00,2026-07-19,bounded,1.0,0.5721795012174733,KXHIGHTOKC-26JUL19-B94.5,bounded,0.5721795012174733,KXHIGHTOKC-26JUL19-B94.5,,,1.0
,,0.279924806269522,t_plus_8h,okc,okc:2026-07-19,,KXHIGHTOKC-26JUL19,0.562850239804264,bracket,neuralcaster_v2,,0.02171232537548291,2026-07-19T14:00:00+00:00,2026-07-19,bounded,1.0,0.5695832990488738,KXHIGHTOKC-26JUL19-B94.5,bounded,0.5695832990488738,KXHIGHTOKC-26JUL19-B94.5,,,1.0
,,0.3437711932677959,t_plus_9h,okc,okc:2026-07-19,,KXHIGHTOKC-26JUL19,0.6190196611151226,bracket,neuralcaster_v2,,0.03065962873816273,2026-07-19T15:00:00+00:00,2026-07-19,bounded,1.0,0.5384720640288502,KXHIGHTOKC-26JUL19-B94.5,bounded,0.5384720640288502,KXHIGHTOKC-26JUL19-B94.5,,,1.0
,,0.379495827971271,t_plus_10h,okc,okc:2026-07-19,,KXHIGHTOKC-26JUL19,0.6477151683482275,bracket,neuralcaster_v2,,0.035672618498931566,2026-07-19T16:00:00+00:00,2026-07-19,bounded,1.0,0.5232399271722613,KXHIGHTOKC-26JUL19-B94.5,bounded,0.5232399271722613,KXHIGHTOKC-26JUL19-B94.5,,,1.0
,,0.4199783888451706,t_plus_11h,okc,okc:2026-07-19,,KXHIGHTOKC-26JUL19,0.6839533214504868,bracket,neuralcaster_v2,,0.04070184225993054,2026-07-19T17:00:00+00:00,2026-07-19,bounded,1.0,0.5046181262259971,KXHIGHTOKC-26JUL19-B94.5,bounded,0.5046181262259971,KXHIGHTOKC-26JUL19-B94.5,,,1.0
,,0.3563301456530043,t_plus_12h,okc,okc:2026-07-19,,KXHIGHTOKC-26JUL19,0.6053715668266458,bracket,neuralcaster_v2,,0.03364537293013093,2026-07-19T18:00:00+00:00,2026-07-19,bounded,1.0,0.5458715611892603,KXHIGHTOKC-26JUL19-B94.5,bounded,0.5458715611892603,KXHIGHTOKC-26JUL19-B94.5,,,1.0
,,0.1754240038915244,t_plus_13h,okc,okc:2026-07-19,,KXHIGHTOKC-26JUL19,0.41721593856513234,bracket,neuralcaster_v2,,0.012003641087126319,2026-07-19T19:00:00+00:00,2026-07-19,bounded,1.0,0.6588786272760659,KXHIGHTOKC-26JUL19-B94.5,bounded,0.6588786272760659,KXHIGHTOKC-26JUL19-B94.5,,,1.0
,,0.15568232049215197,t_plus_14h,okc,okc:2026-07-19,,KXHIGHTOKC-26JUL19,0.3877614768798753,bracket,neuralcaster_v2,,0.010677137055735541,2026-07-19T20:00:00+00:00,2026-07-19,bounded,1.0,0.6785741795930363,KXHIGHTOKC-26JUL19-B94.5,bounded,0.6785741795930363,KXHIGHTOKC-26JUL19-B94.5,,,1.0
,,0.16343997821574247,t_plus_15h,okc,okc:2026-07-19,,KXHIGHTOKC-26JUL19,0.3930597969042298,bracket,neuralcaster_v2,,0.011777473246479103,2026-07-19T21:00:00+00:00,2026-07-19,bounded,1.0,0.6749883841635773,KXHIGHTOKC-26JUL19-B94.5,bounded,0.6749883841635773,KXHIGHTOKC-26JUL19-B94.5,,,1.0
,,0.15958193774488658,t_plus_16h,okc,okc:2026-07-19,,KXHIGHTOKC-26JUL19,0.3906486816920498,bracket,neuralcaster_v2,,0.011211532531437661,2026-07-19T22:00:00+00:00,2026-07-19,bounded,1.0,0.6766178225170879,KXHIGHTOKC-26JUL19-B94.5,bounded,0.6766178225170879,KXHIGHTOKC-26JUL19-B94.5,,,1.0
,,0.14929267718538497,t_plus_17h,okc,okc:2026-07-19,,KXHIGHTOKC-26JUL19,0.3659226441775816,bracket,neuralcaster_v2,,0.011287376596292056,2026-07-19T23:00:00+00:00,2026-07-19,bounded,1.0,0.6935564497642801,KXHIGHTOKC-26JUL19-B94.5,bounded,0.6935564497642801,KXHIGHTOKC-26JUL19-B94.5,,,1.0
,,0.2387733328226141,t_plus_18h,okc,okc:2026-07-19,,KXHIGHTOKC-26JUL19,0.4678198461897584,bracket,neuralcaster_v2,,0.020008324714681572,2026-07-20T00:00:00+00:00,2026-07-19,bounded,1.0,0.6263663557792832,KXHIGHTOKC-26JUL19-B94.5,bounded,0.6263663557792832,KXHIGHTOKC-26JUL19-B94.5,,,1.0
,,0.2387733328226141,t_plus_19h,okc,okc:2026-07-19,,KXHIGHTOKC-26JUL19,0.4678198461897584,bracket,neuralcaster_v2,,0.020008324714681572,2026-07-20T01:00:00+00:00,2026-07-19,bounded,1.0,0.6263663557792832,KXHIGHTOKC-26JUL19-B94.5,bounded,0.6263663557792832,KXHIGHTOKC-26JUL19-B94.5,,,1.0
,,0.2387733328226141,t_plus_20h,okc,okc:2026-07-19,,KXHIGHTOKC-26JUL19,0.4678198461897584,bracket,neuralcaster_v2,,0.020008324714681572,2026-07-20T02:00:00+00:00,2026-07-19,bounded,1.0,0.6263663557792832,KXHIGHTOKC-26JUL19-B94.5,bounded,0.6263663557792832,KXHIGHTOKC-26JUL19-B94.5,,,1.0
,,0.22711215228932766,t_plus_21h,okc,okc:2026-07-19,,KXHIGHTOKC-26JUL19,0.4564542015543329,bracket,neuralcaster_v2,,0.018734704851297784,2026-07-20T03:00:00+00:00,2026-07-19,bounded,1.0,0.6335260232362809,KXHIGHTOKC-26JUL19-B94.5,bounded,0.6335260232362809,KXHIGHTOKC-26JUL19-B94.5,,,1.0
,,0.23026255571648713,t_plus_22h,okc,okc:2026-07-19,,KXHIGHTOKC-26JUL19,0.45955046469866473,bracket,neuralcaster_v2,,0.019077237992870914,2026-07-20T04:00:00+00:00,2026-07-19,bounded,1.0,0.6315674935858228,KXHIGHTOKC-26JUL19-B94.5,bounded,0.6315674935858228,KXHIGHTOKC-26JUL19-B94.5,,,1.0
,,0.2387733328226141,t_plus_23h,okc,okc:2026-07-19,,KXHIGHTOKC-26JUL19,0.4678198461897584,bracket,neuralcaster_v2,,0.020008324714681572,2026-07-20T05:00:00+00:00,2026-07-19,bounded,1.0,0.6263663557792832,KXHIGHTOKC-26JUL19-B94.5,bounded,0.6263663557792832,KXHIGHTOKC-26JUL19-B94.5,,,1.0
,,0.2956795861175389,t_plus_0h,aus,aus:2026-07-20,,KXHIGHAUS-26JUL20,0.595766073848162,bracket,neuralcaster_v2,,0.022050407834134145,2026-07-20T06:00:00+00:00,2026-07-20,bounded,1.0,0.5511401900166967,KXHIGHAUS-26JUL20-B97.5,bounded,0.5511401900166967,KXHIGHAUS-26JUL20-B97.5,,,1.0
,,0.17459359153602338,t_plus_1h,aus,aus:2026-07-20,,KXHIGHAUS-26JUL20,0.41721593856513234,bracket,neuralcaster_v2,,0.011840637548513715,2026-07-20T07:00:00+00:00,2026-07-20,bounded,1.0,0.6588786272760659,KXHIGHAUS-26JUL20-B97.5,bounded,0.6588786272760659,KXHIGHAUS-26JUL20-B97.5,,,1.0
,,0.2053012272483086,t_plus_2h,aus,aus:2026-07-20,,KXHIGHAUS-26JUL20,0.44300846406598865,bracket,neuralcaster_v2,,0.016104934625043532,2026-07-20T08:00:00+00:00,2026-07-20,bounded,1.0,0.642101772273023,KXHIGHAUS-26JUL20-B97.5,bounded,0.642101772273023,KXHIGHAUS-26JUL20-B97.5,,,1.0
,,0.1805296622143261,t_plus_3h,aus,aus:2026-07-20,,KXHIGHAUS-26JUL20,0.41721593856513234,bracket,neuralcaster_v2,,0.013013447908127501,2026-07-20T09:00:00+00:00,2026-07-20,bounded,1.0,0.6588786272760659,KXHIGHAUS-26JUL20-B97.5,bounded,0.6588786272760659,KXHIGHAUS-26JUL20-B97.5,,,1.0
,,0.17721616307263433,t_plus_4h,aus,aus:2026-07-20,,KXHIGHAUS-26JUL20,0.41721593856513234,bracket,neuralcaster_v2,,0.012357221771091468,2026-07-20T10:00:00+00:00,2026-07-20,bounded,1.0,0.6588786272760659,KXHIGHAUS-26JUL20-B97.5,bounded,0.6588786272760659,KXHIGHAUS-26JUL20-B97.5,,,1.0
,,0.17392576238577842,t_plus_5h,aus,aus:2026-07-20,,KXHIGHAUS-26JUL20,0.41721593856513234,bracket,neuralcaster_v2,,0.011710666301045659,2026-07-20T11:00:00+00:00,2026-07-20,bounded,1.0,0.6588786272760659,KXHIGHAUS-26JUL20-B97.5,bounded,0.6588786272760659,KXHIGHAUS-26JUL20-B97.5,,,1.0
,,0.17387393492324435,t_plus_6h,aus,aus:2026-07-20,,KXHIGHAUS-26JUL20,0.41721593856513217,bracket,neuralcaster_v2,,0.01171109877595039,2026-07-20T12:00:00+00:00,2026-07-20,bounded,1.0,0.658878627276066,KXHIGHAUS-26JUL20-B97.5,bounded,0.658878627276066,KXHIGHAUS-26JUL20-B97.5,,,1.0
,,0.17476194419744354,t_plus_7h,aus,aus:2026-07-20,,KXHIGHAUS-26JUL20,0.41721593856513217,bracket,neuralcaster_v2,,0.011893378901811129,2026-07-20T13:00:00+00:00,2026-07-20,bounded,1.0,0.658878627276066,KXHIGHAUS-26JUL20-B97.5,bounded,0.658878627276066,KXHIGHAUS-26JUL20-B97.5,,,1.0
,,0.1790182590907035,t_plus_8h,aus,aus:2026-07-20,,KXHIGHAUS-26JUL20,0.41721593856513234,bracket,neuralcaster_v2,,0.0127556411684481,2026-07-20T14:00:00+00:00,2026-07-20,bounded,1.0,0.6588786272760659,KXHIGHAUS-26JUL20-B97.5,bounded,0.6588786272760659,KXHIGHAUS-26JUL20-B97.5,,,1.0
,,0.21934414857430987,t_plus_9h,aus,aus:2026-07-20,,KXHIGHAUS-26JUL20,0.4589061787721931,bracket,neuralcaster_v2,,0.017779554102045778,2026-07-20T15:00:00+00:00,2026-07-20,bounded,1.0,0.6319745347449218,KXHIGHAUS-26JUL20-B97.5,bounded,0.6319745347449218,KXHIGHAUS-26JUL20-B97.5,,,1.0
,,0.3590523357186205,t_plus_10h,aus,aus:2026-07-20,,KXHIGHAUS-26JUL20,0.607933468537104,bracket,neuralcaster_v2,,0.03409977096161034,2026-07-20T16:00:00+00:00,2026-07-20,bounded,1.0,0.544474881744595,KXHIGHAUS-26JUL20-B97.5,bounded,0.544474881744595,KXHIGHAUS-26JUL20-B97.5,,,1.0
,,0.4010540276642299,t_plus_11h,aus,aus:2026-07-20,,KXHIGHAUS-26JUL20,0.6536431808013856,bracket,neuralcaster_v2,,0.03877328610809258,2026-07-20T17:00:00+00:00,2026-07-20,bounded,1.0,0.5201473299020534,KXHIGHAUS-26JUL20-B97.5,bounded,0.5201473299020534,KXHIGHAUS-26JUL20-B97.5,,,1.0
,,0.4352689183101987,t_plus_12h,aus,aus:2026-07-20,,KXHIGHAUS-26JUL20,0.690567149045313,bracket,neuralcaster_v2,,0.04261369488102269,2026-07-20T18:00:00+00:00,2026-07-20,bounded,1.0,0.5012916813300723,KXHIGHAUS-26JUL20-B97.5,bounded,0.5012916813300723,KXHIGHAUS-26JUL20-B97.5,,,1.0
,,0.5048725358742273,t_plus_13h,aus,aus:2026-07-20,,KXHIGHAUS-26JUL20,0.7653615388109788,bracket,neuralcaster_v2,,0.05050362387799926,2026-07-20T19:00:00+00:00,2026-07-20,bounded,0.0,0.46534407596005256,KXHIGHAUS-26JUL20-B95.5,bounded,0.4651657251065078,KXHIGHAUS-26JUL20-B97.5,,,1.0
,,0.5665739788134934,t_plus_14h,aus,aus:2026-07-20,,KXHIGHAUS-26JUL20,0.8058261717479952,bracket,neuralcaster_v2,,0.054724425493997496,2026-07-20T20:00:00+00:00,2026-07-20,bounded,0.0,0.5093112225772678,KXHIGHAUS-26JUL20-B95.5,bounded,0.44671870768566563,KXHIGHAUS-26JUL20-B97.5,,,1.0
,,0.14141998228518762,t_plus_15h,aus,aus:2026-07-20,,KXHIGHAUS-26JUL20,0.3619906980162072,bracket,neuralcaster_v2,,0.010035132296051155,2026-07-20T21:00:00+00:00,2026-07-20,bounded,1.0,0.6962888446791955,KXHIGHAUS-26JUL20-B97.5,bounded,0.6962888446791955,KXHIGHAUS-26JUL20-B97.5,,,1.0
,,0.20209507127116502,t_plus_16h,aus,aus:2026-07-20,,KXHIGHAUS-26JUL20,0.4311005331193209,bracket,neuralcaster_v2,,0.01613844606357522,2026-07-20T22:00:00+00:00,2026-07-20,bounded,1.0,0.6497935817152529,KXHIGHAUS-26JUL20-B97.5,bounded,0.6497935817152529,KXHIGHAUS-26JUL20-B97.5,,,1.0
,,0.21516492511519444,t_plus_17h,aus,aus:2026-07-20,,KXHIGHAUS-26JUL20,0.4445251739809941,bracket,neuralcaster_v2,,0.01753254412691852,2026-07-20T23:00:00+00:00,2026-07-20,bounded,1.0,0.6411286283236647,KXHIGHAUS-26JUL20-B97.5,bounded,0.6411286283236647,KXHIGHAUS-26JUL20-B97.5,,,1.0
,,0.18083429155797576,t_plus_18h,aus,aus:2026-07-20,,KXHIGHAUS-26JUL20,0.4082648955268939,bracket,neuralcaster_v2,,0.01392825097777072,2026-07-21T00:00:00+00:00,2026-07-20,bounded,1.0,0.6648027522205273,KXHIGHAUS-26JUL20-B97.5,bounded,0.6648027522205273,KXHIGHAUS-26JUL20-B97.5,,,1.0
,,0.19312942915022044,t_plus_19h,aus,aus:2026-07-20,,KXHIGHAUS-26JUL20,0.42163488884879563,bracket,neuralcaster_v2,,0.015196993037162959,2026-07-21T01:00:00+00:00,2026-07-20,bounded,1.0,0.6559734989154593,KXHIGHAUS-26JUL20-B97.5,bounded,0.6559734989154593,KXHIGHAUS-26JUL20-B97.5,,,1.0
,,0.19295899537488553,t_plus_20h,aus,aus:2026-07-20,,KXHIGHAUS-26JUL20,0.4214527473986042,bracket,neuralcaster_v2,,0.015179223177491721,2026-07-21T02:00:00+00:00,2026-07-20,bounded,1.0,0.6560929897616266,KXHIGHAUS-26JUL20-B97.5,bounded,0.6560929897616266,KXHIGHAUS-26JUL20-B97.5,,,1.0
,,0.19143801626605916,t_plus_21h,aus,aus:2026-07-20,,KXHIGHAUS-26JUL20,0.4198234886936435,bracket,neuralcaster_v2,,0.015020860091700172,2026-07-21T03:00:00+00:00,2026-07-20,bounded,1.0,0.6571628062437166,KXHIGHAUS-26JUL20-B97.5,bounded,0.6571628062437166,KXHIGHAUS-26JUL20-B97.5,,,1.0
,,0.20815052794454025,t_plus_22h,aus,aus:2026-07-20,,KXHIGHAUS-26JUL20,0.43737243637841117,bracket,neuralcaster_v2,,0.01678132194388019,2026-07-21T04:00:00+00:00,2026-07-20,bounded,1.0,0.6457308929455706,KXHIGHAUS-26JUL20-B97.5,bounded,0.6457308929455706,KXHIGHAUS-26JUL20-B97.5,,,1.0
,,0.21528713128611734,t_plus_23h,aus,aus:2026-07-20,,KXHIGHAUS-26JUL20,0.44464877205594644,bracket,neuralcaster_v2,,0.017545691563118013,2026-07-21T05:00:00+00:00,2026-07-20,bounded,1.0,0.641049390956301,KXHIGHAUS-26JUL20-B97.5,bounded,0.641049390956301,KXHIGHAUS-26JUL20-B97.5,,,1.0
,,0.19164266303482058,t_plus_0h,den,den:2026-07-20,,KXHIGHDEN-26JUL20,0.44025017383928156,bracket,neuralcaster_v2,,0.013162416295097661,2026-07-20T07:00:00+00:00,2026-07-20,bounded,1.0,0.6438753201714988,KXHIGHDEN-26JUL20-B99.5,bounded,0.6438753201714988,KXHIGHDEN-26JUL20-B99.5,,,1.0
,,0.35093016203638466,t_plus_1h,den,den:2026-07-20,,KXHIGHDEN-26JUL20,0.5990243818142553,bracket,neuralcaster_v2,,0.03305112091128705,2026-07-20T08:00:00+00:00,2026-07-20,bounded,1.0,0.5493473279796302,KXHIGHDEN-26JUL20-B99.5,bounded,0.5493473279796302,KXHIGHDEN-26JUL20-B99.5,,,1.0
,,0.19904961248212302,t_plus_2h,den,den:2026-07-20,,KXHIGHDEN-26JUL20,0.435754384508991,bracket,neuralcaster_v2,,0.015411173273863718,2026-07-20T09:00:00+00:00,2026-07-20,bounded,1.0,0.6467765647715312,KXHIGHDEN-26JUL20-B99.5,bounded,0.6467765647715312,KXHIGHDEN-26JUL20-B99.5,,,1.0
,,0.17650671366556617,t_plus_3h,den,den:2026-07-20,,KXHIGHDEN-26JUL20,0.41721593856513234,bracket,neuralcaster_v2,,0.012217068186073373,2026-07-20T10:00:00+00:00,2026-07-20,bounded,1.0,0.6588786272760659,KXHIGHDEN-26JUL20-B99.5,bounded,0.6588786272760659,KXHIGHDEN-26JUL20-B99.5,,,1.0
,,0.17544878301926217,t_plus_4h,den,den:2026-07-20,,KXHIGHDEN-26JUL20,0.41721593856513234,bracket,neuralcaster_v2,,0.012008516833486664,2026-07-20T11:00:00+00:00,2026-07-20,bounded,1.0,0.6588786272760659,KXHIGHDEN-26JUL20-B99.5,bounded,0.6588786272760659,KXHIGHDEN-26JUL20-B99.5,,,1.0
,,0.18228217989298492,t_plus_5h,den,den:2026-07-20,,KXHIGHDEN-26JUL20,0.41621843224800703,bracket,neuralcaster_v2,,0.013452759234536696,2026-07-20T12:00:00+00:00,2026-07-20,bounded,1.0,0.6595361907763414,KXHIGHDEN-26JUL20-B99.5,bounded,0.6595361907763414,KXHIGHDEN-26JUL20-B99.5,,,1.0
,,0.23082433032429128,t_plus_6h,den,den:2026-07-20,,KXHIGHDEN-26JUL20,0.47154082087083415,bracket,neuralcaster_v2,,0.019025012215010885,2026-07-20T13:00:00+00:00,2026-07-20,bounded,1.0,0.624039993280496,KXHIGHDEN-26JUL20-B99.5,bounded,0.624039993280496,KXHIGHDEN-26JUL20-B99.5,,,1.0
,,0.2235543212001207,t_plus_7h,den,den:2026-07-20,,KXHIGHDEN-26JUL20,0.4635750281144306,bracket,neuralcaster_v2,,0.018180072458225945,2026-07-20T14:00:00+00:00,2026-07-20,bounded,1.0,0.6290308180861574,KXHIGHDEN-26JUL20-B99.5,bounded,0.6290308180861574,KXHIGHDEN-26JUL20-B99.5,,,1.0
,,0.3934714348719897,t_plus_8h,den,den:2026-07-20,,KXHIGHDEN-26JUL20,0.6454287166125214,bracket,neuralcaster_v2,,0.037761207967985086,2026-07-20T15:00:00+00:00,2026-07-20,bounded,1.0,0.5244376587678801,KXHIGHDEN-26JUL20-B99.5,bounded,0.5244376587678801,KXHIGHDEN-26JUL20-B99.5,,,1.0
,,0.4804726966108466,t_plus_9h,den,den:2026-07-20,,KXHIGHDEN-26JUL20,0.7391513317697987,bracket,neuralcaster_v2,,0.04753555339362239,2026-07-20T16:00:00+00:00,2026-07-20,bounded,1.0,0.4775189988096698,KXHIGHDEN-26JUL20-B99.5,bounded,0.4775189988096698,KXHIGHDEN-26JUL20-B99.5,,,1.0
,,0.4666605017169187,t_plus_10h,den,den:2026-07-20,,KXHIGHDEN-26JUL20,0.7243169289827007,bracket,neuralcaster_v2,,0.04597279546368725,2026-07-20T17:00:00+00:00,2026-07-20,bounded,1.0,0.4846555100466481,KXHIGHDEN-26JUL20-B99.5,bounded,0.4846555100466481,KXHIGHDEN-26JUL20-B99.5,,,1.0
,,0.24191229607706335,t_plus_11h,den,den:2026-07-20,,KXHIGHDEN-26JUL20,0.4834729903229573,bracket,neuralcaster_v2,,0.020331668952702893,2026-07-20T18:00:00+00:00,2026-07-20,bounded,1.0,0.6166380905359914,KXHIGHDEN-26JUL20-B99.5,bounded,0.6166380905359914,KXHIGHDEN-26JUL20-B99.5,,,1.0
,,0.213008828538555,t_plus_12h,den,den:2026-07-20,,KXHIGHDEN-26JUL20,0.4517984595149939,bracket,neuralcaster_v2,,0.01697262464924658,2026-07-20T19:00:00+00:00,2026-07-20,bounded,1.0,0.6364824337778546,KXHIGHDEN-26JUL20-B99.5,bounded,0.6364824337778546,KXHIGHDEN-26JUL20-B99.5,,,1.0
,,0.17927797080138505,t_plus_13h,den,den:2026-07-20,,KXHIGHDEN-26JUL20,0.41721593856513234,bracket,neuralcaster_v2,,0.012765323403443598,2026-07-20T20:00:00+00:00,2026-07-20,bounded,1.0,0.6588786272760659,KXHIGHDEN-26JUL20-B99.5,bounded,0.6588786272760659,KXHIGHDEN-26JUL20-B99.5,,,1.0
,,0.15927520145258695,t_plus_14h,den,den:2026-07-20,,KXHIGHDEN-26JUL20,0.3940300509592581,bracket,neuralcaster_v2,,0.010828380879040464,2026-07-20T21:00:00+00:00,2026-07-20,bounded,1.0,0.6743337915586627,KXHIGHDEN-26JUL20-B99.5,bounded,0.6743337915586627,KXHIGHDEN-26JUL20-B99.5,,,1.0
,,0.4601714114260091,t_plus_15h,den,den:2026-07-20,,KXHIGHDEN-26JUL20,0.6835282940772912,bracket,neuralcaster_v2,,0.04862382182277845,2026-07-20T22:00:00+00:00,2026-07-20,bounded,1.0,0.5048326483283072,KXHIGHDEN-26JUL20-B99.5,bounded,0.5048326483283072,KXHIGHDEN-26JUL20-B99.5,,,1.0
,,0.37483957178887445,t_plus_16h,den,den:2026-07-20,,KXHIGHDEN-26JUL20,0.5893105674605237,bracket,neuralcaster_v2,,0.039231886973122854,2026-07-20T23:00:00+00:00,2026-07-20,bounded,1.0,0.554709587773057,KXHIGHDEN-26JUL20-B99.5,bounded,0.554709587773057,KXHIGHDEN-26JUL20-B99.5,,,1.0
,,0.3802616817172701,t_plus_17h,den,den:2026-07-20,,KXHIGHDEN-26JUL20,0.5953305072182369,bracket,neuralcaster_v2,,0.0398272416084188,2026-07-21T00:00:00+00:00,2026-07-20,bounded,1.0,0.551380300580157,KXHIGHDEN-26JUL20-B99.5,bounded,0.551380300580157,KXHIGHDEN-26JUL20-B99.5,,,1.0
,,0.3124200989284623,t_plus_18h,den,den:2026-07-20,,KXHIGHDEN-26JUL20,0.5192993626674508,bracket,neuralcaster_v2,,0.03239504622187529,2026-07-21T01:00:00+00:00,2026-07-20,bounded,1.0,0.5949372372180456,KXHIGHDEN-26JUL20-B99.5,bounded,0.5949372372180456,KXHIGHDEN-26JUL20-B99.5,,,1.0
,,0.31156762369926966,t_plus_19h,den,den:2026-07-20,,KXHIGHDEN-26JUL20,0.5183313834921704,bracket,neuralcaster_v2,,0.03230191208405085,2026-07-21T02:00:00+00:00,2026-07-20,bounded,1.0,0.5955134028874681,KXHIGHDEN-26JUL20-B99.5,bounded,0.5955134028874681,KXHIGHDEN-26JUL20-B99.5,,,1.0
,,0.3731066139307581,t_plus_20h,den,den:2026-07-20,,KXHIGHDEN-26JUL20,0.587384975465705,bracket,neuralcaster_v2,,0.03904165132556682,2026-07-21T03:00:00+00:00,2026-07-20,bounded,1.0,0.5557787611802328,KXHIGHDEN-26JUL20-B99.5,bounded,0.5557787611802328,KXHIGHDEN-26JUL20-B99.5,,,1.0
,,0.3520702519360027,t_plus_21h,den,den:2026-07-20,,KXHIGHDEN-26JUL20,0.5639411681870717,bracket,neuralcaster_v2,,0.03673420300853007,2026-07-21T04:00:00+00:00,2026-07-20,bounded,1.0,0.5689622632759364,KXHIGHDEN-26JUL20-B99.5,bounded,0.5689622632759364,KXHIGHDEN-26JUL20-B99.5,,,1.0
,,0.3318474406686326,t_plus_22h,den,den:2026-07-20,,KXHIGHDEN-26JUL20,0.541258906119621,bracket,neuralcaster_v2,,0.03451936265202577,2026-07-21T05:00:00+00:00,2026-07-20,bounded,1.0,0.5820150886218739,KXHIGHDEN-26JUL20-B99.5,bounded,0.5820150886218739,KXHIGHDEN-26JUL20-B99.5,,,1.0
,,0.30510281280840873,t_plus_23h,den,den:2026-07-20,,KXHIGHDEN-26JUL20,0.5109774793597793,bracket,neuralcaster_v2,,0.031595854220172845,2026-07-21T06:00:00+00:00,2026-07-20,bounded,1.0,0.5999088935614131,KXHIGHDEN-26JUL20-B99.5,bounded,0.5999088935614131,KXHIGHDEN-26JUL20-B99.5,,,1.0
,,1.243788849765779,t_plus_0h,la,la:2026-07-20,,KXHIGHLAX-26JUL20,3.1441116998789687,bracket,neuralcaster_v2,,0.2859256873174011,2026-07-20T08:00:00+00:00,2026-07-20,bounded,0.0,0.4659247078619811,KXHIGHLAX-26JUL20-B77.5,upper_tail,0.043105197397268355,KXHIGHLAX-26JUL20-T80,,,0.0
,,0.8985997542171148,t_plus_1h,la,la:2026-07-20,,KXHIGHLAX-26JUL20,1.4882014114366777,bracket,neuralcaster_v2,,0.13687851294174072,2026-07-20T09:00:00+00:00,2026-07-20,bounded,0.0,0.4854207626397969,KXHIGHLAX-26JUL20-B79.5,upper_tail,0.225778372970171,KXHIGHLAX-26JUL20-T80,,,1.0
,,0.5201144867761492,t_plus_2h,la,la:2026-07-20,,KXHIGHLAX-26JUL20,0.893355032472228,bracket,neuralcaster_v2,,0.079711823380097,2026-07-20T10:00:00+00:00,2026-07-20,upper_tail,1.0,0.4092802980048293,KXHIGHLAX-26JUL20-T80,upper_tail,0.4092802980048293,KXHIGHLAX-26JUL20-T80,,,1.0
,,0.41204657904303166,t_plus_3h,la,la:2026-07-20,,KXHIGHLAX-26JUL20,0.7549696040207337,bracket,neuralcaster_v2,,0.06540435544596943,2026-07-20T11:00:00+00:00,2026-07-20,upper_tail,1.0,0.4700249013805655,KXHIGHLAX-26JUL20-T80,upper_tail,0.4700249013805655,KXHIGHLAX-26JUL20-T80,,,1.0
,,0.32618156030069995,t_plus_4h,la,la:2026-07-20,,KXHIGHLAX-26JUL20,0.6339617636082475,bracket,neuralcaster_v2,,0.05064479344901224,2026-07-20T12:00:00+00:00,2026-07-20,upper_tail,1.0,0.5304859723436466,KXHIGHLAX-26JUL20-T80,upper_tail,0.5304859723436466,KXHIGHLAX-26JUL20-T80,,,1.0
,,0.44505948281274116,t_plus_5h,la,la:2026-07-20,,KXHIGHLAX-26JUL20,0.7654627976139528,bracket,neuralcaster_v2,,0.06246684000739321,2026-07-20T13:00:00+00:00,2026-07-20,upper_tail,1.0,0.46511862536667087,KXHIGHLAX-26JUL20-T80,upper_tail,0.46511862536667087,KXHIGHLAX-26JUL20-T80,,,1.0
,,0.5732399866902367,t_plus_6h,la,la:2026-07-20,,KXHIGHLAX-26JUL20,0.9030874463542106,bracket,neuralcaster_v2,,0.07496182518897374,2026-07-20T14:00:00+00:00,2026-07-20,bounded,0.0,0.44995233556237835,KXHIGHLAX-26JUL20-B79.5,upper_tail,0.4053163335112417,KXHIGHLAX-26JUL20-T80,,,1.0
,,1.2123403389803475,t_plus_7h,la,la:2026-07-20,,KXHIGHLAX-26JUL20,1.9639567084361285,bracket,neuralcaster_v2,,0.15588451854749785,2026-07-20T15:00:00+00:00,2026-07-20,bounded,0.0,0.658878627276066,KXHIGHLAX-26JUL20-B79.5,upper_tail,0.14030218637332992,KXHIGHLAX-26JUL20-T80,,,1.0
,,0.8629473089660984,t_plus_8h,la,la:2026-07-20,,KXHIGHLAX-26JUL20,1.174759962843457,bracket,neuralcaster_v2,,0.09663863223024302,2026-07-20T16:00:00+00:00,2026-07-20,bounded,0.0,0.6166050678838597,KXHIGHLAX-26JUL20-B79.5,upper_tail,0.30889311661524327,KXHIGHLAX-26JUL20-T80,,,1.0
,,0.4290282703317202,t_plus_9h,la,la:2026-07-20,,KXHIGHLAX-26JUL20,0.65260701553447,bracket,neuralcaster_v2,,0.04618195607539414,2026-07-20T17:00:00+00:00,2026-07-20,upper_tail,1.0,0.5206865678205321,KXHIGHLAX-26JUL20-T80,upper_tail,0.5206865678205321,KXHIGHLAX-26JUL20-T80,,,1.0
,,0.0221111980207085,t_plus_10h,la,la:2026-07-20,,KXHIGHLAX-26JUL20,0.11329113752051254,bracket,neuralcaster_v2,,0.0023004340740910645,2026-07-20T18:00:00+00:00,2026-07-20,upper_tail,1.0,0.8928906682959086,KXHIGHLAX-26JUL20-T80,upper_tail,0.8928906682959086,KXHIGHLAX-26JUL20-T80,,,1.0
,,2.970223509319164e-05,t_plus_11h,la,la:2026-07-20,,KXHIGHLAX-26JUL20,0.004987541511038939,bracket,neuralcaster_v2,,1.0890819534169945e-05,2026-07-20T19:00:00+00:00,2026-07-20,upper_tail,1.0,0.9950248756218907,KXHIGHLAX-26JUL20-T80,upper_tail,0.9950248756218907,KXHIGHLAX-26JUL20-T80,,,1.0
,,2.970223509319164e-05,t_plus_12h,la,la:2026-07-20,,KXHIGHLAX-26JUL20,0.004987541511038939,bracket,neuralcaster_v2,,1.0890819534169945e-05,2026-07-20T20:00:00+00:00,2026-07-20,upper_tail,1.0,0.9950248756218907,KXHIGHLAX-26JUL20-T80,upper_tail,0.9950248756218907,KXHIGHLAX-26JUL20-T80,,,1.0
,,2.970223509319164e-05,t_plus_13h,la,la:2026-07-20,,KXHIGHLAX-26JUL20,0.004987541511038939,bracket,neuralcaster_v2,,1.0890819534169945e-05,2026-07-20T21:00:00+00:00,2026-07-20,upper_tail,1.0,0.9950248756218907,KXHIGHLAX-26JUL20-T80,upper_tail,0.9950248756218907,KXHIGHLAX-26JUL20-T80,,,1.0
,,2.970223509319164e-05,t_plus_14h,la,la:2026-07-20,,KXHIGHLAX-26JUL20,0.004987541511038939,bracket,neuralcaster_v2,,1.0890819534169945e-05,2026-07-20T22:00:00+00:00,2026-07-20,upper_tail,1.0,0.9950248756218907,KXHIGHLAX-26JUL20-T80,upper_tail,0.9950248756218907,KXHIGHLAX-26JUL20-T80,,,1.0
,,2.970223509319164e-05,t_plus_15h,la,la:2026-07-20,,KXHIGHLAX-26JUL20,0.004987541511038939,bracket,neuralcaster_v2,,1.0890819534169945e-05,2026-07-20T23:00:00+00:00,2026-07-20,upper_tail,1.0,0.9950248756218907,KXHIGHLAX-26JUL20-T80,upper_tail,0.9950248756218907,KXHIGHLAX-26JUL20-T80,,,1.0
,,2.970223509319164e-05,t_plus_16h,la,la:2026-07-20,,KXHIGHLAX-26JUL20,0.004987541511038939,bracket,neuralcaster_v2,,1.0890819534169945e-05,2026-07-21T00:00:00+00:00,2026-07-20,upper_tail,1.0,0.9950248756218907,KXHIGHLAX-26JUL20-T80,upper_tail,0.9950248756218907,KXHIGHLAX-26JUL20-T80,,,1.0
,,2.970223509319164e-05,t_plus_17h,la,la:2026-07-20,,KXHIGHLAX-26JUL20,0.004987541511038939,bracket,neuralcaster_v2,,1.0890819534169945e-05,2026-07-21T01:00:00+00:00,2026-07-20,upper_tail,1.0,0.9950248756218907,KXHIGHLAX-26JUL20-T80,upper_tail,0.9950248756218907,KXHIGHLAX-26JUL20-T80,,,1.0
,,2.970223509319164e-05,t_plus_18h,la,la:2026-07-20,,KXHIGHLAX-26JUL20,0.004987541511038939,bracket,neuralcaster_v2,,1.0890819534169945e-05,2026-07-21T02:00:00+00:00,2026-07-20,upper_tail,1.0,0.9950248756218907,KXHIGHLAX-26JUL20-T80,upper_tail,0.9950248756218907,KXHIGHLAX-26JUL20-T80,,,1.0
,,2.970223509319164e-05,t_plus_19h,la,la:2026-07-20,,KXHIGHLAX-26JUL20,0.004987541511038939,bracket,neuralcaster_v2,,1.0890819534169945e-05,2026-07-21T03:00:00+00:00,2026-07-20,upper_tail,1.0,0.9950248756218907,KXHIGHLAX-26JUL20-T80,upper_tail,0.9950248756218907,KXHIGHLAX-26JUL20-T80,,,1.0
,,2.970223509319164e-05,t_plus_20h,la,la:2026-07-20,,KXHIGHLAX-26JUL20,0.004987541511038939,bracket,neuralcaster_v2,,1.0890819534169945e-05,2026-07-21T04:00:00+00:00,2026-07-20,upper_tail,1.0,0.9950248756218907,KXHIGHLAX-26JUL20-T80,upper_tail,0.9950248756218907,KXHIGHLAX-26JUL20-T80,,,1.0
,,2.970223509319164e-05,t_plus_21h,la,la:2026-07-20,,KXHIGHLAX-26JUL20,0.004987541511038939,bracket,neuralcaster_v2,,1.0890819534169945e-05,2026-07-21T05:00:00+00:00,2026-07-20,upper_tail,1.0,0.9950248756218907,KXHIGHLAX-26JUL20-T80,upper_tail,0.9950248756218907,KXHIGHLAX-26JUL20-T80,,,1.0
,,2.970223509319164e-05,t_plus_22h,la,la:2026-07-20,,KXHIGHLAX-26JUL20,0.004987541511038939,bracket,neuralcaster_v2,,1.0890819534169945e-05,2026-07-21T06:00:00+00:00,2026-07-20,upper_tail,1.0,0.9950248756218907,KXHIGHLAX-26JUL20-T80,upper_tail,0.9950248756218907,KXHIGHLAX-26JUL20-T80,,,1.0
,,2.970223509319164e-05,t_plus_23h,la,la:2026-07-20,,KXHIGHLAX-26JUL20,0.004987541511038939,bracket,neuralcaster_v2,,1.0890819534169945e-05,2026-07-21T07:00:00+00:00,2026-07-20,upper_tail,1.0,0.9950248756218907,KXHIGHLAX-26JUL20-T80,upper_tail,0.9950248756218907,KXHIGHLAX-26JUL20-T80,,,1.0
,,1.0324403421736639,t_plus_0h,mia,mia:2026-07-20,,KXHIGHMIA-26JUL20,1.453779798935284,bracket,neuralcaster_v2,,0.11905540562940464,2026-07-20T05:00:00+00:00,2026-07-20,bounded,0.0,0.6590314695978678,KXHIGHMIA-26JUL20-B91.5,bounded,0.2336853330981901,KXHIGHMIA-26JUL20-B93.5,,,1.0
,,0.8012273785217435,t_plus_1h,mia,mia:2026-07-20,,KXHIGHMIA-26JUL20,1.1017117756152197,bracket,neuralcaster_v2,,0.08564697180206945,2026-07-20T06:00:00+00:00,2026-07-20,bounded,0.0,0.5931966604722604,KXHIGHMIA-26JUL20-B91.5,bounded,0.33230177050123294,KXHIGHMIA-26JUL20-B93.5,,,1.0
,,0.4053643935895871,t_plus_2h,mia,mia:2026-07-20,,KXHIGHMIA-26JUL20,0.65830680110804,bracket,neuralcaster_v2,,0.039255548799383234,2026-07-20T07:00:00+00:00,2026-07-20,bounded,1.0,0.5177272079032585,KXHIGHMIA-26JUL20-B93.5,bounded,0.5177272079032585,KXHIGHMIA-26JUL20-B93.5,,,1.0
,,0.36205375343322216,t_plus_3h,mia,mia:2026-07-20,,KXHIGHMIA-26JUL20,0.6112190585717746,bracket,neuralcaster_v2,,0.03443208990513616,2026-07-20T08:00:00+00:00,2026-07-20,bounded,1.0,0.5426888961139593,KXHIGHMIA-26JUL20-B93.5,bounded,0.5426888961139593,KXHIGHMIA-26JUL20-B93.5,,,1.0
,,0.7395710302756853,t_plus_4h,mia,mia:2026-07-20,,KXHIGHMIA-26JUL20,1.0236813461932233,bracket,neuralcaster_v2,,0.07765954140798725,2026-07-20T09:00:00+00:00,2026-07-20,bounded,0.0,0.5712398952522482,KXHIGHMIA-26JUL20-B91.5,bounded,0.3592699058143122,KXHIGHMIA-26JUL20-B93.5,,,1.0
,,0.7468613808033894,t_plus_5h,mia,mia:2026-07-20,,KXHIGHMIA-26JUL20,1.0320381946840864,bracket,neuralcaster_v2,,0.07851345589368278,2026-07-20T10:00:00+00:00,2026-07-20,bounded,0.0,0.5742297491443109,KXHIGHMIA-26JUL20-B91.5,bounded,0.3562800519222494,KXHIGHMIA-26JUL20-B93.5,,,1.0
,,0.9870033169956014,t_plus_6h,mia,mia:2026-07-20,,KXHIGHMIA-26JUL20,1.3714521752613953,bracket,neuralcaster_v2,,0.11154911695220371,2026-07-20T11:00:00+00:00,2026-07-20,bounded,0.0,0.6495072259423272,KXHIGHMIA-26JUL20-B91.5,bounded,0.2537382195147702,KXHIGHMIA-26JUL20-B93.5,,,1.0
,,1.0692144952008973,t_plus_7h,mia,mia:2026-07-20,,KXHIGHMIA-26JUL20,1.5466274785138523,bracket,neuralcaster_v2,,0.1264424520076608,2026-07-20T12:00:00+00:00,2026-07-20,bounded,0.0,0.6588786272760659,KXHIGHMIA-26JUL20-B91.5,bounded,0.21296499308067626,KXHIGHMIA-26JUL20-B93.5,,,1.0
,,1.1149924258018804,t_plus_8h,mia,mia:2026-07-20,,KXHIGHMIA-26JUL20,1.6685107553355851,bracket,neuralcaster_v2,,0.1355882924159338,2026-07-20T13:00:00+00:00,2026-07-20,bounded,0.0,0.6588786272760659,KXHIGHMIA-26JUL20-B91.5,bounded,0.18852762043235338,KXHIGHMIA-26JUL20-B93.5,,,1.0
,,1.161367605712878,t_plus_9h,mia,mia:2026-07-20,,KXHIGHMIA-26JUL20,1.7926057656859988,bracket,neuralcaster_v2,,0.14401406118438792,2026-07-20T14:00:00+00:00,2026-07-20,bounded,0.0,0.6620552658241172,KXHIGHMIA-26JUL20-B91.5,bounded,0.1665256769249838,KXHIGHMIA-26JUL20-B93.5,,,1.0
,,0.5400841024088322,t_plus_10h,mia,mia:2026-07-20,,KXHIGHMIA-26JUL20,0.8032563545861178,bracket,neuralcaster_v2,,0.05452893136701763,2026-07-20T15:00:00+00:00,2026-07-20,bounded,0.0,0.4826416316587053,KXHIGHMIA-26JUL20-B91.5,bounded,0.44786816940785507,KXHIGHMIA-26JUL20-B93.5,,,1.0
,,0.64383534726686,t_plus_11h,mia,mia:2026-07-20,,KXHIGHMIA-26JUL20,0.9162330439149186,bracket,neuralcaster_v2,,0.06649774244483221,2026-07-20T16:00:00+00:00,2026-07-20,bounded,0.0,0.5304867252172727,KXHIGHMIA-26JUL20-B91.5,bounded,0.40002307584928753,KXHIGHMIA-26JUL20-B93.5,,,1.0
,,0.6127708685886618,t_plus_12h,mia,mia:2026-07-20,,KXHIGHMIA-26JUL20,0.8398196534032535,bracket,neuralcaster_v2,,0.05842273532434576,2026-07-20T17:00:00+00:00,2026-07-20,bounded,0.0,0.5377242823230595,KXHIGHMIA-26JUL20-B91.5,bounded,0.43178838797385155,KXHIGHMIA-26JUL20-B93.5,,,1.0
,,0.5557915016973679,t_plus_13h,mia,mia:2026-07-20,,KXHIGHMIA-26JUL20,0.784082594470186,bracket,neuralcaster_v2,,0.05250846130809045,2026-07-20T18:00:00+00:00,2026-07-20,bounded,0.0,0.5093834837057989,KXHIGHMIA-26JUL20-B91.5,bounded,0.45653834052369946,KXHIGHMIA-26JUL20-B93.5,,,1.0
,,0.10314563876694806,t_plus_14h,mia,mia:2026-07-20,,KXHIGHMIA-26JUL20,0.30297019068207537,bracket,neuralcaster_v2,,0.0071322097138320755,2026-07-20T19:00:00+00:00,2026-07-20,bounded,1.0,0.7386211138339263,KXHIGHMIA-26JUL20-B93.5,bounded,0.7386211138339263,KXHIGHMIA-26JUL20-B93.5,,,1.0
,,0.10314563876694806,t_plus_15h,mia,mia:2026-07-20,,KXHIGHMIA-26JUL20,0.30297019068207537,bracket,neuralcaster_v2,,0.0071322097138320755,2026-07-20T20:00:00+00:00,2026-07-20,bounded,1.0,0.7386211138339263,KXHIGHMIA-26JUL20-B93.5,bounded,0.7386211138339263,KXHIGHMIA-26JUL20-B93.5,,,1.0
,,0.10314563876694806,t_plus_16h,mia,mia:2026-07-20,,KXHIGHMIA-26JUL20,0.30297019068207537,bracket,neuralcaster_v2,,0.0071322097138320755,2026-07-20T21:00:00+00:00,2026-07-20,bounded,1.0,0.7386211138339263,KXHIGHMIA-26JUL20-B93.5,bounded,0.7386211138339263,KXHIGHMIA-26JUL20-B93.5,,,1.0
,,0.10314563876694806,t_plus_17h,mia,mia:2026-07-20,,KXHIGHMIA-26JUL20,0.30297019068207537,bracket,neuralcaster_v2,,0.0071322097138320755,2026-07-20T22:00:00+00:00,2026-07-20,bounded,1.0,0.7386211138339263,KXHIGHMIA-26JUL20-B93.5,bounded,0.7386211138339263,KXHIGHMIA-26JUL20-B93.5,,,1.0
,,0.10314563876694806,t_plus_18h,mia,mia:2026-07-20,,KXHIGHMIA-26JUL20,0.30297019068207537,bracket,neuralcaster_v2,,0.0071322097138320755,2026-07-20T23:00:00+00:00,2026-07-20,bounded,1.0,0.7386211138339263,KXHIGHMIA-26JUL20-B93.5,bounded,0.7386211138339263,KXHIGHMIA-26JUL20-B93.5,,,1.0
,,0.10314563876694806,t_plus_19h,mia,mia:2026-07-20,,KXHIGHMIA-26JUL20,0.30297019068207537,bracket,neuralcaster_v2,,0.0071322097138320755,2026-07-21T00:00:00+00:00,2026-07-20,bounded,1.0,0.7386211138339263,KXHIGHMIA-26JUL20-B93.5,bounded,0.7386211138339263,KXHIGHMIA-26JUL20-B93.5,,,1.0
,,0.10314563876694806,t_plus_20h,mia,mia:2026-07-20,,KXHIGHMIA-26JUL20,0.30297019068207537,bracket,neuralcaster_v2,,0.0071322097138320755,2026-07-21T01:00:00+00:00,2026-07-20,bounded,1.0,0.7386211138339263,KXHIGHMIA-26JUL20-B93.5,bounded,0.7386211138339263,KXHIGHMIA-26JUL20-B93.5,,,1.0
,,0.10314563876694806,t_plus_21h,mia,mia:2026-07-20,,KXHIGHMIA-26JUL20,0.30297019068207537,bracket,neuralcaster_v2,,0.0071322097138320755,2026-07-21T02:00:00+00:00,2026-07-20,bounded,1.0,0.7386211138339263,KXHIGHMIA-26JUL20-B93.5,bounded,0.7386211138339263,KXHIGHMIA-26JUL20-B93.5,,,1.0
,,0.10314563876694806,t_plus_22h,mia,mia:2026-07-20,,KXHIGHMIA-26JUL20,0.30297019068207537,bracket,neuralcaster_v2,,0.0071322097138320755,2026-07-21T03:00:00+00:00,2026-07-20,bounded,1.0,0.7386211138339263,KXHIGHMIA-26JUL20-B93.5,bounded,0.7386211138339263,KXHIGHMIA-26JUL20-B93.5,,,1.0
,,0.10314563876694806,t_plus_23h,mia,mia:2026-07-20,,KXHIGHMIA-26JUL20,0.30297019068207537,bracket,neuralcaster_v2,,0.0071322097138320755,2026-07-21T04:00:00+00:00,2026-07-20,bounded,1.0,0.7386211138339263,KXHIGHMIA-26JUL20-B93.5,bounded,0.7386211138339263,KXHIGHMIA-26JUL20-B93.5,,,1.0
,,0.7226744165409145,t_plus_0h,nyc,nyc:2026-07-20,,KXHIGHNY-26JUL20,1.395399010382308,bracket,neuralcaster_v2,,0.09824401787929529,2026-07-20T05:00:00+00:00,2026-07-20,bounded,0.0,0.2994528608277283,KXHIGHNY-26JUL20-B79.5,bounded,0.24773416813867588,KXHIGHNY-26JUL20-B81.5,,,1.0
,,0.6631095136227503,t_plus_1h,nyc,nyc:2026-07-20,,KXHIGHNY-26JUL20,1.3119645499126875,bracket,neuralcaster_v2,,0.07105718865234467,2026-07-20T06:00:00+00:00,2026-07-20,bounded,1.0,0.26929050175504177,KXHIGHNY-26JUL20-B81.5,bounded,0.26929050175504177,KXHIGHNY-26JUL20-B81.5,,,1.0
,,0.6800054343956309,t_plus_2h,nyc,nyc:2026-07-20,,KXHIGHNY-26JUL20,1.214569235258205,bracket,neuralcaster_v2,,0.08758762432486066,2026-07-20T07:00:00+00:00,2026-07-20,bounded,0.0,0.37615345695336794,KXHIGHNY-26JUL20-B79.5,bounded,0.2968378540391913,KXHIGHNY-26JUL20-B81.5,,,1.0
,,0.8714767347355845,t_plus_3h,nyc,nyc:2026-07-20,,KXHIGHNY-26JUL20,1.4736254807652662,bracket,neuralcaster_v2,,0.12092626246633262,2026-07-20T08:00:00+00:00,2026-07-20,bounded,0.0,0.47535989515708693,KXHIGHNY-26JUL20-B79.5,bounded,0.22909340402127884,KXHIGHNY-26JUL20-B81.5,,,1.0
,,0.7672726302643865,t_plus_4h,nyc,nyc:2026-07-20,,KXHIGHNY-26JUL20,1.2175040817901464,bracket,neuralcaster_v2,,0.09431724702810004,2026-07-20T09:00:00+00:00,2026-07-20,bounded,0.0,0.4957787977040701,KXHIGHNY-26JUL20-B79.5,bounded,0.29596795762334654,KXHIGHNY-26JUL20-B81.5,,,1.0
,,0.8462379304442039,t_plus_5h,nyc,nyc:2026-07-20,,KXHIGHNY-26JUL20,1.3135238161904126,bracket,neuralcaster_v2,,0.10397416284182825,2026-07-20T10:00:00+00:00,2026-07-20,bounded,0.0,0.5344652500775777,KXHIGHNY-26JUL20-B79.5,bounded,0.26887093335118356,KXHIGHNY-26JUL20-B81.5,,,1.0
,,0.6065071195904742,t_plus_6h,nyc,nyc:2026-07-20,,KXHIGHNY-26JUL20,0.9377204498718682,bracket,neuralcaster_v2,,0.06492610507915071,2026-07-20T11:00:00+00:00,2026-07-20,bounded,0.0,0.47654876995333134,KXHIGHNY-26JUL20-B79.5,bounded,0.39151930678152974,KXHIGHNY-26JUL20-B81.5,,,1.0
,,0.6704323988590614,t_plus_7h,nyc,nyc:2026-07-20,,KXHIGHNY-26JUL20,0.9837934123273363,bracket,neuralcaster_v2,,0.07119727899852027,2026-07-20T12:00:00+00:00,2026-07-20,bounded,0.0,0.5221156574413383,KXHIGHNY-26JUL20-B79.5,bounded,0.37389008605019725,KXHIGHNY-26JUL20-B81.5,,,1.0
,,0.72235151742861,t_plus_8h,nyc,nyc:2026-07-20,,KXHIGHNY-26JUL20,1.0267959962196345,bracket,neuralcaster_v2,,0.07669723189315211,2026-07-20T13:00:00+00:00,2026-07-20,bounded,0.0,0.5531464447775113,KXHIGHNY-26JUL20-B79.5,bounded,0.3581526466315654,KXHIGHNY-26JUL20-B81.5,,,1.0
,,0.7196998861160282,t_plus_9h,nyc,nyc:2026-07-20,,KXHIGHNY-26JUL20,1.0046443974566561,bracket,neuralcaster_v2,,0.07532824144329468,2026-07-20T14:00:00+00:00,2026-07-20,bounded,0.0,0.5613424034477699,KXHIGHNY-26JUL20-B79.5,bounded,0.3661748243536246,KXHIGHNY-26JUL20-B81.5,,,1.0
,,0.45300448168228136,t_plus_10h,nyc,nyc:2026-07-20,,KXHIGHNY-26JUL20,0.7096439687339869,bracket,neuralcaster_v2,,0.044614852005399774,2026-07-20T15:00:00+00:00,2026-07-20,bounded,1.0,0.4918192693306955,KXHIGHNY-26JUL20-B81.5,bounded,0.4918192693306955,KXHIGHNY-26JUL20-B81.5,,,1.0
,,0.2592334254172079,t_plus_11h,nyc,nyc:2026-07-20,,KXHIGHNY-26JUL20,0.5016469218527089,bracket,neuralcaster_v2,,0.022521364790221505,2026-07-20T16:00:00+00:00,2026-07-20,bounded,1.0,0.6055325732256347,KXHIGHNY-26JUL20-B81.5,bounded,0.6055325732256347,KXHIGHNY-26JUL20-B81.5,,,1.0
,,0.20632397579099024,t_plus_12h,nyc,nyc:2026-07-20,,KXHIGHNY-26JUL20,0.4441843138624162,bracket,neuralcaster_v2,,0.016294633454563372,2026-07-20T17:00:00+00:00,2026-07-20,bounded,1.0,0.6413472007531347,KXHIGHNY-26JUL20-B81.5,bounded,0.6413472007531347,KXHIGHNY-26JUL20-B81.5,,,1.0
,,0.18198339268942576,t_plus_13h,nyc,nyc:2026-07-20,,KXHIGHNY-26JUL20,0.4166124094380653,bracket,neuralcaster_v2,,0.01335535598544472,2026-07-20T18:00:00+00:00,2026-07-20,bounded,1.0,0.6592763997403891,KXHIGHNY-26JUL20-B81.5,bounded,0.6592763997403891,KXHIGHNY-26JUL20-B81.5,,,1.0
,,0.17945962389241948,t_plus_14h,nyc,nyc:2026-07-20,,KXHIGHNY-26JUL20,0.41721593856513234,bracket,neuralcaster_v2,,0.012801318736829284,2026-07-20T19:00:00+00:00,2026-07-20,bounded,1.0,0.6588786272760659,KXHIGHNY-26JUL20-B81.5,bounded,0.6588786272760659,KXHIGHNY-26JUL20-B81.5,,,1.0
,,0.23014864237770039,t_plus_15h,nyc,nyc:2026-07-20,,KXHIGHNY-26JUL20,0.4686277246484062,bracket,neuralcaster_v2,,0.019190271957596677,2026-07-20T20:00:00+00:00,2026-07-20,bounded,1.0,0.6258605322427082,KXHIGHNY-26JUL20-B81.5,bounded,0.6258605322427082,KXHIGHNY-26JUL20-B81.5,,,1.0
,,0.2558105640323423,t_plus_16h,nyc,nyc:2026-07-20,,KXHIGHNY-26JUL20,0.4975056552432381,bracket,neuralcaster_v2,,0.022064478101289413,2026-07-20T21:00:00+00:00,2026-07-20,bounded,1.0,0.6080454446961084,KXHIGHNY-26JUL20-B81.5,bounded,0.6080454446961084,KXHIGHNY-26JUL20-B81.5,,,1.0
,,0.15275480067985617,t_plus_17h,nyc,nyc:2026-07-20,,KXHIGHNY-26JUL20,0.3814242157439072,bracket,neuralcaster_v2,,0.010643542701500312,2026-07-20T22:00:00+00:00,2026-07-20,bounded,1.0,0.6828881362665461,KXHIGHNY-26JUL20-B81.5,bounded,0.6828881362665461,KXHIGHNY-26JUL20-B81.5,,,1.0
,,0.3459545032715428,t_plus_18h,nyc,nyc:2026-07-20,,KXHIGHNY-26JUL20,0.5762682307909704,bracket,neuralcaster_v2,,0.03115123832400877,2026-07-20T23:00:00+00:00,2026-07-20,bounded,1.0,0.5619916815047453,KXHIGHNY-26JUL20-B81.5,bounded,0.5619916815047453,KXHIGHNY-26JUL20-B81.5,,,1.0
,,0.599090724384675,t_plus_19h,nyc,nyc:2026-07-20,,KXHIGHNY-26JUL20,0.8236586956515114,bracket,neuralcaster_v2,,0.05727080430143174,2026-07-21T00:00:00+00:00,2026-07-20,bounded,0.0,0.5324529613470147,KXHIGHNY-26JUL20-B79.5,bounded,0.43882319335602293,KXHIGHNY-26JUL20-B81.5,,,1.0
,,0.6220120466806156,t_plus_20h,nyc,nyc:2026-07-20,,KXHIGHNY-26JUL20,0.8459637187046586,bracket,neuralcaster_v2,,0.059671863113471516,2026-07-21T01:00:00+00:00,2026-07-20,bounded,0.0,0.5436406730826568,KXHIGHNY-26JUL20-B79.5,bounded,0.4291435851623453,KXHIGHNY-26JUL20-B81.5,,,1.0
,,0.6634854150975649,t_plus_21h,nyc,nyc:2026-07-20,,KXHIGHNY-26JUL20,0.886527720013289,bracket,neuralcaster_v2,,0.0640276017885372,2026-07-21T02:00:00+00:00,2026-07-20,bounded,0.0,0.5633580126666567,KXHIGHNY-26JUL20-B79.5,bounded,0.4120841429542685,KXHIGHNY-26JUL20-B81.5,,,1.0
,,0.7042881458747916,t_plus_22h,nyc,nyc:2026-07-20,,KXHIGHNY-26JUL20,0.9267795230931718,bracket,neuralcaster_v2,,0.06832599095211349,2026-07-21T03:00:00+00:00,2026-07-20,bounded,0.0,0.5821487352977709,KXHIGHNY-26JUL20-B79.5,bounded,0.3958264097338287,KXHIGHNY-26JUL20-B81.5,,,1.0
,,0.7365310638802657,t_plus_23h,nyc,nyc:2026-07-20,,KXHIGHNY-26JUL20,0.9588911457444745,bracket,neuralcaster_v2,,0.07173106091136904,2026-07-21T04:00:00+00:00,2026-07-20,bounded,0.0,0.5966063357036921,KXHIGHNY-26JUL20-B79.5,bounded,0.3833176938626257,KXHIGHNY-26JUL20-B81.5,,,1.0
,,0.788252335817029,t_plus_0h,okc,okc:2026-07-20,,KXHIGHTOKC-26JUL20,1.1964519580443191,bracket,neuralcaster_v2,,0.09187089016656057,2026-07-20T06:00:00+00:00,2026-07-20,bounded,0.0,0.5319697814288585,KXHIGHTOKC-26JUL20-B96.5,bounded,0.30226475966398625,KXHIGHTOKC-26JUL20-B98.5,,,1.0
,,0.3914006865287696,t_plus_1h,okc,okc:2026-07-20,,KXHIGHTOKC-26JUL20,0.6431829324161118,bracket,neuralcaster_v2,,0.03753076196180166,2026-07-20T07:00:00+00:00,2026-07-20,bounded,1.0,0.5256167560774256,KXHIGHTOKC-26JUL20-B98.5,bounded,0.5256167560774256,KXHIGHTOKC-26JUL20-B98.5,,,1.0
,,0.17541869859679207,t_plus_2h,okc,okc:2026-07-20,,KXHIGHTOKC-26JUL20,0.41721593856513217,bracket,neuralcaster_v2,,0.012002597241463095,2026-07-20T08:00:00+00:00,2026-07-20,bounded,1.0,0.658878627276066,KXHIGHTOKC-26JUL20-B98.5,bounded,0.658878627276066,KXHIGHTOKC-26JUL20-B98.5,,,1.0
,,0.18100728680701786,t_plus_3h,okc,okc:2026-07-20,,KXHIGHTOKC-26JUL20,0.41721593856513234,bracket,neuralcaster_v2,,0.013156941008206986,2026-07-20T09:00:00+00:00,2026-07-20,bounded,1.0,0.6588786272760659,KXHIGHTOKC-26JUL20-B98.5,bounded,0.6588786272760659,KXHIGHTOKC-26JUL20-B98.5,,,1.0
,,0.2971332382401917,t_plus_4h,okc,okc:2026-07-20,,KXHIGHTOKC-26JUL20,0.5397931682285726,bracket,neuralcaster_v2,,0.027235033208634907,2026-07-20T10:00:00+00:00,2026-07-20,bounded,1.0,0.5828687956929888,KXHIGHTOKC-26JUL20-B98.5,bounded,0.5828687956929888,KXHIGHTOKC-26JUL20-B98.5,,,1.0
,,0.36723351092733275,t_plus_5h,okc,okc:2026-07-20,,KXHIGHTOKC-26JUL20,0.6168813266285056,bracket,neuralcaster_v2,,0.035006221015945034,2026-07-20T11:00:00+00:00,2026-07-20,bounded,1.0,0.5396247293662532,KXHIGHTOKC-26JUL20-B98.5,bounded,0.5396247293662532,KXHIGHTOKC-26JUL20-B98.5,,,1.0
,,0.35752956471251907,t_plus_6h,okc,okc:2026-07-20,,KXHIGHTOKC-26JUL20,0.6062651898628623,bracket,neuralcaster_v2,,0.033931271783508785,2026-07-20T12:00:00+00:00,2026-07-20,bounded,1.0,0.5453839756786356,KXHIGHTOKC-26JUL20-B98.5,bounded,0.5453839756786356,KXHIGHTOKC-26JUL20-B98.5,,,1.0
,,0.3200978906342961,t_plus_7h,okc,okc:2026-07-20,,KXHIGHTOKC-26JUL20,0.564927869800871,bracket,neuralcaster_v2,,0.02981257911006554,2026-07-20T13:00:00+00:00,2026-07-20,bounded,1.0,0.568401144166661,KXHIGHTOKC-26JUL20-B98.5,bounded,0.568401144166661,KXHIGHTOKC-26JUL20-B98.5,,,1.0
,,0.39059306931688376,t_plus_8h,okc,okc:2026-07-20,,KXHIGHTOKC-26JUL20,0.6423067467116604,bracket,neuralcaster_v2,,0.03760483290260619,2026-07-20T14:00:00+00:00,2026-07-20,bounded,1.0,0.5260774957824164,KXHIGHTOKC-26JUL20-B98.5,bounded,0.5260774957824164,KXHIGHTOKC-26JUL20-B98.5,,,1.0
,,0.2519615346147628,t_plus_9h,okc,okc:2026-07-20,,KXHIGHTOKC-26JUL20,0.49408155661461733,bracket,neuralcaster_v2,,0.021638118818103937,2026-07-20T15:00:00+00:00,2026-07-20,bounded,1.0,0.6101310208409543,KXHIGHTOKC-26JUL20-B98.5,bounded,0.6101310208409543,KXHIGHTOKC-26JUL20-B98.5,,,1.0
,,0.24199881670279644,t_plus_10h,okc,okc:2026-07-20,,KXHIGHTOKC-26JUL20,0.4835651309402482,bracket,neuralcaster_v2,,0.020440771953246586,2026-07-20T16:00:00+00:00,2026-07-20,bounded,1.0,0.6165812757391997,KXHIGHTOKC-26JUL20-B98.5,bounded,0.6165812757391997,KXHIGHTOKC-26JUL20-B98.5,,,1.0
,,0.18244927298774893,t_plus_11h,okc,okc:2026-07-20,,KXHIGHTOKC-26JUL20,0.4163589582634249,bracket,neuralcaster_v2,,0.01353665991348551,2026-07-20T17:00:00+00:00,2026-07-20,bounded,1.0,0.6594435152952383,KXHIGHTOKC-26JUL20-B98.5,bounded,0.6594435152952383,KXHIGHTOKC-26JUL20-B98.5,,,1.0
,,0.17758511697942525,t_plus_12h,okc,okc:2026-07-20,,KXHIGHTOKC-26JUL20,0.41721593856513234,bracket,neuralcaster_v2,,0.01246607825560327,2026-07-20T18:00:00+00:00,2026-07-20,bounded,1.0,0.6588786272760659,KXHIGHTOKC-26JUL20-B98.5,bounded,0.6588786272760659,KXHIGHTOKC-26JUL20-B98.5,,,1.0
,,0.16519019456042938,t_plus_13h,okc,okc:2026-07-20,,KXHIGHTOKC-26JUL20,0.4044466566759792,bracket,neuralcaster_v2,,0.011108979839134326,2026-07-20T19:00:00+00:00,2026-07-20,bounded,1.0,0.6673459801533024,KXHIGHTOKC-26JUL20-B98.5,bounded,0.6673459801533024,KXHIGHTOKC-26JUL20-B98.5,,,1.0
,,0.16332145570697806,t_plus_14h,okc,okc:2026-07-20,,KXHIGHTOKC-26JUL20,0.40189157810981413,bracket,neuralcaster_v2,,0.010955818228217467,2026-07-20T20:00:00+00:00,2026-07-20,bounded,1.0,0.6690532817794713,KXHIGHTOKC-26JUL20-B98.5,bounded,0.6690532817794713,KXHIGHTOKC-26JUL20-B98.5,,,1.0
,,0.08459096397896002,t_plus_15h,okc,okc:2026-07-20,,KXHIGHTOKC-26JUL20,0.2327346670524114,bracket,neuralcaster_v2,,0.00845989003609222,2026-07-20T21:00:00+00:00,2026-07-20,bounded,1.0,0.7923637858538153,KXHIGHTOKC-26JUL20-B98.5,bounded,0.7923637858538153,KXHIGHTOKC-26JUL20-B98.5,,,1.0
,,0.08459096397896002,t_plus_16h,okc,okc:2026-07-20,,KXHIGHTOKC-26JUL20,0.2327346670524114,bracket,neuralcaster_v2,,0.00845989003609222,2026-07-20T22:00:00+00:00,2026-07-20,bounded,1.0,0.7923637858538153,KXHIGHTOKC-26JUL20-B98.5,bounded,0.7923637858538153,KXHIGHTOKC-26JUL20-B98.5,,,1.0
,,0.08459096397896002,t_plus_17h,okc,okc:2026-07-20,,KXHIGHTOKC-26JUL20,0.2327346670524114,bracket,neuralcaster_v2,,0.00845989003609222,2026-07-20T23:00:00+00:00,2026-07-20,bounded,1.0,0.7923637858538153,KXHIGHTOKC-26JUL20-B98.5,bounded,0.7923637858538153,KXHIGHTOKC-26JUL20-B98.5,,,1.0
,,0.08459096397896002,t_plus_18h,okc,okc:2026-07-20,,KXHIGHTOKC-26JUL20,0.2327346670524114,bracket,neuralcaster_v2,,0.00845989003609222,2026-07-21T00:00:00+00:00,2026-07-20,bounded,1.0,0.7923637858538153,KXHIGHTOKC-26JUL20-B98.5,bounded,0.7923637858538153,KXHIGHTOKC-26JUL20-B98.5,,,1.0
,,0.08459096397896002,t_plus_19h,okc,okc:2026-07-20,,KXHIGHTOKC-26JUL20,0.2327346670524114,bracket,neuralcaster_v2,,0.00845989003609222,2026-07-21T01:00:00+00:00,2026-07-20,bounded,1.0,0.7923637858538153,KXHIGHTOKC-26JUL20-B98.5,bounded,0.7923637858538153,KXHIGHTOKC-26JUL20-B98.5,,,1.0
,,0.08459096397896002,t_plus_20h,okc,okc:2026-07-20,,KXHIGHTOKC-26JUL20,0.2327346670524114,bracket,neuralcaster_v2,,0.00845989003609222,2026-07-21T02:00:00+00:00,2026-07-20,bounded,1.0,0.7923637858538153,KXHIGHTOKC-26JUL20-B98.5,bounded,0.7923637858538153,KXHIGHTOKC-26JUL20-B98.5,,,1.0
,,0.08459096397896002,t_plus_21h,okc,okc:2026-07-20,,KXHIGHTOKC-26JUL20,0.2327346670524114,bracket,neuralcaster_v2,,0.00845989003609222,2026-07-21T03:00:00+00:00,2026-07-20,bounded,1.0,0.7923637858538153,KXHIGHTOKC-26JUL20-B98.5,bounded,0.7923637858538153,KXHIGHTOKC-26JUL20-B98.5,,,1.0
,,0.08459096397896002,t_plus_22h,okc,okc:2026-07-20,,KXHIGHTOKC-26JUL20,0.2327346670524114,bracket,neuralcaster_v2,,0.00845989003609222,2026-07-21T04:00:00+00:00,2026-07-20,bounded,1.0,0.7923637858538153,KXHIGHTOKC-26JUL20-B98.5,bounded,0.7923637858538153,KXHIGHTOKC-26JUL20-B98.5,,,1.0
,,0.08459096397896002,t_plus_23h,okc,okc:2026-07-20,,KXHIGHTOKC-26JUL20,0.2327346670524114,bracket,neuralcaster_v2,,0.00845989003609222,2026-07-21T05:00:00+00:00,2026-07-20,bounded,1.0,0.7923637858538153,KXHIGHTOKC-26JUL20-B98.5,bounded,0.7923637858538153,KXHIGHTOKC-26JUL20-B98.5,,,1.0
,,0.7972093275218466,t_plus_0h,aus,aus:2026-07-21,,KXHIGHAUS-26JUL21,1.1594311839883402,bracket,neuralcaster_v2,,0.08927015983148533,2026-07-21T06:00:00+00:00,2026-07-21,bounded,0.0,0.5623720962322282,KXHIGHAUS-26JUL21-B99.5,bounded,0.31366454756582884,KXHIGHAUS-26JUL21-B101.5,,,1.0
,,0.6003692791482937,t_plus_1h,aus,aus:2026-07-21,,KXHIGHAUS-26JUL21,0.8685784338174106,bracket,neuralcaster_v2,,0.06169216241846729,2026-07-21T07:00:00+00:00,2026-07-21,bounded,0.0,0.5109622609444987,KXHIGHAUS-26JUL21-B99.5,bounded,0.4195475401220616,KXHIGHAUS-26JUL21-B101.5,,,1.0
,,0.5497465590163124,t_plus_2h,aus,aus:2026-07-21,,KXHIGHAUS-26JUL21,0.8136808599277597,bracket,neuralcaster_v2,,0.055850348332871204,2026-07-21T08:00:00+00:00,2026-07-21,bounded,0.0,0.4872861851364331,KXHIGHAUS-26JUL21-B99.5,bounded,0.44322361593012716,KXHIGHAUS-26JUL21-B101.5,,,1.0
,,0.4802698466561585,t_plus_3h,aus,aus:2026-07-21,,KXHIGHAUS-26JUL21,0.7389334835452771,bracket,neuralcaster_v2,,0.04789775028685825,2026-07-21T09:00:00+00:00,2026-07-21,bounded,1.0,0.47762303680757096,KXHIGHAUS-26JUL21-B101.5,bounded,0.47762303680757096,KXHIGHAUS-26JUL21-B101.5,,,1.0
,,0.5524522436618995,t_plus_4h,aus,aus:2026-07-21,,KXHIGHAUS-26JUL21,0.816602485617954,bracket,neuralcaster_v2,,0.05616164084923185,2026-07-21T10:00:00+00:00,2026-07-21,bounded,0.0,0.48857922882463256,KXHIGHAUS-26JUL21-B99.5,bounded,0.4419305722419277,KXHIGHAUS-26JUL21-B101.5,,,1.0
,,0.6215220067455791,t_plus_5h,aus,aus:2026-07-21,,KXHIGHAUS-26JUL21,0.891698844725096,bracket,neuralcaster_v2,,0.06414353723695568,2026-07-21T11:00:00+00:00,2026-07-21,bounded,0.0,0.5205510964177172,KXHIGHAUS-26JUL21-B99.5,bounded,0.40995870464884304,KXHIGHAUS-26JUL21-B101.5,,,1.0
,,0.9585287288401693,t_plus_6h,aus,aus:2026-07-21,,KXHIGHAUS-26JUL21,1.3271879441556864,bracket,neuralcaster_v2,,0.10785583013306743,2026-07-21T12:00:00+00:00,2026-07-21,bounded,0.0,0.6412761822571453,KXHIGHAUS-26JUL21-B99.5,bounded,0.26522203280690165,KXHIGHAUS-26JUL21-B101.5,,,1.0
,,1.0298527513077664,t_plus_7h,aus,aus:2026-07-21,,KXHIGHAUS-26JUL21,1.446796561276046,bracket,neuralcaster_v2,,0.11882299125873937,2026-07-21T13:00:00+00:00,2026-07-21,bounded,0.0,0.659263817193966,KXHIGHAUS-26JUL21-B99.5,bounded,0.23532292450685097,KXHIGHAUS-26JUL21-B101.5,,,1.0
,,1.1032331903984725,t_plus_8h,aus,aus:2026-07-21,,KXHIGHAUS-26JUL21,1.6363733488056746,bracket,neuralcaster_v2,,0.13361727002435092,2026-07-21T14:00:00+00:00,2026-07-21,bounded,0.0,0.658878627276066,KXHIGHAUS-26JUL21-B99.5,bounded,0.19468481745732238,KXHIGHAUS-26JUL21-B101.5,,,1.0
,,1.314728052197267,t_plus_9h,aus,aus:2026-07-21,,KXHIGHAUS-26JUL21,2.421391903586085,bracket,neuralcaster_v2,,0.17962346813007574,2026-07-21T15:00:00+00:00,2026-07-21,bounded,0.0,0.6463646574947922,KXHIGHAUS-26JUL21-B99.5,bounded,0.08879793323938759,KXHIGHAUS-26JUL21-B101.5,,,1.0
,,1.3605085336895608,t_plus_10h,aus,aus:2026-07-21,,KXHIGHAUS-26JUL21,3.0320720099211274,bracket,neuralcaster_v2,,0.21011086412089047,2026-07-21T16:00:00+00:00,2026-07-21,bounded,0.0,0.5684952737838095,KXHIGHAUS-26JUL21-B99.5,bounded,0.04821563128788473,KXHIGHAUS-26JUL21-B101.5,,,1.0
,,1.358134616940032,t_plus_11h,aus,aus:2026-07-21,,KXHIGHAUS-26JUL21,3.154855536893664,bracket,neuralcaster_v2,,0.2196287737031653,2026-07-21T17:00:00+00:00,2026-07-21,bounded,0.0,0.5287428502048351,KXHIGHAUS-26JUL21-B99.5,bounded,0.042644561113453966,KXHIGHAUS-26JUL21-B101.5,,,1.0
,,1.3602100302490512,t_plus_12h,aus,aus:2026-07-21,,KXHIGHAUS-26JUL21,3.0384571126748536,bracket,neuralcaster_v2,,0.21061312496677753,2026-07-21T18:00:00+00:00,2026-07-21,bounded,0.0,0.5663055216375101,KXHIGHAUS-26JUL21-B99.5,bounded,0.047908750303699996,KXHIGHAUS-26JUL21-B101.5,,,1.0
,,1.3596729579882203,t_plus_13h,aus,aus:2026-07-21,,KXHIGHAUS-26JUL21,3.0857602690725936,bracket,neuralcaster_v2,,0.21425014289659763,2026-07-21T19:00:00+00:00,2026-07-21,bounded,0.0,0.5508235728791565,KXHIGHAUS-26JUL21-B99.5,bounded,0.045695279982593616,KXHIGHAUS-26JUL21-B101.5,,,1.0
,,1.3736178704518043,t_plus_14h,aus,aus:2026-07-21,,KXHIGHAUS-26JUL21,2.8495572205071844,bracket,neuralcaster_v2,,0.1978249319691945,2026-07-21T20:00:00+00:00,2026-07-21,bounded,0.0,0.619594137390982,KXHIGHAUS-26JUL21-B99.5,bounded,0.05786993882503065,KXHIGHAUS-26JUL21-B101.5,,,1.0
,,1.3360227772076851,t_plus_15h,aus,aus:2026-07-21,,KXHIGHAUS-26JUL21,2.3989526776567076,bracket,neuralcaster_v2,,0.17580470270027426,2026-07-21T21:00:00+00:00,2026-07-21,bounded,0.0,0.6753627557505476,KXHIGHAUS-26JUL21-B99.5,bounded,0.09081301399974398,KXHIGHAUS-26JUL21-B101.5,,,1.0
,,0.5567557593373506,t_plus_16h,aus,aus:2026-07-21,,KXHIGHAUS-26JUL21,0.7825999344557535,bracket,neuralcaster_v2,,0.05304377502145334,2026-07-21T22:00:00+00:00,2026-07-21,bounded,0.0,0.5111948240862271,KXHIGHAUS-26JUL21-B99.5,bounded,0.4572157337140563,KXHIGHAUS-26JUL21-B101.5,,,1.0
,,0.5567557593373506,t_plus_17h,aus,aus:2026-07-21,,KXHIGHAUS-26JUL21,0.7825999344557535,bracket,neuralcaster_v2,,0.05304377502145334,2026-07-21T23:00:00+00:00,2026-07-21,bounded,0.0,0.5111948240862271,KXHIGHAUS-26JUL21-B99.5,bounded,0.4572157337140563,KXHIGHAUS-26JUL21-B101.5,,,1.0
,,0.4500523321603922,t_plus_18h,aus,aus:2026-07-21,,KXHIGHAUS-26JUL21,0.6791240416167008,bracket,neuralcaster_v2,,0.04195933584660213,2026-07-22T00:00:00+00:00,2026-07-21,bounded,1.0,0.5070609621883299,KXHIGHAUS-26JUL21-B101.5,bounded,0.5070609621883299,KXHIGHAUS-26JUL21-B101.5,,,1.0
,,0.4100863392726714,t_plus_19h,aus,aus:2026-07-21,,KXHIGHAUS-26JUL21,0.639997322622517,bracket,neuralcaster_v2,,0.03784571443224085,2026-07-22T01:00:00+00:00,2026-07-21,bounded,1.0,0.5272938358058016,KXHIGHAUS-26JUL21-B101.5,bounded,0.5272938358058016,KXHIGHAUS-26JUL21-B101.5,,,1.0
,,0.3700735656156793,t_plus_20h,aus,aus:2026-07-21,,KXHIGHAUS-26JUL21,0.6003702018007713,bracket,neuralcaster_v2,,0.033753052234560176,2026-07-22T02:00:00+00:00,2026-07-21,bounded,1.0,0.5486085026405653,KXHIGHAUS-26JUL21-B101.5,bounded,0.5486085026405653,KXHIGHAUS-26JUL21-B101.5,,,1.0
,,0.30394551329436736,t_plus_21h,aus,aus:2026-07-21,,KXHIGHAUS-26JUL21,0.5332811530871348,bracket,neuralcaster_v2,,0.027058448826983224,2026-07-22T03:00:00+00:00,2026-07-21,bounded,1.0,0.5866768316528649,KXHIGHAUS-26JUL21-B101.5,bounded,0.5866768316528649,KXHIGHAUS-26JUL21-B101.5,,,1.0
,,0.34298188135641766,t_plus_22h,aus,aus:2026-07-21,,KXHIGHAUS-26JUL21,0.573174453287813,bracket,neuralcaster_v2,,0.030998887570819804,2026-07-22T04:00:00+00:00,2026-07-21,bounded,1.0,0.563733051041942,KXHIGHAUS-26JUL21-B101.5,bounded,0.563733051041942,KXHIGHAUS-26JUL21-B101.5,,,1.0
,,0.4048881231419202,t_plus_23h,aus,aus:2026-07-21,,KXHIGHAUS-26JUL21,0.6348790202870503,bracket,neuralcaster_v2,,0.03731247864970648,2026-07-22T05:00:00+00:00,2026-07-21,bounded,1.0,0.5299996036390754,KXHIGHAUS-26JUL21-B101.5,bounded,0.5299996036390754,KXHIGHAUS-26JUL21-B101.5,,,1.0
,,0.2872881698019513,t_plus_0h,den,den:2026-07-21,,KXHIGHDEN-26JUL21,0.5452534035812096,bracket,neuralcaster_v2,,0.025076269674839863,2026-07-21T07:00:00+00:00,2026-07-21,bounded,1.0,0.5796948679706396,KXHIGHDEN-26JUL21-B95.5,bounded,0.5796948679706396,KXHIGHDEN-26JUL21-B95.5,,,1.0
,,0.18394699648502336,t_plus_1h,den,den:2026-07-21,,KXHIGHDEN-26JUL21,0.41808796051112107,bracket,neuralcaster_v2,,0.013787733996660636,2026-07-21T08:00:00+00:00,2026-07-21,bounded,1.0,0.6583043210935287,KXHIGHDEN-26JUL21-B95.5,bounded,0.6583043210935287,KXHIGHDEN-26JUL21-B95.5,,,1.0
,,0.18307455416123686,t_plus_2h,den,den:2026-07-21,,KXHIGHDEN-26JUL21,0.41708268500016,bracket,neuralcaster_v2,,0.013674852440959048,2026-07-21T09:00:00+00:00,2026-07-21,bounded,1.0,0.6589664310519877,KXHIGHDEN-26JUL21-B95.5,bounded,0.6589664310519877,KXHIGHDEN-26JUL21-B95.5,,,1.0
,,0.18016124908025524,t_plus_3h,den,den:2026-07-21,,KXHIGHDEN-26JUL21,0.41721593856513234,bracket,neuralcaster_v2,,0.013034615464549903,2026-07-21T10:00:00+00:00,2026-07-21,bounded,1.0,0.6588786272760659,KXHIGHDEN-26JUL21-B95.5,bounded,0.6588786272760659,KXHIGHDEN-26JUL21-B95.5,,,1.0
,,0.19341177236820015,t_plus_4h,den,den:2026-07-21,,KXHIGHDEN-26JUL21,0.4276685772002194,bracket,neuralcaster_v2,,0.014579945472274392,2026-07-21T11:00:00+00:00,2026-07-21,bounded,1.0,0.6520274757645409,KXHIGHDEN-26JUL21-B95.5,bounded,0.6520274757645409,KXHIGHDEN-26JUL21-B95.5,,,1.0
,,0.18663178747850684,t_plus_5h,den,den:2026-07-21,,KXHIGHDEN-26JUL21,0.42067606675441843,bracket,neuralcaster_v2,,0.013861842478579255,2026-07-21T12:00:00+00:00,2026-07-21,bounded,1.0,0.6566027624272156,KXHIGHDEN-26JUL21-B95.5,bounded,0.6566027624272156,KXHIGHDEN-26JUL21-B95.5,,,1.0
,,0.17645168444001388,t_plus_6h,den,den:2026-07-21,,KXHIGHDEN-26JUL21,0.41721593856513234,bracket,neuralcaster_v2,,0.01217812044566147,2026-07-21T13:00:00+00:00,2026-07-21,bounded,1.0,0.6588786272760659,KXHIGHDEN-26JUL21-B95.5,bounded,0.6588786272760659,KXHIGHDEN-26JUL21-B95.5,,,1.0
,,0.17484422491117887,t_plus_7h,den,den:2026-07-21,,KXHIGHDEN-26JUL21,0.41721593856513234,bracket,neuralcaster_v2,,0.011871698395161907,2026-07-21T14:00:00+00:00,2026-07-21,bounded,1.0,0.6588786272760659,KXHIGHDEN-26JUL21-B95.5,bounded,0.6588786272760659,KXHIGHDEN-26JUL21-B95.5,,,1.0
,,0.1921407454871884,t_plus_8h,den,den:2026-07-21,,KXHIGHDEN-26JUL21,0.4275963914247313,bracket,neuralcaster_v2,,0.014788442909314598,2026-07-21T15:00:00+00:00,2026-07-21,bounded,1.0,0.6520745445723473,KXHIGHDEN-26JUL21-B95.5,bounded,0.6520745445723473,KXHIGHDEN-26JUL21-B95.5,,,1.0
,,0.18741566573172203,t_plus_9h,den,den:2026-07-21,,KXHIGHDEN-26JUL21,0.42203441614283077,bracket,neuralcaster_v2,,0.014241427147353805,2026-07-21T16:00:00+00:00,2026-07-21,bounded,1.0,0.6557114719454274,KXHIGHDEN-26JUL21-B95.5,bounded,0.6557114719454274,KXHIGHDEN-26JUL21-B95.5,,,1.0
,,0.2390584644113085,t_plus_10h,den,den:2026-07-21,,KXHIGHDEN-26JUL21,0.48042562093497393,bracket,neuralcaster_v2,,0.02018974331297612,2026-07-21T17:00:00+00:00,2026-07-21,bounded,1.0,0.6185200806797129,KXHIGHDEN-26JUL21-B95.5,bounded,0.6185200806797129,KXHIGHDEN-26JUL21-B95.5,,,1.0
,,0.33943854627659137,t_plus_11h,den,den:2026-07-21,,KXHIGHDEN-26JUL21,0.5863709069369514,bracket,neuralcaster_v2,,0.03208407899458306,2026-07-21T18:00:00+00:00,2026-07-21,bounded,1.0,0.5563426447908854,KXHIGHDEN-26JUL21-B95.5,bounded,0.5563426447908854,KXHIGHDEN-26JUL21-B95.5,,,1.0
,,0.5238825709925922,t_plus_12h,den,den:2026-07-21,,KXHIGHDEN-26JUL21,0.785804802048119,bracket,neuralcaster_v2,,0.05288041612405309,2026-07-21T19:00:00+00:00,2026-07-21,bounded,0.0,0.4747570376749144,KXHIGHDEN-26JUL21-B93.5,bounded,0.45575276339164594,KXHIGHDEN-26JUL21-B95.5,,,1.0
,,0.5373022842557186,t_plus_13h,den,den:2026-07-21,,KXHIGHDEN-26JUL21,0.8002575995280897,bracket,neuralcaster_v2,,0.05442006750177841,2026-07-21T20:00:00+00:00,2026-07-21,bounded,0.0,0.4812965689715552,KXHIGHDEN-26JUL21-B93.5,bounded,0.4492132320950051,KXHIGHDEN-26JUL21-B95.5,,,1.0
,,0.759174394394251,t_plus_14h,den,den:2026-07-21,,KXHIGHDEN-26JUL21,1.046217388896673,bracket,neuralcaster_v2,,0.080222269178757,2026-07-21T21:00:00+00:00,2026-07-21,bounded,0.0,0.579245866900257,KXHIGHDEN-26JUL21-B93.5,bounded,0.3512639341663033,KXHIGHDEN-26JUL21-B95.5,,,1.0
,,0.7879094391558334,t_plus_15h,den,den:2026-07-21,,KXHIGHDEN-26JUL21,1.0838183751009296,bracket,neuralcaster_v2,,0.08409513681981912,2026-07-21T22:00:00+00:00,2026-07-21,bounded,0.0,0.5888964905400967,KXHIGHDEN-26JUL21-B93.5,bounded,0.33830129504686324,KXHIGHDEN-26JUL21-B95.5,,,1.0
,,1.140225355742657,t_plus_16h,den,den:2026-07-21,,KXHIGHDEN-26JUL21,1.7044073182358586,bracket,neuralcaster_v2,,0.13781572326874703,2026-07-21T23:00:00+00:00,2026-07-21,bounded,0.0,0.6708938516572136,KXHIGHDEN-26JUL21-B93.5,bounded,0.18188015128593146,KXHIGHDEN-26JUL21-B95.5,,,1.0
,,0.4706801459833303,t_plus_17h,den,den:2026-07-21,,KXHIGHDEN-26JUL21,0.6991993197013444,bracket,neuralcaster_v2,,0.044091406905463953,2026-07-22T00:00:00+00:00,2026-07-21,bounded,1.0,0.4969830690809224,KXHIGHDEN-26JUL21-B95.5,bounded,0.4969830690809224,KXHIGHDEN-26JUL21-B95.5,,,1.0
,,0.5054146544055065,t_plus_18h,den,den:2026-07-21,,KXHIGHDEN-26JUL21,0.7328922554303259,bracket,neuralcaster_v2,,0.04769380845892347,2026-07-22T01:00:00+00:00,2026-07-21,bounded,0.0,0.4842629399446976,KXHIGHDEN-26JUL21-B93.5,bounded,0.48051719987330754,KXHIGHDEN-26JUL21-B95.5,,,1.0
,,0.5387839040646224,t_plus_19h,den,den:2026-07-21,,KXHIGHDEN-26JUL21,0.7651996286816017,bracket,neuralcaster_v2,,0.051167830673153225,2026-07-22T02:00:00+00:00,2026-07-21,bounded,0.0,0.501919150793753,KXHIGHDEN-26JUL21-B93.5,bounded,0.46524104624670476,KXHIGHDEN-26JUL21-B95.5,,,1.0
,,0.5579390536054548,t_plus_20h,den,den:2026-07-21,,KXHIGHDEN-26JUL21,0.7837459592228377,bracket,neuralcaster_v2,,0.053167404982052635,2026-07-22T03:00:00+00:00,2026-07-21,bounded,0.0,0.5118000950317361,KXHIGHDEN-26JUL21-B93.5,bounded,0.4566920532920019,KXHIGHDEN-26JUL21-B95.5,,,1.0
,,0.4506362337978295,t_plus_21h,den,den:2026-07-21,,KXHIGHDEN-26JUL21,0.6798054182953849,bracket,neuralcaster_v2,,0.04200830412705882,2026-07-22T04:00:00+00:00,2026-07-21,bounded,1.0,0.5067155803549496,KXHIGHDEN-26JUL21-B95.5,bounded,0.5067155803549496,KXHIGHDEN-26JUL21-B95.5,,,1.0
,,0.4763161114834682,t_plus_22h,den,den:2026-07-21,,KXHIGHDEN-26JUL21,0.7046741768321474,bracket,neuralcaster_v2,,0.044674909784903634,2026-07-22T05:00:00+00:00,2026-07-21,bounded,1.0,0.49426959250738284,KXHIGHDEN-26JUL21-B95.5,bounded,0.49426959250738284,KXHIGHDEN-26JUL21-B95.5,,,1.0
,,0.5453602552732874,t_plus_23h,den,den:2026-07-21,,KXHIGHDEN-26JUL21,0.7715659103623129,bracket,neuralcaster_v2,,0.05185390111260073,2026-07-22T06:00:00+00:00,2026-07-21,bounded,0.0,0.5053315959183226,KXHIGHDEN-26JUL21-B93.5,bounded,0.4622885987249272,KXHIGHDEN-26JUL21-B95.5,,,1.0
,,0.8116363887725971,t_plus_0h,la,la:2026-07-21,,KXHIGHLAX-26JUL21,1.3434639617319606,bracket,neuralcaster_v2,,0.1259811215761305,2026-07-21T08:00:00+00:00,2026-07-21,bounded,0.0,0.4532224677272737,KXHIGHLAX-26JUL21-B79.5,upper_tail,0.2609402143394852,KXHIGHLAX-26JUL21-T80,,,1.0
,,0.5303775367802386,t_plus_1h,la,la:2026-07-21,,KXHIGHLAX-26JUL21,0.85398901416926,bracket,neuralcaster_v2,,0.07025310900748051,2026-07-21T09:00:00+00:00,2026-07-21,bounded,0.0,0.4288245579796813,KXHIGHLAX-26JUL21-B79.5,upper_tail,0.42571336377511915,KXHIGHLAX-26JUL21-T80,,,1.0
,,0.6082034280581504,t_plus_2h,la,la:2026-07-21,,KXHIGHLAX-26JUL21,0.9041341540260197,bracket,neuralcaster_v2,,0.0728584054789402,2026-07-21T10:00:00+00:00,2026-07-21,bounded,0.0,0.4944849033668408,KXHIGHLAX-26JUL21-B79.5,upper_tail,0.4048923077496682,KXHIGHLAX-26JUL21-T80,,,1.0
,,0.5592063979823986,t_plus_3h,la,la:2026-07-21,,KXHIGHLAX-26JUL21,0.8100287385878926,bracket,neuralcaster_v2,,0.06229369359872587,2026-07-21T11:00:00+00:00,2026-07-21,bounded,0.0,0.4980776606850254,KXHIGHLAX-26JUL21-B79.5,upper_tail,0.44484528181400906,KXHIGHLAX-26JUL21-T80,,,1.0
,,0.6221626032394657,t_plus_4h,la,la:2026-07-21,,KXHIGHLAX-26JUL21,0.870274448226636,bracket,neuralcaster_v2,,0.0680516395943656,2026-07-21T12:00:00+00:00,2026-07-21,bounded,0.0,0.5312297985863212,KXHIGHLAX-26JUL21-B79.5,upper_tail,0.41883658451455674,KXHIGHLAX-26JUL21-T80,,,1.0
,,1.3096401921281402,t_plus_5h,la,la:2026-07-21,,KXHIGHLAX-26JUL21,2.35943116458319,bracket,neuralcaster_v2,,0.17652153923654376,2026-07-21T13:00:00+00:00,2026-07-21,bounded,0.0,0.6553223371452805,KXHIGHLAX-26JUL21-B79.5,upper_tail,0.09447394804216838,KXHIGHLAX-26JUL21-T80,,,1.0
,,1.306470669895648,t_plus_6h,la,la:2026-07-21,,KXHIGHLAX-26JUL21,2.3370805725531456,bracket,neuralcaster_v2,,0.17536790005268654,2026-07-21T14:00:00+00:00,2026-07-21,bounded,0.0,0.6570116302222513,KXHIGHLAX-26JUL21-B79.5,upper_tail,0.0966092706841606,KXHIGHLAX-26JUL21-T80,,,1.0
,,1.1042771477308337,t_plus_7h,la,la:2026-07-21,,KXHIGHLAX-26JUL21,1.6392016546478385,bracket,neuralcaster_v2,,0.13420747417897144,2026-07-21T15:00:00+00:00,2026-07-21,bounded,0.0,0.6588786272760659,KXHIGHLAX-26JUL21-B79.5,upper_tail,0.1941349671896248,KXHIGHLAX-26JUL21-T80,,,1.0
,,0.7013065525152483,t_plus_8h,la,la:2026-07-21,,KXHIGHLAX-26JUL21,0.9572166939715919,bracket,neuralcaster_v2,,0.07641962395091015,2026-07-21T16:00:00+00:00,2026-07-21,bounded,0.0,0.5652558833525421,KXHIGHLAX-26JUL21-B79.5,upper_tail,0.38396007852566766,KXHIGHLAX-26JUL21-T80,,,1.0
,,0.48334767505599413,t_plus_9h,la,la:2026-07-21,,KXHIGHLAX-26JUL21,0.7243620346742834,bracket,neuralcaster_v2,,0.05364836148525185,2026-07-21T17:00:00+00:00,2026-07-21,upper_tail,1.0,0.48463364981770213,KXHIGHLAX-26JUL21-T80,upper_tail,0.48463364981770213,KXHIGHLAX-26JUL21-T80,,,1.0
,,0.26167851745926207,t_plus_10h,la,la:2026-07-21,,KXHIGHLAX-26JUL21,0.4520865456939551,bracket,neuralcaster_v2,,0.026461621452130418,2026-07-21T18:00:00+00:00,2026-07-21,upper_tail,1.0,0.6362990983949945,KXHIGHLAX-26JUL21-T80,upper_tail,0.6362990983949945,KXHIGHLAX-26JUL21-T80,,,1.0
,,0.17394545145138823,t_plus_11h,la,la:2026-07-21,,KXHIGHLAX-26JUL21,0.3522466579620687,bracket,neuralcaster_v2,,0.017635081723588634,2026-07-21T19:00:00+00:00,2026-07-21,upper_tail,1.0,0.703106673726766,KXHIGHLAX-26JUL21-T80,upper_tail,0.703106673726766,KXHIGHLAX-26JUL21-T80,,,1.0
,,0.17394545145138823,t_plus_12h,la,la:2026-07-21,,KXHIGHLAX-26JUL21,0.3522466579620687,bracket,neuralcaster_v2,,0.017635081723588634,2026-07-21T20:00:00+00:00,2026-07-21,upper_tail,1.0,0.703106673726766,KXHIGHLAX-26JUL21-T80,upper_tail,0.703106673726766,KXHIGHLAX-26JUL21-T80,,,1.0
,,0.17394545145138823,t_plus_13h,la,la:2026-07-21,,KXHIGHLAX-26JUL21,0.3522466579620687,bracket,neuralcaster_v2,,0.017635081723588634,2026-07-21T21:00:00+00:00,2026-07-21,upper_tail,1.0,0.703106673726766,KXHIGHLAX-26JUL21-T80,upper_tail,0.703106673726766,KXHIGHLAX-26JUL21-T80,,,1.0
,,0.17394545145138823,t_plus_14h,la,la:2026-07-21,,KXHIGHLAX-26JUL21,0.3522466579620687,bracket,neuralcaster_v2,,0.017635081723588634,2026-07-21T22:00:00+00:00,2026-07-21,upper_tail,1.0,0.703106673726766,KXHIGHLAX-26JUL21-T80,upper_tail,0.703106673726766,KXHIGHLAX-26JUL21-T80,,,1.0
,,0.17394545145138823,t_plus_15h,la,la:2026-07-21,,KXHIGHLAX-26JUL21,0.3522466579620687,bracket,neuralcaster_v2,,0.017635081723588634,2026-07-21T23:00:00+00:00,2026-07-21,upper_tail,1.0,0.703106673726766,KXHIGHLAX-26JUL21-T80,upper_tail,0.703106673726766,KXHIGHLAX-26JUL21-T80,,,1.0
,,0.17394545145138823,t_plus_16h,la,la:2026-07-21,,KXHIGHLAX-26JUL21,0.3522466579620687,bracket,neuralcaster_v2,,0.017635081723588634,2026-07-22T00:00:00+00:00,2026-07-21,upper_tail,1.0,0.703106673726766,KXHIGHLAX-26JUL21-T80,upper_tail,0.703106673726766,KXHIGHLAX-26JUL21-T80,,,1.0
,,0.17394545145138823,t_plus_17h,la,la:2026-07-21,,KXHIGHLAX-26JUL21,0.3522466579620687,bracket,neuralcaster_v2,,0.017635081723588634,2026-07-22T01:00:00+00:00,2026-07-21,upper_tail,1.0,0.703106673726766,KXHIGHLAX-26JUL21-T80,upper_tail,0.703106673726766,KXHIGHLAX-26JUL21-T80,,,1.0
,,0.17394545145138823,t_plus_18h,la,la:2026-07-21,,KXHIGHLAX-26JUL21,0.3522466579620687,bracket,neuralcaster_v2,,0.017635081723588634,2026-07-22T02:00:00+00:00,2026-07-21,upper_tail,1.0,0.703106673726766,KXHIGHLAX-26JUL21-T80,upper_tail,0.703106673726766,KXHIGHLAX-26JUL21-T80,,,1.0
,,0.17394545145138823,t_plus_19h,la,la:2026-07-21,,KXHIGHLAX-26JUL21,0.3522466579620687,bracket,neuralcaster_v2,,0.017635081723588634,2026-07-22T03:00:00+00:00,2026-07-21,upper_tail,1.0,0.703106673726766,KXHIGHLAX-26JUL21-T80,upper_tail,0.703106673726766,KXHIGHLAX-26JUL21-T80,,,1.0
,,0.17394545145138823,t_plus_20h,la,la:2026-07-21,,KXHIGHLAX-26JUL21,0.3522466579620687,bracket,neuralcaster_v2,,0.017635081723588634,2026-07-22T04:00:00+00:00,2026-07-21,upper_tail,1.0,0.703106673726766,KXHIGHLAX-26JUL21-T80,upper_tail,0.703106673726766,KXHIGHLAX-26JUL21-T80,,,1.0
,,0.17394545145138823,t_plus_21h,la,la:2026-07-21,,KXHIGHLAX-26JUL21,0.3522466579620687,bracket,neuralcaster_v2,,0.017635081723588634,2026-07-22T05:00:00+00:00,2026-07-21,upper_tail,1.0,0.703106673726766,KXHIGHLAX-26JUL21-T80,upper_tail,0.703106673726766,KXHIGHLAX-26JUL21-T80,,,1.0
,,0.17394545145138823,t_plus_22h,la,la:2026-07-21,,KXHIGHLAX-26JUL21,0.3522466579620687,bracket,neuralcaster_v2,,0.017635081723588634,2026-07-22T06:00:00+00:00,2026-07-21,upper_tail,1.0,0.703106673726766,KXHIGHLAX-26JUL21-T80,upper_tail,0.703106673726766,KXHIGHLAX-26JUL21-T80,,,1.0
,,0.17394545145138823,t_plus_23h,la,la:2026-07-21,,KXHIGHLAX-26JUL21,0.3522466579620687,bracket,neuralcaster_v2,,0.017635081723588634,2026-07-22T07:00:00+00:00,2026-07-21,upper_tail,1.0,0.703106673726766,KXHIGHLAX-26JUL21-T80,upper_tail,0.703106673726766,KXHIGHLAX-26JUL21-T80,,,1.0
,,0.6824277473370727,t_plus_0h,mia,mia:2026-07-21,,KXHIGHMIA-26JUL21,0.9590789546649655,bracket,neuralcaster_v2,,0.07098511978641932,2026-07-21T05:00:00+00:00,2026-07-21,bounded,0.0,0.5472640909264198,KXHIGHMIA-26JUL21-B93.5,bounded,0.38324571014014047,KXHIGHMIA-26JUL21-B91.5,,,1.0
,,0.6901234619623416,t_plus_1h,mia,mia:2026-07-21,,KXHIGHMIA-26JUL21,0.9676929668652462,bracket,neuralcaster_v2,,0.07188197442788466,2026-07-21T06:00:00+00:00,2026-07-21,bounded,0.0,0.5505511962410572,KXHIGHMIA-26JUL21-B93.5,bounded,0.37995860482550314,KXHIGHMIA-26JUL21-B91.5,,,1.0
,,0.8982108936640557,t_plus_2h,mia,mia:2026-07-21,,KXHIGHMIA-26JUL21,1.2372666450676013,bracket,neuralcaster_v2,,0.0990754724337372,2026-07-21T07:00:00+00:00,2026-07-21,bounded,0.0,0.6233901740421921,KXHIGHMIA-26JUL21-B93.5,bounded,0.290176289732038,KXHIGHMIA-26JUL21-B91.5,,,1.0
,,0.9126186570564647,t_plus_3h,mia,mia:2026-07-21,,KXHIGHMIA-26JUL21,1.2583070173842392,bracket,neuralcaster_v2,,0.10108862194231541,2026-07-21T08:00:00+00:00,2026-07-21,bounded,0.0,0.6277205268351513,KXHIGHMIA-26JUL21-B93.5,bounded,0.2841346545682097,KXHIGHMIA-26JUL21-B91.5,,,1.0
,,0.8418301097914396,t_plus_4h,mia,mia:2026-07-21,,KXHIGHMIA-26JUL21,1.157271072151829,bracket,neuralcaster_v2,,0.09124171173612773,2026-07-21T09:00:00+00:00,2026-07-21,bounded,0.0,0.6060687628703555,KXHIGHMIA-26JUL21-B93.5,bounded,0.3143428303873517,KXHIGHMIA-26JUL21-B91.5,,,1.0
,,0.7664161977046994,t_plus_5h,mia,mia:2026-07-21,,KXHIGHMIA-26JUL21,1.0552564043258734,bracket,neuralcaster_v2,,0.08088428558669847,2026-07-21T10:00:00+00:00,2026-07-21,bounded,0.0,0.5818709858243364,KXHIGHMIA-26JUL21-B93.5,bounded,0.34810316070626013,KXHIGHMIA-26JUL21-B91.5,,,1.0
,,0.9820327244720565,t_plus_6h,mia,mia:2026-07-21,,KXHIGHMIA-26JUL21,1.3636338448304972,bracket,neuralcaster_v2,,0.11084678387804348,2026-07-21T11:00:00+00:00,2026-07-21,bounded,0.0,0.6480797541729385,KXHIGHMIA-26JUL21-B93.5,bounded,0.25572980404602,KXHIGHMIA-26JUL21-B91.5,,,1.0
,,0.97222440110388,t_plus_7h,mia,mia:2026-07-21,,KXHIGHMIA-26JUL21,1.3483212848623378,bracket,neuralcaster_v2,,0.10946224442714184,2026-07-21T12:00:00+00:00,2026-07-21,bounded,0.0,0.6452514425701569,KXHIGHMIA-26JUL21-B93.5,bounded,0.25967581668069756,KXHIGHMIA-26JUL21-B91.5,,,1.0
,,0.7553083218884104,t_plus_8h,mia,mia:2026-07-21,,KXHIGHMIA-26JUL21,1.0417564184624164,bracket,neuralcaster_v2,,0.07950348381483613,2026-07-21T13:00:00+00:00,2026-07-21,bounded,0.0,0.577675388550988,KXHIGHMIA-26JUL21-B93.5,bounded,0.35283441251557235,KXHIGHMIA-26JUL21-B91.5,,,1.0
,,0.7053530119816233,t_plus_9h,mia,mia:2026-07-21,,KXHIGHMIA-26JUL21,0.9848151890958924,bracket,neuralcaster_v2,,0.07365871432075807,2026-07-21T14:00:00+00:00,2026-07-21,bounded,0.0,0.5570015521109256,KXHIGHMIA-26JUL21-B93.5,bounded,0.3735082489556347,KXHIGHMIA-26JUL21-B91.5,,,1.0
,,0.8430283328649323,t_plus_10h,mia,mia:2026-07-21,,KXHIGHMIA-26JUL21,1.158935185480889,bracket,neuralcaster_v2,,0.091407433618767,2026-07-21T15:00:00+00:00,2026-07-21,bounded,0.0,0.6064433854367,KXHIGHMIA-26JUL21-B93.5,bounded,0.31382016330265816,KXHIGHMIA-26JUL21-B91.5,,,1.0
,,0.6229010005658052,t_plus_11h,mia,mia:2026-07-21,,KXHIGHMIA-26JUL21,0.8932105628363229,bracket,neuralcaster_v2,,0.06407104480767083,2026-07-21T16:00:00+00:00,2026-07-21,bounded,0.0,0.5211703702147475,KXHIGHMIA-26JUL21-B93.5,bounded,0.40933943085181274,KXHIGHMIA-26JUL21-B91.5,,,1.0
,,0.6521604272985094,t_plus_12h,mia,mia:2026-07-21,,KXHIGHMIA-26JUL21,0.8995205002669902,bracket,neuralcaster_v2,,0.0703210070170695,2026-07-21T17:00:00+00:00,2026-07-21,bounded,0.0,0.5461551201214371,KXHIGHMIA-26JUL21-B93.5,bounded,0.4067646565306129,KXHIGHMIA-26JUL21-B91.5,,,1.0
,,0.5005969690325119,t_plus_13h,mia,mia:2026-07-21,,KXHIGHMIA-26JUL21,0.7300770528164106,bracket,neuralcaster_v2,,0.053533123618597564,2026-07-21T18:00:00+00:00,2026-07-21,bounded,1.0,0.4818718590758054,KXHIGHMIA-26JUL21-B91.5,bounded,0.4818718590758054,KXHIGHMIA-26JUL21-B91.5,,,1.0
,,0.4324618369445386,t_plus_14h,mia,mia:2026-07-21,,KXHIGHMIA-26JUL21,0.6551652696971306,bracket,neuralcaster_v2,,0.046012293193285134,2026-07-21T19:00:00+00:00,2026-07-21,bounded,1.0,0.5193562216483358,KXHIGHMIA-26JUL21-B91.5,bounded,0.5193562216483358,KXHIGHMIA-26JUL21-B91.5,,,1.0
,,0.1685839661939231,t_plus_15h,mia,mia:2026-07-21,,KXHIGHMIA-26JUL21,0.3465881336342226,bracket,neuralcaster_v2,,0.016928890980406536,2026-07-21T20:00:00+00:00,2026-07-21,bounded,1.0,0.7070964975569156,KXHIGHMIA-26JUL21-B91.5,bounded,0.7070964975569156,KXHIGHMIA-26JUL21-B91.5,,,1.0
,,0.13356049625671168,t_plus_16h,mia,mia:2026-07-21,,KXHIGHMIA-26JUL21,0.301644779696296,bracket,neuralcaster_v2,,0.013356843263867385,2026-07-21T21:00:00+00:00,2026-07-21,bounded,1.0,0.7396007394323852,KXHIGHMIA-26JUL21-B91.5,bounded,0.7396007394323852,KXHIGHMIA-26JUL21-B91.5,,,1.0
,,0.12293904944466617,t_plus_17h,mia,mia:2026-07-21,,KXHIGHMIA-26JUL21,0.2875627612874387,bracket,neuralcaster_v2,,0.012294698582662838,2026-07-21T22:00:00+00:00,2026-07-21,bounded,1.0,0.7500894887116517,KXHIGHMIA-26JUL21-B91.5,bounded,0.7500894887116517,KXHIGHMIA-26JUL21-B91.5,,,1.0
,,0.11150357789927165,t_plus_18h,mia,mia:2026-07-21,,KXHIGHMIA-26JUL21,0.27193680815716237,bracket,neuralcaster_v2,,0.011151151428123382,2026-07-21T23:00:00+00:00,2026-07-21,bounded,1.0,0.7619024055857232,KXHIGHMIA-26JUL21-B91.5,bounded,0.7619024055857232,KXHIGHMIA-26JUL21-B91.5,,,1.0
,,0.10840181873715513,t_plus_19h,mia,mia:2026-07-21,,KXHIGHMIA-26JUL21,0.2676051501811333,bracket,neuralcaster_v2,,0.010840975511911733,2026-07-22T00:00:00+00:00,2026-07-21,bounded,1.0,0.7652098644365323,KXHIGHMIA-26JUL21-B91.5,bounded,0.7652098644365323,KXHIGHMIA-26JUL21-B91.5,,,1.0
,,0.09438086889518385,t_plus_20h,mia,mia:2026-07-21,,KXHIGHMIA-26JUL21,0.247451517359513,bracket,neuralcaster_v2,,0.009438880527714603,2026-07-22T01:00:00+00:00,2026-07-21,bounded,1.0,0.7807880745608089,KXHIGHMIA-26JUL21-B91.5,bounded,0.7807880745608089,KXHIGHMIA-26JUL21-B91.5,,,1.0
,,0.08758899512472741,t_plus_21h,mia,mia:2026-07-21,,KXHIGHMIA-26JUL21,0.23730479895060297,bracket,neuralcaster_v2,,0.008759693150668959,2026-07-22T02:00:00+00:00,2026-07-21,bounded,1.0,0.788750840946856,KXHIGHMIA-26JUL21-B91.5,bounded,0.788750840946856,KXHIGHMIA-26JUL21-B91.5,,,1.0
,,0.08615617555263139,t_plus_22h,mia,mia:2026-07-21,,KXHIGHMIA-26JUL21,0.23512796162703758,bracket,neuralcaster_v2,,0.00861641119345936,2026-07-22T03:00:00+00:00,2026-07-21,bounded,1.0,0.7904696933687264,KXHIGHMIA-26JUL21-B91.5,bounded,0.7904696933687264,KXHIGHMIA-26JUL21-B91.5,,,1.0
,,0.08702827934189493,t_plus_23h,mia,mia:2026-07-21,,KXHIGHMIA-26JUL21,0.23645449369648985,bracket,neuralcaster_v2,,0.008703621572385713,2026-07-22T04:00:00+00:00,2026-07-21,bounded,1.0,0.7894218051528674,KXHIGHMIA-26JUL21-B91.5,bounded,0.7894218051528674,KXHIGHMIA-26JUL21-B91.5,,,1.0
,,1.0438324434461197,t_plus_0h,nyc,nyc:2026-07-21,,KXHIGHNY-26JUL21,1.860775669101247,bracket,neuralcaster_v2,,0.17056688358185318,2026-07-21T05:00:00+00:00,2026-07-21,lower_tail,0.0,0.4474130858981322,KXHIGHNY-26JUL21-T79,bounded,0.1555519267378011,KXHIGHNY-26JUL21-B81.5,,,0.0
,,1.289363615746642,t_plus_1h,nyc,nyc:2026-07-21,,KXHIGHNY-26JUL21,2.632843693363544,bracket,neuralcaster_v2,,0.21425876862742527,2026-07-21T06:00:00+00:00,2026-07-21,lower_tail,0.0,0.46411723663041005,KXHIGHNY-26JUL21-T79,bounded,0.07187378435254545,KXHIGHNY-26JUL21-B81.5,,,0.0
,,1.3537438775881812,t_plus_2h,nyc,nyc:2026-07-21,,KXHIGHNY-26JUL21,2.974785438414503,bracket,neuralcaster_v2,,0.21406956003252464,2026-07-21T07:00:00+00:00,2026-07-21,bounded,0.0,0.5270098084009724,KXHIGHNY-26JUL21-B79.5,bounded,0.05105838799764096,KXHIGHNY-26JUL21-B81.5,,,1.0
,,1.37365013536198,t_plus_3h,nyc,nyc:2026-07-21,,KXHIGHNY-26JUL21,3.0429242554416733,bracket,neuralcaster_v2,,0.20984949960683852,2026-07-21T08:00:00+00:00,2026-07-21,bounded,0.0,0.5645580389609802,KXHIGHNY-26JUL21-B79.5,bounded,0.0476952123836032,KXHIGHNY-26JUL21-B81.5,,,1.0
,,1.3860635259391687,t_plus_4h,nyc,nyc:2026-07-21,,KXHIGHNY-26JUL21,3.273049384761671,bracket,neuralcaster_v2,,0.2271401865653107,2026-07-21T09:00:00+00:00,2026-07-21,bounded,0.0,0.4945979013941701,KXHIGHNY-26JUL21-B79.5,bounded,0.03789070738221057,KXHIGHNY-26JUL21-B81.5,,,1.0
,,1.423075570984223,t_plus_5h,nyc,nyc:2026-07-21,,KXHIGHNY-26JUL21,3.570632725756138,bracket,neuralcaster_v2,,0.2487441202064133,2026-07-21T10:00:00+00:00,2026-07-21,lower_tail,0.0,0.5522642557477311,KXHIGHNY-26JUL21-T79,bounded,0.02813804438128576,KXHIGHNY-26JUL21-B81.5,,,0.0
,,1.3202962544639205,t_plus_6h,nyc,nyc:2026-07-21,,KXHIGHNY-26JUL21,2.4639658264979833,bracket,neuralcaster_v2,,0.1811498346572666,2026-07-21T11:00:00+00:00,2026-07-21,bounded,0.0,0.6396045352609961,KXHIGHNY-26JUL21-B79.5,bounded,0.08509680173870128,KXHIGHNY-26JUL21-B81.5,,,1.0
,,1.3551470347391592,t_plus_7h,nyc,nyc:2026-07-21,,KXHIGHNY-26JUL21,2.8081626358153366,bracket,neuralcaster_v2,,0.19847127323804334,2026-07-21T12:00:00+00:00,2026-07-21,bounded,0.0,0.5976531662161878,KXHIGHNY-26JUL21-B79.5,bounded,0.060315712574633494,KXHIGHNY-26JUL21-B81.5,,,1.0
,,1.2295637977531202,t_plus_8h,nyc,nyc:2026-07-21,,KXHIGHNY-26JUL21,2.35688754465975,bracket,neuralcaster_v2,,0.21447366082520403,2026-07-21T13:00:00+00:00,2026-07-21,lower_tail,0.0,0.5350377558587743,KXHIGHNY-26JUL21-T79,bounded,0.09471455974128044,KXHIGHNY-26JUL21-B81.5,,,0.0
,,1.047253026913723,t_plus_9h,nyc,nyc:2026-07-21,,KXHIGHNY-26JUL21,1.8658404601428362,bracket,neuralcaster_v2,,0.1723504237291784,2026-07-21T14:00:00+00:00,2026-07-21,lower_tail,0.0,0.5166019789100924,KXHIGHNY-26JUL21-T79,bounded,0.1547660804861689,KXHIGHNY-26JUL21-B81.5,,,0.0
,,1.214861578779123,t_plus_10h,nyc,nyc:2026-07-21,,KXHIGHNY-26JUL21,2.256160784409613,bracket,neuralcaster_v2,,0.21447824130134174,2026-07-21T15:00:00+00:00,2026-07-21,lower_tail,0.0,0.575670721391398,KXHIGHNY-26JUL21-T79,bounded,0.10475187878878521,KXHIGHNY-26JUL21-B81.5,,,0.0
,,1.3128833897874346,t_plus_11h,nyc,nyc:2026-07-21,,KXHIGHNY-26JUL21,2.6134182862506266,bracket,neuralcaster_v2,,0.23768896887763996,2026-07-21T16:00:00+00:00,2026-07-21,lower_tail,0.0,0.5797672837457215,KXHIGHNY-26JUL21-T79,bounded,0.07328361076790858,KXHIGHNY-26JUL21-B81.5,,,0.0
,,1.3884847631879813,t_plus_12h,nyc,nyc:2026-07-21,,KXHIGHNY-26JUL21,3.202445658034821,bracket,neuralcaster_v2,,0.24382855247791477,2026-07-21T17:00:00+00:00,2026-07-21,lower_tail,0.0,0.5518428475241409,KXHIGHNY-26JUL21-T79,bounded,0.04066263537169964,KXHIGHNY-26JUL21-B81.5,,,0.0
,,0.8463111586609185,t_plus_13h,nyc,nyc:2026-07-21,,KXHIGHNY-26JUL21,1.0708889565274882,bracket,neuralcaster_v2,,0.08312137500693137,2026-07-21T18:00:00+00:00,2026-07-21,bounded,0.0,0.6435480377546081,KXHIGHNY-26JUL21-B79.5,bounded,0.3427037332481733,KXHIGHNY-26JUL21-B81.5,,,1.0
,,0.8463111586609185,t_plus_14h,nyc,nyc:2026-07-21,,KXHIGHNY-26JUL21,1.0708889565274882,bracket,neuralcaster_v2,,0.08312137500693137,2026-07-21T19:00:00+00:00,2026-07-21,bounded,0.0,0.6435480377546081,KXHIGHNY-26JUL21-B79.5,bounded,0.3427037332481733,KXHIGHNY-26JUL21-B81.5,,,1.0
,,0.8463111586609185,t_plus_15h,nyc,nyc:2026-07-21,,KXHIGHNY-26JUL21,1.0708889565274882,bracket,neuralcaster_v2,,0.08312137500693137,2026-07-21T20:00:00+00:00,2026-07-21,bounded,0.0,0.6435480377546081,KXHIGHNY-26JUL21-B79.5,bounded,0.3427037332481733,KXHIGHNY-26JUL21-B81.5,,,1.0
,,0.8463111586609185,t_plus_16h,nyc,nyc:2026-07-21,,KXHIGHNY-26JUL21,1.0708889565274882,bracket,neuralcaster_v2,,0.08312137500693137,2026-07-21T21:00:00+00:00,2026-07-21,bounded,0.0,0.6435480377546081,KXHIGHNY-26JUL21-B79.5,bounded,0.3427037332481733,KXHIGHNY-26JUL21-B81.5,,,1.0
,,0.8463111586609185,t_plus_17h,nyc,nyc:2026-07-21,,KXHIGHNY-26JUL21,1.0708889565274882,bracket,neuralcaster_v2,,0.08312137500693137,2026-07-21T22:00:00+00:00,2026-07-21,bounded,0.0,0.6435480377546081,KXHIGHNY-26JUL21-B79.5,bounded,0.3427037332481733,KXHIGHNY-26JUL21-B81.5,,,1.0
,,0.8463111586609185,t_plus_18h,nyc,nyc:2026-07-21,,KXHIGHNY-26JUL21,1.0708889565274882,bracket,neuralcaster_v2,,0.08312137500693137,2026-07-21T23:00:00+00:00,2026-07-21,bounded,0.0,0.6435480377546081,KXHIGHNY-26JUL21-B79.5,bounded,0.3427037332481733,KXHIGHNY-26JUL21-B81.5,,,1.0
,,0.7539122154459312,t_plus_19h,nyc,nyc:2026-07-21,,KXHIGHNY-26JUL21,0.9763307283921018,bracket,neuralcaster_v2,,0.07333493542100555,2026-07-22T00:00:00+00:00,2026-07-21,bounded,0.0,0.6042657751956543,KXHIGHNY-26JUL21-B79.5,bounded,0.37669074681418,KXHIGHNY-26JUL21-B81.5,,,1.0
,,0.7434748042120928,t_plus_20h,nyc,nyc:2026-07-21,,KXHIGHNY-26JUL21,0.9658467255822171,bracket,neuralcaster_v2,,0.07223277981780024,2026-07-22T01:00:00+00:00,2026-07-21,bounded,0.0,0.5996772393231916,KXHIGHNY-26JUL21-B79.5,bounded,0.3806607480510348,KXHIGHNY-26JUL21-B81.5,,,1.0
,,0.7484511604319642,t_plus_21h,nyc,nyc:2026-07-21,,KXHIGHNY-26JUL21,0.9708409085030972,bracket,neuralcaster_v2,,0.07275817665331522,2026-07-22T02:00:00+00:00,2026-07-21,bounded,0.0,0.6018690448079018,KXHIGHNY-26JUL21-B79.5,bounded,0.37876439794566336,KXHIGHNY-26JUL21-B81.5,,,1.0
,,0.7629908647886243,t_plus_22h,nyc,nyc:2026-07-21,,KXHIGHNY-26JUL21,0.9854790937290137,bracket,neuralcaster_v2,,0.07429418929492265,2026-07-22T03:00:00+00:00,2026-07-21,bounded,0.0,0.6082306265805978,KXHIGHNY-26JUL21-B79.5,bounded,0.37326035739592683,KXHIGHNY-26JUL21-B81.5,,,1.0
,,0.7774325056099309,t_plus_23h,nyc,nyc:2026-07-21,,KXHIGHNY-26JUL21,1.0000902211856277,bracket,neuralcaster_v2,,0.0758211839593082,2026-07-22T04:00:00+00:00,2026-07-21,bounded,0.0,0.6144882609387071,KXHIGHNY-26JUL21-B79.5,bounded,0.36784625214929073,KXHIGHNY-26JUL21-B81.5,,,1.0
,,0.700437375559266,t_plus_0h,okc,okc:2026-07-21,,KXHIGHTOKC-26JUL21,0.9868639049201056,bracket,neuralcaster_v2,,0.07307078817290687,2026-07-21T06:00:00+00:00,2026-07-21,bounded,0.0,0.5513050711763141,KXHIGHTOKC-26JUL21-B105.5,bounded,0.37274382001173617,KXHIGHTOKC-26JUL21-B103.5,,,1.0
,,0.6909030222830498,t_plus_1h,okc,okc:2026-07-21,,KXHIGHTOKC-26JUL21,0.9685669458260266,bracket,neuralcaster_v2,,0.07197286024895748,2026-07-21T07:00:00+00:00,2026-07-21,bounded,0.0,0.5508831269962654,KXHIGHTOKC-26JUL21-B105.5,bounded,0.3796266740702949,KXHIGHTOKC-26JUL21-B103.5,,,1.0
,,1.0544579953927282,t_plus_2h,okc,okc:2026-07-21,,KXHIGHTOKC-26JUL21,1.5090206935970027,bracket,neuralcaster_v2,,0.12349440685336496,2026-07-21T08:00:00+00:00,2026-07-21,bounded,0.0,0.6588786272760659,KXHIGHTOKC-26JUL21-B105.5,bounded,0.22112642248073436,KXHIGHTOKC-26JUL21-B103.5,,,1.0
,,0.9304578916687873,t_plus_3h,okc,okc:2026-07-21,,KXHIGHTOKC-26JUL21,1.2847286503369044,bracket,neuralcaster_v2,,0.10358726536350067,2026-07-21T09:00:00+00:00,2026-07-21,bounded,0.0,0.6330309348727654,KXHIGHTOKC-26JUL21-B105.5,bounded,0.2767256628605381,KXHIGHTOKC-26JUL21-B103.5,,,1.0
,,0.766507832749719,t_plus_4h,okc,okc:2026-07-21,,KXHIGHTOKC-26JUL21,1.0553773833063966,bracket,neuralcaster_v2,,0.08089677918469158,2026-07-21T10:00:00+00:00,2026-07-21,bounded,0.0,0.581901168685132,KXHIGHTOKC-26JUL21-B105.5,bounded,0.34806105008806215,KXHIGHTOKC-26JUL21-B103.5,,,1.0
,,0.7074836119072992,t_plus_5h,okc,okc:2026-07-21,,KXHIGHTOKC-26JUL21,0.9872188484077326,bracket,neuralcaster_v2,,0.0739074757768068,2026-07-21T11:00:00+00:00,2026-07-21,bounded,0.0,0.5578982605690256,KXHIGHTOKC-26JUL21-B105.5,bounded,0.37261154049753464,KXHIGHTOKC-26JUL21-B103.5,,,1.0
,,0.5664666477912899,t_plus_6h,okc,okc:2026-07-21,,KXHIGHTOKC-26JUL21,0.8317553792932815,bracket,neuralcaster_v2,,0.0575579785863247,2026-07-21T12:00:00+00:00,2026-07-21,bounded,0.0,0.4952252752143626,KXHIGHTOKC-26JUL21-B105.5,bounded,0.4352845258521977,KXHIGHTOKC-26JUL21-B103.5,,,1.0
,,0.5590008596644835,t_plus_7h,okc,okc:2026-07-21,,KXHIGHTOKC-26JUL21,0.8236787651219957,bracket,neuralcaster_v2,,0.056699735215238876,2026-07-21T13:00:00+00:00,2026-07-21,bounded,0.0,0.4916954145712894,KXHIGHTOKC-26JUL21-B105.5,bounded,0.4388143864952709,KXHIGHTOKC-26JUL21-B103.5,,,1.0
,,0.5714245466103596,t_plus_8h,okc,okc:2026-07-21,,KXHIGHTOKC-26JUL21,0.8371247639318881,bracket,neuralcaster_v2,,0.05812837939862915,2026-07-21T14:00:00+00:00,2026-07-21,bounded,0.0,0.497556221786385,KXHIGHTOKC-26JUL21-B105.5,bounded,0.43295357928017536,KXHIGHTOKC-26JUL21-B103.5,,,1.0
,,0.4862724781785464,t_plus_9h,okc,okc:2026-07-21,,KXHIGHTOKC-26JUL21,0.7453800406864659,bracket,neuralcaster_v2,,0.048386004306564895,2026-07-21T15:00:00+00:00,2026-07-21,bounded,1.0,0.4745539158694884,KXHIGHTOKC-26JUL21-B103.5,bounded,0.4745539158694884,KXHIGHTOKC-26JUL21-B103.5,,,1.0
,,0.7776731083454919,t_plus_10h,okc,okc:2026-07-21,,KXHIGHTOKC-26JUL21,1.070168274421475,bracket,neuralcaster_v2,,0.08242080683411328,2026-07-21T16:00:00+00:00,2026-07-21,bounded,0.0,0.5855639476157899,KXHIGHTOKC-26JUL21-B105.5,bounded,0.3429508027149674,KXHIGHTOKC-26JUL21-B103.5,,,1.0
,,0.8051105375607353,t_plus_11h,okc,okc:2026-07-21,,KXHIGHTOKC-26JUL21,1.1069584723257648,bracket,neuralcaster_v2,,0.08618024196543059,2026-07-21T17:00:00+00:00,2026-07-21,bounded,0.0,0.5944430350768758,KXHIGHTOKC-26JUL21-B105.5,bounded,0.33056284967917166,KXHIGHTOKC-26JUL21-B103.5,,,1.0
,,0.5551127197654215,t_plus_12h,okc,okc:2026-07-21,,KXHIGHTOKC-26JUL21,0.8194764576380795,bracket,neuralcaster_v2,,0.05625309900317558,2026-07-21T18:00:00+00:00,2026-07-21,bounded,0.0,0.48984750156095075,KXHIGHTOKC-26JUL21-B105.5,bounded,0.44066229950560953,KXHIGHTOKC-26JUL21-B103.5,,,1.0
,,0.509426876676996,t_plus_13h,okc,okc:2026-07-21,,KXHIGHTOKC-26JUL21,0.7702566984691634,bracket,neuralcaster_v2,,0.05102308101680316,2026-07-21T19:00:00+00:00,2026-07-21,bounded,0.0,0.4676155722475599,KXHIGHTOKC-26JUL21-B105.5,bounded,0.46289422881900033,KXHIGHTOKC-26JUL21-B103.5,,,1.0
,,0.3815820406339414,t_plus_14h,okc,okc:2026-07-21,,KXHIGHTOKC-26JUL21,0.6325185161532776,bracket,neuralcaster_v2,,0.036600633933484866,2026-07-21T20:00:00+00:00,2026-07-21,bounded,1.0,0.5312521476304022,KXHIGHTOKC-26JUL21-B103.5,bounded,0.5312521476304022,KXHIGHTOKC-26JUL21-B103.5,,,1.0
,,0.24057978058017626,t_plus_15h,okc,okc:2026-07-21,,KXHIGHTOKC-26JUL21,0.4563484400832286,bracket,neuralcaster_v2,,0.023101775901327077,2026-07-21T21:00:00+00:00,2026-07-21,bounded,1.0,0.6335930294237553,KXHIGHTOKC-26JUL21-B103.5,bounded,0.6335930294237553,KXHIGHTOKC-26JUL21-B103.5,,,1.0
,,0.2150169937389202,t_plus_16h,okc,okc:2026-07-21,,KXHIGHTOKC-26JUL21,0.4051084408832323,bracket,neuralcaster_v2,,0.021941644634540937,2026-07-21T22:00:00+00:00,2026-07-21,bounded,1.0,0.6669044872254997,KXHIGHTOKC-26JUL21-B103.5,bounded,0.6669044872254997,KXHIGHTOKC-26JUL21-B103.5,,,1.0
,,0.2150169937389202,t_plus_17h,okc,okc:2026-07-21,,KXHIGHTOKC-26JUL21,0.4051084408832323,bracket,neuralcaster_v2,,0.021941644634540937,2026-07-21T23:00:00+00:00,2026-07-21,bounded,1.0,0.6669044872254997,KXHIGHTOKC-26JUL21-B103.5,bounded,0.6669044872254997,KXHIGHTOKC-26JUL21-B103.5,,,1.0
,,0.2150169937389202,t_plus_18h,okc,okc:2026-07-21,,KXHIGHTOKC-26JUL21,0.4051084408832323,bracket,neuralcaster_v2,,0.021941644634540937,2026-07-22T00:00:00+00:00,2026-07-21,bounded,1.0,0.6669044872254997,KXHIGHTOKC-26JUL21-B103.5,bounded,0.6669044872254997,KXHIGHTOKC-26JUL21-B103.5,,,1.0
,,0.2150169937389202,t_plus_19h,okc,okc:2026-07-21,,KXHIGHTOKC-26JUL21,0.4051084408832323,bracket,neuralcaster_v2,,0.021941644634540937,2026-07-22T01:00:00+00:00,2026-07-21,bounded,1.0,0.6669044872254997,KXHIGHTOKC-26JUL21-B103.5,bounded,0.6669044872254997,KXHIGHTOKC-26JUL21-B103.5,,,1.0
,,0.2509277805225241,t_plus_20h,okc,okc:2026-07-21,,KXHIGHTOKC-26JUL21,0.4482241850496687,bracket,neuralcaster_v2,,0.025843266347910322,2026-07-22T02:00:00+00:00,2026-07-21,bounded,1.0,0.6387614672077282,KXHIGHTOKC-26JUL21-B103.5,bounded,0.6387614672077282,KXHIGHTOKC-26JUL21-B103.5,,,1.0
,,0.2150169937389202,t_plus_21h,okc,okc:2026-07-21,,KXHIGHTOKC-26JUL21,0.4051084408832323,bracket,neuralcaster_v2,,0.021941644634540937,2026-07-22T03:00:00+00:00,2026-07-21,bounded,1.0,0.6669044872254997,KXHIGHTOKC-26JUL21-B103.5,bounded,0.6669044872254997,KXHIGHTOKC-26JUL21-B103.5,,,1.0
,,0.2150169937389202,t_plus_22h,okc,okc:2026-07-21,,KXHIGHTOKC-26JUL21,0.4051084408832323,bracket,neuralcaster_v2,,0.021941644634540937,2026-07-22T04:00:00+00:00,2026-07-21,bounded,1.0,0.6669044872254997,KXHIGHTOKC-26JUL21-B103.5,bounded,0.6669044872254997,KXHIGHTOKC-26JUL21-B103.5,,,1.0
,,0.2150169937389202,t_plus_23h,okc,okc:2026-07-21,,KXHIGHTOKC-26JUL21,0.4051084408832323,bracket,neuralcaster_v2,,0.021941644634540937,2026-07-22T05:00:00+00:00,2026-07-21,bounded,1.0,0.6669044872254997,KXHIGHTOKC-26JUL21-B103.5,bounded,0.6669044872254997,KXHIGHTOKC-26JUL21-B103.5,,,1.0
,,0.6149293750410686,t_plus_0h,aus,aus:2026-07-22,,KXHIGHAUS-26JUL22,1.1950059437039997,bracket,neuralcaster_v2,,0.0552188143804989,2026-07-22T06:00:00+00:00,2026-07-22,bounded,1.0,0.3027021550047866,KXHIGHAUS-26JUL22-B103.5,bounded,0.3027021550047866,KXHIGHAUS-26JUL22-B103.5,,,1.0
,,0.6964294438029817,t_plus_1h,aus,aus:2026-07-22,,KXHIGHAUS-26JUL22,1.4000614421802593,bracket,neuralcaster_v2,,0.06955167666042365,2026-07-22T07:00:00+00:00,2026-07-22,bounded,1.0,0.24658181295195625,KXHIGHAUS-26JUL22-B103.5,bounded,0.24658181295195625,KXHIGHAUS-26JUL22-B103.5,,,1.0
,,0.7110734382148706,t_plus_2h,aus,aus:2026-07-22,,KXHIGHAUS-26JUL22,1.4380168509308204,bracket,neuralcaster_v2,,0.07224062981270603,2026-07-22T08:00:00+00:00,2026-07-22,bounded,1.0,0.23739808795860273,KXHIGHAUS-26JUL22-B103.5,bounded,0.23739808795860273,KXHIGHAUS-26JUL22-B103.5,,,1.0
,,0.7164713385841572,t_plus_3h,aus,aus:2026-07-22,,KXHIGHAUS-26JUL22,1.4507695569483998,bracket,neuralcaster_v2,,0.07297819839633,2026-07-22T09:00:00+00:00,2026-07-22,bounded,1.0,0.2343898423392543,KXHIGHAUS-26JUL22-B103.5,bounded,0.2343898423392543,KXHIGHAUS-26JUL22-B103.5,,,1.0
,,0.719970959159675,t_plus_4h,aus,aus:2026-07-22,,KXHIGHAUS-26JUL22,1.45989091350327,bracket,neuralcaster_v2,,0.07365200630084823,2026-07-22T10:00:00+00:00,2026-07-22,bounded,1.0,0.23226160995322298,KXHIGHAUS-26JUL22-B103.5,bounded,0.23226160995322298,KXHIGHAUS-26JUL22-B103.5,,,1.0
,,0.7214595105480018,t_plus_5h,aus,aus:2026-07-22,,KXHIGHAUS-26JUL22,1.4637333969430708,bracket,neuralcaster_v2,,0.07393148163459913,2026-07-22T11:00:00+00:00,2026-07-22,bounded,1.0,0.23137086100328907,KXHIGHAUS-26JUL22-B103.5,bounded,0.23137086100328907,KXHIGHAUS-26JUL22-B103.5,,,1.0
,,0.722819549944494,t_plus_6h,aus,aus:2026-07-22,,KXHIGHAUS-26JUL22,1.467210065420945,bracket,neuralcaster_v2,,0.07418053900040363,2026-07-22T12:00:00+00:00,2026-07-22,bounded,1.0,0.23056785792073237,KXHIGHAUS-26JUL22-B103.5,bounded,0.23056785792073237,KXHIGHAUS-26JUL22-B103.5,,,1.0
,,0.7271037687483076,t_plus_7h,aus,aus:2026-07-22,,KXHIGHAUS-26JUL22,1.4782950146578733,bracket,neuralcaster_v2,,0.07499071896896423,2026-07-22T13:00:00+00:00,2026-07-22,bounded,1.0,0.22802613836248142,KXHIGHAUS-26JUL22-B103.5,bounded,0.22802613836248142,KXHIGHAUS-26JUL22-B103.5,,,1.0
,,0.7117512029834211,t_plus_8h,aus,aus:2026-07-22,,KXHIGHAUS-26JUL22,1.436749289574251,bracket,neuralcaster_v2,,0.07175912503673607,2026-07-22T14:00:00+00:00,2026-07-22,bounded,1.0,0.23769919539678286,KXHIGHAUS-26JUL22-B103.5,bounded,0.23769919539678286,KXHIGHAUS-26JUL22-B103.5,,,1.0
,,0.6773791342086247,t_plus_9h,aus,aus:2026-07-22,,KXHIGHAUS-26JUL22,1.3484637705660405,bracket,neuralcaster_v2,,0.06521731220509401,2026-07-22T15:00:00+00:00,2026-07-22,bounded,1.0,0.25963881922509013,KXHIGHAUS-26JUL22-B103.5,bounded,0.25963881922509013,KXHIGHAUS-26JUL22-B103.5,,,1.0
,,0.6428232934960931,t_plus_10h,aus,aus:2026-07-22,,KXHIGHAUS-26JUL22,1.2569700595460471,bracket,neuralcaster_v2,,0.05863427128059086,2026-07-22T16:00:00+00:00,2026-07-22,bounded,1.0,0.28451478467407676,KXHIGHAUS-26JUL22-B103.5,bounded,0.28451478467407676,KXHIGHAUS-26JUL22-B103.5,,,1.0
,,0.6015081604296085,t_plus_11h,aus,aus:2026-07-22,,KXHIGHAUS-26JUL22,1.1488690446981484,bracket,neuralcaster_v2,,0.05159746708004903,2026-07-22T17:00:00+00:00,2026-07-22,bounded,1.0,0.31699507398720067,KXHIGHAUS-26JUL22-B103.5,bounded,0.31699507398720067,KXHIGHAUS-26JUL22-B103.5,,,1.0
,,0.560845004958963,t_plus_12h,aus,aus:2026-07-22,,KXHIGHAUS-26JUL22,1.0443663218190906,bracket,neuralcaster_v2,,0.04606104785202178,2026-07-22T18:00:00+00:00,2026-07-22,bounded,1.0,0.35191474943590806,KXHIGHAUS-26JUL22-B103.5,bounded,0.35191474943590806,KXHIGHAUS-26JUL22-B103.5,,,1.0
,,0.5418025700880672,t_plus_13h,aus,aus:2026-07-22,,KXHIGHAUS-26JUL22,1.0054462493180847,bracket,neuralcaster_v2,,0.04391849016381248,2026-07-22T19:00:00+00:00,2026-07-22,bounded,1.0,0.365881324076706,KXHIGHAUS-26JUL22-B103.5,bounded,0.365881324076706,KXHIGHAUS-26JUL22-B103.5,,,1.0
,,0.5010181806892006,t_plus_14h,aus,aus:2026-07-22,,KXHIGHAUS-26JUL22,0.9171541615372052,bracket,neuralcaster_v2,,0.0401378050718916,2026-07-22T20:00:00+00:00,2026-07-22,bounded,1.0,0.39965477719403275,KXHIGHAUS-26JUL22-B103.5,bounded,0.39965477719403275,KXHIGHAUS-26JUL22-B103.5,,,1.0
,,0.436084480957651,t_plus_15h,aus,aus:2026-07-22,,KXHIGHAUS-26JUL22,0.7927614914180208,bracket,neuralcaster_v2,,0.03987795044844442,2026-07-22T21:00:00+00:00,2026-07-22,bounded,1.0,0.4525932356560027,KXHIGHAUS-26JUL22-B103.5,bounded,0.4525932356560027,KXHIGHAUS-26JUL22-B103.5,,,1.0
,,0.5952280948358843,t_plus_16h,aus,aus:2026-07-22,,KXHIGHAUS-26JUL22,0.8927093958891487,bracket,neuralcaster_v2,,0.07107956618330376,2026-07-22T22:00:00+00:00,2026-07-22,bounded,0.0,0.4861255070890817,KXHIGHAUS-26JUL22-B105.5,bounded,0.40954462965986593,KXHIGHAUS-26JUL22-B103.5,,,1.0
,,0.6165929965297352,t_plus_17h,aus,aus:2026-07-22,,KXHIGHAUS-26JUL22,0.8981872710727856,bracket,neuralcaster_v2,,0.07086583764247552,2026-07-22T23:00:00+00:00,2026-07-22,bounded,0.0,0.508663119742257,KXHIGHAUS-26JUL22-B105.5,bounded,0.40730732871868874,KXHIGHAUS-26JUL22-B103.5,,,1.0
,,0.7179620871329684,t_plus_0h,den,den:2026-07-22,,KXHIGHDEN-26JUL22,1.1615782642749357,bracket,neuralcaster_v2,,0.053388782430190365,2026-07-22T07:00:00+00:00,2026-07-22,upper_tail,0.0,0.46251578527548864,KXHIGHDEN-26JUL22-T95,bounded,0.31299180707151486,KXHIGHDEN-26JUL22-B94.5,,,1.0
,,0.871172632905916,t_plus_1h,den,den:2026-07-22,,KXHIGHDEN-26JUL22,1.2707782925172821,bracket,neuralcaster_v2,,0.07229735242999304,2026-07-22T08:00:00+00:00,2026-07-22,upper_tail,0.0,0.5851444519981702,KXHIGHDEN-26JUL22-T95,bounded,0.28061313766183865,KXHIGHDEN-26JUL22-B94.5,,,1.0
,,0.9099070312444901,t_plus_2h,den,den:2026-07-22,,KXHIGHDEN-26JUL22,1.3977226306139916,bracket,neuralcaster_v2,,0.07196017010495187,2026-07-22T09:00:00+00:00,2026-07-22,upper_tail,0.0,0.5686201023488344,KXHIGHDEN-26JUL22-T95,bounded,0.2471591962803304,KXHIGHDEN-26JUL22-B94.5,,,1.0
,,0.9158068416954355,t_plus_3h,den,den:2026-07-22,,KXHIGHDEN-26JUL22,1.4189810987515241,bracket,neuralcaster_v2,,0.07196778770989494,2026-07-22T10:00:00+00:00,2026-07-22,upper_tail,0.0,0.565541373379215,KXHIGHDEN-26JUL22-T95,bounded,0.24196042512213348,KXHIGHDEN-26JUL22-B94.5,,,1.0
,,0.9381650992174186,t_plus_4h,den,den:2026-07-22,,KXHIGHDEN-26JUL22,1.4504236187181372,bracket,neuralcaster_v2,,0.07414547918390064,2026-07-22T11:00:00+00:00,2026-07-22,upper_tail,0.0,0.5759876093234998,KXHIGHDEN-26JUL22-T95,bounded,0.23447094077322025,KXHIGHDEN-26JUL22-B94.5,,,1.0
,,0.9371869963930736,t_plus_5h,den,den:2026-07-22,,KXHIGHDEN-26JUL22,1.4511521699730003,bracket,neuralcaster_v2,,0.07400042605509084,2026-07-22T12:00:00+00:00,2026-07-22,upper_tail,0.0,0.5747918205893732,KXHIGHDEN-26JUL22-T95,bounded,0.2343001788870374,KXHIGHDEN-26JUL22-B94.5,,,1.0
,,0.9015486068557241,t_plus_6h,den,den:2026-07-22,,KXHIGHDEN-26JUL22,1.401978535437619,bracket,neuralcaster_v2,,0.07052397575265015,2026-07-22T13:00:00+00:00,2026-07-22,upper_tail,0.0,0.5577372525692306,KXHIGHDEN-26JUL22-T95,bounded,0.24610954545601618,KXHIGHDEN-26JUL22-B94.5,,,1.0
,,0.8967665497091442,t_plus_7h,den,den:2026-07-22,,KXHIGHDEN-26JUL22,1.3799983220008394,bracket,neuralcaster_v2,,0.0706806493325894,2026-07-22T14:00:00+00:00,2026-07-22,upper_tail,0.0,0.562392995844637,KXHIGHDEN-26JUL22-T95,bounded,0.25157897520871153,KXHIGHDEN-26JUL22-B94.5,,,1.0
,,0.8793862428791688,t_plus_8h,den,den:2026-07-22,,KXHIGHDEN-26JUL22,1.3351576041014597,bracket,neuralcaster_v2,,0.07001426574916034,2026-07-22T15:00:00+00:00,2026-07-22,upper_tail,0.0,0.5641859135117171,KXHIGHDEN-26JUL22-T95,bounded,0.2631167039163724,KXHIGHDEN-26JUL22-B94.5,,,1.0
,,0.8254935433820487,t_plus_9h,den,den:2026-07-22,,KXHIGHDEN-26JUL22,1.2438792965404615,bracket,neuralcaster_v2,,0.06601296414986349,2026-07-22T16:00:00+00:00,2026-07-22,upper_tail,0.0,0.5498927457580587,KXHIGHDEN-26JUL22-T95,bounded,0.288263785393694,KXHIGHDEN-26JUL22-B94.5,,,1.0
,,0.6947276851512179,t_plus_10h,den,den:2026-07-22,,KXHIGHDEN-26JUL22,1.0622863455208869,bracket,neuralcaster_v2,,0.054983457828228,2026-07-22T17:00:00+00:00,2026-07-22,upper_tail,0.0,0.5003180834535705,KXHIGHDEN-26JUL22-T95,bounded,0.34566459747756867,KXHIGHDEN-26JUL22-B94.5,,,1.0
,,0.4837029067535479,t_plus_11h,den,den:2026-07-22,,KXHIGHDEN-26JUL22,0.8124603148877503,bracket,neuralcaster_v2,,0.036130753276041226,2026-07-22T18:00:00+00:00,2026-07-22,bounded,1.0,0.4437649205923262,KXHIGHDEN-26JUL22-B94.5,bounded,0.4437649205923262,KXHIGHDEN-26JUL22-B94.5,,,1.0
,,0.4142958178273667,t_plus_12h,den,den:2026-07-22,,KXHIGHDEN-26JUL22,0.686817478419886,bracket,neuralcaster_v2,,0.033611016917482736,2026-07-22T19:00:00+00:00,2026-07-22,bounded,1.0,0.5031748885191706,KXHIGHDEN-26JUL22-B94.5,bounded,0.5031748885191706,KXHIGHDEN-26JUL22-B94.5,,,1.0
,,0.36145112462364,t_plus_13h,den,den:2026-07-22,,KXHIGHDEN-26JUL22,0.6122079076266577,bracket,neuralcaster_v2,,0.030455363433891817,2026-07-22T20:00:00+00:00,2026-07-22,bounded,1.0,0.542152523951201,KXHIGHDEN-26JUL22-B94.5,bounded,0.542152523951201,KXHIGHDEN-26JUL22-B94.5,,,1.0
,,0.20392833102361438,t_plus_14h,den,den:2026-07-22,,KXHIGHDEN-26JUL22,0.44142532737750234,bracket,neuralcaster_v2,,0.01610146579306852,2026-07-22T21:00:00+00:00,2026-07-22,bounded,1.0,0.6431191122280725,KXHIGHDEN-26JUL22-B94.5,bounded,0.6431191122280725,KXHIGHDEN-26JUL22-B94.5,,,1.0
,,0.1552122103631566,t_plus_15h,den,den:2026-07-22,,KXHIGHDEN-26JUL22,0.38070033848847373,bracket,neuralcaster_v2,,0.011249049216887002,2026-07-22T22:00:00+00:00,2026-07-22,bounded,1.0,0.6833826424156785,KXHIGHDEN-26JUL22-B94.5,bounded,0.6833826424156785,KXHIGHDEN-26JUL22-B94.5,,,1.0
,,0.5189826832760833,t_plus_16h,den,den:2026-07-22,,KXHIGHDEN-26JUL22,0.7460315191935268,bracket,neuralcaster_v2,,0.049104869121050915,2026-07-22T23:00:00+00:00,2026-07-22,bounded,0.0,0.4915125296305757,KXHIGHDEN-26JUL22-B92.5,bounded,0.4742448548770859,KXHIGHDEN-26JUL22-B94.5,,,1.0
,,0.8282402504439603,t_plus_0h,la,la:2026-07-22,,KXHIGHLAX-26JUL22,1.3300202899488187,bracket,neuralcaster_v2,,0.10584490729928642,2026-07-22T08:00:00+00:00,2026-07-22,bounded,0.0,0.5045192812145463,KXHIGHLAX-26JUL22-B79.5,bounded,0.26447189512416835,KXHIGHLAX-26JUL22-B77.5,,,1.0
,,0.7152009166876164,t_plus_1h,la,la:2026-07-22,,KXHIGHLAX-26JUL22,1.079991461800805,bracket,neuralcaster_v2,,0.07992974640496409,2026-07-22T09:00:00+00:00,2026-07-22,bounded,0.0,0.516454225698126,KXHIGHLAX-26JUL22-B79.5,bounded,0.33959842519156125,KXHIGHLAX-26JUL22-B77.5,,,1.0
,,0.7479202451256555,t_plus_2h,la,la:2026-07-22,,KXHIGHLAX-26JUL22,1.109939004491228,bracket,neuralcaster_v2,,0.08332642604396762,2026-07-22T10:00:00+00:00,2026-07-22,bounded,0.0,0.5361681577529365,KXHIGHLAX-26JUL22-B79.5,bounded,0.32957906330475684,KXHIGHLAX-26JUL22-B77.5,,,1.0
,,0.7701072112303038,t_plus_3h,la,la:2026-07-22,,KXHIGHLAX-26JUL22,1.1341417889457244,bracket,neuralcaster_v2,,0.08599671187754254,2026-07-22T11:00:00+00:00,2026-07-22,bounded,0.0,0.5470493865891364,KXHIGHLAX-26JUL22-B79.5,bounded,0.3216980877537871,KXHIGHLAX-26JUL22-B77.5,,,1.0
,,0.7180114861018182,t_plus_4h,la,la:2026-07-22,,KXHIGHLAX-26JUL22,1.053610310857033,bracket,neuralcaster_v2,,0.0781697448332397,2026-07-22T12:00:00+00:00,2026-07-22,bounded,0.0,0.5346985150088067,KXHIGHLAX-26JUL22-B79.5,bounded,0.3486766429187502,KXHIGHLAX-26JUL22-B77.5,,,1.0
,,0.9760850429603574,t_plus_5h,la,la:2026-07-22,,KXHIGHLAX-26JUL22,1.4994666867470205,bracket,neuralcaster_v2,,0.1220528213368344,2026-07-22T13:00:00+00:00,2026-07-22,bounded,0.0,0.5854932400209896,KXHIGHLAX-26JUL22-B79.5,bounded,0.22324919015729577,KXHIGHLAX-26JUL22-B77.5,,,1.0
,,0.9801066468166514,t_plus_6h,la,la:2026-07-22,,KXHIGHLAX-26JUL22,1.5010211229451822,bracket,neuralcaster_v2,,0.12225607858477369,2026-07-22T14:00:00+00:00,2026-07-22,bounded,0.0,0.5888156348912391,KXHIGHLAX-26JUL22-B79.5,bounded,0.22290243311057933,KXHIGHLAX-26JUL22-B77.5,,,1.0
,,0.819027989001998,t_plus_7h,la,la:2026-07-22,,KXHIGHLAX-26JUL22,1.1833782264579564,bracket,neuralcaster_v2,,0.0915953319158203,2026-07-22T15:00:00+00:00,2026-07-22,bounded,0.0,0.5727442192820076,KXHIGHLAX-26JUL22-B79.5,bounded,0.3062424328597208,KXHIGHLAX-26JUL22-B77.5,,,1.0
,,0.2600707254915092,t_plus_8h,la,la:2026-07-22,,KXHIGHLAX-26JUL22,0.5509372188401958,bracket,neuralcaster_v2,,0.018160164145347803,2026-07-22T16:00:00+00:00,2026-07-22,bounded,1.0,0.5764093354595519,KXHIGHLAX-26JUL22-B77.5,bounded,0.5764093354595519,KXHIGHLAX-26JUL22-B77.5,,,1.0
,,0.2812198679056378,t_plus_9h,la,la:2026-07-22,,KXHIGHLAX-26JUL22,0.5810257795426365,bracket,neuralcaster_v2,,0.02030063548016047,2026-07-22T17:00:00+00:00,2026-07-22,bounded,1.0,0.5593243287434856,KXHIGHLAX-26JUL22-B77.5,bounded,0.5593243287434856,KXHIGHLAX-26JUL22-B77.5,,,1.0
,,0.2541129864315577,t_plus_10h,la,la:2026-07-22,,KXHIGHLAX-26JUL22,0.5401101885211916,bracket,neuralcaster_v2,,0.017745067541336968,2026-07-22T18:00:00+00:00,2026-07-22,bounded,1.0,0.5826840437434255,KXHIGHLAX-26JUL22-B77.5,bounded,0.5826840437434255,KXHIGHLAX-26JUL22-B77.5,,,1.0
,,0.2318633357072638,t_plus_11h,la,la:2026-07-22,,KXHIGHLAX-26JUL22,0.5021578024623448,bracket,neuralcaster_v2,,0.015612858560474096,2026-07-22T19:00:00+00:00,2026-07-22,bounded,1.0,0.6052232973837128,KXHIGHLAX-26JUL22-B77.5,bounded,0.6052232973837128,KXHIGHLAX-26JUL22-B77.5,,,1.0
,,0.22511631630767084,t_plus_12h,la,la:2026-07-22,,KXHIGHLAX-26JUL22,0.49241324565555483,bracket,neuralcaster_v2,,0.015124460033204917,2026-07-22T20:00:00+00:00,2026-07-22,bounded,1.0,0.6111497586589358,KXHIGHLAX-26JUL22-B77.5,bounded,0.6111497586589358,KXHIGHLAX-26JUL22-B77.5,,,1.0
,,0.20570147228357588,t_plus_13h,la,la:2026-07-22,,KXHIGHLAX-26JUL22,0.45715948227541153,bracket,neuralcaster_v2,,0.014520397457107878,2026-07-22T21:00:00+00:00,2026-07-22,bounded,1.0,0.6330793670732958,KXHIGHLAX-26JUL22-B77.5,bounded,0.6330793670732958,KXHIGHLAX-26JUL22-B77.5,,,1.0
,,0.1359905372123015,t_plus_14h,la,la:2026-07-22,,KXHIGHLAX-26JUL22,0.3580359672180145,bracket,neuralcaster_v2,,0.0092725386808422,2026-07-22T22:00:00+00:00,2026-07-22,bounded,1.0,0.6990479317449981,KXHIGHLAX-26JUL22-B77.5,bounded,0.6990479317449981,KXHIGHLAX-26JUL22-B77.5,,,1.0
,,0.1392445530412483,t_plus_15h,la,la:2026-07-22,,KXHIGHLAX-26JUL22,0.3617817127540128,bracket,neuralcaster_v2,,0.009612235152660516,2026-07-22T23:00:00+00:00,2026-07-22,bounded,1.0,0.696434373992175,KXHIGHLAX-26JUL22-B77.5,bounded,0.696434373992175,KXHIGHLAX-26JUL22-B77.5,,,1.0
,,0.495467999666317,t_plus_0h,mia,mia:2026-07-22,,KXHIGHMIA-26JUL22,0.8692505300385219,bracket,neuralcaster_v2,,0.04556657711261525,2026-07-22T05:00:00+00:00,2026-07-22,bounded,1.0,0.41926565854215214,KXHIGHMIA-26JUL22-B92.5,bounded,0.41926565854215214,KXHIGHMIA-26JUL22-B92.5,,,1.0
,,0.33732046484480677,t_plus_1h,mia,mia:2026-07-22,,KXHIGHMIA-26JUL22,0.6495370308837135,bracket,neuralcaster_v2,,0.02642225264185726,2026-07-22T06:00:00+00:00,2026-07-22,bounded,1.0,0.5222875237893302,KXHIGHMIA-26JUL22-B92.5,bounded,0.5222875237893302,KXHIGHMIA-26JUL22-B92.5,,,1.0
,,0.2896322954549656,t_plus_2h,mia,mia:2026-07-22,,KXHIGHMIA-26JUL22,0.5620124732076361,bracket,neuralcaster_v2,,0.02422012389241635,2026-07-22T07:00:00+00:00,2026-07-22,bounded,1.0,0.5700606768484805,KXHIGHMIA-26JUL22-B92.5,bounded,0.5700606768484805,KXHIGHMIA-26JUL22-B92.5,,,1.0
,,0.2642061456370439,t_plus_3h,mia,mia:2026-07-22,,KXHIGHMIA-26JUL22,0.5228738564990147,bracket,neuralcaster_v2,,0.022042746065207487,2026-07-22T08:00:00+00:00,2026-07-22,bounded,1.0,0.5928144339672602,KXHIGHMIA-26JUL22-B92.5,bounded,0.5928144339672602,KXHIGHMIA-26JUL22-B92.5,,,1.0
,,0.25712208799906344,t_plus_4h,mia,mia:2026-07-22,,KXHIGHMIA-26JUL22,0.5085992719682079,bracket,neuralcaster_v2,,0.02165755010129984,2026-07-22T09:00:00+00:00,2026-07-22,bounded,1.0,0.6013372991755054,KXHIGHMIA-26JUL22-B92.5,bounded,0.6013372991755054,KXHIGHMIA-26JUL22-B92.5,,,1.0
,,0.2533325770577379,t_plus_5h,mia,mia:2026-07-22,,KXHIGHMIA-26JUL22,0.49950324761876386,bracket,neuralcaster_v2,,0.021542411751416697,2026-07-22T10:00:00+00:00,2026-07-22,bounded,1.0,0.6068320301091722,KXHIGHMIA-26JUL22-B92.5,bounded,0.6068320301091722,KXHIGHMIA-26JUL22-B92.5,,,1.0
,,0.2507988821105946,t_plus_6h,mia,mia:2026-07-22,,KXHIGHMIA-26JUL22,0.49342672135949656,bracket,neuralcaster_v2,,0.02146095371507165,2026-07-22T11:00:00+00:00,2026-07-22,bounded,1.0,0.6105306869871034,KXHIGHMIA-26JUL22-B92.5,bounded,0.6105306869871034,KXHIGHMIA-26JUL22-B92.5,,,1.0
,,0.18453198766318668,t_plus_7h,mia,mia:2026-07-22,,KXHIGHMIA-26JUL22,0.41887951707148247,bracket,neuralcaster_v2,,0.013794382491272317,2026-07-22T12:00:00+00:00,2026-07-22,bounded,1.0,0.6577834421692146,KXHIGHMIA-26JUL22-B92.5,bounded,0.6577834421692146,KXHIGHMIA-26JUL22-B92.5,,,1.0
,,0.24931853779489763,t_plus_8h,mia,mia:2026-07-22,,KXHIGHMIA-26JUL22,0.49130929239906407,bracket,neuralcaster_v2,,0.02131900304892205,2026-07-22T13:00:00+00:00,2026-07-22,bounded,1.0,0.6118248119703036,KXHIGHMIA-26JUL22-B92.5,bounded,0.6118248119703036,KXHIGHMIA-26JUL22-B92.5,,,1.0
,,0.2726722508428323,t_plus_9h,mia,mia:2026-07-22,,KXHIGHMIA-26JUL22,0.5154045603755946,bracket,neuralcaster_v2,,0.024172668429893386,2026-07-22T14:00:00+00:00,2026-07-22,bounded,1.0,0.5972589184428592,KXHIGHMIA-26JUL22-B92.5,bounded,0.5972589184428592,KXHIGHMIA-26JUL22-B92.5,,,1.0
,,0.24708401244781752,t_plus_10h,mia,mia:2026-07-22,,KXHIGHMIA-26JUL22,0.48895571085819967,bracket,neuralcaster_v2,,0.021050024326048983,2026-07-22T15:00:00+00:00,2026-07-22,bounded,1.0,0.6132664874388902,KXHIGHMIA-26JUL22-B92.5,bounded,0.6132664874388902,KXHIGHMIA-26JUL22-B92.5,,,1.0
,,0.18712054059393665,t_plus_11h,mia,mia:2026-07-22,,KXHIGHMIA-26JUL22,0.42170168156070204,bracket,neuralcaster_v2,,0.014139388128327431,2026-07-22T16:00:00+00:00,2026-07-22,bounded,1.0,0.6559296861297317,KXHIGHMIA-26JUL22-B92.5,bounded,0.6559296861297317,KXHIGHMIA-26JUL22-B92.5,,,1.0
,,0.20919291682626234,t_plus_12h,mia,mia:2026-07-22,,KXHIGHMIA-26JUL22,0.4384428145188626,bracket,neuralcaster_v2,,0.01689252545367128,2026-07-22T17:00:00+00:00,2026-07-22,bounded,1.0,0.6450400864911668,KXHIGHMIA-26JUL22-B92.5,bounded,0.6450400864911668,KXHIGHMIA-26JUL22-B92.5,,,1.0
,,0.23556914743542412,t_plus_13h,mia,mia:2026-07-22,,KXHIGHMIA-26JUL22,0.46472239795702985,bracket,neuralcaster_v2,,0.01975359998337319,2026-07-22T18:00:00+00:00,2026-07-22,bounded,1.0,0.6283095009832971,KXHIGHMIA-26JUL22-B92.5,bounded,0.6283095009832971,KXHIGHMIA-26JUL22-B92.5,,,1.0
,,0.2881808452961858,t_plus_14h,mia,mia:2026-07-22,,KXHIGHMIA-26JUL22,0.5168736501829829,bracket,neuralcaster_v2,,0.025355774080650186,2026-07-22T19:00:00+00:00,2026-07-22,bounded,1.0,0.5963821356474281,KXHIGHMIA-26JUL22-B92.5,bounded,0.5963821356474281,KXHIGHMIA-26JUL22-B92.5,,,1.0
,,0.12982023975255697,t_plus_15h,mia,mia:2026-07-22,,KXHIGHMIA-26JUL22,0.3496733704944613,bracket,neuralcaster_v2,,0.008728335115278481,2026-07-22T20:00:00+00:00,2026-07-22,bounded,1.0,0.7049182992355809,KXHIGHMIA-26JUL22-B92.5,bounded,0.7049182992355809,KXHIGHMIA-26JUL22-B92.5,,,1.0
,,0.12970707306153445,t_plus_16h,mia,mia:2026-07-22,,KXHIGHMIA-26JUL22,0.3494620996752902,bracket,neuralcaster_v2,,0.008723452694681399,2026-07-22T21:00:00+00:00,2026-07-22,bounded,1.0,0.7050672436353578,KXHIGHMIA-26JUL22-B92.5,bounded,0.7050672436353578,KXHIGHMIA-26JUL22-B92.5,,,1.0
,,0.12959979284409992,t_plus_17h,mia,mia:2026-07-22,,KXHIGHMIA-26JUL22,0.34925651211594055,bracket,neuralcaster_v2,,0.00871927928924373,2026-07-22T22:00:00+00:00,2026-07-22,bounded,1.0,0.7052122115904476,KXHIGHMIA-26JUL22-B92.5,bounded,0.7052122115904476,KXHIGHMIA-26JUL22-B92.5,,,1.0
,,0.13098487381172808,t_plus_18h,mia,mia:2026-07-22,,KXHIGHMIA-26JUL22,0.3516743524779433,bracket,neuralcaster_v2,,0.008793342699302115,2026-07-22T23:00:00+00:00,2026-07-22,bounded,1.0,0.7035091806995528,KXHIGHMIA-26JUL22-B92.5,bounded,0.7035091806995528,KXHIGHMIA-26JUL22-B92.5,,,1.0
,,0.7846535420778765,t_plus_0h,nyc,nyc:2026-07-22,,KXHIGHNY-26JUL22,1.3520011596756387,bracket,neuralcaster_v2,,0.05963037403800229,2026-07-22T05:00:00+00:00,2026-07-22,lower_tail,0.0,0.43861195263042846,KXHIGHNY-26JUL22-T84,bounded,0.25872199822586756,KXHIGHNY-26JUL22-B84.5,,,1.0
,,0.8279265853334327,t_plus_1h,nyc,nyc:2026-07-22,,KXHIGHNY-26JUL22,1.54761570913859,bracket,neuralcaster_v2,,0.07196592069653704,2026-07-22T06:00:00+00:00,2026-07-22,lower_tail,0.0,0.3908543317771426,KXHIGHNY-26JUL22-T84,bounded,0.21275463850905113,KXHIGHNY-26JUL22-B84.5,,,1.0
,,0.8352892704411297,t_plus_2h,nyc,nyc:2026-07-22,,KXHIGHNY-26JUL22,1.5747520984216472,bracket,neuralcaster_v2,,0.07401528577249522,2026-07-22T07:00:00+00:00,2026-07-22,lower_tail,0.0,0.3875869283656358,KXHIGHNY-26JUL22-T84,bounded,0.2070588765415634,KXHIGHNY-26JUL22-B84.5,,,1.0
,,0.8395464406215692,t_plus_3h,nyc,nyc:2026-07-22,,KXHIGHNY-26JUL22,1.5875862219051589,bracket,neuralcaster_v2,,0.07487773444734416,2026-07-22T08:00:00+00:00,2026-07-22,lower_tail,0.0,0.38754896090810814,KXHIGHNY-26JUL22-T84,bounded,0.20441843745547966,KXHIGHNY-26JUL22-B84.5,,,1.0
,,0.8429731158080759,t_plus_4h,nyc,nyc:2026-07-22,,KXHIGHNY-26JUL22,1.5968870816203662,bracket,neuralcaster_v2,,0.075447497571121,2026-07-22T09:00:00+00:00,2026-07-22,lower_tail,0.0,0.38819135458256765,KXHIGHNY-26JUL22-T84,bounded,0.20252598460709076,KXHIGHNY-26JUL22-B84.5,,,1.0
,,0.8429337253462328,t_plus_5h,nyc,nyc:2026-07-22,,KXHIGHNY-26JUL22,1.596836310544406,bracket,neuralcaster_v2,,0.07544758475165908,2026-07-22T10:00:00+00:00,2026-07-22,lower_tail,0.0,0.38814936490960783,KXHIGHNY-26JUL22-T84,bounded,0.20253626733026941,KXHIGHNY-26JUL22-B84.5,,,1.0
,,0.8505903763467645,t_plus_6h,nyc,nyc:2026-07-22,,KXHIGHNY-26JUL22,1.6289792631641027,bracket,neuralcaster_v2,,0.07811422229717278,2026-07-22T11:00:00+00:00,2026-07-22,lower_tail,0.0,0.38306244339380413,KXHIGHNY-26JUL22-T84,bounded,0.19612966876507298,KXHIGHNY-26JUL22-B84.5,,,1.0
,,0.8541741425881155,t_plus_7h,nyc,nyc:2026-07-22,,KXHIGHNY-26JUL22,1.6382516501344553,bracket,neuralcaster_v2,,0.07865908549061104,2026-07-22T12:00:00+00:00,2026-07-22,lower_tail,0.0,0.3844745524237012,KXHIGHNY-26JUL22-T84,bounded,0.1943194839166449,KXHIGHNY-26JUL22-B84.5,,,1.0
,,0.8371757318203005,t_plus_8h,nyc,nyc:2026-07-22,,KXHIGHNY-26JUL22,1.5959370401860657,bracket,neuralcaster_v2,,0.0763043595536437,2026-07-22T13:00:00+00:00,2026-07-22,lower_tail,0.0,0.37775521099765974,KXHIGHNY-26JUL22-T84,bounded,0.20271848411076343,KXHIGHNY-26JUL22-B84.5,,,1.0
,,0.822882982410085,t_plus_9h,nyc,nyc:2026-07-22,,KXHIGHNY-26JUL22,1.5633246065496984,bracket,neuralcaster_v2,,0.07466737049443288,2026-07-22T14:00:00+00:00,2026-07-22,lower_tail,0.0,0.3710494944361269,KXHIGHNY-26JUL22-T84,bounded,0.20943861147412934,KXHIGHNY-26JUL22-B84.5,,,1.0
,,0.8282959699236705,t_plus_10h,nyc,nyc:2026-07-22,,KXHIGHNY-26JUL22,1.5744725178362677,bracket,neuralcaster_v2,,0.07516585211304991,2026-07-22T15:00:00+00:00,2026-07-22,lower_tail,0.0,0.3745930175208767,KXHIGHNY-26JUL22-T84,bounded,0.2071167742766391,KXHIGHNY-26JUL22-B84.5,,,1.0
,,0.7753781750561336,t_plus_11h,nyc,nyc:2026-07-22,,KXHIGHNY-26JUL22,1.5090337220023522,bracket,neuralcaster_v2,,0.07917609788677539,2026-07-22T16:00:00+00:00,2026-07-22,lower_tail,0.0,0.305100947778776,KXHIGHNY-26JUL22-T84,bounded,0.22112354157483566,KXHIGHNY-26JUL22-B84.5,,,1.0
,,0.7548033440226349,t_plus_12h,nyc,nyc:2026-07-22,,KXHIGHNY-26JUL22,1.4712563333453692,bracket,neuralcaster_v2,,0.07961503577374454,2026-07-22T17:00:00+00:00,2026-07-22,lower_tail,0.0,0.2829161761216305,KXHIGHNY-26JUL22-T84,bounded,0.22963680351091192,KXHIGHNY-26JUL22-B84.5,,,1.0
,,0.7163635391667049,t_plus_13h,nyc,nyc:2026-07-22,,KXHIGHNY-26JUL22,1.4048145930999887,bracket,neuralcaster_v2,,0.08324119177994914,2026-07-22T18:00:00+00:00,2026-07-22,bounded,1.0,0.2454125534158233,KXHIGHNY-26JUL22-B84.5,bounded,0.2454125534158233,KXHIGHNY-26JUL22-B84.5,,,1.0
,,0.4485143272609013,t_plus_14h,nyc,nyc:2026-07-22,,KXHIGHNY-26JUL22,0.8625686772774925,bracket,neuralcaster_v2,,0.08928619624188959,2026-07-22T19:00:00+00:00,2026-07-22,bounded,1.0,0.42207651033114324,KXHIGHNY-26JUL22-B84.5,bounded,0.42207651033114324,KXHIGHNY-26JUL22-B84.5,,,1.0
,,0.46022536616821086,t_plus_15h,nyc,nyc:2026-07-22,,KXHIGHNY-26JUL22,0.8711935826672113,bracket,neuralcaster_v2,,0.08820706826624865,2026-07-22T20:00:00+00:00,2026-07-22,bounded,1.0,0.4184517942488388,KXHIGHNY-26JUL22-B84.5,bounded,0.4184517942488388,KXHIGHNY-26JUL22-B84.5,,,1.0
,,0.4699249965269576,t_plus_16h,nyc,nyc:2026-07-22,,KXHIGHNY-26JUL22,0.8741082788849652,bracket,neuralcaster_v2,,0.08589589589426802,2026-07-22T21:00:00+00:00,2026-07-22,bounded,1.0,0.417233910130153,KXHIGHNY-26JUL22-B84.5,bounded,0.417233910130153,KXHIGHNY-26JUL22-B84.5,,,1.0
,,0.507736517485873,t_plus_17h,nyc,nyc:2026-07-22,,KXHIGHNY-26JUL22,0.8979620731165607,bracket,neuralcaster_v2,,0.0832571038831627,2026-07-22T22:00:00+00:00,2026-07-22,bounded,1.0,0.40739906382556323,KXHIGHNY-26JUL22-B84.5,bounded,0.40739906382556323,KXHIGHNY-26JUL22-B84.5,,,1.0
,,0.471927407053447,t_plus_18h,nyc,nyc:2026-07-22,,KXHIGHNY-26JUL22,0.7717223832756822,bracket,neuralcaster_v2,,0.06088601118053324,2026-07-22T23:00:00+00:00,2026-07-22,bounded,1.0,0.4622162687400566,KXHIGHNY-26JUL22-B84.5,bounded,0.4622162687400566,KXHIGHNY-26JUL22-B84.5,,,1.0
,,0.6543168473956388,t_plus_0h,okc,okc:2026-07-22,,KXHIGHTOKC-26JUL22,1.1553673156787998,bracket,neuralcaster_v2,,0.11930384573829553,2026-07-22T06:00:00+00:00,2026-07-22,bounded,0.0,0.341302165588019,KXHIGHTOKC-26JUL22-B96.5,lower_tail,0.31494183258169134,KXHIGHTOKC-26JUL22-T96,,,1.0
,,0.7051125220274966,t_plus_1h,okc,okc:2026-07-22,,KXHIGHTOKC-26JUL22,1.2678534110856574,bracket,neuralcaster_v2,,0.1366924981582889,2026-07-22T07:00:00+00:00,2026-07-22,bounded,0.0,0.32993498943597793,KXHIGHTOKC-26JUL22-B96.5,lower_tail,0.2814350993018395,KXHIGHTOKC-26JUL22-T96,,,1.0
,,0.7396380199099498,t_plus_2h,okc,okc:2026-07-22,,KXHIGHTOKC-26JUL22,1.333768866236875,bracket,neuralcaster_v2,,0.14423594663385128,2026-07-22T08:00:00+00:00,2026-07-22,bounded,0.0,0.3349288668497396,KXHIGHTOKC-26JUL22-B96.5,lower_tail,0.26348235788589575,KXHIGHTOKC-26JUL22-T96,,,1.0
,,0.740395652277516,t_plus_3h,okc,okc:2026-07-22,,KXHIGHTOKC-26JUL22,1.3343136268728237,bracket,neuralcaster_v2,,0.14412372865483764,2026-07-22T09:00:00+00:00,2026-07-22,bounded,0.0,0.3357122280339286,KXHIGHTOKC-26JUL22-B96.5,lower_tail,0.2633388621580132,KXHIGHTOKC-26JUL22-T96,,,1.0
,,0.7653879436102433,t_plus_4h,okc,okc:2026-07-22,,KXHIGHTOKC-26JUL22,1.3762372735017503,bracket,neuralcaster_v2,,0.1474241478337611,2026-07-22T10:00:00+00:00,2026-07-22,bounded,0.0,0.344439827565723,KXHIGHTOKC-26JUL22-B96.5,lower_tail,0.2525269575220788,KXHIGHTOKC-26JUL22-T96,,,1.0
,,0.7789197054318641,t_plus_5h,okc,okc:2026-07-22,,KXHIGHTOKC-26JUL22,1.3986429421608153,bracket,neuralcaster_v2,,0.14910606969658874,2026-07-22T11:00:00+00:00,2026-07-22,bounded,0.0,0.34895377814068945,KXHIGHTOKC-26JUL22-B96.5,lower_tail,0.24693183745461347,KXHIGHTOKC-26JUL22-T96,,,1.0
,,0.793030976861522,t_plus_6h,okc,okc:2026-07-22,,KXHIGHTOKC-26JUL22,1.4189687871159251,bracket,neuralcaster_v2,,0.15006298846847105,2026-07-22T12:00:00+00:00,2026-07-22,bounded,0.0,0.35521477849776023,KXHIGHTOKC-26JUL22-B96.5,lower_tail,0.24196340406905478,KXHIGHTOKC-26JUL22-T96,,,1.0
,,0.7740456880819256,t_plus_7h,okc,okc:2026-07-22,,KXHIGHTOKC-26JUL22,1.3943966903123228,bracket,neuralcaster_v2,,0.14956495391865218,2026-07-22T13:00:00+00:00,2026-07-22,bounded,0.0,0.34479676339116877,KXHIGHTOKC-26JUL22-B96.5,lower_tail,0.24798260155152127,KXHIGHTOKC-26JUL22-T96,,,1.0
,,0.768744543374992,t_plus_8h,okc,okc:2026-07-22,,KXHIGHTOKC-26JUL22,1.3871913932724038,bracket,neuralcaster_v2,,0.14934535350822947,2026-07-22T14:00:00+00:00,2026-07-22,bounded,0.0,0.3420619734599778,KXHIGHTOKC-26JUL22-B96.5,lower_tail,0.2497758425151383,KXHIGHTOKC-26JUL22-T96,,,1.0
,,0.8024527852097061,t_plus_9h,okc,okc:2026-07-22,,KXHIGHTOKC-26JUL22,1.455442410357717,bracket,neuralcaster_v2,,0.15688865195818502,2026-07-22T15:00:00+00:00,2026-07-22,bounded,0.0,0.34405064101773347,KXHIGHTOKC-26JUL22-B96.5,lower_tail,0.2332971280006662,KXHIGHTOKC-26JUL22-T96,,,1.0
,,0.8481239179581604,t_plus_10h,okc,okc:2026-07-22,,KXHIGHTOKC-26JUL22,1.5679426258682203,bracket,neuralcaster_v2,,0.17130121555716504,2026-07-22T16:00:00+00:00,2026-07-22,bounded,0.0,0.33673047496371544,KXHIGHTOKC-26JUL22-B96.5,lower_tail,0.2084736497411651,KXHIGHTOKC-26JUL22-T96,,,1.0
,,0.8602993434123101,t_plus_11h,okc,okc:2026-07-22,,KXHIGHTOKC-26JUL22,1.5875689363245975,bracket,neuralcaster_v2,,0.17185321093991487,2026-07-22T17:00:00+00:00,2026-07-22,bounded,0.0,0.34260204441996667,KXHIGHTOKC-26JUL22-B96.5,lower_tail,0.2044219709773879,KXHIGHTOKC-26JUL22-T96,,,1.0
,,0.9328193403625774,t_plus_12h,okc,okc:2026-07-22,,KXHIGHTOKC-26JUL22,1.6936211327788473,bracket,neuralcaster_v2,,0.17249119537057778,2026-07-22T18:00:00+00:00,2026-07-22,bounded,0.0,0.3840251317084403,KXHIGHTOKC-26JUL22-B96.5,lower_tail,0.1838525626029965,KXHIGHTOKC-26JUL22-T96,,,1.0
,,1.050506246236103,t_plus_13h,okc,okc:2026-07-22,,KXHIGHTOKC-26JUL22,1.9622429051214016,bracket,neuralcaster_v2,,0.1878873946336223,2026-07-22T19:00:00+00:00,2026-07-22,bounded,0.0,0.41847785097185597,KXHIGHTOKC-26JUL22-B96.5,lower_tail,0.14054284288546093,KXHIGHTOKC-26JUL22-T96,,,1.0
,,1.107727329069959,t_plus_14h,okc,okc:2026-07-22,,KXHIGHTOKC-26JUL22,2.1109086765429876,bracket,neuralcaster_v2,,0.1940717516699206,2026-07-22T20:00:00+00:00,2026-07-22,bounded,0.0,0.43921984554502114,KXHIGHTOKC-26JUL22-B96.5,lower_tail,0.12112785037468075,KXHIGHTOKC-26JUL22-T96,,,1.0
,,1.2116377119627535,t_plus_15h,okc,okc:2026-07-22,,KXHIGHTOKC-26JUL22,2.426554500475406,bracket,neuralcaster_v2,,0.20369166000778338,2026-07-22T21:00:00+00:00,2026-07-22,bounded,0.0,0.48142617944137917,KXHIGHTOKC-26JUL22-B96.5,lower_tail,0.0883406866110382,KXHIGHTOKC-26JUL22-T96,,,1.0
,,1.1872813489695941,t_plus_16h,okc,okc:2026-07-22,,KXHIGHTOKC-26JUL22,2.03957709485541,bracket,neuralcaster_v2,,0.1651393915069266,2026-07-22T22:00:00+00:00,2026-07-22,bounded,0.0,0.6078017318518438,KXHIGHTOKC-26JUL22-B96.5,lower_tail,0.13008371231857702,KXHIGHTOKC-26JUL22-T96,,,1.0
,,0.8718598210931813,t_plus_17h,okc,okc:2026-07-22,,KXHIGHTOKC-26JUL22,1.1878613630586607,bracket,neuralcaster_v2,,0.09779825271682159,2026-07-22T23:00:00+00:00,2026-07-22,bounded,0.0,0.6191325793369653,KXHIGHTOKC-26JUL22-B96.5,lower_tail,0.30487257911534277,KXHIGHTOKC-26JUL22-T96,,,1.0
