brier_delta,checkpoint,city,event_ticker,log_loss_delta,market_brier,market_log_loss,market_top_one_accuracy,market_winner_probability,model_brier,model_log_loss,model_top_one_accuracy,model_winner_probability,slice_key,snapshot_hour_utc,target_date,top_bracket_type,top_one_accuracy_delta,winner_bracket_type,winner_probability_delta,winner_ticker
0.5700049374058722,t_plus_22h,aus,KXHIGHAUS-26JUL01,0.9757156556620736,0.0007208765859284905,0.02481516911972402,1.0,0.9754901960784313,0.5707258139918007,1.0005308247817977,1.0,0.36768421346779045,aus|t_plus_22h|bounded,2026-07-02T04:00:00+00:00,2026-07-01,bounded,0.0,bounded,-0.6078059826106409,KXHIGHAUS-26JUL01-B95.5
0.5700049374058722,t_plus_23h,aus,KXHIGHAUS-26JUL01,0.9757156556620736,0.0007208765859284905,0.02481516911972402,1.0,0.9754901960784313,0.5707258139918007,1.0005308247817977,1.0,0.36768421346779045,aus|t_plus_23h|bounded,2026-07-02T05:00:00+00:00,2026-07-01,bounded,0.0,bounded,-0.6078059826106409,KXHIGHAUS-26JUL01-B95.5
0.46045746596405823,t_plus_21h,den,KXHIGHDEN-26JUL01,0.8013622685172938,0.0007208765859284905,0.02481516911972402,1.0,0.9754901960784313,0.46117834254998674,0.8261774376370178,1.0,0.4377193017473705,den|t_plus_21h|bounded,2026-07-02T04:00:00+00:00,2026-07-01,bounded,0.0,bounded,-0.5377708943310608,KXHIGHDEN-26JUL01-B88.5
0.4822788141596328,t_plus_22h,den,KXHIGHDEN-26JUL01,0.8013622685172938,0.0007208765859284905,0.02481516911972402,1.0,0.9754901960784313,0.4829996907455613,0.8261774376370178,1.0,0.4377193017473705,den|t_plus_22h|bounded,2026-07-02T05:00:00+00:00,2026-07-01,bounded,0.0,bounded,-0.5377708943310608,KXHIGHDEN-26JUL01-B88.5
0.49889069822925597,t_plus_23h,den,KXHIGHDEN-26JUL01,0.8013622685172938,0.0007208765859284905,0.02481516911972402,1.0,0.9754901960784313,0.4996115748151845,0.8261774376370178,1.0,0.4377193017473705,den|t_plus_23h|bounded,2026-07-02T06:00:00+00:00,2026-07-01,bounded,0.0,bounded,-0.5377708943310608,KXHIGHDEN-26JUL01-B88.5
0.4266882347149565,t_plus_20h,la,KXHIGHLAX-26JUL01,0.5993198483021617,0.0007208765859284905,0.02481516911972402,1.0,0.9754901960784313,0.427409111300885,0.6241350174218857,1.0,0.5357246206270678,la|t_plus_20h|bounded,2026-07-02T04:00:00+00:00,2026-07-01,bounded,0.0,bounded,-0.4397655754513635,KXHIGHLAX-26JUL01-B71.5
0.4266882347149565,t_plus_21h,la,KXHIGHLAX-26JUL01,0.5993198483021617,0.0007208765859284905,0.02481516911972402,1.0,0.9754901960784313,0.427409111300885,0.6241350174218857,1.0,0.5357246206270678,la|t_plus_21h|bounded,2026-07-02T05:00:00+00:00,2026-07-01,bounded,0.0,bounded,-0.4397655754513635,KXHIGHLAX-26JUL01-B71.5
0.44920447631433236,t_plus_22h,la,KXHIGHLAX-26JUL01,0.6220133715915241,0.0007208765859284905,0.02481516911972402,1.0,0.9754901960784313,0.44992535290026087,0.6468285407112482,1.0,0.5237040518749532,la|t_plus_22h|bounded,2026-07-02T06:00:00+00:00,2026-07-01,bounded,0.0,bounded,-0.4517861442034782,KXHIGHLAX-26JUL01-B71.5
0.44920447631433236,t_plus_23h,la,KXHIGHLAX-26JUL01,0.6220133715915241,0.0007208765859284905,0.02481516911972402,1.0,0.9754901960784313,0.44992535290026087,0.6468285407112482,1.0,0.5237040518749532,la|t_plus_23h|bounded,2026-07-02T07:00:00+00:00,2026-07-01,bounded,0.0,bounded,-0.4517861442034782,KXHIGHLAX-26JUL01-B71.5
0.450043260335468,t_plus_23h,mia,KXHIGHMIA-26JUL01,0.6974741718579056,0.0007208765859284905,0.02481516911972402,1.0,0.9754901960784313,0.4507641369213965,0.7222893409776296,1.0,0.48563918865588357,mia|t_plus_23h|bounded,2026-07-02T04:00:00+00:00,2026-07-01,bounded,0.0,bounded,-0.4898510074225478,KXHIGHMIA-26JUL01-B92.5
0.9392654408271807,t_plus_23h,nyc,KXHIGHNY-26JUL01,1.5987905773208289,0.0007208765859284905,0.02481516911972402,1.0,0.9754901960784313,0.9399863174131091,1.6236057464405529,0.0,0.19718641148976024,nyc|t_plus_23h|bounded,2026-07-02T04:00:00+00:00,2026-07-01,lower_tail,-1.0,bounded,-0.7783037845886711,KXHIGHNY-26JUL01-B92.5
0.18741039243351154,t_plus_22h,okc,KXHIGHTOKC-26JUL01,0.4722991102269045,0.0007208765859284905,0.02481516911972402,1.0,0.9754901960784313,0.18813126901944002,0.49711427934662855,1.0,0.6082834656019902,okc|t_plus_22h|lower_tail,2026-07-02T04:00:00+00:00,2026-07-01,lower_tail,0.0,lower_tail,-0.36720673047644115,KXHIGHTOKC-26JUL01-T94
0.1983378735815493,t_plus_23h,okc,KXHIGHTOKC-26JUL01,0.4944102785156209,0.0007208765859284905,0.02481516911972402,1.0,0.9754901960784313,0.1990587501674778,0.519225447635345,1.0,0.5949812136482752,okc|t_plus_23h|lower_tail,2026-07-02T05:00:00+00:00,2026-07-01,lower_tail,0.0,lower_tail,-0.3805089824301562,KXHIGHTOKC-26JUL01-T94
-0.16284000052467096,t_plus_0h,aus,KXHIGHAUS-26JUL02,-0.24869398103695703,0.22922355247497037,0.47290638890369713,1.0,0.6231884057971013,0.06638355195029942,0.2242124078667401,1.0,0.7991453715769352,aus|t_plus_0h|bounded,2026-07-02T06:00:00+00:00,2026-07-02,bounded,0.0,bounded,0.17595696577983388,KXHIGHAUS-26JUL02-B95.5
-0.16831360901106268,t_plus_1h,aus,KXHIGHAUS-26JUL02,-0.2349054137337442,0.23469716096136212,0.4591178216004843,1.0,0.6318407960199006,0.06638355195029942,0.2242124078667401,1.0,0.7991453715769352,aus|t_plus_1h|bounded,2026-07-02T07:00:00+00:00,2026-07-02,bounded,0.0,bounded,0.1673045755570346,KXHIGHAUS-26JUL02-B95.5
-0.19318390977985384,t_plus_2h,aus,KXHIGHAUS-26JUL02,-0.2648394163496901,0.25956746173015327,0.48905182421643023,1.0,0.6132075471698112,0.06638355195029942,0.2242124078667401,1.0,0.7991453715769352,aus|t_plus_2h|bounded,2026-07-02T08:00:00+00:00,2026-07-02,bounded,0.0,bounded,0.18593782440712403,KXHIGHAUS-26JUL02-B95.5
-0.21011084359971596,t_plus_3h,aus,KXHIGHAUS-26JUL02,-0.30065065741045616,0.24851873884592507,0.470979715218791,1.0,0.624390243902439,0.0384078952462091,0.17032905780833482,1.0,0.8433872477714645,aus|t_plus_3h|bounded,2026-07-02T09:00:00+00:00,2026-07-02,bounded,0.0,bounded,0.21899700386902543,KXHIGHAUS-26JUL02-B95.5
-0.2263660316646874,t_plus_4h,aus,KXHIGHAUS-26JUL02,-0.33734198920914116,0.2647739269108965,0.507671047017476,1.0,0.601895734597156,0.0384078952462091,0.17032905780833482,1.0,0.8433872477714645,aus|t_plus_4h|bounded,2026-07-02T10:00:00+00:00,2026-07-02,bounded,0.0,bounded,0.2414915131743085,KXHIGHAUS-26JUL02-B95.5
-0.23916551471070407,t_plus_5h,aus,KXHIGHAUS-26JUL02,-0.34350059030130176,0.3055490666610035,0.5677129981680419,1.0,0.566820276497696,0.06638355195029942,0.2242124078667401,1.0,0.7991453715769352,aus|t_plus_5h|bounded,2026-07-02T11:00:00+00:00,2026-07-02,bounded,0.0,bounded,0.23232509507923926,KXHIGHAUS-26JUL02-B95.5
-0.24713448900277418,t_plus_6h,aus,KXHIGHAUS-26JUL02,-0.3412892122459438,0.3135180409530736,0.5655016201126839,1.0,0.5680751173708921,0.06638355195029942,0.2242124078667401,1.0,0.7991453715769352,aus|t_plus_6h|bounded,2026-07-02T12:00:00+00:00,2026-07-02,bounded,0.0,bounded,0.2310702542060431,KXHIGHAUS-26JUL02-B95.5
-0.17446317812292672,t_plus_7h,aus,KXHIGHAUS-26JUL02,-0.2624428549714374,0.24084673007322613,0.4866552628381775,1.0,0.6146788990825689,0.06638355195029942,0.2242124078667401,1.0,0.7991453715769352,aus|t_plus_7h|bounded,2026-07-02T13:00:00+00:00,2026-07-02,bounded,0.0,bounded,0.18446647249436632,KXHIGHAUS-26JUL02-B95.5
-0.21860511018121948,t_plus_8h,aus,KXHIGHAUS-26JUL02,-0.28661321589925026,0.2849886621315189,0.5108256237659904,1.0,0.6000000000000002,0.06638355195029942,0.2242124078667401,1.0,0.7991453715769352,aus|t_plus_8h|bounded,2026-07-02T14:00:00+00:00,2026-07-02,bounded,0.0,bounded,0.19914537157693502,KXHIGHAUS-26JUL02-B95.5
-0.1790796989740599,t_plus_9h,aus,KXHIGHAUS-26JUL02,-0.24384490016951965,0.28173422380920854,0.5250102587579467,1.0,0.5915492957746481,0.10265452483514864,0.28116535858842706,1.0,0.7549034953824062,aus|t_plus_9h|bounded,2026-07-02T15:00:00+00:00,2026-07-02,bounded,0.0,bounded,0.1633541996077581,KXHIGHAUS-26JUL02-B95.5
-0.17718485898975075,t_plus_10h,aus,KXHIGHAUS-26JUL02,-0.23717794453636631,0.3244056728905215,0.5787368293822012,1.0,0.5606060606060606,0.14722081390077077,0.34155888484583485,1.0,0.7106616191878644,aus|t_plus_10h|bounded,2026-07-02T16:00:00+00:00,2026-07-02,bounded,0.0,bounded,0.15005555858180386,KXHIGHAUS-26JUL02-B95.5
-0.15624793904484166,t_plus_11h,aus,KXHIGHAUS-26JUL02,-0.2241433491459902,0.30346875294561243,0.5657022339918251,1.0,0.5679611650485437,0.14722081390077077,0.34155888484583485,1.0,0.7106616191878644,aus|t_plus_11h|bounded,2026-07-02T17:00:00+00:00,2026-07-02,bounded,0.0,bounded,0.14270045413932075,KXHIGHAUS-26JUL02-B95.5
-0.015367038941425909,t_plus_12h,aus,KXHIGHAUS-26JUL02,-0.05913294450967177,0.16258785284219668,0.4006918293555066,1.0,0.6698564593301436,0.14722081390077077,0.34155888484583485,1.0,0.7106616191878644,aus|t_plus_12h|bounded,2026-07-02T18:00:00+00:00,2026-07-02,bounded,0.0,bounded,0.04080515985772082,KXHIGHAUS-26JUL02-B95.5
-0.032216470044193896,t_plus_13h,aus,KXHIGHAUS-26JUL02,-0.07352168196177145,0.17943728394496467,0.4150805668076063,1.0,0.6602870813397129,0.14722081390077077,0.34155888484583485,1.0,0.7106616191878644,aus|t_plus_13h|bounded,2026-07-02T19:00:00+00:00,2026-07-02,bounded,0.0,bounded,0.05037453784815149,KXHIGHAUS-26JUL02-B95.5
0.7294260102588286,t_plus_14h,aus,KXHIGHAUS-26JUL02,0.8038148273007677,0.06642179369452116,0.21309321546070875,1.0,0.8080808080808077,0.7958478039533498,1.0169080427614765,0.0,0.3617116097662053,aus|t_plus_14h|bounded,2026-07-02T20:00:00+00:00,2026-07-02,bounded,-1.0,bounded,-0.4463691983146024,KXHIGHAUS-26JUL02-B95.5
0.09327350817586325,t_plus_15h,aus,KXHIGHAUS-26JUL02,0.18425987186175832,0.017637447135717018,0.10863384100279541,1.0,0.8970588235294118,0.11091095531158027,0.29289371286455373,1.0,0.7461014374675743,aus|t_plus_15h|bounded,2026-07-02T21:00:00+00:00,2026-07-02,bounded,0.0,bounded,-0.1509573860618375,KXHIGHAUS-26JUL02-B95.5
0.17186088160922006,t_plus_16h,aus,KXHIGHAUS-26JUL02,0.3287958120731103,0.002695814135869039,0.04557750849631925,1.0,0.9554455445544554,0.17455669574508909,0.37437332056942957,1.0,0.6877201238316041,aus|t_plus_16h|bounded,2026-07-02T22:00:00+00:00,2026-07-02,bounded,0.0,bounded,-0.2677254207228513,KXHIGHAUS-26JUL02-B95.5
0.6037358159839538,t_plus_17h,aus,KXHIGHAUS-26JUL02,0.680294839586452,0.07037297677691785,0.21945577823502524,1.0,0.8029556650246303,0.6741087927608717,0.8997506178214772,0.0,0.4066710636117001,aus|t_plus_17h|bounded,2026-07-02T23:00:00+00:00,2026-07-02,bounded,-1.0,bounded,-0.39628460141293026,KXHIGHAUS-26JUL02-B95.5
0.6733879161749432,t_plus_18h,aus,KXHIGHAUS-26JUL02,0.8749354487017532,0.0007208765859284905,0.02481516911972402,1.0,0.9754901960784313,0.6741087927608717,0.8997506178214772,0.0,0.4066710636117001,aus|t_plus_18h|bounded,2026-07-03T00:00:00+00:00,2026-07-02,bounded,-1.0,bounded,-0.5688191324667313,KXHIGHAUS-26JUL02-B95.5
0.6733879161749432,t_plus_19h,aus,KXHIGHAUS-26JUL02,0.8749354487017532,0.0007208765859284905,0.02481516911972402,1.0,0.9754901960784313,0.6741087927608717,0.8997506178214772,0.0,0.4066710636117001,aus|t_plus_19h|bounded,2026-07-03T01:00:00+00:00,2026-07-02,bounded,-1.0,bounded,-0.5688191324667313,KXHIGHAUS-26JUL02-B95.5
0.6733879161749432,t_plus_20h,aus,KXHIGHAUS-26JUL02,0.8749354487017532,0.0007208765859284905,0.02481516911972402,1.0,0.9754901960784313,0.6741087927608717,0.8997506178214772,0.0,0.4066710636117001,aus|t_plus_20h|bounded,2026-07-03T02:00:00+00:00,2026-07-02,bounded,-1.0,bounded,-0.5688191324667313,KXHIGHAUS-26JUL02-B95.5
-0.8772077677384186,t_plus_0h,den,KXHIGHDEN-26JUL02,-1.4618482265585409,0.9685123966942143,1.7047480922384244,0.0,0.181818181818182,0.09130462895579575,0.24289986567988345,1.0,0.784350050198405,den|t_plus_0h|bounded,2026-07-02T07:00:00+00:00,2026-07-02,bounded,1.0,bounded,0.602531868380223,KXHIGHDEN-26JUL02-B89.5
-0.8399025137577112,t_plus_1h,den,KXHIGHDEN-26JUL02,-1.3800822718619732,0.9312071427135069,1.6229821375418567,0.0,0.19730941704035893,0.09130462895579575,0.24289986567988345,1.0,0.784350050198405,den|t_plus_1h|bounded,2026-07-02T08:00:00+00:00,2026-07-02,bounded,1.0,bounded,0.587040633158046,KXHIGHDEN-26JUL02-B89.5
-0.9804408052250569,t_plus_2h,den,KXHIGHDEN-26JUL02,-1.6587717973952574,0.9999779585179317,1.7777732272533173,0.0,0.1690140845070419,0.01953715329287474,0.11900142985805996,1.0,0.887806531323718,den|t_plus_2h|bounded,2026-07-02T09:00:00+00:00,2026-07-02,bounded,1.0,bounded,0.7187924468166761,KXHIGHDEN-26JUL02-B89.5
-0.6881385172847655,t_plus_3h,den,KXHIGHDEN-26JUL02,-0.974893088099703,0.7098238885582675,1.0986122886681107,0.0,0.333333333333333,0.02168537127350202,0.12371920056840771,1.0,0.8836279282697194,den|t_plus_3h|bounded,2026-07-02T10:00:00+00:00,2026-07-02,bounded,1.0,bounded,0.5502945949363864,KXHIGHDEN-26JUL02-B89.5
-0.7178589439608118,t_plus_4h,den,KXHIGHDEN-26JUL02,-1.0313655379194604,0.7667392915702701,1.2087234070845336,0.0,0.29857819905213273,0.048880347609458225,0.1773578691650733,1.0,0.837480022611963,den|t_plus_4h|bounded,2026-07-02T11:00:00+00:00,2026-07-02,bounded,1.0,bounded,0.5389018235598302,KXHIGHDEN-26JUL02-B89.5
-0.6973792205754752,t_plus_5h,den,KXHIGHDEN-26JUL02,-1.0376087033930725,0.7278524687685897,1.1798752527468743,0.0,0.30731707317073204,0.030473248193114432,0.14226654935380176,1.0,0.8673900234195343,den|t_plus_5h|bounded,2026-07-02T12:00:00+00:00,2026-07-02,bounded,1.0,bounded,0.5600729502488022,KXHIGHDEN-26JUL02-B89.5
-0.6750050959859242,t_plus_6h,den,KXHIGHDEN-26JUL02,-1.0193322448027777,0.700386353879953,1.1501700983329604,0.0,0.31658291457286414,0.025381257894028758,0.13083785353018257,1.0,0.8773600236887212,den|t_plus_6h|bounded,2026-07-02T13:00:00+00:00,2026-07-02,bounded,1.0,bounded,0.5607771091158571,KXHIGHDEN-26JUL02-B89.5
-0.44278200741209384,t_plus_7h,den,KXHIGHDEN-26JUL02,-0.7054101706704363,0.4681632653061226,0.8362480242006188,1.0,0.43333333333333324,0.025381257894028758,0.13083785353018257,1.0,0.8773600236887212,den|t_plus_7h|bounded,2026-07-02T14:00:00+00:00,2026-07-02,bounded,0.0,bounded,0.444026690355388,KXHIGHDEN-26JUL02-B89.5
-0.31083199869019484,t_plus_8h,den,KXHIGHDEN-26JUL02,-0.5417973573006246,0.3255161979352088,0.6470560733596789,1.0,0.5235849056603771,0.01468419924501394,0.10525871605905422,1.0,0.9000916243024744,den|t_plus_8h|bounded,2026-07-02T15:00:00+00:00,2026-07-02,bounded,0.0,bounded,0.3765067186420973,KXHIGHDEN-26JUL02-B89.5
0.1327394054813747,t_plus_9h,den,KXHIGHDEN-26JUL02,0.009437630417656218,0.3261444956376823,0.6638767982598316,1.0,0.5148514851485151,0.45888390111905697,0.6733144286774878,1.0,0.5100153637704141,den|t_plus_9h|bounded,2026-07-02T16:00:00+00:00,2026-07-02,bounded,0.0,bounded,-0.004836121378100966,KXHIGHDEN-26JUL02-B89.5
0.09040699707919347,t_plus_10h,den,KXHIGHDEN-26JUL02,0.012113950979700139,0.2614449563768266,0.5546775062948411,1.0,0.5742574257425737,0.35185195345602005,0.5667914572745413,1.0,0.5673428653182547,den|t_plus_10h|bounded,2026-07-02T17:00:00+00:00,2026-07-02,bounded,0.0,bounded,-0.006914560424318927,KXHIGHDEN-26JUL02-B89.5
-0.014141333279093005,t_plus_11h,den,KXHIGHDEN-26JUL02,-0.1100277803895302,0.2733496201240302,0.5805589617806659,1.0,0.5595854922279793,0.2592082868449372,0.4705311813911357,1.0,0.6246703668661034,den|t_plus_11h|bounded,2026-07-02T18:00:00+00:00,2026-07-02,bounded,0.0,bounded,0.06508487463812418,KXHIGHDEN-26JUL02-B89.5
0.6216142874532875,t_plus_12h,den,KXHIGHDEN-26JUL02,0.5324488469962292,0.3356621573513706,0.6652383924428689,1.0,0.5141509433962264,0.9572764448046581,1.197687239439098,0.0,0.30189160815108657,den|t_plus_12h|bounded,2026-07-02T19:00:00+00:00,2026-07-02,lower_tail,-1.0,bounded,-0.2122593352451398,KXHIGHDEN-26JUL02-B89.5
0.6677226342233986,t_plus_13h,den,KXHIGHDEN-26JUL02,0.6175269222720432,0.28955381058125945,0.5801603171670549,1.0,0.5598086124401914,0.9572764448046581,1.197687239439098,0.0,0.30189160815108657,den|t_plus_13h|bounded,2026-07-02T20:00:00+00:00,2026-07-02,lower_tail,-1.0,bounded,-0.25791700428910486,KXHIGHDEN-26JUL02-B89.5
0.8059694258350858,t_plus_14h,den,KXHIGHDEN-26JUL02,0.8307350369149714,0.3276706458524641,0.587786664902119,1.0,0.5555555555555556,1.1336400716875499,1.4185217018170904,0.0,0.24207160653593385,den|t_plus_14h|bounded,2026-07-02T21:00:00+00:00,2026-07-02,lower_tail,-1.0,bounded,-0.31348394901962173,KXHIGHDEN-26JUL02-B89.5
0.7108137903479075,t_plus_15h,den,KXHIGHDEN-26JUL02,0.7512048770284706,0.08503401360544233,0.2657031657330059,1.0,0.7666666666666665,0.7958478039533498,1.0169080427614765,0.0,0.3617116097662053,den|t_plus_15h|bounded,2026-07-02T22:00:00+00:00,2026-07-02,lower_tail,-1.0,bounded,-0.4049550569004612,KXHIGHDEN-26JUL02-B89.5
0.12062644877470498,t_plus_16h,den,KXHIGHDEN-26JUL02,0.23021461214867478,0.012715668907277534,0.09285015396346252,1.0,0.9113300492610837,0.1333421176819825,0.3230647661121373,1.0,0.7239269669144542,den|t_plus_16h|bounded,2026-07-02T23:00:00+00:00,2026-07-02,bounded,0.0,bounded,-0.1874030823466295,KXHIGHDEN-26JUL02-B89.5
0.12994480156171753,t_plus_17h,den,KXHIGHDEN-26JUL02,0.2725489759752355,0.003397316120264983,0.050515790136901835,1.0,0.9507389162561576,0.1333421176819825,0.3230647661121373,1.0,0.7239269669144542,den|t_plus_17h|bounded,2026-07-03T00:00:00+00:00,2026-07-02,bounded,0.0,bounded,-0.22681194934170334,KXHIGHDEN-26JUL02-B89.5
0.13228483202262073,t_plus_18h,den,KXHIGHDEN-26JUL02,0.293211802962456,0.0010572856593617844,0.029852963149681274,1.0,0.9705882352941175,0.1333421176819825,0.3230647661121373,1.0,0.7239269669144542,den|t_plus_18h|bounded,2026-07-03T01:00:00+00:00,2026-07-02,bounded,0.0,bounded,-0.2466612683796633,KXHIGHDEN-26JUL02-B89.5
0.13185230607106363,t_plus_19h,den,KXHIGHDEN-26JUL02,0.28814850100590933,0.0014898116109188773,0.03491626510622799,1.0,0.9656862745098038,0.1333421176819825,0.3230647661121373,1.0,0.7239269669144542,den|t_plus_19h|bounded,2026-07-03T02:00:00+00:00,2026-07-02,bounded,0.0,bounded,-0.24175930759534958,KXHIGHDEN-26JUL02-B89.5
0.9613348706008673,t_plus_0h,la,KXHIGHLAX-26JUL02,1.0070366321116913,0.3519143027177149,0.6699442834802817,1.0,0.5117370892018778,1.3132491733185823,1.676980915591973,0.0,0.18693750504731205,la|t_plus_0h|bounded,2026-07-02T08:00:00+00:00,2026-07-02,bounded,-1.0,bounded,-0.3247995841545657,KXHIGHLAX-26JUL02-B72.5
0.8158841027980983,t_plus_1h,la,KXHIGHLAX-26JUL02,0.7910746276422552,0.35173187427027847,0.6695054175029059,1.0,0.5119617224880377,1.1676159770683767,1.4605800451451612,0.0,0.2321016062667414,la|t_plus_1h|bounded,2026-07-02T09:00:00+00:00,2026-07-02,bounded,-1.0,bounded,-0.27986011622129636,KXHIGHLAX-26JUL02-B72.5
1.305434169214207,t_plus_2h,la,KXHIGHLAX-26JUL02,1.7509120687195041,0.2752671306734635,0.5546775062948404,1.0,0.5742574257425741,1.5807012998876706,2.3055895750143445,0.0,0.09970000269190005,la|t_plus_2h|bounded,2026-07-02T10:00:00+00:00,2026-07-02,bounded,-1.0,bounded,-0.47455742305067405,KXHIGHLAX-26JUL02-B72.5
1.2945132952740601,t_plus_3h,la,KXHIGHLAX-26JUL02,1.7324017095333777,0.2861880046136104,0.5731878654809667,1.0,0.5637254901960782,1.5807012998876706,2.3055895750143445,0.0,0.09970000269190005,la|t_plus_3h|bounded,2026-07-02T11:00:00+00:00,2026-07-02,bounded,-1.0,bounded,-0.46402548750417816,KXHIGHLAX-26JUL02-B72.5
1.2400125084407887,t_plus_4h,la,KXHIGHLAX-26JUL02,1.5336933480220916,0.2616646243755308,0.5487526756780525,1.0,0.5776699029126209,1.5016771328163194,2.082446023700144,0.0,0.12462500336487388,la|t_plus_4h|bounded,2026-07-02T12:00:00+00:00,2026-07-02,bounded,-1.0,bounded,-0.453044899547747,KXHIGHLAX-26JUL02-B72.5
0.25055091730427653,t_plus_5h,la,KXHIGHLAX-26JUL02,0.24611426776360817,0.15301847485176612,0.37252095238881017,1.0,0.6889952153110049,0.40356939215604265,0.6186352201524183,1.0,0.5386791145443345,la|t_plus_5h|bounded,2026-07-02T13:00:00+00:00,2026-07-02,bounded,0.0,bounded,-0.15031610076667046,KXHIGHLAX-26JUL02-B72.5
0.14231093718986237,t_plus_6h,la,KXHIGHLAX-26JUL02,0.09036268278270687,0.2612584549661803,0.5282725373697115,1.0,0.5896226415094339,0.40356939215604265,0.6186352201524183,1.0,0.5386791145443345,la|t_plus_6h|bounded,2026-07-02T14:00:00+00:00,2026-07-02,bounded,0.0,bounded,-0.050943526965099406,KXHIGHLAX-26JUL02-B72.5
0.7794380572307421,t_plus_7h,la,KXHIGHLAX-26JUL02,0.780130085565962,0.17783838757396395,0.41755715387319225,1.0,0.6586538461538467,0.9572764448047061,1.1976872394391542,0.0,0.30189160815106963,la|t_plus_7h|bounded,2026-07-02T15:00:00+00:00,2026-07-02,bounded,-1.0,bounded,-0.35676223800277707,KXHIGHLAX-26JUL02-B72.5
0.4721656382031395,t_plus_8h,la,KXHIGHLAX-26JUL02,0.4459419378268905,0.17718851093030127,0.41791856917945147,1.0,0.6584158415841581,0.6493541491334408,0.863860507006342,0.0,0.4215316113813581,la|t_plus_8h|bounded,2026-07-02T16:00:00+00:00,2026-07-02,bounded,-1.0,bounded,-0.23688423020280003,KXHIGHLAX-26JUL02-B72.5
0.17210674422704836,t_plus_9h,la,KXHIGHLAX-26JUL02,0.10941087775340108,0.2314626479289943,0.5092243423990173,1.0,0.6009615384615382,0.40356939215604265,0.6186352201524183,1.0,0.5386791145443345,la|t_plus_9h|bounded,2026-07-02T17:00:00+00:00,2026-07-02,bounded,0.0,bounded,-0.06228242391720373,KXHIGHLAX-26JUL02-B72.5
0.21191406335785606,t_plus_10h,la,KXHIGHLAX-26JUL02,0.1693674893858601,0.19165532879818659,0.44926773076655824,1.0,0.6380952380952375,0.40356939215604265,0.6186352201524183,1.0,0.5386791145443345,la|t_plus_10h|bounded,2026-07-02T18:00:00+00:00,2026-07-02,bounded,0.0,bounded,-0.09941612355090301,KXHIGHLAX-26JUL02-B72.5
0.25228274874007495,t_plus_11h,la,KXHIGHLAX-26JUL02,0.25360368162274444,0.15128664341596768,0.3650315385296739,1.0,0.6941747572815533,0.40356939215604265,0.6186352201524183,1.0,0.5386791145443345,la|t_plus_11h|bounded,2026-07-02T19:00:00+00:00,2026-07-02,bounded,0.0,bounded,-0.15549564273721883,KXHIGHLAX-26JUL02-B72.5
0.3024450320868909,t_plus_12h,la,KXHIGHLAX-26JUL02,0.3761596624899329,0.0585841760856636,0.19904599973514986,1.0,0.8195121951219507,0.36102920817255446,0.5752056622250827,1.0,0.5625891535711063,la|t_plus_12h|bounded,2026-07-02T20:00:00+00:00,2026-07-02,bounded,0.0,bounded,-0.25692304155084444,KXHIGHLAX-26JUL02-B72.5
0.18132258972278978,t_plus_13h,la,KXHIGHLAX-26JUL02,0.31647560700723165,0.008247714204920351,0.07560274074295117,1.0,0.9271844660194175,0.18957030392771013,0.3920783477501828,1.0,0.6756511761373147,la|t_plus_13h|bounded,2026-07-02T21:00:00+00:00,2026-07-02,bounded,0.0,bounded,-0.2515332898821028,KXHIGHLAX-26JUL02-B72.5
0.10909950308467052,t_plus_14h,la,KXHIGHLAX-26JUL02,0.21942167691161588,0.004100292204731832,0.05487661022583437,1.0,0.9466019417475727,0.11319979528940236,0.27429828713745025,1.0,0.7601053118046334,la|t_plus_14h|bounded,2026-07-02T22:00:00+00:00,2026-07-02,bounded,0.0,bounded,-0.18649662994293936,KXHIGHLAX-26JUL02-B72.5
0.11247891870347386,t_plus_15h,la,KXHIGHLAX-26JUL02,0.2494831180177262,0.0007208765859284905,0.02481516911972402,1.0,0.9754901960784313,0.11319979528940236,0.27429828713745025,1.0,0.7601053118046334,la|t_plus_15h|bounded,2026-07-02T23:00:00+00:00,2026-07-02,bounded,0.0,bounded,-0.21538488427379798,KXHIGHLAX-26JUL02-B72.5
0.11247891870347386,t_plus_16h,la,KXHIGHLAX-26JUL02,0.2494831180177262,0.0007208765859284905,0.02481516911972402,1.0,0.9754901960784313,0.11319979528940236,0.27429828713745025,1.0,0.7601053118046334,la|t_plus_16h|bounded,2026-07-03T00:00:00+00:00,2026-07-02,bounded,0.0,bounded,-0.21538488427379798,KXHIGHLAX-26JUL02-B72.5
0.11247891870347386,t_plus_17h,la,KXHIGHLAX-26JUL02,0.2494831180177262,0.0007208765859284905,0.02481516911972402,1.0,0.9754901960784313,0.11319979528940236,0.27429828713745025,1.0,0.7601053118046334,la|t_plus_17h|bounded,2026-07-03T01:00:00+00:00,2026-07-02,bounded,0.0,bounded,-0.21538488427379798,KXHIGHLAX-26JUL02-B72.5
0.11247891870347386,t_plus_18h,la,KXHIGHLAX-26JUL02,0.2494831180177262,0.0007208765859284905,0.02481516911972402,1.0,0.9754901960784313,0.11319979528940236,0.27429828713745025,1.0,0.7601053118046334,la|t_plus_18h|bounded,2026-07-03T02:00:00+00:00,2026-07-02,bounded,0.0,bounded,-0.21538488427379798,KXHIGHLAX-26JUL02-B72.5
0.84683341563213,t_plus_0h,mia,KXHIGHMIA-26JUL02,5.65500128352727,0.7636281179138316,1.252762968495367,0.0,0.28571428571428603,1.6104615335459616,6.907764252022637,0.0,0.0009999910269997577,mia|t_plus_0h|bounded,2026-07-02T05:00:00+00:00,2026-07-02,bounded,0.0,bounded,-0.28471429468728626,KXHIGHMIA-26JUL02-B93.5
0.704839102861001,t_plus_1h,mia,KXHIGHMIA-26JUL02,5.545801991562277,0.8617049673614989,1.3619622604603603,0.0,0.2561576354679802,1.5665440702225,6.907764252022637,0.0,0.0009999910269997577,mia|t_plus_1h|bounded,2026-07-02T06:00:00+00:00,2026-07-02,bounded,0.0,bounded,-0.25515764444098044,KXHIGHMIA-26JUL02-B93.5
0.7919871599435968,t_plus_2h,mia,KXHIGHMIA-26JUL02,5.449644156331492,1.0208803058523663,1.4581200956911449,0.0,0.232673267326733,1.8128674657959631,6.907764252022637,0.0,0.0009999910269997577,mia|t_plus_2h|bounded,2026-07-02T07:00:00+00:00,2026-07-02,bounded,0.0,bounded,-0.23167327629973322,KXHIGHMIA-26JUL02-B93.5
0.7855190710278304,t_plus_3h,mia,KXHIGHMIA-26JUL02,5.423199669469945,1.0273483947681328,1.4845645825526916,0.0,0.22660098522167502,1.8128674657959631,6.907764252022637,0.0,0.0009999910269997577,mia|t_plus_3h|bounded,2026-07-02T08:00:00+00:00,2026-07-02,bounded,0.0,bounded,-0.22560099419467525,KXHIGHMIA-26JUL02-B93.5
0.498472741979729,t_plus_4h,mia,KXHIGHMIA-26JUL02,5.464607029008202,0.9919446478624283,1.4431572230144345,0.0,0.2361809045226129,1.4904173898421573,6.907764252022637,0.0,0.0009999910269997575,mia|t_plus_4h|bounded,2026-07-02T09:00:00+00:00,2026-07-02,bounded,0.0,bounded,-0.23518091349561313,KXHIGHMIA-26JUL02-B93.5
0.4500142833332812,t_plus_5h,mia,KXHIGHMIA-26JUL02,5.181144084965542,1.0404031065088761,1.726620167057095,0.0,0.1778846153846151,1.4904173898421573,6.907764252022637,0.0,0.0009999910269997575,mia|t_plus_5h|bounded,2026-07-02T10:00:00+00:00,2026-07-02,bounded,0.0,bounded,-0.17688462435761534,KXHIGHMIA-26JUL02-B93.5
0.30356464660588567,t_plus_6h,mia,KXHIGHMIA-26JUL02,4.90528375147893,1.17335,2.0024805005437076,0.0,0.135,1.4769146466058856,6.907764252022637,0.0,0.0009999910269997577,mia|t_plus_6h|bounded,2026-07-02T11:00:00+00:00,2026-07-02,bounded,0.0,bounded,-0.13400000897300024,KXHIGHMIA-26JUL02-B93.5
0.45872158505380645,t_plus_7h,mia,KXHIGHMIA-26JUL02,5.035962075121047,1.084227071005917,1.8718021769015905,0.0,0.153846153846154,1.5429486560597234,6.907764252022637,0.0,0.0009999910269997575,mia|t_plus_7h|bounded,2026-07-02T12:00:00+00:00,2026-07-02,bounded,0.0,bounded,-0.15284616281915422,KXHIGHMIA-26JUL02-B93.5
0.3083163973290297,t_plus_8h,mia,KXHIGHMIA-26JUL02,4.609952437781253,1.1982326411941109,2.2978118142413844,0.0,0.10047846889952192,1.5065490385231406,6.907764252022637,0.0,0.0009999910269997575,mia|t_plus_8h|bounded,2026-07-02T13:00:00+00:00,2026-07-02,bounded,0.0,bounded,-0.09947847787252216,KXHIGHMIA-26JUL02-B93.5
0.3447445141105283,t_plus_9h,mia,KXHIGHMIA-26JUL02,4.486227216167226,1.1618045244126123,2.421537035855411,0.0,0.08878504672897199,1.5065490385231406,6.907764252022637,0.0,0.0009999910269997575,mia|t_plus_9h|bounded,2026-07-02T14:00:00+00:00,2026-07-02,bounded,0.0,bounded,-0.08778505570197223,KXHIGHMIA-26JUL02-B93.5
0.26459865605972355,t_plus_10h,mia,KXHIGHMIA-26JUL02,3.8066714628108196,1.2783499999999999,3.101092789211817,0.0,0.045,1.5429486560597234,6.907764252022637,0.0,0.0009999910269997575,mia|t_plus_10h|bounded,2026-07-02T15:00:00+00:00,2026-07-02,bounded,0.0,bounded,-0.04400000897300024,KXHIGHMIA-26JUL02-B93.5
0.21175031215993845,t_plus_11h,mia,KXHIGHMIA-26JUL02,4.248504215089859,1.3112,2.659260036932778,0.0,0.07,1.5229503121599384,6.907764252022637,0.0,0.0009999910269997577,mia|t_plus_11h|bounded,2026-07-02T16:00:00+00:00,2026-07-02,bounded,0.0,bounded,-0.06900000897300025,KXHIGHMIA-26JUL02-B93.5
1.7591503667869997,t_plus_12h,mia,KXHIGHMIA-26JUL02,2.776358556050056,0.013099999999999995,0.09431067947124129,1.0,0.91,1.7722503667869995,2.870669235521297,0.0,0.05666099433837771,mia|t_plus_12h|bounded,2026-07-02T17:00:00+00:00,2026-07-02,bounded,-1.0,bounded,-0.8533390056616224,KXHIGHMIA-26JUL02-B93.5
0.0354330188258866,t_plus_13h,mia,KXHIGHMIA-26JUL02,0.1403367943658423,0.0007208765859284905,0.02481516911972402,1.0,0.9754901960784313,0.03615389541181509,0.16515196348556632,1.0,0.8477648649949197,mia|t_plus_13h|bounded,2026-07-02T18:00:00+00:00,2026-07-02,bounded,0.0,bounded,-0.1277253310835117,KXHIGHMIA-26JUL02-B93.5
0.0354330188258866,t_plus_14h,mia,KXHIGHMIA-26JUL02,0.1403367943658423,0.0007208765859284905,0.02481516911972402,1.0,0.9754901960784313,0.03615389541181509,0.16515196348556632,1.0,0.8477648649949197,mia|t_plus_14h|bounded,2026-07-02T19:00:00+00:00,2026-07-02,bounded,0.0,bounded,-0.1277253310835117,KXHIGHMIA-26JUL02-B93.5
0.0354330188258866,t_plus_15h,mia,KXHIGHMIA-26JUL02,0.1403367943658423,0.0007208765859284905,0.02481516911972402,1.0,0.9754901960784313,0.03615389541181509,0.16515196348556632,1.0,0.8477648649949197,mia|t_plus_15h|bounded,2026-07-02T20:00:00+00:00,2026-07-02,bounded,0.0,bounded,-0.1277253310835117,KXHIGHMIA-26JUL02-B93.5
0.0354330188258866,t_plus_16h,mia,KXHIGHMIA-26JUL02,0.1403367943658423,0.0007208765859284905,0.02481516911972402,1.0,0.9754901960784313,0.03615389541181509,0.16515196348556632,1.0,0.8477648649949197,mia|t_plus_16h|bounded,2026-07-02T21:00:00+00:00,2026-07-02,bounded,0.0,bounded,-0.1277253310835117,KXHIGHMIA-26JUL02-B93.5
0.0354330188258866,t_plus_17h,mia,KXHIGHMIA-26JUL02,0.1403367943658423,0.0007208765859284905,0.02481516911972402,1.0,0.9754901960784313,0.03615389541181509,0.16515196348556632,1.0,0.8477648649949197,mia|t_plus_17h|bounded,2026-07-02T22:00:00+00:00,2026-07-02,bounded,0.0,bounded,-0.1277253310835117,KXHIGHMIA-26JUL02-B93.5
0.0354330188258866,t_plus_18h,mia,KXHIGHMIA-26JUL02,0.1403367943658423,0.0007208765859284905,0.02481516911972402,1.0,0.9754901960784313,0.03615389541181509,0.16515196348556632,1.0,0.8477648649949197,mia|t_plus_18h|bounded,2026-07-02T23:00:00+00:00,2026-07-02,bounded,0.0,bounded,-0.1277253310835117,KXHIGHMIA-26JUL02-B93.5
0.0354330188258866,t_plus_19h,mia,KXHIGHMIA-26JUL02,0.1403367943658423,0.0007208765859284905,0.02481516911972402,1.0,0.9754901960784313,0.03615389541181509,0.16515196348556632,1.0,0.8477648649949197,mia|t_plus_19h|bounded,2026-07-03T00:00:00+00:00,2026-07-02,bounded,0.0,bounded,-0.1277253310835117,KXHIGHMIA-26JUL02-B93.5
0.0354330188258866,t_plus_20h,mia,KXHIGHMIA-26JUL02,0.1403367943658423,0.0007208765859284905,0.02481516911972402,1.0,0.9754901960784313,0.03615389541181509,0.16515196348556632,1.0,0.8477648649949197,mia|t_plus_20h|bounded,2026-07-03T01:00:00+00:00,2026-07-02,bounded,0.0,bounded,-0.1277253310835117,KXHIGHMIA-26JUL02-B93.5
0.0354330188258866,t_plus_21h,mia,KXHIGHMIA-26JUL02,0.1403367943658423,0.0007208765859284905,0.02481516911972402,1.0,0.9754901960784313,0.03615389541181509,0.16515196348556632,1.0,0.8477648649949197,mia|t_plus_21h|bounded,2026-07-03T02:00:00+00:00,2026-07-02,bounded,0.0,bounded,-0.1277253310835117,KXHIGHMIA-26JUL02-B93.5
0.0354330188258866,t_plus_22h,mia,KXHIGHMIA-26JUL02,0.1403367943658423,0.0007208765859284905,0.02481516911972402,1.0,0.9754901960784313,0.03615389541181509,0.16515196348556632,1.0,0.8477648649949197,mia|t_plus_22h|bounded,2026-07-03T03:00:00+00:00,2026-07-02,bounded,0.0,bounded,-0.1277253310835117,KXHIGHMIA-26JUL02-B93.5
0.053813368665637906,t_plus_0h,nyc,KXHIGHNY-26JUL02,-0.11070522824845486,0.5547392290249435,0.940388283453216,0.0,0.3904761904761903,0.6085525976905815,0.8296830552047612,0.0,0.43618751177706505,nyc|t_plus_0h|bounded,2026-07-02T05:00:00+00:00,2026-07-02,bounded,0.0,bounded,0.04571132130087474,KXHIGHNY-26JUL02-B99.5
-0.45137425867511727,t_plus_1h,nyc,KXHIGHNY-26JUL02,-0.6588419285640297,0.6415588827683277,1.0365398600257323,0.0,0.3546798029556649,0.19018462409321044,0.37769793146170255,1.0,0.6854375185068174,nyc|t_plus_1h|bounded,2026-07-02T06:00:00+00:00,2026-07-02,bounded,1.0,bounded,0.3307577155511525,KXHIGHNY-26JUL02-B99.5
-0.3790570989398969,t_plus_2h,nyc,KXHIGHNY-26JUL02,-0.5480715443669959,0.5692417230331074,0.9257694758286984,0.0,0.3962264150943398,0.19018462409321044,0.37769793146170255,1.0,0.6854375185068174,nyc|t_plus_2h|bounded,2026-07-02T07:00:00+00:00,2026-07-02,bounded,1.0,bounded,0.28921110341247763,KXHIGHNY-26JUL02-B99.5
-0.3741441382441114,t_plus_3h,nyc,KXHIGHNY-26JUL02,-0.5456268270698326,0.5643287623373219,0.9233247585315351,0.0,0.397196261682243,0.19018462409321044,0.37769793146170255,1.0,0.6854375185068174,nyc|t_plus_3h|bounded,2026-07-02T08:00:00+00:00,2026-07-02,bounded,1.0,bounded,0.28824125682457447,KXHIGHNY-26JUL02-B99.5
-0.48903813164470467,t_plus_4h,nyc,KXHIGHNY-26JUL02,-0.7005315846734688,0.5900650391177297,0.9584283163225588,0.0,0.3834951456310683,0.10102690747302503,0.25789673164908994,1.0,0.7726750208622244,nyc|t_plus_4h|bounded,2026-07-02T09:00:00+00:00,2026-07-02,bounded,1.0,bounded,0.3891798752311561,KXHIGHNY-26JUL02-B99.5
-0.4442608905879417,t_plus_5h,nyc,KXHIGHNY-26JUL02,-0.6421711647181787,0.5452877980609667,0.9000678963672686,1.0,0.406542056074766,0.10102690747302503,0.25789673164908994,1.0,0.7726750208622244,nyc|t_plus_5h|bounded,2026-07-02T10:00:00+00:00,2026-07-02,bounded,0.0,bounded,0.3661329647874584,KXHIGHNY-26JUL02-B99.5
-0.36938465080062033,t_plus_6h,nyc,KXHIGHNY-26JUL02,-0.5531859933367902,0.48077879935100093,0.8273432458576596,1.0,0.4372093023255811,0.1113941485503806,0.2741572525208694,1.0,0.7602125205257375,nyc|t_plus_6h|bounded,2026-07-02T11:00:00+00:00,2026-07-02,bounded,0.0,bounded,0.32300321820015643,KXHIGHNY-26JUL02-B99.5
-0.2508349640874212,t_plus_7h,nyc,KXHIGHNY-26JUL02,-0.4166452610798225,0.37311820846833743,0.7073318155519017,1.0,0.49295774647887325,0.12228324438091626,0.2906865544720792,1.0,0.7477500201892506,nyc|t_plus_7h|bounded,2026-07-02T12:00:00+00:00,2026-07-02,bounded,0.0,bounded,0.2547922737103774,KXHIGHNY-26JUL02-B99.5
-0.1978353513379586,t_plus_8h,nyc,KXHIGHNY-26JUL02,-0.33378376029164764,0.32011859571887485,0.6244703147637268,1.0,0.535545023696682,0.12228324438091626,0.2906865544720792,1.0,0.7477500201892506,nyc|t_plus_8h|bounded,2026-07-02T13:00:00+00:00,2026-07-02,bounded,0.0,bounded,0.21220499649256863,KXHIGHNY-26JUL02-B99.5
-0.1850030219966874,t_plus_9h,nyc,KXHIGHNY-26JUL02,-0.3186907430224068,0.30728626637760365,0.609377297494486,1.0,0.5436893203883498,0.12228324438091626,0.2906865544720792,1.0,0.7477500201892506,nyc|t_plus_9h|bounded,2026-07-02T14:00:00+00:00,2026-07-02,bounded,0.0,bounded,0.2040606998009008,KXHIGHNY-26JUL02-B99.5
0.2530647680726606,t_plus_10h,nyc,KXHIGHNY-26JUL02,0.19989445464254074,0.291162335350659,0.5607957290752716,1.0,0.5707547169811319,0.5442271034233196,0.7606901837178124,0.0,0.46734376261828275,nyc|t_plus_10h|bounded,2026-07-02T15:00:00+00:00,2026-07-02,bounded,-1.0,bounded,-0.10341095436284914,KXHIGHNY-26JUL02-B99.5
0.23450077206237246,t_plus_11h,nyc,KXHIGHNY-26JUL02,0.19383672848215872,0.3097263313609471,0.5668534552356537,1.0,0.5673076923076921,0.5442271034233196,0.7606901837178124,0.0,0.46734376261828275,nyc|t_plus_11h|bounded,2026-07-02T16:00:00+00:00,2026-07-02,bounded,-1.0,bounded,-0.09996392968940931,KXHIGHNY-26JUL02-B99.5
0.3126257720623732,t_plus_12h,nyc,KXHIGHNY-26JUL02,0.31350123223824844,0.23160133136094643,0.44718895147956395,1.0,0.6394230769230771,0.5442271034233196,0.7606901837178124,0.0,0.46734376261828275,nyc|t_plus_12h|bounded,2026-07-02T17:00:00+00:00,2026-07-02,bounded,-1.0,bounded,-0.17207931430479434,KXHIGHNY-26JUL02-B99.5
-0.29838636584439904,t_plus_13h,nyc,KXHIGHNY-26JUL02,-0.3428848942924261,0.8426134692677186,1.1035750780102385,0.0,0.33168316831683176,0.5442271034233196,0.7606901837178124,0.0,0.46734376261828275,nyc|t_plus_13h|bounded,2026-07-02T18:00:00+00:00,2026-07-02,bounded,0.0,bounded,0.135660594301451,KXHIGHNY-26JUL02-B99.5
0.3424795025561128,t_plus_14h,nyc,KXHIGHNY-26JUL02,0.3699636625285186,0.16038072575847692,0.34627623671783353,1.0,0.7073170731707319,0.5028602283145898,0.7162398992463521,0.0,0.48858593874001005,nyc|t_plus_14h|bounded,2026-07-02T19:00:00+00:00,2026-07-02,bounded,-1.0,bounded,-0.21873113443072184,KXHIGHNY-26JUL02-B99.5
0.4089715448826373,t_plus_15h,nyc,KXHIGHNY-26JUL02,0.4601061845294975,0.09388868343195243,0.25613371471685464,1.0,0.7740384615384618,0.5028602283145898,0.7162398992463521,0.0,0.48858593874001005,nyc|t_plus_15h|bounded,2026-07-02T20:00:00+00:00,2026-07-02,bounded,-1.0,bounded,-0.28545252279845174,KXHIGHNY-26JUL02-B99.5
0.03852182246638034,t_plus_16h,nyc,KXHIGHNY-26JUL02,0.11170432025494179,0.002695814135869039,0.04557750849631925,1.0,0.9554455445544554,0.04121763660224938,0.15728182875126104,1.0,0.854463212580382,nyc|t_plus_16h|bounded,2026-07-02T21:00:00+00:00,2026-07-02,bounded,0.0,bounded,-0.10098233197407336,KXHIGHNY-26JUL02-B99.5
0.04049676001632089,t_plus_17h,nyc,KXHIGHNY-26JUL02,0.13246665963153703,0.0007208765859284905,0.02481516911972402,1.0,0.9754901960784313,0.04121763660224938,0.15728182875126104,1.0,0.854463212580382,nyc|t_plus_17h|bounded,2026-07-02T22:00:00+00:00,2026-07-02,bounded,0.0,bounded,-0.1210269834980493,KXHIGHNY-26JUL02-B99.5
0.04049676001632089,t_plus_18h,nyc,KXHIGHNY-26JUL02,0.13246665963153703,0.0007208765859284905,0.02481516911972402,1.0,0.9754901960784313,0.04121763660224938,0.15728182875126104,1.0,0.854463212580382,nyc|t_plus_18h|bounded,2026-07-02T23:00:00+00:00,2026-07-02,bounded,0.0,bounded,-0.1210269834980493,KXHIGHNY-26JUL02-B99.5
0.04049676001632089,t_plus_19h,nyc,KXHIGHNY-26JUL02,0.13246665963153703,0.0007208765859284905,0.02481516911972402,1.0,0.9754901960784313,0.04121763660224938,0.15728182875126104,1.0,0.854463212580382,nyc|t_plus_19h|bounded,2026-07-03T00:00:00+00:00,2026-07-02,bounded,0.0,bounded,-0.1210269834980493,KXHIGHNY-26JUL02-B99.5
0.04049676001632089,t_plus_20h,nyc,KXHIGHNY-26JUL02,0.13246665963153703,0.0007208765859284905,0.02481516911972402,1.0,0.9754901960784313,0.04121763660224938,0.15728182875126104,1.0,0.854463212580382,nyc|t_plus_20h|bounded,2026-07-03T01:00:00+00:00,2026-07-02,bounded,0.0,bounded,-0.1210269834980493,KXHIGHNY-26JUL02-B99.5
0.04049676001632089,t_plus_21h,nyc,KXHIGHNY-26JUL02,0.13246665963153703,0.0007208765859284905,0.02481516911972402,1.0,0.9754901960784313,0.04121763660224938,0.15728182875126104,1.0,0.854463212580382,nyc|t_plus_21h|bounded,2026-07-03T02:00:00+00:00,2026-07-02,bounded,0.0,bounded,-0.1210269834980493,KXHIGHNY-26JUL02-B99.5
0.04049676001632089,t_plus_22h,nyc,KXHIGHNY-26JUL02,0.13246665963153703,0.0007208765859284905,0.02481516911972402,1.0,0.9754901960784313,0.04121763660224938,0.15728182875126104,1.0,0.854463212580382,nyc|t_plus_22h|bounded,2026-07-03T03:00:00+00:00,2026-07-02,bounded,0.0,bounded,-0.1210269834980493,KXHIGHNY-26JUL02-B99.5
-0.11753331784084398,t_plus_0h,okc,KXHIGHTOKC-26JUL02,-0.31188516573420644,0.6353287981859419,1.0430424375133,0.0,0.352380952380952,0.5177954803450979,0.7311572717790936,0.0,0.4813516129964769,okc|t_plus_0h|bounded,2026-07-02T06:00:00+00:00,2026-07-02,bounded,0.0,bounded,0.12897066061552487,KXHIGHTOKC-26JUL02-B95.5
-0.20560451965490212,t_plus_1h,okc,KXHIGHTOKC-26JUL02,-0.3927728248733059,0.7234,1.1239300966523995,0.0,0.325,0.5177954803450979,0.7311572717790936,0.0,0.4813516129964769,okc|t_plus_1h|bounded,2026-07-02T07:00:00+00:00,2026-07-02,bounded,0.0,bounded,0.15635161299647687,KXHIGHTOKC-26JUL02-B95.5
-0.17169231551288955,t_plus_2h,okc,KXHIGHTOKC-26JUL02,-0.3578855658728647,0.6894877958579875,1.0890428376519583,0.0,0.3365384615384618,0.5177954803450979,0.7311572717790936,0.0,0.4813516129964769,okc|t_plus_2h|bounded,2026-07-02T08:00:00+00:00,2026-07-02,bounded,0.0,bounded,0.1448131514580151,KXHIGHTOKC-26JUL02-B95.5
-0.541712248229406,t_plus_3h,okc,KXHIGHTOKC-26JUL02,-0.7474839528061228,0.6889330621301768,1.0890428376519576,0.0,0.336538461538462,0.14722081390077077,0.34155888484583485,1.0,0.7106616191878644,okc|t_plus_3h|bounded,2026-07-02T09:00:00+00:00,2026-07-02,bounded,1.0,bounded,0.3741231576494024,KXHIGHTOKC-26JUL02-B95.5
-0.5082952939230292,t_plus_4h,okc,KXHIGHTOKC-26JUL02,-0.6687607966765965,0.6555161078238,1.0103196815224313,0.0,0.36410256410256414,0.14722081390077077,0.34155888484583485,1.0,0.7106616191878644,okc|t_plus_4h|bounded,2026-07-02T10:00:00+00:00,2026-07-02,bounded,1.0,bounded,0.34655905508530027,KXHIGHTOKC-26JUL02-B95.5
-0.4649777201291836,t_plus_5h,okc,KXHIGHTOKC-26JUL02,-0.6219141936986834,0.6832597790630737,1.0475808086556635,0.0,0.3507853403141362,0.2182820589338901,0.42566661495698005,1.0,0.6533341176400239,okc|t_plus_5h|bounded,2026-07-02T11:00:00+00:00,2026-07-02,bounded,1.0,bounded,0.3025487773258877,KXHIGHTOKC-26JUL02-B95.5
-0.5696297706804265,t_plus_6h,okc,KXHIGHTOKC-26JUL02,-0.7470533204876915,0.7168505845811973,1.0886122053335263,0.0,0.33668341708542715,0.14722081390077077,0.34155888484583485,1.0,0.7106616191878644,okc|t_plus_6h|bounded,2026-07-02T12:00:00+00:00,2026-07-02,bounded,1.0,bounded,0.37397820210243726,KXHIGHTOKC-26JUL02-B95.5
-0.6439521280823508,t_plus_7h,okc,KXHIGHTOKC-26JUL02,-0.9051715394681236,0.7103356800326502,1.1293839473348637,0.0,0.32323232323232315,0.06638355195029942,0.2242124078667401,1.0,0.7991453715769352,okc|t_plus_7h|bounded,2026-07-02T13:00:00+00:00,2026-07-02,bounded,1.0,bounded,0.47591304834461207,KXHIGHTOKC-26JUL02-B95.5
0.47694591577667345,t_plus_8h,okc,KXHIGHTOKC-26JUL02,0.3093896069487059,0.7992290249433115,1.3040562628829193,0.0,0.2714285714285712,1.276174940719985,1.6134458698316252,0.0,0.1992000127488032,okc|t_plus_8h|bounded,2026-07-02T14:00:00+00:00,2026-07-02,bounded,0.0,bounded,-0.07222855867976799,KXHIGHTOKC-26JUL02-B95.5
0.5905130311706723,t_plus_9h,okc,KXHIGHTOKC-26JUL02,0.6631543185967732,1.00223537146614,1.6894806201076358,0.0,0.18461538461538482,1.5927484026368124,2.352634938704409,0.0,0.09511820109760215,okc|t_plus_9h|bounded,2026-07-02T15:00:00+00:00,2026-07-02,bounded,0.0,bounded,-0.08949718351778267,KXHIGHTOKC-26JUL02-B95.5
0.41719588625589576,t_plus_10h,okc,KXHIGHTOKC-26JUL02,0.18903037037801562,1.1876627604166667,2.212972934304358,0.0,0.10937500000000004,1.6048586466725625,2.4020033046823737,0.0,0.09053639950330544,okc|t_plus_10h|bounded,2026-07-02T16:00:00+00:00,2026-07-02,bounded,0.0,bounded,-0.0188386004966946,KXHIGHTOKC-26JUL02-B95.5
0.6521174576373195,t_plus_11h,okc,KXHIGHTOKC-26JUL02,0.874058426499458,0.952741189035243,1.5279448781829157,0.0,0.21698113207547207,1.6048586466725625,2.4020033046823737,0.0,0.09053639950330544,okc|t_plus_11h|bounded,2026-07-02T17:00:00+00:00,2026-07-02,bounded,0.0,bounded,-0.12644473257216662,KXHIGHTOKC-26JUL02-B95.5
0.6037302498743242,t_plus_12h,okc,KXHIGHTOKC-26JUL02,0.7990460857428783,0.9769710500133464,1.5065434892714662,0.0,0.22167487684729095,1.5807012998876706,2.3055895750143445,0.0,0.09970000269190005,okc|t_plus_12h|bounded,2026-07-02T18:00:00+00:00,2026-07-02,bounded,0.0,bounded,-0.1219748741553909,KXHIGHTOKC-26JUL02-B95.5
0.6359154374370364,t_plus_13h,okc,KXHIGHTOKC-26JUL02,1.0714235718813612,1.000728862973761,1.3078227456783957,0.0,0.27040816326530603,1.6366443004107973,2.379246317559757,0.0,0.09262035754813862,okc|t_plus_13h|bounded,2026-07-02T19:00:00+00:00,2026-07-02,bounded,0.0,bounded,-0.1777878057171674,KXHIGHTOKC-26JUL02-B95.5
0.7840819421341544,t_plus_14h,okc,KXHIGHTOKC-26JUL02,1.266245291439549,0.852562358276643,1.113001026120208,0.0,0.328571428571429,1.6366443004107973,2.379246317559757,0.0,0.09262035754813862,okc|t_plus_14h|bounded,2026-07-02T20:00:00+00:00,2026-07-02,bounded,0.0,bounded,-0.23595107102329038,KXHIGHTOKC-26JUL02-B95.5
1.62689023236346,t_plus_15h,okc,KXHIGHTOKC-26JUL02,2.293981665905069,0.009754068047337267,0.08526465165468815,1.0,0.9182692307692307,1.6366443004107973,2.379246317559757,0.0,0.09262035754813862,okc|t_plus_15h|bounded,2026-07-02T21:00:00+00:00,2026-07-02,bounded,-1.0,bounded,-0.8256488732210921,KXHIGHTOKC-26JUL02-B95.5
0.1738358191591606,t_plus_16h,okc,KXHIGHTOKC-26JUL02,0.34955815144970553,0.0007208765859284905,0.02481516911972402,1.0,0.9754901960784313,0.17455669574508909,0.37437332056942957,1.0,0.6877201238316041,okc|t_plus_16h|bounded,2026-07-02T22:00:00+00:00,2026-07-02,bounded,0.0,bounded,-0.28777007224682727,KXHIGHTOKC-26JUL02-B95.5
0.1738358191591606,t_plus_17h,okc,KXHIGHTOKC-26JUL02,0.34955815144970553,0.0007208765859284905,0.02481516911972402,1.0,0.9754901960784313,0.17455669574508909,0.37437332056942957,1.0,0.6877201238316041,okc|t_plus_17h|bounded,2026-07-02T23:00:00+00:00,2026-07-02,bounded,0.0,bounded,-0.28777007224682727,KXHIGHTOKC-26JUL02-B95.5
0.1738358191591606,t_plus_18h,okc,KXHIGHTOKC-26JUL02,0.34955815144970553,0.0007208765859284905,0.02481516911972402,1.0,0.9754901960784313,0.17455669574508909,0.37437332056942957,1.0,0.6877201238316041,okc|t_plus_18h|bounded,2026-07-03T00:00:00+00:00,2026-07-02,bounded,0.0,bounded,-0.28777007224682727,KXHIGHTOKC-26JUL02-B95.5
0.1738358191591606,t_plus_19h,okc,KXHIGHTOKC-26JUL02,0.34955815144970553,0.0007208765859284905,0.02481516911972402,1.0,0.9754901960784313,0.17455669574508909,0.37437332056942957,1.0,0.6877201238316041,okc|t_plus_19h|bounded,2026-07-03T01:00:00+00:00,2026-07-02,bounded,0.0,bounded,-0.28777007224682727,KXHIGHTOKC-26JUL02-B95.5
0.1738358191591606,t_plus_20h,okc,KXHIGHTOKC-26JUL02,0.34955815144970553,0.0007208765859284905,0.02481516911972402,1.0,0.9754901960784313,0.17455669574508909,0.37437332056942957,1.0,0.6877201238316041,okc|t_plus_20h|bounded,2026-07-03T02:00:00+00:00,2026-07-02,bounded,0.0,bounded,-0.28777007224682727,KXHIGHTOKC-26JUL02-B95.5
0.2350950302371002,t_plus_10h,aus,KXHIGHAUS-26JUL04,0.482328780715339,0.2505277973258272,0.5174154334450465,1.0,0.5960591133004924,0.4856228275629274,0.9997442141603855,1.0,0.36797355155871836,aus|t_plus_10h|bounded,2026-07-04T16:00:00+00:00,2026-07-04,bounded,0.0,bounded,-0.22808556174177408,KXHIGHAUS-26JUL04-B97.5
0.22945672295405356,t_plus_11h,aus,KXHIGHAUS-26JUL04,0.45873361405599755,0.25616610460887385,0.541010600104388,1.0,0.5821596244131457,0.4856228275629274,0.9997442141603855,1.0,0.36797355155871836,aus|t_plus_11h|bounded,2026-07-04T17:00:00+00:00,2026-07-04,bounded,0.0,bounded,-0.21418607285442737,KXHIGHAUS-26JUL04-B97.5
0.3219166607768627,t_plus_12h,aus,KXHIGHAUS-26JUL04,0.589464659402773,0.16390549946083732,0.4104278974502937,1.0,0.6633663366336632,0.48582216023770003,0.9998925568530667,1.0,0.36791896941977553,aus|t_plus_12h|bounded,2026-07-04T18:00:00+00:00,2026-07-04,bounded,0.0,bounded,-0.29544736721388765,KXHIGHAUS-26JUL04-B97.5
0.05544119282437887,t_plus_13h,aus,KXHIGHAUS-26JUL04,0.28648499270968186,0.41208804283164774,0.6786190799970353,1.0,0.5073170731707318,0.4675292356560266,0.9651040727067172,1.0,0.380943551849694,aus|t_plus_13h|bounded,2026-07-04T19:00:00+00:00,2026-07-04,bounded,0.0,bounded,-0.12637352132103785,KXHIGHAUS-26JUL04-B97.5
0.3415006650127101,t_plus_14h,aus,KXHIGHAUS-26JUL04,0.6269073332454671,0.11028369708057452,0.3203590984780819,1.0,0.725888324873096,0.4517843620932846,0.9472664317235491,1.0,0.3877996527058797,aus|t_plus_14h|bounded,2026-07-04T20:00:00+00:00,2026-07-04,bounded,0.0,bounded,-0.3380886721672163,KXHIGHAUS-26JUL04-B97.5
0.3358128228400825,t_plus_15h,aus,KXHIGHAUS-26JUL04,0.6187414937610017,0.09199291961682605,0.28768207245178046,1.0,0.7500000000000003,0.42780574245690856,0.9064235662127822,1.0,0.4039664026595987,aus|t_plus_15h|bounded,2026-07-04T21:00:00+00:00,2026-07-04,bounded,0.0,bounded,-0.3460335973404016,KXHIGHAUS-26JUL04-B97.5
0.35231438309211827,t_plus_16h,aus,KXHIGHAUS-26JUL04,0.6777587493646131,0.11211143196874482,0.28276805764935203,1.0,0.753694581280788,0.4644258150608631,0.9605268070139652,1.0,0.3826912284391489,aus|t_plus_16h|bounded,2026-07-04T22:00:00+00:00,2026-07-04,bounded,0.0,bounded,-0.37100335284163916,KXHIGHAUS-26JUL04-B97.5
0.3976466346704331,t_plus_17h,aus,KXHIGHAUS-26JUL04,0.8168255107205097,0.002391883029204117,0.04445176257083381,1.0,0.9565217391304348,0.4000385176996372,0.8612772732913435,1.0,0.4226219337242154,aus|t_plus_17h|bounded,2026-07-04T23:00:00+00:00,2026-07-04,bounded,0.0,bounded,-0.5338998054062194,KXHIGHAUS-26JUL04-B97.5
0.4524630101443846,t_plus_18h,aus,KXHIGHAUS-26JUL04,0.9248194459117657,0.0007208765859284905,0.02481516911972402,1.0,0.9754901960784313,0.4531838867303131,0.9496346150314897,1.0,0.38688235863047976,aus|t_plus_18h|bounded,2026-07-05T00:00:00+00:00,2026-07-04,bounded,0.0,bounded,-0.5886078374479515,KXHIGHAUS-26JUL04-B97.5
0.4524630101443846,t_plus_19h,aus,KXHIGHAUS-26JUL04,0.9248194459117657,0.0007208765859284905,0.02481516911972402,1.0,0.9754901960784313,0.4531838867303131,0.9496346150314897,1.0,0.38688235863047976,aus|t_plus_19h|bounded,2026-07-05T01:00:00+00:00,2026-07-04,bounded,0.0,bounded,-0.5886078374479515,KXHIGHAUS-26JUL04-B97.5
0.4524630101443846,t_plus_20h,aus,KXHIGHAUS-26JUL04,0.9248194459117657,0.0007208765859284905,0.02481516911972402,1.0,0.9754901960784313,0.4531838867303131,0.9496346150314897,1.0,0.38688235863047976,aus|t_plus_20h|bounded,2026-07-05T02:00:00+00:00,2026-07-04,bounded,0.0,bounded,-0.5886078374479515,KXHIGHAUS-26JUL04-B97.5
0.4524630101443846,t_plus_21h,aus,KXHIGHAUS-26JUL04,0.9248194459117657,0.0007208765859284905,0.02481516911972402,1.0,0.9754901960784313,0.4531838867303131,0.9496346150314897,1.0,0.38688235863047976,aus|t_plus_21h|bounded,2026-07-05T03:00:00+00:00,2026-07-04,bounded,0.0,bounded,-0.5886078374479515,KXHIGHAUS-26JUL04-B97.5
0.4524630101443846,t_plus_22h,aus,KXHIGHAUS-26JUL04,0.9248194459117657,0.0007208765859284905,0.02481516911972402,1.0,0.9754901960784313,0.4531838867303131,0.9496346150314897,1.0,0.38688235863047976,aus|t_plus_22h|bounded,2026-07-05T04:00:00+00:00,2026-07-04,bounded,0.0,bounded,-0.5886078374479515,KXHIGHAUS-26JUL04-B97.5
0.4524630101443846,t_plus_23h,aus,KXHIGHAUS-26JUL04,0.9248194459117657,0.0007208765859284905,0.02481516911972402,1.0,0.9754901960784313,0.4531838867303131,0.9496346150314897,1.0,0.38688235863047976,aus|t_plus_23h|bounded,2026-07-05T05:00:00+00:00,2026-07-04,bounded,0.0,bounded,-0.5886078374479515,KXHIGHAUS-26JUL04-B97.5
0.17177645977957934,t_plus_9h,den,KXHIGHDEN-26JUL04,0.5941213981672453,0.6299349026014212,0.9858167945227658,0.0,0.37313432835820876,0.8017113623810005,1.5799381926900111,0.0,0.20598782936506352,den|t_plus_9h|bounded,2026-07-04T16:00:00+00:00,2026-07-04,bounded,0.0,bounded,-0.16714649899314524,KXHIGHDEN-26JUL04-B91.5
0.12613537058965107,t_plus_10h,den,KXHIGHDEN-26JUL04,0.5166066192403374,0.6640462307371923,1.0154347821892014,0.0,0.36224489795918385,0.7901816013268433,1.5320414014295387,0.0,0.21609408197502747,den|t_plus_10h|bounded,2026-07-04T17:00:00+00:00,2026-07-04,bounded,0.0,bounded,-0.14615081598415638,KXHIGHDEN-26JUL04-B91.5
0.23339583620443127,t_plus_11h,den,KXHIGHDEN-26JUL04,0.7096806654582744,0.5661058002009837,0.86436312094139,0.0,0.421319796954315,0.7995016364054149,1.5740437863996644,0.0,0.2072055907866739,den|t_plus_11h|bounded,2026-07-04T18:00:00+00:00,2026-07-04,bounded,0.0,bounded,-0.2141142061676411,KXHIGHDEN-26JUL04-B91.5
-0.04659384811556533,t_plus_12h,den,KXHIGHDEN-26JUL04,0.179155929858825,1.0162721893491118,1.9035508752161696,0.0,0.14903846153846187,0.9696783412335465,2.0827068050749946,0.0,0.12459250772246894,den|t_plus_12h|bounded,2026-07-04T19:00:00+00:00,2026-07-04,bounded,0.0,bounded,-0.024445953815992932,KXHIGHDEN-26JUL04-B91.5
-0.3096884849206478,t_plus_13h,den,KXHIGHDEN-26JUL04,0.0457459506984812,1.2366506483395523,1.895394358918411,0.0,0.15025906735751302,0.9269621634189045,1.9411403096168922,0.0,0.14354017617583892,den|t_plus_13h|bounded,2026-07-04T20:00:00+00:00,2026-07-04,bounded,0.0,bounded,-0.006718891181674097,KXHIGHDEN-26JUL04-B91.5
0.6572967459717646,t_plus_14h,den,KXHIGHDEN-26JUL04,1.2097353709835952,0.056997308727412314,0.21217451994363534,1.0,0.808823529411765,0.7142940546991768,1.4219098909272305,0.0,0.24125281005675495,den|t_plus_14h|bounded,2026-07-04T21:00:00+00:00,2026-07-04,bounded,-1.0,bounded,-0.5675707193550101,KXHIGHDEN-26JUL04-B91.5
0.6597044840748235,t_plus_15h,den,KXHIGHDEN-26JUL04,1.23003483623534,0.061034217608612024,0.20613220548767316,1.0,0.8137254901960784,0.7207387016834356,1.436167041723013,0.0,0.23783763554187104,den|t_plus_15h|bounded,2026-07-04T22:00:00+00:00,2026-07-04,bounded,-1.0,bounded,-0.5758878546542074,KXHIGHDEN-26JUL04-B91.5
0.4496838867303131,t_plus_16h,den,KXHIGHDEN-26JUL04,0.8983413206439391,0.0035000000000000044,0.05129329438755058,1.0,0.95,0.4531838867303131,0.9496346150314897,1.0,0.38688235863047976,den|t_plus_16h|bounded,2026-07-04T23:00:00+00:00,2026-07-04,bounded,0.0,bounded,-0.5631176413695202,KXHIGHDEN-26JUL04-B91.5
0.44896150812369806,t_plus_17h,den,KXHIGHDEN-26JUL04,0.8939240080174838,0.0042223786066150695,0.055710607014005833,1.0,0.9458128078817734,0.4531838867303131,0.9496346150314897,1.0,0.38688235863047976,den|t_plus_17h|bounded,2026-07-05T00:00:00+00:00,2026-07-04,bounded,0.0,bounded,-0.5589304492512936,KXHIGHDEN-26JUL04-B91.5
0.6349261599906345,t_plus_18h,den,KXHIGHDEN-26JUL04,1.2582762263095826,0.001960372470769441,0.03941396854087663,1.0,0.961352657004831,0.6368865324614039,1.2976901948504591,1.0,0.27316201593883455,den|t_plus_18h|bounded,2026-07-05T01:00:00+00:00,2026-07-04,bounded,0.0,bounded,-0.6881906410659964,KXHIGHDEN-26JUL04-B91.5
0.6349261599906345,t_plus_19h,den,KXHIGHDEN-26JUL04,1.2582762263095826,0.001960372470769441,0.03941396854087663,1.0,0.961352657004831,0.6368865324614039,1.2976901948504591,1.0,0.27316201593883455,den|t_plus_19h|bounded,2026-07-05T02:00:00+00:00,2026-07-04,bounded,0.0,bounded,-0.6881906410659964,KXHIGHDEN-26JUL04-B91.5
0.6348680780208041,t_plus_20h,den,KXHIGHDEN-26JUL04,1.25768486023676,0.0020184544405997674,0.04000533461369913,1.0,0.9607843137254902,0.6368865324614039,1.2976901948504591,1.0,0.27316201593883455,den|t_plus_20h|bounded,2026-07-05T03:00:00+00:00,2026-07-04,bounded,0.0,bounded,-0.6876222977866557,KXHIGHDEN-26JUL04-B91.5
0.6348680780208041,t_plus_21h,den,KXHIGHDEN-26JUL04,1.25768486023676,0.0020184544405997674,0.04000533461369913,1.0,0.9607843137254902,0.6368865324614039,1.2976901948504591,1.0,0.27316201593883455,den|t_plus_21h|bounded,2026-07-05T04:00:00+00:00,2026-07-04,bounded,0.0,bounded,-0.6876222977866557,KXHIGHDEN-26JUL04-B91.5
0.6342690428718739,t_plus_22h,den,KXHIGHDEN-26JUL04,1.2527948749425681,0.002617489589530034,0.04489531990789088,1.0,0.9560975609756098,0.6368865324614039,1.2976901948504591,1.0,0.27316201593883455,den|t_plus_22h|bounded,2026-07-05T05:00:00+00:00,2026-07-04,bounded,0.0,bounded,-0.6829355450367753,KXHIGHDEN-26JUL04-B91.5
0.6348279107576494,t_plus_23h,den,KXHIGHDEN-26JUL04,1.2572806565125825,0.002058621703754537,0.040409538337876666,1.0,0.9603960396039604,0.6368865324614039,1.2976901948504591,1.0,0.27316201593883455,den|t_plus_23h|bounded,2026-07-05T06:00:00+00:00,2026-07-04,bounded,0.0,bounded,-0.6872340236651258,KXHIGHDEN-26JUL04-B91.5
0.07428502867990949,t_plus_8h,la,KXHIGHLAX-26JUL04,0.5448994457461658,0.6109297052154199,0.836248024200619,0.0,0.4333333333333332,0.6852147338953294,1.3811474699467847,1.0,0.2512900397926733,la|t_plus_8h|upper_tail,2026-07-04T16:00:00+00:00,2026-07-04,upper_tail,1.0,upper_tail,-0.1820432935406599,KXHIGHLAX-26JUL04-T74
-0.20933963000999645,t_plus_9h,la,KXHIGHLAX-26JUL04,0.21799666014110342,0.8945543639053258,1.1631508098056813,0.0,0.3124999999999999,0.6852147338953294,1.3811474699467847,1.0,0.2512900397926733,la|t_plus_9h|upper_tail,2026-07-04T17:00:00+00:00,2026-07-04,upper_tail,1.0,upper_tail,-0.06120996020732661,KXHIGHLAX-26JUL04-T74
-0.23446795347327898,t_plus_10h,la,KXHIGHLAX-26JUL04,0.15922170252549983,0.922660872781065,1.2266642155280068,0.0,0.2932692307692308,0.688192919307786,1.3858859180535066,0.0,0.2501021316226527,la|t_plus_10h|upper_tail,2026-07-04T18:00:00+00:00,2026-07-04,bounded,0.0,upper_tail,-0.04316709914657807,KXHIGHLAX-26JUL04-T74
-0.1332794155022814,t_plus_11h,la,KXHIGHLAX-26JUL04,0.33467586827997997,0.8214723348100674,1.0512100497735266,0.0,0.34951456310679585,0.688192919307786,1.3858859180535066,0.0,0.2501021316226527,la|t_plus_11h|upper_tail,2026-07-04T19:00:00+00:00,2026-07-04,bounded,0.0,upper_tail,-0.09941243148414314,KXHIGHLAX-26JUL04-T74
-0.5642813949536905,t_plus_12h,la,KXHIGHLAX-26JUL04,-0.22841818403176717,1.2524743142614765,1.6143041020852738,0.0,0.19902912621359214,0.688192919307786,1.3858859180535066,0.0,0.2501021316226527,la|t_plus_12h|upper_tail,2026-07-04T20:00:00+00:00,2026-07-04,bounded,0.0,upper_tail,0.05107300540906057,KXHIGHLAX-26JUL04-T74
-0.11727959717043068,t_plus_13h,la,KXHIGHLAX-26JUL04,0.35152805276562593,0.8024943310657601,1.0296194171811588,0.0,0.357142857142857,0.6852147338953294,1.3811474699467847,1.0,0.2512900397926733,la|t_plus_13h|upper_tail,2026-07-04T21:00:00+00:00,2026-07-04,upper_tail,1.0,upper_tail,-0.1058528173501837,KXHIGHLAX-26JUL04-T74
0.6089015335494058,t_plus_14h,la,KXHIGHLAX-26JUL04,1.2226021211313058,0.0007208765859284905,0.02481516911972402,1.0,0.9754901960784313,0.6096224101353342,1.2474172902510299,1.0,0.28724571196465004,la|t_plus_14h|upper_tail,2026-07-04T22:00:00+00:00,2026-07-04,upper_tail,0.0,upper_tail,-0.6882444841137814,KXHIGHLAX-26JUL04-T74
0.6089015335494058,t_plus_15h,la,KXHIGHLAX-26JUL04,1.2226021211313058,0.0007208765859284905,0.02481516911972402,1.0,0.9754901960784313,0.6096224101353342,1.2474172902510299,1.0,0.28724571196465004,la|t_plus_15h|upper_tail,2026-07-04T23:00:00+00:00,2026-07-04,upper_tail,0.0,upper_tail,-0.6882444841137814,KXHIGHLAX-26JUL04-T74
0.6089015335494058,t_plus_16h,la,KXHIGHLAX-26JUL04,1.2226021211313058,0.0007208765859284905,0.02481516911972402,1.0,0.9754901960784313,0.6096224101353342,1.2474172902510299,1.0,0.28724571196465004,la|t_plus_16h|upper_tail,2026-07-05T00:00:00+00:00,2026-07-04,upper_tail,0.0,upper_tail,-0.6882444841137814,KXHIGHLAX-26JUL04-T74
0.6089015335494058,t_plus_17h,la,KXHIGHLAX-26JUL04,1.2226021211313058,0.0007208765859284905,0.02481516911972402,1.0,0.9754901960784313,0.6096224101353342,1.2474172902510299,1.0,0.28724571196465004,la|t_plus_17h|upper_tail,2026-07-05T01:00:00+00:00,2026-07-04,upper_tail,0.0,upper_tail,-0.6882444841137814,KXHIGHLAX-26JUL04-T74
0.6089015335494058,t_plus_18h,la,KXHIGHLAX-26JUL04,1.2226021211313058,0.0007208765859284905,0.02481516911972402,1.0,0.9754901960784313,0.6096224101353342,1.2474172902510299,1.0,0.28724571196465004,la|t_plus_18h|upper_tail,2026-07-05T02:00:00+00:00,2026-07-04,upper_tail,0.0,upper_tail,-0.6882444841137814,KXHIGHLAX-26JUL04-T74
0.6089015335494058,t_plus_19h,la,KXHIGHLAX-26JUL04,1.2226021211313058,0.0007208765859284905,0.02481516911972402,1.0,0.9754901960784313,0.6096224101353342,1.2474172902510299,1.0,0.28724571196465004,la|t_plus_19h|upper_tail,2026-07-05T03:00:00+00:00,2026-07-04,upper_tail,0.0,upper_tail,-0.6882444841137814,KXHIGHLAX-26JUL04-T74
0.6089015335494058,t_plus_20h,la,KXHIGHLAX-26JUL04,1.2226021211313058,0.0007208765859284905,0.02481516911972402,1.0,0.9754901960784313,0.6096224101353342,1.2474172902510299,1.0,0.28724571196465004,la|t_plus_20h|upper_tail,2026-07-05T04:00:00+00:00,2026-07-04,upper_tail,0.0,upper_tail,-0.6882444841137814,KXHIGHLAX-26JUL04-T74
0.6070676583722222,t_plus_21h,la,KXHIGHLAX-26JUL04,1.2188740659601784,0.0007208765859284905,0.02481516911972402,1.0,0.9754901960784313,0.6077885349581507,1.2436892350799025,1.0,0.28831857843663017,la|t_plus_21h|upper_tail,2026-07-05T05:00:00+00:00,2026-07-04,upper_tail,0.0,upper_tail,-0.6871716176418012,KXHIGHLAX-26JUL04-T74
0.6089015335494058,t_plus_22h,la,KXHIGHLAX-26JUL04,1.2226021211313058,0.0007208765859284905,0.02481516911972402,1.0,0.9754901960784313,0.6096224101353342,1.2474172902510299,1.0,0.28724571196465004,la|t_plus_22h|upper_tail,2026-07-05T06:00:00+00:00,2026-07-04,upper_tail,0.0,upper_tail,-0.6882444841137814,KXHIGHLAX-26JUL04-T74
0.6089015335494058,t_plus_23h,la,KXHIGHLAX-26JUL04,1.2226021211313058,0.0007208765859284905,0.02481516911972402,1.0,0.9754901960784313,0.6096224101353342,1.2474172902510299,1.0,0.28724571196465004,la|t_plus_23h|upper_tail,2026-07-05T07:00:00+00:00,2026-07-04,upper_tail,0.0,upper_tail,-0.6882444841137814,KXHIGHLAX-26JUL04-T74
0.6121767852538861,t_plus_11h,mia,KXHIGHMIA-26JUL04,1.179037553697644,0.2288151569422192,0.4836890823309902,1.0,0.6165048543689318,0.8409919421961053,1.6627266360286344,0.0,0.1896212464642816,mia|t_plus_11h|bounded,2026-07-04T16:00:00+00:00,2026-07-04,bounded,-1.0,bounded,-0.4268836079046502,KXHIGHMIA-26JUL04-B92.5
0.11351912586225898,t_plus_12h,mia,KXHIGHMIA-26JUL04,0.4179261838847117,0.5036761240456217,0.7531651902861982,0.0,0.470873786407767,0.6171952499078807,1.17109137417091,0.0,0.31002839957371564,mia|t_plus_12h|bounded,2026-07-04T17:00:00+00:00,2026-07-04,bounded,0.0,bounded,-0.16084538683405136,KXHIGHMIA-26JUL04-B92.5
0.46317233854253,t_plus_13h,mia,KXHIGHMIA-26JUL04,0.8844032548843197,0.0212730517549078,0.11900329206161281,1.0,0.8878048780487805,0.4844453902974378,1.0034065469459326,1.0,0.36662837470281695,mia|t_plus_13h|bounded,2026-07-04T18:00:00+00:00,2026-07-04,bounded,0.0,bounded,-0.5211765033459635,KXHIGHMIA-26JUL04-B92.5
0.4524630101443846,t_plus_14h,mia,KXHIGHMIA-26JUL04,0.9248194459117657,0.0007208765859284905,0.02481516911972402,1.0,0.9754901960784313,0.4531838867303131,0.9496346150314897,1.0,0.38688235863047976,mia|t_plus_14h|bounded,2026-07-04T19:00:00+00:00,2026-07-04,bounded,0.0,bounded,-0.5886078374479515,KXHIGHMIA-26JUL04-B92.5
0.4524630101443846,t_plus_15h,mia,KXHIGHMIA-26JUL04,0.9248194459117657,0.0007208765859284905,0.02481516911972402,1.0,0.9754901960784313,0.4531838867303131,0.9496346150314897,1.0,0.38688235863047976,mia|t_plus_15h|bounded,2026-07-04T20:00:00+00:00,2026-07-04,bounded,0.0,bounded,-0.5886078374479515,KXHIGHMIA-26JUL04-B92.5
0.4135390731999426,t_plus_16h,mia,KXHIGHMIA-26JUL04,0.86007921270984,0.0007208765859284905,0.02481516911972402,1.0,0.9754901960784313,0.4142599497858711,0.884894381829564,1.0,0.4127577656969796,mia|t_plus_16h|bounded,2026-07-04T21:00:00+00:00,2026-07-04,bounded,0.0,bounded,-0.5627324303814518,KXHIGHMIA-26JUL04-B92.5
0.4135390731999426,t_plus_17h,mia,KXHIGHMIA-26JUL04,0.86007921270984,0.0007208765859284905,0.02481516911972402,1.0,0.9754901960784313,0.4142599497858711,0.884894381829564,1.0,0.4127577656969796,mia|t_plus_17h|bounded,2026-07-04T22:00:00+00:00,2026-07-04,bounded,0.0,bounded,-0.5627324303814518,KXHIGHMIA-26JUL04-B92.5
0.4135390731999426,t_plus_18h,mia,KXHIGHMIA-26JUL04,0.86007921270984,0.0007208765859284905,0.02481516911972402,1.0,0.9754901960784313,0.4142599497858711,0.884894381829564,1.0,0.4127577656969796,mia|t_plus_18h|bounded,2026-07-04T23:00:00+00:00,2026-07-04,bounded,0.0,bounded,-0.5627324303814518,KXHIGHMIA-26JUL04-B92.5
0.4135390731999426,t_plus_19h,mia,KXHIGHMIA-26JUL04,0.86007921270984,0.0007208765859284905,0.02481516911972402,1.0,0.9754901960784313,0.4142599497858711,0.884894381829564,1.0,0.4127577656969796,mia|t_plus_19h|bounded,2026-07-05T00:00:00+00:00,2026-07-04,bounded,0.0,bounded,-0.5627324303814518,KXHIGHMIA-26JUL04-B92.5
0.4135390731999426,t_plus_20h,mia,KXHIGHMIA-26JUL04,0.86007921270984,0.0007208765859284905,0.02481516911972402,1.0,0.9754901960784313,0.4142599497858711,0.884894381829564,1.0,0.4127577656969796,mia|t_plus_20h|bounded,2026-07-05T01:00:00+00:00,2026-07-04,bounded,0.0,bounded,-0.5627324303814518,KXHIGHMIA-26JUL04-B92.5
0.4135390731999426,t_plus_21h,mia,KXHIGHMIA-26JUL04,0.86007921270984,0.0007208765859284905,0.02481516911972402,1.0,0.9754901960784313,0.4142599497858711,0.884894381829564,1.0,0.4127577656969796,mia|t_plus_21h|bounded,2026-07-05T02:00:00+00:00,2026-07-04,bounded,0.0,bounded,-0.5627324303814518,KXHIGHMIA-26JUL04-B92.5
0.4135390731999426,t_plus_22h,mia,KXHIGHMIA-26JUL04,0.86007921270984,0.0007208765859284905,0.02481516911972402,1.0,0.9754901960784313,0.4142599497858711,0.884894381829564,1.0,0.4127577656969796,mia|t_plus_22h|bounded,2026-07-05T03:00:00+00:00,2026-07-04,bounded,0.0,bounded,-0.5627324303814518,KXHIGHMIA-26JUL04-B92.5
0.4135390731999426,t_plus_23h,mia,KXHIGHMIA-26JUL04,0.86007921270984,0.0007208765859284905,0.02481516911972402,1.0,0.9754901960784313,0.4142599497858711,0.884894381829564,1.0,0.4127577656969796,mia|t_plus_23h|bounded,2026-07-05T04:00:00+00:00,2026-07-04,bounded,0.0,bounded,-0.5627324303814518,KXHIGHMIA-26JUL04-B92.5
0.633475148581819,t_plus_11h,nyc,KXHIGHNY-26JUL04,1.2292842749388446,0.012715668907277534,0.09285015396346252,1.0,0.9113300492610837,0.6461908174890965,1.3221344289023071,1.0,0.26656572872953455,nyc|t_plus_11h|lower_tail,2026-07-04T16:00:00+00:00,2026-07-04,lower_tail,0.0,lower_tail,-0.6447643205315492,KXHIGHNY-26JUL04-T98
0.6331797034399896,t_plus_12h,nyc,KXHIGHNY-26JUL04,1.2266310075665554,0.014177239523260289,0.09776416876589157,1.0,0.9068627450980392,0.64735694296325,1.324395176332447,1.0,0.2659637716362042,nyc|t_plus_12h|lower_tail,2026-07-04T17:00:00+00:00,2026-07-04,lower_tail,0.0,lower_tail,-0.640898973461835,KXHIGHNY-26JUL04-T98
0.6419265296741763,t_plus_13h,nyc,KXHIGHNY-26JUL04,1.2661401595477322,0.004264287814920115,0.05599426935457494,1.0,0.9455445544554455,0.6461908174890965,1.3221344289023071,1.0,0.26656572872953455,nyc|t_plus_13h|lower_tail,2026-07-04T18:00:00+00:00,2026-07-04,lower_tail,0.0,lower_tail,-0.678978825725911,KXHIGHNY-26JUL04-T98
0.6281676125163748,t_plus_14h,nyc,KXHIGHNY-26JUL04,1.2425397526242599,0.0033313503866745906,0.050010420574661305,1.0,0.951219512195122,0.6314989629030493,1.292550173198921,1.0,0.27456968925158565,nyc|t_plus_14h|lower_tail,2026-07-04T19:00:00+00:00,2026-07-04,lower_tail,0.0,lower_tail,-0.6766498229435364,KXHIGHNY-26JUL04-T98
0.6300091512921304,t_plus_15h,nyc,KXHIGHNY-26JUL04,1.257633908092693,0.0014898116109188773,0.03491626510622799,1.0,0.9656862745098038,0.6314989629030493,1.292550173198921,1.0,0.27456968925158565,nyc|t_plus_15h|lower_tail,2026-07-04T20:00:00+00:00,2026-07-04,lower_tail,0.0,lower_tail,-0.6911165852582182,KXHIGHNY-26JUL04-T98
0.6307780863171208,t_plus_16h,nyc,KXHIGHNY-26JUL04,1.267735004079197,0.0007208765859284905,0.02481516911972402,1.0,0.9754901960784313,0.6314989629030493,1.292550173198921,1.0,0.27456968925158565,nyc|t_plus_16h|lower_tail,2026-07-04T21:00:00+00:00,2026-07-04,lower_tail,0.0,lower_tail,-0.7009205068268457,KXHIGHNY-26JUL04-T98
0.6307780863171208,t_plus_17h,nyc,KXHIGHNY-26JUL04,1.267735004079197,0.0007208765859284905,0.02481516911972402,1.0,0.9754901960784313,0.6314989629030493,1.292550173198921,1.0,0.27456968925158565,nyc|t_plus_17h|lower_tail,2026-07-04T22:00:00+00:00,2026-07-04,lower_tail,0.0,lower_tail,-0.7009205068268457,KXHIGHNY-26JUL04-T98
0.3993176411137087,t_plus_18h,nyc,KXHIGHNY-26JUL04,0.8364621041716195,0.0007208765859284905,0.02481516911972402,1.0,0.9754901960784313,0.4000385176996372,0.8612772732913435,1.0,0.4226219337242154,nyc|t_plus_18h|lower_tail,2026-07-04T23:00:00+00:00,2026-07-04,lower_tail,0.0,lower_tail,-0.5528682623542159,KXHIGHNY-26JUL04-T98
0.3993176411137087,t_plus_19h,nyc,KXHIGHNY-26JUL04,0.8364621041716195,0.0007208765859284905,0.02481516911972402,1.0,0.9754901960784313,0.4000385176996372,0.8612772732913435,1.0,0.4226219337242154,nyc|t_plus_19h|lower_tail,2026-07-05T00:00:00+00:00,2026-07-04,lower_tail,0.0,lower_tail,-0.5528682623542159,KXHIGHNY-26JUL04-T98
0.3993176411137087,t_plus_20h,nyc,KXHIGHNY-26JUL04,0.8364621041716195,0.0007208765859284905,0.02481516911972402,1.0,0.9754901960784313,0.4000385176996372,0.8612772732913435,1.0,0.4226219337242154,nyc|t_plus_20h|lower_tail,2026-07-05T01:00:00+00:00,2026-07-04,lower_tail,0.0,lower_tail,-0.5528682623542159,KXHIGHNY-26JUL04-T98
0.3993176411137087,t_plus_21h,nyc,KXHIGHNY-26JUL04,0.8364621041716195,0.0007208765859284905,0.02481516911972402,1.0,0.9754901960784313,0.4000385176996372,0.8612772732913435,1.0,0.4226219337242154,nyc|t_plus_21h|lower_tail,2026-07-05T02:00:00+00:00,2026-07-04,lower_tail,0.0,lower_tail,-0.5528682623542159,KXHIGHNY-26JUL04-T98
0.3993176411137087,t_plus_22h,nyc,KXHIGHNY-26JUL04,0.8364621041716195,0.0007208765859284905,0.02481516911972402,1.0,0.9754901960784313,0.4000385176996372,0.8612772732913435,1.0,0.4226219337242154,nyc|t_plus_22h|lower_tail,2026-07-05T03:00:00+00:00,2026-07-04,lower_tail,0.0,lower_tail,-0.5528682623542159,KXHIGHNY-26JUL04-T98
0.40439761411007513,t_plus_23h,nyc,KXHIGHNY-26JUL04,0.8451467096774858,0.0007208765859284905,0.02481516911972402,1.0,0.9754901960784313,0.40511849069600364,0.8699618787972099,1.0,0.41896752048902663,nyc|t_plus_23h|lower_tail,2026-07-05T04:00:00+00:00,2026-07-04,lower_tail,0.0,lower_tail,-0.5565226755894047,KXHIGHNY-26JUL04-T98
-0.09583546695343437,t_plus_10h,okc,KXHIGHTOKC-26JUL04,-0.003645026322206091,0.7445214590772249,1.25518134935965,0.0,0.28502415458937186,0.6486859921237905,1.2515363230374439,0.0,0.28606497088433486,okc|t_plus_10h|bounded,2026-07-04T16:00:00+00:00,2026-07-04,bounded,0.0,bounded,0.0010408162949629984,KXHIGHTOKC-26JUL04-B100.5
-0.15395324010431066,t_plus_11h,okc,KXHIGHTOKC-26JUL04,0.003964018790945767,0.7830070803831741,1.2005772153247982,0.0,0.30102040816326514,0.6290538402788635,1.204541234115744,0.0,0.29982951952073944,okc|t_plus_11h|bounded,2026-07-04T17:00:00+00:00,2026-07-04,bounded,0.0,bounded,-0.0011908886425257004,KXHIGHTOKC-26JUL04-B100.5
-0.31749556570319437,t_plus_12h,okc,KXHIGHTOKC-26JUL04,-0.22492529886935486,0.9465494059820578,1.4294665329850988,0.0,0.23943661971830996,0.6290538402788635,1.204541234115744,0.0,0.29982951952073944,okc|t_plus_12h|bounded,2026-07-04T18:00:00+00:00,2026-07-04,bounded,0.0,bounded,0.060392899802429484,KXHIGHTOKC-26JUL04-B100.5
-0.4432266807293469,t_plus_13h,okc,KXHIGHTOKC-26JUL04,-0.39015183036777623,1.0606067816775722,1.5618098634448443,0.0,0.2097560975609759,0.6173801009482253,1.171658033077068,0.0,0.3098527689859532,okc|t_plus_13h|bounded,2026-07-04T19:00:00+00:00,2026-07-04,bounded,0.0,bounded,0.1000966714249773,KXHIGHTOKC-26JUL04-B100.5
-0.2032211688904536,t_plus_14h,okc,KXHIGHTOKC-26JUL04,0.06758910020860864,0.8204164187983343,1.1035022739623013,0.0,0.3317073170731708,0.6171952499078807,1.17109137417091,0.0,0.31002839957371564,okc|t_plus_14h|bounded,2026-07-04T20:00:00+00:00,2026-07-04,bounded,0.0,bounded,-0.021678917499455164,KXHIGHTOKC-26JUL04-B100.5
-0.06710886389450366,t_plus_15h,okc,KXHIGHTOKC-26JUL04,0.22241923279371445,0.6843041138023843,0.9486721413771955,0.0,0.3872549019607841,0.6171952499078807,1.17109137417091,0.0,0.31002839957371564,okc|t_plus_15h|bounded,2026-07-04T21:00:00+00:00,2026-07-04,bounded,0.0,bounded,-0.07722650238706846,KXHIGHTOKC-26JUL04-B100.5
0.39809719420234296,t_plus_16h,okc,KXHIGHTOKC-26JUL04,0.821070852813303,0.0019413234972942765,0.04020642047804048,1.0,0.9605911330049262,0.4000385176996372,0.8612772732913435,1.0,0.4226219337242154,okc|t_plus_16h|bounded,2026-07-04T22:00:00+00:00,2026-07-04,bounded,0.0,bounded,-0.5379691992807107,KXHIGHTOKC-26JUL04-B100.5
0.3966412015793722,t_plus_17h,okc,KXHIGHTOKC-26JUL04,0.8107614831544416,0.003397316120264983,0.050515790136901835,1.0,0.9507389162561576,0.4000385176996372,0.8612772732913435,1.0,0.4226219337242154,okc|t_plus_17h|bounded,2026-07-04T23:00:00+00:00,2026-07-04,bounded,0.0,bounded,-0.5281169825319422,KXHIGHTOKC-26JUL04-B100.5
0.3993176411137087,t_plus_18h,okc,KXHIGHTOKC-26JUL04,0.8364621041716195,0.0007208765859284905,0.02481516911972402,1.0,0.9754901960784313,0.4000385176996372,0.8612772732913435,1.0,0.4226219337242154,okc|t_plus_18h|bounded,2026-07-05T00:00:00+00:00,2026-07-04,bounded,0.0,bounded,-0.5528682623542159,KXHIGHTOKC-26JUL04-B100.5
0.3993176411137087,t_plus_19h,okc,KXHIGHTOKC-26JUL04,0.8364621041716195,0.0007208765859284905,0.02481516911972402,1.0,0.9754901960784313,0.4000385176996372,0.8612772732913435,1.0,0.4226219337242154,okc|t_plus_19h|bounded,2026-07-05T01:00:00+00:00,2026-07-04,bounded,0.0,bounded,-0.5528682623542159,KXHIGHTOKC-26JUL04-B100.5
0.3993176411137087,t_plus_20h,okc,KXHIGHTOKC-26JUL04,0.8364621041716195,0.0007208765859284905,0.02481516911972402,1.0,0.9754901960784313,0.4000385176996372,0.8612772732913435,1.0,0.4226219337242154,okc|t_plus_20h|bounded,2026-07-05T02:00:00+00:00,2026-07-04,bounded,0.0,bounded,-0.5528682623542159,KXHIGHTOKC-26JUL04-B100.5
0.3993176411137087,t_plus_21h,okc,KXHIGHTOKC-26JUL04,0.8364621041716195,0.0007208765859284905,0.02481516911972402,1.0,0.9754901960784313,0.4000385176996372,0.8612772732913435,1.0,0.4226219337242154,okc|t_plus_21h|bounded,2026-07-05T03:00:00+00:00,2026-07-04,bounded,0.0,bounded,-0.5528682623542159,KXHIGHTOKC-26JUL04-B100.5
0.3993176411137087,t_plus_22h,okc,KXHIGHTOKC-26JUL04,0.8364621041716195,0.0007208765859284905,0.02481516911972402,1.0,0.9754901960784313,0.4000385176996372,0.8612772732913435,1.0,0.4226219337242154,okc|t_plus_22h|bounded,2026-07-05T04:00:00+00:00,2026-07-04,bounded,0.0,bounded,-0.5528682623542159,KXHIGHTOKC-26JUL04-B100.5
0.3993176411137087,t_plus_23h,okc,KXHIGHTOKC-26JUL04,0.8364621041716195,0.0007208765859284905,0.02481516911972402,1.0,0.9754901960784313,0.4000385176996372,0.8612772732913435,1.0,0.4226219337242154,okc|t_plus_23h|bounded,2026-07-05T05:00:00+00:00,2026-07-04,bounded,0.0,bounded,-0.5528682623542159,KXHIGHTOKC-26JUL04-B100.5
-0.5053321858633939,t_plus_0h,aus,KXHIGHAUS-26JUL05,-0.6949245705363942,0.8099997753868953,1.1929750501163934,0.0,0.30331753554502405,0.3046675895235014,0.49805047957999915,1.0,0.6077142569677408,aus|t_plus_0h|bounded,2026-07-05T06:00:00+00:00,2026-07-05,bounded,1.0,bounded,0.3043967214227168,KXHIGHAUS-26JUL05-B96.5
-0.7228824211617055,t_plus_1h,aus,KXHIGHAUS-26JUL05,-0.913408091360906,0.8364625850340128,1.1882244473577959,0.0,0.30476190476190507,0.11358016387230732,0.27481635599688997,1.0,0.7597116268994428,aus|t_plus_1h|bounded,2026-07-05T07:00:00+00:00,2026-07-05,bounded,1.0,bounded,0.45494972213753776,KXHIGHAUS-26JUL05-B96.5
-0.6700350658105297,t_plus_2h,aus,KXHIGHAUS-26JUL05,-0.8640023531492611,0.783615229682837,1.138818709146151,0.0,0.3201970443349751,0.11358016387230732,0.27481635599688997,1.0,0.7597116268994428,aus|t_plus_2h|bounded,2026-07-05T08:00:00+00:00,2026-07-05,bounded,1.0,bounded,0.43951458256446774,KXHIGHAUS-26JUL05-B96.5
-0.3376947297843972,t_plus_3h,aus,KXHIGHAUS-26JUL05,-0.5101040844576877,0.8377066512879663,1.2072461296709056,0.0,0.29901960784313714,0.5000119215035691,0.6971420452132179,1.0,0.49800655210174666,aus|t_plus_3h|bounded,2026-07-05T09:00:00+00:00,2026-07-05,bounded,1.0,bounded,0.19898694425860952,KXHIGHAUS-26JUL05-B96.5
-0.30675342518675597,t_plus_4h,aus,KXHIGHAUS-26JUL05,-0.46506134623642204,0.8067653466903251,1.16220339144964,0.0,0.31279620853080603,0.5000119215035691,0.6971420452132179,1.0,0.49800655210174666,aus|t_plus_4h|bounded,2026-07-05T10:00:00+00:00,2026-07-05,bounded,1.0,bounded,0.18521034357094063,KXHIGHAUS-26JUL05-B96.5
-0.17249222733039038,t_plus_5h,aus,KXHIGHAUS-26JUL05,-0.299386117341612,0.6725041488339595,0.9965281625548299,0.0,0.36915887850467294,0.5000119215035691,0.6971420452132179,1.0,0.49800655210174666,aus|t_plus_5h|bounded,2026-07-05T11:00:00+00:00,2026-07-05,bounded,1.0,bounded,0.12884767359707372,KXHIGHAUS-26JUL05-B96.5
-0.1923652070196108,t_plus_6h,aus,KXHIGHAUS-26JUL05,-0.32910525970312865,0.76903034523034,1.1033628914267064,0.0,0.33175355450237004,0.5766651382107292,0.7742576317235778,0.0,0.46104591985160936,aus|t_plus_6h|bounded,2026-07-05T12:00:00+00:00,2026-07-05,bounded,0.0,bounded,0.12929236534923932,KXHIGHAUS-26JUL05-B96.5
-0.23617998793242645,t_plus_7h,aus,KXHIGHAUS-26JUL05,-0.3372279747265373,0.7361919094359956,1.0343700199397552,0.0,0.355450236966825,0.5000119215035691,0.6971420452132179,1.0,0.49800655210174666,aus|t_plus_7h|bounded,2026-07-05T13:00:00+00:00,2026-07-05,bounded,1.0,bounded,0.14255631513492167,KXHIGHAUS-26JUL05-B96.5
0.0066423949816751815,t_plus_8h,aus,KXHIGHAUS-26JUL05,-0.044323712617535094,0.4933695265218939,0.741465757830753,1.0,0.47641509433962265,0.5000119215035691,0.6971420452132179,1.0,0.49800655210174666,aus|t_plus_8h|bounded,2026-07-05T14:00:00+00:00,2026-07-05,bounded,0.0,bounded,0.02159145776212401,KXHIGHAUS-26JUL05-B96.5
-0.14748901327095737,t_plus_9h,aus,KXHIGHAUS-26JUL05,-0.23100654823688627,0.5816759355264393,0.8619680501349968,0.0,0.4223300970873789,0.4341869222554819,0.6309615018981105,1.0,0.5320799590872322,aus|t_plus_9h|bounded,2026-07-05T15:00:00+00:00,2026-07-05,bounded,1.0,bounded,0.10974986199985326,KXHIGHAUS-26JUL05-B96.5
-0.5069778529059006,t_plus_10h,aus,KXHIGHAUS-26JUL05,-0.634219204996094,0.6205580167782079,0.9090355609929839,0.0,0.402912621359223,0.11358016387230732,0.27481635599688997,1.0,0.7597116268994428,aus|t_plus_10h|bounded,2026-07-05T16:00:00+00:00,2026-07-05,bounded,1.0,bounded,0.3567990055402198,KXHIGHAUS-26JUL05-B96.5
-0.10433871248620935,t_plus_11h,aus,KXHIGHAUS-26JUL05,-0.18866982577095381,0.5385256347416912,0.8196313276690643,0.0,0.4405940594059409,0.4341869222554819,0.6309615018981105,1.0,0.5320799590872322,aus|t_plus_11h|bounded,2026-07-05T17:00:00+00:00,2026-07-05,bounded,1.0,bounded,0.09148589968129128,KXHIGHAUS-26JUL05-B96.5
-0.0702047197563524,t_plus_12h,aus,KXHIGHAUS-26JUL05,-0.13186559929982478,0.5043916420118343,0.7628271011979353,1.0,0.4663461538461538,0.4341869222554819,0.6309615018981105,1.0,0.5320799590872322,aus|t_plus_12h|bounded,2026-07-05T18:00:00+00:00,2026-07-05,bounded,0.0,bounded,0.06573380524107836,KXHIGHAUS-26JUL05-B96.5
0.2488839271664183,t_plus_13h,aus,KXHIGHAUS-26JUL05,0.21204254032147407,0.24562358276643972,0.47957308026188605,1.0,0.6190476190476192,0.494507509932858,0.6916156205833601,1.0,0.5007663667067763,aus|t_plus_13h|bounded,2026-07-05T19:00:00+00:00,2026-07-05,bounded,0.0,bounded,-0.11828125234084286,KXHIGHAUS-26JUL05-B96.5
0.21548021273947116,t_plus_14h,aus,KXHIGHAUS-26JUL05,0.1937771923441809,0.27902729719338687,0.49783842823917923,1.0,0.6078431372549021,0.494507509932858,0.6916156205833601,1.0,0.5007663667067763,aus|t_plus_14h|bounded,2026-07-05T20:00:00+00:00,2026-07-05,bounded,0.0,bounded,-0.10707677054812581,KXHIGHAUS-26JUL05-B96.5
-0.018791053886559942,t_plus_15h,aus,KXHIGHAUS-26JUL05,-0.11100249564581624,0.018820861678004508,0.115998913862882,1.0,0.8904761904761905,2.9807791444566833e-05,0.004996418217065756,1.0,0.9950160431177822,aus|t_plus_15h|bounded,2026-07-05T21:00:00+00:00,2026-07-05,bounded,0.0,bounded,0.10453985264159171,KXHIGHAUS-26JUL05-B96.5
-0.00595567623155477,t_plus_16h,aus,KXHIGHAUS-26JUL05,-0.060189561667629746,0.005985484022999337,0.0651859798846955,1.0,0.9368932038834952,2.9807791444566833e-05,0.004996418217065756,1.0,0.9950160431177822,aus|t_plus_16h|bounded,2026-07-05T22:00:00+00:00,2026-07-05,bounded,0.0,bounded,0.05812283923428707,KXHIGHAUS-26JUL05-B96.5
-0.0006910687944839236,t_plus_17h,aus,KXHIGHAUS-26JUL05,-0.019818750902658264,0.0007208765859284905,0.02481516911972402,1.0,0.9754901960784313,2.9807791444566833e-05,0.004996418217065756,1.0,0.9950160431177822,aus|t_plus_17h|bounded,2026-07-05T23:00:00+00:00,2026-07-05,bounded,0.0,bounded,0.019525847039350896,KXHIGHAUS-26JUL05-B96.5
-0.0006910687944839236,t_plus_18h,aus,KXHIGHAUS-26JUL05,-0.019818750902658264,0.0007208765859284905,0.02481516911972402,1.0,0.9754901960784313,2.9807791444566833e-05,0.004996418217065756,1.0,0.9950160431177822,aus|t_plus_18h|bounded,2026-07-06T00:00:00+00:00,2026-07-05,bounded,0.0,bounded,0.019525847039350896,KXHIGHAUS-26JUL05-B96.5
-0.0006910687944839236,t_plus_19h,aus,KXHIGHAUS-26JUL05,-0.019818750902658264,0.0007208765859284905,0.02481516911972402,1.0,0.9754901960784313,2.9807791444566833e-05,0.004996418217065756,1.0,0.9950160431177822,aus|t_plus_19h|bounded,2026-07-06T01:00:00+00:00,2026-07-05,bounded,0.0,bounded,0.019525847039350896,KXHIGHAUS-26JUL05-B96.5
-0.0006910687944839236,t_plus_20h,aus,KXHIGHAUS-26JUL05,-0.019818750902658264,0.0007208765859284905,0.02481516911972402,1.0,0.9754901960784313,2.9807791444566833e-05,0.004996418217065756,1.0,0.9950160431177822,aus|t_plus_20h|bounded,2026-07-06T02:00:00+00:00,2026-07-05,bounded,0.0,bounded,0.019525847039350896,KXHIGHAUS-26JUL05-B96.5
-0.0006910687944839236,t_plus_21h,aus,KXHIGHAUS-26JUL05,-0.019818750902658264,0.0007208765859284905,0.02481516911972402,1.0,0.9754901960784313,2.9807791444566833e-05,0.004996418217065756,1.0,0.9950160431177822,aus|t_plus_21h|bounded,2026-07-06T03:00:00+00:00,2026-07-05,bounded,0.0,bounded,0.019525847039350896,KXHIGHAUS-26JUL05-B96.5
-0.0006910687944839236,t_plus_22h,aus,KXHIGHAUS-26JUL05,-0.019818750902658264,0.0007208765859284905,0.02481516911972402,1.0,0.9754901960784313,2.9807791444566833e-05,0.004996418217065756,1.0,0.9950160431177822,aus|t_plus_22h|bounded,2026-07-06T04:00:00+00:00,2026-07-05,bounded,0.0,bounded,0.019525847039350896,KXHIGHAUS-26JUL05-B96.5
-0.0006910687944839236,t_plus_23h,aus,KXHIGHAUS-26JUL05,-0.019818750902658264,0.0007208765859284905,0.02481516911972402,1.0,0.9754901960784313,2.9807791444566833e-05,0.004996418217065756,1.0,0.9950160431177822,aus|t_plus_23h|bounded,2026-07-06T05:00:00+00:00,2026-07-05,bounded,0.0,bounded,0.019525847039350896,KXHIGHAUS-26JUL05-B96.5
1.267653893734876,t_plus_0h,den,KXHIGHDEN-26JUL05,1.8391052453357468,0.4468768590124924,0.7904104859851522,1.0,0.45365853658536587,1.7145307527473685,2.629515731320899,0.0,0.07211337603361243,den|t_plus_0h|upper_tail,2026-07-05T07:00:00+00:00,2026-07-05,bounded,-1.0,upper_tail,-0.38154516055175347,KXHIGHDEN-26JUL05-T94
0.6183480784469654,t_plus_1h,den,KXHIGHDEN-26JUL05,0.5414186159757518,0.4920517075727141,0.8333765218685959,1.0,0.4345794392523363,1.1103997860196795,1.3747951378443477,0.0,0.25289139837538926,den|t_plus_1h|upper_tail,2026-07-05T08:00:00+00:00,2026-07-05,bounded,-1.0,upper_tail,-0.181688040876947,KXHIGHDEN-26JUL05-T94
0.8983441819948313,t_plus_2h,den,KXHIGHDEN-26JUL05,0.9569240247340469,0.46986103797989986,0.8097347588115553,1.0,0.4449760765550238,1.3682052199747312,1.7666587835456022,0.0,0.17090306004572717,den|t_plus_2h|upper_tail,2026-07-05T09:00:00+00:00,2026-07-05,bounded,-1.0,upper_tail,-0.2740730165092966,KXHIGHDEN-26JUL05-T94
0.8813954121780864,t_plus_3h,den,KXHIGHDEN-26JUL05,0.9466067160576646,0.47480597971658167,0.8314747454479614,1.0,0.43540669856459313,1.356201391894668,1.778081461505626,0.0,0.16896199660512437,den|t_plus_3h|upper_tail,2026-07-05T10:00:00+00:00,2026-07-05,bounded,-1.0,upper_tail,-0.2664447019594688,KXHIGHDEN-26JUL05-T94
0.748127673969571,t_plus_4h,den,KXHIGHDEN-26JUL05,0.7923658985495696,0.6170038974071739,1.001985452979038,0.0,0.3671497584541063,1.365131571376745,1.7943513515286076,0.0,0.16623524562104597,den|t_plus_4h|upper_tail,2026-07-05T11:00:00+00:00,2026-07-05,bounded,0.0,upper_tail,-0.20091451283306033,KXHIGHDEN-26JUL05-T94
0.7497109527805513,t_plus_5h,den,KXHIGHDEN-26JUL05,0.9064649669021814,0.7670154071564298,1.264796808059092,0.0,0.28229665071770327,1.5167263599369811,2.1712617749612733,0.0,0.11403364130418997,den|t_plus_5h|upper_tail,2026-07-05T12:00:00+00:00,2026-07-05,bounded,0.0,upper_tail,-0.1682630094135133,KXHIGHDEN-26JUL05-T94
0.4457701760717566,t_plus_6h,den,KXHIGHDEN-26JUL05,0.34104348337827783,0.6646296099479229,1.0337516544660699,0.0,0.35567010309278313,1.1103997860196795,1.3747951378443477,0.0,0.25289139837538926,den|t_plus_6h|upper_tail,2026-07-05T13:00:00+00:00,2026-07-05,bounded,0.0,upper_tail,-0.10277870471739387,KXHIGHDEN-26JUL05-T94
0.5245113986655513,t_plus_7h,den,KXHIGHDEN-26JUL05,0.4585030752535627,0.5858893515764422,0.9162907318741548,0.0,0.40000000000000013,1.1104007502419935,1.3747938071277175,0.0,0.25289173490240263,den|t_plus_7h|upper_tail,2026-07-05T14:00:00+00:00,2026-07-05,bounded,0.0,upper_tail,-0.1471082650975975,KXHIGHDEN-26JUL05-T94
0.8207038691002753,t_plus_8h,den,KXHIGHDEN-26JUL05,0.9257832109155929,0.5566210588935154,0.8571018604838242,0.0,0.4243902439024391,1.3773249279937907,1.782885071399417,0.0,0.16815231533995198,den|t_plus_8h|upper_tail,2026-07-05T15:00:00+00:00,2026-07-05,bounded,0.0,upper_tail,-0.25623792856248717,KXHIGHDEN-26JUL05-T94
0.8527610262493971,t_plus_9h,den,KXHIGHDEN-26JUL05,0.9695935789974078,0.5245639017443936,0.8132914924020093,0.0,0.443396226415094,1.3773249279937907,1.782885071399417,0.0,0.16815231533995198,den|t_plus_9h|upper_tail,2026-07-05T16:00:00+00:00,2026-07-05,bounded,0.0,upper_tail,-0.275243911075142,KXHIGHDEN-26JUL05-T94
0.9155057752704013,t_plus_10h,den,KXHIGHDEN-26JUL05,1.070689695868777,0.46181915272338936,0.7121953755306402,1.0,0.4905660377358489,1.3773249279937907,1.782885071399417,0.0,0.16815231533995198,den|t_plus_10h|upper_tail,2026-07-05T17:00:00+00:00,2026-07-05,bounded,-1.0,upper_tail,-0.32241372239589694,KXHIGHDEN-26JUL05-T94
0.747847243006087,t_plus_11h,den,KXHIGHDEN-26JUL05,1.468814729286709,1.0003235946745552,1.2944868118667665,0.0,0.2740384615384619,1.7481708376806422,2.7633015411534756,0.0,0.06308315254806439,den|t_plus_11h|upper_tail,2026-07-05T18:00:00+00:00,2026-07-05,bounded,0.0,upper_tail,-0.2109553089903975,KXHIGHDEN-26JUL05-T94
0.9369046079461727,t_plus_12h,den,KXHIGHDEN-26JUL05,1.1226820465588259,0.44042032004761805,0.6602030248405912,1.0,0.5167464114832536,1.3773249279937907,1.782885071399417,0.0,0.16815231533995198,den|t_plus_12h|upper_tail,2026-07-05T19:00:00+00:00,2026-07-05,bounded,-1.0,upper_tail,-0.3485940961433016,KXHIGHDEN-26JUL05-T94
1.0929830128833251,t_plus_13h,den,KXHIGHDEN-26JUL05,1.2375275050489982,0.1779770710059169,0.36772478012531706,1.0,0.6923076923076925,1.270960083889242,1.6052522851743154,0.0,0.20083887984640586,den|t_plus_13h|upper_tail,2026-07-05T20:00:00+00:00,2026-07-05,bounded,-1.0,upper_tail,-0.49146881246128665,KXHIGHDEN-26JUL05-T94
-0.028589906461330673,t_plus_14h,den,KXHIGHDEN-26JUL05,-0.0976423688744536,0.032850895460224794,0.14821594430744361,1.0,0.8622448979591838,0.0042609889988941205,0.05057357543299002,1.0,0.950683979113674,den|t_plus_14h|upper_tail,2026-07-05T21:00:00+00:00,2026-07-05,upper_tail,0.0,upper_tail,0.08843908115449017,KXHIGHDEN-26JUL05-T94
-0.011038681920298506,t_plus_15h,den,KXHIGHDEN-26JUL05,-0.0799134623585524,0.011101499423298713,0.08701137698962969,1.0,0.9166666666666667,6.281750300020734e-05,0.00709791463107728,1.0,0.9929272160712984,den|t_plus_15h|upper_tail,2026-07-05T22:00:00+00:00,2026-07-05,upper_tail,0.0,upper_tail,0.07626054940463167,KXHIGHDEN-26JUL05-T94
-0.0006580590829282832,t_plus_16h,den,KXHIGHDEN-26JUL05,-0.01771725448864674,0.0007208765859284905,0.02481516911972402,1.0,0.9754901960784313,6.281750300020734e-05,0.00709791463107728,1.0,0.9929272160712984,den|t_plus_16h|upper_tail,2026-07-05T23:00:00+00:00,2026-07-05,upper_tail,0.0,upper_tail,0.017437019992867064,KXHIGHDEN-26JUL05-T94
-0.0006909960144880675,t_plus_17h,den,KXHIGHDEN-26JUL05,-0.019812639612605355,0.0007208765859284905,0.02481516911972402,1.0,0.9754901960784313,2.9880571440422984e-05,0.005002529507118667,1.0,0.9950099623047163,den|t_plus_17h|upper_tail,2026-07-06T00:00:00+00:00,2026-07-05,upper_tail,0.0,upper_tail,0.01951976622628493,KXHIGHDEN-26JUL05-T94
-0.0006909960144880675,t_plus_18h,den,KXHIGHDEN-26JUL05,-0.019812639612605355,0.0007208765859284905,0.02481516911972402,1.0,0.9754901960784313,2.9880571440422984e-05,0.005002529507118667,1.0,0.9950099623047163,den|t_plus_18h|upper_tail,2026-07-06T01:00:00+00:00,2026-07-05,upper_tail,0.0,upper_tail,0.01951976622628493,KXHIGHDEN-26JUL05-T94
-0.0006910687944839236,t_plus_19h,den,KXHIGHDEN-26JUL05,-0.019818750902658264,0.0007208765859284905,0.02481516911972402,1.0,0.9754901960784313,2.9807791444566833e-05,0.004996418217065756,1.0,0.9950160431177822,den|t_plus_19h|upper_tail,2026-07-06T02:00:00+00:00,2026-07-05,upper_tail,0.0,upper_tail,0.019525847039350896,KXHIGHDEN-26JUL05-T94
-0.0006910687944839236,t_plus_20h,den,KXHIGHDEN-26JUL05,-0.019818750902658264,0.0007208765859284905,0.02481516911972402,1.0,0.9754901960784313,2.9807791444566833e-05,0.004996418217065756,1.0,0.9950160431177822,den|t_plus_20h|upper_tail,2026-07-06T03:00:00+00:00,2026-07-05,upper_tail,0.0,upper_tail,0.019525847039350896,KXHIGHDEN-26JUL05-T94
-0.0006909960144880675,t_plus_21h,den,KXHIGHDEN-26JUL05,-0.019812639612605355,0.0007208765859284905,0.02481516911972402,1.0,0.9754901960784313,2.9880571440422984e-05,0.005002529507118667,1.0,0.9950099623047163,den|t_plus_21h|upper_tail,2026-07-06T04:00:00+00:00,2026-07-05,upper_tail,0.0,upper_tail,0.01951976622628493,KXHIGHDEN-26JUL05-T94
-0.0006909960144880675,t_plus_22h,den,KXHIGHDEN-26JUL05,-0.019812639612605355,0.0007208765859284905,0.02481516911972402,1.0,0.9754901960784313,2.9880571440422984e-05,0.005002529507118667,1.0,0.9950099623047163,den|t_plus_22h|upper_tail,2026-07-06T05:00:00+00:00,2026-07-05,upper_tail,0.0,upper_tail,0.01951976622628493,KXHIGHDEN-26JUL05-T94
-0.0006909960144880675,t_plus_23h,den,KXHIGHDEN-26JUL05,-0.019812639612605355,0.0007208765859284905,0.02481516911972402,1.0,0.9754901960784313,2.9880571440422984e-05,0.005002529507118667,1.0,0.9950099623047163,den|t_plus_23h|upper_tail,2026-07-06T06:00:00+00:00,2026-07-05,upper_tail,0.0,upper_tail,0.01951976622628493,KXHIGHDEN-26JUL05-T94
-0.25659449790827826,t_plus_0h,la,KXHIGHLAX-26JUL05,-0.4348016895646104,0.4097098611605555,0.7614664245374226,1.0,0.46698113207547165,0.1531153632522773,0.32666473497281223,1.0,0.7213255377177045,la|t_plus_0h|bounded,2026-07-05T08:00:00+00:00,2026-07-05,bounded,0.0,bounded,0.2543444056422328,KXHIGHLAX-26JUL05-B74.5
-0.2971503097452671,t_plus_1h,la,KXHIGHLAX-26JUL05,-0.4960903194216263,0.4380526720492123,0.8072604873273669,1.0,0.44607843137254877,0.14090236230394512,0.3111701679057406,1.0,0.7325892020916074,la|t_plus_1h|bounded,2026-07-05T09:00:00+00:00,2026-07-05,bounded,0.0,bounded,0.2865107707190586,KXHIGHLAX-26JUL05-B74.5
-0.2771592462825908,t_plus_2h,la,KXHIGHLAX-26JUL05,-0.47623228575657045,0.3487844122638798,0.6884633312475178,1.0,0.5023474178403762,0.071625165981289,0.21223104549094735,1.0,0.8087778115112131,la|t_plus_2h|bounded,2026-07-05T10:00:00+00:00,2026-07-05,bounded,0.0,bounded,0.3064303936708369,KXHIGHLAX-26JUL05-B74.5
-0.16228511079779132,t_plus_3h,la,KXHIGHLAX-26JUL05,-0.2827540236026176,0.2999034163653113,0.589684198678311,1.0,0.5545023696682461,0.13761830556752,0.3069301750756934,1.0,0.7357019694481591,la|t_plus_3h|bounded,2026-07-05T11:00:00+00:00,2026-07-05,bounded,0.0,bounded,0.18119959977991307,KXHIGHLAX-26JUL05-B74.5
-0.2535615166963922,t_plus_4h,la,KXHIGHLAX-26JUL05,-0.41859803508352356,0.26505796964841216,0.4995624314872804,1.0,0.6067961165048541,0.011496452952019965,0.08096439640375684,1.0,0.922226525440957,la|t_plus_4h|bounded,2026-07-05T12:00:00+00:00,2026-07-05,bounded,0.0,bounded,0.31543040893610286,KXHIGHLAX-26JUL05-B74.5
-0.29228627722940353,t_plus_5h,la,KXHIGHLAX-26JUL05,-0.4547616377215776,0.3223412448365188,0.5877866649021187,1.0,0.5555555555555557,0.030054967607115315,0.13302502718054113,1.0,0.8754431819600292,la|t_plus_5h|bounded,2026-07-05T13:00:00+00:00,2026-07-05,bounded,0.0,bounded,0.31988762640447355,KXHIGHLAX-26JUL05-B74.5
-0.2754997473638293,t_plus_6h,la,KXHIGHLAX-26JUL05,-0.4434448114658949,0.30670494060538145,0.5791286021590042,1.0,0.5603864734299518,0.031205193241552145,0.13568379069310935,1.0,0.8731186770941998,la|t_plus_6h|bounded,2026-07-05T14:00:00+00:00,2026-07-05,bounded,0.0,bounded,0.3127322036642479,KXHIGHLAX-26JUL05-B74.5
-0.21166641124705077,t_plus_7h,la,KXHIGHLAX-26JUL05,-0.35585805212737104,0.2861570944048881,0.5727346403645378,1.0,0.563981042654028,0.07449068315783734,0.21687658823716677,1.0,0.805029313261451,la|t_plus_7h|bounded,2026-07-05T15:00:00+00:00,2026-07-05,bounded,0.0,bounded,0.24104827060742295,KXHIGHLAX-26JUL05-B74.5
-0.20917274175333428,t_plus_8h,la,KXHIGHLAX-26JUL05,-0.4128056956489799,0.22091612135633587,0.4946962418361076,1.0,0.6097560975609753,0.01174337960300158,0.0818905461871277,1.0,0.9213728009436039,la|t_plus_8h|bounded,2026-07-05T16:00:00+00:00,2026-07-05,bounded,0.0,bounded,0.3116167033826286,KXHIGHLAX-26JUL05-B74.5
-0.1514957113999854,t_plus_9h,la,KXHIGHLAX-26JUL05,-0.2860438560217102,0.22598639455782274,0.5029204442588769,1.0,0.6047619047619051,0.07449068315783734,0.21687658823716677,1.0,0.805029313261451,la|t_plus_9h|bounded,2026-07-05T17:00:00+00:00,2026-07-05,bounded,0.0,bounded,0.20026740849954594,KXHIGHLAX-26JUL05-B74.5
-0.05034493005480019,t_plus_10h,la,KXHIGHLAX-26JUL05,-0.13855183436835072,0.17302593368854377,0.42577037426891073,1.0,0.653266331658291,0.12268100363374358,0.28721853990056,1.0,0.7503477299992763,la|t_plus_10h|bounded,2026-07-05T18:00:00+00:00,2026-07-05,bounded,0.0,bounded,0.09708139834098539,KXHIGHLAX-26JUL05-B74.5
-0.06481487810355396,t_plus_11h,la,KXHIGHLAX-26JUL05,-0.1591711399725654,0.09157228854198589,0.2843207247490767,1.0,0.752525252525252,0.026757410438431918,0.1251495847765113,1.0,0.8823649043553593,la|t_plus_11h|bounded,2026-07-05T19:00:00+00:00,2026-07-05,bounded,0.0,bounded,0.12983965183010726,KXHIGHLAX-26JUL05-B74.5
-0.054395090305540066,t_plus_12h,la,KXHIGHLAX-26JUL05,-0.20757841320295423,0.05445544554455455,0.21451749659444264,1.0,0.8069306930693068,6.035523901448932e-05,0.006939083391488413,1.0,0.9930849364569792,la|t_plus_12h|bounded,2026-07-05T20:00:00+00:00,2026-07-05,bounded,0.0,bounded,0.1861542433876724,KXHIGHLAX-26JUL05-B74.5
-0.08491964832189106,t_plus_13h,la,KXHIGHLAX-26JUL05,-0.11403970625779719,0.22253780407626575,0.4209692946441298,1.0,0.6564102564102563,0.1376181557543747,0.3069295883863326,1.0,0.735702401076804,la|t_plus_13h|bounded,2026-07-05T21:00:00+00:00,2026-07-05,bounded,0.0,bounded,0.07929214466654766,KXHIGHLAX-26JUL05-B74.5
-0.011292573678983215,t_plus_14h,la,KXHIGHLAX-26JUL05,-0.08291227072304241,0.011322419370649954,0.08791187232288002,1.0,0.9158415841584158,2.984569166673777e-05,0.004999601599837603,1.0,0.9950128756058946,la|t_plus_14h|bounded,2026-07-05T22:00:00+00:00,2026-07-05,bounded,0.0,bounded,0.07917129144747881,KXHIGHLAX-26JUL05-B74.5
-0.0006910308942617527,t_plus_15h,la,KXHIGHLAX-26JUL05,-0.019815567519886418,0.0007208765859284905,0.02481516911972402,1.0,0.9754901960784313,2.984569166673777e-05,0.004999601599837603,1.0,0.9950128756058946,la|t_plus_15h|bounded,2026-07-05T23:00:00+00:00,2026-07-05,bounded,0.0,bounded,0.019522679527463227,KXHIGHLAX-26JUL05-B74.5
-0.0006910308942617527,t_plus_16h,la,KXHIGHLAX-26JUL05,-0.019815567519886418,0.0007208765859284905,0.02481516911972402,1.0,0.9754901960784313,2.984569166673777e-05,0.004999601599837603,1.0,0.9950128756058946,la|t_plus_16h|bounded,2026-07-06T00:00:00+00:00,2026-07-05,bounded,0.0,bounded,0.019522679527463227,KXHIGHLAX-26JUL05-B74.5
-0.0006910308942617527,t_plus_17h,la,KXHIGHLAX-26JUL05,-0.019815567519886418,0.0007208765859284905,0.02481516911972402,1.0,0.9754901960784313,2.984569166673777e-05,0.004999601599837603,1.0,0.9950128756058946,la|t_plus_17h|bounded,2026-07-06T01:00:00+00:00,2026-07-05,bounded,0.0,bounded,0.019522679527463227,KXHIGHLAX-26JUL05-B74.5
-0.0006910308942617527,t_plus_18h,la,KXHIGHLAX-26JUL05,-0.019815567519886418,0.0007208765859284905,0.02481516911972402,1.0,0.9754901960784313,2.984569166673777e-05,0.004999601599837603,1.0,0.9950128756058946,la|t_plus_18h|bounded,2026-07-06T02:00:00+00:00,2026-07-05,bounded,0.0,bounded,0.019522679527463227,KXHIGHLAX-26JUL05-B74.5
-0.0006910308942617527,t_plus_19h,la,KXHIGHLAX-26JUL05,-0.019815567519886418,0.0007208765859284905,0.02481516911972402,1.0,0.9754901960784313,2.984569166673777e-05,0.004999601599837603,1.0,0.9950128756058946,la|t_plus_19h|bounded,2026-07-06T03:00:00+00:00,2026-07-05,bounded,0.0,bounded,0.019522679527463227,KXHIGHLAX-26JUL05-B74.5
-0.0006910308942617527,t_plus_20h,la,KXHIGHLAX-26JUL05,-0.019815567519886418,0.0007208765859284905,0.02481516911972402,1.0,0.9754901960784313,2.984569166673777e-05,0.004999601599837603,1.0,0.9950128756058946,la|t_plus_20h|bounded,2026-07-06T04:00:00+00:00,2026-07-05,bounded,0.0,bounded,0.019522679527463227,KXHIGHLAX-26JUL05-B74.5
-0.0006910687944839236,t_plus_21h,la,KXHIGHLAX-26JUL05,-0.019818750902658264,0.0007208765859284905,0.02481516911972402,1.0,0.9754901960784313,2.9807791444566833e-05,0.004996418217065756,1.0,0.9950160431177822,la|t_plus_21h|bounded,2026-07-06T05:00:00+00:00,2026-07-05,bounded,0.0,bounded,0.019525847039350896,KXHIGHLAX-26JUL05-B74.5
-0.0006910687944839236,t_plus_22h,la,KXHIGHLAX-26JUL05,-0.019818750902658264,0.0007208765859284905,0.02481516911972402,1.0,0.9754901960784313,2.9807791444566833e-05,0.004996418217065756,1.0,0.9950160431177822,la|t_plus_22h|bounded,2026-07-06T06:00:00+00:00,2026-07-05,bounded,0.0,bounded,0.019525847039350896,KXHIGHLAX-26JUL05-B74.5
-0.0006910687944839236,t_plus_23h,la,KXHIGHLAX-26JUL05,-0.019818750902658264,0.0007208765859284905,0.02481516911972402,1.0,0.9754901960784313,2.9807791444566833e-05,0.004996418217065756,1.0,0.9950160431177822,la|t_plus_23h|bounded,2026-07-06T07:00:00+00:00,2026-07-05,bounded,0.0,bounded,0.019525847039350896,KXHIGHLAX-26JUL05-B74.5
0.9891674400430044,t_plus_0h,mia,KXHIGHMIA-26JUL05,1.5495491374278663,0.7307230029585807,1.1034315751040595,0.0,0.33173076923076894,1.7198904430015851,2.652980712531926,0.0,0.0704409356482102,mia|t_plus_0h|bounded,2026-07-05T05:00:00+00:00,2026-07-05,bounded,0.0,bounded,-0.26128983358255875,KXHIGHMIA-26JUL05-B93.5
0.08866447727254678,t_plus_1h,mia,KXHIGHMIA-26JUL05,-0.08926344032125333,0.7232400689169844,1.1085133596508214,0.0,0.3300492610837438,0.8119045461895312,1.019249919329568,0.0,0.36086551693207003,mia|t_plus_1h|bounded,2026-07-05T06:00:00+00:00,2026-07-05,bounded,0.0,bounded,0.030816255848326257,KXHIGHMIA-26JUL05-B93.5
-0.004617273337095051,t_plus_2h,mia,KXHIGHMIA-26JUL05,-0.2074142961984371,0.8165218195266263,1.2266642155280052,0.0,0.2932692307692312,0.8119045461895312,1.019249919329568,0.0,0.36086551693207003,mia|t_plus_2h|bounded,2026-07-05T07:00:00+00:00,2026-07-05,bounded,0.0,bounded,0.0675962861628388,KXHIGHMIA-26JUL05-B93.5
-0.015623959114915542,t_plus_3h,mia,KXHIGHMIA-26JUL05,-0.12450509981830793,0.8265516493055559,1.1466215078544708,0.0,0.3177083333333332,0.8109276901906404,1.0221164080361629,0.0,0.35983258115982947,mia|t_plus_3h|bounded,2026-07-05T08:00:00+00:00,2026-07-05,bounded,0.0,bounded,0.042124247826496264,KXHIGHMIA-26JUL05-B93.5
-0.014315028255962314,t_plus_4h,mia,KXHIGHMIA-26JUL05,-0.14687667739374732,0.8252427184466027,1.1689930854299102,0.0,0.31067961165048513,0.8109276901906404,1.0221164080361629,0.0,0.35983258115982947,mia|t_plus_4h|bounded,2026-07-05T09:00:00+00:00,2026-07-05,bounded,0.0,bounded,0.049152969509344335,KXHIGHMIA-26JUL05-B93.5
0.03507469760213999,t_plus_5h,mia,KXHIGHMIA-26JUL05,-0.135680024080572,0.7746964800419243,1.1612833956308841,0.0,0.31308411214953313,0.8097711776440643,1.0256033715503121,0.0,0.3585800431244627,mia|t_plus_5h|bounded,2026-07-05T10:00:00+00:00,2026-07-05,bounded,0.0,bounded,0.045495930974929544,KXHIGHMIA-26JUL05-B93.5
0.24243348557786737,t_plus_6h,mia,KXHIGHMIA-26JUL05,0.10914849851997088,0.8130085059171606,1.1944033533097858,0.0,0.30288461538461525,1.055441991495028,1.3035518518297566,0.0,0.27156551753580543,mia|t_plus_6h|bounded,2026-07-05T11:00:00+00:00,2026-07-05,bounded,0.0,bounded,-0.03131909784880982,KXHIGHMIA-26JUL05-B93.5
0.5379498073618587,t_plus_7h,mia,KXHIGHMIA-26JUL05,2.8582275247391773,1.2563437139561713,2.273597556120795,0.0,0.10294117647058806,1.79429352131803,5.131825080859972,0.0,0.005905772120207787,mia|t_plus_7h|bounded,2026-07-05T12:00:00+00:00,2026-07-05,bounded,0.0,bounded,-0.09703540435038027,KXHIGHMIA-26JUL05-B93.5
0.550318656384079,t_plus_8h,mia,KXHIGHMIA-26JUL05,2.8852038637467503,1.2441752958579873,2.246495626343,0.0,0.105769230769231,1.7944939522420662,5.13169949008975,0.0,0.005906513877255059,mia|t_plus_8h|bounded,2026-07-05T13:00:00+00:00,2026-07-05,bounded,0.0,bounded,-0.09986271689197594,KXHIGHMIA-26JUL05-B93.5
0.5627433125593895,t_plus_9h,mia,KXHIGHMIA-26JUL05,1.9337501267409638,1.1846281975014867,2.0271731131340776,0.0,0.13170731707317096,1.7473715100608762,3.9609232398750414,0.0,0.01904552258628662,mia|t_plus_9h|bounded,2026-07-05T14:00:00+00:00,2026-07-05,bounded,0.0,bounded,-0.11266179448688435,KXHIGHMIA-26JUL05-B93.5
-0.13162822038947375,t_plus_10h,mia,KXHIGHMIA-26JUL05,-0.34010895147618625,0.9161356729732385,1.3379757838490842,0.0,0.26237623762376205,0.7845074525837648,0.997866832372898,0.0,0.3686650272815603,mia|t_plus_10h|bounded,2026-07-05T15:00:00+00:00,2026-07-05,bounded,0.0,bounded,0.10628878965779825,KXHIGHMIA-26JUL05-B93.5
0.5102654718973069,t_plus_11h,mia,KXHIGHMIA-26JUL05,0.5171648366603319,0.10294933431952655,0.29411296278207133,1.0,0.7451923076923077,0.6132148062168334,0.8112777994424032,0.0,0.4442899898551008,mia|t_plus_11h|bounded,2026-07-05T16:00:00+00:00,2026-07-05,bounded,-1.0,bounded,-0.3009023178372069,KXHIGHMIA-26JUL05-B93.5
-0.1430678139387034,t_plus_12h,mia,KXHIGHMIA-26JUL05,-0.26604492561213056,0.15155000000000002,0.33547273628812946,1.0,0.715,0.008482186061296615,0.06942781067599893,1.0,0.9329274783577374,mia|t_plus_12h|bounded,2026-07-05T17:00:00+00:00,2026-07-05,bounded,0.0,bounded,0.2179274783577374,KXHIGHMIA-26JUL05-B93.5
-0.0014312158677127513,t_plus_13h,mia,KXHIGHMIA-26JUL05,-0.02957492584802291,0.001461023659157318,0.03457134406508867,1.0,0.9660194174757282,2.9807791444566833e-05,0.004996418217065756,1.0,0.9950160431177822,mia|t_plus_13h|bounded,2026-07-05T18:00:00+00:00,2026-07-05,bounded,0.0,bounded,0.028996625642054075,KXHIGHMIA-26JUL05-B93.5
-0.0006910687944839236,t_plus_14h,mia,KXHIGHMIA-26JUL05,-0.019818750902658264,0.0007208765859284905,0.02481516911972402,1.0,0.9754901960784313,2.9807791444566833e-05,0.004996418217065756,1.0,0.9950160431177822,mia|t_plus_14h|bounded,2026-07-05T19:00:00+00:00,2026-07-05,bounded,0.0,bounded,0.019525847039350896,KXHIGHMIA-26JUL05-B93.5
-0.0006910687944839236,t_plus_15h,mia,KXHIGHMIA-26JUL05,-0.019818750902658264,0.0007208765859284905,0.02481516911972402,1.0,0.9754901960784313,2.9807791444566833e-05,0.004996418217065756,1.0,0.9950160431177822,mia|t_plus_15h|bounded,2026-07-05T20:00:00+00:00,2026-07-05,bounded,0.0,bounded,0.019525847039350896,KXHIGHMIA-26JUL05-B93.5
-0.0006910687944839236,t_plus_16h,mia,KXHIGHMIA-26JUL05,-0.019818750902658264,0.0007208765859284905,0.02481516911972402,1.0,0.9754901960784313,2.9807791444566833e-05,0.004996418217065756,1.0,0.9950160431177822,mia|t_plus_16h|bounded,2026-07-05T21:00:00+00:00,2026-07-05,bounded,0.0,bounded,0.019525847039350896,KXHIGHMIA-26JUL05-B93.5
-0.0006910687944839236,t_plus_17h,mia,KXHIGHMIA-26JUL05,-0.019818750902658264,0.0007208765859284905,0.02481516911972402,1.0,0.9754901960784313,2.9807791444566833e-05,0.004996418217065756,1.0,0.9950160431177822,mia|t_plus_17h|bounded,2026-07-05T22:00:00+00:00,2026-07-05,bounded,0.0,bounded,0.019525847039350896,KXHIGHMIA-26JUL05-B93.5
-0.0006910687944839236,t_plus_18h,mia,KXHIGHMIA-26JUL05,-0.019818750902658264,0.0007208765859284905,0.02481516911972402,1.0,0.9754901960784313,2.9807791444566833e-05,0.004996418217065756,1.0,0.9950160431177822,mia|t_plus_18h|bounded,2026-07-05T23:00:00+00:00,2026-07-05,bounded,0.0,bounded,0.019525847039350896,KXHIGHMIA-26JUL05-B93.5
-0.0006910687944839236,t_plus_19h,mia,KXHIGHMIA-26JUL05,-0.019818750902658264,0.0007208765859284905,0.02481516911972402,1.0,0.9754901960784313,2.9807791444566833e-05,0.004996418217065756,1.0,0.9950160431177822,mia|t_plus_19h|bounded,2026-07-06T00:00:00+00:00,2026-07-05,bounded,0.0,bounded,0.019525847039350896,KXHIGHMIA-26JUL05-B93.5
-0.0006910687944839236,t_plus_20h,mia,KXHIGHMIA-26JUL05,-0.019818750902658264,0.0007208765859284905,0.02481516911972402,1.0,0.9754901960784313,2.9807791444566833e-05,0.004996418217065756,1.0,0.9950160431177822,mia|t_plus_20h|bounded,2026-07-06T01:00:00+00:00,2026-07-05,bounded,0.0,bounded,0.019525847039350896,KXHIGHMIA-26JUL05-B93.5
-0.0006910687944839236,t_plus_21h,mia,KXHIGHMIA-26JUL05,-0.019818750902658264,0.0007208765859284905,0.02481516911972402,1.0,0.9754901960784313,2.9807791444566833e-05,0.004996418217065756,1.0,0.9950160431177822,mia|t_plus_21h|bounded,2026-07-06T02:00:00+00:00,2026-07-05,bounded,0.0,bounded,0.019525847039350896,KXHIGHMIA-26JUL05-B93.5
-0.0006910687944839236,t_plus_22h,mia,KXHIGHMIA-26JUL05,-0.019818750902658264,0.0007208765859284905,0.02481516911972402,1.0,0.9754901960784313,2.9807791444566833e-05,0.004996418217065756,1.0,0.9950160431177822,mia|t_plus_22h|bounded,2026-07-06T03:00:00+00:00,2026-07-05,bounded,0.0,bounded,0.019525847039350896,KXHIGHMIA-26JUL05-B93.5
-0.0006910687944839236,t_plus_23h,mia,KXHIGHMIA-26JUL05,-0.019818750902658264,0.0007208765859284905,0.02481516911972402,1.0,0.9754901960784313,2.9807791444566833e-05,0.004996418217065756,1.0,0.9950160431177822,mia|t_plus_23h|bounded,2026-07-06T04:00:00+00:00,2026-07-05,bounded,0.0,bounded,0.019525847039350896,KXHIGHMIA-26JUL05-B93.5
1.5416105009275194,t_plus_0h,nyc,KXHIGHNY-26JUL05,2.218752934494668,0.17153259119232675,0.4054651081081646,1.0,0.6666666666666665,1.713143092119846,2.6242180426028328,0.0,0.07249642399079886,nyc|t_plus_0h|lower_tail,2026-07-05T05:00:00+00:00,2026-07-05,bounded,-1.0,lower_tail,-0.5941702426758677,KXHIGHNY-26JUL05-T84
0.3862554353991889,t_plus_1h,nyc,KXHIGHNY-26JUL05,0.36133879132224583,0.18773163226342665,0.41021571086676273,1.0,0.663507109004739,0.5739870676626155,0.7715545021890086,0.0,0.46229387262346083,nyc|t_plus_1h|lower_tail,2026-07-05T06:00:00+00:00,2026-07-05,bounded,-1.0,lower_tail,-0.20121323638127814,KXHIGHNY-26JUL05-T84
1.480781866264933,t_plus_2h,nyc,KXHIGHNY-26JUL05,2.3054503597537517,0.2821510957324105,0.5223294482474751,1.0,0.5931372549019609,1.7629329619973435,2.827779808001227,0.0,0.05914401908731621,nyc|t_plus_2h|lower_tail,2026-07-05T07:00:00+00:00,2026-07-05,bounded,-1.0,lower_tail,-0.5339932358146446,KXHIGHNY-26JUL05-T84
1.4954944627143636,t_plus_3h,nyc,KXHIGHNY-26JUL05,2.1729065463692496,0.21764862940548244,0.45131149623358313,1.0,0.6367924528301886,1.713143092119846,2.6242180426028328,0.0,0.07249642399079886,nyc|t_plus_3h|lower_tail,2026-07-05T08:00:00+00:00,2026-07-05,bounded,-1.0,lower_tail,-0.5642960288393897,KXHIGHNY-26JUL05-T84
1.4934265538570033,t_plus_4h,nyc,KXHIGHNY-26JUL05,2.1701997090776772,0.21971653826284265,0.45401833352515564,1.0,0.635071090047393,1.713143092119846,2.6242180426028328,0.0,0.07249642399079886,nyc|t_plus_4h|lower_tail,2026-07-05T09:00:00+00:00,2026-07-05,bounded,-1.0,lower_tail,-0.5625746660565942,KXHIGHNY-26JUL05-T84
1.172097205723674,t_plus_5h,nyc,KXHIGHNY-26JUL05,2.2476645397935924,0.29849768538736937,0.6038020802240943,1.0,0.5467289719626174,1.4705948911110434,2.851466620017687,0.0,0.05775954741635497,nyc|t_plus_5h|lower_tail,2026-07-05T10:00:00+00:00,2026-07-05,bounded,-1.0,lower_tail,-0.4889694245462624,KXHIGHNY-26JUL05-T84
1.026100532845316,t_plus_6h,nyc,KXHIGHNY-26JUL05,1.1457690779812977,0.15904761904761963,0.39834764033930115,1.0,0.6714285714285709,1.1851481518929357,1.5441167183205988,0.0,0.21350036892679417,nyc|t_plus_6h|lower_tail,2026-07-05T11:00:00+00:00,2026-07-05,bounded,-1.0,lower_tail,-0.4579282025017768,KXHIGHNY-26JUL05-T84
1.2336039797308096,t_plus_7h,nyc,KXHIGHNY-26JUL05,2.3374461053551774,0.2369909113802337,0.5140205146625095,1.0,0.5980861244019141,1.4705948911110434,2.851466620017687,0.0,0.05775954741635497,nyc|t_plus_7h|lower_tail,2026-07-05T12:00:00+00:00,2026-07-05,bounded,-1.0,lower_tail,-0.5403265769855592,KXHIGHNY-26JUL05-T84
1.4535964853653485,t_plus_8h,nyc,KXHIGHNY-26JUL05,2.088296036567135,0.25580916187816194,0.5383132072315542,1.0,0.5837320574162681,1.7094056472435104,2.626609243798689,0.0,0.07232327755154508,nyc|t_plus_8h|lower_tail,2026-07-05T13:00:00+00:00,2026-07-05,bounded,-1.0,lower_tail,-0.511408779864723,KXHIGHNY-26JUL05-T84
1.5058175018096644,t_plus_9h,nyc,KXHIGHNY-26JUL05,2.1715402293950947,0.2073239702139693,0.45267884558842963,1.0,0.6359223300970873,1.7131414720236338,2.6242190749835244,0.0,0.07249634914692916,nyc|t_plus_9h|lower_tail,2026-07-05T14:00:00+00:00,2026-07-05,bounded,-1.0,lower_tail,-0.5634259809501582,KXHIGHNY-26JUL05-T84
1.4984038630949033,t_plus_10h,nyc,KXHIGHNY-26JUL05,2.1823852903237944,0.21473922902494283,0.4418327522790386,1.0,0.6428571428571432,1.713143092119846,2.6242180426028328,0.0,0.07249642399079886,nyc|t_plus_10h|lower_tail,2026-07-05T15:00:00+00:00,2026-07-05,bounded,-1.0,lower_tail,-0.5703607188663444,KXHIGHNY-26JUL05-T84
-0.006445798150303612,t_plus_11h,nyc,KXHIGHNY-26JUL05,-0.013579209748649623,0.04228803472659816,0.16793281934185506,1.0,0.8454106280193237,0.035842236576294546,0.15435360959320543,1.0,0.8569689349910615,nyc|t_plus_11h|lower_tail,2026-07-05T16:00:00+00:00,2026-07-05,lower_tail,0.0,lower_tail,0.011558306971737875,KXHIGHNY-26JUL05-T84
1.2521412592474261,t_plus_12h,nyc,KXHIGHNY-26JUL05,1.45870572500758,0.06994999999999998,0.2294131643278051,1.0,0.795,1.322091259247426,1.688118889335385,0.0,0.18486695231050868,nyc|t_plus_12h|lower_tail,2026-07-05T17:00:00+00:00,2026-07-05,bounded,-1.0,lower_tail,-0.6101330476894914,KXHIGHNY-26JUL05-T84
-0.0013903018344888912,t_plus_13h,nyc,KXHIGHNY-26JUL05,-0.0030385641582241774,0.03723253841078344,0.1573921737514296,1.0,0.8543689320388347,0.035842236576294546,0.15435360959320543,1.0,0.8569689349910615,nyc|t_plus_13h|lower_tail,2026-07-05T18:00:00+00:00,2026-07-05,lower_tail,0.0,lower_tail,0.002600002952226843,KXHIGHNY-26JUL05-T84
-0.004076700175520177,t_plus_14h,nyc,KXHIGHNY-26JUL05,-0.00873658527286203,0.039918936751814724,0.16309019486606746,1.0,0.8495145631067957,0.035842236576294546,0.15435360959320543,1.0,0.8569689349910615,nyc|t_plus_14h|lower_tail,2026-07-05T19:00:00+00:00,2026-07-05,lower_tail,0.0,lower_tail,0.007454371884265787,KXHIGHNY-26JUL05-T84
-0.0026328673462622408,t_plus_15h,nyc,KXHIGHNY-26JUL05,-0.018890572347444658,0.004350000000000006,0.05657035148839435,1.0,0.945,0.001717132653737765,0.03767977914094969,1.0,0.9630212710203853,nyc|t_plus_15h|lower_tail,2026-07-05T20:00:00+00:00,2026-07-05,lower_tail,0.0,lower_tail,0.01802127102038531,KXHIGHNY-26JUL05-T84
0.0002273210428188877,t_plus_16h,nyc,KXHIGHNY-26JUL05,0.0027635140347217063,0.0014898116109188773,0.03491626510622799,1.0,0.9656862745098038,0.001717132653737765,0.03767977914094969,1.0,0.9630212710203853,nyc|t_plus_16h|lower_tail,2026-07-05T21:00:00+00:00,2026-07-05,lower_tail,0.0,lower_tail,-0.0026650034894185604,KXHIGHNY-26JUL05-T84
-0.0006910518530347218,t_plus_17h,nyc,KXHIGHNY-26JUL05,-0.019817327677637147,0.0007208765859284905,0.02481516911972402,1.0,0.9754901960784313,2.9824732893768715e-05,0.004997841442086874,1.0,0.995014626987061,nyc|t_plus_17h|lower_tail,2026-07-05T22:00:00+00:00,2026-07-05,lower_tail,0.0,lower_tail,0.019524430908629653,KXHIGHNY-26JUL05-T84
-0.0006910687944839236,t_plus_18h,nyc,KXHIGHNY-26JUL05,-0.019818750902658264,0.0007208765859284905,0.02481516911972402,1.0,0.9754901960784313,2.9807791444566833e-05,0.004996418217065756,1.0,0.9950160431177822,nyc|t_plus_18h|lower_tail,2026-07-05T23:00:00+00:00,2026-07-05,lower_tail,0.0,lower_tail,0.019525847039350896,KXHIGHNY-26JUL05-T84
-0.0006910687944839236,t_plus_19h,nyc,KXHIGHNY-26JUL05,-0.019818750902658264,0.0007208765859284905,0.02481516911972402,1.0,0.9754901960784313,2.9807791444566833e-05,0.004996418217065756,1.0,0.9950160431177822,nyc|t_plus_19h|lower_tail,2026-07-06T00:00:00+00:00,2026-07-05,lower_tail,0.0,lower_tail,0.019525847039350896,KXHIGHNY-26JUL05-T84
-0.0006910687944839236,t_plus_20h,nyc,KXHIGHNY-26JUL05,-0.019818750902658264,0.0007208765859284905,0.02481516911972402,1.0,0.9754901960784313,2.9807791444566833e-05,0.004996418217065756,1.0,0.9950160431177822,nyc|t_plus_20h|lower_tail,2026-07-06T01:00:00+00:00,2026-07-05,lower_tail,0.0,lower_tail,0.019525847039350896,KXHIGHNY-26JUL05-T84
-0.0006910687944839236,t_plus_21h,nyc,KXHIGHNY-26JUL05,-0.019818750902658264,0.0007208765859284905,0.02481516911972402,1.0,0.9754901960784313,2.9807791444566833e-05,0.004996418217065756,1.0,0.9950160431177822,nyc|t_plus_21h|lower_tail,2026-07-06T02:00:00+00:00,2026-07-05,lower_tail,0.0,lower_tail,0.019525847039350896,KXHIGHNY-26JUL05-T84
-0.0006910687944839236,t_plus_22h,nyc,KXHIGHNY-26JUL05,-0.019818750902658264,0.0007208765859284905,0.02481516911972402,1.0,0.9754901960784313,2.9807791444566833e-05,0.004996418217065756,1.0,0.9950160431177822,nyc|t_plus_22h|lower_tail,2026-07-06T03:00:00+00:00,2026-07-05,lower_tail,0.0,lower_tail,0.019525847039350896,KXHIGHNY-26JUL05-T84
-0.0006910687944839236,t_plus_23h,nyc,KXHIGHNY-26JUL05,-0.019818750902658264,0.0007208765859284905,0.02481516911972402,1.0,0.9754901960784313,2.9807791444566833e-05,0.004996418217065756,1.0,0.9950160431177822,nyc|t_plus_23h|lower_tail,2026-07-06T04:00:00+00:00,2026-07-05,lower_tail,0.0,lower_tail,0.019525847039350896,KXHIGHNY-26JUL05-T84
0.790597449380725,t_plus_0h,okc,KXHIGHTOKC-26JUL05,1.9400171190558242,0.5970596662919619,1.1271856611121664,1.0,0.3239436619718307,1.387657115672687,3.0672027801679906,0.0,0.0465511868116182,okc|t_plus_0h|lower_tail,2026-07-05T06:00:00+00:00,2026-07-05,bounded,-1.0,lower_tail,-0.27739247516021254,KXHIGHTOKC-26JUL05-T90
0.7429105592136466,t_plus_1h,okc,KXHIGHTOKC-26JUL05,2.62943384974394,0.6861930325015161,1.2914151229296469,1.0,0.2748815165876778,1.4291035917151627,3.9208489726735865,0.0,0.019824257345375403,okc|t_plus_1h|lower_tail,2026-07-05T07:00:00+00:00,2026-07-05,bounded,-1.0,lower_tail,-0.2550572592423024,KXHIGHTOKC-26JUL05-T90
0.9307825304739126,t_plus_2h,okc,KXHIGHTOKC-26JUL05,2.170057986551247,0.6681119803940054,1.2503387248838622,1.0,0.2864077669902911,1.598894510867918,3.420396711435109,0.0,0.032699460115809785,okc|t_plus_2h|lower_tail,2026-07-05T08:00:00+00:00,2026-07-05,bounded,-1.0,lower_tail,-0.2537083068744813,KXHIGHTOKC-26JUL05-T90
0.9392942269916328,t_plus_3h,okc,KXHIGHTOKC-26JUL05,2.188936323643609,0.6596002838762852,1.2314603877915,1.0,0.2918660287081339,1.598894510867918,3.420396711435109,0.0,0.032699460115809785,okc|t_plus_3h|lower_tail,2026-07-05T09:00:00+00:00,2026-07-05,bounded,-1.0,lower_tail,-0.2591665685923241,KXHIGHTOKC-26JUL05-T90
1.0742703336508734,t_plus_4h,okc,KXHIGHTOKC-26JUL05,1.9875636640523953,0.69937414266118,1.2977409637784463,0.0,0.273148148148148,1.7736444763120534,3.2853046278308415,0.0,0.03742918138621637,okc|t_plus_4h|lower_tail,2026-07-05T10:00:00+00:00,2026-07-05,bounded,0.0,lower_tail,-0.2357189667619316,KXHIGHTOKC-26JUL05-T90
1.0810067198415378,t_plus_5h,okc,KXHIGHTOKC-26JUL05,1.589430427044258,0.5788974850668954,1.070832724561033,1.0,0.342723004694836,1.6599042049084334,2.660263151605291,0.0,0.06992981717951764,okc|t_plus_5h|lower_tail,2026-07-05T11:00:00+00:00,2026-07-05,bounded,-1.0,lower_tail,-0.2727931875153184,KXHIGHTOKC-26JUL05-T90
0.8589051251190385,t_plus_6h,okc,KXHIGHTOKC-26JUL05,4.8882502523796685,1.020202020202021,1.9924301646902083,0.0,0.13636363636363608,1.8791071453210595,6.880680417069876,0.0,0.0010274447163607127,okc|t_plus_6h|lower_tail,2026-07-05T12:00:00+00:00,2026-07-05,bounded,0.0,lower_tail,-0.13533619164727537,KXHIGHTOKC-26JUL05-T90
0.8570242690112064,t_plus_7h,okc,KXHIGHTOKC-26JUL05,4.895077211572237,1.018990440361771,1.9873668627336576,0.0,0.13705583756345202,1.8760147093729775,6.882444074305894,0.0,0.0010256342530397483,okc|t_plus_7h|lower_tail,2026-07-05T13:00:00+00:00,2026-07-05,bounded,0.0,lower_tail,-0.13603020331041227,KXHIGHTOKC-26JUL05-T90
1.0065644796687807,t_plus_8h,okc,KXHIGHTOKC-26JUL05,2.0164554920938347,0.8067123005425698,1.4711332410569198,0.0,0.22966507177033502,1.8132767802113505,3.4875887331507545,0.0,0.030574506653673096,okc|t_plus_8h|lower_tail,2026-07-05T14:00:00+00:00,2026-07-05,bounded,0.0,lower_tail,-0.19909056511666193,KXHIGHTOKC-26JUL05-T90
0.9689890159341226,t_plus_9h,okc,KXHIGHTOKC-26JUL05,1.9522961509123513,0.7545765532544384,1.367246166149197,0.0,0.25480769230769207,1.723565569188561,3.3195423170615483,0.0,0.036169382075427914,okc|t_plus_9h|lower_tail,2026-07-05T15:00:00+00:00,2026-07-05,bounded,0.0,lower_tail,-0.21863831023226415,KXHIGHTOKC-26JUL05-T90
0.9561707089004297,t_plus_10h,okc,KXHIGHTOKC-26JUL05,1.9546892445496589,0.7710798385026492,1.3624268797132477,0.0,0.25603864734299503,1.7272505474030788,3.3171161242629066,0.0,0.0362572425098287,okc|t_plus_10h|lower_tail,2026-07-05T16:00:00+00:00,2026-07-05,bounded,0.0,lower_tail,-0.21978140483316633,KXHIGHTOKC-26JUL05-T90
0.9745898780781382,t_plus_11h,okc,KXHIGHTOKC-26JUL05,2.1029709969598924,0.7977632361689472,1.4109869737102625,0.0,0.24390243902439016,1.7723531142470854,3.513957970670155,0.0,0.029778817193341307,okc|t_plus_11h|lower_tail,2026-07-05T17:00:00+00:00,2026-07-05,bounded,0.0,lower_tail,-0.21412362183104885,KXHIGHTOKC-26JUL05-T90
0.990920227010825,t_plus_12h,okc,KXHIGHTOKC-26JUL05,1.6727105378758331,0.6872038939967553,1.2117549447679914,0.0,0.29767441860465105,1.6781241210075803,2.8844654826438245,0.0,0.055884652871441814,okc|t_plus_12h|lower_tail,2026-07-05T18:00:00+00:00,2026-07-05,bounded,0.0,lower_tail,-0.24178976573320923,KXHIGHTOKC-26JUL05-T90
-0.04327904648826181,t_plus_13h,okc,KXHIGHTOKC-26JUL05,-0.12159116729590502,0.30972353497164506,0.6402247791056034,1.0,0.5271739130434779,0.26644448848338326,0.5186336118096984,1.0,0.5953334490685879,okc|t_plus_13h|lower_tail,2026-07-05T19:00:00+00:00,2026-07-05,lower_tail,0.0,lower_tail,0.06815953602510993,KXHIGHTOKC-26JUL05-T90
0.08612287227773047,t_plus_14h,okc,KXHIGHTOKC-26JUL05,0.04090660638356158,0.1520088427527873,0.3981390680160914,1.0,0.6715686274509804,0.23813171503051778,0.439045674399653,1.0,0.6446513348946643,okc|t_plus_14h|lower_tail,2026-07-05T20:00:00+00:00,2026-07-05,lower_tail,0.0,lower_tail,-0.02691729255631614,KXHIGHTOKC-26JUL05-T90
-0.03162569801919244,t_plus_15h,okc,KXHIGHTOKC-26JUL05,-0.12546812747933053,0.03360728921041182,0.16618451939098175,1.0,0.8468899521531101,0.0019815911912193793,0.040716391911651224,1.0,0.9601013838573654,okc|t_plus_15h|lower_tail,2026-07-05T21:00:00+00:00,2026-07-05,lower_tail,0.0,lower_tail,0.1132114317042553,KXHIGHTOKC-26JUL05-T90
0.00019767377715703403,t_plus_16h,okc,KXHIGHTOKC-26JUL05,0.0024116403034917036,0.001519458876580731,0.03526813883745799,1.0,0.9653465346534653,0.001717132653737765,0.03767977914094969,1.0,0.9630212710203853,okc|t_plus_16h|lower_tail,2026-07-05T22:00:00+00:00,2026-07-05,lower_tail,0.0,lower_tail,-0.0023252636330800547,KXHIGHTOKC-26JUL05-T90
0.0009962560678092745,t_plus_17h,okc,KXHIGHTOKC-26JUL05,0.012864610021225673,0.0007208765859284905,0.02481516911972402,1.0,0.9754901960784313,0.001717132653737765,0.03767977914094969,1.0,0.9630212710203853,okc|t_plus_17h|lower_tail,2026-07-05T23:00:00+00:00,2026-07-05,lower_tail,0.0,lower_tail,-0.012468925058046088,KXHIGHTOKC-26JUL05-T90
0.017895350958917953,t_plus_18h,okc,KXHIGHTOKC-26JUL05,0.10814238708284975,0.0007208765859284905,0.02481516911972402,1.0,0.9754901960784313,0.018616227544846445,0.13295755620257377,1.0,0.8755022509603702,okc|t_plus_18h|lower_tail,2026-07-06T00:00:00+00:00,2026-07-05,lower_tail,0.0,lower_tail,-0.0999879451180612,KXHIGHTOKC-26JUL05-T90
-0.0006910518530347218,t_plus_19h,okc,KXHIGHTOKC-26JUL05,-0.019817327677637147,0.0007208765859284905,0.02481516911972402,1.0,0.9754901960784313,2.9824732893768715e-05,0.004997841442086874,1.0,0.995014626987061,okc|t_plus_19h|lower_tail,2026-07-06T01:00:00+00:00,2026-07-05,lower_tail,0.0,lower_tail,0.019524430908629653,KXHIGHTOKC-26JUL05-T90
-0.0006910518530347218,t_plus_20h,okc,KXHIGHTOKC-26JUL05,-0.019817327677637147,0.0007208765859284905,0.02481516911972402,1.0,0.9754901960784313,2.9824732893768715e-05,0.004997841442086874,1.0,0.995014626987061,okc|t_plus_20h|lower_tail,2026-07-06T02:00:00+00:00,2026-07-05,lower_tail,0.0,lower_tail,0.019524430908629653,KXHIGHTOKC-26JUL05-T90
-0.0006910518530347218,t_plus_21h,okc,KXHIGHTOKC-26JUL05,-0.019817327677637147,0.0007208765859284905,0.02481516911972402,1.0,0.9754901960784313,2.9824732893768715e-05,0.004997841442086874,1.0,0.995014626987061,okc|t_plus_21h|lower_tail,2026-07-06T03:00:00+00:00,2026-07-05,lower_tail,0.0,lower_tail,0.019524430908629653,KXHIGHTOKC-26JUL05-T90
-0.0006910518530347218,t_plus_22h,okc,KXHIGHTOKC-26JUL05,-0.019817327677637147,0.0007208765859284905,0.02481516911972402,1.0,0.9754901960784313,2.9824732893768715e-05,0.004997841442086874,1.0,0.995014626987061,okc|t_plus_22h|lower_tail,2026-07-06T04:00:00+00:00,2026-07-05,lower_tail,0.0,lower_tail,0.019524430908629653,KXHIGHTOKC-26JUL05-T90
-0.0006910518530347218,t_plus_23h,okc,KXHIGHTOKC-26JUL05,-0.019817327677637147,0.0007208765859284905,0.02481516911972402,1.0,0.9754901960784313,2.9824732893768715e-05,0.004997841442086874,1.0,0.995014626987061,okc|t_plus_23h|lower_tail,2026-07-06T05:00:00+00:00,2026-07-05,lower_tail,0.0,lower_tail,0.019524430908629653,KXHIGHTOKC-26JUL05-T90
0.5258534274928117,t_plus_0h,aus,KXHIGHAUS-26JUL06,1.8613604279443439,1.0752046991812032,2.13771044980381,0.0,0.11792452830188697,1.601058126674015,3.999070877748154,0.0,0.01833266426448542,aus|t_plus_0h|bounded,2026-07-06T06:00:00+00:00,2026-07-06,bounded,0.0,bounded,-0.09959186403740156,KXHIGHAUS-26JUL06-B98.5
-0.15739030627406891,t_plus_1h,aus,KXHIGHAUS-26JUL06,-0.35225609508901345,0.694571182966343,1.0986122886681102,0.0,0.33333333333333315,0.5371808766922741,0.7463561935790968,0.0,0.4740909047134087,aus|t_plus_1h|bounded,2026-07-06T07:00:00+00:00,2026-07-06,bounded,0.0,bounded,0.14075757138007555,KXHIGHAUS-26JUL06-B98.5
-0.17394153455033,t_plus_2h,aus,KXHIGHAUS-26JUL06,-0.3007224449738308,0.7111224112426041,1.0470786385529276,0.0,0.3509615384615382,0.5371808766922741,0.7463561935790968,0.0,0.4740909047134087,aus|t_plus_2h|bounded,2026-07-06T08:00:00+00:00,2026-07-06,bounded,0.0,bounded,0.12312936625187049,KXHIGHAUS-26JUL06-B98.5
-0.2475859838321629,t_plus_3h,aus,KXHIGHAUS-26JUL06,-0.3987761107239065,0.784766860524437,1.1451323043030033,0.0,0.31818181818181795,0.5371808766922741,0.7463561935790968,0.0,0.4740909047134087,aus|t_plus_3h|bounded,2026-07-06T09:00:00+00:00,2026-07-06,bounded,0.0,bounded,0.15590908653159075,KXHIGHAUS-26JUL06-B98.5
-0.1591632655134393,t_plus_4h,aus,KXHIGHAUS-26JUL06,-0.37506521923343683,0.8152766210588941,1.2454725352326899,0.0,0.2878048780487802,0.6561133555454548,0.870407315999253,0.0,0.4187809383273561,aus|t_plus_4h|bounded,2026-07-06T10:00:00+00:00,2026-07-06,bounded,0.0,bounded,0.1309760602785759,KXHIGHAUS-26JUL06-B98.5
-0.09415068972056295,t_plus_5h,aus,KXHIGHAUS-26JUL06,-0.37849416507617684,0.8683900226757377,1.3768156171653483,0.0,0.25238095238095204,0.7742393329551748,0.9983214520891714,0.0,0.3684974629833605,aus|t_plus_5h|bounded,2026-07-06T11:00:00+00:00,2026-07-06,bounded,0.0,bounded,0.11611651060240846,KXHIGHAUS-26JUL06-B98.5
-0.1965249975074772,t_plus_6h,aus,KXHIGHAUS-26JUL06,-0.46970004482475614,0.9725180802103883,1.535329940280379,0.0,0.21538461538461529,0.7759930827029111,1.065629895455623,0.0,0.3445107806322586,aus|t_plus_6h|bounded,2026-07-06T12:00:00+00:00,2026-07-06,bounded,0.0,bounded,0.1291261652476433,KXHIGHAUS-26JUL06-B98.5
-0.23557750502389108,t_plus_7h,aus,KXHIGHAUS-26JUL06,-0.5138342248743591,0.9853000000000001,1.491654876777717,0.0,0.225,0.749722494976109,0.9778206519033578,0.0,0.37612992430909314,aus|t_plus_7h|bounded,2026-07-06T13:00:00+00:00,2026-07-06,bounded,0.0,bounded,0.15112992430909314,KXHIGHAUS-26JUL06-B98.5
-0.33297199154346524,t_plus_8h,aus,KXHIGHAUS-26JUL06,-0.5110347957244009,0.8356787789680042,1.2218449290920583,0.0,0.2946859903381641,0.502706787424539,0.7108101333676574,0.0,0.4912460613850221,aus|t_plus_8h|bounded,2026-07-06T14:00:00+00:00,2026-07-06,bounded,0.0,bounded,0.19656007104685796,KXHIGHAUS-26JUL06-B98.5
-0.2510756974455205,t_plus_9h,aus,KXHIGHAUS-26JUL06,-0.3830962642630381,0.7537824848700595,1.0939063976306955,0.0,0.33490566037735897,0.502706787424539,0.7108101333676574,0.0,0.4912460613850221,aus|t_plus_9h|bounded,2026-07-06T15:00:00+00:00,2026-07-06,bounded,0.0,bounded,0.1563404010076631,KXHIGHAUS-26JUL06-B98.5
-0.13171077637732986,t_plus_10h,aus,KXHIGHAUS-26JUL06,-0.3063638873371406,0.8609922263953176,1.255102150848539,0.0,0.285046728971963,0.7292814500179877,0.9487382635113983,0.0,0.38722929668673295,aus|t_plus_10h|bounded,2026-07-06T16:00:00+00:00,2026-07-06,bounded,0.0,bounded,0.10218256771476997,KXHIGHAUS-26JUL06-B98.5
-0.14450539805457574,t_plus_11h,aus,KXHIGHAUS-26JUL06,-0.28749540303276033,0.8737868480725635,1.2362336665441587,0.0,0.2904761904761901,0.7292814500179877,0.9487382635113983,0.0,0.38722929668673295,aus|t_plus_11h|bounded,2026-07-06T17:00:00+00:00,2026-07-06,bounded,0.0,bounded,0.09675310621054284,KXHIGHAUS-26JUL06-B98.5
-0.1755605478746216,t_plus_12h,aus,KXHIGHAUS-26JUL06,-0.35176887473535534,0.9036860879904876,1.3058727938093166,0.0,0.27093596059113295,0.7281255401158659,0.9541039190739613,0.0,0.3851571219165546,aus|t_plus_12h|bounded,2026-07-06T18:00:00+00:00,2026-07-06,bounded,0.0,bounded,0.11422116132542165,KXHIGHAUS-26JUL06-B98.5
-0.33732891945954746,t_plus_13h,aus,KXHIGHAUS-26JUL06,-0.6441396427970281,1.1738726948245088,1.7120920664941828,0.0,0.18048780487804897,0.8365437753649614,1.0679524236971547,0.0,0.3437115730650538,aus|t_plus_13h|bounded,2026-07-06T19:00:00+00:00,2026-07-06,bounded,0.0,bounded,0.16322376818700482,KXHIGHAUS-26JUL06-B98.5
0.4150293655789894,t_plus_14h,aus,KXHIGHAUS-26JUL06,1.775120588004584,1.3181860207100582,2.118662254833114,0.0,0.12019230769230806,1.7332153862890476,3.893782842837698,0.0,0.0203681506082578,aus|t_plus_14h|bounded,2026-07-06T20:00:00+00:00,2026-07-06,bounded,0.0,bounded,-0.09982415708405026,KXHIGHAUS-26JUL06-B98.5
0.343776789277046,t_plus_15h,aus,KXHIGHAUS-26JUL06,1.7078833328554,1.514746671597632,2.118662254833115,0.0,0.12019230769230797,1.8585234608746781,3.826545587688515,0.0,0.02178473927267229,aus|t_plus_15h|bounded,2026-07-06T21:00:00+00:00,2026-07-06,bounded,0.0,bounded,-0.09840756841963569,KXHIGHAUS-26JUL06-B98.5
0.0019463784950873512,t_plus_16h,aus,KXHIGHAUS-26JUL06,0.02295924733388723,0.0007279963114853539,0.024938948347252177,1.0,0.9753694581280787,0.002674374806572705,0.047898195681139406,1.0,0.953230825152845,aus|t_plus_16h|bounded,2026-07-06T22:00:00+00:00,2026-07-06,bounded,0.0,bounded,-0.022138632975233774,KXHIGHAUS-26JUL06-B98.5
0.0008794306686787854,t_plus_17h,aus,KXHIGHAUS-26JUL06,0.012386660119877303,0.0007208765859284905,0.02481516911972402,1.0,0.9754901960784313,0.0016003072546072758,0.037201829239601324,1.0,0.9634816569538075,aus|t_plus_17h|bounded,2026-07-06T23:00:00+00:00,2026-07-06,bounded,0.0,bounded,-0.012008539124623852,KXHIGHAUS-26JUL06-B98.5
0.0008794306686787854,t_plus_18h,aus,KXHIGHAUS-26JUL06,0.012386660119877303,0.0007208765859284905,0.02481516911972402,1.0,0.9754901960784313,0.0016003072546072758,0.037201829239601324,1.0,0.9634816569538075,aus|t_plus_18h|bounded,2026-07-07T00:00:00+00:00,2026-07-06,bounded,0.0,bounded,-0.012008539124623852,KXHIGHAUS-26JUL06-B98.5
0.0008794306686787854,t_plus_19h,aus,KXHIGHAUS-26JUL06,0.012386660119877303,0.0007208765859284905,0.02481516911972402,1.0,0.9754901960784313,0.0016003072546072758,0.037201829239601324,1.0,0.9634816569538075,aus|t_plus_19h|bounded,2026-07-07T01:00:00+00:00,2026-07-06,bounded,0.0,bounded,-0.012008539124623852,KXHIGHAUS-26JUL06-B98.5
0.0008794306686787854,t_plus_20h,aus,KXHIGHAUS-26JUL06,0.012386660119877303,0.0007208765859284905,0.02481516911972402,1.0,0.9754901960784313,0.0016003072546072758,0.037201829239601324,1.0,0.9634816569538075,aus|t_plus_20h|bounded,2026-07-07T02:00:00+00:00,2026-07-06,bounded,0.0,bounded,-0.012008539124623852,KXHIGHAUS-26JUL06-B98.5
0.0008794306686787854,t_plus_21h,aus,KXHIGHAUS-26JUL06,0.012386660119877303,0.0007208765859284905,0.02481516911972402,1.0,0.9754901960784313,0.0016003072546072758,0.037201829239601324,1.0,0.9634816569538075,aus|t_plus_21h|bounded,2026-07-07T03:00:00+00:00,2026-07-06,bounded,0.0,bounded,-0.012008539124623852,KXHIGHAUS-26JUL06-B98.5
0.0008794306686787854,t_plus_22h,aus,KXHIGHAUS-26JUL06,0.012386660119877303,0.0007208765859284905,0.02481516911972402,1.0,0.9754901960784313,0.0016003072546072758,0.037201829239601324,1.0,0.9634816569538075,aus|t_plus_22h|bounded,2026-07-07T04:00:00+00:00,2026-07-06,bounded,0.0,bounded,-0.012008539124623852,KXHIGHAUS-26JUL06-B98.5
0.0008794306686787854,t_plus_23h,aus,KXHIGHAUS-26JUL06,0.012386660119877303,0.0007208765859284905,0.02481516911972402,1.0,0.9754901960784313,0.0016003072546072758,0.037201829239601324,1.0,0.9634816569538075,aus|t_plus_23h|bounded,2026-07-07T05:00:00+00:00,2026-07-06,bounded,0.0,bounded,-0.012008539124623852,KXHIGHAUS-26JUL06-B98.5
-0.31796028182633895,t_plus_0h,den,KXHIGHDEN-26JUL06,-0.48566158164229895,0.48916014704496197,0.8852249122992648,1.0,0.4126213592233009,0.17119986521862302,0.39956333065696586,1.0,0.6706128181674194,den|t_plus_0h|bounded,2026-07-06T07:00:00+00:00,2026-07-06,bounded,0.0,bounded,0.25799145894411846,KXHIGHDEN-26JUL06-B96.5
-0.2699033045440813,t_plus_1h,den,KXHIGHDEN-26JUL06,-0.4094443269859698,0.40915243648479827,0.7672551527136676,1.0,0.4642857142857141,0.13924913194071697,0.35781082572769785,1.0,0.6992053341563959,den|t_plus_1h|bounded,2026-07-06T08:00:00+00:00,2026-07-06,bounded,0.0,bounded,0.23491961987068177,KXHIGHDEN-26JUL06-B96.5
-0.2918646585110467,t_plus_2h,den,KXHIGHDEN-26JUL06,-0.4510495917467141,0.35655000000000003,0.6635883783184009,1.0,0.515,0.06468534148895332,0.21253878657168682,1.0,0.8085289556469708,den|t_plus_2h|bounded,2026-07-06T09:00:00+00:00,2026-07-06,bounded,0.0,bounded,0.2935289556469708,KXHIGHDEN-26JUL06-B96.5
-0.3190819715304369,t_plus_3h,den,KXHIGHDEN-26JUL06,-0.48060839398825805,0.3837673130193902,0.6931471805599448,1.0,0.5000000000000002,0.06468534148895332,0.21253878657168682,1.0,0.8085289556469708,den|t_plus_3h|bounded,2026-07-06T10:00:00+00:00,2026-07-06,bounded,0.0,bounded,0.3085289556469706,KXHIGHDEN-26JUL06-B96.5
-0.19547772479321243,t_plus_4h,den,KXHIGHDEN-26JUL06,-0.2918113305548973,0.30997732426303887,0.6197197120051288,1.0,0.5380952380952377,0.11449959946982644,0.3279083814502315,1.0,0.7204290213439146,den|t_plus_4h|bounded,2026-07-06T11:00:00+00:00,2026-07-06,bounded,0.0,bounded,0.18233378324867688,KXHIGHDEN-26JUL06-B96.5
-0.27589433747411596,t_plus_5h,den,KXHIGHDEN-26JUL06,-0.45276541740632814,0.3167531718569782,0.6267721116150727,1.0,0.5343137254901961,0.04085883438286228,0.17400669420874457,1.0,0.8402912725544189,den|t_plus_5h|bounded,2026-07-06T12:00:00+00:00,2026-07-06,bounded,0.0,bounded,0.30597754706422287,KXHIGHDEN-26JUL06-B96.5
-0.21079937695515166,t_plus_6h,den,KXHIGHDEN-26JUL06,-0.2904966916505928,0.3512598917117859,0.6629941423892568,1.0,0.5153061224489801,0.14046051475663424,0.372497450738664,1.0,0.6890114080257845,den|t_plus_6h|bounded,2026-07-06T13:00:00+00:00,2026-07-06,bounded,0.0,bounded,0.17370528557680442,KXHIGHDEN-26JUL06-B96.5
-0.1427660836043294,t_plus_7h,den,KXHIGHDEN-26JUL06,-0.22750599163325042,0.24588713036234888,0.5331825308672669,1.0,0.5867346938775512,0.10312104675801947,0.30567653923401644,1.0,0.7366248501631558,den|t_plus_7h|bounded,2026-07-06T14:00:00+00:00,2026-07-06,bounded,0.0,bounded,0.14989015628560465,KXHIGHDEN-26JUL06-B96.5
-0.18365378851527306,t_plus_8h,den,KXHIGHDEN-26JUL06,-0.2874324956884073,0.28925619834710753,0.5969191484653917,1.0,0.5505050505050504,0.10560240983183447,0.30948665277698445,1.0,0.7338235658399759,den|t_plus_8h|bounded,2026-07-06T15:00:00+00:00,2026-07-06,bounded,0.0,bounded,0.1833185153349255,KXHIGHDEN-26JUL06-B96.5
0.06223784476091446,t_plus_9h,den,KXHIGHDEN-26JUL06,-0.0075692190661637015,0.2380375686052201,0.5125191042723234,1.0,0.5989847715736043,0.30027541336613456,0.5049498852061597,1.0,0.6035358207423971,den|t_plus_9h|bounded,2026-07-06T16:00:00+00:00,2026-07-06,bounded,0.0,bounded,0.004551049168792787,KXHIGHDEN-26JUL06-B96.5
0.0729581490118332,t_plus_10h,den,KXHIGHDEN-26JUL06,0.0081349985097674,0.22731726435430136,0.4968148866963923,1.0,0.6084656084656085,0.30027541336613456,0.5049498852061597,1.0,0.6035358207423971,den|t_plus_10h|bounded,2026-07-06T17:00:00+00:00,2026-07-06,bounded,0.0,bounded,-0.0049297877232113985,KXHIGHDEN-26JUL06-B96.5
-0.14338277113667391,t_plus_11h,den,KXHIGHDEN-26JUL06,-0.2875477116334707,0.168836291913215,0.4209692946441298,1.0,0.6564102564102563,0.025453520776541092,0.1334215830106591,1.0,0.8750960886877649,den|t_plus_11h|bounded,2026-07-06T18:00:00+00:00,2026-07-06,bounded,0.0,bounded,0.2186858322775086,KXHIGHDEN-26JUL06-B96.5
-0.0030091210275043356,t_plus_12h,den,KXHIGHDEN-26JUL06,-0.024715615819334874,0.07523545706371168,0.24981179839637083,1.0,0.7789473684210528,0.07222633603620734,0.22509618257703595,1.0,0.7984394191051053,den|t_plus_12h|bounded,2026-07-06T19:00:00+00:00,2026-07-06,bounded,0.0,bounded,0.019492050684052464,KXHIGHDEN-26JUL06-B96.5
-0.007880929589787786,t_plus_13h,den,KXHIGHDEN-26JUL06,-0.0421320606262146,0.010342123321243032,0.08791187232288002,1.0,0.9158415841584158,0.002461193731455245,0.045779811696665416,1.0,0.9552522744132788,den|t_plus_13h|bounded,2026-07-06T20:00:00+00:00,2026-07-06,bounded,0.0,bounded,0.03941069025486299,KXHIGHDEN-26JUL06-B96.5
-0.014735922046647636,t_plus_14h,den,KXHIGHDEN-26JUL06,-0.06760604755364866,0.01633622930125491,0.10480787679324999,1.0,0.900497512437811,0.0016003072546072758,0.037201829239601324,1.0,0.9634816569538075,den|t_plus_14h|bounded,2026-07-06T21:00:00+00:00,2026-07-06,bounded,0.0,bounded,0.06298414451599654,KXHIGHDEN-26JUL06-B96.5
-0.0025807769437779654,t_plus_15h,den,KXHIGHDEN-26JUL06,-0.018227975699729546,0.004181084198385241,0.05542980493933087,1.0,0.946078431372549,0.0016003072546072758,0.037201829239601324,1.0,0.9634816569538075,den|t_plus_15h|bounded,2026-07-06T22:00:00+00:00,2026-07-06,bounded,0.0,bounded,0.017403225581258508,KXHIGHDEN-26JUL06-B96.5
-0.0025807769437779654,t_plus_16h,den,KXHIGHDEN-26JUL06,-0.018227975699729546,0.004181084198385241,0.05542980493933087,1.0,0.946078431372549,0.0016003072546072758,0.037201829239601324,1.0,0.9634816569538075,den|t_plus_16h|bounded,2026-07-06T23:00:00+00:00,2026-07-06,bounded,0.0,bounded,0.017403225581258508,KXHIGHDEN-26JUL06-B96.5
0.0008794306686787854,t_plus_17h,den,KXHIGHDEN-26JUL06,0.012386660119877303,0.0007208765859284905,0.02481516911972402,1.0,0.9754901960784313,0.0016003072546072758,0.037201829239601324,1.0,0.9634816569538075,den|t_plus_17h|bounded,2026-07-07T00:00:00+00:00,2026-07-06,bounded,0.0,bounded,-0.012008539124623852,KXHIGHDEN-26JUL06-B96.5
0.0008794306686787854,t_plus_18h,den,KXHIGHDEN-26JUL06,0.012386660119877303,0.0007208765859284905,0.02481516911972402,1.0,0.9754901960784313,0.0016003072546072758,0.037201829239601324,1.0,0.9634816569538075,den|t_plus_18h|bounded,2026-07-07T01:00:00+00:00,2026-07-06,bounded,0.0,bounded,-0.012008539124623852,KXHIGHDEN-26JUL06-B96.5
0.0008794306686787854,t_plus_19h,den,KXHIGHDEN-26JUL06,0.012386660119877303,0.0007208765859284905,0.02481516911972402,1.0,0.9754901960784313,0.0016003072546072758,0.037201829239601324,1.0,0.9634816569538075,den|t_plus_19h|bounded,2026-07-07T02:00:00+00:00,2026-07-06,bounded,0.0,bounded,-0.012008539124623852,KXHIGHDEN-26JUL06-B96.5
0.0008794306686787854,t_plus_20h,den,KXHIGHDEN-26JUL06,0.012386660119877303,0.0007208765859284905,0.02481516911972402,1.0,0.9754901960784313,0.0016003072546072758,0.037201829239601324,1.0,0.9634816569538075,den|t_plus_20h|bounded,2026-07-07T03:00:00+00:00,2026-07-06,bounded,0.0,bounded,-0.012008539124623852,KXHIGHDEN-26JUL06-B96.5
0.0008794306686787854,t_plus_21h,den,KXHIGHDEN-26JUL06,0.012386660119877303,0.0007208765859284905,0.02481516911972402,1.0,0.9754901960784313,0.0016003072546072758,0.037201829239601324,1.0,0.9634816569538075,den|t_plus_21h|bounded,2026-07-07T04:00:00+00:00,2026-07-06,bounded,0.0,bounded,-0.012008539124623852,KXHIGHDEN-26JUL06-B96.5
0.0008794306686787854,t_plus_22h,den,KXHIGHDEN-26JUL06,0.012386660119877303,0.0007208765859284905,0.02481516911972402,1.0,0.9754901960784313,0.0016003072546072758,0.037201829239601324,1.0,0.9634816569538075,den|t_plus_22h|bounded,2026-07-07T05:00:00+00:00,2026-07-06,bounded,0.0,bounded,-0.012008539124623852,KXHIGHDEN-26JUL06-B96.5
0.0008794306686787854,t_plus_23h,den,KXHIGHDEN-26JUL06,0.012386660119877303,0.0007208765859284905,0.02481516911972402,1.0,0.9754901960784313,0.0016003072546072758,0.037201829239601324,1.0,0.9634816569538075,den|t_plus_23h|bounded,2026-07-07T06:00:00+00:00,2026-07-06,bounded,0.0,bounded,-0.012008539124623852,KXHIGHDEN-26JUL06-B96.5
-0.14288033207958423,t_plus_0h,la,KXHIGHLAX-26JUL06,-0.2671213228432968,0.33815180365097336,0.6564458137095167,1.0,0.5186915887850471,0.19527147157138913,0.3893244908662199,1.0,0.6775143871105537,la|t_plus_0h|bounded,2026-07-06T08:00:00+00:00,2026-07-06,bounded,0.0,bounded,0.1588227983255066,KXHIGHLAX-26JUL06-B74.5
-0.19346210924101145,t_plus_1h,la,KXHIGHLAX-26JUL06,-0.3350001263172026,0.23487129221218742,0.5044050559630685,1.0,0.6038647342995166,0.04140918297117596,0.1694049296458659,1.0,0.8441670059217369,la|t_plus_1h|bounded,2026-07-06T09:00:00+00:00,2026-07-06,bounded,0.0,bounded,0.2403022716222203,KXHIGHLAX-26JUL06-B74.5
-0.21022851464433595,t_plus_2h,la,KXHIGHLAX-26JUL06,-0.3762895197709482,0.2516376976155119,0.5456944494168141,1.0,0.5794392523364489,0.04140918297117596,0.1694049296458659,1.0,0.8441670059217369,la|t_plus_2h|bounded,2026-07-06T10:00:00+00:00,2026-07-06,bounded,0.0,bounded,0.264727753585288,KXHIGHLAX-26JUL06-B74.5
-0.12408264133406854,t_plus_3h,la,KXHIGHLAX-26JUL06,-0.24709741896245108,0.23366856532573854,0.528272537369711,1.0,0.5896226415094341,0.10958592399167,0.28117511840725995,1.0,0.7548961276970086,la|t_plus_3h|bounded,2026-07-06T11:00:00+00:00,2026-07-06,bounded,0.0,bounded,0.16527348618757454,KXHIGHLAX-26JUL06-B74.5
-0.13533859537566345,t_plus_4h,la,KXHIGHLAX-26JUL06,-0.26430351290154286,0.23392948142396064,0.5340824859302576,1.0,0.5862068965517243,0.0985908860482972,0.2697789730287148,1.0,0.7635482404424611,la|t_plus_4h|bounded,2026-07-06T12:00:00+00:00,2026-07-06,bounded,0.0,bounded,0.17734134389073675,KXHIGHLAX-26JUL06-B74.5
-0.1363690649531037,t_plus_5h,la,KXHIGHLAX-26JUL06,-0.23366538621930544,0.24848072562358256,0.5513169851207272,1.0,0.5761904761904764,0.11211166067047888,0.3176515989014218,1.0,0.7278563301899595,la|t_plus_5h|bounded,2026-07-06T13:00:00+00:00,2026-07-06,bounded,0.0,bounded,0.15166585399948318,KXHIGHLAX-26JUL06-B74.5
-0.05258169270886849,t_plus_6h,la,KXHIGHLAX-26JUL06,-0.12360874163392827,0.1405015024873112,0.3733238988963678,1.0,0.6884422110552761,0.0879198097784427,0.24971515726243954,1.0,0.7790226504156199,la|t_plus_6h|bounded,2026-07-06T14:00:00+00:00,2026-07-06,bounded,0.0,bounded,0.09058043936034377,KXHIGHLAX-26JUL06-B74.5
-0.20123828270406782,t_plus_7h,la,KXHIGHLAX-26JUL06,-0.3335448945374644,0.24633135688285512,0.5140205146625096,1.0,0.598086124401914,0.04509307417878731,0.18047562012504526,1.0,0.8348730345490157,la|t_plus_7h|bounded,2026-07-06T15:00:00+00:00,2026-07-06,bounded,0.0,bounded,0.23678691014710174,KXHIGHLAX-26JUL06-B74.5
-0.20309481260834414,t_plus_8h,la,KXHIGHLAX-26JUL06,-0.3581424500147268,0.2344212278106509,0.5092243423990169,1.0,0.6009615384615384,0.03132641520230676,0.15108189238429018,1.0,0.8597772865641824,la|t_plus_8h|bounded,2026-07-06T16:00:00+00:00,2026-07-06,bounded,0.0,bounded,0.25881574810264396,KXHIGHLAX-26JUL06-B74.5
-0.13399351446427327,t_plus_9h,la,KXHIGHLAX-26JUL06,-0.2001587035127503,0.21056767751479288,0.4322633012628885,1.0,0.6490384615384616,0.07657416305051963,0.23210459775013817,1.0,0.7928631872637424,la|t_plus_9h|bounded,2026-07-06T17:00:00+00:00,2026-07-06,bounded,0.0,bounded,0.14382472572528082,KXHIGHLAX-26JUL06-B74.5
-0.3908145065516737,t_plus_10h,la,KXHIGHLAX-26JUL06,-0.4735046116423336,0.5857932880482821,0.8624880258811793,0.0,0.42211055276381887,0.1949787814966084,0.38898341423884575,1.0,0.6777455108459183,la|t_plus_10h|bounded,2026-07-06T18:00:00+00:00,2026-07-06,bounded,1.0,bounded,0.2556349580820994,KXHIGHLAX-26JUL06-B74.5
0.22762430243080037,t_plus_11h,la,KXHIGHLAX-26JUL06,0.20089876336820178,0.22282900417746018,0.4575214700642173,1.0,0.6328502415458939,0.45045330660826055,0.6584202334324191,1.0,0.5176684842333159,la|t_plus_11h|bounded,2026-07-06T19:00:00+00:00,2026-07-06,bounded,0.0,bounded,-0.11518175731257796,KXHIGHLAX-26JUL06-B74.5
0.2850415825098227,t_plus_12h,la,KXHIGHLAX-26JUL06,0.3224649225928706,0.11101499423298698,0.28116739143058683,1.0,0.754901960784314,0.3960565767428097,0.6036323140234574,1.0,0.5468217959419298,la|t_plus_12h|bounded,2026-07-06T20:00:00+00:00,2026-07-06,bounded,0.0,bounded,-0.20808016484238423,KXHIGHLAX-26JUL06-B74.5
-0.01686063851125743,t_plus_13h,la,KXHIGHLAX-26JUL06,-0.06774401460032181,0.019321832242712673,0.11352382629698722,1.0,0.8926829268292683,0.002461193731455245,0.045779811696665416,1.0,0.9552522744132788,la|t_plus_13h|bounded,2026-07-06T21:00:00+00:00,2026-07-06,bounded,0.0,bounded,0.06256934758401045,KXHIGHLAX-26JUL06-B74.5
0.0008327494334761658,t_plus_14h,la,KXHIGHLAX-26JUL06,0.009646579377287162,0.0014898116109188773,0.03491626510622799,1.0,0.9656862745098038,0.002322561044395043,0.04456284448351515,1.0,0.9564154927672648,la|t_plus_14h|bounded,2026-07-06T22:00:00+00:00,2026-07-06,bounded,0.0,bounded,-0.009270781742539036,KXHIGHLAX-26JUL06-B74.5
0.0016016844584665526,t_plus_15h,la,KXHIGHLAX-26JUL06,0.01974767536379113,0.0007208765859284905,0.02481516911972402,1.0,0.9754901960784313,0.002322561044395043,0.04456284448351515,1.0,0.9564154927672648,la|t_plus_15h|bounded,2026-07-06T23:00:00+00:00,2026-07-06,bounded,0.0,bounded,-0.019074703311166563,KXHIGHLAX-26JUL06-B74.5
0.0016016844584665526,t_plus_16h,la,KXHIGHLAX-26JUL06,0.01974767536379113,0.0007208765859284905,0.02481516911972402,1.0,0.9754901960784313,0.002322561044395043,0.04456284448351515,1.0,0.9564154927672648,la|t_plus_16h|bounded,2026-07-07T00:00:00+00:00,2026-07-06,bounded,0.0,bounded,-0.019074703311166563,KXHIGHLAX-26JUL06-B74.5
0.0016016844584665526,t_plus_17h,la,KXHIGHLAX-26JUL06,0.01974767536379113,0.0007208765859284905,0.02481516911972402,1.0,0.9754901960784313,0.002322561044395043,0.04456284448351515,1.0,0.9564154927672648,la|t_plus_17h|bounded,2026-07-07T01:00:00+00:00,2026-07-06,bounded,0.0,bounded,-0.019074703311166563,KXHIGHLAX-26JUL06-B74.5
0.0008794306686787854,t_plus_18h,la,KXHIGHLAX-26JUL06,0.012386660119877303,0.0007208765859284905,0.02481516911972402,1.0,0.9754901960784313,0.0016003072546072758,0.037201829239601324,1.0,0.9634816569538075,la|t_plus_18h|bounded,2026-07-07T02:00:00+00:00,2026-07-06,bounded,0.0,bounded,-0.012008539124623852,KXHIGHLAX-26JUL06-B74.5
0.0008794306686787854,t_plus_19h,la,KXHIGHLAX-26JUL06,0.012386660119877303,0.0007208765859284905,0.02481516911972402,1.0,0.9754901960784313,0.0016003072546072758,0.037201829239601324,1.0,0.9634816569538075,la|t_plus_19h|bounded,2026-07-07T03:00:00+00:00,2026-07-06,bounded,0.0,bounded,-0.012008539124623852,KXHIGHLAX-26JUL06-B74.5
0.0008794306686787854,t_plus_20h,la,KXHIGHLAX-26JUL06,0.012386660119877303,0.0007208765859284905,0.02481516911972402,1.0,0.9754901960784313,0.0016003072546072758,0.037201829239601324,1.0,0.9634816569538075,la|t_plus_20h|bounded,2026-07-07T04:00:00+00:00,2026-07-06,bounded,0.0,bounded,-0.012008539124623852,KXHIGHLAX-26JUL06-B74.5
0.0008794306686787854,t_plus_21h,la,KXHIGHLAX-26JUL06,0.012386660119877303,0.0007208765859284905,0.02481516911972402,1.0,0.9754901960784313,0.0016003072546072758,0.037201829239601324,1.0,0.9634816569538075,la|t_plus_21h|bounded,2026-07-07T05:00:00+00:00,2026-07-06,bounded,0.0,bounded,-0.012008539124623852,KXHIGHLAX-26JUL06-B74.5
0.0008794306686787854,t_plus_22h,la,KXHIGHLAX-26JUL06,0.012386660119877303,0.0007208765859284905,0.02481516911972402,1.0,0.9754901960784313,0.0016003072546072758,0.037201829239601324,1.0,0.9634816569538075,la|t_plus_22h|bounded,2026-07-07T06:00:00+00:00,2026-07-06,bounded,0.0,bounded,-0.012008539124623852,KXHIGHLAX-26JUL06-B74.5
0.0008794306686787854,t_plus_23h,la,KXHIGHLAX-26JUL06,0.012386660119877303,0.0007208765859284905,0.02481516911972402,1.0,0.9754901960784313,0.0016003072546072758,0.037201829239601324,1.0,0.9634816569538075,la|t_plus_23h|bounded,2026-07-07T07:00:00+00:00,2026-07-06,bounded,0.0,bounded,-0.012008539124623852,KXHIGHLAX-26JUL06-B74.5
0.47181405380719255,t_plus_0h,mia,KXHIGHMIA-26JUL06,0.8878002275392152,0.6787669010275829,1.1659454087366974,0.0,0.311627906976744,1.1505809548347754,2.0537456362759126,0.0,0.1282536113983939,mia|t_plus_0h|bounded,2026-07-06T05:00:00+00:00,2026-07-06,bounded,0.0,bounded,-0.18337429557835008,KXHIGHMIA-26JUL06-B93.5
0.24574146212282988,t_plus_1h,mia,KXHIGHMIA-26JUL06,0.14734047406580064,0.8705668934240353,1.3958638121360394,0.0,0.24761904761904813,1.1163083555468651,1.54320428620184,0.0,0.21369526242079037,mia|t_plus_1h|bounded,2026-07-06T06:00:00+00:00,2026-07-06,bounded,0.0,bounded,-0.033923785198257755,KXHIGHMIA-26JUL06-B93.5
0.4170947138440527,t_plus_2h,mia,KXHIGHMIA-26JUL06,1.1601103937556911,0.884484871335658,1.436055870678954,0.0,0.23786407766990303,1.3015795851797107,2.596166264434645,0.0,0.07455886998989,mia|t_plus_2h|bounded,2026-07-06T07:00:00+00:00,2026-07-06,bounded,0.0,bounded,-0.16330520768001303,KXHIGHMIA-26JUL06-B93.5
0.568818956546653,t_plus_3h,mia,KXHIGHMIA-26JUL06,0.6037862226807831,0.6957651210665614,1.0741611928039447,0.0,0.34158415841584183,1.2645840776132145,1.6779474154847278,0.0,0.18675691725183205,mia|t_plus_3h|bounded,2026-07-06T08:00:00+00:00,2026-07-06,bounded,0.0,bounded,-0.15482724116400978,KXHIGHMIA-26JUL06-B93.5
-0.0070966349281603724,t_plus_4h,mia,KXHIGHMIA-26JUL06,-0.06180215384852317,0.774478606259014,1.1228265467887042,0.0,0.3253588516746412,0.7673819713308536,1.061024392940181,0.0,0.3461010851638688,mia|t_plus_4h|bounded,2026-07-06T09:00:00+00:00,2026-07-06,bounded,0.0,bounded,0.0207422334892276,KXHIGHMIA-26JUL06-B93.5
0.06556197310080392,t_plus_5h,mia,KXHIGHMIA-26JUL06,0.08444051817578879,0.70615,1.1239300966523995,0.0,0.325,0.771711973100804,1.2083706148281883,0.0,0.29868355371173316,mia|t_plus_5h|bounded,2026-07-06T10:00:00+00:00,2026-07-06,bounded,0.0,bounded,-0.026316446288266848,KXHIGHMIA-26JUL06-B93.5
0.41867474179617503,t_plus_6h,mia,KXHIGHMIA-26JUL06,0.6155716977442789,0.7583141099577088,1.2072461296709056,0.0,0.29901960784313714,1.1769888517538838,1.8228178274151845,0.0,0.16156983298165725,mia|t_plus_6h|bounded,2026-07-06T11:00:00+00:00,2026-07-06,bounded,0.0,bounded,-0.13744977486147988,KXHIGHMIA-26JUL06-B93.5
0.13967550937397,t_plus_7h,mia,KXHIGHMIA-26JUL06,0.017828799498794234,0.7420345318618725,1.1821990047763753,0.0,0.30660377358490565,0.8817100412358425,1.2000278042751695,0.0,0.3011858375418768,mia|t_plus_7h|bounded,2026-07-06T12:00:00+00:00,2026-07-06,bounded,0.0,bounded,-0.00541793604302887,KXHIGHMIA-26JUL06-B93.5
0.4263798554932605,t_plus_8h,mia,KXHIGHMIA-26JUL06,0.4749434975203015,0.8226096291628748,1.2218449290920588,0.0,0.29468599033816395,1.2489894846561354,1.6967884266123603,0.0,0.18327116872384575,mia|t_plus_8h|bounded,2026-07-06T13:00:00+00:00,2026-07-06,bounded,0.0,bounded,-0.1114148216143182,KXHIGHMIA-26JUL06-B93.5
0.4219884222031104,t_plus_9h,mia,KXHIGHMIA-26JUL06,1.3312018672567116,0.8786430148753918,1.3619622604603603,0.0,0.2561576354679802,1.3006314370785022,2.693164127717072,0.0,0.06766649485386868,mia|t_plus_9h|bounded,2026-07-06T14:00:00+00:00,2026-07-06,bounded,0.0,bounded,-0.18849114061411154,KXHIGHMIA-26JUL06-B93.5
0.1816305857933711,t_plus_10h,mia,KXHIGHMIA-26JUL06,0.7178619611521166,1.1120970507544572,1.941291203199016,0.0,0.14351851851851893,1.2937276365478283,2.6591531643511326,0.0,0.07000748148049062,mia|t_plus_10h|bounded,2026-07-06T15:00:00+00:00,2026-07-06,bounded,0.0,bounded,-0.07351103703802832,KXHIGHMIA-26JUL06-B93.5
0.16383556014111078,t_plus_11h,mia,KXHIGHMIA-26JUL06,2.6689162257247983,1.3132333435363739,2.8903717578961645,0.0,0.05555555555555557,1.4770689036774847,5.559287983620963,0.0,0.0038515177652784184,mia|t_plus_11h|bounded,2026-07-06T16:00:00+00:00,2026-07-06,bounded,0.0,bounded,-0.05170403779027716,KXHIGHMIA-26JUL06-B93.5
0.3207425486026618,t_plus_12h,mia,KXHIGHMIA-26JUL06,2.1550726582817386,1.3487426035502958,2.9396428069029477,0.0,0.05288461538461538,1.6694851521529577,5.094715465184686,0.0,0.006129050314968567,mia|t_plus_12h|bounded,2026-07-06T17:00:00+00:00,2026-07-06,bounded,0.0,bounded,-0.04675556506964681,KXHIGHMIA-26JUL06-B93.5
-0.12308481269922811,t_plus_13h,mia,KXHIGHMIA-26JUL06,-0.259115656124161,1.4507891383197717,2.012430831396874,0.0,0.1336633663366339,1.3277043256205436,1.7533151752727132,0.0,0.1731988062371586,mia|t_plus_13h|bounded,2026-07-06T18:00:00+00:00,2026-07-06,bounded,0.0,bounded,0.039535439900524716,KXHIGHMIA-26JUL06-B93.5
0.0010514804201589298,t_plus_14h,mia,KXHIGHMIA-26JUL06,0.011464404533294614,0.0025921387501178245,0.04467244005159255,1.0,0.9563106796116505,0.0036436191702767544,0.056136844584887165,1.0,0.9454097528327381,mia|t_plus_14h|bounded,2026-07-06T19:00:00+00:00,2026-07-06,bounded,0.0,bounded,-0.010900926778912412,KXHIGHMIA-26JUL06-B93.5
0.002922742584348264,t_plus_15h,mia,KXHIGHMIA-26JUL06,0.031321675465163144,0.0007208765859284905,0.02481516911972402,1.0,0.9754901960784313,0.0036436191702767544,0.056136844584887165,1.0,0.9454097528327381,mia|t_plus_15h|bounded,2026-07-06T20:00:00+00:00,2026-07-06,bounded,0.0,bounded,-0.030080443245693256,KXHIGHMIA-26JUL06-B93.5
0.007143653401934267,t_plus_16h,mia,KXHIGHMIA-26JUL06,0.04702583602568952,0.0033640907343329557,0.05026183478088843,1.0,0.9509803921568626,0.010507744136267223,0.09728767080657795,1.0,0.9072949663135416,mia|t_plus_16h|bounded,2026-07-06T21:00:00+00:00,2026-07-06,bounded,0.0,bounded,-0.043685425843321024,KXHIGHMIA-26JUL06-B93.5
0.0020975173004348386,t_plus_17h,mia,KXHIGHMIA-26JUL06,0.020914692022003856,0.008410226835832384,0.0763729787845741,1.0,0.926470588235294,0.010507744136267223,0.09728767080657795,1.0,0.9072949663135416,mia|t_plus_17h|bounded,2026-07-06T22:00:00+00:00,2026-07-06,bounded,0.0,bounded,-0.019175621921752484,KXHIGHMIA-26JUL06-B93.5
-0.005197193400913028,t_plus_18h,mia,KXHIGHMIA-26JUL06,-0.0053664832535055,0.01570493753718025,0.10265415406008345,1.0,0.9024390243902438,0.010507744136267223,0.09728767080657795,1.0,0.9072949663135416,mia|t_plus_18h|bounded,2026-07-06T23:00:00+00:00,2026-07-06,bounded,0.0,bounded,0.004855941923297746,KXHIGHMIA-26JUL06-B93.5
0.002193675601429336,t_plus_19h,mia,KXHIGHMIA-26JUL06,0.021371305377162836,0.008328375966686511,0.07598590697792222,1.0,0.9268292682926828,0.010522051568115847,0.09735721235508506,1.0,0.907231873810432,mia|t_plus_19h|bounded,2026-07-07T00:00:00+00:00,2026-07-06,bounded,0.0,bounded,-0.01959739448225073,KXHIGHMIA-26JUL06-B93.5
-0.0004714047079103483,t_plus_20h,mia,KXHIGHMIA-26JUL06,0.01078919604662601,0.010993456276026195,0.08656801630845905,1.0,0.9170731707317072,0.010522051568115847,0.09735721235508506,1.0,0.907231873810432,mia|t_plus_20h|bounded,2026-07-07T01:00:00+00:00,2026-07-06,bounded,0.0,bounded,-0.009841296921275222,KXHIGHMIA-26JUL06-B93.5
-0.006443554940759877,t_plus_21h,mia,KXHIGHMIA-26JUL06,-0.00907225049164627,0.016965606508875724,0.10642946284673133,1.0,0.8990384615384616,0.010522051568115847,0.09735721235508506,1.0,0.907231873810432,mia|t_plus_21h|bounded,2026-07-07T02:00:00+00:00,2026-07-06,bounded,0.0,bounded,0.008193412271970457,KXHIGHMIA-26JUL06-B93.5
0.0007183679067797322,t_plus_22h,mia,KXHIGHMIA-26JUL06,0.015259850167884337,0.009803683661336115,0.08209736218720072,1.0,0.9211822660098522,0.010522051568115847,0.09735721235508506,1.0,0.907231873810432,mia|t_plus_22h|bounded,2026-07-07T03:00:00+00:00,2026-07-06,bounded,0.0,bounded,-0.01395039219942018,KXHIGHMIA-26JUL06-B93.5
-0.0008003678025341066,t_plus_23h,mia,KXHIGHMIA-26JUL06,0.00944534003220504,0.011322419370649954,0.08791187232288002,1.0,0.9158415841584158,0.010522051568115847,0.09735721235508506,1.0,0.907231873810432,mia|t_plus_23h|bounded,2026-07-07T04:00:00+00:00,2026-07-06,bounded,0.0,bounded,-0.008609710347983746,KXHIGHMIA-26JUL06-B93.5
-0.02060018192021309,t_plus_0h,nyc,KXHIGHNY-26JUL06,-0.06600781116460094,0.027853709114902665,0.14049036294882666,1.0,0.868932038834951,0.007253527194689575,0.07448255178422572,1.0,0.9282236697645667,nyc|t_plus_0h|lower_tail,2026-07-06T05:00:00+00:00,2026-07-06,lower_tail,0.0,lower_tail,0.05929163092961576,KXHIGHNY-26JUL06-T75
-0.029162360146861938,t_plus_1h,nyc,KXHIGHNY-26JUL06,-0.08423480488461574,0.036936020710059324,0.16138834712748912,1.0,0.8509615384615382,0.007773660563197387,0.07715354224287338,1.0,0.925747701315189,nyc|t_plus_1h|lower_tail,2026-07-06T06:00:00+00:00,2026-07-06,lower_tail,0.0,lower_tail,0.0747861628536508,KXHIGHNY-26JUL06-T75
0.09715672427565189,t_plus_2h,nyc,KXHIGHNY-26JUL06,0.1481137267303729,0.04312376284286954,0.1745845742918027,1.0,0.839805825242718,0.14028048711852142,0.3226983010221756,1.0,0.7241923094919365,nyc|t_plus_2h|lower_tail,2026-07-06T07:00:00+00:00,2026-07-06,lower_tail,0.0,lower_tail,-0.11561351575078149,KXHIGHNY-26JUL06-T75
0.033239504418542565,t_plus_3h,nyc,KXHIGHNY-26JUL06,0.057874974761500525,0.042708114541763084,0.17366349405084036,1.0,0.8405797101449273,0.07594761896030565,0.2315384688123409,1.0,0.7933121771388553,nyc|t_plus_3h|lower_tail,2026-07-06T08:00:00+00:00,2026-07-06,lower_tail,0.0,lower_tail,-0.047267533006072004,KXHIGHNY-26JUL06-T75
0.012173811419456787,t_plus_4h,nyc,KXHIGHNY-26JUL06,0.05939026933325568,0.010342123321243032,0.08791187232288002,1.0,0.9158415841584158,0.02251593474069982,0.1473021416561357,1.0,0.863033179745155,nyc|t_plus_4h|lower_tail,2026-07-06T09:00:00+00:00,2026-07-06,lower_tail,0.0,lower_tail,-0.052808404413260734,KXHIGHNY-26JUL06-T75
0.0010069119986707772,t_plus_5h,nyc,KXHIGHNY-26JUL06,0.030353617751161938,0.03765670656989356,0.1630901948660672,1.0,0.849514563106796,0.03866361856856434,0.19344381261722915,1.0,0.8241161398232547,nyc|t_plus_5h|lower_tail,2026-07-06T10:00:00+00:00,2026-07-06,lower_tail,0.0,lower_tail,-0.02539842328354125,KXHIGHNY-26JUL06-T75
0.008998216207378507,t_plus_6h,nyc,KXHIGHNY-26JUL06,0.052584215234741605,0.030324875048058593,0.14197026127038762,1.0,0.8676470588235291,0.0393230912554371,0.19455447650512922,1.0,0.8232013319034182,nyc|t_plus_6h|lower_tail,2026-07-06T11:00:00+00:00,2026-07-06,lower_tail,0.0,lower_tail,-0.04444572692011095,KXHIGHNY-26JUL06-T75
-0.015696327677997102,t_plus_7h,nyc,KXHIGHNY-26JUL06,-0.07031851447165488,0.017296634932604377,0.10752034371125621,1.0,0.8980582524271845,0.0016003072546072758,0.037201829239601324,1.0,0.9634816569538075,nyc|t_plus_7h|lower_tail,2026-07-06T12:00:00+00:00,2026-07-06,lower_tail,0.0,lower_tail,0.06542340452662299,KXHIGHNY-26JUL06-T75
-0.009286675495887586,t_plus_8h,nyc,KXHIGHNY-26JUL06,-0.04892732449033745,0.010886982750494862,0.08612915372993878,1.0,0.9174757281553397,0.0016003072546072758,0.037201829239601324,1.0,0.9634816569538075,nyc|t_plus_8h|lower_tail,2026-07-06T13:00:00+00:00,2026-07-06,lower_tail,0.0,lower_tail,0.046005928798467766,KXHIGHNY-26JUL06-T75
-0.015365299254268449,t_plus_9h,nyc,KXHIGHNY-26JUL06,-0.06922763360713,0.016965606508875724,0.10642946284673133,1.0,0.8990384615384616,0.0016003072546072758,0.037201829239601324,1.0,0.9634816569538075,nyc|t_plus_9h|lower_tail,2026-07-06T14:00:00+00:00,2026-07-06,lower_tail,0.0,lower_tail,0.06444319541534593,KXHIGHNY-26JUL06-T75
-0.004385176768392061,t_plus_10h,nyc,KXHIGHNY-26JUL06,-0.02798415064509418,0.005985484022999337,0.0651859798846955,1.0,0.9368932038834952,0.0016003072546072758,0.037201829239601324,1.0,0.9634816569538075,nyc|t_plus_10h|lower_tail,2026-07-06T15:00:00+00:00,2026-07-06,lower_tail,0.0,lower_tail,0.026588453070312323,KXHIGHNY-26JUL06-T75
-0.0024999849501245565,t_plus_11h,nyc,KXHIGHNY-26JUL06,-0.017674780986233048,0.004100292204731832,0.05487661022583437,1.0,0.9466019417475727,0.0016003072546072758,0.037201829239601324,1.0,0.9634816569538075,nyc|t_plus_11h|lower_tail,2026-07-06T16:00:00+00:00,2026-07-06,lower_tail,0.0,lower_tail,0.01687971520623477,KXHIGHNY-26JUL06-T75
-0.0016669801966751325,t_plus_12h,nyc,KXHIGHNY-26JUL06,-0.012313235287779355,0.0032672874512824084,0.04951506452738068,1.0,0.9516908212560385,0.0016003072546072758,0.037201829239601324,1.0,0.9634816569538075,nyc|t_plus_12h|lower_tail,2026-07-06T17:00:00+00:00,2026-07-06,lower_tail,0.0,lower_tail,0.011790835697768953,KXHIGHNY-26JUL06-T75
0.0009797194259452263,t_plus_13h,nyc,KXHIGHNY-26JUL06,0.013556943417308454,0.0007208765859284905,0.02481516911972402,1.0,0.9754901960784313,0.0017005960118737168,0.038372112537032474,1.0,0.9623547699804066,nyc|t_plus_13h|lower_tail,2026-07-06T18:00:00+00:00,2026-07-06,lower_tail,0.0,lower_tail,-0.01313542609802476,KXHIGHNY-26JUL06-T75
0.0009797194259452263,t_plus_14h,nyc,KXHIGHNY-26JUL06,0.013556943417308454,0.0007208765859284905,0.02481516911972402,1.0,0.9754901960784313,0.0017005960118737168,0.038372112537032474,1.0,0.9623547699804066,nyc|t_plus_14h|lower_tail,2026-07-06T19:00:00+00:00,2026-07-06,lower_tail,0.0,lower_tail,-0.01313542609802476,KXHIGHNY-26JUL06-T75
0.0008794306686787854,t_plus_15h,nyc,KXHIGHNY-26JUL06,0.012386660119877303,0.0007208765859284905,0.02481516911972402,1.0,0.9754901960784313,0.0016003072546072758,0.037201829239601324,1.0,0.9634816569538075,nyc|t_plus_15h|lower_tail,2026-07-06T20:00:00+00:00,2026-07-06,lower_tail,0.0,lower_tail,-0.012008539124623852,KXHIGHNY-26JUL06-T75
0.021795058154771327,t_plus_16h,nyc,KXHIGHNY-26JUL06,0.12248697253641168,0.0007208765859284905,0.02481516911972402,1.0,0.9754901960784313,0.02251593474069982,0.1473021416561357,1.0,0.863033179745155,nyc|t_plus_16h|lower_tail,2026-07-06T21:00:00+00:00,2026-07-06,lower_tail,0.0,lower_tail,-0.11245701633327632,KXHIGHNY-26JUL06-T75
0.021795058154771327,t_plus_17h,nyc,KXHIGHNY-26JUL06,0.12248697253641168,0.0007208765859284905,0.02481516911972402,1.0,0.9754901960784313,0.02251593474069982,0.1473021416561357,1.0,0.863033179745155,nyc|t_plus_17h|lower_tail,2026-07-06T22:00:00+00:00,2026-07-06,lower_tail,0.0,lower_tail,-0.11245701633327632,KXHIGHNY-26JUL06-T75
0.0009797194259452263,t_plus_18h,nyc,KXHIGHNY-26JUL06,0.013556943417308454,0.0007208765859284905,0.02481516911972402,1.0,0.9754901960784313,0.0017005960118737168,0.038372112537032474,1.0,0.9623547699804066,nyc|t_plus_18h|lower_tail,2026-07-06T23:00:00+00:00,2026-07-06,lower_tail,0.0,lower_tail,-0.01313542609802476,KXHIGHNY-26JUL06-T75
0.0009797194259452263,t_plus_19h,nyc,KXHIGHNY-26JUL06,0.013556943417308454,0.0007208765859284905,0.02481516911972402,1.0,0.9754901960784313,0.0017005960118737168,0.038372112537032474,1.0,0.9623547699804066,nyc|t_plus_19h|lower_tail,2026-07-07T00:00:00+00:00,2026-07-06,lower_tail,0.0,lower_tail,-0.01313542609802476,KXHIGHNY-26JUL06-T75
0.0008794306686787854,t_plus_20h,nyc,KXHIGHNY-26JUL06,0.012386660119877303,0.0007208765859284905,0.02481516911972402,1.0,0.9754901960784313,0.0016003072546072758,0.037201829239601324,1.0,0.9634816569538075,nyc|t_plus_20h|lower_tail,2026-07-07T01:00:00+00:00,2026-07-06,lower_tail,0.0,lower_tail,-0.012008539124623852,KXHIGHNY-26JUL06-T75
0.0008794306686787854,t_plus_21h,nyc,KXHIGHNY-26JUL06,0.012386660119877303,0.0007208765859284905,0.02481516911972402,1.0,0.9754901960784313,0.0016003072546072758,0.037201829239601324,1.0,0.9634816569538075,nyc|t_plus_21h|lower_tail,2026-07-07T02:00:00+00:00,2026-07-06,lower_tail,0.0,lower_tail,-0.012008539124623852,KXHIGHNY-26JUL06-T75
0.0008794306686787854,t_plus_22h,nyc,KXHIGHNY-26JUL06,0.012386660119877303,0.0007208765859284905,0.02481516911972402,1.0,0.9754901960784313,0.0016003072546072758,0.037201829239601324,1.0,0.9634816569538075,nyc|t_plus_22h|lower_tail,2026-07-07T03:00:00+00:00,2026-07-06,lower_tail,0.0,lower_tail,-0.012008539124623852,KXHIGHNY-26JUL06-T75
0.0008794306686787854,t_plus_23h,nyc,KXHIGHNY-26JUL06,0.012386660119877303,0.0007208765859284905,0.02481516911972402,1.0,0.9754901960784313,0.0016003072546072758,0.037201829239601324,1.0,0.9634816569538075,nyc|t_plus_23h|lower_tail,2026-07-07T04:00:00+00:00,2026-07-06,lower_tail,0.0,lower_tail,-0.012008539124623852,KXHIGHNY-26JUL06-T75
0.16702472474516455,t_plus_0h,okc,KXHIGHTOKC-26JUL06,0.11945033194006793,0.33314255626015926,0.5887440608584468,1.0,0.5550239234449759,0.5001672810053238,0.7081943927985147,1.0,0.49253271568052015,okc|t_plus_0h|lower_tail,2026-07-06T06:00:00+00:00,2026-07-06,lower_tail,0.0,lower_tail,-0.062491207764455714,KXHIGHTOKC-26JUL06-T93
0.16858428023517796,t_plus_1h,okc,KXHIGHTOKC-26JUL06,0.12040772789639631,0.33158300077014585,0.5877866649021184,1.0,0.5555555555555559,0.5001672810053238,0.7081943927985147,1.0,0.49253271568052015,okc|t_plus_1h|lower_tail,2026-07-06T07:00:00+00:00,2026-07-06,lower_tail,0.0,lower_tail,-0.06302283987503576,KXHIGHTOKC-26JUL06-T93
0.18493984017692178,t_plus_2h,okc,KXHIGHTOKC-26JUL06,0.14977980620872644,0.31522744082840204,0.5584145865897883,1.0,0.5721153846153848,0.5001672810053238,0.7081943927985147,1.0,0.49253271568052015,okc|t_plus_2h|lower_tail,2026-07-06T08:00:00+00:00,2026-07-06,lower_tail,0.0,lower_tail,-0.07958266893486465,KXHIGHTOKC-26JUL06-T93
0.08875557097195252,t_plus_3h,okc,KXHIGHTOKC-26JUL06,0.05578206507100336,0.294557823129252,0.5349231753450515,1.0,0.5857142857142855,0.3833133941012045,0.5907052404160549,1.0,0.55393648854842,okc|t_plus_3h|lower_tail,2026-07-06T09:00:00+00:00,2026-07-06,lower_tail,0.0,lower_tail,-0.031777797165865485,KXHIGHTOKC-26JUL06-T93
0.08875557097195252,t_plus_4h,okc,KXHIGHTOKC-26JUL06,0.05578206507100336,0.294557823129252,0.5349231753450515,1.0,0.5857142857142855,0.3833133941012045,0.5907052404160549,1.0,0.55393648854842,okc|t_plus_4h|lower_tail,2026-07-06T10:00:00+00:00,2026-07-06,lower_tail,0.0,lower_tail,-0.031777797165865485,KXHIGHTOKC-26JUL06-T93
0.19379215818117612,t_plus_5h,okc,KXHIGHTOKC-26JUL06,0.16568152397663216,0.26984889510000826,0.5061636106601788,1.0,0.6028037383177574,0.4636410532811844,0.671845134636811,1.0,0.5107652770917317,okc|t_plus_5h|lower_tail,2026-07-06T11:00:00+00:00,2026-07-06,lower_tail,0.0,lower_tail,-0.09203846122602566,KXHIGHTOKC-26JUL06-T93
0.11133952849258844,t_plus_6h,okc,KXHIGHTOKC-26JUL06,0.07872355534159425,0.35315957525803804,0.5937747067467416,1.0,0.5522388059701493,0.4644991037506265,0.6724982620883359,1.0,0.5104317911842325,okc|t_plus_6h|lower_tail,2026-07-06T12:00:00+00:00,2026-07-06,lower_tail,0.0,lower_tail,-0.04180701478591675,KXHIGHTOKC-26JUL06-T93
0.11953430424037187,t_plus_7h,okc,KXHIGHTOKC-26JUL06,0.07557911362294367,0.3449647995102546,0.5969191484653922,1.0,0.5505050505050502,0.4644991037506265,0.6724982620883359,1.0,0.5104317911842325,okc|t_plus_7h|lower_tail,2026-07-06T13:00:00+00:00,2026-07-06,lower_tail,0.0,lower_tail,-0.04007325932081762,KXHIGHTOKC-26JUL06-T93
-0.01619582819553661,t_plus_8h,okc,KXHIGHTOKC-26JUL06,-0.0882070694829008,0.4806949319461631,0.7607053315712367,1.0,0.46733668341708534,0.4644991037506265,0.6724982620883359,1.0,0.5104317911842325,okc|t_plus_8h|lower_tail,2026-07-06T14:00:00+00:00,2026-07-06,lower_tail,0.0,lower_tail,0.0430951077671472,KXHIGHTOKC-26JUL06-T93
-0.06273527612480789,t_plus_9h,okc,KXHIGHTOKC-26JUL06,-0.16987080830344958,0.5275546603897203,0.8472978603872029,0.0,0.4285714285714289,0.4648193842649124,0.6774270520837533,1.0,0.5079221698572561,okc|t_plus_9h|lower_tail,2026-07-06T15:00:00+00:00,2026-07-06,lower_tail,1.0,lower_tail,0.07935074128582725,KXHIGHTOKC-26JUL06-T93
-0.19608218629882984,t_plus_10h,okc,KXHIGHTOKC-26JUL06,-0.286634404873656,0.5793955804000344,0.8773396452897109,0.0,0.41588785046729004,0.3833133941012045,0.5907052404160549,1.0,0.55393648854842,okc|t_plus_10h|lower_tail,2026-07-06T16:00:00+00:00,2026-07-06,lower_tail,1.0,lower_tail,0.13804863808113,KXHIGHTOKC-26JUL06-T93
-0.4730952801963576,t_plus_11h,okc,KXHIGHTOKC-26JUL06,-0.5924366777189776,0.6607907328128934,0.9728863994977891,0.0,0.3779904306220097,0.18769545261653578,0.3804497217788116,1.0,0.6835539309879536,okc|t_plus_11h|lower_tail,2026-07-06T17:00:00+00:00,2026-07-06,lower_tail,1.0,lower_tail,0.3055635003659439,KXHIGHTOKC-26JUL06-T93
-0.24195760222267088,t_plus_12h,okc,KXHIGHTOKC-26JUL06,-0.3427217737010869,0.6252709963238754,0.9334270141171418,0.0,0.39320388349514585,0.3833133941012045,0.5907052404160549,1.0,0.55393648854842,okc|t_plus_12h|lower_tail,2026-07-06T18:00:00+00:00,2026-07-06,lower_tail,1.0,lower_tail,0.1607326050532742,KXHIGHTOKC-26JUL06-T93
0.21668026246055672,t_plus_13h,okc,KXHIGHTOKC-26JUL06,0.2162608286067481,0.24781884129006976,0.45623743348158774,1.0,0.6336633663366336,0.4644991037506265,0.6724982620883359,1.0,0.5104317911842325,okc|t_plus_13h|lower_tail,2026-07-06T19:00:00+00:00,2026-07-06,lower_tail,0.0,lower_tail,-0.12323157515240102,KXHIGHTOKC-26JUL06-T93
0.15756078547015295,t_plus_14h,okc,KXHIGHTOKC-26JUL06,0.151963824195384,0.3069383182804735,0.5205344378929518,1.0,0.5942028985507245,0.4644991037506265,0.6724982620883359,1.0,0.5104317911842325,okc|t_plus_14h|lower_tail,2026-07-06T20:00:00+00:00,2026-07-06,lower_tail,0.0,lower_tail,-0.08377110736649196,KXHIGHTOKC-26JUL06-T93
-0.38463943597397576,t_plus_15h,okc,KXHIGHTOKC-26JUL06,-0.4153568442168457,0.8848067169792996,1.1235512370153604,0.0,0.32512315270936004,0.5001672810053238,0.7081943927985147,1.0,0.49253271568052015,okc|t_plus_15h|lower_tail,2026-07-06T21:00:00+00:00,2026-07-06,lower_tail,1.0,lower_tail,0.1674095629711601,KXHIGHTOKC-26JUL06-T93
0.23181315333740318,t_plus_16h,okc,KXHIGHTOKC-26JUL06,0.24171534599588146,0.2326859504132233,0.4307829160924544,1.0,0.6499999999999999,0.4644991037506265,0.6724982620883359,1.0,0.5104317911842325,okc|t_plus_16h|lower_tail,2026-07-06T22:00:00+00:00,2026-07-06,lower_tail,0.0,lower_tail,-0.13956820881576737,KXHIGHTOKC-26JUL06-T93
-0.004813672190356226,t_plus_17h,okc,KXHIGHTOKC-26JUL06,-0.03035632177168989,0.006413979444963502,0.06755815101129121,1.0,0.9346733668341708,0.0016003072546072758,0.037201829239601324,1.0,0.9634816569538075,okc|t_plus_17h|lower_tail,2026-07-06T23:00:00+00:00,2026-07-06,lower_tail,0.0,lower_tail,0.028808290119636704,KXHIGHTOKC-26JUL06-T93
0.0008794306686787854,t_plus_18h,okc,KXHIGHTOKC-26JUL06,0.012386660119877303,0.0007208765859284905,0.02481516911972402,1.0,0.9754901960784313,0.0016003072546072758,0.037201829239601324,1.0,0.9634816569538075,okc|t_plus_18h|lower_tail,2026-07-07T00:00:00+00:00,2026-07-06,lower_tail,0.0,lower_tail,-0.012008539124623852,KXHIGHTOKC-26JUL06-T93
0.0008794306686787854,t_plus_19h,okc,KXHIGHTOKC-26JUL06,0.012386660119877303,0.0007208765859284905,0.02481516911972402,1.0,0.9754901960784313,0.0016003072546072758,0.037201829239601324,1.0,0.9634816569538075,okc|t_plus_19h|lower_tail,2026-07-07T01:00:00+00:00,2026-07-06,lower_tail,0.0,lower_tail,-0.012008539124623852,KXHIGHTOKC-26JUL06-T93
0.0008794306686787854,t_plus_20h,okc,KXHIGHTOKC-26JUL06,0.012386660119877303,0.0007208765859284905,0.02481516911972402,1.0,0.9754901960784313,0.0016003072546072758,0.037201829239601324,1.0,0.9634816569538075,okc|t_plus_20h|lower_tail,2026-07-07T02:00:00+00:00,2026-07-06,lower_tail,0.0,lower_tail,-0.012008539124623852,KXHIGHTOKC-26JUL06-T93
0.0008794306686787854,t_plus_21h,okc,KXHIGHTOKC-26JUL06,0.012386660119877303,0.0007208765859284905,0.02481516911972402,1.0,0.9754901960784313,0.0016003072546072758,0.037201829239601324,1.0,0.9634816569538075,okc|t_plus_21h|lower_tail,2026-07-07T03:00:00+00:00,2026-07-06,lower_tail,0.0,lower_tail,-0.012008539124623852,KXHIGHTOKC-26JUL06-T93
0.0008794306686787854,t_plus_22h,okc,KXHIGHTOKC-26JUL06,0.012386660119877303,0.0007208765859284905,0.02481516911972402,1.0,0.9754901960784313,0.0016003072546072758,0.037201829239601324,1.0,0.9634816569538075,okc|t_plus_22h|lower_tail,2026-07-07T04:00:00+00:00,2026-07-06,lower_tail,0.0,lower_tail,-0.012008539124623852,KXHIGHTOKC-26JUL06-T93
0.0008794306686787854,t_plus_23h,okc,KXHIGHTOKC-26JUL06,0.012386660119877303,0.0007208765859284905,0.02481516911972402,1.0,0.9754901960784313,0.0016003072546072758,0.037201829239601324,1.0,0.9634816569538075,okc|t_plus_23h|lower_tail,2026-07-07T05:00:00+00:00,2026-07-06,lower_tail,0.0,lower_tail,-0.012008539124623852,KXHIGHTOKC-26JUL06-T93
-0.006117295165625092,t_plus_0h,aus,KXHIGHAUS-26JUL07,-0.16428792704741424,0.5062238547087035,0.8694264228979378,1.0,0.419191919191919,0.5001065595430784,0.7051384958505236,0.0,0.49404014700745347,aus|t_plus_0h|bounded,2026-07-07T06:00:00+00:00,2026-07-07,bounded,-1.0,bounded,0.07484822781553446,KXHIGHAUS-26JUL07-B98.5
0.09122168402714204,t_plus_1h,aus,KXHIGHAUS-26JUL07,-0.005657148850442439,0.46549479166666663,0.7688590022956416,1.0,0.4635416666666667,0.5567164756938087,0.7632018534451992,0.0,0.4661714223195581,aus|t_plus_1h|bounded,2026-07-07T07:00:00+00:00,2026-07-07,bounded,-1.0,bounded,0.002629755652891419,KXHIGHAUS-26JUL07-B98.5
0.10321878968455295,t_plus_2h,aus,KXHIGHAUS-26JUL07,0.02173609561444645,0.4534976860092557,0.7414657578307527,1.0,0.47641509433962276,0.5567164756938087,0.7632018534451992,0.0,0.4661714223195581,aus|t_plus_2h|bounded,2026-07-07T08:00:00+00:00,2026-07-07,bounded,-1.0,bounded,-0.010243672020064654,KXHIGHAUS-26JUL07-B98.5
0.17424050559768883,t_plus_3h,aus,KXHIGHAUS-26JUL07,0.11614578008552057,0.38247597009611983,0.6470560733596786,1.0,0.5235849056603772,0.5567164756938087,0.7632018534451992,0.0,0.4661714223195581,aus|t_plus_3h|bounded,2026-07-07T09:00:00+00:00,2026-07-07,bounded,-1.0,bounded,-0.05741348334081908,KXHIGHAUS-26JUL07-B98.5
0.2378203131158373,t_plus_4h,aus,KXHIGHAUS-26JUL07,0.19770023333251552,0.3188961625779714,0.5655016201126837,1.0,0.5680751173708922,0.5567164756938087,0.7632018534451992,0.0,0.4661714223195581,aus|t_plus_4h|bounded,2026-07-07T10:00:00+00:00,2026-07-07,bounded,-1.0,bounded,-0.10190369505133412,KXHIGHAUS-26JUL07-B98.5
0.1422824967538826,t_plus_5h,aus,KXHIGHAUS-26JUL07,0.08501754556196595,0.41443397893992606,0.6781843078832333,1.0,0.5075376884422109,0.5567164756938087,0.7632018534451992,0.0,0.4661714223195581,aus|t_plus_5h|bounded,2026-07-07T11:00:00+00:00,2026-07-07,bounded,-1.0,bounded,-0.04136626612265282,KXHIGHAUS-26JUL07-B98.5
0.17124187865356005,t_plus_6h,aus,KXHIGHAUS-26JUL07,0.12667356688476206,0.3854745970402486,0.6365282865604371,1.0,0.5291262135922331,0.5567164756938087,0.7632018534451992,0.0,0.4661714223195581,aus|t_plus_6h|bounded,2026-07-07T12:00:00+00:00,2026-07-07,bounded,-1.0,bounded,-0.062954791272675,KXHIGHAUS-26JUL07-B98.5
0.6047030374105213,t_plus_7h,aus,KXHIGHAUS-26JUL07,0.5905916986321857,0.33139629863007264,0.5877866649021184,1.0,0.5555555555555559,0.9360993360405939,1.1783783635343041,0.0,0.307777437253454,aus|t_plus_7h|bounded,2026-07-07T13:00:00+00:00,2026-07-07,bounded,-1.0,bounded,-0.2477781183021019,KXHIGHAUS-26JUL07-B98.5
0.5393996841670154,t_plus_8h,aus,KXHIGHAUS-26JUL07,0.5212247856222636,0.3966996518735784,0.6571535779120405,1.0,0.5183246073298426,0.9360993360405939,1.1783783635343041,0.0,0.307777437253454,aus|t_plus_8h|bounded,2026-07-07T14:00:00+00:00,2026-07-07,bounded,-1.0,bounded,-0.21054717007638862,KXHIGHAUS-26JUL07-B98.5
-0.050485817205599526,t_plus_9h,aus,KXHIGHAUS-26JUL07,-0.13168496976580224,0.6072022928994082,0.8948868232110014,0.0,0.4086538461538462,0.5567164756938087,0.7632018534451992,0.0,0.4661714223195581,aus|t_plus_9h|bounded,2026-07-07T15:00:00+00:00,2026-07-07,bounded,0.0,bounded,0.0575175761657119,KXHIGHAUS-26JUL07-B98.5
0.3492544554060433,t_plus_10h,aus,KXHIGHAUS-26JUL07,0.3118428570814167,0.5840839154556277,0.8632217637439266,0.0,0.4218009478672986,0.9333383708616709,1.1750646208253432,0.0,0.3087990241954479,aus|t_plus_10h|bounded,2026-07-07T16:00:00+00:00,2026-07-07,bounded,0.0,bounded,-0.11300192367185069,KXHIGHAUS-26JUL07-B98.5
0.2710504389550058,t_plus_11h,aus,KXHIGHAUS-26JUL07,0.19590572477884782,0.6650488970855881,0.9824726387554563,0.0,0.37438423645320196,0.9360993360405939,1.1783783635343041,0.0,0.307777437253454,aus|t_plus_11h|bounded,2026-07-07T17:00:00+00:00,2026-07-07,bounded,0.0,bounded,-0.06660679919974793,KXHIGHAUS-26JUL07-B98.5
0.07185355731729337,t_plus_12h,aus,KXHIGHAUS-26JUL07,-0.04256499995532592,0.939927229524022,1.314320861494802,0.0,0.2686567164179103,1.0117807868413153,1.2717558615394762,0.0,0.2803389529902956,aus|t_plus_12h|bounded,2026-07-07T18:00:00+00:00,2026-07-07,bounded,0.0,bounded,0.011682236572385318,KXHIGHAUS-26JUL07-B98.5
-0.05279698099073782,t_plus_13h,aus,KXHIGHAUS-26JUL07,-0.2040378776347973,1.0636865424123163,1.4746635115699802,0.0,0.22885572139303495,1.0108895614215785,1.270625633935183,0.0,0.28065597893551336,aus|t_plus_13h|bounded,2026-07-07T19:00:00+00:00,2026-07-07,bounded,0.0,bounded,0.05180025754247841,KXHIGHAUS-26JUL07-B98.5
0.2528820044064407,t_plus_14h,aus,KXHIGHAUS-26JUL07,0.2645598208055385,0.6832173316341532,0.9138185427287656,0.0,0.4009900990099011,0.9360993360405939,1.1783783635343041,0.0,0.307777437253454,aus|t_plus_14h|bounded,2026-07-07T20:00:00+00:00,2026-07-07,bounded,0.0,bounded,-0.0932126617564471,KXHIGHAUS-26JUL07-B98.5
0.223579532526736,t_plus_15h,aus,KXHIGHAUS-26JUL07,0.23226782514787692,0.5905602810650882,0.8049385865480614,0.0,0.4471153846153849,0.8141398135918242,1.0372064116959383,0.0,0.3544434693136585,aus|t_plus_15h|bounded,2026-07-07T21:00:00+00:00,2026-07-07,bounded,0.0,bounded,-0.09267191530172642,KXHIGHAUS-26JUL07-B98.5
0.0004331952731356319,t_plus_16h,aus,KXHIGHAUS-26JUL07,0.0064757356682758165,0.0007652280379553077,0.025576841789649623,1.0,0.9747474747474748,0.0011984233110909396,0.03205257745792544,1.0,0.9684556618037689,aus|t_plus_16h|bounded,2026-07-07T22:00:00+00:00,2026-07-07,bounded,0.0,bounded,-0.0062918129437059545,KXHIGHAUS-26JUL07-B98.5
0.0003076122069082831,t_plus_17h,aus,KXHIGHAUS-26JUL07,0.0048977458829806315,0.0007208765859284905,0.02481516911972402,1.0,0.9754901960784313,0.0010284887928367736,0.029712915002704652,1.0,0.9707241738967003,aus|t_plus_17h|bounded,2026-07-07T23:00:00+00:00,2026-07-07,bounded,0.0,bounded,-0.0047660221817310555,KXHIGHAUS-26JUL07-B98.5
0.0003076122069082831,t_plus_18h,aus,KXHIGHAUS-26JUL07,0.0048977458829806315,0.0007208765859284905,0.02481516911972402,1.0,0.9754901960784313,0.0010284887928367736,0.029712915002704652,1.0,0.9707241738967003,aus|t_plus_18h|bounded,2026-07-08T00:00:00+00:00,2026-07-07,bounded,0.0,bounded,-0.0047660221817310555,KXHIGHAUS-26JUL07-B98.5
0.0003076122069082831,t_plus_19h,aus,KXHIGHAUS-26JUL07,0.0048977458829806315,0.0007208765859284905,0.02481516911972402,1.0,0.9754901960784313,0.0010284887928367736,0.029712915002704652,1.0,0.9707241738967003,aus|t_plus_19h|bounded,2026-07-08T01:00:00+00:00,2026-07-07,bounded,0.0,bounded,-0.0047660221817310555,KXHIGHAUS-26JUL07-B98.5
0.0003076122069082831,t_plus_20h,aus,KXHIGHAUS-26JUL07,0.0048977458829806315,0.0007208765859284905,0.02481516911972402,1.0,0.9754901960784313,0.0010284887928367736,0.029712915002704652,1.0,0.9707241738967003,aus|t_plus_20h|bounded,2026-07-08T02:00:00+00:00,2026-07-07,bounded,0.0,bounded,-0.0047660221817310555,KXHIGHAUS-26JUL07-B98.5
0.0003076122069082831,t_plus_21h,aus,KXHIGHAUS-26JUL07,0.0048977458829806315,0.0007208765859284905,0.02481516911972402,1.0,0.9754901960784313,0.0010284887928367736,0.029712915002704652,1.0,0.9707241738967003,aus|t_plus_21h|bounded,2026-07-08T03:00:00+00:00,2026-07-07,bounded,0.0,bounded,-0.0047660221817310555,KXHIGHAUS-26JUL07-B98.5
0.0003076122069082831,t_plus_22h,aus,KXHIGHAUS-26JUL07,0.0048977458829806315,0.0007208765859284905,0.02481516911972402,1.0,0.9754901960784313,0.0010284887928367736,0.029712915002704652,1.0,0.9707241738967003,aus|t_plus_22h|bounded,2026-07-08T04:00:00+00:00,2026-07-07,bounded,0.0,bounded,-0.0047660221817310555,KXHIGHAUS-26JUL07-B98.5
0.0003076122069082831,t_plus_23h,aus,KXHIGHAUS-26JUL07,0.0048977458829806315,0.0007208765859284905,0.02481516911972402,1.0,0.9754901960784313,0.0010284887928367736,0.029712915002704652,1.0,0.9707241738967003,aus|t_plus_23h|bounded,2026-07-08T05:00:00+00:00,2026-07-07,bounded,0.0,bounded,-0.0047660221817310555,KXHIGHAUS-26JUL07-B98.5
0.3321208977012835,t_plus_0h,den,KXHIGHDEN-26JUL07,0.2229402362229116,0.5401292912320007,0.9632709407983475,1.0,0.3816425120772947,0.8722501889332842,1.1862111770212591,0.0,0.30537609091839907,den|t_plus_0h|upper_tail,2026-07-07T07:00:00+00:00,2026-07-07,bounded,-1.0,upper_tail,-0.07626642115889565,KXHIGHDEN-26JUL07-T96
0.23288876404951697,t_plus_1h,den,KXHIGHDEN-26JUL07,0.13182160447705327,0.6336926094910609,1.084626046693368,0.0,0.33802816901408517,0.8665813735405778,1.2164476511704212,0.0,0.29628079245128813,den|t_plus_1h|upper_tail,2026-07-07T08:00:00+00:00,2026-07-07,bounded,0.0,upper_tail,-0.041747376562797034,KXHIGHDEN-26JUL07-T96
-0.1549993146887403,t_plus_2h,den,KXHIGHDEN-26JUL07,-0.3757181079046782,0.6627781590040188,1.1493846140415325,0.0,0.31683168316831695,0.5077788443152785,0.7736665061368543,0.0,0.4613185364588757,den|t_plus_2h|upper_tail,2026-07-07T09:00:00+00:00,2026-07-07,bounded,0.0,upper_tail,0.14448685329055877,KXHIGHDEN-26JUL07-T96
-0.09685821264551009,t_plus_3h,den,KXHIGHDEN-26JUL07,-0.23521313758879503,0.6006782010346279,0.9858167945227654,0.0,0.3731343283582089,0.5038199883891178,0.7506036569339704,0.0,0.47208149144434747,den|t_plus_3h|upper_tail,2026-07-07T10:00:00+00:00,2026-07-07,bounded,0.0,upper_tail,0.09894716308613855,KXHIGHDEN-26JUL07-T96
0.4677617221086291,t_plus_4h,den,KXHIGHDEN-26JUL07,0.4761454521815014,0.6114889998937191,1.0051782820220132,0.0,0.3659793814432988,1.0792507220023482,1.4813237342035146,0.0,0.2273365559433179,den|t_plus_4h|upper_tail,2026-07-07T11:00:00+00:00,2026-07-07,bounded,0.0,upper_tail,-0.1386428254999809,KXHIGHDEN-26JUL07-T96
-0.15236276334819554,t_plus_5h,den,KXHIGHDEN-26JUL07,-0.31479341106723824,0.6601416076634741,1.0884599172040925,0.0,0.33673469387755073,0.5077788443152785,0.7736665061368543,0.0,0.4613185364588757,den|t_plus_5h|upper_tail,2026-07-07T12:00:00+00:00,2026-07-07,bounded,0.0,upper_tail,0.12458384258132499,KXHIGHDEN-26JUL07-T96
-0.1119563352277766,t_plus_6h,den,KXHIGHDEN-26JUL07,-0.2683412290002677,0.6157763236168944,1.018944885934238,0.0,0.36097560975609766,0.5038199883891178,0.7506036569339704,0.0,0.47208149144434747,den|t_plus_6h|upper_tail,2026-07-07T13:00:00+00:00,2026-07-07,bounded,0.0,upper_tail,0.11110588168824981,KXHIGHDEN-26JUL07-T96
-0.12091877028347409,t_plus_7h,den,KXHIGHDEN-26JUL07,-0.27685959586361764,0.6286976145987526,1.050526102000472,0.0,0.3497536945812808,0.5077788443152785,0.7736665061368543,0.0,0.4613185364588757,den|t_plus_7h|upper_tail,2026-07-07T14:00:00+00:00,2026-07-07,bounded,0.0,upper_tail,0.11156484187759491,KXHIGHDEN-26JUL07-T96
-0.16751788009160773,t_plus_8h,den,KXHIGHDEN-26JUL07,-0.3338239967421831,0.6713378684807255,1.0844276536761535,0.0,0.33809523809523806,0.5038199883891178,0.7506036569339704,0.0,0.47208149144434747,den|t_plus_8h|upper_tail,2026-07-07T15:00:00+00:00,2026-07-07,bounded,0.0,upper_tail,0.1339862533491094,KXHIGHDEN-26JUL07-T96
0.10458434417818518,t_plus_9h,den,KXHIGHDEN-26JUL07,-0.006300473025916187,0.6626531826293875,1.060330102097093,0.0,0.34634146341463407,0.7672375268075727,1.0540296290711768,0.0,0.34853046710076113,den|t_plus_9h|upper_tail,2026-07-07T16:00:00+00:00,2026-07-07,bounded,0.0,upper_tail,0.0021890036861270668,KXHIGHDEN-26JUL07-T96
-0.1633808540824374,t_plus_10h,den,KXHIGHDEN-26JUL07,-0.3150644760147855,0.6672008424715552,1.0656681329487558,0.0,0.34449760765550236,0.5038199883891178,0.7506036569339704,0.0,0.47208149144434747,den|t_plus_10h|upper_tail,2026-07-07T17:00:00+00:00,2026-07-07,bounded,0.0,upper_tail,0.1275838837888451,KXHIGHDEN-26JUL07-T96
-0.13220070542497864,t_plus_11h,den,KXHIGHDEN-26JUL07,-0.25743298858763863,0.632307264968057,0.9625714844381622,0.0,0.3819095477386931,0.5001065595430784,0.7051384958505236,0.0,0.49404014700745347,den|t_plus_11h|upper_tail,2026-07-07T18:00:00+00:00,2026-07-07,bounded,0.0,upper_tail,0.11213059926876034,KXHIGHDEN-26JUL07-T96
0.26845926123598474,t_plus_12h,den,KXHIGHDEN-26JUL07,0.2739650310321523,0.2316472983070936,0.43117346481837127,1.0,0.6497461928934011,0.5001065595430784,0.7051384958505236,0.0,0.49404014700745347,den|t_plus_12h|upper_tail,2026-07-07T19:00:00+00:00,2026-07-07,bounded,-1.0,upper_tail,-0.1557060458859476,KXHIGHDEN-26JUL07-T96
0.0005048871142833008,t_plus_13h,den,KXHIGHDEN-26JUL07,0.007589229811975712,0.0007208765859284905,0.02481516911972402,1.0,0.9754901960784313,0.0012257637002117913,0.03240439893169973,1.0,0.9681149982354412,den|t_plus_13h|upper_tail,2026-07-07T20:00:00+00:00,2026-07-07,upper_tail,0.0,upper_tail,-0.007375197842990122,KXHIGHDEN-26JUL07-T96
0.0003076122069082831,t_plus_14h,den,KXHIGHDEN-26JUL07,0.0048977458829806315,0.0007208765859284905,0.02481516911972402,1.0,0.9754901960784313,0.0010284887928367736,0.029712915002704652,1.0,0.9707241738967003,den|t_plus_14h|upper_tail,2026-07-07T21:00:00+00:00,2026-07-07,upper_tail,0.0,upper_tail,-0.0047660221817310555,KXHIGHDEN-26JUL07-T96
0.0003076122069082831,t_plus_15h,den,KXHIGHDEN-26JUL07,0.0048977458829806315,0.0007208765859284905,0.02481516911972402,1.0,0.9754901960784313,0.0010284887928367736,0.029712915002704652,1.0,0.9707241738967003,den|t_plus_15h|upper_tail,2026-07-07T22:00:00+00:00,2026-07-07,upper_tail,0.0,upper_tail,-0.0047660221817310555,KXHIGHDEN-26JUL07-T96
0.0003076122069082831,t_plus_16h,den,KXHIGHDEN-26JUL07,0.0048977458829806315,0.0007208765859284905,0.02481516911972402,1.0,0.9754901960784313,0.0010284887928367736,0.029712915002704652,1.0,0.9707241738967003,den|t_plus_16h|upper_tail,2026-07-07T23:00:00+00:00,2026-07-07,upper_tail,0.0,upper_tail,-0.0047660221817310555,KXHIGHDEN-26JUL07-T96
0.0003076122069082831,t_plus_17h,den,KXHIGHDEN-26JUL07,0.0048977458829806315,0.0007208765859284905,0.02481516911972402,1.0,0.9754901960784313,0.0010284887928367736,0.029712915002704652,1.0,0.9707241738967003,den|t_plus_17h|upper_tail,2026-07-08T00:00:00+00:00,2026-07-07,upper_tail,0.0,upper_tail,-0.0047660221817310555,KXHIGHDEN-26JUL07-T96
0.0003076122069082831,t_plus_18h,den,KXHIGHDEN-26JUL07,0.0048977458829806315,0.0007208765859284905,0.02481516911972402,1.0,0.9754901960784313,0.0010284887928367736,0.029712915002704652,1.0,0.9707241738967003,den|t_plus_18h|upper_tail,2026-07-08T01:00:00+00:00,2026-07-07,upper_tail,0.0,upper_tail,-0.0047660221817310555,KXHIGHDEN-26JUL07-T96
0.0003076122069082831,t_plus_19h,den,KXHIGHDEN-26JUL07,0.0048977458829806315,0.0007208765859284905,0.02481516911972402,1.0,0.9754901960784313,0.0010284887928367736,0.029712915002704652,1.0,0.9707241738967003,den|t_plus_19h|upper_tail,2026-07-08T02:00:00+00:00,2026-07-07,upper_tail,0.0,upper_tail,-0.0047660221817310555,KXHIGHDEN-26JUL07-T96
0.0003076122069082831,t_plus_20h,den,KXHIGHDEN-26JUL07,0.0048977458829806315,0.0007208765859284905,0.02481516911972402,1.0,0.9754901960784313,0.0010284887928367736,0.029712915002704652,1.0,0.9707241738967003,den|t_plus_20h|upper_tail,2026-07-08T03:00:00+00:00,2026-07-07,upper_tail,0.0,upper_tail,-0.0047660221817310555,KXHIGHDEN-26JUL07-T96
0.0003076122069082831,t_plus_21h,den,KXHIGHDEN-26JUL07,0.0048977458829806315,0.0007208765859284905,0.02481516911972402,1.0,0.9754901960784313,0.0010284887928367736,0.029712915002704652,1.0,0.9707241738967003,den|t_plus_21h|upper_tail,2026-07-08T04:00:00+00:00,2026-07-07,upper_tail,0.0,upper_tail,-0.0047660221817310555,KXHIGHDEN-26JUL07-T96
0.0003076122069082831,t_plus_22h,den,KXHIGHDEN-26JUL07,0.0048977458829806315,0.0007208765859284905,0.02481516911972402,1.0,0.9754901960784313,0.0010284887928367736,0.029712915002704652,1.0,0.9707241738967003,den|t_plus_22h|upper_tail,2026-07-08T05:00:00+00:00,2026-07-07,upper_tail,0.0,upper_tail,-0.0047660221817310555,KXHIGHDEN-26JUL07-T96
0.0003076122069082831,t_plus_23h,den,KXHIGHDEN-26JUL07,0.0048977458829806315,0.0007208765859284905,0.02481516911972402,1.0,0.9754901960784313,0.0010284887928367736,0.029712915002704652,1.0,0.9707241738967003,den|t_plus_23h|upper_tail,2026-07-08T06:00:00+00:00,2026-07-07,upper_tail,0.0,upper_tail,-0.0047660221817310555,KXHIGHDEN-26JUL07-T96
0.19816514416579922,t_plus_0h,la,KXHIGHLAX-26JUL07,1.3685600910112563,1.2245290272971934,2.0600234558227335,0.0,0.12745098039215697,1.4226941714629926,3.42858354683399,0.0,0.032432847862648086,la|t_plus_0h|bounded,2026-07-07T08:00:00+00:00,2026-07-07,bounded,0.0,bounded,-0.09501813252950889,KXHIGHLAX-26JUL07-B73.5
0.20015792313650427,t_plus_1h,la,KXHIGHLAX-26JUL07,1.7818711669686036,1.2663646449704153,2.2930156419778993,0.0,0.100961538461538,1.4665225681069196,4.074886808946503,0.0,0.01699413815250767,la|t_plus_1h|bounded,2026-07-07T09:00:00+00:00,2026-07-07,bounded,0.0,bounded,-0.08396740030903034,KXHIGHLAX-26JUL07-B73.5
0.16531095350982095,t_plus_2h,la,KXHIGHLAX-26JUL07,3.20502295912791,1.3207573086696733,2.509120907908594,0.0,0.08133971291866036,1.4860682621794943,5.714143867036504,0.0,0.003298973673092673,la|t_plus_2h|bounded,2026-07-07T10:00:00+00:00,2026-07-07,bounded,0.0,bounded,-0.07804073924556769,KXHIGHLAX-26JUL07-B73.5
0.22067222797086616,t_plus_3h,la,KXHIGHLAX-26JUL07,1.863273494158188,1.2458503401360534,2.211613314788315,0.0,0.10952380952380997,1.4665225681069196,4.074886808946503,0.0,0.01699413815250767,la|t_plus_3h|bounded,2026-07-07T11:00:00+00:00,2026-07-07,bounded,0.0,bounded,-0.0925296713713023,KXHIGHLAX-26JUL07-B73.5
0.22160086837824666,t_plus_4h,la,KXHIGHLAX-26JUL07,1.5154411332614144,1.1925170068027213,2.1282317058492675,0.0,0.11904761904761908,1.414117875180968,3.643672839110682,0.0,0.026156100182181823,la|t_plus_4h|bounded,2026-07-07T12:00:00+00:00,2026-07-07,bounded,0.0,bounded,-0.09289151886543726,KXHIGHLAX-26JUL07-B73.5
0.10685285090557484,t_plus_5h,la,KXHIGHLAX-26JUL07,2.6659736910678857,1.3753741496598637,3.1498829533812485,0.0,0.04285714285714289,1.4822270005654385,5.815856644449134,0.0,0.0029799264962732798,la|t_plus_5h|bounded,2026-07-07T13:00:00+00:00,2026-07-07,bounded,0.0,bounded,-0.03987721636086961,KXHIGHLAX-26JUL07-B73.5
0.14380243687639283,t_plus_6h,la,KXHIGHLAX-26JUL07,2.861893783771438,1.3384245636890457,2.953962860677696,0.0,0.05213270142180095,1.4822270005654385,5.815856644449134,0.0,0.0029799264962732798,la|t_plus_6h|bounded,2026-07-07T14:00:00+00:00,2026-07-07,bounded,0.0,bounded,-0.04915277492552767,KXHIGHLAX-26JUL07-B73.5
0.16653539058811417,t_plus_7h,la,KXHIGHLAX-26JUL07,3.033698471193202,1.3156916099773244,2.782158173255932,0.0,0.061904761904761886,1.4822270005654385,5.815856644449134,0.0,0.0029799264962732798,la|t_plus_7h|bounded,2026-07-07T15:00:00+00:00,2026-07-07,bounded,0.0,bounded,-0.058924835408488606,KXHIGHLAX-26JUL07-B73.5
0.060922543249900984,t_plus_8h,la,KXHIGHLAX-26JUL07,2.082960304918425,1.4213044573155376,3.732896339530709,0.0,0.02392344497607659,1.4822270005654385,5.815856644449134,0.0,0.0029799264962732798,la|t_plus_8h|bounded,2026-07-07T16:00:00+00:00,2026-07-07,bounded,0.0,bounded,-0.02094351847980331,KXHIGHLAX-26JUL07-B73.5
0.3304001042127398,t_plus_9h,la,KXHIGHLAX-26JUL07,2.5336182729980643,1.3662862610562674,2.767769435803832,0.0,0.06280193236714979,1.6966863652690072,5.301387708801896,0.0,0.004984671832132992,la|t_plus_9h|bounded,2026-07-07T17:00:00+00:00,2026-07-07,upper_tail,0.0,bounded,-0.0578172605350168,KXHIGHLAX-26JUL07-B73.5
-0.23114164902236034,t_plus_10h,la,KXHIGHLAX-26JUL07,-0.24547490633862545,1.2567762399077265,2.0222831278398843,0.0,0.13235294117647098,1.0256345908853661,1.7768082215012588,0.0,0.1691772627920988,la|t_plus_10h|bounded,2026-07-07T18:00:00+00:00,2026-07-07,upper_tail,0.0,bounded,0.03682432161562782,KXHIGHLAX-26JUL07-B73.5
-0.3811157934041469,t_plus_11h,la,KXHIGHLAX-26JUL07,-0.47858959124475,0.9921764539541899,1.3575842552374593,0.0,0.25728155339805825,0.6110606605500429,0.8789946639927093,0.0,0.41520011755881,la|t_plus_11h|bounded,2026-07-07T19:00:00+00:00,2026-07-07,bounded,0.0,bounded,0.15791856416075173,KXHIGHLAX-26JUL07-B73.5
0.672272969767112,t_plus_12h,la,KXHIGHLAX-26JUL07,0.8889701967891108,0.7270713545103215,0.9840707469358974,0.0,0.37378640776699024,1.3993443242774335,1.8730409437250082,0.0,0.15365569232791987,la|t_plus_12h|bounded,2026-07-07T20:00:00+00:00,2026-07-07,bounded,0.0,bounded,-0.22013071543907037,KXHIGHLAX-26JUL07-B73.5
0.4870415577933618,t_plus_13h,la,KXHIGHLAX-26JUL07,0.6193808091025463,0.6275000000000002,0.843970070294529,0.0,0.43,1.114541557793362,1.4633508793970753,0.0,0.2314593813464678,la|t_plus_13h|bounded,2026-07-07T21:00:00+00:00,2026-07-07,bounded,0.0,bounded,-0.1985406186535322,KXHIGHLAX-26JUL07-B73.5
1.091341636821547,t_plus_14h,la,KXHIGHLAX-26JUL07,1.2748427257685502,0.11823129251700648,0.29086172536916016,1.0,0.747619047619048,1.2095729293385535,1.5657044511377103,0.0,0.20894077275245146,la|t_plus_14h|bounded,2026-07-07T22:00:00+00:00,2026-07-07,bounded,-1.0,bounded,-0.5386782748665965,KXHIGHLAX-26JUL07-B73.5
0.008412745887047445,t_plus_15h,la,KXHIGHLAX-26JUL07,0.05049037218093219,0.018349999999999998,0.11093156070728166,1.0,0.895,0.026762745887047443,0.16142193288821385,1.0,0.8509329587508598,la|t_plus_15h|bounded,2026-07-07T23:00:00+00:00,2026-07-07,bounded,0.0,bounded,-0.04406704124914018,KXHIGHLAX-26JUL07-B73.5
0.007058312389510515,t_plus_16h,la,KXHIGHLAX-26JUL07,0.04671298511225229,0.01970443349753693,0.11470894777596156,1.0,0.8916256157635468,0.026762745887047443,0.16142193288821385,1.0,0.8509329587508598,la|t_plus_16h|bounded,2026-07-08T00:00:00+00:00,2026-07-07,bounded,0.0,bounded,-0.040692657012686984,KXHIGHLAX-26JUL07-B73.5
0.02604186930111895,t_plus_17h,la,KXHIGHLAX-26JUL07,0.13660676376848985,0.0007208765859284905,0.02481516911972402,1.0,0.9754901960784313,0.026762745887047443,0.16142193288821385,1.0,0.8509329587508598,la|t_plus_17h|bounded,2026-07-08T01:00:00+00:00,2026-07-07,bounded,0.0,bounded,-0.12455723732757151,KXHIGHLAX-26JUL07-B73.5
0.0003076122069082831,t_plus_18h,la,KXHIGHLAX-26JUL07,0.0048977458829806315,0.0007208765859284905,0.02481516911972402,1.0,0.9754901960784313,0.0010284887928367736,0.029712915002704652,1.0,0.9707241738967003,la|t_plus_18h|bounded,2026-07-08T02:00:00+00:00,2026-07-07,bounded,0.0,bounded,-0.0047660221817310555,KXHIGHLAX-26JUL07-B73.5
0.0003076122069082831,t_plus_19h,la,KXHIGHLAX-26JUL07,0.0048977458829806315,0.0007208765859284905,0.02481516911972402,1.0,0.9754901960784313,0.0010284887928367736,0.029712915002704652,1.0,0.9707241738967003,la|t_plus_19h|bounded,2026-07-08T03:00:00+00:00,2026-07-07,bounded,0.0,bounded,-0.0047660221817310555,KXHIGHLAX-26JUL07-B73.5
0.0003076122069082831,t_plus_20h,la,KXHIGHLAX-26JUL07,0.0048977458829806315,0.0007208765859284905,0.02481516911972402,1.0,0.9754901960784313,0.0010284887928367736,0.029712915002704652,1.0,0.9707241738967003,la|t_plus_20h|bounded,2026-07-08T04:00:00+00:00,2026-07-07,bounded,0.0,bounded,-0.0047660221817310555,KXHIGHLAX-26JUL07-B73.5
0.0003076122069082831,t_plus_21h,la,KXHIGHLAX-26JUL07,0.0048977458829806315,0.0007208765859284905,0.02481516911972402,1.0,0.9754901960784313,0.0010284887928367736,0.029712915002704652,1.0,0.9707241738967003,la|t_plus_21h|bounded,2026-07-08T05:00:00+00:00,2026-07-07,bounded,0.0,bounded,-0.0047660221817310555,KXHIGHLAX-26JUL07-B73.5
0.0003076122069082831,t_plus_22h,la,KXHIGHLAX-26JUL07,0.0048977458829806315,0.0007208765859284905,0.02481516911972402,1.0,0.9754901960784313,0.0010284887928367736,0.029712915002704652,1.0,0.9707241738967003,la|t_plus_22h|bounded,2026-07-08T06:00:00+00:00,2026-07-07,bounded,0.0,bounded,-0.0047660221817310555,KXHIGHLAX-26JUL07-B73.5
0.0003076122069082831,t_plus_23h,la,KXHIGHLAX-26JUL07,0.0048977458829806315,0.0007208765859284905,0.02481516911972402,1.0,0.9754901960784313,0.0010284887928367736,0.029712915002704652,1.0,0.9707241738967003,la|t_plus_23h|bounded,2026-07-08T07:00:00+00:00,2026-07-07,bounded,0.0,bounded,-0.0047660221817310555,KXHIGHLAX-26JUL07-B73.5
0.2645936708234774,t_plus_0h,mia,KXHIGHMIA-26JUL07,0.21929701241059874,0.23328704622098811,0.5014797613477532,1.0,0.6056338028169013,0.4978807170444655,0.7207767737583519,1.0,0.48637430639038104,mia|t_plus_0h|bounded,2026-07-07T05:00:00+00:00,2026-07-07,bounded,0.0,bounded,-0.11925949642652023,KXHIGHMIA-26JUL07-B92.5
0.2156705222774915,t_plus_1h,mia,KXHIGHMIA-26JUL07,0.15338795199235034,0.2850030570355495,0.570185469425111,1.0,0.5654205607476632,0.500673579313041,0.7235734214174613,0.0,0.4850159890777399,mia|t_plus_1h|bounded,2026-07-07T06:00:00+00:00,2026-07-07,bounded,-1.0,bounded,-0.08040457166992332,KXHIGHMIA-26JUL07-B92.5
0.3052573770219287,t_plus_2h,mia,KXHIGHMIA-26JUL07,0.26549229903680677,0.19073503360916297,0.45339357468011504,1.0,0.6354679802955666,0.4959924106310917,0.7188858737169218,1.0,0.48729486165118824,mia|t_plus_2h|bounded,2026-07-07T07:00:00+00:00,2026-07-07,bounded,0.0,bounded,-0.14817311864437838,KXHIGHMIA-26JUL07-B92.5
0.2746536532346414,t_plus_3h,mia,KXHIGHMIA-26JUL07,0.23337805793522032,0.22133875739645023,0.4855078157817015,1.0,0.615384615384615,0.4959924106310917,0.7188858737169218,1.0,0.48729486165118824,mia|t_plus_3h|bounded,2026-07-07T08:00:00+00:00,2026-07-07,bounded,0.0,bounded,-0.12808975373342674,KXHIGHMIA-26JUL07-B92.5
0.2691290773564039,t_plus_4h,mia,KXHIGHMIA-26JUL07,0.23310942553963532,0.22947845804988715,0.49507726679785213,1.0,0.6095238095238091,0.49860753540629105,0.7281866923374875,1.0,0.48278363211244907,mia|t_plus_4h|bounded,2026-07-07T09:00:00+00:00,2026-07-07,bounded,0.0,bounded,-0.12674017741136007,KXHIGHMIA-26JUL07-B92.5
0.2949426110566139,t_plus_5h,mia,KXHIGHMIA-26JUL07,0.2702070644171658,0.2011659726353359,0.45547552868282537,1.0,0.6341463414634149,0.4961085836919498,0.7256825930999912,1.0,0.4839940851522511,mia|t_plus_5h|bounded,2026-07-07T10:00:00+00:00,2026-07-07,bounded,0.0,bounded,-0.15015225631116375,KXHIGHMIA-26JUL07-B92.5
0.2775945985066655,t_plus_6h,mia,KXHIGHMIA-26JUL07,0.25506616801907184,0.22018140589569118,0.47191020751631657,1.0,0.6238095238095241,0.4977760044023567,0.7269763755353884,1.0,0.4833683070037229,mia|t_plus_6h|bounded,2026-07-07T11:00:00+00:00,2026-07-07,bounded,0.0,bounded,-0.14044121680580124,KXHIGHMIA-26JUL07-B92.5
0.26946096922652424,t_plus_7h,mia,KXHIGHMIA-26JUL07,0.25494747436742227,0.2283191568047338,0.4933509932427268,1.0,0.610576923076923,0.49778012603125804,0.7482984676101491,1.0,0.473170983919155,mia|t_plus_7h|bounded,2026-07-07T12:00:00+00:00,2026-07-07,bounded,0.0,bounded,-0.137405939157768,KXHIGHMIA-26JUL07-B92.5
0.3092468695914273,t_plus_8h,mia,KXHIGHMIA-26JUL07,0.3053757969670843,0.18853325643983077,0.4429226706430648,1.0,0.6421568627450981,0.49778012603125804,0.7482984676101491,1.0,0.473170983919155,mia|t_plus_8h|bounded,2026-07-07T13:00:00+00:00,2026-07-07,bounded,0.0,bounded,-0.16898587882594307,KXHIGHMIA-26JUL07-B92.5
0.3057498339844682,t_plus_9h,mia,KXHIGHMIA-26JUL07,0.3091789067129749,0.19854886068577238,0.44567152858620473,1.0,0.6403940886699508,0.5042986946702406,0.7548504352991796,0.0,0.4700809169847493,mia|t_plus_9h|bounded,2026-07-07T14:00:00+00:00,2026-07-07,bounded,-1.0,bounded,-0.17031317168520155,KXHIGHMIA-26JUL07-B92.5
0.27004246728244613,t_plus_10h,mia,KXHIGHMIA-26JUL07,0.23970058568444147,0.22815058739765037,0.48138895147086086,1.0,0.6179245283018868,0.4981930546800965,0.7210895371553023,1.0,0.4862222100964416,mia|t_plus_10h|bounded,2026-07-07T15:00:00+00:00,2026-07-07,bounded,0.0,bounded,-0.1317023182054452,KXHIGHMIA-26JUL07-B92.5
0.0643173137923134,t_plus_11h,mia,KXHIGHMIA-26JUL07,0.04850999794031757,0.14360779512294644,0.35379309756384336,1.0,0.7020202020202021,0.20792510891525984,0.40230309550416093,1.0,0.6687780113594419,mia|t_plus_11h|bounded,2026-07-07T16:00:00+00:00,2026-07-07,bounded,0.0,bounded,-0.033242190660760174,KXHIGHMIA-26JUL07-B92.5
-0.050988713620636394,t_plus_12h,mia,KXHIGHMIA-26JUL07,-0.13954629105339886,0.06429506246281973,0.23541364390602407,1.0,0.7902439024390244,0.013306348842183334,0.09586735285262521,1.0,0.9085845292216166,mia|t_plus_12h|bounded,2026-07-07T17:00:00+00:00,2026-07-07,bounded,0.0,bounded,0.11834062678259216,KXHIGHMIA-26JUL07-B92.5
0.06508977314935327,t_plus_13h,mia,KXHIGHMIA-26JUL07,0.1075318408389554,0.04151553769238321,0.16660414089854508,1.0,0.8465346534653464,0.10660531084173648,0.2741359817375005,1.0,0.7602286910135548,mia|t_plus_13h|bounded,2026-07-07T18:00:00+00:00,2026-07-07,bounded,0.0,bounded,-0.08630596245179156,KXHIGHMIA-26JUL07-B92.5
-0.020546598889169806,t_plus_14h,mia,KXHIGHMIA-26JUL07,-0.09065076724717036,0.02157508768200658,0.12036368224987501,1.0,0.88659793814433,0.0010284887928367736,0.029712915002704652,1.0,0.9707241738967003,mia|t_plus_14h|bounded,2026-07-07T19:00:00+00:00,2026-07-07,bounded,0.0,bounded,0.08412623575237033,KXHIGHMIA-26JUL07-B92.5
-0.0005061266869780879,t_plus_15h,mia,KXHIGHMIA-26JUL07,-0.005733833993043034,0.0015346154798148615,0.035446748995747686,1.0,0.9651741293532338,0.0010284887928367736,0.029712915002704652,1.0,0.9707241738967003,mia|t_plus_15h|bounded,2026-07-07T20:00:00+00:00,2026-07-07,bounded,0.0,bounded,0.005550044543466526,KXHIGHMIA-26JUL07-B92.5
0.0003076122069082831,t_plus_16h,mia,KXHIGHMIA-26JUL07,0.0048977458829806315,0.0007208765859284905,0.02481516911972402,1.0,0.9754901960784313,0.0010284887928367736,0.029712915002704652,1.0,0.9707241738967003,mia|t_plus_16h|bounded,2026-07-07T21:00:00+00:00,2026-07-07,bounded,0.0,bounded,-0.0047660221817310555,KXHIGHMIA-26JUL07-B92.5
0.0003076122069082831,t_plus_17h,mia,KXHIGHMIA-26JUL07,0.0048977458829806315,0.0007208765859284905,0.02481516911972402,1.0,0.9754901960784313,0.0010284887928367736,0.029712915002704652,1.0,0.9707241738967003,mia|t_plus_17h|bounded,2026-07-07T22:00:00+00:00,2026-07-07,bounded,0.0,bounded,-0.0047660221817310555,KXHIGHMIA-26JUL07-B92.5
0.0003076122069082831,t_plus_18h,mia,KXHIGHMIA-26JUL07,0.0048977458829806315,0.0007208765859284905,0.02481516911972402,1.0,0.9754901960784313,0.0010284887928367736,0.029712915002704652,1.0,0.9707241738967003,mia|t_plus_18h|bounded,2026-07-07T23:00:00+00:00,2026-07-07,bounded,0.0,bounded,-0.0047660221817310555,KXHIGHMIA-26JUL07-B92.5
0.0003076122069082831,t_plus_19h,mia,KXHIGHMIA-26JUL07,0.0048977458829806315,0.0007208765859284905,0.02481516911972402,1.0,0.9754901960784313,0.0010284887928367736,0.029712915002704652,1.0,0.9707241738967003,mia|t_plus_19h|bounded,2026-07-08T00:00:00+00:00,2026-07-07,bounded,0.0,bounded,-0.0047660221817310555,KXHIGHMIA-26JUL07-B92.5
0.0003076122069082831,t_plus_20h,mia,KXHIGHMIA-26JUL07,0.0048977458829806315,0.0007208765859284905,0.02481516911972402,1.0,0.9754901960784313,0.0010284887928367736,0.029712915002704652,1.0,0.9707241738967003,mia|t_plus_20h|bounded,2026-07-08T01:00:00+00:00,2026-07-07,bounded,0.0,bounded,-0.0047660221817310555,KXHIGHMIA-26JUL07-B92.5
0.0003076122069082831,t_plus_21h,mia,KXHIGHMIA-26JUL07,0.0048977458829806315,0.0007208765859284905,0.02481516911972402,1.0,0.9754901960784313,0.0010284887928367736,0.029712915002704652,1.0,0.9707241738967003,mia|t_plus_21h|bounded,2026-07-08T02:00:00+00:00,2026-07-07,bounded,0.0,bounded,-0.0047660221817310555,KXHIGHMIA-26JUL07-B92.5
0.0003076122069082831,t_plus_22h,mia,KXHIGHMIA-26JUL07,0.0048977458829806315,0.0007208765859284905,0.02481516911972402,1.0,0.9754901960784313,0.0010284887928367736,0.029712915002704652,1.0,0.9707241738967003,mia|t_plus_22h|bounded,2026-07-08T03:00:00+00:00,2026-07-07,bounded,0.0,bounded,-0.0047660221817310555,KXHIGHMIA-26JUL07-B92.5
0.0003076122069082831,t_plus_23h,mia,KXHIGHMIA-26JUL07,0.0048977458829806315,0.0007208765859284905,0.02481516911972402,1.0,0.9754901960784313,0.0010284887928367736,0.029712915002704652,1.0,0.9707241738967003,mia|t_plus_23h|bounded,2026-07-08T04:00:00+00:00,2026-07-07,bounded,0.0,bounded,-0.0047660221817310555,KXHIGHMIA-26JUL07-B92.5
-0.015263322049147075,t_plus_0h,nyc,KXHIGHNY-26JUL07,-0.07892092600009076,0.016291810841983848,0.10863384100279541,1.0,0.8970588235294118,0.0010284887928367736,0.029712915002704652,1.0,0.9707241738967003,nyc|t_plus_0h|lower_tail,2026-07-07T05:00:00+00:00,2026-07-07,lower_tail,0.0,lower_tail,0.0736653503672885,KXHIGHNY-26JUL07-T75
-0.016268146139767604,t_plus_1h,nyc,KXHIGHNY-26JUL07,-0.07780742870855156,0.017296634932604377,0.10752034371125621,1.0,0.8980582524271845,0.0010284887928367736,0.029712915002704652,1.0,0.9707241738967003,nyc|t_plus_1h|lower_tail,2026-07-07T06:00:00+00:00,2026-07-07,lower_tail,0.0,lower_tail,0.07266592146951578,KXHIGHNY-26JUL07-T75
-0.004116018474993075,t_plus_2h,nyc,KXHIGHNY-26JUL07,-0.031219635992452848,0.005144507267829849,0.0609325509951575,1.0,0.9408866995073891,0.0010284887928367736,0.029712915002704652,1.0,0.9707241738967003,nyc|t_plus_2h|lower_tail,2026-07-07T07:00:00+00:00,2026-07-07,lower_tail,0.0,lower_tail,0.02983747438931117,KXHIGHNY-26JUL07-T75
-0.0016673253430322655,t_plus_3h,nyc,KXHIGHNY-26JUL07,-0.0158645934936146,0.002695814135869039,0.04557750849631925,1.0,0.9554455445544554,0.0010284887928367736,0.029712915002704652,1.0,0.9707241738967003,nyc|t_plus_3h|lower_tail,2026-07-07T08:00:00+00:00,2026-07-07,lower_tail,0.0,lower_tail,0.015278629342244887,KXHIGHNY-26JUL07-T75
-0.0016673253430322655,t_plus_4h,nyc,KXHIGHNY-26JUL07,-0.0158645934936146,0.002695814135869039,0.04557750849631925,1.0,0.9554455445544554,0.0010284887928367736,0.029712915002704652,1.0,0.9707241738967003,nyc|t_plus_4h|lower_tail,2026-07-07T09:00:00+00:00,2026-07-07,lower_tail,0.0,lower_tail,0.015278629342244887,KXHIGHNY-26JUL07-T75
-0.0016673253430322655,t_plus_5h,nyc,KXHIGHNY-26JUL07,-0.0158645934936146,0.002695814135869039,0.04557750849631925,1.0,0.9554455445544554,0.0010284887928367736,0.029712915002704652,1.0,0.9707241738967003,nyc|t_plus_5h|lower_tail,2026-07-07T10:00:00+00:00,2026-07-07,lower_tail,0.0,lower_tail,0.015278629342244887,KXHIGHNY-26JUL07-T75
-0.0016673253430322655,t_plus_6h,nyc,KXHIGHNY-26JUL07,-0.0158645934936146,0.002695814135869039,0.04557750849631925,1.0,0.9554455445544554,0.0010284887928367736,0.029712915002704652,1.0,0.9707241738967003,nyc|t_plus_6h|lower_tail,2026-07-07T11:00:00+00:00,2026-07-07,lower_tail,0.0,lower_tail,0.015278629342244887,KXHIGHNY-26JUL07-T75
-0.0016673253430322655,t_plus_7h,nyc,KXHIGHNY-26JUL07,-0.0158645934936146,0.002695814135869039,0.04557750849631925,1.0,0.9554455445544554,0.0010284887928367736,0.029712915002704652,1.0,0.9707241738967003,nyc|t_plus_7h|lower_tail,2026-07-07T12:00:00+00:00,2026-07-07,lower_tail,0.0,lower_tail,0.015278629342244887,KXHIGHNY-26JUL07-T75
-0.0004325348663205444,t_plus_8h,nyc,KXHIGHNY-26JUL07,-0.0048584290623840155,0.001461023659157318,0.03457134406508867,1.0,0.9660194174757282,0.0010284887928367736,0.029712915002704652,1.0,0.9707241738967003,nyc|t_plus_8h|lower_tail,2026-07-07T13:00:00+00:00,2026-07-07,lower_tail,0.0,lower_tail,0.004704756420972123,KXHIGHNY-26JUL07-T75
-0.0016147253555676819,t_plus_9h,nyc,KXHIGHNY-26JUL07,-0.015407520277764892,0.0026432141484044555,0.045120435280469544,1.0,0.9558823529411765,0.0010284887928367736,0.029712915002704652,1.0,0.9707241738967003,nyc|t_plus_9h|lower_tail,2026-07-07T14:00:00+00:00,2026-07-07,lower_tail,0.0,lower_tail,0.014841820955523777,KXHIGHNY-26JUL07-T75
-0.0016147253555676819,t_plus_10h,nyc,KXHIGHNY-26JUL07,-0.015407520277764892,0.0026432141484044555,0.045120435280469544,1.0,0.9558823529411765,0.0010284887928367736,0.029712915002704652,1.0,0.9707241738967003,nyc|t_plus_10h|lower_tail,2026-07-07T15:00:00+00:00,2026-07-07,lower_tail,0.0,lower_tail,0.014841820955523777,KXHIGHNY-26JUL07-T75
0.0003076122069082831,t_plus_11h,nyc,KXHIGHNY-26JUL07,0.0048977458829806315,0.0007208765859284905,0.02481516911972402,1.0,0.9754901960784313,0.0010284887928367736,0.029712915002704652,1.0,0.9707241738967003,nyc|t_plus_11h|lower_tail,2026-07-07T16:00:00+00:00,2026-07-07,lower_tail,0.0,lower_tail,-0.0047660221817310555,KXHIGHNY-26JUL07-T75
0.0003076122069082831,t_plus_12h,nyc,KXHIGHNY-26JUL07,0.0048977458829806315,0.0007208765859284905,0.02481516911972402,1.0,0.9754901960784313,0.0010284887928367736,0.029712915002704652,1.0,0.9707241738967003,nyc|t_plus_12h|lower_tail,2026-07-07T17:00:00+00:00,2026-07-07,lower_tail,0.0,lower_tail,-0.0047660221817310555,KXHIGHNY-26JUL07-T75
0.0003076122069082831,t_plus_13h,nyc,KXHIGHNY-26JUL07,0.0048977458829806315,0.0007208765859284905,0.02481516911972402,1.0,0.9754901960784313,0.0010284887928367736,0.029712915002704652,1.0,0.9707241738967003,nyc|t_plus_13h|lower_tail,2026-07-07T18:00:00+00:00,2026-07-07,lower_tail,0.0,lower_tail,-0.0047660221817310555,KXHIGHNY-26JUL07-T75
0.0003076122069082831,t_plus_14h,nyc,KXHIGHNY-26JUL07,0.0048977458829806315,0.0007208765859284905,0.02481516911972402,1.0,0.9754901960784313,0.0010284887928367736,0.029712915002704652,1.0,0.9707241738967003,nyc|t_plus_14h|lower_tail,2026-07-07T19:00:00+00:00,2026-07-07,lower_tail,0.0,lower_tail,-0.0047660221817310555,KXHIGHNY-26JUL07-T75
0.0003076122069082831,t_plus_15h,nyc,KXHIGHNY-26JUL07,0.0048977458829806315,0.0007208765859284905,0.02481516911972402,1.0,0.9754901960784313,0.0010284887928367736,0.029712915002704652,1.0,0.9707241738967003,nyc|t_plus_15h|lower_tail,2026-07-07T20:00:00+00:00,2026-07-07,lower_tail,0.0,lower_tail,-0.0047660221817310555,KXHIGHNY-26JUL07-T75
0.0003076122069082831,t_plus_16h,nyc,KXHIGHNY-26JUL07,0.0048977458829806315,0.0007208765859284905,0.02481516911972402,1.0,0.9754901960784313,0.0010284887928367736,0.029712915002704652,1.0,0.9707241738967003,nyc|t_plus_16h|lower_tail,2026-07-07T21:00:00+00:00,2026-07-07,lower_tail,0.0,lower_tail,-0.0047660221817310555,KXHIGHNY-26JUL07-T75
0.0003076122069082831,t_plus_17h,nyc,KXHIGHNY-26JUL07,0.0048977458829806315,0.0007208765859284905,0.02481516911972402,1.0,0.9754901960784313,0.0010284887928367736,0.029712915002704652,1.0,0.9707241738967003,nyc|t_plus_17h|lower_tail,2026-07-07T22:00:00+00:00,2026-07-07,lower_tail,0.0,lower_tail,-0.0047660221817310555,KXHIGHNY-26JUL07-T75
0.0003076122069082831,t_plus_18h,nyc,KXHIGHNY-26JUL07,0.0048977458829806315,0.0007208765859284905,0.02481516911972402,1.0,0.9754901960784313,0.0010284887928367736,0.029712915002704652,1.0,0.9707241738967003,nyc|t_plus_18h|lower_tail,2026-07-07T23:00:00+00:00,2026-07-07,lower_tail,0.0,lower_tail,-0.0047660221817310555,KXHIGHNY-26JUL07-T75
0.0003076122069082831,t_plus_19h,nyc,KXHIGHNY-26JUL07,0.0048977458829806315,0.0007208765859284905,0.02481516911972402,1.0,0.9754901960784313,0.0010284887928367736,0.029712915002704652,1.0,0.9707241738967003,nyc|t_plus_19h|lower_tail,2026-07-08T00:00:00+00:00,2026-07-07,lower_tail,0.0,lower_tail,-0.0047660221817310555,KXHIGHNY-26JUL07-T75
0.0003076122069082831,t_plus_20h,nyc,KXHIGHNY-26JUL07,0.0048977458829806315,0.0007208765859284905,0.02481516911972402,1.0,0.9754901960784313,0.0010284887928367736,0.029712915002704652,1.0,0.9707241738967003,nyc|t_plus_20h|lower_tail,2026-07-08T01:00:00+00:00,2026-07-07,lower_tail,0.0,lower_tail,-0.0047660221817310555,KXHIGHNY-26JUL07-T75
0.0003076122069082831,t_plus_21h,nyc,KXHIGHNY-26JUL07,0.0048977458829806315,0.0007208765859284905,0.02481516911972402,1.0,0.9754901960784313,0.0010284887928367736,0.029712915002704652,1.0,0.9707241738967003,nyc|t_plus_21h|lower_tail,2026-07-08T02:00:00+00:00,2026-07-07,lower_tail,0.0,lower_tail,-0.0047660221817310555,KXHIGHNY-26JUL07-T75
0.0003076122069082831,t_plus_22h,nyc,KXHIGHNY-26JUL07,0.0048977458829806315,0.0007208765859284905,0.02481516911972402,1.0,0.9754901960784313,0.0010284887928367736,0.029712915002704652,1.0,0.9707241738967003,nyc|t_plus_22h|lower_tail,2026-07-08T03:00:00+00:00,2026-07-07,lower_tail,0.0,lower_tail,-0.0047660221817310555,KXHIGHNY-26JUL07-T75
0.0003076122069082831,t_plus_23h,nyc,KXHIGHNY-26JUL07,0.0048977458829806315,0.0007208765859284905,0.02481516911972402,1.0,0.9754901960784313,0.0010284887928367736,0.029712915002704652,1.0,0.9707241738967003,nyc|t_plus_23h|lower_tail,2026-07-08T04:00:00+00:00,2026-07-07,lower_tail,0.0,lower_tail,-0.0047660221817310555,KXHIGHNY-26JUL07-T75
-0.09880553316422297,t_plus_0h,okc,KXHIGHTOKC-26JUL07,-0.3229407197298695,0.5093148496482778,0.9791386355338193,1.0,0.37563451776649726,0.4105093164840548,0.6561979158039498,1.0,0.5188201872825325,okc|t_plus_0h|bounded,2026-07-07T06:00:00+00:00,2026-07-07,bounded,0.0,bounded,0.14318566951603529,KXHIGHTOKC-26JUL07-B93.5
0.014665324465934881,t_plus_1h,okc,KXHIGHTOKC-26JUL07,-0.18202349425987885,0.4891546639231829,0.9326271511938492,1.0,0.39351851851851827,0.5038199883891178,0.7506036569339704,1.0,0.47208149144434747,okc|t_plus_1h|bounded,2026-07-07T07:00:00+00:00,2026-07-07,bounded,0.0,bounded,0.0785629729258292,KXHIGHTOKC-26JUL07-B93.5
-0.10075998159404259,t_plus_2h,okc,KXHIGHTOKC-26JUL07,-0.2702707933860413,0.42740907754141727,0.8656164409108881,1.0,0.4207920792079209,0.3266490959473747,0.5953456475248468,1.0,0.5513719525765434,okc|t_plus_2h|bounded,2026-07-07T08:00:00+00:00,2026-07-07,bounded,0.0,bounded,0.13057987336862248,KXHIGHTOKC-26JUL07-B93.5
-0.1479242609830391,t_plus_3h,okc,KXHIGHTOKC-26JUL07,-0.3340120502304888,0.3904102457309461,0.8122065405759346,1.0,0.4438775510204077,0.24248598474790703,0.47819449034544576,1.0,0.6199016203765918,okc|t_plus_3h|bounded,2026-07-07T09:00:00+00:00,2026-07-07,bounded,0.0,bounded,0.1760240693561841,KXHIGHTOKC-26JUL07-B93.5
-0.1479242609830391,t_plus_4h,okc,KXHIGHTOKC-26JUL07,-0.3340120502304888,0.3904102457309461,0.8122065405759346,1.0,0.4438775510204077,0.24248598474790703,0.47819449034544576,1.0,0.6199016203765918,okc|t_plus_4h|bounded,2026-07-07T10:00:00+00:00,2026-07-07,bounded,0.0,bounded,0.1760240693561841,KXHIGHTOKC-26JUL07-B93.5
-0.058918710213111736,t_plus_5h,okc,KXHIGHTOKC-26JUL07,-0.22550335050999348,0.3719575820815839,0.7806064858885312,1.0,0.4581280788177341,0.3130388718684722,0.5551031353785377,1.0,0.574013057089541,okc|t_plus_5h|bounded,2026-07-07T11:00:00+00:00,2026-07-07,bounded,0.0,bounded,0.11588497827180688,KXHIGHTOKC-26JUL07-B93.5
-0.09717397177692422,t_plus_6h,okc,KXHIGHTOKC-26JUL07,-0.2474988413591253,0.3528205128205127,0.7404000654104905,1.0,0.47692307692307706,0.25564654104358847,0.4929012240513652,1.0,0.6108516035326521,okc|t_plus_6h|bounded,2026-07-07T12:00:00+00:00,2026-07-07,bounded,0.0,bounded,0.13392852660957505,KXHIGHTOKC-26JUL07-B93.5
-0.084654868776538,t_plus_7h,okc,KXHIGHTOKC-26JUL07,-0.21641881575418104,0.34030140982012647,0.7093200398055463,1.0,0.4919786096256685,0.25564654104358847,0.4929012240513652,1.0,0.6108516035326521,okc|t_plus_7h|bounded,2026-07-07T13:00:00+00:00,2026-07-07,bounded,0.0,bounded,0.11887299390698364,KXHIGHTOKC-26JUL07-B93.5
-0.16371169429067328,t_plus_8h,okc,KXHIGHTOKC-26JUL07,-0.3010323740757129,0.35769896193771583,0.7230001437096257,1.0,0.48529411764705915,0.19398726764704255,0.4219677696339128,1.0,0.655755174282178,okc|t_plus_8h|bounded,2026-07-07T14:00:00+00:00,2026-07-07,bounded,0.0,bounded,0.17046105663511885,KXHIGHTOKC-26JUL07-B93.5
-0.22474803593666168,t_plus_9h,okc,KXHIGHTOKC-26JUL07,-0.3854576128673279,0.4218587991328118,0.7739992771890405,1.0,0.4611650485436892,0.19711076319615015,0.3885416643217126,1.0,0.6780449710075528,okc|t_plus_9h|bounded,2026-07-07T15:00:00+00:00,2026-07-07,bounded,0.0,bounded,0.21687992246386356,KXHIGHTOKC-26JUL07-B93.5
-0.20144272841455033,t_plus_10h,okc,KXHIGHTOKC-26JUL07,-0.32858748092471807,0.39855349161070047,0.7171291452464307,1.0,0.48815165876777256,0.19711076319615015,0.3885416643217126,1.0,0.6780449710075528,okc|t_plus_10h|bounded,2026-07-07T16:00:00+00:00,2026-07-07,bounded,0.0,bounded,0.18989331223978023,KXHIGHTOKC-26JUL07-B93.5
-0.14692413534320878,t_plus_11h,okc,KXHIGHTOKC-26JUL07,-0.26576568292196895,0.3440348985393589,0.6543073472436816,1.0,0.5198019801980197,0.19711076319615015,0.3885416643217126,1.0,0.6780449710075528,okc|t_plus_11h|bounded,2026-07-07T17:00:00+00:00,2026-07-07,bounded,0.0,bounded,0.15824299080953308,KXHIGHTOKC-26JUL07-B93.5
-0.11268067930745576,t_plus_12h,okc,KXHIGHTOKC-26JUL07,-0.2088604592798486,0.3097914425036059,0.5974021236015612,1.0,0.5502392344497606,0.19711076319615015,0.3885416643217126,1.0,0.6780449710075528,okc|t_plus_12h|bounded,2026-07-07T18:00:00+00:00,2026-07-07,bounded,0.0,bounded,0.12780573655779215,KXHIGHTOKC-26JUL07-B93.5
-0.04062815846453077,t_plus_13h,okc,KXHIGHTOKC-26JUL07,-0.11986487310670074,0.21428738126910807,0.4806885293457523,1.0,0.6183574879227051,0.1736592228045773,0.36082365623905155,1.0,0.697101917202422,okc|t_plus_13h|bounded,2026-07-07T19:00:00+00:00,2026-07-07,bounded,0.0,bounded,0.07874442927971692,KXHIGHTOKC-26JUL07-B93.5
-0.0280279781459761,t_plus_14h,okc,KXHIGHTOKC-26JUL07,-0.08242363608675984,0.21064139941690946,0.49062291644847084,1.0,0.6122448979591839,0.18261342127093336,0.408199280361711,1.0,0.6648463747940638,okc|t_plus_14h|bounded,2026-07-07T20:00:00+00:00,2026-07-07,bounded,0.0,bounded,0.05260147683487992,KXHIGHTOKC-26JUL07-B93.5
-0.00897126368853744,t_plus_15h,okc,KXHIGHTOKC-26JUL07,-0.053236167978046256,0.009999752481374214,0.0829490829807509,1.0,0.9203980099502488,0.0010284887928367736,0.029712915002704652,1.0,0.9707241738967003,okc|t_plus_15h|bounded,2026-07-07T21:00:00+00:00,2026-07-07,bounded,0.0,bounded,0.05032616394645151,KXHIGHTOKC-26JUL07-B93.5
-0.0016673253430322655,t_plus_16h,okc,KXHIGHTOKC-26JUL07,-0.0158645934936146,0.002695814135869039,0.04557750849631925,1.0,0.9554455445544554,0.0010284887928367736,0.029712915002704652,1.0,0.9707241738967003,okc|t_plus_16h|bounded,2026-07-07T22:00:00+00:00,2026-07-07,bounded,0.0,bounded,0.015278629342244887,KXHIGHTOKC-26JUL07-B93.5
0.0003076122069082831,t_plus_17h,okc,KXHIGHTOKC-26JUL07,0.0048977458829806315,0.0007208765859284905,0.02481516911972402,1.0,0.9754901960784313,0.0010284887928367736,0.029712915002704652,1.0,0.9707241738967003,okc|t_plus_17h|bounded,2026-07-07T23:00:00+00:00,2026-07-07,bounded,0.0,bounded,-0.0047660221817310555,KXHIGHTOKC-26JUL07-B93.5
0.0003076122069082831,t_plus_18h,okc,KXHIGHTOKC-26JUL07,0.0048977458829806315,0.0007208765859284905,0.02481516911972402,1.0,0.9754901960784313,0.0010284887928367736,0.029712915002704652,1.0,0.9707241738967003,okc|t_plus_18h|bounded,2026-07-08T00:00:00+00:00,2026-07-07,bounded,0.0,bounded,-0.0047660221817310555,KXHIGHTOKC-26JUL07-B93.5
0.0003076122069082831,t_plus_19h,okc,KXHIGHTOKC-26JUL07,0.0048977458829806315,0.0007208765859284905,0.02481516911972402,1.0,0.9754901960784313,0.0010284887928367736,0.029712915002704652,1.0,0.9707241738967003,okc|t_plus_19h|bounded,2026-07-08T01:00:00+00:00,2026-07-07,bounded,0.0,bounded,-0.0047660221817310555,KXHIGHTOKC-26JUL07-B93.5
0.0003076122069082831,t_plus_20h,okc,KXHIGHTOKC-26JUL07,0.0048977458829806315,0.0007208765859284905,0.02481516911972402,1.0,0.9754901960784313,0.0010284887928367736,0.029712915002704652,1.0,0.9707241738967003,okc|t_plus_20h|bounded,2026-07-08T02:00:00+00:00,2026-07-07,bounded,0.0,bounded,-0.0047660221817310555,KXHIGHTOKC-26JUL07-B93.5
0.0003076122069082831,t_plus_21h,okc,KXHIGHTOKC-26JUL07,0.0048977458829806315,0.0007208765859284905,0.02481516911972402,1.0,0.9754901960784313,0.0010284887928367736,0.029712915002704652,1.0,0.9707241738967003,okc|t_plus_21h|bounded,2026-07-08T03:00:00+00:00,2026-07-07,bounded,0.0,bounded,-0.0047660221817310555,KXHIGHTOKC-26JUL07-B93.5
0.0003076122069082831,t_plus_22h,okc,KXHIGHTOKC-26JUL07,0.0048977458829806315,0.0007208765859284905,0.02481516911972402,1.0,0.9754901960784313,0.0010284887928367736,0.029712915002704652,1.0,0.9707241738967003,okc|t_plus_22h|bounded,2026-07-08T04:00:00+00:00,2026-07-07,bounded,0.0,bounded,-0.0047660221817310555,KXHIGHTOKC-26JUL07-B93.5
0.0003076122069082831,t_plus_23h,okc,KXHIGHTOKC-26JUL07,0.0048977458829806315,0.0007208765859284905,0.02481516911972402,1.0,0.9754901960784313,0.0010284887928367736,0.029712915002704652,1.0,0.9707241738967003,okc|t_plus_23h|bounded,2026-07-08T05:00:00+00:00,2026-07-07,bounded,0.0,bounded,-0.0047660221817310555,KXHIGHTOKC-26JUL07-B93.5
0.6767225277440584,t_plus_0h,aus,KXHIGHAUS-26JUL08,0.8046857455297679,0.4113115159138384,0.697897783318543,1.0,0.49763033175355453,1.0880340436578968,1.502583528848311,0.0,0.22255444095655408,aus|t_plus_0h|bounded,2026-07-08T06:00:00+00:00,2026-07-08,bounded,-1.0,bounded,-0.27507589079700046,KXHIGHAUS-26JUL08-B99.5
0.6601079134567527,t_plus_1h,aus,KXHIGHAUS-26JUL08,0.7678614974774279,0.4347846981930023,0.7230001437096262,1.0,0.485294117647059,1.094892611649755,1.490861641187054,0.0,0.22517854881417393,aus|t_plus_1h|bounded,2026-07-08T07:00:00+00:00,2026-07-08,bounded,-1.0,bounded,-0.26011556883288506,KXHIGHAUS-26JUL08-B99.5
0.6199253073687934,t_plus_2h,aus,KXHIGHAUS-26JUL08,0.717182868719734,0.46804113802383723,0.7855205006909608,1.0,0.4558823529411763,1.0879664453926305,1.5027033694106948,0.0,0.22252777150526176,aus|t_plus_2h|bounded,2026-07-08T08:00:00+00:00,2026-07-08,bounded,-1.0,bounded,-0.23335458143591453,KXHIGHAUS-26JUL08-B99.5
0.6752062947216854,t_plus_3h,aus,KXHIGHAUS-26JUL08,0.7930524475212971,0.4196863169280697,0.697809193665757,1.0,0.497674418604651,1.094892611649755,1.490861641187054,0.0,0.22517854881417393,aus|t_plus_3h|bounded,2026-07-08T09:00:00+00:00,2026-07-08,bounded,-1.0,bounded,-0.2724958697904771,KXHIGHAUS-26JUL08-B99.5
0.6712748284372474,t_plus_4h,aus,KXHIGHAUS-26JUL08,0.7883247202772697,0.42361778321250765,0.7025369209097844,1.0,0.4953271028037383,1.094892611649755,1.490861641187054,0.0,0.22517854881417393,aus|t_plus_4h|bounded,2026-07-08T10:00:00+00:00,2026-07-08,bounded,-1.0,bounded,-0.2701485539895644,KXHIGHAUS-26JUL08-B99.5
0.6870180848785279,t_plus_5h,aus,KXHIGHAUS-26JUL08,0.8023548401836116,0.4078745267712272,0.6885068010034425,1.0,0.5023255813953491,1.094892611649755,1.490861641187054,0.0,0.22517854881417393,aus|t_plus_5h|bounded,2026-07-08T11:00:00+00:00,2026-07-08,bounded,-1.0,bounded,-0.2771470325811752,KXHIGHAUS-26JUL08-B99.5
0.7559349948734563,t_plus_6h,aus,KXHIGHAUS-26JUL08,0.8794624371733164,0.3358304744568136,0.5965203448708738,1.0,0.5507246376811593,1.0917654693302699,1.4759827820441902,0.0,0.22855399786817782,aus|t_plus_6h|bounded,2026-07-08T12:00:00+00:00,2026-07-08,bounded,-1.0,bounded,-0.3221706398129815,KXHIGHAUS-26JUL08-B99.5
0.7764256149371094,t_plus_7h,aus,KXHIGHAUS-26JUL08,0.8873169232083564,0.2667638483965009,0.5245244681241519,1.0,0.591836734693878,1.0431894633336103,1.4118413913325083,0.0,0.24369413348501326,aus|t_plus_7h|bounded,2026-07-08T13:00:00+00:00,2026-07-08,bounded,-1.0,bounded,-0.34814260120886475,KXHIGHAUS-26JUL08-B99.5
0.6805746359955218,t_plus_8h,aus,KXHIGHAUS-26JUL08,0.8138675122440425,0.4105005184277495,0.6834852696482078,1.0,0.5048543689320392,1.0910751544232713,1.4973527818922503,0.0,0.22372161686082032,aus|t_plus_8h|bounded,2026-07-08T14:00:00+00:00,2026-07-08,bounded,-1.0,bounded,-0.28113275207121885,KXHIGHAUS-26JUL08-B99.5
0.5549395737616659,t_plus_9h,aus,KXHIGHAUS-26JUL08,0.6860804753684708,0.5289693841224637,0.8239867815187565,0.0,0.4386792452830189,1.0839089578841297,1.5100672568872273,0.0,0.22089512074153392,aus|t_plus_9h|bounded,2026-07-08T15:00:00+00:00,2026-07-08,bounded,0.0,bounded,-0.21778412454148496,KXHIGHAUS-26JUL08-B99.5
0.7127979395906769,t_plus_10h,aus,KXHIGHAUS-26JUL08,0.859985752638603,0.38067428853799407,0.6333592621809727,1.0,0.5308056872037911,1.093472228128671,1.4933450148195757,0.0,0.2246200401233511,aus|t_plus_10h|bounded,2026-07-08T16:00:00+00:00,2026-07-08,bounded,-1.0,bounded,-0.30618564708043994,KXHIGHAUS-26JUL08-B99.5
0.6860411408178294,t_plus_11h,aus,KXHIGHAUS-26JUL08,0.8415931334039256,0.4050340136054419,0.6557596484883247,1.0,0.5190476190476192,1.0910751544232713,1.4973527818922503,0.0,0.22372161686082032,aus|t_plus_11h|bounded,2026-07-08T17:00:00+00:00,2026-07-08,bounded,-1.0,bounded,-0.2953260021867989,KXHIGHAUS-26JUL08-B99.5
0.5310619486692713,t_plus_12h,aus,KXHIGHAUS-26JUL08,0.6632463651175154,0.5570270525025928,0.839239799057442,0.0,0.432038834951456,1.088089001171864,1.5024861641749574,0.0,0.2225761109519301,aus|t_plus_12h|bounded,2026-07-08T18:00:00+00:00,2026-07-08,bounded,0.0,bounded,-0.2094627239995259,KXHIGHAUS-26JUL08-B99.5
0.660819166904181,t_plus_13h,aus,KXHIGHAUS-26JUL08,0.8283687112263264,0.43265306122449015,0.6649763035932493,1.0,0.5142857142857141,1.093472228128671,1.4933450148195757,0.0,0.2246200401233511,aus|t_plus_13h|bounded,2026-07-08T19:00:00+00:00,2026-07-08,bounded,-1.0,bounded,-0.289665674162363,KXHIGHAUS-26JUL08-B99.5
0.7768964627530409,t_plus_14h,aus,KXHIGHAUS-26JUL08,0.9166474846254857,0.2712,0.4861330111756192,1.0,0.615,1.048096462753041,1.402780495801105,0.0,0.24591225447583184,aus|t_plus_14h|bounded,2026-07-08T20:00:00+00:00,2026-07-08,bounded,-1.0,bounded,-0.3690877455241681,KXHIGHAUS-26JUL08-B99.5
0.22397391353264764,t_plus_15h,aus,KXHIGHAUS-26JUL08,0.2857463818832997,0.11127034023668611,0.28129227435300963,1.0,0.7548076923076925,0.33524425376933376,0.5670386562363093,1.0,0.5672026360839562,aus|t_plus_15h|bounded,2026-07-08T21:00:00+00:00,2026-07-08,bounded,0.0,bounded,-0.18760505622373636,KXHIGHAUS-26JUL08-B99.5
-0.13002799761252704,t_plus_16h,aus,KXHIGHAUS-26JUL08,-0.11063309860529913,0.6270460841097962,0.8425245816345461,0.0,0.4306220095693779,0.4970180864972692,0.731891483029247,1.0,0.48099832893537176,aus|t_plus_16h|bounded,2026-07-08T22:00:00+00:00,2026-07-08,bounded,1.0,bounded,0.05037631936599385,KXHIGHAUS-26JUL08-B99.5
0.013743496112794705,t_plus_17h,aus,KXHIGHAUS-26JUL08,0.09089028431221499,0.0007208765859284905,0.02481516911972402,1.0,0.9754901960784313,0.014464372698723195,0.11570545343193901,1.0,0.8907375483500136,aus|t_plus_17h|bounded,2026-07-08T23:00:00+00:00,2026-07-08,bounded,0.0,bounded,-0.08475264772841773,KXHIGHAUS-26JUL08-B99.5
0.013743496112794705,t_plus_18h,aus,KXHIGHAUS-26JUL08,0.09089028431221499,0.0007208765859284905,0.02481516911972402,1.0,0.9754901960784313,0.014464372698723195,0.11570545343193901,1.0,0.8907375483500136,aus|t_plus_18h|bounded,2026-07-09T00:00:00+00:00,2026-07-08,bounded,0.0,bounded,-0.08475264772841773,KXHIGHAUS-26JUL08-B99.5
0.013743496112794705,t_plus_19h,aus,KXHIGHAUS-26JUL08,0.09089028431221499,0.0007208765859284905,0.02481516911972402,1.0,0.9754901960784313,0.014464372698723195,0.11570545343193901,1.0,0.8907375483500136,aus|t_plus_19h|bounded,2026-07-09T01:00:00+00:00,2026-07-08,bounded,0.0,bounded,-0.08475264772841773,KXHIGHAUS-26JUL08-B99.5
0.013743496112794705,t_plus_20h,aus,KXHIGHAUS-26JUL08,0.09089028431221499,0.0007208765859284905,0.02481516911972402,1.0,0.9754901960784313,0.014464372698723195,0.11570545343193901,1.0,0.8907375483500136,aus|t_plus_20h|bounded,2026-07-09T02:00:00+00:00,2026-07-08,bounded,0.0,bounded,-0.08475264772841773,KXHIGHAUS-26JUL08-B99.5
0.013743496112794705,t_plus_21h,aus,KXHIGHAUS-26JUL08,0.09089028431221499,0.0007208765859284905,0.02481516911972402,1.0,0.9754901960784313,0.014464372698723195,0.11570545343193901,1.0,0.8907375483500136,aus|t_plus_21h|bounded,2026-07-09T03:00:00+00:00,2026-07-08,bounded,0.0,bounded,-0.08475264772841773,KXHIGHAUS-26JUL08-B99.5
0.013743496112794705,t_plus_22h,aus,KXHIGHAUS-26JUL08,0.09089028431221499,0.0007208765859284905,0.02481516911972402,1.0,0.9754901960784313,0.014464372698723195,0.11570545343193901,1.0,0.8907375483500136,aus|t_plus_22h|bounded,2026-07-09T04:00:00+00:00,2026-07-08,bounded,0.0,bounded,-0.08475264772841773,KXHIGHAUS-26JUL08-B99.5
0.013743496112794705,t_plus_23h,aus,KXHIGHAUS-26JUL08,0.09089028431221499,0.0007208765859284905,0.02481516911972402,1.0,0.9754901960784313,0.014464372698723195,0.11570545343193901,1.0,0.8907375483500136,aus|t_plus_23h|bounded,2026-07-09T05:00:00+00:00,2026-07-08,bounded,0.0,bounded,-0.08475264772841773,KXHIGHAUS-26JUL08-B99.5
0.46780278184601876,t_plus_0h,den,KXHIGHDEN-26JUL08,0.8066069655786938,0.5232771421084808,0.9233247585315345,1.0,0.3971962616822432,0.9910799239544995,1.7299317241102283,0.0,0.1772965146339348,den|t_plus_0h|upper_tail,2026-07-08T07:00:00+00:00,2026-07-08,bounded,-1.0,upper_tail,-0.2198997470483084,KXHIGHDEN-26JUL08-T93
0.4995882563137012,t_plus_1h,den,KXHIGHDEN-26JUL08,0.8695468171784488,0.545199286139202,0.9535621266713854,1.0,0.3853658536585371,1.0447875424529032,1.8231089438498342,0.0,0.16152280419369136,den|t_plus_1h|upper_tail,2026-07-08T08:00:00+00:00,2026-07-08,bounded,-1.0,upper_tail,-0.22384304946484573,KXHIGHDEN-26JUL08-T93
0.5113739179631352,t_plus_2h,den,KXHIGHDEN-26JUL08,0.8938723049955963,0.5337463017751486,0.9308188324370659,1.0,0.39423076923076883,1.0451202197382838,1.8246911374326622,0.0,0.16126744591580067,den|t_plus_2h|upper_tail,2026-07-08T09:00:00+00:00,2026-07-08,bounded,-1.0,upper_tail,-0.23296332331496816,KXHIGHDEN-26JUL08-T93
0.5098160253629939,t_plus_3h,den,KXHIGHDEN-26JUL08,0.8845576300651435,0.5341623520710058,0.9430889250288791,1.0,0.389423076923077,1.0439783774339997,1.8276465550940226,0.0,0.16079153685935593,den|t_plus_3h|upper_tail,2026-07-08T10:00:00+00:00,2026-07-08,bounded,-1.0,upper_tail,-0.22863154006372105,KXHIGHDEN-26JUL08-T93
0.4806786675947683,t_plus_4h,den,KXHIGHDEN-26JUL08,0.8632359483454666,0.5678371229585772,0.9957178655054773,1.0,0.3694581280788176,1.0485157905533455,1.8589538138509438,0.0,0.15583557813966406,den|t_plus_4h|upper_tail,2026-07-08T11:00:00+00:00,2026-07-08,bounded,-1.0,upper_tail,-0.21362254993915356,KXHIGHDEN-26JUL08-T93
0.3640860329856934,t_plus_5h,den,KXHIGHDEN-26JUL08,0.6285067747346633,0.6004803450642098,1.04558782035989,0.0,0.35148514851485124,0.9645663780499032,1.6740945950945534,0.0,0.18747784602335923,den|t_plus_5h|upper_tail,2026-07-08T12:00:00+00:00,2026-07-08,bounded,0.0,upper_tail,-0.164007302491492,KXHIGHDEN-26JUL08-T93
0.4239003712246183,t_plus_6h,den,KXHIGHDEN-26JUL08,0.7776417437867948,0.6236987065932194,1.0647107369924276,0.0,0.3448275862068968,1.0475990778178377,1.8423524807792224,0.0,0.15844425028117864,den|t_plus_6h|upper_tail,2026-07-08T13:00:00+00:00,2026-07-08,bounded,0.0,upper_tail,-0.18638333592571815,KXHIGHDEN-26JUL08-T93
0.35554810073589327,t_plus_7h,den,KXHIGHDEN-26JUL08,0.6877533138666889,0.685804988662131,1.1275998255413613,0.0,0.32380952380952405,1.0413530893980243,1.8153531394080502,0.0,0.1627804140599743,den|t_plus_7h|upper_tail,2026-07-08T14:00:00+00:00,2026-07-08,bounded,0.0,upper_tail,-0.16102910974954976,KXHIGHDEN-26JUL08-T93
0.35996230428331744,t_plus_8h,den,KXHIGHDEN-26JUL08,0.6975792373787173,0.6873798539023458,1.1437327239485804,0.0,0.3186274509803918,1.0473421581856632,1.8413119613272977,0.0,0.15860920040766707,den|t_plus_8h|upper_tail,2026-07-08T15:00:00+00:00,2026-07-08,bounded,0.0,upper_tail,-0.16001825057272473,KXHIGHDEN-26JUL08-T93
0.3944834143682896,t_plus_9h,den,KXHIGHDEN-26JUL08,0.7090829270363479,0.6438614540466387,1.1125985306428485,0.0,0.32870370370370405,1.0383448684149283,1.8216814576791964,0.0,0.16175354041011827,den|t_plus_9h|upper_tail,2026-07-08T16:00:00+00:00,2026-07-08,bounded,0.0,upper_tail,-0.16695016329358578,KXHIGHDEN-26JUL08-T93
0.31430743997809374,t_plus_10h,den,KXHIGHDEN-26JUL08,0.6308233729875827,0.7268148622971081,1.1834511686051385,0.0,0.3062200956937801,1.0411223022752019,1.8142745415927213,0.0,0.16295608338019946,den|t_plus_10h|upper_tail,2026-07-08T17:00:00+00:00,2026-07-08,bounded,0.0,upper_tail,-0.14326401231358066,KXHIGHDEN-26JUL08-T93
0.2796562759278167,t_plus_11h,den,KXHIGHDEN-26JUL08,0.6475462618052052,0.7680750739644966,1.2266642155280059,0.0,0.293269230769231,1.0477313498923133,1.8742104773332111,0.0,0.15347609187650427,den|t_plus_11h|upper_tail,2026-07-08T18:00:00+00:00,2026-07-08,bounded,0.0,upper_tail,-0.13979313889272674,KXHIGHDEN-26JUL08-T93
0.5824474890351817,t_plus_12h,den,KXHIGHDEN-26JUL08,0.762098435574869,0.5003123698458974,0.7137664677626809,0.0,0.489795918367347,1.0827598588810792,1.47586490333755,0.0,0.22858094110582977,den|t_plus_12h|upper_tail,2026-07-08T19:00:00+00:00,2026-07-08,bounded,0.0,upper_tail,-0.2612149772615172,KXHIGHDEN-26JUL08-T93
0.5368690218238629,t_plus_13h,den,KXHIGHDEN-26JUL08,0.6979374733634085,0.5515499999999999,0.7657178733947807,0.0,0.465,1.0884190218238627,1.4636553467581892,0.0,0.23138892024652108,den|t_plus_13h|upper_tail,2026-07-08T20:00:00+00:00,2026-07-08,bounded,0.0,upper_tail,-0.23361107975347895,KXHIGHDEN-26JUL08-T93
0.13887754350812032,t_plus_14h,den,KXHIGHDEN-26JUL08,0.2656124416494219,0.9663500000000002,1.2207799226423173,0.0,0.295,1.1052275435081205,1.4863923642917392,0.0,0.22618718636103835,den|t_plus_14h|upper_tail,2026-07-08T21:00:00+00:00,2026-07-08,bounded,0.0,upper_tail,-0.06881281363896163,KXHIGHDEN-26JUL08-T93
0.13805276196035,t_plus_15h,den,KXHIGHDEN-26JUL08,0.3053822503082835,1.073914322125283,1.3570239788197789,0.0,0.25742574257425704,1.211967084085633,1.6624062291280624,0.0,0.1896820121544972,den|t_plus_15h|upper_tail,2026-07-08T22:00:00+00:00,2026-07-08,bounded,0.0,upper_tail,-0.06774373041975984,KXHIGHDEN-26JUL08-T93
0.08260669370356469,t_plus_16h,den,KXHIGHDEN-26JUL08,0.2710131752118229,0.0014898116109188773,0.03491626510622799,1.0,0.9656862745098038,0.08409650531448357,0.30592944031805086,1.0,0.7364385804949162,den|t_plus_16h|upper_tail,2026-07-08T23:00:00+00:00,2026-07-08,upper_tail,0.0,upper_tail,-0.22924769401488765,KXHIGHDEN-26JUL08-T93
0.08254058529762963,t_plus_17h,den,KXHIGHDEN-26JUL08,0.2793345906944589,0.0007208765859284905,0.02481516911972402,1.0,0.9754901960784313,0.08326146188355812,0.3041497598141829,1.0,0.7377503728182981,den|t_plus_17h|upper_tail,2026-07-09T00:00:00+00:00,2026-07-08,upper_tail,0.0,upper_tail,-0.2377398232601332,KXHIGHDEN-26JUL08-T93
0.08337562872855507,t_plus_18h,den,KXHIGHDEN-26JUL08,0.2811142711983268,0.0007208765859284905,0.02481516911972402,1.0,0.9754901960784313,0.08409650531448357,0.30592944031805086,1.0,0.7364385804949162,den|t_plus_18h|upper_tail,2026-07-09T01:00:00+00:00,2026-07-08,upper_tail,0.0,upper_tail,-0.23905161558351518,KXHIGHDEN-26JUL08-T93
0.08337562872855507,t_plus_19h,den,KXHIGHDEN-26JUL08,0.2811142711983268,0.0007208765859284905,0.02481516911972402,1.0,0.9754901960784313,0.08409650531448357,0.30592944031805086,1.0,0.7364385804949162,den|t_plus_19h|upper_tail,2026-07-09T02:00:00+00:00,2026-07-08,upper_tail,0.0,upper_tail,-0.23905161558351518,KXHIGHDEN-26JUL08-T93
0.08337562872855507,t_plus_20h,den,KXHIGHDEN-26JUL08,0.2811142711983268,0.0007208765859284905,0.02481516911972402,1.0,0.9754901960784313,0.08409650531448357,0.30592944031805086,1.0,0.7364385804949162,den|t_plus_20h|upper_tail,2026-07-09T03:00:00+00:00,2026-07-08,upper_tail,0.0,upper_tail,-0.23905161558351518,KXHIGHDEN-26JUL08-T93
0.08337562872855507,t_plus_21h,den,KXHIGHDEN-26JUL08,0.2811142711983268,0.0007208765859284905,0.02481516911972402,1.0,0.9754901960784313,0.08409650531448357,0.30592944031805086,1.0,0.7364385804949162,den|t_plus_21h|upper_tail,2026-07-09T04:00:00+00:00,2026-07-08,upper_tail,0.0,upper_tail,-0.23905161558351518,KXHIGHDEN-26JUL08-T93
0.08337562872855507,t_plus_22h,den,KXHIGHDEN-26JUL08,0.2811142711983268,0.0007208765859284905,0.02481516911972402,1.0,0.9754901960784313,0.08409650531448357,0.30592944031805086,1.0,0.7364385804949162,den|t_plus_22h|upper_tail,2026-07-09T05:00:00+00:00,2026-07-08,upper_tail,0.0,upper_tail,-0.23905161558351518,KXHIGHDEN-26JUL08-T93
0.08337562872855507,t_plus_23h,den,KXHIGHDEN-26JUL08,0.2811142711983268,0.0007208765859284905,0.02481516911972402,1.0,0.9754901960784313,0.08409650531448357,0.30592944031805086,1.0,0.7364385804949162,den|t_plus_23h|upper_tail,2026-07-09T06:00:00+00:00,2026-07-08,upper_tail,0.0,upper_tail,-0.23905161558351518,KXHIGHDEN-26JUL08-T93
-0.007855219590683138,t_plus_0h,la,KXHIGHLAX-26JUL08,-0.05889707878828476,1.0355434199164517,1.8362112317988915,0.0,0.15942028985507203,1.0276882003257686,1.7773141530106067,0.0,0.16909169233240823,la|t_plus_0h|bounded,2026-07-08T08:00:00+00:00,2026-07-08,bounded,0.0,bounded,0.009671402477336194,KXHIGHLAX-26JUL08-B73.5
0.2802178777008395,t_plus_1h,la,KXHIGHLAX-26JUL08,1.1669212353916651,1.2052575932333716,2.4849066497880004,0.0,0.08333333333333333,1.485475470934211,3.6518278851796655,0.0,0.02594366337352907,la|t_plus_1h|bounded,2026-07-08T09:00:00+00:00,2026-07-08,bounded,0.0,bounded,-0.057389669959804254,KXHIGHLAX-26JUL08-B73.5
0.24750014985639712,t_plus_2h,la,KXHIGHLAX-26JUL08,1.0175438343170655,1.237975321077814,2.6342840508626,0.0,0.07177033492822975,1.485475470934211,3.6518278851796655,0.0,0.02594366337352907,la|t_plus_2h|bounded,2026-07-08T10:00:00+00:00,2026-07-08,bounded,0.0,bounded,-0.045826671554700674,KXHIGHLAX-26JUL08-B73.5
0.21832495318273182,t_plus_3h,la,KXHIGHLAX-26JUL08,1.0223400065805577,1.2671505177514792,2.629487878599108,0.0,0.07211538461538462,1.485475470934211,3.6518278851796655,0.0,0.02594366337352907,la|t_plus_3h|bounded,2026-07-08T11:00:00+00:00,2026-07-08,bounded,0.0,bounded,-0.04617172124185555,KXHIGHLAX-26JUL08-B73.5
0.11644968403076428,t_plus_4h,la,KXHIGHLAX-26JUL08,0.94467754516312,1.2692714340638216,2.4849066497880004,0.0,0.08333333333333331,1.3857211180945859,3.4295841949511203,0.0,0.03240041022653753,la|t_plus_4h|bounded,2026-07-08T12:00:00+00:00,2026-07-08,bounded,0.0,bounded,-0.050932923106795785,KXHIGHLAX-26JUL08-B73.5
0.19499367950736812,t_plus_5h,la,KXHIGHLAX-26JUL08,0.8730662271192355,1.2965514053254437,2.7725887222397807,0.0,0.06250000000000004,1.4915450848328118,3.6456549493590162,0.0,0.026104307254557414,la|t_plus_5h|bounded,2026-07-08T13:00:00+00:00,2026-07-08,bounded,0.0,bounded,-0.03639569274544263,KXHIGHLAX-26JUL08-B73.5
0.26472352806506594,t_plus_6h,la,KXHIGHLAX-26JUL08,1.1523224359705124,1.2207519428691451,2.499505449209153,0.0,0.0821256038647343,1.485475470934211,3.6518278851796655,0.0,0.02594366337352907,la|t_plus_6h|bounded,2026-07-08T14:00:00+00:00,2026-07-08,bounded,0.0,bounded,-0.05618194049120523,KXHIGHLAX-26JUL08-B73.5
0.2596864307278459,t_plus_7h,la,KXHIGHLAX-26JUL08,1.1300680054183614,1.2251245995016018,2.5233729306157966,0.0,0.080188679245283,1.4848110302294477,3.653440936034158,0.0,0.025901848658852936,la|t_plus_7h|bounded,2026-07-08T15:00:00+00:00,2026-07-08,bounded,0.0,bounded,-0.054286830586430065,KXHIGHLAX-26JUL08-B73.5
0.16845536286422158,t_plus_8h,la,KXHIGHLAX-26JUL08,0.7686000412358118,1.335012943786982,3.1403135023650974,0.0,0.043269230769230824,1.5034683066512036,3.9089135436009093,0.0,0.020062286024366636,la|t_plus_8h|bounded,2026-07-08T16:00:00+00:00,2026-07-08,bounded,0.0,bounded,-0.023206944744864188,KXHIGHLAX-26JUL08-B73.5
-0.2940308664458041,t_plus_9h,la,KXHIGHLAX-26JUL08,-0.44195440262563523,1.2039777547365433,2.032039302785249,0.0,0.13106796116504896,0.9099468882907392,1.5900849001596138,0.0,0.20390829915215877,la|t_plus_9h|bounded,2026-07-08T17:00:00+00:00,2026-07-08,bounded,0.0,bounded,0.07284033798710982,KXHIGHLAX-26JUL08-B73.5
-0.003524907131998045,t_plus_10h,la,KXHIGHLAX-26JUL08,0.08091453492399747,0.5257653969384123,0.8027093830714718,0.0,0.44811320754716977,0.5222404898064142,0.8836239179954692,1.0,0.41328249276334045,la|t_plus_10h|bounded,2026-07-08T18:00:00+00:00,2026-07-08,bounded,1.0,bounded,-0.03483071478382932,KXHIGHLAX-26JUL08-B73.5
0.45362021687181375,t_plus_11h,la,KXHIGHLAX-26JUL08,0.6318522400148189,0.6585928489042678,0.887303195000903,0.0,0.4117647058823528,1.1122130657760816,1.519155435015722,0.0,0.21889668137804633,la|t_plus_11h|bounded,2026-07-08T19:00:00+00:00,2026-07-08,bounded,0.0,bounded,-0.19286802450430648,KXHIGHLAX-26JUL08-B73.5
0.19368135203283576,t_plus_12h,la,KXHIGHLAX-26JUL08,0.34613270407553953,1.0066412464331718,1.3230129111723716,0.0,0.266331658291457,1.2003225984660075,1.6691456152479112,0.0,0.18840796978849206,la|t_plus_12h|bounded,2026-07-08T20:00:00+00:00,2026-07-08,bounded,0.0,bounded,-0.07792368850296494,KXHIGHLAX-26JUL08-B73.5
0.5565241269502896,t_plus_13h,la,KXHIGHLAX-26JUL08,0.7150585522704125,0.5514655425938639,0.7756682042479495,0.0,0.4603960396039601,1.1079896695441536,1.490726756518362,0.0,0.2252089239966545,la|t_plus_13h|bounded,2026-07-08T21:00:00+00:00,2026-07-08,bounded,0.0,bounded,-0.2351871156073056,KXHIGHLAX-26JUL08-B73.5
0.10363050297187221,t_plus_14h,la,KXHIGHLAX-26JUL08,0.2626295465263964,0.017006364503079175,0.10705399616415934,1.0,0.8984771573604061,0.12063686747495138,0.36968354269055576,1.0,0.6909529531556914,la|t_plus_14h|bounded,2026-07-08T22:00:00+00:00,2026-07-08,bounded,0.0,bounded,-0.20752420420471474,KXHIGHLAX-26JUL08-B73.5
0.11335690436009782,t_plus_15h,la,KXHIGHLAX-26JUL08,0.2982245787084107,0.007279963114853558,0.0714589639821451,1.0,0.9310344827586206,0.12063686747495138,0.36968354269055576,1.0,0.6909529531556914,la|t_plus_15h|bounded,2026-07-08T23:00:00+00:00,2026-07-08,bounded,0.0,bounded,-0.24008152960292917,KXHIGHLAX-26JUL08-B73.5
0.06889184639646984,t_plus_16h,la,KXHIGHLAX-26JUL08,0.2492251419916588,0.0007208765859284905,0.02481516911972402,1.0,0.9754901960784313,0.06961272298239833,0.27404031111138283,1.0,0.7603014260476644,la|t_plus_16h|bounded,2026-07-09T00:00:00+00:00,2026-07-08,bounded,0.0,bounded,-0.21518877003076697,KXHIGHLAX-26JUL08-B73.5
0.06889184639646984,t_plus_17h,la,KXHIGHLAX-26JUL08,0.2492251419916588,0.0007208765859284905,0.02481516911972402,1.0,0.9754901960784313,0.06961272298239833,0.27404031111138283,1.0,0.7603014260476644,la|t_plus_17h|bounded,2026-07-09T01:00:00+00:00,2026-07-08,bounded,0.0,bounded,-0.21518877003076697,KXHIGHLAX-26JUL08-B73.5
0.013743496112794705,t_plus_18h,la,KXHIGHLAX-26JUL08,0.09089028431221499,0.0007208765859284905,0.02481516911972402,1.0,0.9754901960784313,0.014464372698723195,0.11570545343193901,1.0,0.8907375483500136,la|t_plus_18h|bounded,2026-07-09T02:00:00+00:00,2026-07-08,bounded,0.0,bounded,-0.08475264772841773,KXHIGHLAX-26JUL08-B73.5
0.010990269502116826,t_plus_19h,la,KXHIGHLAX-26JUL08,0.07919191292746651,0.0007208765859284905,0.02481516911972402,1.0,0.9754901960784313,0.011711146088045316,0.10400708204719053,1.0,0.9012189149237197,la|t_plus_19h|bounded,2026-07-09T03:00:00+00:00,2026-07-08,bounded,0.0,bounded,-0.0742712811547116,KXHIGHLAX-26JUL08-B73.5
0.010990269502116826,t_plus_20h,la,KXHIGHLAX-26JUL08,0.07919191292746651,0.0007208765859284905,0.02481516911972402,1.0,0.9754901960784313,0.011711146088045316,0.10400708204719053,1.0,0.9012189149237197,la|t_plus_20h|bounded,2026-07-09T04:00:00+00:00,2026-07-08,bounded,0.0,bounded,-0.0742712811547116,KXHIGHLAX-26JUL08-B73.5
0.010990269502116826,t_plus_21h,la,KXHIGHLAX-26JUL08,0.07919191292746651,0.0007208765859284905,0.02481516911972402,1.0,0.9754901960784313,0.011711146088045316,0.10400708204719053,1.0,0.9012189149237197,la|t_plus_21h|bounded,2026-07-09T05:00:00+00:00,2026-07-08,bounded,0.0,bounded,-0.0742712811547116,KXHIGHLAX-26JUL08-B73.5
0.010990269502116826,t_plus_22h,la,KXHIGHLAX-26JUL08,0.07919191292746651,0.0007208765859284905,0.02481516911972402,1.0,0.9754901960784313,0.011711146088045316,0.10400708204719053,1.0,0.9012189149237197,la|t_plus_22h|bounded,2026-07-09T06:00:00+00:00,2026-07-08,bounded,0.0,bounded,-0.0742712811547116,KXHIGHLAX-26JUL08-B73.5
0.010990269502116826,t_plus_23h,la,KXHIGHLAX-26JUL08,0.07919191292746651,0.0007208765859284905,0.02481516911972402,1.0,0.9754901960784313,0.011711146088045316,0.10400708204719053,1.0,0.9012189149237197,la|t_plus_23h|bounded,2026-07-09T07:00:00+00:00,2026-07-08,bounded,0.0,bounded,-0.0742712811547116,KXHIGHLAX-26JUL08-B73.5
-0.46538611800341156,t_plus_0h,mia,KXHIGHMIA-26JUL08,-0.6406894810123537,1.039994505620293,1.5811341362712499,0.0,0.2057416267942581,0.5746083876168815,0.9404446552588962,0.0,0.3904541792486702,mia|t_plus_0h|bounded,2026-07-08T05:00:00+00:00,2026-07-08,bounded,0.0,bounded,0.18471255245441212,KXHIGHMIA-26JUL08-B91.5
-0.5374961715911531,t_plus_1h,mia,KXHIGHMIA-26JUL08,-0.7120027084644278,1.0438192334084884,1.4796263009121084,0.0,0.22772277227722804,0.5063230618173352,0.7676235924476806,0.0,0.46411468448965765,mia|t_plus_1h|bounded,2026-07-08T06:00:00+00:00,2026-07-08,bounded,0.0,bounded,0.2363919122124296,KXHIGHMIA-26JUL08-B91.5
-0.486681848362607,t_plus_2h,mia,KXHIGHMIA-26JUL08,-0.6586838875163413,1.0612902359794885,1.5991285427752375,0.0,0.20207253886010393,0.5746083876168815,0.9404446552588962,0.0,0.3904541792486702,mia|t_plus_2h|bounded,2026-07-08T07:00:00+00:00,2026-07-08,bounded,0.0,bounded,0.18838164038856628,KXHIGHMIA-26JUL08-B91.5
-0.44331495373538676,t_plus_3h,mia,KXHIGHMIA-26JUL08,-0.596528499073317,1.021566513086952,1.5470675817076414,0.0,0.21287128712871306,0.5782515593515652,0.9505390826343244,0.0,0.38653259427010056,mia|t_plus_3h|bounded,2026-07-08T08:00:00+00:00,2026-07-08,bounded,0.0,bounded,0.1736613071413875,KXHIGHMIA-26JUL08-B91.5
-0.4459661277232635,t_plus_4h,mia,KXHIGHMIA-26JUL08,-0.612378814164881,1.0242176870748287,1.5629178967992055,0.0,0.20952380952380995,0.5782515593515652,0.9505390826343244,0.0,0.38653259427010056,mia|t_plus_4h|bounded,2026-07-08T09:00:00+00:00,2026-07-08,bounded,0.0,bounded,0.17700878474629061,KXHIGHMIA-26JUL08-B91.5
-0.46966015946298867,t_plus_5h,mia,KXHIGHMIA-26JUL08,-0.6310773393158317,1.0474817377931578,1.5804503755608494,0.0,0.20588235294117618,0.5778215783301691,0.9493730362450178,0.0,0.38698357208542694,mia|t_plus_5h|bounded,2026-07-08T10:00:00+00:00,2026-07-08,bounded,0.0,bounded,0.18110121914425076,KXHIGHMIA-26JUL08-B91.5
-0.48655569688426226,t_plus_6h,mia,KXHIGHMIA-26JUL08,-0.635368332389581,1.0648072562358275,1.5859074150239054,0.0,0.20476190476190495,0.5782515593515652,0.9505390826343244,0.0,0.38653259427010056,mia|t_plus_6h|bounded,2026-07-08T11:00:00+00:00,2026-07-08,bounded,0.0,bounded,0.1817706895081956,KXHIGHMIA-26JUL08-B91.5
-0.3876458992319157,t_plus_7h,mia,KXHIGHMIA-26JUL08,-0.5309931706035461,0.9612542395723358,1.4600378353654389,0.0,0.232227488151659,0.5736083403404201,0.9290446647618927,0.0,0.39493082153955744,mia|t_plus_7h|bounded,2026-07-08T12:00:00+00:00,2026-07-08,bounded,0.0,bounded,0.16270333338789844,KXHIGHMIA-26JUL08-B91.5
-0.37773312106426815,t_plus_8h,mia,KXHIGHMIA-26JUL08,-0.49702536546961373,0.9524565231766182,1.429466532985099,0.0,0.2394366197183099,0.5747234021123501,0.9324411675154853,0.0,0.3935917133464073,mia|t_plus_8h|bounded,2026-07-08T13:00:00+00:00,2026-07-08,bounded,0.0,bounded,0.1541550936280974,KXHIGHMIA-26JUL08-B91.5
-0.46607612201195636,t_plus_9h,mia,KXHIGHMIA-26JUL08,-0.6442461061809766,1.079279320528376,1.6287621852605028,0.0,0.19617224880382783,0.6132031985164196,0.9845160790795262,0.0,0.373619985724053,mia|t_plus_9h|bounded,2026-07-08T14:00:00+00:00,2026-07-08,bounded,0.0,bounded,0.1774477369202252,KXHIGHMIA-26JUL08-B91.5
-0.516323980407527,t_plus_10h,mia,KXHIGHMIA-26JUL08,-0.7598363607104233,1.2888294844187023,1.97110039788387,0.0,0.13930348258706493,0.7725055040111752,1.2112640371734467,0.0,0.2978205851116345,mia|t_plus_10h|bounded,2026-07-08T15:00:00+00:00,2026-07-08,bounded,0.0,bounded,0.15851710252456958,KXHIGHMIA-26JUL08-B91.5
-0.1444563100523455,t_plus_11h,mia,KXHIGHMIA-26JUL08,0.07351102712684288,1.5026721743797993,2.6246685921631587,0.0,0.07246376811594205,1.3582158643274538,2.6981796192900016,0.0,0.06732796377868663,mia|t_plus_11h|bounded,2026-07-08T16:00:00+00:00,2026-07-08,bounded,0.0,bounded,-0.005135804337255412,KXHIGHMIA-26JUL08-B91.5
-0.44817655005224477,t_plus_12h,mia,KXHIGHMIA-26JUL08,-0.8082448826660005,1.502912352071007,2.293015641977899,0.0,0.10096153846153808,1.0547358020187623,1.4847707593118984,0.0,0.2265542701808523,mia|t_plus_12h|bounded,2026-07-08T17:00:00+00:00,2026-07-08,bounded,0.0,bounded,0.12559273171931423,KXHIGHMIA-26JUL08-B91.5
-0.4557989122346939,t_plus_13h,mia,KXHIGHMIA-26JUL08,-0.48989382865632103,0.7976412919507868,1.0647107369924276,0.0,0.34482758620689685,0.34184237971609294,0.5748169083361065,1.0,0.5628079048098953,mia|t_plus_13h|bounded,2026-07-08T18:00:00+00:00,2026-07-08,bounded,1.0,bounded,0.21798031860299844,KXHIGHMIA-26JUL08-B91.5
-0.23603486473282675,t_plus_14h,mia,KXHIGHMIA-26JUL08,-0.21801151954888676,0.6406662700773351,0.8571018604838248,0.0,0.4243902439024389,0.40463140534450837,0.639090340934938,1.0,0.5277722986045498,mia|t_plus_14h|bounded,2026-07-08T19:00:00+00:00,2026-07-08,bounded,1.0,bounded,0.10338205470211087,KXHIGHMIA-26JUL08-B91.5
0.08552699611410669,t_plus_15h,mia,KXHIGHMIA-26JUL08,0.16560216111000264,0.03723253841078344,0.1573921737514296,1.0,0.8543689320388347,0.12275953452489013,0.32299433486143225,1.0,0.7239779557917373,mia|t_plus_15h|bounded,2026-07-08T20:00:00+00:00,2026-07-08,bounded,0.0,bounded,-0.1303909762470974,KXHIGHMIA-26JUL08-B91.5
0.010990269502116826,t_plus_16h,mia,KXHIGHMIA-26JUL08,0.07919191292746651,0.0007208765859284905,0.02481516911972402,1.0,0.9754901960784313,0.011711146088045316,0.10400708204719053,1.0,0.9012189149237197,mia|t_plus_16h|bounded,2026-07-08T21:00:00+00:00,2026-07-08,bounded,0.0,bounded,-0.0742712811547116,KXHIGHMIA-26JUL08-B91.5
0.010990269502116826,t_plus_17h,mia,KXHIGHMIA-26JUL08,0.07919191292746651,0.0007208765859284905,0.02481516911972402,1.0,0.9754901960784313,0.011711146088045316,0.10400708204719053,1.0,0.9012189149237197,mia|t_plus_17h|bounded,2026-07-08T22:00:00+00:00,2026-07-08,bounded,0.0,bounded,-0.0742712811547116,KXHIGHMIA-26JUL08-B91.5
0.010990269502116826,t_plus_18h,mia,KXHIGHMIA-26JUL08,0.07919191292746651,0.0007208765859284905,0.02481516911972402,1.0,0.9754901960784313,0.011711146088045316,0.10400708204719053,1.0,0.9012189149237197,mia|t_plus_18h|bounded,2026-07-08T23:00:00+00:00,2026-07-08,bounded,0.0,bounded,-0.0742712811547116,KXHIGHMIA-26JUL08-B91.5
0.013743496112794705,t_plus_19h,mia,KXHIGHMIA-26JUL08,0.09089028431221499,0.0007208765859284905,0.02481516911972402,1.0,0.9754901960784313,0.014464372698723195,0.11570545343193901,1.0,0.8907375483500136,mia|t_plus_19h|bounded,2026-07-09T00:00:00+00:00,2026-07-08,bounded,0.0,bounded,-0.08475264772841773,KXHIGHMIA-26JUL08-B91.5
0.013743496112794705,t_plus_20h,mia,KXHIGHMIA-26JUL08,0.09089028431221499,0.0007208765859284905,0.02481516911972402,1.0,0.9754901960784313,0.014464372698723195,0.11570545343193901,1.0,0.8907375483500136,mia|t_plus_20h|bounded,2026-07-09T01:00:00+00:00,2026-07-08,bounded,0.0,bounded,-0.08475264772841773,KXHIGHMIA-26JUL08-B91.5
0.013743496112794705,t_plus_21h,mia,KXHIGHMIA-26JUL08,0.09089028431221499,0.0007208765859284905,0.02481516911972402,1.0,0.9754901960784313,0.014464372698723195,0.11570545343193901,1.0,0.8907375483500136,mia|t_plus_21h|bounded,2026-07-09T02:00:00+00:00,2026-07-08,bounded,0.0,bounded,-0.08475264772841773,KXHIGHMIA-26JUL08-B91.5
0.013743496112794705,t_plus_22h,mia,KXHIGHMIA-26JUL08,0.09089028431221499,0.0007208765859284905,0.02481516911972402,1.0,0.9754901960784313,0.014464372698723195,0.11570545343193901,1.0,0.8907375483500136,mia|t_plus_22h|bounded,2026-07-09T03:00:00+00:00,2026-07-08,bounded,0.0,bounded,-0.08475264772841773,KXHIGHMIA-26JUL08-B91.5
0.013743496112794705,t_plus_23h,mia,KXHIGHMIA-26JUL08,0.09089028431221499,0.0007208765859284905,0.02481516911972402,1.0,0.9754901960784313,0.014464372698723195,0.11570545343193901,1.0,0.8907375483500136,mia|t_plus_23h|bounded,2026-07-09T04:00:00+00:00,2026-07-08,bounded,0.0,bounded,-0.08475264772841773,KXHIGHMIA-26JUL08-B91.5
0.29465654352916515,t_plus_0h,nyc,KXHIGHNY-26JUL08,0.73600431393212,0.8275182622068428,1.511457504073895,0.0,0.22058823529411803,1.122174805736008,2.247461818006015,0.0,0.10566708677354299,nyc|t_plus_0h|upper_tail,2026-07-08T05:00:00+00:00,2026-07-08,bounded,0.0,upper_tail,-0.11492114852057504,KXHIGHNY-26JUL08-T83
0.17327177373250713,t_plus_1h,nyc,KXHIGHNY-26JUL08,1.5085458955347537,1.187825182101977,2.6607973162516645,0.0,0.06989247311827956,1.361096955834484,4.169343211786418,0.0,0.01546241231978845,nyc|t_plus_1h|upper_tail,2026-07-08T06:00:00+00:00,2026-07-08,bounded,0.0,upper_tail,-0.054430060798491116,KXHIGHNY-26JUL08-T83
0.14691826821657905,t_plus_2h,nyc,KXHIGHNY-26JUL08,1.2517859625582712,1.2142925797770086,2.9202247210458454,0.0,0.053921568627451,1.3612108479935876,4.172010683604117,0.0,0.01542122173248115,nyc|t_plus_2h|upper_tail,2026-07-08T07:00:00+00:00,2026-07-08,bounded,0.0,upper_tail,-0.038500346894969846,KXHIGHNY-26JUL08-T83
0.15336197822120456,t_plus_3h,nyc,KXHIGHNY-26JUL08,1.4004854952015235,1.207239275147929,2.7725887222397803,0.0,0.06250000000000006,1.3606012533691336,4.173074217441304,0.0,0.015404829459771351,nyc|t_plus_3h|upper_tail,2026-07-08T08:00:00+00:00,2026-07-08,bounded,0.0,upper_tail,-0.0470951705402287,KXHIGHNY-26JUL08-T83
0.14776213887581346,t_plus_4h,nyc,KXHIGHNY-26JUL08,0.91871785427506,1.2337629633021225,2.9444389791664407,0.0,0.05263157894736842,1.381525102177936,3.8631568334415007,0.0,0.021001596224823494,nyc|t_plus_4h|upper_tail,2026-07-08T09:00:00+00:00,2026-07-08,bounded,0.0,upper_tail,-0.03162998272254493,KXHIGHNY-26JUL08-T83
0.15594974540820705,t_plus_5h,nyc,KXHIGHNY-26JUL08,0.08888383460779958,1.0295576274548708,1.960094784047271,0.0,0.14084507042253502,1.1855073728630778,2.0489786186550707,0.0,0.12886645818904116,nyc|t_plus_5h|upper_tail,2026-07-08T10:00:00+00:00,2026-07-08,bounded,0.0,upper_tail,-0.011978612233493863,KXHIGHNY-26JUL08-T83
0.1115311021066192,t_plus_6h,nyc,KXHIGHNY-26JUL08,0.022254500544482747,0.9479818594104299,1.6835458845878202,0.0,0.1857142857142861,1.059512961517049,1.705800385132303,0.0,0.18162695646766117,nyc|t_plus_6h|upper_tail,2026-07-08T11:00:00+00:00,2026-07-08,bounded,0.0,upper_tail,-0.004087329246624943,KXHIGHNY-26JUL08-T83
0.27021764157011907,t_plus_7h,nyc,KXHIGHNY-26JUL08,0.4473189137455855,0.9242788461538459,1.5998684614179495,0.0,0.20192307692307696,1.194496487723965,2.047187375163535,0.0,0.12909749625449024,nyc|t_plus_7h|upper_tail,2026-07-08T12:00:00+00:00,2026-07-08,bounded,0.0,upper_tail,-0.07282558066858671,KXHIGHNY-26JUL08-T83
0.08811331965120606,t_plus_8h,nyc,KXHIGHNY-26JUL08,0.06353505618864719,0.89455,1.448169764837978,0.0,0.235,0.982663319651206,1.5117048210266253,0.0,0.22053368682961497,nyc|t_plus_8h|upper_tail,2026-07-08T13:00:00+00:00,2026-07-08,bounded,0.0,upper_tail,-0.01446631317038502,KXHIGHNY-26JUL08-T83
0.0742979600006386,t_plus_9h,nyc,KXHIGHNY-26JUL08,0.1270628697180365,0.9230696014277221,1.391184346414083,0.0,0.24878048780487794,0.9973675614283607,1.5182472161321194,0.0,0.21909557778469615,nyc|t_plus_9h|upper_tail,2026-07-08T14:00:00+00:00,2026-07-08,bounded,0.0,upper_tail,-0.02968491002018178,KXHIGHNY-26JUL08-T83
-0.03741303927145967,t_plus_10h,nyc,KXHIGHNY-26JUL08,-0.07162818683369654,0.8211798393554816,1.1388187091461515,0.0,0.320197044334975,0.7837668000840219,1.067190522312455,0.0,0.34397354717505507,nyc|t_plus_10h|upper_tail,2026-07-08T15:00:00+00:00,2026-07-08,bounded,0.0,upper_tail,0.023776502840080094,KXHIGHNY-26JUL08-T83
0.2160089246633723,t_plus_11h,nyc,KXHIGHNY-26JUL08,0.24240643566610076,0.5557826643606388,0.7979812418755255,0.0,0.4502369668246446,0.7717915890240111,1.0403876775416263,0.0,0.3533176820742071,nyc|t_plus_11h|upper_tail,2026-07-08T16:00:00+00:00,2026-07-08,bounded,0.0,upper_tail,-0.09691928475043748,KXHIGHNY-26JUL08-T83
0.4853019829821938,t_plus_12h,nyc,KXHIGHNY-26JUL08,0.5465224901871584,0.2514374587614289,0.45267884558842947,1.0,0.6359223300970874,0.7367394417436227,0.9992013357755879,0.0,0.36817337067987016,nyc|t_plus_12h|upper_tail,2026-07-08T17:00:00+00:00,2026-07-08,bounded,-1.0,upper_tail,-0.26774895941721727,KXHIGHNY-26JUL08-T83
0.028511144418902883,t_plus_13h,nyc,KXHIGHNY-26JUL08,0.14355932921169234,0.0007208765859284905,0.02481516911972402,1.0,0.9754901960784313,0.029232021004831375,0.16837449833141638,1.0,0.8450373103567286,nyc|t_plus_13h|upper_tail,2026-07-08T18:00:00+00:00,2026-07-08,upper_tail,0.0,upper_tail,-0.13045288572170277,KXHIGHNY-26JUL08-T83
0.010660677347834272,t_plus_14h,nyc,KXHIGHNY-26JUL08,0.07764849785263953,0.0007208765859284905,0.02481516911972402,1.0,0.9754901960784313,0.011381553933762762,0.10246366697236355,1.0,0.9026109437455335,nyc|t_plus_14h|upper_tail,2026-07-08T19:00:00+00:00,2026-07-08,upper_tail,0.0,upper_tail,-0.07287925233289783,KXHIGHNY-26JUL08-T83
0.010660677347834272,t_plus_15h,nyc,KXHIGHNY-26JUL08,0.07764849785263953,0.0007208765859284905,0.02481516911972402,1.0,0.9754901960784313,0.011381553933762762,0.10246366697236355,1.0,0.9026109437455335,nyc|t_plus_15h|upper_tail,2026-07-08T20:00:00+00:00,2026-07-08,upper_tail,0.0,upper_tail,-0.07287925233289783,KXHIGHNY-26JUL08-T83
0.010660677347834272,t_plus_16h,nyc,KXHIGHNY-26JUL08,0.07764849785263953,0.0007208765859284905,0.02481516911972402,1.0,0.9754901960784313,0.011381553933762762,0.10246366697236355,1.0,0.9026109437455335,nyc|t_plus_16h|upper_tail,2026-07-08T21:00:00+00:00,2026-07-08,upper_tail,0.0,upper_tail,-0.07287925233289783,KXHIGHNY-26JUL08-T83
0.010660677347834272,t_plus_17h,nyc,KXHIGHNY-26JUL08,0.07764849785263953,0.0007208765859284905,0.02481516911972402,1.0,0.9754901960784313,0.011381553933762762,0.10246366697236355,1.0,0.9026109437455335,nyc|t_plus_17h|upper_tail,2026-07-08T22:00:00+00:00,2026-07-08,upper_tail,0.0,upper_tail,-0.07287925233289783,KXHIGHNY-26JUL08-T83
0.010660677347834272,t_plus_18h,nyc,KXHIGHNY-26JUL08,0.07764849785263953,0.0007208765859284905,0.02481516911972402,1.0,0.9754901960784313,0.011381553933762762,0.10246366697236355,1.0,0.9026109437455335,nyc|t_plus_18h|upper_tail,2026-07-08T23:00:00+00:00,2026-07-08,upper_tail,0.0,upper_tail,-0.07287925233289783,KXHIGHNY-26JUL08-T83
0.010660677347834272,t_plus_19h,nyc,KXHIGHNY-26JUL08,0.07764849785263953,0.0007208765859284905,0.02481516911972402,1.0,0.9754901960784313,0.011381553933762762,0.10246366697236355,1.0,0.9026109437455335,nyc|t_plus_19h|upper_tail,2026-07-09T00:00:00+00:00,2026-07-08,upper_tail,0.0,upper_tail,-0.07287925233289783,KXHIGHNY-26JUL08-T83
0.010660677347834272,t_plus_20h,nyc,KXHIGHNY-26JUL08,0.07764849785263953,0.0007208765859284905,0.02481516911972402,1.0,0.9754901960784313,0.011381553933762762,0.10246366697236355,1.0,0.9026109437455335,nyc|t_plus_20h|upper_tail,2026-07-09T01:00:00+00:00,2026-07-08,upper_tail,0.0,upper_tail,-0.07287925233289783,KXHIGHNY-26JUL08-T83
0.010660677347834272,t_plus_21h,nyc,KXHIGHNY-26JUL08,0.07764849785263953,0.0007208765859284905,0.02481516911972402,1.0,0.9754901960784313,0.011381553933762762,0.10246366697236355,1.0,0.9026109437455335,nyc|t_plus_21h|upper_tail,2026-07-09T02:00:00+00:00,2026-07-08,upper_tail,0.0,upper_tail,-0.07287925233289783,KXHIGHNY-26JUL08-T83
0.010660677347834272,t_plus_22h,nyc,KXHIGHNY-26JUL08,0.07764849785263953,0.0007208765859284905,0.02481516911972402,1.0,0.9754901960784313,0.011381553933762762,0.10246366697236355,1.0,0.9026109437455335,nyc|t_plus_22h|upper_tail,2026-07-09T03:00:00+00:00,2026-07-08,upper_tail,0.0,upper_tail,-0.07287925233289783,KXHIGHNY-26JUL08-T83
0.010660677347834272,t_plus_23h,nyc,KXHIGHNY-26JUL08,0.07764849785263953,0.0007208765859284905,0.02481516911972402,1.0,0.9754901960784313,0.011381553933762762,0.10246366697236355,1.0,0.9026109437455335,nyc|t_plus_23h|upper_tail,2026-07-09T04:00:00+00:00,2026-07-08,upper_tail,0.0,upper_tail,-0.07287925233289783,KXHIGHNY-26JUL08-T83
-0.16121418510268404,t_plus_0h,okc,KXHIGHTOKC-26JUL08,-0.3658141413051137,0.737609518658734,1.2931005842219423,0.0,0.2744186046511631,0.57639533355605,0.9272864429168286,0.0,0.39562580832871785,okc|t_plus_0h|bounded,2026-07-08T06:00:00+00:00,2026-07-08,bounded,0.0,bounded,0.12120720367755478,KXHIGHTOKC-26JUL08-B97.5
-0.18279159202379602,t_plus_1h,okc,KXHIGHTOKC-26JUL08,-0.3818213895746527,0.7032306870772511,1.2134515482804786,0.0,0.29716981132075504,0.5204390950534551,0.8316301587058259,0.0,0.43533903584905087,okc|t_plus_1h|bounded,2026-07-08T07:00:00+00:00,2026-07-08,bounded,0.0,bounded,0.13816922452829583,KXHIGHTOKC-26JUL08-B97.5
-0.16723960307686636,t_plus_2h,okc,KXHIGHTOKC-26JUL08,-0.3394230447464128,0.6938748006558701,1.2087234070845336,0.0,0.29857819905213273,0.5266351975790038,0.8693003623381208,0.0,0.4192447660908079,okc|t_plus_2h|bounded,2026-07-08T08:00:00+00:00,2026-07-08,bounded,0.0,bounded,0.12066656703867518,KXHIGHTOKC-26JUL08-B97.5
-0.12577101308693606,t_plus_3h,okc,KXHIGHTOKC-26JUL08,-0.3234785438936032,0.8084131611828417,1.4069136483226288,0.0,0.24489795918367288,0.6826421480959056,1.0834351044290256,0.0,0.3384309808623191,okc|t_plus_3h|bounded,2026-07-08T09:00:00+00:00,2026-07-08,bounded,0.0,bounded,0.09353302167864622,KXHIGHTOKC-26JUL08-B97.5
-0.18605003182049362,t_plus_4h,okc,KXHIGHTOKC-26JUL08,-0.532573934668354,0.9233305098326507,1.6787726058351655,0.0,0.18660287081339696,0.7372804780121571,1.1461986711668115,0.0,0.3178427004783189,okc|t_plus_4h|bounded,2026-07-08T10:00:00+00:00,2026-07-08,bounded,0.0,bounded,0.13123982966492195,KXHIGHTOKC-26JUL08-B97.5
-0.17489165773439874,t_plus_5h,okc,KXHIGHTOKC-26JUL08,-0.5059288766470793,0.9268435120504931,1.68829648734642,0.0,0.18483412322274884,0.7519518543160943,1.1823676106993406,0.0,0.3065520827304903,okc|t_plus_5h|bounded,2026-07-08T11:00:00+00:00,2026-07-08,bounded,0.0,bounded,0.12171795950774145,KXHIGHTOKC-26JUL08-B97.5
0.23788437294466702,t_plus_6h,okc,KXHIGHTOKC-26JUL08,0.559396835816401,0.9559769797617282,1.7689794408962363,0.0,0.1705069124423961,1.1938613527063953,2.3283762767126372,0.0,0.09745385678830562,okc|t_plus_6h|bounded,2026-07-08T12:00:00+00:00,2026-07-08,bounded,0.0,bounded,-0.07305305565409048,KXHIGHTOKC-26JUL08-B97.5
0.2036958133685538,t_plus_7h,okc,KXHIGHTOKC-26JUL08,0.46829756350710805,0.9901655393378415,1.8600787132055292,0.0,0.15566037735849103,1.1938613527063953,2.3283762767126372,0.0,0.09745385678830562,okc|t_plus_7h|bounded,2026-07-08T13:00:00+00:00,2026-07-08,bounded,0.0,bounded,-0.05820652057018541,KXHIGHTOKC-26JUL08-B97.5
0.22791106337487566,t_plus_8h,okc,KXHIGHTOKC-26JUL08,0.5030853552705894,0.9534794309880811,1.7072020811999913,0.0,0.18137254901960798,1.1813904943629567,2.2102874364705807,0.0,0.10966912107956622,okc|t_plus_8h|bounded,2026-07-08T14:00:00+00:00,2026-07-08,bounded,0.0,bounded,-0.07170342794004175,KXHIGHTOKC-26JUL08-B97.5
0.316290533345128,t_plus_9h,okc,KXHIGHTOKC-26JUL08,0.5674972310825201,0.7977966392318239,1.3679452224516928,0.0,0.2546296296296299,1.114087172576952,1.935442453534213,0.0,0.14436038192990805,okc|t_plus_9h|bounded,2026-07-08T15:00:00+00:00,2026-07-08,bounded,0.0,bounded,-0.11026924769972188,KXHIGHTOKC-26JUL08-B97.5
0.20786862994477118,t_plus_10h,okc,KXHIGHTOKC-26JUL08,0.427064417031332,0.9087981859410428,1.4969599290074096,0.0,0.2238095238095239,1.116666815885814,1.9240243460387416,0.0,0.14601815056845505,okc|t_plus_10h|bounded,2026-07-08T16:00:00+00:00,2026-07-08,bounded,0.0,bounded,-0.07779137324106886,KXHIGHTOKC-26JUL08-B97.5
0.21205488090354396,t_plus_11h,okc,KXHIGHTOKC-26JUL08,0.40958105002590317,0.906257576759462,1.5111445639993675,0.0,0.22065727699530494,1.118312457663006,1.9207256140252706,0.0,0.14650062064852723,okc|t_plus_11h|bounded,2026-07-08T17:00:00+00:00,2026-07-08,bounded,0.0,bounded,-0.0741566563467777,KXHIGHTOKC-26JUL08-B97.5
0.16013551679528748,t_plus_12h,okc,KXHIGHTOKC-26JUL08,0.36157543904684686,0.9785595567867041,1.4858239564669249,0.0,0.22631578947368394,1.1386950735819916,1.8473993955137717,0.0,0.15764661016374076,okc|t_plus_12h|bounded,2026-07-08T18:00:00+00:00,2026-07-08,bounded,0.0,bounded,-0.06866917930994318,KXHIGHTOKC-26JUL08-B97.5
0.15777050007961568,t_plus_13h,okc,KXHIGHTOKC-26JUL08,0.37097414770136594,1.04975,1.6873994539038122,0.0,0.185,1.2075205000796156,2.058373601605178,0.0,0.1276614294871148,okc|t_plus_13h|bounded,2026-07-08T19:00:00+00:00,2026-07-08,bounded,0.0,bounded,-0.057338570512885184,KXHIGHTOKC-26JUL08-B97.5
0.28521531422928204,t_plus_14h,okc,KXHIGHTOKC-26JUL08,0.48083409891891704,0.8525445846020009,1.2314603877915,0.0,0.2918660287081339,1.137759898831283,1.712294486710417,0.0,0.180451274194957,okc|t_plus_14h|bounded,2026-07-08T20:00:00+00:00,2026-07-08,bounded,0.0,bounded,-0.1114147545131769,KXHIGHTOKC-26JUL08-B97.5
0.38783875501688236,t_plus_15h,okc,KXHIGHTOKC-26JUL08,0.5099546894895945,0.727986069783333,1.017486743855742,0.0,0.3615023474178401,1.1158248248002154,1.5274414333453366,0.0,0.217090397608544,okc|t_plus_15h|bounded,2026-07-08T21:00:00+00:00,2026-07-08,bounded,0.0,bounded,-0.1444119498092961,KXHIGHTOKC-26JUL08-B97.5
0.8228633335010438,t_plus_16h,okc,KXHIGHTOKC-26JUL08,0.9748780245713566,0.2406186793575253,0.4478126559372566,1.0,0.6390243902439025,1.0634820128585691,1.4226906805086132,0.0,0.24106451589480915,okc|t_plus_16h|bounded,2026-07-08T22:00:00+00:00,2026-07-08,bounded,-1.0,bounded,-0.3979598743490933,KXHIGHTOKC-26JUL08-B97.5
0.11364141205841004,t_plus_17h,okc,KXHIGHTOKC-26JUL08,0.2960341520162725,0.008247714204920351,0.07560274074295117,1.0,0.9271844660194175,0.12188912626333039,0.3716368927592236,1.0,0.6896045974912428,okc|t_plus_17h|bounded,2026-07-08T23:00:00+00:00,2026-07-08,bounded,0.0,bounded,-0.2375798685281747,KXHIGHTOKC-26JUL08-B97.5
0.013903575424646125,t_plus_18h,okc,KXHIGHTOKC-26JUL08,0.09151717796043647,0.0007208765859284905,0.02481516911972402,1.0,0.9754901960784313,0.014624452010574615,0.11633234708016049,1.0,0.8901793256301409,okc|t_plus_18h|bounded,2026-07-09T00:00:00+00:00,2026-07-08,bounded,0.0,bounded,-0.08531087044829044,KXHIGHTOKC-26JUL08-B97.5
0.013903575424646125,t_plus_19h,okc,KXHIGHTOKC-26JUL08,0.09151717796043647,0.0007208765859284905,0.02481516911972402,1.0,0.9754901960784313,0.014624452010574615,0.11633234708016049,1.0,0.8901793256301409,okc|t_plus_19h|bounded,2026-07-09T01:00:00+00:00,2026-07-08,bounded,0.0,bounded,-0.08531087044829044,KXHIGHTOKC-26JUL08-B97.5
0.013903575424646125,t_plus_20h,okc,KXHIGHTOKC-26JUL08,0.09151717796043647,0.0007208765859284905,0.02481516911972402,1.0,0.9754901960784313,0.014624452010574615,0.11633234708016049,1.0,0.8901793256301409,okc|t_plus_20h|bounded,2026-07-09T02:00:00+00:00,2026-07-08,bounded,0.0,bounded,-0.08531087044829044,KXHIGHTOKC-26JUL08-B97.5
0.013903575424646125,t_plus_21h,okc,KXHIGHTOKC-26JUL08,0.09151717796043647,0.0007208765859284905,0.02481516911972402,1.0,0.9754901960784313,0.014624452010574615,0.11633234708016049,1.0,0.8901793256301409,okc|t_plus_21h|bounded,2026-07-09T03:00:00+00:00,2026-07-08,bounded,0.0,bounded,-0.08531087044829044,KXHIGHTOKC-26JUL08-B97.5
0.01067887377928211,t_plus_22h,okc,KXHIGHTOKC-26JUL08,0.06252964108718417,0.003945578231292506,0.053802705992976325,1.0,0.9476190476190476,0.014624452010574615,0.11633234708016049,1.0,0.8901793256301409,okc|t_plus_22h|bounded,2026-07-09T04:00:00+00:00,2026-07-08,bounded,0.0,bounded,-0.05743972198890668,KXHIGHTOKC-26JUL08-B97.5
0.01126036127624166,t_plus_23h,okc,KXHIGHTOKC-26JUL08,0.06607051229927206,0.0033640907343329557,0.05026183478088843,1.0,0.9509803921568626,0.014624452010574615,0.11633234708016049,1.0,0.8901793256301409,okc|t_plus_23h|bounded,2026-07-09T05:00:00+00:00,2026-07-08,bounded,0.0,bounded,-0.06080106652672168,KXHIGHTOKC-26JUL08-B97.5
0.17574579863077155,t_plus_0h,aus,KXHIGHAUS-26JUL09,0.1881298865190275,0.26489359120580475,0.5682738506785378,1.0,0.5665024630541869,0.4406393898365763,0.7564037371975653,1.0,0.46935130620360493,aus|t_plus_0h|bounded,2026-07-09T06:00:00+00:00,2026-07-09,bounded,0.0,bounded,-0.09715115685058201,KXHIGHAUS-26JUL09-B98.5
0.18302054107911345,t_plus_1h,aus,KXHIGHAUS-26JUL09,0.249572713577362,0.16915187376725813,0.42881247210515516,1.0,0.6512820512820515,0.3521724148463716,0.6783851856825172,1.0,0.5074357456276699,aus|t_plus_1h|bounded,2026-07-09T07:00:00+00:00,2026-07-09,bounded,0.0,bounded,-0.1438463056543816,KXHIGHAUS-26JUL09-B98.5
0.1627724148463716,t_plus_2h,aus,KXHIGHAUS-26JUL09,0.21634972608595848,0.18939999999999999,0.4620354595965587,1.0,0.63,0.3521724148463716,0.6783851856825172,1.0,0.5074357456276699,aus|t_plus_2h|bounded,2026-07-09T08:00:00+00:00,2026-07-09,bounded,0.0,bounded,-0.1225642543723301,KXHIGHAUS-26JUL09-B98.5
0.25820229382655396,t_plus_3h,aus,KXHIGHAUS-26JUL09,0.2839224764341069,0.1604670924590879,0.4159915210951513,1.0,0.6596858638743459,0.4186693862856419,0.6999139975292582,1.0,0.49662801319100025,aus|t_plus_3h|bounded,2026-07-09T09:00:00+00:00,2026-07-09,bounded,0.0,bounded,-0.16305785068334566,KXHIGHAUS-26JUL09-B98.5
0.2315606303342491,t_plus_4h,aus,KXHIGHAUS-26JUL09,0.27850570222318927,0.1666336044435627,0.4268182325787332,1.0,0.6525821596244132,0.3981942347778118,0.7053239348019225,1.0,0.49394854121454707,aus|t_plus_4h|bounded,2026-07-09T10:00:00+00:00,2026-07-09,bounded,0.0,bounded,-0.15863361840986617,KXHIGHAUS-26JUL09-B98.5
0.2508134720147098,t_plus_5h,aus,KXHIGHAUS-26JUL09,0.2683066755805177,0.20181308552814275,0.47302325911945475,1.0,0.6231155778894477,0.4526265575428526,0.7413299346999724,1.0,0.4764798069239204,aus|t_plus_5h|bounded,2026-07-09T11:00:00+00:00,2026-07-09,bounded,0.0,bounded,-0.14663577096552732,KXHIGHAUS-26JUL09-B98.5
0.2650074392041971,t_plus_6h,aus,KXHIGHAUS-26JUL09,0.29783743100256804,0.18761911833865544,0.4434925036974044,1.0,0.6417910447761189,0.4526265575428526,0.7413299346999724,1.0,0.4764798069239204,aus|t_plus_6h|bounded,2026-07-09T12:00:00+00:00,2026-07-09,bounded,0.0,bounded,-0.16531123785219853,KXHIGHAUS-26JUL09-B98.5
0.26254161774968754,t_plus_7h,aus,KXHIGHAUS-26JUL09,0.3023026209052133,0.20238519045923792,0.4737843520856413,1.0,0.6226415094339625,0.46492680820892546,0.7760869729908546,1.0,0.4602032804967781,aus|t_plus_7h|bounded,2026-07-09T13:00:00+00:00,2026-07-09,bounded,0.0,bounded,-0.16243822893718435,KXHIGHAUS-26JUL09-B98.5
0.29856243419904904,t_plus_8h,aus,KXHIGHAUS-26JUL09,0.34630060215947056,0.14526077097505682,0.38426290045756184,1.0,0.6809523809523806,0.44382320517410584,0.7305635026170324,1.0,0.48163750961027935,aus|t_plus_8h|bounded,2026-07-09T14:00:00+00:00,2026-07-09,bounded,0.0,bounded,-0.1993148713421013,KXHIGHAUS-26JUL09-B98.5
0.27028258207331846,t_plus_9h,aus,KXHIGHAUS-26JUL09,0.3115842910639643,0.14994999999999997,0.3930425881096072,1.0,0.675,0.42023258207331843,0.7046268791735715,1.0,0.4942929708546799,aus|t_plus_9h|bounded,2026-07-09T15:00:00+00:00,2026-07-09,bounded,0.0,bounded,-0.18070702914532016,KXHIGHAUS-26JUL09-B98.5
0.2610835859239825,t_plus_10h,aus,KXHIGHAUS-26JUL09,0.3264646204562789,0.11087081891580172,0.3276874070654803,1.0,0.7205882352941175,0.3719544048397842,0.6541520275217592,1.0,0.519882721967271,aus|t_plus_10h|bounded,2026-07-09T16:00:00+00:00,2026-07-09,bounded,0.0,bounded,-0.2007055133268465,KXHIGHAUS-26JUL09-B98.5
0.25931699359555105,t_plus_11h,aus,KXHIGHAUS-26JUL09,0.33618898928771457,0.12497520333267202,0.3506568716131693,1.0,0.7042253521126761,0.3842921969282231,0.6868458609008838,1.0,0.5031606073701268,aus|t_plus_11h|bounded,2026-07-09T17:00:00+00:00,2026-07-09,bounded,0.0,bounded,-0.20106474474254932,KXHIGHAUS-26JUL09-B98.5
0.12511977086664217,t_plus_12h,aus,KXHIGHAUS-26JUL09,0.19124641359002115,0.09037913848344631,0.28768207245178135,1.0,0.7499999999999997,0.21549890935008847,0.4789284860418025,1.0,0.6194467822001232,aus|t_plus_12h|bounded,2026-07-09T18:00:00+00:00,2026-07-09,bounded,0.0,bounded,-0.1305532177998765,KXHIGHAUS-26JUL09-B98.5
0.04262861395192137,t_plus_13h,aus,KXHIGHAUS-26JUL09,0.08100806084363327,0.0888235431398633,0.28286278601583215,1.0,0.753623188405797,0.13145215709178468,0.3638708468594654,1.0,0.694980947918869,aus|t_plus_13h|bounded,2026-07-09T19:00:00+00:00,2026-07-09,bounded,0.0,bounded,-0.05864224048692801,KXHIGHAUS-26JUL09-B98.5
0.05151224070255725,t_plus_14h,aus,KXHIGHAUS-26JUL09,0.11111183314611989,0.05414004696851095,0.21190045974002947,1.0,0.8090452261306532,0.1056522876710682,0.32301229288614935,1.0,0.7239649546944499,aus|t_plus_14h|bounded,2026-07-09T20:00:00+00:00,2026-07-09,bounded,0.0,bounded,-0.08508027143620334,KXHIGHAUS-26JUL09-B98.5
0.015431203108202743,t_plus_15h,aus,KXHIGHAUS-26JUL09,0.061109334485306324,0.012969975990693279,0.09381875521765486,1.0,0.9104477611940298,0.028401179098896022,0.15492808970296118,1.0,0.8564767647677684,aus|t_plus_15h|bounded,2026-07-09T21:00:00+00:00,2026-07-09,bounded,0.0,bounded,-0.053970996426261464,KXHIGHAUS-26JUL09-B98.5
0.007439050972168074,t_plus_16h,aus,KXHIGHAUS-26JUL09,0.06123696579008178,0.0007208765859284905,0.02481516911972402,1.0,0.9754901960784313,0.008159927558096565,0.0860521349098058,1.0,0.9175463937746793,aus|t_plus_16h|bounded,2026-07-09T22:00:00+00:00,2026-07-09,bounded,0.0,bounded,-0.05794380230375207,KXHIGHAUS-26JUL09-B98.5
0.007439050972168074,t_plus_17h,aus,KXHIGHAUS-26JUL09,0.06123696579008178,0.0007208765859284905,0.02481516911972402,1.0,0.9754901960784313,0.008159927558096565,0.0860521349098058,1.0,0.9175463937746793,aus|t_plus_17h|bounded,2026-07-09T23:00:00+00:00,2026-07-09,bounded,0.0,bounded,-0.05794380230375207,KXHIGHAUS-26JUL09-B98.5
0.007419777843443012,t_plus_18h,aus,KXHIGHAUS-26JUL09,0.0611319901162969,0.0007208765859284905,0.02481516911972402,1.0,0.9754901960784313,0.008140654429371503,0.08594715923602092,1.0,0.9176427188814027,aus|t_plus_18h|bounded,2026-07-10T00:00:00+00:00,2026-07-09,bounded,0.0,bounded,-0.05784747719702865,KXHIGHAUS-26JUL09-B98.5
0.007419777843443012,t_plus_19h,aus,KXHIGHAUS-26JUL09,0.0611319901162969,0.0007208765859284905,0.02481516911972402,1.0,0.9754901960784313,0.008140654429371503,0.08594715923602092,1.0,0.9176427188814027,aus|t_plus_19h|bounded,2026-07-10T01:00:00+00:00,2026-07-09,bounded,0.0,bounded,-0.05784747719702865,KXHIGHAUS-26JUL09-B98.5
0.007419777843443012,t_plus_20h,aus,KXHIGHAUS-26JUL09,0.0611319901162969,0.0007208765859284905,0.02481516911972402,1.0,0.9754901960784313,0.008140654429371503,0.08594715923602092,1.0,0.9176427188814027,aus|t_plus_20h|bounded,2026-07-10T02:00:00+00:00,2026-07-09,bounded,0.0,bounded,-0.05784747719702865,KXHIGHAUS-26JUL09-B98.5
0.007419777843443012,t_plus_21h,aus,KXHIGHAUS-26JUL09,0.0611319901162969,0.0007208765859284905,0.02481516911972402,1.0,0.9754901960784313,0.008140654429371503,0.08594715923602092,1.0,0.9176427188814027,aus|t_plus_21h|bounded,2026-07-10T03:00:00+00:00,2026-07-09,bounded,0.0,bounded,-0.05784747719702865,KXHIGHAUS-26JUL09-B98.5
0.007419777843443012,t_plus_22h,aus,KXHIGHAUS-26JUL09,0.0611319901162969,0.0007208765859284905,0.02481516911972402,1.0,0.9754901960784313,0.008140654429371503,0.08594715923602092,1.0,0.9176427188814027,aus|t_plus_22h|bounded,2026-07-10T04:00:00+00:00,2026-07-09,bounded,0.0,bounded,-0.05784747719702865,KXHIGHAUS-26JUL09-B98.5
0.007419777843443012,t_plus_23h,aus,KXHIGHAUS-26JUL09,0.0611319901162969,0.0007208765859284905,0.02481516911972402,1.0,0.9754901960784313,0.008140654429371503,0.08594715923602092,1.0,0.9176427188814027,aus|t_plus_23h|bounded,2026-07-10T05:00:00+00:00,2026-07-09,bounded,0.0,bounded,-0.05784747719702865,KXHIGHAUS-26JUL09-B98.5
-0.13607703048912728,t_plus_0h,den,KXHIGHDEN-26JUL09,-0.27340676522881857,0.6309629761480958,1.1669315326455876,1.0,0.31132075471698095,0.49488594565896854,0.893524767416769,1.0,0.4092108347314849,den|t_plus_0h|bounded,2026-07-09T07:00:00+00:00,2026-07-09,bounded,0.0,bounded,0.09789008001450394,KXHIGHDEN-26JUL09-B90.5
-0.16081057205209903,t_plus_1h,den,KXHIGHDEN-26JUL09,-0.31873795634053737,0.6703533149671216,1.2327845015644812,1.0,0.2914798206278028,0.5095427429150226,0.9140465452239438,1.0,0.40089868268875584,den|t_plus_1h|bounded,2026-07-09T08:00:00+00:00,2026-07-09,bounded,0.0,bounded,0.10941886206095303,KXHIGHDEN-26JUL09-B90.5
-0.0845848413306095,t_plus_2h,den,KXHIGHDEN-26JUL09,-0.23109561904549625,0.6271324885061492,1.1738357099056966,1.0,0.30917874396135286,0.5425476471755397,0.9427400908602004,1.0,0.38955894469466257,den|t_plus_2h|bounded,2026-07-09T09:00:00+00:00,2026-07-09,bounded,0.0,bounded,0.0803802007333097,KXHIGHDEN-26JUL09-B90.5
-0.07562442642830092,t_plus_3h,den,KXHIGHDEN-26JUL09,-0.22418276866390408,0.6079392541330254,1.1284652518177902,1.0,0.32352941176470607,0.5323148277047245,0.9042824831538862,1.0,0.4048322548806848,den|t_plus_3h|bounded,2026-07-09T10:00:00+00:00,2026-07-09,bounded,0.0,bounded,0.08130284311597874,KXHIGHDEN-26JUL09-B90.5
-0.010008787742916248,t_plus_4h,den,KXHIGHDEN-26JUL09,-0.10398571269160362,0.5641103299080586,1.039904687841332,1.0,0.35348837209302314,0.5541015421651424,0.9359189751497284,0.0,0.39222525459858176,den|t_plus_4h|bounded,2026-07-09T11:00:00+00:00,2026-07-09,upper_tail,-1.0,bounded,0.03873688250555862,KXHIGHDEN-26JUL09-B90.5
0.012782369091144163,t_plus_5h,den,KXHIGHDEN-26JUL09,-0.06207459908340385,0.5304894083272461,0.9862493204810653,1.0,0.37297297297297305,0.5432717774183903,0.9241747213976614,0.0,0.3968588030432209,den|t_plus_5h|bounded,2026-07-09T12:00:00+00:00,2026-07-09,upper_tail,-1.0,bounded,0.02388583007024786,KXHIGHDEN-26JUL09-B90.5
0.022084612370547985,t_plus_6h,den,KXHIGHDEN-26JUL09,-0.0007141779684931571,0.49396976388652997,0.9064867317775349,1.0,0.4039408866995071,0.516054376257078,0.9057725538090418,1.0,0.40422947542094867,den|t_plus_6h|bounded,2026-07-09T13:00:00+00:00,2026-07-09,bounded,0.0,bounded,0.0002885887214415517,KXHIGHDEN-26JUL09-B90.5
0.026915365868325936,t_plus_7h,den,KXHIGHDEN-26JUL09,-0.01365522808170938,0.48317906728373056,0.8906781560174283,1.0,0.4103773584905662,0.5100944331520565,0.8770229279357189,1.0,0.41601959022788043,den|t_plus_7h|bounded,2026-07-09T14:00:00+00:00,2026-07-09,bounded,0.0,bounded,0.005642231737314207,KXHIGHDEN-26JUL09-B90.5
0.03189159236325245,t_plus_8h,den,KXHIGHDEN-26JUL09,-0.03446624472581461,0.5015873015873017,0.9650808960435869,1.0,0.380952380952381,0.5334788939505541,0.9306146513177723,1.0,0.39431127192877613,den|t_plus_8h|bounded,2026-07-09T15:00:00+00:00,2026-07-09,bounded,0.0,bounded,0.013358890976395144,KXHIGHDEN-26JUL09-B90.5
0.12616174520052054,t_plus_9h,den,KXHIGHDEN-26JUL09,0.0891782157970894,0.4161093964334706,0.8005674291807822,1.0,0.44907407407407407,0.5422711416339911,0.8897456449778716,0.0,0.4107602183905406,den|t_plus_9h|bounded,2026-07-09T16:00:00+00:00,2026-07-09,upper_tail,-1.0,bounded,-0.03831385568353346,KXHIGHDEN-26JUL09-B90.5
0.025743098020023947,t_plus_10h,den,KXHIGHDEN-26JUL09,-0.017593569359373284,0.492603550295857,0.9186974719047185,1.0,0.3990384615384622,0.518346648315881,0.9011039025453452,1.0,0.40612109409028474,den|t_plus_10h|bounded,2026-07-09T17:00:00+00:00,2026-07-09,bounded,0.0,bounded,0.007082632551822565,KXHIGHDEN-26JUL09-B90.5
-0.17015482250110203,t_plus_11h,den,KXHIGHDEN-26JUL09,-0.2182356019477184,0.44645000000000007,0.8209805520698302,1.0,0.44,0.27629517749889804,0.6027449501221118,1.0,0.5473072412155697,den|t_plus_11h|bounded,2026-07-09T18:00:00+00:00,2026-07-09,bounded,0.0,bounded,0.10730724121556973,KXHIGHDEN-26JUL09-B90.5
-0.31808015644627574,t_plus_12h,den,KXHIGHDEN-26JUL09,-0.36521911422272196,0.5305447048611116,0.8630462173553431,0.0,0.42187499999999983,0.21246454841483586,0.4978271031326212,1.0,0.6078500211821827,den|t_plus_12h|bounded,2026-07-09T19:00:00+00:00,2026-07-09,bounded,1.0,bounded,0.18597502118218284,KXHIGHDEN-26JUL09-B90.5
-0.010747286881274132,t_plus_13h,den,KXHIGHDEN-26JUL09,0.010262122081939218,0.41435,0.6254885320861304,1.0,0.535,0.40360271311872586,0.6357506541680696,1.0,0.5295378393015728,den|t_plus_13h|bounded,2026-07-09T20:00:00+00:00,2026-07-09,bounded,0.0,bounded,-0.005462160698427199,KXHIGHDEN-26JUL09-B90.5
0.4390602422347481,t_plus_14h,den,KXHIGHDEN-26JUL09,0.5091458658229234,0.42912955907690115,0.6403771445798815,1.0,0.5270935960591131,0.8681898013116492,1.149523010402805,0.0,0.31678783785031683,den|t_plus_14h|bounded,2026-07-09T21:00:00+00:00,2026-07-09,upper_tail,-1.0,bounded,-0.21030575820879627,KXHIGHDEN-26JUL09-B90.5
0.4674578495047287,t_plus_15h,den,KXHIGHDEN-26JUL09,0.529317487182233,0.14710378800747434,0.3295993573334512,1.0,0.7192118226600983,0.614561637512203,0.8589168445156843,0.0,0.4236206809699517,den|t_plus_15h|bounded,2026-07-09T22:00:00+00:00,2026-07-09,upper_tail,-1.0,bounded,-0.2955911416901466,KXHIGHDEN-26JUL09-B90.5
0.015324372423431274,t_plus_16h,den,KXHIGHDEN-26JUL09,0.091068286821004,0.0014898116109188773,0.03491626510622799,1.0,0.9656862745098038,0.01681418403435015,0.12598455192723199,1.0,0.8816284661389187,den|t_plus_16h|bounded,2026-07-09T23:00:00+00:00,2026-07-09,bounded,0.0,bounded,-0.08405780837088517,KXHIGHDEN-26JUL09-B90.5
0.00579434936873721,t_plus_17h,den,KXHIGHDEN-26JUL09,0.044035992980533754,0.0020383896721589893,0.04020642047804048,1.0,0.9605911330049262,0.0078327390408962,0.08424241345857424,1.0,0.9192084005970907,den|t_plus_17h|bounded,2026-07-10T00:00:00+00:00,2026-07-09,bounded,0.0,bounded,-0.04138273240783541,KXHIGHDEN-26JUL09-B90.5
0.0067650111173843475,t_plus_18h,den,KXHIGHDEN-26JUL09,0.05424016315477533,0.001067727923511852,0.030002250303798904,1.0,0.9704433497536945,0.0078327390408962,0.08424241345857424,1.0,0.9192084005970907,den|t_plus_18h|bounded,2026-07-10T01:00:00+00:00,2026-07-09,bounded,0.0,bounded,-0.05123494915660376,KXHIGHDEN-26JUL09-B90.5
0.007111862454967709,t_plus_19h,den,KXHIGHDEN-26JUL09,0.059427244338850216,0.0007208765859284905,0.02481516911972402,1.0,0.9754901960784313,0.0078327390408962,0.08424241345857424,1.0,0.9192084005970907,den|t_plus_19h|bounded,2026-07-10T02:00:00+00:00,2026-07-09,bounded,0.0,bounded,-0.0562817954813406,KXHIGHDEN-26JUL09-B90.5
0.007111862454967709,t_plus_20h,den,KXHIGHDEN-26JUL09,0.059427244338850216,0.0007208765859284905,0.02481516911972402,1.0,0.9754901960784313,0.0078327390408962,0.08424241345857424,1.0,0.9192084005970907,den|t_plus_20h|bounded,2026-07-10T03:00:00+00:00,2026-07-09,bounded,0.0,bounded,-0.0562817954813406,KXHIGHDEN-26JUL09-B90.5
0.007111862454967709,t_plus_21h,den,KXHIGHDEN-26JUL09,0.059427244338850216,0.0007208765859284905,0.02481516911972402,1.0,0.9754901960784313,0.0078327390408962,0.08424241345857424,1.0,0.9192084005970907,den|t_plus_21h|bounded,2026-07-10T04:00:00+00:00,2026-07-09,bounded,0.0,bounded,-0.0562817954813406,KXHIGHDEN-26JUL09-B90.5
0.007111862454967709,t_plus_22h,den,KXHIGHDEN-26JUL09,0.059427244338850216,0.0007208765859284905,0.02481516911972402,1.0,0.9754901960784313,0.0078327390408962,0.08424241345857424,1.0,0.9192084005970907,den|t_plus_22h|bounded,2026-07-10T05:00:00+00:00,2026-07-09,bounded,0.0,bounded,-0.0562817954813406,KXHIGHDEN-26JUL09-B90.5
0.007111862454967709,t_plus_23h,den,KXHIGHDEN-26JUL09,0.059427244338850216,0.0007208765859284905,0.02481516911972402,1.0,0.9754901960784313,0.0078327390408962,0.08424241345857424,1.0,0.9192084005970907,den|t_plus_23h|bounded,2026-07-10T06:00:00+00:00,2026-07-09,bounded,0.0,bounded,-0.0562817954813406,KXHIGHDEN-26JUL09-B90.5
0.1076166280998122,t_plus_0h,la,KXHIGHLAX-26JUL09,0.26846122247306137,0.9019565027513315,1.49477500411396,0.0,0.22429906542056086,1.0095731308511438,1.7632362265870214,0.0,0.1714889876164138,la|t_plus_0h|bounded,2026-07-09T08:00:00+00:00,2026-07-09,bounded,0.0,bounded,-0.052810077804147065,KXHIGHLAX-26JUL09-B73.5
0.1339854136207057,t_plus_1h,la,KXHIGHLAX-26JUL09,0.3336187525374177,0.8983226432145304,1.4900911548015356,0.0,0.225352112676056,1.032308056835236,1.8237099073389533,0.0,0.16142576404742384,la|t_plus_1h|bounded,2026-07-09T09:00:00+00:00,2026-07-09,bounded,0.0,bounded,-0.06392634862863217,KXHIGHLAX-26JUL09-B73.5
0.03572782717713907,t_plus_2h,la,KXHIGHLAX-26JUL09,0.04823272039185733,0.9793927512894116,1.7218008806211444,0.0,0.17874396135265702,1.0151205784665507,1.7700336010130018,0.0,0.17032726556059155,la|t_plus_2h|bounded,2026-07-09T10:00:00+00:00,2026-07-09,bounded,0.0,bounded,-0.00841669579206547,KXHIGHLAX-26JUL09-B73.5
-0.08413051085643664,t_plus_3h,la,KXHIGHLAX-26JUL09,-0.172399449600656,1.0419568540852733,1.8792187745566424,0.0,0.15270935960591112,0.9578263432288366,1.7068193249559864,0.0,0.18144198378268317,la|t_plus_3h|bounded,2026-07-09T11:00:00+00:00,2026-07-09,bounded,0.0,bounded,0.028732624176772054,KXHIGHLAX-26JUL09-B73.5
-0.05400381912121943,t_plus_4h,la,KXHIGHLAX-26JUL09,-0.10916544031080067,1.0500931281246928,1.9070703157390472,0.0,0.14851485148514884,0.9960893090034734,1.7979048754282465,0.0,0.1656455730310989,la|t_plus_4h|bounded,2026-07-09T12:00:00+00:00,2026-07-09,bounded,0.0,bounded,0.01713072154595005,KXHIGHLAX-26JUL09-B73.5
-0.10789140799781616,t_plus_5h,la,KXHIGHLAX-26JUL09,-0.18169812854946565,1.1103457840236677,1.903550875216169,0.0,0.14903846153846195,1.0024543760258515,1.7218527466667033,0.0,0.17873469085062837,la|t_plus_5h|bounded,2026-07-09T13:00:00+00:00,2026-07-09,bounded,0.0,bounded,0.029696229312166422,KXHIGHLAX-26JUL09-B73.5
-0.04000609812926126,t_plus_6h,la,KXHIGHLAX-26JUL09,-0.034056106297034594,1.017108804306036,1.7072020811999913,0.0,0.18137254901960798,0.9771027061767746,1.6731459749029567,0.0,0.18765577567406078,la|t_plus_6h|bounded,2026-07-09T14:00:00+00:00,2026-07-09,bounded,0.0,bounded,0.0062832266544528,KXHIGHLAX-26JUL09-B73.5
0.027874408432755793,t_plus_7h,la,KXHIGHLAX-26JUL09,0.15976199070893737,1.0301290578543254,1.721800880621144,0.0,0.17874396135265713,1.0580034662870812,1.8815628713300814,0.0,0.15235181331405964,la|t_plus_7h|bounded,2026-07-09T15:00:00+00:00,2026-07-09,bounded,0.0,bounded,-0.02639214803859749,KXHIGHLAX-26JUL09-B73.5
0.038143723009951946,t_plus_8h,la,KXHIGHLAX-26JUL09,0.1035181175696398,1.0301725204821663,1.806797346592595,0.0,0.164179104477612,1.0683162434921183,1.9103154641622349,0.0,0.14803367990789207,la|t_plus_8h|bounded,2026-07-09T16:00:00+00:00,2026-07-09,bounded,0.0,bounded,-0.01614542456971993,KXHIGHLAX-26JUL09-B73.5
0.19294509274187155,t_plus_9h,la,KXHIGHLAX-26JUL09,0.2989310300682282,0.7388935157644251,1.0325505379900162,0.0,0.3560975609756101,0.9318386085062966,1.3314815680582444,0.0,0.2640857103636529,la|t_plus_9h|bounded,2026-07-09T17:00:00+00:00,2026-07-09,bounded,0.0,bounded,-0.09201185061195716,KXHIGHLAX-26JUL09-B73.5
-0.0686368558047693,t_plus_10h,la,KXHIGHLAX-26JUL09,-0.0014600904003493342,0.6270184544405992,0.8754687373538994,0.0,0.4166666666666669,0.5583815986358299,0.8740086469535501,0.0,0.41727548202138065,la|t_plus_10h|bounded,2026-07-09T18:00:00+00:00,2026-07-09,bounded,0.0,bounded,0.0006088153547137432,KXHIGHLAX-26JUL09-B73.5
0.503507557923513,t_plus_11h,la,KXHIGHLAX-26JUL09,0.6257502556565683,0.5477929578490134,0.791417401992747,0.0,0.45320197044334976,1.0513005157725264,1.4171676576493153,0.0,0.24239960419449252,la|t_plus_11h|bounded,2026-07-09T19:00:00+00:00,2026-07-09,bounded,0.0,bounded,-0.21080236624885723,KXHIGHLAX-26JUL09-B73.5
0.7325963415699421,t_plus_12h,la,KXHIGHLAX-26JUL09,0.8623734320800953,0.08506343713956172,0.24294617861038947,1.0,0.7843137254901961,0.8176597787095039,1.1053196106904848,0.0,0.33110504061816975,la|t_plus_12h|bounded,2026-07-09T20:00:00+00:00,2026-07-09,bounded,-1.0,bounded,-0.4532086848720263,KXHIGHLAX-26JUL09-B73.5
0.564436138970579,t_plus_13h,la,KXHIGHLAX-26JUL09,0.7193826352671903,0.033099565628867664,0.14842000511827372,1.0,0.862068965517241,0.5975357045994466,0.867802640385464,0.0,0.4198731486342195,la|t_plus_13h|bounded,2026-07-09T21:00:00+00:00,2026-07-09,bounded,-1.0,bounded,-0.4421958168830215,KXHIGHLAX-26JUL09-B73.5
0.05413547382135473,t_plus_14h,la,KXHIGHLAX-26JUL09,0.1952524556466936,0.002695814135869039,0.04557750849631925,1.0,0.9554455445544554,0.05683128795722377,0.24082996414301286,1.0,0.7859752590035908,la|t_plus_14h|bounded,2026-07-09T22:00:00+00:00,2026-07-09,bounded,0.0,bounded,-0.16947028555086463,KXHIGHLAX-26JUL09-B73.5
0.05582496616633563,t_plus_15h,la,KXHIGHLAX-26JUL09,0.2154153886552007,0.0007208765859284905,0.02481516911972402,1.0,0.9754901960784313,0.05654584275226412,0.24023055777492472,1.0,0.7864465188029498,la|t_plus_15h|bounded,2026-07-09T23:00:00+00:00,2026-07-09,bounded,0.0,bounded,-0.18904367727548155,KXHIGHLAX-26JUL09-B73.5
0.009995365368853103,t_plus_16h,la,KXHIGHLAX-26JUL09,0.07416359622626022,0.0007208765859284905,0.02481516911972402,1.0,0.9754901960784313,0.010716241954781594,0.09897876534598424,1.0,0.9057619413607866,la|t_plus_16h|bounded,2026-07-10T00:00:00+00:00,2026-07-09,bounded,0.0,bounded,-0.06972825471764477,KXHIGHLAX-26JUL09-B73.5
0.008665321849871845,t_plus_17h,la,KXHIGHLAX-26JUL09,0.06751528956305163,0.0007208765859284905,0.02481516911972402,1.0,0.9754901960784313,0.009386198435800335,0.09233045868277565,1.0,0.9118037862756159,la|t_plus_17h|bounded,2026-07-10T01:00:00+00:00,2026-07-09,bounded,0.0,bounded,-0.06368640980281548,KXHIGHLAX-26JUL09-B73.5
0.008665321849871845,t_plus_18h,la,KXHIGHLAX-26JUL09,0.06751528956305163,0.0007208765859284905,0.02481516911972402,1.0,0.9754901960784313,0.009386198435800335,0.09233045868277565,1.0,0.9118037862756159,la|t_plus_18h|bounded,2026-07-10T02:00:00+00:00,2026-07-09,bounded,0.0,bounded,-0.06368640980281548,KXHIGHLAX-26JUL09-B73.5
0.007489524975227851,t_plus_19h,la,KXHIGHLAX-26JUL09,0.06150448702411537,0.0007208765859284905,0.02481516911972402,1.0,0.9754901960784313,0.008210401561156341,0.0863196561438394,1.0,0.9173009634615075,la|t_plus_19h|bounded,2026-07-10T03:00:00+00:00,2026-07-09,bounded,0.0,bounded,-0.05818923261692388,KXHIGHLAX-26JUL09-B73.5
0.007489524975227851,t_plus_20h,la,KXHIGHLAX-26JUL09,0.06150448702411537,0.0007208765859284905,0.02481516911972402,1.0,0.9754901960784313,0.008210401561156341,0.0863196561438394,1.0,0.9173009634615075,la|t_plus_20h|bounded,2026-07-10T04:00:00+00:00,2026-07-09,bounded,0.0,bounded,-0.05818923261692388,KXHIGHLAX-26JUL09-B73.5
0.007489524975227851,t_plus_21h,la,KXHIGHLAX-26JUL09,0.06150448702411537,0.0007208765859284905,0.02481516911972402,1.0,0.9754901960784313,0.008210401561156341,0.0863196561438394,1.0,0.9173009634615075,la|t_plus_21h|bounded,2026-07-10T05:00:00+00:00,2026-07-09,bounded,0.0,bounded,-0.05818923261692388,KXHIGHLAX-26JUL09-B73.5
0.007489524975227851,t_plus_22h,la,KXHIGHLAX-26JUL09,0.06150448702411537,0.0007208765859284905,0.02481516911972402,1.0,0.9754901960784313,0.008210401561156341,0.0863196561438394,1.0,0.9173009634615075,la|t_plus_22h|bounded,2026-07-10T06:00:00+00:00,2026-07-09,bounded,0.0,bounded,-0.05818923261692388,KXHIGHLAX-26JUL09-B73.5
0.007489524975227851,t_plus_23h,la,KXHIGHLAX-26JUL09,0.06150448702411537,0.0007208765859284905,0.02481516911972402,1.0,0.9754901960784313,0.008210401561156341,0.0863196561438394,1.0,0.9173009634615075,la|t_plus_23h|bounded,2026-07-10T07:00:00+00:00,2026-07-09,bounded,0.0,bounded,-0.05818923261692388,KXHIGHLAX-26JUL09-B73.5
-0.09578818566380948,t_plus_0h,mia,KXHIGHMIA-26JUL09,-0.07642475946459548,0.31842950624628247,0.5694197880320441,1.0,0.5658536585365851,0.222641320582473,0.4929950285674486,1.0,0.6107943055810293,mia|t_plus_0h|bounded,2026-07-09T05:00:00+00:00,2026-07-09,bounded,0.0,bounded,0.044940647044444226,KXHIGHMIA-26JUL09-B92.5
-0.10093267503603595,t_plus_1h,mia,KXHIGHMIA-26JUL09,-0.09345604874792068,0.3192650659239466,0.5811735090104023,1.0,0.5592417061611371,0.21833239088791065,0.48771746026248164,1.0,0.6140263353762886,mia|t_plus_1h|bounded,2026-07-09T06:00:00+00:00,2026-07-09,bounded,0.0,bounded,0.05478462921515148,KXHIGHMIA-26JUL09-B92.5
-0.12377793678219143,t_plus_2h,mia,KXHIGHMIA-26JUL09,-0.13180973241746619,0.30743764172335575,0.567984037605939,1.0,0.5666666666666669,0.18365970494116432,0.4361743051884728,1.0,0.6465050269331464,mia|t_plus_2h|bounded,2026-07-09T07:00:00+00:00,2026-07-09,bounded,0.0,bounded,0.0798383602664795,KXHIGHMIA-26JUL09-B92.5
-0.09876641355367966,t_plus_3h,mia,KXHIGHMIA-26JUL09,-0.09479163633467036,0.32140773413615265,0.587786664902119,1.0,0.5555555555555556,0.222641320582473,0.4929950285674486,1.0,0.6107943055810293,mia|t_plus_3h|bounded,2026-07-09T08:00:00+00:00,2026-07-09,bounded,0.0,bounded,0.05523875002547374,KXHIGHMIA-26JUL09-B92.5
-0.08816400178667899,t_plus_4h,mia,KXHIGHMIA-26JUL09,-0.08766688227447428,0.32027655044527364,0.5887440608584463,1.0,0.5550239234449761,0.23211254865859465,0.501077178583972,1.0,0.6058776696320731,mia|t_plus_4h|bounded,2026-07-09T09:00:00+00:00,2026-07-09,bounded,0.0,bounded,0.05085374618709704,KXHIGHMIA-26JUL09-B92.5
-0.0543562734519607,t_plus_5h,mia,KXHIGHMIA-26JUL09,-0.05988713857414918,0.2913354878155297,0.5701854694251104,1.0,0.5654205607476636,0.236979214363569,0.5102983308509612,1.0,0.6003164591750259,mia|t_plus_5h|bounded,2026-07-09T10:00:00+00:00,2026-07-09,bounded,0.0,bounded,0.03489589842736229,KXHIGHMIA-26JUL09-B92.5
0.06569200815164408,t_plus_6h,mia,KXHIGHMIA-26JUL09,0.0998918301130165,0.20761277976148737,0.4729063889036961,1.0,0.623188405797102,0.27330478791313145,0.5727982190167126,1.0,0.5639451866393346,mia|t_plus_6h|bounded,2026-07-09T11:00:00+00:00,2026-07-09,bounded,0.0,bounded,-0.059243219157767424,KXHIGHMIA-26JUL09-B92.5
-0.09630427337185363,t_plus_7h,mia,KXHIGHMIA-26JUL09,-0.10889333172312371,0.29240833036667896,0.5607957290752716,1.0,0.5707547169811319,0.19610405699482533,0.45190239735214793,1.0,0.6364162826081655,mia|t_plus_7h|bounded,2026-07-09T12:00:00+00:00,2026-07-09,bounded,0.0,bounded,0.06566156562703362,KXHIGHMIA-26JUL09-B92.5
-0.04913999529470922,t_plus_8h,mia,KXHIGHMIA-26JUL09,-0.053311862312511726,0.21686562595653538,0.4599532933922345,1.0,0.631313131313131,0.16772563066182616,0.4066414310797228,1.0,0.6658829124167343,mia|t_plus_8h|bounded,2026-07-09T13:00:00+00:00,2026-07-09,bounded,0.0,bounded,0.0345697811036032,KXHIGHMIA-26JUL09-B92.5
-0.00893928639834457,t_plus_9h,mia,KXHIGHMIA-26JUL09,-0.01757015281750668,0.14138792772010772,0.34830669426821587,1.0,0.7058823529411764,0.13244864132176315,0.3307365414507092,1.0,0.7183944112601446,mia|t_plus_9h|bounded,2026-07-09T14:00:00+00:00,2026-07-09,bounded,0.0,bounded,0.012512058318968178,KXHIGHMIA-26JUL09-B92.5
0.01379899395986664,t_plus_10h,mia,KXHIGHMIA-26JUL09,0.029637232414308268,0.1313641465156618,0.3537930975638437,1.0,0.7020202020202019,0.14516314047552845,0.38343032997815196,1.0,0.6815195578772649,mia|t_plus_10h|bounded,2026-07-09T15:00:00+00:00,2026-07-09,bounded,0.0,bounded,-0.020500644142936952,KXHIGHMIA-26JUL09-B92.5
-0.000447412371671424,t_plus_11h,mia,KXHIGHMIA-26JUL09,0.00197718898956889,0.096662352071006,0.2812922743530101,1.0,0.7548076923076922,0.09621493969933458,0.28326946334257896,1.0,0.7533167692532458,mia|t_plus_11h|bounded,2026-07-09T16:00:00+00:00,2026-07-09,bounded,0.0,bounded,-0.0014909230544464247,KXHIGHMIA-26JUL09-B92.5
0.03054223809469729,t_plus_12h,mia,KXHIGHMIA-26JUL09,0.057022420544762975,0.08439061899269505,0.2746948769249697,1.0,0.7598039215686275,0.11493285708739234,0.33171729746973266,1.0,0.7176901870098029,mia|t_plus_12h|bounded,2026-07-09T17:00:00+00:00,2026-07-09,bounded,0.0,bounded,-0.04211373455882461,KXHIGHMIA-26JUL09-B92.5
0.009558664639313909,t_plus_13h,mia,KXHIGHMIA-26JUL09,0.045390325604110535,0.01431726079254535,0.09827022143280183,1.0,0.9064039408866994,0.02387592543185926,0.14366054703691236,1.0,0.866181726114023,mia|t_plus_13h|bounded,2026-07-09T18:00:00+00:00,2026-07-09,bounded,0.0,bounded,-0.0402222147726764,KXHIGHMIA-26JUL09-B92.5
0.012746817354614389,t_plus_14h,mia,KXHIGHMIA-26JUL09,0.056559459303035506,0.010993456276026195,0.08656801630845905,1.0,0.9170731707317072,0.023740273630640584,0.14312747561149455,1.0,0.8666435859326324,mia|t_plus_14h|bounded,2026-07-09T19:00:00+00:00,2026-07-09,bounded,0.0,bounded,-0.05042958479907489,KXHIGHMIA-26JUL09-B92.5
0.006794059685682511,t_plus_15h,mia,KXHIGHMIA-26JUL09,0.047658018631183095,0.0025921387501178245,0.04467244005159255,1.0,0.9563106796116505,0.009386198435800335,0.09233045868277565,1.0,0.9118037862756159,mia|t_plus_15h|bounded,2026-07-09T20:00:00+00:00,2026-07-09,bounded,0.0,bounded,-0.044506893336034636,KXHIGHMIA-26JUL09-B92.5
0.008665321849871845,t_plus_16h,mia,KXHIGHMIA-26JUL09,0.06751528956305163,0.0007208765859284905,0.02481516911972402,1.0,0.9754901960784313,0.009386198435800335,0.09233045868277565,1.0,0.9118037862756159,mia|t_plus_16h|bounded,2026-07-09T21:00:00+00:00,2026-07-09,bounded,0.0,bounded,-0.06368640980281548,KXHIGHMIA-26JUL09-B92.5
0.008665321849871845,t_plus_17h,mia,KXHIGHMIA-26JUL09,0.06751528956305163,0.0007208765859284905,0.02481516911972402,1.0,0.9754901960784313,0.009386198435800335,0.09233045868277565,1.0,0.9118037862756159,mia|t_plus_17h|bounded,2026-07-09T22:00:00+00:00,2026-07-09,bounded,0.0,bounded,-0.06368640980281548,KXHIGHMIA-26JUL09-B92.5
0.007489524975227851,t_plus_18h,mia,KXHIGHMIA-26JUL09,0.06150448702411537,0.0007208765859284905,0.02481516911972402,1.0,0.9754901960784313,0.008210401561156341,0.0863196561438394,1.0,0.9173009634615075,mia|t_plus_18h|bounded,2026-07-09T23:00:00+00:00,2026-07-09,bounded,0.0,bounded,-0.05818923261692388,KXHIGHMIA-26JUL09-B92.5
0.007489524975227851,t_plus_19h,mia,KXHIGHMIA-26JUL09,0.06150448702411537,0.0007208765859284905,0.02481516911972402,1.0,0.9754901960784313,0.008210401561156341,0.0863196561438394,1.0,0.9173009634615075,mia|t_plus_19h|bounded,2026-07-10T00:00:00+00:00,2026-07-09,bounded,0.0,bounded,-0.05818923261692388,KXHIGHMIA-26JUL09-B92.5
0.007489524975227851,t_plus_20h,mia,KXHIGHMIA-26JUL09,0.06150448702411537,0.0007208765859284905,0.02481516911972402,1.0,0.9754901960784313,0.008210401561156341,0.0863196561438394,1.0,0.9173009634615075,mia|t_plus_20h|bounded,2026-07-10T01:00:00+00:00,2026-07-09,bounded,0.0,bounded,-0.05818923261692388,KXHIGHMIA-26JUL09-B92.5
0.007489524975227851,t_plus_21h,mia,KXHIGHMIA-26JUL09,0.06150448702411537,0.0007208765859284905,0.02481516911972402,1.0,0.9754901960784313,0.008210401561156341,0.0863196561438394,1.0,0.9173009634615075,mia|t_plus_21h|bounded,2026-07-10T02:00:00+00:00,2026-07-09,bounded,0.0,bounded,-0.05818923261692388,KXHIGHMIA-26JUL09-B92.5
0.007489524975227851,t_plus_22h,mia,KXHIGHMIA-26JUL09,0.06150448702411537,0.0007208765859284905,0.02481516911972402,1.0,0.9754901960784313,0.008210401561156341,0.0863196561438394,1.0,0.9173009634615075,mia|t_plus_22h|bounded,2026-07-10T03:00:00+00:00,2026-07-09,bounded,0.0,bounded,-0.05818923261692388,KXHIGHMIA-26JUL09-B92.5
0.007489524975227851,t_plus_23h,mia,KXHIGHMIA-26JUL09,0.06150448702411537,0.0007208765859284905,0.02481516911972402,1.0,0.9754901960784313,0.008210401561156341,0.0863196561438394,1.0,0.9173009634615075,mia|t_plus_23h|bounded,2026-07-10T04:00:00+00:00,2026-07-09,bounded,0.0,bounded,-0.05818923261692388,KXHIGHMIA-26JUL09-B92.5
-0.014907907411427335,t_plus_0h,nyc,KXHIGHNY-26JUL09,-0.08687316424365443,0.9940477527458952,1.7965100719866527,0.0,0.16587677725118485,0.9791398453344679,1.7096369077429983,0.0,0.1809314755097311,nyc|t_plus_0h|lower_tail,2026-07-09T05:00:00+00:00,2026-07-09,bounded,0.0,lower_tail,0.015054698258546245,KXHIGHNY-26JUL09-T83
0.14951203908628652,t_plus_1h,nyc,KXHIGHNY-26JUL09,0.24709065943005037,0.7863563545745816,1.2790488307662926,0.0,0.27830188679245293,0.9358683936608682,1.526139490196343,0.0,0.21737322103448348,nyc|t_plus_1h|lower_tail,2026-07-09T06:00:00+00:00,2026-07-09,bounded,0.0,lower_tail,-0.06092866575796946,KXHIGHNY-26JUL09-T83
0.18987873623178164,t_plus_2h,nyc,KXHIGHNY-26JUL09,0.3291870209081884,0.8044502114571326,1.275068726009667,0.0,0.27941176470588214,0.9943289476889142,1.6042557469178553,0.0,0.20103912323208298,nyc|t_plus_2h|lower_tail,2026-07-09T07:00:00+00:00,2026-07-09,bounded,0.0,lower_tail,-0.07837264147379916,KXHIGHNY-26JUL09-T83
0.13647134750860102,t_plus_3h,nyc,KXHIGHNY-26JUL09,0.2604796466525068,0.8007352248091253,1.2674331582431628,0.0,0.28155339805825214,0.9372065723177263,1.5279128048956696,0.0,0.2169880914852531,nyc|t_plus_3h|lower_tail,2026-07-09T08:00:00+00:00,2026-07-09,bounded,0.0,lower_tail,-0.06456530657299903,KXHIGHNY-26JUL09-T83
0.07648372496454858,t_plus_4h,nyc,KXHIGHNY-26JUL09,0.15466021486159254,0.8593846686963196,1.3714792753347504,0.0,0.253731343283582,0.9358683936608682,1.526139490196343,0.0,0.21737322103448348,nyc|t_plus_4h|lower_tail,2026-07-09T09:00:00+00:00,2026-07-09,bounded,0.0,lower_tail,-0.03635812224909851,KXHIGHNY-26JUL09-T83
-0.018394238298991894,t_plus_5h,nyc,KXHIGHNY-26JUL09,-0.08967148021522897,1.0204821381780076,1.7550581023776288,0.0,0.17289719626168193,1.0020878998790157,1.6653866221623999,0.0,0.1891175268186624,nyc|t_plus_5h|lower_tail,2026-07-09T10:00:00+00:00,2026-07-09,bounded,0.0,lower_tail,0.016220330556980467,KXHIGHNY-26JUL09-T83
-0.00485961104484578,t_plus_6h,nyc,KXHIGHNY-26JUL09,-0.17110129836387422,1.0813196322336396,1.9366508236425153,0.0,0.14418604651162809,1.0764600211887938,1.765549525278641,0.0,0.1710927408609886,nyc|t_plus_6h|lower_tail,2026-07-09T11:00:00+00:00,2026-07-09,bounded,0.0,lower_tail,0.02690669434936052,KXHIGHNY-26JUL09-T83
0.0011145361285831434,t_plus_7h,nyc,KXHIGHNY-26JUL09,0.04972020916909292,1.0959562635498152,1.862140265989853,0.0,0.15533980582524295,1.0970707996783984,1.9118604751589459,0.0,0.14780514283615623,nyc|t_plus_7h|lower_tail,2026-07-09T12:00:00+00:00,2026-07-09,bounded,0.0,lower_tail,-0.007534662989086727,KXHIGHNY-26JUL09-T83
-0.025067961200188504,t_plus_8h,nyc,KXHIGHNY-26JUL09,-0.14467244902285037,1.0644877958579888,1.8410305182348392,0.0,0.15865384615384592,1.0394198346578003,1.6963580692119888,0.0,0.18335005780161243,nyc|t_plus_8h|lower_tail,2026-07-09T13:00:00+00:00,2026-07-09,bounded,0.0,lower_tail,0.024696211647766503,KXHIGHNY-26JUL09-T83
0.060263633593771626,t_plus_9h,nyc,KXHIGHNY-26JUL09,-0.09597018654814393,1.185265282583622,2.2735975561207953,0.0,0.10294117647058804,1.2455289161773937,2.1776273695726514,0.0,0.11331005484398074,nyc|t_plus_9h|lower_tail,2026-07-09T14:00:00+00:00,2026-07-09,bounded,0.0,lower_tail,0.010368878373392704,KXHIGHNY-26JUL09-T83
-0.05039902411478203,t_plus_10h,nyc,KXHIGHNY-26JUL09,-0.10035096655648923,1.1869595597868812,2.147100190153651,0.0,0.11682242990654203,1.1365605356720991,2.046749223597162,0.0,0.12915407291836078,nyc|t_plus_10h|lower_tail,2026-07-09T15:00:00+00:00,2026-07-09,bounded,0.0,lower_tail,0.012331643011818758,KXHIGHNY-26JUL09-T83
0.24679392580173087,t_plus_11h,nyc,KXHIGHNY-26JUL09,0.40140236651074157,0.7718641493055558,1.114360645636249,0.0,0.32812499999999994,1.0186580751072867,1.5157630121469905,0.0,0.21964053250123713,nyc|t_plus_11h|lower_tail,2026-07-09T16:00:00+00:00,2026-07-09,bounded,0.0,lower_tail,-0.10848446749876281,KXHIGHNY-26JUL09-T83
0.6477307792153671,t_plus_12h,nyc,KXHIGHNY-26JUL09,0.7354084243358361,0.19870600921478299,0.4029929189627754,1.0,0.6683168316831682,0.8464367884301501,1.1384013432986115,0.0,0.320330711537886,nyc|t_plus_12h|lower_tail,2026-07-09T17:00:00+00:00,2026-07-09,bounded,-1.0,lower_tail,-0.34798612014528224,KXHIGHNY-26JUL09-T83
0.04751150764669264,t_plus_13h,nyc,KXHIGHNY-26JUL09,0.18232466120283822,0.0026432141484044555,0.045120435280469544,1.0,0.9558823529411765,0.05015472179509709,0.22744509648330777,1.0,0.7965661545800954,nyc|t_plus_13h|lower_tail,2026-07-09T18:00:00+00:00,2026-07-09,lower_tail,0.0,lower_tail,-0.15931619836108113,KXHIGHNY-26JUL09-T83
0.04167608601905158,t_plus_14h,nyc,KXHIGHNY-26JUL09,0.182374794119868,0.0007500000000000011,0.025317807984289897,1.0,0.975,0.04242608601905158,0.2076926021041579,1.0,0.8124567458240739,nyc|t_plus_14h|lower_tail,2026-07-09T19:00:00+00:00,2026-07-09,lower_tail,0.0,lower_tail,-0.16254325417592608,KXHIGHNY-26JUL09-T83
0.054928930929815455,t_plus_15h,nyc,KXHIGHNY-26JUL09,0.20880069598784096,0.001067727923511852,0.030002250303798904,1.0,0.9704433497536945,0.05599665885332731,0.23880294629163987,1.0,0.7875700606840061,nyc|t_plus_15h|lower_tail,2026-07-09T20:00:00+00:00,2026-07-09,lower_tail,0.0,lower_tail,-0.18287328906968836,KXHIGHNY-26JUL09-T83
0.05527578226739882,t_plus_16h,nyc,KXHIGHNY-26JUL09,0.21398777717191586,0.0007208765859284905,0.02481516911972402,1.0,0.9754901960784313,0.05599665885332731,0.23880294629163987,1.0,0.7875700606840061,nyc|t_plus_16h|lower_tail,2026-07-09T21:00:00+00:00,2026-07-09,lower_tail,0.0,lower_tail,-0.1879201353944252,KXHIGHNY-26JUL09-T83
0.05064191525701651,t_plus_17h,nyc,KXHIGHNY-26JUL09,0.20268699291238512,0.0007208765859284905,0.02481516911972402,1.0,0.9754901960784313,0.051362791842944996,0.22750216203210913,1.0,0.7965206993923026,nyc|t_plus_17h|lower_tail,2026-07-09T22:00:00+00:00,2026-07-09,lower_tail,0.0,lower_tail,-0.17896949668612872,KXHIGHNY-26JUL09-T83
0.007489524975227851,t_plus_18h,nyc,KXHIGHNY-26JUL09,0.06150448702411537,0.0007208765859284905,0.02481516911972402,1.0,0.9754901960784313,0.008210401561156341,0.0863196561438394,1.0,0.9173009634615075,nyc|t_plus_18h|lower_tail,2026-07-09T23:00:00+00:00,2026-07-09,lower_tail,0.0,lower_tail,-0.05818923261692388,KXHIGHNY-26JUL09-T83
0.0071593194385092835,t_plus_19h,nyc,KXHIGHNY-26JUL09,0.05969282366638881,0.0007208765859284905,0.02481516911972402,1.0,0.9754901960784313,0.007880196024437774,0.08450799278611283,1.0,0.9189643102623005,nyc|t_plus_19h|lower_tail,2026-07-10T00:00:00+00:00,2026-07-09,lower_tail,0.0,lower_tail,-0.05652588581613083,KXHIGHNY-26JUL09-T83
0.0071593194385092835,t_plus_20h,nyc,KXHIGHNY-26JUL09,0.05969282366638881,0.0007208765859284905,0.02481516911972402,1.0,0.9754901960784313,0.007880196024437774,0.08450799278611283,1.0,0.9189643102623005,nyc|t_plus_20h|lower_tail,2026-07-10T01:00:00+00:00,2026-07-09,lower_tail,0.0,lower_tail,-0.05652588581613083,KXHIGHNY-26JUL09-T83
0.0071593194385092835,t_plus_21h,nyc,KXHIGHNY-26JUL09,0.05969282366638881,0.0007208765859284905,0.02481516911972402,1.0,0.9754901960784313,0.007880196024437774,0.08450799278611283,1.0,0.9189643102623005,nyc|t_plus_21h|lower_tail,2026-07-10T02:00:00+00:00,2026-07-09,lower_tail,0.0,lower_tail,-0.05652588581613083,KXHIGHNY-26JUL09-T83
0.007177044084491378,t_plus_22h,nyc,KXHIGHNY-26JUL09,0.05979166707625248,0.0007208765859284905,0.02481516911972402,1.0,0.9754901960784313,0.007897920670419868,0.0846068361959765,1.0,0.918873481185333,nyc|t_plus_22h|lower_tail,2026-07-10T03:00:00+00:00,2026-07-09,lower_tail,0.0,lower_tail,-0.056616714893098385,KXHIGHNY-26JUL09-T83
0.0071593194385092835,t_plus_23h,nyc,KXHIGHNY-26JUL09,0.05969282366638881,0.0007208765859284905,0.02481516911972402,1.0,0.9754901960784313,0.007880196024437774,0.08450799278611283,1.0,0.9189643102623005,nyc|t_plus_23h|lower_tail,2026-07-10T04:00:00+00:00,2026-07-09,lower_tail,0.0,lower_tail,-0.05652588581613083,KXHIGHNY-26JUL09-T83
-0.20005697404136646,t_plus_0h,okc,KXHIGHTOKC-26JUL09,-0.36016006289026803,0.742926954732511,1.264404543510855,0.0,0.28240740740740705,0.5428699806911446,0.904244480620587,0.0,0.40484763982426303,okc|t_plus_0h|bounded,2026-07-09T06:00:00+00:00,2026-07-09,bounded,0.0,bounded,0.12244023241685598,KXHIGHTOKC-26JUL09-B98.5
-0.20982881199684045,t_plus_1h,okc,KXHIGHTOKC-26JUL09,-0.32497002725077895,0.713198647205411,1.1518936552810461,0.0,0.3160377358490567,0.5033698352085706,0.8269236280302672,1.0,0.437392801640238,okc|t_plus_1h|bounded,2026-07-09T07:00:00+00:00,2026-07-09,bounded,1.0,bounded,0.12135506579118133,KXHIGHTOKC-26JUL09-B98.5
-0.1998947888110204,t_plus_2h,okc,KXHIGHTOKC-26JUL09,-0.31060303421244584,0.7168567392150038,1.1786549963416462,0.0,0.30769230769230765,0.5169619504039834,0.8680519621292003,1.0,0.4197684781775065,okc|t_plus_2h|bounded,2026-07-09T08:00:00+00:00,2026-07-09,bounded,1.0,bounded,0.11207617048519886,KXHIGHTOKC-26JUL09-B98.5
-0.2094482711308111,t_plus_3h,okc,KXHIGHTOKC-26JUL09,-0.3323825537401536,0.7257801783264743,1.2008911377885279,0.0,0.30092592592592593,0.5163319071956632,0.8685085840483743,1.0,0.4195768464443469,okc|t_plus_3h|bounded,2026-07-09T09:00:00+00:00,2026-07-09,bounded,1.0,bounded,0.11865092051842097,KXHIGHTOKC-26JUL09-B98.5
-0.21283143802576887,t_plus_4h,okc,KXHIGHTOKC-26JUL09,-0.3359208421967358,0.7297933884297523,1.2039728043259361,0.0,0.3,0.5169619504039834,0.8680519621292003,1.0,0.4197684781775065,okc|t_plus_4h|bounded,2026-07-09T10:00:00+00:00,2026-07-09,bounded,1.0,bounded,0.11976847817750652,KXHIGHTOKC-26JUL09-B98.5
-0.19842977772654402,t_plus_5h,okc,KXHIGHTOKC-26JUL09,-0.3150952847039441,0.704750578691414,1.1457908489432,0.0,0.31797235023041476,0.50632080096487,0.830695564239256,1.0,0.4357460914893827,okc|t_plus_5h|bounded,2026-07-09T11:00:00+00:00,2026-07-09,bounded,1.0,bounded,0.11777374125896795,KXHIGHTOKC-26JUL09-B98.5
-0.19171739196432835,t_plus_6h,okc,KXHIGHTOKC-26JUL09,-0.32895569081742326,0.6839282680967752,1.1085133596508214,0.0,0.3300492610837438,0.49221087613244685,0.7795576688333982,1.0,0.45860882342273496,okc|t_plus_6h|bounded,2026-07-09T12:00:00+00:00,2026-07-09,bounded,1.0,bounded,0.12855956233899118,KXHIGHTOKC-26JUL09-B98.5
-0.19391948863685948,t_plus_7h,okc,KXHIGHTOKC-26JUL09,-0.33365341925586456,0.6861303647693063,1.1132110880892627,0.0,0.3285024154589371,0.49221087613244685,0.7795576688333982,1.0,0.45860882342273496,okc|t_plus_7h|bounded,2026-07-09T13:00:00+00:00,2026-07-09,bounded,1.0,bounded,0.13010640796379785,KXHIGHTOKC-26JUL09-B98.5
-0.1984470155336373,t_plus_8h,okc,KXHIGHTOKC-26JUL09,-0.3190546198347127,0.6906578916660842,1.098612288668111,0.0,0.3333333333333329,0.49221087613244685,0.7795576688333982,1.0,0.45860882342273496,okc|t_plus_8h|bounded,2026-07-09T14:00:00+00:00,2026-07-09,bounded,1.0,bounded,0.12527549008940203,KXHIGHTOKC-26JUL09-B98.5
-0.22998486002789847,t_plus_9h,okc,KXHIGHTOKC-26JUL09,-0.36469571520156574,0.725221893491125,1.1478833376748931,0.0,0.31730769230769207,0.4952370334632265,0.7831876224733274,1.0,0.45694711244638775,okc|t_plus_9h|bounded,2026-07-09T15:00:00+00:00,2026-07-09,bounded,1.0,bounded,0.13963942013869568,KXHIGHTOKC-26JUL09-B98.5
-0.2278463927521187,t_plus_10h,okc,KXHIGHTOKC-26JUL09,-0.3636858089689339,0.7331730769230771,1.194403353309786,0.0,0.3028846153846152,0.5053266841709584,0.8307175443408521,1.0,0.43573651385128076,okc|t_plus_10h|bounded,2026-07-09T16:00:00+00:00,2026-07-09,bounded,1.0,bounded,0.13285189846666556,KXHIGHTOKC-26JUL09-B98.5
0.171845922501924,t_plus_11h,okc,KXHIGHTOKC-26JUL09,0.191362734758326,0.3434349030470919,0.693147180559946,1.0,0.49999999999999967,0.5152808255490159,0.8845099153182719,1.0,0.4129164877448667,okc|t_plus_11h|bounded,2026-07-09T17:00:00+00:00,2026-07-09,bounded,0.0,bounded,-0.08708351225513294,KXHIGHTOKC-26JUL09-B98.5
0.1438325607246711,t_plus_12h,okc,KXHIGHTOKC-26JUL09,0.17506495597005178,0.3112239168033069,0.6244703147637268,1.0,0.535545023696682,0.455056477527978,0.7995352707337786,1.0,0.44953782896605265,okc|t_plus_12h|bounded,2026-07-09T18:00:00+00:00,2026-07-09,bounded,0.0,bounded,-0.08600719473062934,KXHIGHTOKC-26JUL09-B98.5
0.21828121403955997,t_plus_13h,okc,KXHIGHTOKC-26JUL09,0.24662067473258287,0.1195369943458952,0.3159937052776721,1.0,0.7290640394088671,0.3378182083854552,0.562614380010255,1.0,0.5697176566926186,okc|t_plus_13h|bounded,2026-07-09T19:00:00+00:00,2026-07-09,bounded,0.0,bounded,-0.15934638271624846,KXHIGHTOKC-26JUL09-B98.5
0.2222352554736462,t_plus_14h,okc,KXHIGHTOKC-26JUL09,0.26293304226856246,0.12326767143595174,0.3345782966611424,1.0,0.7156398104265401,0.34550292690959794,0.5975113389297049,1.0,0.5501791431727167,okc|t_plus_14h|bounded,2026-07-09T20:00:00+00:00,2026-07-09,bounded,0.0,bounded,-0.16546066725382347,KXHIGHTOKC-26JUL09-B98.5
0.11262545949107367,t_plus_15h,okc,KXHIGHTOKC-26JUL09,0.1254310134356188,0.38453514739229017,0.6021754023542185,1.0,0.5476190476190477,0.49716060688336383,0.7276064157898373,1.0,0.4830638614291402,okc|t_plus_15h|bounded,2026-07-09T21:00:00+00:00,2026-07-09,bounded,0.0,bounded,-0.06455518618990747,KXHIGHTOKC-26JUL09-B98.5
0.3116617922238895,t_plus_16h,okc,KXHIGHTOKC-26JUL09,0.36455252472663013,0.10407101316192208,0.27763173659827933,1.0,0.7575757575757577,0.4157328053858116,0.6421842613249095,1.0,0.5261419365343929,okc|t_plus_16h|bounded,2026-07-09T22:00:00+00:00,2026-07-09,bounded,0.0,bounded,-0.23143382104136478,KXHIGHTOKC-26JUL09-B98.5
0.007507027021763646,t_plus_17h,okc,KXHIGHTOKC-26JUL09,0.06159881801735938,0.0007208765859284905,0.02481516911972402,1.0,0.9754901960784313,0.008227903607692136,0.0864139871370834,1.0,0.9172144376316184,okc|t_plus_17h|bounded,2026-07-09T23:00:00+00:00,2026-07-09,bounded,0.0,bounded,-0.058275758446812986,KXHIGHTOKC-26JUL09-B98.5
0.007393803736050971,t_plus_18h,okc,KXHIGHTOKC-26JUL09,0.06098563722919001,0.0007208765859284905,0.02481516911972402,1.0,0.9754901960784313,0.008114680321979461,0.08580080634891403,1.0,0.9177770283706946,okc|t_plus_18h|bounded,2026-07-10T00:00:00+00:00,2026-07-09,bounded,0.0,bounded,-0.05771316770773671,KXHIGHTOKC-26JUL09-B98.5
0.007374451385085846,t_plus_19h,okc,KXHIGHTOKC-26JUL09,0.06088012660192382,0.0007208765859284905,0.02481516911972402,1.0,0.9754901960784313,0.008095327971014336,0.08569529572164784,1.0,0.9178738687094011,okc|t_plus_19h|bounded,2026-07-10T01:00:00+00:00,2026-07-09,bounded,0.0,bounded,-0.05761632736903022,KXHIGHTOKC-26JUL09-B98.5
0.007374451385085846,t_plus_20h,okc,KXHIGHTOKC-26JUL09,0.06088012660192382,0.0007208765859284905,0.02481516911972402,1.0,0.9754901960784313,0.008095327971014336,0.08569529572164784,1.0,0.9178738687094011,okc|t_plus_20h|bounded,2026-07-10T02:00:00+00:00,2026-07-09,bounded,0.0,bounded,-0.05761632736903022,KXHIGHTOKC-26JUL09-B98.5
0.007374451385085846,t_plus_21h,okc,KXHIGHTOKC-26JUL09,0.06088012660192382,0.0007208765859284905,0.02481516911972402,1.0,0.9754901960784313,0.008095327971014336,0.08569529572164784,1.0,0.9178738687094011,okc|t_plus_21h|bounded,2026-07-10T03:00:00+00:00,2026-07-09,bounded,0.0,bounded,-0.05761632736903022,KXHIGHTOKC-26JUL09-B98.5
0.007374451385085846,t_plus_22h,okc,KXHIGHTOKC-26JUL09,0.06088012660192382,0.0007208765859284905,0.02481516911972402,1.0,0.9754901960784313,0.008095327971014336,0.08569529572164784,1.0,0.9178738687094011,okc|t_plus_22h|bounded,2026-07-10T04:00:00+00:00,2026-07-09,bounded,0.0,bounded,-0.05761632736903022,KXHIGHTOKC-26JUL09-B98.5
0.007374451385085846,t_plus_23h,okc,KXHIGHTOKC-26JUL09,0.06088012660192382,0.0007208765859284905,0.02481516911972402,1.0,0.9754901960784313,0.008095327971014336,0.08569529572164784,1.0,0.9178738687094011,okc|t_plus_23h|bounded,2026-07-10T05:00:00+00:00,2026-07-09,bounded,0.0,bounded,-0.05761632736903022,KXHIGHTOKC-26JUL09-B98.5
0.10590764147993792,t_plus_0h,aus,KXHIGHAUS-26JUL10,0.10427649765351066,0.5446303884984319,0.9603076172909295,1.0,0.3827751196172248,0.6505380299783698,1.0645841149444402,0.0,0.34487125174651656,aus|t_plus_0h|bounded,2026-07-10T06:00:00+00:00,2026-07-10,bounded,-1.0,bounded,-0.03790386787070826,KXHIGHAUS-26JUL10-B95.5
-0.005795811314333377,t_plus_1h,aus,KXHIGHAUS-26JUL10,-0.054574371365851526,0.8189747241011037,1.3862943611198908,0.0,0.24999999999999994,0.8131789127867703,1.3317199897540393,0.0,0.2640227541061199,aus|t_plus_1h|bounded,2026-07-10T07:00:00+00:00,2026-07-10,bounded,0.0,bounded,0.014022754106119972,KXHIGHAUS-26JUL10-B95.5
-0.028652312372458244,t_plus_2h,aus,KXHIGHAUS-26JUL10,-0.09368332899472165,0.8212006489994589,1.3633048428951915,0.0,0.2558139534883722,0.7925483366270006,1.2696215139004698,0.0,0.28093793276087686,aus|t_plus_2h|bounded,2026-07-10T08:00:00+00:00,2026-07-10,bounded,0.0,bounded,0.02512397927250465,KXHIGHAUS-26JUL10-B95.5
-0.02174187046954612,t_plus_3h,aus,KXHIGHAUS-26JUL10,-0.06213963219935481,0.8552834467120176,1.415281897993142,0.0,0.24285714285714305,0.8335415762424715,1.3531422657937873,0.0,0.2584269373506945,aus|t_plus_3h|bounded,2026-07-10T09:00:00+00:00,2026-07-10,bounded,0.0,bounded,0.015569794493551448,KXHIGHAUS-26JUL10-B95.5
0.0391748728889979,t_plus_4h,aus,KXHIGHAUS-26JUL10,0.026635823052870045,0.7943667033534736,1.3265064427409172,0.0,0.26540284360189575,0.8335415762424715,1.3531422657937873,0.0,0.2584269373506945,aus|t_plus_4h|bounded,2026-07-10T10:00:00+00:00,2026-07-10,bounded,0.0,bounded,-0.006975906251201258,KXHIGHAUS-26JUL10-B95.5
-0.020254607477441566,t_plus_5h,aus,KXHIGHAUS-26JUL10,-0.10487970036003014,0.9466738777717683,1.6570659614233543,0.0,0.19069767441860477,0.9264192702943267,1.5521862610633241,0.0,0.21178445122113485,aus|t_plus_5h|bounded,2026-07-10T11:00:00+00:00,2026-07-10,bounded,0.0,bounded,0.02108677680253007,KXHIGHAUS-26JUL10-B95.5
-0.2182634272174543,t_plus_6h,aus,KXHIGHAUS-26JUL10,-0.514818167067588,1.075021176255123,1.9411368703026575,0.0,0.14354066985645908,0.8567577490376687,1.4263187032350695,0.0,0.2401915129474457,aus|t_plus_6h|bounded,2026-07-10T12:00:00+00:00,2026-07-10,bounded,0.0,bounded,0.09665084309098662,KXHIGHAUS-26JUL10-B95.5
-0.4147680516040748,t_plus_7h,aus,KXHIGHAUS-26JUL10,-0.5433752592011429,0.813563239644971,1.2600006357955993,0.0,0.2836538461538459,0.3987951880408962,0.7166253765944564,1.0,0.4883976362235326,aus|t_plus_7h|bounded,2026-07-10T13:00:00+00:00,2026-07-10,bounded,1.0,bounded,0.20474379006968668,KXHIGHAUS-26JUL10-B95.5
-0.3802583128913165,t_plus_8h,aus,KXHIGHAUS-26JUL10,-0.48732751959018417,0.6888435374149657,1.0566480895690769,0.0,0.3476190476190478,0.3085852245236492,0.5693205699788927,1.0,0.5659098042202403,aus|t_plus_8h|bounded,2026-07-10T14:00:00+00:00,2026-07-10,bounded,1.0,bounded,0.21829075660119246,KXHIGHAUS-26JUL10-B95.5
-0.20202645406358344,t_plus_9h,aus,KXHIGHAUS-26JUL10,-0.2810921558928364,0.635954164624613,0.9889133714116863,0.0,0.371980676328502,0.4339277105610295,0.7078212155188499,1.0,0.49271655199913894,aus|t_plus_9h|bounded,2026-07-10T15:00:00+00:00,2026-07-10,bounded,1.0,bounded,0.12073587567063693,KXHIGHAUS-26JUL10-B95.5
-0.16777771225565902,t_plus_10h,aus,KXHIGHAUS-26JUL10,-0.2606199417086067,0.6651078754384111,1.03375165446607,0.0,0.355670103092783,0.4973301631827521,0.7731317127574634,1.0,0.4615653125391896,aus|t_plus_10h|bounded,2026-07-10T16:00:00+00:00,2026-07-10,bounded,1.0,bounded,0.10589520944640657,KXHIGHAUS-26JUL10-B95.5
-0.21941518222634016,t_plus_11h,aus,KXHIGHAUS-26JUL10,-0.3817805974463985,0.8738582495086131,1.333926375602574,0.0,0.2634408602150539,0.654443067282273,0.9521457781561756,0.0,0.3859120527259898,aus|t_plus_11h|bounded,2026-07-10T17:00:00+00:00,2026-07-10,bounded,0.0,bounded,0.12247119251093586,KXHIGHAUS-26JUL10-B95.5
-0.19407426281026652,t_plus_12h,aus,KXHIGHAUS-26JUL10,-0.2279937151660556,0.7652492207383684,1.0264159974636207,0.0,0.3582887700534759,0.5711749579281019,0.7984222822975651,0.0,0.4500384379056357,aus|t_plus_12h|bounded,2026-07-10T18:00:00+00:00,2026-07-10,bounded,0.0,bounded,0.09174966785215977,KXHIGHAUS-26JUL10-B95.5
-0.0006400454986081536,t_plus_13h,aus,KXHIGHAUS-26JUL10,0.011622325531780636,0.018349999999999998,0.11093156070728166,1.0,0.895,0.017709954501391845,0.1225538862390623,1.0,0.884658232754039,aus|t_plus_13h|bounded,2026-07-10T19:00:00+00:00,2026-07-10,bounded,0.0,bounded,-0.010341767245961031,KXHIGHAUS-26JUL10-B95.5
0.004477067170126818,t_plus_14h,aus,KXHIGHAUS-26JUL10,0.03790744807030593,0.0015346154798148615,0.035446748995747686,1.0,0.9651741293532338,0.00601168264994168,0.07335419706605362,1.0,0.9292716264441097,aus|t_plus_14h|bounded,2026-07-10T20:00:00+00:00,2026-07-10,bounded,0.0,bounded,-0.03590250290912411,KXHIGHAUS-26JUL10-B95.5
0.0025464218890694254,t_plus_15h,aus,KXHIGHAUS-26JUL10,0.022322717053607742,0.003465260760872255,0.051031480012445875,1.0,0.9502487562189055,0.00601168264994168,0.07335419706605362,1.0,0.9292716264441097,aus|t_plus_15h|bounded,2026-07-10T21:00:00+00:00,2026-07-10,bounded,0.0,bounded,-0.020977129774795822,KXHIGHAUS-26JUL10-B95.5
0.005269126772611912,t_plus_16h,aus,KXHIGHAUS-26JUL10,0.0481639482374951,0.0007425558773297688,0.02519024882855852,1.0,0.9751243781094527,0.00601168264994168,0.07335419706605362,1.0,0.9292716264441097,aus|t_plus_16h|bounded,2026-07-10T22:00:00+00:00,2026-07-10,bounded,0.0,bounded,-0.04585275166534308,KXHIGHAUS-26JUL10-B95.5
0.004772156805361345,t_plus_17h,aus,KXHIGHAUS-26JUL10,0.04523979826993442,0.0007208765859284905,0.02481516911972402,1.0,0.9754901960784313,0.005493033391289835,0.07005496738965844,1.0,0.9323425700600824,aus|t_plus_17h|bounded,2026-07-10T23:00:00+00:00,2026-07-10,bounded,0.0,bounded,-0.043147626018348983,KXHIGHAUS-26JUL10-B95.5
0.00529080606401319,t_plus_18h,aus,KXHIGHAUS-26JUL10,0.048539027946329596,0.0007208765859284905,0.02481516911972402,1.0,0.9754901960784313,0.00601168264994168,0.07335419706605362,1.0,0.9292716264441097,aus|t_plus_18h|bounded,2026-07-11T00:00:00+00:00,2026-07-10,bounded,0.0,bounded,-0.04621856963432169,KXHIGHAUS-26JUL10-B95.5
0.00529080606401319,t_plus_19h,aus,KXHIGHAUS-26JUL10,0.048539027946329596,0.0007208765859284905,0.02481516911972402,1.0,0.9754901960784313,0.00601168264994168,0.07335419706605362,1.0,0.9292716264441097,aus|t_plus_19h|bounded,2026-07-11T01:00:00+00:00,2026-07-10,bounded,0.0,bounded,-0.04621856963432169,KXHIGHAUS-26JUL10-B95.5
0.00529080606401319,t_plus_20h,aus,KXHIGHAUS-26JUL10,0.048539027946329596,0.0007208765859284905,0.02481516911972402,1.0,0.9754901960784313,0.00601168264994168,0.07335419706605362,1.0,0.9292716264441097,aus|t_plus_20h|bounded,2026-07-11T02:00:00+00:00,2026-07-10,bounded,0.0,bounded,-0.04621856963432169,KXHIGHAUS-26JUL10-B95.5
0.00529080606401319,t_plus_21h,aus,KXHIGHAUS-26JUL10,0.048539027946329596,0.0007208765859284905,0.02481516911972402,1.0,0.9754901960784313,0.00601168264994168,0.07335419706605362,1.0,0.9292716264441097,aus|t_plus_21h|bounded,2026-07-11T03:00:00+00:00,2026-07-10,bounded,0.0,bounded,-0.04621856963432169,KXHIGHAUS-26JUL10-B95.5
0.00529080606401319,t_plus_22h,aus,KXHIGHAUS-26JUL10,0.048539027946329596,0.0007208765859284905,0.02481516911972402,1.0,0.9754901960784313,0.00601168264994168,0.07335419706605362,1.0,0.9292716264441097,aus|t_plus_22h|bounded,2026-07-11T04:00:00+00:00,2026-07-10,bounded,0.0,bounded,-0.04621856963432169,KXHIGHAUS-26JUL10-B95.5
0.00529080606401319,t_plus_23h,aus,KXHIGHAUS-26JUL10,0.048539027946329596,0.0007208765859284905,0.02481516911972402,1.0,0.9754901960784313,0.00601168264994168,0.07335419706605362,1.0,0.9292716264441097,aus|t_plus_23h|bounded,2026-07-11T05:00:00+00:00,2026-07-10,bounded,0.0,bounded,-0.04621856963432169,KXHIGHAUS-26JUL10-B95.5
0.0785175042508588,t_plus_0h,den,KXHIGHDEN-26JUL10,0.15554354084524258,1.041855399618821,1.9711003978838697,0.0,0.139303482587065,1.1203729038696797,2.1266439387291123,0.0,0.1192367890821146,den|t_plus_0h|bounded,2026-07-10T07:00:00+00:00,2026-07-10,upper_tail,0.0,bounded,-0.020066693504950384,KXHIGHDEN-26JUL10-B88.5
0.22155358725670182,t_plus_1h,den,KXHIGHDEN-26JUL10,0.4662979382939514,0.8118869165023015,1.4228519568536893,0.0,0.24102564102564078,1.0334405037590033,1.8891498951476406,0.0,0.15120029031774515,den|t_plus_1h|bounded,2026-07-10T08:00:00+00:00,2026-07-10,bounded,0.0,bounded,-0.08982535070789563,KXHIGHDEN-26JUL10-B88.5
0.24235974165509977,t_plus_2h,den,KXHIGHDEN-26JUL10,0.48297511665463544,0.766964628988851,1.3478280802920952,0.0,0.25980392156862725,1.0093243706439508,1.8308031969467307,0.0,0.16028477581689932,den|t_plus_2h|bounded,2026-07-10T09:00:00+00:00,2026-07-10,bounded,0.0,bounded,-0.09951914575172793,KXHIGHDEN-26JUL10-B88.5
0.24198114181703723,t_plus_3h,den,KXHIGHDEN-26JUL10,0.47794207006374734,0.7095290858725763,1.2039728043259361,0.0,0.29999999999999993,0.9515102276896136,1.6819148743896835,0.0,0.1860174347606159,den|t_plus_3h|bounded,2026-07-10T10:00:00+00:00,2026-07-10,bounded,0.0,bounded,-0.11398256523938402,KXHIGHDEN-26JUL10-B88.5
0.195286640641116,t_plus_4h,den,KXHIGHDEN-26JUL10,0.39556516845907996,0.77915,1.3280254529959148,0.0,0.265,0.974436640641116,1.7235906214549948,0.0,0.17842434208935973,den|t_plus_4h|bounded,2026-07-10T11:00:00+00:00,2026-07-10,bounded,0.0,bounded,-0.08657565791064029,KXHIGHDEN-26JUL10-B88.5
0.10990997370966027,t_plus_5h,den,KXHIGHDEN-26JUL10,0.10716767086681056,0.739667590027701,1.2396908869280154,0.0,0.28947368421052627,0.8495775637373613,1.346858557794826,0.0,0.26005592945938655,den|t_plus_5h|bounded,2026-07-10T12:00:00+00:00,2026-07-10,bounded,0.0,bounded,-0.029417754751139724,KXHIGHDEN-26JUL10-B88.5
0.22770606738888954,t_plus_6h,den,KXHIGHDEN-26JUL10,0.5084287676263226,0.7580243031378451,1.2409842693027553,0.0,0.2890995260663507,0.9857303705267346,1.749413036929078,0.0,0.1738759722785869,den|t_plus_6h|bounded,2026-07-10T13:00:00+00:00,2026-07-10,bounded,0.0,bounded,-0.1152235537877638,KXHIGHDEN-26JUL10-B88.5
0.1248885928317266,t_plus_7h,den,KXHIGHDEN-26JUL10,0.27897098640483886,0.7756151480199927,1.275068726009667,0.0,0.2794117647058822,0.9005037408517192,1.5540397124145058,0.0,0.21139228258886797,den|t_plus_7h|bounded,2026-07-10T14:00:00+00:00,2026-07-10,bounded,0.0,bounded,-0.06801948211701422,KXHIGHDEN-26JUL10-B88.5
0.12053813568312699,t_plus_8h,den,KXHIGHDEN-26JUL10,0.27363333184925054,0.7918595510524935,1.2716314527997508,0.0,0.28037383177570097,0.9123976867356205,1.5452647846490013,0.0,0.21325539699105042,den|t_plus_8h|bounded,2026-07-10T15:00:00+00:00,2026-07-10,bounded,0.0,bounded,-0.06711843478465054,KXHIGHDEN-26JUL10-B88.5
0.014649790731397383,t_plus_9h,den,KXHIGHDEN-26JUL10,0.10808629207812537,0.9339158102068136,1.5321047090309305,0.0,0.2160804020100501,0.948565600938211,1.640191001109056,0.0,0.1939429954257884,den|t_plus_9h|bounded,2026-07-10T16:00:00+00:00,2026-07-10,bounded,0.0,bounded,-0.022137406584261693,KXHIGHDEN-26JUL10-B88.5
0.07860769191001005,t_plus_10h,den,KXHIGHDEN-26JUL10,0.23244742841915556,0.8640263856321981,1.3711807233098412,0.0,0.2538071065989851,0.9426340775422082,1.6036281517289968,0.0,0.2011653340190945,den|t_plus_10h|bounded,2026-07-10T17:00:00+00:00,2026-07-10,bounded,0.0,bounded,-0.05264177257989058,KXHIGHDEN-26JUL10-B88.5
0.0374013376531841,t_plus_11h,den,KXHIGHDEN-26JUL10,0.1030558320369992,1.1289470553242127,2.1875157632092623,0.0,0.11219512195121906,1.1663483929773968,2.2905715952462615,0.0,0.1012085949654767,den|t_plus_11h|bounded,2026-07-10T18:00:00+00:00,2026-07-10,bounded,0.0,bounded,-0.01098652698574236,KXHIGHDEN-26JUL10-B88.5
0.04596029296676685,t_plus_12h,den,KXHIGHDEN-26JUL10,0.22751426445847467,0.9454596373310922,1.4615177823574768,0.0,0.23188405797101483,0.991419930297859,1.6890320468159514,0.0,0.1846982167229039,den|t_plus_12h|bounded,2026-07-10T19:00:00+00:00,2026-07-10,bounded,0.0,bounded,-0.04718584124811093,KXHIGHDEN-26JUL10-B88.5
-0.33936850494655924,t_plus_13h,den,KXHIGHDEN-26JUL10,-0.6093054468446644,1.13075,1.8643301620628905,0.0,0.155,0.7913814950534407,1.2550247152182261,0.0,0.28506880259972117,den|t_plus_13h|bounded,2026-07-10T20:00:00+00:00,2026-07-10,bounded,0.0,bounded,0.13006880259972117,KXHIGHDEN-26JUL10-B88.5
0.0031745501515428876,t_plus_14h,den,KXHIGHDEN-26JUL10,-0.0012149231920611792,0.5397849984226748,0.8823891801984742,1.0,0.41379310344827563,0.5429595485742177,0.881174257006413,0.0,0.41429613579732893,den|t_plus_14h|bounded,2026-07-10T21:00:00+00:00,2026-07-10,bounded,-1.0,bounded,0.0005030323490533006,KXHIGHDEN-26JUL10-B88.5
0.24336716571509887,t_plus_15h,den,KXHIGHDEN-26JUL10,0.2780381420381809,0.12028137803086937,0.3064699863174144,1.0,0.7360406091370556,0.3636485437459682,0.5845081283555953,1.0,0.5573799537920413,den|t_plus_15h|bounded,2026-07-10T22:00:00+00:00,2026-07-10,bounded,0.0,bounded,-0.1786606553450143,KXHIGHDEN-26JUL10-B88.5
0.22474181698716195,t_plus_16h,den,KXHIGHDEN-26JUL10,0.30835765727817444,0.050136214830246766,0.18327895275028236,1.0,0.8325358851674638,0.2748780318174087,0.49163661002845677,1.0,0.6116245836941558,den|t_plus_16h|bounded,2026-07-10T23:00:00+00:00,2026-07-10,bounded,0.0,bounded,-0.22091130147330795,KXHIGHDEN-26JUL10-B88.5
0.00529080606401319,t_plus_17h,den,KXHIGHDEN-26JUL10,0.048539027946329596,0.0007208765859284905,0.02481516911972402,1.0,0.9754901960784313,0.00601168264994168,0.07335419706605362,1.0,0.9292716264441097,den|t_plus_17h|bounded,2026-07-11T00:00:00+00:00,2026-07-10,bounded,0.0,bounded,-0.04621856963432169,KXHIGHDEN-26JUL10-B88.5
0.00529080606401319,t_plus_18h,den,KXHIGHDEN-26JUL10,0.048539027946329596,0.0007208765859284905,0.02481516911972402,1.0,0.9754901960784313,0.00601168264994168,0.07335419706605362,1.0,0.9292716264441097,den|t_plus_18h|bounded,2026-07-11T01:00:00+00:00,2026-07-10,bounded,0.0,bounded,-0.04621856963432169,KXHIGHDEN-26JUL10-B88.5
0.00529080606401319,t_plus_19h,den,KXHIGHDEN-26JUL10,0.048539027946329596,0.0007208765859284905,0.02481516911972402,1.0,0.9754901960784313,0.00601168264994168,0.07335419706605362,1.0,0.9292716264441097,den|t_plus_19h|bounded,2026-07-11T02:00:00+00:00,2026-07-10,bounded,0.0,bounded,-0.04621856963432169,KXHIGHDEN-26JUL10-B88.5
0.00529080606401319,t_plus_20h,den,KXHIGHDEN-26JUL10,0.048539027946329596,0.0007208765859284905,0.02481516911972402,1.0,0.9754901960784313,0.00601168264994168,0.07335419706605362,1.0,0.9292716264441097,den|t_plus_20h|bounded,2026-07-11T03:00:00+00:00,2026-07-10,bounded,0.0,bounded,-0.04621856963432169,KXHIGHDEN-26JUL10-B88.5
0.00529080606401319,t_plus_21h,den,KXHIGHDEN-26JUL10,0.048539027946329596,0.0007208765859284905,0.02481516911972402,1.0,0.9754901960784313,0.00601168264994168,0.07335419706605362,1.0,0.9292716264441097,den|t_plus_21h|bounded,2026-07-11T04:00:00+00:00,2026-07-10,bounded,0.0,bounded,-0.04621856963432169,KXHIGHDEN-26JUL10-B88.5
0.00529080606401319,t_plus_22h,den,KXHIGHDEN-26JUL10,0.048539027946329596,0.0007208765859284905,0.02481516911972402,1.0,0.9754901960784313,0.00601168264994168,0.07335419706605362,1.0,0.9292716264441097,den|t_plus_22h|bounded,2026-07-11T05:00:00+00:00,2026-07-10,bounded,0.0,bounded,-0.04621856963432169,KXHIGHDEN-26JUL10-B88.5
0.00529080606401319,t_plus_23h,den,KXHIGHDEN-26JUL10,0.048539027946329596,0.0007208765859284905,0.02481516911972402,1.0,0.9754901960784313,0.00601168264994168,0.07335419706605362,1.0,0.9292716264441097,den|t_plus_23h|bounded,2026-07-11T06:00:00+00:00,2026-07-10,bounded,0.0,bounded,-0.04621856963432169,KXHIGHDEN-26JUL10-B88.5
0.2066229553304984,t_plus_0h,la,KXHIGHLAX-26JUL10,0.22389701493030867,0.2979,0.6254885320861304,1.0,0.535,0.5045229553304984,0.8493855470164391,1.0,0.4276776390311909,la|t_plus_0h|bounded,2026-07-10T08:00:00+00:00,2026-07-10,bounded,0.0,bounded,-0.10732236096880915,KXHIGHLAX-26JUL10-B74.5
0.4449213791535388,t_plus_1h,la,KXHIGHLAX-26JUL10,0.5585634996022766,0.24811404333002177,0.5531599875925506,1.0,0.575129533678757,0.6930354224835605,1.1117234871948272,0.0,0.32899145960706805,la|t_plus_1h|bounded,2026-07-10T09:00:00+00:00,2026-07-10,bounded,-1.0,bounded,-0.24613807407168892,KXHIGHLAX-26JUL10-B74.5
0.5549905761172526,t_plus_2h,la,KXHIGHLAX-26JUL10,0.7295128186178411,0.2928634447603172,0.5987374960888702,1.0,0.5495049504950498,0.8478540208775698,1.3282503147067113,0.0,0.26494041834570636,la|t_plus_2h|bounded,2026-07-10T10:00:00+00:00,2026-07-10,bounded,-1.0,bounded,-0.2845645321493434,KXHIGHLAX-26JUL10-B74.5
0.4789458116945036,t_plus_3h,la,KXHIGHLAX-26JUL10,0.5499716579220519,0.39637071352210734,0.7196739348933738,1.0,0.486910994764398,0.875316525216611,1.2696455928154258,0.0,0.2809311681617284,la|t_plus_3h|bounded,2026-07-10T11:00:00+00:00,2026-07-10,bounded,-1.0,bounded,-0.20597982660266956,KXHIGHLAX-26JUL10-B74.5
0.3451948543498535,t_plus_4h,la,KXHIGHLAX-26JUL10,0.39802260017585445,0.38148289571213584,0.7074672343346937,1.0,0.49289099526066354,0.7266777500619893,1.1054898345105482,0.0,0.33104868345011584,la|t_plus_4h|bounded,2026-07-10T12:00:00+00:00,2026-07-10,bounded,-1.0,bounded,-0.1618423118105477,KXHIGHLAX-26JUL10-B74.5
0.3183689505465104,t_plus_5h,la,KXHIGHLAX-26JUL10,0.41038288918606314,0.3689017598574291,0.7285939295556928,1.0,0.482587064676617,0.6872707104039395,1.138976818741756,0.0,0.3201464221118165,la|t_plus_5h|bounded,2026-07-10T13:00:00+00:00,2026-07-10,bounded,-1.0,bounded,-0.1624406425648005,KXHIGHLAX-26JUL10-B74.5
0.26652091705301684,t_plus_6h,la,KXHIGHLAX-26JUL10,0.2808616038242152,0.37625223081499115,0.7278901290038186,1.0,0.48292682926829256,0.642773147868008,1.0087517328280338,0.0,0.36467390604294836,la|t_plus_6h|bounded,2026-07-10T14:00:00+00:00,2026-07-10,bounded,-1.0,bounded,-0.1182529232253442,KXHIGHLAX-26JUL10-B74.5
0.3565863007531591,t_plus_7h,la,KXHIGHLAX-26JUL10,0.4531732141540291,0.32721636980301494,0.6790292990141612,1.0,0.5071090047393361,0.683802670556174,1.1322025131681903,0.0,0.3223225543738348,la|t_plus_7h|bounded,2026-07-10T15:00:00+00:00,2026-07-10,bounded,-1.0,bounded,-0.1847864503655013,KXHIGHLAX-26JUL10-B74.5
0.10779268139735401,t_plus_8h,la,KXHIGHLAX-26JUL10,0.13409988958990804,0.1972757881848797,0.4760826753221188,1.0,0.6212121212121205,0.3050684695822337,0.6101825649120268,1.0,0.5432516813252644,la|t_plus_8h|bounded,2026-07-10T16:00:00+00:00,2026-07-10,bounded,0.0,bounded,-0.07796043988685619,KXHIGHLAX-26JUL10-B74.5
0.1441621296697151,t_plus_9h,la,KXHIGHLAX-26JUL10,0.1333330454026328,0.3201304855738499,0.5991182309116689,1.0,0.5492957746478874,0.46429261524356497,0.7324512763143017,1.0,0.48072914465151795,la|t_plus_9h|bounded,2026-07-10T17:00:00+00:00,2026-07-10,bounded,0.0,bounded,-0.06856662999636942,KXHIGHLAX-26JUL10-B74.5
0.1137805752587625,t_plus_10h,la,KXHIGHLAX-26JUL10,0.14058423920819146,0.11915498480541134,0.30432139145574577,1.0,0.7376237623762375,0.23293556006417385,0.44490563066393723,1.0,0.6408847530473238,la|t_plus_10h|bounded,2026-07-10T18:00:00+00:00,2026-07-10,bounded,0.0,bounded,-0.09673900932891366,KXHIGHLAX-26JUL10-B74.5
0.005733357637194576,t_plus_11h,la,KXHIGHLAX-26JUL10,0.030912129414154582,0.012715668907277534,0.09285015396346252,1.0,0.9113300492610837,0.01844902654447211,0.1237622833776171,1.0,0.8835898599163253,la|t_plus_11h|bounded,2026-07-10T19:00:00+00:00,2026-07-10,bounded,0.0,bounded,-0.027740189344758415,KXHIGHLAX-26JUL10-B74.5
0.0052168752943623185,t_plus_12h,la,KXHIGHLAX-26JUL10,0.030765849135498957,0.009613325401546713,0.08126296407876588,1.0,0.921951219512195,0.014830200695909032,0.11202881321426483,1.0,0.8940184975827185,la|t_plus_12h|bounded,2026-07-10T20:00:00+00:00,2026-07-10,bounded,0.0,bounded,-0.0279327219294766,KXHIGHLAX-26JUL10-B74.5
0.004003221780370958,t_plus_13h,la,KXHIGHLAX-26JUL10,0.035138702283430454,0.0014898116109188773,0.03491626510622799,1.0,0.9656862745098038,0.005493033391289835,0.07005496738965844,1.0,0.9323425700600824,la|t_plus_13h|bounded,2026-07-10T21:00:00+00:00,2026-07-10,bounded,0.0,bounded,-0.033343704449721456,KXHIGHLAX-26JUL10-B74.5
0.004772156805361345,t_plus_14h,la,KXHIGHLAX-26JUL10,0.04523979826993442,0.0007208765859284905,0.02481516911972402,1.0,0.9754901960784313,0.005493033391289835,0.07005496738965844,1.0,0.9323425700600824,la|t_plus_14h|bounded,2026-07-10T22:00:00+00:00,2026-07-10,bounded,0.0,bounded,-0.043147626018348983,KXHIGHLAX-26JUL10-B74.5
0.004772156805361345,t_plus_15h,la,KXHIGHLAX-26JUL10,0.04523979826993442,0.0007208765859284905,0.02481516911972402,1.0,0.9754901960784313,0.005493033391289835,0.07005496738965844,1.0,0.9323425700600824,la|t_plus_15h|bounded,2026-07-10T23:00:00+00:00,2026-07-10,bounded,0.0,bounded,-0.043147626018348983,KXHIGHLAX-26JUL10-B74.5
0.004772156805361345,t_plus_16h,la,KXHIGHLAX-26JUL10,0.04523979826993442,0.0007208765859284905,0.02481516911972402,1.0,0.9754901960784313,0.005493033391289835,0.07005496738965844,1.0,0.9323425700600824,la|t_plus_16h|bounded,2026-07-11T00:00:00+00:00,2026-07-10,bounded,0.0,bounded,-0.043147626018348983,KXHIGHLAX-26JUL10-B74.5
0.004772156805361345,t_plus_17h,la,KXHIGHLAX-26JUL10,0.04523979826993442,0.0007208765859284905,0.02481516911972402,1.0,0.9754901960784313,0.005493033391289835,0.07005496738965844,1.0,0.9323425700600824,la|t_plus_17h|bounded,2026-07-11T01:00:00+00:00,2026-07-10,bounded,0.0,bounded,-0.043147626018348983,KXHIGHLAX-26JUL10-B74.5
0.004772156805361345,t_plus_18h,la,KXHIGHLAX-26JUL10,0.04523979826993442,0.0007208765859284905,0.02481516911972402,1.0,0.9754901960784313,0.005493033391289835,0.07005496738965844,1.0,0.9323425700600824,la|t_plus_18h|bounded,2026-07-11T02:00:00+00:00,2026-07-10,bounded,0.0,bounded,-0.043147626018348983,KXHIGHLAX-26JUL10-B74.5
0.004772156805361345,t_plus_19h,la,KXHIGHLAX-26JUL10,0.04523979826993442,0.0007208765859284905,0.02481516911972402,1.0,0.9754901960784313,0.005493033391289835,0.07005496738965844,1.0,0.9323425700600824,la|t_plus_19h|bounded,2026-07-11T03:00:00+00:00,2026-07-10,bounded,0.0,bounded,-0.043147626018348983,KXHIGHLAX-26JUL10-B74.5
0.004772156805361345,t_plus_20h,la,KXHIGHLAX-26JUL10,0.04523979826993442,0.0007208765859284905,0.02481516911972402,1.0,0.9754901960784313,0.005493033391289835,0.07005496738965844,1.0,0.9323425700600824,la|t_plus_20h|bounded,2026-07-11T04:00:00+00:00,2026-07-10,bounded,0.0,bounded,-0.043147626018348983,KXHIGHLAX-26JUL10-B74.5
0.004772156805361345,t_plus_21h,la,KXHIGHLAX-26JUL10,0.04523979826993442,0.0007208765859284905,0.02481516911972402,1.0,0.9754901960784313,0.005493033391289835,0.07005496738965844,1.0,0.9323425700600824,la|t_plus_21h|bounded,2026-07-11T05:00:00+00:00,2026-07-10,bounded,0.0,bounded,-0.043147626018348983,KXHIGHLAX-26JUL10-B74.5
0.004772156805361345,t_plus_22h,la,KXHIGHLAX-26JUL10,0.04523979826993442,0.0007208765859284905,0.02481516911972402,1.0,0.9754901960784313,0.005493033391289835,0.07005496738965844,1.0,0.9323425700600824,la|t_plus_22h|bounded,2026-07-11T06:00:00+00:00,2026-07-10,bounded,0.0,bounded,-0.043147626018348983,KXHIGHLAX-26JUL10-B74.5
0.004772156805361345,t_plus_23h,la,KXHIGHLAX-26JUL10,0.04523979826993442,0.0007208765859284905,0.02481516911972402,1.0,0.9754901960784313,0.005493033391289835,0.07005496738965844,1.0,0.9323425700600824,la|t_plus_23h|bounded,2026-07-11T07:00:00+00:00,2026-07-10,bounded,0.0,bounded,-0.043147626018348983,KXHIGHLAX-26JUL10-B74.5
-0.09609726855132728,t_plus_0h,mia,KXHIGHMIA-26JUL10,-0.1445118884824219,0.69478744462249,1.0103880552532702,0.0,0.3640776699029128,0.5986901760711627,0.8658761667708483,0.0,0.42068280281485104,mia|t_plus_0h|bounded,2026-07-10T05:00:00+00:00,2026-07-10,bounded,0.0,bounded,0.05660513291193825,KXHIGHMIA-26JUL10-B93.5
-0.07342796443081245,t_plus_1h,mia,KXHIGHMIA-26JUL10,-0.1134297573788724,0.7269980082873561,1.0248461384285008,0.0,0.3588516746411482,0.6535700438565436,0.9114163810496284,0.0,0.40195449991916327,mia|t_plus_1h|bounded,2026-07-10T06:00:00+00:00,2026-07-10,bounded,0.0,bounded,0.04310282527801507,KXHIGHMIA-26JUL10-B93.5
-0.12797948752240074,t_plus_2h,mia,KXHIGHMIA-26JUL10,-0.17034198719082083,0.7839622861677056,1.0986122886681102,0.0,0.33333333333333315,0.6559827986453048,0.9282703014772894,0.0,0.39523675990614743,mia|t_plus_2h|bounded,2026-07-10T07:00:00+00:00,2026-07-10,bounded,0.0,bounded,0.06190342657281428,KXHIGHMIA-26JUL10-B93.5
-0.14995347760958966,t_plus_3h,mia,KXHIGHMIA-26JUL10,-0.1942094685974628,0.8059362762548945,1.1224797700747522,0.0,0.3254716981132078,0.6559827986453048,0.9282703014772894,0.0,0.39523675990614743,mia|t_plus_3h|bounded,2026-07-10T08:00:00+00:00,2026-07-10,bounded,0.0,bounded,0.06976506179293962,KXHIGHMIA-26JUL10-B93.5
-0.10267755322150418,t_plus_4h,mia,KXHIGHMIA-26JUL10,-0.14402373575327354,0.7562475970780478,1.055440116802902,0.0,0.34803921568627416,0.6535700438565436,0.9114163810496284,0.0,0.40195449991916327,mia|t_plus_4h|bounded,2026-07-10T09:00:00+00:00,2026-07-10,bounded,0.0,bounded,0.053915284232889105,KXHIGHMIA-26JUL10-B93.5
-0.15052500085890896,t_plus_5h,mia,KXHIGHMIA-26JUL10,-0.1995788231353941,0.8205898668639057,1.1034315751040589,0.0,0.3317307692307691,0.6700648660049967,0.9038527519686648,0.0,0.40500626131070744,mia|t_plus_5h|bounded,2026-07-10T10:00:00+00:00,2026-07-10,bounded,0.0,bounded,0.07327549207993833,KXHIGHMIA-26JUL10-B93.5
-0.13364074830505845,t_plus_6h,mia,KXHIGHMIA-26JUL10,-0.1702295289275384,0.8018676035502958,1.0748582026600022,0.0,0.34134615384615397,0.6682268552452374,0.9046286737324638,0.0,0.4046921300244928,mia|t_plus_6h|bounded,2026-07-10T11:00:00+00:00,2026-07-10,bounded,0.0,bounded,0.06334597617833881,KXHIGHMIA-26JUL10-B93.5
-0.1267770630748991,t_plus_7h,mia,KXHIGHMIA-26JUL10,-0.16862999409541835,0.7559102896216946,1.028653700061199,0.0,0.3574879227053141,0.6291332265467955,0.8600237059657807,0.0,0.42315205097080755,mia|t_plus_7h|bounded,2026-07-10T12:00:00+00:00,2026-07-10,bounded,0.0,bounded,0.06566412826549345,KXHIGHMIA-26JUL10-B93.5
-0.12464009585702773,t_plus_8h,mia,KXHIGHMIA-26JUL10,-0.15551015729379625,0.8096340291728529,1.0755165738734596,0.0,0.34112149532710306,0.6849939333158251,0.9200064165796633,0.0,0.3985164839635437,mia|t_plus_8h|bounded,2026-07-10T13:00:00+00:00,2026-07-10,bounded,0.0,bounded,0.05739498863644066,KXHIGHMIA-26JUL10-B93.5
0.11635667925251969,t_plus_9h,mia,KXHIGHMIA-26JUL10,0.11468362674812005,0.44143904772026854,0.672738308928739,1.0,0.5103092783505151,0.5577957269727882,0.787421935676859,0.0,0.4550163458748248,mia|t_plus_9h|bounded,2026-07-10T14:00:00+00:00,2026-07-10,bounded,-1.0,bounded,-0.05529293247569028,KXHIGHMIA-26JUL10-B93.5
-0.04140108786609875,t_plus_10h,mia,KXHIGHMIA-26JUL10,-0.056854789991407806,0.587878363555742,0.8329091229351038,0.0,0.4347826086956523,0.5464772756896432,0.776054332943696,0.0,0.46021830179870277,mia|t_plus_10h|bounded,2026-07-10T15:00:00+00:00,2026-07-10,bounded,0.0,bounded,0.025435693103050494,KXHIGHMIA-26JUL10-B93.5
-0.05811470338658564,t_plus_11h,mia,KXHIGHMIA-26JUL10,-0.06945693739994863,0.67723070203111,0.9187568243693489,0.0,0.399014778325123,0.6191159986445244,0.8492998869694003,0.0,0.4277142754869856,mia|t_plus_11h|bounded,2026-07-10T16:00:00+00:00,2026-07-10,bounded,0.0,bounded,0.028699497161862597,KXHIGHMIA-26JUL10-B93.5
0.005164325537185399,t_plus_12h,mia,KXHIGHMIA-26JUL10,0.03399785560788118,0.005985484022999337,0.0651859798846955,1.0,0.9368932038834952,0.011149809560184736,0.09918383549257669,1.0,0.905576215670742,mia|t_plus_12h|bounded,2026-07-10T17:00:00+00:00,2026-07-10,bounded,0.0,bounded,-0.031316988212753194,KXHIGHMIA-26JUL10-B93.5
0.005455153220640065,t_plus_13h,mia,KXHIGHMIA-26JUL10,0.04937394530346656,0.0007352220370551917,0.025063968663216276,1.0,0.9752475247524752,0.006190375257695257,0.07443791396668284,1.0,0.9282651045681494,mia|t_plus_13h|bounded,2026-07-10T18:00:00+00:00,2026-07-10,bounded,0.0,bounded,-0.04698242018432586,KXHIGHMIA-26JUL10-B93.5
0.005360096847242639,t_plus_14h,mia,KXHIGHMIA-26JUL10,0.048962216933874855,0.0007208765859284905,0.02481516911972402,1.0,0.9754901960784313,0.006080973433171129,0.07377738605359888,1.0,0.9288784521247491,mia|t_plus_14h|bounded,2026-07-10T19:00:00+00:00,2026-07-10,bounded,0.0,bounded,-0.04661174395368228,KXHIGHMIA-26JUL10-B93.5
0.005360096847242639,t_plus_15h,mia,KXHIGHMIA-26JUL10,0.048962216933874855,0.0007208765859284905,0.02481516911972402,1.0,0.9754901960784313,0.006080973433171129,0.07377738605359888,1.0,0.9288784521247491,mia|t_plus_15h|bounded,2026-07-10T20:00:00+00:00,2026-07-10,bounded,0.0,bounded,-0.04661174395368228,KXHIGHMIA-26JUL10-B93.5
0.005360096847242639,t_plus_16h,mia,KXHIGHMIA-26JUL10,0.048962216933874855,0.0007208765859284905,0.02481516911972402,1.0,0.9754901960784313,0.006080973433171129,0.07377738605359888,1.0,0.9288784521247491,mia|t_plus_16h|bounded,2026-07-10T21:00:00+00:00,2026-07-10,bounded,0.0,bounded,-0.04661174395368228,KXHIGHMIA-26JUL10-B93.5
0.005360096847242639,t_plus_17h,mia,KXHIGHMIA-26JUL10,0.048962216933874855,0.0007208765859284905,0.02481516911972402,1.0,0.9754901960784313,0.006080973433171129,0.07377738605359888,1.0,0.9288784521247491,mia|t_plus_17h|bounded,2026-07-10T22:00:00+00:00,2026-07-10,bounded,0.0,bounded,-0.04661174395368228,KXHIGHMIA-26JUL10-B93.5
0.005360096847242639,t_plus_18h,mia,KXHIGHMIA-26JUL10,0.048962216933874855,0.0007208765859284905,0.02481516911972402,1.0,0.9754901960784313,0.006080973433171129,0.07377738605359888,1.0,0.9288784521247491,mia|t_plus_18h|bounded,2026-07-10T23:00:00+00:00,2026-07-10,bounded,0.0,bounded,-0.04661174395368228,KXHIGHMIA-26JUL10-B93.5
0.005360096847242639,t_plus_19h,mia,KXHIGHMIA-26JUL10,0.048962216933874855,0.0007208765859284905,0.02481516911972402,1.0,0.9754901960784313,0.006080973433171129,0.07377738605359888,1.0,0.9288784521247491,mia|t_plus_19h|bounded,2026-07-11T00:00:00+00:00,2026-07-10,bounded,0.0,bounded,-0.04661174395368228,KXHIGHMIA-26JUL10-B93.5
0.005360096847242639,t_plus_20h,mia,KXHIGHMIA-26JUL10,0.048962216933874855,0.0007208765859284905,0.02481516911972402,1.0,0.9754901960784313,0.006080973433171129,0.07377738605359888,1.0,0.9288784521247491,mia|t_plus_20h|bounded,2026-07-11T01:00:00+00:00,2026-07-10,bounded,0.0,bounded,-0.04661174395368228,KXHIGHMIA-26JUL10-B93.5
0.005360096847242639,t_plus_21h,mia,KXHIGHMIA-26JUL10,0.048962216933874855,0.0007208765859284905,0.02481516911972402,1.0,0.9754901960784313,0.006080973433171129,0.07377738605359888,1.0,0.9288784521247491,mia|t_plus_21h|bounded,2026-07-11T02:00:00+00:00,2026-07-10,bounded,0.0,bounded,-0.04661174395368228,KXHIGHMIA-26JUL10-B93.5
0.005360096847242639,t_plus_22h,mia,KXHIGHMIA-26JUL10,0.048962216933874855,0.0007208765859284905,0.02481516911972402,1.0,0.9754901960784313,0.006080973433171129,0.07377738605359888,1.0,0.9288784521247491,mia|t_plus_22h|bounded,2026-07-11T03:00:00+00:00,2026-07-10,bounded,0.0,bounded,-0.04661174395368228,KXHIGHMIA-26JUL10-B93.5
0.005360096847242639,t_plus_23h,mia,KXHIGHMIA-26JUL10,0.048962216933874855,0.0007208765859284905,0.02481516911972402,1.0,0.9754901960784313,0.006080973433171129,0.07377738605359888,1.0,0.9288784521247491,mia|t_plus_23h|bounded,2026-07-11T04:00:00+00:00,2026-07-10,bounded,0.0,bounded,-0.04661174395368228,KXHIGHMIA-26JUL10-B93.5
0.3004309300302666,t_plus_0h,nyc,KXHIGHNY-26JUL10,0.44640644686059605,0.2860984372589213,0.565501620112684,1.0,0.568075117370892,0.5865293672891879,1.01190806697328,1.0,0.36352468795365744,nyc|t_plus_0h|lower_tail,2026-07-10T05:00:00+00:00,2026-07-10,lower_tail,0.0,lower_tail,-0.20455042941723456,KXHIGHNY-26JUL10-T87
0.44669887899864813,t_plus_1h,nyc,KXHIGHNY-26JUL10,0.6625920934550779,0.3564936700167124,0.6695054175029053,1.0,0.5119617224880381,0.8031925490153605,1.3320975109579831,0.0,0.2639230987303135,nyc|t_plus_1h|lower_tail,2026-07-10T06:00:00+00:00,2026-07-10,bounded,-1.0,lower_tail,-0.24803862375772456,KXHIGHNY-26JUL10-T87
0.5185686198235853,t_plus_2h,nyc,KXHIGHNY-26JUL10,0.8343234025347869,0.36211974951115034,0.6589140089177027,1.0,0.5174129353233833,0.8806883693347356,1.4932374114524896,0.0,0.22464421129640988,nyc|t_plus_2h|lower_tail,2026-07-10T07:00:00+00:00,2026-07-10,bounded,-1.0,lower_tail,-0.2927687240269734,KXHIGHNY-26JUL10-T87
0.4539489302970533,t_plus_3h,nyc,KXHIGHNY-26JUL10,0.549926928669582,0.24485774702037644,0.48980625654191484,1.0,0.612745098039216,0.6988066773174297,1.0397331852114968,0.0,0.3535490014773541,nyc|t_plus_3h|lower_tail,2026-07-10T08:00:00+00:00,2026-07-10,bounded,-1.0,lower_tail,-0.2591960965618619,KXHIGHNY-26JUL10-T87
0.44797943445907584,t_plus_4h,nyc,KXHIGHNY-26JUL10,0.5434778313253756,0.25053565962656865,0.49247648509779407,1.0,0.6111111111111112,0.6985150940856445,1.0359543164231697,0.0,0.35488754426010416,nyc|t_plus_4h|lower_tail,2026-07-10T09:00:00+00:00,2026-07-10,bounded,-1.0,lower_tail,-0.256223566851007,KXHIGHNY-26JUL10-T87
0.44657983722427896,t_plus_5h,nyc,KXHIGHNY-26JUL10,0.543029902986419,0.25193525686136553,0.49292441343675075,1.0,0.6108374384236451,0.6985150940856445,1.0359543164231697,0.0,0.35488754426010416,nyc|t_plus_5h|lower_tail,2026-07-10T10:00:00+00:00,2026-07-10,bounded,-1.0,lower_tail,-0.25594989416354097,KXHIGHNY-26JUL10-T87
0.4382148191968331,t_plus_6h,nyc,KXHIGHNY-26JUL10,0.5231691937947138,0.31412635067329414,0.5877866649021184,1.0,0.5555555555555559,0.7523411698701272,1.1109558586968322,0.0,0.32924409978155245,nyc|t_plus_6h|lower_tail,2026-07-10T11:00:00+00:00,2026-07-10,bounded,-1.0,lower_tail,-0.22631145577400347,KXHIGHNY-26JUL10-T87
0.5735782750650761,t_plus_7h,nyc,KXHIGHNY-26JUL10,0.7481006761321515,0.35342597468006753,0.6061358035703163,1.0,0.5454545454545451,0.9270042497451436,1.3542364797024677,0.0,0.25814431765286827,nyc|t_plus_7h|lower_tail,2026-07-10T12:00:00+00:00,2026-07-10,bounded,-1.0,lower_tail,-0.2873102278016768,KXHIGHNY-26JUL10-T87
0.5038138034225492,t_plus_8h,nyc,KXHIGHNY-26JUL10,0.6587484692894946,0.4264276879273731,0.678758443107846,1.0,0.507246376811594,0.9302414913499224,1.3375069123973407,0.0,0.2624992871961613,nyc|t_plus_8h|lower_tail,2026-07-10T13:00:00+00:00,2026-07-10,bounded,-1.0,lower_tail,-0.24474708961543273,KXHIGHNY-26JUL10-T87
0.5163062171189439,t_plus_9h,nyc,KXHIGHNY-26JUL10,0.6849567805491649,0.4106980326261997,0.6692796991533029,1.0,0.5120772946859898,0.9270042497451436,1.3542364797024677,0.0,0.25814431765286827,nyc|t_plus_9h|lower_tail,2026-07-10T14:00:00+00:00,2026-07-10,bounded,-1.0,lower_tail,-0.25393297703312157,KXHIGHNY-26JUL10-T87
0.39700132491965473,t_plus_10h,nyc,KXHIGHNY-26JUL10,0.4333597793646496,0.2604863794891134,0.4836890823309902,1.0,0.6165048543689318,0.6574877044087681,0.9170488616956398,0.0,0.3996968629945273,nyc|t_plus_10h|lower_tail,2026-07-10T15:00:00+00:00,2026-07-10,bounded,-1.0,lower_tail,-0.21680799137440449,KXHIGHNY-26JUL10-T87
0.14377673976115168,t_plus_11h,nyc,KXHIGHNY-26JUL10,0.23017317848099816,0.03225279469765916,0.15093524297328376,1.0,0.8599033816425122,0.17602953445881084,0.3811084214542819,1.0,0.6831038224948791,nyc|t_plus_11h|lower_tail,2026-07-10T16:00:00+00:00,2026-07-10,lower_tail,0.0,lower_tail,-0.17679955914763312,KXHIGHNY-26JUL10-T87
0.004398554767337115,t_plus_12h,nyc,KXHIGHNY-26JUL10,0.034176732294076397,0.0026432141484044555,0.045120435280469544,1.0,0.9558823529411765,0.00704176891574157,0.07929716757454594,1.0,0.9237653705382356,nyc|t_plus_12h|lower_tail,2026-07-10T17:00:00+00:00,2026-07-10,lower_tail,0.0,lower_tail,-0.03211698240294092,KXHIGHNY-26JUL10-T87
0.0068752257896515095,t_plus_13h,nyc,KXHIGHNY-26JUL10,0.046797113102123825,0.002695814135869039,0.04557750849631925,1.0,0.9554455445544554,0.009571039925520549,0.09237462159844308,1.0,0.9117635192510585,nyc|t_plus_13h|lower_tail,2026-07-10T18:00:00+00:00,2026-07-10,lower_tail,0.0,lower_tail,-0.04368202530339693,KXHIGHNY-26JUL10-T87
0.014751652099464954,t_plus_14h,nyc,KXHIGHNY-26JUL10,0.06538143856980015,0.005985484022999337,0.0651859798846955,1.0,0.9368932038834952,0.020737136122464292,0.13056741845449565,1.0,0.8775973246989442,nyc|t_plus_14h|lower_tail,2026-07-10T19:00:00+00:00,2026-07-10,lower_tail,0.0,lower_tail,-0.059295879184550926,KXHIGHNY-26JUL10-T87
0.005220436089070413,t_plus_15h,nyc,KXHIGHNY-26JUL10,0.042358679742016035,0.001519458876580731,0.03526813883745799,1.0,0.9653465346534653,0.006739894965651144,0.07762681857947402,1.0,0.9253096704974807,nyc|t_plus_15h|lower_tail,2026-07-10T20:00:00+00:00,2026-07-10,lower_tail,0.0,lower_tail,-0.04003686415598462,KXHIGHNY-26JUL10-T87
0.004772156805361345,t_plus_16h,nyc,KXHIGHNY-26JUL10,0.04523979826993442,0.0007208765859284905,0.02481516911972402,1.0,0.9754901960784313,0.005493033391289835,0.07005496738965844,1.0,0.9323425700600824,nyc|t_plus_16h|lower_tail,2026-07-10T21:00:00+00:00,2026-07-10,lower_tail,0.0,lower_tail,-0.043147626018348983,KXHIGHNY-26JUL10-T87
0.004772156805361345,t_plus_17h,nyc,KXHIGHNY-26JUL10,0.04523979826993442,0.0007208765859284905,0.02481516911972402,1.0,0.9754901960784313,0.005493033391289835,0.07005496738965844,1.0,0.9323425700600824,nyc|t_plus_17h|lower_tail,2026-07-10T22:00:00+00:00,2026-07-10,lower_tail,0.0,lower_tail,-0.043147626018348983,KXHIGHNY-26JUL10-T87
0.004772156805361345,t_plus_18h,nyc,KXHIGHNY-26JUL10,0.04523979826993442,0.0007208765859284905,0.02481516911972402,1.0,0.9754901960784313,0.005493033391289835,0.07005496738965844,1.0,0.9323425700600824,nyc|t_plus_18h|lower_tail,2026-07-10T23:00:00+00:00,2026-07-10,lower_tail,0.0,lower_tail,-0.043147626018348983,KXHIGHNY-26JUL10-T87
0.004772156805361345,t_plus_19h,nyc,KXHIGHNY-26JUL10,0.04523979826993442,0.0007208765859284905,0.02481516911972402,1.0,0.9754901960784313,0.005493033391289835,0.07005496738965844,1.0,0.9323425700600824,nyc|t_plus_19h|lower_tail,2026-07-11T00:00:00+00:00,2026-07-10,lower_tail,0.0,lower_tail,-0.043147626018348983,KXHIGHNY-26JUL10-T87
0.004772156805361345,t_plus_20h,nyc,KXHIGHNY-26JUL10,0.04523979826993442,0.0007208765859284905,0.02481516911972402,1.0,0.9754901960784313,0.005493033391289835,0.07005496738965844,1.0,0.9323425700600824,nyc|t_plus_20h|lower_tail,2026-07-11T01:00:00+00:00,2026-07-10,lower_tail,0.0,lower_tail,-0.043147626018348983,KXHIGHNY-26JUL10-T87
0.004772156805361345,t_plus_21h,nyc,KXHIGHNY-26JUL10,0.04523979826993442,0.0007208765859284905,0.02481516911972402,1.0,0.9754901960784313,0.005493033391289835,0.07005496738965844,1.0,0.9323425700600824,nyc|t_plus_21h|lower_tail,2026-07-11T02:00:00+00:00,2026-07-10,lower_tail,0.0,lower_tail,-0.043147626018348983,KXHIGHNY-26JUL10-T87
0.004772156805361345,t_plus_22h,nyc,KXHIGHNY-26JUL10,0.04523979826993442,0.0007208765859284905,0.02481516911972402,1.0,0.9754901960784313,0.005493033391289835,0.07005496738965844,1.0,0.9323425700600824,nyc|t_plus_22h|lower_tail,2026-07-11T03:00:00+00:00,2026-07-10,lower_tail,0.0,lower_tail,-0.043147626018348983,KXHIGHNY-26JUL10-T87
0.004772156805361345,t_plus_23h,nyc,KXHIGHNY-26JUL10,0.04523979826993442,0.0007208765859284905,0.02481516911972402,1.0,0.9754901960784313,0.005493033391289835,0.07005496738965844,1.0,0.9323425700600824,nyc|t_plus_23h|lower_tail,2026-07-11T04:00:00+00:00,2026-07-10,lower_tail,0.0,lower_tail,-0.043147626018348983,KXHIGHNY-26JUL10-T87
0.0743771272453348,t_plus_0h,okc,KXHIGHTOKC-26JUL10,0.06326885137169713,0.4681853133410227,0.7748252115742126,1.0,0.46078431372549017,0.5425624405863575,0.8380940629459097,0.0,0.43253412112569123,okc|t_plus_0h|lower_tail,2026-07-10T06:00:00+00:00,2026-07-10,bounded,-1.0,lower_tail,-0.02825019259979894,KXHIGHTOKC-26JUL10-T98
0.2295772733000871,t_plus_1h,okc,KXHIGHTOKC-26JUL10,0.2189728780077249,0.4247953008187971,0.7121953755306402,1.0,0.4905660377358489,0.6543725741188842,0.9311682535383651,0.0,0.39409304074523904,okc|t_plus_1h|lower_tail,2026-07-10T07:00:00+00:00,2026-07-10,bounded,-1.0,lower_tail,-0.09647299699060985,KXHIGHTOKC-26JUL10-T98
0.2255412360986241,t_plus_2h,okc,KXHIGHTOKC-26JUL10,0.2140391082919344,0.4288313380202601,0.7171291452464307,1.0,0.48815165876777256,0.6543725741188842,0.9311682535383651,0.0,0.39409304074523904,okc|t_plus_2h|lower_tail,2026-07-10T08:00:00+00:00,2026-07-10,bounded,-1.0,lower_tail,-0.09405861802253351,KXHIGHTOKC-26JUL10-T98
0.05152271720733509,t_plus_3h,okc,KXHIGHTOKC-26JUL10,0.015590690640916671,0.42081597566620427,0.7073318155519024,1.0,0.4929577464788729,0.47233869287353936,0.7229225061928191,1.0,0.4853317961398876,okc|t_plus_3h|lower_tail,2026-07-10T09:00:00+00:00,2026-07-10,lower_tail,0.0,lower_tail,-0.007625950338985332,KXHIGHTOKC-26JUL10-T98
0.018953051906356377,t_plus_4h,okc,KXHIGHTOKC-26JUL10,-0.0006802429579199076,0.4618896578239135,0.7642431022436751,1.0,0.46568627450980415,0.4808427097302699,0.7635628592857552,1.0,0.46600316208669124,okc|t_plus_4h|lower_tail,2026-07-10T10:00:00+00:00,2026-07-10,lower_tail,0.0,lower_tail,0.0003168875768870816,KXHIGHTOKC-26JUL10-T98
0.08220815093222422,t_plus_5h,okc,KXHIGHTOKC-26JUL10,0.06841552586670419,0.5748439293412843,0.9110136747733121,0.0,0.4021164021164018,0.6570520802735085,0.9794292006400163,0.0,0.3755253873384662,okc|t_plus_5h|lower_tail,2026-07-10T11:00:00+00:00,2026-07-10,bounded,0.0,lower_tail,-0.02659101477793563,KXHIGHTOKC-26JUL10-T98
0.048446498122951986,t_plus_6h,okc,KXHIGHTOKC-26JUL10,0.02814162672876397,0.6086055821505565,0.9512875739112523,0.0,0.38624338624338583,0.6570520802735085,0.9794292006400163,0.0,0.3755253873384662,okc|t_plus_6h|lower_tail,2026-07-10T12:00:00+00:00,2026-07-10,bounded,0.0,lower_tail,-0.010717998904919646,KXHIGHTOKC-26JUL10-T98
-0.050836638966568426,t_plus_7h,okc,KXHIGHTOKC-26JUL10,-0.09110007376415352,0.5933990795529259,0.9291941367100632,0.0,0.39487179487179475,0.5425624405863575,0.8380940629459097,0.0,0.43253412112569123,okc|t_plus_7h|lower_tail,2026-07-10T13:00:00+00:00,2026-07-10,bounded,0.0,lower_tail,0.03766232625389648,KXHIGHTOKC-26JUL10-T98
-0.0976019986737996,t_plus_8h,okc,KXHIGHTOKC-26JUL10,-0.14605150341836892,0.6331065759637197,0.9403882834532166,0.0,0.3904761904761901,0.5355045772899201,0.7943367800348476,0.0,0.45188083195186496,okc|t_plus_8h|lower_tail,2026-07-10T14:00:00+00:00,2026-07-10,bounded,0.0,lower_tail,0.06140464147567487,KXHIGHTOKC-26JUL10-T98
-0.0411765601958175,t_plus_9h,okc,KXHIGHTOKC-26JUL10,-0.1009542982692071,0.7033465972859919,1.113879760798899,0.0,0.32828282828282795,0.6621700370901744,1.012925462529692,0.0,0.36315502762875945,okc|t_plus_9h|lower_tail,2026-07-10T15:00:00+00:00,2026-07-10,bounded,0.0,lower_tail,0.0348721993459315,KXHIGHTOKC-26JUL10-T98
-0.08747034223779648,t_plus_10h,okc,KXHIGHTOKC-26JUL10,-0.1470351634985384,0.7418429163566806,1.0782034170369035,0.0,0.34020618556701,0.6543725741188842,0.9311682535383651,0.0,0.39409304074523904,okc|t_plus_10h|lower_tail,2026-07-10T16:00:00+00:00,2026-07-10,bounded,0.0,lower_tail,0.053886855178229054,KXHIGHTOKC-26JUL10-T98
-0.08623546453353892,t_plus_11h,okc,KXHIGHTOKC-26JUL10,-0.13645747708635625,0.8033931213017742,1.1328454603103508,0.0,0.32211538461538497,0.7171576567682353,0.9963879832239946,0.0,0.3692106305764343,okc|t_plus_11h|lower_tail,2026-07-10T17:00:00+00:00,2026-07-10,bounded,0.0,lower_tail,0.047095245961049303,KXHIGHTOKC-26JUL10-T98
-0.1194353582447516,t_plus_12h,okc,KXHIGHTOKC-26JUL10,-0.17044596179012905,0.8517913832199552,1.1727202608218323,0.0,0.3095238095238093,0.7323560249752036,1.0022742990317033,0.0,0.3670437240101923,okc|t_plus_12h|lower_tail,2026-07-10T18:00:00+00:00,2026-07-10,bounded,0.0,lower_tail,0.057519914486382995,KXHIGHTOKC-26JUL10-T98
-0.019683059052977292,t_plus_13h,okc,KXHIGHTOKC-26JUL10,-0.04060078828098068,0.6740731795676852,0.969900182479536,0.0,0.3791208791208791,0.6543901205147079,0.9292993941985553,0.0,0.3948302338457332,okc|t_plus_13h|lower_tail,2026-07-10T19:00:00+00:00,2026-07-10,bounded,0.0,lower_tail,0.015709354724854074,KXHIGHTOKC-26JUL10-T98
0.0047089671502873465,t_plus_14h,okc,KXHIGHTOKC-26JUL10,-0.0022256275679699566,0.6503203987184054,0.9139350181816962,0.0,0.400943396226415,0.6550293658686928,0.9117093906137262,0.0,0.401836740659492,okc|t_plus_14h|lower_tail,2026-07-10T20:00:00+00:00,2026-07-10,bounded,0.0,lower_tail,0.0008933444330769813,KXHIGHTOKC-26JUL10-T98
0.2102689536321449,t_plus_15h,okc,KXHIGHTOKC-26JUL10,0.23147317408334628,0.16387780344932265,0.36290549368936925,1.0,0.6956521739130429,0.37414675708146755,0.5943786677727155,1.0,0.5519053759538157,okc|t_plus_15h|lower_tail,2026-07-10T21:00:00+00:00,2026-07-10,lower_tail,0.0,lower_tail,-0.14374679795922718,KXHIGHTOKC-26JUL10-T98
0.025550210782594472,t_plus_16h,okc,KXHIGHTOKC-26JUL10,0.08188237615654725,0.012111686390532552,0.09051400754083186,1.0,0.9134615384615384,0.037661897173127026,0.1723963836973791,1.0,0.8416454924878831,okc|t_plus_16h|lower_tail,2026-07-10T22:00:00+00:00,2026-07-10,lower_tail,0.0,lower_tail,-0.07181604597365532,KXHIGHTOKC-26JUL10-T98
0.00529080606401319,t_plus_17h,okc,KXHIGHTOKC-26JUL10,0.048539027946329596,0.0007208765859284905,0.02481516911972402,1.0,0.9754901960784313,0.00601168264994168,0.07335419706605362,1.0,0.9292716264441097,okc|t_plus_17h|lower_tail,2026-07-10T23:00:00+00:00,2026-07-10,lower_tail,0.0,lower_tail,-0.04621856963432169,KXHIGHTOKC-26JUL10-T98
0.00529080606401319,t_plus_18h,okc,KXHIGHTOKC-26JUL10,0.048539027946329596,0.0007208765859284905,0.02481516911972402,1.0,0.9754901960784313,0.00601168264994168,0.07335419706605362,1.0,0.9292716264441097,okc|t_plus_18h|lower_tail,2026-07-11T00:00:00+00:00,2026-07-10,lower_tail,0.0,lower_tail,-0.04621856963432169,KXHIGHTOKC-26JUL10-T98
0.00529080606401319,t_plus_19h,okc,KXHIGHTOKC-26JUL10,0.048539027946329596,0.0007208765859284905,0.02481516911972402,1.0,0.9754901960784313,0.00601168264994168,0.07335419706605362,1.0,0.9292716264441097,okc|t_plus_19h|lower_tail,2026-07-11T01:00:00+00:00,2026-07-10,lower_tail,0.0,lower_tail,-0.04621856963432169,KXHIGHTOKC-26JUL10-T98
0.00529080606401319,t_plus_20h,okc,KXHIGHTOKC-26JUL10,0.048539027946329596,0.0007208765859284905,0.02481516911972402,1.0,0.9754901960784313,0.00601168264994168,0.07335419706605362,1.0,0.9292716264441097,okc|t_plus_20h|lower_tail,2026-07-11T02:00:00+00:00,2026-07-10,lower_tail,0.0,lower_tail,-0.04621856963432169,KXHIGHTOKC-26JUL10-T98
0.00529080606401319,t_plus_21h,okc,KXHIGHTOKC-26JUL10,0.048539027946329596,0.0007208765859284905,0.02481516911972402,1.0,0.9754901960784313,0.00601168264994168,0.07335419706605362,1.0,0.9292716264441097,okc|t_plus_21h|lower_tail,2026-07-11T03:00:00+00:00,2026-07-10,lower_tail,0.0,lower_tail,-0.04621856963432169,KXHIGHTOKC-26JUL10-T98
0.00529080606401319,t_plus_22h,okc,KXHIGHTOKC-26JUL10,0.048539027946329596,0.0007208765859284905,0.02481516911972402,1.0,0.9754901960784313,0.00601168264994168,0.07335419706605362,1.0,0.9292716264441097,okc|t_plus_22h|lower_tail,2026-07-11T04:00:00+00:00,2026-07-10,lower_tail,0.0,lower_tail,-0.04621856963432169,KXHIGHTOKC-26JUL10-T98
0.00529080606401319,t_plus_23h,okc,KXHIGHTOKC-26JUL10,0.048539027946329596,0.0007208765859284905,0.02481516911972402,1.0,0.9754901960784313,0.00601168264994168,0.07335419706605362,1.0,0.9292716264441097,okc|t_plus_23h|lower_tail,2026-07-11T05:00:00+00:00,2026-07-10,lower_tail,0.0,lower_tail,-0.04621856963432169,KXHIGHTOKC-26JUL10-T98
0.25756554184754765,t_plus_0h,aus,KXHIGHAUS-26JUL11,0.45486083972681945,0.6987216455209534,1.2072461296709052,0.0,0.29901960784313725,0.956287187368501,1.6621069693977246,0.0,0.1897387848367696,aus|t_plus_0h|lower_tail,2026-07-11T06:00:00+00:00,2026-07-11,bounded,0.0,lower_tail,-0.10928082300636766,KXHIGHAUS-26JUL11-T91
-0.2024681211916869,t_plus_1h,aus,KXHIGHAUS-26JUL11,-0.34412989732416555,0.6584580498866206,1.1130010261202083,0.0,0.32857142857142885,0.4559899286949337,0.7688711287960428,1.0,0.46353604556254213,aus|t_plus_1h|lower_tail,2026-07-11T07:00:00+00:00,2026-07-11,lower_tail,1.0,lower_tail,0.13496461699111328,KXHIGHAUS-26JUL11-T91
0.32721765272505643,t_plus_2h,aus,KXHIGHAUS-26JUL11,0.6110078383231372,0.6643795654507694,1.0986122886681102,0.0,0.33333333333333315,0.9915972181758258,1.7096201269912474,0.0,0.18093451170138025,aus|t_plus_2h|lower_tail,2026-07-11T08:00:00+00:00,2026-07-11,bounded,0.0,lower_tail,-0.1523988216319529,KXHIGHAUS-26JUL11-T91
0.2784476224234831,t_plus_3h,aus,KXHIGHAUS-26JUL11,0.412811926603709,0.6243912494524461,0.9927442875895968,0.0,0.370558375634518,0.9028388718759291,1.4055562141933058,0.0,0.2452306177616434,aus|t_plus_3h|lower_tail,2026-07-11T09:00:00+00:00,2026-07-11,bounded,0.0,lower_tail,-0.1253277578728746,KXHIGHAUS-26JUL11-T91
0.2830524870981713,t_plus_4h,aus,KXHIGHAUS-26JUL11,0.33175872203402057,0.5251454369847937,0.8632217637439266,1.0,0.4218009478672986,0.808197924082965,1.1949804857779471,0.0,0.30270986127195704,aus|t_plus_4h|lower_tail,2026-07-11T10:00:00+00:00,2026-07-11,bounded,-1.0,lower_tail,-0.11909108659534157,KXHIGHAUS-26JUL11-T91
0.20050540846989084,t_plus_5h,aus,KXHIGHAUS-26JUL11,0.38360417686185466,0.6141372922763029,0.972230747756495,0.0,0.3782383419689117,0.8146427007461937,1.3558349246183496,0.0,0.25773201778785015,aus|t_plus_5h|lower_tail,2026-07-11T11:00:00+00:00,2026-07-11,bounded,0.0,lower_tail,-0.12050632418106155,KXHIGHAUS-26JUL11-T91
0.20954190835434805,t_plus_6h,aus,KXHIGHAUS-26JUL11,0.42098848286973545,0.8083429450211462,1.3478280802920957,0.0,0.25980392156862714,1.0178848533754943,1.7688165631618311,0.0,0.17053468648382022,aus|t_plus_6h|lower_tail,2026-07-11T12:00:00+00:00,2026-07-11,bounded,0.0,lower_tail,-0.08926923508480691,KXHIGHAUS-26JUL11-T91
0.11957012915054577,t_plus_7h,aus,KXHIGHAUS-26JUL11,0.40374424482629245,0.9416025350837474,1.8024547583448014,0.0,0.16489361702127686,1.0611726642342931,2.206199003171094,0.0,0.1101184137919187,aus|t_plus_7h|lower_tail,2026-07-11T13:00:00+00:00,2026-07-11,bounded,0.0,lower_tail,-0.054775203229358166,KXHIGHAUS-26JUL11-T91
0.12249166359117125,t_plus_8h,aus,KXHIGHAUS-26JUL11,0.28642660130100284,1.0061758651112642,1.8742804929160606,0.0,0.15346534653465316,1.1286675287024355,2.1607070942170634,0.0,0.11524360413535605,aus|t_plus_8h|lower_tail,2026-07-11T14:00:00+00:00,2026-07-11,bounded,0.0,lower_tail,-0.03822174239929711,KXHIGHAUS-26JUL11-T91
0.08058435173282086,t_plus_9h,aus,KXHIGHAUS-26JUL11,0.219257952270417,1.0075776653464898,1.845826690498333,0.0,0.15789473684210492,1.0881620170793107,2.06508464276875,0.0,0.1268075567710288,aus|t_plus_9h|lower_tail,2026-07-11T15:00:00+00:00,2026-07-11,bounded,0.0,lower_tail,-0.03108718007107611,KXHIGHAUS-26JUL11-T91
0.2514036257687281,t_plus_10h,aus,KXHIGHAUS-26JUL11,0.43204045729402507,0.6491767929741021,1.0477930402718967,0.0,0.35071090047393366,0.9005804187428302,1.4798334975659218,0.0,0.22767559376859842,aus|t_plus_10h|lower_tail,2026-07-11T16:00:00+00:00,2026-07-11,bounded,0.0,lower_tail,-0.12303530670533525,KXHIGHAUS-26JUL11-T91
0.1298577574607609,t_plus_11h,aus,KXHIGHAUS-26JUL11,0.3567885313078991,0.8071895424836597,1.2237754316221152,0.0,0.29411764705882365,0.9370472999444206,1.5805639629300143,0.0,0.20585896863445421,aus|t_plus_11h|lower_tail,2026-07-11T17:00:00+00:00,2026-07-11,bounded,0.0,lower_tail,-0.08825867842436944,KXHIGHAUS-26JUL11-T91
0.1327293971097208,t_plus_12h,aus,KXHIGHAUS-26JUL11,0.2571131241062934,0.020878642888212284,0.12197842688648623,1.0,0.8851674641148325,0.15360803999793307,0.37909155099277964,1.0,0.6844829447045365,aus|t_plus_12h|lower_tail,2026-07-11T18:00:00+00:00,2026-07-11,lower_tail,0.0,lower_tail,-0.20068451941029597,KXHIGHAUS-26JUL11-T91
0.20401844703810507,t_plus_13h,aus,KXHIGHAUS-26JUL11,0.23870881307053188,0.13906008328375974,0.3190636731929491,1.0,0.7268292682926829,0.3430785303218648,0.557772486263481,1.0,0.5724828580553141,aus|t_plus_13h|lower_tail,2026-07-11T19:00:00+00:00,2026-07-11,lower_tail,0.0,lower_tail,-0.15434641023736884,KXHIGHAUS-26JUL11-T91
0.03590605502012191,t_plus_14h,aus,KXHIGHAUS-26JUL11,0.08444522772524488,0.025214440569328114,0.12937913752375577,1.0,0.8786407766990287,0.06112049558945003,0.21382436524900064,1.0,0.8074901959083499,aus|t_plus_14h|lower_tail,2026-07-11T20:00:00+00:00,2026-07-11,lower_tail,0.0,lower_tail,-0.07115058079067882,KXHIGHAUS-26JUL11-T91
0.018527364142373128,t_plus_15h,aus,KXHIGHAUS-26JUL11,0.06651438615532039,0.008838160652508774,0.07836906711550677,1.0,0.9246231155778895,0.027365524794881902,0.14488345327082716,1.0,0.8651231145047527,aus|t_plus_15h|lower_tail,2026-07-11T21:00:00+00:00,2026-07-11,lower_tail,0.0,lower_tail,-0.0595000010731368,KXHIGHAUS-26JUL11-T91
0.005231254719383016,t_plus_16h,aus,KXHIGHAUS-26JUL11,0.047225346283714484,0.0007208765859284905,0.02481516911972402,1.0,0.9754901960784313,0.005952131305311506,0.0720405154034385,1.0,0.9304931957402719,aus|t_plus_16h|lower_tail,2026-07-11T22:00:00+00:00,2026-07-11,lower_tail,0.0,lower_tail,-0.044997000338159454,KXHIGHAUS-26JUL11-T91
0.023699049179372805,t_plus_17h,aus,KXHIGHAUS-26JUL11,0.12598306857126912,0.0007208765859284905,0.02481516911972402,1.0,0.9754901960784313,0.024419925765301297,0.15079823769099315,1.0,0.860021201018811,aus|t_plus_17h|lower_tail,2026-07-11T23:00:00+00:00,2026-07-11,lower_tail,0.0,lower_tail,-0.11546899505962038,KXHIGHAUS-26JUL11-T91
0.0057672338322062935,t_plus_18h,aus,KXHIGHAUS-26JUL11,0.050521540016500804,0.0007208765859284905,0.02481516911972402,1.0,0.9754901960784313,0.006488110418134784,0.07533670913622482,1.0,0.9274311592052817,aus|t_plus_18h|lower_tail,2026-07-12T00:00:00+00:00,2026-07-11,lower_tail,0.0,lower_tail,-0.04805903687314961,KXHIGHAUS-26JUL11-T91
0.005231254719383016,t_plus_19h,aus,KXHIGHAUS-26JUL11,0.047225346283714484,0.0007208765859284905,0.02481516911972402,1.0,0.9754901960784313,0.005952131305311506,0.0720405154034385,1.0,0.9304931957402719,aus|t_plus_19h|lower_tail,2026-07-12T01:00:00+00:00,2026-07-11,lower_tail,0.0,lower_tail,-0.044997000338159454,KXHIGHAUS-26JUL11-T91
0.005231254719383016,t_plus_20h,aus,KXHIGHAUS-26JUL11,0.047225346283714484,0.0007208765859284905,0.02481516911972402,1.0,0.9754901960784313,0.005952131305311506,0.0720405154034385,1.0,0.9304931957402719,aus|t_plus_20h|lower_tail,2026-07-12T02:00:00+00:00,2026-07-11,lower_tail,0.0,lower_tail,-0.044997000338159454,KXHIGHAUS-26JUL11-T91
0.004397880725869326,t_plus_21h,aus,KXHIGHAUS-26JUL11,0.04228165645771778,0.0007208765859284905,0.02481516911972402,1.0,0.9754901960784313,0.0051187573117978166,0.0670968255774418,1.0,0.9351046549050623,aus|t_plus_21h|lower_tail,2026-07-12T03:00:00+00:00,2026-07-11,lower_tail,0.0,lower_tail,-0.04038554117336901,KXHIGHAUS-26JUL11-T91
0.004397880725869326,t_plus_22h,aus,KXHIGHAUS-26JUL11,0.04228165645771778,0.0007208765859284905,0.02481516911972402,1.0,0.9754901960784313,0.0051187573117978166,0.0670968255774418,1.0,0.9351046549050623,aus|t_plus_22h|lower_tail,2026-07-12T04:00:00+00:00,2026-07-11,lower_tail,0.0,lower_tail,-0.04038554117336901,KXHIGHAUS-26JUL11-T91
0.004397880725869326,t_plus_23h,aus,KXHIGHAUS-26JUL11,0.04228165645771778,0.0007208765859284905,0.02481516911972402,1.0,0.9754901960784313,0.0051187573117978166,0.0670968255774418,1.0,0.9351046549050623,aus|t_plus_23h|lower_tail,2026-07-12T05:00:00+00:00,2026-07-11,lower_tail,0.0,lower_tail,-0.04038554117336901,KXHIGHAUS-26JUL11-T91
0.18569775144405498,t_plus_0h,den,KXHIGHDEN-26JUL11,0.9760264167804764,1.1945697213891626,2.397895272798371,0.0,0.09090909090909086,1.3802674728332176,3.3739216895788475,0.0,0.03425503596600226,den|t_plus_0h|bounded,2026-07-11T07:00:00+00:00,2026-07-11,bounded,0.0,bounded,-0.056654054943088596,KXHIGHDEN-26JUL11-B93.5
0.16655237079214857,t_plus_1h,den,KXHIGHDEN-26JUL11,0.8382257641989543,1.1998185941043085,2.402668551551028,0.0,0.09047619047619049,1.366370964896457,3.2408943157499825,0.0,0.0391288858677562,den|t_plus_1h|bounded,2026-07-11T08:00:00+00:00,2026-07-11,bounded,0.0,bounded,-0.051347304608434285,KXHIGHDEN-26JUL11-B93.5
0.11638040512635617,t_plus_2h,den,KXHIGHDEN-26JUL11,0.5046892460570374,1.1905215419501134,2.302585092994046,0.0,0.09999999999999996,1.3069019470764696,2.8072743390510833,0.0,0.060369314630689,den|t_plus_2h|bounded,2026-07-11T09:00:00+00:00,2026-07-11,bounded,0.0,bounded,-0.03963068536931096,KXHIGHDEN-26JUL11-B93.5
-0.023735518342532513,t_plus_3h,den,KXHIGHDEN-26JUL11,-0.12191824344413149,1.1734391507124626,2.238681291014563,0.0,0.10659898477157391,1.1497036323699301,2.1167630475704313,0.0,0.12042079469940842,den|t_plus_3h|bounded,2026-07-11T10:00:00+00:00,2026-07-11,bounded,0.0,bounded,0.013821809927834508,KXHIGHDEN-26JUL11-B93.5
-0.02583967953701838,t_plus_4h,den,KXHIGHDEN-26JUL11,-0.12698154540068174,1.1755433119069485,2.243744592971113,0.0,0.10606060606060595,1.1497036323699301,2.1167630475704313,0.0,0.12042079469940842,den|t_plus_4h|bounded,2026-07-11T11:00:00+00:00,2026-07-11,bounded,0.0,bounded,0.014360188638802465,KXHIGHDEN-26JUL11-B93.5
-0.020549554457736097,t_plus_5h,den,KXHIGHDEN-26JUL11,-0.18247949373260486,1.1745001922337561,2.3736810146777754,0.0,0.09313725490196083,1.15395063777602,2.1912015209451705,0.0,0.1117823590518563,den|t_plus_5h|bounded,2026-07-11T12:00:00+00:00,2026-07-11,bounded,0.0,bounded,0.018645104149895467,KXHIGHDEN-26JUL11-B93.5
-0.021654898556159985,t_plus_6h,den,KXHIGHDEN-26JUL11,-0.18247949373260575,1.17560553633218,2.3736810146777763,0.0,0.09313725490196076,1.15395063777602,2.1912015209451705,0.0,0.1117823590518563,den|t_plus_6h|bounded,2026-07-11T13:00:00+00:00,2026-07-11,bounded,0.0,bounded,0.018645104149895536,KXHIGHDEN-26JUL11-B93.5
0.002664894430023601,t_plus_7h,den,KXHIGHDEN-26JUL11,-0.13151400538014268,1.2204164187983342,2.550421256898627,0.0,0.07804878048780489,1.2230813132283578,2.418907251518484,0.0,0.0890188395318006,den|t_plus_7h|bounded,2026-07-11T14:00:00+00:00,2026-07-11,bounded,0.0,bounded,0.010970059043995714,KXHIGHDEN-26JUL11-B93.5
-0.5025552860255756,t_plus_8h,den,KXHIGHDEN-26JUL11,-1.01575599819907,1.0616941083118436,1.9273049612242814,0.0,0.14553990610328602,0.559138822286268,0.9115489630252115,0.0,0.4019012115300875,den|t_plus_8h|bounded,2026-07-11T15:00:00+00:00,2026-07-11,bounded,0.0,bounded,0.25636130542680147,KXHIGHDEN-26JUL11-B93.5
-0.20530880578115474,t_plus_9h,den,KXHIGHDEN-26JUL11,-0.6214915910654257,1.1176794727677482,2.0654552997050932,0.0,0.12676056338028205,0.9123706669865934,1.4439637086396675,0.0,0.23599050480579817,den|t_plus_9h|bounded,2026-07-11T16:00:00+00:00,2026-07-11,bounded,0.0,bounded,0.10922994142551612,KXHIGHDEN-26JUL11-B93.5
-0.23671259860424076,t_plus_10h,den,KXHIGHDEN-26JUL11,-0.6911602244214723,1.122782080188216,2.089391872533002,0.0,0.12376237623762404,0.8860694815839752,1.3982316481115296,0.0,0.24703341993864134,den|t_plus_10h|bounded,2026-07-11T17:00:00+00:00,2026-07-11,bounded,0.0,bounded,0.1232710437010173,KXHIGHDEN-26JUL11-B93.5
-0.1702925919979903,t_plus_11h,den,KXHIGHDEN-26JUL11,-0.53431464837199,1.1557283906972051,2.1578106087953444,0.0,0.115577889447236,0.9854357986992148,1.6234959604233543,0.0,0.1972080609889078,den|t_plus_11h|bounded,2026-07-11T18:00:00+00:00,2026-07-11,bounded,0.0,bounded,0.0816301715416718,KXHIGHDEN-26JUL11-B93.5
-0.3107994690417627,t_plus_12h,den,KXHIGHDEN-26JUL11,-0.5419189448552981,0.9433301138788429,1.5451956437057457,0.0,0.213270142180095,0.6325306448370802,1.0032766988504476,0.0,0.3666759837899306,den|t_plus_12h|bounded,2026-07-11T19:00:00+00:00,2026-07-11,bounded,0.0,bounded,0.1534058416098356,KXHIGHDEN-26JUL11-B93.5
-0.18367770527794092,t_plus_13h,den,KXHIGHDEN-26JUL11,-0.24493363927078493,0.7396550098972572,1.051210049773526,0.0,0.3495145631067961,0.5559773046193163,0.806276410502741,0.0,0.4465176228824782,den|t_plus_13h|bounded,2026-07-11T20:00:00+00:00,2026-07-11,bounded,0.0,bounded,0.09700305977568213,KXHIGHDEN-26JUL11-B93.5
0.05692310955487556,t_plus_14h,den,KXHIGHDEN-26JUL11,0.0490805799025511,0.6156851918707127,0.9978707188665776,0.0,0.3686635944700462,0.6726083014255883,1.0469512987691287,0.0,0.3510062326735829,den|t_plus_14h|bounded,2026-07-11T21:00:00+00:00,2026-07-11,bounded,0.0,bounded,-0.017657361796463322,KXHIGHDEN-26JUL11-B93.5
-0.17872716688313628,t_plus_15h,den,KXHIGHDEN-26JUL11,-0.24760296048731345,0.688761492698757,1.0399046878413327,0.0,0.3534883720930229,0.5100343258156207,0.7923017273540193,1.0,0.452801369603956,den|t_plus_15h|bounded,2026-07-11T22:00:00+00:00,2026-07-11,bounded,1.0,bounded,0.09931299751093309,KXHIGHDEN-26JUL11-B93.5
0.009048068962145453,t_plus_16h,den,KXHIGHDEN-26JUL11,0.015042707253632825,0.06968704928916489,0.24858405115804916,1.0,0.7799043062200953,0.07873511825131034,0.263626758411682,1.0,0.7682602328200114,den|t_plus_16h|bounded,2026-07-11T23:00:00+00:00,2026-07-11,bounded,0.0,bounded,-0.011644073400083887,KXHIGHDEN-26JUL11-B93.5
0.009147558841401731,t_plus_17h,den,KXHIGHDEN-26JUL11,0.04157061498472542,0.008410226835832384,0.0763729787845741,1.0,0.926470588235294,0.017557785677234115,0.11794359376929951,1.0,0.888746182022976,den|t_plus_17h|bounded,2026-07-12T00:00:00+00:00,2026-07-11,bounded,0.0,bounded,-0.037724406212318096,KXHIGHDEN-26JUL11-B93.5
0.0020460431929777423,t_plus_18h,den,KXHIGHDEN-26JUL11,0.018699468151413143,0.007352220370551898,0.0718257345712555,1.0,0.9306930693069307,0.00939826356352964,0.09052520272266865,1.0,0.9134513121507573,den|t_plus_18h|bounded,2026-07-12T01:00:00+00:00,2026-07-11,bounded,0.0,bounded,-0.017241757156173487,KXHIGHDEN-26JUL11-B93.5
-0.003160754488487306,t_plus_19h,den,KXHIGHDEN-26JUL11,-0.010555443040673115,0.011528857149525094,0.09627683043541994,1.0,0.9082125603864734,0.008368102661037788,0.08572138739474683,1.0,0.9178499201569029,den|t_plus_19h|bounded,2026-07-12T02:00:00+00:00,2026-07-11,bounded,0.0,bounded,0.009637359770429565,KXHIGHDEN-26JUL11-B93.5
-0.003272956816764096,t_plus_20h,den,KXHIGHDEN-26JUL11,-0.011046164540247705,0.011641059477801884,0.09676755193499453,1.0,0.9077669902912621,0.008368102661037788,0.08572138739474683,1.0,0.9178499201569029,den|t_plus_20h|bounded,2026-07-12T03:00:00+00:00,2026-07-11,bounded,0.0,bounded,0.010082929865640855,KXHIGHDEN-26JUL11-B93.5
-0.002048336558995459,t_plus_21h,den,KXHIGHDEN-26JUL11,-0.005366115211724851,0.011754907792980357,0.0972633054252069,1.0,0.9073170731707317,0.009706571233984898,0.09189719021348206,1.0,0.9121989277013706,den|t_plus_21h|bounded,2026-07-12T04:00:00+00:00,2026-07-11,bounded,0.0,bounded,0.0048818545306388295,KXHIGHDEN-26JUL11-B93.5
-0.0032036614426818495,t_plus_22h,den,KXHIGHDEN-26JUL11,-0.001661870428688761,0.029749657064471826,0.15492258260584002,1.0,0.8564814814814816,0.026545995621789976,0.15326071217715126,1.0,0.8579060261047066,den|t_plus_22h|bounded,2026-07-12T05:00:00+00:00,2026-07-11,bounded,0.0,bounded,0.0014245446232249437,KXHIGHDEN-26JUL11-B93.5
-0.007420369571895714,t_plus_23h,den,KXHIGHDEN-26JUL11,-0.019663082158032197,0.03396636519368569,0.17292379433518346,1.0,0.8412017167381973,0.026545995621789976,0.15326071217715126,1.0,0.8579060261047066,den|t_plus_23h|bounded,2026-07-12T06:00:00+00:00,2026-07-11,bounded,0.0,bounded,0.01670430936650924,KXHIGHDEN-26JUL11-B93.5
0.09947066437931174,t_plus_0h,la,KXHIGHLAX-26JUL11,0.8661455164935066,1.3312121751512993,3.1593616973357936,0.0,0.04245283018867923,1.430682839530611,4.0255072138293,0.0,0.017854365874981043,la|t_plus_0h|bounded,2026-07-11T08:00:00+00:00,2026-07-11,bounded,0.0,bounded,-0.024598464313698186,KXHIGHLAX-26JUL11-B77.5
0.09374232153486828,t_plus_1h,la,KXHIGHLAX-26JUL11,0.8081368414459114,1.3308009018723652,3.1110431200649846,0.0,0.044554455445544594,1.4245432234072335,3.919179961510896,0.0,0.019857371878752823,la|t_plus_1h|bounded,2026-07-11T09:00:00+00:00,2026-07-11,bounded,0.0,bounded,-0.02469708356679177,KXHIGHLAX-26JUL11-B77.5
0.10994955751085356,t_plus_2h,la,KXHIGHLAX-26JUL11,0.514293428351571,1.20135,2.353878387381596,0.0,0.095,1.3112995575108535,2.868171815733167,0.0,0.056802677474346155,la|t_plus_2h|bounded,2026-07-11T10:00:00+00:00,2026-07-11,bounded,0.0,bounded,-0.038197322525653846,KXHIGHLAX-26JUL11-B77.5
0.1255160828919557,t_plus_3h,la,KXHIGHLAX-26JUL11,0.9273899492928064,1.2574922953723702,2.4799926349855723,0.0,0.08374384236453195,1.3830083782643259,3.4073825842783787,0.0,0.033127796212425994,la|t_plus_3h|bounded,2026-07-11T11:00:00+00:00,2026-07-11,bounded,0.0,bounded,-0.05061604615210595,KXHIGHLAX-26JUL11-B77.5
0.11464323492823403,t_plus_4h,la,KXHIGHLAX-26JUL11,0.7091821888281538,1.2658049886621316,2.639057329615259,0.0,0.07142857142857142,1.3804482235903657,3.3482395184434126,0.0,0.03514617385947032,la|t_plus_4h|bounded,2026-07-11T12:00:00+00:00,2026-07-11,bounded,0.0,bounded,-0.03628239756910111,KXHIGHLAX-26JUL11-B77.5
0.08697189749566991,t_plus_5h,la,KXHIGHLAX-26JUL11,0.6997034448736112,1.2934763260946958,2.6485360735698014,0.0,0.07075471698113214,1.3804482235903657,3.3482395184434126,0.0,0.03514617385947032,la|t_plus_5h|bounded,2026-07-11T13:00:00+00:00,2026-07-11,bounded,0.0,bounded,-0.035608543121661826,KXHIGHLAX-26JUL11-B77.5
0.04353270891427519,t_plus_6h,la,KXHIGHLAX-26JUL11,0.38657022795305895,1.2932230029585798,2.6294878785991087,0.0,0.07211538461538457,1.336755711872855,3.0160581065521677,0.0,0.04899396721305092,la|t_plus_6h|bounded,2026-07-11T14:00:00+00:00,2026-07-11,bounded,0.0,bounded,-0.02312141740233365,KXHIGHLAX-26JUL11-B77.5
-0.08205232792374395,t_plus_7h,la,KXHIGHLAX-26JUL11,-0.018862529813844953,1.1754228445242534,1.8474700762420582,0.0,0.15763546798029598,1.0933705166005094,1.8286075464282132,0.0,0.16063709180788682,la|t_plus_7h|bounded,2026-07-11T15:00:00+00:00,2026-07-11,bounded,0.0,bounded,0.003001623827590838,KXHIGHLAX-26JUL11-B77.5
0.0602023694119338,t_plus_8h,la,KXHIGHLAX-26JUL11,0.47927990406900234,1.1876776786589545,2.0124308313968737,0.0,0.13366336633663392,1.2478800480708883,2.491710735465876,0.0,0.08276825080853428,la|t_plus_8h|bounded,2026-07-11T16:00:00+00:00,2026-07-11,bounded,0.0,bounded,-0.05089511552809964,KXHIGHLAX-26JUL11-B77.5
0.1154246178164291,t_plus_9h,la,KXHIGHLAX-26JUL11,0.5267506014539851,1.1733500000000001,2.162823150618887,0.0,0.115,1.2887746178164292,2.689573752072872,0.0,0.06790987964888853,la|t_plus_9h|bounded,2026-07-11T17:00:00+00:00,2026-07-11,bounded,0.0,bounded,-0.04709012035111147,KXHIGHLAX-26JUL11-B77.5
0.22265887606808132,t_plus_10h,la,KXHIGHLAX-26JUL11,0.24479351345175293,0.5868158284023669,0.8602012652231117,0.0,0.423076923076923,0.8094747044704482,1.1049947786748646,0.0,0.33121261160620036,la|t_plus_10h|bounded,2026-07-11T18:00:00+00:00,2026-07-11,bounded,0.0,bounded,-0.09186431147072266,KXHIGHLAX-26JUL11-B77.5
-0.4050801042213322,t_plus_11h,la,KXHIGHLAX-26JUL11,-0.5927572489074779,1.2577656421386731,1.6951326335389834,0.0,0.18357487922705312,0.8526855379173409,1.1023753846315054,0.0,0.3320813252030343,la|t_plus_11h|bounded,2026-07-11T19:00:00+00:00,2026-07-11,bounded,0.0,bounded,0.14850644597598117,KXHIGHLAX-26JUL11-B77.5
0.004501945011045958,t_plus_12h,la,KXHIGHLAX-26JUL11,0.03734743250467891,0.0014898116109188773,0.03491626510622799,1.0,0.9656862745098038,0.005991756621964835,0.0722636976109069,1.0,0.9302855493871599,la|t_plus_12h|bounded,2026-07-11T20:00:00+00:00,2026-07-11,bounded,0.0,bounded,-0.03540072512264392,KXHIGHLAX-26JUL11-B77.5
0.005270880036036344,t_plus_13h,la,KXHIGHLAX-26JUL11,0.047448528491182876,0.0007208765859284905,0.02481516911972402,1.0,0.9754901960784313,0.005991756621964835,0.0722636976109069,1.0,0.9302855493871599,la|t_plus_13h|bounded,2026-07-11T21:00:00+00:00,2026-07-11,bounded,0.0,bounded,-0.045204646691271444,KXHIGHLAX-26JUL11-B77.5
0.004397880725869326,t_plus_14h,la,KXHIGHLAX-26JUL11,0.04228165645771778,0.0007208765859284905,0.02481516911972402,1.0,0.9754901960784313,0.0051187573117978166,0.0670968255774418,1.0,0.9351046549050623,la|t_plus_14h|bounded,2026-07-11T22:00:00+00:00,2026-07-11,bounded,0.0,bounded,-0.04038554117336901,KXHIGHLAX-26JUL11-B77.5
0.004397880725869326,t_plus_15h,la,KXHIGHLAX-26JUL11,0.04228165645771778,0.0007208765859284905,0.02481516911972402,1.0,0.9754901960784313,0.0051187573117978166,0.0670968255774418,1.0,0.9351046549050623,la|t_plus_15h|bounded,2026-07-11T23:00:00+00:00,2026-07-11,bounded,0.0,bounded,-0.04038554117336901,KXHIGHLAX-26JUL11-B77.5
0.004397880725869326,t_plus_16h,la,KXHIGHLAX-26JUL11,0.04228165645771778,0.0007208765859284905,0.02481516911972402,1.0,0.9754901960784313,0.0051187573117978166,0.0670968255774418,1.0,0.9351046549050623,la|t_plus_16h|bounded,2026-07-12T00:00:00+00:00,2026-07-11,bounded,0.0,bounded,-0.04038554117336901,KXHIGHLAX-26JUL11-B77.5
0.004397880725869326,t_plus_17h,la,KXHIGHLAX-26JUL11,0.04228165645771778,0.0007208765859284905,0.02481516911972402,1.0,0.9754901960784313,0.0051187573117978166,0.0670968255774418,1.0,0.9351046549050623,la|t_plus_17h|bounded,2026-07-12T01:00:00+00:00,2026-07-11,bounded,0.0,bounded,-0.04038554117336901,KXHIGHLAX-26JUL11-B77.5
0.0030942608345906368,t_plus_18h,la,KXHIGHLAX-26JUL11,0.03322198766857618,0.0007208765859284905,0.02481516911972402,1.0,0.9754901960784313,0.0038151374205191275,0.0580371567883002,1.0,0.9436148850868783,la|t_plus_18h|bounded,2026-07-12T02:00:00+00:00,2026-07-11,bounded,0.0,bounded,-0.03187531099155305,KXHIGHLAX-26JUL11-B77.5
0.0030942608345906368,t_plus_19h,la,KXHIGHLAX-26JUL11,0.03322198766857618,0.0007208765859284905,0.02481516911972402,1.0,0.9754901960784313,0.0038151374205191275,0.0580371567883002,1.0,0.9436148850868783,la|t_plus_19h|bounded,2026-07-12T03:00:00+00:00,2026-07-11,bounded,0.0,bounded,-0.03187531099155305,KXHIGHLAX-26JUL11-B77.5
0.0030942608345906368,t_plus_20h,la,KXHIGHLAX-26JUL11,0.03322198766857618,0.0007208765859284905,0.02481516911972402,1.0,0.9754901960784313,0.0038151374205191275,0.0580371567883002,1.0,0.9436148850868783,la|t_plus_20h|bounded,2026-07-12T04:00:00+00:00,2026-07-11,bounded,0.0,bounded,-0.03187531099155305,KXHIGHLAX-26JUL11-B77.5
0.004397880725869326,t_plus_21h,la,KXHIGHLAX-26JUL11,0.04228165645771778,0.0007208765859284905,0.02481516911972402,1.0,0.9754901960784313,0.0051187573117978166,0.0670968255774418,1.0,0.9351046549050623,la|t_plus_21h|bounded,2026-07-12T05:00:00+00:00,2026-07-11,bounded,0.0,bounded,-0.04038554117336901,KXHIGHLAX-26JUL11-B77.5
0.004397880725869326,t_plus_22h,la,KXHIGHLAX-26JUL11,0.04228165645771778,0.0007208765859284905,0.02481516911972402,1.0,0.9754901960784313,0.0051187573117978166,0.0670968255774418,1.0,0.9351046549050623,la|t_plus_22h|bounded,2026-07-12T06:00:00+00:00,2026-07-11,bounded,0.0,bounded,-0.04038554117336901,KXHIGHLAX-26JUL11-B77.5
0.004397880725869326,t_plus_23h,la,KXHIGHLAX-26JUL11,0.04228165645771778,0.0007208765859284905,0.02481516911972402,1.0,0.9754901960784313,0.0051187573117978166,0.0670968255774418,1.0,0.9351046549050623,la|t_plus_23h|bounded,2026-07-12T07:00:00+00:00,2026-07-11,bounded,0.0,bounded,-0.04038554117336901,KXHIGHLAX-26JUL11-B77.5
-0.3501131262412708,t_plus_0h,mia,KXHIGHMIA-26JUL11,-0.4948855416670116,0.9280272108843544,1.3768156171653478,0.0,0.25238095238095215,0.5779140846430836,0.8819300754983362,0.0,0.4139831214226884,mia|t_plus_0h|bounded,2026-07-11T05:00:00+00:00,2026-07-11,bounded,0.0,bounded,0.16160216904173624,KXHIGHMIA-26JUL11-B91.5
-0.4398522002256744,t_plus_1h,mia,KXHIGHMIA-26JUL11,-0.6306574634515029,0.9911867282495999,1.4777285670795235,0.0,0.22815533980582503,0.5513345280239255,0.8470711036280206,0.0,0.42866862105876014,mia|t_plus_1h|bounded,2026-07-11T06:00:00+00:00,2026-07-11,bounded,0.0,bounded,0.2005132812529351,KXHIGHMIA-26JUL11-B91.5
-0.4609385016877384,t_plus_2h,mia,KXHIGHMIA-26JUL11,-0.6204898277759219,0.9207458170167317,1.3862943611198908,0.0,0.24999999999999994,0.4598073153289933,0.7658045333439689,1.0,0.46495970486963967,mia|t_plus_2h|bounded,2026-07-11T07:00:00+00:00,2026-07-11,bounded,1.0,bounded,0.21495970486963972,KXHIGHMIA-26JUL11-B91.5
-0.46867103795537374,t_plus_3h,mia,KXHIGHMIA-26JUL11,-0.6300295250898981,0.9284216962180105,1.3956841014697297,0.0,0.24766355140186916,0.4597506582626368,0.7656545763798316,1.0,0.46502943404348507,mia|t_plus_3h|bounded,2026-07-11T08:00:00+00:00,2026-07-11,bounded,1.0,bounded,0.2173658826416159,KXHIGHMIA-26JUL11-B91.5
-0.4482858708528676,t_plus_4h,mia,KXHIGHMIA-26JUL11,-0.5899430350252096,0.9242617631151975,1.3633048428951917,0.0,0.25581395348837216,0.4759758922623299,0.7733618078699821,1.0,0.46145912083423085,mia|t_plus_4h|bounded,2026-07-11T09:00:00+00:00,2026-07-11,bounded,1.0,bounded,0.2056451673458587,KXHIGHMIA-26JUL11-B91.5
-0.45425928068582894,t_plus_5h,mia,KXHIGHMIA-26JUL11,-0.6215017781208096,0.9290925521832094,1.3910002521573037,0.0,0.2488262910798121,0.47483327149738047,0.7694984740364941,1.0,0.46324533962660774,mia|t_plus_5h|bounded,2026-07-11T10:00:00+00:00,2026-07-11,bounded,1.0,bounded,0.21441904854679564,KXHIGHMIA-26JUL11-B91.5
-0.44415771908134466,t_plus_6h,mia,KXHIGHMIA-26JUL11,-0.5588895824691646,0.9351092742750605,1.3628740869117908,0.0,0.25592417061611406,0.49095155519371586,0.8039845044426261,1.0,0.4475421729661009,mia|t_plus_6h|bounded,2026-07-11T11:00:00+00:00,2026-07-11,bounded,1.0,bounded,0.19161800234998683,KXHIGHMIA-26JUL11-B91.5
-0.3744414357599629,t_plus_7h,mia,KXHIGHMIA-26JUL11,-0.525574175734049,0.870566893424036,1.339774345484998,0.0,0.26190476190476186,0.4961254576640731,0.814200169750949,1.0,0.4429935053070301,mia|t_plus_7h|bounded,2026-07-11T12:00:00+00:00,2026-07-11,bounded,1.0,bounded,0.18108874340226822,KXHIGHMIA-26JUL11-B91.5
-0.3421174146654827,t_plus_8h,mia,KXHIGHMIA-26JUL11,-0.4730485920115627,0.8138484429801247,1.224806891228777,0.0,0.293814432989691,0.47173102831464203,0.7517582992172144,1.0,0.47153672076134556,mia|t_plus_8h|bounded,2026-07-11T13:00:00+00:00,2026-07-11,bounded,1.0,bounded,0.17772228777165455,KXHIGHMIA-26JUL11-B91.5
-0.25323871275443927,t_plus_9h,mia,KXHIGHMIA-26JUL11,-0.3245163394178485,0.7197231833910044,1.0414538748281619,0.0,0.3529411764705879,0.4664844706365651,0.7169375354103134,1.0,0.4882452023887622,mia|t_plus_9h|bounded,2026-07-11T14:00:00+00:00,2026-07-11,bounded,1.0,bounded,0.13530402591817425,KXHIGHMIA-26JUL11-B91.5
0.07046268847758125,t_plus_10h,mia,KXHIGHMIA-26JUL11,0.0820391524710875,0.4073120605732825,0.7166776779701389,1.0,0.48837209302325607,0.47777474905086376,0.7987168304412264,1.0,0.4499058994396121,mia|t_plus_10h|bounded,2026-07-11T15:00:00+00:00,2026-07-11,bounded,0.0,bounded,-0.03846619358364395,KXHIGHMIA-26JUL11-B91.5
0.19740211633967603,t_plus_11h,mia,KXHIGHMIA-26JUL11,0.22407305359322238,0.18858109643695892,0.4491177382659015,1.0,0.6381909547738691,0.38598321277663494,0.6731907918591239,1.0,0.5100784243455315,mia|t_plus_11h|bounded,2026-07-11T16:00:00+00:00,2026-07-11,bounded,0.0,bounded,-0.1281125304283376,KXHIGHMIA-26JUL11-B91.5
0.17103037171045402,t_plus_12h,mia,KXHIGHMIA-26JUL11,0.1591224181514237,0.19283759666864966,0.4478126559372566,1.0,0.6390243902439025,0.3638679683791037,0.6069350740886803,1.0,0.545018753898127,mia|t_plus_12h|bounded,2026-07-11T17:00:00+00:00,2026-07-11,bounded,0.0,bounded,-0.09400563634577541,KXHIGHMIA-26JUL11-B91.5
0.05025359246752967,t_plus_13h,mia,KXHIGHMIA-26JUL11,0.08695082812095128,0.07519615851092784,0.2534489008095385,1.0,0.7761194029850748,0.1254497509784575,0.3403997289304898,1.0,0.7114858644296377,mia|t_plus_13h|bounded,2026-07-11T18:00:00+00:00,2026-07-11,bounded,0.0,bounded,-0.06463353855543708,KXHIGHMIA-26JUL11-B91.5
0.0019143924503044162,t_plus_14h,mia,KXHIGHMIA-26JUL11,0.01611425367910524,0.010678624260355036,0.08526465165468815,1.0,0.9182692307692307,0.012593016710659452,0.10137890533379339,1.0,0.9035905927186115,mia|t_plus_14h|bounded,2026-07-11T19:00:00+00:00,2026-07-11,bounded,0.0,bounded,-0.014678638050619197,KXHIGHMIA-26JUL11-B91.5
0.001222998670401303,t_plus_15h,mia,KXHIGHMIA-26JUL11,0.013364716736707652,0.0025921387501178245,0.04467244005159255,1.0,0.9563106796116505,0.0038151374205191275,0.0580371567883002,1.0,0.9436148850868783,mia|t_plus_15h|bounded,2026-07-11T20:00:00+00:00,2026-07-11,bounded,0.0,bounded,-0.012695794524772208,KXHIGHMIA-26JUL11-B91.5
0.0030942608345906368,t_plus_16h,mia,KXHIGHMIA-26JUL11,0.03322198766857618,0.0007208765859284905,0.02481516911972402,1.0,0.9754901960784313,0.0038151374205191275,0.0580371567883002,1.0,0.9436148850868783,mia|t_plus_16h|bounded,2026-07-11T21:00:00+00:00,2026-07-11,bounded,0.0,bounded,-0.03187531099155305,KXHIGHMIA-26JUL11-B91.5
0.0030942608345906368,t_plus_17h,mia,KXHIGHMIA-26JUL11,0.03322198766857618,0.0007208765859284905,0.02481516911972402,1.0,0.9754901960784313,0.0038151374205191275,0.0580371567883002,1.0,0.9436148850868783,mia|t_plus_17h|bounded,2026-07-11T22:00:00+00:00,2026-07-11,bounded,0.0,bounded,-0.03187531099155305,KXHIGHMIA-26JUL11-B91.5
0.004397880725869326,t_plus_18h,mia,KXHIGHMIA-26JUL11,0.04228165645771778,0.0007208765859284905,0.02481516911972402,1.0,0.9754901960784313,0.0051187573117978166,0.0670968255774418,1.0,0.9351046549050623,mia|t_plus_18h|bounded,2026-07-11T23:00:00+00:00,2026-07-11,bounded,0.0,bounded,-0.04038554117336901,KXHIGHMIA-26JUL11-B91.5
0.004397880725869326,t_plus_19h,mia,KXHIGHMIA-26JUL11,0.04228165645771778,0.0007208765859284905,0.02481516911972402,1.0,0.9754901960784313,0.0051187573117978166,0.0670968255774418,1.0,0.9351046549050623,mia|t_plus_19h|bounded,2026-07-12T00:00:00+00:00,2026-07-11,bounded,0.0,bounded,-0.04038554117336901,KXHIGHMIA-26JUL11-B91.5
0.004397880725869326,t_plus_20h,mia,KXHIGHMIA-26JUL11,0.04228165645771778,0.0007208765859284905,0.02481516911972402,1.0,0.9754901960784313,0.0051187573117978166,0.0670968255774418,1.0,0.9351046549050623,mia|t_plus_20h|bounded,2026-07-12T01:00:00+00:00,2026-07-11,bounded,0.0,bounded,-0.04038554117336901,KXHIGHMIA-26JUL11-B91.5
0.004397880725869326,t_plus_21h,mia,KXHIGHMIA-26JUL11,0.04228165645771778,0.0007208765859284905,0.02481516911972402,1.0,0.9754901960784313,0.0051187573117978166,0.0670968255774418,1.0,0.9351046549050623,mia|t_plus_21h|bounded,2026-07-12T02:00:00+00:00,2026-07-11,bounded,0.0,bounded,-0.04038554117336901,KXHIGHMIA-26JUL11-B91.5
0.004397880725869326,t_plus_22h,mia,KXHIGHMIA-26JUL11,0.04228165645771778,0.0007208765859284905,0.02481516911972402,1.0,0.9754901960784313,0.0051187573117978166,0.0670968255774418,1.0,0.9351046549050623,mia|t_plus_22h|bounded,2026-07-12T03:00:00+00:00,2026-07-11,bounded,0.0,bounded,-0.04038554117336901,KXHIGHMIA-26JUL11-B91.5
0.004397880725869326,t_plus_23h,mia,KXHIGHMIA-26JUL11,0.04228165645771778,0.0007208765859284905,0.02481516911972402,1.0,0.9754901960784313,0.0051187573117978166,0.0670968255774418,1.0,0.9351046549050623,mia|t_plus_23h|bounded,2026-07-12T04:00:00+00:00,2026-07-11,bounded,0.0,bounded,-0.04038554117336901,KXHIGHMIA-26JUL11-B91.5
0.15179956382613125,t_plus_0h,nyc,KXHIGHNY-26JUL11,0.12623072917888634,0.34461774622406194,0.6571535779120401,1.0,0.5183246073298429,0.4964173100501932,0.7833843070909264,1.0,0.4568572468161965,nyc|t_plus_0h|bounded,2026-07-11T05:00:00+00:00,2026-07-11,bounded,0.0,bounded,-0.061467360513646374,KXHIGHNY-26JUL11-B81.5
0.0618177798108534,t_plus_1h,nyc,KXHIGHNY-26JUL11,0.01716772198859151,0.4369403336789518,0.7952766756363252,1.0,0.4514563106796116,0.4987581134898052,0.8124443976249167,1.0,0.44377198417141983,nyc|t_plus_1h|bounded,2026-07-11T06:00:00+00:00,2026-07-11,bounded,0.0,bounded,-0.0076843265081917855,KXHIGHNY-26JUL11-B81.5
0.06996207436068513,t_plus_2h,nyc,KXHIGHNY-26JUL11,0.029722553014787878,0.4277453896490183,0.779715196868404,1.0,0.4585365853658538,0.49770746400970345,0.8094377498831918,1.0,0.4451082580512394,nyc|t_plus_2h|bounded,2026-07-11T07:00:00+00:00,2026-07-11,bounded,0.0,bounded,-0.013428327314614408,KXHIGHNY-26JUL11-B81.5
0.14723617109074316,t_plus_3h,nyc,KXHIGHNY-26JUL11,0.10107809762923059,0.5466584975021208,0.8619680501349974,0.0,0.4223300970873786,0.693894668592864,0.963046147764228,0.0,0.3817283122988183,nyc|t_plus_3h|bounded,2026-07-11T08:00:00+00:00,2026-07-11,lower_tail,0.0,bounded,-0.0406017847885603,KXHIGHNY-26JUL11-B81.5
0.14323281553308775,t_plus_4h,nyc,KXHIGHNY-26JUL11,0.11747165264808268,0.5485499999999999,0.8324092478934529,0.0,0.435,0.6917828155330876,0.9498809005415356,0.0,0.3867870868439685,nyc|t_plus_4h|bounded,2026-07-11T09:00:00+00:00,2026-07-11,lower_tail,0.0,bounded,-0.04821291315603149,KXHIGHNY-26JUL11-B81.5
-0.010841981327706862,t_plus_5h,nyc,KXHIGHNY-26JUL11,-0.08119324859057231,0.5996732026143784,0.9236708391717768,0.0,0.3970588235294121,0.5888312212866715,0.8424775905812045,0.0,0.43064224542664803,nyc|t_plus_5h|bounded,2026-07-11T10:00:00+00:00,2026-07-11,lower_tail,0.0,bounded,0.033583421897235954,KXHIGHNY-26JUL11-B81.5
0.0703389721796045,t_plus_6h,nyc,KXHIGHNY-26JUL11,0.026941921860848872,0.5182894268422926,0.8027093830714718,0.0,0.44811320754716977,0.5886283990218971,0.8296513049323206,0.0,0.4362013610692574,nyc|t_plus_6h|bounded,2026-07-11T11:00:00+00:00,2026-07-11,lower_tail,0.0,bounded,-0.01191184647791238,KXHIGHNY-26JUL11-B81.5
-0.24127548327166015,t_plus_7h,nyc,KXHIGHNY-26JUL11,-0.342605798252853,0.8510516451478557,1.2005772153247984,0.0,0.3010204081632651,0.6097761618761955,0.8579714170719455,0.0,0.42402137297023684,nyc|t_plus_7h|bounded,2026-07-11T12:00:00+00:00,2026-07-11,lower_tail,0.0,bounded,0.12300096480697176,KXHIGHNY-26JUL11-B81.5
-0.18971558538844502,t_plus_8h,nyc,KXHIGHNY-26JUL11,-0.24839964782409352,0.8897232206222376,1.1991995255732772,0.0,0.3014354066985649,0.7000076352337926,0.9507998777491837,0.0,0.3864318016014701,nyc|t_plus_8h|bounded,2026-07-11T13:00:00+00:00,2026-07-11,lower_tail,0.0,bounded,0.08499639490290523,KXHIGHNY-26JUL11-B81.5
-0.316739512343133,t_plus_9h,nyc,KXHIGHNY-26JUL11,-0.3791863648922318,1.1039201183431946,1.4057124469769915,0.0,0.24519230769230788,0.7871806060000616,1.0265260820847597,0.0,0.35824933014086996,nyc|t_plus_9h|bounded,2026-07-11T14:00:00+00:00,2026-07-11,lower_tail,0.0,bounded,0.11305702244856208,KXHIGHNY-26JUL11-B81.5
-0.1367698352032063,t_plus_10h,nyc,KXHIGHNY-26JUL11,-0.31214379448249074,1.59260861207228,2.373681014677776,0.0,0.09313725490196079,1.4558387768690737,2.061537220195285,0.0,0.12725819559098794,nyc|t_plus_10h|bounded,2026-07-11T15:00:00+00:00,2026-07-11,lower_tail,0.0,bounded,0.03412094068902716,KXHIGHNY-26JUL11-B81.5
-0.11263889784471082,t_plus_11h,nyc,KXHIGHNY-26JUL11,-0.28474054905627577,1.564517258279073,2.336986519711378,0.0,0.09661835748792273,1.4518783604343621,2.052245970655102,0.0,0.1284460932232663,nyc|t_plus_11h|bounded,2026-07-11T16:00:00+00:00,2026-07-11,lower_tail,0.0,bounded,0.031827735735343574,KXHIGHNY-26JUL11-B81.5
-0.2208876511262179,t_plus_12h,nyc,KXHIGHNY-26JUL11,-0.4060113696520793,1.5401287966166848,2.1826257779150637,0.0,0.11274509803921601,1.319241145490467,1.7766144082629844,0.0,0.1692100547628993,nyc|t_plus_12h|bounded,2026-07-11T17:00:00+00:00,2026-07-11,lower_tail,0.0,bounded,0.05646495672368329,KXHIGHNY-26JUL11-B81.5
-0.3075776726246624,t_plus_13h,nyc,KXHIGHNY-26JUL11,-0.5735284448933056,1.5573817762399074,2.2270775404859,0.0,0.107843137254902,1.249804103615245,1.6535490955925944,0.0,0.1913695132448177,nyc|t_plus_13h|bounded,2026-07-11T18:00:00+00:00,2026-07-11,lower_tail,0.0,bounded,0.08352637598991572,KXHIGHNY-26JUL11-B81.5
0.28948658709698705,t_plus_14h,nyc,KXHIGHNY-26JUL11,0.2939001239606799,0.29211353550295804,0.5253537243288999,1.0,0.5913461538461542,0.5816001225999451,0.8192538482895798,0.0,0.4407604059723141,nyc|t_plus_14h|bounded,2026-07-11T19:00:00+00:00,2026-07-11,lower_tail,-1.0,bounded,-0.1505857478738401,KXHIGHNY-26JUL11-B81.5
-4.165647684386403e-05,t_plus_15h,nyc,KXHIGHNY-26JUL11,0.010041872497598608,0.030029744199881244,0.14122642884632355,1.0,0.8682926829268288,0.02998808772303738,0.15126830134392216,1.0,0.8596170313116502,nyc|t_plus_15h|bounded,2026-07-11T20:00:00+00:00,2026-07-11,bounded,0.0,bounded,-0.008675651615178581,KXHIGHNY-26JUL11-B81.5
0.004298735614970176,t_plus_16h,nyc,KXHIGHNY-26JUL11,0.026407188363636286,0.00706946931850315,0.0703807967617995,1.0,0.9320388349514563,0.011368204933473326,0.09678798512543578,1.0,0.9077484419049752,nyc|t_plus_16h|bounded,2026-07-11T21:00:00+00:00,2026-07-11,bounded,0.0,bounded,-0.024290393046481173,KXHIGHNY-26JUL11-B81.5
0.0030942608345906368,t_plus_17h,nyc,KXHIGHNY-26JUL11,0.03322198766857618,0.0007208765859284905,0.02481516911972402,1.0,0.9754901960784313,0.0038151374205191275,0.0580371567883002,1.0,0.9436148850868783,nyc|t_plus_17h|bounded,2026-07-11T22:00:00+00:00,2026-07-11,bounded,0.0,bounded,-0.03187531099155305,KXHIGHNY-26JUL11-B81.5
0.0030942608345906368,t_plus_18h,nyc,KXHIGHNY-26JUL11,0.03322198766857618,0.0007208765859284905,0.02481516911972402,1.0,0.9754901960784313,0.0038151374205191275,0.0580371567883002,1.0,0.9436148850868783,nyc|t_plus_18h|bounded,2026-07-11T23:00:00+00:00,2026-07-11,bounded,0.0,bounded,-0.03187531099155305,KXHIGHNY-26JUL11-B81.5
0.0030942608345906368,t_plus_19h,nyc,KXHIGHNY-26JUL11,0.03322198766857618,0.0007208765859284905,0.02481516911972402,1.0,0.9754901960784313,0.0038151374205191275,0.0580371567883002,1.0,0.9436148850868783,nyc|t_plus_19h|bounded,2026-07-12T00:00:00+00:00,2026-07-11,bounded,0.0,bounded,-0.03187531099155305,KXHIGHNY-26JUL11-B81.5
0.0030942608345906368,t_plus_20h,nyc,KXHIGHNY-26JUL11,0.03322198766857618,0.0007208765859284905,0.02481516911972402,1.0,0.9754901960784313,0.0038151374205191275,0.0580371567883002,1.0,0.9436148850868783,nyc|t_plus_20h|bounded,2026-07-12T01:00:00+00:00,2026-07-11,bounded,0.0,bounded,-0.03187531099155305,KXHIGHNY-26JUL11-B81.5
0.0030942608345906368,t_plus_21h,nyc,KXHIGHNY-26JUL11,0.03322198766857618,0.0007208765859284905,0.02481516911972402,1.0,0.9754901960784313,0.0038151374205191275,0.0580371567883002,1.0,0.9436148850868783,nyc|t_plus_21h|bounded,2026-07-12T02:00:00+00:00,2026-07-11,bounded,0.0,bounded,-0.03187531099155305,KXHIGHNY-26JUL11-B81.5
0.0030942608345906368,t_plus_22h,nyc,KXHIGHNY-26JUL11,0.03322198766857618,0.0007208765859284905,0.02481516911972402,1.0,0.9754901960784313,0.0038151374205191275,0.0580371567883002,1.0,0.9436148850868783,nyc|t_plus_22h|bounded,2026-07-12T03:00:00+00:00,2026-07-11,bounded,0.0,bounded,-0.03187531099155305,KXHIGHNY-26JUL11-B81.5
0.0030942608345906368,t_plus_23h,nyc,KXHIGHNY-26JUL11,0.03322198766857618,0.0007208765859284905,0.02481516911972402,1.0,0.9754901960784313,0.0038151374205191275,0.0580371567883002,1.0,0.9436148850868783,nyc|t_plus_23h|bounded,2026-07-12T04:00:00+00:00,2026-07-11,bounded,0.0,bounded,-0.03187531099155305,KXHIGHNY-26JUL11-B81.5
0.12489957421848552,t_plus_0h,okc,KXHIGHTOKC-26JUL11,0.10704989020245192,0.6008849756294782,1.075192014460011,0.0,0.34123222748815174,0.7257845498479637,1.1822419046624628,0.0,0.3065906206000777,okc|t_plus_0h|bounded,2026-07-11T06:00:00+00:00,2026-07-11,bounded,0.0,bounded,-0.03464160688807405,KXHIGHTOKC-26JUL11-B97.5
0.04946840839068278,t_plus_1h,okc,KXHIGHTOKC-26JUL11,-0.045712523869840815,0.6176575293698834,1.0939063976306986,0.0,0.33490566037735797,0.6671259377605662,1.0481938737608578,0.0,0.35057035197023534,okc|t_plus_1h|bounded,2026-07-11T07:00:00+00:00,2026-07-11,bounded,0.0,bounded,0.015664691592877367,KXHIGHTOKC-26JUL11-B97.5
-0.07971387108406214,t_plus_2h,okc,KXHIGHTOKC-26JUL11,-0.282092273237202,0.6732465717529914,1.2070929316621792,0.0,0.29906542056074775,0.5935327006689293,0.9250006584249773,0.0,0.3965311579888882,okc|t_plus_2h|bounded,2026-07-11T08:00:00+00:00,2026-07-11,bounded,0.0,bounded,0.09746573742814046,KXHIGHTOKC-26JUL11-B97.5
-0.17440891022935823,t_plus_3h,okc,KXHIGHTOKC-26JUL11,-0.36779208504115235,0.6470091941590056,1.1659454087366978,0.0,0.31162790697674386,0.47260028392964737,0.7981533236955455,1.0,0.4501594958938137,okc|t_plus_3h|bounded,2026-07-11T09:00:00+00:00,2026-07-11,bounded,1.0,bounded,0.13853158891706985,KXHIGHTOKC-26JUL11-B97.5
-0.18498854762109856,t_plus_4h,okc,KXHIGHTOKC-26JUL11,-0.36085875327099226,0.6767952577656426,1.2218449290920588,0.0,0.29468599033816395,0.4918067101445441,0.8609861758210665,1.0,0.4227449758077569,okc|t_plus_4h|bounded,2026-07-11T10:00:00+00:00,2026-07-11,bounded,1.0,bounded,0.12805898546959293,KXHIGHTOKC-26JUL11-B97.5
-0.18082850335197442,t_plus_5h,okc,KXHIGHTOKC-26JUL11,-0.34861561100242966,0.672446710541093,1.2087234070845339,0.0,0.2985781990521327,0.49161820718911853,0.8601077960821042,1.0,0.42311646956166227,okc|t_plus_5h|bounded,2026-07-11T11:00:00+00:00,2026-07-11,bounded,1.0,bounded,0.12453827050952959,KXHIGHTOKC-26JUL11-B97.5
-0.21219025217077958,t_plus_6h,okc,KXHIGHTOKC-26JUL11,-0.41488702032114133,0.7320115838716872,1.3143208614948023,0.0,0.26865671641791017,0.5198213317009076,0.899433841173661,1.0,0.40679990791435056,okc|t_plus_6h|bounded,2026-07-11T12:00:00+00:00,2026-07-11,bounded,1.0,bounded,0.1381431914964404,KXHIGHTOKC-26JUL11-B97.5
-0.19249629786202171,t_plus_7h,okc,KXHIGHTOKC-26JUL11,-0.37614433672180525,0.7301453942915828,1.3253856080328998,0.0,0.265700483091787,0.537649096429561,0.9492412713110946,1.0,0.38703456630978367,okc|t_plus_7h|bounded,2026-07-11T13:00:00+00:00,2026-07-11,bounded,1.0,bounded,0.12133408321799666,KXHIGHTOKC-26JUL11-B97.5
-0.20641531534546226,t_plus_8h,okc,KXHIGHTOKC-26JUL11,-0.3760337403636158,0.6846084330710397,1.1869048958137882,0.0,0.3051643192488262,0.47819311772557743,0.8108711554501724,1.0,0.4444706944490123,okc|t_plus_8h|bounded,2026-07-11T14:00:00+00:00,2026-07-11,bounded,1.0,bounded,0.13930637520018613,KXHIGHTOKC-26JUL11-B97.5
0.04780937775767646,t_plus_9h,okc,KXHIGHTOKC-26JUL11,-0.06985415909393511,0.5416050295857987,0.9430889250288786,0.0,0.38942307692307715,0.5894144073434752,0.8732347659349435,0.0,0.41759852858012436,okc|t_plus_9h|bounded,2026-07-11T15:00:00+00:00,2026-07-11,bounded,0.0,bounded,0.028175451657047212,KXHIGHTOKC-26JUL11-B97.5
0.03940012061928444,t_plus_10h,okc,KXHIGHTOKC-26JUL11,-0.08961792226158127,0.5504472383811847,0.9702311220199028,0.0,0.3789954337899544,0.5898473590004691,0.8806131997583215,0.0,0.4145286448665244,okc|t_plus_10h|bounded,2026-07-11T16:00:00+00:00,2026-07-11,bounded,0.0,bounded,0.03553321107657004,KXHIGHTOKC-26JUL11-B97.5
0.03469552698131684,t_plus_11h,okc,KXHIGHTOKC-26JUL11,-0.06032940039761514,0.5569160997732423,0.9526583760450296,0.0,0.38571428571428584,0.5916116267545591,0.8923289756474144,0.0,0.4097004583651997,okc|t_plus_11h|bounded,2026-07-11T17:00:00+00:00,2026-07-11,bounded,0.0,bounded,0.02398617265091385,KXHIGHTOKC-26JUL11-B97.5
0.06731354414570179,t_plus_12h,okc,KXHIGHTOKC-26JUL11,-0.010267628322915279,0.5108997559128019,0.8627064857400485,1.0,0.4220183486238533,0.5782133000585037,0.8524388574171332,0.0,0.42637379797646285,okc|t_plus_12h|bounded,2026-07-11T18:00:00+00:00,2026-07-11,bounded,-1.0,bounded,0.004355449352609564,KXHIGHTOKC-26JUL11-B97.5
-0.14861293822341737,t_plus_13h,okc,KXHIGHTOKC-26JUL11,-0.16921530649428274,0.4561139556892917,0.728238500371216,1.0,0.4827586206896549,0.3075010174658743,0.5590231938769332,1.0,0.5717672969583069,okc|t_plus_13h|bounded,2026-07-11T19:00:00+00:00,2026-07-11,bounded,0.0,bounded,0.08900867626865194,KXHIGHTOKC-26JUL11-B97.5
-0.03949285052796761,t_plus_14h,okc,KXHIGHTOKC-26JUL11,-0.04506210645504116,0.1997,0.4307829160924542,1.0,0.65,0.16020714947203238,0.38572080963741306,1.0,0.6799603375554518,okc|t_plus_14h|bounded,2026-07-11T20:00:00+00:00,2026-07-11,bounded,0.0,bounded,0.0299603375554518,KXHIGHTOKC-26JUL11-B97.5
-0.01969993466253278,t_plus_15h,okc,KXHIGHTOKC-26JUL11,-0.023466527216448263,0.30120652276369114,0.5487526756780517,1.0,0.5776699029126213,0.28150658810115836,0.5252861484616035,1.0,0.5913861159255936,okc|t_plus_15h|bounded,2026-07-11T21:00:00+00:00,2026-07-11,bounded,0.0,bounded,0.013716213012972323,KXHIGHTOKC-26JUL11-B97.5
-0.00032525520291929377,t_plus_16h,okc,KXHIGHTOKC-26JUL11,0.0028853367132202212,0.004140392623438421,0.05515182007507998,1.0,0.9463414634146342,0.0038151374205191275,0.0580371567883002,1.0,0.9436148850868783,okc|t_plus_16h|bounded,2026-07-11T22:00:00+00:00,2026-07-11,bounded,0.0,bounded,-0.002726578327755913,KXHIGHTOKC-26JUL11-B97.5
0.0030942608345906368,t_plus_17h,okc,KXHIGHTOKC-26JUL11,0.03322198766857618,0.0007208765859284905,0.02481516911972402,1.0,0.9754901960784313,0.0038151374205191275,0.0580371567883002,1.0,0.9436148850868783,okc|t_plus_17h|bounded,2026-07-11T23:00:00+00:00,2026-07-11,bounded,0.0,bounded,-0.03187531099155305,KXHIGHTOKC-26JUL11-B97.5
0.004397880725869326,t_plus_18h,okc,KXHIGHTOKC-26JUL11,0.04228165645771778,0.0007208765859284905,0.02481516911972402,1.0,0.9754901960784313,0.0051187573117978166,0.0670968255774418,1.0,0.9351046549050623,okc|t_plus_18h|bounded,2026-07-12T00:00:00+00:00,2026-07-11,bounded,0.0,bounded,-0.04038554117336901,KXHIGHTOKC-26JUL11-B97.5
0.004397880725869326,t_plus_19h,okc,KXHIGHTOKC-26JUL11,0.04228165645771778,0.0007208765859284905,0.02481516911972402,1.0,0.9754901960784313,0.0051187573117978166,0.0670968255774418,1.0,0.9351046549050623,okc|t_plus_19h|bounded,2026-07-12T01:00:00+00:00,2026-07-11,bounded,0.0,bounded,-0.04038554117336901,KXHIGHTOKC-26JUL11-B97.5
0.004397880725869326,t_plus_20h,okc,KXHIGHTOKC-26JUL11,0.04228165645771778,0.0007208765859284905,0.02481516911972402,1.0,0.9754901960784313,0.0051187573117978166,0.0670968255774418,1.0,0.9351046549050623,okc|t_plus_20h|bounded,2026-07-12T02:00:00+00:00,2026-07-11,bounded,0.0,bounded,-0.04038554117336901,KXHIGHTOKC-26JUL11-B97.5
0.004397880725869326,t_plus_21h,okc,KXHIGHTOKC-26JUL11,0.04228165645771778,0.0007208765859284905,0.02481516911972402,1.0,0.9754901960784313,0.0051187573117978166,0.0670968255774418,1.0,0.9351046549050623,okc|t_plus_21h|bounded,2026-07-12T03:00:00+00:00,2026-07-11,bounded,0.0,bounded,-0.04038554117336901,KXHIGHTOKC-26JUL11-B97.5
0.004397880725869326,t_plus_22h,okc,KXHIGHTOKC-26JUL11,0.04228165645771778,0.0007208765859284905,0.02481516911972402,1.0,0.9754901960784313,0.0051187573117978166,0.0670968255774418,1.0,0.9351046549050623,okc|t_plus_22h|bounded,2026-07-12T04:00:00+00:00,2026-07-11,bounded,0.0,bounded,-0.04038554117336901,KXHIGHTOKC-26JUL11-B97.5
0.004397880725869326,t_plus_23h,okc,KXHIGHTOKC-26JUL11,0.04228165645771778,0.0007208765859284905,0.02481516911972402,1.0,0.9754901960784313,0.0051187573117978166,0.0670968255774418,1.0,0.9351046549050623,okc|t_plus_23h|bounded,2026-07-12T05:00:00+00:00,2026-07-11,bounded,0.0,bounded,-0.04038554117336901,KXHIGHTOKC-26JUL11-B97.5
0.15287917318590805,t_plus_0h,aus,KXHIGHAUS-26JUL12,0.4783717926215001,1.058166905287679,2.1351521486938396,0.0,0.11822660098522195,1.211046078473587,2.6135239413153397,0.0,0.0732758683922883,aus|t_plus_0h|bounded,2026-07-12T06:00:00+00:00,2026-07-12,bounded,0.0,bounded,-0.044950732592933654,KXHIGHAUS-26JUL12-B96.5
0.09220595560370293,t_plus_1h,aus,KXHIGHAUS-26JUL12,1.1083196962600979,1.199927851786957,2.7182543712764526,0.0,0.06598984771573599,1.2921338073906599,3.8265740675365505,0.0,0.021784118855443048,aus|t_plus_1h|bounded,2026-07-12T07:00:00+00:00,2026-07-12,bounded,0.0,bounded,-0.04420572886029294,KXHIGHAUS-26JUL12-B96.5
0.12114419439601054,t_plus_2h,aus,KXHIGHAUS-26JUL12,0.6368001763828235,1.1451364859669355,2.427748235948051,0.0,0.08823529411764709,1.266280680362946,3.0645484123308746,0.0,0.04667491492198329,aus|t_plus_2h|bounded,2026-07-12T08:00:00+00:00,2026-07-12,bounded,0.0,bounded,-0.0415603791956638,KXHIGHAUS-26JUL12-B96.5
0.15234152558302672,t_plus_3h,aus,KXHIGHAUS-26JUL12,0.9716976618964415,1.20421201484811,2.728355467262955,0.0,0.06532663316582918,1.3565535404311366,3.7000531291593965,0.0,0.024722212965053728,aus|t_plus_3h|bounded,2026-07-12T09:00:00+00:00,2026-07-12,bounded,0.0,bounded,-0.040604420200775454,KXHIGHAUS-26JUL12-B96.5
0.1495560939263223,t_plus_4h,aus,KXHIGHAUS-26JUL12,0.9280061437343949,1.2392102846648299,2.7233176732329976,0.0,0.06565656565656572,1.3887663785911522,3.6513238169673925,0.0,0.025956744046044214,aus|t_plus_4h|bounded,2026-07-12T10:00:00+00:00,2026-07-12,bounded,0.0,bounded,-0.039699821610521505,KXHIGHAUS-26JUL12-B96.5
0.1332104704976962,t_plus_5h,aus,KXHIGHAUS-26JUL12,0.892001135274084,1.2382515593040582,2.8083981749364937,0.0,0.060301507537688356,1.3714620298017544,3.7003993102105777,0.0,0.024713656084582352,aus|t_plus_5h|bounded,2026-07-12T11:00:00+00:00,2026-07-12,bounded,0.0,bounded,-0.035587851453106,KXHIGHAUS-26JUL12-B96.5
0.15718563350676273,t_plus_6h,aus,KXHIGHAUS-26JUL12,1.0107270922148306,1.2021315192743762,2.7080502011022096,0.0,0.0666666666666667,1.359317152781139,3.71877729331704,0.0,0.02426361700254797,aus|t_plus_6h|bounded,2026-07-12T12:00:00+00:00,2026-07-12,bounded,0.0,bounded,-0.042403049664118724,KXHIGHAUS-26JUL12-B96.5
0.08071448223977207,t_plus_7h,aus,KXHIGHAUS-26JUL12,0.2912686232455388,1.2170319108035372,2.6790626642289577,0.0,0.06862745098039218,1.2977463930433093,2.9703312874744965,0.0,0.05128631700279992,aus|t_plus_7h|bounded,2026-07-12T13:00:00+00:00,2026-07-12,bounded,0.0,bounded,-0.01734113397759226,KXHIGHAUS-26JUL12-B96.5
0.142156821910018,t_plus_8h,aus,KXHIGHAUS-26JUL12,0.5316016534770553,1.1726148095407618,2.4121472955055716,0.0,0.08962264150943401,1.3147716314507798,2.943748948982627,0.0,0.05266790885838995,aus|t_plus_8h|bounded,2026-07-12T14:00:00+00:00,2026-07-12,bounded,0.0,bounded,-0.03695473265104406,KXHIGHAUS-26JUL12-B96.5
0.0827907319985488,t_plus_9h,aus,KXHIGHAUS-26JUL12,0.1578117513458548,1.0508299454190158,1.9178709289909202,0.0,0.14691943127962087,1.1336206774175646,2.075682680336775,0.0,0.12547074184027493,aus|t_plus_9h|bounded,2026-07-12T15:00:00+00:00,2026-07-12,bounded,0.0,bounded,-0.02144868943934594,KXHIGHAUS-26JUL12-B96.5
0.08222627449871966,t_plus_10h,aus,KXHIGHAUS-26JUL12,0.2587817278259301,1.1647657649165803,2.3321438952355904,0.0,0.09708737864077667,1.2469920394153,2.5909256230615205,0.0,0.07495063193399616,aus|t_plus_10h|bounded,2026-07-12T16:00:00+00:00,2026-07-12,bounded,0.0,bounded,-0.022136746706780508,KXHIGHAUS-26JUL12-B96.5
0.0841522677643094,t_plus_11h,aus,KXHIGHAUS-26JUL12,0.1648932216255803,1.1621264963710058,2.3321438952355904,0.0,0.09708737864077667,1.2462787641353152,2.4970371168611707,0.0,0.0823285675372012,aus|t_plus_11h|bounded,2026-07-12T17:00:00+00:00,2026-07-12,bounded,0.0,bounded,-0.014758811103575464,KXHIGHAUS-26JUL12-B96.5
0.06682966867158391,t_plus_12h,aus,KXHIGHAUS-26JUL12,0.05946972511384985,1.2561299725651578,2.6672282065819557,0.0,0.06944444444444438,1.3229596412367417,2.7266979316958055,0.0,0.06543500417337164,aus|t_plus_12h|bounded,2026-07-12T18:00:00+00:00,2026-07-12,bounded,0.0,bounded,-0.004009440271072737,KXHIGHAUS-26JUL12-B96.5
0.08272204913417891,t_plus_13h,aus,KXHIGHAUS-26JUL12,0.5599248311875544,1.337976148095408,2.9586910018736425,0.0,0.05188679245283016,1.420698197229587,3.518615833061197,0.0,0.029640434095592885,aus|t_plus_13h|bounded,2026-07-12T19:00:00+00:00,2026-07-12,bounded,0.0,bounded,-0.02224635835723728,KXHIGHAUS-26JUL12-B96.5
-0.051438608571484634,t_plus_14h,aus,KXHIGHAUS-26JUL12,0.15168215201135427,1.3737778767852276,2.045208370037592,0.0,0.129353233830846,1.322339268213743,2.196890522048946,0.0,0.11114823456555048,aus|t_plus_14h|bounded,2026-07-12T20:00:00+00:00,2026-07-12,bounded,0.0,bounded,-0.018204999265295507,KXHIGHAUS-26JUL12-B96.5
-0.03784721308190875,t_plus_15h,aus,KXHIGHAUS-26JUL12,0.02052555600514472,1.4768121406353083,2.0320393027852486,0.0,0.13106796116504899,1.4389649275533996,2.0525648587903933,0.0,0.1284051398182374,aus|t_plus_15h|bounded,2026-07-12T21:00:00+00:00,2026-07-12,bounded,0.0,bounded,-0.002662821346811589,KXHIGHAUS-26JUL12-B96.5
0.002122041774730755,t_plus_16h,aus,KXHIGHAUS-26JUL12,0.025082664982939366,0.0007208765859284905,0.02481516911972402,1.0,0.9754901960784313,0.0028429183606592454,0.04989783410266339,1.0,0.951326612673015,aus|t_plus_16h|bounded,2026-07-12T22:00:00+00:00,2026-07-12,bounded,0.0,bounded,-0.024163583405416356,KXHIGHAUS-26JUL12-B96.5
0.002122041774730755,t_plus_17h,aus,KXHIGHAUS-26JUL12,0.025082664982939366,0.0007208765859284905,0.02481516911972402,1.0,0.9754901960784313,0.0028429183606592454,0.04989783410266339,1.0,0.951326612673015,aus|t_plus_17h|bounded,2026-07-12T23:00:00+00:00,2026-07-12,bounded,0.0,bounded,-0.024163583405416356,KXHIGHAUS-26JUL12-B96.5
0.002122041774730755,t_plus_18h,aus,KXHIGHAUS-26JUL12,0.025082664982939366,0.0007208765859284905,0.02481516911972402,1.0,0.9754901960784313,0.0028429183606592454,0.04989783410266339,1.0,0.951326612673015,aus|t_plus_18h|bounded,2026-07-13T00:00:00+00:00,2026-07-12,bounded,0.0,bounded,-0.024163583405416356,KXHIGHAUS-26JUL12-B96.5
0.002122041774730755,t_plus_19h,aus,KXHIGHAUS-26JUL12,0.025082664982939366,0.0007208765859284905,0.02481516911972402,1.0,0.9754901960784313,0.0028429183606592454,0.04989783410266339,1.0,0.951326612673015,aus|t_plus_19h|bounded,2026-07-13T01:00:00+00:00,2026-07-12,bounded,0.0,bounded,-0.024163583405416356,KXHIGHAUS-26JUL12-B96.5
0.002122041774730755,t_plus_20h,aus,KXHIGHAUS-26JUL12,0.025082664982939366,0.0007208765859284905,0.02481516911972402,1.0,0.9754901960784313,0.0028429183606592454,0.04989783410266339,1.0,0.951326612673015,aus|t_plus_20h|bounded,2026-07-13T02:00:00+00:00,2026-07-12,bounded,0.0,bounded,-0.024163583405416356,KXHIGHAUS-26JUL12-B96.5
0.002122041774730755,t_plus_21h,aus,KXHIGHAUS-26JUL12,0.025082664982939366,0.0007208765859284905,0.02481516911972402,1.0,0.9754901960784313,0.0028429183606592454,0.04989783410266339,1.0,0.951326612673015,aus|t_plus_21h|bounded,2026-07-13T03:00:00+00:00,2026-07-12,bounded,0.0,bounded,-0.024163583405416356,KXHIGHAUS-26JUL12-B96.5
0.002122041774730755,t_plus_22h,aus,KXHIGHAUS-26JUL12,0.025082664982939366,0.0007208765859284905,0.02481516911972402,1.0,0.9754901960784313,0.0028429183606592454,0.04989783410266339,1.0,0.951326612673015,aus|t_plus_22h|bounded,2026-07-13T04:00:00+00:00,2026-07-12,bounded,0.0,bounded,-0.024163583405416356,KXHIGHAUS-26JUL12-B96.5
0.002122041774730755,t_plus_23h,aus,KXHIGHAUS-26JUL12,0.025082664982939366,0.0007208765859284905,0.02481516911972402,1.0,0.9754901960784313,0.0028429183606592454,0.04989783410266339,1.0,0.951326612673015,aus|t_plus_23h|bounded,2026-07-13T05:00:00+00:00,2026-07-12,bounded,0.0,bounded,-0.024163583405416356,KXHIGHAUS-26JUL12-B96.5
0.026378415787335407,t_plus_0h,den,KXHIGHDEN-26JUL12,-0.05708216664068988,0.4360330578512397,0.8189165678489788,1.0,0.44090909090909086,0.4624114736385751,0.7618344012082889,1.0,0.46680932552547294,den|t_plus_0h|bounded,2026-07-12T07:00:00+00:00,2026-07-12,bounded,0.0,bounded,0.02590023461638208,KXHIGHDEN-26JUL12-B94.5
0.046900183689619235,t_plus_1h,den,KXHIGHDEN-26JUL12,-0.019387362473554992,0.40395002974420013,0.7691330875378677,1.0,0.4634146341463413,0.45085021343381937,0.7497457250643127,1.0,0.47248667898773333,den|t_plus_1h|bounded,2026-07-12T08:00:00+00:00,2026-07-12,bounded,0.0,bounded,0.009072044841392013,KXHIGHDEN-26JUL12-B94.5
0.18591793254240258,t_plus_2h,den,KXHIGHDEN-26JUL12,0.22343626115566517,0.3276651568030496,0.6589140089177034,1.0,0.517412935323383,0.5135830893454522,0.8823502700733685,1.0,0.4138092045029437,den|t_plus_2h|bounded,2026-07-12T09:00:00+00:00,2026-07-12,bounded,0.0,bounded,-0.10360373082043928,KXHIGHDEN-26JUL12-B94.5
0.23613263356973624,t_plus_3h,den,KXHIGHDEN-26JUL12,0.2176896388295959,0.3030608273620107,0.6238353806697162,1.0,0.535885167464115,0.5391934609317469,0.8415250194993121,0.0,0.4310526582189277,den|t_plus_3h|bounded,2026-07-12T10:00:00+00:00,2026-07-12,bounded,-1.0,bounded,-0.10483250924518728,KXHIGHDEN-26JUL12-B94.5
0.1419048471475587,t_plus_4h,den,KXHIGHDEN-26JUL12,0.11750729759136036,0.3089453662862607,0.6322384274729523,1.0,0.5314009661835751,0.45085021343381937,0.7497457250643127,1.0,0.47248667898773333,den|t_plus_4h|bounded,2026-07-12T11:00:00+00:00,2026-07-12,bounded,0.0,bounded,-0.0589142871958418,KXHIGHDEN-26JUL12-B94.5
0.0856890389715449,t_plus_5h,den,KXHIGHDEN-26JUL12,0.027638368860763873,0.35878299489480525,0.707605263735175,1.0,0.49282296650717716,0.44447203386635015,0.7352436325959388,1.0,0.4793886500449664,den|t_plus_5h|bounded,2026-07-12T12:00:00+00:00,2026-07-12,bounded,0.0,bounded,-0.013434316462210771,KXHIGHDEN-26JUL12-B94.5
0.11877410094067747,t_plus_6h,den,KXHIGHDEN-26JUL12,0.06391966280484274,0.3293038408779148,0.6567795363890703,1.0,0.5185185185185186,0.4480779418185923,0.720699199193913,1.0,0.4864120381288462,den|t_plus_6h|bounded,2026-07-12T13:00:00+00:00,2026-07-12,bounded,0.0,bounded,-0.0321064803896724,KXHIGHDEN-26JUL12-B94.5
0.13672310396277526,t_plus_7h,den,KXHIGHDEN-26JUL12,0.09274123442443494,0.3076923076923075,0.6101502609889771,1.0,0.543269230769231,0.44441541165508275,0.702891495413412,1.0,0.4951515035754727,den|t_plus_7h|bounded,2026-07-12T14:00:00+00:00,2026-07-12,bounded,0.0,bounded,-0.04811772719375823,KXHIGHDEN-26JUL12-B94.5
0.060316405337525414,t_plus_8h,den,KXHIGHDEN-26JUL12,0.01052268939465173,0.39406122953213085,0.7171291452464309,1.0,0.48815165876777245,0.45437763486965627,0.7276518346410826,1.0,0.4830419217217179,den|t_plus_8h|bounded,2026-07-12T15:00:00+00:00,2026-07-12,bounded,0.0,bounded,-0.005109737046054552,KXHIGHDEN-26JUL12-B94.5
0.06465505017139617,t_plus_9h,den,KXHIGHDEN-26JUL12,0.02502142047068412,0.39362980769230776,0.7224175628600583,1.0,0.4855769230769232,0.45828485786370393,0.7474389833307424,1.0,0.47357784176021817,den|t_plus_9h|bounded,2026-07-12T16:00:00+00:00,2026-07-12,bounded,0.0,bounded,-0.011999081316705018,KXHIGHDEN-26JUL12-B94.5
0.12353065418556869,t_plus_10h,den,KXHIGHDEN-26JUL12,0.08743471233219136,0.3216326530612249,0.5935173396111045,1.0,0.5523809523809521,0.4451633072467936,0.6809520519432959,1.0,0.5061348962002112,den|t_plus_10h|bounded,2026-07-12T17:00:00+00:00,2026-07-12,bounded,0.0,bounded,-0.04624605618074085,KXHIGHDEN-26JUL12-B94.5
0.11160042575670381,t_plus_11h,den,KXHIGHDEN-26JUL12,0.06704654706506996,0.32830719307733874,0.6084640933299063,1.0,0.5441860465116282,0.43990761883404256,0.6755106403949762,1.0,0.5088964911427158,den|t_plus_11h|bounded,2026-07-12T18:00:00+00:00,2026-07-12,bounded,0.0,bounded,-0.03528955536891232,KXHIGHDEN-26JUL12-B94.5
0.09382922223329909,t_plus_12h,den,KXHIGHDEN-26JUL12,0.0657204722339485,0.37225651577503466,0.6747980418917491,1.0,0.5092592592592591,0.46608573800833375,0.7405185141256976,1.0,0.47686658934286963,den|t_plus_12h|bounded,2026-07-12T19:00:00+00:00,2026-07-12,bounded,0.0,bounded,-0.03239266991638945,KXHIGHDEN-26JUL12-B94.5
-0.11573562580715802,t_plus_13h,den,KXHIGHDEN-26JUL12,-0.15245626908597998,0.5867792727027695,0.8409986269592166,0.0,0.4312796208530805,0.4710436468956115,0.6885423578732366,1.0,0.5023077205875963,den|t_plus_13h|bounded,2026-07-12T20:00:00+00:00,2026-07-12,bounded,1.0,bounded,0.07102809973451579,KXHIGHDEN-26JUL12-B94.5
0.12829107189726985,t_plus_14h,den,KXHIGHDEN-26JUL12,0.11380750402711515,0.32215000000000005,0.5533852381847867,1.0,0.575,0.4504410718972699,0.6671927422119018,1.0,0.5131470938748075,den|t_plus_14h|bounded,2026-07-12T21:00:00+00:00,2026-07-12,bounded,0.0,bounded,-0.06185290612519245,KXHIGHDEN-26JUL12-B94.5
0.18742647798944412,t_plus_15h,den,KXHIGHDEN-26JUL12,0.1985323241124347,0.1746440737182286,0.37554342824311515,1.0,0.6869158878504673,0.3620705517076727,0.5740757523555499,1.0,0.5632251878712664,den|t_plus_15h|bounded,2026-07-12T22:00:00+00:00,2026-07-12,bounded,0.0,bounded,-0.1236906999792009,KXHIGHDEN-26JUL12-B94.5
0.01934207673044032,t_plus_16h,den,KXHIGHDEN-26JUL12,0.06904742178417861,0.007279963114853558,0.0714589639821451,1.0,0.9310344827586206,0.026622039845293877,0.1405063857663237,1.0,0.8689181162070155,den|t_plus_16h|bounded,2026-07-12T23:00:00+00:00,2026-07-12,bounded,0.0,bounded,-0.06211636655160502,KXHIGHDEN-26JUL12-B94.5
0.009251711016623112,t_plus_17h,den,KXHIGHDEN-26JUL12,0.029390556881477944,0.01189237401516276,0.09669362480247097,1.0,0.9078341013824885,0.021144085031785873,0.12608418168394891,1.0,0.8815406340847383,den|t_plus_17h|bounded,2026-07-13T00:00:00+00:00,2026-07-12,bounded,0.0,bounded,-0.026293467297750284,KXHIGHDEN-26JUL12-B94.5
0.008800855073003466,t_plus_18h,den,KXHIGHDEN-26JUL12,0.027482204879409333,0.012343229958782407,0.09860197680453958,1.0,0.9061032863849765,0.021144085031785873,0.12608418168394891,1.0,0.8815406340847383,den|t_plus_18h|bounded,2026-07-13T01:00:00+00:00,2026-07-12,bounded,0.0,bounded,-0.02456265230023824,KXHIGHDEN-26JUL12-B94.5
0.00188046159210564,t_plus_19h,den,KXHIGHDEN-26JUL12,0.016535047643058756,0.0024507493637477584,0.04467244005159255,1.0,0.9563106796116505,0.0043312109558533984,0.06120748769465131,1.0,0.9406280507812718,den|t_plus_19h|bounded,2026-07-13T02:00:00+00:00,2026-07-12,bounded,0.0,bounded,-0.015682628830378742,KXHIGHDEN-26JUL12-B94.5
0.002292821283694409,t_plus_20h,den,KXHIGHDEN-26JUL12,0.021001067216610825,0.0020383896721589893,0.04020642047804048,1.0,0.9605911330049262,0.0043312109558533984,0.06120748769465131,1.0,0.9406280507812718,den|t_plus_20h|bounded,2026-07-13T03:00:00+00:00,2026-07-12,bounded,0.0,bounded,-0.019963082223654394,KXHIGHDEN-26JUL12-B94.5
0.0009671202215204427,t_plus_21h,den,KXHIGHDEN-26JUL12,0.010945652913762878,0.0033640907343329557,0.05026183478088843,1.0,0.9509803921568626,0.0043312109558533984,0.06120748769465131,1.0,0.9406280507812718,den|t_plus_21h|bounded,2026-07-13T04:00:00+00:00,2026-07-12,bounded,0.0,bounded,-0.010352341375590823,KXHIGHDEN-26JUL12-B94.5
0.0022725892520988615,t_plus_22h,den,KXHIGHDEN-26JUL12,0.02079794935677464,0.002058621703754537,0.040409538337876666,1.0,0.9603960396039604,0.0043312109558533984,0.06120748769465131,1.0,0.9406280507812718,den|t_plus_22h|bounded,2026-07-13T05:00:00+00:00,2026-07-12,bounded,0.0,bounded,-0.019767988822688598,KXHIGHDEN-26JUL12-B94.5
0.0009998605691788078,t_plus_23h,den,KXHIGHDEN-26JUL12,0.011197067119990002,0.0033313503866745906,0.050010420574661305,1.0,0.951219512195122,0.0043312109558533984,0.06120748769465131,1.0,0.9406280507812718,den|t_plus_23h|bounded,2026-07-13T06:00:00+00:00,2026-07-12,bounded,0.0,bounded,-0.010591461413850256,KXHIGHDEN-26JUL12-B94.5
0.20556594687411778,t_plus_0h,la,KXHIGHLAX-26JUL12,0.2162414357061493,0.33188832236472676,0.6790292990141603,1.0,0.5071090047393365,0.5374542692388445,0.8952707347203096,0.0,0.4084969893504773,la|t_plus_0h|bounded,2026-07-12T08:00:00+00:00,2026-07-12,bounded,-1.0,bounded,-0.09861201538885922,KXHIGHLAX-26JUL12-B76.5
0.05287812617859361,t_plus_1h,la,KXHIGHLAX-26JUL12,0.05567192487924122,0.4065887454048445,0.7952766756363249,1.0,0.4514563106796118,0.45946687158343813,0.8509486005155661,1.0,0.42700967816628166,la|t_plus_1h|bounded,2026-07-12T09:00:00+00:00,2026-07-12,bounded,0.0,bounded,-0.024446632513330124,KXHIGHLAX-26JUL12-B76.5
-0.0447650321482812,t_plus_2h,la,KXHIGHLAX-26JUL12,-0.1337821616738588,0.47379355687048025,0.8785504038913087,1.0,0.41538461538461513,0.42902852472219905,0.7447682422174499,1.0,0.47484433605893794,la|t_plus_2h|bounded,2026-07-12T10:00:00+00:00,2026-07-12,bounded,0.0,bounded,0.059459720674322813,KXHIGHLAX-26JUL12-B76.5
0.001109507084076089,t_plus_3h,la,KXHIGHLAX-26JUL12,-0.07712246790064414,0.41296007524566186,0.7707054149058192,1.0,0.4626865671641794,0.41406958232973795,0.6935829470051751,1.0,0.49978216424358884,la|t_plus_3h|bounded,2026-07-12T11:00:00+00:00,2026-07-12,bounded,0.0,bounded,0.03709559707940946,KXHIGHLAX-26JUL12-B76.5
-0.014118640395815008,t_plus_4h,la,KXHIGHLAX-26JUL12,-0.09320093071551339,0.45549999999999996,0.8096809968158968,1.0,0.445,0.44138135960418495,0.7164800661003834,1.0,0.48846861068189823,la|t_plus_4h|bounded,2026-07-12T12:00:00+00:00,2026-07-12,bounded,0.0,bounded,0.04346861068189822,KXHIGHLAX-26JUL12-B76.5
-0.11387224629341824,t_plus_5h,la,KXHIGHLAX-26JUL12,-0.18168919424756447,0.5299868815128339,0.8844643002624779,1.0,0.41293532338308453,0.41611463521941566,0.7027751060149134,1.0,0.49520913731505256,la|t_plus_5h|bounded,2026-07-12T13:00:00+00:00,2026-07-12,bounded,0.0,bounded,0.08227381393196803,KXHIGHLAX-26JUL12-B76.5
-0.2947083505314121,t_plus_6h,la,KXHIGHLAX-26JUL12,-0.489633133367801,0.7299283441313157,1.2314603877914996,0.0,0.291866028708134,0.4352199935999036,0.7418272544236986,1.0,0.4762429030313518,la|t_plus_6h|bounded,2026-07-12T14:00:00+00:00,2026-07-12,bounded,1.0,bounded,0.1843768743232178,KXHIGHLAX-26JUL12-B76.5
-0.34004834273750695,t_plus_7h,la,KXHIGHLAX-26JUL12,-0.555783078940835,0.7780186633990002,1.3025244780544307,0.0,0.2718446601941751,0.4379703206614932,0.7467413991135957,1.0,0.47390831744212897,la|t_plus_7h|bounded,2026-07-12T15:00:00+00:00,2026-07-12,bounded,1.0,bounded,0.2020636572479539,KXHIGHLAX-26JUL12-B76.5
-0.36340048160577865,t_plus_8h,la,KXHIGHLAX-26JUL12,-0.5622164746014154,0.8029030339083871,1.3340259325741326,0.0,0.26341463414634175,0.4395025523026085,0.7718094579727172,1.0,0.46217602315070316,la|t_plus_8h|bounded,2026-07-12T16:00:00+00:00,2026-07-12,bounded,1.0,bounded,0.1987613890043614,KXHIGHLAX-26JUL12-B76.5
0.22790930915810942,t_plus_9h,la,KXHIGHLAX-26JUL12,0.23309455982580296,0.37534800713860755,0.6882809909087719,1.0,0.5024390243902441,0.603257316296717,0.9213755507345749,0.0,0.39797123477886853,la|t_plus_9h|bounded,2026-07-12T17:00:00+00:00,2026-07-12,bounded,-1.0,bounded,-0.1044677896113756,KXHIGHLAX-26JUL12-B76.5
0.3748509715587664,t_plus_10h,la,KXHIGHLAX-26JUL12,0.4677830080265154,0.037574808716951645,0.16340610980141904,1.0,0.8492462311557788,0.412425780275718,0.6311891178279344,1.0,0.5319588629948265,la|t_plus_10h|bounded,2026-07-12T18:00:00+00:00,2026-07-12,bounded,0.0,bounded,-0.31728736816095227,KXHIGHLAX-26JUL12-B76.5
0.004408082984994687,t_plus_11h,la,KXHIGHLAX-26JUL12,0.030601886722235162,0.0024036195682910723,0.04467244005159255,1.0,0.9563106796116505,0.006811702553285759,0.07527432677382771,1.0,0.9274890163565678,la|t_plus_11h|bounded,2026-07-12T19:00:00+00:00,2026-07-12,bounded,0.0,bounded,-0.02882166325508273,KXHIGHLAX-26JUL12-B76.5
0.00441880855027697,t_plus_12h,la,KXHIGHLAX-26JUL12,0.03566712726388241,0.0014898116109188773,0.03491626510622799,1.0,0.9656862745098038,0.0059086201611958464,0.0705833923701104,1.0,0.9318500271031862,la|t_plus_12h|bounded,2026-07-12T20:00:00+00:00,2026-07-12,bounded,0.0,bounded,-0.033836247406617614,KXHIGHLAX-26JUL12-B76.5
0.004901910324967945,t_plus_13h,la,KXHIGHLAX-26JUL12,0.04419594054430738,0.0007208765859284905,0.02481516911972402,1.0,0.9754901960784313,0.005622786910896435,0.0690111096640314,1.0,0.9333163111899523,la|t_plus_13h|bounded,2026-07-12T21:00:00+00:00,2026-07-12,bounded,0.0,bounded,-0.04217388488847906,KXHIGHLAX-26JUL12-B76.5
0.004392067275625003,t_plus_14h,la,KXHIGHLAX-26JUL12,0.04126605253488273,0.0007208765859284905,0.02481516911972402,1.0,0.9754901960784313,0.0051129438615534935,0.06608122165460675,1.0,0.9360548332816166,la|t_plus_14h|bounded,2026-07-12T22:00:00+00:00,2026-07-12,bounded,0.0,bounded,-0.0394353627968147,KXHIGHLAX-26JUL12-B76.5
0.003610334369924908,t_plus_15h,la,KXHIGHLAX-26JUL12,0.036392318574927286,0.0007208765859284905,0.02481516911972402,1.0,0.9754901960784313,0.0043312109558533984,0.06120748769465131,1.0,0.9406280507812718,la|t_plus_15h|bounded,2026-07-12T23:00:00+00:00,2026-07-12,bounded,0.0,bounded,-0.034862145297159586,KXHIGHLAX-26JUL12-B76.5
0.004392067275625003,t_plus_16h,la,KXHIGHLAX-26JUL12,0.04126605253488273,0.0007208765859284905,0.02481516911972402,1.0,0.9754901960784313,0.0051129438615534935,0.06608122165460675,1.0,0.9360548332816166,la|t_plus_16h|bounded,2026-07-13T00:00:00+00:00,2026-07-12,bounded,0.0,bounded,-0.0394353627968147,KXHIGHLAX-26JUL12-B76.5
0.004392067275625003,t_plus_17h,la,KXHIGHLAX-26JUL12,0.04126605253488273,0.0007208765859284905,0.02481516911972402,1.0,0.9754901960784313,0.0051129438615534935,0.06608122165460675,1.0,0.9360548332816166,la|t_plus_17h|bounded,2026-07-13T01:00:00+00:00,2026-07-12,bounded,0.0,bounded,-0.0394353627968147,KXHIGHLAX-26JUL12-B76.5
0.003610334369924908,t_plus_18h,la,KXHIGHLAX-26JUL12,0.036392318574927286,0.0007208765859284905,0.02481516911972402,1.0,0.9754901960784313,0.0043312109558533984,0.06120748769465131,1.0,0.9406280507812718,la|t_plus_18h|bounded,2026-07-13T02:00:00+00:00,2026-07-12,bounded,0.0,bounded,-0.034862145297159586,KXHIGHLAX-26JUL12-B76.5
0.003610334369924908,t_plus_19h,la,KXHIGHLAX-26JUL12,0.036392318574927286,0.0007208765859284905,0.02481516911972402,1.0,0.9754901960784313,0.0043312109558533984,0.06120748769465131,1.0,0.9406280507812718,la|t_plus_19h|bounded,2026-07-13T03:00:00+00:00,2026-07-12,bounded,0.0,bounded,-0.034862145297159586,KXHIGHLAX-26JUL12-B76.5
0.003610334369924908,t_plus_20h,la,KXHIGHLAX-26JUL12,0.036392318574927286,0.0007208765859284905,0.02481516911972402,1.0,0.9754901960784313,0.0043312109558533984,0.06120748769465131,1.0,0.9406280507812718,la|t_plus_20h|bounded,2026-07-13T04:00:00+00:00,2026-07-12,bounded,0.0,bounded,-0.034862145297159586,KXHIGHLAX-26JUL12-B76.5
0.003610334369924908,t_plus_21h,la,KXHIGHLAX-26JUL12,0.036392318574927286,0.0007208765859284905,0.02481516911972402,1.0,0.9754901960784313,0.0043312109558533984,0.06120748769465131,1.0,0.9406280507812718,la|t_plus_21h|bounded,2026-07-13T05:00:00+00:00,2026-07-12,bounded,0.0,bounded,-0.034862145297159586,KXHIGHLAX-26JUL12-B76.5
0.003610334369924908,t_plus_22h,la,KXHIGHLAX-26JUL12,0.036392318574927286,0.0007208765859284905,0.02481516911972402,1.0,0.9754901960784313,0.0043312109558533984,0.06120748769465131,1.0,0.9406280507812718,la|t_plus_22h|bounded,2026-07-13T06:00:00+00:00,2026-07-12,bounded,0.0,bounded,-0.034862145297159586,KXHIGHLAX-26JUL12-B76.5
0.003610334369924908,t_plus_23h,la,KXHIGHLAX-26JUL12,0.036392318574927286,0.0007208765859284905,0.02481516911972402,1.0,0.9754901960784313,0.0043312109558533984,0.06120748769465131,1.0,0.9406280507812718,la|t_plus_23h|bounded,2026-07-13T07:00:00+00:00,2026-07-12,bounded,0.0,bounded,-0.034862145297159586,KXHIGHLAX-26JUL12-B76.5
0.20245265017906366,t_plus_0h,mia,KXHIGHMIA-26JUL12,0.19060128953130107,0.4842915628337485,0.7818752961686296,1.0,0.45754716981132076,0.6867442130128122,0.9724765856999307,0.0,0.3781453680615189,mia|t_plus_0h|bounded,2026-07-12T05:00:00+00:00,2026-07-12,bounded,-1.0,bounded,-0.07940180174980188,KXHIGHMIA-26JUL12-B94.5
0.22014840739868213,t_plus_1h,mia,KXHIGHMIA-26JUL12,0.1895530574318801,0.5552986424303475,0.8649974374866048,0.0,0.42105263157894723,0.7754470498290297,1.054550494918485,0.0,0.3483489767538669,mia|t_plus_1h|bounded,2026-07-12T06:00:00+00:00,2026-07-12,bounded,0.0,bounded,-0.07270365482508034,KXHIGHMIA-26JUL12-B94.5
0.24327607872515755,t_plus_2h,mia,KXHIGHMIA-26JUL12,0.22227447136450307,0.5639002267573693,0.8697707162392618,0.0,0.4190476190476192,0.8071763054825268,1.092045187603765,0.0,0.33552957058438837,mia|t_plus_2h|bounded,2026-07-12T07:00:00+00:00,2026-07-12,bounded,0.0,bounded,-0.08351804846323085,KXHIGHMIA-26JUL12-B94.5
0.3532274037057989,t_plus_3h,mia,KXHIGHMIA-26JUL12,0.3446629029651005,0.45387290251814566,0.7477513145947976,1.0,0.473429951690821,0.8071003062239446,1.092414217559898,0.0,0.33540577296559404,mia|t_plus_3h|bounded,2026-07-12T08:00:00+00:00,2026-07-12,bounded,-1.0,bounded,-0.138024178725227,KXHIGHMIA-26JUL12-B94.5
0.41682868835581954,t_plus_4h,mia,KXHIGHMIA-26JUL12,0.4652706117059394,0.4305497709287802,0.745515166077262,1.0,0.47448979591836704,0.8473784592845998,1.2107857777832014,0.0,0.2979630546690587,mia|t_plus_4h|bounded,2026-07-12T09:00:00+00:00,2026-07-12,bounded,-1.0,bounded,-0.17652674124930834,KXHIGHMIA-26JUL12-B94.5
0.24219506345556757,t_plus_5h,mia,KXHIGHMIA-26JUL12,0.19857823410510445,0.44803994082840265,0.7525706010307464,1.0,0.47115384615384603,0.6902350042839702,0.9511488351358508,0.0,0.38629697689526493,mia|t_plus_5h|bounded,2026-07-12T10:00:00+00:00,2026-07-12,bounded,-1.0,bounded,-0.0848568692585811,KXHIGHMIA-26JUL12-B94.5
0.35500537686633504,t_plus_6h,mia,KXHIGHMIA-26JUL12,0.34857453625351653,0.4543672189001082,0.7335567188978226,1.0,0.4801980198019799,0.8093725957664433,1.0821312551513391,0.0,0.3388725316475455,mia|t_plus_6h|bounded,2026-07-12T11:00:00+00:00,2026-07-12,bounded,-1.0,bounded,-0.1413254881544344,KXHIGHMIA-26JUL12-B94.5
0.31764237231135384,t_plus_7h,mia,KXHIGHMIA-26JUL12,0.30865437918427874,0.2225727389647888,0.4690188925831955,1.0,0.6256157635467984,0.5402151112761426,0.7776732717674743,0.0,0.4594738393047254,mia|t_plus_7h|bounded,2026-07-12T12:00:00+00:00,2026-07-12,bounded,-1.0,bounded,-0.16614192424207297,KXHIGHMIA-26JUL12-B94.5
0.2654217841355161,t_plus_8h,mia,KXHIGHMIA-26JUL12,0.2492103942295814,0.22174999999999997,0.4541302800894454,1.0,0.635,0.48717178413551604,0.7033406743190268,1.0,0.4949291419088069,mia|t_plus_8h|bounded,2026-07-12T13:00:00+00:00,2026-07-12,bounded,0.0,bounded,-0.14007085809119313,KXHIGHMIA-26JUL12-B94.5
0.19564847086626258,t_plus_9h,mia,KXHIGHMIA-26JUL12,0.17368137558019847,0.49810648251280953,0.7494280164585354,1.0,0.4726368159203978,0.6937549533790721,0.9231093920387339,0.0,0.3972818136602593,mia|t_plus_9h|bounded,2026-07-12T14:00:00+00:00,2026-07-12,bounded,-1.0,bounded,-0.07535500226013853,KXHIGHMIA-26JUL12-B94.5
0.12779444366585158,t_plus_10h,mia,KXHIGHMIA-26JUL12,0.10229081112028204,0.5635332564398312,0.8183103235139516,0.0,0.44117647058823517,0.6913277001056828,0.9206011346342337,0.0,0.39827954947707855,mia|t_plus_10h|bounded,2026-07-12T15:00:00+00:00,2026-07-12,bounded,0.0,bounded,-0.042896921111156616,KXHIGHMIA-26JUL12-B94.5
0.32221630097875503,t_plus_11h,mia,KXHIGHMIA-26JUL12,0.3153844823820572,0.49338300166650323,0.7439195059333684,1.0,0.4752475247524753,0.8155993026452583,1.0593039883154256,0.0,0.3466970315588948,mia|t_plus_11h|bounded,2026-07-12T16:00:00+00:00,2026-07-12,bounded,-1.0,bounded,-0.12855049319358047,KXHIGHMIA-26JUL12-B94.5
0.21696923607203916,t_plus_12h,mia,KXHIGHMIA-26JUL12,0.21531278452200114,0.2808464511264024,0.49956243148728025,1.0,0.6067961165048542,0.49781568719844155,0.7148752160092814,1.0,0.489253158949044,mia|t_plus_12h|bounded,2026-07-12T17:00:00+00:00,2026-07-12,bounded,0.0,bounded,-0.11754295755581023,KXHIGHMIA-26JUL12-B94.5
0.002164474488772552,t_plus_13h,mia,KXHIGHMIA-26JUL12,0.017940666448805077,0.003535264261003508,0.05155780966485001,1.0,0.949748743718593,0.00569973874977606,0.06949847611365509,1.0,0.9328615549584581,mia|t_plus_13h|bounded,2026-07-12T18:00:00+00:00,2026-07-12,bounded,0.0,bounded,-0.01688718876013484,KXHIGHMIA-26JUL12-B94.5
0.004447903524847315,t_plus_14h,mia,KXHIGHMIA-26JUL12,0.04148460927090045,0.0007352220370551917,0.025063968663216276,1.0,0.9752475247524752,0.005183125561902507,0.06654857793411673,1.0,0.935617464388827,mia|t_plus_14h|bounded,2026-07-12T19:00:00+00:00,2026-07-12,bounded,0.0,bounded,-0.039630060363648245,KXHIGHMIA-26JUL12-B94.5
0.004462248975974017,t_plus_15h,mia,KXHIGHMIA-26JUL12,0.041733408814392706,0.0007208765859284905,0.02481516911972402,1.0,0.9754901960784313,0.005183125561902507,0.06654857793411673,1.0,0.935617464388827,mia|t_plus_15h|bounded,2026-07-12T20:00:00+00:00,2026-07-12,bounded,0.0,bounded,-0.03987273168960437,KXHIGHMIA-26JUL12-B94.5
0.003610334369924908,t_plus_16h,mia,KXHIGHMIA-26JUL12,0.036392318574927286,0.0007208765859284905,0.02481516911972402,1.0,0.9754901960784313,0.0043312109558533984,0.06120748769465131,1.0,0.9406280507812718,mia|t_plus_16h|bounded,2026-07-12T21:00:00+00:00,2026-07-12,bounded,0.0,bounded,-0.034862145297159586,KXHIGHMIA-26JUL12-B94.5
0.003610334369924908,t_plus_17h,mia,KXHIGHMIA-26JUL12,0.036392318574927286,0.0007208765859284905,0.02481516911972402,1.0,0.9754901960784313,0.0043312109558533984,0.06120748769465131,1.0,0.9406280507812718,mia|t_plus_17h|bounded,2026-07-12T22:00:00+00:00,2026-07-12,bounded,0.0,bounded,-0.034862145297159586,KXHIGHMIA-26JUL12-B94.5
0.003610334369924908,t_plus_18h,mia,KXHIGHMIA-26JUL12,0.036392318574927286,0.0007208765859284905,0.02481516911972402,1.0,0.9754901960784313,0.0043312109558533984,0.06120748769465131,1.0,0.9406280507812718,mia|t_plus_18h|bounded,2026-07-12T23:00:00+00:00,2026-07-12,bounded,0.0,bounded,-0.034862145297159586,KXHIGHMIA-26JUL12-B94.5
0.003610334369924908,t_plus_19h,mia,KXHIGHMIA-26JUL12,0.036392318574927286,0.0007208765859284905,0.02481516911972402,1.0,0.9754901960784313,0.0043312109558533984,0.06120748769465131,1.0,0.9406280507812718,mia|t_plus_19h|bounded,2026-07-13T00:00:00+00:00,2026-07-12,bounded,0.0,bounded,-0.034862145297159586,KXHIGHMIA-26JUL12-B94.5
0.003610334369924908,t_plus_20h,mia,KXHIGHMIA-26JUL12,0.036392318574927286,0.0007208765859284905,0.02481516911972402,1.0,0.9754901960784313,0.0043312109558533984,0.06120748769465131,1.0,0.9406280507812718,mia|t_plus_20h|bounded,2026-07-13T01:00:00+00:00,2026-07-12,bounded,0.0,bounded,-0.034862145297159586,KXHIGHMIA-26JUL12-B94.5
0.003610334369924908,t_plus_21h,mia,KXHIGHMIA-26JUL12,0.036392318574927286,0.0007208765859284905,0.02481516911972402,1.0,0.9754901960784313,0.0043312109558533984,0.06120748769465131,1.0,0.9406280507812718,mia|t_plus_21h|bounded,2026-07-13T02:00:00+00:00,2026-07-12,bounded,0.0,bounded,-0.034862145297159586,KXHIGHMIA-26JUL12-B94.5
0.003610334369924908,t_plus_22h,mia,KXHIGHMIA-26JUL12,0.036392318574927286,0.0007208765859284905,0.02481516911972402,1.0,0.9754901960784313,0.0043312109558533984,0.06120748769465131,1.0,0.9406280507812718,mia|t_plus_22h|bounded,2026-07-13T03:00:00+00:00,2026-07-12,bounded,0.0,bounded,-0.034862145297159586,KXHIGHMIA-26JUL12-B94.5
0.003610334369924908,t_plus_23h,mia,KXHIGHMIA-26JUL12,0.036392318574927286,0.0007208765859284905,0.02481516911972402,1.0,0.9754901960784313,0.0043312109558533984,0.06120748769465131,1.0,0.9406280507812718,mia|t_plus_23h|bounded,2026-07-13T04:00:00+00:00,2026-07-12,bounded,0.0,bounded,-0.034862145297159586,KXHIGHMIA-26JUL12-B94.5
-0.07627467316033176,t_plus_0h,nyc,KXHIGHNY-26JUL12,-0.15124015830006077,0.6520407201432747,1.0374167276411903,0.0,0.35436893203883485,0.575766046982943,0.8861765693411295,0.0,0.41222887198741454,nyc|t_plus_0h|bounded,2026-07-12T05:00:00+00:00,2026-07-12,bounded,0.0,bounded,0.057859939948579686,KXHIGHNY-26JUL12-B84.5
-0.11443160749099879,t_plus_1h,nyc,KXHIGHNY-26JUL12,-0.20498764127939917,0.6995359904818558,1.1333552371119824,0.0,0.3219512195121952,0.585104382990857,0.9283675958325832,0.0,0.39519830747103674,nyc|t_plus_1h|bounded,2026-07-12T06:00:00+00:00,2026-07-12,bounded,0.0,bounded,0.07324708795884155,KXHIGHNY-26JUL12-B84.5
-0.06924835854402855,t_plus_2h,nyc,KXHIGHNY-26JUL12,-0.14132356599399842,0.6604105029585792,1.0890428376519576,0.0,0.336538461538462,0.5911621444145506,0.9477192716579592,0.0,0.387624081292458,nyc|t_plus_2h|bounded,2026-07-12T07:00:00+00:00,2026-07-12,bounded,0.0,bounded,0.051085619753996,KXHIGHNY-26JUL12-B84.5
0.2102863637925061,t_plus_3h,nyc,KXHIGHNY-26JUL12,0.30528305221653196,0.5955978584176082,0.9663011524488163,0.0,0.38048780487804884,0.8058842222101142,1.2715842046653483,0.0,0.2803870792291439,nyc|t_plus_3h|bounded,2026-07-12T08:00:00+00:00,2026-07-12,bounded,0.0,bounded,-0.10010072564890493,KXHIGHNY-26JUL12-B84.5
0.2040197541648192,t_plus_4h,nyc,KXHIGHNY-26JUL12,0.3015167554295902,0.5976417233560095,0.9650808960435878,0.0,0.38095238095238065,0.8016614775208287,1.266597651473178,0.0,0.281788736128027,nyc|t_plus_4h|bounded,2026-07-12T09:00:00+00:00,2026-07-12,bounded,0.0,bounded,-0.09916364482435364,KXHIGHNY-26JUL12-B84.5
0.17728854327387156,t_plus_5h,nyc,KXHIGHNY-26JUL12,0.32920210040458353,0.6644999999999999,1.0788096613719298,0.0,0.34,0.8417885432738714,1.4080117617765133,0.0,0.24462918104132042,nyc|t_plus_5h|bounded,2026-07-12T10:00:00+00:00,2026-07-12,bounded,0.0,bounded,-0.0953708189586796,KXHIGHNY-26JUL12-B84.5
0.22058515995976202,t_plus_6h,nyc,KXHIGHNY-26JUL12,0.3939568611364672,0.6212033833141094,1.014054900640046,0.0,0.36274509803921584,0.8417885432738714,1.4080117617765133,0.0,0.24462918104132042,nyc|t_plus_6h|bounded,2026-07-12T11:00:00+00:00,2026-07-12,bounded,0.0,bounded,-0.11811591699789542,KXHIGHNY-26JUL12-B84.5
0.1040178339360075,t_plus_7h,nyc,KXHIGHNY-26JUL12,0.24583982073760535,0.754170136823319,1.1958755940933161,0.0,0.30243902439024406,0.8581879707593265,1.4417154148309215,0.0,0.23652167768927976,nyc|t_plus_7h|bounded,2026-07-12T12:00:00+00:00,2026-07-12,bounded,0.0,bounded,-0.0659173467009643,KXHIGHNY-26JUL12-B84.5
0.12254745244696574,t_plus_8h,nyc,KXHIGHNY-26JUL12,0.2059936772327593,0.6827500000000001,1.0356374895067213,0.0,0.355,0.8052974524469658,1.2416311667394806,0.0,0.28891256880158733,nyc|t_plus_8h|bounded,2026-07-12T13:00:00+00:00,2026-07-12,bounded,0.0,bounded,-0.06608743119841265,KXHIGHNY-26JUL12-B84.5
0.2655684245841047,t_plus_9h,nyc,KXHIGHNY-26JUL12,0.3435322623637084,0.5509476085321169,0.8472978603872036,0.0,0.4285714285714286,0.8165160331162216,1.190830122750912,0.0,0.3039688278651044,nyc|t_plus_9h|bounded,2026-07-12T14:00:00+00:00,2026-07-12,bounded,0.0,bounded,-0.12460260070632423,KXHIGHNY-26JUL12-B84.5
0.03038074484532849,t_plus_10h,nyc,KXHIGHNY-26JUL12,0.011895643508612386,0.7687528344671201,1.0296194171811581,0.0,0.35714285714285715,0.7991335793124485,1.0415150606897705,0.0,0.3529195821212496,nyc|t_plus_10h|bounded,2026-07-12T15:00:00+00:00,2026-07-12,bounded,0.0,bounded,-0.004223275021607575,KXHIGHNY-26JUL12-B84.5
0.32803003748862003,t_plus_11h,nyc,KXHIGHNY-26JUL12,0.34747879048638775,0.36977625739645004,0.6101502609889777,1.0,0.5432692307692306,0.6978062948850701,0.9576290514753655,0.0,0.38380178234568996,nyc|t_plus_11h|bounded,2026-07-12T16:00:00+00:00,2026-07-12,bounded,-1.0,bounded,-0.15946744842354066,KXHIGHNY-26JUL12-B84.5
0.2534917825474395,t_plus_12h,nyc,KXHIGHNY-26JUL12,0.3208698051242068,0.061963117192147386,0.20501616672165288,1.0,0.8146341463414636,0.31545489973958685,0.5258859718458597,1.0,0.5910314950697103,nyc|t_plus_12h|bounded,2026-07-12T17:00:00+00:00,2026-07-12,bounded,0.0,bounded,-0.22360265127175327,KXHIGHNY-26JUL12-B84.5
0.003077952003985661,t_plus_13h,nyc,KXHIGHNY-26JUL12,0.022314583076947406,0.008328375966686511,0.07598590697792222,1.0,0.9268292682926828,0.011406327970672172,0.09830049005486963,1.0,0.9063765057035866,nyc|t_plus_13h|bounded,2026-07-12T18:00:00+00:00,2026-07-12,bounded,0.0,bounded,-0.02045276258909612,KXHIGHNY-26JUL12-B84.5
0.0027336433813217173,t_plus_14h,nyc,KXHIGHNY-26JUL12,0.02502783111714895,0.0015975675745316812,0.036179656577502356,1.0,0.9644670050761421,0.0043312109558533984,0.06120748769465131,1.0,0.9406280507812718,nyc|t_plus_14h|bounded,2026-07-12T19:00:00+00:00,2026-07-12,bounded,0.0,bounded,-0.023838954294870374,KXHIGHNY-26JUL12-B84.5
0.0043777218244983014,t_plus_15h,nyc,KXHIGHNY-26JUL12,0.041017252991390474,0.0007352220370551917,0.025063968663216276,1.0,0.9752475247524752,0.0051129438615534935,0.06608122165460675,1.0,0.9360548332816166,nyc|t_plus_15h|bounded,2026-07-12T20:00:00+00:00,2026-07-12,bounded,0.0,bounded,-0.039192691470858576,KXHIGHNY-26JUL12-B84.5
0.004392067275625003,t_plus_16h,nyc,KXHIGHNY-26JUL12,0.04126605253488273,0.0007208765859284905,0.02481516911972402,1.0,0.9754901960784313,0.0051129438615534935,0.06608122165460675,1.0,0.9360548332816166,nyc|t_plus_16h|bounded,2026-07-12T21:00:00+00:00,2026-07-12,bounded,0.0,bounded,-0.0394353627968147,KXHIGHNY-26JUL12-B84.5
0.004462248975974017,t_plus_17h,nyc,KXHIGHNY-26JUL12,0.041733408814392706,0.0007208765859284905,0.02481516911972402,1.0,0.9754901960784313,0.005183125561902507,0.06654857793411673,1.0,0.935617464388827,nyc|t_plus_17h|bounded,2026-07-12T22:00:00+00:00,2026-07-12,bounded,0.0,bounded,-0.03987273168960437,KXHIGHNY-26JUL12-B84.5
0.004462248975974017,t_plus_18h,nyc,KXHIGHNY-26JUL12,0.041733408814392706,0.0007208765859284905,0.02481516911972402,1.0,0.9754901960784313,0.005183125561902507,0.06654857793411673,1.0,0.935617464388827,nyc|t_plus_18h|bounded,2026-07-12T23:00:00+00:00,2026-07-12,bounded,0.0,bounded,-0.03987273168960437,KXHIGHNY-26JUL12-B84.5
0.004392067275625003,t_plus_19h,nyc,KXHIGHNY-26JUL12,0.04126605253488273,0.0007208765859284905,0.02481516911972402,1.0,0.9754901960784313,0.0051129438615534935,0.06608122165460675,1.0,0.9360548332816166,nyc|t_plus_19h|bounded,2026-07-13T00:00:00+00:00,2026-07-12,bounded,0.0,bounded,-0.0394353627968147,KXHIGHNY-26JUL12-B84.5
0.004462248975974017,t_plus_20h,nyc,KXHIGHNY-26JUL12,0.041733408814392706,0.0007208765859284905,0.02481516911972402,1.0,0.9754901960784313,0.005183125561902507,0.06654857793411673,1.0,0.935617464388827,nyc|t_plus_20h|bounded,2026-07-13T01:00:00+00:00,2026-07-12,bounded,0.0,bounded,-0.03987273168960437,KXHIGHNY-26JUL12-B84.5
0.004462248975974017,t_plus_21h,nyc,KXHIGHNY-26JUL12,0.041733408814392706,0.0007208765859284905,0.02481516911972402,1.0,0.9754901960784313,0.005183125561902507,0.06654857793411673,1.0,0.935617464388827,nyc|t_plus_21h|bounded,2026-07-13T02:00:00+00:00,2026-07-12,bounded,0.0,bounded,-0.03987273168960437,KXHIGHNY-26JUL12-B84.5
0.004462248975974017,t_plus_22h,nyc,KXHIGHNY-26JUL12,0.041733408814392706,0.0007208765859284905,0.02481516911972402,1.0,0.9754901960784313,0.005183125561902507,0.06654857793411673,1.0,0.935617464388827,nyc|t_plus_22h|bounded,2026-07-13T03:00:00+00:00,2026-07-12,bounded,0.0,bounded,-0.03987273168960437,KXHIGHNY-26JUL12-B84.5
0.004462248975974017,t_plus_23h,nyc,KXHIGHNY-26JUL12,0.041733408814392706,0.0007208765859284905,0.02481516911972402,1.0,0.9754901960784313,0.005183125561902507,0.06654857793411673,1.0,0.935617464388827,nyc|t_plus_23h|bounded,2026-07-13T04:00:00+00:00,2026-07-12,bounded,0.0,bounded,-0.03987273168960437,KXHIGHNY-26JUL12-B84.5
0.36365427585571897,t_plus_0h,okc,KXHIGHTOKC-26JUL12,0.48256917388791415,0.12770000000000004,0.363843433417345,1.0,0.695,0.491354275855719,0.8464126073052591,1.0,0.4289509907289019,okc|t_plus_0h|lower_tail,2026-07-12T06:00:00+00:00,2026-07-12,lower_tail,0.0,lower_tail,-0.26604900927109804,KXHIGHTOKC-26JUL12-T90
0.1783012086480631,t_plus_1h,okc,KXHIGHTOKC-26JUL12,0.21818476168802942,0.11683006535947732,0.34138625142364226,1.0,0.71078431372549,0.2951312740075404,0.5595710131116717,1.0,0.5714541576149477,okc|t_plus_1h|lower_tail,2026-07-12T07:00:00+00:00,2026-07-12,lower_tail,0.0,lower_tail,-0.13933015611054234,KXHIGHTOKC-26JUL12-T90
0.12597287539133706,t_plus_2h,okc,KXHIGHTOKC-26JUL12,0.1370923855895806,0.15031108914894126,0.3890135032161597,1.0,0.677725118483412,0.2762839645402783,0.5261058888057403,1.0,0.59090153151124,okc|t_plus_2h|lower_tail,2026-07-12T08:00:00+00:00,2026-07-12,lower_tail,0.0,lower_tail,-0.08682358697217196,KXHIGHTOKC-26JUL12-T90
0.00022838821151056898,t_plus_3h,okc,KXHIGHTOKC-26JUL12,-0.003815834095170778,0.1169387147730137,0.33838794601935224,1.0,0.7129186602870811,0.11716710298452426,0.33457211192418146,1.0,0.7156442364842134,okc|t_plus_3h|lower_tail,2026-07-12T09:00:00+00:00,2026-07-12,lower_tail,0.0,lower_tail,0.002725576197132318,KXHIGHTOKC-26JUL12-T90
-0.0027680035381257156,t_plus_4h,okc,KXHIGHTOKC-26JUL12,-0.007120735296601899,0.08381391772395233,0.2811673914305873,1.0,0.7549019607843137,0.08104591418582661,0.2740466561339854,1.0,0.7602966019332359,okc|t_plus_4h|lower_tail,2026-07-12T10:00:00+00:00,2026-07-12,lower_tail,0.0,lower_tail,0.005394641148922186,KXHIGHTOKC-26JUL12-T90
-0.0018159039395369975,t_plus_5h,okc,KXHIGHTOKC-26JUL12,-0.005225994366866937,0.08219436327646354,0.27802016154004433,1.0,0.757281553398058,0.08037845933692654,0.2727941671731774,1.0,0.7612494616326596,okc|t_plus_5h|lower_tail,2026-07-12T11:00:00+00:00,2026-07-12,lower_tail,0.0,lower_tail,0.00396790823460158,KXHIGHTOKC-26JUL12-T90
-0.021095884264859387,t_plus_6h,okc,KXHIGHTOKC-26JUL12,-0.04136806687256492,0.07205234979179066,0.25410577691817693,1.0,0.7756097560975608,0.050956465526931276,0.212737710045612,1.0,0.8083681362542509,okc|t_plus_6h|lower_tail,2026-07-12T12:00:00+00:00,2026-07-12,lower_tail,0.0,lower_tail,0.03275838015669008,KXHIGHTOKC-26JUL12-T90
-0.018551995024765493,t_plus_7h,okc,KXHIGHTOKC-26JUL12,-0.046472279611817935,0.046412721893491105,0.19004360288786487,1.0,0.826923076923077,0.02786072686872561,0.14357132327604694,1.0,0.8662590135531065,okc|t_plus_7h|lower_tail,2026-07-12T13:00:00+00:00,2026-07-12,lower_tail,0.0,lower_tail,0.039335936630029544,KXHIGHTOKC-26JUL12-T90
-0.025463529572932853,t_plus_8h,okc,KXHIGHTOKC-26JUL12,-0.03683699581659999,0.07711926466503372,0.2307097916975256,1.0,0.7939698492462312,0.05165573509210086,0.1938727958809256,1.0,0.8237626836107487,okc|t_plus_8h|lower_tail,2026-07-12T14:00:00+00:00,2026-07-12,lower_tail,0.0,lower_tail,0.029792834364517518,KXHIGHTOKC-26JUL12-T90
0.2353076201608016,t_plus_9h,okc,KXHIGHTOKC-26JUL12,0.2638252416924482,0.10548670914140369,0.28929367634612263,1.0,0.7487922705314008,0.34079432930220527,0.5531189180385708,1.0,0.5751531544772303,okc|t_plus_9h|lower_tail,2026-07-12T15:00:00+00:00,2026-07-12,lower_tail,0.0,lower_tail,-0.1736391160541706,KXHIGHTOKC-26JUL12-T90
0.34904953994291193,t_plus_10h,okc,KXHIGHTOKC-26JUL12,0.4349757355254228,0.04364966889123672,0.17121594038144558,1.0,0.8426395939086292,0.39269920883414866,0.6061916759068684,1.0,0.5454240704859693,okc|t_plus_10h|lower_tail,2026-07-12T16:00:00+00:00,2026-07-12,lower_tail,0.0,lower_tail,-0.2972155234226599,KXHIGHTOKC-26JUL12-T90
0.33029080995859234,t_plus_11h,okc,KXHIGHTOKC-26JUL12,0.40176856569039154,0.060337221840995735,0.20232222350062368,1.0,0.8168316831683172,0.39062803179958805,0.6040907891910152,1.0,0.5465711491894575,okc|t_plus_11h|lower_tail,2026-07-12T17:00:00+00:00,2026-07-12,lower_tail,0.0,lower_tail,-0.27026053397885974,KXHIGHTOKC-26JUL12-T90
0.08467342704214018,t_plus_12h,okc,KXHIGHTOKC-26JUL12,0.13873509641881587,0.04647251057285658,0.17645643734155653,1.0,0.8382352941176471,0.13114593761499677,0.3151915337603724,1.0,0.7296491084470541,okc|t_plus_12h|lower_tail,2026-07-12T18:00:00+00:00,2026-07-12,lower_tail,0.0,lower_tail,-0.10858618567059297,KXHIGHTOKC-26JUL12-T90
0.03959564521203182,t_plus_13h,okc,KXHIGHTOKC-26JUL12,0.07974074315365018,0.036750000000000005,0.15665381004537685,1.0,0.855,0.07634564521203183,0.23639455319902702,1.0,0.7894691249067469,okc|t_plus_13h|lower_tail,2026-07-12T19:00:00+00:00,2026-07-12,lower_tail,0.0,lower_tail,-0.06553087509325306,KXHIGHTOKC-26JUL12-T90
0.02182469307481854,t_plus_14h,okc,KXHIGHTOKC-26JUL12,0.06210243836102776,0.01600477430555554,0.10420377753000253,1.0,0.9010416666666667,0.03782946738037408,0.16630621589103028,1.0,0.8467868948809887,okc|t_plus_14h|lower_tail,2026-07-12T20:00:00+00:00,2026-07-12,lower_tail,0.0,lower_tail,-0.05425477178567806,KXHIGHTOKC-26JUL12-T90
0.027781547659938843,t_plus_15h,okc,KXHIGHTOKC-26JUL12,0.059774315560495145,0.037496173859810134,0.15836831577146157,1.0,0.8535353535353537,0.06527772151974898,0.21814263133195672,1.0,0.8040107563628077,okc|t_plus_15h|lower_tail,2026-07-12T21:00:00+00:00,2026-07-12,lower_tail,0.0,lower_tail,-0.04952459717254598,KXHIGHTOKC-26JUL12-T90
0.001353106749740368,t_plus_16h,okc,KXHIGHTOKC-26JUL12,0.0149815689964354,0.0014898116109188773,0.03491626510622799,1.0,0.9656862745098038,0.0028429183606592454,0.04989783410266339,1.0,0.951326612673015,okc|t_plus_16h|lower_tail,2026-07-12T22:00:00+00:00,2026-07-12,lower_tail,0.0,lower_tail,-0.014359661836788828,KXHIGHTOKC-26JUL12-T90
0.003595988918798207,t_plus_17h,okc,KXHIGHTOKC-26JUL12,0.036143519031435034,0.0007352220370551917,0.025063968663216276,1.0,0.9752475247524752,0.0043312109558533984,0.06120748769465131,1.0,0.9406280507812718,okc|t_plus_17h|lower_tail,2026-07-12T23:00:00+00:00,2026-07-12,lower_tail,0.0,lower_tail,-0.03461947397120346,KXHIGHTOKC-26JUL12-T90
0.002122041774730755,t_plus_18h,okc,KXHIGHTOKC-26JUL12,0.025082664982939366,0.0007208765859284905,0.02481516911972402,1.0,0.9754901960784313,0.0028429183606592454,0.04989783410266339,1.0,0.951326612673015,okc|t_plus_18h|lower_tail,2026-07-13T00:00:00+00:00,2026-07-12,lower_tail,0.0,lower_tail,-0.024163583405416356,KXHIGHTOKC-26JUL12-T90
0.002122041774730755,t_plus_19h,okc,KXHIGHTOKC-26JUL12,0.025082664982939366,0.0007208765859284905,0.02481516911972402,1.0,0.9754901960784313,0.0028429183606592454,0.04989783410266339,1.0,0.951326612673015,okc|t_plus_19h|lower_tail,2026-07-13T01:00:00+00:00,2026-07-12,lower_tail,0.0,lower_tail,-0.024163583405416356,KXHIGHTOKC-26JUL12-T90
0.002122041774730755,t_plus_20h,okc,KXHIGHTOKC-26JUL12,0.025082664982939366,0.0007208765859284905,0.02481516911972402,1.0,0.9754901960784313,0.0028429183606592454,0.04989783410266339,1.0,0.951326612673015,okc|t_plus_20h|lower_tail,2026-07-13T02:00:00+00:00,2026-07-12,lower_tail,0.0,lower_tail,-0.024163583405416356,KXHIGHTOKC-26JUL12-T90
0.002122041774730755,t_plus_21h,okc,KXHIGHTOKC-26JUL12,0.025082664982939366,0.0007208765859284905,0.02481516911972402,1.0,0.9754901960784313,0.0028429183606592454,0.04989783410266339,1.0,0.951326612673015,okc|t_plus_21h|lower_tail,2026-07-13T03:00:00+00:00,2026-07-12,lower_tail,0.0,lower_tail,-0.024163583405416356,KXHIGHTOKC-26JUL12-T90
0.002122041774730755,t_plus_22h,okc,KXHIGHTOKC-26JUL12,0.025082664982939366,0.0007208765859284905,0.02481516911972402,1.0,0.9754901960784313,0.0028429183606592454,0.04989783410266339,1.0,0.951326612673015,okc|t_plus_22h|lower_tail,2026-07-13T04:00:00+00:00,2026-07-12,lower_tail,0.0,lower_tail,-0.024163583405416356,KXHIGHTOKC-26JUL12-T90
0.002122041774730755,t_plus_23h,okc,KXHIGHTOKC-26JUL12,0.025082664982939366,0.0007208765859284905,0.02481516911972402,1.0,0.9754901960784313,0.0028429183606592454,0.04989783410266339,1.0,0.951326612673015,okc|t_plus_23h|lower_tail,2026-07-13T05:00:00+00:00,2026-07-12,lower_tail,0.0,lower_tail,-0.024163583405416356,KXHIGHTOKC-26JUL12-T90
-0.3306693593542096,t_plus_0h,aus,KXHIGHAUS-26JUL13,-0.6600665104210703,0.8871493144112532,1.629743178594848,0.0,0.19597989949748704,0.5564799550570436,0.9696766681737776,1.0,0.3792056275318626,aus|t_plus_0h|bounded,2026-07-13T06:00:00+00:00,2026-07-13,bounded,1.0,bounded,0.18322572803437556,KXHIGHAUS-26JUL13-B93.5
-0.35148634347574426,t_plus_1h,aus,KXHIGHAUS-26JUL13,-0.6851679304555589,0.9018418306680582,1.6243265249278518,0.0,0.19704433497536933,0.550355487192314,0.9391585944722929,1.0,0.39095665009233627,aus|t_plus_1h|bounded,2026-07-13T07:00:00+00:00,2026-07-13,bounded,1.0,bounded,0.19391231511696694,KXHIGHAUS-26JUL13-B93.5
-0.14069805470727376,t_plus_2h,aus,KXHIGHAUS-26JUL13,-0.21973525651054138,0.603796935719413,1.0691984034618167,0.0,0.3432835820895521,0.4630988810121392,0.8494631469512753,1.0,0.42764445256192174,aus|t_plus_2h|bounded,2026-07-13T08:00:00+00:00,2026-07-13,bounded,1.0,bounded,0.08436087047236962,KXHIGHAUS-26JUL13-B93.5
-0.014179414900957088,t_plus_3h,aus,KXHIGHAUS-26JUL13,-0.014768103453812964,0.6199611686390535,1.0748582026600026,0.0,0.3413461538461538,0.6057817537380964,1.0600900992061897,0.0,0.3464245963427658,aus|t_plus_3h|bounded,2026-07-13T09:00:00+00:00,2026-07-13,bounded,0.0,bounded,0.00507844249661199,KXHIGHAUS-26JUL13-B93.5
-0.06437224030732269,t_plus_4h,aus,KXHIGHAUS-26JUL13,-0.09946230985936211,0.6617980357592542,1.1376416325738443,0.0,0.320574162679426,0.5974257954519315,1.0381793227144822,0.0,0.3540987950527932,aus|t_plus_4h|bounded,2026-07-13T10:00:00+00:00,2026-07-13,bounded,0.0,bounded,0.03352463237336717,KXHIGHAUS-26JUL13-B93.5
-0.275901657628678,t_plus_5h,aus,KXHIGHAUS-26JUL13,-0.39680518782877483,0.705195301093866,1.1774708635804294,0.0,0.3080568720379147,0.42929364346518795,0.7806656757516546,1.0,0.45810096308195214,aus|t_plus_5h|bounded,2026-07-13T11:00:00+00:00,2026-07-13,bounded,1.0,bounded,0.15004409104403743,KXHIGHAUS-26JUL13-B93.5
-0.259113341647633,t_plus_6h,aus,KXHIGHAUS-26JUL13,-0.32468575543809153,0.6956291741056674,1.1271856611121662,0.0,0.32394366197183083,0.4365158324580344,0.8024999056740747,1.0,0.4482070869680911,aus|t_plus_6h|bounded,2026-07-13T12:00:00+00:00,2026-07-13,bounded,1.0,bounded,0.12426342499626025,KXHIGHAUS-26JUL13-B93.5
-0.21400878545717872,t_plus_7h,aus,KXHIGHAUS-26JUL13,-0.2579288186723475,0.6397896120973038,1.0388930539664867,0.0,0.3538461538461541,0.42578082664012507,0.7809642352941392,1.0,0.457964213083027,aus|t_plus_7h|bounded,2026-07-13T13:00:00+00:00,2026-07-13,bounded,1.0,bounded,0.1041180592368729,KXHIGHAUS-26JUL13-B93.5
-0.1460899682324836,t_plus_8h,aus,KXHIGHAUS-26JUL13,-0.18487170963592647,0.587466359092657,1.0006318803079066,0.0,0.36764705882352916,0.4413763908601734,0.8157601706719801,1.0,0.4423029737856849,aus|t_plus_8h|bounded,2026-07-13T14:00:00+00:00,2026-07-13,bounded,1.0,bounded,0.07465591496215573,KXHIGHAUS-26JUL13-B93.5
-0.0385083255463321,t_plus_9h,aus,KXHIGHAUS-26JUL13,-0.051810756361294286,0.5864619031667905,1.0347084866886287,0.0,0.35532994923857897,0.5479535776204584,0.9828977303273344,1.0,0.37422512269099734,aus|t_plus_9h|bounded,2026-07-13T15:00:00+00:00,2026-07-13,bounded,1.0,bounded,0.018895173452418368,KXHIGHAUS-26JUL13-B93.5
-0.22178298850060307,t_plus_10h,aus,KXHIGHAUS-26JUL13,-0.2696695946630925,0.6640138761350892,1.0687593255184298,0.0,0.343434343434343,0.44223088763448615,0.7990897308553373,1.0,0.4497381606202815,aus|t_plus_10h|bounded,2026-07-13T16:00:00+00:00,2026-07-13,bounded,1.0,bounded,0.10630381718593851,KXHIGHAUS-26JUL13-B93.5
-0.24763058756802325,t_plus_11h,aus,KXHIGHAUS-26JUL13,-0.3647956480225716,0.7007864827650577,1.189584066873835,0.0,0.30434782608695693,0.4531558951970345,0.8247884188512635,1.0,0.4383277245379048,aus|t_plus_11h|bounded,2026-07-13T17:00:00+00:00,2026-07-13,bounded,1.0,bounded,0.13397989845094788,KXHIGHAUS-26JUL13-B93.5
-0.33319332656803236,t_plus_12h,aus,KXHIGHAUS-26JUL13,-0.41752275058930877,0.7550000000000001,1.155182640156504,0.0,0.315,0.42180667343196776,0.7376598895671952,1.0,0.4782317221577645,aus|t_plus_12h|bounded,2026-07-13T18:00:00+00:00,2026-07-13,bounded,1.0,bounded,0.1632317221577645,KXHIGHAUS-26JUL13-B93.5
-0.13560980583749288,t_plus_13h,aus,KXHIGHAUS-26JUL13,-0.16444620030007917,0.5725390863830897,0.9116287187683432,0.0,0.4018691588785049,0.4369292805455968,0.747182518468264,1.0,0.47369931341221744,aus|t_plus_13h|bounded,2026-07-13T19:00:00+00:00,2026-07-13,bounded,1.0,bounded,0.07183015453371255,KXHIGHAUS-26JUL13-B93.5
0.12883597024020269,t_plus_14h,aus,KXHIGHAUS-26JUL13,0.1421288220163192,0.197952710495963,0.4277708656224624,1.0,0.6519607843137256,0.3267886807361657,0.5698996876387816,1.0,0.5655821707370369,aus|t_plus_14h|bounded,2026-07-13T20:00:00+00:00,2026-07-13,bounded,0.0,bounded,-0.08637861357668875,KXHIGHAUS-26JUL13-B93.5
0.05551901121012066,t_plus_15h,aus,KXHIGHAUS-26JUL13,0.10112505048778841,0.03225279469765916,0.15093524297328376,1.0,0.8599033816425122,0.08777180590777982,0.25206029346107217,1.0,0.7771978767063189,aus|t_plus_15h|bounded,2026-07-13T21:00:00+00:00,2026-07-13,bounded,0.0,bounded,-0.08270550493619333,KXHIGHAUS-26JUL13-B93.5
0.0015127390883391903,t_plus_16h,aus,KXHIGHAUS-26JUL13,0.01928649334280315,0.0007208765859284905,0.02481516911972402,1.0,0.9754901960784313,0.0022336156742676807,0.04410166246252717,1.0,0.9568566761222195,aus|t_plus_16h|bounded,2026-07-13T22:00:00+00:00,2026-07-13,bounded,0.0,bounded,-0.018633519956211875,KXHIGHAUS-26JUL13-B93.5
0.0015707686860765297,t_plus_17h,aus,KXHIGHAUS-26JUL13,0.019865934135654725,0.0007208765859284905,0.02481516911972402,1.0,0.9754901960784313,0.00229164527200502,0.044681103255378746,1.0,0.9563023949332361,aus|t_plus_17h|bounded,2026-07-13T23:00:00+00:00,2026-07-13,bounded,0.0,bounded,-0.01918780114519525,KXHIGHAUS-26JUL13-B93.5
0.0015707686860765297,t_plus_18h,aus,KXHIGHAUS-26JUL13,0.019865934135654725,0.0007208765859284905,0.02481516911972402,1.0,0.9754901960784313,0.00229164527200502,0.044681103255378746,1.0,0.9563023949332361,aus|t_plus_18h|bounded,2026-07-14T00:00:00+00:00,2026-07-13,bounded,0.0,bounded,-0.01918780114519525,KXHIGHAUS-26JUL13-B93.5
0.0015707686860765297,t_plus_19h,aus,KXHIGHAUS-26JUL13,0.019865934135654725,0.0007208765859284905,0.02481516911972402,1.0,0.9754901960784313,0.00229164527200502,0.044681103255378746,1.0,0.9563023949332361,aus|t_plus_19h|bounded,2026-07-14T01:00:00+00:00,2026-07-13,bounded,0.0,bounded,-0.01918780114519525,KXHIGHAUS-26JUL13-B93.5
0.0015707686860765297,t_plus_20h,aus,KXHIGHAUS-26JUL13,0.019865934135654725,0.0007208765859284905,0.02481516911972402,1.0,0.9754901960784313,0.00229164527200502,0.044681103255378746,1.0,0.9563023949332361,aus|t_plus_20h|bounded,2026-07-14T02:00:00+00:00,2026-07-13,bounded,0.0,bounded,-0.01918780114519525,KXHIGHAUS-26JUL13-B93.5
0.0015707686860765297,t_plus_21h,aus,KXHIGHAUS-26JUL13,0.019865934135654725,0.0007208765859284905,0.02481516911972402,1.0,0.9754901960784313,0.00229164527200502,0.044681103255378746,1.0,0.9563023949332361,aus|t_plus_21h|bounded,2026-07-14T03:00:00+00:00,2026-07-13,bounded,0.0,bounded,-0.01918780114519525,KXHIGHAUS-26JUL13-B93.5
0.0015707686860765297,t_plus_22h,aus,KXHIGHAUS-26JUL13,0.019865934135654725,0.0007208765859284905,0.02481516911972402,1.0,0.9754901960784313,0.00229164527200502,0.044681103255378746,1.0,0.9563023949332361,aus|t_plus_22h|bounded,2026-07-14T04:00:00+00:00,2026-07-13,bounded,0.0,bounded,-0.01918780114519525,KXHIGHAUS-26JUL13-B93.5
0.0015707686860765297,t_plus_23h,aus,KXHIGHAUS-26JUL13,0.019865934135654725,0.0007208765859284905,0.02481516911972402,1.0,0.9754901960784313,0.00229164527200502,0.044681103255378746,1.0,0.9563023949332361,aus|t_plus_23h|bounded,2026-07-14T05:00:00+00:00,2026-07-13,bounded,0.0,bounded,-0.01918780114519525,KXHIGHAUS-26JUL13-B93.5
0.2364899463842136,t_plus_0h,den,KXHIGHDEN-26JUL13,0.2494623100798541,0.32489144570080863,0.6077019746030601,1.0,0.5446009389671363,0.5613813920850222,0.8571642846829142,0.0,0.42436375250822256,den|t_plus_0h|bounded,2026-07-13T07:00:00+00:00,2026-07-13,bounded,-1.0,bounded,-0.12023718645891379,KXHIGHDEN-26JUL13-B97.5
0.1826977591175989,t_plus_1h,den,KXHIGHDEN-26JUL13,0.14778830457343084,0.3695768862750589,0.6231885919530349,1.0,0.5362318840579711,0.5522746453926578,0.7709768965264657,0.0,0.46256097331405666,den|t_plus_1h|bounded,2026-07-13T08:00:00+00:00,2026-07-13,bounded,-1.0,bounded,-0.07367091074391441,KXHIGHDEN-26JUL13-B97.5
0.2024861755830979,t_plus_2h,den,KXHIGHDEN-26JUL13,0.16354619991105213,0.34934999999999994,0.6069694843188929,1.0,0.545,0.5518361755830978,0.770515684229945,0.0,0.462774361327645,den|t_plus_2h|bounded,2026-07-13T09:00:00+00:00,2026-07-13,bounded,-1.0,bounded,-0.08222563867235505,KXHIGHDEN-26JUL13-B97.5
0.19227203820510297,t_plus_3h,den,KXHIGHDEN-26JUL13,0.1769714923942045,0.3685078706758419,0.6550473343276756,1.0,0.519417475728155,0.5607799088809449,0.8320188267218801,0.0,0.4351698663671895,den|t_plus_3h|bounded,2026-07-13T10:00:00+00:00,2026-07-13,bounded,-1.0,bounded,-0.08424760936096548,KXHIGHDEN-26JUL13-B97.5
0.1834254445266305,t_plus_4h,den,KXHIGHDEN-26JUL13,0.1828988899699966,0.38290495562130195,0.6835777295437946,1.0,0.5048076923076923,0.5663304001479325,0.8664766195137912,0.0,0.4204302784940397,den|t_plus_4h|bounded,2026-07-13T11:00:00+00:00,2026-07-13,bounded,-1.0,bounded,-0.0843774138136526,KXHIGHDEN-26JUL13-B97.5
0.21704953579048908,t_plus_5h,den,KXHIGHDEN-26JUL13,0.2225161033900097,0.34408163265306085,0.6375773294051339,1.0,0.5285714285714289,0.5611311684435499,0.8600934327951436,0.0,0.42312254694857787,den|t_plus_5h|bounded,2026-07-13T12:00:00+00:00,2026-07-13,bounded,-1.0,bounded,-0.10544888162285104,KXHIGHDEN-26JUL13-B97.5
0.21073959346532722,t_plus_6h,den,KXHIGHDEN-26JUL13,0.1932292142849572,0.3558310376492193,0.6731465138532756,1.0,0.5101010101010102,0.5665706311145465,0.8663757281382328,0.0,0.4204726984230298,den|t_plus_6h|bounded,2026-07-13T13:00:00+00:00,2026-07-13,bounded,-1.0,bounded,-0.08962831167798035,KXHIGHDEN-26JUL13-B97.5
0.2206812795381038,t_plus_7h,den,KXHIGHDEN-26JUL13,0.21619458346173082,0.34588935157644274,0.650181144676502,1.0,0.5219512195121951,0.5665706311145465,0.8663757281382328,0.0,0.4204726984230298,den|t_plus_7h|bounded,2026-07-13T14:00:00+00:00,2026-07-13,bounded,-1.0,bounded,-0.10147852108916533,KXHIGHDEN-26JUL13-B97.5
0.5121646421015869,t_plus_8h,den,KXHIGHDEN-26JUL13,0.5702584907200142,0.31029999999999996,0.579818495252942,1.0,0.56,0.8224646421015868,1.1500769859729563,0.0,0.3166123937275925,den|t_plus_8h|bounded,2026-07-13T15:00:00+00:00,2026-07-13,bounded,-1.0,bounded,-0.24338760627240758,KXHIGHDEN-26JUL13-B97.5
0.5621834758850887,t_plus_9h,den,KXHIGHDEN-26JUL13,0.5585426812125927,0.3328884466985368,0.594707107746693,1.0,0.5517241379310344,0.8950719225836254,1.1532497889592856,0.0,0.31560943691282345,den|t_plus_9h|bounded,2026-07-13T16:00:00+00:00,2026-07-13,bounded,-1.0,bounded,-0.23611470101821092,KXHIGHDEN-26JUL13-B97.5
0.5529137845266294,t_plus_10h,den,KXHIGHDEN-26JUL13,0.5411154013998886,0.3095521482414995,0.5705448584676133,1.0,0.5652173913043477,0.862465932768129,1.1116602598675018,0.0,0.3290122615153894,den|t_plus_10h|bounded,2026-07-13T17:00:00+00:00,2026-07-13,bounded,-1.0,bounded,-0.23620512978895825,KXHIGHDEN-26JUL13-B97.5
0.5680017162294643,t_plus_11h,den,KXHIGHDEN-26JUL13,0.6802950441653333,0.308573369894926,0.5858181603294468,1.0,0.5566502463054187,0.8765750861243903,1.26611320449478,0.0,0.28192528090147184,den|t_plus_11h|bounded,2026-07-13T18:00:00+00:00,2026-07-13,bounded,-1.0,bounded,-0.27472496540394686,KXHIGHDEN-26JUL13-B97.5
0.42381031995278234,t_plus_12h,den,KXHIGHDEN-26JUL13,0.43898787686205376,0.26448979591836735,0.5108256237659907,1.0,0.6,0.6883001158711497,0.9498135006280445,0.0,0.3868131571387192,den|t_plus_12h|bounded,2026-07-13T19:00:00+00:00,2026-07-13,bounded,-1.0,bounded,-0.21318684286128076,KXHIGHDEN-26JUL13-B97.5
0.5336359424749693,t_plus_13h,den,KXHIGHDEN-26JUL13,0.6281365414293995,0.31870055310509005,0.6053309745530285,1.0,0.5458937198067633,0.8523364955800593,1.233467515982428,0.0,0.2912808036812324,den|t_plus_13h|bounded,2026-07-13T20:00:00+00:00,2026-07-13,bounded,-1.0,bounded,-0.2546129161255309,KXHIGHDEN-26JUL13-B97.5
0.043051746303533936,t_plus_14h,den,KXHIGHDEN-26JUL13,0.11175343417406355,0.0146035989208188,0.09929822098228042,1.0,0.9054726368159204,0.057655345224352735,0.21105165515634397,1.0,0.8097322389555716,den|t_plus_14h|bounded,2026-07-13T21:00:00+00:00,2026-07-13,bounded,0.0,bounded,-0.09574039786034882,KXHIGHDEN-26JUL13-B97.5
-0.0010980902065033885,t_plus_15h,den,KXHIGHDEN-26JUL13,-0.005341605428370012,0.0036074106521683177,0.05209511188340193,1.0,0.949238578680203,0.0025093204456649292,0.046753506455031915,1.0,0.9543226029623246,den|t_plus_15h|bounded,2026-07-13T22:00:00+00:00,2026-07-13,bounded,0.0,bounded,0.005084024282121624,KXHIGHDEN-26JUL13-B97.5
-0.00029651569350455306,t_plus_16h,den,KXHIGHDEN-26JUL13,0.00023349082013898736,0.0028058361391694823,0.04652001563489293,1.0,0.9545454545454545,0.0025093204456649292,0.046753506455031915,1.0,0.9543226029623246,den|t_plus_16h|bounded,2026-07-13T23:00:00+00:00,2026-07-13,bounded,0.0,bounded,-0.0002228515831298461,KXHIGHDEN-26JUL13-B97.5
0.0017740984086097376,t_plus_17h,den,KXHIGHDEN-26JUL13,0.02168953779181564,0.0007352220370551917,0.025063968663216276,1.0,0.9752475247524752,0.0025093204456649292,0.046753506455031915,1.0,0.9543226029623246,den|t_plus_17h|bounded,2026-07-14T00:00:00+00:00,2026-07-13,bounded,0.0,bounded,-0.020924921790150597,KXHIGHDEN-26JUL13-B97.5
0.0017884438597364387,t_plus_18h,den,KXHIGHDEN-26JUL13,0.021938337335307895,0.0007208765859284905,0.02481516911972402,1.0,0.9754901960784313,0.0025093204456649292,0.046753506455031915,1.0,0.9543226029623246,den|t_plus_18h|bounded,2026-07-14T01:00:00+00:00,2026-07-13,bounded,0.0,bounded,-0.02116759311610672,KXHIGHDEN-26JUL13-B97.5
0.0017884438597364387,t_plus_19h,den,KXHIGHDEN-26JUL13,0.021938337335307895,0.0007208765859284905,0.02481516911972402,1.0,0.9754901960784313,0.0025093204456649292,0.046753506455031915,1.0,0.9543226029623246,den|t_plus_19h|bounded,2026-07-14T02:00:00+00:00,2026-07-13,bounded,0.0,bounded,-0.02116759311610672,KXHIGHDEN-26JUL13-B97.5
0.0017884438597364387,t_plus_20h,den,KXHIGHDEN-26JUL13,0.021938337335307895,0.0007208765859284905,0.02481516911972402,1.0,0.9754901960784313,0.0025093204456649292,0.046753506455031915,1.0,0.9543226029623246,den|t_plus_20h|bounded,2026-07-14T03:00:00+00:00,2026-07-13,bounded,0.0,bounded,-0.02116759311610672,KXHIGHDEN-26JUL13-B97.5
0.0017740984086097376,t_plus_21h,den,KXHIGHDEN-26JUL13,0.02168953779181564,0.0007352220370551917,0.025063968663216276,1.0,0.9752475247524752,0.0025093204456649292,0.046753506455031915,1.0,0.9543226029623246,den|t_plus_21h|bounded,2026-07-14T04:00:00+00:00,2026-07-13,bounded,0.0,bounded,-0.020924921790150597,KXHIGHDEN-26JUL13-B97.5
0.0017740984086097376,t_plus_22h,den,KXHIGHDEN-26JUL13,0.02168953779181564,0.0007352220370551917,0.025063968663216276,1.0,0.9752475247524752,0.0025093204456649292,0.046753506455031915,1.0,0.9543226029623246,den|t_plus_22h|bounded,2026-07-14T05:00:00+00:00,2026-07-13,bounded,0.0,bounded,-0.020924921790150597,KXHIGHDEN-26JUL13-B97.5
-8.281830445289531e-05,t_plus_23h,den,KXHIGHDEN-26JUL13,0.0020810664034393647,0.0025921387501178245,0.04467244005159255,1.0,0.9563106796116505,0.0025093204456649292,0.046753506455031915,1.0,0.9543226029623246,den|t_plus_23h|bounded,2026-07-14T06:00:00+00:00,2026-07-13,bounded,0.0,bounded,-0.001988076649325876,KXHIGHDEN-26JUL13-B97.5
-0.3107283743922964,t_plus_0h,la,KXHIGHLAX-26JUL13,-0.3937197573733202,0.9547500000000002,1.2552660987134867,0.0,0.285,0.6440216256077038,0.8615463413401665,0.0,0.42250823496215645,la|t_plus_0h|bounded,2026-07-13T08:00:00+00:00,2026-07-13,upper_tail,0.0,bounded,0.13750823496215647,KXHIGHLAX-26JUL13-B75.5
-0.36580951480927315,t_plus_1h,la,KXHIGHLAX-26JUL13,-0.5062507463496235,1.101591058514135,1.4663370687934265,0.0,0.2307692307692309,0.7357815437048619,0.960086322443803,0.0,0.3828598351520143,la|t_plus_1h|bounded,2026-07-13T09:00:00+00:00,2026-07-13,upper_tail,0.0,bounded,0.15209060438278343,KXHIGHLAX-26JUL13-B75.5
0.020994538093948467,t_plus_2h,la,KXHIGHLAX-26JUL13,-0.01651055772108645,1.1015568921561352,1.453157306349018,0.0,0.2338308457711441,1.1225514302500836,1.4366467486279315,0.0,0.23772357054692236,la|t_plus_2h|bounded,2026-07-13T10:00:00+00:00,2026-07-13,upper_tail,0.0,bounded,0.0038927247757782613,KXHIGHLAX-26JUL13-B75.5
0.04769252413389613,t_plus_3h,la,KXHIGHLAX-26JUL13,0.02314538691330781,1.15775,1.5371172508544744,0.0,0.215,1.2054425241338962,1.5602626377677822,0.0,0.2100808887789053,la|t_plus_3h|bounded,2026-07-13T11:00:00+00:00,2026-07-13,upper_tail,0.0,bounded,-0.004919111221094702,KXHIGHLAX-26JUL13-B75.5
0.16272565568805086,t_plus_4h,la,KXHIGHLAX-26JUL13,0.2998999333729797,0.8946930473372777,1.226664215528006,0.0,0.29326923076923095,1.0574187030253286,1.5265641489009858,0.0,0.21728093120124237,la|t_plus_4h|bounded,2026-07-13T12:00:00+00:00,2026-07-13,upper_tail,0.0,bounded,-0.07598829956798858,KXHIGHLAX-26JUL13-B75.5
-0.3079423815053728,t_plus_5h,la,KXHIGHLAX-26JUL13,-0.40154877300463065,0.9941170345689295,1.3078227456783953,0.0,0.27040816326530615,0.6861746530635567,0.9062739726737646,0.0,0.40402683794366806,la|t_plus_5h|bounded,2026-07-13T13:00:00+00:00,2026-07-13,upper_tail,0.0,bounded,0.13361867467836192,KXHIGHLAX-26JUL13-B75.5
-0.2483740049259776,t_plus_6h,la,KXHIGHLAX-26JUL13,-0.29904286847374584,0.919482191034875,1.2257674641533558,0.0,0.2935323383084579,0.6711081861088974,0.92672459567961,0.0,0.39584815205185403,la|t_plus_6h|bounded,2026-07-13T14:00:00+00:00,2026-07-13,upper_tail,0.0,bounded,0.10231581374339616,KXHIGHLAX-26JUL13-B75.5
0.035270549144247876,t_plus_7h,la,KXHIGHLAX-26JUL13,0.04878285367049073,0.5561667899408284,0.8266785731844679,0.0,0.4375,0.5914373390850762,0.8754614268549586,0.0,0.41666971271902625,la|t_plus_7h|bounded,2026-07-13T15:00:00+00:00,2026-07-13,upper_tail,0.0,bounded,-0.020830287280973747,KXHIGHLAX-26JUL13-B75.5
0.25944415081326205,t_plus_8h,la,KXHIGHLAX-26JUL13,0.30346367119663153,0.3081975014872104,0.6134797778260745,1.0,0.541463414634146,0.5676416523004725,0.9169434490227061,0.0,0.39973899832997895,la|t_plus_8h|bounded,2026-07-13T16:00:00+00:00,2026-07-13,upper_tail,-1.0,bounded,-0.1417244163041671,KXHIGHLAX-26JUL13-B75.5
0.23561118174013101,t_plus_9h,la,KXHIGHLAX-26JUL13,0.2851679477366893,0.36188004613610186,0.6641596436866936,1.0,0.5147058823529409,0.5974912278762329,0.9493275914233829,0.0,0.38700115888444747,la|t_plus_9h|bounded,2026-07-13T17:00:00+00:00,2026-07-13,upper_tail,-1.0,bounded,-0.12770472346849343,KXHIGHLAX-26JUL13-B75.5
-0.3139557618573609,t_plus_10h,la,KXHIGHLAX-26JUL13,-0.323896566268015,0.571543029503252,0.8619680501349971,0.0,0.42233009708737873,0.25758726764589107,0.5380714838669821,1.0,0.5838731761483555,la|t_plus_10h|bounded,2026-07-13T18:00:00+00:00,2026-07-13,bounded,1.0,bounded,0.1615430790609768,KXHIGHLAX-26JUL13-B75.5
0.2952833676097568,t_plus_11h,la,KXHIGHLAX-26JUL13,0.36841431849511425,0.0585841760856636,0.19904599973514986,1.0,0.8195121951219507,0.3538675436954204,0.5674603182302641,1.0,0.5669635187063466,la|t_plus_11h|bounded,2026-07-13T19:00:00+00:00,2026-07-13,bounded,0.0,bounded,-0.2525486764156041,KXHIGHLAX-26JUL13-B75.5
0.29963057200413257,t_plus_12h,la,KXHIGHLAX-26JUL13,0.37640508146755514,0.05423697169128784,0.19105523676270897,1.0,0.8260869565217394,0.3538675436954204,0.5674603182302641,1.0,0.5669635187063466,la|t_plus_12h|bounded,2026-07-13T20:00:00+00:00,2026-07-13,bounded,0.0,bounded,-0.2591234378153927,KXHIGHLAX-26JUL13-B75.5
0.012885121470108653,t_plus_13h,la,KXHIGHLAX-26JUL13,0.0518027938051378,0.008247714204920351,0.07560274074295117,1.0,0.9271844660194175,0.021132835675029004,0.12740553454808898,1.0,0.8803765770774326,la|t_plus_13h|bounded,2026-07-13T21:00:00+00:00,2026-07-13,bounded,0.0,bounded,-0.046807888941984954,KXHIGHLAX-26JUL13-B75.5
0.0009241470139615534,t_plus_14h,la,KXHIGHLAX-26JUL13,0.010971897893531216,0.0014898116109188773,0.03491626510622799,1.0,0.9656862745098038,0.0024139586248804307,0.0458881629997592,1.0,0.9551487771916934,la|t_plus_14h|bounded,2026-07-13T22:00:00+00:00,2026-07-13,bounded,0.0,bounded,-0.010537497318110378,KXHIGHLAX-26JUL13-B75.5
-0.0001781801252373938,t_plus_15h,la,KXHIGHLAX-26JUL13,0.0012157229481666518,0.0025921387501178245,0.04467244005159255,1.0,0.9563106796116505,0.0024139586248804307,0.0458881629997592,1.0,0.9551487771916934,la|t_plus_15h|bounded,2026-07-13T23:00:00+00:00,2026-07-13,bounded,0.0,bounded,-0.0011619024199570616,KXHIGHLAX-26JUL13-B75.5
0.0015127390883391903,t_plus_16h,la,KXHIGHLAX-26JUL13,0.01928649334280315,0.0007208765859284905,0.02481516911972402,1.0,0.9754901960784313,0.0022336156742676807,0.04410166246252717,1.0,0.9568566761222195,la|t_plus_16h|bounded,2026-07-14T00:00:00+00:00,2026-07-13,bounded,0.0,bounded,-0.018633519956211875,KXHIGHLAX-26JUL13-B75.5
0.0015127390883391903,t_plus_17h,la,KXHIGHLAX-26JUL13,0.01928649334280315,0.0007208765859284905,0.02481516911972402,1.0,0.9754901960784313,0.0022336156742676807,0.04410166246252717,1.0,0.9568566761222195,la|t_plus_17h|bounded,2026-07-14T01:00:00+00:00,2026-07-13,bounded,0.0,bounded,-0.018633519956211875,KXHIGHLAX-26JUL13-B75.5
0.0015707686860765297,t_plus_18h,la,KXHIGHLAX-26JUL13,0.019865934135654725,0.0007208765859284905,0.02481516911972402,1.0,0.9754901960784313,0.00229164527200502,0.044681103255378746,1.0,0.9563023949332361,la|t_plus_18h|bounded,2026-07-14T02:00:00+00:00,2026-07-13,bounded,0.0,bounded,-0.01918780114519525,KXHIGHLAX-26JUL13-B75.5
0.0015707686860765297,t_plus_19h,la,KXHIGHLAX-26JUL13,0.019865934135654725,0.0007208765859284905,0.02481516911972402,1.0,0.9754901960784313,0.00229164527200502,0.044681103255378746,1.0,0.9563023949332361,la|t_plus_19h|bounded,2026-07-14T03:00:00+00:00,2026-07-13,bounded,0.0,bounded,-0.01918780114519525,KXHIGHLAX-26JUL13-B75.5
0.0015707686860765297,t_plus_20h,la,KXHIGHLAX-26JUL13,0.019865934135654725,0.0007208765859284905,0.02481516911972402,1.0,0.9754901960784313,0.00229164527200502,0.044681103255378746,1.0,0.9563023949332361,la|t_plus_20h|bounded,2026-07-14T04:00:00+00:00,2026-07-13,bounded,0.0,bounded,-0.01918780114519525,KXHIGHLAX-26JUL13-B75.5
0.0015707686860765297,t_plus_21h,la,KXHIGHLAX-26JUL13,0.019865934135654725,0.0007208765859284905,0.02481516911972402,1.0,0.9754901960784313,0.00229164527200502,0.044681103255378746,1.0,0.9563023949332361,la|t_plus_21h|bounded,2026-07-14T05:00:00+00:00,2026-07-13,bounded,0.0,bounded,-0.01918780114519525,KXHIGHLAX-26JUL13-B75.5
0.0015707686860765297,t_plus_22h,la,KXHIGHLAX-26JUL13,0.019865934135654725,0.0007208765859284905,0.02481516911972402,1.0,0.9754901960784313,0.00229164527200502,0.044681103255378746,1.0,0.9563023949332361,la|t_plus_22h|bounded,2026-07-14T06:00:00+00:00,2026-07-13,bounded,0.0,bounded,-0.01918780114519525,KXHIGHLAX-26JUL13-B75.5
0.0015707686860765297,t_plus_23h,la,KXHIGHLAX-26JUL13,0.019865934135654725,0.0007208765859284905,0.02481516911972402,1.0,0.9754901960784313,0.00229164527200502,0.044681103255378746,1.0,0.9563023949332361,la|t_plus_23h|bounded,2026-07-14T07:00:00+00:00,2026-07-13,bounded,0.0,bounded,-0.01918780114519525,KXHIGHLAX-26JUL13-B75.5
-0.381846651669793,t_plus_0h,mia,KXHIGHMIA-26JUL13,-0.4881647442294378,0.8102082591669627,1.2790488307662922,0.0,0.27830188679245305,0.4283616074971697,0.7908840865368544,1.0,0.4534437345213576,mia|t_plus_0h|bounded,2026-07-13T05:00:00+00:00,2026-07-13,bounded,1.0,bounded,0.17514184772890456,KXHIGHMIA-26JUL13-B92.5
-0.44697123760508095,t_plus_1h,mia,KXHIGHMIA-26JUL13,-0.5897275687644383,0.8032392821302717,1.2218449290920583,0.0,0.2946859903381641,0.3562680445251908,0.63211736032762,1.0,0.5314653052761744,mia|t_plus_1h|bounded,2026-07-13T06:00:00+00:00,2026-07-13,bounded,1.0,bounded,0.2367793149380103,KXHIGHMIA-26JUL13-B92.5
-0.3577073667432353,t_plus_2h,mia,KXHIGHMIA-26JUL13,-0.4750830090627527,0.8392804626997352,1.2652164295666548,0.0,0.2821782178217821,0.48157309595649994,0.7901334205039021,1.0,0.45378424712034887,mia|t_plus_2h|bounded,2026-07-13T07:00:00+00:00,2026-07-13,bounded,1.0,bounded,0.17160602929856678,KXHIGHMIA-26JUL13-B92.5
-0.2669418920697871,t_plus_3h,mia,KXHIGHMIA-26JUL13,-0.3494923328768549,0.7171081248139926,1.0796543749234957,0.0,0.339712918660287,0.4501662327442055,0.7301620420466408,1.0,0.48183090689770464,mia|t_plus_3h|bounded,2026-07-13T08:00:00+00:00,2026-07-13,bounded,1.0,bounded,0.14211798823741761,KXHIGHMIA-26JUL13-B92.5
-0.43335717855630773,t_plus_4h,mia,KXHIGHMIA-26JUL13,-0.5477578924192548,0.7896252230814985,1.1798752527468748,0.0,0.3073170731707319,0.3562680445251908,0.63211736032762,1.0,0.5314653052761744,mia|t_plus_4h|bounded,2026-07-13T09:00:00+00:00,2026-07-13,bounded,1.0,bounded,0.2241482321054425,KXHIGHMIA-26JUL13-B92.5
-0.4362061892407866,t_plus_5h,mia,KXHIGHMIA-26JUL13,-0.5501577873733895,0.7745931952662727,1.1631508098056815,0.0,0.3124999999999998,0.3383870060254861,0.612993022432292,1.0,0.5417270390268476,mia|t_plus_5h|bounded,2026-07-13T10:00:00+00:00,2026-07-13,bounded,1.0,bounded,0.22922703902684782,KXHIGHMIA-26JUL13-B92.5
-0.3598155304451473,t_plus_6h,mia,KXHIGHMIA-26JUL13,-0.45402963797838536,0.8302598773612444,1.2087234070845325,0.0,0.29857819905213306,0.4704443469160971,0.7546937691061472,1.0,0.4701545685416344,mia|t_plus_6h|bounded,2026-07-13T11:00:00+00:00,2026-07-13,bounded,1.0,bounded,0.17157636948950133,KXHIGHMIA-26JUL13-B92.5
-0.47867376164744946,t_plus_7h,mia,KXHIGHMIA-26JUL13,-0.5993062448951252,0.8742141272189341,1.2770950691548977,0.0,0.27884615384615413,0.39554036557148464,0.6777888242597725,1.0,0.5077384509828107,mia|t_plus_7h|bounded,2026-07-13T12:00:00+00:00,2026-07-13,bounded,1.0,bounded,0.22889229713665654,KXHIGHMIA-26JUL13-B92.5
-0.362530526451302,t_plus_8h,mia,KXHIGHMIA-26JUL13,-0.4352072634093823,0.860740367665576,1.2151998669197202,0.0,0.29665071770334905,0.49820984121427403,0.7799926035103378,1.0,0.45840940191308654,mia|t_plus_8h|bounded,2026-07-13T13:00:00+00:00,2026-07-13,bounded,1.0,bounded,0.1617586842097375,KXHIGHMIA-26JUL13-B92.5
-0.36690073246990307,t_plus_9h,mia,KXHIGHMIA-26JUL13,-0.46679405676007235,0.963144476621865,1.352061189477647,0.0,0.25870646766169186,0.5962437441519619,0.8852671327175747,0.0,0.41260393854466765,mia|t_plus_9h|bounded,2026-07-13T14:00:00+00:00,2026-07-13,bounded,0.0,bounded,0.15389747088297578,KXHIGHMIA-26JUL13-B92.5
-0.33960261907806066,t_plus_10h,mia,KXHIGHMIA-26JUL13,-0.43670277530034585,0.9353127231915104,1.3179751171424121,0.0,0.267676767676768,0.5957101041134497,0.8812723418420663,0.0,0.41425550162176833,mia|t_plus_10h|bounded,2026-07-13T15:00:00+00:00,2026-07-13,bounded,0.0,bounded,0.14657873394500032,KXHIGHMIA-26JUL13-B92.5
-0.3590773839774922,t_plus_11h,mia,KXHIGHMIA-26JUL13,-0.42775862774156126,0.891508894027152,1.2151998669197202,0.0,0.29665071770334905,0.5324315100496598,0.7874412391781589,0.0,0.45500756255097546,mia|t_plus_11h|bounded,2026-07-13T16:00:00+00:00,2026-07-13,bounded,0.0,bounded,0.1583568448476264,KXHIGHMIA-26JUL13-B92.5
-0.06839518033551673,t_plus_12h,mia,KXHIGHMIA-26JUL13,-0.0952776481669192,0.5024509803921569,0.7434090153408336,1.0,0.47549019607843135,0.43405580005664013,0.6481313671739144,1.0,0.523022200640926,mia|t_plus_12h|bounded,2026-07-13T17:00:00+00:00,2026-07-13,bounded,0.0,bounded,0.04753200456249462,KXHIGHMIA-26JUL13-B92.5
0.027889258967120432,t_plus_13h,mia,KXHIGHMIA-26JUL13,0.04656420225160998,0.042691892951671494,0.17836898247813146,1.0,0.8366336633663365,0.07058115191879193,0.22493318472974144,1.0,0.7985695736187791,mia|t_plus_13h|bounded,2026-07-13T18:00:00+00:00,2026-07-13,bounded,0.0,bounded,-0.03806408974755737,KXHIGHMIA-26JUL13-B92.5
0.030679575347137236,t_plus_14h,mia,KXHIGHMIA-26JUL13,0.041296698870176674,0.09900749836200827,0.2697808621225406,1.0,0.7635467980295567,0.1296870737091455,0.3110775609927173,1.0,0.7326570480575816,mia|t_plus_14h|bounded,2026-07-13T19:00:00+00:00,2026-07-13,bounded,0.0,bounded,-0.030889749971975133,KXHIGHMIA-26JUL13-B92.5
0.06593364559257264,t_plus_15h,mia,KXHIGHMIA-26JUL13,0.13699959123074684,0.017637447135717018,0.10863384100279541,1.0,0.8970588235294118,0.08357109272828966,0.24563343223354225,1.0,0.7822089049496298,mia|t_plus_15h|bounded,2026-07-13T20:00:00+00:00,2026-07-13,bounded,0.0,bounded,-0.114849918579782,KXHIGHMIA-26JUL13-B92.5
0.0024153758835903164,t_plus_16h,mia,KXHIGHMIA-26JUL13,0.027229054491936584,0.0007208765859284905,0.02481516911972402,1.0,0.9754901960784313,0.0031362524695188066,0.052044223611660605,1.0,0.9492868850200449,mia|t_plus_16h|bounded,2026-07-13T21:00:00+00:00,2026-07-13,bounded,0.0,bounded,-0.02620331105838647,KXHIGHMIA-26JUL13-B92.5
0.0024153758835903164,t_plus_17h,mia,KXHIGHMIA-26JUL13,0.027229054491936584,0.0007208765859284905,0.02481516911972402,1.0,0.9754901960784313,0.0031362524695188066,0.052044223611660605,1.0,0.9492868850200449,mia|t_plus_17h|bounded,2026-07-13T22:00:00+00:00,2026-07-13,bounded,0.0,bounded,-0.02620331105838647,KXHIGHMIA-26JUL13-B92.5
0.0024153758835903164,t_plus_18h,mia,KXHIGHMIA-26JUL13,0.027229054491936584,0.0007208765859284905,0.02481516911972402,1.0,0.9754901960784313,0.0031362524695188066,0.052044223611660605,1.0,0.9492868850200449,mia|t_plus_18h|bounded,2026-07-13T23:00:00+00:00,2026-07-13,bounded,0.0,bounded,-0.02620331105838647,KXHIGHMIA-26JUL13-B92.5
0.0024153758835903164,t_plus_19h,mia,KXHIGHMIA-26JUL13,0.027229054491936584,0.0007208765859284905,0.02481516911972402,1.0,0.9754901960784313,0.0031362524695188066,0.052044223611660605,1.0,0.9492868850200449,mia|t_plus_19h|bounded,2026-07-14T00:00:00+00:00,2026-07-13,bounded,0.0,bounded,-0.02620331105838647,KXHIGHMIA-26JUL13-B92.5
0.0024153758835903164,t_plus_20h,mia,KXHIGHMIA-26JUL13,0.027229054491936584,0.0007208765859284905,0.02481516911972402,1.0,0.9754901960784313,0.0031362524695188066,0.052044223611660605,1.0,0.9492868850200449,mia|t_plus_20h|bounded,2026-07-14T01:00:00+00:00,2026-07-13,bounded,0.0,bounded,-0.02620331105838647,KXHIGHMIA-26JUL13-B92.5
0.0024153758835903164,t_plus_21h,mia,KXHIGHMIA-26JUL13,0.027229054491936584,0.0007208765859284905,0.02481516911972402,1.0,0.9754901960784313,0.0031362524695188066,0.052044223611660605,1.0,0.9492868850200449,mia|t_plus_21h|bounded,2026-07-14T02:00:00+00:00,2026-07-13,bounded,0.0,bounded,-0.02620331105838647,KXHIGHMIA-26JUL13-B92.5
0.0024153758835903164,t_plus_22h,mia,KXHIGHMIA-26JUL13,0.027229054491936584,0.0007208765859284905,0.02481516911972402,1.0,0.9754901960784313,0.0031362524695188066,0.052044223611660605,1.0,0.9492868850200449,mia|t_plus_22h|bounded,2026-07-14T03:00:00+00:00,2026-07-13,bounded,0.0,bounded,-0.02620331105838647,KXHIGHMIA-26JUL13-B92.5
0.0024153758835903164,t_plus_23h,mia,KXHIGHMIA-26JUL13,0.027229054491936584,0.0007208765859284905,0.02481516911972402,1.0,0.9754901960784313,0.0031362524695188066,0.052044223611660605,1.0,0.9492868850200449,mia|t_plus_23h|bounded,2026-07-14T04:00:00+00:00,2026-07-13,bounded,0.0,bounded,-0.02620331105838647,KXHIGHMIA-26JUL13-B92.5
0.09583389924895974,t_plus_0h,nyc,KXHIGHNY-26JUL13,0.10594096014823884,0.3341973795833725,0.6550473343276747,1.0,0.5194174757281554,0.4300312788323322,0.7609882944759135,1.0,0.46720446317927705,nyc|t_plus_0h|bounded,2026-07-13T05:00:00+00:00,2026-07-13,bounded,0.0,bounded,-0.05221301254887839,KXHIGHNY-26JUL13-B84.5
0.10465626579669846,t_plus_1h,nyc,KXHIGHNY-26JUL13,0.11550600405403777,0.3194104308390022,0.6375773294051346,1.0,0.5285714285714286,0.4240666966357007,0.7530833334591723,1.0,0.4709123322194494,nyc|t_plus_1h|bounded,2026-07-13T06:00:00+00:00,2026-07-13,bounded,0.0,bounded,-0.05765909635197919,KXHIGHNY-26JUL13-B84.5
0.132671045226969,t_plus_2h,nyc,KXHIGHNY-26JUL13,0.11652636628388968,0.31189762139145155,0.6328040506524767,1.0,0.5311004784688996,0.44456866661842054,0.7493304169363664,1.0,0.4726829472989547,nyc|t_plus_2h|bounded,2026-07-13T07:00:00+00:00,2026-07-13,bounded,0.0,bounded,-0.058417531169944914,KXHIGHNY-26JUL13-B84.5
0.2685575916762801,t_plus_3h,nyc,KXHIGHNY-26JUL13,0.2599801079020383,0.31004992603550297,0.6280078783889839,1.0,0.5336538461538461,0.5786075177117831,0.8879879862910222,0.0,0.4114828295224395,nyc|t_plus_3h|bounded,2026-07-13T08:00:00+00:00,2026-07-13,bounded,-1.0,bounded,-0.12217101663140667,KXHIGHNY-26JUL13-B84.5
0.2979462335902914,t_plus_4h,nyc,KXHIGHNY-26JUL13,0.3060664408413013,0.2806612841214917,0.5819215454497209,1.0,0.5588235294117647,0.5786075177117831,0.8879879862910222,0.0,0.4114828295224395,nyc|t_plus_4h|bounded,2026-07-13T09:00:00+00:00,2026-07-13,bounded,-1.0,bounded,-0.14734069988932524,KXHIGHNY-26JUL13-B84.5
0.3052141563175371,t_plus_5h,nyc,KXHIGHNY-26JUL13,0.3178761284685788,0.24772081168512874,0.5207759546191586,1.0,0.5940594059405941,0.5529349680026658,0.8386520830877374,0.0,0.43229282570418937,nyc|t_plus_5h|bounded,2026-07-13T10:00:00+00:00,2026-07-13,bounded,-1.0,bounded,-0.16176658023640478,KXHIGHNY-26JUL13-B84.5
0.2969065754482685,t_plus_6h,nyc,KXHIGHNY-26JUL13,0.3013918903140277,0.2551917031756643,0.5326202835934114,1.0,0.5870646766169152,0.5520982786239328,0.8340121739074391,0.0,0.4343032857238113,nyc|t_plus_6h|bounded,2026-07-13T11:00:00+00:00,2026-07-13,bounded,-1.0,bounded,-0.15276139089310387,KXHIGHNY-26JUL13-B84.5
0.3043089668207798,t_plus_7h,nyc,KXHIGHNY-26JUL13,0.3199132247964789,0.24778931180315303,0.5140989491109602,1.0,0.5980392156862743,0.5520982786239328,0.8340121739074391,0.0,0.4343032857238113,nyc|t_plus_7h|bounded,2026-07-13T12:00:00+00:00,2026-07-13,bounded,-1.0,bounded,-0.16373592996246294,KXHIGHNY-26JUL13-B84.5
0.2015815613984921,t_plus_8h,nyc,KXHIGHNY-26JUL13,0.18208009220993276,0.23829745929287305,0.46901889258319623,1.0,0.6256157635467979,0.43987902069136514,0.651098984793129,1.0,0.5214723715305645,nyc|t_plus_8h|bounded,2026-07-13T13:00:00+00:00,2026-07-13,bounded,0.0,bounded,-0.10414339201623346,KXHIGHNY-26JUL13-B84.5
0.18990695171036187,t_plus_9h,nyc,KXHIGHNY-26JUL13,0.1687652728969522,0.2514845885568856,0.48368908233098973,1.0,0.6165048543689321,0.4413915402672475,0.6524543552279419,1.0,0.5207660620592337,nyc|t_plus_9h|bounded,2026-07-13T14:00:00+00:00,2026-07-13,bounded,0.0,bounded,-0.0957387923096984,KXHIGHNY-26JUL13-B84.5
0.0536808407677436,t_plus_10h,nyc,KXHIGHNY-26JUL13,0.04599517441659895,0.5628000000000001,0.8675005677047231,0.0,0.42,0.6164808407677437,0.913495742121322,0.0,0.40111955975131924,nyc|t_plus_10h|bounded,2026-07-13T15:00:00+00:00,2026-07-13,bounded,0.0,bounded,-0.01888044024868074,KXHIGHNY-26JUL13-B84.5
0.2575514020056537,t_plus_11h,nyc,KXHIGHNY-26JUL13,0.24412116247657212,0.33457441794702597,0.5657022339918248,1.0,0.5679611650485438,0.5921258199526797,0.809823396468397,0.0,0.44493663666620287,nyc|t_plus_11h|bounded,2026-07-13T16:00:00+00:00,2026-07-13,bounded,-1.0,bounded,-0.1230245283823409,KXHIGHNY-26JUL13-B84.5
0.26967821093089556,t_plus_12h,nyc,KXHIGHNY-26JUL13,0.2996548996432578,0.09827664399092954,0.2782033284972369,1.0,0.7571428571428573,0.3679548549218251,0.5778582281404947,1.0,0.5610988262275619,nyc|t_plus_12h|bounded,2026-07-13T17:00:00+00:00,2026-07-13,bounded,0.0,bounded,-0.19604403091529543,KXHIGHNY-26JUL13-B84.5
0.2758028150029926,t_plus_13h,nyc,KXHIGHNY-26JUL13,0.30628049823260756,0.1208669742406765,0.30084015702929184,1.0,0.7401960784313727,0.3966697892436691,0.6071206552618994,1.0,0.5449176180630959,nyc|t_plus_13h|bounded,2026-07-13T18:00:00+00:00,2026-07-13,bounded,0.0,bounded,-0.19527846036827678,KXHIGHNY-26JUL13-B84.5
0.03031962222363027,t_plus_14h,nyc,KXHIGHNY-26JUL13,0.03382152095473023,0.4118976799524086,0.6225296133459912,1.0,0.5365853658536589,0.4422173021760389,0.6563511343007215,1.0,0.5187407005229188,nyc|t_plus_14h|bounded,2026-07-13T19:00:00+00:00,2026-07-13,bounded,0.0,bounded,-0.01784466533074014,KXHIGHNY-26JUL13-B84.5
-0.47039461786020476,t_plus_15h,nyc,KXHIGHNY-26JUL13,-0.5208470557138495,1.018710528796304,1.2848249009550297,0.0,0.27669902912621397,0.5483159109360993,0.7639778452411802,0.0,0.46580981743967287,nyc|t_plus_15h|bounded,2026-07-13T20:00:00+00:00,2026-07-13,bounded,0.0,bounded,0.1891107883134589,KXHIGHNY-26JUL13-B84.5
0.0015707686860765297,t_plus_16h,nyc,KXHIGHNY-26JUL13,0.019865934135654725,0.0007208765859284905,0.02481516911972402,1.0,0.9754901960784313,0.00229164527200502,0.044681103255378746,1.0,0.9563023949332361,nyc|t_plus_16h|bounded,2026-07-13T21:00:00+00:00,2026-07-13,bounded,0.0,bounded,-0.01918780114519525,KXHIGHNY-26JUL13-B84.5
0.0017884438597364387,t_plus_17h,nyc,KXHIGHNY-26JUL13,0.021938337335307895,0.0007208765859284905,0.02481516911972402,1.0,0.9754901960784313,0.0025093204456649292,0.046753506455031915,1.0,0.9543226029623246,nyc|t_plus_17h|bounded,2026-07-13T22:00:00+00:00,2026-07-13,bounded,0.0,bounded,-0.02116759311610672,KXHIGHNY-26JUL13-B84.5
0.0024153758835903164,t_plus_18h,nyc,KXHIGHNY-26JUL13,0.027229054491936584,0.0007208765859284905,0.02481516911972402,1.0,0.9754901960784313,0.0031362524695188066,0.052044223611660605,1.0,0.9492868850200449,nyc|t_plus_18h|bounded,2026-07-13T23:00:00+00:00,2026-07-13,bounded,0.0,bounded,-0.02620331105838647,KXHIGHNY-26JUL13-B84.5
0.0024153758835903164,t_plus_19h,nyc,KXHIGHNY-26JUL13,0.027229054491936584,0.0007208765859284905,0.02481516911972402,1.0,0.9754901960784313,0.0031362524695188066,0.052044223611660605,1.0,0.9492868850200449,nyc|t_plus_19h|bounded,2026-07-14T00:00:00+00:00,2026-07-13,bounded,0.0,bounded,-0.02620331105838647,KXHIGHNY-26JUL13-B84.5
0.0024153758835903164,t_plus_20h,nyc,KXHIGHNY-26JUL13,0.027229054491936584,0.0007208765859284905,0.02481516911972402,1.0,0.9754901960784313,0.0031362524695188066,0.052044223611660605,1.0,0.9492868850200449,nyc|t_plus_20h|bounded,2026-07-14T01:00:00+00:00,2026-07-13,bounded,0.0,bounded,-0.02620331105838647,KXHIGHNY-26JUL13-B84.5
0.0024153758835903164,t_plus_21h,nyc,KXHIGHNY-26JUL13,0.027229054491936584,0.0007208765859284905,0.02481516911972402,1.0,0.9754901960784313,0.0031362524695188066,0.052044223611660605,1.0,0.9492868850200449,nyc|t_plus_21h|bounded,2026-07-14T02:00:00+00:00,2026-07-13,bounded,0.0,bounded,-0.02620331105838647,KXHIGHNY-26JUL13-B84.5
0.0024153758835903164,t_plus_22h,nyc,KXHIGHNY-26JUL13,0.027229054491936584,0.0007208765859284905,0.02481516911972402,1.0,0.9754901960784313,0.0031362524695188066,0.052044223611660605,1.0,0.9492868850200449,nyc|t_plus_22h|bounded,2026-07-14T03:00:00+00:00,2026-07-13,bounded,0.0,bounded,-0.02620331105838647,KXHIGHNY-26JUL13-B84.5
0.0024153758835903164,t_plus_23h,nyc,KXHIGHNY-26JUL13,0.027229054491936584,0.0007208765859284905,0.02481516911972402,1.0,0.9754901960784313,0.0031362524695188066,0.052044223611660605,1.0,0.9492868850200449,nyc|t_plus_23h|bounded,2026-07-14T04:00:00+00:00,2026-07-13,bounded,0.0,bounded,-0.02620331105838647,KXHIGHNY-26JUL13-B84.5
0.11647890129562982,t_plus_0h,okc,KXHIGHTOKC-26JUL13,0.07946457280639774,0.49337868480725594,0.9282669229208705,1.0,0.39523809523809533,0.6098575861028858,1.0077314957272683,0.0,0.36504614974770494,okc|t_plus_0h|bounded,2026-07-13T06:00:00+00:00,2026-07-13,bounded,-1.0,bounded,-0.030191945490390393,KXHIGHTOKC-26JUL13-B90.5
0.11939328714821973,t_plus_1h,okc,KXHIGHTOKC-26JUL13,0.08154330542738775,0.49046517373823584,0.9330175256794684,1.0,0.39336492890995267,0.6098584608864556,1.0145608311068561,0.0,0.3625616206597436,okc|t_plus_1h|bounded,2026-07-13T07:00:00+00:00,2026-07-13,bounded,-1.0,bounded,-0.03080330825020905,KXHIGHTOKC-26JUL13-B90.5
0.10512771824763323,t_plus_2h,okc,KXHIGHTOKC-26JUL13,0.11449383557285986,0.473843804047528,0.9210413346327527,1.0,0.39810426540284366,0.5789715222951612,1.0355351702056126,0.0,0.355036325210247,okc|t_plus_2h|bounded,2026-07-13T08:00:00+00:00,2026-07-13,bounded,-1.0,bounded,-0.04306794019259669,KXHIGHTOKC-26JUL13-B90.5
0.09742815542858568,t_plus_3h,okc,KXHIGHTOKC-26JUL13,0.17157795165343637,0.4419047619047622,0.836248024200619,1.0,0.4333333333333332,0.5393329173333479,1.0078259758540553,1.0,0.3650116617704336,okc|t_plus_3h|bounded,2026-07-13T09:00:00+00:00,2026-07-13,bounded,0.0,bounded,-0.06832167156289959,KXHIGHTOKC-26JUL13-B90.5
0.08678693429727069,t_plus_4h,okc,KXHIGHTOKC-26JUL13,0.139185966598235,0.4359740347251857,0.8409986269592163,1.0,0.43127962085308064,0.5227609690224564,0.9801845935574514,1.0,0.37524182523444,okc|t_plus_4h|bounded,2026-07-13T10:00:00+00:00,2026-07-13,bounded,0.0,bounded,-0.05603779561864064,KXHIGHTOKC-26JUL13-B90.5
0.08431906641099851,t_plus_5h,okc,KXHIGHTOKC-26JUL13,0.13990492884321526,0.4381859410430845,0.8362480242006194,1.0,0.433333333333333,0.522505007454083,0.9761529530438346,1.0,0.37675771909571787,okc|t_plus_5h|bounded,2026-07-13T11:00:00+00:00,2026-07-13,bounded,0.0,bounded,-0.056575614237615146,KXHIGHTOKC-26JUL13-B90.5
0.08671436882089534,t_plus_6h,okc,KXHIGHTOKC-26JUL13,0.12782266808777054,0.4270525147928993,0.8157495026522779,1.0,0.44230769230769224,0.5137668836137946,0.9435721707400484,1.0,0.389234935354288,okc|t_plus_6h|bounded,2026-07-13T12:00:00+00:00,2026-07-13,bounded,0.0,bounded,-0.05307275695340424,KXHIGHTOKC-26JUL13-B90.5
0.16296364376566252,t_plus_7h,okc,KXHIGHTOKC-26JUL13,0.2388087311853846,0.423341956457041,0.8097347588115551,1.0,0.4449760765550239,0.5863056002227035,1.0485434899969397,0.0,0.35044780830617317,okc|t_plus_7h|bounded,2026-07-13T13:00:00+00:00,2026-07-13,bounded,-1.0,bounded,-0.09452826824885074,KXHIGHTOKC-26JUL13-B90.5
0.1369077985570285,t_plus_8h,okc,KXHIGHTOKC-26JUL13,0.20939403146273994,0.3747293277810826,0.7278901290038183,1.0,0.48292682926829267,0.5116371263381111,0.9372841604665583,1.0,0.39169015977501814,okc|t_plus_8h|bounded,2026-07-13T14:00:00+00:00,2026-07-13,bounded,0.0,bounded,-0.09123666949327452,KXHIGHTOKC-26JUL13-B90.5
0.18241610853706702,t_plus_9h,okc,KXHIGHTOKC-26JUL13,0.25596733094514046,0.39876109467455556,0.7628271011979342,1.0,0.4663461538461543,0.5811772032116226,1.0187944321430746,0.0,0.36102992399089184,okc|t_plus_9h|bounded,2026-07-13T15:00:00+00:00,2026-07-13,bounded,-1.0,bounded,-0.10531622985526246,KXHIGHTOKC-26JUL13-B90.5
-0.08555886771943855,t_plus_10h,okc,KXHIGHTOKC-26JUL13,-0.0586568295982659,0.493968253968254,0.8584711609853287,1.0,0.42380952380952386,0.40840938624881545,0.7998143313870628,1.0,0.44941239814804246,okc|t_plus_10h|bounded,2026-07-13T16:00:00+00:00,2026-07-13,bounded,0.0,bounded,0.0256028743385186,KXHIGHTOKC-26JUL13-B90.5
-0.288700294437007,t_plus_11h,okc,KXHIGHTOKC-26JUL13,-0.2961824215088119,0.5823865446282572,0.9139892348858759,0.0,0.4009216589861751,0.2936862501912502,0.617806813377064,1.0,0.5391255448599834,okc|t_plus_11h|bounded,2026-07-13T17:00:00+00:00,2026-07-13,bounded,1.0,bounded,0.13820388587380833,KXHIGHTOKC-26JUL13-B90.5
-0.3448658161136556,t_plus_12h,okc,KXHIGHTOKC-26JUL13,-0.3536723266587861,0.6157368192120138,0.9234936441682123,0.0,0.3971291866028711,0.27087100309835827,0.5698213175094262,1.0,0.5656264972218321,okc|t_plus_12h|bounded,2026-07-13T18:00:00+00:00,2026-07-13,bounded,1.0,bounded,0.168497310618961,KXHIGHTOKC-26JUL13-B90.5
-0.35849881905173064,t_plus_13h,okc,KXHIGHTOKC-26JUL13,-0.41704133015332995,0.5352380952380956,0.836248024200619,0.0,0.4333333333333332,0.176739276186365,0.419206694047289,1.0,0.6575682657741706,okc|t_plus_13h|bounded,2026-07-13T19:00:00+00:00,2026-07-13,bounded,1.0,bounded,0.22423493244083742,KXHIGHTOKC-26JUL13-B90.5
0.0745134059222737,t_plus_14h,okc,KXHIGHTOKC-26JUL13,0.11584887629782908,0.04081396693259329,0.17589066646366402,1.0,0.838709677419355,0.115327372854867,0.2917395427614931,1.0,0.7469630625758718,okc|t_plus_14h|bounded,2026-07-13T20:00:00+00:00,2026-07-13,bounded,0.0,bounded,-0.09174661484348323,KXHIGHTOKC-26JUL13-B90.5
0.11870431719444911,t_plus_15h,okc,KXHIGHTOKC-26JUL13,0.2008828166708251,0.0247318786982247,0.12805192685989666,1.0,0.8798076923076926,0.1434361958926738,0.3289347435307218,1.0,0.7196899796417887,okc|t_plus_15h|bounded,2026-07-13T21:00:00+00:00,2026-07-13,bounded,0.0,bounded,-0.1601177126659039,KXHIGHTOKC-26JUL13-B90.5
-0.002955749594458672,t_plus_16h,okc,KXHIGHTOKC-26JUL13,-0.01687678974405469,0.005247394866463692,0.061557892999433435,1.0,0.9402985074626865,0.00229164527200502,0.044681103255378746,1.0,0.9563023949332361,okc|t_plus_16h|bounded,2026-07-13T22:00:00+00:00,2026-07-13,bounded,0.0,bounded,0.016003887470549594,KXHIGHTOKC-26JUL13-B90.5
0.0015707686860765297,t_plus_17h,okc,KXHIGHTOKC-26JUL13,0.019865934135654725,0.0007208765859284905,0.02481516911972402,1.0,0.9754901960784313,0.00229164527200502,0.044681103255378746,1.0,0.9563023949332361,okc|t_plus_17h|bounded,2026-07-13T23:00:00+00:00,2026-07-13,bounded,0.0,bounded,-0.01918780114519525,KXHIGHTOKC-26JUL13-B90.5
0.0015707686860765297,t_plus_18h,okc,KXHIGHTOKC-26JUL13,0.019865934135654725,0.0007208765859284905,0.02481516911972402,1.0,0.9754901960784313,0.00229164527200502,0.044681103255378746,1.0,0.9563023949332361,okc|t_plus_18h|bounded,2026-07-14T00:00:00+00:00,2026-07-13,bounded,0.0,bounded,-0.01918780114519525,KXHIGHTOKC-26JUL13-B90.5
0.0015707686860765297,t_plus_19h,okc,KXHIGHTOKC-26JUL13,0.019865934135654725,0.0007208765859284905,0.02481516911972402,1.0,0.9754901960784313,0.00229164527200502,0.044681103255378746,1.0,0.9563023949332361,okc|t_plus_19h|bounded,2026-07-14T01:00:00+00:00,2026-07-13,bounded,0.0,bounded,-0.01918780114519525,KXHIGHTOKC-26JUL13-B90.5
0.0015707686860765297,t_plus_20h,okc,KXHIGHTOKC-26JUL13,0.019865934135654725,0.0007208765859284905,0.02481516911972402,1.0,0.9754901960784313,0.00229164527200502,0.044681103255378746,1.0,0.9563023949332361,okc|t_plus_20h|bounded,2026-07-14T02:00:00+00:00,2026-07-13,bounded,0.0,bounded,-0.01918780114519525,KXHIGHTOKC-26JUL13-B90.5
0.0015707686860765297,t_plus_21h,okc,KXHIGHTOKC-26JUL13,0.019865934135654725,0.0007208765859284905,0.02481516911972402,1.0,0.9754901960784313,0.00229164527200502,0.044681103255378746,1.0,0.9563023949332361,okc|t_plus_21h|bounded,2026-07-14T03:00:00+00:00,2026-07-13,bounded,0.0,bounded,-0.01918780114519525,KXHIGHTOKC-26JUL13-B90.5
0.0015707686860765297,t_plus_22h,okc,KXHIGHTOKC-26JUL13,0.019865934135654725,0.0007208765859284905,0.02481516911972402,1.0,0.9754901960784313,0.00229164527200502,0.044681103255378746,1.0,0.9563023949332361,okc|t_plus_22h|bounded,2026-07-14T04:00:00+00:00,2026-07-13,bounded,0.0,bounded,-0.01918780114519525,KXHIGHTOKC-26JUL13-B90.5
0.0015707686860765297,t_plus_23h,okc,KXHIGHTOKC-26JUL13,0.019865934135654725,0.0007208765859284905,0.02481516911972402,1.0,0.9754901960784313,0.00229164527200502,0.044681103255378746,1.0,0.9563023949332361,okc|t_plus_23h|bounded,2026-07-14T05:00:00+00:00,2026-07-13,bounded,0.0,bounded,-0.01918780114519525,KXHIGHTOKC-26JUL13-B90.5
