city,event_ticker,feature_profile,mode,snapshot_hour_utc,target_date,test_days,test_end_date,test_start_date,train_days,train_end_date,train_start_date,training_rows
aus,KXHIGHAUS-26JUL08,weather_only,trained_hist_gradient_boosting,2026-07-08T06:00:00+00:00,2026-07-08,1,2026-07-08,2026-07-08,7,2026-07-07,2026-07-01,877
aus,KXHIGHAUS-26JUL08,weather_only,trained_hist_gradient_boosting,2026-07-08T07:00:00+00:00,2026-07-08,1,2026-07-08,2026-07-08,7,2026-07-07,2026-07-01,877
aus,KXHIGHAUS-26JUL08,weather_only,trained_hist_gradient_boosting,2026-07-08T08:00:00+00:00,2026-07-08,1,2026-07-08,2026-07-08,7,2026-07-07,2026-07-01,877
aus,KXHIGHAUS-26JUL08,weather_only,trained_hist_gradient_boosting,2026-07-08T09:00:00+00:00,2026-07-08,1,2026-07-08,2026-07-08,7,2026-07-07,2026-07-01,877
aus,KXHIGHAUS-26JUL08,weather_only,trained_hist_gradient_boosting,2026-07-08T10:00:00+00:00,2026-07-08,1,2026-07-08,2026-07-08,7,2026-07-07,2026-07-01,877
aus,KXHIGHAUS-26JUL08,weather_only,trained_hist_gradient_boosting,2026-07-08T11:00:00+00:00,2026-07-08,1,2026-07-08,2026-07-08,7,2026-07-07,2026-07-01,877
aus,KXHIGHAUS-26JUL08,weather_only,trained_hist_gradient_boosting,2026-07-08T12:00:00+00:00,2026-07-08,1,2026-07-08,2026-07-08,7,2026-07-07,2026-07-01,877
aus,KXHIGHAUS-26JUL08,weather_only,trained_hist_gradient_boosting,2026-07-08T13:00:00+00:00,2026-07-08,1,2026-07-08,2026-07-08,7,2026-07-07,2026-07-01,877
aus,KXHIGHAUS-26JUL08,weather_only,trained_hist_gradient_boosting,2026-07-08T14:00:00+00:00,2026-07-08,1,2026-07-08,2026-07-08,7,2026-07-07,2026-07-01,877
aus,KXHIGHAUS-26JUL08,weather_only,trained_hist_gradient_boosting,2026-07-08T15:00:00+00:00,2026-07-08,1,2026-07-08,2026-07-08,7,2026-07-07,2026-07-01,877
aus,KXHIGHAUS-26JUL08,weather_only,trained_hist_gradient_boosting,2026-07-08T16:00:00+00:00,2026-07-08,1,2026-07-08,2026-07-08,7,2026-07-07,2026-07-01,877
aus,KXHIGHAUS-26JUL08,weather_only,trained_hist_gradient_boosting,2026-07-08T17:00:00+00:00,2026-07-08,1,2026-07-08,2026-07-08,7,2026-07-07,2026-07-01,877
aus,KXHIGHAUS-26JUL08,weather_only,trained_hist_gradient_boosting,2026-07-08T18:00:00+00:00,2026-07-08,1,2026-07-08,2026-07-08,7,2026-07-07,2026-07-01,877
aus,KXHIGHAUS-26JUL08,weather_only,trained_hist_gradient_boosting,2026-07-08T19:00:00+00:00,2026-07-08,1,2026-07-08,2026-07-08,7,2026-07-07,2026-07-01,877
aus,KXHIGHAUS-26JUL08,weather_only,trained_hist_gradient_boosting,2026-07-08T20:00:00+00:00,2026-07-08,1,2026-07-08,2026-07-08,7,2026-07-07,2026-07-01,877
aus,KXHIGHAUS-26JUL08,weather_only,trained_hist_gradient_boosting,2026-07-08T21:00:00+00:00,2026-07-08,1,2026-07-08,2026-07-08,7,2026-07-07,2026-07-01,877
aus,KXHIGHAUS-26JUL08,weather_only,trained_hist_gradient_boosting,2026-07-08T22:00:00+00:00,2026-07-08,1,2026-07-08,2026-07-08,7,2026-07-07,2026-07-01,877
aus,KXHIGHAUS-26JUL08,weather_only,trained_hist_gradient_boosting,2026-07-08T23:00:00+00:00,2026-07-08,1,2026-07-08,2026-07-08,7,2026-07-07,2026-07-01,877
aus,KXHIGHAUS-26JUL08,weather_only,trained_hist_gradient_boosting,2026-07-09T00:00:00+00:00,2026-07-08,1,2026-07-08,2026-07-08,7,2026-07-07,2026-07-01,877
aus,KXHIGHAUS-26JUL08,weather_only,trained_hist_gradient_boosting,2026-07-09T01:00:00+00:00,2026-07-08,1,2026-07-08,2026-07-08,7,2026-07-07,2026-07-01,877
aus,KXHIGHAUS-26JUL08,weather_only,trained_hist_gradient_boosting,2026-07-09T02:00:00+00:00,2026-07-08,1,2026-07-08,2026-07-08,7,2026-07-07,2026-07-01,877
aus,KXHIGHAUS-26JUL08,weather_only,trained_hist_gradient_boosting,2026-07-09T03:00:00+00:00,2026-07-08,1,2026-07-08,2026-07-08,7,2026-07-07,2026-07-01,877
aus,KXHIGHAUS-26JUL08,weather_only,trained_hist_gradient_boosting,2026-07-09T04:00:00+00:00,2026-07-08,1,2026-07-08,2026-07-08,7,2026-07-07,2026-07-01,877
aus,KXHIGHAUS-26JUL08,weather_only,trained_hist_gradient_boosting,2026-07-09T05:00:00+00:00,2026-07-08,1,2026-07-08,2026-07-08,7,2026-07-07,2026-07-01,877
den,KXHIGHDEN-26JUL08,weather_only,trained_hist_gradient_boosting,2026-07-08T07:00:00+00:00,2026-07-08,1,2026-07-08,2026-07-08,7,2026-07-07,2026-07-01,877
den,KXHIGHDEN-26JUL08,weather_only,trained_hist_gradient_boosting,2026-07-08T08:00:00+00:00,2026-07-08,1,2026-07-08,2026-07-08,7,2026-07-07,2026-07-01,877
den,KXHIGHDEN-26JUL08,weather_only,trained_hist_gradient_boosting,2026-07-08T09:00:00+00:00,2026-07-08,1,2026-07-08,2026-07-08,7,2026-07-07,2026-07-01,877
den,KXHIGHDEN-26JUL08,weather_only,trained_hist_gradient_boosting,2026-07-08T10:00:00+00:00,2026-07-08,1,2026-07-08,2026-07-08,7,2026-07-07,2026-07-01,877
den,KXHIGHDEN-26JUL08,weather_only,trained_hist_gradient_boosting,2026-07-08T11:00:00+00:00,2026-07-08,1,2026-07-08,2026-07-08,7,2026-07-07,2026-07-01,877
den,KXHIGHDEN-26JUL08,weather_only,trained_hist_gradient_boosting,2026-07-08T12:00:00+00:00,2026-07-08,1,2026-07-08,2026-07-08,7,2026-07-07,2026-07-01,877
den,KXHIGHDEN-26JUL08,weather_only,trained_hist_gradient_boosting,2026-07-08T13:00:00+00:00,2026-07-08,1,2026-07-08,2026-07-08,7,2026-07-07,2026-07-01,877
den,KXHIGHDEN-26JUL08,weather_only,trained_hist_gradient_boosting,2026-07-08T14:00:00+00:00,2026-07-08,1,2026-07-08,2026-07-08,7,2026-07-07,2026-07-01,877
den,KXHIGHDEN-26JUL08,weather_only,trained_hist_gradient_boosting,2026-07-08T15:00:00+00:00,2026-07-08,1,2026-07-08,2026-07-08,7,2026-07-07,2026-07-01,877
den,KXHIGHDEN-26JUL08,weather_only,trained_hist_gradient_boosting,2026-07-08T16:00:00+00:00,2026-07-08,1,2026-07-08,2026-07-08,7,2026-07-07,2026-07-01,877
den,KXHIGHDEN-26JUL08,weather_only,trained_hist_gradient_boosting,2026-07-08T17:00:00+00:00,2026-07-08,1,2026-07-08,2026-07-08,7,2026-07-07,2026-07-01,877
den,KXHIGHDEN-26JUL08,weather_only,trained_hist_gradient_boosting,2026-07-08T18:00:00+00:00,2026-07-08,1,2026-07-08,2026-07-08,7,2026-07-07,2026-07-01,877
den,KXHIGHDEN-26JUL08,weather_only,trained_hist_gradient_boosting,2026-07-08T19:00:00+00:00,2026-07-08,1,2026-07-08,2026-07-08,7,2026-07-07,2026-07-01,877
den,KXHIGHDEN-26JUL08,weather_only,trained_hist_gradient_boosting,2026-07-08T20:00:00+00:00,2026-07-08,1,2026-07-08,2026-07-08,7,2026-07-07,2026-07-01,877
den,KXHIGHDEN-26JUL08,weather_only,trained_hist_gradient_boosting,2026-07-08T21:00:00+00:00,2026-07-08,1,2026-07-08,2026-07-08,7,2026-07-07,2026-07-01,877
den,KXHIGHDEN-26JUL08,weather_only,trained_hist_gradient_boosting,2026-07-08T22:00:00+00:00,2026-07-08,1,2026-07-08,2026-07-08,7,2026-07-07,2026-07-01,877
den,KXHIGHDEN-26JUL08,weather_only,trained_hist_gradient_boosting,2026-07-08T23:00:00+00:00,2026-07-08,1,2026-07-08,2026-07-08,7,2026-07-07,2026-07-01,877
den,KXHIGHDEN-26JUL08,weather_only,trained_hist_gradient_boosting,2026-07-09T00:00:00+00:00,2026-07-08,1,2026-07-08,2026-07-08,7,2026-07-07,2026-07-01,877
den,KXHIGHDEN-26JUL08,weather_only,trained_hist_gradient_boosting,2026-07-09T01:00:00+00:00,2026-07-08,1,2026-07-08,2026-07-08,7,2026-07-07,2026-07-01,877
den,KXHIGHDEN-26JUL08,weather_only,trained_hist_gradient_boosting,2026-07-09T02:00:00+00:00,2026-07-08,1,2026-07-08,2026-07-08,7,2026-07-07,2026-07-01,877
den,KXHIGHDEN-26JUL08,weather_only,trained_hist_gradient_boosting,2026-07-09T03:00:00+00:00,2026-07-08,1,2026-07-08,2026-07-08,7,2026-07-07,2026-07-01,877
den,KXHIGHDEN-26JUL08,weather_only,trained_hist_gradient_boosting,2026-07-09T04:00:00+00:00,2026-07-08,1,2026-07-08,2026-07-08,7,2026-07-07,2026-07-01,877
den,KXHIGHDEN-26JUL08,weather_only,trained_hist_gradient_boosting,2026-07-09T05:00:00+00:00,2026-07-08,1,2026-07-08,2026-07-08,7,2026-07-07,2026-07-01,877
den,KXHIGHDEN-26JUL08,weather_only,trained_hist_gradient_boosting,2026-07-09T06:00:00+00:00,2026-07-08,1,2026-07-08,2026-07-08,7,2026-07-07,2026-07-01,877
la,KXHIGHLAX-26JUL08,weather_only,trained_hist_gradient_boosting,2026-07-08T08:00:00+00:00,2026-07-08,1,2026-07-08,2026-07-08,7,2026-07-07,2026-07-01,877
la,KXHIGHLAX-26JUL08,weather_only,trained_hist_gradient_boosting,2026-07-08T09:00:00+00:00,2026-07-08,1,2026-07-08,2026-07-08,7,2026-07-07,2026-07-01,877
la,KXHIGHLAX-26JUL08,weather_only,trained_hist_gradient_boosting,2026-07-08T10:00:00+00:00,2026-07-08,1,2026-07-08,2026-07-08,7,2026-07-07,2026-07-01,877
la,KXHIGHLAX-26JUL08,weather_only,trained_hist_gradient_boosting,2026-07-08T11:00:00+00:00,2026-07-08,1,2026-07-08,2026-07-08,7,2026-07-07,2026-07-01,877
la,KXHIGHLAX-26JUL08,weather_only,trained_hist_gradient_boosting,2026-07-08T12:00:00+00:00,2026-07-08,1,2026-07-08,2026-07-08,7,2026-07-07,2026-07-01,877
la,KXHIGHLAX-26JUL08,weather_only,trained_hist_gradient_boosting,2026-07-08T13:00:00+00:00,2026-07-08,1,2026-07-08,2026-07-08,7,2026-07-07,2026-07-01,877
la,KXHIGHLAX-26JUL08,weather_only,trained_hist_gradient_boosting,2026-07-08T14:00:00+00:00,2026-07-08,1,2026-07-08,2026-07-08,7,2026-07-07,2026-07-01,877
la,KXHIGHLAX-26JUL08,weather_only,trained_hist_gradient_boosting,2026-07-08T15:00:00+00:00,2026-07-08,1,2026-07-08,2026-07-08,7,2026-07-07,2026-07-01,877
la,KXHIGHLAX-26JUL08,weather_only,trained_hist_gradient_boosting,2026-07-08T16:00:00+00:00,2026-07-08,1,2026-07-08,2026-07-08,7,2026-07-07,2026-07-01,877
la,KXHIGHLAX-26JUL08,weather_only,trained_hist_gradient_boosting,2026-07-08T17:00:00+00:00,2026-07-08,1,2026-07-08,2026-07-08,7,2026-07-07,2026-07-01,877
la,KXHIGHLAX-26JUL08,weather_only,trained_hist_gradient_boosting,2026-07-08T18:00:00+00:00,2026-07-08,1,2026-07-08,2026-07-08,7,2026-07-07,2026-07-01,877
la,KXHIGHLAX-26JUL08,weather_only,trained_hist_gradient_boosting,2026-07-08T19:00:00+00:00,2026-07-08,1,2026-07-08,2026-07-08,7,2026-07-07,2026-07-01,877
la,KXHIGHLAX-26JUL08,weather_only,trained_hist_gradient_boosting,2026-07-08T20:00:00+00:00,2026-07-08,1,2026-07-08,2026-07-08,7,2026-07-07,2026-07-01,877
la,KXHIGHLAX-26JUL08,weather_only,trained_hist_gradient_boosting,2026-07-08T21:00:00+00:00,2026-07-08,1,2026-07-08,2026-07-08,7,2026-07-07,2026-07-01,877
la,KXHIGHLAX-26JUL08,weather_only,trained_hist_gradient_boosting,2026-07-08T22:00:00+00:00,2026-07-08,1,2026-07-08,2026-07-08,7,2026-07-07,2026-07-01,877
la,KXHIGHLAX-26JUL08,weather_only,trained_hist_gradient_boosting,2026-07-08T23:00:00+00:00,2026-07-08,1,2026-07-08,2026-07-08,7,2026-07-07,2026-07-01,877
la,KXHIGHLAX-26JUL08,weather_only,trained_hist_gradient_boosting,2026-07-09T00:00:00+00:00,2026-07-08,1,2026-07-08,2026-07-08,7,2026-07-07,2026-07-01,877
la,KXHIGHLAX-26JUL08,weather_only,trained_hist_gradient_boosting,2026-07-09T01:00:00+00:00,2026-07-08,1,2026-07-08,2026-07-08,7,2026-07-07,2026-07-01,877
la,KXHIGHLAX-26JUL08,weather_only,trained_hist_gradient_boosting,2026-07-09T02:00:00+00:00,2026-07-08,1,2026-07-08,2026-07-08,7,2026-07-07,2026-07-01,877
la,KXHIGHLAX-26JUL08,weather_only,trained_hist_gradient_boosting,2026-07-09T03:00:00+00:00,2026-07-08,1,2026-07-08,2026-07-08,7,2026-07-07,2026-07-01,877
la,KXHIGHLAX-26JUL08,weather_only,trained_hist_gradient_boosting,2026-07-09T04:00:00+00:00,2026-07-08,1,2026-07-08,2026-07-08,7,2026-07-07,2026-07-01,877
la,KXHIGHLAX-26JUL08,weather_only,trained_hist_gradient_boosting,2026-07-09T05:00:00+00:00,2026-07-08,1,2026-07-08,2026-07-08,7,2026-07-07,2026-07-01,877
la,KXHIGHLAX-26JUL08,weather_only,trained_hist_gradient_boosting,2026-07-09T06:00:00+00:00,2026-07-08,1,2026-07-08,2026-07-08,7,2026-07-07,2026-07-01,877
la,KXHIGHLAX-26JUL08,weather_only,trained_hist_gradient_boosting,2026-07-09T07:00:00+00:00,2026-07-08,1,2026-07-08,2026-07-08,7,2026-07-07,2026-07-01,877
mia,KXHIGHMIA-26JUL08,weather_only,trained_hist_gradient_boosting,2026-07-08T05:00:00+00:00,2026-07-08,1,2026-07-08,2026-07-08,7,2026-07-07,2026-07-01,877
mia,KXHIGHMIA-26JUL08,weather_only,trained_hist_gradient_boosting,2026-07-08T06:00:00+00:00,2026-07-08,1,2026-07-08,2026-07-08,7,2026-07-07,2026-07-01,877
mia,KXHIGHMIA-26JUL08,weather_only,trained_hist_gradient_boosting,2026-07-08T07:00:00+00:00,2026-07-08,1,2026-07-08,2026-07-08,7,2026-07-07,2026-07-01,877
mia,KXHIGHMIA-26JUL08,weather_only,trained_hist_gradient_boosting,2026-07-08T08:00:00+00:00,2026-07-08,1,2026-07-08,2026-07-08,7,2026-07-07,2026-07-01,877
mia,KXHIGHMIA-26JUL08,weather_only,trained_hist_gradient_boosting,2026-07-08T09:00:00+00:00,2026-07-08,1,2026-07-08,2026-07-08,7,2026-07-07,2026-07-01,877
mia,KXHIGHMIA-26JUL08,weather_only,trained_hist_gradient_boosting,2026-07-08T10:00:00+00:00,2026-07-08,1,2026-07-08,2026-07-08,7,2026-07-07,2026-07-01,877
mia,KXHIGHMIA-26JUL08,weather_only,trained_hist_gradient_boosting,2026-07-08T11:00:00+00:00,2026-07-08,1,2026-07-08,2026-07-08,7,2026-07-07,2026-07-01,877
mia,KXHIGHMIA-26JUL08,weather_only,trained_hist_gradient_boosting,2026-07-08T12:00:00+00:00,2026-07-08,1,2026-07-08,2026-07-08,7,2026-07-07,2026-07-01,877
mia,KXHIGHMIA-26JUL08,weather_only,trained_hist_gradient_boosting,2026-07-08T13:00:00+00:00,2026-07-08,1,2026-07-08,2026-07-08,7,2026-07-07,2026-07-01,877
mia,KXHIGHMIA-26JUL08,weather_only,trained_hist_gradient_boosting,2026-07-08T14:00:00+00:00,2026-07-08,1,2026-07-08,2026-07-08,7,2026-07-07,2026-07-01,877
mia,KXHIGHMIA-26JUL08,weather_only,trained_hist_gradient_boosting,2026-07-08T15:00:00+00:00,2026-07-08,1,2026-07-08,2026-07-08,7,2026-07-07,2026-07-01,877
mia,KXHIGHMIA-26JUL08,weather_only,trained_hist_gradient_boosting,2026-07-08T16:00:00+00:00,2026-07-08,1,2026-07-08,2026-07-08,7,2026-07-07,2026-07-01,877
mia,KXHIGHMIA-26JUL08,weather_only,trained_hist_gradient_boosting,2026-07-08T17:00:00+00:00,2026-07-08,1,2026-07-08,2026-07-08,7,2026-07-07,2026-07-01,877
mia,KXHIGHMIA-26JUL08,weather_only,trained_hist_gradient_boosting,2026-07-08T18:00:00+00:00,2026-07-08,1,2026-07-08,2026-07-08,7,2026-07-07,2026-07-01,877
mia,KXHIGHMIA-26JUL08,weather_only,trained_hist_gradient_boosting,2026-07-08T19:00:00+00:00,2026-07-08,1,2026-07-08,2026-07-08,7,2026-07-07,2026-07-01,877
mia,KXHIGHMIA-26JUL08,weather_only,trained_hist_gradient_boosting,2026-07-08T20:00:00+00:00,2026-07-08,1,2026-07-08,2026-07-08,7,2026-07-07,2026-07-01,877
mia,KXHIGHMIA-26JUL08,weather_only,trained_hist_gradient_boosting,2026-07-08T21:00:00+00:00,2026-07-08,1,2026-07-08,2026-07-08,7,2026-07-07,2026-07-01,877
mia,KXHIGHMIA-26JUL08,weather_only,trained_hist_gradient_boosting,2026-07-08T22:00:00+00:00,2026-07-08,1,2026-07-08,2026-07-08,7,2026-07-07,2026-07-01,877
mia,KXHIGHMIA-26JUL08,weather_only,trained_hist_gradient_boosting,2026-07-08T23:00:00+00:00,2026-07-08,1,2026-07-08,2026-07-08,7,2026-07-07,2026-07-01,877
mia,KXHIGHMIA-26JUL08,weather_only,trained_hist_gradient_boosting,2026-07-09T00:00:00+00:00,2026-07-08,1,2026-07-08,2026-07-08,7,2026-07-07,2026-07-01,877
mia,KXHIGHMIA-26JUL08,weather_only,trained_hist_gradient_boosting,2026-07-09T01:00:00+00:00,2026-07-08,1,2026-07-08,2026-07-08,7,2026-07-07,2026-07-01,877
mia,KXHIGHMIA-26JUL08,weather_only,trained_hist_gradient_boosting,2026-07-09T02:00:00+00:00,2026-07-08,1,2026-07-08,2026-07-08,7,2026-07-07,2026-07-01,877
mia,KXHIGHMIA-26JUL08,weather_only,trained_hist_gradient_boosting,2026-07-09T03:00:00+00:00,2026-07-08,1,2026-07-08,2026-07-08,7,2026-07-07,2026-07-01,877
mia,KXHIGHMIA-26JUL08,weather_only,trained_hist_gradient_boosting,2026-07-09T04:00:00+00:00,2026-07-08,1,2026-07-08,2026-07-08,7,2026-07-07,2026-07-01,877
nyc,KXHIGHNY-26JUL08,weather_only,trained_hist_gradient_boosting,2026-07-08T05:00:00+00:00,2026-07-08,1,2026-07-08,2026-07-08,7,2026-07-07,2026-07-01,877
nyc,KXHIGHNY-26JUL08,weather_only,trained_hist_gradient_boosting,2026-07-08T06:00:00+00:00,2026-07-08,1,2026-07-08,2026-07-08,7,2026-07-07,2026-07-01,877
nyc,KXHIGHNY-26JUL08,weather_only,trained_hist_gradient_boosting,2026-07-08T07:00:00+00:00,2026-07-08,1,2026-07-08,2026-07-08,7,2026-07-07,2026-07-01,877
nyc,KXHIGHNY-26JUL08,weather_only,trained_hist_gradient_boosting,2026-07-08T08:00:00+00:00,2026-07-08,1,2026-07-08,2026-07-08,7,2026-07-07,2026-07-01,877
nyc,KXHIGHNY-26JUL08,weather_only,trained_hist_gradient_boosting,2026-07-08T09:00:00+00:00,2026-07-08,1,2026-07-08,2026-07-08,7,2026-07-07,2026-07-01,877
nyc,KXHIGHNY-26JUL08,weather_only,trained_hist_gradient_boosting,2026-07-08T10:00:00+00:00,2026-07-08,1,2026-07-08,2026-07-08,7,2026-07-07,2026-07-01,877
nyc,KXHIGHNY-26JUL08,weather_only,trained_hist_gradient_boosting,2026-07-08T11:00:00+00:00,2026-07-08,1,2026-07-08,2026-07-08,7,2026-07-07,2026-07-01,877
nyc,KXHIGHNY-26JUL08,weather_only,trained_hist_gradient_boosting,2026-07-08T12:00:00+00:00,2026-07-08,1,2026-07-08,2026-07-08,7,2026-07-07,2026-07-01,877
nyc,KXHIGHNY-26JUL08,weather_only,trained_hist_gradient_boosting,2026-07-08T13:00:00+00:00,2026-07-08,1,2026-07-08,2026-07-08,7,2026-07-07,2026-07-01,877
nyc,KXHIGHNY-26JUL08,weather_only,trained_hist_gradient_boosting,2026-07-08T14:00:00+00:00,2026-07-08,1,2026-07-08,2026-07-08,7,2026-07-07,2026-07-01,877
nyc,KXHIGHNY-26JUL08,weather_only,trained_hist_gradient_boosting,2026-07-08T15:00:00+00:00,2026-07-08,1,2026-07-08,2026-07-08,7,2026-07-07,2026-07-01,877
nyc,KXHIGHNY-26JUL08,weather_only,trained_hist_gradient_boosting,2026-07-08T16:00:00+00:00,2026-07-08,1,2026-07-08,2026-07-08,7,2026-07-07,2026-07-01,877
nyc,KXHIGHNY-26JUL08,weather_only,trained_hist_gradient_boosting,2026-07-08T17:00:00+00:00,2026-07-08,1,2026-07-08,2026-07-08,7,2026-07-07,2026-07-01,877
nyc,KXHIGHNY-26JUL08,weather_only,trained_hist_gradient_boosting,2026-07-08T18:00:00+00:00,2026-07-08,1,2026-07-08,2026-07-08,7,2026-07-07,2026-07-01,877
nyc,KXHIGHNY-26JUL08,weather_only,trained_hist_gradient_boosting,2026-07-08T19:00:00+00:00,2026-07-08,1,2026-07-08,2026-07-08,7,2026-07-07,2026-07-01,877
nyc,KXHIGHNY-26JUL08,weather_only,trained_hist_gradient_boosting,2026-07-08T20:00:00+00:00,2026-07-08,1,2026-07-08,2026-07-08,7,2026-07-07,2026-07-01,877
nyc,KXHIGHNY-26JUL08,weather_only,trained_hist_gradient_boosting,2026-07-08T21:00:00+00:00,2026-07-08,1,2026-07-08,2026-07-08,7,2026-07-07,2026-07-01,877
nyc,KXHIGHNY-26JUL08,weather_only,trained_hist_gradient_boosting,2026-07-08T22:00:00+00:00,2026-07-08,1,2026-07-08,2026-07-08,7,2026-07-07,2026-07-01,877
nyc,KXHIGHNY-26JUL08,weather_only,trained_hist_gradient_boosting,2026-07-08T23:00:00+00:00,2026-07-08,1,2026-07-08,2026-07-08,7,2026-07-07,2026-07-01,877
nyc,KXHIGHNY-26JUL08,weather_only,trained_hist_gradient_boosting,2026-07-09T00:00:00+00:00,2026-07-08,1,2026-07-08,2026-07-08,7,2026-07-07,2026-07-01,877
nyc,KXHIGHNY-26JUL08,weather_only,trained_hist_gradient_boosting,2026-07-09T01:00:00+00:00,2026-07-08,1,2026-07-08,2026-07-08,7,2026-07-07,2026-07-01,877
nyc,KXHIGHNY-26JUL08,weather_only,trained_hist_gradient_boosting,2026-07-09T02:00:00+00:00,2026-07-08,1,2026-07-08,2026-07-08,7,2026-07-07,2026-07-01,877
nyc,KXHIGHNY-26JUL08,weather_only,trained_hist_gradient_boosting,2026-07-09T03:00:00+00:00,2026-07-08,1,2026-07-08,2026-07-08,7,2026-07-07,2026-07-01,877
nyc,KXHIGHNY-26JUL08,weather_only,trained_hist_gradient_boosting,2026-07-09T04:00:00+00:00,2026-07-08,1,2026-07-08,2026-07-08,7,2026-07-07,2026-07-01,877
okc,KXHIGHTOKC-26JUL08,weather_only,trained_hist_gradient_boosting,2026-07-08T06:00:00+00:00,2026-07-08,1,2026-07-08,2026-07-08,7,2026-07-07,2026-07-01,877
okc,KXHIGHTOKC-26JUL08,weather_only,trained_hist_gradient_boosting,2026-07-08T07:00:00+00:00,2026-07-08,1,2026-07-08,2026-07-08,7,2026-07-07,2026-07-01,877
okc,KXHIGHTOKC-26JUL08,weather_only,trained_hist_gradient_boosting,2026-07-08T08:00:00+00:00,2026-07-08,1,2026-07-08,2026-07-08,7,2026-07-07,2026-07-01,877
okc,KXHIGHTOKC-26JUL08,weather_only,trained_hist_gradient_boosting,2026-07-08T09:00:00+00:00,2026-07-08,1,2026-07-08,2026-07-08,7,2026-07-07,2026-07-01,877
okc,KXHIGHTOKC-26JUL08,weather_only,trained_hist_gradient_boosting,2026-07-08T10:00:00+00:00,2026-07-08,1,2026-07-08,2026-07-08,7,2026-07-07,2026-07-01,877
okc,KXHIGHTOKC-26JUL08,weather_only,trained_hist_gradient_boosting,2026-07-08T11:00:00+00:00,2026-07-08,1,2026-07-08,2026-07-08,7,2026-07-07,2026-07-01,877
okc,KXHIGHTOKC-26JUL08,weather_only,trained_hist_gradient_boosting,2026-07-08T12:00:00+00:00,2026-07-08,1,2026-07-08,2026-07-08,7,2026-07-07,2026-07-01,877
okc,KXHIGHTOKC-26JUL08,weather_only,trained_hist_gradient_boosting,2026-07-08T13:00:00+00:00,2026-07-08,1,2026-07-08,2026-07-08,7,2026-07-07,2026-07-01,877
okc,KXHIGHTOKC-26JUL08,weather_only,trained_hist_gradient_boosting,2026-07-08T14:00:00+00:00,2026-07-08,1,2026-07-08,2026-07-08,7,2026-07-07,2026-07-01,877
okc,KXHIGHTOKC-26JUL08,weather_only,trained_hist_gradient_boosting,2026-07-08T15:00:00+00:00,2026-07-08,1,2026-07-08,2026-07-08,7,2026-07-07,2026-07-01,877
okc,KXHIGHTOKC-26JUL08,weather_only,trained_hist_gradient_boosting,2026-07-08T16:00:00+00:00,2026-07-08,1,2026-07-08,2026-07-08,7,2026-07-07,2026-07-01,877
okc,KXHIGHTOKC-26JUL08,weather_only,trained_hist_gradient_boosting,2026-07-08T17:00:00+00:00,2026-07-08,1,2026-07-08,2026-07-08,7,2026-07-07,2026-07-01,877
okc,KXHIGHTOKC-26JUL08,weather_only,trained_hist_gradient_boosting,2026-07-08T18:00:00+00:00,2026-07-08,1,2026-07-08,2026-07-08,7,2026-07-07,2026-07-01,877
okc,KXHIGHTOKC-26JUL08,weather_only,trained_hist_gradient_boosting,2026-07-08T19:00:00+00:00,2026-07-08,1,2026-07-08,2026-07-08,7,2026-07-07,2026-07-01,877
okc,KXHIGHTOKC-26JUL08,weather_only,trained_hist_gradient_boosting,2026-07-08T20:00:00+00:00,2026-07-08,1,2026-07-08,2026-07-08,7,2026-07-07,2026-07-01,877
okc,KXHIGHTOKC-26JUL08,weather_only,trained_hist_gradient_boosting,2026-07-08T21:00:00+00:00,2026-07-08,1,2026-07-08,2026-07-08,7,2026-07-07,2026-07-01,877
okc,KXHIGHTOKC-26JUL08,weather_only,trained_hist_gradient_boosting,2026-07-08T22:00:00+00:00,2026-07-08,1,2026-07-08,2026-07-08,7,2026-07-07,2026-07-01,877
okc,KXHIGHTOKC-26JUL08,weather_only,trained_hist_gradient_boosting,2026-07-08T23:00:00+00:00,2026-07-08,1,2026-07-08,2026-07-08,7,2026-07-07,2026-07-01,877
okc,KXHIGHTOKC-26JUL08,weather_only,trained_hist_gradient_boosting,2026-07-09T00:00:00+00:00,2026-07-08,1,2026-07-08,2026-07-08,7,2026-07-07,2026-07-01,877
okc,KXHIGHTOKC-26JUL08,weather_only,trained_hist_gradient_boosting,2026-07-09T01:00:00+00:00,2026-07-08,1,2026-07-08,2026-07-08,7,2026-07-07,2026-07-01,877
okc,KXHIGHTOKC-26JUL08,weather_only,trained_hist_gradient_boosting,2026-07-09T02:00:00+00:00,2026-07-08,1,2026-07-08,2026-07-08,7,2026-07-07,2026-07-01,877
okc,KXHIGHTOKC-26JUL08,weather_only,trained_hist_gradient_boosting,2026-07-09T03:00:00+00:00,2026-07-08,1,2026-07-08,2026-07-08,7,2026-07-07,2026-07-01,877
okc,KXHIGHTOKC-26JUL08,weather_only,trained_hist_gradient_boosting,2026-07-09T04:00:00+00:00,2026-07-08,1,2026-07-08,2026-07-08,7,2026-07-07,2026-07-01,877
okc,KXHIGHTOKC-26JUL08,weather_only,trained_hist_gradient_boosting,2026-07-09T05:00:00+00:00,2026-07-08,1,2026-07-08,2026-07-08,7,2026-07-07,2026-07-01,877
aus,KXHIGHAUS-26JUL09,weather_only,trained_hist_gradient_boosting,2026-07-09T06:00:00+00:00,2026-07-09,1,2026-07-09,2026-07-09,7,2026-07-08,2026-07-02,1008
aus,KXHIGHAUS-26JUL09,weather_only,trained_hist_gradient_boosting,2026-07-09T07:00:00+00:00,2026-07-09,1,2026-07-09,2026-07-09,7,2026-07-08,2026-07-02,1008
aus,KXHIGHAUS-26JUL09,weather_only,trained_hist_gradient_boosting,2026-07-09T08:00:00+00:00,2026-07-09,1,2026-07-09,2026-07-09,7,2026-07-08,2026-07-02,1008
aus,KXHIGHAUS-26JUL09,weather_only,trained_hist_gradient_boosting,2026-07-09T09:00:00+00:00,2026-07-09,1,2026-07-09,2026-07-09,7,2026-07-08,2026-07-02,1008
aus,KXHIGHAUS-26JUL09,weather_only,trained_hist_gradient_boosting,2026-07-09T10:00:00+00:00,2026-07-09,1,2026-07-09,2026-07-09,7,2026-07-08,2026-07-02,1008
aus,KXHIGHAUS-26JUL09,weather_only,trained_hist_gradient_boosting,2026-07-09T11:00:00+00:00,2026-07-09,1,2026-07-09,2026-07-09,7,2026-07-08,2026-07-02,1008
aus,KXHIGHAUS-26JUL09,weather_only,trained_hist_gradient_boosting,2026-07-09T12:00:00+00:00,2026-07-09,1,2026-07-09,2026-07-09,7,2026-07-08,2026-07-02,1008
aus,KXHIGHAUS-26JUL09,weather_only,trained_hist_gradient_boosting,2026-07-09T13:00:00+00:00,2026-07-09,1,2026-07-09,2026-07-09,7,2026-07-08,2026-07-02,1008
aus,KXHIGHAUS-26JUL09,weather_only,trained_hist_gradient_boosting,2026-07-09T14:00:00+00:00,2026-07-09,1,2026-07-09,2026-07-09,7,2026-07-08,2026-07-02,1008
aus,KXHIGHAUS-26JUL09,weather_only,trained_hist_gradient_boosting,2026-07-09T15:00:00+00:00,2026-07-09,1,2026-07-09,2026-07-09,7,2026-07-08,2026-07-02,1008
aus,KXHIGHAUS-26JUL09,weather_only,trained_hist_gradient_boosting,2026-07-09T16:00:00+00:00,2026-07-09,1,2026-07-09,2026-07-09,7,2026-07-08,2026-07-02,1008
aus,KXHIGHAUS-26JUL09,weather_only,trained_hist_gradient_boosting,2026-07-09T17:00:00+00:00,2026-07-09,1,2026-07-09,2026-07-09,7,2026-07-08,2026-07-02,1008
aus,KXHIGHAUS-26JUL09,weather_only,trained_hist_gradient_boosting,2026-07-09T18:00:00+00:00,2026-07-09,1,2026-07-09,2026-07-09,7,2026-07-08,2026-07-02,1008
aus,KXHIGHAUS-26JUL09,weather_only,trained_hist_gradient_boosting,2026-07-09T19:00:00+00:00,2026-07-09,1,2026-07-09,2026-07-09,7,2026-07-08,2026-07-02,1008
aus,KXHIGHAUS-26JUL09,weather_only,trained_hist_gradient_boosting,2026-07-09T20:00:00+00:00,2026-07-09,1,2026-07-09,2026-07-09,7,2026-07-08,2026-07-02,1008
aus,KXHIGHAUS-26JUL09,weather_only,trained_hist_gradient_boosting,2026-07-09T21:00:00+00:00,2026-07-09,1,2026-07-09,2026-07-09,7,2026-07-08,2026-07-02,1008
aus,KXHIGHAUS-26JUL09,weather_only,trained_hist_gradient_boosting,2026-07-09T22:00:00+00:00,2026-07-09,1,2026-07-09,2026-07-09,7,2026-07-08,2026-07-02,1008
aus,KXHIGHAUS-26JUL09,weather_only,trained_hist_gradient_boosting,2026-07-09T23:00:00+00:00,2026-07-09,1,2026-07-09,2026-07-09,7,2026-07-08,2026-07-02,1008
aus,KXHIGHAUS-26JUL09,weather_only,trained_hist_gradient_boosting,2026-07-10T00:00:00+00:00,2026-07-09,1,2026-07-09,2026-07-09,7,2026-07-08,2026-07-02,1008
aus,KXHIGHAUS-26JUL09,weather_only,trained_hist_gradient_boosting,2026-07-10T01:00:00+00:00,2026-07-09,1,2026-07-09,2026-07-09,7,2026-07-08,2026-07-02,1008
aus,KXHIGHAUS-26JUL09,weather_only,trained_hist_gradient_boosting,2026-07-10T02:00:00+00:00,2026-07-09,1,2026-07-09,2026-07-09,7,2026-07-08,2026-07-02,1008
aus,KXHIGHAUS-26JUL09,weather_only,trained_hist_gradient_boosting,2026-07-10T03:00:00+00:00,2026-07-09,1,2026-07-09,2026-07-09,7,2026-07-08,2026-07-02,1008
aus,KXHIGHAUS-26JUL09,weather_only,trained_hist_gradient_boosting,2026-07-10T04:00:00+00:00,2026-07-09,1,2026-07-09,2026-07-09,7,2026-07-08,2026-07-02,1008
aus,KXHIGHAUS-26JUL09,weather_only,trained_hist_gradient_boosting,2026-07-10T05:00:00+00:00,2026-07-09,1,2026-07-09,2026-07-09,7,2026-07-08,2026-07-02,1008
den,KXHIGHDEN-26JUL09,weather_only,trained_hist_gradient_boosting,2026-07-09T07:00:00+00:00,2026-07-09,1,2026-07-09,2026-07-09,7,2026-07-08,2026-07-02,1008
den,KXHIGHDEN-26JUL09,weather_only,trained_hist_gradient_boosting,2026-07-09T08:00:00+00:00,2026-07-09,1,2026-07-09,2026-07-09,7,2026-07-08,2026-07-02,1008
den,KXHIGHDEN-26JUL09,weather_only,trained_hist_gradient_boosting,2026-07-09T09:00:00+00:00,2026-07-09,1,2026-07-09,2026-07-09,7,2026-07-08,2026-07-02,1008
den,KXHIGHDEN-26JUL09,weather_only,trained_hist_gradient_boosting,2026-07-09T10:00:00+00:00,2026-07-09,1,2026-07-09,2026-07-09,7,2026-07-08,2026-07-02,1008
den,KXHIGHDEN-26JUL09,weather_only,trained_hist_gradient_boosting,2026-07-09T11:00:00+00:00,2026-07-09,1,2026-07-09,2026-07-09,7,2026-07-08,2026-07-02,1008
den,KXHIGHDEN-26JUL09,weather_only,trained_hist_gradient_boosting,2026-07-09T12:00:00+00:00,2026-07-09,1,2026-07-09,2026-07-09,7,2026-07-08,2026-07-02,1008
den,KXHIGHDEN-26JUL09,weather_only,trained_hist_gradient_boosting,2026-07-09T13:00:00+00:00,2026-07-09,1,2026-07-09,2026-07-09,7,2026-07-08,2026-07-02,1008
den,KXHIGHDEN-26JUL09,weather_only,trained_hist_gradient_boosting,2026-07-09T14:00:00+00:00,2026-07-09,1,2026-07-09,2026-07-09,7,2026-07-08,2026-07-02,1008
den,KXHIGHDEN-26JUL09,weather_only,trained_hist_gradient_boosting,2026-07-09T15:00:00+00:00,2026-07-09,1,2026-07-09,2026-07-09,7,2026-07-08,2026-07-02,1008
den,KXHIGHDEN-26JUL09,weather_only,trained_hist_gradient_boosting,2026-07-09T16:00:00+00:00,2026-07-09,1,2026-07-09,2026-07-09,7,2026-07-08,2026-07-02,1008
den,KXHIGHDEN-26JUL09,weather_only,trained_hist_gradient_boosting,2026-07-09T17:00:00+00:00,2026-07-09,1,2026-07-09,2026-07-09,7,2026-07-08,2026-07-02,1008
den,KXHIGHDEN-26JUL09,weather_only,trained_hist_gradient_boosting,2026-07-09T18:00:00+00:00,2026-07-09,1,2026-07-09,2026-07-09,7,2026-07-08,2026-07-02,1008
den,KXHIGHDEN-26JUL09,weather_only,trained_hist_gradient_boosting,2026-07-09T19:00:00+00:00,2026-07-09,1,2026-07-09,2026-07-09,7,2026-07-08,2026-07-02,1008
den,KXHIGHDEN-26JUL09,weather_only,trained_hist_gradient_boosting,2026-07-09T20:00:00+00:00,2026-07-09,1,2026-07-09,2026-07-09,7,2026-07-08,2026-07-02,1008
den,KXHIGHDEN-26JUL09,weather_only,trained_hist_gradient_boosting,2026-07-09T21:00:00+00:00,2026-07-09,1,2026-07-09,2026-07-09,7,2026-07-08,2026-07-02,1008
den,KXHIGHDEN-26JUL09,weather_only,trained_hist_gradient_boosting,2026-07-09T22:00:00+00:00,2026-07-09,1,2026-07-09,2026-07-09,7,2026-07-08,2026-07-02,1008
den,KXHIGHDEN-26JUL09,weather_only,trained_hist_gradient_boosting,2026-07-09T23:00:00+00:00,2026-07-09,1,2026-07-09,2026-07-09,7,2026-07-08,2026-07-02,1008
den,KXHIGHDEN-26JUL09,weather_only,trained_hist_gradient_boosting,2026-07-10T00:00:00+00:00,2026-07-09,1,2026-07-09,2026-07-09,7,2026-07-08,2026-07-02,1008
den,KXHIGHDEN-26JUL09,weather_only,trained_hist_gradient_boosting,2026-07-10T01:00:00+00:00,2026-07-09,1,2026-07-09,2026-07-09,7,2026-07-08,2026-07-02,1008
den,KXHIGHDEN-26JUL09,weather_only,trained_hist_gradient_boosting,2026-07-10T02:00:00+00:00,2026-07-09,1,2026-07-09,2026-07-09,7,2026-07-08,2026-07-02,1008
den,KXHIGHDEN-26JUL09,weather_only,trained_hist_gradient_boosting,2026-07-10T03:00:00+00:00,2026-07-09,1,2026-07-09,2026-07-09,7,2026-07-08,2026-07-02,1008
den,KXHIGHDEN-26JUL09,weather_only,trained_hist_gradient_boosting,2026-07-10T04:00:00+00:00,2026-07-09,1,2026-07-09,2026-07-09,7,2026-07-08,2026-07-02,1008
den,KXHIGHDEN-26JUL09,weather_only,trained_hist_gradient_boosting,2026-07-10T05:00:00+00:00,2026-07-09,1,2026-07-09,2026-07-09,7,2026-07-08,2026-07-02,1008
den,KXHIGHDEN-26JUL09,weather_only,trained_hist_gradient_boosting,2026-07-10T06:00:00+00:00,2026-07-09,1,2026-07-09,2026-07-09,7,2026-07-08,2026-07-02,1008
la,KXHIGHLAX-26JUL09,weather_only,trained_hist_gradient_boosting,2026-07-09T08:00:00+00:00,2026-07-09,1,2026-07-09,2026-07-09,7,2026-07-08,2026-07-02,1008
la,KXHIGHLAX-26JUL09,weather_only,trained_hist_gradient_boosting,2026-07-09T09:00:00+00:00,2026-07-09,1,2026-07-09,2026-07-09,7,2026-07-08,2026-07-02,1008
la,KXHIGHLAX-26JUL09,weather_only,trained_hist_gradient_boosting,2026-07-09T10:00:00+00:00,2026-07-09,1,2026-07-09,2026-07-09,7,2026-07-08,2026-07-02,1008
la,KXHIGHLAX-26JUL09,weather_only,trained_hist_gradient_boosting,2026-07-09T11:00:00+00:00,2026-07-09,1,2026-07-09,2026-07-09,7,2026-07-08,2026-07-02,1008
la,KXHIGHLAX-26JUL09,weather_only,trained_hist_gradient_boosting,2026-07-09T12:00:00+00:00,2026-07-09,1,2026-07-09,2026-07-09,7,2026-07-08,2026-07-02,1008
la,KXHIGHLAX-26JUL09,weather_only,trained_hist_gradient_boosting,2026-07-09T13:00:00+00:00,2026-07-09,1,2026-07-09,2026-07-09,7,2026-07-08,2026-07-02,1008
la,KXHIGHLAX-26JUL09,weather_only,trained_hist_gradient_boosting,2026-07-09T14:00:00+00:00,2026-07-09,1,2026-07-09,2026-07-09,7,2026-07-08,2026-07-02,1008
la,KXHIGHLAX-26JUL09,weather_only,trained_hist_gradient_boosting,2026-07-09T15:00:00+00:00,2026-07-09,1,2026-07-09,2026-07-09,7,2026-07-08,2026-07-02,1008
la,KXHIGHLAX-26JUL09,weather_only,trained_hist_gradient_boosting,2026-07-09T16:00:00+00:00,2026-07-09,1,2026-07-09,2026-07-09,7,2026-07-08,2026-07-02,1008
la,KXHIGHLAX-26JUL09,weather_only,trained_hist_gradient_boosting,2026-07-09T17:00:00+00:00,2026-07-09,1,2026-07-09,2026-07-09,7,2026-07-08,2026-07-02,1008
la,KXHIGHLAX-26JUL09,weather_only,trained_hist_gradient_boosting,2026-07-09T18:00:00+00:00,2026-07-09,1,2026-07-09,2026-07-09,7,2026-07-08,2026-07-02,1008
la,KXHIGHLAX-26JUL09,weather_only,trained_hist_gradient_boosting,2026-07-09T19:00:00+00:00,2026-07-09,1,2026-07-09,2026-07-09,7,2026-07-08,2026-07-02,1008
la,KXHIGHLAX-26JUL09,weather_only,trained_hist_gradient_boosting,2026-07-09T20:00:00+00:00,2026-07-09,1,2026-07-09,2026-07-09,7,2026-07-08,2026-07-02,1008
la,KXHIGHLAX-26JUL09,weather_only,trained_hist_gradient_boosting,2026-07-09T21:00:00+00:00,2026-07-09,1,2026-07-09,2026-07-09,7,2026-07-08,2026-07-02,1008
la,KXHIGHLAX-26JUL09,weather_only,trained_hist_gradient_boosting,2026-07-09T22:00:00+00:00,2026-07-09,1,2026-07-09,2026-07-09,7,2026-07-08,2026-07-02,1008
la,KXHIGHLAX-26JUL09,weather_only,trained_hist_gradient_boosting,2026-07-09T23:00:00+00:00,2026-07-09,1,2026-07-09,2026-07-09,7,2026-07-08,2026-07-02,1008
la,KXHIGHLAX-26JUL09,weather_only,trained_hist_gradient_boosting,2026-07-10T00:00:00+00:00,2026-07-09,1,2026-07-09,2026-07-09,7,2026-07-08,2026-07-02,1008
la,KXHIGHLAX-26JUL09,weather_only,trained_hist_gradient_boosting,2026-07-10T01:00:00+00:00,2026-07-09,1,2026-07-09,2026-07-09,7,2026-07-08,2026-07-02,1008
la,KXHIGHLAX-26JUL09,weather_only,trained_hist_gradient_boosting,2026-07-10T02:00:00+00:00,2026-07-09,1,2026-07-09,2026-07-09,7,2026-07-08,2026-07-02,1008
la,KXHIGHLAX-26JUL09,weather_only,trained_hist_gradient_boosting,2026-07-10T03:00:00+00:00,2026-07-09,1,2026-07-09,2026-07-09,7,2026-07-08,2026-07-02,1008
la,KXHIGHLAX-26JUL09,weather_only,trained_hist_gradient_boosting,2026-07-10T04:00:00+00:00,2026-07-09,1,2026-07-09,2026-07-09,7,2026-07-08,2026-07-02,1008
la,KXHIGHLAX-26JUL09,weather_only,trained_hist_gradient_boosting,2026-07-10T05:00:00+00:00,2026-07-09,1,2026-07-09,2026-07-09,7,2026-07-08,2026-07-02,1008
la,KXHIGHLAX-26JUL09,weather_only,trained_hist_gradient_boosting,2026-07-10T06:00:00+00:00,2026-07-09,1,2026-07-09,2026-07-09,7,2026-07-08,2026-07-02,1008
la,KXHIGHLAX-26JUL09,weather_only,trained_hist_gradient_boosting,2026-07-10T07:00:00+00:00,2026-07-09,1,2026-07-09,2026-07-09,7,2026-07-08,2026-07-02,1008
mia,KXHIGHMIA-26JUL09,weather_only,trained_hist_gradient_boosting,2026-07-09T05:00:00+00:00,2026-07-09,1,2026-07-09,2026-07-09,7,2026-07-08,2026-07-02,1008
mia,KXHIGHMIA-26JUL09,weather_only,trained_hist_gradient_boosting,2026-07-09T06:00:00+00:00,2026-07-09,1,2026-07-09,2026-07-09,7,2026-07-08,2026-07-02,1008
mia,KXHIGHMIA-26JUL09,weather_only,trained_hist_gradient_boosting,2026-07-09T07:00:00+00:00,2026-07-09,1,2026-07-09,2026-07-09,7,2026-07-08,2026-07-02,1008
mia,KXHIGHMIA-26JUL09,weather_only,trained_hist_gradient_boosting,2026-07-09T08:00:00+00:00,2026-07-09,1,2026-07-09,2026-07-09,7,2026-07-08,2026-07-02,1008
mia,KXHIGHMIA-26JUL09,weather_only,trained_hist_gradient_boosting,2026-07-09T09:00:00+00:00,2026-07-09,1,2026-07-09,2026-07-09,7,2026-07-08,2026-07-02,1008
mia,KXHIGHMIA-26JUL09,weather_only,trained_hist_gradient_boosting,2026-07-09T10:00:00+00:00,2026-07-09,1,2026-07-09,2026-07-09,7,2026-07-08,2026-07-02,1008
mia,KXHIGHMIA-26JUL09,weather_only,trained_hist_gradient_boosting,2026-07-09T11:00:00+00:00,2026-07-09,1,2026-07-09,2026-07-09,7,2026-07-08,2026-07-02,1008
mia,KXHIGHMIA-26JUL09,weather_only,trained_hist_gradient_boosting,2026-07-09T12:00:00+00:00,2026-07-09,1,2026-07-09,2026-07-09,7,2026-07-08,2026-07-02,1008
mia,KXHIGHMIA-26JUL09,weather_only,trained_hist_gradient_boosting,2026-07-09T13:00:00+00:00,2026-07-09,1,2026-07-09,2026-07-09,7,2026-07-08,2026-07-02,1008
mia,KXHIGHMIA-26JUL09,weather_only,trained_hist_gradient_boosting,2026-07-09T14:00:00+00:00,2026-07-09,1,2026-07-09,2026-07-09,7,2026-07-08,2026-07-02,1008
mia,KXHIGHMIA-26JUL09,weather_only,trained_hist_gradient_boosting,2026-07-09T15:00:00+00:00,2026-07-09,1,2026-07-09,2026-07-09,7,2026-07-08,2026-07-02,1008
mia,KXHIGHMIA-26JUL09,weather_only,trained_hist_gradient_boosting,2026-07-09T16:00:00+00:00,2026-07-09,1,2026-07-09,2026-07-09,7,2026-07-08,2026-07-02,1008
mia,KXHIGHMIA-26JUL09,weather_only,trained_hist_gradient_boosting,2026-07-09T17:00:00+00:00,2026-07-09,1,2026-07-09,2026-07-09,7,2026-07-08,2026-07-02,1008
mia,KXHIGHMIA-26JUL09,weather_only,trained_hist_gradient_boosting,2026-07-09T18:00:00+00:00,2026-07-09,1,2026-07-09,2026-07-09,7,2026-07-08,2026-07-02,1008
mia,KXHIGHMIA-26JUL09,weather_only,trained_hist_gradient_boosting,2026-07-09T19:00:00+00:00,2026-07-09,1,2026-07-09,2026-07-09,7,2026-07-08,2026-07-02,1008
mia,KXHIGHMIA-26JUL09,weather_only,trained_hist_gradient_boosting,2026-07-09T20:00:00+00:00,2026-07-09,1,2026-07-09,2026-07-09,7,2026-07-08,2026-07-02,1008
mia,KXHIGHMIA-26JUL09,weather_only,trained_hist_gradient_boosting,2026-07-09T21:00:00+00:00,2026-07-09,1,2026-07-09,2026-07-09,7,2026-07-08,2026-07-02,1008
mia,KXHIGHMIA-26JUL09,weather_only,trained_hist_gradient_boosting,2026-07-09T22:00:00+00:00,2026-07-09,1,2026-07-09,2026-07-09,7,2026-07-08,2026-07-02,1008
mia,KXHIGHMIA-26JUL09,weather_only,trained_hist_gradient_boosting,2026-07-09T23:00:00+00:00,2026-07-09,1,2026-07-09,2026-07-09,7,2026-07-08,2026-07-02,1008
mia,KXHIGHMIA-26JUL09,weather_only,trained_hist_gradient_boosting,2026-07-10T00:00:00+00:00,2026-07-09,1,2026-07-09,2026-07-09,7,2026-07-08,2026-07-02,1008
mia,KXHIGHMIA-26JUL09,weather_only,trained_hist_gradient_boosting,2026-07-10T01:00:00+00:00,2026-07-09,1,2026-07-09,2026-07-09,7,2026-07-08,2026-07-02,1008
mia,KXHIGHMIA-26JUL09,weather_only,trained_hist_gradient_boosting,2026-07-10T02:00:00+00:00,2026-07-09,1,2026-07-09,2026-07-09,7,2026-07-08,2026-07-02,1008
mia,KXHIGHMIA-26JUL09,weather_only,trained_hist_gradient_boosting,2026-07-10T03:00:00+00:00,2026-07-09,1,2026-07-09,2026-07-09,7,2026-07-08,2026-07-02,1008
mia,KXHIGHMIA-26JUL09,weather_only,trained_hist_gradient_boosting,2026-07-10T04:00:00+00:00,2026-07-09,1,2026-07-09,2026-07-09,7,2026-07-08,2026-07-02,1008
nyc,KXHIGHNY-26JUL09,weather_only,trained_hist_gradient_boosting,2026-07-09T05:00:00+00:00,2026-07-09,1,2026-07-09,2026-07-09,7,2026-07-08,2026-07-02,1008
nyc,KXHIGHNY-26JUL09,weather_only,trained_hist_gradient_boosting,2026-07-09T06:00:00+00:00,2026-07-09,1,2026-07-09,2026-07-09,7,2026-07-08,2026-07-02,1008
nyc,KXHIGHNY-26JUL09,weather_only,trained_hist_gradient_boosting,2026-07-09T07:00:00+00:00,2026-07-09,1,2026-07-09,2026-07-09,7,2026-07-08,2026-07-02,1008
nyc,KXHIGHNY-26JUL09,weather_only,trained_hist_gradient_boosting,2026-07-09T08:00:00+00:00,2026-07-09,1,2026-07-09,2026-07-09,7,2026-07-08,2026-07-02,1008
nyc,KXHIGHNY-26JUL09,weather_only,trained_hist_gradient_boosting,2026-07-09T09:00:00+00:00,2026-07-09,1,2026-07-09,2026-07-09,7,2026-07-08,2026-07-02,1008
nyc,KXHIGHNY-26JUL09,weather_only,trained_hist_gradient_boosting,2026-07-09T10:00:00+00:00,2026-07-09,1,2026-07-09,2026-07-09,7,2026-07-08,2026-07-02,1008
nyc,KXHIGHNY-26JUL09,weather_only,trained_hist_gradient_boosting,2026-07-09T11:00:00+00:00,2026-07-09,1,2026-07-09,2026-07-09,7,2026-07-08,2026-07-02,1008
nyc,KXHIGHNY-26JUL09,weather_only,trained_hist_gradient_boosting,2026-07-09T12:00:00+00:00,2026-07-09,1,2026-07-09,2026-07-09,7,2026-07-08,2026-07-02,1008
nyc,KXHIGHNY-26JUL09,weather_only,trained_hist_gradient_boosting,2026-07-09T13:00:00+00:00,2026-07-09,1,2026-07-09,2026-07-09,7,2026-07-08,2026-07-02,1008
nyc,KXHIGHNY-26JUL09,weather_only,trained_hist_gradient_boosting,2026-07-09T14:00:00+00:00,2026-07-09,1,2026-07-09,2026-07-09,7,2026-07-08,2026-07-02,1008
nyc,KXHIGHNY-26JUL09,weather_only,trained_hist_gradient_boosting,2026-07-09T15:00:00+00:00,2026-07-09,1,2026-07-09,2026-07-09,7,2026-07-08,2026-07-02,1008
nyc,KXHIGHNY-26JUL09,weather_only,trained_hist_gradient_boosting,2026-07-09T16:00:00+00:00,2026-07-09,1,2026-07-09,2026-07-09,7,2026-07-08,2026-07-02,1008
nyc,KXHIGHNY-26JUL09,weather_only,trained_hist_gradient_boosting,2026-07-09T17:00:00+00:00,2026-07-09,1,2026-07-09,2026-07-09,7,2026-07-08,2026-07-02,1008
nyc,KXHIGHNY-26JUL09,weather_only,trained_hist_gradient_boosting,2026-07-09T18:00:00+00:00,2026-07-09,1,2026-07-09,2026-07-09,7,2026-07-08,2026-07-02,1008
nyc,KXHIGHNY-26JUL09,weather_only,trained_hist_gradient_boosting,2026-07-09T19:00:00+00:00,2026-07-09,1,2026-07-09,2026-07-09,7,2026-07-08,2026-07-02,1008
nyc,KXHIGHNY-26JUL09,weather_only,trained_hist_gradient_boosting,2026-07-09T20:00:00+00:00,2026-07-09,1,2026-07-09,2026-07-09,7,2026-07-08,2026-07-02,1008
nyc,KXHIGHNY-26JUL09,weather_only,trained_hist_gradient_boosting,2026-07-09T21:00:00+00:00,2026-07-09,1,2026-07-09,2026-07-09,7,2026-07-08,2026-07-02,1008
nyc,KXHIGHNY-26JUL09,weather_only,trained_hist_gradient_boosting,2026-07-09T22:00:00+00:00,2026-07-09,1,2026-07-09,2026-07-09,7,2026-07-08,2026-07-02,1008
nyc,KXHIGHNY-26JUL09,weather_only,trained_hist_gradient_boosting,2026-07-09T23:00:00+00:00,2026-07-09,1,2026-07-09,2026-07-09,7,2026-07-08,2026-07-02,1008
nyc,KXHIGHNY-26JUL09,weather_only,trained_hist_gradient_boosting,2026-07-10T00:00:00+00:00,2026-07-09,1,2026-07-09,2026-07-09,7,2026-07-08,2026-07-02,1008
nyc,KXHIGHNY-26JUL09,weather_only,trained_hist_gradient_boosting,2026-07-10T01:00:00+00:00,2026-07-09,1,2026-07-09,2026-07-09,7,2026-07-08,2026-07-02,1008
nyc,KXHIGHNY-26JUL09,weather_only,trained_hist_gradient_boosting,2026-07-10T02:00:00+00:00,2026-07-09,1,2026-07-09,2026-07-09,7,2026-07-08,2026-07-02,1008
nyc,KXHIGHNY-26JUL09,weather_only,trained_hist_gradient_boosting,2026-07-10T03:00:00+00:00,2026-07-09,1,2026-07-09,2026-07-09,7,2026-07-08,2026-07-02,1008
nyc,KXHIGHNY-26JUL09,weather_only,trained_hist_gradient_boosting,2026-07-10T04:00:00+00:00,2026-07-09,1,2026-07-09,2026-07-09,7,2026-07-08,2026-07-02,1008
okc,KXHIGHTOKC-26JUL09,weather_only,trained_hist_gradient_boosting,2026-07-09T06:00:00+00:00,2026-07-09,1,2026-07-09,2026-07-09,7,2026-07-08,2026-07-02,1008
okc,KXHIGHTOKC-26JUL09,weather_only,trained_hist_gradient_boosting,2026-07-09T07:00:00+00:00,2026-07-09,1,2026-07-09,2026-07-09,7,2026-07-08,2026-07-02,1008
okc,KXHIGHTOKC-26JUL09,weather_only,trained_hist_gradient_boosting,2026-07-09T08:00:00+00:00,2026-07-09,1,2026-07-09,2026-07-09,7,2026-07-08,2026-07-02,1008
okc,KXHIGHTOKC-26JUL09,weather_only,trained_hist_gradient_boosting,2026-07-09T09:00:00+00:00,2026-07-09,1,2026-07-09,2026-07-09,7,2026-07-08,2026-07-02,1008
okc,KXHIGHTOKC-26JUL09,weather_only,trained_hist_gradient_boosting,2026-07-09T10:00:00+00:00,2026-07-09,1,2026-07-09,2026-07-09,7,2026-07-08,2026-07-02,1008
okc,KXHIGHTOKC-26JUL09,weather_only,trained_hist_gradient_boosting,2026-07-09T11:00:00+00:00,2026-07-09,1,2026-07-09,2026-07-09,7,2026-07-08,2026-07-02,1008
okc,KXHIGHTOKC-26JUL09,weather_only,trained_hist_gradient_boosting,2026-07-09T12:00:00+00:00,2026-07-09,1,2026-07-09,2026-07-09,7,2026-07-08,2026-07-02,1008
okc,KXHIGHTOKC-26JUL09,weather_only,trained_hist_gradient_boosting,2026-07-09T13:00:00+00:00,2026-07-09,1,2026-07-09,2026-07-09,7,2026-07-08,2026-07-02,1008
okc,KXHIGHTOKC-26JUL09,weather_only,trained_hist_gradient_boosting,2026-07-09T14:00:00+00:00,2026-07-09,1,2026-07-09,2026-07-09,7,2026-07-08,2026-07-02,1008
okc,KXHIGHTOKC-26JUL09,weather_only,trained_hist_gradient_boosting,2026-07-09T15:00:00+00:00,2026-07-09,1,2026-07-09,2026-07-09,7,2026-07-08,2026-07-02,1008
okc,KXHIGHTOKC-26JUL09,weather_only,trained_hist_gradient_boosting,2026-07-09T16:00:00+00:00,2026-07-09,1,2026-07-09,2026-07-09,7,2026-07-08,2026-07-02,1008
okc,KXHIGHTOKC-26JUL09,weather_only,trained_hist_gradient_boosting,2026-07-09T17:00:00+00:00,2026-07-09,1,2026-07-09,2026-07-09,7,2026-07-08,2026-07-02,1008
okc,KXHIGHTOKC-26JUL09,weather_only,trained_hist_gradient_boosting,2026-07-09T18:00:00+00:00,2026-07-09,1,2026-07-09,2026-07-09,7,2026-07-08,2026-07-02,1008
okc,KXHIGHTOKC-26JUL09,weather_only,trained_hist_gradient_boosting,2026-07-09T19:00:00+00:00,2026-07-09,1,2026-07-09,2026-07-09,7,2026-07-08,2026-07-02,1008
okc,KXHIGHTOKC-26JUL09,weather_only,trained_hist_gradient_boosting,2026-07-09T20:00:00+00:00,2026-07-09,1,2026-07-09,2026-07-09,7,2026-07-08,2026-07-02,1008
okc,KXHIGHTOKC-26JUL09,weather_only,trained_hist_gradient_boosting,2026-07-09T21:00:00+00:00,2026-07-09,1,2026-07-09,2026-07-09,7,2026-07-08,2026-07-02,1008
okc,KXHIGHTOKC-26JUL09,weather_only,trained_hist_gradient_boosting,2026-07-09T22:00:00+00:00,2026-07-09,1,2026-07-09,2026-07-09,7,2026-07-08,2026-07-02,1008
okc,KXHIGHTOKC-26JUL09,weather_only,trained_hist_gradient_boosting,2026-07-09T23:00:00+00:00,2026-07-09,1,2026-07-09,2026-07-09,7,2026-07-08,2026-07-02,1008
okc,KXHIGHTOKC-26JUL09,weather_only,trained_hist_gradient_boosting,2026-07-10T00:00:00+00:00,2026-07-09,1,2026-07-09,2026-07-09,7,2026-07-08,2026-07-02,1008
okc,KXHIGHTOKC-26JUL09,weather_only,trained_hist_gradient_boosting,2026-07-10T01:00:00+00:00,2026-07-09,1,2026-07-09,2026-07-09,7,2026-07-08,2026-07-02,1008
okc,KXHIGHTOKC-26JUL09,weather_only,trained_hist_gradient_boosting,2026-07-10T02:00:00+00:00,2026-07-09,1,2026-07-09,2026-07-09,7,2026-07-08,2026-07-02,1008
okc,KXHIGHTOKC-26JUL09,weather_only,trained_hist_gradient_boosting,2026-07-10T03:00:00+00:00,2026-07-09,1,2026-07-09,2026-07-09,7,2026-07-08,2026-07-02,1008
okc,KXHIGHTOKC-26JUL09,weather_only,trained_hist_gradient_boosting,2026-07-10T04:00:00+00:00,2026-07-09,1,2026-07-09,2026-07-09,7,2026-07-08,2026-07-02,1008
okc,KXHIGHTOKC-26JUL09,weather_only,trained_hist_gradient_boosting,2026-07-10T05:00:00+00:00,2026-07-09,1,2026-07-09,2026-07-09,7,2026-07-08,2026-07-02,1008
aus,KXHIGHAUS-26JUL10,weather_only,trained_hist_gradient_boosting,2026-07-10T06:00:00+00:00,2026-07-10,1,2026-07-10,2026-07-10,7,2026-07-09,2026-07-03,1008
aus,KXHIGHAUS-26JUL10,weather_only,trained_hist_gradient_boosting,2026-07-10T07:00:00+00:00,2026-07-10,1,2026-07-10,2026-07-10,7,2026-07-09,2026-07-03,1008
aus,KXHIGHAUS-26JUL10,weather_only,trained_hist_gradient_boosting,2026-07-10T08:00:00+00:00,2026-07-10,1,2026-07-10,2026-07-10,7,2026-07-09,2026-07-03,1008
aus,KXHIGHAUS-26JUL10,weather_only,trained_hist_gradient_boosting,2026-07-10T09:00:00+00:00,2026-07-10,1,2026-07-10,2026-07-10,7,2026-07-09,2026-07-03,1008
aus,KXHIGHAUS-26JUL10,weather_only,trained_hist_gradient_boosting,2026-07-10T10:00:00+00:00,2026-07-10,1,2026-07-10,2026-07-10,7,2026-07-09,2026-07-03,1008
aus,KXHIGHAUS-26JUL10,weather_only,trained_hist_gradient_boosting,2026-07-10T11:00:00+00:00,2026-07-10,1,2026-07-10,2026-07-10,7,2026-07-09,2026-07-03,1008
aus,KXHIGHAUS-26JUL10,weather_only,trained_hist_gradient_boosting,2026-07-10T12:00:00+00:00,2026-07-10,1,2026-07-10,2026-07-10,7,2026-07-09,2026-07-03,1008
aus,KXHIGHAUS-26JUL10,weather_only,trained_hist_gradient_boosting,2026-07-10T13:00:00+00:00,2026-07-10,1,2026-07-10,2026-07-10,7,2026-07-09,2026-07-03,1008
aus,KXHIGHAUS-26JUL10,weather_only,trained_hist_gradient_boosting,2026-07-10T14:00:00+00:00,2026-07-10,1,2026-07-10,2026-07-10,7,2026-07-09,2026-07-03,1008
aus,KXHIGHAUS-26JUL10,weather_only,trained_hist_gradient_boosting,2026-07-10T15:00:00+00:00,2026-07-10,1,2026-07-10,2026-07-10,7,2026-07-09,2026-07-03,1008
aus,KXHIGHAUS-26JUL10,weather_only,trained_hist_gradient_boosting,2026-07-10T16:00:00+00:00,2026-07-10,1,2026-07-10,2026-07-10,7,2026-07-09,2026-07-03,1008
aus,KXHIGHAUS-26JUL10,weather_only,trained_hist_gradient_boosting,2026-07-10T17:00:00+00:00,2026-07-10,1,2026-07-10,2026-07-10,7,2026-07-09,2026-07-03,1008
aus,KXHIGHAUS-26JUL10,weather_only,trained_hist_gradient_boosting,2026-07-10T18:00:00+00:00,2026-07-10,1,2026-07-10,2026-07-10,7,2026-07-09,2026-07-03,1008
aus,KXHIGHAUS-26JUL10,weather_only,trained_hist_gradient_boosting,2026-07-10T19:00:00+00:00,2026-07-10,1,2026-07-10,2026-07-10,7,2026-07-09,2026-07-03,1008
aus,KXHIGHAUS-26JUL10,weather_only,trained_hist_gradient_boosting,2026-07-10T20:00:00+00:00,2026-07-10,1,2026-07-10,2026-07-10,7,2026-07-09,2026-07-03,1008
aus,KXHIGHAUS-26JUL10,weather_only,trained_hist_gradient_boosting,2026-07-10T21:00:00+00:00,2026-07-10,1,2026-07-10,2026-07-10,7,2026-07-09,2026-07-03,1008
aus,KXHIGHAUS-26JUL10,weather_only,trained_hist_gradient_boosting,2026-07-10T22:00:00+00:00,2026-07-10,1,2026-07-10,2026-07-10,7,2026-07-09,2026-07-03,1008
aus,KXHIGHAUS-26JUL10,weather_only,trained_hist_gradient_boosting,2026-07-10T23:00:00+00:00,2026-07-10,1,2026-07-10,2026-07-10,7,2026-07-09,2026-07-03,1008
aus,KXHIGHAUS-26JUL10,weather_only,trained_hist_gradient_boosting,2026-07-11T00:00:00+00:00,2026-07-10,1,2026-07-10,2026-07-10,7,2026-07-09,2026-07-03,1008
aus,KXHIGHAUS-26JUL10,weather_only,trained_hist_gradient_boosting,2026-07-11T01:00:00+00:00,2026-07-10,1,2026-07-10,2026-07-10,7,2026-07-09,2026-07-03,1008
aus,KXHIGHAUS-26JUL10,weather_only,trained_hist_gradient_boosting,2026-07-11T02:00:00+00:00,2026-07-10,1,2026-07-10,2026-07-10,7,2026-07-09,2026-07-03,1008
aus,KXHIGHAUS-26JUL10,weather_only,trained_hist_gradient_boosting,2026-07-11T03:00:00+00:00,2026-07-10,1,2026-07-10,2026-07-10,7,2026-07-09,2026-07-03,1008
aus,KXHIGHAUS-26JUL10,weather_only,trained_hist_gradient_boosting,2026-07-11T04:00:00+00:00,2026-07-10,1,2026-07-10,2026-07-10,7,2026-07-09,2026-07-03,1008
aus,KXHIGHAUS-26JUL10,weather_only,trained_hist_gradient_boosting,2026-07-11T05:00:00+00:00,2026-07-10,1,2026-07-10,2026-07-10,7,2026-07-09,2026-07-03,1008
den,KXHIGHDEN-26JUL10,weather_only,trained_hist_gradient_boosting,2026-07-10T07:00:00+00:00,2026-07-10,1,2026-07-10,2026-07-10,7,2026-07-09,2026-07-03,1008
den,KXHIGHDEN-26JUL10,weather_only,trained_hist_gradient_boosting,2026-07-10T08:00:00+00:00,2026-07-10,1,2026-07-10,2026-07-10,7,2026-07-09,2026-07-03,1008
den,KXHIGHDEN-26JUL10,weather_only,trained_hist_gradient_boosting,2026-07-10T09:00:00+00:00,2026-07-10,1,2026-07-10,2026-07-10,7,2026-07-09,2026-07-03,1008
den,KXHIGHDEN-26JUL10,weather_only,trained_hist_gradient_boosting,2026-07-10T10:00:00+00:00,2026-07-10,1,2026-07-10,2026-07-10,7,2026-07-09,2026-07-03,1008
den,KXHIGHDEN-26JUL10,weather_only,trained_hist_gradient_boosting,2026-07-10T11:00:00+00:00,2026-07-10,1,2026-07-10,2026-07-10,7,2026-07-09,2026-07-03,1008
den,KXHIGHDEN-26JUL10,weather_only,trained_hist_gradient_boosting,2026-07-10T12:00:00+00:00,2026-07-10,1,2026-07-10,2026-07-10,7,2026-07-09,2026-07-03,1008
den,KXHIGHDEN-26JUL10,weather_only,trained_hist_gradient_boosting,2026-07-10T13:00:00+00:00,2026-07-10,1,2026-07-10,2026-07-10,7,2026-07-09,2026-07-03,1008
den,KXHIGHDEN-26JUL10,weather_only,trained_hist_gradient_boosting,2026-07-10T14:00:00+00:00,2026-07-10,1,2026-07-10,2026-07-10,7,2026-07-09,2026-07-03,1008
den,KXHIGHDEN-26JUL10,weather_only,trained_hist_gradient_boosting,2026-07-10T15:00:00+00:00,2026-07-10,1,2026-07-10,2026-07-10,7,2026-07-09,2026-07-03,1008
den,KXHIGHDEN-26JUL10,weather_only,trained_hist_gradient_boosting,2026-07-10T16:00:00+00:00,2026-07-10,1,2026-07-10,2026-07-10,7,2026-07-09,2026-07-03,1008
den,KXHIGHDEN-26JUL10,weather_only,trained_hist_gradient_boosting,2026-07-10T17:00:00+00:00,2026-07-10,1,2026-07-10,2026-07-10,7,2026-07-09,2026-07-03,1008
den,KXHIGHDEN-26JUL10,weather_only,trained_hist_gradient_boosting,2026-07-10T18:00:00+00:00,2026-07-10,1,2026-07-10,2026-07-10,7,2026-07-09,2026-07-03,1008
den,KXHIGHDEN-26JUL10,weather_only,trained_hist_gradient_boosting,2026-07-10T19:00:00+00:00,2026-07-10,1,2026-07-10,2026-07-10,7,2026-07-09,2026-07-03,1008
den,KXHIGHDEN-26JUL10,weather_only,trained_hist_gradient_boosting,2026-07-10T20:00:00+00:00,2026-07-10,1,2026-07-10,2026-07-10,7,2026-07-09,2026-07-03,1008
den,KXHIGHDEN-26JUL10,weather_only,trained_hist_gradient_boosting,2026-07-10T21:00:00+00:00,2026-07-10,1,2026-07-10,2026-07-10,7,2026-07-09,2026-07-03,1008
den,KXHIGHDEN-26JUL10,weather_only,trained_hist_gradient_boosting,2026-07-10T22:00:00+00:00,2026-07-10,1,2026-07-10,2026-07-10,7,2026-07-09,2026-07-03,1008
den,KXHIGHDEN-26JUL10,weather_only,trained_hist_gradient_boosting,2026-07-10T23:00:00+00:00,2026-07-10,1,2026-07-10,2026-07-10,7,2026-07-09,2026-07-03,1008
den,KXHIGHDEN-26JUL10,weather_only,trained_hist_gradient_boosting,2026-07-11T00:00:00+00:00,2026-07-10,1,2026-07-10,2026-07-10,7,2026-07-09,2026-07-03,1008
den,KXHIGHDEN-26JUL10,weather_only,trained_hist_gradient_boosting,2026-07-11T01:00:00+00:00,2026-07-10,1,2026-07-10,2026-07-10,7,2026-07-09,2026-07-03,1008
den,KXHIGHDEN-26JUL10,weather_only,trained_hist_gradient_boosting,2026-07-11T02:00:00+00:00,2026-07-10,1,2026-07-10,2026-07-10,7,2026-07-09,2026-07-03,1008
den,KXHIGHDEN-26JUL10,weather_only,trained_hist_gradient_boosting,2026-07-11T03:00:00+00:00,2026-07-10,1,2026-07-10,2026-07-10,7,2026-07-09,2026-07-03,1008
den,KXHIGHDEN-26JUL10,weather_only,trained_hist_gradient_boosting,2026-07-11T04:00:00+00:00,2026-07-10,1,2026-07-10,2026-07-10,7,2026-07-09,2026-07-03,1008
den,KXHIGHDEN-26JUL10,weather_only,trained_hist_gradient_boosting,2026-07-11T05:00:00+00:00,2026-07-10,1,2026-07-10,2026-07-10,7,2026-07-09,2026-07-03,1008
den,KXHIGHDEN-26JUL10,weather_only,trained_hist_gradient_boosting,2026-07-11T06:00:00+00:00,2026-07-10,1,2026-07-10,2026-07-10,7,2026-07-09,2026-07-03,1008
la,KXHIGHLAX-26JUL10,weather_only,trained_hist_gradient_boosting,2026-07-10T08:00:00+00:00,2026-07-10,1,2026-07-10,2026-07-10,7,2026-07-09,2026-07-03,1008
la,KXHIGHLAX-26JUL10,weather_only,trained_hist_gradient_boosting,2026-07-10T09:00:00+00:00,2026-07-10,1,2026-07-10,2026-07-10,7,2026-07-09,2026-07-03,1008
la,KXHIGHLAX-26JUL10,weather_only,trained_hist_gradient_boosting,2026-07-10T10:00:00+00:00,2026-07-10,1,2026-07-10,2026-07-10,7,2026-07-09,2026-07-03,1008
la,KXHIGHLAX-26JUL10,weather_only,trained_hist_gradient_boosting,2026-07-10T11:00:00+00:00,2026-07-10,1,2026-07-10,2026-07-10,7,2026-07-09,2026-07-03,1008
la,KXHIGHLAX-26JUL10,weather_only,trained_hist_gradient_boosting,2026-07-10T12:00:00+00:00,2026-07-10,1,2026-07-10,2026-07-10,7,2026-07-09,2026-07-03,1008
la,KXHIGHLAX-26JUL10,weather_only,trained_hist_gradient_boosting,2026-07-10T13:00:00+00:00,2026-07-10,1,2026-07-10,2026-07-10,7,2026-07-09,2026-07-03,1008
la,KXHIGHLAX-26JUL10,weather_only,trained_hist_gradient_boosting,2026-07-10T14:00:00+00:00,2026-07-10,1,2026-07-10,2026-07-10,7,2026-07-09,2026-07-03,1008
la,KXHIGHLAX-26JUL10,weather_only,trained_hist_gradient_boosting,2026-07-10T15:00:00+00:00,2026-07-10,1,2026-07-10,2026-07-10,7,2026-07-09,2026-07-03,1008
la,KXHIGHLAX-26JUL10,weather_only,trained_hist_gradient_boosting,2026-07-10T16:00:00+00:00,2026-07-10,1,2026-07-10,2026-07-10,7,2026-07-09,2026-07-03,1008
la,KXHIGHLAX-26JUL10,weather_only,trained_hist_gradient_boosting,2026-07-10T17:00:00+00:00,2026-07-10,1,2026-07-10,2026-07-10,7,2026-07-09,2026-07-03,1008
la,KXHIGHLAX-26JUL10,weather_only,trained_hist_gradient_boosting,2026-07-10T18:00:00+00:00,2026-07-10,1,2026-07-10,2026-07-10,7,2026-07-09,2026-07-03,1008
la,KXHIGHLAX-26JUL10,weather_only,trained_hist_gradient_boosting,2026-07-10T19:00:00+00:00,2026-07-10,1,2026-07-10,2026-07-10,7,2026-07-09,2026-07-03,1008
la,KXHIGHLAX-26JUL10,weather_only,trained_hist_gradient_boosting,2026-07-10T20:00:00+00:00,2026-07-10,1,2026-07-10,2026-07-10,7,2026-07-09,2026-07-03,1008
la,KXHIGHLAX-26JUL10,weather_only,trained_hist_gradient_boosting,2026-07-10T21:00:00+00:00,2026-07-10,1,2026-07-10,2026-07-10,7,2026-07-09,2026-07-03,1008
la,KXHIGHLAX-26JUL10,weather_only,trained_hist_gradient_boosting,2026-07-10T22:00:00+00:00,2026-07-10,1,2026-07-10,2026-07-10,7,2026-07-09,2026-07-03,1008
la,KXHIGHLAX-26JUL10,weather_only,trained_hist_gradient_boosting,2026-07-10T23:00:00+00:00,2026-07-10,1,2026-07-10,2026-07-10,7,2026-07-09,2026-07-03,1008
la,KXHIGHLAX-26JUL10,weather_only,trained_hist_gradient_boosting,2026-07-11T00:00:00+00:00,2026-07-10,1,2026-07-10,2026-07-10,7,2026-07-09,2026-07-03,1008
la,KXHIGHLAX-26JUL10,weather_only,trained_hist_gradient_boosting,2026-07-11T01:00:00+00:00,2026-07-10,1,2026-07-10,2026-07-10,7,2026-07-09,2026-07-03,1008
la,KXHIGHLAX-26JUL10,weather_only,trained_hist_gradient_boosting,2026-07-11T02:00:00+00:00,2026-07-10,1,2026-07-10,2026-07-10,7,2026-07-09,2026-07-03,1008
la,KXHIGHLAX-26JUL10,weather_only,trained_hist_gradient_boosting,2026-07-11T03:00:00+00:00,2026-07-10,1,2026-07-10,2026-07-10,7,2026-07-09,2026-07-03,1008
la,KXHIGHLAX-26JUL10,weather_only,trained_hist_gradient_boosting,2026-07-11T04:00:00+00:00,2026-07-10,1,2026-07-10,2026-07-10,7,2026-07-09,2026-07-03,1008
la,KXHIGHLAX-26JUL10,weather_only,trained_hist_gradient_boosting,2026-07-11T05:00:00+00:00,2026-07-10,1,2026-07-10,2026-07-10,7,2026-07-09,2026-07-03,1008
la,KXHIGHLAX-26JUL10,weather_only,trained_hist_gradient_boosting,2026-07-11T06:00:00+00:00,2026-07-10,1,2026-07-10,2026-07-10,7,2026-07-09,2026-07-03,1008
la,KXHIGHLAX-26JUL10,weather_only,trained_hist_gradient_boosting,2026-07-11T07:00:00+00:00,2026-07-10,1,2026-07-10,2026-07-10,7,2026-07-09,2026-07-03,1008
mia,KXHIGHMIA-26JUL10,weather_only,trained_hist_gradient_boosting,2026-07-10T05:00:00+00:00,2026-07-10,1,2026-07-10,2026-07-10,7,2026-07-09,2026-07-03,1008
mia,KXHIGHMIA-26JUL10,weather_only,trained_hist_gradient_boosting,2026-07-10T06:00:00+00:00,2026-07-10,1,2026-07-10,2026-07-10,7,2026-07-09,2026-07-03,1008
mia,KXHIGHMIA-26JUL10,weather_only,trained_hist_gradient_boosting,2026-07-10T07:00:00+00:00,2026-07-10,1,2026-07-10,2026-07-10,7,2026-07-09,2026-07-03,1008
mia,KXHIGHMIA-26JUL10,weather_only,trained_hist_gradient_boosting,2026-07-10T08:00:00+00:00,2026-07-10,1,2026-07-10,2026-07-10,7,2026-07-09,2026-07-03,1008
mia,KXHIGHMIA-26JUL10,weather_only,trained_hist_gradient_boosting,2026-07-10T09:00:00+00:00,2026-07-10,1,2026-07-10,2026-07-10,7,2026-07-09,2026-07-03,1008
mia,KXHIGHMIA-26JUL10,weather_only,trained_hist_gradient_boosting,2026-07-10T10:00:00+00:00,2026-07-10,1,2026-07-10,2026-07-10,7,2026-07-09,2026-07-03,1008
mia,KXHIGHMIA-26JUL10,weather_only,trained_hist_gradient_boosting,2026-07-10T11:00:00+00:00,2026-07-10,1,2026-07-10,2026-07-10,7,2026-07-09,2026-07-03,1008
mia,KXHIGHMIA-26JUL10,weather_only,trained_hist_gradient_boosting,2026-07-10T12:00:00+00:00,2026-07-10,1,2026-07-10,2026-07-10,7,2026-07-09,2026-07-03,1008
mia,KXHIGHMIA-26JUL10,weather_only,trained_hist_gradient_boosting,2026-07-10T13:00:00+00:00,2026-07-10,1,2026-07-10,2026-07-10,7,2026-07-09,2026-07-03,1008
mia,KXHIGHMIA-26JUL10,weather_only,trained_hist_gradient_boosting,2026-07-10T14:00:00+00:00,2026-07-10,1,2026-07-10,2026-07-10,7,2026-07-09,2026-07-03,1008
mia,KXHIGHMIA-26JUL10,weather_only,trained_hist_gradient_boosting,2026-07-10T15:00:00+00:00,2026-07-10,1,2026-07-10,2026-07-10,7,2026-07-09,2026-07-03,1008
mia,KXHIGHMIA-26JUL10,weather_only,trained_hist_gradient_boosting,2026-07-10T16:00:00+00:00,2026-07-10,1,2026-07-10,2026-07-10,7,2026-07-09,2026-07-03,1008
mia,KXHIGHMIA-26JUL10,weather_only,trained_hist_gradient_boosting,2026-07-10T17:00:00+00:00,2026-07-10,1,2026-07-10,2026-07-10,7,2026-07-09,2026-07-03,1008
mia,KXHIGHMIA-26JUL10,weather_only,trained_hist_gradient_boosting,2026-07-10T18:00:00+00:00,2026-07-10,1,2026-07-10,2026-07-10,7,2026-07-09,2026-07-03,1008
mia,KXHIGHMIA-26JUL10,weather_only,trained_hist_gradient_boosting,2026-07-10T19:00:00+00:00,2026-07-10,1,2026-07-10,2026-07-10,7,2026-07-09,2026-07-03,1008
mia,KXHIGHMIA-26JUL10,weather_only,trained_hist_gradient_boosting,2026-07-10T20:00:00+00:00,2026-07-10,1,2026-07-10,2026-07-10,7,2026-07-09,2026-07-03,1008
mia,KXHIGHMIA-26JUL10,weather_only,trained_hist_gradient_boosting,2026-07-10T21:00:00+00:00,2026-07-10,1,2026-07-10,2026-07-10,7,2026-07-09,2026-07-03,1008
mia,KXHIGHMIA-26JUL10,weather_only,trained_hist_gradient_boosting,2026-07-10T22:00:00+00:00,2026-07-10,1,2026-07-10,2026-07-10,7,2026-07-09,2026-07-03,1008
mia,KXHIGHMIA-26JUL10,weather_only,trained_hist_gradient_boosting,2026-07-10T23:00:00+00:00,2026-07-10,1,2026-07-10,2026-07-10,7,2026-07-09,2026-07-03,1008
mia,KXHIGHMIA-26JUL10,weather_only,trained_hist_gradient_boosting,2026-07-11T00:00:00+00:00,2026-07-10,1,2026-07-10,2026-07-10,7,2026-07-09,2026-07-03,1008
mia,KXHIGHMIA-26JUL10,weather_only,trained_hist_gradient_boosting,2026-07-11T01:00:00+00:00,2026-07-10,1,2026-07-10,2026-07-10,7,2026-07-09,2026-07-03,1008
mia,KXHIGHMIA-26JUL10,weather_only,trained_hist_gradient_boosting,2026-07-11T02:00:00+00:00,2026-07-10,1,2026-07-10,2026-07-10,7,2026-07-09,2026-07-03,1008
mia,KXHIGHMIA-26JUL10,weather_only,trained_hist_gradient_boosting,2026-07-11T03:00:00+00:00,2026-07-10,1,2026-07-10,2026-07-10,7,2026-07-09,2026-07-03,1008
mia,KXHIGHMIA-26JUL10,weather_only,trained_hist_gradient_boosting,2026-07-11T04:00:00+00:00,2026-07-10,1,2026-07-10,2026-07-10,7,2026-07-09,2026-07-03,1008
nyc,KXHIGHNY-26JUL10,weather_only,trained_hist_gradient_boosting,2026-07-10T05:00:00+00:00,2026-07-10,1,2026-07-10,2026-07-10,7,2026-07-09,2026-07-03,1008
nyc,KXHIGHNY-26JUL10,weather_only,trained_hist_gradient_boosting,2026-07-10T06:00:00+00:00,2026-07-10,1,2026-07-10,2026-07-10,7,2026-07-09,2026-07-03,1008
nyc,KXHIGHNY-26JUL10,weather_only,trained_hist_gradient_boosting,2026-07-10T07:00:00+00:00,2026-07-10,1,2026-07-10,2026-07-10,7,2026-07-09,2026-07-03,1008
nyc,KXHIGHNY-26JUL10,weather_only,trained_hist_gradient_boosting,2026-07-10T08:00:00+00:00,2026-07-10,1,2026-07-10,2026-07-10,7,2026-07-09,2026-07-03,1008
nyc,KXHIGHNY-26JUL10,weather_only,trained_hist_gradient_boosting,2026-07-10T09:00:00+00:00,2026-07-10,1,2026-07-10,2026-07-10,7,2026-07-09,2026-07-03,1008
nyc,KXHIGHNY-26JUL10,weather_only,trained_hist_gradient_boosting,2026-07-10T10:00:00+00:00,2026-07-10,1,2026-07-10,2026-07-10,7,2026-07-09,2026-07-03,1008
nyc,KXHIGHNY-26JUL10,weather_only,trained_hist_gradient_boosting,2026-07-10T11:00:00+00:00,2026-07-10,1,2026-07-10,2026-07-10,7,2026-07-09,2026-07-03,1008
nyc,KXHIGHNY-26JUL10,weather_only,trained_hist_gradient_boosting,2026-07-10T12:00:00+00:00,2026-07-10,1,2026-07-10,2026-07-10,7,2026-07-09,2026-07-03,1008
nyc,KXHIGHNY-26JUL10,weather_only,trained_hist_gradient_boosting,2026-07-10T13:00:00+00:00,2026-07-10,1,2026-07-10,2026-07-10,7,2026-07-09,2026-07-03,1008
nyc,KXHIGHNY-26JUL10,weather_only,trained_hist_gradient_boosting,2026-07-10T14:00:00+00:00,2026-07-10,1,2026-07-10,2026-07-10,7,2026-07-09,2026-07-03,1008
nyc,KXHIGHNY-26JUL10,weather_only,trained_hist_gradient_boosting,2026-07-10T15:00:00+00:00,2026-07-10,1,2026-07-10,2026-07-10,7,2026-07-09,2026-07-03,1008
nyc,KXHIGHNY-26JUL10,weather_only,trained_hist_gradient_boosting,2026-07-10T16:00:00+00:00,2026-07-10,1,2026-07-10,2026-07-10,7,2026-07-09,2026-07-03,1008
nyc,KXHIGHNY-26JUL10,weather_only,trained_hist_gradient_boosting,2026-07-10T17:00:00+00:00,2026-07-10,1,2026-07-10,2026-07-10,7,2026-07-09,2026-07-03,1008
nyc,KXHIGHNY-26JUL10,weather_only,trained_hist_gradient_boosting,2026-07-10T18:00:00+00:00,2026-07-10,1,2026-07-10,2026-07-10,7,2026-07-09,2026-07-03,1008
nyc,KXHIGHNY-26JUL10,weather_only,trained_hist_gradient_boosting,2026-07-10T19:00:00+00:00,2026-07-10,1,2026-07-10,2026-07-10,7,2026-07-09,2026-07-03,1008
nyc,KXHIGHNY-26JUL10,weather_only,trained_hist_gradient_boosting,2026-07-10T20:00:00+00:00,2026-07-10,1,2026-07-10,2026-07-10,7,2026-07-09,2026-07-03,1008
nyc,KXHIGHNY-26JUL10,weather_only,trained_hist_gradient_boosting,2026-07-10T21:00:00+00:00,2026-07-10,1,2026-07-10,2026-07-10,7,2026-07-09,2026-07-03,1008
nyc,KXHIGHNY-26JUL10,weather_only,trained_hist_gradient_boosting,2026-07-10T22:00:00+00:00,2026-07-10,1,2026-07-10,2026-07-10,7,2026-07-09,2026-07-03,1008
nyc,KXHIGHNY-26JUL10,weather_only,trained_hist_gradient_boosting,2026-07-10T23:00:00+00:00,2026-07-10,1,2026-07-10,2026-07-10,7,2026-07-09,2026-07-03,1008
nyc,KXHIGHNY-26JUL10,weather_only,trained_hist_gradient_boosting,2026-07-11T00:00:00+00:00,2026-07-10,1,2026-07-10,2026-07-10,7,2026-07-09,2026-07-03,1008
nyc,KXHIGHNY-26JUL10,weather_only,trained_hist_gradient_boosting,2026-07-11T01:00:00+00:00,2026-07-10,1,2026-07-10,2026-07-10,7,2026-07-09,2026-07-03,1008
nyc,KXHIGHNY-26JUL10,weather_only,trained_hist_gradient_boosting,2026-07-11T02:00:00+00:00,2026-07-10,1,2026-07-10,2026-07-10,7,2026-07-09,2026-07-03,1008
nyc,KXHIGHNY-26JUL10,weather_only,trained_hist_gradient_boosting,2026-07-11T03:00:00+00:00,2026-07-10,1,2026-07-10,2026-07-10,7,2026-07-09,2026-07-03,1008
nyc,KXHIGHNY-26JUL10,weather_only,trained_hist_gradient_boosting,2026-07-11T04:00:00+00:00,2026-07-10,1,2026-07-10,2026-07-10,7,2026-07-09,2026-07-03,1008
okc,KXHIGHTOKC-26JUL10,weather_only,trained_hist_gradient_boosting,2026-07-10T06:00:00+00:00,2026-07-10,1,2026-07-10,2026-07-10,7,2026-07-09,2026-07-03,1008
okc,KXHIGHTOKC-26JUL10,weather_only,trained_hist_gradient_boosting,2026-07-10T07:00:00+00:00,2026-07-10,1,2026-07-10,2026-07-10,7,2026-07-09,2026-07-03,1008
okc,KXHIGHTOKC-26JUL10,weather_only,trained_hist_gradient_boosting,2026-07-10T08:00:00+00:00,2026-07-10,1,2026-07-10,2026-07-10,7,2026-07-09,2026-07-03,1008
okc,KXHIGHTOKC-26JUL10,weather_only,trained_hist_gradient_boosting,2026-07-10T09:00:00+00:00,2026-07-10,1,2026-07-10,2026-07-10,7,2026-07-09,2026-07-03,1008
okc,KXHIGHTOKC-26JUL10,weather_only,trained_hist_gradient_boosting,2026-07-10T10:00:00+00:00,2026-07-10,1,2026-07-10,2026-07-10,7,2026-07-09,2026-07-03,1008
okc,KXHIGHTOKC-26JUL10,weather_only,trained_hist_gradient_boosting,2026-07-10T11:00:00+00:00,2026-07-10,1,2026-07-10,2026-07-10,7,2026-07-09,2026-07-03,1008
okc,KXHIGHTOKC-26JUL10,weather_only,trained_hist_gradient_boosting,2026-07-10T12:00:00+00:00,2026-07-10,1,2026-07-10,2026-07-10,7,2026-07-09,2026-07-03,1008
okc,KXHIGHTOKC-26JUL10,weather_only,trained_hist_gradient_boosting,2026-07-10T13:00:00+00:00,2026-07-10,1,2026-07-10,2026-07-10,7,2026-07-09,2026-07-03,1008
okc,KXHIGHTOKC-26JUL10,weather_only,trained_hist_gradient_boosting,2026-07-10T14:00:00+00:00,2026-07-10,1,2026-07-10,2026-07-10,7,2026-07-09,2026-07-03,1008
okc,KXHIGHTOKC-26JUL10,weather_only,trained_hist_gradient_boosting,2026-07-10T15:00:00+00:00,2026-07-10,1,2026-07-10,2026-07-10,7,2026-07-09,2026-07-03,1008
okc,KXHIGHTOKC-26JUL10,weather_only,trained_hist_gradient_boosting,2026-07-10T16:00:00+00:00,2026-07-10,1,2026-07-10,2026-07-10,7,2026-07-09,2026-07-03,1008
okc,KXHIGHTOKC-26JUL10,weather_only,trained_hist_gradient_boosting,2026-07-10T17:00:00+00:00,2026-07-10,1,2026-07-10,2026-07-10,7,2026-07-09,2026-07-03,1008
okc,KXHIGHTOKC-26JUL10,weather_only,trained_hist_gradient_boosting,2026-07-10T18:00:00+00:00,2026-07-10,1,2026-07-10,2026-07-10,7,2026-07-09,2026-07-03,1008
okc,KXHIGHTOKC-26JUL10,weather_only,trained_hist_gradient_boosting,2026-07-10T19:00:00+00:00,2026-07-10,1,2026-07-10,2026-07-10,7,2026-07-09,2026-07-03,1008
okc,KXHIGHTOKC-26JUL10,weather_only,trained_hist_gradient_boosting,2026-07-10T20:00:00+00:00,2026-07-10,1,2026-07-10,2026-07-10,7,2026-07-09,2026-07-03,1008
okc,KXHIGHTOKC-26JUL10,weather_only,trained_hist_gradient_boosting,2026-07-10T21:00:00+00:00,2026-07-10,1,2026-07-10,2026-07-10,7,2026-07-09,2026-07-03,1008
okc,KXHIGHTOKC-26JUL10,weather_only,trained_hist_gradient_boosting,2026-07-10T22:00:00+00:00,2026-07-10,1,2026-07-10,2026-07-10,7,2026-07-09,2026-07-03,1008
okc,KXHIGHTOKC-26JUL10,weather_only,trained_hist_gradient_boosting,2026-07-10T23:00:00+00:00,2026-07-10,1,2026-07-10,2026-07-10,7,2026-07-09,2026-07-03,1008
okc,KXHIGHTOKC-26JUL10,weather_only,trained_hist_gradient_boosting,2026-07-11T00:00:00+00:00,2026-07-10,1,2026-07-10,2026-07-10,7,2026-07-09,2026-07-03,1008
okc,KXHIGHTOKC-26JUL10,weather_only,trained_hist_gradient_boosting,2026-07-11T01:00:00+00:00,2026-07-10,1,2026-07-10,2026-07-10,7,2026-07-09,2026-07-03,1008
okc,KXHIGHTOKC-26JUL10,weather_only,trained_hist_gradient_boosting,2026-07-11T02:00:00+00:00,2026-07-10,1,2026-07-10,2026-07-10,7,2026-07-09,2026-07-03,1008
okc,KXHIGHTOKC-26JUL10,weather_only,trained_hist_gradient_boosting,2026-07-11T03:00:00+00:00,2026-07-10,1,2026-07-10,2026-07-10,7,2026-07-09,2026-07-03,1008
okc,KXHIGHTOKC-26JUL10,weather_only,trained_hist_gradient_boosting,2026-07-11T04:00:00+00:00,2026-07-10,1,2026-07-10,2026-07-10,7,2026-07-09,2026-07-03,1008
okc,KXHIGHTOKC-26JUL10,weather_only,trained_hist_gradient_boosting,2026-07-11T05:00:00+00:00,2026-07-10,1,2026-07-10,2026-07-10,7,2026-07-09,2026-07-03,1008
aus,KXHIGHAUS-26JUL11,weather_only,trained_hist_gradient_boosting,2026-07-11T06:00:00+00:00,2026-07-11,1,2026-07-11,2026-07-11,7,2026-07-10,2026-07-04,1008
aus,KXHIGHAUS-26JUL11,weather_only,trained_hist_gradient_boosting,2026-07-11T07:00:00+00:00,2026-07-11,1,2026-07-11,2026-07-11,7,2026-07-10,2026-07-04,1008
aus,KXHIGHAUS-26JUL11,weather_only,trained_hist_gradient_boosting,2026-07-11T08:00:00+00:00,2026-07-11,1,2026-07-11,2026-07-11,7,2026-07-10,2026-07-04,1008
aus,KXHIGHAUS-26JUL11,weather_only,trained_hist_gradient_boosting,2026-07-11T09:00:00+00:00,2026-07-11,1,2026-07-11,2026-07-11,7,2026-07-10,2026-07-04,1008
aus,KXHIGHAUS-26JUL11,weather_only,trained_hist_gradient_boosting,2026-07-11T10:00:00+00:00,2026-07-11,1,2026-07-11,2026-07-11,7,2026-07-10,2026-07-04,1008
aus,KXHIGHAUS-26JUL11,weather_only,trained_hist_gradient_boosting,2026-07-11T11:00:00+00:00,2026-07-11,1,2026-07-11,2026-07-11,7,2026-07-10,2026-07-04,1008
aus,KXHIGHAUS-26JUL11,weather_only,trained_hist_gradient_boosting,2026-07-11T12:00:00+00:00,2026-07-11,1,2026-07-11,2026-07-11,7,2026-07-10,2026-07-04,1008
aus,KXHIGHAUS-26JUL11,weather_only,trained_hist_gradient_boosting,2026-07-11T13:00:00+00:00,2026-07-11,1,2026-07-11,2026-07-11,7,2026-07-10,2026-07-04,1008
aus,KXHIGHAUS-26JUL11,weather_only,trained_hist_gradient_boosting,2026-07-11T14:00:00+00:00,2026-07-11,1,2026-07-11,2026-07-11,7,2026-07-10,2026-07-04,1008
aus,KXHIGHAUS-26JUL11,weather_only,trained_hist_gradient_boosting,2026-07-11T15:00:00+00:00,2026-07-11,1,2026-07-11,2026-07-11,7,2026-07-10,2026-07-04,1008
aus,KXHIGHAUS-26JUL11,weather_only,trained_hist_gradient_boosting,2026-07-11T16:00:00+00:00,2026-07-11,1,2026-07-11,2026-07-11,7,2026-07-10,2026-07-04,1008
aus,KXHIGHAUS-26JUL11,weather_only,trained_hist_gradient_boosting,2026-07-11T17:00:00+00:00,2026-07-11,1,2026-07-11,2026-07-11,7,2026-07-10,2026-07-04,1008
aus,KXHIGHAUS-26JUL11,weather_only,trained_hist_gradient_boosting,2026-07-11T18:00:00+00:00,2026-07-11,1,2026-07-11,2026-07-11,7,2026-07-10,2026-07-04,1008
aus,KXHIGHAUS-26JUL11,weather_only,trained_hist_gradient_boosting,2026-07-11T19:00:00+00:00,2026-07-11,1,2026-07-11,2026-07-11,7,2026-07-10,2026-07-04,1008
aus,KXHIGHAUS-26JUL11,weather_only,trained_hist_gradient_boosting,2026-07-11T20:00:00+00:00,2026-07-11,1,2026-07-11,2026-07-11,7,2026-07-10,2026-07-04,1008
aus,KXHIGHAUS-26JUL11,weather_only,trained_hist_gradient_boosting,2026-07-11T21:00:00+00:00,2026-07-11,1,2026-07-11,2026-07-11,7,2026-07-10,2026-07-04,1008
aus,KXHIGHAUS-26JUL11,weather_only,trained_hist_gradient_boosting,2026-07-11T22:00:00+00:00,2026-07-11,1,2026-07-11,2026-07-11,7,2026-07-10,2026-07-04,1008
aus,KXHIGHAUS-26JUL11,weather_only,trained_hist_gradient_boosting,2026-07-11T23:00:00+00:00,2026-07-11,1,2026-07-11,2026-07-11,7,2026-07-10,2026-07-04,1008
aus,KXHIGHAUS-26JUL11,weather_only,trained_hist_gradient_boosting,2026-07-12T00:00:00+00:00,2026-07-11,1,2026-07-11,2026-07-11,7,2026-07-10,2026-07-04,1008
aus,KXHIGHAUS-26JUL11,weather_only,trained_hist_gradient_boosting,2026-07-12T01:00:00+00:00,2026-07-11,1,2026-07-11,2026-07-11,7,2026-07-10,2026-07-04,1008
aus,KXHIGHAUS-26JUL11,weather_only,trained_hist_gradient_boosting,2026-07-12T02:00:00+00:00,2026-07-11,1,2026-07-11,2026-07-11,7,2026-07-10,2026-07-04,1008
aus,KXHIGHAUS-26JUL11,weather_only,trained_hist_gradient_boosting,2026-07-12T03:00:00+00:00,2026-07-11,1,2026-07-11,2026-07-11,7,2026-07-10,2026-07-04,1008
aus,KXHIGHAUS-26JUL11,weather_only,trained_hist_gradient_boosting,2026-07-12T04:00:00+00:00,2026-07-11,1,2026-07-11,2026-07-11,7,2026-07-10,2026-07-04,1008
aus,KXHIGHAUS-26JUL11,weather_only,trained_hist_gradient_boosting,2026-07-12T05:00:00+00:00,2026-07-11,1,2026-07-11,2026-07-11,7,2026-07-10,2026-07-04,1008
den,KXHIGHDEN-26JUL11,weather_only,trained_hist_gradient_boosting,2026-07-11T07:00:00+00:00,2026-07-11,1,2026-07-11,2026-07-11,7,2026-07-10,2026-07-04,1008
den,KXHIGHDEN-26JUL11,weather_only,trained_hist_gradient_boosting,2026-07-11T08:00:00+00:00,2026-07-11,1,2026-07-11,2026-07-11,7,2026-07-10,2026-07-04,1008
den,KXHIGHDEN-26JUL11,weather_only,trained_hist_gradient_boosting,2026-07-11T09:00:00+00:00,2026-07-11,1,2026-07-11,2026-07-11,7,2026-07-10,2026-07-04,1008
den,KXHIGHDEN-26JUL11,weather_only,trained_hist_gradient_boosting,2026-07-11T10:00:00+00:00,2026-07-11,1,2026-07-11,2026-07-11,7,2026-07-10,2026-07-04,1008
den,KXHIGHDEN-26JUL11,weather_only,trained_hist_gradient_boosting,2026-07-11T11:00:00+00:00,2026-07-11,1,2026-07-11,2026-07-11,7,2026-07-10,2026-07-04,1008
den,KXHIGHDEN-26JUL11,weather_only,trained_hist_gradient_boosting,2026-07-11T12:00:00+00:00,2026-07-11,1,2026-07-11,2026-07-11,7,2026-07-10,2026-07-04,1008
den,KXHIGHDEN-26JUL11,weather_only,trained_hist_gradient_boosting,2026-07-11T13:00:00+00:00,2026-07-11,1,2026-07-11,2026-07-11,7,2026-07-10,2026-07-04,1008
den,KXHIGHDEN-26JUL11,weather_only,trained_hist_gradient_boosting,2026-07-11T14:00:00+00:00,2026-07-11,1,2026-07-11,2026-07-11,7,2026-07-10,2026-07-04,1008
den,KXHIGHDEN-26JUL11,weather_only,trained_hist_gradient_boosting,2026-07-11T15:00:00+00:00,2026-07-11,1,2026-07-11,2026-07-11,7,2026-07-10,2026-07-04,1008
den,KXHIGHDEN-26JUL11,weather_only,trained_hist_gradient_boosting,2026-07-11T16:00:00+00:00,2026-07-11,1,2026-07-11,2026-07-11,7,2026-07-10,2026-07-04,1008
den,KXHIGHDEN-26JUL11,weather_only,trained_hist_gradient_boosting,2026-07-11T17:00:00+00:00,2026-07-11,1,2026-07-11,2026-07-11,7,2026-07-10,2026-07-04,1008
den,KXHIGHDEN-26JUL11,weather_only,trained_hist_gradient_boosting,2026-07-11T18:00:00+00:00,2026-07-11,1,2026-07-11,2026-07-11,7,2026-07-10,2026-07-04,1008
den,KXHIGHDEN-26JUL11,weather_only,trained_hist_gradient_boosting,2026-07-11T19:00:00+00:00,2026-07-11,1,2026-07-11,2026-07-11,7,2026-07-10,2026-07-04,1008
den,KXHIGHDEN-26JUL11,weather_only,trained_hist_gradient_boosting,2026-07-11T20:00:00+00:00,2026-07-11,1,2026-07-11,2026-07-11,7,2026-07-10,2026-07-04,1008
den,KXHIGHDEN-26JUL11,weather_only,trained_hist_gradient_boosting,2026-07-11T21:00:00+00:00,2026-07-11,1,2026-07-11,2026-07-11,7,2026-07-10,2026-07-04,1008
den,KXHIGHDEN-26JUL11,weather_only,trained_hist_gradient_boosting,2026-07-11T22:00:00+00:00,2026-07-11,1,2026-07-11,2026-07-11,7,2026-07-10,2026-07-04,1008
den,KXHIGHDEN-26JUL11,weather_only,trained_hist_gradient_boosting,2026-07-11T23:00:00+00:00,2026-07-11,1,2026-07-11,2026-07-11,7,2026-07-10,2026-07-04,1008
den,KXHIGHDEN-26JUL11,weather_only,trained_hist_gradient_boosting,2026-07-12T00:00:00+00:00,2026-07-11,1,2026-07-11,2026-07-11,7,2026-07-10,2026-07-04,1008
den,KXHIGHDEN-26JUL11,weather_only,trained_hist_gradient_boosting,2026-07-12T01:00:00+00:00,2026-07-11,1,2026-07-11,2026-07-11,7,2026-07-10,2026-07-04,1008
den,KXHIGHDEN-26JUL11,weather_only,trained_hist_gradient_boosting,2026-07-12T02:00:00+00:00,2026-07-11,1,2026-07-11,2026-07-11,7,2026-07-10,2026-07-04,1008
den,KXHIGHDEN-26JUL11,weather_only,trained_hist_gradient_boosting,2026-07-12T03:00:00+00:00,2026-07-11,1,2026-07-11,2026-07-11,7,2026-07-10,2026-07-04,1008
den,KXHIGHDEN-26JUL11,weather_only,trained_hist_gradient_boosting,2026-07-12T04:00:00+00:00,2026-07-11,1,2026-07-11,2026-07-11,7,2026-07-10,2026-07-04,1008
den,KXHIGHDEN-26JUL11,weather_only,trained_hist_gradient_boosting,2026-07-12T05:00:00+00:00,2026-07-11,1,2026-07-11,2026-07-11,7,2026-07-10,2026-07-04,1008
den,KXHIGHDEN-26JUL11,weather_only,trained_hist_gradient_boosting,2026-07-12T06:00:00+00:00,2026-07-11,1,2026-07-11,2026-07-11,7,2026-07-10,2026-07-04,1008
la,KXHIGHLAX-26JUL11,weather_only,trained_hist_gradient_boosting,2026-07-11T08:00:00+00:00,2026-07-11,1,2026-07-11,2026-07-11,7,2026-07-10,2026-07-04,1008
la,KXHIGHLAX-26JUL11,weather_only,trained_hist_gradient_boosting,2026-07-11T09:00:00+00:00,2026-07-11,1,2026-07-11,2026-07-11,7,2026-07-10,2026-07-04,1008
la,KXHIGHLAX-26JUL11,weather_only,trained_hist_gradient_boosting,2026-07-11T10:00:00+00:00,2026-07-11,1,2026-07-11,2026-07-11,7,2026-07-10,2026-07-04,1008
la,KXHIGHLAX-26JUL11,weather_only,trained_hist_gradient_boosting,2026-07-11T11:00:00+00:00,2026-07-11,1,2026-07-11,2026-07-11,7,2026-07-10,2026-07-04,1008
la,KXHIGHLAX-26JUL11,weather_only,trained_hist_gradient_boosting,2026-07-11T12:00:00+00:00,2026-07-11,1,2026-07-11,2026-07-11,7,2026-07-10,2026-07-04,1008
la,KXHIGHLAX-26JUL11,weather_only,trained_hist_gradient_boosting,2026-07-11T13:00:00+00:00,2026-07-11,1,2026-07-11,2026-07-11,7,2026-07-10,2026-07-04,1008
la,KXHIGHLAX-26JUL11,weather_only,trained_hist_gradient_boosting,2026-07-11T14:00:00+00:00,2026-07-11,1,2026-07-11,2026-07-11,7,2026-07-10,2026-07-04,1008
la,KXHIGHLAX-26JUL11,weather_only,trained_hist_gradient_boosting,2026-07-11T15:00:00+00:00,2026-07-11,1,2026-07-11,2026-07-11,7,2026-07-10,2026-07-04,1008
la,KXHIGHLAX-26JUL11,weather_only,trained_hist_gradient_boosting,2026-07-11T16:00:00+00:00,2026-07-11,1,2026-07-11,2026-07-11,7,2026-07-10,2026-07-04,1008
la,KXHIGHLAX-26JUL11,weather_only,trained_hist_gradient_boosting,2026-07-11T17:00:00+00:00,2026-07-11,1,2026-07-11,2026-07-11,7,2026-07-10,2026-07-04,1008
la,KXHIGHLAX-26JUL11,weather_only,trained_hist_gradient_boosting,2026-07-11T18:00:00+00:00,2026-07-11,1,2026-07-11,2026-07-11,7,2026-07-10,2026-07-04,1008
la,KXHIGHLAX-26JUL11,weather_only,trained_hist_gradient_boosting,2026-07-11T19:00:00+00:00,2026-07-11,1,2026-07-11,2026-07-11,7,2026-07-10,2026-07-04,1008
la,KXHIGHLAX-26JUL11,weather_only,trained_hist_gradient_boosting,2026-07-11T20:00:00+00:00,2026-07-11,1,2026-07-11,2026-07-11,7,2026-07-10,2026-07-04,1008
la,KXHIGHLAX-26JUL11,weather_only,trained_hist_gradient_boosting,2026-07-11T21:00:00+00:00,2026-07-11,1,2026-07-11,2026-07-11,7,2026-07-10,2026-07-04,1008
la,KXHIGHLAX-26JUL11,weather_only,trained_hist_gradient_boosting,2026-07-11T22:00:00+00:00,2026-07-11,1,2026-07-11,2026-07-11,7,2026-07-10,2026-07-04,1008
la,KXHIGHLAX-26JUL11,weather_only,trained_hist_gradient_boosting,2026-07-11T23:00:00+00:00,2026-07-11,1,2026-07-11,2026-07-11,7,2026-07-10,2026-07-04,1008
la,KXHIGHLAX-26JUL11,weather_only,trained_hist_gradient_boosting,2026-07-12T00:00:00+00:00,2026-07-11,1,2026-07-11,2026-07-11,7,2026-07-10,2026-07-04,1008
la,KXHIGHLAX-26JUL11,weather_only,trained_hist_gradient_boosting,2026-07-12T01:00:00+00:00,2026-07-11,1,2026-07-11,2026-07-11,7,2026-07-10,2026-07-04,1008
la,KXHIGHLAX-26JUL11,weather_only,trained_hist_gradient_boosting,2026-07-12T02:00:00+00:00,2026-07-11,1,2026-07-11,2026-07-11,7,2026-07-10,2026-07-04,1008
la,KXHIGHLAX-26JUL11,weather_only,trained_hist_gradient_boosting,2026-07-12T03:00:00+00:00,2026-07-11,1,2026-07-11,2026-07-11,7,2026-07-10,2026-07-04,1008
la,KXHIGHLAX-26JUL11,weather_only,trained_hist_gradient_boosting,2026-07-12T04:00:00+00:00,2026-07-11,1,2026-07-11,2026-07-11,7,2026-07-10,2026-07-04,1008
la,KXHIGHLAX-26JUL11,weather_only,trained_hist_gradient_boosting,2026-07-12T05:00:00+00:00,2026-07-11,1,2026-07-11,2026-07-11,7,2026-07-10,2026-07-04,1008
la,KXHIGHLAX-26JUL11,weather_only,trained_hist_gradient_boosting,2026-07-12T06:00:00+00:00,2026-07-11,1,2026-07-11,2026-07-11,7,2026-07-10,2026-07-04,1008
la,KXHIGHLAX-26JUL11,weather_only,trained_hist_gradient_boosting,2026-07-12T07:00:00+00:00,2026-07-11,1,2026-07-11,2026-07-11,7,2026-07-10,2026-07-04,1008
mia,KXHIGHMIA-26JUL11,weather_only,trained_hist_gradient_boosting,2026-07-11T05:00:00+00:00,2026-07-11,1,2026-07-11,2026-07-11,7,2026-07-10,2026-07-04,1008
mia,KXHIGHMIA-26JUL11,weather_only,trained_hist_gradient_boosting,2026-07-11T06:00:00+00:00,2026-07-11,1,2026-07-11,2026-07-11,7,2026-07-10,2026-07-04,1008
mia,KXHIGHMIA-26JUL11,weather_only,trained_hist_gradient_boosting,2026-07-11T07:00:00+00:00,2026-07-11,1,2026-07-11,2026-07-11,7,2026-07-10,2026-07-04,1008
mia,KXHIGHMIA-26JUL11,weather_only,trained_hist_gradient_boosting,2026-07-11T08:00:00+00:00,2026-07-11,1,2026-07-11,2026-07-11,7,2026-07-10,2026-07-04,1008
mia,KXHIGHMIA-26JUL11,weather_only,trained_hist_gradient_boosting,2026-07-11T09:00:00+00:00,2026-07-11,1,2026-07-11,2026-07-11,7,2026-07-10,2026-07-04,1008
mia,KXHIGHMIA-26JUL11,weather_only,trained_hist_gradient_boosting,2026-07-11T10:00:00+00:00,2026-07-11,1,2026-07-11,2026-07-11,7,2026-07-10,2026-07-04,1008
mia,KXHIGHMIA-26JUL11,weather_only,trained_hist_gradient_boosting,2026-07-11T11:00:00+00:00,2026-07-11,1,2026-07-11,2026-07-11,7,2026-07-10,2026-07-04,1008
mia,KXHIGHMIA-26JUL11,weather_only,trained_hist_gradient_boosting,2026-07-11T12:00:00+00:00,2026-07-11,1,2026-07-11,2026-07-11,7,2026-07-10,2026-07-04,1008
mia,KXHIGHMIA-26JUL11,weather_only,trained_hist_gradient_boosting,2026-07-11T13:00:00+00:00,2026-07-11,1,2026-07-11,2026-07-11,7,2026-07-10,2026-07-04,1008
mia,KXHIGHMIA-26JUL11,weather_only,trained_hist_gradient_boosting,2026-07-11T14:00:00+00:00,2026-07-11,1,2026-07-11,2026-07-11,7,2026-07-10,2026-07-04,1008
mia,KXHIGHMIA-26JUL11,weather_only,trained_hist_gradient_boosting,2026-07-11T15:00:00+00:00,2026-07-11,1,2026-07-11,2026-07-11,7,2026-07-10,2026-07-04,1008
mia,KXHIGHMIA-26JUL11,weather_only,trained_hist_gradient_boosting,2026-07-11T16:00:00+00:00,2026-07-11,1,2026-07-11,2026-07-11,7,2026-07-10,2026-07-04,1008
mia,KXHIGHMIA-26JUL11,weather_only,trained_hist_gradient_boosting,2026-07-11T17:00:00+00:00,2026-07-11,1,2026-07-11,2026-07-11,7,2026-07-10,2026-07-04,1008
mia,KXHIGHMIA-26JUL11,weather_only,trained_hist_gradient_boosting,2026-07-11T18:00:00+00:00,2026-07-11,1,2026-07-11,2026-07-11,7,2026-07-10,2026-07-04,1008
mia,KXHIGHMIA-26JUL11,weather_only,trained_hist_gradient_boosting,2026-07-11T19:00:00+00:00,2026-07-11,1,2026-07-11,2026-07-11,7,2026-07-10,2026-07-04,1008
mia,KXHIGHMIA-26JUL11,weather_only,trained_hist_gradient_boosting,2026-07-11T20:00:00+00:00,2026-07-11,1,2026-07-11,2026-07-11,7,2026-07-10,2026-07-04,1008
mia,KXHIGHMIA-26JUL11,weather_only,trained_hist_gradient_boosting,2026-07-11T21:00:00+00:00,2026-07-11,1,2026-07-11,2026-07-11,7,2026-07-10,2026-07-04,1008
mia,KXHIGHMIA-26JUL11,weather_only,trained_hist_gradient_boosting,2026-07-11T22:00:00+00:00,2026-07-11,1,2026-07-11,2026-07-11,7,2026-07-10,2026-07-04,1008
mia,KXHIGHMIA-26JUL11,weather_only,trained_hist_gradient_boosting,2026-07-11T23:00:00+00:00,2026-07-11,1,2026-07-11,2026-07-11,7,2026-07-10,2026-07-04,1008
mia,KXHIGHMIA-26JUL11,weather_only,trained_hist_gradient_boosting,2026-07-12T00:00:00+00:00,2026-07-11,1,2026-07-11,2026-07-11,7,2026-07-10,2026-07-04,1008
mia,KXHIGHMIA-26JUL11,weather_only,trained_hist_gradient_boosting,2026-07-12T01:00:00+00:00,2026-07-11,1,2026-07-11,2026-07-11,7,2026-07-10,2026-07-04,1008
mia,KXHIGHMIA-26JUL11,weather_only,trained_hist_gradient_boosting,2026-07-12T02:00:00+00:00,2026-07-11,1,2026-07-11,2026-07-11,7,2026-07-10,2026-07-04,1008
mia,KXHIGHMIA-26JUL11,weather_only,trained_hist_gradient_boosting,2026-07-12T03:00:00+00:00,2026-07-11,1,2026-07-11,2026-07-11,7,2026-07-10,2026-07-04,1008
mia,KXHIGHMIA-26JUL11,weather_only,trained_hist_gradient_boosting,2026-07-12T04:00:00+00:00,2026-07-11,1,2026-07-11,2026-07-11,7,2026-07-10,2026-07-04,1008
nyc,KXHIGHNY-26JUL11,weather_only,trained_hist_gradient_boosting,2026-07-11T05:00:00+00:00,2026-07-11,1,2026-07-11,2026-07-11,7,2026-07-10,2026-07-04,1008
nyc,KXHIGHNY-26JUL11,weather_only,trained_hist_gradient_boosting,2026-07-11T06:00:00+00:00,2026-07-11,1,2026-07-11,2026-07-11,7,2026-07-10,2026-07-04,1008
nyc,KXHIGHNY-26JUL11,weather_only,trained_hist_gradient_boosting,2026-07-11T07:00:00+00:00,2026-07-11,1,2026-07-11,2026-07-11,7,2026-07-10,2026-07-04,1008
nyc,KXHIGHNY-26JUL11,weather_only,trained_hist_gradient_boosting,2026-07-11T08:00:00+00:00,2026-07-11,1,2026-07-11,2026-07-11,7,2026-07-10,2026-07-04,1008
nyc,KXHIGHNY-26JUL11,weather_only,trained_hist_gradient_boosting,2026-07-11T09:00:00+00:00,2026-07-11,1,2026-07-11,2026-07-11,7,2026-07-10,2026-07-04,1008
nyc,KXHIGHNY-26JUL11,weather_only,trained_hist_gradient_boosting,2026-07-11T10:00:00+00:00,2026-07-11,1,2026-07-11,2026-07-11,7,2026-07-10,2026-07-04,1008
nyc,KXHIGHNY-26JUL11,weather_only,trained_hist_gradient_boosting,2026-07-11T11:00:00+00:00,2026-07-11,1,2026-07-11,2026-07-11,7,2026-07-10,2026-07-04,1008
nyc,KXHIGHNY-26JUL11,weather_only,trained_hist_gradient_boosting,2026-07-11T12:00:00+00:00,2026-07-11,1,2026-07-11,2026-07-11,7,2026-07-10,2026-07-04,1008
nyc,KXHIGHNY-26JUL11,weather_only,trained_hist_gradient_boosting,2026-07-11T13:00:00+00:00,2026-07-11,1,2026-07-11,2026-07-11,7,2026-07-10,2026-07-04,1008
nyc,KXHIGHNY-26JUL11,weather_only,trained_hist_gradient_boosting,2026-07-11T14:00:00+00:00,2026-07-11,1,2026-07-11,2026-07-11,7,2026-07-10,2026-07-04,1008
nyc,KXHIGHNY-26JUL11,weather_only,trained_hist_gradient_boosting,2026-07-11T15:00:00+00:00,2026-07-11,1,2026-07-11,2026-07-11,7,2026-07-10,2026-07-04,1008
nyc,KXHIGHNY-26JUL11,weather_only,trained_hist_gradient_boosting,2026-07-11T16:00:00+00:00,2026-07-11,1,2026-07-11,2026-07-11,7,2026-07-10,2026-07-04,1008
nyc,KXHIGHNY-26JUL11,weather_only,trained_hist_gradient_boosting,2026-07-11T17:00:00+00:00,2026-07-11,1,2026-07-11,2026-07-11,7,2026-07-10,2026-07-04,1008
nyc,KXHIGHNY-26JUL11,weather_only,trained_hist_gradient_boosting,2026-07-11T18:00:00+00:00,2026-07-11,1,2026-07-11,2026-07-11,7,2026-07-10,2026-07-04,1008
nyc,KXHIGHNY-26JUL11,weather_only,trained_hist_gradient_boosting,2026-07-11T19:00:00+00:00,2026-07-11,1,2026-07-11,2026-07-11,7,2026-07-10,2026-07-04,1008
nyc,KXHIGHNY-26JUL11,weather_only,trained_hist_gradient_boosting,2026-07-11T20:00:00+00:00,2026-07-11,1,2026-07-11,2026-07-11,7,2026-07-10,2026-07-04,1008
nyc,KXHIGHNY-26JUL11,weather_only,trained_hist_gradient_boosting,2026-07-11T21:00:00+00:00,2026-07-11,1,2026-07-11,2026-07-11,7,2026-07-10,2026-07-04,1008
nyc,KXHIGHNY-26JUL11,weather_only,trained_hist_gradient_boosting,2026-07-11T22:00:00+00:00,2026-07-11,1,2026-07-11,2026-07-11,7,2026-07-10,2026-07-04,1008
nyc,KXHIGHNY-26JUL11,weather_only,trained_hist_gradient_boosting,2026-07-11T23:00:00+00:00,2026-07-11,1,2026-07-11,2026-07-11,7,2026-07-10,2026-07-04,1008
nyc,KXHIGHNY-26JUL11,weather_only,trained_hist_gradient_boosting,2026-07-12T00:00:00+00:00,2026-07-11,1,2026-07-11,2026-07-11,7,2026-07-10,2026-07-04,1008
nyc,KXHIGHNY-26JUL11,weather_only,trained_hist_gradient_boosting,2026-07-12T01:00:00+00:00,2026-07-11,1,2026-07-11,2026-07-11,7,2026-07-10,2026-07-04,1008
nyc,KXHIGHNY-26JUL11,weather_only,trained_hist_gradient_boosting,2026-07-12T02:00:00+00:00,2026-07-11,1,2026-07-11,2026-07-11,7,2026-07-10,2026-07-04,1008
nyc,KXHIGHNY-26JUL11,weather_only,trained_hist_gradient_boosting,2026-07-12T03:00:00+00:00,2026-07-11,1,2026-07-11,2026-07-11,7,2026-07-10,2026-07-04,1008
nyc,KXHIGHNY-26JUL11,weather_only,trained_hist_gradient_boosting,2026-07-12T04:00:00+00:00,2026-07-11,1,2026-07-11,2026-07-11,7,2026-07-10,2026-07-04,1008
okc,KXHIGHTOKC-26JUL11,weather_only,trained_hist_gradient_boosting,2026-07-11T06:00:00+00:00,2026-07-11,1,2026-07-11,2026-07-11,7,2026-07-10,2026-07-04,1008
okc,KXHIGHTOKC-26JUL11,weather_only,trained_hist_gradient_boosting,2026-07-11T07:00:00+00:00,2026-07-11,1,2026-07-11,2026-07-11,7,2026-07-10,2026-07-04,1008
okc,KXHIGHTOKC-26JUL11,weather_only,trained_hist_gradient_boosting,2026-07-11T08:00:00+00:00,2026-07-11,1,2026-07-11,2026-07-11,7,2026-07-10,2026-07-04,1008
okc,KXHIGHTOKC-26JUL11,weather_only,trained_hist_gradient_boosting,2026-07-11T09:00:00+00:00,2026-07-11,1,2026-07-11,2026-07-11,7,2026-07-10,2026-07-04,1008
okc,KXHIGHTOKC-26JUL11,weather_only,trained_hist_gradient_boosting,2026-07-11T10:00:00+00:00,2026-07-11,1,2026-07-11,2026-07-11,7,2026-07-10,2026-07-04,1008
okc,KXHIGHTOKC-26JUL11,weather_only,trained_hist_gradient_boosting,2026-07-11T11:00:00+00:00,2026-07-11,1,2026-07-11,2026-07-11,7,2026-07-10,2026-07-04,1008
okc,KXHIGHTOKC-26JUL11,weather_only,trained_hist_gradient_boosting,2026-07-11T12:00:00+00:00,2026-07-11,1,2026-07-11,2026-07-11,7,2026-07-10,2026-07-04,1008
okc,KXHIGHTOKC-26JUL11,weather_only,trained_hist_gradient_boosting,2026-07-11T13:00:00+00:00,2026-07-11,1,2026-07-11,2026-07-11,7,2026-07-10,2026-07-04,1008
okc,KXHIGHTOKC-26JUL11,weather_only,trained_hist_gradient_boosting,2026-07-11T14:00:00+00:00,2026-07-11,1,2026-07-11,2026-07-11,7,2026-07-10,2026-07-04,1008
okc,KXHIGHTOKC-26JUL11,weather_only,trained_hist_gradient_boosting,2026-07-11T15:00:00+00:00,2026-07-11,1,2026-07-11,2026-07-11,7,2026-07-10,2026-07-04,1008
okc,KXHIGHTOKC-26JUL11,weather_only,trained_hist_gradient_boosting,2026-07-11T16:00:00+00:00,2026-07-11,1,2026-07-11,2026-07-11,7,2026-07-10,2026-07-04,1008
okc,KXHIGHTOKC-26JUL11,weather_only,trained_hist_gradient_boosting,2026-07-11T17:00:00+00:00,2026-07-11,1,2026-07-11,2026-07-11,7,2026-07-10,2026-07-04,1008
okc,KXHIGHTOKC-26JUL11,weather_only,trained_hist_gradient_boosting,2026-07-11T18:00:00+00:00,2026-07-11,1,2026-07-11,2026-07-11,7,2026-07-10,2026-07-04,1008
okc,KXHIGHTOKC-26JUL11,weather_only,trained_hist_gradient_boosting,2026-07-11T19:00:00+00:00,2026-07-11,1,2026-07-11,2026-07-11,7,2026-07-10,2026-07-04,1008
okc,KXHIGHTOKC-26JUL11,weather_only,trained_hist_gradient_boosting,2026-07-11T20:00:00+00:00,2026-07-11,1,2026-07-11,2026-07-11,7,2026-07-10,2026-07-04,1008
okc,KXHIGHTOKC-26JUL11,weather_only,trained_hist_gradient_boosting,2026-07-11T21:00:00+00:00,2026-07-11,1,2026-07-11,2026-07-11,7,2026-07-10,2026-07-04,1008
okc,KXHIGHTOKC-26JUL11,weather_only,trained_hist_gradient_boosting,2026-07-11T22:00:00+00:00,2026-07-11,1,2026-07-11,2026-07-11,7,2026-07-10,2026-07-04,1008
okc,KXHIGHTOKC-26JUL11,weather_only,trained_hist_gradient_boosting,2026-07-11T23:00:00+00:00,2026-07-11,1,2026-07-11,2026-07-11,7,2026-07-10,2026-07-04,1008
okc,KXHIGHTOKC-26JUL11,weather_only,trained_hist_gradient_boosting,2026-07-12T00:00:00+00:00,2026-07-11,1,2026-07-11,2026-07-11,7,2026-07-10,2026-07-04,1008
okc,KXHIGHTOKC-26JUL11,weather_only,trained_hist_gradient_boosting,2026-07-12T01:00:00+00:00,2026-07-11,1,2026-07-11,2026-07-11,7,2026-07-10,2026-07-04,1008
okc,KXHIGHTOKC-26JUL11,weather_only,trained_hist_gradient_boosting,2026-07-12T02:00:00+00:00,2026-07-11,1,2026-07-11,2026-07-11,7,2026-07-10,2026-07-04,1008
okc,KXHIGHTOKC-26JUL11,weather_only,trained_hist_gradient_boosting,2026-07-12T03:00:00+00:00,2026-07-11,1,2026-07-11,2026-07-11,7,2026-07-10,2026-07-04,1008
okc,KXHIGHTOKC-26JUL11,weather_only,trained_hist_gradient_boosting,2026-07-12T04:00:00+00:00,2026-07-11,1,2026-07-11,2026-07-11,7,2026-07-10,2026-07-04,1008
okc,KXHIGHTOKC-26JUL11,weather_only,trained_hist_gradient_boosting,2026-07-12T05:00:00+00:00,2026-07-11,1,2026-07-11,2026-07-11,7,2026-07-10,2026-07-04,1008
aus,KXHIGHAUS-26JUL12,weather_only,trained_hist_gradient_boosting,2026-07-12T06:00:00+00:00,2026-07-12,1,2026-07-12,2026-07-12,7,2026-07-11,2026-07-05,1008
aus,KXHIGHAUS-26JUL12,weather_only,trained_hist_gradient_boosting,2026-07-12T07:00:00+00:00,2026-07-12,1,2026-07-12,2026-07-12,7,2026-07-11,2026-07-05,1008
aus,KXHIGHAUS-26JUL12,weather_only,trained_hist_gradient_boosting,2026-07-12T08:00:00+00:00,2026-07-12,1,2026-07-12,2026-07-12,7,2026-07-11,2026-07-05,1008
aus,KXHIGHAUS-26JUL12,weather_only,trained_hist_gradient_boosting,2026-07-12T09:00:00+00:00,2026-07-12,1,2026-07-12,2026-07-12,7,2026-07-11,2026-07-05,1008
aus,KXHIGHAUS-26JUL12,weather_only,trained_hist_gradient_boosting,2026-07-12T10:00:00+00:00,2026-07-12,1,2026-07-12,2026-07-12,7,2026-07-11,2026-07-05,1008
aus,KXHIGHAUS-26JUL12,weather_only,trained_hist_gradient_boosting,2026-07-12T11:00:00+00:00,2026-07-12,1,2026-07-12,2026-07-12,7,2026-07-11,2026-07-05,1008
aus,KXHIGHAUS-26JUL12,weather_only,trained_hist_gradient_boosting,2026-07-12T12:00:00+00:00,2026-07-12,1,2026-07-12,2026-07-12,7,2026-07-11,2026-07-05,1008
aus,KXHIGHAUS-26JUL12,weather_only,trained_hist_gradient_boosting,2026-07-12T13:00:00+00:00,2026-07-12,1,2026-07-12,2026-07-12,7,2026-07-11,2026-07-05,1008
aus,KXHIGHAUS-26JUL12,weather_only,trained_hist_gradient_boosting,2026-07-12T14:00:00+00:00,2026-07-12,1,2026-07-12,2026-07-12,7,2026-07-11,2026-07-05,1008
aus,KXHIGHAUS-26JUL12,weather_only,trained_hist_gradient_boosting,2026-07-12T15:00:00+00:00,2026-07-12,1,2026-07-12,2026-07-12,7,2026-07-11,2026-07-05,1008
aus,KXHIGHAUS-26JUL12,weather_only,trained_hist_gradient_boosting,2026-07-12T16:00:00+00:00,2026-07-12,1,2026-07-12,2026-07-12,7,2026-07-11,2026-07-05,1008
aus,KXHIGHAUS-26JUL12,weather_only,trained_hist_gradient_boosting,2026-07-12T17:00:00+00:00,2026-07-12,1,2026-07-12,2026-07-12,7,2026-07-11,2026-07-05,1008
aus,KXHIGHAUS-26JUL12,weather_only,trained_hist_gradient_boosting,2026-07-12T18:00:00+00:00,2026-07-12,1,2026-07-12,2026-07-12,7,2026-07-11,2026-07-05,1008
aus,KXHIGHAUS-26JUL12,weather_only,trained_hist_gradient_boosting,2026-07-12T19:00:00+00:00,2026-07-12,1,2026-07-12,2026-07-12,7,2026-07-11,2026-07-05,1008
aus,KXHIGHAUS-26JUL12,weather_only,trained_hist_gradient_boosting,2026-07-12T20:00:00+00:00,2026-07-12,1,2026-07-12,2026-07-12,7,2026-07-11,2026-07-05,1008
aus,KXHIGHAUS-26JUL12,weather_only,trained_hist_gradient_boosting,2026-07-12T21:00:00+00:00,2026-07-12,1,2026-07-12,2026-07-12,7,2026-07-11,2026-07-05,1008
aus,KXHIGHAUS-26JUL12,weather_only,trained_hist_gradient_boosting,2026-07-12T22:00:00+00:00,2026-07-12,1,2026-07-12,2026-07-12,7,2026-07-11,2026-07-05,1008
aus,KXHIGHAUS-26JUL12,weather_only,trained_hist_gradient_boosting,2026-07-12T23:00:00+00:00,2026-07-12,1,2026-07-12,2026-07-12,7,2026-07-11,2026-07-05,1008
aus,KXHIGHAUS-26JUL12,weather_only,trained_hist_gradient_boosting,2026-07-13T00:00:00+00:00,2026-07-12,1,2026-07-12,2026-07-12,7,2026-07-11,2026-07-05,1008
aus,KXHIGHAUS-26JUL12,weather_only,trained_hist_gradient_boosting,2026-07-13T01:00:00+00:00,2026-07-12,1,2026-07-12,2026-07-12,7,2026-07-11,2026-07-05,1008
aus,KXHIGHAUS-26JUL12,weather_only,trained_hist_gradient_boosting,2026-07-13T02:00:00+00:00,2026-07-12,1,2026-07-12,2026-07-12,7,2026-07-11,2026-07-05,1008
aus,KXHIGHAUS-26JUL12,weather_only,trained_hist_gradient_boosting,2026-07-13T03:00:00+00:00,2026-07-12,1,2026-07-12,2026-07-12,7,2026-07-11,2026-07-05,1008
aus,KXHIGHAUS-26JUL12,weather_only,trained_hist_gradient_boosting,2026-07-13T04:00:00+00:00,2026-07-12,1,2026-07-12,2026-07-12,7,2026-07-11,2026-07-05,1008
aus,KXHIGHAUS-26JUL12,weather_only,trained_hist_gradient_boosting,2026-07-13T05:00:00+00:00,2026-07-12,1,2026-07-12,2026-07-12,7,2026-07-11,2026-07-05,1008
den,KXHIGHDEN-26JUL12,weather_only,trained_hist_gradient_boosting,2026-07-12T07:00:00+00:00,2026-07-12,1,2026-07-12,2026-07-12,7,2026-07-11,2026-07-05,1008
den,KXHIGHDEN-26JUL12,weather_only,trained_hist_gradient_boosting,2026-07-12T08:00:00+00:00,2026-07-12,1,2026-07-12,2026-07-12,7,2026-07-11,2026-07-05,1008
den,KXHIGHDEN-26JUL12,weather_only,trained_hist_gradient_boosting,2026-07-12T09:00:00+00:00,2026-07-12,1,2026-07-12,2026-07-12,7,2026-07-11,2026-07-05,1008
den,KXHIGHDEN-26JUL12,weather_only,trained_hist_gradient_boosting,2026-07-12T10:00:00+00:00,2026-07-12,1,2026-07-12,2026-07-12,7,2026-07-11,2026-07-05,1008
den,KXHIGHDEN-26JUL12,weather_only,trained_hist_gradient_boosting,2026-07-12T11:00:00+00:00,2026-07-12,1,2026-07-12,2026-07-12,7,2026-07-11,2026-07-05,1008
den,KXHIGHDEN-26JUL12,weather_only,trained_hist_gradient_boosting,2026-07-12T12:00:00+00:00,2026-07-12,1,2026-07-12,2026-07-12,7,2026-07-11,2026-07-05,1008
den,KXHIGHDEN-26JUL12,weather_only,trained_hist_gradient_boosting,2026-07-12T13:00:00+00:00,2026-07-12,1,2026-07-12,2026-07-12,7,2026-07-11,2026-07-05,1008
den,KXHIGHDEN-26JUL12,weather_only,trained_hist_gradient_boosting,2026-07-12T14:00:00+00:00,2026-07-12,1,2026-07-12,2026-07-12,7,2026-07-11,2026-07-05,1008
den,KXHIGHDEN-26JUL12,weather_only,trained_hist_gradient_boosting,2026-07-12T15:00:00+00:00,2026-07-12,1,2026-07-12,2026-07-12,7,2026-07-11,2026-07-05,1008
den,KXHIGHDEN-26JUL12,weather_only,trained_hist_gradient_boosting,2026-07-12T16:00:00+00:00,2026-07-12,1,2026-07-12,2026-07-12,7,2026-07-11,2026-07-05,1008
den,KXHIGHDEN-26JUL12,weather_only,trained_hist_gradient_boosting,2026-07-12T17:00:00+00:00,2026-07-12,1,2026-07-12,2026-07-12,7,2026-07-11,2026-07-05,1008
den,KXHIGHDEN-26JUL12,weather_only,trained_hist_gradient_boosting,2026-07-12T18:00:00+00:00,2026-07-12,1,2026-07-12,2026-07-12,7,2026-07-11,2026-07-05,1008
den,KXHIGHDEN-26JUL12,weather_only,trained_hist_gradient_boosting,2026-07-12T19:00:00+00:00,2026-07-12,1,2026-07-12,2026-07-12,7,2026-07-11,2026-07-05,1008
den,KXHIGHDEN-26JUL12,weather_only,trained_hist_gradient_boosting,2026-07-12T20:00:00+00:00,2026-07-12,1,2026-07-12,2026-07-12,7,2026-07-11,2026-07-05,1008
den,KXHIGHDEN-26JUL12,weather_only,trained_hist_gradient_boosting,2026-07-12T21:00:00+00:00,2026-07-12,1,2026-07-12,2026-07-12,7,2026-07-11,2026-07-05,1008
den,KXHIGHDEN-26JUL12,weather_only,trained_hist_gradient_boosting,2026-07-12T22:00:00+00:00,2026-07-12,1,2026-07-12,2026-07-12,7,2026-07-11,2026-07-05,1008
den,KXHIGHDEN-26JUL12,weather_only,trained_hist_gradient_boosting,2026-07-12T23:00:00+00:00,2026-07-12,1,2026-07-12,2026-07-12,7,2026-07-11,2026-07-05,1008
den,KXHIGHDEN-26JUL12,weather_only,trained_hist_gradient_boosting,2026-07-13T00:00:00+00:00,2026-07-12,1,2026-07-12,2026-07-12,7,2026-07-11,2026-07-05,1008
den,KXHIGHDEN-26JUL12,weather_only,trained_hist_gradient_boosting,2026-07-13T01:00:00+00:00,2026-07-12,1,2026-07-12,2026-07-12,7,2026-07-11,2026-07-05,1008
den,KXHIGHDEN-26JUL12,weather_only,trained_hist_gradient_boosting,2026-07-13T02:00:00+00:00,2026-07-12,1,2026-07-12,2026-07-12,7,2026-07-11,2026-07-05,1008
den,KXHIGHDEN-26JUL12,weather_only,trained_hist_gradient_boosting,2026-07-13T03:00:00+00:00,2026-07-12,1,2026-07-12,2026-07-12,7,2026-07-11,2026-07-05,1008
den,KXHIGHDEN-26JUL12,weather_only,trained_hist_gradient_boosting,2026-07-13T04:00:00+00:00,2026-07-12,1,2026-07-12,2026-07-12,7,2026-07-11,2026-07-05,1008
den,KXHIGHDEN-26JUL12,weather_only,trained_hist_gradient_boosting,2026-07-13T05:00:00+00:00,2026-07-12,1,2026-07-12,2026-07-12,7,2026-07-11,2026-07-05,1008
den,KXHIGHDEN-26JUL12,weather_only,trained_hist_gradient_boosting,2026-07-13T06:00:00+00:00,2026-07-12,1,2026-07-12,2026-07-12,7,2026-07-11,2026-07-05,1008
la,KXHIGHLAX-26JUL12,weather_only,trained_hist_gradient_boosting,2026-07-12T08:00:00+00:00,2026-07-12,1,2026-07-12,2026-07-12,7,2026-07-11,2026-07-05,1008
la,KXHIGHLAX-26JUL12,weather_only,trained_hist_gradient_boosting,2026-07-12T09:00:00+00:00,2026-07-12,1,2026-07-12,2026-07-12,7,2026-07-11,2026-07-05,1008
la,KXHIGHLAX-26JUL12,weather_only,trained_hist_gradient_boosting,2026-07-12T10:00:00+00:00,2026-07-12,1,2026-07-12,2026-07-12,7,2026-07-11,2026-07-05,1008
la,KXHIGHLAX-26JUL12,weather_only,trained_hist_gradient_boosting,2026-07-12T11:00:00+00:00,2026-07-12,1,2026-07-12,2026-07-12,7,2026-07-11,2026-07-05,1008
la,KXHIGHLAX-26JUL12,weather_only,trained_hist_gradient_boosting,2026-07-12T12:00:00+00:00,2026-07-12,1,2026-07-12,2026-07-12,7,2026-07-11,2026-07-05,1008
la,KXHIGHLAX-26JUL12,weather_only,trained_hist_gradient_boosting,2026-07-12T13:00:00+00:00,2026-07-12,1,2026-07-12,2026-07-12,7,2026-07-11,2026-07-05,1008
la,KXHIGHLAX-26JUL12,weather_only,trained_hist_gradient_boosting,2026-07-12T14:00:00+00:00,2026-07-12,1,2026-07-12,2026-07-12,7,2026-07-11,2026-07-05,1008
la,KXHIGHLAX-26JUL12,weather_only,trained_hist_gradient_boosting,2026-07-12T15:00:00+00:00,2026-07-12,1,2026-07-12,2026-07-12,7,2026-07-11,2026-07-05,1008
la,KXHIGHLAX-26JUL12,weather_only,trained_hist_gradient_boosting,2026-07-12T16:00:00+00:00,2026-07-12,1,2026-07-12,2026-07-12,7,2026-07-11,2026-07-05,1008
la,KXHIGHLAX-26JUL12,weather_only,trained_hist_gradient_boosting,2026-07-12T17:00:00+00:00,2026-07-12,1,2026-07-12,2026-07-12,7,2026-07-11,2026-07-05,1008
la,KXHIGHLAX-26JUL12,weather_only,trained_hist_gradient_boosting,2026-07-12T18:00:00+00:00,2026-07-12,1,2026-07-12,2026-07-12,7,2026-07-11,2026-07-05,1008
la,KXHIGHLAX-26JUL12,weather_only,trained_hist_gradient_boosting,2026-07-12T19:00:00+00:00,2026-07-12,1,2026-07-12,2026-07-12,7,2026-07-11,2026-07-05,1008
la,KXHIGHLAX-26JUL12,weather_only,trained_hist_gradient_boosting,2026-07-12T20:00:00+00:00,2026-07-12,1,2026-07-12,2026-07-12,7,2026-07-11,2026-07-05,1008
la,KXHIGHLAX-26JUL12,weather_only,trained_hist_gradient_boosting,2026-07-12T21:00:00+00:00,2026-07-12,1,2026-07-12,2026-07-12,7,2026-07-11,2026-07-05,1008
la,KXHIGHLAX-26JUL12,weather_only,trained_hist_gradient_boosting,2026-07-12T22:00:00+00:00,2026-07-12,1,2026-07-12,2026-07-12,7,2026-07-11,2026-07-05,1008
la,KXHIGHLAX-26JUL12,weather_only,trained_hist_gradient_boosting,2026-07-12T23:00:00+00:00,2026-07-12,1,2026-07-12,2026-07-12,7,2026-07-11,2026-07-05,1008
la,KXHIGHLAX-26JUL12,weather_only,trained_hist_gradient_boosting,2026-07-13T00:00:00+00:00,2026-07-12,1,2026-07-12,2026-07-12,7,2026-07-11,2026-07-05,1008
la,KXHIGHLAX-26JUL12,weather_only,trained_hist_gradient_boosting,2026-07-13T01:00:00+00:00,2026-07-12,1,2026-07-12,2026-07-12,7,2026-07-11,2026-07-05,1008
la,KXHIGHLAX-26JUL12,weather_only,trained_hist_gradient_boosting,2026-07-13T02:00:00+00:00,2026-07-12,1,2026-07-12,2026-07-12,7,2026-07-11,2026-07-05,1008
la,KXHIGHLAX-26JUL12,weather_only,trained_hist_gradient_boosting,2026-07-13T03:00:00+00:00,2026-07-12,1,2026-07-12,2026-07-12,7,2026-07-11,2026-07-05,1008
la,KXHIGHLAX-26JUL12,weather_only,trained_hist_gradient_boosting,2026-07-13T04:00:00+00:00,2026-07-12,1,2026-07-12,2026-07-12,7,2026-07-11,2026-07-05,1008
la,KXHIGHLAX-26JUL12,weather_only,trained_hist_gradient_boosting,2026-07-13T05:00:00+00:00,2026-07-12,1,2026-07-12,2026-07-12,7,2026-07-11,2026-07-05,1008
la,KXHIGHLAX-26JUL12,weather_only,trained_hist_gradient_boosting,2026-07-13T06:00:00+00:00,2026-07-12,1,2026-07-12,2026-07-12,7,2026-07-11,2026-07-05,1008
la,KXHIGHLAX-26JUL12,weather_only,trained_hist_gradient_boosting,2026-07-13T07:00:00+00:00,2026-07-12,1,2026-07-12,2026-07-12,7,2026-07-11,2026-07-05,1008
mia,KXHIGHMIA-26JUL12,weather_only,trained_hist_gradient_boosting,2026-07-12T05:00:00+00:00,2026-07-12,1,2026-07-12,2026-07-12,7,2026-07-11,2026-07-05,1008
mia,KXHIGHMIA-26JUL12,weather_only,trained_hist_gradient_boosting,2026-07-12T06:00:00+00:00,2026-07-12,1,2026-07-12,2026-07-12,7,2026-07-11,2026-07-05,1008
mia,KXHIGHMIA-26JUL12,weather_only,trained_hist_gradient_boosting,2026-07-12T07:00:00+00:00,2026-07-12,1,2026-07-12,2026-07-12,7,2026-07-11,2026-07-05,1008
mia,KXHIGHMIA-26JUL12,weather_only,trained_hist_gradient_boosting,2026-07-12T08:00:00+00:00,2026-07-12,1,2026-07-12,2026-07-12,7,2026-07-11,2026-07-05,1008
mia,KXHIGHMIA-26JUL12,weather_only,trained_hist_gradient_boosting,2026-07-12T09:00:00+00:00,2026-07-12,1,2026-07-12,2026-07-12,7,2026-07-11,2026-07-05,1008
mia,KXHIGHMIA-26JUL12,weather_only,trained_hist_gradient_boosting,2026-07-12T10:00:00+00:00,2026-07-12,1,2026-07-12,2026-07-12,7,2026-07-11,2026-07-05,1008
mia,KXHIGHMIA-26JUL12,weather_only,trained_hist_gradient_boosting,2026-07-12T11:00:00+00:00,2026-07-12,1,2026-07-12,2026-07-12,7,2026-07-11,2026-07-05,1008
mia,KXHIGHMIA-26JUL12,weather_only,trained_hist_gradient_boosting,2026-07-12T12:00:00+00:00,2026-07-12,1,2026-07-12,2026-07-12,7,2026-07-11,2026-07-05,1008
mia,KXHIGHMIA-26JUL12,weather_only,trained_hist_gradient_boosting,2026-07-12T13:00:00+00:00,2026-07-12,1,2026-07-12,2026-07-12,7,2026-07-11,2026-07-05,1008
mia,KXHIGHMIA-26JUL12,weather_only,trained_hist_gradient_boosting,2026-07-12T14:00:00+00:00,2026-07-12,1,2026-07-12,2026-07-12,7,2026-07-11,2026-07-05,1008
mia,KXHIGHMIA-26JUL12,weather_only,trained_hist_gradient_boosting,2026-07-12T15:00:00+00:00,2026-07-12,1,2026-07-12,2026-07-12,7,2026-07-11,2026-07-05,1008
mia,KXHIGHMIA-26JUL12,weather_only,trained_hist_gradient_boosting,2026-07-12T16:00:00+00:00,2026-07-12,1,2026-07-12,2026-07-12,7,2026-07-11,2026-07-05,1008
mia,KXHIGHMIA-26JUL12,weather_only,trained_hist_gradient_boosting,2026-07-12T17:00:00+00:00,2026-07-12,1,2026-07-12,2026-07-12,7,2026-07-11,2026-07-05,1008
mia,KXHIGHMIA-26JUL12,weather_only,trained_hist_gradient_boosting,2026-07-12T18:00:00+00:00,2026-07-12,1,2026-07-12,2026-07-12,7,2026-07-11,2026-07-05,1008
mia,KXHIGHMIA-26JUL12,weather_only,trained_hist_gradient_boosting,2026-07-12T19:00:00+00:00,2026-07-12,1,2026-07-12,2026-07-12,7,2026-07-11,2026-07-05,1008
mia,KXHIGHMIA-26JUL12,weather_only,trained_hist_gradient_boosting,2026-07-12T20:00:00+00:00,2026-07-12,1,2026-07-12,2026-07-12,7,2026-07-11,2026-07-05,1008
mia,KXHIGHMIA-26JUL12,weather_only,trained_hist_gradient_boosting,2026-07-12T21:00:00+00:00,2026-07-12,1,2026-07-12,2026-07-12,7,2026-07-11,2026-07-05,1008
mia,KXHIGHMIA-26JUL12,weather_only,trained_hist_gradient_boosting,2026-07-12T22:00:00+00:00,2026-07-12,1,2026-07-12,2026-07-12,7,2026-07-11,2026-07-05,1008
mia,KXHIGHMIA-26JUL12,weather_only,trained_hist_gradient_boosting,2026-07-12T23:00:00+00:00,2026-07-12,1,2026-07-12,2026-07-12,7,2026-07-11,2026-07-05,1008
mia,KXHIGHMIA-26JUL12,weather_only,trained_hist_gradient_boosting,2026-07-13T00:00:00+00:00,2026-07-12,1,2026-07-12,2026-07-12,7,2026-07-11,2026-07-05,1008
mia,KXHIGHMIA-26JUL12,weather_only,trained_hist_gradient_boosting,2026-07-13T01:00:00+00:00,2026-07-12,1,2026-07-12,2026-07-12,7,2026-07-11,2026-07-05,1008
mia,KXHIGHMIA-26JUL12,weather_only,trained_hist_gradient_boosting,2026-07-13T02:00:00+00:00,2026-07-12,1,2026-07-12,2026-07-12,7,2026-07-11,2026-07-05,1008
mia,KXHIGHMIA-26JUL12,weather_only,trained_hist_gradient_boosting,2026-07-13T03:00:00+00:00,2026-07-12,1,2026-07-12,2026-07-12,7,2026-07-11,2026-07-05,1008
mia,KXHIGHMIA-26JUL12,weather_only,trained_hist_gradient_boosting,2026-07-13T04:00:00+00:00,2026-07-12,1,2026-07-12,2026-07-12,7,2026-07-11,2026-07-05,1008
nyc,KXHIGHNY-26JUL12,weather_only,trained_hist_gradient_boosting,2026-07-12T05:00:00+00:00,2026-07-12,1,2026-07-12,2026-07-12,7,2026-07-11,2026-07-05,1008
nyc,KXHIGHNY-26JUL12,weather_only,trained_hist_gradient_boosting,2026-07-12T06:00:00+00:00,2026-07-12,1,2026-07-12,2026-07-12,7,2026-07-11,2026-07-05,1008
nyc,KXHIGHNY-26JUL12,weather_only,trained_hist_gradient_boosting,2026-07-12T07:00:00+00:00,2026-07-12,1,2026-07-12,2026-07-12,7,2026-07-11,2026-07-05,1008
nyc,KXHIGHNY-26JUL12,weather_only,trained_hist_gradient_boosting,2026-07-12T08:00:00+00:00,2026-07-12,1,2026-07-12,2026-07-12,7,2026-07-11,2026-07-05,1008
nyc,KXHIGHNY-26JUL12,weather_only,trained_hist_gradient_boosting,2026-07-12T09:00:00+00:00,2026-07-12,1,2026-07-12,2026-07-12,7,2026-07-11,2026-07-05,1008
nyc,KXHIGHNY-26JUL12,weather_only,trained_hist_gradient_boosting,2026-07-12T10:00:00+00:00,2026-07-12,1,2026-07-12,2026-07-12,7,2026-07-11,2026-07-05,1008
nyc,KXHIGHNY-26JUL12,weather_only,trained_hist_gradient_boosting,2026-07-12T11:00:00+00:00,2026-07-12,1,2026-07-12,2026-07-12,7,2026-07-11,2026-07-05,1008
nyc,KXHIGHNY-26JUL12,weather_only,trained_hist_gradient_boosting,2026-07-12T12:00:00+00:00,2026-07-12,1,2026-07-12,2026-07-12,7,2026-07-11,2026-07-05,1008
nyc,KXHIGHNY-26JUL12,weather_only,trained_hist_gradient_boosting,2026-07-12T13:00:00+00:00,2026-07-12,1,2026-07-12,2026-07-12,7,2026-07-11,2026-07-05,1008
nyc,KXHIGHNY-26JUL12,weather_only,trained_hist_gradient_boosting,2026-07-12T14:00:00+00:00,2026-07-12,1,2026-07-12,2026-07-12,7,2026-07-11,2026-07-05,1008
nyc,KXHIGHNY-26JUL12,weather_only,trained_hist_gradient_boosting,2026-07-12T15:00:00+00:00,2026-07-12,1,2026-07-12,2026-07-12,7,2026-07-11,2026-07-05,1008
nyc,KXHIGHNY-26JUL12,weather_only,trained_hist_gradient_boosting,2026-07-12T16:00:00+00:00,2026-07-12,1,2026-07-12,2026-07-12,7,2026-07-11,2026-07-05,1008
nyc,KXHIGHNY-26JUL12,weather_only,trained_hist_gradient_boosting,2026-07-12T17:00:00+00:00,2026-07-12,1,2026-07-12,2026-07-12,7,2026-07-11,2026-07-05,1008
nyc,KXHIGHNY-26JUL12,weather_only,trained_hist_gradient_boosting,2026-07-12T18:00:00+00:00,2026-07-12,1,2026-07-12,2026-07-12,7,2026-07-11,2026-07-05,1008
nyc,KXHIGHNY-26JUL12,weather_only,trained_hist_gradient_boosting,2026-07-12T19:00:00+00:00,2026-07-12,1,2026-07-12,2026-07-12,7,2026-07-11,2026-07-05,1008
nyc,KXHIGHNY-26JUL12,weather_only,trained_hist_gradient_boosting,2026-07-12T20:00:00+00:00,2026-07-12,1,2026-07-12,2026-07-12,7,2026-07-11,2026-07-05,1008
nyc,KXHIGHNY-26JUL12,weather_only,trained_hist_gradient_boosting,2026-07-12T21:00:00+00:00,2026-07-12,1,2026-07-12,2026-07-12,7,2026-07-11,2026-07-05,1008
nyc,KXHIGHNY-26JUL12,weather_only,trained_hist_gradient_boosting,2026-07-12T22:00:00+00:00,2026-07-12,1,2026-07-12,2026-07-12,7,2026-07-11,2026-07-05,1008
nyc,KXHIGHNY-26JUL12,weather_only,trained_hist_gradient_boosting,2026-07-12T23:00:00+00:00,2026-07-12,1,2026-07-12,2026-07-12,7,2026-07-11,2026-07-05,1008
nyc,KXHIGHNY-26JUL12,weather_only,trained_hist_gradient_boosting,2026-07-13T00:00:00+00:00,2026-07-12,1,2026-07-12,2026-07-12,7,2026-07-11,2026-07-05,1008
nyc,KXHIGHNY-26JUL12,weather_only,trained_hist_gradient_boosting,2026-07-13T01:00:00+00:00,2026-07-12,1,2026-07-12,2026-07-12,7,2026-07-11,2026-07-05,1008
nyc,KXHIGHNY-26JUL12,weather_only,trained_hist_gradient_boosting,2026-07-13T02:00:00+00:00,2026-07-12,1,2026-07-12,2026-07-12,7,2026-07-11,2026-07-05,1008
nyc,KXHIGHNY-26JUL12,weather_only,trained_hist_gradient_boosting,2026-07-13T03:00:00+00:00,2026-07-12,1,2026-07-12,2026-07-12,7,2026-07-11,2026-07-05,1008
nyc,KXHIGHNY-26JUL12,weather_only,trained_hist_gradient_boosting,2026-07-13T04:00:00+00:00,2026-07-12,1,2026-07-12,2026-07-12,7,2026-07-11,2026-07-05,1008
okc,KXHIGHTOKC-26JUL12,weather_only,trained_hist_gradient_boosting,2026-07-12T06:00:00+00:00,2026-07-12,1,2026-07-12,2026-07-12,7,2026-07-11,2026-07-05,1008
okc,KXHIGHTOKC-26JUL12,weather_only,trained_hist_gradient_boosting,2026-07-12T07:00:00+00:00,2026-07-12,1,2026-07-12,2026-07-12,7,2026-07-11,2026-07-05,1008
okc,KXHIGHTOKC-26JUL12,weather_only,trained_hist_gradient_boosting,2026-07-12T08:00:00+00:00,2026-07-12,1,2026-07-12,2026-07-12,7,2026-07-11,2026-07-05,1008
okc,KXHIGHTOKC-26JUL12,weather_only,trained_hist_gradient_boosting,2026-07-12T09:00:00+00:00,2026-07-12,1,2026-07-12,2026-07-12,7,2026-07-11,2026-07-05,1008
okc,KXHIGHTOKC-26JUL12,weather_only,trained_hist_gradient_boosting,2026-07-12T10:00:00+00:00,2026-07-12,1,2026-07-12,2026-07-12,7,2026-07-11,2026-07-05,1008
okc,KXHIGHTOKC-26JUL12,weather_only,trained_hist_gradient_boosting,2026-07-12T11:00:00+00:00,2026-07-12,1,2026-07-12,2026-07-12,7,2026-07-11,2026-07-05,1008
okc,KXHIGHTOKC-26JUL12,weather_only,trained_hist_gradient_boosting,2026-07-12T12:00:00+00:00,2026-07-12,1,2026-07-12,2026-07-12,7,2026-07-11,2026-07-05,1008
okc,KXHIGHTOKC-26JUL12,weather_only,trained_hist_gradient_boosting,2026-07-12T13:00:00+00:00,2026-07-12,1,2026-07-12,2026-07-12,7,2026-07-11,2026-07-05,1008
okc,KXHIGHTOKC-26JUL12,weather_only,trained_hist_gradient_boosting,2026-07-12T14:00:00+00:00,2026-07-12,1,2026-07-12,2026-07-12,7,2026-07-11,2026-07-05,1008
okc,KXHIGHTOKC-26JUL12,weather_only,trained_hist_gradient_boosting,2026-07-12T15:00:00+00:00,2026-07-12,1,2026-07-12,2026-07-12,7,2026-07-11,2026-07-05,1008
okc,KXHIGHTOKC-26JUL12,weather_only,trained_hist_gradient_boosting,2026-07-12T16:00:00+00:00,2026-07-12,1,2026-07-12,2026-07-12,7,2026-07-11,2026-07-05,1008
okc,KXHIGHTOKC-26JUL12,weather_only,trained_hist_gradient_boosting,2026-07-12T17:00:00+00:00,2026-07-12,1,2026-07-12,2026-07-12,7,2026-07-11,2026-07-05,1008
okc,KXHIGHTOKC-26JUL12,weather_only,trained_hist_gradient_boosting,2026-07-12T18:00:00+00:00,2026-07-12,1,2026-07-12,2026-07-12,7,2026-07-11,2026-07-05,1008
okc,KXHIGHTOKC-26JUL12,weather_only,trained_hist_gradient_boosting,2026-07-12T19:00:00+00:00,2026-07-12,1,2026-07-12,2026-07-12,7,2026-07-11,2026-07-05,1008
okc,KXHIGHTOKC-26JUL12,weather_only,trained_hist_gradient_boosting,2026-07-12T20:00:00+00:00,2026-07-12,1,2026-07-12,2026-07-12,7,2026-07-11,2026-07-05,1008
okc,KXHIGHTOKC-26JUL12,weather_only,trained_hist_gradient_boosting,2026-07-12T21:00:00+00:00,2026-07-12,1,2026-07-12,2026-07-12,7,2026-07-11,2026-07-05,1008
okc,KXHIGHTOKC-26JUL12,weather_only,trained_hist_gradient_boosting,2026-07-12T22:00:00+00:00,2026-07-12,1,2026-07-12,2026-07-12,7,2026-07-11,2026-07-05,1008
okc,KXHIGHTOKC-26JUL12,weather_only,trained_hist_gradient_boosting,2026-07-12T23:00:00+00:00,2026-07-12,1,2026-07-12,2026-07-12,7,2026-07-11,2026-07-05,1008
okc,KXHIGHTOKC-26JUL12,weather_only,trained_hist_gradient_boosting,2026-07-13T00:00:00+00:00,2026-07-12,1,2026-07-12,2026-07-12,7,2026-07-11,2026-07-05,1008
okc,KXHIGHTOKC-26JUL12,weather_only,trained_hist_gradient_boosting,2026-07-13T01:00:00+00:00,2026-07-12,1,2026-07-12,2026-07-12,7,2026-07-11,2026-07-05,1008
okc,KXHIGHTOKC-26JUL12,weather_only,trained_hist_gradient_boosting,2026-07-13T02:00:00+00:00,2026-07-12,1,2026-07-12,2026-07-12,7,2026-07-11,2026-07-05,1008
okc,KXHIGHTOKC-26JUL12,weather_only,trained_hist_gradient_boosting,2026-07-13T03:00:00+00:00,2026-07-12,1,2026-07-12,2026-07-12,7,2026-07-11,2026-07-05,1008
okc,KXHIGHTOKC-26JUL12,weather_only,trained_hist_gradient_boosting,2026-07-13T04:00:00+00:00,2026-07-12,1,2026-07-12,2026-07-12,7,2026-07-11,2026-07-05,1008
okc,KXHIGHTOKC-26JUL12,weather_only,trained_hist_gradient_boosting,2026-07-13T05:00:00+00:00,2026-07-12,1,2026-07-12,2026-07-12,7,2026-07-11,2026-07-05,1008
aus,KXHIGHAUS-26JUL13,weather_only,trained_hist_gradient_boosting,2026-07-13T06:00:00+00:00,2026-07-13,1,2026-07-13,2026-07-13,7,2026-07-12,2026-07-06,1008
aus,KXHIGHAUS-26JUL13,weather_only,trained_hist_gradient_boosting,2026-07-13T07:00:00+00:00,2026-07-13,1,2026-07-13,2026-07-13,7,2026-07-12,2026-07-06,1008
aus,KXHIGHAUS-26JUL13,weather_only,trained_hist_gradient_boosting,2026-07-13T08:00:00+00:00,2026-07-13,1,2026-07-13,2026-07-13,7,2026-07-12,2026-07-06,1008
aus,KXHIGHAUS-26JUL13,weather_only,trained_hist_gradient_boosting,2026-07-13T09:00:00+00:00,2026-07-13,1,2026-07-13,2026-07-13,7,2026-07-12,2026-07-06,1008
aus,KXHIGHAUS-26JUL13,weather_only,trained_hist_gradient_boosting,2026-07-13T10:00:00+00:00,2026-07-13,1,2026-07-13,2026-07-13,7,2026-07-12,2026-07-06,1008
aus,KXHIGHAUS-26JUL13,weather_only,trained_hist_gradient_boosting,2026-07-13T11:00:00+00:00,2026-07-13,1,2026-07-13,2026-07-13,7,2026-07-12,2026-07-06,1008
aus,KXHIGHAUS-26JUL13,weather_only,trained_hist_gradient_boosting,2026-07-13T12:00:00+00:00,2026-07-13,1,2026-07-13,2026-07-13,7,2026-07-12,2026-07-06,1008
aus,KXHIGHAUS-26JUL13,weather_only,trained_hist_gradient_boosting,2026-07-13T13:00:00+00:00,2026-07-13,1,2026-07-13,2026-07-13,7,2026-07-12,2026-07-06,1008
aus,KXHIGHAUS-26JUL13,weather_only,trained_hist_gradient_boosting,2026-07-13T14:00:00+00:00,2026-07-13,1,2026-07-13,2026-07-13,7,2026-07-12,2026-07-06,1008
aus,KXHIGHAUS-26JUL13,weather_only,trained_hist_gradient_boosting,2026-07-13T15:00:00+00:00,2026-07-13,1,2026-07-13,2026-07-13,7,2026-07-12,2026-07-06,1008
aus,KXHIGHAUS-26JUL13,weather_only,trained_hist_gradient_boosting,2026-07-13T16:00:00+00:00,2026-07-13,1,2026-07-13,2026-07-13,7,2026-07-12,2026-07-06,1008
aus,KXHIGHAUS-26JUL13,weather_only,trained_hist_gradient_boosting,2026-07-13T17:00:00+00:00,2026-07-13,1,2026-07-13,2026-07-13,7,2026-07-12,2026-07-06,1008
aus,KXHIGHAUS-26JUL13,weather_only,trained_hist_gradient_boosting,2026-07-13T18:00:00+00:00,2026-07-13,1,2026-07-13,2026-07-13,7,2026-07-12,2026-07-06,1008
aus,KXHIGHAUS-26JUL13,weather_only,trained_hist_gradient_boosting,2026-07-13T19:00:00+00:00,2026-07-13,1,2026-07-13,2026-07-13,7,2026-07-12,2026-07-06,1008
aus,KXHIGHAUS-26JUL13,weather_only,trained_hist_gradient_boosting,2026-07-13T20:00:00+00:00,2026-07-13,1,2026-07-13,2026-07-13,7,2026-07-12,2026-07-06,1008
aus,KXHIGHAUS-26JUL13,weather_only,trained_hist_gradient_boosting,2026-07-13T21:00:00+00:00,2026-07-13,1,2026-07-13,2026-07-13,7,2026-07-12,2026-07-06,1008
aus,KXHIGHAUS-26JUL13,weather_only,trained_hist_gradient_boosting,2026-07-13T22:00:00+00:00,2026-07-13,1,2026-07-13,2026-07-13,7,2026-07-12,2026-07-06,1008
aus,KXHIGHAUS-26JUL13,weather_only,trained_hist_gradient_boosting,2026-07-13T23:00:00+00:00,2026-07-13,1,2026-07-13,2026-07-13,7,2026-07-12,2026-07-06,1008
aus,KXHIGHAUS-26JUL13,weather_only,trained_hist_gradient_boosting,2026-07-14T00:00:00+00:00,2026-07-13,1,2026-07-13,2026-07-13,7,2026-07-12,2026-07-06,1008
aus,KXHIGHAUS-26JUL13,weather_only,trained_hist_gradient_boosting,2026-07-14T01:00:00+00:00,2026-07-13,1,2026-07-13,2026-07-13,7,2026-07-12,2026-07-06,1008
aus,KXHIGHAUS-26JUL13,weather_only,trained_hist_gradient_boosting,2026-07-14T02:00:00+00:00,2026-07-13,1,2026-07-13,2026-07-13,7,2026-07-12,2026-07-06,1008
aus,KXHIGHAUS-26JUL13,weather_only,trained_hist_gradient_boosting,2026-07-14T03:00:00+00:00,2026-07-13,1,2026-07-13,2026-07-13,7,2026-07-12,2026-07-06,1008
aus,KXHIGHAUS-26JUL13,weather_only,trained_hist_gradient_boosting,2026-07-14T04:00:00+00:00,2026-07-13,1,2026-07-13,2026-07-13,7,2026-07-12,2026-07-06,1008
aus,KXHIGHAUS-26JUL13,weather_only,trained_hist_gradient_boosting,2026-07-14T05:00:00+00:00,2026-07-13,1,2026-07-13,2026-07-13,7,2026-07-12,2026-07-06,1008
den,KXHIGHDEN-26JUL13,weather_only,trained_hist_gradient_boosting,2026-07-13T07:00:00+00:00,2026-07-13,1,2026-07-13,2026-07-13,7,2026-07-12,2026-07-06,1008
den,KXHIGHDEN-26JUL13,weather_only,trained_hist_gradient_boosting,2026-07-13T08:00:00+00:00,2026-07-13,1,2026-07-13,2026-07-13,7,2026-07-12,2026-07-06,1008
den,KXHIGHDEN-26JUL13,weather_only,trained_hist_gradient_boosting,2026-07-13T09:00:00+00:00,2026-07-13,1,2026-07-13,2026-07-13,7,2026-07-12,2026-07-06,1008
den,KXHIGHDEN-26JUL13,weather_only,trained_hist_gradient_boosting,2026-07-13T10:00:00+00:00,2026-07-13,1,2026-07-13,2026-07-13,7,2026-07-12,2026-07-06,1008
den,KXHIGHDEN-26JUL13,weather_only,trained_hist_gradient_boosting,2026-07-13T11:00:00+00:00,2026-07-13,1,2026-07-13,2026-07-13,7,2026-07-12,2026-07-06,1008
den,KXHIGHDEN-26JUL13,weather_only,trained_hist_gradient_boosting,2026-07-13T12:00:00+00:00,2026-07-13,1,2026-07-13,2026-07-13,7,2026-07-12,2026-07-06,1008
den,KXHIGHDEN-26JUL13,weather_only,trained_hist_gradient_boosting,2026-07-13T13:00:00+00:00,2026-07-13,1,2026-07-13,2026-07-13,7,2026-07-12,2026-07-06,1008
den,KXHIGHDEN-26JUL13,weather_only,trained_hist_gradient_boosting,2026-07-13T14:00:00+00:00,2026-07-13,1,2026-07-13,2026-07-13,7,2026-07-12,2026-07-06,1008
den,KXHIGHDEN-26JUL13,weather_only,trained_hist_gradient_boosting,2026-07-13T15:00:00+00:00,2026-07-13,1,2026-07-13,2026-07-13,7,2026-07-12,2026-07-06,1008
den,KXHIGHDEN-26JUL13,weather_only,trained_hist_gradient_boosting,2026-07-13T16:00:00+00:00,2026-07-13,1,2026-07-13,2026-07-13,7,2026-07-12,2026-07-06,1008
den,KXHIGHDEN-26JUL13,weather_only,trained_hist_gradient_boosting,2026-07-13T17:00:00+00:00,2026-07-13,1,2026-07-13,2026-07-13,7,2026-07-12,2026-07-06,1008
den,KXHIGHDEN-26JUL13,weather_only,trained_hist_gradient_boosting,2026-07-13T18:00:00+00:00,2026-07-13,1,2026-07-13,2026-07-13,7,2026-07-12,2026-07-06,1008
den,KXHIGHDEN-26JUL13,weather_only,trained_hist_gradient_boosting,2026-07-13T19:00:00+00:00,2026-07-13,1,2026-07-13,2026-07-13,7,2026-07-12,2026-07-06,1008
den,KXHIGHDEN-26JUL13,weather_only,trained_hist_gradient_boosting,2026-07-13T20:00:00+00:00,2026-07-13,1,2026-07-13,2026-07-13,7,2026-07-12,2026-07-06,1008
den,KXHIGHDEN-26JUL13,weather_only,trained_hist_gradient_boosting,2026-07-13T21:00:00+00:00,2026-07-13,1,2026-07-13,2026-07-13,7,2026-07-12,2026-07-06,1008
den,KXHIGHDEN-26JUL13,weather_only,trained_hist_gradient_boosting,2026-07-13T22:00:00+00:00,2026-07-13,1,2026-07-13,2026-07-13,7,2026-07-12,2026-07-06,1008
den,KXHIGHDEN-26JUL13,weather_only,trained_hist_gradient_boosting,2026-07-13T23:00:00+00:00,2026-07-13,1,2026-07-13,2026-07-13,7,2026-07-12,2026-07-06,1008
den,KXHIGHDEN-26JUL13,weather_only,trained_hist_gradient_boosting,2026-07-14T00:00:00+00:00,2026-07-13,1,2026-07-13,2026-07-13,7,2026-07-12,2026-07-06,1008
den,KXHIGHDEN-26JUL13,weather_only,trained_hist_gradient_boosting,2026-07-14T01:00:00+00:00,2026-07-13,1,2026-07-13,2026-07-13,7,2026-07-12,2026-07-06,1008
den,KXHIGHDEN-26JUL13,weather_only,trained_hist_gradient_boosting,2026-07-14T02:00:00+00:00,2026-07-13,1,2026-07-13,2026-07-13,7,2026-07-12,2026-07-06,1008
den,KXHIGHDEN-26JUL13,weather_only,trained_hist_gradient_boosting,2026-07-14T03:00:00+00:00,2026-07-13,1,2026-07-13,2026-07-13,7,2026-07-12,2026-07-06,1008
den,KXHIGHDEN-26JUL13,weather_only,trained_hist_gradient_boosting,2026-07-14T04:00:00+00:00,2026-07-13,1,2026-07-13,2026-07-13,7,2026-07-12,2026-07-06,1008
den,KXHIGHDEN-26JUL13,weather_only,trained_hist_gradient_boosting,2026-07-14T05:00:00+00:00,2026-07-13,1,2026-07-13,2026-07-13,7,2026-07-12,2026-07-06,1008
den,KXHIGHDEN-26JUL13,weather_only,trained_hist_gradient_boosting,2026-07-14T06:00:00+00:00,2026-07-13,1,2026-07-13,2026-07-13,7,2026-07-12,2026-07-06,1008
la,KXHIGHLAX-26JUL13,weather_only,trained_hist_gradient_boosting,2026-07-13T08:00:00+00:00,2026-07-13,1,2026-07-13,2026-07-13,7,2026-07-12,2026-07-06,1008
la,KXHIGHLAX-26JUL13,weather_only,trained_hist_gradient_boosting,2026-07-13T09:00:00+00:00,2026-07-13,1,2026-07-13,2026-07-13,7,2026-07-12,2026-07-06,1008
la,KXHIGHLAX-26JUL13,weather_only,trained_hist_gradient_boosting,2026-07-13T10:00:00+00:00,2026-07-13,1,2026-07-13,2026-07-13,7,2026-07-12,2026-07-06,1008
la,KXHIGHLAX-26JUL13,weather_only,trained_hist_gradient_boosting,2026-07-13T11:00:00+00:00,2026-07-13,1,2026-07-13,2026-07-13,7,2026-07-12,2026-07-06,1008
la,KXHIGHLAX-26JUL13,weather_only,trained_hist_gradient_boosting,2026-07-13T12:00:00+00:00,2026-07-13,1,2026-07-13,2026-07-13,7,2026-07-12,2026-07-06,1008
la,KXHIGHLAX-26JUL13,weather_only,trained_hist_gradient_boosting,2026-07-13T13:00:00+00:00,2026-07-13,1,2026-07-13,2026-07-13,7,2026-07-12,2026-07-06,1008
la,KXHIGHLAX-26JUL13,weather_only,trained_hist_gradient_boosting,2026-07-13T14:00:00+00:00,2026-07-13,1,2026-07-13,2026-07-13,7,2026-07-12,2026-07-06,1008
la,KXHIGHLAX-26JUL13,weather_only,trained_hist_gradient_boosting,2026-07-13T15:00:00+00:00,2026-07-13,1,2026-07-13,2026-07-13,7,2026-07-12,2026-07-06,1008
la,KXHIGHLAX-26JUL13,weather_only,trained_hist_gradient_boosting,2026-07-13T16:00:00+00:00,2026-07-13,1,2026-07-13,2026-07-13,7,2026-07-12,2026-07-06,1008
la,KXHIGHLAX-26JUL13,weather_only,trained_hist_gradient_boosting,2026-07-13T17:00:00+00:00,2026-07-13,1,2026-07-13,2026-07-13,7,2026-07-12,2026-07-06,1008
la,KXHIGHLAX-26JUL13,weather_only,trained_hist_gradient_boosting,2026-07-13T18:00:00+00:00,2026-07-13,1,2026-07-13,2026-07-13,7,2026-07-12,2026-07-06,1008
la,KXHIGHLAX-26JUL13,weather_only,trained_hist_gradient_boosting,2026-07-13T19:00:00+00:00,2026-07-13,1,2026-07-13,2026-07-13,7,2026-07-12,2026-07-06,1008
la,KXHIGHLAX-26JUL13,weather_only,trained_hist_gradient_boosting,2026-07-13T20:00:00+00:00,2026-07-13,1,2026-07-13,2026-07-13,7,2026-07-12,2026-07-06,1008
la,KXHIGHLAX-26JUL13,weather_only,trained_hist_gradient_boosting,2026-07-13T21:00:00+00:00,2026-07-13,1,2026-07-13,2026-07-13,7,2026-07-12,2026-07-06,1008
la,KXHIGHLAX-26JUL13,weather_only,trained_hist_gradient_boosting,2026-07-13T22:00:00+00:00,2026-07-13,1,2026-07-13,2026-07-13,7,2026-07-12,2026-07-06,1008
la,KXHIGHLAX-26JUL13,weather_only,trained_hist_gradient_boosting,2026-07-13T23:00:00+00:00,2026-07-13,1,2026-07-13,2026-07-13,7,2026-07-12,2026-07-06,1008
la,KXHIGHLAX-26JUL13,weather_only,trained_hist_gradient_boosting,2026-07-14T00:00:00+00:00,2026-07-13,1,2026-07-13,2026-07-13,7,2026-07-12,2026-07-06,1008
la,KXHIGHLAX-26JUL13,weather_only,trained_hist_gradient_boosting,2026-07-14T01:00:00+00:00,2026-07-13,1,2026-07-13,2026-07-13,7,2026-07-12,2026-07-06,1008
la,KXHIGHLAX-26JUL13,weather_only,trained_hist_gradient_boosting,2026-07-14T02:00:00+00:00,2026-07-13,1,2026-07-13,2026-07-13,7,2026-07-12,2026-07-06,1008
la,KXHIGHLAX-26JUL13,weather_only,trained_hist_gradient_boosting,2026-07-14T03:00:00+00:00,2026-07-13,1,2026-07-13,2026-07-13,7,2026-07-12,2026-07-06,1008
la,KXHIGHLAX-26JUL13,weather_only,trained_hist_gradient_boosting,2026-07-14T04:00:00+00:00,2026-07-13,1,2026-07-13,2026-07-13,7,2026-07-12,2026-07-06,1008
la,KXHIGHLAX-26JUL13,weather_only,trained_hist_gradient_boosting,2026-07-14T05:00:00+00:00,2026-07-13,1,2026-07-13,2026-07-13,7,2026-07-12,2026-07-06,1008
la,KXHIGHLAX-26JUL13,weather_only,trained_hist_gradient_boosting,2026-07-14T06:00:00+00:00,2026-07-13,1,2026-07-13,2026-07-13,7,2026-07-12,2026-07-06,1008
la,KXHIGHLAX-26JUL13,weather_only,trained_hist_gradient_boosting,2026-07-14T07:00:00+00:00,2026-07-13,1,2026-07-13,2026-07-13,7,2026-07-12,2026-07-06,1008
mia,KXHIGHMIA-26JUL13,weather_only,trained_hist_gradient_boosting,2026-07-13T05:00:00+00:00,2026-07-13,1,2026-07-13,2026-07-13,7,2026-07-12,2026-07-06,1008
mia,KXHIGHMIA-26JUL13,weather_only,trained_hist_gradient_boosting,2026-07-13T06:00:00+00:00,2026-07-13,1,2026-07-13,2026-07-13,7,2026-07-12,2026-07-06,1008
mia,KXHIGHMIA-26JUL13,weather_only,trained_hist_gradient_boosting,2026-07-13T07:00:00+00:00,2026-07-13,1,2026-07-13,2026-07-13,7,2026-07-12,2026-07-06,1008
mia,KXHIGHMIA-26JUL13,weather_only,trained_hist_gradient_boosting,2026-07-13T08:00:00+00:00,2026-07-13,1,2026-07-13,2026-07-13,7,2026-07-12,2026-07-06,1008
mia,KXHIGHMIA-26JUL13,weather_only,trained_hist_gradient_boosting,2026-07-13T09:00:00+00:00,2026-07-13,1,2026-07-13,2026-07-13,7,2026-07-12,2026-07-06,1008
mia,KXHIGHMIA-26JUL13,weather_only,trained_hist_gradient_boosting,2026-07-13T10:00:00+00:00,2026-07-13,1,2026-07-13,2026-07-13,7,2026-07-12,2026-07-06,1008
mia,KXHIGHMIA-26JUL13,weather_only,trained_hist_gradient_boosting,2026-07-13T11:00:00+00:00,2026-07-13,1,2026-07-13,2026-07-13,7,2026-07-12,2026-07-06,1008
mia,KXHIGHMIA-26JUL13,weather_only,trained_hist_gradient_boosting,2026-07-13T12:00:00+00:00,2026-07-13,1,2026-07-13,2026-07-13,7,2026-07-12,2026-07-06,1008
mia,KXHIGHMIA-26JUL13,weather_only,trained_hist_gradient_boosting,2026-07-13T13:00:00+00:00,2026-07-13,1,2026-07-13,2026-07-13,7,2026-07-12,2026-07-06,1008
mia,KXHIGHMIA-26JUL13,weather_only,trained_hist_gradient_boosting,2026-07-13T14:00:00+00:00,2026-07-13,1,2026-07-13,2026-07-13,7,2026-07-12,2026-07-06,1008
mia,KXHIGHMIA-26JUL13,weather_only,trained_hist_gradient_boosting,2026-07-13T15:00:00+00:00,2026-07-13,1,2026-07-13,2026-07-13,7,2026-07-12,2026-07-06,1008
mia,KXHIGHMIA-26JUL13,weather_only,trained_hist_gradient_boosting,2026-07-13T16:00:00+00:00,2026-07-13,1,2026-07-13,2026-07-13,7,2026-07-12,2026-07-06,1008
mia,KXHIGHMIA-26JUL13,weather_only,trained_hist_gradient_boosting,2026-07-13T17:00:00+00:00,2026-07-13,1,2026-07-13,2026-07-13,7,2026-07-12,2026-07-06,1008
mia,KXHIGHMIA-26JUL13,weather_only,trained_hist_gradient_boosting,2026-07-13T18:00:00+00:00,2026-07-13,1,2026-07-13,2026-07-13,7,2026-07-12,2026-07-06,1008
mia,KXHIGHMIA-26JUL13,weather_only,trained_hist_gradient_boosting,2026-07-13T19:00:00+00:00,2026-07-13,1,2026-07-13,2026-07-13,7,2026-07-12,2026-07-06,1008
mia,KXHIGHMIA-26JUL13,weather_only,trained_hist_gradient_boosting,2026-07-13T20:00:00+00:00,2026-07-13,1,2026-07-13,2026-07-13,7,2026-07-12,2026-07-06,1008
mia,KXHIGHMIA-26JUL13,weather_only,trained_hist_gradient_boosting,2026-07-13T21:00:00+00:00,2026-07-13,1,2026-07-13,2026-07-13,7,2026-07-12,2026-07-06,1008
mia,KXHIGHMIA-26JUL13,weather_only,trained_hist_gradient_boosting,2026-07-13T22:00:00+00:00,2026-07-13,1,2026-07-13,2026-07-13,7,2026-07-12,2026-07-06,1008
mia,KXHIGHMIA-26JUL13,weather_only,trained_hist_gradient_boosting,2026-07-13T23:00:00+00:00,2026-07-13,1,2026-07-13,2026-07-13,7,2026-07-12,2026-07-06,1008
mia,KXHIGHMIA-26JUL13,weather_only,trained_hist_gradient_boosting,2026-07-14T00:00:00+00:00,2026-07-13,1,2026-07-13,2026-07-13,7,2026-07-12,2026-07-06,1008
mia,KXHIGHMIA-26JUL13,weather_only,trained_hist_gradient_boosting,2026-07-14T01:00:00+00:00,2026-07-13,1,2026-07-13,2026-07-13,7,2026-07-12,2026-07-06,1008
mia,KXHIGHMIA-26JUL13,weather_only,trained_hist_gradient_boosting,2026-07-14T02:00:00+00:00,2026-07-13,1,2026-07-13,2026-07-13,7,2026-07-12,2026-07-06,1008
mia,KXHIGHMIA-26JUL13,weather_only,trained_hist_gradient_boosting,2026-07-14T03:00:00+00:00,2026-07-13,1,2026-07-13,2026-07-13,7,2026-07-12,2026-07-06,1008
mia,KXHIGHMIA-26JUL13,weather_only,trained_hist_gradient_boosting,2026-07-14T04:00:00+00:00,2026-07-13,1,2026-07-13,2026-07-13,7,2026-07-12,2026-07-06,1008
nyc,KXHIGHNY-26JUL13,weather_only,trained_hist_gradient_boosting,2026-07-13T05:00:00+00:00,2026-07-13,1,2026-07-13,2026-07-13,7,2026-07-12,2026-07-06,1008
nyc,KXHIGHNY-26JUL13,weather_only,trained_hist_gradient_boosting,2026-07-13T06:00:00+00:00,2026-07-13,1,2026-07-13,2026-07-13,7,2026-07-12,2026-07-06,1008
nyc,KXHIGHNY-26JUL13,weather_only,trained_hist_gradient_boosting,2026-07-13T07:00:00+00:00,2026-07-13,1,2026-07-13,2026-07-13,7,2026-07-12,2026-07-06,1008
nyc,KXHIGHNY-26JUL13,weather_only,trained_hist_gradient_boosting,2026-07-13T08:00:00+00:00,2026-07-13,1,2026-07-13,2026-07-13,7,2026-07-12,2026-07-06,1008
nyc,KXHIGHNY-26JUL13,weather_only,trained_hist_gradient_boosting,2026-07-13T09:00:00+00:00,2026-07-13,1,2026-07-13,2026-07-13,7,2026-07-12,2026-07-06,1008
nyc,KXHIGHNY-26JUL13,weather_only,trained_hist_gradient_boosting,2026-07-13T10:00:00+00:00,2026-07-13,1,2026-07-13,2026-07-13,7,2026-07-12,2026-07-06,1008
nyc,KXHIGHNY-26JUL13,weather_only,trained_hist_gradient_boosting,2026-07-13T11:00:00+00:00,2026-07-13,1,2026-07-13,2026-07-13,7,2026-07-12,2026-07-06,1008
nyc,KXHIGHNY-26JUL13,weather_only,trained_hist_gradient_boosting,2026-07-13T12:00:00+00:00,2026-07-13,1,2026-07-13,2026-07-13,7,2026-07-12,2026-07-06,1008
nyc,KXHIGHNY-26JUL13,weather_only,trained_hist_gradient_boosting,2026-07-13T13:00:00+00:00,2026-07-13,1,2026-07-13,2026-07-13,7,2026-07-12,2026-07-06,1008
nyc,KXHIGHNY-26JUL13,weather_only,trained_hist_gradient_boosting,2026-07-13T14:00:00+00:00,2026-07-13,1,2026-07-13,2026-07-13,7,2026-07-12,2026-07-06,1008
nyc,KXHIGHNY-26JUL13,weather_only,trained_hist_gradient_boosting,2026-07-13T15:00:00+00:00,2026-07-13,1,2026-07-13,2026-07-13,7,2026-07-12,2026-07-06,1008
nyc,KXHIGHNY-26JUL13,weather_only,trained_hist_gradient_boosting,2026-07-13T16:00:00+00:00,2026-07-13,1,2026-07-13,2026-07-13,7,2026-07-12,2026-07-06,1008
nyc,KXHIGHNY-26JUL13,weather_only,trained_hist_gradient_boosting,2026-07-13T17:00:00+00:00,2026-07-13,1,2026-07-13,2026-07-13,7,2026-07-12,2026-07-06,1008
nyc,KXHIGHNY-26JUL13,weather_only,trained_hist_gradient_boosting,2026-07-13T18:00:00+00:00,2026-07-13,1,2026-07-13,2026-07-13,7,2026-07-12,2026-07-06,1008
nyc,KXHIGHNY-26JUL13,weather_only,trained_hist_gradient_boosting,2026-07-13T19:00:00+00:00,2026-07-13,1,2026-07-13,2026-07-13,7,2026-07-12,2026-07-06,1008
nyc,KXHIGHNY-26JUL13,weather_only,trained_hist_gradient_boosting,2026-07-13T20:00:00+00:00,2026-07-13,1,2026-07-13,2026-07-13,7,2026-07-12,2026-07-06,1008
nyc,KXHIGHNY-26JUL13,weather_only,trained_hist_gradient_boosting,2026-07-13T21:00:00+00:00,2026-07-13,1,2026-07-13,2026-07-13,7,2026-07-12,2026-07-06,1008
nyc,KXHIGHNY-26JUL13,weather_only,trained_hist_gradient_boosting,2026-07-13T22:00:00+00:00,2026-07-13,1,2026-07-13,2026-07-13,7,2026-07-12,2026-07-06,1008
nyc,KXHIGHNY-26JUL13,weather_only,trained_hist_gradient_boosting,2026-07-13T23:00:00+00:00,2026-07-13,1,2026-07-13,2026-07-13,7,2026-07-12,2026-07-06,1008
nyc,KXHIGHNY-26JUL13,weather_only,trained_hist_gradient_boosting,2026-07-14T00:00:00+00:00,2026-07-13,1,2026-07-13,2026-07-13,7,2026-07-12,2026-07-06,1008
nyc,KXHIGHNY-26JUL13,weather_only,trained_hist_gradient_boosting,2026-07-14T01:00:00+00:00,2026-07-13,1,2026-07-13,2026-07-13,7,2026-07-12,2026-07-06,1008
nyc,KXHIGHNY-26JUL13,weather_only,trained_hist_gradient_boosting,2026-07-14T02:00:00+00:00,2026-07-13,1,2026-07-13,2026-07-13,7,2026-07-12,2026-07-06,1008
nyc,KXHIGHNY-26JUL13,weather_only,trained_hist_gradient_boosting,2026-07-14T03:00:00+00:00,2026-07-13,1,2026-07-13,2026-07-13,7,2026-07-12,2026-07-06,1008
nyc,KXHIGHNY-26JUL13,weather_only,trained_hist_gradient_boosting,2026-07-14T04:00:00+00:00,2026-07-13,1,2026-07-13,2026-07-13,7,2026-07-12,2026-07-06,1008
okc,KXHIGHTOKC-26JUL13,weather_only,trained_hist_gradient_boosting,2026-07-13T06:00:00+00:00,2026-07-13,1,2026-07-13,2026-07-13,7,2026-07-12,2026-07-06,1008
okc,KXHIGHTOKC-26JUL13,weather_only,trained_hist_gradient_boosting,2026-07-13T07:00:00+00:00,2026-07-13,1,2026-07-13,2026-07-13,7,2026-07-12,2026-07-06,1008
okc,KXHIGHTOKC-26JUL13,weather_only,trained_hist_gradient_boosting,2026-07-13T08:00:00+00:00,2026-07-13,1,2026-07-13,2026-07-13,7,2026-07-12,2026-07-06,1008
okc,KXHIGHTOKC-26JUL13,weather_only,trained_hist_gradient_boosting,2026-07-13T09:00:00+00:00,2026-07-13,1,2026-07-13,2026-07-13,7,2026-07-12,2026-07-06,1008
okc,KXHIGHTOKC-26JUL13,weather_only,trained_hist_gradient_boosting,2026-07-13T10:00:00+00:00,2026-07-13,1,2026-07-13,2026-07-13,7,2026-07-12,2026-07-06,1008
okc,KXHIGHTOKC-26JUL13,weather_only,trained_hist_gradient_boosting,2026-07-13T11:00:00+00:00,2026-07-13,1,2026-07-13,2026-07-13,7,2026-07-12,2026-07-06,1008
okc,KXHIGHTOKC-26JUL13,weather_only,trained_hist_gradient_boosting,2026-07-13T12:00:00+00:00,2026-07-13,1,2026-07-13,2026-07-13,7,2026-07-12,2026-07-06,1008
okc,KXHIGHTOKC-26JUL13,weather_only,trained_hist_gradient_boosting,2026-07-13T13:00:00+00:00,2026-07-13,1,2026-07-13,2026-07-13,7,2026-07-12,2026-07-06,1008
okc,KXHIGHTOKC-26JUL13,weather_only,trained_hist_gradient_boosting,2026-07-13T14:00:00+00:00,2026-07-13,1,2026-07-13,2026-07-13,7,2026-07-12,2026-07-06,1008
okc,KXHIGHTOKC-26JUL13,weather_only,trained_hist_gradient_boosting,2026-07-13T15:00:00+00:00,2026-07-13,1,2026-07-13,2026-07-13,7,2026-07-12,2026-07-06,1008
okc,KXHIGHTOKC-26JUL13,weather_only,trained_hist_gradient_boosting,2026-07-13T16:00:00+00:00,2026-07-13,1,2026-07-13,2026-07-13,7,2026-07-12,2026-07-06,1008
okc,KXHIGHTOKC-26JUL13,weather_only,trained_hist_gradient_boosting,2026-07-13T17:00:00+00:00,2026-07-13,1,2026-07-13,2026-07-13,7,2026-07-12,2026-07-06,1008
okc,KXHIGHTOKC-26JUL13,weather_only,trained_hist_gradient_boosting,2026-07-13T18:00:00+00:00,2026-07-13,1,2026-07-13,2026-07-13,7,2026-07-12,2026-07-06,1008
okc,KXHIGHTOKC-26JUL13,weather_only,trained_hist_gradient_boosting,2026-07-13T19:00:00+00:00,2026-07-13,1,2026-07-13,2026-07-13,7,2026-07-12,2026-07-06,1008
okc,KXHIGHTOKC-26JUL13,weather_only,trained_hist_gradient_boosting,2026-07-13T20:00:00+00:00,2026-07-13,1,2026-07-13,2026-07-13,7,2026-07-12,2026-07-06,1008
okc,KXHIGHTOKC-26JUL13,weather_only,trained_hist_gradient_boosting,2026-07-13T21:00:00+00:00,2026-07-13,1,2026-07-13,2026-07-13,7,2026-07-12,2026-07-06,1008
okc,KXHIGHTOKC-26JUL13,weather_only,trained_hist_gradient_boosting,2026-07-13T22:00:00+00:00,2026-07-13,1,2026-07-13,2026-07-13,7,2026-07-12,2026-07-06,1008
okc,KXHIGHTOKC-26JUL13,weather_only,trained_hist_gradient_boosting,2026-07-13T23:00:00+00:00,2026-07-13,1,2026-07-13,2026-07-13,7,2026-07-12,2026-07-06,1008
okc,KXHIGHTOKC-26JUL13,weather_only,trained_hist_gradient_boosting,2026-07-14T00:00:00+00:00,2026-07-13,1,2026-07-13,2026-07-13,7,2026-07-12,2026-07-06,1008
okc,KXHIGHTOKC-26JUL13,weather_only,trained_hist_gradient_boosting,2026-07-14T01:00:00+00:00,2026-07-13,1,2026-07-13,2026-07-13,7,2026-07-12,2026-07-06,1008
okc,KXHIGHTOKC-26JUL13,weather_only,trained_hist_gradient_boosting,2026-07-14T02:00:00+00:00,2026-07-13,1,2026-07-13,2026-07-13,7,2026-07-12,2026-07-06,1008
okc,KXHIGHTOKC-26JUL13,weather_only,trained_hist_gradient_boosting,2026-07-14T03:00:00+00:00,2026-07-13,1,2026-07-13,2026-07-13,7,2026-07-12,2026-07-06,1008
okc,KXHIGHTOKC-26JUL13,weather_only,trained_hist_gradient_boosting,2026-07-14T04:00:00+00:00,2026-07-13,1,2026-07-13,2026-07-13,7,2026-07-12,2026-07-06,1008
okc,KXHIGHTOKC-26JUL13,weather_only,trained_hist_gradient_boosting,2026-07-14T05:00:00+00:00,2026-07-13,1,2026-07-13,2026-07-13,7,2026-07-12,2026-07-06,1008
aus,KXHIGHAUS-26JUL14,weather_only,trained_hist_gradient_boosting,2026-07-14T06:00:00+00:00,2026-07-14,1,2026-07-14,2026-07-14,7,2026-07-13,2026-07-07,1008
aus,KXHIGHAUS-26JUL14,weather_only,trained_hist_gradient_boosting,2026-07-14T07:00:00+00:00,2026-07-14,1,2026-07-14,2026-07-14,7,2026-07-13,2026-07-07,1008
aus,KXHIGHAUS-26JUL14,weather_only,trained_hist_gradient_boosting,2026-07-14T08:00:00+00:00,2026-07-14,1,2026-07-14,2026-07-14,7,2026-07-13,2026-07-07,1008
aus,KXHIGHAUS-26JUL14,weather_only,trained_hist_gradient_boosting,2026-07-14T09:00:00+00:00,2026-07-14,1,2026-07-14,2026-07-14,7,2026-07-13,2026-07-07,1008
aus,KXHIGHAUS-26JUL14,weather_only,trained_hist_gradient_boosting,2026-07-14T10:00:00+00:00,2026-07-14,1,2026-07-14,2026-07-14,7,2026-07-13,2026-07-07,1008
aus,KXHIGHAUS-26JUL14,weather_only,trained_hist_gradient_boosting,2026-07-14T11:00:00+00:00,2026-07-14,1,2026-07-14,2026-07-14,7,2026-07-13,2026-07-07,1008
aus,KXHIGHAUS-26JUL14,weather_only,trained_hist_gradient_boosting,2026-07-14T12:00:00+00:00,2026-07-14,1,2026-07-14,2026-07-14,7,2026-07-13,2026-07-07,1008
aus,KXHIGHAUS-26JUL14,weather_only,trained_hist_gradient_boosting,2026-07-14T13:00:00+00:00,2026-07-14,1,2026-07-14,2026-07-14,7,2026-07-13,2026-07-07,1008
aus,KXHIGHAUS-26JUL14,weather_only,trained_hist_gradient_boosting,2026-07-14T14:00:00+00:00,2026-07-14,1,2026-07-14,2026-07-14,7,2026-07-13,2026-07-07,1008
aus,KXHIGHAUS-26JUL14,weather_only,trained_hist_gradient_boosting,2026-07-14T15:00:00+00:00,2026-07-14,1,2026-07-14,2026-07-14,7,2026-07-13,2026-07-07,1008
aus,KXHIGHAUS-26JUL14,weather_only,trained_hist_gradient_boosting,2026-07-14T16:00:00+00:00,2026-07-14,1,2026-07-14,2026-07-14,7,2026-07-13,2026-07-07,1008
aus,KXHIGHAUS-26JUL14,weather_only,trained_hist_gradient_boosting,2026-07-14T17:00:00+00:00,2026-07-14,1,2026-07-14,2026-07-14,7,2026-07-13,2026-07-07,1008
aus,KXHIGHAUS-26JUL14,weather_only,trained_hist_gradient_boosting,2026-07-14T18:00:00+00:00,2026-07-14,1,2026-07-14,2026-07-14,7,2026-07-13,2026-07-07,1008
aus,KXHIGHAUS-26JUL14,weather_only,trained_hist_gradient_boosting,2026-07-14T19:00:00+00:00,2026-07-14,1,2026-07-14,2026-07-14,7,2026-07-13,2026-07-07,1008
aus,KXHIGHAUS-26JUL14,weather_only,trained_hist_gradient_boosting,2026-07-14T20:00:00+00:00,2026-07-14,1,2026-07-14,2026-07-14,7,2026-07-13,2026-07-07,1008
aus,KXHIGHAUS-26JUL14,weather_only,trained_hist_gradient_boosting,2026-07-14T21:00:00+00:00,2026-07-14,1,2026-07-14,2026-07-14,7,2026-07-13,2026-07-07,1008
aus,KXHIGHAUS-26JUL14,weather_only,trained_hist_gradient_boosting,2026-07-14T22:00:00+00:00,2026-07-14,1,2026-07-14,2026-07-14,7,2026-07-13,2026-07-07,1008
aus,KXHIGHAUS-26JUL14,weather_only,trained_hist_gradient_boosting,2026-07-14T23:00:00+00:00,2026-07-14,1,2026-07-14,2026-07-14,7,2026-07-13,2026-07-07,1008
aus,KXHIGHAUS-26JUL14,weather_only,trained_hist_gradient_boosting,2026-07-15T00:00:00+00:00,2026-07-14,1,2026-07-14,2026-07-14,7,2026-07-13,2026-07-07,1008
aus,KXHIGHAUS-26JUL14,weather_only,trained_hist_gradient_boosting,2026-07-15T01:00:00+00:00,2026-07-14,1,2026-07-14,2026-07-14,7,2026-07-13,2026-07-07,1008
aus,KXHIGHAUS-26JUL14,weather_only,trained_hist_gradient_boosting,2026-07-15T02:00:00+00:00,2026-07-14,1,2026-07-14,2026-07-14,7,2026-07-13,2026-07-07,1008
aus,KXHIGHAUS-26JUL14,weather_only,trained_hist_gradient_boosting,2026-07-15T03:00:00+00:00,2026-07-14,1,2026-07-14,2026-07-14,7,2026-07-13,2026-07-07,1008
aus,KXHIGHAUS-26JUL14,weather_only,trained_hist_gradient_boosting,2026-07-15T04:00:00+00:00,2026-07-14,1,2026-07-14,2026-07-14,7,2026-07-13,2026-07-07,1008
aus,KXHIGHAUS-26JUL14,weather_only,trained_hist_gradient_boosting,2026-07-15T05:00:00+00:00,2026-07-14,1,2026-07-14,2026-07-14,7,2026-07-13,2026-07-07,1008
den,KXHIGHDEN-26JUL14,weather_only,trained_hist_gradient_boosting,2026-07-14T07:00:00+00:00,2026-07-14,1,2026-07-14,2026-07-14,7,2026-07-13,2026-07-07,1008
den,KXHIGHDEN-26JUL14,weather_only,trained_hist_gradient_boosting,2026-07-14T08:00:00+00:00,2026-07-14,1,2026-07-14,2026-07-14,7,2026-07-13,2026-07-07,1008
den,KXHIGHDEN-26JUL14,weather_only,trained_hist_gradient_boosting,2026-07-14T09:00:00+00:00,2026-07-14,1,2026-07-14,2026-07-14,7,2026-07-13,2026-07-07,1008
den,KXHIGHDEN-26JUL14,weather_only,trained_hist_gradient_boosting,2026-07-14T10:00:00+00:00,2026-07-14,1,2026-07-14,2026-07-14,7,2026-07-13,2026-07-07,1008
den,KXHIGHDEN-26JUL14,weather_only,trained_hist_gradient_boosting,2026-07-14T11:00:00+00:00,2026-07-14,1,2026-07-14,2026-07-14,7,2026-07-13,2026-07-07,1008
den,KXHIGHDEN-26JUL14,weather_only,trained_hist_gradient_boosting,2026-07-14T12:00:00+00:00,2026-07-14,1,2026-07-14,2026-07-14,7,2026-07-13,2026-07-07,1008
den,KXHIGHDEN-26JUL14,weather_only,trained_hist_gradient_boosting,2026-07-14T13:00:00+00:00,2026-07-14,1,2026-07-14,2026-07-14,7,2026-07-13,2026-07-07,1008
den,KXHIGHDEN-26JUL14,weather_only,trained_hist_gradient_boosting,2026-07-14T14:00:00+00:00,2026-07-14,1,2026-07-14,2026-07-14,7,2026-07-13,2026-07-07,1008
den,KXHIGHDEN-26JUL14,weather_only,trained_hist_gradient_boosting,2026-07-14T15:00:00+00:00,2026-07-14,1,2026-07-14,2026-07-14,7,2026-07-13,2026-07-07,1008
den,KXHIGHDEN-26JUL14,weather_only,trained_hist_gradient_boosting,2026-07-14T16:00:00+00:00,2026-07-14,1,2026-07-14,2026-07-14,7,2026-07-13,2026-07-07,1008
den,KXHIGHDEN-26JUL14,weather_only,trained_hist_gradient_boosting,2026-07-14T17:00:00+00:00,2026-07-14,1,2026-07-14,2026-07-14,7,2026-07-13,2026-07-07,1008
den,KXHIGHDEN-26JUL14,weather_only,trained_hist_gradient_boosting,2026-07-14T18:00:00+00:00,2026-07-14,1,2026-07-14,2026-07-14,7,2026-07-13,2026-07-07,1008
den,KXHIGHDEN-26JUL14,weather_only,trained_hist_gradient_boosting,2026-07-14T19:00:00+00:00,2026-07-14,1,2026-07-14,2026-07-14,7,2026-07-13,2026-07-07,1008
den,KXHIGHDEN-26JUL14,weather_only,trained_hist_gradient_boosting,2026-07-14T20:00:00+00:00,2026-07-14,1,2026-07-14,2026-07-14,7,2026-07-13,2026-07-07,1008
den,KXHIGHDEN-26JUL14,weather_only,trained_hist_gradient_boosting,2026-07-14T21:00:00+00:00,2026-07-14,1,2026-07-14,2026-07-14,7,2026-07-13,2026-07-07,1008
den,KXHIGHDEN-26JUL14,weather_only,trained_hist_gradient_boosting,2026-07-14T22:00:00+00:00,2026-07-14,1,2026-07-14,2026-07-14,7,2026-07-13,2026-07-07,1008
den,KXHIGHDEN-26JUL14,weather_only,trained_hist_gradient_boosting,2026-07-14T23:00:00+00:00,2026-07-14,1,2026-07-14,2026-07-14,7,2026-07-13,2026-07-07,1008
den,KXHIGHDEN-26JUL14,weather_only,trained_hist_gradient_boosting,2026-07-15T00:00:00+00:00,2026-07-14,1,2026-07-14,2026-07-14,7,2026-07-13,2026-07-07,1008
den,KXHIGHDEN-26JUL14,weather_only,trained_hist_gradient_boosting,2026-07-15T01:00:00+00:00,2026-07-14,1,2026-07-14,2026-07-14,7,2026-07-13,2026-07-07,1008
den,KXHIGHDEN-26JUL14,weather_only,trained_hist_gradient_boosting,2026-07-15T02:00:00+00:00,2026-07-14,1,2026-07-14,2026-07-14,7,2026-07-13,2026-07-07,1008
den,KXHIGHDEN-26JUL14,weather_only,trained_hist_gradient_boosting,2026-07-15T03:00:00+00:00,2026-07-14,1,2026-07-14,2026-07-14,7,2026-07-13,2026-07-07,1008
den,KXHIGHDEN-26JUL14,weather_only,trained_hist_gradient_boosting,2026-07-15T04:00:00+00:00,2026-07-14,1,2026-07-14,2026-07-14,7,2026-07-13,2026-07-07,1008
den,KXHIGHDEN-26JUL14,weather_only,trained_hist_gradient_boosting,2026-07-15T05:00:00+00:00,2026-07-14,1,2026-07-14,2026-07-14,7,2026-07-13,2026-07-07,1008
den,KXHIGHDEN-26JUL14,weather_only,trained_hist_gradient_boosting,2026-07-15T06:00:00+00:00,2026-07-14,1,2026-07-14,2026-07-14,7,2026-07-13,2026-07-07,1008
la,KXHIGHLAX-26JUL14,weather_only,trained_hist_gradient_boosting,2026-07-14T08:00:00+00:00,2026-07-14,1,2026-07-14,2026-07-14,7,2026-07-13,2026-07-07,1008
la,KXHIGHLAX-26JUL14,weather_only,trained_hist_gradient_boosting,2026-07-14T09:00:00+00:00,2026-07-14,1,2026-07-14,2026-07-14,7,2026-07-13,2026-07-07,1008
la,KXHIGHLAX-26JUL14,weather_only,trained_hist_gradient_boosting,2026-07-14T10:00:00+00:00,2026-07-14,1,2026-07-14,2026-07-14,7,2026-07-13,2026-07-07,1008
la,KXHIGHLAX-26JUL14,weather_only,trained_hist_gradient_boosting,2026-07-14T11:00:00+00:00,2026-07-14,1,2026-07-14,2026-07-14,7,2026-07-13,2026-07-07,1008
la,KXHIGHLAX-26JUL14,weather_only,trained_hist_gradient_boosting,2026-07-14T12:00:00+00:00,2026-07-14,1,2026-07-14,2026-07-14,7,2026-07-13,2026-07-07,1008
la,KXHIGHLAX-26JUL14,weather_only,trained_hist_gradient_boosting,2026-07-14T13:00:00+00:00,2026-07-14,1,2026-07-14,2026-07-14,7,2026-07-13,2026-07-07,1008
la,KXHIGHLAX-26JUL14,weather_only,trained_hist_gradient_boosting,2026-07-14T14:00:00+00:00,2026-07-14,1,2026-07-14,2026-07-14,7,2026-07-13,2026-07-07,1008
la,KXHIGHLAX-26JUL14,weather_only,trained_hist_gradient_boosting,2026-07-14T15:00:00+00:00,2026-07-14,1,2026-07-14,2026-07-14,7,2026-07-13,2026-07-07,1008
la,KXHIGHLAX-26JUL14,weather_only,trained_hist_gradient_boosting,2026-07-14T16:00:00+00:00,2026-07-14,1,2026-07-14,2026-07-14,7,2026-07-13,2026-07-07,1008
la,KXHIGHLAX-26JUL14,weather_only,trained_hist_gradient_boosting,2026-07-14T17:00:00+00:00,2026-07-14,1,2026-07-14,2026-07-14,7,2026-07-13,2026-07-07,1008
la,KXHIGHLAX-26JUL14,weather_only,trained_hist_gradient_boosting,2026-07-14T18:00:00+00:00,2026-07-14,1,2026-07-14,2026-07-14,7,2026-07-13,2026-07-07,1008
la,KXHIGHLAX-26JUL14,weather_only,trained_hist_gradient_boosting,2026-07-14T19:00:00+00:00,2026-07-14,1,2026-07-14,2026-07-14,7,2026-07-13,2026-07-07,1008
la,KXHIGHLAX-26JUL14,weather_only,trained_hist_gradient_boosting,2026-07-14T20:00:00+00:00,2026-07-14,1,2026-07-14,2026-07-14,7,2026-07-13,2026-07-07,1008
la,KXHIGHLAX-26JUL14,weather_only,trained_hist_gradient_boosting,2026-07-14T21:00:00+00:00,2026-07-14,1,2026-07-14,2026-07-14,7,2026-07-13,2026-07-07,1008
la,KXHIGHLAX-26JUL14,weather_only,trained_hist_gradient_boosting,2026-07-14T22:00:00+00:00,2026-07-14,1,2026-07-14,2026-07-14,7,2026-07-13,2026-07-07,1008
la,KXHIGHLAX-26JUL14,weather_only,trained_hist_gradient_boosting,2026-07-14T23:00:00+00:00,2026-07-14,1,2026-07-14,2026-07-14,7,2026-07-13,2026-07-07,1008
la,KXHIGHLAX-26JUL14,weather_only,trained_hist_gradient_boosting,2026-07-15T00:00:00+00:00,2026-07-14,1,2026-07-14,2026-07-14,7,2026-07-13,2026-07-07,1008
la,KXHIGHLAX-26JUL14,weather_only,trained_hist_gradient_boosting,2026-07-15T01:00:00+00:00,2026-07-14,1,2026-07-14,2026-07-14,7,2026-07-13,2026-07-07,1008
la,KXHIGHLAX-26JUL14,weather_only,trained_hist_gradient_boosting,2026-07-15T02:00:00+00:00,2026-07-14,1,2026-07-14,2026-07-14,7,2026-07-13,2026-07-07,1008
la,KXHIGHLAX-26JUL14,weather_only,trained_hist_gradient_boosting,2026-07-15T03:00:00+00:00,2026-07-14,1,2026-07-14,2026-07-14,7,2026-07-13,2026-07-07,1008
la,KXHIGHLAX-26JUL14,weather_only,trained_hist_gradient_boosting,2026-07-15T04:00:00+00:00,2026-07-14,1,2026-07-14,2026-07-14,7,2026-07-13,2026-07-07,1008
la,KXHIGHLAX-26JUL14,weather_only,trained_hist_gradient_boosting,2026-07-15T05:00:00+00:00,2026-07-14,1,2026-07-14,2026-07-14,7,2026-07-13,2026-07-07,1008
la,KXHIGHLAX-26JUL14,weather_only,trained_hist_gradient_boosting,2026-07-15T06:00:00+00:00,2026-07-14,1,2026-07-14,2026-07-14,7,2026-07-13,2026-07-07,1008
la,KXHIGHLAX-26JUL14,weather_only,trained_hist_gradient_boosting,2026-07-15T07:00:00+00:00,2026-07-14,1,2026-07-14,2026-07-14,7,2026-07-13,2026-07-07,1008
mia,KXHIGHMIA-26JUL14,weather_only,trained_hist_gradient_boosting,2026-07-14T05:00:00+00:00,2026-07-14,1,2026-07-14,2026-07-14,7,2026-07-13,2026-07-07,1008
mia,KXHIGHMIA-26JUL14,weather_only,trained_hist_gradient_boosting,2026-07-14T06:00:00+00:00,2026-07-14,1,2026-07-14,2026-07-14,7,2026-07-13,2026-07-07,1008
mia,KXHIGHMIA-26JUL14,weather_only,trained_hist_gradient_boosting,2026-07-14T07:00:00+00:00,2026-07-14,1,2026-07-14,2026-07-14,7,2026-07-13,2026-07-07,1008
mia,KXHIGHMIA-26JUL14,weather_only,trained_hist_gradient_boosting,2026-07-14T08:00:00+00:00,2026-07-14,1,2026-07-14,2026-07-14,7,2026-07-13,2026-07-07,1008
mia,KXHIGHMIA-26JUL14,weather_only,trained_hist_gradient_boosting,2026-07-14T09:00:00+00:00,2026-07-14,1,2026-07-14,2026-07-14,7,2026-07-13,2026-07-07,1008
mia,KXHIGHMIA-26JUL14,weather_only,trained_hist_gradient_boosting,2026-07-14T10:00:00+00:00,2026-07-14,1,2026-07-14,2026-07-14,7,2026-07-13,2026-07-07,1008
mia,KXHIGHMIA-26JUL14,weather_only,trained_hist_gradient_boosting,2026-07-14T11:00:00+00:00,2026-07-14,1,2026-07-14,2026-07-14,7,2026-07-13,2026-07-07,1008
mia,KXHIGHMIA-26JUL14,weather_only,trained_hist_gradient_boosting,2026-07-14T12:00:00+00:00,2026-07-14,1,2026-07-14,2026-07-14,7,2026-07-13,2026-07-07,1008
mia,KXHIGHMIA-26JUL14,weather_only,trained_hist_gradient_boosting,2026-07-14T13:00:00+00:00,2026-07-14,1,2026-07-14,2026-07-14,7,2026-07-13,2026-07-07,1008
mia,KXHIGHMIA-26JUL14,weather_only,trained_hist_gradient_boosting,2026-07-14T14:00:00+00:00,2026-07-14,1,2026-07-14,2026-07-14,7,2026-07-13,2026-07-07,1008
mia,KXHIGHMIA-26JUL14,weather_only,trained_hist_gradient_boosting,2026-07-14T15:00:00+00:00,2026-07-14,1,2026-07-14,2026-07-14,7,2026-07-13,2026-07-07,1008
mia,KXHIGHMIA-26JUL14,weather_only,trained_hist_gradient_boosting,2026-07-14T16:00:00+00:00,2026-07-14,1,2026-07-14,2026-07-14,7,2026-07-13,2026-07-07,1008
mia,KXHIGHMIA-26JUL14,weather_only,trained_hist_gradient_boosting,2026-07-14T17:00:00+00:00,2026-07-14,1,2026-07-14,2026-07-14,7,2026-07-13,2026-07-07,1008
mia,KXHIGHMIA-26JUL14,weather_only,trained_hist_gradient_boosting,2026-07-14T18:00:00+00:00,2026-07-14,1,2026-07-14,2026-07-14,7,2026-07-13,2026-07-07,1008
mia,KXHIGHMIA-26JUL14,weather_only,trained_hist_gradient_boosting,2026-07-14T19:00:00+00:00,2026-07-14,1,2026-07-14,2026-07-14,7,2026-07-13,2026-07-07,1008
mia,KXHIGHMIA-26JUL14,weather_only,trained_hist_gradient_boosting,2026-07-14T20:00:00+00:00,2026-07-14,1,2026-07-14,2026-07-14,7,2026-07-13,2026-07-07,1008
mia,KXHIGHMIA-26JUL14,weather_only,trained_hist_gradient_boosting,2026-07-14T21:00:00+00:00,2026-07-14,1,2026-07-14,2026-07-14,7,2026-07-13,2026-07-07,1008
mia,KXHIGHMIA-26JUL14,weather_only,trained_hist_gradient_boosting,2026-07-14T22:00:00+00:00,2026-07-14,1,2026-07-14,2026-07-14,7,2026-07-13,2026-07-07,1008
mia,KXHIGHMIA-26JUL14,weather_only,trained_hist_gradient_boosting,2026-07-14T23:00:00+00:00,2026-07-14,1,2026-07-14,2026-07-14,7,2026-07-13,2026-07-07,1008
mia,KXHIGHMIA-26JUL14,weather_only,trained_hist_gradient_boosting,2026-07-15T00:00:00+00:00,2026-07-14,1,2026-07-14,2026-07-14,7,2026-07-13,2026-07-07,1008
mia,KXHIGHMIA-26JUL14,weather_only,trained_hist_gradient_boosting,2026-07-15T01:00:00+00:00,2026-07-14,1,2026-07-14,2026-07-14,7,2026-07-13,2026-07-07,1008
mia,KXHIGHMIA-26JUL14,weather_only,trained_hist_gradient_boosting,2026-07-15T02:00:00+00:00,2026-07-14,1,2026-07-14,2026-07-14,7,2026-07-13,2026-07-07,1008
mia,KXHIGHMIA-26JUL14,weather_only,trained_hist_gradient_boosting,2026-07-15T03:00:00+00:00,2026-07-14,1,2026-07-14,2026-07-14,7,2026-07-13,2026-07-07,1008
mia,KXHIGHMIA-26JUL14,weather_only,trained_hist_gradient_boosting,2026-07-15T04:00:00+00:00,2026-07-14,1,2026-07-14,2026-07-14,7,2026-07-13,2026-07-07,1008
nyc,KXHIGHNY-26JUL14,weather_only,trained_hist_gradient_boosting,2026-07-14T05:00:00+00:00,2026-07-14,1,2026-07-14,2026-07-14,7,2026-07-13,2026-07-07,1008
nyc,KXHIGHNY-26JUL14,weather_only,trained_hist_gradient_boosting,2026-07-14T06:00:00+00:00,2026-07-14,1,2026-07-14,2026-07-14,7,2026-07-13,2026-07-07,1008
nyc,KXHIGHNY-26JUL14,weather_only,trained_hist_gradient_boosting,2026-07-14T07:00:00+00:00,2026-07-14,1,2026-07-14,2026-07-14,7,2026-07-13,2026-07-07,1008
nyc,KXHIGHNY-26JUL14,weather_only,trained_hist_gradient_boosting,2026-07-14T08:00:00+00:00,2026-07-14,1,2026-07-14,2026-07-14,7,2026-07-13,2026-07-07,1008
nyc,KXHIGHNY-26JUL14,weather_only,trained_hist_gradient_boosting,2026-07-14T09:00:00+00:00,2026-07-14,1,2026-07-14,2026-07-14,7,2026-07-13,2026-07-07,1008
nyc,KXHIGHNY-26JUL14,weather_only,trained_hist_gradient_boosting,2026-07-14T10:00:00+00:00,2026-07-14,1,2026-07-14,2026-07-14,7,2026-07-13,2026-07-07,1008
nyc,KXHIGHNY-26JUL14,weather_only,trained_hist_gradient_boosting,2026-07-14T11:00:00+00:00,2026-07-14,1,2026-07-14,2026-07-14,7,2026-07-13,2026-07-07,1008
nyc,KXHIGHNY-26JUL14,weather_only,trained_hist_gradient_boosting,2026-07-14T12:00:00+00:00,2026-07-14,1,2026-07-14,2026-07-14,7,2026-07-13,2026-07-07,1008
nyc,KXHIGHNY-26JUL14,weather_only,trained_hist_gradient_boosting,2026-07-14T13:00:00+00:00,2026-07-14,1,2026-07-14,2026-07-14,7,2026-07-13,2026-07-07,1008
nyc,KXHIGHNY-26JUL14,weather_only,trained_hist_gradient_boosting,2026-07-14T14:00:00+00:00,2026-07-14,1,2026-07-14,2026-07-14,7,2026-07-13,2026-07-07,1008
nyc,KXHIGHNY-26JUL14,weather_only,trained_hist_gradient_boosting,2026-07-14T15:00:00+00:00,2026-07-14,1,2026-07-14,2026-07-14,7,2026-07-13,2026-07-07,1008
nyc,KXHIGHNY-26JUL14,weather_only,trained_hist_gradient_boosting,2026-07-14T16:00:00+00:00,2026-07-14,1,2026-07-14,2026-07-14,7,2026-07-13,2026-07-07,1008
nyc,KXHIGHNY-26JUL14,weather_only,trained_hist_gradient_boosting,2026-07-14T17:00:00+00:00,2026-07-14,1,2026-07-14,2026-07-14,7,2026-07-13,2026-07-07,1008
nyc,KXHIGHNY-26JUL14,weather_only,trained_hist_gradient_boosting,2026-07-14T18:00:00+00:00,2026-07-14,1,2026-07-14,2026-07-14,7,2026-07-13,2026-07-07,1008
nyc,KXHIGHNY-26JUL14,weather_only,trained_hist_gradient_boosting,2026-07-14T19:00:00+00:00,2026-07-14,1,2026-07-14,2026-07-14,7,2026-07-13,2026-07-07,1008
nyc,KXHIGHNY-26JUL14,weather_only,trained_hist_gradient_boosting,2026-07-14T20:00:00+00:00,2026-07-14,1,2026-07-14,2026-07-14,7,2026-07-13,2026-07-07,1008
nyc,KXHIGHNY-26JUL14,weather_only,trained_hist_gradient_boosting,2026-07-14T21:00:00+00:00,2026-07-14,1,2026-07-14,2026-07-14,7,2026-07-13,2026-07-07,1008
nyc,KXHIGHNY-26JUL14,weather_only,trained_hist_gradient_boosting,2026-07-14T22:00:00+00:00,2026-07-14,1,2026-07-14,2026-07-14,7,2026-07-13,2026-07-07,1008
nyc,KXHIGHNY-26JUL14,weather_only,trained_hist_gradient_boosting,2026-07-14T23:00:00+00:00,2026-07-14,1,2026-07-14,2026-07-14,7,2026-07-13,2026-07-07,1008
nyc,KXHIGHNY-26JUL14,weather_only,trained_hist_gradient_boosting,2026-07-15T00:00:00+00:00,2026-07-14,1,2026-07-14,2026-07-14,7,2026-07-13,2026-07-07,1008
nyc,KXHIGHNY-26JUL14,weather_only,trained_hist_gradient_boosting,2026-07-15T01:00:00+00:00,2026-07-14,1,2026-07-14,2026-07-14,7,2026-07-13,2026-07-07,1008
nyc,KXHIGHNY-26JUL14,weather_only,trained_hist_gradient_boosting,2026-07-15T02:00:00+00:00,2026-07-14,1,2026-07-14,2026-07-14,7,2026-07-13,2026-07-07,1008
nyc,KXHIGHNY-26JUL14,weather_only,trained_hist_gradient_boosting,2026-07-15T03:00:00+00:00,2026-07-14,1,2026-07-14,2026-07-14,7,2026-07-13,2026-07-07,1008
nyc,KXHIGHNY-26JUL14,weather_only,trained_hist_gradient_boosting,2026-07-15T04:00:00+00:00,2026-07-14,1,2026-07-14,2026-07-14,7,2026-07-13,2026-07-07,1008
okc,KXHIGHTOKC-26JUL14,weather_only,trained_hist_gradient_boosting,2026-07-14T06:00:00+00:00,2026-07-14,1,2026-07-14,2026-07-14,7,2026-07-13,2026-07-07,1008
okc,KXHIGHTOKC-26JUL14,weather_only,trained_hist_gradient_boosting,2026-07-14T07:00:00+00:00,2026-07-14,1,2026-07-14,2026-07-14,7,2026-07-13,2026-07-07,1008
okc,KXHIGHTOKC-26JUL14,weather_only,trained_hist_gradient_boosting,2026-07-14T08:00:00+00:00,2026-07-14,1,2026-07-14,2026-07-14,7,2026-07-13,2026-07-07,1008
okc,KXHIGHTOKC-26JUL14,weather_only,trained_hist_gradient_boosting,2026-07-14T09:00:00+00:00,2026-07-14,1,2026-07-14,2026-07-14,7,2026-07-13,2026-07-07,1008
okc,KXHIGHTOKC-26JUL14,weather_only,trained_hist_gradient_boosting,2026-07-14T10:00:00+00:00,2026-07-14,1,2026-07-14,2026-07-14,7,2026-07-13,2026-07-07,1008
okc,KXHIGHTOKC-26JUL14,weather_only,trained_hist_gradient_boosting,2026-07-14T11:00:00+00:00,2026-07-14,1,2026-07-14,2026-07-14,7,2026-07-13,2026-07-07,1008
okc,KXHIGHTOKC-26JUL14,weather_only,trained_hist_gradient_boosting,2026-07-14T12:00:00+00:00,2026-07-14,1,2026-07-14,2026-07-14,7,2026-07-13,2026-07-07,1008
okc,KXHIGHTOKC-26JUL14,weather_only,trained_hist_gradient_boosting,2026-07-14T13:00:00+00:00,2026-07-14,1,2026-07-14,2026-07-14,7,2026-07-13,2026-07-07,1008
okc,KXHIGHTOKC-26JUL14,weather_only,trained_hist_gradient_boosting,2026-07-14T14:00:00+00:00,2026-07-14,1,2026-07-14,2026-07-14,7,2026-07-13,2026-07-07,1008
okc,KXHIGHTOKC-26JUL14,weather_only,trained_hist_gradient_boosting,2026-07-14T15:00:00+00:00,2026-07-14,1,2026-07-14,2026-07-14,7,2026-07-13,2026-07-07,1008
okc,KXHIGHTOKC-26JUL14,weather_only,trained_hist_gradient_boosting,2026-07-14T16:00:00+00:00,2026-07-14,1,2026-07-14,2026-07-14,7,2026-07-13,2026-07-07,1008
okc,KXHIGHTOKC-26JUL14,weather_only,trained_hist_gradient_boosting,2026-07-14T17:00:00+00:00,2026-07-14,1,2026-07-14,2026-07-14,7,2026-07-13,2026-07-07,1008
okc,KXHIGHTOKC-26JUL14,weather_only,trained_hist_gradient_boosting,2026-07-14T18:00:00+00:00,2026-07-14,1,2026-07-14,2026-07-14,7,2026-07-13,2026-07-07,1008
okc,KXHIGHTOKC-26JUL14,weather_only,trained_hist_gradient_boosting,2026-07-14T19:00:00+00:00,2026-07-14,1,2026-07-14,2026-07-14,7,2026-07-13,2026-07-07,1008
okc,KXHIGHTOKC-26JUL14,weather_only,trained_hist_gradient_boosting,2026-07-14T20:00:00+00:00,2026-07-14,1,2026-07-14,2026-07-14,7,2026-07-13,2026-07-07,1008
okc,KXHIGHTOKC-26JUL14,weather_only,trained_hist_gradient_boosting,2026-07-14T21:00:00+00:00,2026-07-14,1,2026-07-14,2026-07-14,7,2026-07-13,2026-07-07,1008
okc,KXHIGHTOKC-26JUL14,weather_only,trained_hist_gradient_boosting,2026-07-14T22:00:00+00:00,2026-07-14,1,2026-07-14,2026-07-14,7,2026-07-13,2026-07-07,1008
okc,KXHIGHTOKC-26JUL14,weather_only,trained_hist_gradient_boosting,2026-07-14T23:00:00+00:00,2026-07-14,1,2026-07-14,2026-07-14,7,2026-07-13,2026-07-07,1008
okc,KXHIGHTOKC-26JUL14,weather_only,trained_hist_gradient_boosting,2026-07-15T00:00:00+00:00,2026-07-14,1,2026-07-14,2026-07-14,7,2026-07-13,2026-07-07,1008
okc,KXHIGHTOKC-26JUL14,weather_only,trained_hist_gradient_boosting,2026-07-15T01:00:00+00:00,2026-07-14,1,2026-07-14,2026-07-14,7,2026-07-13,2026-07-07,1008
okc,KXHIGHTOKC-26JUL14,weather_only,trained_hist_gradient_boosting,2026-07-15T02:00:00+00:00,2026-07-14,1,2026-07-14,2026-07-14,7,2026-07-13,2026-07-07,1008
okc,KXHIGHTOKC-26JUL14,weather_only,trained_hist_gradient_boosting,2026-07-15T03:00:00+00:00,2026-07-14,1,2026-07-14,2026-07-14,7,2026-07-13,2026-07-07,1008
okc,KXHIGHTOKC-26JUL14,weather_only,trained_hist_gradient_boosting,2026-07-15T04:00:00+00:00,2026-07-14,1,2026-07-14,2026-07-14,7,2026-07-13,2026-07-07,1008
okc,KXHIGHTOKC-26JUL14,weather_only,trained_hist_gradient_boosting,2026-07-15T05:00:00+00:00,2026-07-14,1,2026-07-14,2026-07-14,7,2026-07-13,2026-07-07,1008
aus,KXHIGHAUS-26JUL15,weather_only,trained_hist_gradient_boosting,2026-07-15T06:00:00+00:00,2026-07-15,1,2026-07-15,2026-07-15,7,2026-07-14,2026-07-08,1008
aus,KXHIGHAUS-26JUL15,weather_only,trained_hist_gradient_boosting,2026-07-15T07:00:00+00:00,2026-07-15,1,2026-07-15,2026-07-15,7,2026-07-14,2026-07-08,1008
aus,KXHIGHAUS-26JUL15,weather_only,trained_hist_gradient_boosting,2026-07-15T08:00:00+00:00,2026-07-15,1,2026-07-15,2026-07-15,7,2026-07-14,2026-07-08,1008
aus,KXHIGHAUS-26JUL15,weather_only,trained_hist_gradient_boosting,2026-07-15T09:00:00+00:00,2026-07-15,1,2026-07-15,2026-07-15,7,2026-07-14,2026-07-08,1008
aus,KXHIGHAUS-26JUL15,weather_only,trained_hist_gradient_boosting,2026-07-15T10:00:00+00:00,2026-07-15,1,2026-07-15,2026-07-15,7,2026-07-14,2026-07-08,1008
aus,KXHIGHAUS-26JUL15,weather_only,trained_hist_gradient_boosting,2026-07-15T11:00:00+00:00,2026-07-15,1,2026-07-15,2026-07-15,7,2026-07-14,2026-07-08,1008
aus,KXHIGHAUS-26JUL15,weather_only,trained_hist_gradient_boosting,2026-07-15T12:00:00+00:00,2026-07-15,1,2026-07-15,2026-07-15,7,2026-07-14,2026-07-08,1008
aus,KXHIGHAUS-26JUL15,weather_only,trained_hist_gradient_boosting,2026-07-15T13:00:00+00:00,2026-07-15,1,2026-07-15,2026-07-15,7,2026-07-14,2026-07-08,1008
aus,KXHIGHAUS-26JUL15,weather_only,trained_hist_gradient_boosting,2026-07-15T14:00:00+00:00,2026-07-15,1,2026-07-15,2026-07-15,7,2026-07-14,2026-07-08,1008
aus,KXHIGHAUS-26JUL15,weather_only,trained_hist_gradient_boosting,2026-07-15T15:00:00+00:00,2026-07-15,1,2026-07-15,2026-07-15,7,2026-07-14,2026-07-08,1008
aus,KXHIGHAUS-26JUL15,weather_only,trained_hist_gradient_boosting,2026-07-15T16:00:00+00:00,2026-07-15,1,2026-07-15,2026-07-15,7,2026-07-14,2026-07-08,1008
aus,KXHIGHAUS-26JUL15,weather_only,trained_hist_gradient_boosting,2026-07-15T17:00:00+00:00,2026-07-15,1,2026-07-15,2026-07-15,7,2026-07-14,2026-07-08,1008
den,KXHIGHDEN-26JUL15,weather_only,trained_hist_gradient_boosting,2026-07-15T07:00:00+00:00,2026-07-15,1,2026-07-15,2026-07-15,7,2026-07-14,2026-07-08,1008
den,KXHIGHDEN-26JUL15,weather_only,trained_hist_gradient_boosting,2026-07-15T08:00:00+00:00,2026-07-15,1,2026-07-15,2026-07-15,7,2026-07-14,2026-07-08,1008
den,KXHIGHDEN-26JUL15,weather_only,trained_hist_gradient_boosting,2026-07-15T09:00:00+00:00,2026-07-15,1,2026-07-15,2026-07-15,7,2026-07-14,2026-07-08,1008
den,KXHIGHDEN-26JUL15,weather_only,trained_hist_gradient_boosting,2026-07-15T10:00:00+00:00,2026-07-15,1,2026-07-15,2026-07-15,7,2026-07-14,2026-07-08,1008
den,KXHIGHDEN-26JUL15,weather_only,trained_hist_gradient_boosting,2026-07-15T11:00:00+00:00,2026-07-15,1,2026-07-15,2026-07-15,7,2026-07-14,2026-07-08,1008
den,KXHIGHDEN-26JUL15,weather_only,trained_hist_gradient_boosting,2026-07-15T12:00:00+00:00,2026-07-15,1,2026-07-15,2026-07-15,7,2026-07-14,2026-07-08,1008
den,KXHIGHDEN-26JUL15,weather_only,trained_hist_gradient_boosting,2026-07-15T13:00:00+00:00,2026-07-15,1,2026-07-15,2026-07-15,7,2026-07-14,2026-07-08,1008
den,KXHIGHDEN-26JUL15,weather_only,trained_hist_gradient_boosting,2026-07-15T14:00:00+00:00,2026-07-15,1,2026-07-15,2026-07-15,7,2026-07-14,2026-07-08,1008
den,KXHIGHDEN-26JUL15,weather_only,trained_hist_gradient_boosting,2026-07-15T15:00:00+00:00,2026-07-15,1,2026-07-15,2026-07-15,7,2026-07-14,2026-07-08,1008
den,KXHIGHDEN-26JUL15,weather_only,trained_hist_gradient_boosting,2026-07-15T16:00:00+00:00,2026-07-15,1,2026-07-15,2026-07-15,7,2026-07-14,2026-07-08,1008
den,KXHIGHDEN-26JUL15,weather_only,trained_hist_gradient_boosting,2026-07-15T17:00:00+00:00,2026-07-15,1,2026-07-15,2026-07-15,7,2026-07-14,2026-07-08,1008
la,KXHIGHLAX-26JUL15,weather_only,trained_hist_gradient_boosting,2026-07-15T08:00:00+00:00,2026-07-15,1,2026-07-15,2026-07-15,7,2026-07-14,2026-07-08,1008
la,KXHIGHLAX-26JUL15,weather_only,trained_hist_gradient_boosting,2026-07-15T09:00:00+00:00,2026-07-15,1,2026-07-15,2026-07-15,7,2026-07-14,2026-07-08,1008
la,KXHIGHLAX-26JUL15,weather_only,trained_hist_gradient_boosting,2026-07-15T10:00:00+00:00,2026-07-15,1,2026-07-15,2026-07-15,7,2026-07-14,2026-07-08,1008
la,KXHIGHLAX-26JUL15,weather_only,trained_hist_gradient_boosting,2026-07-15T11:00:00+00:00,2026-07-15,1,2026-07-15,2026-07-15,7,2026-07-14,2026-07-08,1008
la,KXHIGHLAX-26JUL15,weather_only,trained_hist_gradient_boosting,2026-07-15T12:00:00+00:00,2026-07-15,1,2026-07-15,2026-07-15,7,2026-07-14,2026-07-08,1008
la,KXHIGHLAX-26JUL15,weather_only,trained_hist_gradient_boosting,2026-07-15T13:00:00+00:00,2026-07-15,1,2026-07-15,2026-07-15,7,2026-07-14,2026-07-08,1008
la,KXHIGHLAX-26JUL15,weather_only,trained_hist_gradient_boosting,2026-07-15T14:00:00+00:00,2026-07-15,1,2026-07-15,2026-07-15,7,2026-07-14,2026-07-08,1008
la,KXHIGHLAX-26JUL15,weather_only,trained_hist_gradient_boosting,2026-07-15T15:00:00+00:00,2026-07-15,1,2026-07-15,2026-07-15,7,2026-07-14,2026-07-08,1008
la,KXHIGHLAX-26JUL15,weather_only,trained_hist_gradient_boosting,2026-07-15T16:00:00+00:00,2026-07-15,1,2026-07-15,2026-07-15,7,2026-07-14,2026-07-08,1008
la,KXHIGHLAX-26JUL15,weather_only,trained_hist_gradient_boosting,2026-07-15T17:00:00+00:00,2026-07-15,1,2026-07-15,2026-07-15,7,2026-07-14,2026-07-08,1008
mia,KXHIGHMIA-26JUL15,weather_only,trained_hist_gradient_boosting,2026-07-15T05:00:00+00:00,2026-07-15,1,2026-07-15,2026-07-15,7,2026-07-14,2026-07-08,1008
mia,KXHIGHMIA-26JUL15,weather_only,trained_hist_gradient_boosting,2026-07-15T06:00:00+00:00,2026-07-15,1,2026-07-15,2026-07-15,7,2026-07-14,2026-07-08,1008
mia,KXHIGHMIA-26JUL15,weather_only,trained_hist_gradient_boosting,2026-07-15T07:00:00+00:00,2026-07-15,1,2026-07-15,2026-07-15,7,2026-07-14,2026-07-08,1008
mia,KXHIGHMIA-26JUL15,weather_only,trained_hist_gradient_boosting,2026-07-15T08:00:00+00:00,2026-07-15,1,2026-07-15,2026-07-15,7,2026-07-14,2026-07-08,1008
mia,KXHIGHMIA-26JUL15,weather_only,trained_hist_gradient_boosting,2026-07-15T09:00:00+00:00,2026-07-15,1,2026-07-15,2026-07-15,7,2026-07-14,2026-07-08,1008
mia,KXHIGHMIA-26JUL15,weather_only,trained_hist_gradient_boosting,2026-07-15T10:00:00+00:00,2026-07-15,1,2026-07-15,2026-07-15,7,2026-07-14,2026-07-08,1008
mia,KXHIGHMIA-26JUL15,weather_only,trained_hist_gradient_boosting,2026-07-15T11:00:00+00:00,2026-07-15,1,2026-07-15,2026-07-15,7,2026-07-14,2026-07-08,1008
mia,KXHIGHMIA-26JUL15,weather_only,trained_hist_gradient_boosting,2026-07-15T12:00:00+00:00,2026-07-15,1,2026-07-15,2026-07-15,7,2026-07-14,2026-07-08,1008
mia,KXHIGHMIA-26JUL15,weather_only,trained_hist_gradient_boosting,2026-07-15T13:00:00+00:00,2026-07-15,1,2026-07-15,2026-07-15,7,2026-07-14,2026-07-08,1008
mia,KXHIGHMIA-26JUL15,weather_only,trained_hist_gradient_boosting,2026-07-15T14:00:00+00:00,2026-07-15,1,2026-07-15,2026-07-15,7,2026-07-14,2026-07-08,1008
mia,KXHIGHMIA-26JUL15,weather_only,trained_hist_gradient_boosting,2026-07-15T15:00:00+00:00,2026-07-15,1,2026-07-15,2026-07-15,7,2026-07-14,2026-07-08,1008
mia,KXHIGHMIA-26JUL15,weather_only,trained_hist_gradient_boosting,2026-07-15T16:00:00+00:00,2026-07-15,1,2026-07-15,2026-07-15,7,2026-07-14,2026-07-08,1008
mia,KXHIGHMIA-26JUL15,weather_only,trained_hist_gradient_boosting,2026-07-15T17:00:00+00:00,2026-07-15,1,2026-07-15,2026-07-15,7,2026-07-14,2026-07-08,1008
nyc,KXHIGHNY-26JUL15,weather_only,trained_hist_gradient_boosting,2026-07-15T05:00:00+00:00,2026-07-15,1,2026-07-15,2026-07-15,7,2026-07-14,2026-07-08,1008
nyc,KXHIGHNY-26JUL15,weather_only,trained_hist_gradient_boosting,2026-07-15T06:00:00+00:00,2026-07-15,1,2026-07-15,2026-07-15,7,2026-07-14,2026-07-08,1008
nyc,KXHIGHNY-26JUL15,weather_only,trained_hist_gradient_boosting,2026-07-15T07:00:00+00:00,2026-07-15,1,2026-07-15,2026-07-15,7,2026-07-14,2026-07-08,1008
nyc,KXHIGHNY-26JUL15,weather_only,trained_hist_gradient_boosting,2026-07-15T08:00:00+00:00,2026-07-15,1,2026-07-15,2026-07-15,7,2026-07-14,2026-07-08,1008
nyc,KXHIGHNY-26JUL15,weather_only,trained_hist_gradient_boosting,2026-07-15T09:00:00+00:00,2026-07-15,1,2026-07-15,2026-07-15,7,2026-07-14,2026-07-08,1008
nyc,KXHIGHNY-26JUL15,weather_only,trained_hist_gradient_boosting,2026-07-15T10:00:00+00:00,2026-07-15,1,2026-07-15,2026-07-15,7,2026-07-14,2026-07-08,1008
nyc,KXHIGHNY-26JUL15,weather_only,trained_hist_gradient_boosting,2026-07-15T11:00:00+00:00,2026-07-15,1,2026-07-15,2026-07-15,7,2026-07-14,2026-07-08,1008
nyc,KXHIGHNY-26JUL15,weather_only,trained_hist_gradient_boosting,2026-07-15T12:00:00+00:00,2026-07-15,1,2026-07-15,2026-07-15,7,2026-07-14,2026-07-08,1008
nyc,KXHIGHNY-26JUL15,weather_only,trained_hist_gradient_boosting,2026-07-15T13:00:00+00:00,2026-07-15,1,2026-07-15,2026-07-15,7,2026-07-14,2026-07-08,1008
nyc,KXHIGHNY-26JUL15,weather_only,trained_hist_gradient_boosting,2026-07-15T14:00:00+00:00,2026-07-15,1,2026-07-15,2026-07-15,7,2026-07-14,2026-07-08,1008
nyc,KXHIGHNY-26JUL15,weather_only,trained_hist_gradient_boosting,2026-07-15T15:00:00+00:00,2026-07-15,1,2026-07-15,2026-07-15,7,2026-07-14,2026-07-08,1008
nyc,KXHIGHNY-26JUL15,weather_only,trained_hist_gradient_boosting,2026-07-15T16:00:00+00:00,2026-07-15,1,2026-07-15,2026-07-15,7,2026-07-14,2026-07-08,1008
nyc,KXHIGHNY-26JUL15,weather_only,trained_hist_gradient_boosting,2026-07-15T17:00:00+00:00,2026-07-15,1,2026-07-15,2026-07-15,7,2026-07-14,2026-07-08,1008
okc,KXHIGHTOKC-26JUL15,weather_only,trained_hist_gradient_boosting,2026-07-15T06:00:00+00:00,2026-07-15,1,2026-07-15,2026-07-15,7,2026-07-14,2026-07-08,1008
okc,KXHIGHTOKC-26JUL15,weather_only,trained_hist_gradient_boosting,2026-07-15T07:00:00+00:00,2026-07-15,1,2026-07-15,2026-07-15,7,2026-07-14,2026-07-08,1008
okc,KXHIGHTOKC-26JUL15,weather_only,trained_hist_gradient_boosting,2026-07-15T08:00:00+00:00,2026-07-15,1,2026-07-15,2026-07-15,7,2026-07-14,2026-07-08,1008
okc,KXHIGHTOKC-26JUL15,weather_only,trained_hist_gradient_boosting,2026-07-15T09:00:00+00:00,2026-07-15,1,2026-07-15,2026-07-15,7,2026-07-14,2026-07-08,1008
okc,KXHIGHTOKC-26JUL15,weather_only,trained_hist_gradient_boosting,2026-07-15T10:00:00+00:00,2026-07-15,1,2026-07-15,2026-07-15,7,2026-07-14,2026-07-08,1008
okc,KXHIGHTOKC-26JUL15,weather_only,trained_hist_gradient_boosting,2026-07-15T11:00:00+00:00,2026-07-15,1,2026-07-15,2026-07-15,7,2026-07-14,2026-07-08,1008
okc,KXHIGHTOKC-26JUL15,weather_only,trained_hist_gradient_boosting,2026-07-15T12:00:00+00:00,2026-07-15,1,2026-07-15,2026-07-15,7,2026-07-14,2026-07-08,1008
okc,KXHIGHTOKC-26JUL15,weather_only,trained_hist_gradient_boosting,2026-07-15T13:00:00+00:00,2026-07-15,1,2026-07-15,2026-07-15,7,2026-07-14,2026-07-08,1008
okc,KXHIGHTOKC-26JUL15,weather_only,trained_hist_gradient_boosting,2026-07-15T14:00:00+00:00,2026-07-15,1,2026-07-15,2026-07-15,7,2026-07-14,2026-07-08,1008
okc,KXHIGHTOKC-26JUL15,weather_only,trained_hist_gradient_boosting,2026-07-15T15:00:00+00:00,2026-07-15,1,2026-07-15,2026-07-15,7,2026-07-14,2026-07-08,1008
okc,KXHIGHTOKC-26JUL15,weather_only,trained_hist_gradient_boosting,2026-07-15T16:00:00+00:00,2026-07-15,1,2026-07-15,2026-07-15,7,2026-07-14,2026-07-08,1008
okc,KXHIGHTOKC-26JUL15,weather_only,trained_hist_gradient_boosting,2026-07-15T17:00:00+00:00,2026-07-15,1,2026-07-15,2026-07-15,7,2026-07-14,2026-07-08,1008
