city,event_ticker,expected_high_f,model_name,q05,q10,q25,q50,q75,q90,q95,snapshot_hour_utc
aus,KXHIGHAUS-26JUL01,96.8,raycaster_cloudcaster,96.05,96.05,96.05,96.8,101.45462887047667,106.673455179799,109.4944423740273,2026-07-02T04:00:00+00:00
aus,KXHIGHAUS-26JUL01,96.8,raycaster_cloudcaster,96.05,96.05,96.05,96.8,101.45462887047667,106.673455179799,109.4944423740273,2026-07-02T05:00:00+00:00
den,KXHIGHDEN-26JUL01,89.6,raycaster_cloudcaster,88.85,88.85,88.85,89.6,94.18872646241579,99.33366219300319,102.11470853386126,2026-07-02T04:00:00+00:00
den,KXHIGHDEN-26JUL01,89.6,raycaster_cloudcaster,88.85,88.85,88.85,89.6,95.53122072569171,102.18137729692182,105.77605652461376,2026-07-02T05:00:00+00:00
den,KXHIGHDEN-26JUL01,89.6,raycaster_cloudcaster,88.85,88.85,88.85,89.6,96.91356218247134,105.11361675069678,109.54607867946729,2026-07-02T06:00:00+00:00
la,KXHIGHLAX-26JUL01,71.6,raycaster_cloudcaster,70.85,70.85,70.85,71.6,74.49896829708432,77.74932669078493,79.50627717386634,2026-07-02T04:00:00+00:00
la,KXHIGHLAX-26JUL01,71.6,raycaster_cloudcaster,70.85,70.85,70.85,71.6,74.49896829708432,77.74932669078493,79.50627717386634,2026-07-02T05:00:00+00:00
la,KXHIGHLAX-26JUL01,71.6,raycaster_cloudcaster,70.85,70.85,70.85,71.6,75.17021073432647,79.17317428493494,81.33693836634492,2026-07-02T06:00:00+00:00
la,KXHIGHLAX-26JUL01,71.6,raycaster_cloudcaster,70.85,70.85,70.85,71.6,75.17021073432647,79.17317428493494,81.33693836634492,2026-07-02T07:00:00+00:00
mia,KXHIGHMIA-26JUL01,93.2,raycaster_cloudcaster,92.45,92.45,92.45,93.2,97.82349756001882,103.0074190667066,105.80953880005134,2026-07-02T04:00:00+00:00
nyc,KXHIGHNY-26JUL01,91.04,raycaster_cloudcaster,90.29,90.29,90.29,91.04,93.13717206912071,95.48854681328635,96.75956018851102,2026-07-02T04:00:00+00:00
okc,KXHIGHTOKC-26JUL01,91.4,raycaster_cloudcaster,90.65,90.65,90.65,91.4,94.62595044134284,98.24292517860601,100.19804665820773,2026-07-02T04:00:00+00:00
okc,KXHIGHTOKC-26JUL01,91.4,raycaster_cloudcaster,90.65,90.65,90.65,91.4,94.97973004394187,98.99336675987668,101.16290011984145,2026-07-02T05:00:00+00:00
aus,KXHIGHAUS-26JUL02,94.75646153846155,raycaster_cloudcaster,90.53771153846155,91.52208653846155,93.20958653846155,94.75646153846155,96.30333653846155,97.99083653846155,98.97521153846155,2026-07-02T06:00:00+00:00
aus,KXHIGHAUS-26JUL02,94.75646153846155,raycaster_cloudcaster,90.53771153846155,91.52208653846155,93.20958653846155,94.75646153846155,96.30333653846155,97.99083653846155,98.97521153846155,2026-07-02T07:00:00+00:00
aus,KXHIGHAUS-26JUL02,94.75646153846155,raycaster_cloudcaster,90.53771153846155,91.52208653846155,93.20958653846155,94.75646153846155,96.30333653846155,97.99083653846155,98.97521153846155,2026-07-02T08:00:00+00:00
aus,KXHIGHAUS-26JUL02,94.80646153846155,raycaster_cloudcaster,90.58771153846155,91.57208653846155,93.25958653846155,94.80646153846155,96.35333653846155,98.04083653846155,99.02521153846155,2026-07-02T09:00:00+00:00
aus,KXHIGHAUS-26JUL02,94.80646153846155,raycaster_cloudcaster,90.58771153846155,91.57208653846155,93.25958653846155,94.80646153846155,96.35333653846155,98.04083653846155,99.02521153846155,2026-07-02T10:00:00+00:00
aus,KXHIGHAUS-26JUL02,94.75646153846155,raycaster_cloudcaster,90.53771153846155,91.52208653846155,93.20958653846155,94.75646153846155,96.30333653846155,97.99083653846155,98.97521153846155,2026-07-02T11:00:00+00:00
aus,KXHIGHAUS-26JUL02,94.75646153846155,raycaster_cloudcaster,90.53771153846155,91.52208653846155,93.20958653846155,94.75646153846155,96.30333653846155,97.99083653846155,98.97521153846155,2026-07-02T12:00:00+00:00
aus,KXHIGHAUS-26JUL02,94.75646153846155,raycaster_cloudcaster,90.53771153846155,91.52208653846155,93.20958653846155,94.75646153846155,96.30333653846155,97.99083653846155,98.97521153846155,2026-07-02T13:00:00+00:00
aus,KXHIGHAUS-26JUL02,94.75646153846155,raycaster_cloudcaster,90.53771153846155,91.52208653846155,93.20958653846155,94.75646153846155,96.30333653846155,97.99083653846155,98.97521153846155,2026-07-02T14:00:00+00:00
aus,KXHIGHAUS-26JUL02,94.70646153846155,raycaster_cloudcaster,90.48771153846155,91.47208653846155,93.15958653846155,94.70646153846155,96.25333653846155,97.94083653846155,98.92521153846155,2026-07-02T15:00:00+00:00
aus,KXHIGHAUS-26JUL02,94.65646153846154,raycaster_cloudcaster,90.43771153846154,91.42208653846154,93.10958653846154,94.65646153846154,96.20333653846154,97.89083653846154,98.87521153846154,2026-07-02T16:00:00+00:00
aus,KXHIGHAUS-26JUL02,94.65646153846154,raycaster_cloudcaster,90.43771153846154,91.42208653846154,93.10958653846154,94.65646153846154,96.20333653846154,97.89083653846154,98.87521153846154,2026-07-02T17:00:00+00:00
aus,KXHIGHAUS-26JUL02,94.65646153846154,raycaster_cloudcaster,90.43771153846154,91.42208653846154,93.10958653846154,94.65646153846154,96.20333653846154,97.89083653846154,98.87521153846154,2026-07-02T18:00:00+00:00
aus,KXHIGHAUS-26JUL02,94.65646153846154,raycaster_cloudcaster,92.45,92.45,93.10958653846154,94.65646153846154,96.20333653846154,97.89083653846154,98.87521153846154,2026-07-02T19:00:00+00:00
aus,KXHIGHAUS-26JUL02,94.15646153846154,raycaster_cloudcaster,92.45,92.45,92.60958653846154,94.15646153846154,95.70333653846154,97.39083653846154,98.37521153846154,2026-07-02T20:00:00+00:00
aus,KXHIGHAUS-26JUL02,95.0,raycaster_cloudcaster,94.25,94.25,94.25,95.0,96.546875,98.234375,99.21875,2026-07-02T21:00:00+00:00
aus,KXHIGHAUS-26JUL02,95.0,raycaster_cloudcaster,94.25,94.25,94.25,95.0,96.546875,98.234375,99.21875,2026-07-02T22:00:00+00:00
aus,KXHIGHAUS-26JUL02,96.8,raycaster_cloudcaster,96.05,96.05,96.05,96.8,98.346875,100.034375,101.01875,2026-07-02T23:00:00+00:00
aus,KXHIGHAUS-26JUL02,96.8,raycaster_cloudcaster,96.05,96.05,96.05,96.8,98.78,100.94,102.19999999999999,2026-07-03T00:00:00+00:00
aus,KXHIGHAUS-26JUL02,96.8,raycaster_cloudcaster,96.05,96.05,96.05,96.8,98.78,100.94,102.19999999999999,2026-07-03T01:00:00+00:00
aus,KXHIGHAUS-26JUL02,96.8,raycaster_cloudcaster,96.05,96.05,96.05,96.8,99.26259390683887,101.94905998702676,103.51616520046967,2026-07-03T02:00:00+00:00
aus,KXHIGHAUS-26JUL02,96.8,raycaster_cloudcaster,96.05,96.05,96.05,96.8,101.11388034974024,105.81993164036595,108.5651282265643,2026-07-03T03:00:00+00:00
aus,KXHIGHAUS-26JUL02,96.8,raycaster_cloudcaster,96.05,96.05,96.05,96.8,101.45133763522655,106.52552414638279,109.48546627789061,2026-07-03T04:00:00+00:00
aus,KXHIGHAUS-26JUL02,96.8,raycaster_cloudcaster,96.05,96.05,96.05,96.8,102.1218495301798,107.92750356310322,111.31413508230855,2026-07-03T05:00:00+00:00
den,KXHIGHDEN-26JUL02,89.91323076923076,raycaster_cloudcaster,85.69448076923076,86.67885576923076,88.36635576923076,89.91323076923076,91.46010576923076,93.14760576923076,94.13198076923076,2026-07-02T07:00:00+00:00
den,KXHIGHDEN-26JUL02,89.91323076923076,raycaster_cloudcaster,85.69448076923076,86.67885576923076,88.36635576923076,89.91323076923076,91.46010576923076,93.14760576923076,94.13198076923076,2026-07-02T08:00:00+00:00
den,KXHIGHDEN-26JUL02,89.21323076923078,raycaster_cloudcaster,84.99448076923078,85.97885576923078,87.66635576923078,89.21323076923078,90.76010576923078,92.44760576923078,93.43198076923078,2026-07-02T09:00:00+00:00
den,KXHIGHDEN-26JUL02,89.31323076923077,raycaster_cloudcaster,85.09448076923077,86.07885576923077,87.76635576923077,89.31323076923077,90.86010576923077,92.54760576923077,93.53198076923077,2026-07-02T10:00:00+00:00
den,KXHIGHDEN-26JUL02,89.66323076923076,raycaster_cloudcaster,85.44448076923076,86.42885576923076,88.11635576923076,89.66323076923076,91.21010576923076,92.89760576923076,93.88198076923076,2026-07-02T11:00:00+00:00
den,KXHIGHDEN-26JUL02,89.51323076923076,raycaster_cloudcaster,85.29448076923076,86.27885576923076,87.96635576923076,89.51323076923076,91.06010576923076,92.74760576923076,93.73198076923076,2026-07-02T12:00:00+00:00
den,KXHIGHDEN-26JUL02,89.46323076923078,raycaster_cloudcaster,85.24448076923078,86.22885576923078,87.91635576923078,89.46323076923078,91.01010576923078,92.69760576923078,93.68198076923078,2026-07-02T13:00:00+00:00
den,KXHIGHDEN-26JUL02,89.46323076923078,raycaster_cloudcaster,85.24448076923078,86.22885576923078,87.91635576923078,89.46323076923078,91.01010576923078,92.69760576923078,93.68198076923078,2026-07-02T14:00:00+00:00
den,KXHIGHDEN-26JUL02,88.86323076923078,raycaster_cloudcaster,84.64448076923078,85.62885576923078,87.31635576923078,88.86323076923078,90.41010576923078,92.09760576923078,93.08198076923078,2026-07-02T15:00:00+00:00
den,KXHIGHDEN-26JUL02,88.31323076923077,raycaster_cloudcaster,84.09448076923077,85.07885576923077,86.76635576923077,88.31323076923077,89.86010576923077,91.54760576923077,92.53198076923077,2026-07-02T16:00:00+00:00
den,KXHIGHDEN-26JUL02,88.41323076923076,raycaster_cloudcaster,84.19448076923076,85.17885576923076,86.86635576923076,88.41323076923076,89.96010576923076,91.64760576923076,92.63198076923076,2026-07-02T17:00:00+00:00
den,KXHIGHDEN-26JUL02,88.51323076923077,raycaster_cloudcaster,84.29448076923077,85.27885576923077,86.96635576923077,88.51323076923077,90.06010576923077,91.74760576923077,92.73198076923077,2026-07-02T18:00:00+00:00
den,KXHIGHDEN-26JUL02,88.11323076923078,raycaster_cloudcaster,83.89448076923078,84.87885576923078,86.56635576923078,88.11323076923078,89.66010576923078,91.34760576923078,92.33198076923078,2026-07-02T19:00:00+00:00
den,KXHIGHDEN-26JUL02,88.11323076923078,raycaster_cloudcaster,83.89448076923078,84.87885576923078,86.56635576923078,88.11323076923078,89.66010576923078,91.34760576923078,92.33198076923078,2026-07-02T20:00:00+00:00
den,KXHIGHDEN-26JUL02,88.06323076923077,raycaster_cloudcaster,84.17,84.82885576923077,86.51635576923077,88.06323076923077,89.61010576923077,91.29760576923077,92.28198076923077,2026-07-02T21:00:00+00:00
den,KXHIGHDEN-26JUL02,88.16323076923076,raycaster_cloudcaster,86.33,86.33,86.61635576923076,88.16323076923076,89.71010576923076,91.39760576923076,92.38198076923076,2026-07-02T22:00:00+00:00
den,KXHIGHDEN-26JUL02,89.06,raycaster_cloudcaster,88.31,88.31,88.31,89.06,90.606875,92.294375,93.27875,2026-07-02T23:00:00+00:00
den,KXHIGHDEN-26JUL02,89.06,raycaster_cloudcaster,88.31,88.31,88.31,89.06,90.68197496801739,92.45140220585454,93.48356809459287,2026-07-03T00:00:00+00:00
den,KXHIGHDEN-26JUL02,89.06,raycaster_cloudcaster,88.31,88.31,88.31,89.06,90.8438466993761,92.78986128051366,93.92503645284391,2026-07-03T01:00:00+00:00
den,KXHIGHDEN-26JUL02,89.06,raycaster_cloudcaster,88.31,88.31,88.31,89.06,91.293644649866,93.73034790426527,95.15175813599818,2026-07-03T02:00:00+00:00
den,KXHIGHDEN-26JUL02,89.06,raycaster_cloudcaster,88.31,88.31,88.31,89.06,92.13398586935594,95.48742499956242,97.4435978255162,2026-07-03T03:00:00+00:00
den,KXHIGHDEN-26JUL02,89.06,raycaster_cloudcaster,88.31,88.31,88.31,89.06,93.46003523423393,98.26007367158003,101.06009609336526,2026-07-03T04:00:00+00:00
den,KXHIGHDEN-26JUL02,89.06,raycaster_cloudcaster,88.31,88.31,88.31,89.06,94.81758391710447,101.0985845539457,104.76250159210309,2026-07-03T05:00:00+00:00
den,KXHIGHDEN-26JUL02,89.06,raycaster_cloudcaster,88.31,88.31,88.31,89.06,95.50793843507365,102.54205309151763,106.64528664110995,2026-07-03T06:00:00+00:00
la,KXHIGHLAX-26JUL02,70.79415384615385,raycaster_cloudcaster,66.57540384615385,67.55977884615385,69.24727884615385,70.79415384615385,72.34102884615385,74.02852884615385,75.01290384615385,2026-07-02T08:00:00+00:00
la,KXHIGHLAX-26JUL02,70.99415384615384,raycaster_cloudcaster,66.77540384615384,67.75977884615384,69.44727884615384,70.99415384615384,72.54102884615384,74.22852884615384,75.21290384615384,2026-07-02T09:00:00+00:00
la,KXHIGHLAX-26JUL02,70.44415384615385,raycaster_cloudcaster,66.22540384615385,67.20977884615385,68.89727884615385,70.44415384615385,71.99102884615385,73.67852884615385,74.66290384615385,2026-07-02T10:00:00+00:00
la,KXHIGHLAX-26JUL02,70.44415384615385,raycaster_cloudcaster,66.22540384615385,67.20977884615385,68.89727884615385,70.44415384615385,71.99102884615385,73.67852884615385,74.66290384615385,2026-07-02T11:00:00+00:00
la,KXHIGHLAX-26JUL02,70.54415384615385,raycaster_cloudcaster,66.32540384615385,67.30977884615385,68.99727884615385,70.54415384615385,72.09102884615385,73.77852884615385,74.76290384615385,2026-07-02T12:00:00+00:00
la,KXHIGHLAX-26JUL02,71.34415384615384,raycaster_cloudcaster,67.12540384615384,68.10977884615384,69.79727884615384,71.34415384615384,72.89102884615384,74.57852884615384,75.56290384615384,2026-07-02T13:00:00+00:00
la,KXHIGHLAX-26JUL02,71.34415384615384,raycaster_cloudcaster,67.12540384615384,68.10977884615384,69.79727884615384,71.34415384615384,72.89102884615384,74.57852884615384,75.56290384615384,2026-07-02T14:00:00+00:00
la,KXHIGHLAX-26JUL02,71.09415384615384,raycaster_cloudcaster,66.87540384615384,67.85977884615384,69.54727884615384,71.09415384615384,72.64102884615384,74.32852884615384,75.31290384615384,2026-07-02T15:00:00+00:00
la,KXHIGHLAX-26JUL02,71.19415384615385,raycaster_cloudcaster,66.97540384615385,67.95977884615385,69.64727884615385,71.19415384615385,72.74102884615385,74.42852884615385,75.41290384615385,2026-07-02T16:00:00+00:00
la,KXHIGHLAX-26JUL02,71.34415384615384,raycaster_cloudcaster,67.12540384615384,68.10977884615384,69.79727884615384,71.34415384615384,72.89102884615384,74.57852884615384,75.56290384615384,2026-07-02T17:00:00+00:00
la,KXHIGHLAX-26JUL02,71.34415384615384,raycaster_cloudcaster,67.25,68.10977884615384,69.79727884615384,71.34415384615384,72.89102884615384,74.57852884615384,75.56290384615384,2026-07-02T18:00:00+00:00
la,KXHIGHLAX-26JUL02,71.34415384615384,raycaster_cloudcaster,69.05,69.05,69.79727884615384,71.34415384615384,72.89102884615384,74.57852884615384,75.56290384615384,2026-07-02T19:00:00+00:00
la,KXHIGHLAX-26JUL02,71.6,raycaster_cloudcaster,70.85,70.85,70.85,71.6,73.146875,74.834375,75.81875,2026-07-02T20:00:00+00:00
la,KXHIGHLAX-26JUL02,71.96,raycaster_cloudcaster,71.21,71.21,71.21,71.96,73.506875,75.194375,76.17875,2026-07-02T21:00:00+00:00
la,KXHIGHLAX-26JUL02,73.4,raycaster_cloudcaster,72.65,72.65,72.65,73.4,74.946875,76.634375,77.61875,2026-07-02T22:00:00+00:00
la,KXHIGHLAX-26JUL02,73.4,raycaster_cloudcaster,72.65,72.65,72.65,73.4,74.946875,76.634375,77.61875,2026-07-02T23:00:00+00:00
la,KXHIGHLAX-26JUL02,73.4,raycaster_cloudcaster,72.65,72.65,72.65,73.4,74.946875,76.634375,77.61875,2026-07-03T00:00:00+00:00
la,KXHIGHLAX-26JUL02,73.4,raycaster_cloudcaster,72.65,72.65,72.65,73.4,74.946875,76.634375,77.61875,2026-07-03T01:00:00+00:00
la,KXHIGHLAX-26JUL02,73.4,raycaster_cloudcaster,72.65,72.65,72.65,73.4,74.946875,76.634375,77.61875,2026-07-03T02:00:00+00:00
la,KXHIGHLAX-26JUL02,73.4,raycaster_cloudcaster,72.65,72.65,72.65,73.4,76.23006266494225,79.31740375397015,81.11835272256977,2026-07-03T03:00:00+00:00
la,KXHIGHLAX-26JUL02,73.4,raycaster_cloudcaster,72.65,72.65,72.65,73.4,76.23118977584956,79.3197604404127,81.12142666140787,2026-07-03T04:00:00+00:00
la,KXHIGHLAX-26JUL02,73.4,raycaster_cloudcaster,72.65,72.65,72.65,73.4,76.23118977584956,79.3197604404127,81.12142666140787,2026-07-03T05:00:00+00:00
la,KXHIGHLAX-26JUL02,73.4,raycaster_cloudcaster,72.65,72.65,72.65,73.4,76.23118977584956,79.3197604404127,81.12142666140787,2026-07-03T06:00:00+00:00
la,KXHIGHLAX-26JUL02,73.4,raycaster_cloudcaster,72.65,72.65,72.65,73.4,77.26343192640948,81.47808493703799,83.9366325265713,2026-07-03T07:00:00+00:00
mia,KXHIGHMIA-26JUL02,88.79095857988167,raycaster_cloudcaster,84.57220857988167,85.55658357988167,87.24408357988167,88.79095857988167,90.33783357988167,92.02533357988167,93.00970857988167,2026-07-02T05:00:00+00:00
mia,KXHIGHMIA-26JUL02,88.74095857988166,raycaster_cloudcaster,84.52220857988166,85.50658357988166,87.19408357988166,88.74095857988166,90.28783357988166,91.97533357988166,92.95970857988166,2026-07-02T06:00:00+00:00
mia,KXHIGHMIA-26JUL02,88.94095857988167,raycaster_cloudcaster,84.72220857988167,85.70658357988167,87.39408357988167,88.94095857988167,90.48783357988167,92.17533357988167,93.15970857988167,2026-07-02T07:00:00+00:00
mia,KXHIGHMIA-26JUL02,88.94095857988167,raycaster_cloudcaster,84.72220857988167,85.70658357988167,87.39408357988167,88.94095857988167,90.48783357988167,92.17533357988167,93.15970857988167,2026-07-02T08:00:00+00:00
mia,KXHIGHMIA-26JUL02,88.29095857988167,raycaster_cloudcaster,84.07220857988167,85.05658357988167,86.74408357988167,88.29095857988167,89.83783357988167,91.52533357988167,92.50970857988167,2026-07-02T09:00:00+00:00
mia,KXHIGHMIA-26JUL02,88.29095857988167,raycaster_cloudcaster,84.07220857988167,85.05658357988167,86.74408357988167,88.29095857988167,89.83783357988167,91.52533357988167,92.50970857988167,2026-07-02T10:00:00+00:00
mia,KXHIGHMIA-26JUL02,88.39095857988167,raycaster_cloudcaster,84.17220857988167,85.15658357988167,86.84408357988167,88.39095857988167,89.93783357988167,91.62533357988167,92.60970857988167,2026-07-02T11:00:00+00:00
mia,KXHIGHMIA-26JUL02,88.69095857988167,raycaster_cloudcaster,84.47220857988167,85.45658357988167,87.14408357988167,88.69095857988167,90.23783357988167,91.92533357988167,92.90970857988167,2026-07-02T12:00:00+00:00
mia,KXHIGHMIA-26JUL02,88.59095857988166,raycaster_cloudcaster,84.37220857988166,85.35658357988166,87.04408357988166,88.59095857988166,90.13783357988166,91.82533357988166,92.80970857988166,2026-07-02T13:00:00+00:00
mia,KXHIGHMIA-26JUL02,88.59095857988166,raycaster_cloudcaster,85.25,85.35658357988166,87.04408357988166,88.59095857988166,90.13783357988166,91.82533357988166,92.80970857988166,2026-07-02T14:00:00+00:00
mia,KXHIGHMIA-26JUL02,88.69095857988167,raycaster_cloudcaster,87.05,87.05,87.14408357988167,88.69095857988167,90.23783357988167,91.92533357988167,92.90970857988167,2026-07-02T15:00:00+00:00
mia,KXHIGHMIA-26JUL02,88.64095857988167,raycaster_cloudcaster,87.05,87.05,87.09408357988167,88.64095857988167,90.18783357988167,91.87533357988167,92.85970857988167,2026-07-02T16:00:00+00:00
mia,KXHIGHMIA-26JUL02,91.4,raycaster_cloudcaster,90.65,90.65,90.65,91.4,92.946875,94.634375,95.61875,2026-07-02T17:00:00+00:00
mia,KXHIGHMIA-26JUL02,93.2,raycaster_cloudcaster,92.45,92.45,92.45,93.2,94.746875,96.434375,97.41875,2026-07-02T18:00:00+00:00
mia,KXHIGHMIA-26JUL02,93.2,raycaster_cloudcaster,92.45,92.45,92.45,93.2,94.746875,96.434375,97.41875,2026-07-02T19:00:00+00:00
mia,KXHIGHMIA-26JUL02,93.2,raycaster_cloudcaster,92.45,92.45,92.45,93.2,94.746875,96.434375,97.41875,2026-07-02T20:00:00+00:00
mia,KXHIGHMIA-26JUL02,93.2,raycaster_cloudcaster,92.45,92.45,92.45,93.2,94.746875,96.434375,97.41875,2026-07-02T21:00:00+00:00
mia,KXHIGHMIA-26JUL02,93.2,raycaster_cloudcaster,92.45,92.45,92.45,93.2,94.746875,96.434375,97.41875,2026-07-02T22:00:00+00:00
mia,KXHIGHMIA-26JUL02,93.2,raycaster_cloudcaster,92.45,92.45,92.45,93.2,95.66906319215913,98.36258667451453,99.93380870588852,2026-07-02T23:00:00+00:00
mia,KXHIGHMIA-26JUL02,93.2,raycaster_cloudcaster,92.45,92.45,92.45,93.2,96.80058393701633,100.72849368648869,103.0197743736809,2026-07-03T00:00:00+00:00
mia,KXHIGHMIA-26JUL02,93.2,raycaster_cloudcaster,92.45,92.45,92.45,93.2,96.80058393701633,100.72849368648869,103.0197743736809,2026-07-03T01:00:00+00:00
mia,KXHIGHMIA-26JUL02,93.2,raycaster_cloudcaster,92.45,92.45,92.45,93.2,97.44774866841249,102.08165630668064,104.78476909567041,2026-07-03T02:00:00+00:00
mia,KXHIGHMIA-26JUL02,93.2,raycaster_cloudcaster,92.45,92.45,92.45,93.2,97.46429045057616,102.1162436693865,104.82988304702589,2026-07-03T03:00:00+00:00
mia,KXHIGHMIA-26JUL02,93.2,raycaster_cloudcaster,92.45,92.45,92.45,93.2,97.74438540089582,102.70189674732761,105.59377836607949,2026-07-03T04:00:00+00:00
nyc,KXHIGHNY-26JUL02,100.6071124260355,raycaster_cloudcaster,95.73604430010049,96.87262686281866,98.82105411319266,100.6071124260355,102.39317073887834,104.34159798925234,105.47818055197051,2026-07-02T05:00:00+00:00
nyc,KXHIGHNY-26JUL02,100.3571124260355,raycaster_cloudcaster,95.82628054877499,96.88347465346911,98.69580740437331,100.3571124260355,102.01841744769769,103.83075019860189,104.88794430329601,2026-07-02T06:00:00+00:00
nyc,KXHIGHNY-26JUL02,100.3571124260355,raycaster_cloudcaster,96.1383624260355,97.1227374260355,98.8102374260355,100.3571124260355,101.9039874260355,103.5914874260355,104.5758624260355,2026-07-02T07:00:00+00:00
nyc,KXHIGHNY-26JUL02,100.3571124260355,raycaster_cloudcaster,96.1383624260355,97.1227374260355,98.8102374260355,100.3571124260355,101.9039874260355,103.5914874260355,104.5758624260355,2026-07-02T08:00:00+00:00
nyc,KXHIGHNY-26JUL02,100.20711242603551,raycaster_cloudcaster,95.50628138248587,96.60314195931412,98.48347437673397,100.20711242603551,101.93075047533705,103.8110828927569,104.90794346958515,2026-07-02T09:00:00+00:00
nyc,KXHIGHNY-26JUL02,100.20711242603551,raycaster_cloudcaster,95.60044690882026,96.67533552950383,98.51800173638992,100.20711242603551,101.8962231156811,103.73888932256719,104.81377794325076,2026-07-02T10:00:00+00:00
nyc,KXHIGHNY-26JUL02,100.2571124260355,raycaster_cloudcaster,95.65972865915244,96.73245153809182,98.57140504484505,100.2571124260355,101.94281980722596,103.78177331397919,104.85449619291857,2026-07-02T11:00:00+00:00
nyc,KXHIGHNY-26JUL02,100.3071124260355,raycaster_cloudcaster,95.53049702519989,96.6450406187282,98.55568677906244,100.3071124260355,102.05853807300856,103.9691842333428,105.08372782687111,2026-07-02T12:00:00+00:00
nyc,KXHIGHNY-26JUL02,100.3071124260355,raycaster_cloudcaster,95.24961489761297,96.4296976542449,98.45269666561391,100.3071124260355,102.16152818645709,104.1845271978261,105.36460995445803,2026-07-02T13:00:00+00:00
nyc,KXHIGHNY-26JUL02,100.3071124260355,raycaster_cloudcaster,95.24961489761297,96.4296976542449,98.45269666561391,100.3071124260355,102.16152818645709,104.1845271978261,105.36460995445803,2026-07-02T14:00:00+00:00
nyc,KXHIGHNY-26JUL02,100.5571124260355,raycaster_cloudcaster,96.27508694882265,97.27422622683898,98.98703641772413,100.5571124260355,102.12718843434688,103.83999862523203,104.83913790324836,2026-07-02T15:00:00+00:00
nyc,KXHIGHNY-26JUL02,100.5571124260355,raycaster_cloudcaster,96.27508694882265,97.27422622683898,98.98703641772413,100.5571124260355,102.12718843434688,103.83999862523203,104.83913790324836,2026-07-02T16:00:00+00:00
nyc,KXHIGHNY-26JUL02,100.5571124260355,raycaster_cloudcaster,96.3383624260355,97.3227374260355,99.0102374260355,100.5571124260355,102.1039874260355,103.7914874260355,104.7758624260355,2026-07-02T17:00:00+00:00
nyc,KXHIGHNY-26JUL02,100.5571124260355,raycaster_cloudcaster,96.3383624260355,97.3227374260355,99.0102374260355,100.5571124260355,102.1039874260355,103.7914874260355,104.7758624260355,2026-07-02T18:00:00+00:00
nyc,KXHIGHNY-26JUL02,100.5071124260355,raycaster_cloudcaster,99.29,99.29,99.29,100.5071124260355,102.0539874260355,103.7414874260355,104.7258624260355,2026-07-02T19:00:00+00:00
nyc,KXHIGHNY-26JUL02,100.5071124260355,raycaster_cloudcaster,99.29,99.29,99.29,100.5071124260355,102.0539874260355,103.7414874260355,104.7258624260355,2026-07-02T20:00:00+00:00
nyc,KXHIGHNY-26JUL02,100.04,raycaster_cloudcaster,99.29,99.29,99.29,100.04,101.586875,103.274375,104.25875,2026-07-02T21:00:00+00:00
nyc,KXHIGHNY-26JUL02,100.04,raycaster_cloudcaster,99.29,99.29,99.29,100.04,101.586875,103.274375,104.25875,2026-07-02T22:00:00+00:00
nyc,KXHIGHNY-26JUL02,100.04,raycaster_cloudcaster,99.29,99.29,99.29,100.04,101.586875,103.274375,104.25875,2026-07-02T23:00:00+00:00
nyc,KXHIGHNY-26JUL02,100.04,raycaster_cloudcaster,99.29,99.29,99.29,100.04,101.586875,103.274375,104.25875,2026-07-03T00:00:00+00:00
nyc,KXHIGHNY-26JUL02,100.04,raycaster_cloudcaster,99.29,99.29,99.29,100.04,101.95148690078562,104.0367453380063,105.2531460930517,2026-07-03T01:00:00+00:00
nyc,KXHIGHNY-26JUL02,100.04,raycaster_cloudcaster,99.29,99.29,99.29,100.04,102.49612836530892,105.17554112746409,106.73853190538793,2026-07-03T02:00:00+00:00
nyc,KXHIGHNY-26JUL02,100.04,raycaster_cloudcaster,99.29,99.29,99.29,100.04,102.80466104387139,105.8206549099129,107.57998466510378,2026-07-03T03:00:00+00:00
nyc,KXHIGHNY-26JUL02,100.04,raycaster_cloudcaster,99.29,99.29,99.29,100.04,103.11608858780109,106.47182159267498,108.42933251218476,2026-07-03T04:00:00+00:00
okc,KXHIGHTOKC-26JUL02,94.45646153846153,raycaster_cloudcaster,90.23771153846153,91.22208653846153,92.90958653846153,94.45646153846153,96.00333653846153,97.69083653846153,98.67521153846153,2026-07-02T06:00:00+00:00
okc,KXHIGHTOKC-26JUL02,94.45646153846153,raycaster_cloudcaster,90.23771153846153,91.22208653846153,92.90958653846153,94.45646153846153,96.00333653846153,97.69083653846153,98.67521153846153,2026-07-02T07:00:00+00:00
okc,KXHIGHTOKC-26JUL02,94.45646153846153,raycaster_cloudcaster,90.23771153846153,91.22208653846153,92.90958653846153,94.45646153846153,96.00333653846153,97.69083653846153,98.67521153846153,2026-07-02T08:00:00+00:00
okc,KXHIGHTOKC-26JUL02,94.85646153846153,raycaster_cloudcaster,90.63771153846153,91.62208653846153,93.30958653846153,94.85646153846153,96.40333653846153,98.09083653846153,99.07521153846153,2026-07-02T09:00:00+00:00
okc,KXHIGHTOKC-26JUL02,94.85646153846153,raycaster_cloudcaster,90.63771153846153,91.62208653846153,93.30958653846153,94.85646153846153,96.40333653846153,98.09083653846153,99.07521153846153,2026-07-02T10:00:00+00:00
okc,KXHIGHTOKC-26JUL02,94.75646153846154,raycaster_cloudcaster,90.53771153846154,91.52208653846154,93.20958653846154,94.75646153846154,96.30333653846154,97.99083653846154,98.97521153846154,2026-07-02T11:00:00+00:00
okc,KXHIGHTOKC-26JUL02,94.85646153846153,raycaster_cloudcaster,90.63771153846153,91.62208653846153,93.30958653846153,94.85646153846153,96.40333653846153,98.09083653846153,99.07521153846153,2026-07-02T12:00:00+00:00
okc,KXHIGHTOKC-26JUL02,94.95646153846154,raycaster_cloudcaster,90.73771153846154,91.72208653846154,93.40958653846154,94.95646153846154,96.50333653846154,98.19083653846154,99.17521153846154,2026-07-02T13:00:00+00:00
okc,KXHIGHTOKC-26JUL02,94.05646153846155,raycaster_cloudcaster,89.83771153846155,90.82208653846155,92.50958653846155,94.05646153846155,95.60333653846155,97.29083653846155,98.27521153846155,2026-07-02T14:00:00+00:00
okc,KXHIGHTOKC-26JUL02,93.60646153846153,raycaster_cloudcaster,89.38771153846153,90.37208653846153,92.05958653846153,93.60646153846153,95.15333653846153,96.84083653846153,97.82521153846153,2026-07-02T15:00:00+00:00
okc,KXHIGHTOKC-26JUL02,93.55646153846153,raycaster_cloudcaster,89.33771153846153,90.32208653846153,92.00958653846153,93.55646153846153,95.10333653846153,96.79083653846153,97.77521153846153,2026-07-02T16:00:00+00:00
okc,KXHIGHTOKC-26JUL02,93.55646153846153,raycaster_cloudcaster,89.33771153846153,90.32208653846153,92.00958653846153,93.55646153846153,95.10333653846153,96.79083653846153,97.77521153846153,2026-07-02T17:00:00+00:00
okc,KXHIGHTOKC-26JUL02,93.65646153846154,raycaster_cloudcaster,90.65,90.65,92.10958653846154,93.65646153846154,95.20333653846154,96.89083653846154,97.87521153846154,2026-07-02T18:00:00+00:00
okc,KXHIGHTOKC-26JUL02,93.55646153846153,raycaster_cloudcaster,92.45,92.45,92.45,93.55646153846153,95.10333653846153,96.79083653846153,97.77521153846153,2026-07-02T19:00:00+00:00
okc,KXHIGHTOKC-26JUL02,93.55646153846153,raycaster_cloudcaster,92.45,92.45,92.45,93.55646153846153,95.10333653846153,96.79083653846153,97.77521153846153,2026-07-02T20:00:00+00:00
okc,KXHIGHTOKC-26JUL02,93.55646153846153,raycaster_cloudcaster,92.45,92.45,92.45,93.55646153846153,95.10333653846153,96.79083653846153,97.77521153846153,2026-07-02T21:00:00+00:00
okc,KXHIGHTOKC-26JUL02,95.0,raycaster_cloudcaster,94.25,94.25,94.25,95.0,96.546875,98.234375,99.21875,2026-07-02T22:00:00+00:00
okc,KXHIGHTOKC-26JUL02,95.0,raycaster_cloudcaster,94.25,94.25,94.25,95.0,96.546875,98.234375,99.21875,2026-07-02T23:00:00+00:00
okc,KXHIGHTOKC-26JUL02,95.0,raycaster_cloudcaster,94.25,94.25,94.25,95.0,96.71410998680803,98.58404815423495,99.67484541856733,2026-07-03T00:00:00+00:00
okc,KXHIGHTOKC-26JUL02,95.0,raycaster_cloudcaster,94.25,94.25,94.25,95.0,97.46008788905499,100.14382013166042,101.70933060651359,2026-07-03T01:00:00+00:00
okc,KXHIGHTOKC-26JUL02,95.0,raycaster_cloudcaster,94.25,94.25,94.25,95.0,97.7568921445851,100.76441084776883,102.51879675795935,2026-07-03T02:00:00+00:00
okc,KXHIGHTOKC-26JUL02,95.0,raycaster_cloudcaster,94.25,94.25,94.25,95.0,99.0418159497774,103.45106971317094,106.02313440848383,2026-07-03T03:00:00+00:00
okc,KXHIGHTOKC-26JUL02,95.0,raycaster_cloudcaster,94.25,94.25,94.25,95.0,99.72321506464347,104.87581331698179,107.88149563084582,2026-07-03T04:00:00+00:00
okc,KXHIGHTOKC-26JUL02,95.0,raycaster_cloudcaster,94.25,94.25,94.25,95.0,100.06733206893676,105.59533068959506,108.81999655164573,2026-07-03T05:00:00+00:00
aus,KXHIGHAUS-26JUL03,96.99520222943487,raycaster_cloudcaster,92.77645222943487,93.76082722943487,95.44832722943487,96.99520222943487,98.54207722943487,100.22957722943487,101.21395222943487,2026-07-03T06:00:00+00:00
aus,KXHIGHAUS-26JUL03,96.79994108626819,raycaster_cloudcaster,92.58119108626819,93.56556608626819,95.25306608626819,96.79994108626819,98.34681608626819,100.03431608626819,101.01869108626819,2026-07-03T07:00:00+00:00
aus,KXHIGHAUS-26JUL03,96.79994108626819,raycaster_cloudcaster,92.58119108626819,93.56556608626819,95.25306608626819,96.79994108626819,98.34681608626819,100.03431608626819,101.01869108626819,2026-07-03T08:00:00+00:00
aus,KXHIGHAUS-26JUL03,96.69508395217541,raycaster_cloudcaster,92.47633395217541,93.46070895217541,95.14820895217541,96.69508395217541,98.24195895217541,99.92945895217541,100.91383395217541,2026-07-03T09:00:00+00:00
aus,KXHIGHAUS-26JUL03,96.79430525493362,raycaster_cloudcaster,92.57555525493362,93.55993025493362,95.24743025493362,96.79430525493362,98.34118025493362,100.02868025493362,101.01305525493362,2026-07-03T10:00:00+00:00
aus,KXHIGHAUS-26JUL03,96.74944908648988,raycaster_cloudcaster,92.53069908648988,93.51507408648988,95.20257408648988,96.74944908648988,98.29632408648988,99.98382408648988,100.96819908648988,2026-07-03T11:00:00+00:00
aus,KXHIGHAUS-26JUL03,96.7353590473056,raycaster_cloudcaster,92.5166090473056,93.5009840473056,95.1884840473056,96.7353590473056,98.2822340473056,99.9697340473056,100.9541090473056,2026-07-03T12:00:00+00:00
aus,KXHIGHAUS-26JUL03,96.72018931461282,raycaster_cloudcaster,92.50143931461282,93.48581431461282,95.17331431461282,96.72018931461282,98.26706431461282,99.95456431461282,100.93893931461282,2026-07-03T13:00:00+00:00
aus,KXHIGHAUS-26JUL03,96.78755990875725,raycaster_cloudcaster,92.56880990875725,93.55318490875725,95.24068490875725,96.78755990875725,98.33443490875725,100.02193490875725,101.00630990875725,2026-07-03T14:00:00+00:00
aus,KXHIGHAUS-26JUL03,96.67357227324557,raycaster_cloudcaster,92.45482227324557,93.43919727324557,95.12669727324557,96.67357227324557,98.22044727324557,99.90794727324557,100.89232227324557,2026-07-03T15:00:00+00:00
aus,KXHIGHAUS-26JUL03,96.6807225587092,raycaster_cloudcaster,92.4619725587092,93.4463475587092,95.1338475587092,96.6807225587092,98.2275975587092,99.9150975587092,100.8994725587092,2026-07-03T16:00:00+00:00
aus,KXHIGHAUS-26JUL03,96.681501255951,raycaster_cloudcaster,92.462751255951,93.447126255951,95.134626255951,96.681501255951,98.228376255951,99.915876255951,100.900251255951,2026-07-03T17:00:00+00:00
aus,KXHIGHAUS-26JUL03,96.66829919265753,raycaster_cloudcaster,92.44954919265753,93.43392419265753,95.12142419265753,96.66829919265753,98.21517419265753,99.90267419265753,100.88704919265753,2026-07-03T18:00:00+00:00
aus,KXHIGHAUS-26JUL03,96.55204426873664,raycaster_cloudcaster,92.45,93.31766926873664,95.00516926873664,96.55204426873664,98.09891926873664,99.78641926873664,100.77079426873664,2026-07-03T19:00:00+00:00
aus,KXHIGHAUS-26JUL03,96.58395068705319,raycaster_cloudcaster,94.25,94.25,95.03707568705319,96.58395068705319,98.13082568705319,99.81832568705319,100.80270068705319,2026-07-03T20:00:00+00:00
aus,KXHIGHAUS-26JUL03,97.01183929042159,raycaster_cloudcaster,96.05,96.05,96.05,97.01183929042159,98.55871429042159,100.24621429042159,101.23058929042159,2026-07-03T21:00:00+00:00
aus,KXHIGHAUS-26JUL03,97.20087915622905,raycaster_cloudcaster,96.23,96.23,96.23,97.20087915622905,98.74775415622905,100.43525415622905,101.41962915622905,2026-07-03T22:00:00+00:00
aus,KXHIGHAUS-26JUL03,98.70381710915517,raycaster_cloudcaster,97.85,97.85,97.85,98.70381710915517,100.25069210915517,101.93819210915517,102.92256710915517,2026-07-03T23:00:00+00:00
aus,KXHIGHAUS-26JUL03,98.70381710915517,raycaster_cloudcaster,97.85,97.85,97.85,98.70381710915517,100.56098354959609,102.58698330280436,103.76881649217586,2026-07-04T00:00:00+00:00
aus,KXHIGHAUS-26JUL03,98.70381710915517,raycaster_cloudcaster,97.85,97.85,97.85,98.70381710915517,100.56098354959609,102.58698330280436,103.76881649217586,2026-07-04T01:00:00+00:00
aus,KXHIGHAUS-26JUL03,98.70381710915517,raycaster_cloudcaster,97.85,97.85,97.85,98.70381710915517,101.3489683335656,104.23458785110424,105.9178659030018,2026-07-04T02:00:00+00:00
aus,KXHIGHAUS-26JUL03,98.70381710915517,raycaster_cloudcaster,97.85,97.85,97.85,98.70381710915517,102.28734779654994,106.19665400098059,108.4770826202318,2026-07-04T03:00:00+00:00
aus,KXHIGHAUS-26JUL03,98.63925874421551,raycaster_cloudcaster,97.85,97.85,97.85,98.63925874421551,102.88360111818818,107.51379279888565,110.21473794595916,2026-07-04T04:00:00+00:00
aus,KXHIGHAUS-26JUL03,98.63925874421551,raycaster_cloudcaster,97.85,97.85,97.85,98.63925874421551,103.22005220714308,108.21728143942771,111.13233182492708,2026-07-04T05:00:00+00:00
den,KXHIGHDEN-26JUL03,91.59754908098172,raycaster_cloudcaster,87.37879908098172,88.36317408098172,90.05067408098172,91.59754908098172,93.14442408098172,94.83192408098172,95.81629908098172,2026-07-03T07:00:00+00:00
den,KXHIGHDEN-26JUL03,91.49639460299903,raycaster_cloudcaster,87.27764460299903,88.26201960299903,89.94951960299903,91.49639460299903,93.04326960299903,94.73076960299903,95.71514460299903,2026-07-03T08:00:00+00:00
den,KXHIGHDEN-26JUL03,92.32577782151947,raycaster_cloudcaster,88.10702782151947,89.09140282151947,90.55999999999999,92.32577782151947,93.87265282151947,95.56015282151947,96.54452782151947,2026-07-03T09:00:00+00:00
den,KXHIGHDEN-26JUL03,92.0761626943468,raycaster_cloudcaster,87.8574126943468,88.8417876943468,90.31,92.0761626943468,93.6230376943468,95.3105376943468,96.2949126943468,2026-07-03T10:00:00+00:00
den,KXHIGHDEN-26JUL03,91.99986093900216,raycaster_cloudcaster,87.78111093900216,88.76548593900216,90.26,91.99986093900216,93.54673593900216,95.23423593900216,96.21861093900216,2026-07-03T11:00:00+00:00
den,KXHIGHDEN-26JUL03,91.76037818366474,raycaster_cloudcaster,87.54162818366474,88.52600318366474,90.01,91.76037818366474,93.30725318366474,94.99475318366474,95.97912818366474,2026-07-03T12:00:00+00:00
den,KXHIGHDEN-26JUL03,91.3618646919512,raycaster_cloudcaster,87.1431146919512,88.1274896919512,89.51,91.3618646919512,92.9087396919512,94.5962396919512,95.5806146919512,2026-07-03T13:00:00+00:00
den,KXHIGHDEN-26JUL03,91.3618646919512,raycaster_cloudcaster,87.1431146919512,88.1274896919512,89.51,91.3618646919512,92.9087396919512,94.5962396919512,95.5806146919512,2026-07-03T14:00:00+00:00
den,KXHIGHDEN-26JUL03,91.03028034345029,raycaster_cloudcaster,86.81153034345029,87.79590534345029,89.21,91.03028034345029,92.57715534345029,94.26465534345029,95.24903034345029,2026-07-03T15:00:00+00:00
den,KXHIGHDEN-26JUL03,90.96507723926257,raycaster_cloudcaster,86.74632723926257,87.73070223926257,89.11,90.96507723926257,92.51195223926257,94.19945223926257,95.18382723926257,2026-07-03T16:00:00+00:00
den,KXHIGHDEN-26JUL03,90.95738493157027,raycaster_cloudcaster,86.73863493157027,87.72300993157027,89.11,90.95738493157027,92.50425993157027,94.19175993157027,95.17613493157027,2026-07-03T17:00:00+00:00
den,KXHIGHDEN-26JUL03,91.21133926912049,raycaster_cloudcaster,86.99258926912049,87.97696426912049,89.31,91.21133926912049,92.75821426912049,94.44571426912049,95.43008926912049,2026-07-03T18:00:00+00:00
den,KXHIGHDEN-26JUL03,91.76888034317409,raycaster_cloudcaster,87.55013034317409,88.53450534317409,89.86,91.76888034317409,93.31575534317409,95.00325534317409,95.98763034317409,2026-07-03T19:00:00+00:00
den,KXHIGHDEN-26JUL03,91.14320464008152,raycaster_cloudcaster,86.92445464008152,87.90882964008152,89.59632964008152,91.14320464008152,92.69007964008152,94.37757964008152,95.36195464008152,2026-07-03T20:00:00+00:00
den,KXHIGHDEN-26JUL03,91.38312736355167,raycaster_cloudcaster,87.16437736355167,88.14875236355167,89.16000000000001,91.38312736355167,92.93000236355167,94.61750236355167,95.60187736355167,2026-07-03T21:00:00+00:00
den,KXHIGHDEN-26JUL03,91.2854931289709,raycaster_cloudcaster,87.23,88.0511181289709,89.01,91.2854931289709,92.8323681289709,94.5198681289709,95.5042431289709,2026-07-03T22:00:00+00:00
den,KXHIGHDEN-26JUL03,91.15673276078766,raycaster_cloudcaster,88.31,88.31,88.91000000000001,91.15673276078766,92.70360776078766,94.39110776078766,95.37548276078766,2026-07-03T23:00:00+00:00
den,KXHIGHDEN-26JUL03,89.91643670612612,raycaster_cloudcaster,88.31,88.31,88.36956170612612,89.91643670612612,91.46331170612612,93.15081170612612,94.13518670612612,2026-07-04T00:00:00+00:00
den,KXHIGHDEN-26JUL03,89.87105042731653,raycaster_cloudcaster,88.31,88.31,88.32417542731653,89.87105042731653,91.41792542731653,93.10542542731653,94.08980042731653,2026-07-04T01:00:00+00:00
den,KXHIGHDEN-26JUL03,89.86379188247852,raycaster_cloudcaster,88.31,88.31,88.31691688247852,89.86379188247852,91.41066688247852,93.09816688247852,94.08254188247852,2026-07-04T02:00:00+00:00
den,KXHIGHDEN-26JUL03,90.00997261740359,raycaster_cloudcaster,88.31,88.31,88.31,90.00997261740359,92.06010591718558,94.29661497149321,95.60124525317266,2026-07-04T03:00:00+00:00
den,KXHIGHDEN-26JUL03,89.23783017278696,raycaster_cloudcaster,88.31,88.31,88.31,89.23783017278696,92.96471916320175,97.03041624365426,99.40207287391821,2026-07-04T04:00:00+00:00
den,KXHIGHDEN-26JUL03,89.23783017278696,raycaster_cloudcaster,88.31,88.31,88.31,89.23783017278696,94.34465847388296,99.9157438932604,103.16554372123058,2026-07-04T05:00:00+00:00
den,KXHIGHDEN-26JUL03,89.23783017278696,raycaster_cloudcaster,88.31,88.31,88.31,89.23783017278696,95.38888986807524,102.09913680838973,106.01344752357319,2026-07-04T06:00:00+00:00
la,KXHIGHLAX-26JUL03,72.9120584004053,raycaster_cloudcaster,68.6933084004053,69.6776834004053,71.3651834004053,72.9120584004053,74.4589334004053,76.1464334004053,77.1308084004053,2026-07-03T08:00:00+00:00
la,KXHIGHLAX-26JUL03,72.73669556411512,raycaster_cloudcaster,68.51794556411512,69.50232056411512,71.18982056411512,72.73669556411512,74.28357056411512,75.97107056411512,76.95544556411512,2026-07-03T09:00:00+00:00
la,KXHIGHLAX-26JUL03,72.85838747195717,raycaster_cloudcaster,68.63963747195717,69.62401247195717,71.31151247195717,72.85838747195717,74.40526247195717,76.09276247195717,77.07713747195717,2026-07-03T10:00:00+00:00
la,KXHIGHLAX-26JUL03,72.90838747195718,raycaster_cloudcaster,68.68963747195718,69.67401247195718,71.36151247195718,72.90838747195718,74.45526247195718,76.14276247195718,77.12713747195718,2026-07-03T11:00:00+00:00
la,KXHIGHLAX-26JUL03,72.95069516426487,raycaster_cloudcaster,68.59068512987274,69.60802080456425,71.3520248183211,72.95069516426487,74.54936551020864,76.2933695239655,77.310705198657,2026-07-03T12:00:00+00:00
la,KXHIGHLAX-26JUL03,73.20735335322864,raycaster_cloudcaster,68.74867589376827,69.78903396764235,71.5725049514265,73.20735335322864,74.84220175503079,76.62567273881493,77.66603081268902,2026-07-03T13:00:00+00:00
la,KXHIGHLAX-26JUL03,73.20735335322864,raycaster_cloudcaster,68.74867589376827,69.78903396764235,71.5725049514265,73.20735335322864,74.84220175503079,76.62567273881493,77.66603081268902,2026-07-03T14:00:00+00:00
la,KXHIGHLAX-26JUL03,73.42262975680502,raycaster_cloudcaster,68.86568536527466,69.92897238996508,71.75175014657722,73.42262975680502,75.09350936703282,76.91628712364496,77.97957414833539,2026-07-03T15:00:00+00:00
la,KXHIGHLAX-26JUL03,73.36274851331913,raycaster_cloudcaster,68.90691052395059,69.94660605480324,71.72894125055066,73.36274851331913,74.9965557760876,76.77889097183503,77.81858650268768,2026-07-03T16:00:00+00:00
la,KXHIGHLAX-26JUL03,73.35121005178067,raycaster_cloudcaster,69.05,69.93506759326478,71.7174027890122,73.35121005178067,74.98501731454914,76.76735251029656,77.80704804114922,2026-07-03T17:00:00+00:00
la,KXHIGHLAX-26JUL03,73.40160994707811,raycaster_cloudcaster,69.18285994707811,70.16723494707811,71.85473494707811,73.40160994707811,74.94848494707811,76.63598494707811,77.62035994707811,2026-07-03T18:00:00+00:00
la,KXHIGHLAX-26JUL03,73.11596180104233,raycaster_cloudcaster,70.85,70.85,71.56908680104233,73.11596180104233,74.66283680104233,76.35033680104233,77.33471180104233,2026-07-03T19:00:00+00:00
la,KXHIGHLAX-26JUL03,73.12665981167378,raycaster_cloudcaster,70.85,70.85,71.57978481167378,73.12665981167378,74.67353481167378,76.36103481167378,77.34540981167378,2026-07-03T20:00:00+00:00
la,KXHIGHLAX-26JUL03,72.5128136578276,raycaster_cloudcaster,70.85,70.85,70.9659386578276,72.5128136578276,74.0596886578276,75.7471886578276,76.7315636578276,2026-07-03T21:00:00+00:00
la,KXHIGHLAX-26JUL03,73.61564822176497,raycaster_cloudcaster,72.65,72.65,72.65,73.61564822176497,75.16252322176497,76.85002322176497,77.83439822176497,2026-07-03T22:00:00+00:00
la,KXHIGHLAX-26JUL03,73.61564822176497,raycaster_cloudcaster,72.65,72.65,72.65,73.61564822176497,75.16252322176497,76.85002322176497,77.83439822176497,2026-07-03T23:00:00+00:00
la,KXHIGHLAX-26JUL03,73.6172379036288,raycaster_cloudcaster,72.65,72.65,72.65,73.6172379036288,75.1641129036288,76.8516129036288,77.8359879036288,2026-07-04T00:00:00+00:00
la,KXHIGHLAX-26JUL03,73.6172379036288,raycaster_cloudcaster,72.65,72.65,72.65,73.6172379036288,75.1641129036288,76.8516129036288,77.8359879036288,2026-07-04T01:00:00+00:00
la,KXHIGHLAX-26JUL03,73.52822852733176,raycaster_cloudcaster,72.65,72.65,72.65,73.52822852733176,75.50951717048802,77.67092296302214,78.93174300866704,2026-07-04T02:00:00+00:00
la,KXHIGHLAX-26JUL03,73.53458633992442,raycaster_cloudcaster,72.65,72.65,72.65,73.53458633992442,75.87240984694971,78.42276276370455,79.91046863181155,2026-07-04T03:00:00+00:00
la,KXHIGHLAX-26JUL03,73.48211588707267,raycaster_cloudcaster,72.65,72.65,72.65,73.48211588707267,75.79322053366485,78.31442560267452,79.78512855959681,2026-07-04T04:00:00+00:00
la,KXHIGHLAX-26JUL03,73.48211588707267,raycaster_cloudcaster,72.65,72.65,72.65,73.48211588707267,76.15032455582404,79.06109764900737,80.75904862003097,2026-07-04T05:00:00+00:00
la,KXHIGHLAX-26JUL03,73.48211588707267,raycaster_cloudcaster,72.65,72.65,72.65,73.48211588707267,76.08152056651372,78.91723476226758,80.57140137645735,2026-07-04T06:00:00+00:00
la,KXHIGHLAX-26JUL03,73.48211588707267,raycaster_cloudcaster,72.65,72.65,72.65,73.48211588707267,76.47117582238259,79.73196847908434,81.63409752882703,2026-07-04T07:00:00+00:00
mia,KXHIGHMIA-26JUL03,90.82553757474916,raycaster_cloudcaster,86.60678757474916,87.59116257474916,89.27866257474916,90.82553757474916,92.37241257474916,94.05991257474916,95.04428757474916,2026-07-03T05:00:00+00:00
mia,KXHIGHMIA-26JUL03,87.77103919887708,raycaster_cloudcaster,81.65,81.65,84.46981481664024,87.77103919887708,91.07226358111392,94.67359927082683,96.77437842315936,2026-07-03T06:00:00+00:00
mia,KXHIGHMIA-26JUL03,91.24373303439097,raycaster_cloudcaster,87.02498303439097,88.00935803439097,89.69685803439097,91.24373303439097,92.79060803439097,94.47810803439097,95.46248303439097,2026-07-03T07:00:00+00:00
mia,KXHIGHMIA-26JUL03,91.24373303439097,raycaster_cloudcaster,87.02498303439097,88.00935803439097,89.69685803439097,91.24373303439097,92.79060803439097,94.47810803439097,95.46248303439097,2026-07-03T08:00:00+00:00
mia,KXHIGHMIA-26JUL03,91.24373303439096,raycaster_cloudcaster,87.02498303439096,88.00935803439096,89.69685803439096,91.24373303439096,92.79060803439096,94.47810803439096,95.46248303439096,2026-07-03T09:00:00+00:00
mia,KXHIGHMIA-26JUL03,91.79219122647486,raycaster_cloudcaster,87.57344122647486,88.55781622647486,89.36,91.79219122647486,93.33906622647486,95.02656622647486,96.01094122647486,2026-07-03T10:00:00+00:00
mia,KXHIGHMIA-26JUL03,91.78449891878256,raycaster_cloudcaster,87.56574891878256,88.55012391878256,89.36,91.78449891878256,93.33137391878256,95.01887391878256,96.00324891878256,2026-07-03T11:00:00+00:00
mia,KXHIGHMIA-26JUL03,90.95417821112139,raycaster_cloudcaster,86.73542821112139,87.71980321112139,89.40730321112139,90.95417821112139,92.50105321112139,94.18855321112139,95.17292821112139,2026-07-03T12:00:00+00:00
mia,KXHIGHMIA-26JUL03,91.01327727232068,raycaster_cloudcaster,86.79452727232068,87.77890227232068,89.46640227232068,91.01327727232068,92.56015227232068,94.24765227232068,95.23202727232068,2026-07-03T13:00:00+00:00
mia,KXHIGHMIA-26JUL03,91.01327727232068,raycaster_cloudcaster,87.05,87.77890227232068,89.46640227232068,91.01327727232068,92.56015227232068,94.24765227232068,95.23202727232068,2026-07-03T14:00:00+00:00
mia,KXHIGHMIA-26JUL03,90.998680608418,raycaster_cloudcaster,88.85,88.85,89.451805608418,90.998680608418,92.545555608418,94.233055608418,95.217430608418,2026-07-03T15:00:00+00:00
mia,KXHIGHMIA-26JUL03,91.25252676226415,raycaster_cloudcaster,88.85,88.85,89.70565176226415,91.25252676226415,92.79940176226415,94.48690176226415,95.47127676226415,2026-07-03T16:00:00+00:00
mia,KXHIGHMIA-26JUL03,91.15789411595783,raycaster_cloudcaster,88.85,88.85,89.61101911595783,91.15789411595783,92.70476911595783,94.39226911595783,95.37664411595783,2026-07-03T17:00:00+00:00
mia,KXHIGHMIA-26JUL03,90.79856708367758,raycaster_cloudcaster,88.85,88.85,89.25169208367758,90.79856708367758,92.34544208367758,94.03294208367758,95.01731708367758,2026-07-03T18:00:00+00:00
mia,KXHIGHMIA-26JUL03,91.04856708367758,raycaster_cloudcaster,88.85,88.85,89.50169208367758,91.04856708367758,92.59544208367758,94.28294208367758,95.26731708367758,2026-07-03T19:00:00+00:00
mia,KXHIGHMIA-26JUL03,91.04856708367758,raycaster_cloudcaster,88.85,88.85,89.50169208367758,91.04856708367758,92.59544208367758,94.28294208367758,95.26731708367758,2026-07-03T20:00:00+00:00
mia,KXHIGHMIA-26JUL03,92.16622676202103,raycaster_cloudcaster,90.65,90.65,90.65,92.16622676202103,93.71310176202103,95.40060176202103,96.38497676202103,2026-07-03T21:00:00+00:00
mia,KXHIGHMIA-26JUL03,92.16569652143913,raycaster_cloudcaster,90.65,90.65,90.65,92.16569652143913,93.71257152143913,95.40007152143913,96.38444652143913,2026-07-03T22:00:00+00:00
mia,KXHIGHMIA-26JUL03,92.23445307655903,raycaster_cloudcaster,90.65,90.65,90.68757807655903,92.23445307655903,93.78132807655903,95.46882807655903,96.45320307655903,2026-07-03T23:00:00+00:00
mia,KXHIGHMIA-26JUL03,91.66249721216356,raycaster_cloudcaster,90.65,90.65,90.65,91.66249721216356,94.3137525162601,97.20603102981995,98.89319349606319,2026-07-04T00:00:00+00:00
mia,KXHIGHMIA-26JUL03,91.6911737170666,raycaster_cloudcaster,90.65,90.65,90.65,91.6911737170666,94.50586286508988,97.57643284475164,99.367598666221,2026-07-04T01:00:00+00:00
mia,KXHIGHMIA-26JUL03,91.8003453347686,raycaster_cloudcaster,90.65,90.65,90.65,91.8003453347686,95.03682780034754,98.56753594461549,100.62711569543846,2026-07-04T02:00:00+00:00
mia,KXHIGHMIA-26JUL03,91.77917338613298,raycaster_cloudcaster,90.65,90.65,90.65,91.77917338613298,95.27758926648154,99.09404295413452,101.32030760526543,2026-07-04T03:00:00+00:00
mia,KXHIGHMIA-26JUL03,91.77865906726963,raycaster_cloudcaster,90.65,90.65,90.65,91.77865906726963,95.3735084099925,99.29516223841743,101.58279363833199,2026-07-04T04:00:00+00:00
nyc,KXHIGHNY-26JUL03,101.21802375194936,raycaster_cloudcaster,96.99927375194936,97.98364875194936,99.67114875194936,101.21802375194936,102.76489875194936,104.45239875194936,105.43677375194936,2026-07-03T05:00:00+00:00
nyc,KXHIGHNY-26JUL03,101.2890790839655,raycaster_cloudcaster,97.0703290839655,98.0547040839655,99.7422040839655,101.2890790839655,102.8359540839655,104.5234540839655,105.5078290839655,2026-07-03T06:00:00+00:00
nyc,KXHIGHNY-26JUL03,101.03671113987242,raycaster_cloudcaster,96.81796113987242,97.80233613987242,99.48983613987242,101.03671113987242,102.58358613987242,104.27108613987242,105.25546113987242,2026-07-03T07:00:00+00:00
nyc,KXHIGHNY-26JUL03,101.5438531970659,raycaster_cloudcaster,97.3251031970659,98.3094781970659,99.9969781970659,101.5438531970659,103.0907281970659,104.7782281970659,105.7626031970659,2026-07-03T08:00:00+00:00
nyc,KXHIGHNY-26JUL03,101.5551158230042,raycaster_cloudcaster,97.3363658230042,98.3207408230042,100.0082408230042,101.5551158230042,103.1019908230042,104.7894908230042,105.7738658230042,2026-07-03T09:00:00+00:00
nyc,KXHIGHNY-26JUL03,101.4108021089682,raycaster_cloudcaster,97.1920521089682,98.1764271089682,99.8639271089682,101.4108021089682,102.9576771089682,104.6451771089682,105.6295521089682,2026-07-03T10:00:00+00:00
nyc,KXHIGHNY-26JUL03,101.3996954499328,raycaster_cloudcaster,97.1809454499328,98.1653204499328,99.8528204499328,101.3996954499328,102.9465704499328,104.6340704499328,105.6184454499328,2026-07-03T11:00:00+00:00
nyc,KXHIGHNY-26JUL03,101.44792233764785,raycaster_cloudcaster,97.22917233764785,98.21354733764785,99.90104733764785,101.44792233764785,102.99479733764785,104.68229733764785,105.66667233764785,2026-07-03T12:00:00+00:00
nyc,KXHIGHNY-26JUL03,101.46942631685857,raycaster_cloudcaster,97.25067631685857,98.23505131685857,99.92255131685857,101.46942631685857,103.01630131685857,104.70380131685857,105.68817631685857,2026-07-03T13:00:00+00:00
nyc,KXHIGHNY-26JUL03,101.46942631685857,raycaster_cloudcaster,97.25067631685857,98.23505131685857,99.92255131685857,101.46942631685857,103.01630131685857,104.70380131685857,105.68817631685857,2026-07-03T14:00:00+00:00
nyc,KXHIGHNY-26JUL03,101.42829051486446,raycaster_cloudcaster,97.20954051486446,98.19391551486446,99.88141551486446,101.42829051486446,102.97516551486446,104.66266551486446,105.64704051486446,2026-07-03T15:00:00+00:00
nyc,KXHIGHNY-26JUL03,101.4535215611004,raycaster_cloudcaster,97.2347715611004,98.2191465611004,99.9066465611004,101.4535215611004,103.0003965611004,104.6878965611004,105.6722715611004,2026-07-03T16:00:00+00:00
nyc,KXHIGHNY-26JUL03,101.45170794411796,raycaster_cloudcaster,97.23295794411796,98.21733294411796,99.90483294411796,101.45170794411796,102.99858294411796,104.68608294411796,105.67045794411796,2026-07-03T17:00:00+00:00
nyc,KXHIGHNY-26JUL03,101.50432607549132,raycaster_cloudcaster,97.28557607549132,98.26995107549132,99.95745107549132,101.50432607549132,103.05120107549132,104.73870107549132,105.72307607549132,2026-07-03T18:00:00+00:00
nyc,KXHIGHNY-26JUL03,101.42821927241765,raycaster_cloudcaster,97.20946927241765,98.19384427241765,99.88134427241765,101.42821927241765,102.97509427241765,104.66259427241765,105.64696927241765,2026-07-03T19:00:00+00:00
nyc,KXHIGHNY-26JUL03,100.52612660358359,raycaster_cloudcaster,96.30737660358359,97.29175160358359,98.97925160358359,100.52612660358359,102.07300160358359,103.76050160358359,104.74487660358359,2026-07-03T20:00:00+00:00
nyc,KXHIGHNY-26JUL03,100.35728059991416,raycaster_cloudcaster,96.23,97.12290559991416,98.81040559991416,100.35728059991416,101.90415559991416,103.59165559991416,104.57603059991416,2026-07-03T21:00:00+00:00
nyc,KXHIGHNY-26JUL03,100.38756031041454,raycaster_cloudcaster,97.31,97.31,98.84068531041454,100.38756031041454,101.93443531041454,103.62193531041454,104.60631031041454,2026-07-03T22:00:00+00:00
nyc,KXHIGHNY-26JUL03,98.22227864761672,raycaster_cloudcaster,97.31,97.31,97.31,98.22227864761672,99.76915364761672,101.45665364761672,102.44102864761672,2026-07-03T23:00:00+00:00
nyc,KXHIGHNY-26JUL03,98.22227864761672,raycaster_cloudcaster,97.31,97.31,97.31,98.22227864761672,99.76915364761672,101.45665364761672,102.44102864761672,2026-07-04T00:00:00+00:00
nyc,KXHIGHNY-26JUL03,98.22227864761672,raycaster_cloudcaster,97.31,97.31,97.31,98.22227864761672,99.76915364761672,101.45665364761672,102.44102864761672,2026-07-04T01:00:00+00:00
nyc,KXHIGHNY-26JUL03,98.22227864761672,raycaster_cloudcaster,97.31,97.31,97.31,98.22227864761672,100.08050301428372,102.10765686882955,103.29016328398129,2026-07-04T02:00:00+00:00
nyc,KXHIGHNY-26JUL03,98.22227864761672,raycaster_cloudcaster,97.31,97.31,97.31,98.22227864761672,100.66841060376197,103.33691819228407,104.89354761892196,2026-07-04T03:00:00+00:00
nyc,KXHIGHNY-26JUL03,98.28705639543197,raycaster_cloudcaster,97.31,97.31,97.31,98.28705639543197,106.48976799358658,115.43818064611887,120.6580880267627,2026-07-04T04:00:00+00:00
okc,KXHIGHTOKC-26JUL03,94.38808749758164,raycaster_cloudcaster,90.16933749758164,91.15371249758164,92.84121249758164,94.38808749758164,95.93496249758164,97.62246249758164,98.60683749758164,2026-07-03T06:00:00+00:00
okc,KXHIGHTOKC-26JUL03,94.77838275374745,raycaster_cloudcaster,90.55963275374745,91.54400775374745,93.23150775374745,94.77838275374745,96.32525775374745,98.01275775374745,98.99713275374745,2026-07-03T07:00:00+00:00
okc,KXHIGHTOKC-26JUL03,94.77838275374745,raycaster_cloudcaster,90.55963275374745,91.54400775374745,93.23150775374745,94.77838275374745,96.32525775374745,98.01275775374745,98.99713275374745,2026-07-03T08:00:00+00:00
okc,KXHIGHTOKC-26JUL03,94.78254456254967,raycaster_cloudcaster,90.56379456254967,91.54816956254967,93.23566956254967,94.78254456254967,96.32941956254967,98.01691956254967,99.00129456254967,2026-07-03T09:00:00+00:00
okc,KXHIGHTOKC-26JUL03,95.0984590777149,raycaster_cloudcaster,90.8797090777149,91.8640840777149,93.5515840777149,95.0984590777149,96.6453340777149,98.3328340777149,99.3172090777149,2026-07-03T10:00:00+00:00
okc,KXHIGHTOKC-26JUL03,95.10615138540722,raycaster_cloudcaster,90.88740138540722,91.87177638540722,93.55927638540722,95.10615138540722,96.65302638540722,98.34052638540722,99.32490138540722,2026-07-03T11:00:00+00:00
okc,KXHIGHTOKC-26JUL03,95.14845907771492,raycaster_cloudcaster,90.92970907771492,91.91408407771492,93.60158407771492,95.14845907771492,96.69533407771492,98.38283407771492,99.36720907771492,2026-07-03T12:00:00+00:00
okc,KXHIGHTOKC-26JUL03,95.13237240771576,raycaster_cloudcaster,90.91362240771576,91.89799740771576,93.58549740771576,95.13237240771576,96.67924740771576,98.36674740771576,99.35112240771576,2026-07-03T13:00:00+00:00
okc,KXHIGHTOKC-26JUL03,95.24168461982849,raycaster_cloudcaster,91.02293461982849,92.00730961982849,93.69480961982849,95.24168461982849,96.78855961982849,98.47605961982849,99.46043461982849,2026-07-03T14:00:00+00:00
okc,KXHIGHTOKC-26JUL03,95.06902181217379,raycaster_cloudcaster,90.85027181217379,91.83464681217379,93.52214681217379,95.06902181217379,96.61589681217379,98.30339681217379,99.28777181217379,2026-07-03T15:00:00+00:00
okc,KXHIGHTOKC-26JUL03,95.07151467540105,raycaster_cloudcaster,90.85276467540105,91.83713967540105,93.52463967540105,95.07151467540105,96.61838967540105,98.30588967540105,99.29026467540105,2026-07-03T16:00:00+00:00
okc,KXHIGHTOKC-26JUL03,95.06874815028243,raycaster_cloudcaster,90.84999815028243,91.83437315028243,93.52187315028243,95.06874815028243,96.61562315028243,98.30312315028243,99.28749815028243,2026-07-03T17:00:00+00:00
okc,KXHIGHTOKC-26JUL03,95.06085047181064,raycaster_cloudcaster,90.84210047181064,91.82647547181064,93.51397547181064,95.06085047181064,96.60772547181064,98.29522547181064,99.27960047181064,2026-07-03T18:00:00+00:00
okc,KXHIGHTOKC-26JUL03,95.07519291144028,raycaster_cloudcaster,90.85644291144028,91.84081791144028,93.52831791144028,95.07519291144028,96.62206791144028,98.30956791144028,99.29394291144028,2026-07-03T19:00:00+00:00
okc,KXHIGHTOKC-26JUL03,94.98728827717005,raycaster_cloudcaster,92.45,92.45,93.44041327717005,94.98728827717005,96.53416327717005,98.22166327717005,99.20603827717005,2026-07-03T20:00:00+00:00
okc,KXHIGHTOKC-26JUL03,94.93623054118734,raycaster_cloudcaster,92.45,92.45,93.38935554118734,94.93623054118734,96.48310554118734,98.17060554118734,99.15498054118734,2026-07-03T21:00:00+00:00
okc,KXHIGHTOKC-26JUL03,95.15065397563119,raycaster_cloudcaster,94.25,94.25,94.25,95.15065397563119,96.69752897563119,98.38502897563119,99.36940397563119,2026-07-03T22:00:00+00:00
okc,KXHIGHTOKC-26JUL03,95.15065397563119,raycaster_cloudcaster,94.25,94.25,94.25,95.15065397563119,96.69752897563119,98.38502897563119,99.36940397563119,2026-07-03T23:00:00+00:00
okc,KXHIGHTOKC-26JUL03,95.1616196445374,raycaster_cloudcaster,94.25,94.25,94.25,95.1616196445374,96.7084946445374,98.3959946445374,99.3803696445374,2026-07-04T00:00:00+00:00
okc,KXHIGHTOKC-26JUL03,95.17210563909062,raycaster_cloudcaster,94.25,94.25,94.25,95.17210563909062,96.71898063909062,98.40648063909062,99.39085563909062,2026-07-04T01:00:00+00:00
okc,KXHIGHTOKC-26JUL03,95.31838182238293,raycaster_cloudcaster,94.25,94.25,94.25,95.31838182238293,96.86525682238293,98.55275682238293,99.53713182238293,2026-07-04T02:00:00+00:00
okc,KXHIGHTOKC-26JUL03,95.23429593095224,raycaster_cloudcaster,94.25,94.25,94.25,95.23429593095224,98.60242852743653,102.27675499632848,104.42011210318212,2026-07-04T03:00:00+00:00
okc,KXHIGHTOKC-26JUL03,95.24381436986964,raycaster_cloudcaster,94.25,94.25,94.25,95.24381436986964,98.61396713903308,102.29049743266592,104.43514010395175,2026-07-04T04:00:00+00:00
okc,KXHIGHTOKC-26JUL03,95.17229353416128,raycaster_cloudcaster,94.25,94.25,94.25,95.17229353416128,99.5765883131242,104.3812735265383,107.18400656769651,2026-07-04T05:00:00+00:00
aus,KXHIGHAUS-26JUL04,97.83506733600076,raycaster_cloudcaster,94.46006733600076,95.24756733600076,96.59756733600076,97.83506733600076,99.07256733600076,100.42256733600077,101.21006733600076,2026-07-04T06:00:00+00:00
aus,KXHIGHAUS-26JUL04,97.72753950917294,raycaster_cloudcaster,94.35253950917294,95.14003950917294,96.49003950917295,97.72753950917294,98.96503950917294,100.31503950917295,101.10253950917294,2026-07-04T07:00:00+00:00
aus,KXHIGHAUS-26JUL04,97.72753950917294,raycaster_cloudcaster,94.35253950917294,95.14003950917294,96.49003950917295,97.72753950917294,98.96503950917294,100.31503950917295,101.10253950917294,2026-07-04T08:00:00+00:00
aus,KXHIGHAUS-26JUL04,97.78638583810876,raycaster_cloudcaster,94.41138583810876,95.19888583810875,96.54888583810876,97.78638583810876,99.02388583810875,100.37388583810876,101.16138583810876,2026-07-04T09:00:00+00:00
aus,KXHIGHAUS-26JUL04,97.7350322568819,raycaster_cloudcaster,94.3600322568819,95.14753225688189,96.4975322568819,97.7350322568819,98.97253225688189,100.3225322568819,101.1100322568819,2026-07-04T10:00:00+00:00
aus,KXHIGHAUS-26JUL04,97.7949414833633,raycaster_cloudcaster,94.4199414833633,95.2074414833633,96.5574414833633,97.7949414833633,99.0324414833633,100.38244148336331,101.1699414833633,2026-07-04T11:00:00+00:00
aus,KXHIGHAUS-26JUL04,97.63769525801969,raycaster_cloudcaster,94.26269525801969,95.05019525801968,96.36,97.63769525801969,98.87519525801969,100.2251952580197,101.01269525801969,2026-07-04T12:00:00+00:00
aus,KXHIGHAUS-26JUL04,97.78676885748446,raycaster_cloudcaster,94.41176885748446,95.19926885748445,96.51,97.78676885748446,99.02426885748446,100.37426885748447,101.16176885748446,2026-07-04T13:00:00+00:00
aus,KXHIGHAUS-26JUL04,97.78560740920749,raycaster_cloudcaster,94.41060740920749,95.19810740920748,96.51,97.78560740920749,99.02310740920748,100.37310740920749,101.16060740920749,2026-07-04T14:00:00+00:00
aus,KXHIGHAUS-26JUL04,97.74745868387565,raycaster_cloudcaster,94.37245868387565,95.15995868387564,96.46,97.74745868387565,98.98495868387565,100.33495868387566,101.12245868387565,2026-07-04T15:00:00+00:00
aus,KXHIGHAUS-26JUL04,97.51996494506703,raycaster_cloudcaster,94.14496494506703,94.93246494506703,96.21,97.51996494506703,98.75746494506703,100.10746494506704,100.89496494506703,2026-07-04T16:00:00+00:00
aus,KXHIGHAUS-26JUL04,97.4570166369913,raycaster_cloudcaster,94.0820166369913,94.86951663699129,96.21,97.4570166369913,98.6945166369913,100.0445166369913,100.8320166369913,2026-07-04T17:00:00+00:00
aus,KXHIGHAUS-26JUL04,97.44649800897862,raycaster_cloudcaster,94.07149800897862,94.85899800897862,96.20899800897863,97.44649800897862,98.68399800897862,100.03399800897863,100.82149800897862,2026-07-04T18:00:00+00:00
aus,KXHIGHAUS-26JUL04,97.38657431411443,raycaster_cloudcaster,94.01157431411443,94.79907431411442,96.14907431411443,97.38657431411443,98.62407431411442,99.97407431411443,100.76157431411443,2026-07-04T19:00:00+00:00
aus,KXHIGHAUS-26JUL04,97.41199434634369,raycaster_cloudcaster,94.25,94.82449434634368,96.17449434634369,97.41199434634369,98.64949434634369,99.9994943463437,100.78699434634369,2026-07-04T20:00:00+00:00
aus,KXHIGHAUS-26JUL04,97.3314181475662,raycaster_cloudcaster,96.05,96.05,96.0939181475662,97.3314181475662,98.5689181475662,99.9189181475662,100.7064181475662,2026-07-04T21:00:00+00:00
aus,KXHIGHAUS-26JUL04,97.13806743877127,raycaster_cloudcaster,96.05,96.05,96.05,97.13806743877127,98.37556743877127,99.72556743877128,100.51306743877127,2026-07-04T22:00:00+00:00
aus,KXHIGHAUS-26JUL04,96.94802963799394,raycaster_cloudcaster,96.05,96.05,96.05,96.94802963799394,98.18552963799394,99.53552963799395,100.32302963799394,2026-07-04T23:00:00+00:00
aus,KXHIGHAUS-26JUL04,96.8,raycaster_cloudcaster,96.05,96.05,96.05,96.8,98.0375,99.3875,100.175,2026-07-05T00:00:00+00:00
aus,KXHIGHAUS-26JUL04,96.8,raycaster_cloudcaster,96.05,96.05,96.05,96.8,98.0375,99.3875,100.175,2026-07-05T01:00:00+00:00
aus,KXHIGHAUS-26JUL04,96.8,raycaster_cloudcaster,96.05,96.05,96.05,96.8,98.09616925978052,99.510172088632,100.3350070721287,2026-07-05T02:00:00+00:00
aus,KXHIGHAUS-26JUL04,96.8,raycaster_cloudcaster,96.05,96.05,96.05,96.8,98.3676736745892,100.07786313777741,101.07547365797053,2026-07-05T03:00:00+00:00
aus,KXHIGHAUS-26JUL04,96.8,raycaster_cloudcaster,96.05,96.05,96.05,96.8,98.91116194310148,101.21424769921217,102.55771439027674,2026-07-05T04:00:00+00:00
aus,KXHIGHAUS-26JUL04,96.8,raycaster_cloudcaster,96.05,96.05,96.05,96.8,99.46927981860276,102.38122143889669,104.07985405073481,2026-07-05T05:00:00+00:00
den,KXHIGHDEN-26JUL04,88.8203439987806,raycaster_cloudcaster,85.4453439987806,86.2328439987806,87.5828439987806,88.8203439987806,90.0578439987806,91.4078439987806,92.1953439987806,2026-07-04T07:00:00+00:00
den,KXHIGHDEN-26JUL04,88.82098375434599,raycaster_cloudcaster,85.44598375434599,86.23348375434598,87.58348375434599,88.82098375434599,90.05848375434599,91.408483754346,92.19598375434599,2026-07-04T08:00:00+00:00
den,KXHIGHDEN-26JUL04,88.66786975511002,raycaster_cloudcaster,85.29286975511002,86.08036975511001,87.43036975511002,88.66786975511002,89.90536975511002,91.25536975511002,92.04286975511002,2026-07-04T09:00:00+00:00
den,KXHIGHDEN-26JUL04,88.54773606916692,raycaster_cloudcaster,85.17273606916692,85.96023606916691,87.31023606916692,88.54773606916692,89.78523606916691,91.13523606916692,91.92273606916692,2026-07-04T10:00:00+00:00
den,KXHIGHDEN-26JUL04,88.46303193798381,raycaster_cloudcaster,85.08803193798381,85.87553193798381,87.22553193798382,88.46303193798381,89.70053193798381,91.05053193798382,91.83803193798381,2026-07-04T11:00:00+00:00
den,KXHIGHDEN-26JUL04,88.66373605784062,raycaster_cloudcaster,85.28873605784062,86.07623605784062,87.42623605784063,88.66373605784062,89.90123605784062,91.25123605784063,92.03873605784062,2026-07-04T12:00:00+00:00
den,KXHIGHDEN-26JUL04,88.66968840485605,raycaster_cloudcaster,85.29468840485605,86.08218840485604,87.43218840485605,88.66968840485605,89.90718840485604,91.25718840485605,92.04468840485605,2026-07-04T13:00:00+00:00
den,KXHIGHDEN-26JUL04,88.66847188874115,raycaster_cloudcaster,85.29347188874115,86.08097188874115,87.43097188874115,88.66847188874115,89.90597188874115,91.25597188874116,92.04347188874115,2026-07-04T14:00:00+00:00
den,KXHIGHDEN-26JUL04,88.75988509953103,raycaster_cloudcaster,85.26491728852046,86.08040977775626,87.47839690216048,88.75988509953103,90.04137329690158,91.4393604213058,92.2548529105416,2026-07-04T15:00:00+00:00
den,KXHIGHDEN-26JUL04,88.6108705892309,raycaster_cloudcaster,84.94537266943883,85.80065551739031,87.26685468530714,88.6108705892309,89.95488649315466,91.42108566107149,92.27636850902297,2026-07-04T16:00:00+00:00
den,KXHIGHDEN-26JUL04,88.89665569598773,raycaster_cloudcaster,85.52165569598773,86.30915569598773,87.65915569598774,88.89665569598773,90.13415569598773,91.48415569598774,92.27165569598773,2026-07-04T17:00:00+00:00
den,KXHIGHDEN-26JUL04,88.43125323314395,raycaster_cloudcaster,84.59515169642728,85.4902420549945,87.02468266968117,88.43125323314395,89.83782379660673,91.3722644112934,92.26735476986062,2026-07-04T18:00:00+00:00
den,KXHIGHDEN-26JUL04,88.69572931994696,raycaster_cloudcaster,85.32072931994696,86.10822931994696,87.45822931994697,88.69572931994696,89.93322931994696,91.28322931994697,92.07072931994696,2026-07-04T19:00:00+00:00
den,KXHIGHDEN-26JUL04,88.70282466037122,raycaster_cloudcaster,85.32782466037122,86.11532466037121,87.46532466037122,88.70282466037122,89.94032466037122,91.29032466037123,92.07782466037122,2026-07-04T20:00:00+00:00
den,KXHIGHDEN-26JUL04,89.03474422791506,raycaster_cloudcaster,87.23,87.23,87.79724422791506,89.03474422791506,90.27224422791505,91.62224422791506,92.40974422791506,2026-07-04T21:00:00+00:00
den,KXHIGHDEN-26JUL04,89.52075824142666,raycaster_cloudcaster,88.31,88.31,88.31,89.52075824142666,90.75825824142666,92.10825824142667,92.89575824142666,2026-07-04T22:00:00+00:00
den,KXHIGHDEN-26JUL04,90.3689091472901,raycaster_cloudcaster,89.21,89.21,89.21,90.3689091472901,91.6064091472901,92.9564091472901,93.7439091472901,2026-07-04T23:00:00+00:00
den,KXHIGHDEN-26JUL04,90.31814047047864,raycaster_cloudcaster,89.21,89.21,89.21,90.31814047047864,92.14840924582285,94.1450660916529,95.30978258505375,2026-07-05T00:00:00+00:00
den,KXHIGHDEN-26JUL04,90.05063066717672,raycaster_cloudcaster,89.21,89.21,89.21,90.05063066717672,92.48192904253092,95.13425454291733,96.68144441814273,2026-07-05T01:00:00+00:00
den,KXHIGHDEN-26JUL04,90.05176545220634,raycaster_cloudcaster,89.21,89.21,89.21,90.05176545220634,92.48306382756054,95.13538932794695,96.68257920317235,2026-07-05T02:00:00+00:00
den,KXHIGHDEN-26JUL04,90.05513674101547,raycaster_cloudcaster,89.21,89.21,89.21,90.05513674101547,94.10241016765717,98.51761754217537,101.09315517731099,2026-07-05T03:00:00+00:00
den,KXHIGHDEN-26JUL04,90.2236814325131,raycaster_cloudcaster,89.21,89.21,89.21,90.2236814325131,95.10836256744913,100.437105623743,103.54553907324774,2026-07-05T04:00:00+00:00
den,KXHIGHDEN-26JUL04,90.22664725390432,raycaster_cloudcaster,89.21,89.21,89.21,90.22664725390432,95.11132838884035,100.44007144513421,103.54850489463895,2026-07-05T05:00:00+00:00
den,KXHIGHDEN-26JUL04,90.20576943704683,raycaster_cloudcaster,89.21,89.21,89.21,90.20576943704683,95.37067638586981,101.00512033004034,104.29187929747316,2026-07-05T06:00:00+00:00
la,KXHIGHLAX-26JUL04,74.82775301957187,raycaster_cloudcaster,70.52842749107324,71.53160344772293,72.82291371356209,74.82775301957187,76.40417238002136,78.12390259142082,79.1270785480705,2026-07-04T08:00:00+00:00
la,KXHIGHLAX-26JUL04,75.09722177876712,raycaster_cloudcaster,71.36357744648265,72.23476112401569,73.32291371356209,75.09722177876712,76.46622470060477,77.95968243351855,78.83086611105159,2026-07-04T09:00:00+00:00
la,KXHIGHLAX-26JUL04,75.38392018426086,raycaster_cloudcaster,71.81328998778294,72.64643703362779,73.46,75.38392018426086,76.69315125630277,78.12140333489393,78.95455038073878,2026-07-04T10:00:00+00:00
la,KXHIGHLAX-26JUL04,75.38117155884858,raycaster_cloudcaster,71.81054136237066,72.64368840821551,73.46,75.38117155884858,76.69040263089049,78.11865470948165,78.9518017553265,2026-07-04T11:00:00+00:00
la,KXHIGHLAX-26JUL04,75.29712264969791,raycaster_cloudcaster,71.92212264969791,72.7096226496979,73.81,75.29712264969791,76.53462264969791,77.88462264969792,78.67212264969791,2026-07-04T12:00:00+00:00
la,KXHIGHLAX-26JUL04,75.05135944802842,raycaster_cloudcaster,71.53214078474534,72.35329180617805,73.16,75.05135944802842,76.34173962456555,77.7494270898788,78.5705781113115,2026-07-04T13:00:00+00:00
la,KXHIGHLAX-26JUL04,75.11979189121914,raycaster_cloudcaster,71.60057322793605,72.42172424936876,73.16,75.11979189121914,76.41017206775626,77.81785953306951,78.63901055450222,2026-07-04T14:00:00+00:00
la,KXHIGHLAX-26JUL04,75.34576675883532,raycaster_cloudcaster,71.97076675883532,72.75826675883532,74.10826675883533,75.34576675883532,76.58326675883532,77.93326675883533,78.72076675883532,2026-07-04T15:00:00+00:00
la,KXHIGHLAX-26JUL04,75.33912798979092,raycaster_cloudcaster,71.96412798979092,72.75162798979092,74.06,75.33912798979092,76.57662798979092,77.92662798979093,78.71412798979092,2026-07-04T16:00:00+00:00
la,KXHIGHLAX-26JUL04,75.46002986528879,raycaster_cloudcaster,72.08502986528879,72.87252986528878,74.22252986528879,75.46002986528879,76.69752986528879,78.0475298652888,78.83502986528879,2026-07-04T17:00:00+00:00
la,KXHIGHLAX-26JUL04,75.69404946628076,raycaster_cloudcaster,72.0660334795464,72.91257054311777,74.3637769378115,75.69404946628076,77.02432199475003,78.47552838944375,79.32206545301511,2026-07-04T18:00:00+00:00
la,KXHIGHLAX-26JUL04,76.0375856403751,raycaster_cloudcaster,72.6625856403751,73.4500856403751,74.8000856403751,76.0375856403751,77.2750856403751,78.6250856403751,79.4125856403751,2026-07-04T19:00:00+00:00
la,KXHIGHLAX-26JUL04,76.044475250393,raycaster_cloudcaster,72.669475250393,73.456975250393,74.80697525039301,76.044475250393,77.281975250393,78.63197525039301,79.419475250393,2026-07-04T20:00:00+00:00
la,KXHIGHLAX-26JUL04,75.42151799466465,raycaster_cloudcaster,72.65,72.83401799466465,74.18401799466466,75.42151799466465,76.65901799466465,78.00901799466466,78.79651799466465,2026-07-04T21:00:00+00:00
la,KXHIGHLAX-26JUL04,75.62111476920799,raycaster_cloudcaster,74.45,74.45,74.45,75.62111476920799,76.85861476920799,78.208614769208,78.99611476920799,2026-07-04T22:00:00+00:00
la,KXHIGHLAX-26JUL04,75.62111476920799,raycaster_cloudcaster,74.45,74.45,74.45,75.62111476920799,76.85861476920799,78.208614769208,78.99611476920799,2026-07-04T23:00:00+00:00
la,KXHIGHLAX-26JUL04,75.62547496597776,raycaster_cloudcaster,74.45,74.45,74.45,75.62547496597776,76.86297496597776,78.21297496597776,79.00047496597776,2026-07-05T00:00:00+00:00
la,KXHIGHLAX-26JUL04,75.62547496597776,raycaster_cloudcaster,74.45,74.45,74.45,75.62547496597776,76.86297496597776,78.21297496597776,79.00047496597776,2026-07-05T01:00:00+00:00
la,KXHIGHLAX-26JUL04,75.2,raycaster_cloudcaster,74.45,74.45,74.45,75.2,76.4375,77.78750000000001,78.575,2026-07-05T02:00:00+00:00
la,KXHIGHLAX-26JUL04,75.2,raycaster_cloudcaster,74.45,74.45,74.45,75.2,76.63189201757675,78.19395603675137,79.10516004793658,2026-07-05T03:00:00+00:00
la,KXHIGHLAX-26JUL04,75.2,raycaster_cloudcaster,74.45,74.45,74.45,75.2,76.652,78.236,79.16,2026-07-05T04:00:00+00:00
la,KXHIGHLAX-26JUL04,75.2,raycaster_cloudcaster,74.45,74.45,74.45,75.2,77.22244505487788,79.4287487511083,80.71575924057605,2026-07-05T05:00:00+00:00
la,KXHIGHLAX-26JUL04,75.2,raycaster_cloudcaster,74.45,74.45,74.45,75.2,77.16093319621042,79.30013304662178,80.54799962602841,2026-07-05T06:00:00+00:00
la,KXHIGHLAX-26JUL04,75.2,raycaster_cloudcaster,74.45,74.45,74.45,75.2,77.16530169439707,79.30926717919388,80.55991371199202,2026-07-05T07:00:00+00:00
mia,KXHIGHMIA-26JUL04,91.53741954781935,raycaster_cloudcaster,88.16241954781935,88.94991954781935,89.82291371356209,91.53741954781935,92.77491954781935,94.12491954781936,94.91241954781935,2026-07-04T05:00:00+00:00
mia,KXHIGHMIA-26JUL04,91.78031641632542,raycaster_cloudcaster,88.40531641632542,89.19281641632541,89.87291371356208,91.78031641632542,93.01781641632542,94.36781641632543,95.15531641632542,2026-07-04T06:00:00+00:00
mia,KXHIGHMIA-26JUL04,91.13045782423582,raycaster_cloudcaster,87.75545782423582,88.54295782423581,89.66,91.13045782423582,92.36795782423582,93.71795782423582,94.50545782423582,2026-07-04T07:00:00+00:00
mia,KXHIGHMIA-26JUL04,91.13045782423582,raycaster_cloudcaster,87.75545782423582,88.54295782423581,89.66,91.13045782423582,92.36795782423582,93.71795782423582,94.50545782423582,2026-07-04T08:00:00+00:00
mia,KXHIGHMIA-26JUL04,91.12255519703248,raycaster_cloudcaster,87.74755519703248,88.53505519703248,89.61,91.12255519703248,92.36005519703248,93.71005519703249,94.49755519703248,2026-07-04T09:00:00+00:00
mia,KXHIGHMIA-26JUL04,91.04492272127442,raycaster_cloudcaster,87.66992272127442,88.45742272127441,89.56,91.04492272127442,92.28242272127441,93.63242272127442,94.41992272127442,2026-07-04T10:00:00+00:00
mia,KXHIGHMIA-26JUL04,91.02577853846904,raycaster_cloudcaster,87.65077853846904,88.43827853846904,89.56,91.02577853846904,92.26327853846904,93.61327853846905,94.40077853846904,2026-07-04T11:00:00+00:00
mia,KXHIGHMIA-26JUL04,91.0152120422742,raycaster_cloudcaster,87.6402120422742,88.4277120422742,89.7777120422742,91.0152120422742,92.2527120422742,93.6027120422742,94.3902120422742,2026-07-04T12:00:00+00:00
mia,KXHIGHMIA-26JUL04,91.51918209900305,raycaster_cloudcaster,88.14418209900305,88.93168209900304,89.51,91.51918209900305,92.75668209900304,94.10668209900305,94.89418209900305,2026-07-04T13:00:00+00:00
mia,KXHIGHMIA-26JUL04,91.51918209900305,raycaster_cloudcaster,88.14418209900305,88.93168209900304,89.51,91.51918209900305,92.75668209900304,94.10668209900305,94.89418209900305,2026-07-04T14:00:00+00:00
mia,KXHIGHMIA-26JUL04,91.17070250040169,raycaster_cloudcaster,88.85,88.85,89.51,91.17070250040169,92.40820250040169,93.7582025004017,94.54570250040169,2026-07-04T15:00:00+00:00
mia,KXHIGHMIA-26JUL04,91.03322297635029,raycaster_cloudcaster,88.85,88.85,89.79572297635029,91.03322297635029,92.27072297635029,93.6207229763503,94.40822297635029,2026-07-04T16:00:00+00:00
mia,KXHIGHMIA-26JUL04,91.90511199356231,raycaster_cloudcaster,90.65,90.65,90.66761199356232,91.90511199356231,93.14261199356231,94.49261199356232,95.28011199356231,2026-07-04T17:00:00+00:00
mia,KXHIGHMIA-26JUL04,91.74440149695009,raycaster_cloudcaster,90.65,90.65,90.65,91.74440149695009,92.98190149695009,94.3319014969501,95.11940149695009,2026-07-04T18:00:00+00:00
mia,KXHIGHMIA-26JUL04,91.72979316728961,raycaster_cloudcaster,90.65,90.65,90.65,91.72979316728961,92.96729316728961,94.31729316728962,95.10479316728961,2026-07-04T19:00:00+00:00
mia,KXHIGHMIA-26JUL04,91.46189458432384,raycaster_cloudcaster,90.65,90.65,90.65,91.46189458432384,92.69939458432384,94.04939458432385,94.83689458432384,2026-07-04T20:00:00+00:00
mia,KXHIGHMIA-26JUL04,93.21335384781366,raycaster_cloudcaster,92.45,92.45,92.45,93.21335384781366,94.45085384781366,95.80085384781367,96.58835384781366,2026-07-04T21:00:00+00:00
mia,KXHIGHMIA-26JUL04,93.21335384781366,raycaster_cloudcaster,92.45,92.45,92.45,93.21335384781366,94.45085384781366,95.80085384781367,96.58835384781366,2026-07-04T22:00:00+00:00
mia,KXHIGHMIA-26JUL04,93.3573171176636,raycaster_cloudcaster,92.45,92.45,92.45,93.3573171176636,95.3048763593813,97.42948644125514,98.66884232234823,2026-07-04T23:00:00+00:00
mia,KXHIGHMIA-26JUL04,93.203769785998,raycaster_cloudcaster,92.45,92.45,92.45,93.203769785998,96.06598479364506,99.18840116562366,101.00981071594451,2026-07-05T00:00:00+00:00
mia,KXHIGHMIA-26JUL04,93.203769785998,raycaster_cloudcaster,92.45,92.45,92.45,93.203769785998,96.06598479364506,99.18840116562366,101.00981071594451,2026-07-05T01:00:00+00:00
mia,KXHIGHMIA-26JUL04,93.203769785998,raycaster_cloudcaster,92.45,92.45,92.45,93.203769785998,96.58892484153091,100.28182126574863,102.4360108465423,2026-07-05T02:00:00+00:00
mia,KXHIGHMIA-26JUL04,93.203769785998,raycaster_cloudcaster,92.45,92.45,92.45,93.203769785998,96.58892484153091,100.28182126574863,102.4360108465423,2026-07-05T03:00:00+00:00
mia,KXHIGHMIA-26JUL04,93.2,raycaster_cloudcaster,92.45,92.45,92.45,93.2,96.83550832071666,100.80151739786209,103.11502269286359,2026-07-05T04:00:00+00:00
nyc,KXHIGHNY-26JUL04,96.80329239289765,raycaster_cloudcaster,93.42829239289765,94.21579239289764,95.56579239289765,96.80329239289765,98.04079239289764,99.39079239289765,100.17829239289765,2026-07-04T05:00:00+00:00
nyc,KXHIGHNY-26JUL04,97.04498262719234,raycaster_cloudcaster,93.66998262719234,94.45748262719233,95.80748262719234,97.04498262719234,98.28248262719234,99.63248262719235,100.41998262719234,2026-07-04T06:00:00+00:00
nyc,KXHIGHNY-26JUL04,97.27025130786919,raycaster_cloudcaster,93.89525130786919,94.68275130786918,96.03275130786919,97.27025130786919,98.50775130786919,99.8577513078692,100.64525130786919,2026-07-04T07:00:00+00:00
nyc,KXHIGHNY-26JUL04,97.18309467613186,raycaster_cloudcaster,93.80809467613186,94.59559467613185,95.94559467613186,97.18309467613186,98.42059467613186,99.77059467613186,100.55809467613186,2026-07-04T08:00:00+00:00
nyc,KXHIGHNY-26JUL04,97.02406305202857,raycaster_cloudcaster,93.64906305202857,94.43656305202856,95.78656305202857,97.02406305202857,98.26156305202856,99.61156305202857,100.39906305202857,2026-07-04T09:00:00+00:00
nyc,KXHIGHNY-26JUL04,97.20818664993476,raycaster_cloudcaster,93.83318664993476,94.62068664993475,95.97068664993476,97.20818664993476,98.44568664993476,99.79568664993477,100.58318664993476,2026-07-04T10:00:00+00:00
nyc,KXHIGHNY-26JUL04,97.0727679914268,raycaster_cloudcaster,93.6977679914268,94.4852679914268,95.8352679914268,97.0727679914268,98.3102679914268,99.6602679914268,100.4477679914268,2026-07-04T11:00:00+00:00
nyc,KXHIGHNY-26JUL04,97.05946055498538,raycaster_cloudcaster,93.68446055498538,94.47196055498537,95.82196055498538,97.05946055498538,98.29696055498538,99.64696055498538,100.43446055498538,2026-07-04T12:00:00+00:00
nyc,KXHIGHNY-26JUL04,97.02832043860262,raycaster_cloudcaster,93.65332043860262,94.44082043860261,95.79082043860262,97.02832043860262,98.26582043860262,99.61582043860263,100.40332043860262,2026-07-04T13:00:00+00:00
nyc,KXHIGHNY-26JUL04,97.02832043860262,raycaster_cloudcaster,93.65332043860262,94.44082043860261,95.79082043860262,97.02832043860262,98.26582043860262,99.61582043860263,100.40332043860262,2026-07-04T14:00:00+00:00
nyc,KXHIGHNY-26JUL04,97.5669162203665,raycaster_cloudcaster,94.1919162203665,94.97941622036649,96.3294162203665,97.5669162203665,98.80441622036649,100.1544162203665,100.9419162203665,2026-07-04T15:00:00+00:00
nyc,KXHIGHNY-26JUL04,97.61691622036649,raycaster_cloudcaster,94.24191622036649,95.02941622036649,96.3794162203665,97.61691622036649,98.85441622036649,100.2044162203665,100.99191622036649,2026-07-04T16:00:00+00:00
nyc,KXHIGHNY-26JUL04,97.57330450666052,raycaster_cloudcaster,94.19830450666052,94.98580450666051,96.33580450666052,97.57330450666052,98.81080450666052,100.16080450666053,100.94830450666052,2026-07-04T17:00:00+00:00
nyc,KXHIGHNY-26JUL04,97.50344549851677,raycaster_cloudcaster,94.12844549851677,94.91594549851676,96.26594549851677,97.50344549851677,98.74094549851677,100.09094549851677,100.87844549851677,2026-07-04T18:00:00+00:00
nyc,KXHIGHNY-26JUL04,97.06725642587075,raycaster_cloudcaster,93.69225642587075,94.47975642587075,95.82975642587076,97.06725642587075,98.30475642587075,99.65475642587076,100.44225642587075,2026-07-04T19:00:00+00:00
nyc,KXHIGHNY-26JUL04,97.07847804619192,raycaster_cloudcaster,93.70347804619192,94.49097804619191,95.84097804619192,97.07847804619192,98.31597804619192,99.66597804619192,100.45347804619192,2026-07-04T20:00:00+00:00
nyc,KXHIGHNY-26JUL04,96.24461926766787,raycaster_cloudcaster,92.86961926766787,93.65711926766787,95.00711926766787,96.24461926766787,97.48211926766787,98.83211926766788,99.61961926766787,2026-07-04T21:00:00+00:00
nyc,KXHIGHNY-26JUL04,95.75894221901552,raycaster_cloudcaster,92.38394221901552,93.17144221901552,94.52144221901553,95.75894221901552,96.99644221901552,98.34644221901553,99.13394221901552,2026-07-04T22:00:00+00:00
nyc,KXHIGHNY-26JUL04,94.62262204016388,raycaster_cloudcaster,93.17,93.17,93.38512204016388,94.62262204016388,95.86012204016387,97.21012204016388,97.99762204016388,2026-07-04T23:00:00+00:00
nyc,KXHIGHNY-26JUL04,94.00251946694394,raycaster_cloudcaster,93.17,93.17,93.17,94.00251946694394,95.24001946694393,96.59001946694394,97.37751946694394,2026-07-05T00:00:00+00:00
nyc,KXHIGHNY-26JUL04,94.14947696305931,raycaster_cloudcaster,93.17,93.17,93.17,94.14947696305931,95.54909718297613,97.07595560470357,97.96662301737791,2026-07-05T01:00:00+00:00
nyc,KXHIGHNY-26JUL04,94.04192079054789,raycaster_cloudcaster,93.17,93.17,93.17,94.04192079054789,96.24251361067614,98.64316032354333,100.04353757271585,2026-07-05T02:00:00+00:00
nyc,KXHIGHNY-26JUL04,94.00810771205667,raycaster_cloudcaster,93.17,93.17,93.17,94.00810771205667,96.9588668872521,100.1778768965562,102.05563273531693,2026-07-05T03:00:00+00:00
nyc,KXHIGHNY-26JUL04,94.02805565164363,raycaster_cloudcaster,93.17,93.17,93.17,94.02805565164363,97.53175440581757,101.35397122855277,103.58359770848163,2026-07-05T04:00:00+00:00
okc,KXHIGHTOKC-26JUL04,99.75984773794858,raycaster_cloudcaster,96.38484773794858,97.17234773794857,98.52234773794858,99.75984773794858,100.99734773794857,102.34734773794858,103.13484773794858,2026-07-04T06:00:00+00:00
okc,KXHIGHTOKC-26JUL04,99.48430856463558,raycaster_cloudcaster,96.10930856463558,96.89680856463558,98.24680856463559,99.48430856463558,100.72180856463558,102.07180856463559,102.85930856463558,2026-07-04T07:00:00+00:00
okc,KXHIGHTOKC-26JUL04,99.48430856463558,raycaster_cloudcaster,96.10930856463558,96.89680856463558,98.24680856463559,99.48430856463558,100.72180856463558,102.07180856463559,102.85930856463558,2026-07-04T08:00:00+00:00
okc,KXHIGHTOKC-26JUL04,99.55080670835628,raycaster_cloudcaster,96.17580670835628,96.96330670835627,98.31330670835628,99.55080670835628,100.78830670835627,102.13830670835628,102.92580670835628,2026-07-04T09:00:00+00:00
okc,KXHIGHTOKC-26JUL04,99.54407025396726,raycaster_cloudcaster,96.16907025396726,96.95657025396726,98.30657025396727,99.54407025396726,100.78157025396726,102.13157025396727,102.91907025396726,2026-07-04T10:00:00+00:00
okc,KXHIGHTOKC-26JUL04,99.55110736033507,raycaster_cloudcaster,96.17610736033507,96.96360736033506,98.31360736033507,99.55110736033507,100.78860736033506,102.13860736033507,102.92610736033507,2026-07-04T11:00:00+00:00
okc,KXHIGHTOKC-26JUL04,99.65496878077944,raycaster_cloudcaster,96.27996878077944,97.06746878077944,98.41746878077944,99.65496878077944,100.89246878077944,102.24246878077945,103.02996878077944,2026-07-04T12:00:00+00:00
okc,KXHIGHTOKC-26JUL04,99.63832147917627,raycaster_cloudcaster,96.26332147917627,97.05082147917626,98.40082147917627,99.63832147917627,100.87582147917627,102.22582147917628,103.01332147917627,2026-07-04T13:00:00+00:00
okc,KXHIGHTOKC-26JUL04,99.66515759763082,raycaster_cloudcaster,96.29015759763082,97.07765759763082,98.42765759763083,99.66515759763082,100.90265759763082,102.25265759763083,103.04015759763082,2026-07-04T14:00:00+00:00
okc,KXHIGHTOKC-26JUL04,99.60542051220668,raycaster_cloudcaster,96.23042051220668,97.01792051220667,98.36792051220668,99.60542051220668,100.84292051220667,102.19292051220668,102.98042051220668,2026-07-04T15:00:00+00:00
okc,KXHIGHTOKC-26JUL04,99.58984429887187,raycaster_cloudcaster,96.21484429887187,97.00234429887186,98.35234429887187,99.58984429887187,100.82734429887186,102.17734429887187,102.96484429887187,2026-07-04T16:00:00+00:00
okc,KXHIGHTOKC-26JUL04,99.60078845225901,raycaster_cloudcaster,96.22578845225901,97.013288452259,98.36328845225901,99.60078845225901,100.83828845225901,102.18828845225902,102.97578845225901,2026-07-04T17:00:00+00:00
okc,KXHIGHTOKC-26JUL04,99.59733522978748,raycaster_cloudcaster,96.22233522978748,97.00983522978747,98.35983522978748,99.59733522978748,100.83483522978747,102.18483522978748,102.97233522978748,2026-07-04T18:00:00+00:00
okc,KXHIGHTOKC-26JUL04,99.59448449325643,raycaster_cloudcaster,96.21948449325643,97.00698449325643,98.35698449325643,99.59448449325643,100.83198449325643,102.18198449325644,102.96948449325643,2026-07-04T19:00:00+00:00
okc,KXHIGHTOKC-26JUL04,99.78422568737044,raycaster_cloudcaster,97.85,97.85,98.54672568737044,99.78422568737044,101.02172568737043,102.37172568737044,103.15922568737044,2026-07-04T20:00:00+00:00
okc,KXHIGHTOKC-26JUL04,99.74770664927328,raycaster_cloudcaster,97.85,97.85,98.51020664927329,99.74770664927328,100.98520664927328,102.33520664927329,103.12270664927328,2026-07-04T21:00:00+00:00
okc,KXHIGHTOKC-26JUL04,100.43403666889625,raycaster_cloudcaster,99.65,99.65,99.65,100.43403666889625,101.67153666889625,103.02153666889626,103.80903666889625,2026-07-04T22:00:00+00:00
okc,KXHIGHTOKC-26JUL04,100.4369033539989,raycaster_cloudcaster,99.65,99.65,99.65,100.4369033539989,101.6744033539989,103.0244033539989,103.8119033539989,2026-07-04T23:00:00+00:00
okc,KXHIGHTOKC-26JUL04,100.43482981494459,raycaster_cloudcaster,99.65,99.65,99.65,100.43482981494459,101.67232981494459,103.0223298149446,103.80982981494459,2026-07-05T00:00:00+00:00
okc,KXHIGHTOKC-26JUL04,100.44299755499955,raycaster_cloudcaster,99.65,99.65,99.65,100.44299755499955,101.68049755499955,103.03049755499956,103.81799755499955,2026-07-05T01:00:00+00:00
okc,KXHIGHTOKC-26JUL04,100.43903722187964,raycaster_cloudcaster,99.65,99.65,99.65,100.43903722187964,102.05998902560485,103.82830008421418,104.85981486840294,2026-07-05T02:00:00+00:00
okc,KXHIGHTOKC-26JUL04,100.44662692885515,raycaster_cloudcaster,99.65,99.65,99.65,100.44662692885515,103.52160900197363,106.87613489992106,108.83294167372372,2026-07-05T03:00:00+00:00
okc,KXHIGHTOKC-26JUL04,100.46203608120656,raycaster_cloudcaster,99.65,99.65,99.65,100.46203608120656,104.07289813201936,108.01202036926969,110.30984167433238,2026-07-05T04:00:00+00:00
okc,KXHIGHTOKC-26JUL04,100.46262006362343,raycaster_cloudcaster,99.65,99.65,99.65,100.46262006362343,104.89406054613022,109.72835925431944,112.5483668340965,2026-07-05T05:00:00+00:00
aus,KXHIGHAUS-26JUL05,96.39309949230702,raycaster_cloudcaster,93.01809949230702,93.80559949230701,95.15559949230702,96.39309949230702,97.63059949230701,98.98059949230702,99.76809949230702,2026-07-05T06:00:00+00:00
aus,KXHIGHAUS-26JUL05,96.03840831132703,raycaster_cloudcaster,92.66340831132703,93.45090831132703,94.80090831132703,96.03840831132703,97.41969919955328,98.62590831132704,99.41340831132703,2026-07-05T07:00:00+00:00
aus,KXHIGHAUS-26JUL05,96.03661825506413,raycaster_cloudcaster,92.66161825506413,93.44911825506412,94.79911825506413,96.03661825506413,97.414837149484,98.62411825506413,99.41161825506413,2026-07-05T08:00:00+00:00
aus,KXHIGHAUS-26JUL05,97.69411796451273,raycaster_cloudcaster,94.31911796451273,95.10661796451272,96.45661796451273,97.69411796451273,98.93161796451272,100.28161796451273,101.06911796451273,2026-07-05T09:00:00+00:00
aus,KXHIGHAUS-26JUL05,97.66019761833418,raycaster_cloudcaster,94.28519761833418,95.07269761833417,96.42269761833418,97.66019761833418,98.89769761833418,100.24769761833419,101.03519761833418,2026-07-05T10:00:00+00:00
aus,KXHIGHAUS-26JUL05,97.80762805343878,raycaster_cloudcaster,94.43262805343878,95.22012805343877,96.57012805343878,97.80762805343878,99.04512805343877,100.39512805343878,101.18262805343878,2026-07-05T11:00:00+00:00
aus,KXHIGHAUS-26JUL05,97.97773278009781,raycaster_cloudcaster,94.60273278009781,95.3902327800978,96.74023278009781,97.97773278009781,99.21523278009781,100.56523278009782,101.35273278009781,2026-07-05T12:00:00+00:00
aus,KXHIGHAUS-26JUL05,97.91050055175212,raycaster_cloudcaster,94.53550055175212,95.32300055175212,96.67300055175212,97.91050055175212,99.14800055175212,100.49800055175213,101.28550055175212,2026-07-05T13:00:00+00:00
aus,KXHIGHAUS-26JUL05,97.91022917447147,raycaster_cloudcaster,94.53522917447147,95.32272917447146,96.67272917447147,97.91022917447147,99.14772917447146,100.49772917447147,101.28522917447147,2026-07-05T14:00:00+00:00
aus,KXHIGHAUS-26JUL05,97.20255886945115,raycaster_cloudcaster,93.82755886945115,94.61505886945115,95.96505886945116,97.20255886945115,98.44005886945115,99.79005886945116,100.57755886945115,2026-07-05T15:00:00+00:00
aus,KXHIGHAUS-26JUL05,95.90885378092312,raycaster_cloudcaster,92.53385378092312,93.32135378092312,94.67135378092313,95.90885378092312,97.25824422507065,98.49635378092313,99.28385378092312,2026-07-05T16:00:00+00:00
aus,KXHIGHAUS-26JUL05,97.3050324904316,raycaster_cloudcaster,93.9300324904316,94.7175324904316,96.0675324904316,97.3050324904316,98.5425324904316,99.8925324904316,100.6800324904316,2026-07-05T17:00:00+00:00
aus,KXHIGHAUS-26JUL05,97.28459772879492,raycaster_cloudcaster,93.90959772879492,94.69709772879492,96.04709772879492,97.28459772879492,98.52209772879492,99.87209772879493,100.65959772879492,2026-07-05T18:00:00+00:00
aus,KXHIGHAUS-26JUL05,97.40303614825606,raycaster_cloudcaster,94.25,94.81553614825606,96.16553614825607,97.40303614825606,98.64053614825606,99.99053614825607,100.77803614825606,2026-07-05T19:00:00+00:00
aus,KXHIGHAUS-26JUL05,97.42530126955012,raycaster_cloudcaster,94.25,94.83780126955011,96.18780126955012,97.42530126955012,98.66280126955012,100.01280126955012,100.80030126955012,2026-07-05T20:00:00+00:00
aus,KXHIGHAUS-26JUL05,97.40934888042742,raycaster_cloudcaster,96.05,96.05,96.17184888042742,97.40934888042742,98.64684888042741,99.99684888042742,100.78434888042742,2026-07-05T21:00:00+00:00
aus,KXHIGHAUS-26JUL05,97.28681007393085,raycaster_cloudcaster,96.05,96.05,96.05,97.28681007393085,98.52431007393085,99.87431007393086,100.66181007393085,2026-07-05T22:00:00+00:00
aus,KXHIGHAUS-26JUL05,97.04734895556888,raycaster_cloudcaster,96.05,96.05,96.05,97.04734895556888,98.28484895556888,99.63484895556888,100.42234895556888,2026-07-05T23:00:00+00:00
aus,KXHIGHAUS-26JUL05,96.8,raycaster_cloudcaster,96.05,96.05,96.05,96.8,98.0375,99.3875,100.175,2026-07-06T00:00:00+00:00
aus,KXHIGHAUS-26JUL05,96.8,raycaster_cloudcaster,96.05,96.05,96.05,96.8,98.0375,99.3875,100.175,2026-07-06T01:00:00+00:00
aus,KXHIGHAUS-26JUL05,96.8,raycaster_cloudcaster,96.05,96.05,96.05,96.8,98.36323894526716,100.06859052192225,101.06337894163772,2026-07-06T02:00:00+00:00
aus,KXHIGHAUS-26JUL05,96.8,raycaster_cloudcaster,96.05,96.05,96.05,96.8,98.91116194310148,101.21424769921217,102.55771439027674,2026-07-06T03:00:00+00:00
aus,KXHIGHAUS-26JUL05,96.8,raycaster_cloudcaster,96.05,96.05,96.05,96.8,99.45496228786776,102.35128478372349,104.04080623963934,2026-07-06T04:00:00+00:00
aus,KXHIGHAUS-26JUL05,96.8,raycaster_cloudcaster,96.05,96.05,96.05,96.8,99.73361462192975,102.93392148221673,104.80076715071748,2026-07-06T05:00:00+00:00
den,KXHIGHDEN-26JUL05,93.23401880111615,raycaster_cloudcaster,89.85901880111615,90.64651880111614,91.99651880111615,93.23401880111615,94.47151880111615,95.82151880111616,96.60901880111615,2026-07-05T07:00:00+00:00
den,KXHIGHDEN-26JUL05,94.03075162980626,raycaster_cloudcaster,90.65575162980626,91.44325162980626,92.79325162980626,94.03075162980626,95.26825162980626,96.61825162980627,97.40575162980626,2026-07-05T08:00:00+00:00
den,KXHIGHDEN-26JUL05,93.85722813726014,raycaster_cloudcaster,90.48222813726014,91.26972813726013,92.61972813726014,93.85722813726014,95.09472813726013,96.44472813726014,97.23222813726014,2026-07-05T09:00:00+00:00
den,KXHIGHDEN-26JUL05,93.97891962286234,raycaster_cloudcaster,90.60391962286234,91.39141962286233,92.74141962286234,93.97891962286234,95.21641962286233,96.56641962286234,97.35391962286234,2026-07-05T10:00:00+00:00
den,KXHIGHDEN-26JUL05,93.82822897837988,raycaster_cloudcaster,90.45322897837988,91.24072897837988,92.59072897837989,93.82822897837988,95.06572897837988,96.41572897837989,97.20322897837988,2026-07-05T11:00:00+00:00
den,KXHIGHDEN-26JUL05,94.10130225794899,raycaster_cloudcaster,90.72630225794899,91.51380225794898,92.86380225794899,94.10130225794899,95.33880225794898,96.68880225794899,97.47630225794899,2026-07-05T12:00:00+00:00
den,KXHIGHDEN-26JUL05,94.14519366149442,raycaster_cloudcaster,90.77019366149442,91.55769366149441,92.90769366149442,94.14519366149442,95.38269366149441,96.73269366149442,97.52019366149442,2026-07-05T13:00:00+00:00
den,KXHIGHDEN-26JUL05,94.14519366149442,raycaster_cloudcaster,90.77019366149442,91.55769366149441,92.90769366149442,94.14519366149442,95.38269366149441,96.73269366149442,97.52019366149442,2026-07-05T14:00:00+00:00
den,KXHIGHDEN-26JUL05,93.43336860984884,raycaster_cloudcaster,90.05836860984884,90.84586860984884,92.19586860984884,93.43336860984884,94.67086860984884,96.02086860984885,96.80836860984884,2026-07-05T15:00:00+00:00
den,KXHIGHDEN-26JUL05,93.72473343524057,raycaster_cloudcaster,90.34973343524057,91.13723343524056,92.48723343524057,93.72473343524057,94.96223343524056,96.31223343524057,97.09973343524057,2026-07-05T16:00:00+00:00
den,KXHIGHDEN-26JUL05,93.67004161463262,raycaster_cloudcaster,90.29504161463262,91.08254161463262,92.43254161463263,93.67004161463262,94.90754161463262,96.25754161463263,97.04504161463262,2026-07-05T17:00:00+00:00
den,KXHIGHDEN-26JUL05,93.68304595207199,raycaster_cloudcaster,90.30804595207199,91.09554595207199,92.445545952072,93.68304595207199,94.92054595207199,96.270545952072,97.05804595207199,2026-07-05T18:00:00+00:00
den,KXHIGHDEN-26JUL05,93.66671285353462,raycaster_cloudcaster,90.29171285353462,91.07921285353461,92.42921285353462,93.66671285353462,94.90421285353462,96.25421285353463,97.04171285353462,2026-07-05T19:00:00+00:00
den,KXHIGHDEN-26JUL05,93.62763002319971,raycaster_cloudcaster,91.19,91.19,92.39013002319972,93.62763002319971,94.86513002319971,96.21513002319972,97.00263002319971,2026-07-05T20:00:00+00:00
den,KXHIGHDEN-26JUL05,93.66009784463385,raycaster_cloudcaster,91.19,91.19,92.42259784463386,93.66009784463385,94.89759784463385,96.24759784463386,97.03509784463385,2026-07-05T21:00:00+00:00
den,KXHIGHDEN-26JUL05,94.35736875632655,raycaster_cloudcaster,93.17,93.17,93.17,94.35736875632655,95.59486875632655,96.94486875632656,97.73236875632655,2026-07-05T22:00:00+00:00
den,KXHIGHDEN-26JUL05,94.18396422165158,raycaster_cloudcaster,93.17,93.17,93.17,94.18396422165158,95.42146422165158,96.77146422165158,97.55896422165158,2026-07-05T23:00:00+00:00
den,KXHIGHDEN-26JUL05,95.1429105306392,raycaster_cloudcaster,94.25,94.25,94.25,95.1429105306392,96.3804105306392,97.7304105306392,98.5179105306392,2026-07-06T00:00:00+00:00
den,KXHIGHDEN-26JUL05,95.16998307660795,raycaster_cloudcaster,94.25,94.25,94.25,95.16998307660795,96.40748307660795,97.75748307660795,98.54498307660795,2026-07-06T01:00:00+00:00
den,KXHIGHDEN-26JUL05,95.24733503083168,raycaster_cloudcaster,94.25,94.25,94.25,95.24733503083168,96.76345070913594,98.41739508546786,99.38219597166149,2026-07-06T02:00:00+00:00
den,KXHIGHDEN-26JUL05,95.2824675550434,raycaster_cloudcaster,94.25,94.25,94.25,95.2824675550434,97.2425675524925,99.38085845880063,100.62819482081369,2026-07-06T03:00:00+00:00
den,KXHIGHDEN-26JUL05,95.15914487628292,raycaster_cloudcaster,94.25,94.25,94.25,95.15914487628292,99.23340885889377,103.67806047628741,106.27077391976705,2026-07-06T04:00:00+00:00
den,KXHIGHDEN-26JUL05,95.16509971165301,raycaster_cloudcaster,94.25,94.25,94.25,95.16509971165301,99.79957346818676,104.85536302076902,107.80457359310869,2026-07-06T05:00:00+00:00
den,KXHIGHDEN-26JUL05,95.16589103915922,raycaster_cloudcaster,94.25,94.25,94.25,95.16589103915922,99.76557494134207,104.78341192554153,107.71048349965788,2026-07-06T06:00:00+00:00
la,KXHIGHLAX-26JUL05,74.6173620328864,raycaster_cloudcaster,71.03201686121882,71.8685974012746,73.05706383003744,74.6173620328864,75.93198859583119,77.36612666449821,78.20270720455399,2026-07-05T08:00:00+00:00
la,KXHIGHLAX-26JUL05,74.60739079729719,raycaster_cloudcaster,71.23239079729719,72.01989079729718,73.36989079729719,74.60739079729719,75.84489079729718,77.19489079729719,77.98239079729719,2026-07-05T09:00:00+00:00
la,KXHIGHLAX-26JUL05,74.58840203521392,raycaster_cloudcaster,71.21340203521392,72.00090203521391,73.35090203521392,74.58840203521392,75.82590203521391,77.17590203521392,77.96340203521392,2026-07-05T10:00:00+00:00
la,KXHIGHLAX-26JUL05,74.63764686527689,raycaster_cloudcaster,71.22624319523138,72.02223738490866,73.38679885292687,74.63764686527689,75.88849487762691,77.25305634564512,78.04905053532241,2026-07-05T11:00:00+00:00
la,KXHIGHLAX-26JUL05,73.72728832250245,raycaster_cloudcaster,70.35228832250245,71.13978832250244,72.48978832250245,73.72728832250245,74.96478832250244,76.31478832250245,77.10228832250245,2026-07-05T12:00:00+00:00
la,KXHIGHLAX-26JUL05,74.14391525516761,raycaster_cloudcaster,70.76891525516761,71.55641525516761,72.90641525516762,74.14391525516761,75.38141525516761,76.73141525516762,77.51891525516761,2026-07-05T13:00:00+00:00
la,KXHIGHLAX-26JUL05,74.15064413026705,raycaster_cloudcaster,70.77564413026705,71.56314413026705,72.91314413026706,74.15064413026705,75.38814413026705,76.73814413026706,77.52564413026705,2026-07-05T14:00:00+00:00
la,KXHIGHLAX-26JUL05,74.35440699679222,raycaster_cloudcaster,70.97940699679222,71.76690699679222,73.11690699679222,74.35440699679222,75.59190699679222,76.94190699679223,77.72940699679222,2026-07-05T15:00:00+00:00
la,KXHIGHLAX-26JUL05,74.09493220991172,raycaster_cloudcaster,70.71993220991172,71.50743220991171,72.85743220991172,74.09493220991172,75.33243220991172,76.68243220991172,77.46993220991172,2026-07-05T16:00:00+00:00
la,KXHIGHLAX-26JUL05,74.58346452847124,raycaster_cloudcaster,71.20846452847124,71.99596452847123,73.34596452847124,74.58346452847124,75.82096452847124,77.17096452847125,77.95846452847124,2026-07-05T17:00:00+00:00
la,KXHIGHLAX-26JUL05,74.8779736956744,raycaster_cloudcaster,71.5029736956744,72.2904736956744,73.6404736956744,74.8779736956744,76.1154736956744,77.4654736956744,78.2529736956744,2026-07-05T18:00:00+00:00
la,KXHIGHLAX-26JUL05,75.03488477957116,raycaster_cloudcaster,72.65,72.65,73.79738477957116,75.03488477957116,76.27238477957115,77.62238477957116,78.40988477957116,2026-07-05T19:00:00+00:00
la,KXHIGHLAX-26JUL05,74.76079785956644,raycaster_cloudcaster,72.65,72.65,73.52329785956644,74.76079785956644,75.99829785956643,77.34829785956644,78.13579785956644,2026-07-05T20:00:00+00:00
la,KXHIGHLAX-26JUL05,74.55083252784566,raycaster_cloudcaster,72.65,72.65,73.31333252784566,74.55083252784566,75.78833252784565,77.13833252784566,77.92583252784566,2026-07-05T21:00:00+00:00
la,KXHIGHLAX-26JUL05,75.57411329616245,raycaster_cloudcaster,74.45,74.45,74.45,75.57411329616245,76.81161329616245,78.16161329616246,78.94911329616245,2026-07-05T22:00:00+00:00
la,KXHIGHLAX-26JUL05,75.55276680174056,raycaster_cloudcaster,74.45,74.45,74.45,75.55276680174056,76.79026680174056,78.14026680174057,78.92776680174056,2026-07-05T23:00:00+00:00
la,KXHIGHLAX-26JUL05,75.57722864888406,raycaster_cloudcaster,74.45,74.45,74.45,75.57722864888406,76.81472864888406,78.16472864888406,78.95222864888406,2026-07-06T00:00:00+00:00
la,KXHIGHLAX-26JUL05,75.50336060407606,raycaster_cloudcaster,74.45,74.45,74.45,75.50336060407606,76.74086060407606,78.09086060407607,78.87836060407606,2026-07-06T01:00:00+00:00
la,KXHIGHLAX-26JUL05,75.44272297188742,raycaster_cloudcaster,74.45,74.45,74.45,75.44272297188742,77.23447407067319,79.18911163298493,80.32931687766678,2026-07-06T02:00:00+00:00
la,KXHIGHLAX-26JUL05,75.53573912600041,raycaster_cloudcaster,74.45,74.45,74.45,75.53573912600041,77.32749022478617,79.28212778709792,80.42233303177977,2026-07-06T03:00:00+00:00
la,KXHIGHLAX-26JUL05,75.50075170136864,raycaster_cloudcaster,74.45,74.45,74.45,75.50075170136864,77.30303213182334,79.26915623777394,80.41606196624511,2026-07-06T04:00:00+00:00
la,KXHIGHLAX-26JUL05,75.22280924330545,raycaster_cloudcaster,74.45,74.45,74.45,75.22280924330545,77.59622971806334,80.18541569052651,81.69577417446335,2026-07-06T05:00:00+00:00
la,KXHIGHLAX-26JUL05,75.21845358547769,raycaster_cloudcaster,74.45,74.45,74.45,75.21845358547769,77.56191832811838,80.11842532009004,81.60972106540684,2026-07-06T06:00:00+00:00
la,KXHIGHLAX-26JUL05,75.21836913717075,raycaster_cloudcaster,74.45,74.45,74.45,75.21836913717075,78.13341064630917,81.31345592900563,83.1684823439119,2026-07-06T07:00:00+00:00
mia,KXHIGHMIA-26JUL05,90.74756882873511,raycaster_cloudcaster,87.37256882873511,88.1600688287351,89.51006882873511,90.74756882873511,91.98506882873511,93.33506882873512,94.12256882873511,2026-07-05T05:00:00+00:00
mia,KXHIGHMIA-26JUL05,91.788349648914,raycaster_cloudcaster,88.413349648914,89.20084964891399,90.550849648914,91.788349648914,93.02584964891399,94.375849648914,95.163349648914,2026-07-05T06:00:00+00:00
mia,KXHIGHMIA-26JUL05,91.5567194125565,raycaster_cloudcaster,88.1817194125565,88.9692194125565,90.3192194125565,91.5567194125565,92.7942194125565,94.14421941255651,94.9317194125565,2026-07-05T07:00:00+00:00
mia,KXHIGHMIA-26JUL05,91.71807943684306,raycaster_cloudcaster,88.34307943684306,89.13057943684305,90.48057943684306,91.71807943684306,92.95557943684305,94.30557943684306,95.09307943684306,2026-07-05T08:00:00+00:00
mia,KXHIGHMIA-26JUL05,91.76039214010011,raycaster_cloudcaster,88.38539214010011,89.15780685848335,90.43254181849909,91.76039214010011,92.9978921401001,94.34789214010011,95.13539214010011,2026-07-05T09:00:00+00:00
mia,KXHIGHMIA-26JUL05,91.70122654042623,raycaster_cloudcaster,88.32622654042623,89.10780685848336,90.3533648324226,91.70122654042623,92.93872654042623,94.28872654042624,95.07622654042623,2026-07-05T10:00:00+00:00
mia,KXHIGHMIA-26JUL05,91.70051174926223,raycaster_cloudcaster,88.32551174926223,89.11301174926223,90.46301174926224,91.70051174926223,92.93801174926223,94.28801174926224,95.07551174926223,2026-07-05T11:00:00+00:00
mia,KXHIGHMIA-26JUL05,91.92426225720716,raycaster_cloudcaster,88.1541859980315,89.03387045850582,90.53702196567106,91.92426225720716,93.30662355223824,94.8146540559085,95.69433851638283,2026-07-05T12:00:00+00:00
mia,KXHIGHMIA-26JUL05,91.90795739642483,raycaster_cloudcaster,87.38573725583018,88.44092195530226,90.24981001154012,91.90795739642483,93.56610478130955,95.37499283754741,96.43017753701949,2026-07-05T13:00:00+00:00
mia,KXHIGHMIA-26JUL05,91.90677739737247,raycaster_cloudcaster,88.53177739737247,89.30780685848335,90.53702196567106,91.90677739737247,93.14427739737246,94.49427739737247,95.28177739737247,2026-07-05T14:00:00+00:00
mia,KXHIGHMIA-26JUL05,91.80614031601257,raycaster_cloudcaster,88.43114031601257,89.21864031601257,90.56864031601258,91.80614031601257,93.04364031601257,94.39364031601258,95.18114031601257,2026-07-05T15:00:00+00:00
mia,KXHIGHMIA-26JUL05,92.05406074879409,raycaster_cloudcaster,90.65,90.65,90.81656074879409,92.05406074879409,93.29156074879408,94.64156074879409,95.42906074879409,2026-07-05T16:00:00+00:00
mia,KXHIGHMIA-26JUL05,93.39009871039197,raycaster_cloudcaster,92.45,92.45,92.45,93.39009871039197,94.62759871039196,95.97759871039197,96.76509871039197,2026-07-05T17:00:00+00:00
mia,KXHIGHMIA-26JUL05,94.0965900378011,raycaster_cloudcaster,93.17,93.17,93.17,94.0965900378011,95.3340900378011,96.68409003780111,97.4715900378011,2026-07-05T18:00:00+00:00
mia,KXHIGHMIA-26JUL05,94.08042901972898,raycaster_cloudcaster,93.17,93.17,93.17,94.08042901972898,95.31792901972898,96.66792901972899,97.45542901972898,2026-07-05T19:00:00+00:00
mia,KXHIGHMIA-26JUL05,94.11481789799701,raycaster_cloudcaster,93.17,93.17,93.17,94.11481789799701,95.35231789799701,96.70231789799702,97.48981789799701,2026-07-05T20:00:00+00:00
mia,KXHIGHMIA-26JUL05,93.92515913252663,raycaster_cloudcaster,93.17,93.17,93.17,93.92515913252663,95.16265913252663,96.51265913252664,97.30015913252663,2026-07-05T21:00:00+00:00
mia,KXHIGHMIA-26JUL05,93.93020239644657,raycaster_cloudcaster,93.17,93.17,93.17,93.93020239644657,95.16770239644657,96.51770239644658,97.30520239644657,2026-07-05T22:00:00+00:00
mia,KXHIGHMIA-26JUL05,93.94741135853272,raycaster_cloudcaster,93.17,93.17,93.17,93.94741135853272,95.84936543526538,97.92422442806465,99.1345588405309,2026-07-05T23:00:00+00:00
mia,KXHIGHMIA-26JUL05,93.94026256364607,raycaster_cloudcaster,93.17,93.17,93.17,93.94026256364607,96.94064862380566,100.21379705307068,102.12313363680859,2026-07-06T00:00:00+00:00
mia,KXHIGHMIA-26JUL05,93.9397854564398,raycaster_cloudcaster,93.17,93.17,93.17,93.9397854564398,97.07540892076072,100.49608906365629,102.4914858136787,2026-07-06T01:00:00+00:00
mia,KXHIGHMIA-26JUL05,93.94367973525249,raycaster_cloudcaster,93.17,93.17,93.17,93.94367973525249,97.59082773197541,101.56953463749132,103.89044699904227,2026-07-06T02:00:00+00:00
mia,KXHIGHMIA-26JUL05,93.94367973525249,raycaster_cloudcaster,93.17,93.17,93.17,93.94367973525249,97.59082773197541,101.56953463749132,103.89044699904227,2026-07-06T03:00:00+00:00
mia,KXHIGHMIA-26JUL05,93.9296997517992,raycaster_cloudcaster,93.17,93.17,93.17,93.9296997517992,97.56339387211258,101.52742382154536,103.83977462538114,2026-07-06T04:00:00+00:00
nyc,KXHIGHNY-26JUL05,84.03207015198522,raycaster_cloudcaster,80.38207357664436,81.2337394442239,82.69373807436024,84.03207015198522,85.3704022296102,86.83040085974655,87.68206672732609,2026-07-05T05:00:00+00:00
nyc,KXHIGHNY-26JUL05,83.40830680018074,raycaster_cloudcaster,80.03330680018074,80.82080680018073,82.17080680018074,83.40830680018074,84.64580680018074,85.99580680018074,86.78330680018074,2026-07-05T06:00:00+00:00
nyc,KXHIGHNY-26JUL05,84.78183265380149,raycaster_cloudcaster,81.19902997991613,82.03501727048939,83.46813834004352,84.78183265380149,86.09552696755945,87.52864803711358,88.36463532768684,2026-07-05T07:00:00+00:00
nyc,KXHIGHNY-26JUL05,84.75353809185162,raycaster_cloudcaster,81.17073541796627,82.00672270853953,83.43984377809366,84.75353809185162,86.06723240560959,87.50035347516372,88.33634076573698,2026-07-05T08:00:00+00:00
nyc,KXHIGHNY-26JUL05,84.66923673949094,raycaster_cloudcaster,80.58364314736752,81.53694831886298,83.17118575571236,84.66923673949094,86.16728772326952,87.8015251601189,88.75483033161436,2026-07-05T09:00:00+00:00
nyc,KXHIGHNY-26JUL05,84.03941808455626,raycaster_cloudcaster,79.9486235407054,80.90314226760394,82.53946008514428,84.03941808455626,85.53937608396824,87.17569390150858,88.13021262840712,2026-07-05T10:00:00+00:00
nyc,KXHIGHNY-26JUL05,84.02421441180074,raycaster_cloudcaster,80.64921441180074,81.43671441180074,82.78671441180074,84.02421441180074,85.26171441180074,86.61171441180075,87.39921441180074,2026-07-05T11:00:00+00:00
nyc,KXHIGHNY-26JUL05,84.16751795799851,raycaster_cloudcaster,80.30904675815783,81.20935670478733,82.7527451847236,84.16751795799851,85.58229073127343,87.1256792112097,88.02598915783919,2026-07-05T12:00:00+00:00
nyc,KXHIGHNY-26JUL05,84.32005821073706,raycaster_cloudcaster,79.41939499031476,80.56288307507995,82.52314836324888,84.32005821073706,86.11696805822524,88.07723334639417,89.22072143115936,2026-07-05T13:00:00+00:00
nyc,KXHIGHNY-26JUL05,84.33270711034771,raycaster_cloudcaster,79.43204388992541,80.5755319746906,82.53579726285953,84.33270711034771,86.12961695783589,88.08988224600482,89.23337033077001,2026-07-05T14:00:00+00:00
nyc,KXHIGHNY-26JUL05,84.50885021743339,raycaster_cloudcaster,81.13385021743339,81.92135021743339,83.2713502174334,84.50885021743339,85.74635021743339,87.0963502174334,87.88385021743339,2026-07-05T15:00:00+00:00
nyc,KXHIGHNY-26JUL05,84.49554110379434,raycaster_cloudcaster,81.12054110379434,81.90804110379433,83.25804110379434,84.49554110379434,85.73304110379433,87.08304110379434,87.87054110379434,2026-07-05T16:00:00+00:00
nyc,KXHIGHNY-26JUL05,84.46119182185448,raycaster_cloudcaster,81.08619182185448,81.87369182185448,83.22369182185449,84.46119182185448,85.69869182185448,87.04869182185449,87.83619182185448,2026-07-05T17:00:00+00:00
nyc,KXHIGHNY-26JUL05,84.4163329779474,raycaster_cloudcaster,81.0413329779474,81.8288329779474,83.17883297794741,84.4163329779474,85.6538329779474,87.00383297794741,87.7913329779474,2026-07-05T18:00:00+00:00
nyc,KXHIGHNY-26JUL05,84.57097084434805,raycaster_cloudcaster,81.19597084434805,81.98347084434805,83.33347084434806,84.57097084434805,85.80847084434805,87.15847084434806,87.94597084434805,2026-07-05T19:00:00+00:00
nyc,KXHIGHNY-26JUL05,84.44315463851991,raycaster_cloudcaster,81.06815463851991,81.85565463851991,83.20565463851992,84.44315463851991,85.68065463851991,87.03065463851992,87.81815463851991,2026-07-05T20:00:00+00:00
nyc,KXHIGHNY-26JUL05,84.01710339842741,raycaster_cloudcaster,80.64210339842741,81.4296033984274,82.77960339842741,84.01710339842741,85.2546033984274,86.60460339842741,87.39210339842741,2026-07-05T21:00:00+00:00
nyc,KXHIGHNY-26JUL05,82.56478996449844,raycaster_cloudcaster,79.31,79.97728996449844,81.32728996449845,82.56478996449844,83.80228996449844,85.15228996449845,85.93978996449844,2026-07-05T22:00:00+00:00
nyc,KXHIGHNY-26JUL05,81.7974464441504,raycaster_cloudcaster,79.31,79.31,80.5363733098812,81.7974464441504,83.04225963495455,84.40023766128634,85.19239150997988,2026-07-05T23:00:00+00:00
nyc,KXHIGHNY-26JUL05,80.68487715468653,raycaster_cloudcaster,79.31,79.31,79.44737715468654,80.68487715468653,81.92237715468653,83.27237715468654,84.05987715468653,2026-07-06T00:00:00+00:00
nyc,KXHIGHNY-26JUL05,80.5934292370962,raycaster_cloudcaster,79.31,79.31,79.3559292370962,80.5934292370962,81.8309292370962,83.18092923709621,83.9684292370962,2026-07-06T01:00:00+00:00
nyc,KXHIGHNY-26JUL05,80.58471215009139,raycaster_cloudcaster,79.31,79.31,79.3472121500914,80.58471215009139,81.82221215009139,83.1722121500914,83.95971215009139,2026-07-06T02:00:00+00:00
nyc,KXHIGHNY-26JUL05,80.60635015208736,raycaster_cloudcaster,79.31,79.31,79.36885015208736,80.60635015208736,81.84385015208736,83.19385015208736,83.98135015208736,2026-07-06T03:00:00+00:00
nyc,KXHIGHNY-26JUL05,80.66656501660984,raycaster_cloudcaster,79.31,79.31,79.31,80.66656501660984,82.04774807471618,83.55449322901401,84.43342790235442,2026-07-06T04:00:00+00:00
okc,KXHIGHTOKC-26JUL05,92.02470012100899,raycaster_cloudcaster,88.64970012100899,89.43720012100898,90.787200121009,92.02470012100899,93.26220012100899,94.612200121009,95.39970012100899,2026-07-05T06:00:00+00:00
okc,KXHIGHTOKC-26JUL05,91.41811042934523,raycaster_cloudcaster,88.04311042934523,88.83061042934523,90.18061042934524,91.41811042934523,92.65561042934523,94.00561042934524,94.79311042934523,2026-07-05T07:00:00+00:00
okc,KXHIGHTOKC-26JUL05,92.35170877351612,raycaster_cloudcaster,88.97670877351612,89.76420877351612,91.11420877351613,92.35170877351612,93.58920877351612,94.93920877351613,95.72670877351612,2026-07-05T08:00:00+00:00
okc,KXHIGHTOKC-26JUL05,92.14003376720994,raycaster_cloudcaster,88.76503376720994,89.55253376720994,90.90253376720995,92.14003376720994,93.37753376720994,94.72753376720995,95.51503376720994,2026-07-05T09:00:00+00:00
okc,KXHIGHTOKC-26JUL05,92.13638635104874,raycaster_cloudcaster,88.76138635104874,89.54888635104874,90.89888635104874,92.13638635104874,93.37388635104874,94.72388635104875,95.51138635104874,2026-07-05T10:00:00+00:00
okc,KXHIGHTOKC-26JUL05,92.35697436335619,raycaster_cloudcaster,88.98197436335619,89.76947436335618,91.11947436335619,92.35697436335619,93.59447436335618,94.94447436335619,95.73197436335619,2026-07-05T11:00:00+00:00
okc,KXHIGHTOKC-26JUL05,92.28899871059748,raycaster_cloudcaster,88.91399871059748,89.70149871059748,91.05149871059749,92.28899871059748,93.52649871059748,94.87649871059749,95.66399871059748,2026-07-05T12:00:00+00:00
okc,KXHIGHTOKC-26JUL05,92.1045714057121,raycaster_cloudcaster,88.7295714057121,89.51707140571209,90.8670714057121,92.1045714057121,93.34207140571209,94.6920714057121,95.4795714057121,2026-07-05T13:00:00+00:00
okc,KXHIGHTOKC-26JUL05,92.17731004474831,raycaster_cloudcaster,88.80231004474831,89.5898100447483,90.93981004474831,92.17731004474831,93.41481004474831,94.76481004474832,95.55231004474831,2026-07-05T14:00:00+00:00
okc,KXHIGHTOKC-26JUL05,92.66679453316421,raycaster_cloudcaster,89.29179453316421,90.0792945331642,91.42929453316421,92.66679453316421,93.9042945331642,95.25429453316421,96.04179453316421,2026-07-05T15:00:00+00:00
okc,KXHIGHTOKC-26JUL05,92.85735502014599,raycaster_cloudcaster,89.48235502014599,90.26985502014598,91.61985502014599,92.85735502014599,94.09485502014599,95.444855020146,96.23235502014599,2026-07-05T16:00:00+00:00
okc,KXHIGHTOKC-26JUL05,93.26000274253768,raycaster_cloudcaster,89.88500274253768,90.67250274253767,92.02250274253768,93.26000274253768,94.49750274253768,95.84750274253769,96.63500274253768,2026-07-05T17:00:00+00:00
okc,KXHIGHTOKC-26JUL05,93.25231554144952,raycaster_cloudcaster,89.87731554144952,90.66481554144951,92.01481554144952,93.25231554144952,94.48981554144952,95.83981554144952,96.62731554144952,2026-07-05T18:00:00+00:00
okc,KXHIGHTOKC-26JUL05,93.25003726373014,raycaster_cloudcaster,89.87503726373014,90.66253726373013,92.01253726373014,93.25003726373014,94.48753726373013,95.83753726373014,96.62503726373014,2026-07-05T19:00:00+00:00
okc,KXHIGHTOKC-26JUL05,93.24792596667425,raycaster_cloudcaster,89.87292596667425,90.66042596667424,92.01042596667425,93.24792596667425,94.48542596667424,95.83542596667425,96.62292596667425,2026-07-05T20:00:00+00:00
okc,KXHIGHTOKC-26JUL05,92.71311479604681,raycaster_cloudcaster,89.33811479604681,90.1256147960468,91.47561479604681,92.71311479604681,93.9506147960468,95.30061479604682,96.08811479604681,2026-07-05T21:00:00+00:00
okc,KXHIGHTOKC-26JUL05,91.99301483202736,raycaster_cloudcaster,88.61801483202736,89.40551483202735,90.75551483202736,91.99301483202736,93.23051483202735,94.58051483202736,95.36801483202736,2026-07-05T22:00:00+00:00
okc,KXHIGHTOKC-26JUL05,90.1602872857962,raycaster_cloudcaster,87.05,87.5727872857962,88.9227872857962,90.1602872857962,91.3977872857962,92.7477872857962,93.5352872857962,2026-07-05T23:00:00+00:00
okc,KXHIGHTOKC-26JUL05,90.225423290997,raycaster_cloudcaster,87.05,87.637923290997,88.987923290997,90.225423290997,91.462923290997,92.812923290997,93.600423290997,2026-07-06T00:00:00+00:00
okc,KXHIGHTOKC-26JUL05,88.92710910345039,raycaster_cloudcaster,87.05,87.05,87.6896091034504,88.92710910345039,90.16460910345039,91.5146091034504,92.30210910345039,2026-07-06T01:00:00+00:00
okc,KXHIGHTOKC-26JUL05,88.47340012189306,raycaster_cloudcaster,87.05,87.05,87.05,88.47340012189306,90.24682392910893,92.18146808243532,93.31001050520905,2026-07-06T02:00:00+00:00
okc,KXHIGHTOKC-26JUL05,88.48350597574004,raycaster_cloudcaster,87.05,87.05,87.05,88.48350597574004,90.25692978295591,92.1915739362823,93.32011635905603,2026-07-06T03:00:00+00:00
okc,KXHIGHTOKC-26JUL05,88.56826658177503,raycaster_cloudcaster,87.05,87.05,87.05,88.56826658177503,91.3329891718372,94.34905017917772,96.10841910012637,2026-07-06T04:00:00+00:00
okc,KXHIGHTOKC-26JUL05,88.41499613596791,raycaster_cloudcaster,87.05,87.05,87.05,88.41499613596791,91.46531021815683,94.79292558054473,96.73403454193767,2026-07-06T05:00:00+00:00
aus,KXHIGHAUS-26JUL06,97.45231280363436,raycaster_cloudcaster,94.07731280363436,94.86481280363435,96.21481280363436,97.45231280363436,98.68981280363435,100.03981280363436,100.82731280363436,2026-07-06T06:00:00+00:00
aus,KXHIGHAUS-26JUL06,96.98921139359942,raycaster_cloudcaster,93.61421139359942,94.40171139359941,95.75171139359942,96.98921139359942,98.22671139359942,99.57671139359942,100.36421139359942,2026-07-06T07:00:00+00:00
aus,KXHIGHAUS-26JUL06,96.98921139359942,raycaster_cloudcaster,93.61421139359942,94.40171139359941,95.75171139359942,96.98921139359942,98.22671139359942,99.57671139359942,100.36421139359942,2026-07-06T08:00:00+00:00
aus,KXHIGHAUS-26JUL06,97.05026232785715,raycaster_cloudcaster,93.67526232785715,94.46276232785715,95.81276232785716,97.05026232785715,98.28776232785715,99.63776232785716,100.42526232785715,2026-07-06T09:00:00+00:00
aus,KXHIGHAUS-26JUL06,97.0230570615304,raycaster_cloudcaster,93.6480570615304,94.43555706153039,95.7855570615304,97.0230570615304,98.26055706153039,99.6105570615304,100.3980570615304,2026-07-06T10:00:00+00:00
aus,KXHIGHAUS-26JUL06,97.0608911275213,raycaster_cloudcaster,93.6858911275213,94.4733911275213,95.8233911275213,97.0608911275213,98.2983911275213,99.64839112752131,100.4358911275213,2026-07-06T11:00:00+00:00
aus,KXHIGHAUS-26JUL06,97.16514432786435,raycaster_cloudcaster,93.79014432786435,94.57764432786435,95.92764432786436,97.16514432786435,98.40264432786435,99.75264432786436,100.54014432786435,2026-07-06T12:00:00+00:00
aus,KXHIGHAUS-26JUL06,97.15427393032094,raycaster_cloudcaster,93.77927393032094,94.56677393032093,95.91677393032094,97.15427393032094,98.39177393032094,99.74177393032095,100.52927393032094,2026-07-06T13:00:00+00:00
aus,KXHIGHAUS-26JUL06,97.12182771410323,raycaster_cloudcaster,93.74682771410323,94.53432771410323,95.88432771410324,97.12182771410323,98.35932771410323,99.70932771410324,100.49682771410323,2026-07-06T14:00:00+00:00
aus,KXHIGHAUS-26JUL06,97.12773566629728,raycaster_cloudcaster,93.75273566629728,94.54023566629728,95.89023566629729,97.12773566629728,98.36523566629728,99.71523566629729,100.50273566629728,2026-07-06T15:00:00+00:00
aus,KXHIGHAUS-26JUL06,96.99353002601737,raycaster_cloudcaster,93.61853002601737,94.40603002601736,95.75603002601737,96.99353002601737,98.23103002601736,99.58103002601737,100.36853002601737,2026-07-06T16:00:00+00:00
aus,KXHIGHAUS-26JUL06,96.94710505943078,raycaster_cloudcaster,93.57210505943078,94.35960505943078,95.70960505943079,96.94710505943078,98.18460505943078,99.53460505943079,100.32210505943078,2026-07-06T17:00:00+00:00
aus,KXHIGHAUS-26JUL06,96.92081574396849,raycaster_cloudcaster,93.54581574396849,94.33331574396848,95.68331574396849,96.92081574396849,98.15831574396849,99.5083157439685,100.29581574396849,2026-07-06T18:00:00+00:00
aus,KXHIGHAUS-26JUL06,96.95048948510072,raycaster_cloudcaster,93.57548948510072,94.36298948510071,95.71298948510072,96.95048948510072,98.18798948510072,99.53798948510072,100.32548948510072,2026-07-06T19:00:00+00:00
aus,KXHIGHAUS-26JUL06,97.29378738666469,raycaster_cloudcaster,93.91878738666469,94.70628738666468,96.05628738666469,97.29378738666469,98.53128738666469,99.8812873866647,100.66878738666469,2026-07-06T20:00:00+00:00
aus,KXHIGHAUS-26JUL06,97.10044574091896,raycaster_cloudcaster,96.05,96.05,96.05,97.10044574091896,98.33794574091895,99.68794574091896,100.47544574091896,2026-07-06T21:00:00+00:00
aus,KXHIGHAUS-26JUL06,97.07674483190577,raycaster_cloudcaster,96.05,96.05,96.05,97.07674483190577,98.31424483190577,99.66424483190578,100.45174483190577,2026-07-06T22:00:00+00:00
aus,KXHIGHAUS-26JUL06,98.06,raycaster_cloudcaster,97.31,97.31,97.31,98.06,99.2975,100.64750000000001,101.435,2026-07-06T23:00:00+00:00
aus,KXHIGHAUS-26JUL06,98.06,raycaster_cloudcaster,97.31,97.31,97.31,98.06,99.2975,100.64750000000001,101.435,2026-07-07T00:00:00+00:00
aus,KXHIGHAUS-26JUL06,98.06,raycaster_cloudcaster,97.31,97.31,97.31,98.06,99.2975,100.64750000000001,101.435,2026-07-07T01:00:00+00:00
aus,KXHIGHAUS-26JUL06,98.06,raycaster_cloudcaster,97.31,97.31,97.31,98.06,99.98390566036903,102.08271183531707,103.3070154373701,2026-07-07T02:00:00+00:00
aus,KXHIGHAUS-26JUL06,98.06,raycaster_cloudcaster,97.31,97.31,97.31,98.06,99.98838627873153,102.09208040098409,103.31923530563142,2026-07-07T03:00:00+00:00
aus,KXHIGHAUS-26JUL06,98.06,raycaster_cloudcaster,97.31,97.31,97.31,98.06,100.51293686017395,103.1888679803637,104.74982780047439,2026-07-07T04:00:00+00:00
aus,KXHIGHAUS-26JUL06,98.06,raycaster_cloudcaster,97.31,97.31,97.31,98.06,101.04046091066466,104.29187281320792,106.18852975635816,2026-07-07T05:00:00+00:00
den,KXHIGHDEN-26JUL06,96.64942768912692,raycaster_cloudcaster,93.27442768912692,94.06192768912692,95.41192768912693,96.64942768912692,97.88692768912692,99.23692768912693,100.02442768912692,2026-07-06T07:00:00+00:00
den,KXHIGHDEN-26JUL06,96.62186697195398,raycaster_cloudcaster,93.24686697195398,94.03436697195397,95.38436697195398,96.62186697195398,97.85936697195397,99.20936697195398,99.99686697195398,2026-07-06T08:00:00+00:00
den,KXHIGHDEN-26JUL06,96.80272244596178,raycaster_cloudcaster,93.42772244596178,94.21522244596177,95.56522244596178,96.80272244596178,98.04022244596177,99.39022244596178,100.17772244596178,2026-07-06T09:00:00+00:00
den,KXHIGHDEN-26JUL06,96.80520113977377,raycaster_cloudcaster,93.43020113977377,94.21770113977377,95.56770113977377,96.80520113977377,98.04270113977377,99.39270113977378,100.18020113977377,2026-07-06T10:00:00+00:00
den,KXHIGHDEN-26JUL06,96.78372917228204,raycaster_cloudcaster,93.40872917228204,94.19622917228203,95.54622917228204,96.78372917228204,98.02122917228203,99.37122917228204,100.15872917228204,2026-07-06T11:00:00+00:00
den,KXHIGHDEN-26JUL06,96.79477660469456,raycaster_cloudcaster,93.41977660469456,94.20727660469456,95.55727660469456,96.79477660469456,98.03227660469456,99.38227660469457,100.16977660469456,2026-07-06T12:00:00+00:00
den,KXHIGHDEN-26JUL06,96.88490044287575,raycaster_cloudcaster,93.50990044287575,94.29740044287574,95.64740044287575,96.88490044287575,98.12240044287574,99.47240044287575,100.25990044287575,2026-07-06T13:00:00+00:00
den,KXHIGHDEN-26JUL06,96.88490044287575,raycaster_cloudcaster,93.50990044287575,94.29740044287574,95.64740044287575,96.88490044287575,98.12240044287574,99.47240044287575,100.25990044287575,2026-07-06T14:00:00+00:00
den,KXHIGHDEN-26JUL06,96.46069781425055,raycaster_cloudcaster,93.08569781425055,93.87319781425055,95.22319781425055,96.46069781425055,97.69819781425055,99.04819781425056,99.83569781425055,2026-07-06T15:00:00+00:00
den,KXHIGHDEN-26JUL06,96.16694690987421,raycaster_cloudcaster,92.79194690987421,93.5794469098742,94.92944690987422,96.16694690987421,97.40444690987421,98.75444690987422,99.54194690987421,2026-07-06T16:00:00+00:00
den,KXHIGHDEN-26JUL06,96.15560252790772,raycaster_cloudcaster,92.78060252790772,93.56810252790771,94.91810252790772,96.15560252790772,97.39310252790771,98.74310252790772,99.53060252790772,2026-07-06T17:00:00+00:00
den,KXHIGHDEN-26JUL06,96.51820851798601,raycaster_cloudcaster,93.14320851798601,93.930708517986,95.28070851798601,96.51820851798601,97.75570851798601,99.10570851798602,99.89320851798601,2026-07-06T18:00:00+00:00
den,KXHIGHDEN-26JUL06,96.46552233437671,raycaster_cloudcaster,93.09052233437671,93.87802233437671,95.22802233437672,96.46552233437671,97.70302233437671,99.05302233437672,99.84052233437671,2026-07-06T19:00:00+00:00
den,KXHIGHDEN-26JUL06,95.3233672590018,raycaster_cloudcaster,94.25,94.25,94.25,95.3233672590018,96.5608672590018,97.9108672590018,98.6983672590018,2026-07-06T20:00:00+00:00
den,KXHIGHDEN-26JUL06,97.2331220389123,raycaster_cloudcaster,96.23,96.23,96.23,97.2331220389123,98.4706220389123,99.8206220389123,100.6081220389123,2026-07-06T21:00:00+00:00
den,KXHIGHDEN-26JUL06,97.12334789851423,raycaster_cloudcaster,96.23,96.23,96.23,97.12334789851423,98.36084789851422,99.71084789851423,100.49834789851423,2026-07-06T22:00:00+00:00
den,KXHIGHDEN-26JUL06,97.08274787597718,raycaster_cloudcaster,96.23,96.23,96.23,97.08274787597718,98.32024787597717,99.67024787597718,100.45774787597718,2026-07-06T23:00:00+00:00
den,KXHIGHDEN-26JUL06,97.10156788177943,raycaster_cloudcaster,96.23,96.23,96.23,97.10156788177943,98.52670947474485,100.08140939434348,100.98831768077602,2026-07-07T00:00:00+00:00
den,KXHIGHDEN-26JUL06,97.10513388838847,raycaster_cloudcaster,96.23,96.23,96.23,97.10513388838847,98.60183578255443,100.23460148528095,101.18704814520476,2026-07-07T01:00:00+00:00
den,KXHIGHDEN-26JUL06,97.1159177493034,raycaster_cloudcaster,96.23,96.23,96.23,97.1159177493034,98.93931034553714,100.92846590506485,102.08880664812268,2026-07-07T02:00:00+00:00
den,KXHIGHDEN-26JUL06,97.14714690570719,raycaster_cloudcaster,96.23,96.23,96.23,97.14714690570719,99.62004281132069,102.31774743562632,103.89140846647128,2026-07-07T03:00:00+00:00
den,KXHIGHDEN-26JUL06,97.06771829202759,raycaster_cloudcaster,96.23,96.23,96.23,97.06771829202759,100.56655720086579,104.3834723741438,106.61000622522265,2026-07-07T04:00:00+00:00
den,KXHIGHDEN-26JUL06,97.06837002585733,raycaster_cloudcaster,96.23,96.23,96.23,97.06837002585733,101.10563242877345,105.50991868650011,108.07908567017401,2026-07-07T05:00:00+00:00
den,KXHIGHDEN-26JUL06,97.06872034126702,raycaster_cloudcaster,96.23,96.23,96.23,97.06872034126702,101.64800276977043,106.64358360086504,109.55767241900358,2026-07-07T06:00:00+00:00
la,KXHIGHLAX-26JUL06,74.68404079799114,raycaster_cloudcaster,70.36216620471568,71.37060360981329,73.09935344712348,74.68404079799114,76.26872814885881,77.997477986169,79.00591539126661,2026-07-06T08:00:00+00:00
la,KXHIGHLAX-26JUL06,74.24876534197975,raycaster_cloudcaster,70.22107679890694,71.1608707922906,72.77194620951971,74.24876534197975,75.72558447443978,77.3366598916689,78.27645388505256,2026-07-06T09:00:00+00:00
la,KXHIGHLAX-26JUL06,74.2205728091438,raycaster_cloudcaster,70.19288426607099,71.13267825945465,72.74375367668377,74.2205728091438,75.69739194160384,77.30846735883296,78.24826135221662,2026-07-06T10:00:00+00:00
la,KXHIGHLAX-26JUL06,74.48744337475735,raycaster_cloudcaster,70.46856293363945,71.40630170323362,73.01385387968078,74.48744337475735,75.96103286983391,77.56858504628107,78.50632381587525,2026-07-06T11:00:00+00:00
la,KXHIGHLAX-26JUL06,74.55426022475424,raycaster_cloudcaster,70.53537978363634,71.47311855323052,73.08067072967768,74.55426022475424,76.02784971983081,77.63540189627797,78.57314066587215,2026-07-06T12:00:00+00:00
la,KXHIGHLAX-26JUL06,74.410428427497,raycaster_cloudcaster,70.34869542297787,71.29643312403233,72.92112632583998,74.410428427497,75.89973052915401,77.52442373096166,78.47216143201612,2026-07-06T13:00:00+00:00
la,KXHIGHLAX-26JUL06,74.410428427497,raycaster_cloudcaster,70.34869542297787,71.29643312403233,72.92112632583998,74.410428427497,75.89973052915401,77.52442373096166,78.47216143201612,2026-07-06T14:00:00+00:00
la,KXHIGHLAX-26JUL06,73.79408005854631,raycaster_cloudcaster,69.87313629460377,70.78802317285702,72.35640067843404,73.79408005854631,75.23175943865859,76.8001369442356,77.71502382248886,2026-07-06T15:00:00+00:00
la,KXHIGHLAX-26JUL06,73.66446905548132,raycaster_cloudcaster,69.65088275393005,70.58738622429202,72.19282074491252,73.66446905548132,75.13611736605012,76.74155188667062,77.67805535703259,2026-07-06T16:00:00+00:00
la,KXHIGHLAX-26JUL06,74.03570571310426,raycaster_cloudcaster,70.85,71.01483717078072,72.59094249721039,74.03570571310426,75.48046892899814,77.0565742554278,77.97596902917846,2026-07-06T17:00:00+00:00
la,KXHIGHLAX-26JUL06,74.4331494953852,raycaster_cloudcaster,72.65,72.65,73.1956494953852,74.4331494953852,75.67064949538519,77.0206494953852,77.8081494953852,2026-07-06T18:00:00+00:00
la,KXHIGHLAX-26JUL06,75.6057433966494,raycaster_cloudcaster,73.19,73.19,74.3682433966494,75.6057433966494,76.8432433966494,78.19324339664941,78.9807433966494,2026-07-06T19:00:00+00:00
la,KXHIGHLAX-26JUL06,75.74692148808566,raycaster_cloudcaster,74.45,74.45,74.50942148808566,75.74692148808566,76.98442148808566,78.33442148808567,79.12192148808566,2026-07-06T20:00:00+00:00
la,KXHIGHLAX-26JUL06,75.84115983950925,raycaster_cloudcaster,74.45,74.45,74.60365983950925,75.84115983950925,77.07865983950924,78.42865983950925,79.21615983950925,2026-07-06T21:00:00+00:00
la,KXHIGHLAX-26JUL06,75.634577224633,raycaster_cloudcaster,74.45,74.45,74.45,75.634577224633,76.872077224633,78.22207722463301,79.009577224633,2026-07-06T22:00:00+00:00
la,KXHIGHLAX-26JUL06,75.50310724297816,raycaster_cloudcaster,74.45,74.45,74.45,75.50310724297816,76.74060724297816,78.09060724297817,78.87810724297816,2026-07-06T23:00:00+00:00
la,KXHIGHLAX-26JUL06,75.44201998424973,raycaster_cloudcaster,74.45,74.45,74.45,75.44201998424973,76.67951998424972,78.02951998424973,78.81701998424973,2026-07-07T00:00:00+00:00
la,KXHIGHLAX-26JUL06,75.44701767877274,raycaster_cloudcaster,74.45,74.45,74.45,75.44701767877274,76.68451767877274,78.03451767877274,78.82201767877274,2026-07-07T01:00:00+00:00
la,KXHIGHLAX-26JUL06,75.2985718429758,raycaster_cloudcaster,74.45,74.45,74.45,75.2985718429758,76.73577772593065,78.30363868915411,79.21822425103446,2026-07-07T02:00:00+00:00
la,KXHIGHLAX-26JUL06,75.2,raycaster_cloudcaster,74.45,74.45,74.45,75.2,77.43737809723793,79.87815420331566,81.30194026519435,2026-07-07T03:00:00+00:00
la,KXHIGHLAX-26JUL06,75.2,raycaster_cloudcaster,74.45,74.45,74.45,75.2,77.43737809723793,79.87815420331566,81.30194026519435,2026-07-07T04:00:00+00:00
la,KXHIGHLAX-26JUL06,75.2,raycaster_cloudcaster,74.45,74.45,74.45,75.2,77.43737809723793,79.87815420331566,81.30194026519435,2026-07-07T05:00:00+00:00
la,KXHIGHLAX-26JUL06,75.2,raycaster_cloudcaster,74.45,74.45,74.45,75.2,77.35708709838059,79.71027302388669,81.08296481376524,2026-07-07T06:00:00+00:00
la,KXHIGHLAX-26JUL06,75.2,raycaster_cloudcaster,74.45,74.45,74.45,75.2,77.92579800242058,80.89939582324303,82.63399455205612,2026-07-07T07:00:00+00:00
mia,KXHIGHMIA-26JUL06,91.08302338629193,raycaster_cloudcaster,87.70802338629193,88.49552338629192,89.84552338629193,91.08302338629193,92.32052338629192,93.67052338629193,94.45802338629193,2026-07-06T05:00:00+00:00
mia,KXHIGHMIA-26JUL06,91.99356075175045,raycaster_cloudcaster,88.61856075175045,89.40606075175045,90.75606075175045,91.99356075175045,93.23106075175045,94.58106075175046,95.36856075175045,2026-07-06T06:00:00+00:00
mia,KXHIGHMIA-26JUL06,91.11516496310544,raycaster_cloudcaster,87.74016496310544,88.52766496310544,89.87766496310545,91.11516496310544,92.35266496310544,93.70266496310545,94.49016496310544,2026-07-06T07:00:00+00:00
mia,KXHIGHMIA-26JUL06,91.11344147463188,raycaster_cloudcaster,87.73844147463188,88.52594147463188,89.87594147463189,91.11344147463188,92.35094147463188,93.70094147463189,94.48844147463188,2026-07-06T08:00:00+00:00
mia,KXHIGHMIA-26JUL06,91.87089621073041,raycaster_cloudcaster,88.49589621073041,89.2833962107304,90.4398747748465,91.87089621073041,93.1083962107304,94.45839621073041,95.24589621073041,2026-07-06T09:00:00+00:00
mia,KXHIGHMIA-26JUL06,91.83389358204218,raycaster_cloudcaster,88.45889358204218,89.24639358204217,90.4398747748465,91.83389358204218,93.07139358204218,94.42139358204219,95.20889358204218,2026-07-06T10:00:00+00:00
mia,KXHIGHMIA-26JUL06,91.13234248222541,raycaster_cloudcaster,87.75734248222541,88.5448424822254,89.89484248222541,91.13234248222541,92.36984248222541,93.71984248222542,94.50734248222541,2026-07-06T11:00:00+00:00
mia,KXHIGHMIA-26JUL06,91.6383051964716,raycaster_cloudcaster,88.2633051964716,89.0508051964716,90.40080519647161,91.6383051964716,92.8758051964716,94.22580519647161,95.0133051964716,2026-07-06T12:00:00+00:00
mia,KXHIGHMIA-26JUL06,90.97892327174523,raycaster_cloudcaster,87.60392327174523,88.39142327174523,89.74142327174523,90.97892327174523,92.21642327174523,93.56642327174524,94.35392327174523,2026-07-06T13:00:00+00:00
mia,KXHIGHMIA-26JUL06,90.99162179130413,raycaster_cloudcaster,87.61662179130413,88.40412179130412,89.75412179130413,90.99162179130413,92.22912179130412,93.57912179130413,94.36662179130413,2026-07-06T14:00:00+00:00
mia,KXHIGHMIA-26JUL06,91.34064527294741,raycaster_cloudcaster,87.96564527294741,88.7531452729474,90.10314527294742,91.34064527294741,92.57814527294741,93.92814527294742,94.71564527294741,2026-07-06T15:00:00+00:00
mia,KXHIGHMIA-26JUL06,91.31374810212137,raycaster_cloudcaster,87.93874810212137,88.72624810212136,90.07624810212137,91.31374810212137,92.55124810212136,93.90124810212137,94.68874810212137,2026-07-06T16:00:00+00:00
mia,KXHIGHMIA-26JUL06,91.34443323227055,raycaster_cloudcaster,88.85,88.85,90.10693323227055,91.34443323227055,92.58193323227054,93.93193323227055,94.71943323227055,2026-07-06T17:00:00+00:00
mia,KXHIGHMIA-26JUL06,92.04032314018085,raycaster_cloudcaster,90.65,90.65,90.80282314018085,92.04032314018085,93.27782314018084,94.62782314018085,95.41532314018085,2026-07-06T18:00:00+00:00
mia,KXHIGHMIA-26JUL06,91.99463395892417,raycaster_cloudcaster,90.65,90.65,90.75713395892417,91.99463395892417,93.23213395892417,94.58213395892417,95.36963395892417,2026-07-06T19:00:00+00:00
mia,KXHIGHMIA-26JUL06,92.01217568822923,raycaster_cloudcaster,90.65,90.65,90.77467568822924,92.01217568822923,93.24967568822923,94.59967568822924,95.38717568822923,2026-07-06T20:00:00+00:00
mia,KXHIGHMIA-26JUL06,91.77738034248137,raycaster_cloudcaster,90.65,90.65,90.65,91.77738034248137,93.01488034248136,94.36488034248137,95.15238034248137,2026-07-06T21:00:00+00:00
mia,KXHIGHMIA-26JUL06,91.76396942905404,raycaster_cloudcaster,90.65,90.65,90.65,91.76396942905404,93.00146942905404,94.35146942905405,95.13896942905404,2026-07-06T22:00:00+00:00
mia,KXHIGHMIA-26JUL06,91.75180602214269,raycaster_cloudcaster,90.65,90.65,90.65,91.75180602214269,93.21687223225061,94.81512627964108,95.74744114061885,2026-07-06T23:00:00+00:00
mia,KXHIGHMIA-26JUL06,91.54382100277286,raycaster_cloudcaster,90.65,90.65,90.65,91.54382100277286,93.96943324507376,96.6155556912202,98.15912711813895,2026-07-07T00:00:00+00:00
mia,KXHIGHMIA-26JUL06,91.54304292951399,raycaster_cloudcaster,90.65,90.65,90.65,91.54304292951399,93.96865517181489,96.61477761796132,98.15834904488008,2026-07-07T01:00:00+00:00
mia,KXHIGHMIA-26JUL06,91.41816406884763,raycaster_cloudcaster,90.65,90.65,90.65,91.41816406884763,94.4269154294622,97.70918964104173,99.62384959779645,2026-07-07T02:00:00+00:00
mia,KXHIGHMIA-26JUL06,91.437250952956,raycaster_cloudcaster,90.65,90.65,90.65,91.437250952956,94.46728176963099,97.77276993327641,99.70097136206957,2026-07-07T03:00:00+00:00
mia,KXHIGHMIA-26JUL06,91.41241324208801,raycaster_cloudcaster,90.65,90.65,90.65,91.41241324208801,94.74835254009689,98.38755904701567,100.51042950938496,2026-07-07T04:00:00+00:00
nyc,KXHIGHNY-26JUL06,74.30552729142306,raycaster_cloudcaster,70.93052729142306,71.71802729142306,73.06802729142306,74.30552729142306,75.54302729142306,76.89302729142307,77.68052729142306,2026-07-06T05:00:00+00:00
nyc,KXHIGHNY-26JUL06,74.32906042215504,raycaster_cloudcaster,70.94866473525683,71.7374237288664,73.0895820036257,74.32906042215504,75.56853884068438,76.92069711544367,77.70945610905325,2026-07-06T06:00:00+00:00
nyc,KXHIGHNY-26JUL06,74.09661375550766,raycaster_cloudcaster,70.72161375550766,71.50911375550766,72.85911375550766,74.09661375550766,75.33411375550766,76.68411375550767,77.47161375550766,2026-07-06T07:00:00+00:00
nyc,KXHIGHNY-26JUL06,73.51626221303059,raycaster_cloudcaster,70.14126221303059,70.92876221303058,72.27876221303059,73.51626221303059,74.75376221303058,76.10376221303059,76.89126221303059,2026-07-06T08:00:00+00:00
nyc,KXHIGHNY-26JUL06,73.4389764513613,raycaster_cloudcaster,70.0639764513613,70.8514764513613,72.2014764513613,73.4389764513613,74.6764764513613,76.0264764513613,76.8139764513613,2026-07-06T09:00:00+00:00
nyc,KXHIGHNY-26JUL06,73.43054293547537,raycaster_cloudcaster,70.05554293547537,70.84304293547537,72.19304293547538,73.43054293547537,74.66804293547537,76.01804293547538,76.80554293547537,2026-07-06T10:00:00+00:00
nyc,KXHIGHNY-26JUL06,73.34769282292439,raycaster_cloudcaster,69.97269282292439,70.76019282292438,72.11019282292439,73.34769282292439,74.58519282292438,75.93519282292439,76.72269282292439,2026-07-06T11:00:00+00:00
nyc,KXHIGHNY-26JUL06,72.15001829963371,raycaster_cloudcaster,68.77501829963371,69.56251829963371,70.91251829963372,72.15001829963371,73.38751829963371,74.73751829963372,75.52501829963371,2026-07-06T12:00:00+00:00
nyc,KXHIGHNY-26JUL06,71.48128201254978,raycaster_cloudcaster,68.33,68.89378201254978,70.24378201254979,71.48128201254978,72.71878201254978,74.06878201254979,74.85628201254978,2026-07-06T13:00:00+00:00
nyc,KXHIGHNY-26JUL06,71.4860563320788,raycaster_cloudcaster,68.33,68.8985563320788,70.2485563320788,71.4860563320788,72.7235563320788,74.07355633207881,74.8610563320788,2026-07-06T14:00:00+00:00
nyc,KXHIGHNY-26JUL06,72.66411316501492,raycaster_cloudcaster,69.28911316501492,70.07661316501492,71.42661316501493,72.66411316501492,73.90161316501492,75.25161316501493,76.03911316501492,2026-07-06T15:00:00+00:00
nyc,KXHIGHNY-26JUL06,72.05906686637029,raycaster_cloudcaster,68.68406686637029,69.47156686637028,70.82156686637029,72.05906686637029,73.29656686637028,74.64656686637029,75.43406686637029,2026-07-06T16:00:00+00:00
nyc,KXHIGHNY-26JUL06,72.81078566239665,raycaster_cloudcaster,69.43578566239665,70.22328566239665,71.57328566239666,72.81078566239665,74.04828566239665,75.39828566239666,76.18578566239665,2026-07-06T17:00:00+00:00
nyc,KXHIGHNY-26JUL06,73.58648813149443,raycaster_cloudcaster,70.21148813149443,70.99898813149443,72.34898813149444,73.58648813149443,74.82398813149443,76.17398813149444,76.96148813149443,2026-07-06T18:00:00+00:00
nyc,KXHIGHNY-26JUL06,73.58990635210297,raycaster_cloudcaster,70.21490635210297,71.00240635210297,72.35240635210297,73.58990635210297,74.82740635210297,76.17740635210298,76.96490635210297,2026-07-06T19:00:00+00:00
nyc,KXHIGHNY-26JUL06,73.43028382052512,raycaster_cloudcaster,70.05528382052512,70.84278382052511,72.19278382052512,73.43028382052512,74.66778382052512,76.01778382052512,76.80528382052512,2026-07-06T20:00:00+00:00
nyc,KXHIGHNY-26JUL06,73.1133174401429,raycaster_cloudcaster,69.7383174401429,70.52581744014289,71.8758174401429,73.1133174401429,74.35081744014289,75.7008174401429,76.4883174401429,2026-07-06T21:00:00+00:00
nyc,KXHIGHNY-26JUL06,73.05869749733533,raycaster_cloudcaster,69.68369749733533,70.47119749733533,71.82119749733533,73.05869749733533,74.29619749733533,75.64619749733534,76.43369749733533,2026-07-06T22:00:00+00:00
nyc,KXHIGHNY-26JUL06,72.3383897465469,raycaster_cloudcaster,69.05,69.75088974654689,71.1008897465469,72.3383897465469,73.57588974654689,74.9258897465469,75.7133897465469,2026-07-06T23:00:00+00:00
nyc,KXHIGHNY-26JUL06,71.13402723832584,raycaster_cloudcaster,69.05,69.05,69.89652723832585,71.13402723832584,72.37152723832584,73.72152723832585,74.50902723832584,2026-07-07T00:00:00+00:00
nyc,KXHIGHNY-26JUL06,70.35805925081164,raycaster_cloudcaster,69.05,69.05,69.12055925081164,70.35805925081164,71.59555925081163,72.94555925081164,73.73305925081164,2026-07-07T01:00:00+00:00
nyc,KXHIGHNY-26JUL06,70.26414020721916,raycaster_cloudcaster,69.05,69.05,69.05,70.26414020721916,71.50164020721915,72.85164020721916,73.63914020721916,2026-07-07T02:00:00+00:00
nyc,KXHIGHNY-26JUL06,70.37971022868135,raycaster_cloudcaster,69.05,69.05,69.14221022868135,70.37971022868135,71.61721022868134,72.96721022868135,73.75471022868135,2026-07-07T03:00:00+00:00
nyc,KXHIGHNY-26JUL06,70.44973678431457,raycaster_cloudcaster,69.05,69.05,69.21223678431457,70.44973678431457,71.68723678431456,73.03723678431457,73.82473678431457,2026-07-07T04:00:00+00:00
okc,KXHIGHTOKC-26JUL06,92.19333282295794,raycaster_cloudcaster,88.81833282295794,89.60583282295794,90.95583282295794,92.19333282295794,93.87407161962172,94.78083282295795,95.56833282295794,2026-07-06T06:00:00+00:00
okc,KXHIGHTOKC-26JUL06,92.03993818910905,raycaster_cloudcaster,88.66493818910905,89.45243818910905,90.80243818910905,92.03993818910905,93.8340881537924,94.62743818910906,95.41493818910905,2026-07-06T07:00:00+00:00
okc,KXHIGHTOKC-26JUL06,92.61689649382414,raycaster_cloudcaster,89.24189649382414,90.02939649382414,91.37939649382415,92.61689649382414,93.85439649382414,95.20439649382415,95.99189649382414,2026-07-06T08:00:00+00:00
okc,KXHIGHTOKC-26JUL06,91.87679844588625,raycaster_cloudcaster,88.50179844588625,89.28929844588625,90.63929844588625,91.87679844588625,93.42033390815048,94.46429844588626,95.25179844588625,2026-07-06T09:00:00+00:00
okc,KXHIGHTOKC-26JUL06,91.85916609368914,raycaster_cloudcaster,88.48416609368914,89.27166609368913,90.62166609368914,91.85916609368914,93.42033390815048,94.44666609368915,95.23416609368914,2026-07-06T10:00:00+00:00
okc,KXHIGHTOKC-26JUL06,91.86834688772369,raycaster_cloudcaster,88.49334688772369,89.28084688772368,90.63084688772369,91.86834688772369,93.36765370715663,94.4558468877237,95.24334688772369,2026-07-06T11:00:00+00:00
okc,KXHIGHTOKC-26JUL06,91.8951262141716,raycaster_cloudcaster,88.5201262141716,89.30762621417159,90.6576262141716,91.8951262141716,93.43421454958514,94.4826262141716,95.2701262141716,2026-07-06T12:00:00+00:00
okc,KXHIGHTOKC-26JUL06,91.87670441320917,raycaster_cloudcaster,88.50170441320917,89.28920441320916,90.63920441320917,91.87670441320917,93.11420441320917,94.46420441320917,95.25170441320917,2026-07-06T13:00:00+00:00
okc,KXHIGHTOKC-26JUL06,91.86216235603808,raycaster_cloudcaster,88.48716235603808,89.27466235603808,90.62466235603809,91.86216235603808,93.09966235603808,94.44966235603809,95.23716235603808,2026-07-06T14:00:00+00:00
okc,KXHIGHTOKC-26JUL06,91.90307912388732,raycaster_cloudcaster,88.52807912388732,89.31557912388732,90.66557912388733,91.90307912388732,93.15598844061647,94.49057912388733,95.27807912388732,2026-07-06T15:00:00+00:00
okc,KXHIGHTOKC-26JUL06,91.82997357110607,raycaster_cloudcaster,88.45497357110607,89.24247357110606,90.59247357110607,91.82997357110607,93.15191062366434,94.41747357110607,95.20497357110607,2026-07-06T16:00:00+00:00
okc,KXHIGHTOKC-26JUL06,91.74106848167243,raycaster_cloudcaster,88.36606848167243,89.15356848167242,90.50356848167243,91.74106848167243,93.07123896801636,94.32856848167243,95.11606848167243,2026-07-06T17:00:00+00:00
okc,KXHIGHTOKC-26JUL06,91.76128750734361,raycaster_cloudcaster,88.38628750734361,89.1737875073436,90.52378750734361,91.76128750734361,93.0692157900255,94.34878750734362,95.13628750734361,2026-07-06T18:00:00+00:00
okc,KXHIGHTOKC-26JUL06,91.91059170890433,raycaster_cloudcaster,88.85,89.32309170890433,90.67309170890434,91.91059170890433,93.22344565850742,94.49809170890434,95.28559170890433,2026-07-06T19:00:00+00:00
okc,KXHIGHTOKC-26JUL06,91.86192276317226,raycaster_cloudcaster,88.85,89.27442276317225,90.62442276317226,91.86192276317226,93.1437212129009,94.44942276317227,95.23692276317226,2026-07-06T20:00:00+00:00
okc,KXHIGHTOKC-26JUL06,92.60315799886628,raycaster_cloudcaster,90.65,90.65,91.36565799886628,92.60315799886628,93.84065799886628,95.19065799886629,95.97815799886628,2026-07-06T21:00:00+00:00
okc,KXHIGHTOKC-26JUL06,91.86910061168344,raycaster_cloudcaster,90.65,90.65,90.65,91.86910061168344,93.10660061168343,94.45660061168344,95.24410061168344,2026-07-06T22:00:00+00:00
okc,KXHIGHTOKC-26JUL06,91.94,raycaster_cloudcaster,91.19,91.19,91.19,91.94,93.1775,94.5275,95.315,2026-07-06T23:00:00+00:00
okc,KXHIGHTOKC-26JUL06,91.96047115958926,raycaster_cloudcaster,91.19,91.19,91.19,91.96047115958926,93.19797115958926,94.54797115958927,95.33547115958926,2026-07-07T00:00:00+00:00
okc,KXHIGHTOKC-26JUL06,92.09574596044364,raycaster_cloudcaster,91.19,91.19,91.19,92.09574596044364,93.33324596044363,94.68324596044364,95.47074596044364,2026-07-07T01:00:00+00:00
okc,KXHIGHTOKC-26JUL06,92.16608331406486,raycaster_cloudcaster,91.19,91.19,91.19,92.16608331406486,93.40358331406486,94.75358331406487,95.54108331406486,2026-07-07T02:00:00+00:00
okc,KXHIGHTOKC-26JUL06,91.94,raycaster_cloudcaster,91.19,91.19,91.19,91.94,94.67125791348968,97.65081200093296,99.38888521860821,2026-07-07T03:00:00+00:00
okc,KXHIGHTOKC-26JUL06,91.95242382497214,raycaster_cloudcaster,91.19,91.19,91.19,91.95242382497214,94.68942719362188,97.67524905033068,99.41697846674415,2026-07-07T04:00:00+00:00
okc,KXHIGHTOKC-26JUL06,91.97006821146557,raycaster_cloudcaster,91.19,91.19,91.19,91.97006821146557,95.27451361727879,98.87936315089318,100.98219204550159,2026-07-07T05:00:00+00:00
aus,KXHIGHAUS-26JUL07,97.56490800199121,raycaster_cloudcaster,94.18990800199121,94.97740800199121,96.32740800199122,97.56490800199121,98.80240800199121,100.15240800199122,100.93990800199121,2026-07-07T06:00:00+00:00
aus,KXHIGHAUS-26JUL07,97.03843288714016,raycaster_cloudcaster,93.66343288714016,94.45093288714016,95.80093288714016,97.03843288714016,98.27593288714016,99.62593288714017,100.41343288714016,2026-07-07T07:00:00+00:00
aus,KXHIGHAUS-26JUL07,97.03843288714016,raycaster_cloudcaster,93.66343288714016,94.45093288714016,95.80093288714016,97.03843288714016,98.27593288714016,99.62593288714017,100.41343288714016,2026-07-07T08:00:00+00:00
aus,KXHIGHAUS-26JUL07,96.98558957402751,raycaster_cloudcaster,93.61058957402751,94.39808957402751,95.74808957402752,96.98558957402751,98.22308957402751,99.57308957402752,100.36058957402751,2026-07-07T09:00:00+00:00
aus,KXHIGHAUS-26JUL07,97.00822811786574,raycaster_cloudcaster,93.63322811786574,94.42072811786574,95.77072811786574,97.00822811786574,98.24572811786574,99.59572811786575,100.38322811786574,2026-07-07T10:00:00+00:00
aus,KXHIGHAUS-26JUL07,97.03987140256685,raycaster_cloudcaster,93.66487140256685,94.45237140256684,95.80237140256685,97.03987140256685,98.27737140256684,99.62737140256685,100.41487140256685,2026-07-07T11:00:00+00:00
aus,KXHIGHAUS-26JUL07,96.97811024806897,raycaster_cloudcaster,93.60311024806897,94.39061024806897,95.74061024806898,96.97811024806897,98.21561024806897,99.56561024806898,100.35311024806897,2026-07-07T12:00:00+00:00
aus,KXHIGHAUS-26JUL07,96.8768374316181,raycaster_cloudcaster,93.5018374316181,94.2893374316181,95.6393374316181,96.8768374316181,98.1143374316181,99.4643374316181,100.2518374316181,2026-07-07T13:00:00+00:00
aus,KXHIGHAUS-26JUL07,96.88601447777468,raycaster_cloudcaster,93.51101447777468,94.29851447777467,95.64851447777468,96.88601447777468,98.12351447777468,99.47351447777469,100.26101447777468,2026-07-07T14:00:00+00:00
aus,KXHIGHAUS-26JUL07,97.09382211279974,raycaster_cloudcaster,93.71882211279974,94.50632211279974,95.85632211279975,97.09382211279974,98.33132211279974,99.68132211279975,100.46882211279974,2026-07-07T15:00:00+00:00
aus,KXHIGHAUS-26JUL07,96.80472668853304,raycaster_cloudcaster,93.42972668853304,94.21722668853303,95.56722668853304,96.80472668853304,98.04222668853303,99.39222668853304,100.17972668853304,2026-07-07T16:00:00+00:00
aus,KXHIGHAUS-26JUL07,96.90179903390074,raycaster_cloudcaster,93.52679903390074,94.31429903390074,95.66429903390075,96.90179903390074,98.13929903390074,99.48929903390075,100.27679903390074,2026-07-07T17:00:00+00:00
aus,KXHIGHAUS-26JUL07,96.81830747686048,raycaster_cloudcaster,93.44330747686048,94.23080747686048,95.58080747686049,96.81830747686048,98.05580747686048,99.40580747686049,100.19330747686048,2026-07-07T18:00:00+00:00
aus,KXHIGHAUS-26JUL07,96.67594717565855,raycaster_cloudcaster,93.30094717565855,94.08844717565854,95.43844717565855,96.67594717565855,97.91344717565855,99.26344717565856,100.05094717565855,2026-07-07T19:00:00+00:00
aus,KXHIGHAUS-26JUL07,96.9996392502011,raycaster_cloudcaster,96.05,96.05,96.05,96.9996392502011,98.2371392502011,99.5871392502011,100.3746392502011,2026-07-07T20:00:00+00:00
aus,KXHIGHAUS-26JUL07,96.98743686407204,raycaster_cloudcaster,96.05,96.05,96.05,96.98743686407204,98.22493686407203,99.57493686407204,100.36243686407204,2026-07-07T21:00:00+00:00
aus,KXHIGHAUS-26JUL07,97.05022241576384,raycaster_cloudcaster,96.05,96.05,96.05,97.05022241576384,98.28772241576384,99.63772241576385,100.42522241576384,2026-07-07T22:00:00+00:00
aus,KXHIGHAUS-26JUL07,98.6,raycaster_cloudcaster,97.85,97.85,97.85,98.6,99.83749999999999,101.1875,101.975,2026-07-07T23:00:00+00:00
aus,KXHIGHAUS-26JUL07,98.6,raycaster_cloudcaster,97.85,97.85,97.85,98.6,100.83883781234817,103.28120633490983,104.70592130640412,2026-07-08T00:00:00+00:00
aus,KXHIGHAUS-26JUL07,98.6,raycaster_cloudcaster,97.85,97.85,97.85,98.6,101.60481263974977,104.88279006493133,106.79494356295392,2026-07-08T01:00:00+00:00
aus,KXHIGHAUS-26JUL07,98.6,raycaster_cloudcaster,97.85,97.85,97.85,98.6,101.60481263974977,104.88279006493133,106.79494356295392,2026-07-08T02:00:00+00:00
aus,KXHIGHAUS-26JUL07,98.6,raycaster_cloudcaster,97.85,97.85,97.85,98.6,102.57249279420365,106.90612129697128,109.43407125691905,2026-07-08T03:00:00+00:00
aus,KXHIGHAUS-26JUL07,98.6,raycaster_cloudcaster,97.85,97.85,97.85,98.6,103.08250674846117,107.97251411041881,110.82501840489411,2026-07-08T04:00:00+00:00
aus,KXHIGHAUS-26JUL07,98.6,raycaster_cloudcaster,97.85,97.85,97.85,98.6,103.63515012189308,109.12804116395827,112.33222760516296,2026-07-08T05:00:00+00:00
den,KXHIGHDEN-26JUL07,95.97582760382103,raycaster_cloudcaster,92.60082760382103,93.38832760382103,94.73832760382103,95.97582760382103,97.21332760382103,98.56332760382104,99.35082760382103,2026-07-07T07:00:00+00:00
den,KXHIGHDEN-26JUL07,95.96164733820598,raycaster_cloudcaster,92.58664733820598,93.37414733820597,94.72414733820598,95.96164733820598,97.19914733820598,98.54914733820598,99.33664733820598,2026-07-07T08:00:00+00:00
den,KXHIGHDEN-26JUL07,96.10333459693092,raycaster_cloudcaster,92.72833459693092,93.51583459693092,94.86583459693092,96.10333459693092,97.34083459693092,98.69083459693093,99.47833459693092,2026-07-07T09:00:00+00:00
den,KXHIGHDEN-26JUL07,96.18873140033328,raycaster_cloudcaster,92.81373140033328,93.60123140033328,94.95123140033328,96.18873140033328,97.42623140033328,98.77623140033329,99.56373140033328,2026-07-07T10:00:00+00:00
den,KXHIGHDEN-26JUL07,95.552324632382,raycaster_cloudcaster,92.177324632382,92.96482463238199,94.314824632382,95.552324632382,96.789824632382,98.139824632382,98.927324632382,2026-07-07T11:00:00+00:00
den,KXHIGHDEN-26JUL07,96.22768354021524,raycaster_cloudcaster,92.85268354021524,93.64018354021523,94.99018354021524,96.22768354021524,97.46518354021524,98.81518354021524,99.60268354021524,2026-07-07T12:00:00+00:00
den,KXHIGHDEN-26JUL07,96.24668688742426,raycaster_cloudcaster,92.87168688742426,93.65918688742426,95.00918688742426,96.24668688742426,97.48418688742426,98.83418688742427,99.62168688742426,2026-07-07T13:00:00+00:00
den,KXHIGHDEN-26JUL07,96.24668688742426,raycaster_cloudcaster,92.87168688742426,93.65918688742426,95.00918688742426,96.24668688742426,97.48418688742426,98.83418688742427,99.62168688742426,2026-07-07T14:00:00+00:00
den,KXHIGHDEN-26JUL07,96.29255289676777,raycaster_cloudcaster,92.91755289676777,93.70505289676777,95.05505289676778,96.29255289676777,97.53005289676777,98.88005289676778,99.66755289676777,2026-07-07T15:00:00+00:00
den,KXHIGHDEN-26JUL07,96.15093757372128,raycaster_cloudcaster,92.77593757372128,93.56343757372127,94.91343757372128,96.15093757372128,97.38843757372128,98.73843757372128,99.52593757372128,2026-07-07T16:00:00+00:00
den,KXHIGHDEN-26JUL07,96.22025275155643,raycaster_cloudcaster,92.84525275155643,93.63275275155642,94.98275275155643,96.22025275155643,97.45775275155643,98.80775275155644,99.59525275155643,2026-07-07T17:00:00+00:00
den,KXHIGHDEN-26JUL07,96.26303917547962,raycaster_cloudcaster,92.88803917547962,93.67553917547961,95.02553917547962,96.26303917547962,97.50053917547962,98.85053917547962,99.63803917547962,2026-07-07T18:00:00+00:00
den,KXHIGHDEN-26JUL07,96.1472669317118,raycaster_cloudcaster,92.7722669317118,93.55976693171179,94.9097669317118,96.1472669317118,97.3847669317118,98.7347669317118,99.5222669317118,2026-07-07T19:00:00+00:00
den,KXHIGHDEN-26JUL07,96.42818683432719,raycaster_cloudcaster,95.33,95.33,95.33,96.42818683432719,97.66568683432719,99.0156868343272,99.80318683432719,2026-07-07T20:00:00+00:00
den,KXHIGHDEN-26JUL07,97.21877255176888,raycaster_cloudcaster,96.23,96.23,96.23,97.21877255176888,98.45627255176888,99.80627255176888,100.59377255176888,2026-07-07T21:00:00+00:00
den,KXHIGHDEN-26JUL07,97.12565276628771,raycaster_cloudcaster,96.23,96.23,96.23,97.12565276628771,98.36315276628771,99.71315276628772,100.50065276628771,2026-07-07T22:00:00+00:00
den,KXHIGHDEN-26JUL07,97.05288651330983,raycaster_cloudcaster,96.23,96.23,96.23,97.05288651330983,98.29038651330983,99.64038651330983,100.42788651330983,2026-07-07T23:00:00+00:00
den,KXHIGHDEN-26JUL07,97.08903765276597,raycaster_cloudcaster,96.23,96.23,96.23,97.08903765276597,100.28329276311642,103.76793470168056,105.8006424991763,2026-07-08T00:00:00+00:00
den,KXHIGHDEN-26JUL07,97.09242547507564,raycaster_cloudcaster,96.23,96.23,96.23,97.09242547507564,101.23354944206818,105.75113922424185,108.38639993050984,2026-07-08T01:00:00+00:00
den,KXHIGHDEN-26JUL07,97.10532886452062,raycaster_cloudcaster,96.23,96.23,96.23,97.10532886452062,101.24645283151315,105.76404261368683,108.39930331995481,2026-07-08T02:00:00+00:00
den,KXHIGHDEN-26JUL07,97.14309230025158,raycaster_cloudcaster,96.23,96.23,96.23,97.14309230025158,101.71253665487502,106.69738504173695,109.60521326740641,2026-07-08T03:00:00+00:00
den,KXHIGHDEN-26JUL07,97.07973207462771,raycaster_cloudcaster,96.23,96.23,96.23,97.07973207462771,103.02835989203233,109.51777205647373,113.30326248573121,2026-07-08T04:00:00+00:00
den,KXHIGHDEN-26JUL07,97.08423243996815,raycaster_cloudcaster,96.23,96.23,96.23,97.08423243996815,103.03286025737276,109.52227242181416,113.30776285107164,2026-07-08T05:00:00+00:00
den,KXHIGHDEN-26JUL07,97.08423243996815,raycaster_cloudcaster,96.23,96.23,96.23,97.08423243996815,103.81838275830825,111.1647285601338,115.45009694453205,2026-07-08T06:00:00+00:00
la,KXHIGHLAX-26JUL07,76.73411632932559,raycaster_cloudcaster,72.22445170764917,73.27670678604032,75.08057263471089,76.73411632932559,78.38766002394028,80.19152587261085,81.24378095100201,2026-07-07T08:00:00+00:00
la,KXHIGHLAX-26JUL07,76.71965006277486,raycaster_cloudcaster,72.32897813242069,73.35346824950332,75.109737021645,76.71965006277486,78.32956310390472,80.0858318760464,81.11032199312903,2026-07-07T09:00:00+00:00
la,KXHIGHLAX-26JUL07,76.86165813417449,raycaster_cloudcaster,72.46453407406429,73.49052968808999,75.24937931213408,76.86165813417449,78.4739369562149,80.23278658025899,81.25878219428469,2026-07-07T10:00:00+00:00
la,KXHIGHLAX-26JUL07,76.80578510160267,raycaster_cloudcaster,72.41257727587896,73.43765910188115,75.19494223217063,76.80578510160267,78.4166279710347,80.17391110132418,81.19899292732637,2026-07-07T11:00:00+00:00
la,KXHIGHLAX-26JUL07,76.75961608652585,raycaster_cloudcaster,72.50693751884641,73.49922918463828,75.20030061171006,76.75961608652585,78.31893156134164,80.02000298841342,81.01229465420529,2026-07-07T12:00:00+00:00
la,KXHIGHLAX-26JUL07,76.62014484485361,raycaster_cloudcaster,72.36746627717417,73.35975794296604,75.06082937003782,76.62014484485361,78.1794603196694,79.88053174674118,80.87282341253305,2026-07-07T13:00:00+00:00
la,KXHIGHLAX-26JUL07,76.61962497192229,raycaster_cloudcaster,72.36694640424285,73.35923807003472,75.0603094971065,76.61962497192229,78.17894044673808,79.88001187380986,80.87230353960173,2026-07-07T14:00:00+00:00
la,KXHIGHLAX-26JUL07,76.77808760228123,raycaster_cloudcaster,72.73409205332226,73.67769101474602,75.2952892343296,76.77808760228123,78.26088597023286,79.87848418981645,80.82208315124021,2026-07-07T15:00:00+00:00
la,KXHIGHLAX-26JUL07,77.11837949136267,raycaster_cloudcaster,73.15020610805392,74.07611323082597,75.66338258414946,77.11837949136267,78.57337639857589,80.16064575189938,81.08655287467143,2026-07-07T16:00:00+00:00
la,KXHIGHLAX-26JUL07,77.65405350606747,raycaster_cloudcaster,73.62636496299466,74.56615895637832,76.17723437360743,77.65405350606747,79.1308726385275,80.74194805575662,81.68174204914028,2026-07-07T17:00:00+00:00
la,KXHIGHLAX-26JUL07,77.71281444140418,raycaster_cloudcaster,73.89868282332911,74.78864686754662,76.31429951477665,77.71281444140418,79.1113293680317,80.63698201526174,81.52694605947924,2026-07-07T18:00:00+00:00
la,KXHIGHLAX-26JUL07,77.61770913548702,raycaster_cloudcaster,74.19918971913145,74.99684424961443,76.36425201615664,77.61770913548702,78.8711662548174,80.23857402135961,81.03622855184258,2026-07-07T19:00:00+00:00
la,KXHIGHLAX-26JUL07,76.37078347629883,raycaster_cloudcaster,72.86107194969155,73.68000463923325,75.08388924987617,76.37078347629883,77.65767770272149,79.0615623133644,79.8804950029061,2026-07-07T20:00:00+00:00
la,KXHIGHLAX-26JUL07,76.409653412239,raycaster_cloudcaster,72.71773318016464,73.57918123431533,74.98522990462727,76.409653412239,77.76335749733292,79.24012559016266,80.10157364431335,2026-07-07T21:00:00+00:00
la,KXHIGHLAX-26JUL07,75.88657179520318,raycaster_cloudcaster,73.19,73.24380874112512,74.62264163890498,75.88657179520318,77.15050195150138,78.52933484928124,79.33365403965283,2026-07-07T22:00:00+00:00
la,KXHIGHLAX-26JUL07,75.86338761489823,raycaster_cloudcaster,73.19,73.22062456082017,74.59945745860003,75.86338761489823,77.12731777119643,78.50615066897629,79.31046985934788,2026-07-07T23:00:00+00:00
la,KXHIGHLAX-26JUL07,75.8198953199223,raycaster_cloudcaster,73.19,73.23239531992229,74.5823953199223,75.8198953199223,77.05739531992229,78.4073953199223,79.1948953199223,2026-07-08T00:00:00+00:00
la,KXHIGHLAX-26JUL07,75.81561872044611,raycaster_cloudcaster,73.19,73.2281187204461,74.57811872044611,75.81561872044611,77.05311872044611,78.40311872044612,79.19061872044611,2026-07-08T01:00:00+00:00
la,KXHIGHLAX-26JUL07,74.19944520485276,raycaster_cloudcaster,73.19,73.19,73.19,74.19944520485276,75.46844860910352,76.85281595919525,77.66036358008209,2026-07-08T02:00:00+00:00
la,KXHIGHLAX-26JUL07,74.1997420632288,raycaster_cloudcaster,73.19,73.19,73.19,74.1997420632288,75.46874546747955,76.85311281757129,77.66066043845812,2026-07-08T03:00:00+00:00
la,KXHIGHLAX-26JUL07,73.94,raycaster_cloudcaster,73.19,73.19,73.19,73.94,75.90197697234193,78.04231548762404,79.29084628820526,2026-07-08T04:00:00+00:00
la,KXHIGHLAX-26JUL07,73.94,raycaster_cloudcaster,73.19,73.19,73.19,73.94,75.90197697234193,78.04231548762404,79.29084628820526,2026-07-08T05:00:00+00:00
la,KXHIGHLAX-26JUL07,73.94,raycaster_cloudcaster,73.19,73.19,73.19,73.94,76.21148375296853,78.68946602893419,80.13495568991416,2026-07-08T06:00:00+00:00
la,KXHIGHLAX-26JUL07,73.94,raycaster_cloudcaster,73.19,73.19,73.19,73.94,77.0065080205341,80.3517894974804,82.30320369236574,2026-07-08T07:00:00+00:00
mia,KXHIGHMIA-26JUL07,91.75996487698947,raycaster_cloudcaster,87.7863019732162,87.84435090546238,89.36418235484228,91.75996487698947,92.99746487698947,94.34746487698948,95.13496487698947,2026-07-07T05:00:00+00:00
mia,KXHIGHMIA-26JUL07,91.62357738189338,raycaster_cloudcaster,87.58361129802954,87.68221666616397,89.23895710483264,91.62357738189338,92.86107738189338,94.21107738189339,94.99857738189338,2026-07-07T06:00:00+00:00
mia,KXHIGHMIA-26JUL07,91.60643181656334,raycaster_cloudcaster,88.23143181656334,88.92376642013227,90.2521325115865,91.60643181656334,92.84393181656334,94.19393181656335,94.98143181656334,2026-07-07T07:00:00+00:00
mia,KXHIGHMIA-26JUL07,91.6057740984926,raycaster_cloudcaster,88.2307740984926,88.91850369433888,90.25258644767149,91.6057740984926,92.8432740984926,94.19327409849261,94.9807740984926,2026-07-07T08:00:00+00:00
mia,KXHIGHMIA-26JUL07,91.70768650270496,raycaster_cloudcaster,88.33268650270496,89.12018650270495,90.24408381727147,91.70768650270496,92.94518650270496,94.29518650270496,95.08268650270496,2026-07-07T09:00:00+00:00
mia,KXHIGHMIA-26JUL07,91.68559230449996,raycaster_cloudcaster,88.31059230449996,89.09809230449996,90.24408381727147,91.68559230449996,92.92309230449996,94.27309230449997,95.06059230449996,2026-07-07T10:00:00+00:00
mia,KXHIGHMIA-26JUL07,91.8300993794323,raycaster_cloudcaster,88.4550993794323,89.24259937943229,90.52452518999613,91.8300993794323,93.0675993794323,94.4175993794323,95.2050993794323,2026-07-07T11:00:00+00:00
mia,KXHIGHMIA-26JUL07,91.90067814347746,raycaster_cloudcaster,88.52567814347746,89.31317814347746,90.50929984858844,91.90067814347746,93.13817814347746,94.48817814347747,95.27567814347746,2026-07-07T12:00:00+00:00
mia,KXHIGHMIA-26JUL07,91.90059892111539,raycaster_cloudcaster,88.52559892111539,89.31309892111538,90.50861876660898,91.90059892111539,93.13809892111539,94.4880989211154,95.27559892111539,2026-07-07T13:00:00+00:00
mia,KXHIGHMIA-26JUL07,91.89362130360269,raycaster_cloudcaster,88.51862130360269,89.20492201603322,90.50626808470216,91.89362130360269,93.13112130360268,94.48112130360269,95.26862130360269,2026-07-07T14:00:00+00:00
mia,KXHIGHMIA-26JUL07,91.62229067592195,raycaster_cloudcaster,88.85,89.03479067592194,90.32202655588586,91.62229067592195,92.85979067592194,94.20979067592195,94.99729067592195,2026-07-07T15:00:00+00:00
mia,KXHIGHMIA-26JUL07,92.86951338062649,raycaster_cloudcaster,90.65,90.65,91.55251106516239,92.86951338062649,94.10701338062648,95.45701338062649,96.24451338062649,2026-07-07T16:00:00+00:00
mia,KXHIGHMIA-26JUL07,92.66109528370342,raycaster_cloudcaster,90.65,90.65,91.42359528370342,92.66109528370342,93.89859528370341,95.24859528370342,96.03609528370342,2026-07-07T17:00:00+00:00
mia,KXHIGHMIA-26JUL07,92.42685195896325,raycaster_cloudcaster,90.65,90.65,91.18935195896326,92.42685195896325,93.66435195896325,95.01435195896326,95.80185195896325,2026-07-07T18:00:00+00:00
mia,KXHIGHMIA-26JUL07,92.37181460766404,raycaster_cloudcaster,91.19,91.19,91.19,92.37181460766404,93.60931460766403,94.95931460766404,95.74681460766404,2026-07-07T19:00:00+00:00
mia,KXHIGHMIA-26JUL07,92.3728222361113,raycaster_cloudcaster,91.19,91.19,91.19,92.3728222361113,93.6103222361113,94.96032223611131,95.7478222361113,2026-07-07T20:00:00+00:00
mia,KXHIGHMIA-26JUL07,92.2092938127476,raycaster_cloudcaster,91.19,91.19,91.19,92.2092938127476,93.4467938127476,94.79679381274761,95.5842938127476,2026-07-07T21:00:00+00:00
mia,KXHIGHMIA-26JUL07,92.21507533921935,raycaster_cloudcaster,91.19,91.19,91.19,92.21507533921935,93.45257533921935,94.80257533921936,95.59007533921935,2026-07-07T22:00:00+00:00
mia,KXHIGHMIA-26JUL07,92.26626030088258,raycaster_cloudcaster,91.19,91.19,91.19,92.26626030088258,93.50376030088258,94.85376030088258,95.64126030088258,2026-07-07T23:00:00+00:00
mia,KXHIGHMIA-26JUL07,92.1369546108288,raycaster_cloudcaster,91.19,91.19,91.19,92.1369546108288,94.1093941764429,96.26114642984012,97.51633524432184,2026-07-08T00:00:00+00:00
mia,KXHIGHMIA-26JUL07,92.30896759524164,raycaster_cloudcaster,91.19,91.19,91.19,92.30896759524164,94.37292172263885,96.62450804343581,97.93793339723405,2026-07-08T01:00:00+00:00
mia,KXHIGHMIA-26JUL07,92.35909613381409,raycaster_cloudcaster,91.19,91.19,91.19,92.35909613381409,94.77052696218135,97.40117877494563,98.93572566572479,2026-07-08T02:00:00+00:00
mia,KXHIGHMIA-26JUL07,92.35659323626625,raycaster_cloudcaster,91.19,91.19,91.19,92.35659323626625,94.76802406463351,97.39867587739778,98.93322276817695,2026-07-08T03:00:00+00:00
mia,KXHIGHMIA-26JUL07,92.20017482884705,raycaster_cloudcaster,91.19,91.19,91.19,92.20017482884705,94.78289869910496,97.60041564847722,99.24396720227772,2026-07-08T04:00:00+00:00
nyc,KXHIGHNY-26JUL07,70.30652481229642,raycaster_cloudcaster,66.93152481229642,67.71902481229641,69.06902481229642,70.30652481229642,72.78515795595928,73.94164373293115,74.63136254221023,2026-07-07T05:00:00+00:00
nyc,KXHIGHNY-26JUL07,70.4502193006524,raycaster_cloudcaster,66.21639124557034,67.20428445842282,68.89781568045565,70.4502193006524,72.93839182564884,74.04200923929196,74.75173740163626,2026-07-07T06:00:00+00:00
nyc,KXHIGHNY-26JUL07,71.07480910569791,raycaster_cloudcaster,66.40694021293753,67.49610962124828,69.36325717835244,71.07480910569791,72.78636103304338,74.65350859014754,75.74267799845829,2026-07-07T07:00:00+00:00
nyc,KXHIGHNY-26JUL07,71.08659182089016,raycaster_cloudcaster,66.41872292812978,67.50789233644053,69.3750398935447,71.08659182089016,72.79814374823563,74.66529130533979,75.75446071365054,2026-07-07T08:00:00+00:00
nyc,KXHIGHNY-26JUL07,71.03183310096588,raycaster_cloudcaster,67.40716759915748,68.25292288291277,69.70278908363613,71.03183310096588,72.36087711829563,73.810743319019,74.65649860277429,2026-07-07T09:00:00+00:00
nyc,KXHIGHNY-26JUL07,71.05804698856379,raycaster_cloudcaster,67.43338148675538,68.27913677051068,69.72900297123404,71.05804698856379,72.38709100589354,73.8369572066169,74.6827124903722,2026-07-07T10:00:00+00:00
nyc,KXHIGHNY-26JUL07,71.10711354279994,raycaster_cloudcaster,67.73211354279994,68.51961354279993,69.86961354279994,71.10711354279994,72.34461354279993,73.69461354279994,74.48211354279994,2026-07-07T11:00:00+00:00
nyc,KXHIGHNY-26JUL07,71.36678442486645,raycaster_cloudcaster,66.49180750184415,67.62930211721601,69.57929288642494,71.36678442486645,73.15427596330797,75.10426673251689,76.24176134788875,2026-07-07T12:00:00+00:00
nyc,KXHIGHNY-26JUL07,71.37459895861737,raycaster_cloudcaster,67.09415505640348,68.09292530025338,69.80510286113895,71.37459895861737,72.94409505609579,74.65627261698135,75.65504286083126,2026-07-07T13:00:00+00:00
nyc,KXHIGHNY-26JUL07,70.91563722713755,raycaster_cloudcaster,67.35864411497104,68.18860917447655,69.61140641934317,70.91563722713755,72.21986803493193,73.64266527979855,74.47263033930406,2026-07-07T14:00:00+00:00
nyc,KXHIGHNY-26JUL07,70.9201758625864,raycaster_cloudcaster,67.5451758625864,68.3326758625864,69.68267586258641,70.9201758625864,72.1576758625864,73.50767586258641,74.2951758625864,2026-07-07T15:00:00+00:00
nyc,KXHIGHNY-26JUL07,70.78000601436216,raycaster_cloudcaster,67.40500601436216,68.19250601436215,69.54250601436216,70.78000601436216,72.01750601436216,73.36750601436216,74.15500601436216,2026-07-07T16:00:00+00:00
nyc,KXHIGHNY-26JUL07,70.74495091272387,raycaster_cloudcaster,67.36995091272387,68.15745091272386,69.50745091272387,70.74495091272387,71.98245091272386,73.33245091272387,74.11995091272387,2026-07-07T17:00:00+00:00
nyc,KXHIGHNY-26JUL07,70.61215291921413,raycaster_cloudcaster,67.00007941497864,67.84289656596692,69.28772596766112,70.61215291921413,71.93657987076713,73.38140927246133,74.22422642344961,2026-07-07T18:00:00+00:00
nyc,KXHIGHNY-26JUL07,69.98255889173451,raycaster_cloudcaster,69.23,69.23,69.23,69.98255889173451,71.6648834125525,72.91636689150883,73.35755889173451,2026-07-07T19:00:00+00:00
nyc,KXHIGHNY-26JUL07,70.03508391963558,raycaster_cloudcaster,69.23,69.23,69.23,70.03508391963558,71.65096339663538,72.83999668169038,73.41008391963558,2026-07-07T20:00:00+00:00
nyc,KXHIGHNY-26JUL07,70.07196954023824,raycaster_cloudcaster,69.23,69.23,69.23,70.07196954023824,71.63796852296018,72.77317363917734,73.44696954023824,2026-07-07T21:00:00+00:00
nyc,KXHIGHNY-26JUL07,70.11161787219037,raycaster_cloudcaster,69.23,69.23,69.23,70.11161787219037,71.59063243816382,72.75645382069004,73.48661787219037,2026-07-07T22:00:00+00:00
nyc,KXHIGHNY-26JUL07,70.09353388178963,raycaster_cloudcaster,69.23,69.23,69.23,70.09353388178963,71.3321677708532,72.7330682601616,73.46853388178963,2026-07-07T23:00:00+00:00
nyc,KXHIGHNY-26JUL07,69.98874424205908,raycaster_cloudcaster,69.23,69.23,69.23,69.98874424205908,71.22624424205908,72.57624424205909,73.36374424205908,2026-07-08T00:00:00+00:00
nyc,KXHIGHNY-26JUL07,69.98791319706758,raycaster_cloudcaster,69.23,69.23,69.23,69.98791319706758,71.22541319706758,72.57541319706759,73.36291319706758,2026-07-08T01:00:00+00:00
nyc,KXHIGHNY-26JUL07,69.98819786305287,raycaster_cloudcaster,69.23,69.23,69.23,69.98819786305287,71.22569786305287,72.57569786305288,73.36319786305287,2026-07-08T02:00:00+00:00
nyc,KXHIGHNY-26JUL07,69.99576726940458,raycaster_cloudcaster,69.23,69.23,69.23,69.99576726940458,71.23326726940458,72.58326726940459,73.37076726940458,2026-07-08T03:00:00+00:00
nyc,KXHIGHNY-26JUL07,70.05804147536402,raycaster_cloudcaster,69.23,69.23,69.23,70.05804147536402,71.29554147536402,72.64554147536403,73.43304147536402,2026-07-08T04:00:00+00:00
okc,KXHIGHTOKC-26JUL07,94.00385338090467,raycaster_cloudcaster,90.62885338090467,91.41635338090467,92.76635338090468,94.00385338090467,95.24135338090467,96.59135338090468,97.37885338090467,2026-07-07T06:00:00+00:00
okc,KXHIGHTOKC-26JUL07,94.00074263983971,raycaster_cloudcaster,90.62574263983971,91.41324263983971,92.76324263983972,94.00074263983971,95.23824263983971,96.58824263983972,97.37574263983971,2026-07-07T07:00:00+00:00
okc,KXHIGHTOKC-26JUL07,94.00343550204799,raycaster_cloudcaster,90.62843550204799,91.41593550204799,92.765935502048,94.00343550204799,95.24093550204799,96.590935502048,97.37843550204799,2026-07-07T08:00:00+00:00
okc,KXHIGHTOKC-26JUL07,93.80678649083703,raycaster_cloudcaster,90.43178649083703,91.21928649083702,92.56928649083703,93.80678649083703,95.04428649083702,96.39428649083703,97.18178649083703,2026-07-07T09:00:00+00:00
okc,KXHIGHTOKC-26JUL07,93.789237797998,raycaster_cloudcaster,90.414237797998,91.20173779799799,92.551737797998,93.789237797998,95.026737797998,96.376737797998,97.164237797998,2026-07-07T10:00:00+00:00
okc,KXHIGHTOKC-26JUL07,93.87037447537615,raycaster_cloudcaster,90.49537447537615,91.28287447537615,92.63287447537616,93.87037447537615,95.10787447537615,96.45787447537616,97.24537447537615,2026-07-07T11:00:00+00:00
okc,KXHIGHTOKC-26JUL07,93.79166715123006,raycaster_cloudcaster,90.41666715123006,91.20416715123005,92.55416715123006,93.79166715123006,95.02916715123006,96.37916715123006,97.16666715123006,2026-07-07T12:00:00+00:00
okc,KXHIGHTOKC-26JUL07,93.78055142671838,raycaster_cloudcaster,90.40555142671838,91.19305142671837,92.54305142671838,93.78055142671838,95.01805142671837,96.36805142671838,97.15555142671838,2026-07-07T13:00:00+00:00
okc,KXHIGHTOKC-26JUL07,93.75746790555493,raycaster_cloudcaster,90.38246790555493,91.16996790555493,92.51996790555494,93.75746790555493,94.99496790555493,96.34496790555494,97.13246790555493,2026-07-07T14:00:00+00:00
okc,KXHIGHTOKC-26JUL07,93.44928106304747,raycaster_cloudcaster,90.07428106304747,90.86178106304746,92.21178106304747,93.44928106304747,94.68678106304746,96.03678106304747,96.82428106304747,2026-07-07T15:00:00+00:00
okc,KXHIGHTOKC-26JUL07,93.2728367074502,raycaster_cloudcaster,89.8978367074502,90.68533670745019,92.0353367074502,93.2728367074502,94.5103367074502,95.8603367074502,96.6478367074502,2026-07-07T16:00:00+00:00
okc,KXHIGHTOKC-26JUL07,93.29089414421944,raycaster_cloudcaster,89.91589414421944,90.70339414421943,92.05339414421944,93.29089414421944,94.52839414421943,95.87839414421944,96.66589414421944,2026-07-07T17:00:00+00:00
okc,KXHIGHTOKC-26JUL07,93.26469842685275,raycaster_cloudcaster,90.65,90.67719842685274,92.02719842685275,93.26469842685275,94.50219842685274,95.85219842685275,96.63969842685275,2026-07-07T18:00:00+00:00
okc,KXHIGHTOKC-26JUL07,93.59502209547178,raycaster_cloudcaster,90.65,91.00752209547177,92.35752209547178,93.59502209547178,94.83252209547177,96.18252209547178,96.97002209547178,2026-07-07T19:00:00+00:00
okc,KXHIGHTOKC-26JUL07,93.5392872046145,raycaster_cloudcaster,90.65,90.95178720461449,92.3017872046145,93.5392872046145,94.7767872046145,96.1267872046145,96.9142872046145,2026-07-07T20:00:00+00:00
okc,KXHIGHTOKC-26JUL07,93.96455016634133,raycaster_cloudcaster,92.45,92.45,92.72705016634133,93.96455016634133,95.20205016634132,96.55205016634133,97.33955016634133,2026-07-07T21:00:00+00:00
okc,KXHIGHTOKC-26JUL07,93.85219082880961,raycaster_cloudcaster,92.45,92.45,92.61469082880961,93.85219082880961,95.08969082880961,96.43969082880962,97.22719082880961,2026-07-07T22:00:00+00:00
okc,KXHIGHTOKC-26JUL07,93.54959934713452,raycaster_cloudcaster,92.45,92.45,92.45,93.54959934713452,94.78709934713451,96.13709934713452,96.92459934713452,2026-07-07T23:00:00+00:00
okc,KXHIGHTOKC-26JUL07,93.2,raycaster_cloudcaster,92.45,92.45,92.45,93.2,94.4375,95.78750000000001,96.575,2026-07-08T00:00:00+00:00
okc,KXHIGHTOKC-26JUL07,93.2,raycaster_cloudcaster,92.45,92.45,92.45,93.2,94.4375,95.78750000000001,96.575,2026-07-08T01:00:00+00:00
okc,KXHIGHTOKC-26JUL07,93.2,raycaster_cloudcaster,92.45,92.45,92.45,93.2,94.4375,95.78750000000001,96.575,2026-07-08T02:00:00+00:00
okc,KXHIGHTOKC-26JUL07,93.2,raycaster_cloudcaster,92.45,92.45,92.45,93.2,96.24544590331203,99.56775052510697,101.50576155448735,2026-07-08T03:00:00+00:00
okc,KXHIGHTOKC-26JUL07,93.2065203532099,raycaster_cloudcaster,92.45,92.45,92.45,93.2065203532099,96.82340917511195,100.76910607173237,103.07076259476094,2026-07-08T04:00:00+00:00
okc,KXHIGHTOKC-26JUL07,93.20827997467553,raycaster_cloudcaster,92.45,92.45,92.45,93.20827997467553,96.82516879657759,100.770865693198,103.07252221622659,2026-07-08T05:00:00+00:00
aus,KXHIGHAUS-26JUL08,96.90761933608813,raycaster_cloudcaster,93.53261933608813,94.32011933608813,95.67011933608813,96.90761933608813,98.14511933608813,99.49511933608814,100.28261933608813,2026-07-08T06:00:00+00:00
aus,KXHIGHAUS-26JUL08,97.05993052169869,raycaster_cloudcaster,93.68493052169869,94.47243052169868,95.82243052169869,97.05993052169869,98.29743052169869,99.6474305216987,100.43493052169869,2026-07-08T07:00:00+00:00
aus,KXHIGHAUS-26JUL08,97.07084752239287,raycaster_cloudcaster,93.69584752239287,94.48334752239286,95.83334752239287,97.07084752239287,98.30834752239286,99.65834752239287,100.44584752239287,2026-07-08T08:00:00+00:00
aus,KXHIGHAUS-26JUL08,97.05280162018344,raycaster_cloudcaster,93.67780162018344,94.46530162018344,95.81530162018345,97.05280162018344,98.29030162018344,99.64030162018345,100.42780162018344,2026-07-08T09:00:00+00:00
aus,KXHIGHAUS-26JUL08,97.04319425125469,raycaster_cloudcaster,93.66819425125469,94.45569425125468,95.80569425125469,97.04319425125469,98.28069425125469,99.6306942512547,100.41819425125469,2026-07-08T10:00:00+00:00
aus,KXHIGHAUS-26JUL08,97.04302505384689,raycaster_cloudcaster,93.66802505384689,94.45552505384688,95.80552505384689,97.04302505384689,98.28052505384689,99.6305250538469,100.41802505384689,2026-07-08T11:00:00+00:00
aus,KXHIGHAUS-26JUL08,97.09938388006049,raycaster_cloudcaster,93.72438388006049,94.51188388006048,95.86188388006049,97.09938388006049,98.33688388006048,99.68688388006049,100.47438388006049,2026-07-08T12:00:00+00:00
aus,KXHIGHAUS-26JUL08,97.09745686324409,raycaster_cloudcaster,93.72245686324409,94.50995686324408,95.8599568632441,97.09745686324409,98.33495686324409,99.6849568632441,100.47245686324409,2026-07-08T13:00:00+00:00
aus,KXHIGHAUS-26JUL08,97.00279578637753,raycaster_cloudcaster,93.62779578637753,94.41529578637753,95.76529578637754,97.00279578637753,98.24029578637753,99.59029578637754,100.37779578637753,2026-07-08T14:00:00+00:00
aus,KXHIGHAUS-26JUL08,97.02047117133336,raycaster_cloudcaster,93.64547117133336,94.43297117133335,95.78297117133336,97.02047117133336,98.25797117133335,99.60797117133336,100.39547117133336,2026-07-08T15:00:00+00:00
aus,KXHIGHAUS-26JUL08,97.05104418627403,raycaster_cloudcaster,93.67604418627403,94.46354418627402,95.81354418627403,97.05104418627403,98.28854418627402,99.63854418627403,100.42604418627403,2026-07-08T16:00:00+00:00
aus,KXHIGHAUS-26JUL08,97.0321242837889,raycaster_cloudcaster,93.6571242837889,94.4446242837889,95.7946242837889,97.0321242837889,98.2696242837889,99.61962428378891,100.4071242837889,2026-07-08T17:00:00+00:00
aus,KXHIGHAUS-26JUL08,97.01681158457723,raycaster_cloudcaster,93.64181158457723,94.42931158457722,95.77931158457723,97.01681158457723,98.25431158457722,99.60431158457723,100.39181158457723,2026-07-08T18:00:00+00:00
aus,KXHIGHAUS-26JUL08,97.05483204349636,raycaster_cloudcaster,94.25,94.46733204349636,95.81733204349636,97.05483204349636,98.29233204349636,99.64233204349637,100.42983204349636,2026-07-08T19:00:00+00:00
aus,KXHIGHAUS-26JUL08,97.28110403340196,raycaster_cloudcaster,96.05,96.05,96.05,97.28110403340196,98.51860403340196,99.86860403340197,100.65610403340196,2026-07-08T20:00:00+00:00
aus,KXHIGHAUS-26JUL08,98.74034802992222,raycaster_cloudcaster,97.85,97.85,97.85,98.74034802992222,99.97784802992221,101.32784802992222,102.11534802992222,2026-07-08T21:00:00+00:00
aus,KXHIGHAUS-26JUL08,98.74710773550382,raycaster_cloudcaster,97.85,97.85,97.85,98.74710773550382,99.98460773550381,101.33460773550382,102.12210773550382,2026-07-08T22:00:00+00:00
aus,KXHIGHAUS-26JUL08,98.6,raycaster_cloudcaster,97.85,97.85,97.85,98.6,99.83749999999999,101.1875,101.975,2026-07-08T23:00:00+00:00
aus,KXHIGHAUS-26JUL08,98.6,raycaster_cloudcaster,97.85,97.85,97.85,98.6,99.83749999999999,101.1875,101.975,2026-07-09T00:00:00+00:00
aus,KXHIGHAUS-26JUL08,98.6,raycaster_cloudcaster,97.85,97.85,97.85,98.6,99.83749999999999,101.1875,101.975,2026-07-09T01:00:00+00:00
aus,KXHIGHAUS-26JUL08,98.6,raycaster_cloudcaster,97.85,97.85,97.85,98.6,100.65416716700466,102.89507680373703,104.20227409183092,2026-07-09T02:00:00+00:00
aus,KXHIGHAUS-26JUL08,98.6,raycaster_cloudcaster,97.85,97.85,97.85,98.6,102.00700029351333,105.72372788643698,107.8918189823091,2026-07-09T03:00:00+00:00
aus,KXHIGHAUS-26JUL08,98.6,raycaster_cloudcaster,97.85,97.85,97.85,98.6,102.00700029351333,105.72372788643698,107.8918189823091,2026-07-09T04:00:00+00:00
aus,KXHIGHAUS-26JUL08,98.6,raycaster_cloudcaster,97.85,97.85,97.85,98.6,102.56261163880589,106.88546069932143,109.40712265128882,2026-07-09T05:00:00+00:00
den,KXHIGHDEN-26JUL08,91.07209382921823,raycaster_cloudcaster,87.69709382921823,88.48459382921823,89.83459382921824,91.07209382921823,92.42629971314403,93.65959382921824,94.44709382921823,2026-07-08T07:00:00+00:00
den,KXHIGHDEN-26JUL08,91.67093384644095,raycaster_cloudcaster,88.0284347043683,88.87835117085191,90.33535082768097,91.67093384644095,93.00651686520092,94.46351652202998,95.3134329885136,2026-07-08T08:00:00+00:00
den,KXHIGHDEN-26JUL08,91.50369297543712,raycaster_cloudcaster,88.11462230635983,88.90540546247786,90.26103373010878,91.50369297543712,92.74635222076546,94.10198048839638,94.8927636445144,2026-07-08T09:00:00+00:00
den,KXHIGHDEN-26JUL08,91.52592009134244,raycaster_cloudcaster,88.01130773718445,88.83138395315464,90.23722889481785,91.52592009134244,92.81461128786704,94.22045622953024,95.04053244550043,2026-07-08T10:00:00+00:00
den,KXHIGHDEN-26JUL08,91.55951744840043,raycaster_cloudcaster,87.85227116578041,88.71729529839175,90.20019381143975,91.55951744840043,92.91884108536111,94.40173959840911,95.26676373102045,2026-07-08T11:00:00+00:00
den,KXHIGHDEN-26JUL08,91.94214962893828,raycaster_cloudcaster,88.56714962893828,89.35464962893828,90.70464962893828,91.94214962893828,93.17964962893828,94.52964962893829,95.31714962893828,2026-07-08T12:00:00+00:00
den,KXHIGHDEN-26JUL08,91.33062058407934,raycaster_cloudcaster,87.95562058407934,88.74312058407934,90.09312058407934,91.33062058407934,92.56812058407934,93.91812058407935,94.70562058407934,2026-07-08T13:00:00+00:00
den,KXHIGHDEN-26JUL08,91.33062058407934,raycaster_cloudcaster,87.95562058407934,88.74312058407934,90.09312058407934,91.33062058407934,92.56812058407934,93.91812058407935,94.70562058407934,2026-07-08T14:00:00+00:00
den,KXHIGHDEN-26JUL08,91.44952317656904,raycaster_cloudcaster,87.7204918009971,88.59059912196389,90.08221167219267,91.44952317656904,92.81683468094542,94.3084472311742,95.178554552141,2026-07-08T15:00:00+00:00
den,KXHIGHDEN-26JUL08,91.59953720794056,raycaster_cloudcaster,87.5397989158828,88.48707118402962,90.08335567975524,91.59953720794056,93.0881079150284,94.7120032318515,95.65927549999832,2026-07-08T16:00:00+00:00
den,KXHIGHDEN-26JUL08,91.6048973208566,raycaster_cloudcaster,88.2298973208566,89.01739732085659,90.26440798501103,91.6048973208566,92.84239732085659,94.1923973208566,94.9798973208566,2026-07-08T17:00:00+00:00
den,KXHIGHDEN-26JUL08,91.07337203096172,raycaster_cloudcaster,87.69837203096172,88.48587203096172,89.83587203096172,91.07337203096172,92.31087203096172,93.66087203096173,94.44837203096172,2026-07-08T18:00:00+00:00
den,KXHIGHDEN-26JUL08,91.37404080465498,raycaster_cloudcaster,88.31,88.78654080465498,90.13654080465498,91.37404080465498,92.61154080465498,93.96154080465499,94.74904080465498,2026-07-08T19:00:00+00:00
den,KXHIGHDEN-26JUL08,92.42195327630782,raycaster_cloudcaster,91.19,91.19,91.19,92.42195327630782,93.65945327630781,95.00945327630782,95.79695327630782,2026-07-08T20:00:00+00:00
den,KXHIGHDEN-26JUL08,92.24581264662937,raycaster_cloudcaster,91.19,91.19,91.19,92.24581264662937,93.48331264662937,94.83331264662938,95.62081264662937,2026-07-08T21:00:00+00:00
den,KXHIGHDEN-26JUL08,92.19785015166444,raycaster_cloudcaster,91.19,91.19,91.19,92.19785015166444,93.43535015166444,94.78535015166445,95.57285015166444,2026-07-08T22:00:00+00:00
den,KXHIGHDEN-26JUL08,92.15176994455342,raycaster_cloudcaster,91.19,91.19,91.19,92.15176994455342,93.38926994455342,94.73926994455343,95.52676994455342,2026-07-08T23:00:00+00:00
den,KXHIGHDEN-26JUL08,92.26161588221589,raycaster_cloudcaster,91.19,91.19,91.19,92.26161588221589,95.63555886335828,99.31622393369544,101.46327855805878,2026-07-09T00:00:00+00:00
den,KXHIGHDEN-26JUL08,92.16480306935445,raycaster_cloudcaster,91.19,91.19,91.19,92.16480306935445,95.7222520486091,99.60310548052328,101.86693664913987,2026-07-09T01:00:00+00:00
den,KXHIGHDEN-26JUL08,92.15697255742354,raycaster_cloudcaster,91.19,91.19,91.19,92.15697255742354,96.13044663434917,100.46514562735895,102.99372003994799,2026-07-09T02:00:00+00:00
den,KXHIGHDEN-26JUL08,92.1926374235753,raycaster_cloudcaster,91.19,91.19,91.19,92.1926374235753,96.28938640172859,100.75856710516854,103.36558918217517,2026-07-09T03:00:00+00:00
den,KXHIGHDEN-26JUL08,92.04835537043103,raycaster_cloudcaster,91.19,91.19,91.19,92.04835537043103,96.82216324674947,102.02995365727867,105.06783139675404,2026-07-09T04:00:00+00:00
den,KXHIGHDEN-26JUL08,92.04904468974762,raycaster_cloudcaster,91.19,91.19,91.19,92.04904468974762,97.29332096393455,103.01434962668394,106.35161634662107,2026-07-09T05:00:00+00:00
den,KXHIGHDEN-26JUL08,92.04952125438761,raycaster_cloudcaster,91.19,91.19,91.19,92.04952125438761,97.84672152607048,104.17094000427,107.86006744988636,2026-07-09T06:00:00+00:00
la,KXHIGHLAX-26JUL08,77.76988168853522,raycaster_cloudcaster,73.05818613385429,74.15758176327984,75.71720558047767,77.76988168853522,79.49750339191823,81.3821816137906,82.48157724321615,2026-07-08T08:00:00+00:00
la,KXHIGHLAX-26JUL08,77.44753198214033,raycaster_cloudcaster,72.7176059784908,73.82125537934236,75.564271726577,77.44753198214033,79.18183818347849,81.0738085849383,82.17745798578987,2026-07-08T09:00:00+00:00
la,KXHIGHLAX-26JUL08,77.49679992186256,raycaster_cloudcaster,72.773085811123,73.87528577029556,75.614271726577,77.49679992186256,79.22882842913373,81.11831407342956,82.22051403260213,2026-07-08T10:00:00+00:00
la,KXHIGHLAX-26JUL08,77.66503081632169,raycaster_cloudcaster,72.95333526164076,74.0527308910663,75.814271726577,77.66503081632169,79.3926525197047,81.27733074157707,82.37672637100262,2026-07-08T11:00:00+00:00
la,KXHIGHLAX-26JUL08,77.73157371033527,raycaster_cloudcaster,73.21271323450732,74.26711401220051,75.814271726577,77.73157371033527,79.38848921813884,81.19603340847003,82.25043418616322,2026-07-08T12:00:00+00:00
la,KXHIGHLAX-26JUL08,77.61911574378574,raycaster_cloudcaster,73.10025526795779,74.15465604565098,75.814271726577,77.61911574378574,79.27603125158932,81.0835754419205,82.13797621961369,2026-07-08T13:00:00+00:00
la,KXHIGHLAX-26JUL08,77.61912998181977,raycaster_cloudcaster,73.10026950599182,74.15467028368501,75.814271726577,77.61912998181977,79.27604548962334,81.08358967995453,82.13799045764772,2026-07-08T14:00:00+00:00
la,KXHIGHLAX-26JUL08,78.12930692435845,raycaster_cloudcaster,73.48688568108463,74.5701173045152,76.39328353827563,78.12930692435845,79.83152804689217,81.6884965442017,82.77172816763226,2026-07-08T15:00:00+00:00
la,KXHIGHLAX-26JUL08,77.73473926779498,raycaster_cloudcaster,73.21431063767594,74.26907731803705,75.68774823271798,77.73473926779498,79.39222976550529,81.20040121755291,82.25516789791402,2026-07-08T16:00:00+00:00
la,KXHIGHLAX-26JUL08,77.26665092023617,raycaster_cloudcaster,72.72120539751786,73.7818093528188,75.28774823271799,77.26665092023617,78.93331427856623,80.75149248765355,81.81209644295448,2026-07-08T17:00:00+00:00
la,KXHIGHLAX-26JUL08,77.16926761688211,raycaster_cloudcaster,73.19828851847325,74.12485030810198,75.29629060467977,77.16926761688211,78.62529328629869,80.21368492566224,81.14024671529097,2026-07-08T18:00:00+00:00
la,KXHIGHLAX-26JUL08,76.5730702414114,raycaster_cloudcaster,72.48227569756054,73.43679442445907,74.89301955709878,76.5730702414114,78.07302824082339,79.70934605836374,80.66386478526226,2026-07-08T19:00:00+00:00
la,KXHIGHLAX-26JUL08,76.73364946613506,raycaster_cloudcaster,72.65,73.39516163479585,74.70205183945696,76.73364946613506,78.33031755938426,80.07213729747427,81.08819881136012,2026-07-08T20:00:00+00:00
la,KXHIGHLAX-26JUL08,75.51831830100936,raycaster_cloudcaster,73.19,73.19,73.93249403899291,75.51831830100936,77.1041425630258,78.83413266704375,79.84329356105421,2026-07-08T21:00:00+00:00
la,KXHIGHLAX-26JUL08,75.30562097465824,raycaster_cloudcaster,73.19,73.19,73.7197967126418,75.30562097465824,76.89144523667468,78.62143534069263,79.63059623470309,2026-07-08T22:00:00+00:00
la,KXHIGHLAX-26JUL08,75.28144510800101,raycaster_cloudcaster,73.19,73.19,73.69562084598456,75.28144510800101,76.86726937001745,78.5972594740354,79.60642036804586,2026-07-08T23:00:00+00:00
la,KXHIGHLAX-26JUL08,75.03105076611341,raycaster_cloudcaster,73.19,73.19,73.6122963687634,75.03105076611341,76.44980516346342,77.99753723329981,78.90038094070435,2026-07-09T00:00:00+00:00
la,KXHIGHLAX-26JUL08,75.03105076611341,raycaster_cloudcaster,73.19,73.19,73.6122963687634,75.03105076611341,76.44980516346342,77.99753723329981,78.90038094070435,2026-07-09T01:00:00+00:00
la,KXHIGHLAX-26JUL08,74.41040121073942,raycaster_cloudcaster,73.19,73.19,73.19,74.41040121073942,75.78549976720728,77.28560728335404,78.16067000110633,2026-07-09T02:00:00+00:00
la,KXHIGHLAX-26JUL08,73.94,raycaster_cloudcaster,73.19,73.19,73.19,73.94,75.8392524950622,77.91116430785733,79.11977953198782,2026-07-09T03:00:00+00:00
la,KXHIGHLAX-26JUL08,73.94,raycaster_cloudcaster,73.19,73.19,73.19,73.94,76.11221983003563,78.48191419007449,79.86423590009716,2026-07-09T04:00:00+00:00
la,KXHIGHLAX-26JUL08,73.94,raycaster_cloudcaster,73.19,73.19,73.19,73.94,76.61094383879556,79.52470075384527,81.22439228762427,2026-07-09T05:00:00+00:00
la,KXHIGHLAX-26JUL08,73.94,raycaster_cloudcaster,73.19,73.19,73.19,73.94,76.5108588526016,79.31543214634878,80.95143323436798,2026-07-09T06:00:00+00:00
la,KXHIGHLAX-26JUL08,73.94,raycaster_cloudcaster,73.19,73.19,73.19,73.94,76.5108588526016,79.31543214634878,80.95143323436798,2026-07-09T07:00:00+00:00
mia,KXHIGHMIA-26JUL08,91.81452826861549,raycaster_cloudcaster,88.43952826861549,89.22702826861548,90.57702826861549,91.81452826861549,93.05202826861549,94.4020282686155,95.18952826861549,2026-07-08T05:00:00+00:00
mia,KXHIGHMIA-26JUL08,91.90285122563913,raycaster_cloudcaster,88.52785122563913,89.31535122563912,90.65289962055344,91.90285122563913,93.14035122563912,94.49035122563913,95.27785122563913,2026-07-08T06:00:00+00:00
mia,KXHIGHMIA-26JUL08,91.73408917045906,raycaster_cloudcaster,88.35908917045906,89.14658917045905,90.49658917045906,91.73408917045906,92.97158917045905,94.32158917045906,95.10908917045906,2026-07-08T07:00:00+00:00
mia,KXHIGHMIA-26JUL08,91.68408917045905,raycaster_cloudcaster,88.30908917045905,89.09658917045904,89.80324282330622,91.68408917045905,92.92158917045904,94.27158917045905,95.05908917045905,2026-07-08T08:00:00+00:00
mia,KXHIGHMIA-26JUL08,91.83161061319794,raycaster_cloudcaster,88.45661061319794,89.24411061319793,89.90324282330621,91.83161061319794,93.06911061319794,94.41911061319794,95.20661061319794,2026-07-08T09:00:00+00:00
mia,KXHIGHMIA-26JUL08,91.83262405814254,raycaster_cloudcaster,88.34374529842617,89.15781700902666,89.90245291431704,91.83262405814254,93.11187960337188,94.50743110725843,95.32150281785891,2026-07-08T10:00:00+00:00
mia,KXHIGHMIA-26JUL08,91.78063661938978,raycaster_cloudcaster,88.40563661938978,89.19313661938978,89.90324282330621,91.78063661938978,93.01813661938978,94.36813661938979,95.15563661938978,2026-07-08T11:00:00+00:00
mia,KXHIGHMIA-26JUL08,91.9247470410568,raycaster_cloudcaster,88.5497470410568,89.3372470410568,90.6872470410568,91.9247470410568,93.1622470410568,94.51224704105681,95.2997470410568,2026-07-08T12:00:00+00:00
mia,KXHIGHMIA-26JUL08,91.89258644569611,raycaster_cloudcaster,88.51758644569611,89.3050864456961,90.65508644569611,91.89258644569611,93.13008644569611,94.48008644569612,95.26758644569611,2026-07-08T13:00:00+00:00
mia,KXHIGHMIA-26JUL08,91.89249081646354,raycaster_cloudcaster,88.51749081646354,89.30499081646353,90.65499081646354,91.89249081646354,93.12999081646353,94.47999081646354,95.26749081646354,2026-07-08T14:00:00+00:00
mia,KXHIGHMIA-26JUL08,91.99760061856439,raycaster_cloudcaster,88.85,89.41010061856439,90.7601006185644,91.99760061856439,93.23510061856439,94.5851006185644,95.37260061856439,2026-07-08T15:00:00+00:00
mia,KXHIGHMIA-26JUL08,91.7516285171315,raycaster_cloudcaster,90.65,90.65,90.65,91.7516285171315,92.98912851713149,94.3391285171315,95.1266285171315,2026-07-08T16:00:00+00:00
mia,KXHIGHMIA-26JUL08,91.61618602580795,raycaster_cloudcaster,90.65,90.65,90.65,91.61618602580795,92.85368602580795,94.20368602580795,94.99118602580795,2026-07-08T17:00:00+00:00
mia,KXHIGHMIA-26JUL08,91.53276283070541,raycaster_cloudcaster,90.65,90.65,90.65,91.53276283070541,92.7702628307054,94.12026283070541,94.90776283070541,2026-07-08T18:00:00+00:00
mia,KXHIGHMIA-26JUL08,92.04556566304662,raycaster_cloudcaster,91.19,91.19,91.19,92.04556566304662,93.28306566304661,94.63306566304662,95.42056566304662,2026-07-08T19:00:00+00:00
mia,KXHIGHMIA-26JUL08,92.08416608773034,raycaster_cloudcaster,91.19,91.19,91.19,92.08416608773034,93.32166608773034,94.67166608773034,95.45916608773034,2026-07-08T20:00:00+00:00
mia,KXHIGHMIA-26JUL08,91.94109402205152,raycaster_cloudcaster,91.19,91.19,91.19,91.94109402205152,93.17859402205151,94.52859402205152,95.31609402205152,2026-07-08T21:00:00+00:00
mia,KXHIGHMIA-26JUL08,91.95399362497871,raycaster_cloudcaster,91.19,91.19,91.19,91.95399362497871,93.1914936249787,94.54149362497871,95.32899362497871,2026-07-08T22:00:00+00:00
mia,KXHIGHMIA-26JUL08,91.95033503115533,raycaster_cloudcaster,91.19,91.19,91.19,91.95033503115533,93.18783503115533,94.53783503115534,95.32533503115533,2026-07-08T23:00:00+00:00
mia,KXHIGHMIA-26JUL08,92.47721290812207,raycaster_cloudcaster,91.19,91.19,91.19,92.47721290812207,94.07616762605501,95.82048186380003,96.83799850248462,2026-07-09T00:00:00+00:00
mia,KXHIGHMIA-26JUL08,92.66187540289707,raycaster_cloudcaster,91.19,91.19,91.19,92.66187540289707,94.45293045230231,96.40680868801711,97.54657099218409,2026-07-09T01:00:00+00:00
mia,KXHIGHMIA-26JUL08,92.7938997453999,raycaster_cloudcaster,91.19,91.19,91.19,92.7938997453999,94.73773980826515,96.85829260411816,98.09528173503242,2026-07-09T02:00:00+00:00
mia,KXHIGHMIA-26JUL08,92.68821387815312,raycaster_cloudcaster,91.19,91.19,91.19,92.68821387815312,95.01411933409926,97.55147074058596,99.03159239436985,2026-07-09T03:00:00+00:00
mia,KXHIGHMIA-26JUL08,92.68599248968292,raycaster_cloudcaster,91.19,91.19,91.19,92.68599248968292,95.01189794562906,97.54924935211575,99.02937100589965,2026-07-09T04:00:00+00:00
nyc,KXHIGHNY-26JUL08,80.72155047861409,raycaster_cloudcaster,77.34655047861409,78.13405047861409,79.4840504786141,80.72155047861409,81.95905047861409,83.3090504786141,84.09655047861409,2026-07-08T05:00:00+00:00
nyc,KXHIGHNY-26JUL08,80.79506868582406,raycaster_cloudcaster,77.42006868582406,78.20756868582406,79.55756868582407,80.79506868582406,82.03256868582406,83.38256868582407,84.17006868582406,2026-07-08T06:00:00+00:00
nyc,KXHIGHNY-26JUL08,81.00638148479085,raycaster_cloudcaster,77.63138148479085,78.41888148479084,79.76888148479085,81.00638148479085,82.24388148479085,83.59388148479086,84.38138148479085,2026-07-08T07:00:00+00:00
nyc,KXHIGHNY-26JUL08,81.16551944988998,raycaster_cloudcaster,77.79051944988998,78.57801944988998,79.92801944988999,81.16551944988998,82.40301944988998,83.75301944988999,84.54051944988998,2026-07-08T08:00:00+00:00
nyc,KXHIGHNY-26JUL08,81.65007392908795,raycaster_cloudcaster,78.27507392908795,79.06257392908795,80.41257392908796,81.65007392908795,82.88757392908795,84.23757392908796,85.02507392908795,2026-07-08T09:00:00+00:00
nyc,KXHIGHNY-26JUL08,82.43363406550982,raycaster_cloudcaster,79.05863406550982,79.84613406550982,81.19613406550982,82.43363406550982,83.67113406550982,85.02113406550983,85.80863406550982,2026-07-08T10:00:00+00:00
nyc,KXHIGHNY-26JUL08,82.32158658888474,raycaster_cloudcaster,78.94658658888474,79.73408658888474,81.08408658888474,82.32158658888474,83.55908658888474,84.90908658888475,85.69658658888474,2026-07-08T11:00:00+00:00
nyc,KXHIGHNY-26JUL08,81.78839104237971,raycaster_cloudcaster,78.41339104237971,79.20089104237971,80.55089104237972,81.78839104237971,83.02589104237971,84.37589104237972,85.16339104237971,2026-07-08T12:00:00+00:00
nyc,KXHIGHNY-26JUL08,82.09319221274384,raycaster_cloudcaster,78.71819221274384,79.50569221274384,80.85569221274385,82.09319221274384,83.33069221274384,84.68069221274385,85.46819221274384,2026-07-08T13:00:00+00:00
nyc,KXHIGHNY-26JUL08,82.12376433329779,raycaster_cloudcaster,78.74876433329779,79.53626433329778,80.88626433329779,82.12376433329779,83.36126433329778,84.71126433329779,85.49876433329779,2026-07-08T14:00:00+00:00
nyc,KXHIGHNY-26JUL08,81.8302610541795,raycaster_cloudcaster,78.4552610541795,79.2427610541795,80.5927610541795,81.8302610541795,83.53030801637779,84.41776105417951,85.2052610541795,2026-07-08T15:00:00+00:00
nyc,KXHIGHNY-26JUL08,81.96229372042049,raycaster_cloudcaster,78.58729372042049,79.37479372042048,80.7247937204205,81.96229372042049,83.53747937313993,84.5497937204205,85.33729372042049,2026-07-08T16:00:00+00:00
nyc,KXHIGHNY-26JUL08,81.95173776612363,raycaster_cloudcaster,78.57673776612363,79.36423776612362,80.71423776612363,81.95173776612363,83.62462031685355,84.53923776612363,85.32673776612363,2026-07-08T17:00:00+00:00
nyc,KXHIGHNY-26JUL08,82.07761591173123,raycaster_cloudcaster,80.21,80.21,80.84011591173123,82.07761591173123,83.85521349283086,84.66511591173123,85.45261591173123,2026-07-08T18:00:00+00:00
nyc,KXHIGHNY-26JUL08,85.0112428709312,raycaster_cloudcaster,84.17,84.17,84.17,85.0112428709312,86.2487428709312,87.5987428709312,88.3862428709312,2026-07-08T19:00:00+00:00
nyc,KXHIGHNY-26JUL08,84.92,raycaster_cloudcaster,84.17,84.17,84.17,84.92,86.1575,87.50750000000001,88.295,2026-07-08T20:00:00+00:00
nyc,KXHIGHNY-26JUL08,84.92,raycaster_cloudcaster,84.17,84.17,84.17,84.92,86.1575,87.50750000000001,88.295,2026-07-08T21:00:00+00:00
nyc,KXHIGHNY-26JUL08,84.92,raycaster_cloudcaster,84.17,84.17,84.17,84.92,86.1575,87.50750000000001,88.295,2026-07-08T22:00:00+00:00
nyc,KXHIGHNY-26JUL08,84.92,raycaster_cloudcaster,84.17,84.17,84.17,84.92,86.62970257939796,88.49483266601389,89.58282521653986,2026-07-08T23:00:00+00:00
nyc,KXHIGHNY-26JUL08,85.07865393675512,raycaster_cloudcaster,84.17,84.17,84.17,85.07865393675512,86.99982086339111,89.0956393288122,90.31820010030783,2026-07-09T00:00:00+00:00
nyc,KXHIGHNY-26JUL08,84.9670982640247,raycaster_cloudcaster,84.17,84.17,84.17,84.9670982640247,87.07141177678842,89.36702651798521,90.70613511701667,2026-07-09T01:00:00+00:00
nyc,KXHIGHNY-26JUL08,84.93106309910863,raycaster_cloudcaster,84.17,84.17,84.17,84.93106309910863,87.45944031780049,90.21767001091888,91.82663733190462,2026-07-09T02:00:00+00:00
nyc,KXHIGHNY-26JUL08,84.93535499394703,raycaster_cloudcaster,84.17,84.17,84.17,84.93535499394703,87.93712902941338,91.21179161355852,93.12201145430983,2026-07-09T03:00:00+00:00
nyc,KXHIGHNY-26JUL08,85.01831260185065,raycaster_cloudcaster,84.17,84.17,84.17,85.01831260185065,88.33151753212587,91.94592291060792,94.05432604805578,2026-07-09T04:00:00+00:00
okc,KXHIGHTOKC-26JUL08,97.68260492184828,raycaster_cloudcaster,94.30760492184828,95.09510492184828,96.44510492184828,97.68260492184828,99.1122175806151,100.27010492184829,101.05760492184828,2026-07-08T06:00:00+00:00
okc,KXHIGHTOKC-26JUL08,98.26516624076943,raycaster_cloudcaster,94.89016624076943,95.67766624076943,97.02766624076943,98.26516624076943,99.63436841502231,100.85266624076944,101.64016624076943,2026-07-08T07:00:00+00:00
okc,KXHIGHTOKC-26JUL08,98.60206358392377,raycaster_cloudcaster,95.22706358392377,96.01456358392376,97.36456358392377,98.60206358392377,99.83956358392376,101.18956358392377,101.97706358392377,2026-07-08T08:00:00+00:00
okc,KXHIGHTOKC-26JUL08,98.32091451279734,raycaster_cloudcaster,94.94591451279734,95.73341451279734,97.08341451279735,98.32091451279734,99.55841451279734,100.90841451279735,101.69591451279734,2026-07-08T09:00:00+00:00
okc,KXHIGHTOKC-26JUL08,98.30197520028443,raycaster_cloudcaster,94.92697520028443,95.71447520028443,97.06447520028443,98.30197520028443,99.54024876503667,100.88947520028444,101.67697520028443,2026-07-08T10:00:00+00:00
okc,KXHIGHTOKC-26JUL08,98.64536289556189,raycaster_cloudcaster,95.27036289556189,96.05786289556188,97.40786289556189,98.64536289556189,99.88286289556189,101.2328628955619,102.02036289556189,2026-07-08T11:00:00+00:00
okc,KXHIGHTOKC-26JUL08,99.78145668194982,raycaster_cloudcaster,96.40645668194982,97.19395668194981,98.54395668194982,99.78145668194982,101.01895668194982,102.36895668194983,103.15645668194982,2026-07-08T12:00:00+00:00
okc,KXHIGHTOKC-26JUL08,99.78311879952766,raycaster_cloudcaster,96.40811879952766,97.19561879952765,98.54561879952766,99.78311879952766,101.02061879952765,102.37061879952766,103.15811879952766,2026-07-08T13:00:00+00:00
okc,KXHIGHTOKC-26JUL08,99.80478797934504,raycaster_cloudcaster,96.42978797934504,97.21728797934503,98.56728797934504,99.80478797934504,101.04228797934503,102.39228797934504,103.17978797934504,2026-07-08T14:00:00+00:00
okc,KXHIGHTOKC-26JUL08,99.96450330646073,raycaster_cloudcaster,96.58950330646073,97.37700330646072,98.72700330646073,99.96450330646073,101.20200330646072,102.55200330646073,103.33950330646073,2026-07-08T15:00:00+00:00
okc,KXHIGHTOKC-26JUL08,99.84940797532553,raycaster_cloudcaster,96.47440797532553,97.26190797532553,98.61190797532554,99.84940797532553,101.08690797532553,102.43690797532554,103.22440797532553,2026-07-08T16:00:00+00:00
okc,KXHIGHTOKC-26JUL08,99.82789571595043,raycaster_cloudcaster,96.45289571595043,97.24039571595043,98.59039571595044,99.82789571595043,101.06539571595043,102.41539571595044,103.20289571595043,2026-07-08T17:00:00+00:00
okc,KXHIGHTOKC-26JUL08,99.8151167861046,raycaster_cloudcaster,96.4401167861046,97.22761678610459,98.5776167861046,99.8151167861046,101.0526167861046,102.4026167861046,103.1901167861046,2026-07-08T18:00:00+00:00
okc,KXHIGHTOKC-26JUL08,99.81248251529676,raycaster_cloudcaster,96.43748251529676,97.22498251529676,98.57498251529677,99.81248251529676,101.04998251529676,102.39998251529677,103.18748251529676,2026-07-08T19:00:00+00:00
okc,KXHIGHTOKC-26JUL08,99.81105983297104,raycaster_cloudcaster,96.43605983297104,97.22355983297103,98.57355983297104,99.81105983297104,101.04855983297104,102.39855983297105,103.18605983297104,2026-07-08T20:00:00+00:00
okc,KXHIGHTOKC-26JUL08,99.79166696658889,raycaster_cloudcaster,97.85,97.85,98.5541669665889,99.79166696658889,101.02916696658889,102.3791669665889,103.16666696658889,2026-07-08T21:00:00+00:00
okc,KXHIGHTOKC-26JUL08,99.62040548954086,raycaster_cloudcaster,97.85,97.85,98.38290548954086,99.62040548954086,100.85790548954085,102.20790548954086,102.99540548954086,2026-07-08T22:00:00+00:00
okc,KXHIGHTOKC-26JUL08,99.49330512718018,raycaster_cloudcaster,97.85,97.85,98.25580512718018,99.49330512718018,100.73080512718018,102.08080512718018,102.86830512718018,2026-07-08T23:00:00+00:00
okc,KXHIGHTOKC-26JUL08,98.6,raycaster_cloudcaster,97.85,97.85,97.85,98.6,99.83749999999999,101.1875,101.975,2026-07-09T00:00:00+00:00
okc,KXHIGHTOKC-26JUL08,98.62055971045649,raycaster_cloudcaster,97.85,97.85,97.85,98.62055971045649,99.85805971045649,101.2080597104565,101.99555971045649,2026-07-09T01:00:00+00:00
okc,KXHIGHTOKC-26JUL08,98.6,raycaster_cloudcaster,97.85,97.85,97.85,98.6,99.83749999999999,101.1875,101.975,2026-07-09T02:00:00+00:00
okc,KXHIGHTOKC-26JUL08,98.6,raycaster_cloudcaster,97.85,97.85,97.85,98.6,100.95482228628828,103.5237193258755,105.02224259896805,2026-07-09T03:00:00+00:00
okc,KXHIGHTOKC-26JUL08,98.6,raycaster_cloudcaster,97.85,97.85,97.85,98.6,101.77074880745857,105.2297475065043,107.24749674761429,2026-07-09T04:00:00+00:00
okc,KXHIGHTOKC-26JUL08,98.6,raycaster_cloudcaster,97.85,97.85,97.85,98.6,102.61828358879758,107.00186568566767,109.55895524217522,2026-07-09T05:00:00+00:00
aus,KXHIGHAUS-26JUL09,97.83711049045493,raycaster_cloudcaster,94.46211049045493,95.24961049045493,96.3699058171292,97.83711049045493,99.07461049045493,100.42461049045494,101.21211049045493,2026-07-09T06:00:00+00:00
aus,KXHIGHAUS-26JUL09,98.31939555037067,raycaster_cloudcaster,94.94439555037067,95.73189555037067,96.76111271150621,98.31939555037067,99.55689555037067,100.90689555037068,101.69439555037067,2026-07-09T07:00:00+00:00
aus,KXHIGHAUS-26JUL09,98.3167639714233,raycaster_cloudcaster,94.9417639714233,95.7292639714233,96.74154937115574,98.3167639714233,99.5542639714233,100.9042639714233,101.6917639714233,2026-07-09T08:00:00+00:00
aus,KXHIGHAUS-26JUL09,97.59925818701957,raycaster_cloudcaster,94.22425818701957,95.01175818701957,96.36175818701957,97.59925818701957,98.83675818701957,100.18675818701958,100.97425818701957,2026-07-09T09:00:00+00:00
aus,KXHIGHAUS-26JUL09,97.53960422892155,raycaster_cloudcaster,94.16460422892155,94.95210422892154,96.30210422892155,97.53960422892155,98.77710422892154,100.12710422892155,100.91460422892155,2026-07-09T10:00:00+00:00
aus,KXHIGHAUS-26JUL09,97.80078194721254,raycaster_cloudcaster,94.42578194721254,95.21328194721254,96.56328194721254,97.80078194721254,99.03828194721254,100.38828194721255,101.17578194721254,2026-07-09T11:00:00+00:00
aus,KXHIGHAUS-26JUL09,97.85139024291442,raycaster_cloudcaster,94.47639024291442,95.26389024291441,96.61389024291442,97.85139024291442,99.08889024291442,100.43889024291443,101.22639024291442,2026-07-09T12:00:00+00:00
aus,KXHIGHAUS-26JUL09,97.84747116770347,raycaster_cloudcaster,94.47247116770347,95.25997116770347,96.60997116770348,97.84747116770347,99.08497116770347,100.43497116770348,101.22247116770347,2026-07-09T13:00:00+00:00
aus,KXHIGHAUS-26JUL09,97.83965534297526,raycaster_cloudcaster,94.46465534297526,95.25215534297526,96.60215534297527,97.83965534297526,99.07715534297526,100.42715534297527,101.21465534297526,2026-07-09T14:00:00+00:00
aus,KXHIGHAUS-26JUL09,97.44747934939636,raycaster_cloudcaster,94.07247934939636,94.85997934939635,96.20997934939636,97.44747934939636,98.68497934939636,100.03497934939637,100.82247934939636,2026-07-09T15:00:00+00:00
aus,KXHIGHAUS-26JUL09,97.37697401061017,raycaster_cloudcaster,94.00197401061017,94.78947401061016,96.13947401061017,97.37697401061017,98.61447401061017,99.96447401061018,100.75197401061017,2026-07-09T16:00:00+00:00
aus,KXHIGHAUS-26JUL09,97.26322492567301,raycaster_cloudcaster,93.88822492567301,94.67572492567301,96.02572492567302,97.26322492567301,98.50072492567301,99.85072492567302,100.63822492567301,2026-07-09T17:00:00+00:00
aus,KXHIGHAUS-26JUL09,97.33136053614402,raycaster_cloudcaster,93.95636053614402,94.74386053614401,96.09386053614402,97.33136053614402,98.56886053614402,99.91886053614402,100.70636053614402,2026-07-09T18:00:00+00:00
aus,KXHIGHAUS-26JUL09,97.19858414080846,raycaster_cloudcaster,94.25,94.61108414080846,95.96108414080847,97.19858414080846,98.43608414080846,99.78608414080847,100.57358414080846,2026-07-09T19:00:00+00:00
aus,KXHIGHAUS-26JUL09,97.8756653450118,raycaster_cloudcaster,96.05,96.05,96.6381653450118,97.8756653450118,99.1131653450118,100.4631653450118,101.2506653450118,2026-07-09T20:00:00+00:00
aus,KXHIGHAUS-26JUL09,98.77878832823177,raycaster_cloudcaster,97.85,97.85,97.85,98.77878832823177,100.01628832823177,101.36628832823178,102.15378832823177,2026-07-09T21:00:00+00:00
aus,KXHIGHAUS-26JUL09,98.79030711005947,raycaster_cloudcaster,97.85,97.85,97.85,98.79030711005947,100.02780711005947,101.37780711005948,102.16530711005947,2026-07-09T22:00:00+00:00
aus,KXHIGHAUS-26JUL09,98.6,raycaster_cloudcaster,97.85,97.85,97.85,98.6,99.83749999999999,101.1875,101.975,2026-07-09T23:00:00+00:00
aus,KXHIGHAUS-26JUL09,98.6,raycaster_cloudcaster,97.85,97.85,97.85,98.6,99.89459298623157,101.30687624393875,102.13070814426793,2026-07-10T00:00:00+00:00
aus,KXHIGHAUS-26JUL09,98.6,raycaster_cloudcaster,97.85,97.85,97.85,98.6,100.0549969072132,101.6422662605367,102.56817338330873,2026-07-10T01:00:00+00:00
aus,KXHIGHAUS-26JUL09,98.6,raycaster_cloudcaster,97.85,97.85,97.85,98.6,100.94833898745475,103.51016333740537,105.00456087487657,2026-07-10T02:00:00+00:00
aus,KXHIGHAUS-26JUL09,98.6,raycaster_cloudcaster,97.85,97.85,97.85,98.6,101.46245279437058,104.58512857004759,106.4066894391925,2026-07-10T03:00:00+00:00
aus,KXHIGHAUS-26JUL09,98.6,raycaster_cloudcaster,97.85,97.85,97.85,98.6,101.99511306880933,105.6988727802377,107.85939927857092,2026-07-10T04:00:00+00:00
aus,KXHIGHAUS-26JUL09,98.6,raycaster_cloudcaster,97.85,97.85,97.85,98.6,102.26504334899329,106.26327245698597,108.59557276998171,2026-07-10T05:00:00+00:00
den,KXHIGHDEN-26JUL09,90.52953594142149,raycaster_cloudcaster,87.04995622542128,87.86185815915466,88.81510810515903,90.52953594142149,91.80538183728822,93.19721372368831,94.00911565742169,2026-07-09T07:00:00+00:00
den,KXHIGHDEN-26JUL09,90.4072007322906,raycaster_cloudcaster,86.8813710426998,87.70406463693764,88.57341545654819,90.4072007322906,91.70000495180723,93.11033682764356,93.93303042188141,2026-07-09T08:00:00+00:00
den,KXHIGHDEN-26JUL09,91.09275715060551,raycaster_cloudcaster,87.58997611263011,88.4072916881577,89.50309791702625,91.09275715060551,92.37711019786315,93.77822261305332,94.5955381885809,2026-07-09T09:00:00+00:00
den,KXHIGHDEN-26JUL09,91.06902618616877,raycaster_cloudcaster,87.68169063663677,88.48152618616876,89.5248696036415,91.06902618616877,92.30652618616877,93.65652618616878,94.44402618616877,2026-07-09T10:00:00+00:00
den,KXHIGHDEN-26JUL09,91.48749180619102,raycaster_cloudcaster,88.11249180619102,88.89999180619101,90.15481809050017,91.48749180619102,92.72499180619101,94.07499180619102,94.86249180619102,2026-07-09T11:00:00+00:00
den,KXHIGHDEN-26JUL09,91.37527922102167,raycaster_cloudcaster,88.00027922102167,88.78777922102167,89.7632435380579,91.37527922102167,92.61277922102167,93.96277922102168,94.75027922102167,2026-07-09T12:00:00+00:00
den,KXHIGHDEN-26JUL09,91.38596829850233,raycaster_cloudcaster,88.01096829850233,88.79846829850233,89.71344965011366,91.38596829850233,92.62346829850233,93.97346829850234,94.76096829850233,2026-07-09T13:00:00+00:00
den,KXHIGHDEN-26JUL09,91.38596829850233,raycaster_cloudcaster,88.01096829850233,88.79846829850233,89.71344965011366,91.38596829850233,92.62346829850233,93.97346829850234,94.76096829850233,2026-07-09T14:00:00+00:00
den,KXHIGHDEN-26JUL09,91.19647313972239,raycaster_cloudcaster,87.82147313972239,88.60897313972238,89.16691427434473,91.19647313972239,92.43397313972238,93.78397313972239,94.57147313972239,2026-07-09T15:00:00+00:00
den,KXHIGHDEN-26JUL09,91.45778283769806,raycaster_cloudcaster,88.08278283769806,88.87028283769806,89.48634409471087,91.45778283769806,92.69528283769806,94.04528283769807,94.83278283769806,2026-07-09T16:00:00+00:00
den,KXHIGHDEN-26JUL09,91.37501373868466,raycaster_cloudcaster,88.00001373868466,88.78751373868465,89.53681974592031,91.37501373868466,92.61251373868465,93.96251373868466,94.75001373868466,2026-07-09T17:00:00+00:00
den,KXHIGHDEN-26JUL09,91.09362607521868,raycaster_cloudcaster,87.71862607521868,88.50612607521867,89.37323601837487,91.09362607521868,92.33112607521868,93.68112607521869,94.46862607521868,2026-07-09T18:00:00+00:00
den,KXHIGHDEN-26JUL09,90.91178285937785,raycaster_cloudcaster,87.53678285937785,88.32428285937785,89.62363054387149,90.91178285937785,92.14928285937785,93.49928285937786,94.28678285937785,2026-07-09T19:00:00+00:00
den,KXHIGHDEN-26JUL09,90.4553254263699,raycaster_cloudcaster,87.0803254263699,87.86782542636989,89.2178254263699,90.4553254263699,91.6928254263699,93.0428254263699,93.8303254263699,2026-07-09T20:00:00+00:00
den,KXHIGHDEN-26JUL09,92.38771787832609,raycaster_cloudcaster,90.29,90.29,91.15021787832609,92.38771787832609,93.62521787832608,94.97521787832609,95.76271787832609,2026-07-09T21:00:00+00:00
den,KXHIGHDEN-26JUL09,92.29400440166012,raycaster_cloudcaster,90.29,90.29,91.05650440166012,92.29400440166012,93.53150440166011,94.88150440166012,95.66900440166012,2026-07-09T22:00:00+00:00
den,KXHIGHDEN-26JUL09,92.18494521069755,raycaster_cloudcaster,90.29,90.29,90.94744521069755,92.18494521069755,93.42244521069755,94.77244521069755,95.55994521069755,2026-07-09T23:00:00+00:00
den,KXHIGHDEN-26JUL09,91.92429141130921,raycaster_cloudcaster,90.29,90.29,90.29,91.92429141130921,95.2734191246101,98.92701299366561,101.05827608394799,2026-07-10T00:00:00+00:00
den,KXHIGHDEN-26JUL09,91.76082381398538,raycaster_cloudcaster,90.29,90.29,90.29,91.76082381398538,95.35054433792594,99.26660309131562,101.5509706974596,2026-07-10T01:00:00+00:00
den,KXHIGHDEN-26JUL09,91.58452410475498,raycaster_cloudcaster,90.29,90.29,90.29,91.58452410475498,95.94101907663317,100.69355904595484,103.46587402805915,2026-07-10T02:00:00+00:00
den,KXHIGHDEN-26JUL09,91.62247581345487,raycaster_cloudcaster,90.29,90.29,90.29,91.62247581345487,95.9234229231041,100.6153652245396,103.35233156704366,2026-07-10T03:00:00+00:00
den,KXHIGHDEN-26JUL09,91.44786531308839,raycaster_cloudcaster,90.29,90.29,90.29,91.44786531308839,96.97685356049858,103.00847710312787,106.52692416966164,2026-07-10T04:00:00+00:00
den,KXHIGHDEN-26JUL09,91.44786531308839,raycaster_cloudcaster,90.29,90.29,90.29,91.44786531308839,96.97685356049858,103.00847710312787,106.52692416966164,2026-07-10T05:00:00+00:00
den,KXHIGHDEN-26JUL09,91.37557044263208,raycaster_cloudcaster,90.29,90.29,90.29,91.37557044263208,97.41745139478597,104.00859425168113,107.85342758486996,2026-07-10T06:00:00+00:00
la,KXHIGHLAX-26JUL09,76.25785262538331,raycaster_cloudcaster,72.39623379385682,73.29727818787967,74.84192572049027,76.25785262538331,77.67377953027635,79.21842706288695,80.11947145690979,2026-07-09T08:00:00+00:00
la,KXHIGHLAX-26JUL09,76.37764058795631,raycaster_cloudcaster,72.80701039147839,73.64015743732323,75.0684095159144,76.37764058795631,77.68687165999822,79.11512373858939,79.94827078443423,2026-07-09T09:00:00+00:00
la,KXHIGHLAX-26JUL09,75.8073087168799,raycaster_cloudcaster,71.89567223070178,72.80838741081,74.37304200528125,75.8073087168799,77.24157542847855,78.8062300229498,79.71894520305803,2026-07-09T10:00:00+00:00
la,KXHIGHLAX-26JUL09,75.64819907452598,raycaster_cloudcaster,71.62856289695965,72.56647800505846,74.174332476085,75.64819907452598,77.12206567296695,78.7299201439935,79.6678352520923,2026-07-09T11:00:00+00:00
la,KXHIGHLAX-26JUL09,75.91235957428314,raycaster_cloudcaster,72.40928949219801,73.22667251135121,74.62790054418527,75.91235957428314,77.19681860438102,78.59804663721508,79.41542965636827,2026-07-09T12:00:00+00:00
la,KXHIGHLAX-26JUL09,75.57814459951916,raycaster_cloudcaster,71.92121966181536,72.77450214727958,74.2372721223611,75.57814459951916,76.94223694796663,78.38178705175875,79.23506953722297,2026-07-09T13:00:00+00:00
la,KXHIGHLAX-26JUL09,75.57997226319877,raycaster_cloudcaster,71.92304732549496,72.77632981095918,74.23909978604071,75.57997226319877,76.92724604443,78.38361471543836,79.23689720090258,2026-07-09T14:00:00+00:00
la,KXHIGHLAX-26JUL09,75.90458129369532,raycaster_cloudcaster,72.35899248504873,73.1862965403996,74.60453206385823,75.90458129369532,77.23618830308881,78.62286604699104,79.4501701023419,2026-07-09T15:00:00+00:00
la,KXHIGHLAX-26JUL09,76.1955230038928,raycaster_cloudcaster,72.76990262212253,73.56921404453558,74.9394621972437,76.1955230038928,77.58941920701224,78.82183196325002,79.62114338566307,2026-07-09T16:00:00+00:00
la,KXHIGHLAX-26JUL09,76.21073795181728,raycaster_cloudcaster,72.75920568338925,73.56456321268912,74.94517612006034,76.21073795181728,77.47629978357422,78.85691269094544,79.6622702202453,2026-07-09T17:00:00+00:00
la,KXHIGHLAX-26JUL09,77.09716655235327,raycaster_cloudcaster,73.72216655235327,74.50966655235327,75.85966655235327,77.09716655235327,78.33466655235327,79.68466655235328,80.47216655235327,2026-07-09T18:00:00+00:00
la,KXHIGHLAX-26JUL09,76.37868161442658,raycaster_cloudcaster,73.00368161442658,73.79118161442658,75.14118161442659,76.37868161442658,77.61618161442658,78.96618161442659,79.75368161442658,2026-07-09T19:00:00+00:00
la,KXHIGHLAX-26JUL09,76.29626094436294,raycaster_cloudcaster,72.92126094436294,73.70876094436294,75.05876094436294,76.29626094436294,77.53376094436294,78.88376094436295,79.67126094436294,2026-07-09T20:00:00+00:00
la,KXHIGHLAX-26JUL09,76.03951510539991,raycaster_cloudcaster,72.65,73.31183243507333,74.73497121959154,76.03951510539991,77.34405899120829,78.7671977757265,79.59736206669547,2026-07-09T21:00:00+00:00
la,KXHIGHLAX-26JUL09,75.85003402942155,raycaster_cloudcaster,73.19,73.19,74.54240096162309,75.85003402942155,77.15766709722001,78.58417589845469,79.41630603250825,2026-07-09T22:00:00+00:00
la,KXHIGHLAX-26JUL09,75.85472349974057,raycaster_cloudcaster,73.19,73.19,74.54709043194211,75.85472349974057,77.16235656753904,78.58886536877371,79.42099550282727,2026-07-09T23:00:00+00:00
la,KXHIGHLAX-26JUL09,74.9167694659811,raycaster_cloudcaster,73.19,73.19,73.67926946598111,74.9167694659811,76.1542694659811,77.50426946598111,78.2917694659811,2026-07-10T00:00:00+00:00
la,KXHIGHLAX-26JUL09,74.6728286764563,raycaster_cloudcaster,73.19,73.19,73.43532867645631,74.6728286764563,75.9103286764563,77.26032867645631,78.0478286764563,2026-07-10T01:00:00+00:00
la,KXHIGHLAX-26JUL09,74.63948506085458,raycaster_cloudcaster,73.19,73.19,73.40198506085459,74.63948506085458,75.87698506085458,77.22698506085459,78.01448506085458,2026-07-10T02:00:00+00:00
la,KXHIGHLAX-26JUL09,74.09899228892374,raycaster_cloudcaster,73.19,73.19,73.19,74.09899228892374,75.33649228892374,76.68649228892374,77.47399228892374,2026-07-10T03:00:00+00:00
la,KXHIGHLAX-26JUL09,73.94,raycaster_cloudcaster,73.19,73.19,73.19,73.94,76.15792408346182,78.57747762905655,79.9888838639868,2026-07-10T04:00:00+00:00
la,KXHIGHLAX-26JUL09,73.94,raycaster_cloudcaster,73.19,73.19,73.19,73.94,76.15792408346182,78.57747762905655,79.9888838639868,2026-07-10T05:00:00+00:00
la,KXHIGHLAX-26JUL09,73.94,raycaster_cloudcaster,73.19,73.19,73.19,73.94,76.01825605737118,78.28544448359428,79.60797106555776,2026-07-10T06:00:00+00:00
la,KXHIGHLAX-26JUL09,73.94,raycaster_cloudcaster,73.19,73.19,73.19,73.94,75.91039570645086,78.05991829530635,79.31380647213872,2026-07-10T07:00:00+00:00
mia,KXHIGHMIA-26JUL09,91.94423690017571,raycaster_cloudcaster,88.56923690017571,89.3567369001757,90.70673690017571,91.94423690017571,93.18173690017571,94.53173690017572,95.31923690017571,2026-07-09T05:00:00+00:00
mia,KXHIGHMIA-26JUL09,91.94579540595498,raycaster_cloudcaster,88.57079540595498,89.35829540595498,90.70829540595498,91.94579540595498,93.18329540595498,94.53329540595499,95.32079540595498,2026-07-09T06:00:00+00:00
mia,KXHIGHMIA-26JUL09,91.87880063446134,raycaster_cloudcaster,88.50380063446134,89.29130063446134,90.64130063446134,91.87880063446134,93.11630063446134,94.46630063446135,95.25380063446134,2026-07-09T07:00:00+00:00
mia,KXHIGHMIA-26JUL09,91.88440942033093,raycaster_cloudcaster,88.50940942033093,89.29690942033092,90.64690942033093,91.88440942033093,93.12190942033092,94.47190942033093,95.25940942033093,2026-07-09T08:00:00+00:00
mia,KXHIGHMIA-26JUL09,92.27075999697132,raycaster_cloudcaster,88.89575999697132,89.68325999697132,91.03325999697132,92.27075999697132,93.50825999697132,94.85825999697133,95.64575999697132,2026-07-09T09:00:00+00:00
mia,KXHIGHMIA-26JUL09,92.09118668966778,raycaster_cloudcaster,88.71618668966778,89.50368668966777,90.85368668966778,92.09118668966778,93.32868668966778,94.67868668966779,95.46618668966778,2026-07-09T10:00:00+00:00
mia,KXHIGHMIA-26JUL09,92.09253464414172,raycaster_cloudcaster,88.71753464414172,89.50503464414172,90.85503464414172,92.09253464414172,93.33003464414172,94.68003464414173,95.46753464414172,2026-07-09T11:00:00+00:00
mia,KXHIGHMIA-26JUL09,92.09511210924168,raycaster_cloudcaster,88.72011210924168,89.50761210924168,90.85761210924169,92.09511210924168,93.33261210924168,94.68261210924169,95.47011210924168,2026-07-09T12:00:00+00:00
mia,KXHIGHMIA-26JUL09,92.25511553290588,raycaster_cloudcaster,88.88011553290588,89.66761553290587,91.01761553290588,92.25511553290588,93.49261553290587,94.84261553290588,95.63011553290588,2026-07-09T13:00:00+00:00
mia,KXHIGHMIA-26JUL09,92.31864487985133,raycaster_cloudcaster,88.94364487985133,89.73114487985133,91.08114487985134,92.31864487985133,93.55614487985133,94.90614487985134,95.69364487985133,2026-07-09T14:00:00+00:00
mia,KXHIGHMIA-26JUL09,92.19813554975366,raycaster_cloudcaster,88.85,89.61063554975365,90.96063554975366,92.19813554975366,93.43563554975366,94.78563554975366,95.57313554975366,2026-07-09T15:00:00+00:00
mia,KXHIGHMIA-26JUL09,91.77710110731654,raycaster_cloudcaster,89.21,89.21,90.53960110731654,91.77710110731654,93.01460110731654,94.36460110731655,95.15210110731654,2026-07-09T16:00:00+00:00
mia,KXHIGHMIA-26JUL09,92.05344055201708,raycaster_cloudcaster,90.65,90.65,90.81594055201708,92.05344055201708,93.29094055201708,94.64094055201708,95.42844055201708,2026-07-09T17:00:00+00:00
mia,KXHIGHMIA-26JUL09,92.0400147042072,raycaster_cloudcaster,90.65,90.65,90.8025147042072,92.0400147042072,93.27751470420719,94.6275147042072,95.4150147042072,2026-07-09T18:00:00+00:00
mia,KXHIGHMIA-26JUL09,91.99478534208039,raycaster_cloudcaster,90.65,90.65,90.7572853420804,91.99478534208039,93.23228534208039,94.5822853420804,95.36978534208039,2026-07-09T19:00:00+00:00
mia,KXHIGHMIA-26JUL09,91.8943355936578,raycaster_cloudcaster,90.65,90.65,90.6568355936578,91.8943355936578,93.1318355936578,94.4818355936578,95.2693355936578,2026-07-09T20:00:00+00:00
mia,KXHIGHMIA-26JUL09,91.43412119346783,raycaster_cloudcaster,90.65,90.65,90.65,91.43412119346783,92.67162119346783,94.02162119346784,94.80912119346783,2026-07-09T21:00:00+00:00
mia,KXHIGHMIA-26JUL09,91.43827092624751,raycaster_cloudcaster,90.65,90.65,90.65,91.43827092624751,92.67577092624751,94.02577092624752,94.81327092624751,2026-07-09T22:00:00+00:00
mia,KXHIGHMIA-26JUL09,91.8779810778663,raycaster_cloudcaster,90.65,90.65,90.65,91.8779810778663,93.11548107786629,94.4654810778663,95.2529810778663,2026-07-09T23:00:00+00:00
mia,KXHIGHMIA-26JUL09,91.918397834356,raycaster_cloudcaster,90.65,90.65,90.65,91.918397834356,93.25672991198098,94.71672854211732,95.56839440969686,2026-07-10T00:00:00+00:00
mia,KXHIGHMIA-26JUL09,92.13258756879493,raycaster_cloudcaster,90.65,90.65,90.65,92.13258756879493,93.8360877155516,95.69445151201343,96.7784970599495,2026-07-10T01:00:00+00:00
mia,KXHIGHMIA-26JUL09,92.16837988391654,raycaster_cloudcaster,90.65,90.65,90.65,92.16837988391654,93.87188003067321,95.73024382713504,96.81428937507111,2026-07-10T02:00:00+00:00
mia,KXHIGHMIA-26JUL09,92.00053588518358,raycaster_cloudcaster,90.65,90.65,90.65,92.00053588518358,93.89760540156932,95.96713578308103,97.17436183896285,2026-07-10T03:00:00+00:00
mia,KXHIGHMIA-26JUL09,92.00221732493517,raycaster_cloudcaster,90.65,90.65,90.65,92.00221732493517,94.1046566225131,96.3982267653254,97.73614268196592,2026-07-10T04:00:00+00:00
nyc,KXHIGHNY-26JUL09,85.71391809621146,raycaster_cloudcaster,82.33891809621146,83.12641809621145,84.47641809621146,85.71391809621146,86.95141809621146,88.30141809621146,89.08891809621146,2026-07-09T05:00:00+00:00
nyc,KXHIGHNY-26JUL09,86.05595941998027,raycaster_cloudcaster,82.68095941998027,83.46845941998026,84.81845941998027,86.05595941998027,87.29345941998027,88.64345941998027,89.43095941998027,2026-07-09T06:00:00+00:00
nyc,KXHIGHNY-26JUL09,85.90971186259948,raycaster_cloudcaster,82.53471186259948,83.32221186259947,84.67221186259948,85.90971186259948,87.14721186259948,88.49721186259949,89.28471186259948,2026-07-09T07:00:00+00:00
nyc,KXHIGHNY-26JUL09,85.92521197099413,raycaster_cloudcaster,82.55021197099413,83.33771197099412,84.68771197099413,85.92521197099413,87.16271197099412,88.51271197099413,89.30021197099413,2026-07-09T08:00:00+00:00
nyc,KXHIGHNY-26JUL09,86.07105198739657,raycaster_cloudcaster,82.69605198739657,83.48355198739657,84.83355198739658,86.07105198739657,87.30855198739657,88.65855198739658,89.44605198739657,2026-07-09T09:00:00+00:00
nyc,KXHIGHNY-26JUL09,86.0651128833146,raycaster_cloudcaster,82.6901128833146,83.47761288331459,84.8276128833146,86.0651128833146,87.3026128833146,88.6526128833146,89.4401128833146,2026-07-09T10:00:00+00:00
nyc,KXHIGHNY-26JUL09,85.90991223809334,raycaster_cloudcaster,82.53491223809334,83.32241223809334,84.67241223809334,85.90991223809334,87.14741223809334,88.49741223809335,89.28491223809334,2026-07-09T11:00:00+00:00
nyc,KXHIGHNY-26JUL09,85.19097924471635,raycaster_cloudcaster,81.81597924471635,82.60347924471634,83.95347924471635,85.19097924471635,86.42847924471634,87.77847924471635,88.56597924471635,2026-07-09T12:00:00+00:00
nyc,KXHIGHNY-26JUL09,85.34095513529972,raycaster_cloudcaster,81.96595513529972,82.75345513529972,84.10345513529973,85.34095513529972,86.57845513529972,87.92845513529973,88.71595513529972,2026-07-09T13:00:00+00:00
nyc,KXHIGHNY-26JUL09,85.30994373753308,raycaster_cloudcaster,81.93494373753308,82.72244373753307,84.07244373753308,85.30994373753308,86.54744373753307,87.89744373753308,88.68494373753308,2026-07-09T14:00:00+00:00
nyc,KXHIGHNY-26JUL09,85.49872313784881,raycaster_cloudcaster,82.12372313784881,82.91122313784881,84.15517422769186,85.49872313784881,86.73622313784881,88.08622313784882,88.87372313784881,2026-07-09T15:00:00+00:00
nyc,KXHIGHNY-26JUL09,84.51336292437232,raycaster_cloudcaster,81.13836292437232,81.92586292437231,83.27586292437232,84.51336292437232,85.75086292437231,87.10086292437232,87.88836292437232,2026-07-09T16:00:00+00:00
nyc,KXHIGHNY-26JUL09,84.45470016353768,raycaster_cloudcaster,81.07970016353768,81.86720016353767,83.21720016353768,84.45470016353768,85.69220016353768,87.04220016353769,87.82970016353768,2026-07-09T17:00:00+00:00
nyc,KXHIGHNY-26JUL09,84.16998897896565,raycaster_cloudcaster,80.79498897896565,81.58248897896564,82.93248897896565,84.16998897896565,85.40748897896565,86.75748897896565,87.54498897896565,2026-07-09T18:00:00+00:00
nyc,KXHIGHNY-26JUL09,83.5203505486582,raycaster_cloudcaster,80.21,80.9328505486582,82.2828505486582,83.5203505486582,84.7578505486582,86.1078505486582,86.8953505486582,2026-07-09T19:00:00+00:00
nyc,KXHIGHNY-26JUL09,83.39733974375375,raycaster_cloudcaster,80.21,80.80983974375374,82.15983974375375,83.39733974375375,84.63483974375374,85.98483974375375,86.77233974375375,2026-07-09T20:00:00+00:00
nyc,KXHIGHNY-26JUL09,83.39593499402007,raycaster_cloudcaster,80.21,80.80843499402006,82.15843499402007,83.39593499402007,84.63343499402006,85.98343499402007,86.77093499402007,2026-07-09T21:00:00+00:00
nyc,KXHIGHNY-26JUL09,83.30169237752011,raycaster_cloudcaster,80.21,80.7141923775201,82.06419237752011,83.30169237752011,84.53919237752011,85.88919237752012,86.67669237752011,2026-07-09T22:00:00+00:00
nyc,KXHIGHNY-26JUL09,81.8532264400408,raycaster_cloudcaster,80.21,80.21,80.6157264400408,81.8532264400408,83.0907264400408,84.4407264400408,85.2282264400408,2026-07-09T23:00:00+00:00
nyc,KXHIGHNY-26JUL09,81.34048662865442,raycaster_cloudcaster,80.21,80.21,80.21,81.34048662865442,82.57798662865441,83.92798662865442,84.71548662865442,2026-07-10T00:00:00+00:00
nyc,KXHIGHNY-26JUL09,81.39952910018737,raycaster_cloudcaster,80.21,80.21,80.21,81.39952910018737,82.63702910018736,83.98702910018737,84.77452910018737,2026-07-10T01:00:00+00:00
nyc,KXHIGHNY-26JUL09,81.36141667099447,raycaster_cloudcaster,80.21,80.21,80.21,81.36141667099447,82.59891667099447,83.94891667099448,84.73641667099447,2026-07-10T02:00:00+00:00
nyc,KXHIGHNY-26JUL09,81.18770617501939,raycaster_cloudcaster,80.21,80.21,80.21,81.18770617501939,82.60082690234596,84.1424131503386,85.04167179500097,2026-07-10T03:00:00+00:00
nyc,KXHIGHNY-26JUL09,81.39429066281953,raycaster_cloudcaster,80.21,80.21,80.21,81.39429066281953,82.87205336027809,84.48415812114197,85.42455256497924,2026-07-10T04:00:00+00:00
okc,KXHIGHTOKC-26JUL09,99.67877402679729,raycaster_cloudcaster,96.30377402679729,97.09127402679728,98.44127402679729,99.67877402679729,100.91627402679728,102.26627402679729,103.05377402679729,2026-07-09T06:00:00+00:00
okc,KXHIGHTOKC-26JUL09,99.70538597266031,raycaster_cloudcaster,96.33038597266031,97.1178859726603,98.46788597266031,99.70538597266031,100.9428859726603,102.29288597266032,103.08038597266031,2026-07-09T07:00:00+00:00
okc,KXHIGHTOKC-26JUL09,99.71738333957722,raycaster_cloudcaster,96.34238333957722,97.12988333957722,98.47988333957723,99.71738333957722,100.95488333957722,102.30488333957723,103.09238333957722,2026-07-09T08:00:00+00:00
okc,KXHIGHTOKC-26JUL09,99.57977501486671,raycaster_cloudcaster,96.20477501486671,96.9922750148667,98.34227501486671,99.57977501486671,100.81727501486671,102.16727501486672,102.95477501486671,2026-07-09T09:00:00+00:00
okc,KXHIGHTOKC-26JUL09,99.78573877301712,raycaster_cloudcaster,96.41073877301712,97.19823877301711,98.54823877301712,99.78573877301712,101.02323877301711,102.37323877301712,103.16073877301712,2026-07-09T10:00:00+00:00
okc,KXHIGHTOKC-26JUL09,99.63271682230247,raycaster_cloudcaster,96.25771682230247,97.04521682230246,98.39521682230247,99.63271682230247,100.87021682230247,102.22021682230248,103.00771682230247,2026-07-09T11:00:00+00:00
okc,KXHIGHTOKC-26JUL09,99.63941950350956,raycaster_cloudcaster,96.26441950350956,97.05191950350955,98.40191950350956,99.63941950350956,100.87691950350955,102.22691950350956,103.01441950350956,2026-07-09T12:00:00+00:00
okc,KXHIGHTOKC-26JUL09,99.64338881087019,raycaster_cloudcaster,96.26838881087019,97.05588881087019,98.4058888108702,99.64338881087019,100.88088881087019,102.2308888108702,103.01838881087019,2026-07-09T13:00:00+00:00
okc,KXHIGHTOKC-26JUL09,99.66929425259991,raycaster_cloudcaster,96.29429425259991,97.0817942525999,98.43179425259991,99.66929425259991,100.90679425259991,102.25679425259992,103.04429425259991,2026-07-09T14:00:00+00:00
okc,KXHIGHTOKC-26JUL09,99.59150630560055,raycaster_cloudcaster,96.21650630560055,97.00400630560054,98.35400630560055,99.59150630560055,100.82900630560054,102.17900630560055,102.96650630560055,2026-07-09T15:00:00+00:00
okc,KXHIGHTOKC-26JUL09,99.57287238052481,raycaster_cloudcaster,96.19787238052481,96.98537238052481,98.33537238052482,99.57287238052481,100.81037238052481,102.16037238052482,102.94787238052481,2026-07-09T16:00:00+00:00
okc,KXHIGHTOKC-26JUL09,99.54973675493903,raycaster_cloudcaster,96.17473675493903,96.96223675493903,98.31223675493904,99.54973675493903,100.78723675493903,102.13723675493904,102.92473675493903,2026-07-09T17:00:00+00:00
okc,KXHIGHTOKC-26JUL09,98.79685346825359,raycaster_cloudcaster,95.42185346825359,96.20935346825358,97.55935346825359,98.79685346825359,100.03435346825358,101.3843534682536,102.17185346825359,2026-07-09T18:00:00+00:00
okc,KXHIGHTOKC-26JUL09,98.83874602688127,raycaster_cloudcaster,95.46374602688127,96.25124602688126,97.60124602688127,98.83874602688127,100.07624602688126,101.42624602688127,102.21374602688127,2026-07-09T19:00:00+00:00
okc,KXHIGHTOKC-26JUL09,98.84066573963572,raycaster_cloudcaster,96.05,96.25316573963572,97.60316573963573,98.84066573963572,100.07816573963572,101.42816573963573,102.21566573963572,2026-07-09T20:00:00+00:00
okc,KXHIGHTOKC-26JUL09,99.30620836571497,raycaster_cloudcaster,97.85,97.85,98.06870836571497,99.30620836571497,100.54370836571496,101.89370836571497,102.68120836571497,2026-07-09T21:00:00+00:00
okc,KXHIGHTOKC-26JUL09,99.19995397794622,raycaster_cloudcaster,97.85,97.85,97.96245397794623,99.19995397794622,100.43745397794622,101.78745397794623,102.57495397794622,2026-07-09T22:00:00+00:00
okc,KXHIGHTOKC-26JUL09,99.00354623253524,raycaster_cloudcaster,97.85,97.85,97.85,99.00354623253524,100.24104623253524,101.59104623253525,102.37854623253524,2026-07-09T23:00:00+00:00
okc,KXHIGHTOKC-26JUL09,98.6,raycaster_cloudcaster,97.85,97.85,97.85,98.6,99.83749999999999,101.1875,101.975,2026-07-10T00:00:00+00:00
okc,KXHIGHTOKC-26JUL09,98.6,raycaster_cloudcaster,97.85,97.85,97.85,98.6,99.83749999999999,101.1875,101.975,2026-07-10T01:00:00+00:00
okc,KXHIGHTOKC-26JUL09,98.6,raycaster_cloudcaster,97.85,97.85,97.85,98.6,101.26887181220829,104.18036833461734,105.87874130602262,2026-07-10T02:00:00+00:00
okc,KXHIGHTOKC-26JUL09,98.6,raycaster_cloudcaster,97.85,97.85,97.85,98.6,101.27605381111815,104.19538524142885,105.89832857577677,2026-07-10T03:00:00+00:00
okc,KXHIGHTOKC-26JUL09,98.6,raycaster_cloudcaster,97.85,97.85,97.85,98.6,102.35283422895283,106.44683520599227,108.83500244259862,2026-07-10T04:00:00+00:00
okc,KXHIGHTOKC-26JUL09,98.6,raycaster_cloudcaster,97.85,97.85,97.85,98.6,102.35283422895283,106.44683520599227,108.83500244259862,2026-07-10T05:00:00+00:00
aus,KXHIGHAUS-26JUL10,93.55757942850626,raycaster_cloudcaster,90.18257942850626,90.97007942850625,92.32007942850626,93.55757942850626,94.79507942850626,96.14507942850626,96.93257942850626,2026-07-10T06:00:00+00:00
aus,KXHIGHAUS-26JUL10,93.73069515407467,raycaster_cloudcaster,90.35569515407467,91.14319515407466,92.49319515407467,93.73069515407467,94.96819515407466,96.31819515407467,97.10569515407467,2026-07-10T07:00:00+00:00
aus,KXHIGHAUS-26JUL10,93.72767308445658,raycaster_cloudcaster,90.35267308445658,91.14017308445658,92.49017308445659,93.72767308445658,94.96517308445658,96.31517308445659,97.10267308445658,2026-07-10T08:00:00+00:00
aus,KXHIGHAUS-26JUL10,93.53986706394902,raycaster_cloudcaster,90.16486706394902,90.95236706394901,92.30236706394902,93.53986706394902,94.77736706394901,96.12736706394902,96.91486706394902,2026-07-10T09:00:00+00:00
aus,KXHIGHAUS-26JUL10,93.63324872153419,raycaster_cloudcaster,90.25824872153419,91.04574872153418,92.39574872153419,93.63324872153419,94.87074872153418,96.22074872153419,97.00824872153419,2026-07-10T10:00:00+00:00
aus,KXHIGHAUS-26JUL10,93.48306701810846,raycaster_cloudcaster,90.10806701810846,90.89556701810845,92.24556701810846,93.48306701810846,94.72056701810845,96.07056701810846,96.85806701810846,2026-07-10T11:00:00+00:00
aus,KXHIGHAUS-26JUL10,93.81864627931435,raycaster_cloudcaster,90.44364627931435,91.23114627931434,92.58114627931435,93.81864627931435,95.05614627931435,96.40614627931436,97.19364627931435,2026-07-10T12:00:00+00:00
aus,KXHIGHAUS-26JUL10,95.32504270889189,raycaster_cloudcaster,91.95004270889189,92.73754270889188,94.08754270889189,95.32504270889189,96.56254270889188,97.91254270889189,98.70004270889189,2026-07-10T13:00:00+00:00
aus,KXHIGHAUS-26JUL10,95.33642993325279,raycaster_cloudcaster,91.96142993325279,92.74892993325278,94.09892993325279,95.33642993325279,96.57392993325278,97.9239299332528,98.71142993325279,2026-07-10T14:00:00+00:00
aus,KXHIGHAUS-26JUL10,95.23346936345897,raycaster_cloudcaster,91.85846936345897,92.64596936345896,93.99596936345897,95.23346936345897,96.47096936345896,97.82096936345897,98.60846936345897,2026-07-10T15:00:00+00:00
aus,KXHIGHAUS-26JUL10,95.07166453026578,raycaster_cloudcaster,91.69666453026578,92.48416453026577,93.83416453026578,95.07166453026578,96.30916453026578,97.65916453026578,98.44666453026578,2026-07-10T16:00:00+00:00
aus,KXHIGHAUS-26JUL10,95.04988865373423,raycaster_cloudcaster,91.67488865373423,92.46238865373422,93.81238865373423,95.04988865373423,96.28738865373423,97.63738865373423,98.42488865373423,2026-07-10T17:00:00+00:00
aus,KXHIGHAUS-26JUL10,95.17214531325183,raycaster_cloudcaster,91.79714531325183,92.58464531325183,93.93464531325183,95.17214531325183,96.40964531325183,97.75964531325184,98.54714531325183,2026-07-10T18:00:00+00:00
aus,KXHIGHAUS-26JUL10,94.99295015756884,raycaster_cloudcaster,92.45,92.45,93.75545015756884,94.99295015756884,96.23045015756884,97.58045015756885,98.36795015756884,2026-07-10T19:00:00+00:00
aus,KXHIGHAUS-26JUL10,95.93075575095122,raycaster_cloudcaster,94.25,94.25,94.69325575095122,95.93075575095122,97.16825575095122,98.51825575095123,99.30575575095122,2026-07-10T20:00:00+00:00
aus,KXHIGHAUS-26JUL10,95.75925647309843,raycaster_cloudcaster,94.25,94.25,94.52175647309843,95.75925647309843,96.99675647309843,98.34675647309844,99.13425647309843,2026-07-10T21:00:00+00:00
aus,KXHIGHAUS-26JUL10,95.78341331711978,raycaster_cloudcaster,94.25,94.25,94.54591331711978,95.78341331711978,97.02091331711978,98.37091331711979,99.15841331711978,2026-07-10T22:00:00+00:00
aus,KXHIGHAUS-26JUL10,95.2936235290426,raycaster_cloudcaster,94.25,94.25,94.25,95.2936235290426,96.5311235290426,97.88112352904261,98.6686235290426,2026-07-10T23:00:00+00:00
aus,KXHIGHAUS-26JUL10,95.0,raycaster_cloudcaster,94.25,94.25,94.25,95.0,96.42589024823091,97.98140688266463,98.8887915860843,2026-07-11T00:00:00+00:00
aus,KXHIGHAUS-26JUL10,95.0,raycaster_cloudcaster,94.25,94.25,94.25,95.0,96.5867476169826,98.31774501732728,99.32749350086166,2026-07-11T01:00:00+00:00
aus,KXHIGHAUS-26JUL10,95.0,raycaster_cloudcaster,94.25,94.25,94.25,95.0,97.22523774010779,99.65276982022536,101.06883020029396,2026-07-11T02:00:00+00:00
aus,KXHIGHAUS-26JUL10,95.0,raycaster_cloudcaster,94.25,94.25,94.25,95.0,97.96541312467589,101.20040926068594,103.08749034002514,2026-07-11T03:00:00+00:00
aus,KXHIGHAUS-26JUL10,95.0,raycaster_cloudcaster,94.25,94.25,94.25,95.0,98.23332646047379,101.76059169008157,103.81816307401944,2026-07-11T04:00:00+00:00
aus,KXHIGHAUS-26JUL10,95.0,raycaster_cloudcaster,94.25,94.25,94.25,95.0,98.50406549596323,102.32668240065038,104.55654226171788,2026-07-11T05:00:00+00:00
den,KXHIGHDEN-26JUL10,91.27072221775009,raycaster_cloudcaster,87.89572221775009,88.68322221775009,90.01951794811575,91.27072221775009,92.50822221775009,93.8582222177501,94.64572221775009,2026-07-10T07:00:00+00:00
den,KXHIGHDEN-26JUL10,91.67084809038391,raycaster_cloudcaster,88.29584809038391,89.08334809038391,90.38141448338301,91.67084809038391,92.90834809038391,94.25834809038392,95.04584809038391,2026-07-10T08:00:00+00:00
den,KXHIGHDEN-26JUL10,91.56966654815972,raycaster_cloudcaster,88.19466654815972,88.98216654815971,90.33216654815972,91.56966654815972,92.80716654815971,94.15716654815972,94.94466654815972,2026-07-10T09:00:00+00:00
den,KXHIGHDEN-26JUL10,91.50426052820238,raycaster_cloudcaster,88.12926052820238,88.91676052820237,90.26676052820238,91.50426052820238,92.74176052820238,94.09176052820239,94.87926052820238,2026-07-10T10:00:00+00:00
den,KXHIGHDEN-26JUL10,91.19274921343307,raycaster_cloudcaster,87.81774921343307,88.60524921343307,89.95524921343308,91.19274921343307,92.43024921343307,93.78024921343308,94.56774921343307,2026-07-10T11:00:00+00:00
den,KXHIGHDEN-26JUL10,91.03404422220834,raycaster_cloudcaster,87.65904422220834,88.44654422220833,89.79654422220834,91.03404422220834,92.27154422220833,93.62154422220834,94.40904422220834,2026-07-10T12:00:00+00:00
den,KXHIGHDEN-26JUL10,91.15738456676058,raycaster_cloudcaster,87.78238456676058,88.56988456676058,89.91988456676059,91.15738456676058,92.39488456676058,93.74488456676059,94.53238456676058,2026-07-10T13:00:00+00:00
den,KXHIGHDEN-26JUL10,91.0583654884543,raycaster_cloudcaster,87.6833654884543,88.4708654884543,89.8208654884543,91.0583654884543,92.2958654884543,93.6458654884543,94.4333654884543,2026-07-10T14:00:00+00:00
den,KXHIGHDEN-26JUL10,91.0903653901955,raycaster_cloudcaster,87.7153653901955,88.5028653901955,89.81703487801778,91.0903653901955,92.3278653901955,93.6778653901955,94.4653653901955,2026-07-10T15:00:00+00:00
den,KXHIGHDEN-26JUL10,91.11257881802777,raycaster_cloudcaster,87.73757881802777,88.52507881802777,89.87507881802777,91.11257881802777,92.35007881802777,93.70007881802778,94.48757881802777,2026-07-10T16:00:00+00:00
den,KXHIGHDEN-26JUL10,91.10962377907667,raycaster_cloudcaster,87.73462377907667,88.52212377907667,89.87212377907667,91.10962377907667,92.34712377907667,93.69712377907668,94.48462377907667,2026-07-10T17:00:00+00:00
den,KXHIGHDEN-26JUL10,91.00691030930106,raycaster_cloudcaster,87.63191030930106,88.41941030930106,89.73755029970536,91.00691030930106,92.24441030930106,93.59441030930107,94.38191030930106,2026-07-10T18:00:00+00:00
den,KXHIGHDEN-26JUL10,90.81729209240069,raycaster_cloudcaster,87.44229209240069,88.22979209240069,88.85982204698942,90.81729209240069,92.05479209240069,93.4047920924007,94.19229209240069,2026-07-10T19:00:00+00:00
den,KXHIGHDEN-26JUL10,90.44441154235248,raycaster_cloudcaster,87.06941154235248,87.85691154235248,88.75794555381269,90.44441154235248,91.68191154235248,93.03191154235249,93.81941154235248,2026-07-10T20:00:00+00:00
den,KXHIGHDEN-26JUL10,90.12250554228768,raycaster_cloudcaster,87.23,87.53500554228768,88.68266727585578,90.12250554228768,91.36000554228768,92.71000554228769,93.49750554228768,2026-07-10T21:00:00+00:00
den,KXHIGHDEN-26JUL10,89.50630412371103,raycaster_cloudcaster,87.23,87.23,88.26880412371104,89.50630412371103,90.74380412371103,92.09380412371104,92.88130412371103,2026-07-10T22:00:00+00:00
den,KXHIGHDEN-26JUL10,89.48681209923646,raycaster_cloudcaster,87.23,87.23,88.24931209923646,89.48681209923646,90.72431209923646,92.07431209923647,92.86181209923646,2026-07-10T23:00:00+00:00
den,KXHIGHDEN-26JUL10,88.21936162925235,raycaster_cloudcaster,87.23,87.23,87.23,88.21936162925235,89.45686162925234,90.80686162925235,91.59436162925235,2026-07-11T00:00:00+00:00
den,KXHIGHDEN-26JUL10,88.4717985877806,raycaster_cloudcaster,87.23,87.23,87.23,88.4717985877806,89.88219249020645,91.42080402012554,92.31832741257836,2026-07-11T01:00:00+00:00
den,KXHIGHDEN-26JUL10,88.38927966612493,raycaster_cloudcaster,87.23,87.23,87.23,88.38927966612493,90.54457128444483,92.89579850443018,94.2673477160883,2026-07-11T02:00:00+00:00
den,KXHIGHDEN-26JUL10,88.19964873699215,raycaster_cloudcaster,87.23,87.23,87.23,88.19964873699215,91.43091834969859,94.95593974537833,97.01220222619152,2026-07-11T03:00:00+00:00
den,KXHIGHDEN-26JUL10,88.20747397221409,raycaster_cloudcaster,87.23,87.23,87.23,88.20747397221409,91.44016717757707,94.9667415834276,97.02390998684041,2026-07-11T04:00:00+00:00
den,KXHIGHDEN-26JUL10,88.16661950331576,raycaster_cloudcaster,87.23,87.23,87.23,88.16661950331576,92.50812538952621,97.24431362902853,100.00709010207154,2026-07-11T05:00:00+00:00
den,KXHIGHDEN-26JUL10,88.22402279243028,raycaster_cloudcaster,87.23,87.23,87.23,88.22402279243028,92.53822727993432,97.24463217539326,99.99003503107767,2026-07-11T06:00:00+00:00
la,KXHIGHLAX-26JUL10,76.24314855449293,raycaster_cloudcaster,72.7193296034116,73.54155402533057,74.87728464120336,76.24314855449293,77.53521550322276,78.9447430836553,79.76696750557427,2026-07-10T08:00:00+00:00
la,KXHIGHLAX-26JUL10,77.19905110514102,raycaster_cloudcaster,73.82405110514102,74.61155110514102,75.96155110514103,77.19905110514102,78.43655110514102,79.78655110514103,80.57405110514102,2026-07-10T09:00:00+00:00
la,KXHIGHLAX-26JUL10,77.48240880493493,raycaster_cloudcaster,74.02384335087743,74.83084195682419,76.21426813844718,77.48240880493493,78.75054947142269,80.13397565304568,80.94097425899244,2026-07-10T10:00:00+00:00
la,KXHIGHLAX-26JUL10,77.18559574321657,raycaster_cloudcaster,73.81059574321657,74.59809574321656,75.94809574321657,77.18559574321657,78.42309574321656,79.77309574321657,80.56059574321657,2026-07-10T11:00:00+00:00
la,KXHIGHLAX-26JUL10,76.88975696409132,raycaster_cloudcaster,73.3046942031344,74.14120884735769,75.57523395174046,76.88975696409132,78.20427997644218,79.63830508082495,80.47481972504823,2026-07-10T12:00:00+00:00
la,KXHIGHLAX-26JUL10,76.66626703410206,raycaster_cloudcaster,73.29126703410206,74.07876703410206,75.42876703410207,76.66626703410206,77.90376703410206,79.25376703410207,80.04126703410206,2026-07-10T13:00:00+00:00
la,KXHIGHLAX-26JUL10,76.56903397987355,raycaster_cloudcaster,73.19403397987355,73.98153397987355,75.33153397987356,76.56903397987355,77.80653397987355,79.15653397987356,79.94403397987355,2026-07-10T14:00:00+00:00
la,KXHIGHLAX-26JUL10,76.73782005343894,raycaster_cloudcaster,73.36282005343894,74.15032005343893,75.50032005343894,76.73782005343894,77.97532005343894,79.32532005343894,80.11282005343894,2026-07-10T15:00:00+00:00
la,KXHIGHLAX-26JUL10,74.84911843531685,raycaster_cloudcaster,71.47411843531685,72.26161843531685,73.61161843531686,74.84911843531685,76.08661843531685,77.43661843531686,78.22411843531685,2026-07-10T16:00:00+00:00
la,KXHIGHLAX-26JUL10,75.75265408347713,raycaster_cloudcaster,72.37765408347713,73.16515408347712,74.51515408347713,75.75265408347713,76.99015408347712,78.34015408347713,79.12765408347713,2026-07-10T17:00:00+00:00
la,KXHIGHLAX-26JUL10,74.50093942500025,raycaster_cloudcaster,72.65,72.65,73.26343942500026,74.50093942500025,75.73843942500025,77.08843942500026,77.87593942500025,2026-07-10T18:00:00+00:00
la,KXHIGHLAX-26JUL10,74.44791500076899,raycaster_cloudcaster,73.19,73.19,73.21041500076899,74.44791500076899,75.68541500076898,77.03541500076899,77.82291500076899,2026-07-10T19:00:00+00:00
la,KXHIGHLAX-26JUL10,74.4554341724932,raycaster_cloudcaster,73.19,73.19,73.2179341724932,74.4554341724932,75.6929341724932,77.0429341724932,77.8304341724932,2026-07-10T20:00:00+00:00
la,KXHIGHLAX-26JUL10,74.4653793611187,raycaster_cloudcaster,73.19,73.19,73.22787936111871,74.4653793611187,75.7028793611187,77.05287936111871,77.8403793611187,2026-07-10T21:00:00+00:00
la,KXHIGHLAX-26JUL10,74.21795198181934,raycaster_cloudcaster,73.19,73.19,73.19,74.21795198181934,75.45545198181934,76.80545198181935,77.59295198181934,2026-07-10T22:00:00+00:00
la,KXHIGHLAX-26JUL10,74.21795198181934,raycaster_cloudcaster,73.19,73.19,73.19,74.21795198181934,75.45545198181934,76.80545198181935,77.59295198181934,2026-07-10T23:00:00+00:00
la,KXHIGHLAX-26JUL10,73.94,raycaster_cloudcaster,73.19,73.19,73.19,73.94,75.1775,76.5275,77.315,2026-07-11T00:00:00+00:00
la,KXHIGHLAX-26JUL10,73.94,raycaster_cloudcaster,73.19,73.19,73.19,73.94,75.1775,76.5275,77.315,2026-07-11T01:00:00+00:00
la,KXHIGHLAX-26JUL10,73.94,raycaster_cloudcaster,73.19,73.19,73.19,73.94,75.1775,76.5275,77.315,2026-07-11T02:00:00+00:00
la,KXHIGHLAX-26JUL10,74.17107691150764,raycaster_cloudcaster,73.19,73.19,73.19,74.17107691150764,75.40857691150764,76.75857691150765,77.54607691150764,2026-07-11T03:00:00+00:00
la,KXHIGHLAX-26JUL10,73.94,raycaster_cloudcaster,73.19,73.19,73.19,73.94,75.72178915419305,77.66555914058547,78.79942496598106,2026-07-11T04:00:00+00:00
la,KXHIGHLAX-26JUL10,73.94,raycaster_cloudcaster,73.19,73.19,73.19,73.94,76.2904966687915,78.8546748529277,80.35044546034048,2026-07-11T05:00:00+00:00
la,KXHIGHLAX-26JUL10,73.94,raycaster_cloudcaster,73.19,73.19,73.19,73.94,76.23499756862616,78.7386312798547,80.19908427807135,2026-07-11T06:00:00+00:00
la,KXHIGHLAX-26JUL10,73.94,raycaster_cloudcaster,73.19,73.19,73.19,73.94,76.18722731159978,78.63874801516319,80.0688017589085,2026-07-11T07:00:00+00:00
mia,KXHIGHMIA-26JUL10,91.9325565429975,raycaster_cloudcaster,88.5575565429975,89.3450565429975,90.26496705573169,91.9325565429975,93.1700565429975,94.52005654299751,95.3075565429975,2026-07-10T05:00:00+00:00
mia,KXHIGHMIA-26JUL10,92.05432406431079,raycaster_cloudcaster,88.67932406431079,89.46682406431079,90.15553903615223,92.05432406431079,93.29182406431079,94.6418240643108,95.42932406431079,2026-07-10T06:00:00+00:00
mia,KXHIGHMIA-26JUL10,91.91875051713768,raycaster_cloudcaster,88.54375051713768,89.33125051713768,90.20553903615225,91.91875051713768,93.15625051713768,94.50625051713769,95.29375051713768,2026-07-10T07:00:00+00:00
mia,KXHIGHMIA-26JUL10,91.92693432228306,raycaster_cloudcaster,88.55193432228306,89.33943432228305,90.20553903615225,91.92693432228306,93.16443432228306,94.51443432228307,95.30193432228306,2026-07-10T08:00:00+00:00
mia,KXHIGHMIA-26JUL10,91.90565706515724,raycaster_cloudcaster,88.53065706515724,89.31815706515724,90.15226134531218,91.90565706515724,93.14315706515724,94.49315706515725,95.28065706515724,2026-07-10T09:00:00+00:00
mia,KXHIGHMIA-26JUL10,91.90574966456299,raycaster_cloudcaster,88.53074966456299,89.31824966456298,90.15553903615223,91.90574966456299,93.14324966456299,94.493249664563,95.28074966456299,2026-07-10T10:00:00+00:00
mia,KXHIGHMIA-26JUL10,91.79152205050593,raycaster_cloudcaster,88.41652205050593,89.20402205050593,90.10226134531219,91.79152205050593,93.02902205050593,94.37902205050594,95.16652205050593,2026-07-10T11:00:00+00:00
mia,KXHIGHMIA-26JUL10,92.10160222618407,raycaster_cloudcaster,88.72660222618407,89.51410222618406,90.51824474657174,92.10160222618407,93.33910222618407,94.68910222618408,95.47660222618407,2026-07-10T12:00:00+00:00
mia,KXHIGHMIA-26JUL10,91.93114881445447,raycaster_cloudcaster,88.55614881445447,89.34364881445447,90.31496705573169,91.93114881445447,93.16864881445447,94.51864881445448,95.30614881445447,2026-07-10T13:00:00+00:00
mia,KXHIGHMIA-26JUL10,92.15594037235046,raycaster_cloudcaster,88.85,89.56844037235045,90.69054593446512,92.15594037235046,93.39344037235045,94.74344037235046,95.53094037235046,2026-07-10T14:00:00+00:00
mia,KXHIGHMIA-26JUL10,92.32111628126451,raycaster_cloudcaster,90.65,90.65,91.08361628126451,92.32111628126451,93.5586162812645,94.90861628126451,95.69611628126451,2026-07-10T15:00:00+00:00
mia,KXHIGHMIA-26JUL10,92.23483095920247,raycaster_cloudcaster,90.65,90.65,90.99733095920247,92.23483095920247,93.47233095920247,94.82233095920247,95.60983095920247,2026-07-10T16:00:00+00:00
mia,KXHIGHMIA-26JUL10,93.54969222806423,raycaster_cloudcaster,92.45,92.45,92.45,93.54969222806423,94.78719222806423,96.13719222806424,96.92469222806423,2026-07-10T17:00:00+00:00
mia,KXHIGHMIA-26JUL10,93.5117667308997,raycaster_cloudcaster,92.45,92.45,92.45,93.5117667308997,94.74926673089969,96.0992667308997,96.8867667308997,2026-07-10T18:00:00+00:00
mia,KXHIGHMIA-26JUL10,93.5312213266024,raycaster_cloudcaster,92.45,92.45,92.45,93.5312213266024,94.7687213266024,96.11872132660241,96.9062213266024,2026-07-10T19:00:00+00:00
mia,KXHIGHMIA-26JUL10,93.5451637620496,raycaster_cloudcaster,92.45,92.45,92.45,93.5451637620496,94.7826637620496,96.1326637620496,96.9201637620496,2026-07-10T20:00:00+00:00
mia,KXHIGHMIA-26JUL10,93.43310622861942,raycaster_cloudcaster,92.45,92.45,92.45,93.43310622861942,94.67060622861942,96.02060622861943,96.80810622861942,2026-07-10T21:00:00+00:00
mia,KXHIGHMIA-26JUL10,93.44024199647026,raycaster_cloudcaster,92.45,92.45,92.45,93.44024199647026,94.67774199647026,96.02774199647027,96.81524199647026,2026-07-10T22:00:00+00:00
mia,KXHIGHMIA-26JUL10,93.40406568665149,raycaster_cloudcaster,92.45,92.45,92.45,93.40406568665149,94.90329748994277,96.53882309353324,97.49287969562769,2026-07-10T23:00:00+00:00
mia,KXHIGHMIA-26JUL10,93.43857294411308,raycaster_cloudcaster,92.45,92.45,92.45,93.43857294411308,95.60623591376496,97.9709591533852,99.35038104316365,2026-07-11T00:00:00+00:00
mia,KXHIGHMIA-26JUL10,93.3816528687976,raycaster_cloudcaster,92.45,92.45,92.45,93.3816528687976,96.09182495742961,99.04837632684635,100.77303129233945,2026-07-11T01:00:00+00:00
mia,KXHIGHMIA-26JUL10,93.41033131166526,raycaster_cloudcaster,92.45,92.45,92.45,93.41033131166526,96.12050340029727,99.07705476971401,100.80170973520711,2026-07-11T02:00:00+00:00
mia,KXHIGHMIA-26JUL10,93.44080884729266,raycaster_cloudcaster,92.45,92.45,92.45,93.44080884729266,96.34644900911587,99.51623827655936,101.36528201590141,2026-07-11T03:00:00+00:00
mia,KXHIGHMIA-26JUL10,93.41706959086872,raycaster_cloudcaster,92.45,92.45,92.45,93.41706959086872,96.32270975269194,99.49249902013543,101.34154275947748,2026-07-11T04:00:00+00:00
nyc,KXHIGHNY-26JUL10,89.09461528284616,raycaster_cloudcaster,85.71961528284616,86.50711528284616,87.85711528284617,89.09461528284616,90.33211528284616,91.68211528284617,92.46961528284616,2026-07-10T05:00:00+00:00
nyc,KXHIGHNY-26JUL10,89.23619692044754,raycaster_cloudcaster,85.86119692044754,86.64869692044753,87.99869692044754,89.23619692044754,90.47369692044754,91.82369692044755,92.61119692044754,2026-07-10T06:00:00+00:00
nyc,KXHIGHNY-26JUL10,88.69573019391363,raycaster_cloudcaster,85.32073019391363,86.10823019391363,87.45823019391364,88.69573019391363,89.93323019391363,91.28323019391364,92.07073019391363,2026-07-10T07:00:00+00:00
nyc,KXHIGHNY-26JUL10,87.85360255507852,raycaster_cloudcaster,84.47860255507852,85.26610255507852,86.61610255507853,87.85360255507852,89.09110255507852,90.44110255507853,91.22860255507852,2026-07-10T08:00:00+00:00
nyc,KXHIGHNY-26JUL10,87.93977624180843,raycaster_cloudcaster,84.56477624180843,85.35227624180843,86.70227624180843,87.93977624180843,89.17727624180843,90.52727624180844,91.31477624180843,2026-07-10T09:00:00+00:00
nyc,KXHIGHNY-26JUL10,87.94219875832012,raycaster_cloudcaster,84.56719875832012,85.35469875832011,86.70469875832012,87.94219875832012,89.17969875832011,90.52969875832012,91.31719875832012,2026-07-10T10:00:00+00:00
nyc,KXHIGHNY-26JUL10,87.72718022308872,raycaster_cloudcaster,84.35218022308872,85.13968022308872,86.48968022308873,87.72718022308872,88.96468022308872,90.31468022308873,91.10218022308872,2026-07-10T11:00:00+00:00
nyc,KXHIGHNY-26JUL10,87.72778596049201,raycaster_cloudcaster,84.35278596049201,85.14028596049201,86.49028596049202,87.72778596049201,88.96528596049201,90.31528596049202,91.10278596049201,2026-07-10T12:00:00+00:00
nyc,KXHIGHNY-26JUL10,87.72530275812721,raycaster_cloudcaster,84.35030275812721,85.13780275812721,86.48780275812722,87.72530275812721,88.96280275812721,90.31280275812722,91.10030275812721,2026-07-10T13:00:00+00:00
nyc,KXHIGHNY-26JUL10,87.7554284582471,raycaster_cloudcaster,84.3804284582471,85.16792845824709,86.5179284582471,87.7554284582471,88.99292845824709,90.3429284582471,91.1304284582471,2026-07-10T14:00:00+00:00
nyc,KXHIGHNY-26JUL10,88.45408810449145,raycaster_cloudcaster,85.07908810449145,85.86658810449144,87.21658810449145,88.45408810449145,89.69158810449144,91.04158810449145,91.82908810449145,2026-07-10T15:00:00+00:00
nyc,KXHIGHNY-26JUL10,86.76148205065972,raycaster_cloudcaster,83.38648205065972,84.17398205065972,85.52398205065973,86.76148205065972,88.19980605888847,89.34898205065973,90.13648205065972,2026-07-10T16:00:00+00:00
nyc,KXHIGHNY-26JUL10,86.71334020274116,raycaster_cloudcaster,83.33834020274116,84.12584020274116,85.47584020274117,86.71334020274116,88.17164091181765,89.30084020274117,90.08834020274116,2026-07-10T17:00:00+00:00
nyc,KXHIGHNY-26JUL10,86.76401097351668,raycaster_cloudcaster,83.38901097351668,84.17651097351667,85.52651097351668,86.76401097351668,88.20275190670394,89.35151097351668,90.13901097351668,2026-07-10T18:00:00+00:00
nyc,KXHIGHNY-26JUL10,86.54197549397104,raycaster_cloudcaster,83.16697549397104,83.95447549397103,85.30447549397104,86.54197549397104,88.08664394009443,89.12947549397104,89.91697549397104,2026-07-10T19:00:00+00:00
nyc,KXHIGHNY-26JUL10,86.44538979855308,raycaster_cloudcaster,83.27,83.85788979855307,85.20788979855308,86.44538979855308,87.71536870528803,89.03288979855309,89.82038979855308,2026-07-10T20:00:00+00:00
nyc,KXHIGHNY-26JUL10,85.07500068128628,raycaster_cloudcaster,83.27,83.27,83.83750068128629,85.07500068128628,86.31250068128628,87.87290763833275,88.45000068128628,2026-07-10T21:00:00+00:00
nyc,KXHIGHNY-26JUL10,84.9680138584222,raycaster_cloudcaster,83.27,83.27,83.7305138584222,84.9680138584222,86.2055138584222,87.5555138584222,88.3430138584222,2026-07-10T22:00:00+00:00
nyc,KXHIGHNY-26JUL10,84.81660949312824,raycaster_cloudcaster,83.27,83.27,83.57910949312824,84.81660949312824,86.05410949312824,87.40410949312825,88.19160949312824,2026-07-10T23:00:00+00:00
nyc,KXHIGHNY-26JUL10,84.35007733382437,raycaster_cloudcaster,83.27,83.27,83.27,84.35007733382437,85.58757733382437,86.93757733382438,87.72507733382437,2026-07-11T00:00:00+00:00
nyc,KXHIGHNY-26JUL10,84.37934304196497,raycaster_cloudcaster,83.27,83.27,83.27,84.37934304196497,85.61684304196497,86.96684304196498,87.75434304196497,2026-07-11T01:00:00+00:00
nyc,KXHIGHNY-26JUL10,84.40794107182647,raycaster_cloudcaster,83.27,83.27,83.27,84.40794107182647,85.7820216044009,87.28101854902752,88.15543343339307,2026-07-11T02:00:00+00:00
nyc,KXHIGHNY-26JUL10,84.4201227422018,raycaster_cloudcaster,83.27,83.27,83.27,84.4201227422018,85.7995227422018,87.30432274220179,88.1821227422018,2026-07-11T03:00:00+00:00
nyc,KXHIGHNY-26JUL10,84.49518982459027,raycaster_cloudcaster,83.27,83.27,83.27,84.49518982459027,86.1181189542814,87.88858709576263,88.92136017829334,2026-07-11T04:00:00+00:00
okc,KXHIGHTOKC-26JUL10,97.91696614008261,raycaster_cloudcaster,94.54196614008261,95.3294661400826,96.67946614008261,97.91696614008261,99.1544661400826,100.50446614008261,101.29196614008261,2026-07-10T06:00:00+00:00
okc,KXHIGHTOKC-26JUL10,97.96247666276136,raycaster_cloudcaster,94.58747666276136,95.37497666276136,96.72497666276136,97.96247666276136,99.19997666276136,100.54997666276137,101.33747666276136,2026-07-10T07:00:00+00:00
okc,KXHIGHTOKC-26JUL10,97.99396946691462,raycaster_cloudcaster,94.61896946691462,95.40646946691461,96.75646946691462,97.99396946691462,99.23146946691462,100.58146946691463,101.36896946691462,2026-07-10T08:00:00+00:00
okc,KXHIGHTOKC-26JUL10,97.8699902618196,raycaster_cloudcaster,94.4949902618196,95.28249026181959,96.6324902618196,97.8699902618196,99.10749026181959,100.4574902618196,101.2449902618196,2026-07-10T09:00:00+00:00
okc,KXHIGHTOKC-26JUL10,97.84582402919082,raycaster_cloudcaster,94.47082402919082,95.25832402919082,96.60832402919083,97.84582402919082,99.08332402919082,100.43332402919083,101.22082402919082,2026-07-10T10:00:00+00:00
okc,KXHIGHTOKC-26JUL10,98.03443333743486,raycaster_cloudcaster,94.65943333743486,95.44693333743486,96.79693333743487,98.03443333743486,99.27193333743486,100.62193333743487,101.40943333743486,2026-07-10T11:00:00+00:00
okc,KXHIGHTOKC-26JUL10,97.9163188671641,raycaster_cloudcaster,94.5413188671641,95.32881886716409,96.6788188671641,97.9163188671641,99.15381886716409,100.5038188671641,101.2913188671641,2026-07-10T12:00:00+00:00
okc,KXHIGHTOKC-26JUL10,97.87225284086806,raycaster_cloudcaster,94.49725284086806,95.28475284086805,96.63475284086806,97.87225284086806,99.10975284086805,100.45975284086806,101.24725284086806,2026-07-10T13:00:00+00:00
okc,KXHIGHTOKC-26JUL10,97.90361287064735,raycaster_cloudcaster,94.52861287064735,95.31611287064734,96.66611287064735,97.90361287064735,99.14111287064735,100.49111287064736,101.27861287064735,2026-07-10T14:00:00+00:00
okc,KXHIGHTOKC-26JUL10,98.06053601990645,raycaster_cloudcaster,94.68553601990645,95.47303601990644,96.82303601990645,98.06053601990645,99.29803601990645,100.64803601990646,101.43553601990645,2026-07-10T15:00:00+00:00
okc,KXHIGHTOKC-26JUL10,98.06450057668867,raycaster_cloudcaster,94.68950057668867,95.47700057668867,96.82700057668868,98.06450057668867,99.30200057668867,100.65200057668868,101.43950057668867,2026-07-10T16:00:00+00:00
okc,KXHIGHTOKC-26JUL10,98.03973157771135,raycaster_cloudcaster,94.66473157771135,95.45223157771134,96.80223157771135,98.03973157771135,99.27723157771135,100.62723157771136,101.41473157771135,2026-07-10T17:00:00+00:00
okc,KXHIGHTOKC-26JUL10,98.1345684506483,raycaster_cloudcaster,94.7595684506483,95.5470684506483,96.8970684506483,98.1345684506483,99.3720684506483,100.72206845064831,101.5095684506483,2026-07-10T18:00:00+00:00
okc,KXHIGHTOKC-26JUL10,97.98384036988729,raycaster_cloudcaster,94.60884036988729,95.39634036988728,96.74634036988729,97.98384036988729,99.22134036988729,100.5713403698873,101.35884036988729,2026-07-10T19:00:00+00:00
okc,KXHIGHTOKC-26JUL10,97.97338507915948,raycaster_cloudcaster,94.59838507915948,95.38588507915948,96.73588507915949,97.97338507915948,99.21088507915948,100.56088507915949,101.34838507915948,2026-07-10T20:00:00+00:00
okc,KXHIGHTOKC-26JUL10,97.84436983720687,raycaster_cloudcaster,96.05,96.05,96.60686983720687,97.84436983720687,99.08186983720687,100.43186983720688,101.21936983720687,2026-07-10T21:00:00+00:00
okc,KXHIGHTOKC-26JUL10,97.60154854608815,raycaster_cloudcaster,96.05,96.05,96.36404854608816,97.60154854608815,98.83904854608815,100.18904854608816,100.97654854608815,2026-07-10T22:00:00+00:00
okc,KXHIGHTOKC-26JUL10,97.10127151646357,raycaster_cloudcaster,96.05,96.05,96.05,97.10127151646357,98.33877151646357,99.68877151646358,100.47627151646357,2026-07-10T23:00:00+00:00
okc,KXHIGHTOKC-26JUL10,96.8,raycaster_cloudcaster,96.05,96.05,96.05,96.8,98.0375,99.3875,100.175,2026-07-11T00:00:00+00:00
okc,KXHIGHTOKC-26JUL10,96.8,raycaster_cloudcaster,96.05,96.05,96.05,96.8,98.0375,99.3875,100.175,2026-07-11T01:00:00+00:00
okc,KXHIGHTOKC-26JUL10,96.8,raycaster_cloudcaster,96.05,96.05,96.05,96.8,98.0375,99.3875,100.175,2026-07-11T02:00:00+00:00
okc,KXHIGHTOKC-26JUL10,96.8,raycaster_cloudcaster,96.05,96.05,96.05,96.8,98.95708709838058,101.31027302388668,102.68296481376524,2026-07-11T03:00:00+00:00
okc,KXHIGHTOKC-26JUL10,96.8,raycaster_cloudcaster,96.05,96.05,96.05,96.8,100.08809853866941,103.6751151263088,105.76754146909842,2026-07-11T04:00:00+00:00
okc,KXHIGHTOKC-26JUL10,96.8,raycaster_cloudcaster,96.05,96.05,96.05,96.8,100.65803732485833,104.86680531561287,107.32191997688635,2026-07-11T05:00:00+00:00
aus,KXHIGHAUS-26JUL11,92.16383136047622,raycaster_cloudcaster,87.32994317393322,88.45785041745992,90.39140569207713,92.16383136047622,93.93625702887532,95.86981230349252,96.99771954701923,2026-07-11T06:00:00+00:00
aus,KXHIGHAUS-26JUL11,90.52913069547066,raycaster_cloudcaster,86.0791335044603,87.11746618236272,88.89746505876685,90.52913069547066,92.16079633217446,93.94079520857859,94.97912788648101,2026-07-11T07:00:00+00:00
aus,KXHIGHAUS-26JUL11,92.40963100653794,raycaster_cloudcaster,89.03463100653794,89.82213100653793,91.17213100653794,92.40963100653794,93.64713100653793,94.99713100653794,95.78463100653794,2026-07-11T08:00:00+00:00
aus,KXHIGHAUS-26JUL11,91.84657429729006,raycaster_cloudcaster,88.47157429729006,89.25907429729006,90.60907429729006,91.84657429729006,93.08407429729006,94.43407429729007,95.22157429729006,2026-07-11T09:00:00+00:00
aus,KXHIGHAUS-26JUL11,91.69159794533549,raycaster_cloudcaster,88.31659794533549,89.10409794533548,90.45409794533549,91.69159794533549,92.92909794533549,94.2790979453355,95.06659794533549,2026-07-11T10:00:00+00:00
aus,KXHIGHAUS-26JUL11,93.26951623504188,raycaster_cloudcaster,89.89451623504188,90.68201623504187,92.0056096710755,93.26951623504188,94.50701623504187,95.85701623504188,96.64451623504188,2026-07-11T11:00:00+00:00
aus,KXHIGHAUS-26JUL11,92.51929786328044,raycaster_cloudcaster,89.14429786328044,89.93179786328044,91.28179786328045,92.51929786328044,93.75679786328044,95.10679786328045,95.89429786328044,2026-07-11T12:00:00+00:00
aus,KXHIGHAUS-26JUL11,93.33329922507244,raycaster_cloudcaster,87.13047728663184,88.57780240560132,91.05893118097755,93.33329922507244,95.60766726916732,98.08879604454356,99.53612116351303,2026-07-11T13:00:00+00:00
aus,KXHIGHAUS-26JUL11,93.22541943108028,raycaster_cloudcaster,89.85041943108028,90.63791943108028,91.8859216669445,93.22541943108028,94.46291943108028,95.81291943108029,96.60041943108028,2026-07-11T14:00:00+00:00
aus,KXHIGHAUS-26JUL11,92.06238494240718,raycaster_cloudcaster,87.13863637043481,88.28751103722836,90.2570104660173,92.06238494240718,93.86775941879705,95.837258847586,96.98613351437955,2026-07-11T15:00:00+00:00
aus,KXHIGHAUS-26JUL11,92.4915098153096,raycaster_cloudcaster,89.1165098153096,89.90400981530959,90.59387284889452,92.4915098153096,93.7290098153096,95.0790098153096,95.8665098153096,2026-07-11T16:00:00+00:00
aus,KXHIGHAUS-26JUL11,91.94868758236373,raycaster_cloudcaster,88.85,89.36118758236373,90.49643508548075,91.94868758236373,93.18618758236373,94.53618758236374,95.32368758236373,2026-07-11T17:00:00+00:00
aus,KXHIGHAUS-26JUL11,92.24092746174182,raycaster_cloudcaster,89.21,89.65342746174181,90.88063519223518,92.24092746174182,93.47842746174182,94.82842746174182,95.61592746174182,2026-07-11T18:00:00+00:00
aus,KXHIGHAUS-26JUL11,91.13727491389753,raycaster_cloudcaster,89.21,89.21,89.89977491389753,91.13727491389753,92.37477491389753,93.72477491389753,94.51227491389753,2026-07-11T19:00:00+00:00
aus,KXHIGHAUS-26JUL11,91.04441791994613,raycaster_cloudcaster,89.21,89.21,89.80691791994613,91.04441791994613,92.28191791994612,93.63191791994613,94.41941791994613,2026-07-11T20:00:00+00:00
aus,KXHIGHAUS-26JUL11,90.9158921405561,raycaster_cloudcaster,89.21,89.21,89.6783921405561,90.9158921405561,92.1533921405561,93.5033921405561,94.2908921405561,2026-07-11T21:00:00+00:00
aus,KXHIGHAUS-26JUL11,90.93106178359591,raycaster_cloudcaster,89.21,89.21,89.69356178359591,90.93106178359591,92.1685617835959,93.51856178359591,94.30606178359591,2026-07-11T22:00:00+00:00
aus,KXHIGHAUS-26JUL11,91.79178896368491,raycaster_cloudcaster,89.21,89.21,90.55428896368491,91.79178896368491,93.0292889636849,94.37928896368491,95.16678896368491,2026-07-11T23:00:00+00:00
aus,KXHIGHAUS-26JUL11,90.65887717569207,raycaster_cloudcaster,89.21,89.21,89.42137717569207,90.65887717569207,91.89637717569207,93.24637717569207,94.03387717569207,2026-07-12T00:00:00+00:00
aus,KXHIGHAUS-26JUL11,90.48660144379501,raycaster_cloudcaster,89.21,89.21,89.24910144379501,90.48660144379501,91.724101443795,93.07410144379502,93.86160144379501,2026-07-12T01:00:00+00:00
aus,KXHIGHAUS-26JUL11,90.57533119634857,raycaster_cloudcaster,89.21,89.21,89.33783119634857,90.57533119634857,91.81283119634857,93.16283119634858,93.95033119634857,2026-07-12T02:00:00+00:00
aus,KXHIGHAUS-26JUL11,90.0797086093613,raycaster_cloudcaster,89.21,89.21,89.21,90.0797086093613,92.29982882907915,94.72177815968043,96.1345819358645,2026-07-12T03:00:00+00:00
aus,KXHIGHAUS-26JUL11,90.00503204114244,raycaster_cloudcaster,89.21,89.21,89.21,90.00503204114244,92.47789932225561,95.1755727198336,96.74921553508743,2026-07-12T04:00:00+00:00
aus,KXHIGHAUS-26JUL11,89.96605219475244,raycaster_cloudcaster,89.21,89.21,89.21,89.96605219475244,92.9392240010899,96.18268415345804,98.0747025756728,2026-07-12T05:00:00+00:00
den,KXHIGHDEN-26JUL11,96.15947163837376,raycaster_cloudcaster,92.78447163837376,93.57197163837375,94.92197163837376,96.15947163837376,97.39697163837376,98.74697163837376,99.53447163837376,2026-07-11T07:00:00+00:00
den,KXHIGHDEN-26JUL11,95.99431797290558,raycaster_cloudcaster,92.61931797290558,93.40681797290557,94.75681797290558,95.99431797290558,97.23181797290557,98.58181797290558,99.36931797290558,2026-07-11T08:00:00+00:00
den,KXHIGHDEN-26JUL11,95.7413144836624,raycaster_cloudcaster,92.3663144836624,93.1538144836624,94.50381448366241,95.7413144836624,96.9788144836624,98.32881448366241,99.1163144836624,2026-07-11T09:00:00+00:00
den,KXHIGHDEN-26JUL11,95.45142015248868,raycaster_cloudcaster,92.07642015248868,92.86392015248867,94.21392015248868,95.45142015248868,96.68892015248868,98.03892015248869,98.82642015248868,2026-07-11T10:00:00+00:00
den,KXHIGHDEN-26JUL11,95.43973308356871,raycaster_cloudcaster,92.06473308356871,92.8522330835687,94.20223308356871,95.43973308356871,96.67723308356871,98.02723308356872,98.81473308356871,2026-07-11T11:00:00+00:00
den,KXHIGHDEN-26JUL11,95.53100331001669,raycaster_cloudcaster,92.15600331001669,92.94350331001668,94.29350331001669,95.53100331001669,96.76850331001668,98.11850331001669,98.90600331001669,2026-07-11T12:00:00+00:00
den,KXHIGHDEN-26JUL11,95.5446299969801,raycaster_cloudcaster,92.1696299969801,92.9571299969801,94.30712999698011,95.5446299969801,96.7821299969801,98.13212999698011,98.9196299969801,2026-07-11T13:00:00+00:00
den,KXHIGHDEN-26JUL11,95.47901192481,raycaster_cloudcaster,92.10401192481,92.89151192480999,94.24151192481,95.47901192481,96.71651192480999,98.06651192481,98.85401192481,2026-07-11T14:00:00+00:00
den,KXHIGHDEN-26JUL11,95.14776218842802,raycaster_cloudcaster,91.77276218842802,92.56026218842801,93.91026218842802,95.14776218842802,96.38526218842802,97.73526218842802,98.52276218842802,2026-07-11T15:00:00+00:00
den,KXHIGHDEN-26JUL11,95.22837113191963,raycaster_cloudcaster,91.85337113191963,92.64087113191962,93.99087113191963,95.22837113191963,96.46587113191963,97.81587113191964,98.60337113191963,2026-07-11T16:00:00+00:00
den,KXHIGHDEN-26JUL11,95.13193285044413,raycaster_cloudcaster,91.75693285044413,92.54443285044412,93.89443285044413,95.13193285044413,96.36943285044413,97.71943285044414,98.50693285044413,2026-07-11T17:00:00+00:00
den,KXHIGHDEN-26JUL11,95.34308269444375,raycaster_cloudcaster,91.96808269444375,92.75558269444375,94.10558269444375,95.34308269444375,96.58058269444375,97.93058269444376,98.71808269444375,2026-07-11T18:00:00+00:00
den,KXHIGHDEN-26JUL11,95.57222266599067,raycaster_cloudcaster,92.19722266599067,92.98472266599066,94.33472266599067,95.57222266599067,96.80972266599066,98.15972266599067,98.94722266599067,2026-07-11T19:00:00+00:00
den,KXHIGHDEN-26JUL11,95.63721038589415,raycaster_cloudcaster,92.26221038589415,93.04971038589414,94.39971038589415,95.63721038589415,96.87471038589415,98.22471038589416,99.01221038589415,2026-07-11T20:00:00+00:00
den,KXHIGHDEN-26JUL11,95.2984666699767,raycaster_cloudcaster,91.9234666699767,92.7109666699767,94.06096666997671,95.2984666699767,96.5359666699767,97.88596666997671,98.6734666699767,2026-07-11T21:00:00+00:00
den,KXHIGHDEN-26JUL11,95.0032529022668,raycaster_cloudcaster,92.27,92.41575290226679,93.7657529022668,95.0032529022668,96.24075290226679,97.5907529022668,98.3782529022668,2026-07-11T22:00:00+00:00
den,KXHIGHDEN-26JUL11,94.73429842122079,raycaster_cloudcaster,92.27,92.27,93.49679842122079,94.73429842122079,95.97179842122078,97.32179842122079,98.10929842122079,2026-07-11T23:00:00+00:00
den,KXHIGHDEN-26JUL11,93.77687799736503,raycaster_cloudcaster,92.27,92.27,92.53937799736504,93.77687799736503,95.01437799736503,96.36437799736504,97.15187799736503,2026-07-12T00:00:00+00:00
den,KXHIGHDEN-26JUL11,93.26263104461361,raycaster_cloudcaster,92.27,92.27,92.27,93.26263104461361,94.50013104461361,95.85013104461362,96.63763104461361,2026-07-12T01:00:00+00:00
den,KXHIGHDEN-26JUL11,93.28533804547821,raycaster_cloudcaster,92.27,92.27,92.27,93.28533804547821,94.52283804547821,95.87283804547822,96.66033804547821,2026-07-12T02:00:00+00:00
den,KXHIGHDEN-26JUL11,93.21134935060016,raycaster_cloudcaster,92.27,92.27,92.27,93.21134935060016,94.44884935060016,95.79884935060016,96.58634935060016,2026-07-12T03:00:00+00:00
den,KXHIGHDEN-26JUL11,93.21469650243378,raycaster_cloudcaster,92.27,92.27,92.27,93.21469650243378,96.29390597241142,99.65304357602339,101.61254051146372,2026-07-12T04:00:00+00:00
den,KXHIGHDEN-26JUL11,93.21170432152586,raycaster_cloudcaster,92.27,92.27,92.27,93.21170432152586,96.86124771214338,100.84256777463521,103.16500447775545,2026-07-12T05:00:00+00:00
den,KXHIGHDEN-26JUL11,93.21648481650722,raycaster_cloudcaster,92.27,92.27,92.27,93.21648481650722,97.43669843195372,102.04056783062262,104.72615831317948,2026-07-12T06:00:00+00:00
la,KXHIGHLAX-26JUL11,74.89991133339561,raycaster_cloudcaster,71.52491133339561,72.3124113333956,73.66241133339561,74.89991133339561,76.1374113333956,77.48741133339561,78.27491133339561,2026-07-11T08:00:00+00:00
la,KXHIGHLAX-26JUL11,74.55333872271339,raycaster_cloudcaster,71.13689320141498,71.93406382305128,73.30064203157063,74.55333872271339,75.80603541385615,77.17261362237551,77.9697842440118,2026-07-11T09:00:00+00:00
la,KXHIGHLAX-26JUL11,75.0430326404499,raycaster_cloudcaster,71.4329218388262,72.27528102587173,73.7193253465212,75.0430326404499,76.36673993437859,77.81078425502805,78.65314344207358,2026-07-11T10:00:00+00:00
la,KXHIGHLAX-26JUL11,74.37776286937975,raycaster_cloudcaster,70.95184693345838,71.7512273185067,73.12159369287525,74.37776286937975,75.63393204588425,77.00429842025281,77.80367880530112,2026-07-11T11:00:00+00:00
la,KXHIGHLAX-26JUL11,74.50441847466149,raycaster_cloudcaster,71.12941847466149,71.91691847466149,73.2669184746615,74.50441847466149,75.74191847466149,77.0919184746615,77.87941847466149,2026-07-11T12:00:00+00:00
la,KXHIGHLAX-26JUL11,74.44206731947675,raycaster_cloudcaster,71.06706731947675,71.85456731947674,73.20456731947675,74.44206731947675,75.67956731947675,77.02956731947675,77.81706731947675,2026-07-11T13:00:00+00:00
la,KXHIGHLAX-26JUL11,74.82982255236634,raycaster_cloudcaster,71.26259673949718,72.09494942916665,73.52183975431431,74.82982255236634,76.13780535041836,77.56469567556603,78.39704836523549,2026-07-11T14:00:00+00:00
la,KXHIGHLAX-26JUL11,75.33365117372838,raycaster_cloudcaster,71.27391288167063,72.22118514981744,73.84508046664054,75.33365117372838,76.82222188081623,78.44611719763932,79.39338946578614,2026-07-11T15:00:00+00:00
la,KXHIGHLAX-26JUL11,74.53490851026504,raycaster_cloudcaster,71.15990851026504,71.94740851026503,73.29740851026504,74.53490851026504,75.77240851026504,77.12240851026505,77.90990851026504,2026-07-11T16:00:00+00:00
la,KXHIGHLAX-26JUL11,74.35054147238023,raycaster_cloudcaster,70.97554147238023,71.76304147238022,73.11304147238023,74.35054147238023,75.58804147238023,76.93804147238023,77.72554147238023,2026-07-11T17:00:00+00:00
la,KXHIGHLAX-26JUL11,75.0354487321735,raycaster_cloudcaster,72.65,72.65,73.79794873217351,75.0354487321735,76.2729487321735,77.62294873217351,78.4104487321735,2026-07-11T18:00:00+00:00
la,KXHIGHLAX-26JUL11,75.90641060354473,raycaster_cloudcaster,74.45,74.45,74.66891060354473,75.90641060354473,77.14391060354473,78.49391060354473,79.28141060354473,2026-07-11T19:00:00+00:00
la,KXHIGHLAX-26JUL11,77.0986160110077,raycaster_cloudcaster,76.25,76.25,76.25,77.0986160110077,78.3361160110077,79.68611601100771,80.4736160110077,2026-07-11T20:00:00+00:00
la,KXHIGHLAX-26JUL11,77.18173586311862,raycaster_cloudcaster,76.25,76.25,76.25,77.18173586311862,78.41923586311862,79.76923586311862,80.55673586311862,2026-07-11T21:00:00+00:00
la,KXHIGHLAX-26JUL11,77.0,raycaster_cloudcaster,76.25,76.25,76.25,77.0,78.2375,79.5875,80.375,2026-07-11T22:00:00+00:00
la,KXHIGHLAX-26JUL11,77.0,raycaster_cloudcaster,76.25,76.25,76.25,77.0,78.2375,79.5875,80.375,2026-07-11T23:00:00+00:00
la,KXHIGHLAX-26JUL11,77.0,raycaster_cloudcaster,76.25,76.25,76.25,77.0,78.2375,79.5875,80.375,2026-07-12T00:00:00+00:00
la,KXHIGHLAX-26JUL11,77.0,raycaster_cloudcaster,76.25,76.25,76.25,77.0,78.2375,79.5875,80.375,2026-07-12T01:00:00+00:00
la,KXHIGHLAX-26JUL11,77.31039847602315,raycaster_cloudcaster,76.25,76.25,76.25,77.31039847602315,78.54789847602315,79.89789847602316,80.68539847602315,2026-07-12T02:00:00+00:00
la,KXHIGHLAX-26JUL11,77.36908084944316,raycaster_cloudcaster,76.25,76.25,76.25,77.36908084944316,78.60658084944316,79.95658084944317,80.74408084944316,2026-07-12T03:00:00+00:00
la,KXHIGHLAX-26JUL11,77.3442104965573,raycaster_cloudcaster,76.25,76.25,76.25,77.3442104965573,78.58171049655729,79.9317104965573,80.7192104965573,2026-07-12T04:00:00+00:00
la,KXHIGHLAX-26JUL11,77.23872706791254,raycaster_cloudcaster,76.25,76.25,76.25,77.23872706791254,78.65542287153447,80.2009092027584,81.10244289597236,2026-07-12T05:00:00+00:00
la,KXHIGHLAX-26JUL11,77.0,raycaster_cloudcaster,76.25,76.25,76.25,77.0,78.97642176672896,81.13251823952417,82.39024118198806,2026-07-12T06:00:00+00:00
la,KXHIGHLAX-26JUL11,77.0,raycaster_cloudcaster,76.25,76.25,76.25,77.0,78.94532131022102,81.0674900122803,82.30542175514822,2026-07-12T07:00:00+00:00
mia,KXHIGHMIA-26JUL11,92.62627638993848,raycaster_cloudcaster,87.99236875167033,89.07361386726623,90.9271769225735,92.62627638993848,94.32537585730347,96.17893891261073,97.26018402820664,2026-07-11T05:00:00+00:00
mia,KXHIGHMIA-26JUL11,92.11869009093868,raycaster_cloudcaster,87.19185794441695,88.34145211193868,90.31218497054738,92.11869009093868,93.92519521132999,95.89592806993869,97.04552223746042,2026-07-11T06:00:00+00:00
mia,KXHIGHMIA-26JUL11,91.9379242137204,raycaster_cloudcaster,88.14295385810495,89.02844694108188,90.54643508332806,91.9379242137204,93.32941334411272,94.8474014863589,95.73289456933584,2026-07-11T07:00:00+00:00
mia,KXHIGHMIA-26JUL11,91.94108146696702,raycaster_cloudcaster,87.9214452894007,88.8593603974995,90.46721486852604,91.94108146696702,93.414948065408,95.02280253643454,95.96071764453335,2026-07-11T08:00:00+00:00
mia,KXHIGHMIA-26JUL11,91.80617335097632,raycaster_cloudcaster,87.25516247425894,88.31706501215966,90.13746936284662,91.80617335097632,93.47487733910603,95.29528168979299,96.35718422769371,2026-07-11T09:00:00+00:00
mia,KXHIGHMIA-26JUL11,91.80079304864229,raycaster_cloudcaster,88.07610849824074,88.9452015600011,90.43507538016172,91.80079304864229,93.16651071712286,94.65638453728349,95.52547759904384,2026-07-11T10:00:00+00:00
mia,KXHIGHMIA-26JUL11,91.7629733051657,raycaster_cloudcaster,87.73930893049427,88.67816395125094,90.28762970111951,91.7629733051657,93.23831690921189,94.84778265908047,95.78663767983713,2026-07-11T11:00:00+00:00
mia,KXHIGHMIA-26JUL11,91.99083515993533,raycaster_cloudcaster,86.80137709574404,88.01225064405534,90.08803386973186,91.99083515993533,93.8936364501388,95.96941967581532,97.18029322412661,2026-07-11T12:00:00+00:00
mia,KXHIGHMIA-26JUL11,92.17903775792927,raycaster_cloudcaster,87.58925835146538,88.66020687964028,90.49611864222584,92.17903775792927,93.86195687363269,95.69786863621825,96.76881716439316,2026-07-11T13:00:00+00:00
mia,KXHIGHMIA-26JUL11,92.2390534873939,raycaster_cloudcaster,87.49993173331329,88.60572680926543,90.50137551089767,92.2390534873939,93.97673146389013,95.87238016552237,96.97817524147452,2026-07-11T14:00:00+00:00
mia,KXHIGHMIA-26JUL11,91.70283629337287,raycaster_cloudcaster,87.75000186729328,88.67232990004518,90.25346367047702,91.70283629337287,93.15220891626872,94.73334268670055,95.65567071945246,2026-07-11T15:00:00+00:00
mia,KXHIGHMIA-26JUL11,91.55286546859024,raycaster_cloudcaster,87.33053199052387,88.31574313540602,90.00467652663258,91.55286546859024,93.1010544105479,94.78998780177446,95.77519894665662,2026-07-11T16:00:00+00:00
mia,KXHIGHMIA-26JUL11,91.36233646698855,raycaster_cloudcaster,87.98403807874632,88.77230770266951,90.1236270579664,91.36233646698855,92.6010458760107,93.9523652313076,94.74063485523078,2026-07-11T17:00:00+00:00
mia,KXHIGHMIA-26JUL11,91.32861500483588,raycaster_cloudcaster,88.85,88.85,90.09111500483588,91.32861500483588,92.56611500483588,93.91611500483589,94.70361500483588,2026-07-11T18:00:00+00:00
mia,KXHIGHMIA-26JUL11,91.62773102008592,raycaster_cloudcaster,90.65,90.65,90.65,91.62773102008592,92.86523102008591,94.21523102008592,95.00273102008592,2026-07-11T19:00:00+00:00
mia,KXHIGHMIA-26JUL11,91.61083127107366,raycaster_cloudcaster,90.65,90.65,90.65,91.61083127107366,92.84833127107366,94.19833127107367,94.98583127107366,2026-07-11T20:00:00+00:00
mia,KXHIGHMIA-26JUL11,91.51091040367174,raycaster_cloudcaster,90.65,90.65,90.65,91.51091040367174,92.74841040367174,94.09841040367175,94.88591040367174,2026-07-11T21:00:00+00:00
mia,KXHIGHMIA-26JUL11,91.51592821742136,raycaster_cloudcaster,90.65,90.65,90.65,91.51592821742136,92.75342821742136,94.10342821742137,94.89092821742136,2026-07-11T22:00:00+00:00
mia,KXHIGHMIA-26JUL11,91.75706010865011,raycaster_cloudcaster,90.65,90.65,90.65,91.75706010865011,92.9945601086501,94.34456010865011,95.13206010865011,2026-07-11T23:00:00+00:00
mia,KXHIGHMIA-26JUL11,91.80493204271808,raycaster_cloudcaster,90.65,90.65,90.65,91.80493204271808,93.19358129648953,94.70847139151293,95.59215728027658,2026-07-12T00:00:00+00:00
mia,KXHIGHMIA-26JUL11,91.9384604086329,raycaster_cloudcaster,90.65,90.65,90.65,91.9384604086329,93.51444795617255,95.23370709894306,96.2366082655592,2026-07-12T01:00:00+00:00
mia,KXHIGHMIA-26JUL11,91.77298720135309,raycaster_cloudcaster,90.65,90.65,90.65,91.77298720135309,93.69458204678747,95.7908673327159,97.01370041617415,2026-07-12T02:00:00+00:00
mia,KXHIGHMIA-26JUL11,91.73078807570987,raycaster_cloudcaster,90.65,90.65,90.65,91.73078807570987,93.86197242953757,96.18690081553143,97.54310904069452,2026-07-12T03:00:00+00:00
mia,KXHIGHMIA-26JUL11,91.79335343750556,raycaster_cloudcaster,90.65,90.65,90.65,91.79335343750556,93.89579273508349,96.18936287789579,97.5272787945363,2026-07-12T04:00:00+00:00
nyc,KXHIGHNY-26JUL11,80.55751735716619,raycaster_cloudcaster,77.11068185195275,77.91494346983589,79.29367767192126,80.55751735716619,81.88138612031608,83.61196715935584,84.00435286237963,2026-07-11T05:00:00+00:00
nyc,KXHIGHNY-26JUL11,80.67258475047169,raycaster_cloudcaster,77.01372222230805,77.86745681221291,79.33100182347836,80.67258475047169,82.01416767746501,83.6749753379056,84.33144727863532,2026-07-11T06:00:00+00:00
nyc,KXHIGHNY-26JUL11,80.70159945312663,raycaster_cloudcaster,76.97121073343534,77.84163476802998,79.3337902559065,80.70159945312663,82.06940865034677,84.02380842426756,84.43198817281792,2026-07-11T07:00:00+00:00
nyc,KXHIGHNY-26JUL11,78.96620030280569,raycaster_cloudcaster,76.25,76.37870030280568,77.72870030280569,78.96620030280569,80.20370030280569,81.5537003028057,82.34120030280569,2026-07-11T08:00:00+00:00
nyc,KXHIGHNY-26JUL11,79.14786806269669,raycaster_cloudcaster,76.25,76.56036806269668,77.91036806269669,79.14786806269669,80.51847726236085,81.7353680626967,82.52286806269669,2026-07-11T09:00:00+00:00
nyc,KXHIGHNY-26JUL11,80.00109456851348,raycaster_cloudcaster,76.62609456851348,77.41359456851347,78.76359456851348,80.00109456851348,81.45381509353264,82.58859456851349,83.37609456851348,2026-07-11T10:00:00+00:00
nyc,KXHIGHNY-26JUL11,80.15382184591301,raycaster_cloudcaster,76.77882184591301,77.56632184591301,78.91632184591302,80.15382184591301,81.73237645740369,82.74132184591302,83.52882184591301,2026-07-11T11:00:00+00:00
nyc,KXHIGHNY-26JUL11,80.10946315451955,raycaster_cloudcaster,76.73446315451955,77.52196315451954,78.87196315451955,80.10946315451955,81.57829840274681,82.69696315451955,83.48446315451955,2026-07-11T12:00:00+00:00
nyc,KXHIGHNY-26JUL11,79.61754141624145,raycaster_cloudcaster,76.25,77.03004141624145,78.38004141624145,79.61754141624145,80.85504141624145,82.20504141624146,82.99254141624145,2026-07-11T13:00:00+00:00
nyc,KXHIGHNY-26JUL11,79.63286072598584,raycaster_cloudcaster,76.25786072598584,77.04536072598583,78.39536072598584,79.63286072598584,80.87036072598583,82.22036072598584,83.00786072598584,2026-07-11T14:00:00+00:00
nyc,KXHIGHNY-26JUL11,79.67027481288598,raycaster_cloudcaster,76.25,76.97750616333585,78.38242893701418,79.67027481288598,80.95812068875777,82.36304346243611,83.1825817470818,2026-07-11T15:00:00+00:00
nyc,KXHIGHNY-26JUL11,79.5532790816089,raycaster_cloudcaster,76.25,76.7532475192868,78.21413355180268,79.5532790816089,80.89242461141514,82.35331064393101,83.20549416289862,2026-07-11T16:00:00+00:00
nyc,KXHIGHNY-26JUL11,79.52897880779165,raycaster_cloudcaster,76.25,76.94147880779164,78.29147880779165,79.52897880779165,80.76647880779164,82.11647880779165,82.90397880779165,2026-07-11T17:00:00+00:00
nyc,KXHIGHNY-26JUL11,79.69527414097182,raycaster_cloudcaster,76.32027414097182,77.10777414097181,78.45777414097182,79.69527414097182,81.06841233056748,82.28277414097182,83.07027414097182,2026-07-11T18:00:00+00:00
nyc,KXHIGHNY-26JUL11,79.24310270683677,raycaster_cloudcaster,76.25,76.65560270683676,78.00560270683677,79.24310270683677,80.74967057276899,81.83060270683677,82.61810270683677,2026-07-11T19:00:00+00:00
nyc,KXHIGHNY-26JUL11,80.2487513148734,raycaster_cloudcaster,78.23,78.23,79.0112513148734,80.2487513148734,81.99051276674473,82.83625131487341,83.6237513148734,2026-07-11T20:00:00+00:00
nyc,KXHIGHNY-26JUL11,81.34422669688217,raycaster_cloudcaster,80.21,80.21,80.21,81.34422669688217,82.58172669688217,83.93172669688218,84.71922669688217,2026-07-11T21:00:00+00:00
nyc,KXHIGHNY-26JUL11,81.03855427393252,raycaster_cloudcaster,80.21,80.21,80.21,81.03855427393252,82.27605427393252,83.62605427393252,84.41355427393252,2026-07-11T22:00:00+00:00
nyc,KXHIGHNY-26JUL11,80.96,raycaster_cloudcaster,80.21,80.21,80.21,80.96,82.19749999999999,83.5475,84.335,2026-07-11T23:00:00+00:00
nyc,KXHIGHNY-26JUL11,81.55772335268009,raycaster_cloudcaster,80.21,80.21,80.32022335268009,81.55772335268009,82.79522335268008,84.14522335268009,84.93272335268009,2026-07-12T00:00:00+00:00
nyc,KXHIGHNY-26JUL11,81.5201739294395,raycaster_cloudcaster,80.21,80.21,80.2826739294395,81.5201739294395,82.75767392943949,84.1076739294395,84.8951739294395,2026-07-12T01:00:00+00:00
nyc,KXHIGHNY-26JUL11,81.39594856231562,raycaster_cloudcaster,80.21,80.21,80.21,81.39594856231562,83.05611752660812,84.86721094219992,85.92368210129514,2026-07-12T02:00:00+00:00
nyc,KXHIGHNY-26JUL11,81.41500654571848,raycaster_cloudcaster,80.21,80.21,80.21,81.41500654571848,83.06160734433362,84.85789912464104,85.90573599648702,2026-07-12T03:00:00+00:00
nyc,KXHIGHNY-26JUL11,81.32293514702505,raycaster_cloudcaster,80.21,80.21,80.21,81.32293514702505,83.21015145418224,85.26893288017189,86.46988871199918,2026-07-12T04:00:00+00:00
okc,KXHIGHTOKC-26JUL11,95.64820492174522,raycaster_cloudcaster,92.27320492174522,93.06070492174521,94.41070492174522,95.64820492174522,96.96466335965461,98.23570492174522,99.02320492174522,2026-07-11T06:00:00+00:00
okc,KXHIGHTOKC-26JUL11,95.51129028649065,raycaster_cloudcaster,92.13629028649065,92.92379028649064,94.27379028649065,95.51129028649065,96.74879028649065,98.09879028649065,98.88629028649065,2026-07-11T07:00:00+00:00
okc,KXHIGHTOKC-26JUL11,96.09766823889797,raycaster_cloudcaster,92.72266823889797,93.51016823889796,94.86016823889797,96.09766823889797,97.33516823889796,98.68516823889797,99.47266823889797,2026-07-11T08:00:00+00:00
okc,KXHIGHTOKC-26JUL11,97.00008942916655,raycaster_cloudcaster,93.62508942916655,94.41258942916654,95.76258942916655,97.00008942916655,98.23758942916655,99.58758942916656,100.37508942916655,2026-07-11T09:00:00+00:00
okc,KXHIGHTOKC-26JUL11,96.97823877372976,raycaster_cloudcaster,93.60323877372976,94.39073877372975,95.74073877372976,96.97823877372976,98.21573877372975,99.56573877372976,100.35323877372976,2026-07-11T10:00:00+00:00
okc,KXHIGHTOKC-26JUL11,96.93307621103024,raycaster_cloudcaster,93.55807621103024,94.34557621103023,95.69557621103024,96.93307621103024,98.17057621103024,99.52057621103025,100.30807621103024,2026-07-11T11:00:00+00:00
okc,KXHIGHTOKC-26JUL11,96.91236611844495,raycaster_cloudcaster,93.53736611844495,94.32486611844494,95.67486611844495,96.91236611844495,98.14986611844495,99.49986611844496,100.28736611844495,2026-07-11T12:00:00+00:00
okc,KXHIGHTOKC-26JUL11,96.92364978083705,raycaster_cloudcaster,93.54864978083705,94.33614978083705,95.68614978083706,96.92364978083705,98.16114978083705,99.51114978083706,100.29864978083705,2026-07-11T13:00:00+00:00
okc,KXHIGHTOKC-26JUL11,96.9638232844047,raycaster_cloudcaster,93.5888232844047,94.37632328440469,95.7263232844047,96.9638232844047,98.2013232844047,99.5513232844047,100.3388232844047,2026-07-11T14:00:00+00:00
okc,KXHIGHTOKC-26JUL11,96.46500041590438,raycaster_cloudcaster,93.09000041590438,93.87750041590438,95.22750041590439,96.46500041590438,97.70250041590438,99.05250041590439,99.84000041590438,2026-07-11T15:00:00+00:00
okc,KXHIGHTOKC-26JUL11,96.38398992386439,raycaster_cloudcaster,93.00898992386439,93.79648992386439,95.1464899238644,96.38398992386439,97.62148992386439,98.9714899238644,99.75898992386439,2026-07-11T16:00:00+00:00
okc,KXHIGHTOKC-26JUL11,96.3643744020462,raycaster_cloudcaster,92.9893744020462,93.77687440204619,95.1268744020462,96.3643744020462,97.60187440204619,98.9518744020462,99.7393744020462,2026-07-11T17:00:00+00:00
okc,KXHIGHTOKC-26JUL11,96.32751137922897,raycaster_cloudcaster,92.95251137922897,93.74001137922896,95.09001137922897,96.32751137922897,97.56501137922896,98.91501137922897,99.70251137922897,2026-07-11T18:00:00+00:00
okc,KXHIGHTOKC-26JUL11,97.55695827151267,raycaster_cloudcaster,94.18195827151267,94.96945827151266,96.31945827151267,97.55695827151267,98.79445827151267,100.14445827151268,100.93195827151267,2026-07-11T19:00:00+00:00
okc,KXHIGHTOKC-26JUL11,97.96715437798109,raycaster_cloudcaster,96.05,96.05,96.72965437798109,97.96715437798109,99.20465437798109,100.5546543779811,101.34215437798109,2026-07-11T20:00:00+00:00
okc,KXHIGHTOKC-26JUL11,97.5481967174339,raycaster_cloudcaster,96.05,96.05,96.3106967174339,97.5481967174339,98.7856967174339,100.1356967174339,100.9231967174339,2026-07-11T21:00:00+00:00
okc,KXHIGHTOKC-26JUL11,97.30429542149722,raycaster_cloudcaster,96.05,96.05,96.06679542149722,97.30429542149722,98.54179542149721,99.89179542149722,100.67929542149722,2026-07-11T22:00:00+00:00
okc,KXHIGHTOKC-26JUL11,97.14570332157417,raycaster_cloudcaster,96.05,96.05,96.05,97.14570332157417,98.38320332157417,99.73320332157418,100.52070332157417,2026-07-11T23:00:00+00:00
okc,KXHIGHTOKC-26JUL11,96.8,raycaster_cloudcaster,96.05,96.05,96.05,96.8,98.0375,99.3875,100.175,2026-07-12T00:00:00+00:00
okc,KXHIGHTOKC-26JUL11,96.8,raycaster_cloudcaster,96.05,96.05,96.05,96.8,98.0375,99.3875,100.175,2026-07-12T01:00:00+00:00
okc,KXHIGHTOKC-26JUL11,96.8,raycaster_cloudcaster,96.05,96.05,96.05,96.8,99.44551143448672,102.33152390847224,104.01503118496379,2026-07-12T02:00:00+00:00
okc,KXHIGHTOKC-26JUL11,96.8,raycaster_cloudcaster,96.05,96.05,96.05,96.8,99.99312304022253,103.47652999319257,105.50851738242508,2026-07-12T03:00:00+00:00
okc,KXHIGHTOKC-26JUL11,96.8,raycaster_cloudcaster,96.05,96.05,96.05,96.8,100.55776406257763,104.65714303993505,107.04844744339356,2026-07-12T04:00:00+00:00
okc,KXHIGHTOKC-26JUL11,96.8,raycaster_cloudcaster,96.05,96.05,96.05,96.8,100.55776406257763,104.65714303993505,107.04844744339356,2026-07-12T05:00:00+00:00
aus,KXHIGHAUS-26JUL12,93.62928951664739,raycaster_cloudcaster,90.25428951664739,91.04178951664738,92.39178951664739,93.62928951664739,94.86678951664739,96.2167895166474,97.00428951664739,2026-07-12T06:00:00+00:00
aus,KXHIGHAUS-26JUL12,92.36399571782232,raycaster_cloudcaster,88.98899571782232,89.77649571782231,91.12649571782232,92.36399571782232,93.60149571782232,94.95149571782233,95.73899571782232,2026-07-12T07:00:00+00:00
aus,KXHIGHAUS-26JUL12,92.71478560843035,raycaster_cloudcaster,89.33978560843035,90.12728560843034,91.47728560843035,92.71478560843035,93.95228560843034,95.30228560843035,96.08978560843035,2026-07-12T08:00:00+00:00
aus,KXHIGHAUS-26JUL12,93.23792679455686,raycaster_cloudcaster,89.86292679455686,90.65042679455685,92.00042679455686,93.23792679455686,94.47542679455685,95.82542679455686,96.61292679455686,2026-07-12T09:00:00+00:00
aus,KXHIGHAUS-26JUL12,93.38718338196117,raycaster_cloudcaster,90.01218338196117,90.79968338196116,92.14968338196117,93.38718338196117,94.62468338196116,95.97468338196117,96.76218338196117,2026-07-12T10:00:00+00:00
aus,KXHIGHAUS-26JUL12,93.61821595453317,raycaster_cloudcaster,90.24321595453317,91.03071595453316,92.38071595453317,93.61821595453317,94.85571595453317,96.20571595453318,96.99321595453317,2026-07-12T11:00:00+00:00
aus,KXHIGHAUS-26JUL12,93.64165610563738,raycaster_cloudcaster,90.26665610563738,91.05415610563738,92.40415610563738,93.64165610563738,94.87915610563738,96.22915610563739,97.01665610563738,2026-07-12T12:00:00+00:00
aus,KXHIGHAUS-26JUL12,93.51004724260935,raycaster_cloudcaster,90.13504724260935,90.92254724260934,92.27254724260935,93.51004724260935,94.74754724260934,96.09754724260935,96.88504724260935,2026-07-12T13:00:00+00:00
aus,KXHIGHAUS-26JUL12,93.51816895197676,raycaster_cloudcaster,90.14316895197676,90.93066895197676,92.28066895197676,93.51816895197676,94.75566895197676,96.10566895197677,96.89316895197676,2026-07-12T14:00:00+00:00
aus,KXHIGHAUS-26JUL12,93.52183370921159,raycaster_cloudcaster,88.97527457069816,90.03613836968462,91.85476202509,93.52183370921159,95.18890539333319,97.00752904873856,98.06839284772502,2026-07-12T15:00:00+00:00
aus,KXHIGHAUS-26JUL12,92.92762898035382,raycaster_cloudcaster,89.55262898035382,90.34012898035381,91.69012898035382,92.92762898035382,94.16512898035381,95.51512898035382,96.30262898035382,2026-07-12T16:00:00+00:00
aus,KXHIGHAUS-26JUL12,92.49567718260018,raycaster_cloudcaster,88.83211334393161,89.68694490628761,91.15237044175504,92.49567718260018,93.83898392344531,95.30440945891274,96.15924102126874,2026-07-12T17:00:00+00:00
aus,KXHIGHAUS-26JUL12,92.438022747296,raycaster_cloudcaster,88.85,89.04016680567635,90.81296120999964,92.438022747296,94.06308428459236,95.83587868891566,96.87000875810425,2026-07-12T18:00:00+00:00
aus,KXHIGHAUS-26JUL12,92.98591852651971,raycaster_cloudcaster,90.65,90.65,91.74841852651971,92.98591852651971,94.22341852651971,95.57341852651972,96.36091852651971,2026-07-12T19:00:00+00:00
aus,KXHIGHAUS-26JUL12,93.89037846705374,raycaster_cloudcaster,92.45,92.45,92.63464282608467,93.89037846705374,95.1461141080228,96.51600753453452,97.31511203333302,2026-07-12T20:00:00+00:00
aus,KXHIGHAUS-26JUL12,93.76847499318345,raycaster_cloudcaster,92.45,92.45,92.46049219513142,93.76847499318345,95.07645779123547,96.50334811638314,97.3357008060526,2026-07-12T21:00:00+00:00
aus,KXHIGHAUS-26JUL12,96.91335282183081,raycaster_cloudcaster,96.05,96.05,96.05,96.91335282183081,98.46917246112066,100.16643024943687,101.15649729262131,2026-07-12T22:00:00+00:00
aus,KXHIGHAUS-26JUL12,96.8,raycaster_cloudcaster,96.05,96.05,96.05,96.8,98.25826772233358,99.8491052376066,100.77709378818251,2026-07-12T23:00:00+00:00
aus,KXHIGHAUS-26JUL12,96.8,raycaster_cloudcaster,96.05,96.05,96.05,96.8,99.54098723090786,102.53115511917099,104.27541972065782,2026-07-13T00:00:00+00:00
aus,KXHIGHAUS-26JUL12,96.8,raycaster_cloudcaster,96.05,96.05,96.05,96.8,99.80626196463315,103.08582047150568,104.99889626718132,2026-07-13T01:00:00+00:00
aus,KXHIGHAUS-26JUL12,96.8,raycaster_cloudcaster,96.05,96.05,96.05,96.8,100.34254654168438,104.20714276897644,106.46149056823013,2026-07-13T02:00:00+00:00
aus,KXHIGHAUS-26JUL12,96.8,raycaster_cloudcaster,96.05,96.05,96.05,96.8,101.1389666972679,105.87238491246926,108.63354553800339,2026-07-13T03:00:00+00:00
aus,KXHIGHAUS-26JUL12,96.8,raycaster_cloudcaster,96.05,96.05,96.05,96.8,101.11363776295599,105.81942441345343,108.56446662624361,2026-07-13T04:00:00+00:00
aus,KXHIGHAUS-26JUL12,96.8,raycaster_cloudcaster,96.05,96.05,96.05,96.8,101.36626879957805,106.34765294457229,109.2534603624856,2026-07-13T05:00:00+00:00
den,KXHIGHDEN-26JUL12,95.49896251136975,raycaster_cloudcaster,92.12396251136975,92.91146251136975,94.26146251136976,95.49896251136975,96.73646251136975,98.08646251136976,98.87396251136975,2026-07-12T07:00:00+00:00
den,KXHIGHDEN-26JUL12,95.3780177470416,raycaster_cloudcaster,92.0030177470416,92.79051774704159,94.1405177470416,95.3780177470416,96.6155177470416,97.9655177470416,98.7530177470416,2026-07-12T08:00:00+00:00
den,KXHIGHDEN-26JUL12,94.90362977475658,raycaster_cloudcaster,91.52862977475658,92.31612977475658,93.66612977475658,94.90362977475658,96.14112977475658,97.49112977475659,98.27862977475658,2026-07-12T09:00:00+00:00
den,KXHIGHDEN-26JUL12,95.22474031590383,raycaster_cloudcaster,91.84974031590383,92.63724031590382,93.98724031590383,95.22474031590383,96.46224031590383,97.81224031590384,98.59974031590383,2026-07-12T10:00:00+00:00
den,KXHIGHDEN-26JUL12,95.5130244317019,raycaster_cloudcaster,92.1380244317019,92.92552443170189,94.2755244317019,95.5130244317019,96.75052443170189,98.1005244317019,98.8880244317019,2026-07-12T11:00:00+00:00
den,KXHIGHDEN-26JUL12,95.3361186857376,raycaster_cloudcaster,91.9611186857376,92.7486186857376,94.0986186857376,95.3361186857376,96.5736186857376,97.92361868573761,98.7111186857376,2026-07-12T12:00:00+00:00
den,KXHIGHDEN-26JUL12,95.34662452055439,raycaster_cloudcaster,91.97162452055439,92.75912452055438,94.10912452055439,95.34662452055439,96.58412452055438,97.93412452055439,98.72162452055439,2026-07-12T13:00:00+00:00
den,KXHIGHDEN-26JUL12,95.40679894203954,raycaster_cloudcaster,92.03179894203954,92.81929894203954,94.16929894203955,95.40679894203954,96.64429894203954,97.99429894203955,98.78179894203954,2026-07-12T14:00:00+00:00
den,KXHIGHDEN-26JUL12,95.35452129900011,raycaster_cloudcaster,91.97952129900011,92.7670212990001,94.11702129900011,95.35452129900011,96.59202129900011,97.94202129900012,98.72952129900011,2026-07-12T15:00:00+00:00
den,KXHIGHDEN-26JUL12,95.58322536658254,raycaster_cloudcaster,92.20822536658254,92.99572536658253,94.34572536658254,95.58322536658254,96.82072536658254,98.17072536658254,98.95822536658254,2026-07-12T16:00:00+00:00
den,KXHIGHDEN-26JUL12,95.5751887736468,raycaster_cloudcaster,92.2001887736468,92.9876887736468,94.3376887736468,95.5751887736468,96.8126887736468,98.1626887736468,98.9501887736468,2026-07-12T17:00:00+00:00
den,KXHIGHDEN-26JUL12,95.65015281143974,raycaster_cloudcaster,92.27515281143974,93.06265281143973,94.41265281143974,95.65015281143974,96.88765281143974,98.23765281143974,99.02515281143974,2026-07-12T18:00:00+00:00
den,KXHIGHDEN-26JUL12,95.78038852608802,raycaster_cloudcaster,92.40538852608802,93.19288852608801,94.54288852608802,95.78038852608802,97.01788852608802,98.36788852608802,99.15538852608802,2026-07-12T19:00:00+00:00
den,KXHIGHDEN-26JUL12,95.76130972111228,raycaster_cloudcaster,92.38630972111228,93.17380972111228,94.52380972111229,95.76130972111228,96.99880972111228,98.34880972111229,99.13630972111228,2026-07-12T20:00:00+00:00
den,KXHIGHDEN-26JUL12,95.50181733871962,raycaster_cloudcaster,93.17,93.17,94.26431733871962,95.50181733871962,96.73931733871962,98.08931733871962,98.87681733871962,2026-07-12T21:00:00+00:00
den,KXHIGHDEN-26JUL12,95.35502937517484,raycaster_cloudcaster,93.17,93.17,94.11752937517484,95.35502937517484,96.59252937517483,97.94252937517484,98.73002937517484,2026-07-12T22:00:00+00:00
den,KXHIGHDEN-26JUL12,95.00309028755746,raycaster_cloudcaster,93.17,93.17,93.76559028755746,95.00309028755746,96.24059028755745,97.59059028755746,98.37809028755746,2026-07-12T23:00:00+00:00
den,KXHIGHDEN-26JUL12,94.0963574854684,raycaster_cloudcaster,93.17,93.17,93.17,94.0963574854684,95.3338574854684,96.68385748546841,97.4713574854684,2026-07-13T00:00:00+00:00
den,KXHIGHDEN-26JUL12,94.09785160765023,raycaster_cloudcaster,93.17,93.17,93.17,94.09785160765023,95.33535160765022,96.68535160765023,97.47285160765023,2026-07-13T01:00:00+00:00
den,KXHIGHDEN-26JUL12,94.2920124286156,raycaster_cloudcaster,93.17,93.17,93.17,94.2920124286156,95.5295124286156,96.87951242861561,97.6670124286156,2026-07-13T02:00:00+00:00
den,KXHIGHDEN-26JUL12,94.32003232776295,raycaster_cloudcaster,93.17,93.17,93.17,94.32003232776295,95.92023972369635,97.66592051926008,98.68423431667226,2026-07-13T03:00:00+00:00
den,KXHIGHDEN-26JUL12,94.24139218938227,raycaster_cloudcaster,93.17,93.17,93.17,94.24139218938227,97.76860286639038,101.61646905949013,103.86105767213165,2026-07-13T04:00:00+00:00
den,KXHIGHDEN-26JUL12,94.24610130210323,raycaster_cloudcaster,93.17,93.17,93.17,94.24610130210323,97.77331197911134,101.62117817221109,103.86576678485261,2026-07-13T05:00:00+00:00
den,KXHIGHDEN-26JUL12,94.25055718343255,raycaster_cloudcaster,93.17,93.17,93.17,94.25055718343255,98.03710982534841,102.16789452562026,104.57751893411218,2026-07-13T06:00:00+00:00
la,KXHIGHLAX-26JUL12,76.02327979925099,raycaster_cloudcaster,71.94041315925404,72.89308204192,74.52622869791877,76.02327979925099,77.5203309005832,79.15347755658198,80.10614643924794,2026-07-12T08:00:00+00:00
la,KXHIGHLAX-26JUL12,76.49062582649144,raycaster_cloudcaster,72.36360813813583,73.32657893208548,74.97738600742771,76.49062582649144,78.00386564555517,79.6546727208974,80.61764351484705,2026-07-12T09:00:00+00:00
la,KXHIGHLAX-26JUL12,77.30993254702031,raycaster_cloudcaster,72.25328593093174,73.4331701413524,75.45582878778784,77.30993254702031,79.16403630625278,81.18669495268821,82.36657916310888,2026-07-12T10:00:00+00:00
la,KXHIGHLAX-26JUL12,77.35851595693124,raycaster_cloudcaster,72.51772056774156,73.64723949188583,75.58355764756169,77.35851595693124,79.1334742663008,81.06979242197666,82.19931134612092,2026-07-12T11:00:00+00:00
la,KXHIGHLAX-26JUL12,77.52922090564444,raycaster_cloudcaster,73.13601307992073,74.16109490592292,75.91837803621242,77.52922090564444,79.14006377507646,80.89734690536595,81.92242873136814,2026-07-12T12:00:00+00:00
la,KXHIGHLAX-26JUL12,77.25812057771304,raycaster_cloudcaster,73.21612849459362,74.15925998065482,75.77605681390258,77.25812057771304,78.7401843415235,80.35698117477126,81.30011266083247,2026-07-12T13:00:00+00:00
la,KXHIGHLAX-26JUL12,77.35688608154382,raycaster_cloudcaster,72.43663456358256,73.58469325110686,75.55279385829135,77.35688608154382,79.16097830479629,81.12907891198078,82.27713759950508,2026-07-12T14:00:00+00:00
la,KXHIGHLAX-26JUL12,77.04859569936922,raycaster_cloudcaster,72.82842093995463,73.81312838381803,75.50119828758386,77.04859569936922,78.59599311115457,80.2840630149204,81.2687704587838,2026-07-12T15:00:00+00:00
la,KXHIGHLAX-26JUL12,76.94208771907894,raycaster_cloudcaster,73.06189764641498,73.96727533003657,75.51935135910216,76.94208771907894,78.36482407905572,79.91690010812131,80.8222777917429,2026-07-12T16:00:00+00:00
la,KXHIGHLAX-26JUL12,78.10934945581593,raycaster_cloudcaster,74.73434945581593,75.52184945581593,76.87184945581593,78.10934945581593,79.34684945581593,80.69684945581594,81.48434945581593,2026-07-12T17:00:00+00:00
la,KXHIGHLAX-26JUL12,78.1603441116359,raycaster_cloudcaster,76.25,76.25,76.9228441116359,78.1603441116359,79.39784411163589,80.7478441116359,81.5353441116359,2026-07-12T18:00:00+00:00
la,KXHIGHLAX-26JUL12,77.53306265378362,raycaster_cloudcaster,76.25,76.25,76.29556265378362,77.53306265378362,78.77056265378361,80.12056265378362,80.90806265378362,2026-07-12T19:00:00+00:00
la,KXHIGHLAX-26JUL12,77.58061137239125,raycaster_cloudcaster,76.25,76.25,76.34311137239125,77.58061137239125,78.81811137239124,80.16811137239125,80.95561137239125,2026-07-12T20:00:00+00:00
la,KXHIGHLAX-26JUL12,77.67863065661844,raycaster_cloudcaster,76.25,76.25,76.44113065661844,77.67863065661844,78.91613065661844,80.26613065661844,81.05363065661844,2026-07-12T21:00:00+00:00
la,KXHIGHLAX-26JUL12,77.39981977733305,raycaster_cloudcaster,76.25,76.25,76.25,77.39981977733305,78.63731977733305,79.98731977733306,80.77481977733305,2026-07-12T22:00:00+00:00
la,KXHIGHLAX-26JUL12,77.02160432861848,raycaster_cloudcaster,76.25,76.25,76.25,77.02160432861848,78.25910432861848,79.60910432861849,80.39660432861848,2026-07-12T23:00:00+00:00
la,KXHIGHLAX-26JUL12,77.20486534571529,raycaster_cloudcaster,76.25,76.25,76.25,77.20486534571529,78.44236534571529,79.7923653457153,80.57986534571529,2026-07-13T00:00:00+00:00
la,KXHIGHLAX-26JUL12,77.21891206464105,raycaster_cloudcaster,76.25,76.25,76.25,77.21891206464105,78.45641206464104,79.80641206464105,80.59391206464105,2026-07-13T01:00:00+00:00
la,KXHIGHLAX-26JUL12,77.14784432889135,raycaster_cloudcaster,76.25,76.25,76.25,77.14784432889135,78.79478900009315,80.59145591413147,81.63951161398717,2026-07-13T02:00:00+00:00
la,KXHIGHLAX-26JUL12,77.18588475489425,raycaster_cloudcaster,76.25,76.25,76.25,77.18588475489425,78.83282942609604,80.62949634013437,81.67755203999006,2026-07-13T03:00:00+00:00
la,KXHIGHLAX-26JUL12,77.07382579989589,raycaster_cloudcaster,76.25,76.25,76.25,77.07382579989589,78.96399424477057,81.02599618463387,82.22883064955413,2026-07-13T04:00:00+00:00
la,KXHIGHLAX-26JUL12,77.08226962152514,raycaster_cloudcaster,76.25,76.25,76.25,77.08226962152514,78.97243806639983,81.03444000626313,82.23727447118338,2026-07-13T05:00:00+00:00
la,KXHIGHLAX-26JUL12,77.0901073850085,raycaster_cloudcaster,76.25,76.25,76.25,77.0901073850085,78.98236318167025,81.04664223257397,82.25080501226782,2026-07-13T06:00:00+00:00
la,KXHIGHLAX-26JUL12,77.09072036953667,raycaster_cloudcaster,76.25,76.25,76.25,77.09072036953667,78.98297616619843,81.04725521710215,82.251417996796,2026-07-13T07:00:00+00:00
mia,KXHIGHMIA-26JUL12,93.33018209992453,raycaster_cloudcaster,89.95518209992453,90.74268209992452,92.09268209992453,93.33018209992453,94.56768209992453,95.91768209992453,96.70518209992453,2026-07-12T05:00:00+00:00
mia,KXHIGHMIA-26JUL12,93.35570681235254,raycaster_cloudcaster,89.98070681235254,90.76820681235253,92.11820681235254,93.35570681235254,94.59320681235253,95.94320681235254,96.73070681235254,2026-07-12T06:00:00+00:00
mia,KXHIGHMIA-26JUL12,93.10707800463629,raycaster_cloudcaster,89.73207800463629,90.51957800463629,91.8695780046363,93.10707800463629,94.34457800463629,95.6945780046363,96.48207800463629,2026-07-12T07:00:00+00:00
mia,KXHIGHMIA-26JUL12,93.05107345811021,raycaster_cloudcaster,89.67607345811021,90.4635734581102,91.81357345811021,93.05107345811021,94.2885734581102,95.63857345811022,96.42607345811021,2026-07-12T08:00:00+00:00
mia,KXHIGHMIA-26JUL12,93.02164634353487,raycaster_cloudcaster,89.64664634353487,90.43414634353486,91.78414634353487,93.02164634353487,94.25914634353487,95.60914634353487,96.39664634353487,2026-07-12T09:00:00+00:00
mia,KXHIGHMIA-26JUL12,93.26634599559588,raycaster_cloudcaster,89.89134599559588,90.67884599559588,92.02884599559589,93.26634599559588,94.50384599559588,95.85384599559589,96.64134599559588,2026-07-12T10:00:00+00:00
mia,KXHIGHMIA-26JUL12,93.03565178370552,raycaster_cloudcaster,89.66065178370552,90.44815178370551,91.79815178370552,93.03565178370552,94.27315178370552,95.62315178370552,96.41065178370552,2026-07-12T11:00:00+00:00
mia,KXHIGHMIA-26JUL12,93.04556814284999,raycaster_cloudcaster,89.67056814284999,90.45806814284998,91.80806814284999,93.04556814284999,94.28306814284998,95.63306814285,96.42056814284999,2026-07-12T12:00:00+00:00
mia,KXHIGHMIA-26JUL12,93.21112919334323,raycaster_cloudcaster,89.83612919334323,90.62362919334322,91.97362919334323,93.21112919334323,94.44862919334322,95.79862919334323,96.58612919334323,2026-07-12T13:00:00+00:00
mia,KXHIGHMIA-26JUL12,93.19029687857613,raycaster_cloudcaster,89.81529687857613,90.60279687857613,91.95279687857614,93.19029687857613,94.42779687857613,95.77779687857614,96.56529687857613,2026-07-12T14:00:00+00:00
mia,KXHIGHMIA-26JUL12,93.35584934720654,raycaster_cloudcaster,89.98084934720654,90.76834934720654,92.11834934720655,93.35584934720654,94.59334934720654,95.94334934720655,96.73084934720654,2026-07-12T15:00:00+00:00
mia,KXHIGHMIA-26JUL12,92.94955264227741,raycaster_cloudcaster,89.57455264227741,90.3620526422774,91.71205264227741,92.94955264227741,94.18705264227741,95.53705264227742,96.32455264227741,2026-07-12T16:00:00+00:00
mia,KXHIGHMIA-26JUL12,93.35530502398339,raycaster_cloudcaster,92.45,92.45,92.45,93.35530502398339,94.59280502398339,95.9428050239834,96.73030502398339,2026-07-12T17:00:00+00:00
mia,KXHIGHMIA-26JUL12,93.30656601043343,raycaster_cloudcaster,92.45,92.45,92.45,93.30656601043343,94.54406601043343,95.89406601043343,96.68156601043343,2026-07-12T18:00:00+00:00
mia,KXHIGHMIA-26JUL12,93.26834812328565,raycaster_cloudcaster,92.45,92.45,92.45,93.26834812328565,94.50584812328565,95.85584812328565,96.64334812328565,2026-07-12T19:00:00+00:00
mia,KXHIGHMIA-26JUL12,93.26919344500212,raycaster_cloudcaster,92.45,92.45,92.45,93.26919344500212,94.50669344500211,95.85669344500212,96.64419344500212,2026-07-12T20:00:00+00:00
mia,KXHIGHMIA-26JUL12,93.92,raycaster_cloudcaster,93.17,93.17,93.17,93.92,95.1575,96.50750000000001,97.295,2026-07-12T21:00:00+00:00
mia,KXHIGHMIA-26JUL12,94.10729799256696,raycaster_cloudcaster,93.17,93.17,93.17,94.10729799256696,95.34479799256695,96.69479799256696,97.48229799256696,2026-07-12T22:00:00+00:00
mia,KXHIGHMIA-26JUL12,94.07376808673786,raycaster_cloudcaster,93.17,93.17,93.17,94.07376808673786,95.31126808673785,96.66126808673786,97.44876808673786,2026-07-12T23:00:00+00:00
mia,KXHIGHMIA-26JUL12,94.05583730975273,raycaster_cloudcaster,93.17,93.17,93.17,94.05583730975273,96.07300937975569,98.27356072884982,99.55721568248806,2026-07-13T00:00:00+00:00
mia,KXHIGHMIA-26JUL12,94.06116961024543,raycaster_cloudcaster,93.17,93.17,93.17,94.06116961024543,96.15697880003347,98.44331609798407,99.77701285512191,2026-07-13T01:00:00+00:00
mia,KXHIGHMIA-26JUL12,94.1112431135603,raycaster_cloudcaster,93.17,93.17,93.17,94.1112431135603,96.62973773535326,99.37718641367283,100.97986480935926,2026-07-13T02:00:00+00:00
mia,KXHIGHMIA-26JUL12,93.97422188357609,raycaster_cloudcaster,93.17,93.17,93.17,93.97422188357609,96.69294726691292,99.65882950328037,101.38892747449472,2026-07-13T03:00:00+00:00
mia,KXHIGHMIA-26JUL12,93.9513851263422,raycaster_cloudcaster,93.17,93.17,93.17,93.9513851263422,96.87135185731707,100.05677010928963,101.91493075627363,2026-07-13T04:00:00+00:00
nyc,KXHIGHNY-26JUL12,82.87729832556849,raycaster_cloudcaster,79.50229832556849,80.28979832556848,81.63979832556849,82.87729832556849,84.2851831289636,85.4647983255685,86.25229832556849,2026-07-12T05:00:00+00:00
nyc,KXHIGHNY-26JUL12,82.96378321351396,raycaster_cloudcaster,79.58878321351396,80.37628321351396,81.72628321351397,82.96378321351396,84.31847974863014,85.55128321351397,86.33878321351396,2026-07-12T06:00:00+00:00
nyc,KXHIGHNY-26JUL12,82.5967047371269,raycaster_cloudcaster,79.2217047371269,80.0092047371269,81.3592047371269,82.5967047371269,84.12050760384894,85.1842047371269,85.9717047371269,2026-07-12T07:00:00+00:00
nyc,KXHIGHNY-26JUL12,82.09479250363741,raycaster_cloudcaster,78.71979250363741,79.5072925036374,80.85729250363741,82.09479250363741,83.51145678738732,84.68229250363741,85.46979250363741,2026-07-12T08:00:00+00:00
nyc,KXHIGHNY-26JUL12,81.90847568922823,raycaster_cloudcaster,78.53347568922823,79.32097568922822,80.67097568922823,81.90847568922823,83.46035561374087,84.49597568922823,85.28347568922823,2026-07-12T09:00:00+00:00
nyc,KXHIGHNY-26JUL12,81.97156834098507,raycaster_cloudcaster,78.59656834098507,79.38406834098507,80.73406834098508,81.97156834098507,83.43559377390295,84.55906834098508,85.34656834098507,2026-07-12T10:00:00+00:00
nyc,KXHIGHNY-26JUL12,81.98340306287001,raycaster_cloudcaster,78.60840306287001,79.39590306287,80.74590306287001,81.98340306287001,83.54828733827398,84.57090306287002,85.35840306287001,2026-07-12T11:00:00+00:00
nyc,KXHIGHNY-26JUL12,82.13410813488683,raycaster_cloudcaster,78.75910813488683,79.54660813488682,80.89660813488683,82.13410813488683,83.50779293264696,84.72160813488684,85.50910813488683,2026-07-12T12:00:00+00:00
nyc,KXHIGHNY-26JUL12,82.07398432244945,raycaster_cloudcaster,78.69898432244945,79.48648432244944,80.83648432244945,82.07398432244945,83.42253171807879,84.66148432244945,85.44898432244945,2026-07-12T13:00:00+00:00
nyc,KXHIGHNY-26JUL12,82.19462155783651,raycaster_cloudcaster,78.81962155783651,79.6071215578365,80.95712155783652,82.19462155783651,83.45812004430402,84.78212155783652,85.56962155783651,2026-07-12T14:00:00+00:00
nyc,KXHIGHNY-26JUL12,82.29168923066189,raycaster_cloudcaster,78.91668923066189,79.70418923066188,81.05418923066189,82.29168923066189,83.61620774767073,84.8791892306619,85.66668923066189,2026-07-12T15:00:00+00:00
nyc,KXHIGHNY-26JUL12,82.62917055176463,raycaster_cloudcaster,79.25417055176463,80.04167055176462,81.39167055176463,82.62917055176463,84.04063126981764,85.21667055176464,86.00417055176463,2026-07-12T16:00:00+00:00
nyc,KXHIGHNY-26JUL12,83.20022637254777,raycaster_cloudcaster,81.29,81.29,81.96272637254778,83.20022637254777,84.43772637254777,85.78772637254778,86.57522637254777,2026-07-12T17:00:00+00:00
nyc,KXHIGHNY-26JUL12,83.3847937423962,raycaster_cloudcaster,82.19,82.19,82.19,83.3847937423962,84.6222937423962,85.9722937423962,86.7597937423962,2026-07-12T18:00:00+00:00
nyc,KXHIGHNY-26JUL12,83.81116446426351,raycaster_cloudcaster,82.19,82.19,82.57366446426352,83.81116446426351,85.04866446426351,86.39866446426352,87.18616446426351,2026-07-12T19:00:00+00:00
nyc,KXHIGHNY-26JUL12,83.2663618790642,raycaster_cloudcaster,82.19,82.19,82.19,83.2663618790642,84.5038618790642,85.85386187906421,86.6413618790642,2026-07-12T20:00:00+00:00
nyc,KXHIGHNY-26JUL12,83.28988167152076,raycaster_cloudcaster,82.19,82.19,82.19,83.28988167152076,84.52738167152076,85.87738167152077,86.66488167152076,2026-07-12T21:00:00+00:00
nyc,KXHIGHNY-26JUL12,82.94,raycaster_cloudcaster,82.19,82.19,82.19,82.94,84.1775,85.5275,86.315,2026-07-12T22:00:00+00:00
nyc,KXHIGHNY-26JUL12,83.05680601931881,raycaster_cloudcaster,82.19,82.19,82.19,83.05680601931881,84.29430601931881,85.64430601931882,86.43180601931881,2026-07-12T23:00:00+00:00
nyc,KXHIGHNY-26JUL12,83.44570446861272,raycaster_cloudcaster,82.19,82.19,82.19,83.44570446861272,85.29522420086755,87.3128820906001,88.48984919294409,2026-07-13T00:00:00+00:00
nyc,KXHIGHNY-26JUL12,83.39787572584984,raycaster_cloudcaster,82.19,82.19,82.19,83.39787572584984,85.391622008605,87.5666179534288,88.83536558790935,2026-07-13T01:00:00+00:00
nyc,KXHIGHNY-26JUL12,83.31296267108917,raycaster_cloudcaster,82.19,82.19,82.19,83.31296267108917,85.88551534110391,88.69193643566545,90.32901540749302,2026-07-13T02:00:00+00:00
nyc,KXHIGHNY-26JUL12,83.31581081095163,raycaster_cloudcaster,82.19,82.19,82.19,83.31581081095163,86.11326112150229,89.16502509664846,90.94522074881708,2026-07-13T03:00:00+00:00
nyc,KXHIGHNY-26JUL12,83.3680017605995,raycaster_cloudcaster,82.19,82.19,82.19,83.3680017605995,86.41455775713067,89.73807338971011,91.67679084204812,2026-07-13T04:00:00+00:00
okc,KXHIGHTOKC-26JUL12,90.214098823706,raycaster_cloudcaster,84.65883105338206,85.95506019979098,88.17716730792056,90.214098823706,92.25103033949144,94.47313744762101,95.76936659402993,2026-07-12T06:00:00+00:00
okc,KXHIGHTOKC-26JUL12,89.35405246516935,raycaster_cloudcaster,82.53599555722263,84.1268755024102,86.85409826558889,89.35405246516935,91.8540066647498,94.58122942792849,96.17210937311606,2026-07-12T07:00:00+00:00
okc,KXHIGHTOKC-26JUL12,88.60703133363184,raycaster_cloudcaster,84.9173057340784,85.77824170730753,87.25413194712891,88.60703133363184,89.95993072013476,91.43582095995615,92.29675693318528,2026-07-12T08:00:00+00:00
okc,KXHIGHTOKC-26JUL12,86.65339895082077,raycaster_cloudcaster,83.27839895082077,84.06589895082077,85.40135504423968,86.65339895082077,87.89089895082077,89.24089895082078,90.02839895082077,2026-07-12T09:00:00+00:00
okc,KXHIGHTOKC-26JUL12,86.47759257983773,raycaster_cloudcaster,83.10259257983773,83.89009257983773,85.24009257983774,86.47759257983773,87.71509257983773,89.06509257983774,89.85259257983773,2026-07-12T10:00:00+00:00
okc,KXHIGHTOKC-26JUL12,86.55570897415828,raycaster_cloudcaster,82.6972377743176,83.59754772094709,85.14093620088336,86.55570897415828,87.9704817474332,89.51387022736947,90.41418017399896,2026-07-12T11:00:00+00:00
okc,KXHIGHTOKC-26JUL12,87.2842688817788,raycaster_cloudcaster,83.9092688817788,84.6967688817788,86.0467688817788,87.2842688817788,88.5217688817788,89.8717688817788,90.6592688817788,2026-07-12T12:00:00+00:00
okc,KXHIGHTOKC-26JUL12,86.92772736942273,raycaster_cloudcaster,83.55272736942273,84.34022736942272,85.69022736942273,86.92772736942273,88.16522736942272,89.51522736942273,90.30272736942273,2026-07-12T13:00:00+00:00
okc,KXHIGHTOKC-26JUL12,87.17899206571494,raycaster_cloudcaster,83.80399206571494,84.59149206571493,85.94149206571494,87.17899206571494,88.41649206571493,89.76649206571494,90.55399206571494,2026-07-12T14:00:00+00:00
okc,KXHIGHTOKC-26JUL12,88.5271067195237,raycaster_cloudcaster,85.1521067195237,85.9396067195237,87.1089720326825,88.5271067195237,89.7646067195237,91.1146067195237,91.9021067195237,2026-07-12T15:00:00+00:00
okc,KXHIGHTOKC-26JUL12,88.91653818261145,raycaster_cloudcaster,85.54153818261145,86.32903818261144,87.34627946947934,88.91653818261145,90.15403818261144,91.50403818261145,92.29153818261145,2026-07-12T16:00:00+00:00
okc,KXHIGHTOKC-26JUL12,88.95651624352949,raycaster_cloudcaster,85.58151624352949,86.36901624352949,87.54151600720937,88.95651624352949,90.19401624352949,91.5440162435295,92.33151624352949,2026-07-12T17:00:00+00:00
okc,KXHIGHTOKC-26JUL12,87.88197156327902,raycaster_cloudcaster,84.50697156327902,85.29447156327902,86.64447156327903,87.88197156327902,89.11947156327902,90.46947156327903,91.25697156327902,2026-07-12T18:00:00+00:00
okc,KXHIGHTOKC-26JUL12,88.12589376898997,raycaster_cloudcaster,84.75089376898997,85.53839376898996,86.88839376898997,88.12589376898997,89.36339376898997,90.71339376898997,91.50089376898997,2026-07-12T19:00:00+00:00
okc,KXHIGHTOKC-26JUL12,88.1959719258615,raycaster_cloudcaster,84.8209719258615,85.6084719258615,86.9584719258615,88.1959719258615,89.4334719258615,90.7834719258615,91.5709719258615,2026-07-12T20:00:00+00:00
okc,KXHIGHTOKC-26JUL12,87.90053141265943,raycaster_cloudcaster,87.05,87.05,87.05,87.90053141265943,89.13803141265943,90.48803141265944,91.27553141265943,2026-07-12T21:00:00+00:00
okc,KXHIGHTOKC-26JUL12,88.092491888448,raycaster_cloudcaster,87.05,87.05,87.05,88.092491888448,89.32999188844799,90.679991888448,91.467491888448,2026-07-12T22:00:00+00:00
okc,KXHIGHTOKC-26JUL12,88.49031623436188,raycaster_cloudcaster,87.23,87.23,87.25281623436189,88.49031623436188,89.72781623436188,91.07781623436189,91.86531623436188,2026-07-12T23:00:00+00:00
okc,KXHIGHTOKC-26JUL12,88.3104073536639,raycaster_cloudcaster,87.23,87.23,87.23,88.3104073536639,89.5479073536639,90.89790735366391,91.6854073536639,2026-07-13T00:00:00+00:00
okc,KXHIGHTOKC-26JUL12,88.31747631078329,raycaster_cloudcaster,87.23,87.23,87.23,88.31747631078329,89.55497631078329,90.9049763107833,91.69247631078329,2026-07-13T01:00:00+00:00
okc,KXHIGHTOKC-26JUL12,88.18277508555448,raycaster_cloudcaster,87.23,87.23,87.23,88.18277508555448,90.09694292302329,92.1851260184438,93.40323282410577,2026-07-13T02:00:00+00:00
okc,KXHIGHTOKC-26JUL12,88.1076535491608,raycaster_cloudcaster,87.23,87.23,87.23,88.1076535491608,89.99097947952973,92.04551685811403,93.24399699562153,2026-07-13T03:00:00+00:00
okc,KXHIGHTOKC-26JUL12,88.18938331690936,raycaster_cloudcaster,87.23,87.23,87.23,88.18938331690936,90.94752797591475,93.9564130584661,95.71159602328771,2026-07-13T04:00:00+00:00
okc,KXHIGHTOKC-26JUL12,88.18956209362248,raycaster_cloudcaster,87.23,87.23,87.23,88.18956209362248,90.94770675262788,93.95659183517922,95.71177480000084,2026-07-13T05:00:00+00:00
aus,KXHIGHAUS-26JUL13,92.63106262896557,raycaster_cloudcaster,87.63869845955645,88.80358343241858,90.80052910018223,92.63106262896557,94.4615961577489,96.45854182551255,97.62342679837468,2026-07-13T06:00:00+00:00
aus,KXHIGHAUS-26JUL13,92.76152697665015,raycaster_cloudcaster,89.18324875940655,90.01818034343006,91.1574253256896,92.76152697665015,94.07356232297279,95.50487360987023,96.33980519389374,2026-07-13T07:00:00+00:00
aus,KXHIGHAUS-26JUL13,92.70273783340592,raycaster_cloudcaster,89.12445961616233,89.95939120018583,91.1574253256896,92.70273783340592,94.01477317972856,95.446084466626,96.28101605064951,2026-07-13T08:00:00+00:00
aus,KXHIGHAUS-26JUL13,91.30454674278695,raycaster_cloudcaster,87.92954674278695,88.71704674278695,89.89021132354735,91.30454674278695,92.54204674278695,93.89204674278696,94.67954674278695,2026-07-13T09:00:00+00:00
aus,KXHIGHAUS-26JUL13,91.83634815255118,raycaster_cloudcaster,88.46134815255118,89.24884815255118,90.30468917820596,91.83634815255118,93.07384815255118,94.42384815255119,95.21134815255118,2026-07-13T10:00:00+00:00
aus,KXHIGHAUS-26JUL13,92.74427544796438,raycaster_cloudcaster,89.36927544796438,90.15677544796438,91.26335463071688,92.74427544796438,93.98177544796438,95.33177544796439,96.11927544796438,2026-07-13T11:00:00+00:00
aus,KXHIGHAUS-26JUL13,92.90635852369432,raycaster_cloudcaster,89.53135852369432,90.31885852369432,91.44565933538715,92.90635852369432,94.14385852369432,95.49385852369433,96.28135852369432,2026-07-13T12:00:00+00:00
aus,KXHIGHAUS-26JUL13,92.5397021927031,raycaster_cloudcaster,89.1647021927031,89.9522021927031,91.13171894903522,92.5397021927031,93.7772021927031,95.12720219270311,95.9147021927031,2026-07-13T13:00:00+00:00
aus,KXHIGHAUS-26JUL13,92.56417682996357,raycaster_cloudcaster,89.18917682996357,89.97667682996357,91.13171894903522,92.56417682996357,93.80167682996357,95.15167682996358,95.93917682996357,2026-07-13T14:00:00+00:00
aus,KXHIGHAUS-26JUL13,92.87142939491683,raycaster_cloudcaster,88.80546087560928,89.75418686344771,91.38057427117073,92.87142939491683,94.36228451866293,95.98867192638595,96.93739791422438,2026-07-13T15:00:00+00:00
den,KXHIGHDEN-26JUL13,96.63442026744376,raycaster_cloudcaster,93.25942026744376,94.04692026744375,95.39692026744376,96.63442026744376,97.87192026744376,99.22192026744376,100.00942026744376,2026-07-13T07:00:00+00:00
den,KXHIGHDEN-26JUL13,96.5456104215154,raycaster_cloudcaster,93.1706104215154,93.9581104215154,95.30811042151541,96.5456104215154,97.7831104215154,99.13311042151541,99.9206104215154,2026-07-13T08:00:00+00:00
den,KXHIGHDEN-26JUL13,96.3896558933822,raycaster_cloudcaster,93.0146558933822,93.80215589338219,95.1521558933822,96.3896558933822,97.6271558933822,98.9771558933822,99.7646558933822,2026-07-13T09:00:00+00:00
den,KXHIGHDEN-26JUL13,96.4114996346687,raycaster_cloudcaster,93.0364996346687,93.8239996346687,95.1739996346687,96.4114996346687,97.6489996346687,98.9989996346687,99.7864996346687,2026-07-13T10:00:00+00:00
den,KXHIGHDEN-26JUL13,96.57640738863405,raycaster_cloudcaster,93.20140738863405,93.98890738863405,95.33890738863406,96.57640738863405,97.81390738863405,99.16390738863406,99.95140738863405,2026-07-13T11:00:00+00:00
den,KXHIGHDEN-26JUL13,96.38459366375655,raycaster_cloudcaster,93.00959366375655,93.79709366375654,95.14709366375655,96.38459366375655,97.62209366375654,98.97209366375655,99.75959366375655,2026-07-13T12:00:00+00:00
den,KXHIGHDEN-26JUL13,96.54028409064941,raycaster_cloudcaster,93.16528409064941,93.9527840906494,95.30278409064941,96.54028409064941,97.7777840906494,99.12778409064941,99.91528409064941,2026-07-13T13:00:00+00:00
den,KXHIGHDEN-26JUL13,96.54680582977984,raycaster_cloudcaster,93.17180582977984,93.95930582977984,95.30930582977984,96.54680582977984,97.78430582977984,99.13430582977985,99.92180582977984,2026-07-13T14:00:00+00:00
den,KXHIGHDEN-26JUL13,95.60689048049349,raycaster_cloudcaster,92.23189048049349,93.01939048049348,94.3693904804935,95.60689048049349,96.84439048049349,98.1943904804935,98.98189048049349,2026-07-13T15:00:00+00:00
la,KXHIGHLAX-26JUL13,77.22831324051177,raycaster_cloudcaster,73.25504003067583,74.18213711297088,75.77144639690526,77.22831324051177,78.68518008411827,80.27448936805266,81.2015864503477,2026-07-13T08:00:00+00:00
la,KXHIGHLAX-26JUL13,77.67505560057383,raycaster_cloudcaster,73.76782192442903,74.67950978219615,76.24240325265407,77.67505560057383,79.10770794849358,80.6706014189515,81.58228927671863,2026-07-13T09:00:00+00:00
la,KXHIGHLAX-26JUL13,77.91460085058061,raycaster_cloudcaster,73.951789348629,74.87644536575104,76.46156996653168,77.91460085058061,79.36763173462954,80.95275633541019,81.87741235253222,2026-07-13T10:00:00+00:00
la,KXHIGHLAX-26JUL13,77.91070381530045,raycaster_cloudcaster,74.0013976108698,74.91356905857029,76.47729154034255,77.91070381530045,79.34411609025835,80.90783857203061,81.8200100197311,2026-07-13T11:00:00+00:00
la,KXHIGHLAX-26JUL13,78.36712553306877,raycaster_cloudcaster,74.34119706872667,75.28058037707316,76.89095176281,78.36712553306877,79.84329930332754,81.45367068906438,82.39305399741087,2026-07-13T12:00:00+00:00
la,KXHIGHLAX-26JUL13,77.24968002725568,raycaster_cloudcaster,73.56654617142041,74.42594407111531,75.89919761344942,77.24968002725568,78.60016244106194,80.07341598339605,80.93281388309094,2026-07-13T13:00:00+00:00
la,KXHIGHLAX-26JUL13,77.22134741638918,raycaster_cloudcaster,73.53821356055391,74.39761146024881,75.87086500258292,77.22134741638918,78.57182983019544,80.04508337252955,80.90448127222444,2026-07-13T14:00:00+00:00
la,KXHIGHLAX-26JUL13,77.62214476163498,raycaster_cloudcaster,74.09172339868127,74.91548838337047,76.32765692855196,77.62214476163498,78.91663259471801,80.3288011398995,81.1525661245887,2026-07-13T15:00:00+00:00
mia,KXHIGHMIA-26JUL13,92.89896087812163,raycaster_cloudcaster,89.52396087812163,90.31146087812162,91.66146087812163,92.89896087812163,94.13646087812162,95.48646087812163,96.27396087812163,2026-07-13T05:00:00+00:00
mia,KXHIGHMIA-26JUL13,93.1103351034076,raycaster_cloudcaster,89.7353351034076,90.5228351034076,91.87283510340761,93.1103351034076,94.3478351034076,95.69783510340761,96.4853351034076,2026-07-13T06:00:00+00:00
mia,KXHIGHMIA-26JUL13,93.21914422457952,raycaster_cloudcaster,89.84414422457952,90.63164422457952,91.98164422457953,93.21914422457952,94.45664422457952,95.80664422457953,96.59414422457952,2026-07-13T07:00:00+00:00
mia,KXHIGHMIA-26JUL13,93.2219110881494,raycaster_cloudcaster,89.8469110881494,90.63441108814939,91.9844110881494,93.2219110881494,94.4594110881494,95.8094110881494,96.5969110881494,2026-07-13T08:00:00+00:00
mia,KXHIGHMIA-26JUL13,93.15350587347756,raycaster_cloudcaster,89.77850587347756,90.56600587347755,91.91600587347756,93.15350587347756,94.39100587347755,95.74100587347756,96.52850587347756,2026-07-13T09:00:00+00:00
mia,KXHIGHMIA-26JUL13,93.3200481971968,raycaster_cloudcaster,89.9450481971968,90.73254819719679,92.0825481971968,93.3200481971968,94.5575481971968,95.9075481971968,96.6950481971968,2026-07-13T10:00:00+00:00
mia,KXHIGHMIA-26JUL13,93.4340789603015,raycaster_cloudcaster,90.0590789603015,90.8465789603015,92.19657896030151,93.4340789603015,94.6715789603015,96.02157896030151,96.8090789603015,2026-07-13T11:00:00+00:00
mia,KXHIGHMIA-26JUL13,93.12195877896787,raycaster_cloudcaster,89.74695877896787,90.53445877896786,91.88445877896787,93.12195877896787,94.35945877896786,95.70945877896787,96.49695877896787,2026-07-13T12:00:00+00:00
mia,KXHIGHMIA-26JUL13,93.30408337016215,raycaster_cloudcaster,89.92908337016215,90.71658337016214,92.06658337016215,93.30408337016215,94.54158337016214,95.89158337016215,96.67908337016215,2026-07-13T13:00:00+00:00
mia,KXHIGHMIA-26JUL13,93.29073547531648,raycaster_cloudcaster,89.91573547531648,90.70323547531648,92.05323547531648,93.29073547531648,94.52823547531648,95.87823547531649,96.66573547531648,2026-07-13T14:00:00+00:00
mia,KXHIGHMIA-26JUL13,93.3215765164253,raycaster_cloudcaster,89.9465765164253,90.73407651642529,92.0840765164253,93.3215765164253,94.55907651642529,95.9090765164253,96.6965765164253,2026-07-13T15:00:00+00:00
nyc,KXHIGHNY-26JUL13,84.09142940443083,raycaster_cloudcaster,80.71642940443083,81.50392940443082,82.85392940443083,84.09142940443083,85.68588015895284,86.67892940443083,87.46642940443083,2026-07-13T05:00:00+00:00
nyc,KXHIGHNY-26JUL13,84.14048829146323,raycaster_cloudcaster,80.76548829146323,81.55298829146322,82.90298829146323,84.14048829146323,85.75112318941098,86.72798829146323,87.51548829146323,2026-07-13T06:00:00+00:00
nyc,KXHIGHNY-26JUL13,84.12070980488515,raycaster_cloudcaster,80.74570980488515,81.53320980488515,82.88320980488515,84.12070980488515,85.75953066909678,86.70820980488516,87.49570980488515,2026-07-13T07:00:00+00:00
nyc,KXHIGHNY-26JUL13,83.63420939214373,raycaster_cloudcaster,80.25920939214373,81.04670939214373,82.39670939214373,83.63420939214373,85.59587003759202,86.25468081397527,87.00920939214373,2026-07-13T08:00:00+00:00
nyc,KXHIGHNY-26JUL13,83.56278750790933,raycaster_cloudcaster,80.18778750790933,80.97528750790933,82.32528750790934,83.56278750790933,85.5802152758864,86.2772406974176,86.93778750790933,2026-07-13T09:00:00+00:00
nyc,KXHIGHNY-26JUL13,83.499711271996,raycaster_cloudcaster,80.124711271996,80.912211271996,82.26221127199601,83.499711271996,85.6061051320572,86.13377382483388,86.874711271996,2026-07-13T10:00:00+00:00
nyc,KXHIGHNY-26JUL13,83.56151450186302,raycaster_cloudcaster,80.18651450186302,80.97401450186301,82.32401450186302,83.56151450186302,85.5747884922027,86.18667587258062,86.93651450186302,2026-07-13T11:00:00+00:00
nyc,KXHIGHNY-26JUL13,83.6225723008876,raycaster_cloudcaster,80.2475723008876,81.03507230088759,82.3850723008876,83.6225723008876,85.47864585724686,86.2100723008876,86.9975723008876,2026-07-13T12:00:00+00:00
nyc,KXHIGHNY-26JUL13,83.41101801288174,raycaster_cloudcaster,80.03601801288174,80.82351801288173,82.17351801288174,83.41101801288174,85.39652496764805,85.99851801288175,86.78601801288174,2026-07-13T13:00:00+00:00
nyc,KXHIGHNY-26JUL13,83.4524281297546,raycaster_cloudcaster,80.0774281297546,80.86492812975459,82.2149281297546,83.4524281297546,85.40233061422585,86.0399281297546,86.8274281297546,2026-07-13T14:00:00+00:00
nyc,KXHIGHNY-26JUL13,83.30197010578681,raycaster_cloudcaster,79.92697010578681,80.7144701057868,82.06447010578681,83.30197010578681,85.07394627795153,85.88947010578681,86.67697010578681,2026-07-13T15:00:00+00:00
okc,KXHIGHTOKC-26JUL13,90.94478224010952,raycaster_cloudcaster,87.56978224010952,88.35728224010951,89.70728224010952,90.94478224010952,92.18228224010952,93.53228224010952,94.31978224010952,2026-07-13T06:00:00+00:00
okc,KXHIGHTOKC-26JUL13,90.88119902995858,raycaster_cloudcaster,87.50619902995858,88.29369902995857,89.64369902995858,90.88119902995858,92.11869902995858,93.46869902995859,94.25619902995858,2026-07-13T07:00:00+00:00
okc,KXHIGHTOKC-26JUL13,90.93141318227985,raycaster_cloudcaster,87.55641318227985,88.34391318227985,89.69391318227986,90.93141318227985,92.16891318227985,93.51891318227986,94.30641318227985,2026-07-13T08:00:00+00:00
okc,KXHIGHTOKC-26JUL13,91.4477565521509,raycaster_cloudcaster,88.0727565521509,88.8602565521509,90.21025655215091,91.4477565521509,92.6852565521509,94.03525655215091,94.8227565521509,2026-07-13T09:00:00+00:00
okc,KXHIGHTOKC-26JUL13,91.20905490486875,raycaster_cloudcaster,87.83405490486875,88.62155490486874,89.97155490486875,91.20905490486875,92.44655490486875,93.79655490486876,94.58405490486875,2026-07-13T10:00:00+00:00
okc,KXHIGHTOKC-26JUL13,91.0778278121553,raycaster_cloudcaster,87.7028278121553,88.4903278121553,89.84032781215531,91.0778278121553,92.3153278121553,93.66532781215531,94.4528278121553,2026-07-13T11:00:00+00:00
okc,KXHIGHTOKC-26JUL13,90.98543137449593,raycaster_cloudcaster,87.61043137449593,88.39793137449593,89.74793137449593,90.98543137449593,92.22293137449593,93.57293137449594,94.36043137449593,2026-07-13T12:00:00+00:00
okc,KXHIGHTOKC-26JUL13,90.85555461159606,raycaster_cloudcaster,87.48055461159606,88.26805461159606,89.61805461159607,90.85555461159606,92.09305461159606,93.44305461159607,94.23055461159606,2026-07-13T13:00:00+00:00
okc,KXHIGHTOKC-26JUL13,91.0399881009891,raycaster_cloudcaster,87.6649881009891,88.4524881009891,89.80248810098911,91.0399881009891,92.2774881009891,93.62748810098911,94.4149881009891,2026-07-13T14:00:00+00:00
okc,KXHIGHTOKC-26JUL13,91.11676051392416,raycaster_cloudcaster,87.74176051392416,88.52926051392416,89.87926051392417,91.11676051392416,92.35426051392416,93.70426051392417,94.49176051392416,2026-07-13T15:00:00+00:00
