city,event_ticker,target_date,snapshot_hour_utc,settlement_temperature_f,winner_ticker,settlement_bracket_index,snapshot_hour_utc,target_day_of_year_sin,target_day_of_year_cos,hours_elapsed,hours_remaining,nws_anchor_high_f,observed_high_so_far_f,hrrr_projected_high_f,nbm_projected_high_f,ensemble_raw_median_high_f,observation_age_hours,nws_hourly_window_max_f,hrrr_next_3h_max_f,hrrr_next_6h_max_f,hrrr_next_8h_max_f,hrrr_slope_3h_f_per_hour,hrrr_slope_6h_f_per_hour,hrrr_slope_8h_f_per_hour,nbm_next_3h_max_f,nbm_next_6h_max_f,nbm_next_8h_max_f,nbm_slope_3h_f_per_hour,nbm_slope_6h_f_per_hour,nbm_slope_8h_f_per_hour,ensemble_spread_f,ensemble_family_count,ensemble_member_count,source_std_f,source_range_f,hrrr_minus_nws,nbm_minus_nws,ensemble_minus_nws,observed_minus_nws,hrrr_minus_observed,nbm_minus_observed,city,checkpoint
aus,KXHIGHAUS-26JUL01,2026-07-01,4.0,96.0,KXHIGHAUS-26JUL01-B95.5,2,4.0,0.01716632975470737,-0.9998526477050269,22.0,2.0,83.0,96.8,96.8,96.8,91.5,,,,,,,,,,,,,,,,,,5.641974388456579,13.799999999999997,13.799999999999997,13.799999999999997,8.5,13.799999999999997,0.0,0.0,aus,t_plus_22h
aus,KXHIGHAUS-26JUL01,2026-07-01,5.0,96.0,KXHIGHAUS-26JUL01-B95.5,2,5.0,0.01716632975470737,-0.9998526477050269,23.0,1.0,83.0,96.8,96.8,96.8,91.5,,,,,,,,,,,,,,,,,,5.641974388456579,13.799999999999997,13.799999999999997,13.799999999999997,8.5,13.799999999999997,0.0,0.0,aus,t_plus_23h
den,KXHIGHDEN-26JUL01,2026-07-01,4.0,89.0,KXHIGHDEN-26JUL01-B88.5,2,4.0,0.01716632975470737,-0.9998526477050269,21.0,3.0,76.0,89.6,89.6,89.6,84.3,,,,,,,,,,,,,,,,,,5.562092681716115,13.599999999999994,13.599999999999994,13.599999999999994,8.299999999999997,13.599999999999994,0.0,0.0,den,t_plus_21h
den,KXHIGHDEN-26JUL01,2026-07-01,5.0,89.0,KXHIGHDEN-26JUL01-B88.5,2,5.0,0.01716632975470737,-0.9998526477050269,22.0,2.0,72.0,89.6,89.6,89.6,84.3,,,,,,,,,,,,,,,,,,7.189358455383899,17.599999999999994,17.599999999999994,17.599999999999994,12.299999999999997,17.599999999999994,0.0,0.0,den,t_plus_22h
den,KXHIGHDEN-26JUL01,2026-07-01,6.0,89.0,KXHIGHDEN-26JUL01-B88.5,2,6.0,0.01716632975470737,-0.9998526477050269,23.0,1.0,68.0,89.6,89.6,89.6,84.5,,,,,,,,,,,,,,,,,,8.86492385754102,21.599999999999994,21.599999999999994,21.599999999999994,16.5,21.599999999999994,0.0,0.0,den,t_plus_23h
la,KXHIGHLAX-26JUL01,2026-07-01,4.0,71.0,KXHIGHLAX-26JUL01-B71.5,4,4.0,0.01716632975470737,-0.9998526477050269,20.0,4.0,63.0,71.6,71.6,71.6,68.4,,,,,,,,,,,,,,,,,,3.5139009661628173,8.599999999999994,8.599999999999994,8.599999999999994,5.400000000000006,8.599999999999994,0.0,0.0,la,t_plus_20h
la,KXHIGHLAX-26JUL01,2026-07-01,5.0,71.0,KXHIGHLAX-26JUL01-B71.5,4,5.0,0.01716632975470737,-0.9998526477050269,21.0,3.0,63.0,71.6,71.6,71.6,68.4,,,,,,,,,,,,,,,,,,3.5139009661628173,8.599999999999994,8.599999999999994,8.599999999999994,5.400000000000006,8.599999999999994,0.0,0.0,la,t_plus_21h
la,KXHIGHLAX-26JUL01,2026-07-01,6.0,71.0,KXHIGHLAX-26JUL01-B71.5,4,6.0,0.01716632975470737,-0.9998526477050269,22.0,2.0,61.0,71.6,71.6,71.6,68.0,,,,,,,,,,,,,,,,,,4.327528162819969,10.599999999999994,10.599999999999994,10.599999999999994,7.0,10.599999999999994,0.0,0.0,la,t_plus_22h
la,KXHIGHLAX-26JUL01,2026-07-01,7.0,71.0,KXHIGHLAX-26JUL01-B71.5,4,7.0,0.01716632975470737,-0.9998526477050269,23.0,1.0,61.0,71.6,71.6,71.6,68.0,,,,,,,,,,,,,,,,,,4.327528162819969,10.599999999999994,10.599999999999994,10.599999999999994,7.0,10.599999999999994,0.0,0.0,la,t_plus_23h
mia,KXHIGHMIA-26JUL01,2026-07-01,4.0,93.0,KXHIGHMIA-26JUL01-B92.5,3,4.0,0.01716632975470737,-0.9998526477050269,23.0,1.0,81.0,93.2,93.2,93.2,83.2,,,,,,,,,,,,,,,,,,5.604239466689482,12.200000000000003,12.200000000000003,12.200000000000003,2.200000000000003,12.200000000000003,0.0,0.0,mia,t_plus_23h
nyc,KXHIGHNY-26JUL01,2026-07-01,4.0,93.0,KXHIGHNY-26JUL01-B92.5,1,4.0,0.01716632975470737,-0.9998526477050269,23.0,1.0,85.0,91.04,91.04,91.04,87.6,,,,,,,,,,,,,,,,,,2.5420267504493372,6.040000000000006,6.040000000000006,6.040000000000006,2.5999999999999943,6.040000000000006,0.0,0.0,nyc,t_plus_23h
okc,KXHIGHTOKC-26JUL01,2026-07-01,4.0,92.0,KXHIGHTOKC-26JUL01-T94,0,4.0,0.01716632975470737,-0.9998526477050269,22.0,2.0,82.0,91.4,91.4,91.4,90.0,,,,,,,,,,,,,,,,,,3.9102429592034325,9.400000000000006,9.400000000000006,9.400000000000006,8.0,9.400000000000006,0.0,0.0,okc,t_plus_22h
okc,KXHIGHTOKC-26JUL01,2026-07-01,5.0,92.0,KXHIGHTOKC-26JUL01-T94,0,5.0,0.01716632975470737,-0.9998526477050269,23.0,1.0,81.0,91.4,91.4,91.4,90.0,,,,,,,,,,,,,,,,,,4.33906671992953,10.400000000000006,10.400000000000006,10.400000000000006,9.0,10.400000000000006,0.0,0.0,okc,t_plus_23h
aus,KXHIGHAUS-26JUL02,2026-07-02,6.0,96.0,KXHIGHAUS-26JUL02-B95.5,2,6.0,1.2246467991473532e-16,-1.0,0.0,24.0,95.0,,97.1,93.8,95.4,,,,,,,,,,,,,,,,,,1.1818946653572802,3.299999999999997,2.0999999999999943,-1.2000000000000028,0.4000000000000057,,,,aus,t_plus_0h
aus,KXHIGHAUS-26JUL02,2026-07-02,7.0,96.0,KXHIGHAUS-26JUL02-B95.5,2,7.0,1.2246467991473532e-16,-1.0,1.0,23.0,95.0,78.8,97.4,93.8,95.4,,,,,,,,,,,,,,,,,,1.296148139681575,3.6000000000000085,2.4000000000000057,-1.2000000000000028,0.4000000000000057,-16.200000000000003,18.60000000000001,15.0,aus,t_plus_1h
aus,KXHIGHAUS-26JUL02,2026-07-02,8.0,96.0,KXHIGHAUS-26JUL02-B95.5,2,8.0,1.2246467991473532e-16,-1.0,2.0,22.0,95.0,78.8,97.4,93.8,95.4,,,,,,,,,,,,,,,,,,1.296148139681575,3.6000000000000085,2.4000000000000057,-1.2000000000000028,0.4000000000000057,-16.200000000000003,18.60000000000001,15.0,aus,t_plus_2h
aus,KXHIGHAUS-26JUL02,2026-07-02,9.0,96.0,KXHIGHAUS-26JUL02-B95.5,2,9.0,1.2246467991473532e-16,-1.0,3.0,21.0,95.0,78.8,97.3,93.5,95.5,,,,,,,,,,,,,,,,,,1.3571569548139955,3.799999999999997,2.299999999999997,-1.5,0.5,-16.200000000000003,18.5,14.700000000000003,aus,t_plus_3h
aus,KXHIGHAUS-26JUL02,2026-07-02,10.0,96.0,KXHIGHAUS-26JUL02-B95.5,2,10.0,1.2246467991473532e-16,-1.0,4.0,20.0,95.0,78.8,96.8,93.5,95.5,,,,,,,,,,,,,,,,,,1.1811011811017706,3.299999999999997,1.7999999999999972,-1.5,0.5,-16.200000000000003,18.0,14.700000000000003,aus,t_plus_4h
aus,KXHIGHAUS-26JUL02,2026-07-02,11.0,96.0,KXHIGHAUS-26JUL02-B95.5,2,11.0,1.2246467991473532e-16,-1.0,5.0,19.0,95.0,78.8,97.0,93.5,95.4,,,,,,,,,,,,,,,,,,1.2457427503300995,3.5,2.0,-1.5,0.4000000000000057,-16.200000000000003,18.200000000000003,14.700000000000003,aus,t_plus_5h
aus,KXHIGHAUS-26JUL02,2026-07-02,12.0,96.0,KXHIGHAUS-26JUL02-B95.5,2,12.0,1.2246467991473532e-16,-1.0,6.0,18.0,95.0,78.8,97.2,93.5,95.4,,,,,,,,,,,,,,,,,,1.3179055353097213,3.700000000000003,2.200000000000003,-1.5,0.4000000000000057,-16.200000000000003,18.400000000000006,14.700000000000003,aus,t_plus_6h
aus,KXHIGHAUS-26JUL02,2026-07-02,13.0,96.0,KXHIGHAUS-26JUL02-B95.5,2,13.0,1.2246467991473532e-16,-1.0,7.0,17.0,95.0,78.8,97.1,93.5,95.4,,,,,,,,,,,,,,,,,,1.2816005617976278,3.5999999999999943,2.0999999999999943,-1.5,0.4000000000000057,-16.200000000000003,18.299999999999997,14.700000000000003,aus,t_plus_7h
aus,KXHIGHAUS-26JUL02,2026-07-02,14.0,96.0,KXHIGHAUS-26JUL02-B95.5,2,14.0,1.2246467991473532e-16,-1.0,8.0,16.0,95.0,80.6,97.1,93.5,95.4,,,,,,,,,,,,,,,,,,1.2816005617976278,3.5999999999999943,2.0999999999999943,-1.5,0.4000000000000057,-14.400000000000006,16.5,12.900000000000006,aus,t_plus_8h
aus,KXHIGHAUS-26JUL02,2026-07-02,15.0,96.0,KXHIGHAUS-26JUL02-B95.5,2,15.0,1.2246467991473532e-16,-1.0,9.0,15.0,95.0,82.4,96.9,93.5,95.3,,,,,,,,,,,,,,,,,,1.207010770457333,3.4000000000000057,1.9000000000000057,-1.5,0.29999999999999716,-12.599999999999994,14.5,11.099999999999994,aus,t_plus_9h
aus,KXHIGHAUS-26JUL02,2026-07-02,16.0,96.0,KXHIGHAUS-26JUL02-B95.5,2,16.0,1.2246467991473532e-16,-1.0,10.0,14.0,95.0,86.0,97.2,93.5,95.2,,,,,,,,,,,,,,,,,,1.3160072188251866,3.700000000000003,2.200000000000003,-1.5,0.20000000000000284,-9.0,11.200000000000003,7.5,aus,t_plus_10h
aus,KXHIGHAUS-26JUL02,2026-07-02,17.0,96.0,KXHIGHAUS-26JUL02-B95.5,2,17.0,1.2246467991473532e-16,-1.0,11.0,13.0,95.0,87.8,97.5,93.5,95.2,,,,,,,,,,,,,,,,,,1.4300349646075092,4.0,2.5,-1.5,0.20000000000000284,-7.200000000000003,9.700000000000003,5.700000000000003,aus,t_plus_11h
aus,KXHIGHAUS-26JUL02,2026-07-02,18.0,96.0,KXHIGHAUS-26JUL02-B95.5,2,18.0,1.2246467991473532e-16,-1.0,12.0,12.0,95.0,89.6,96.3,93.5,95.2,,,,,,,,,,,,,,,,,,0.9974968671629993,2.799999999999997,1.2999999999999972,-1.5,0.20000000000000284,-5.400000000000006,6.700000000000003,3.9000000000000057,aus,t_plus_12h
aus,KXHIGHAUS-26JUL02,2026-07-02,19.0,96.0,KXHIGHAUS-26JUL02-B95.5,2,19.0,1.2246467991473532e-16,-1.0,13.0,11.0,95.0,93.2,96.8,93.5,95.2,,,,,,,,,,,,,,,,,,1.1691342951089911,3.299999999999997,1.7999999999999972,-1.5,0.20000000000000284,-1.7999999999999972,3.5999999999999943,0.29999999999999716,aus,t_plus_13h
aus,KXHIGHAUS-26JUL02,2026-07-02,20.0,96.0,KXHIGHAUS-26JUL02-B95.5,2,20.0,1.2246467991473532e-16,-1.0,14.0,10.0,94.0,93.2,96.8,93.5,95.2,,,,,,,,,,,,,,,,,,1.271563997602951,3.299999999999997,2.799999999999997,-0.5,1.2000000000000028,-0.7999999999999972,3.5999999999999943,0.29999999999999716,aus,t_plus_14h
aus,KXHIGHAUS-26JUL02,2026-07-02,21.0,96.0,KXHIGHAUS-26JUL02-B95.5,2,21.0,1.2246467991473532e-16,-1.0,15.0,9.0,94.0,95.0,96.4,95.0,95.2,,,,,,,,,,,,,,,,,,0.8529361054616011,2.4000000000000057,2.4000000000000057,1.0,1.2000000000000028,1.0,1.4000000000000057,0.0,aus,t_plus_15h
aus,KXHIGHAUS-26JUL02,2026-07-02,22.0,96.0,KXHIGHAUS-26JUL02-B95.5,2,22.0,1.2246467991473532e-16,-1.0,16.0,8.0,94.0,95.0,96.0,95.0,94.8,,,,,,,,,,,,,,,,,,0.7123903424387504,2.0,2.0,1.0,0.7999999999999972,1.0,1.0,0.0,aus,t_plus_16h
aus,KXHIGHAUS-26JUL02,2026-07-02,23.0,96.0,KXHIGHAUS-26JUL02-B95.5,2,23.0,1.2246467991473532e-16,-1.0,17.0,7.0,94.0,96.8,96.8,96.8,94.8,,,,,,,,,,,,,,,,,,1.2328828005937944,2.799999999999997,2.799999999999997,2.799999999999997,0.7999999999999972,2.799999999999997,0.0,0.0,aus,t_plus_17h
aus,KXHIGHAUS-26JUL02,2026-07-02,0.0,96.0,KXHIGHAUS-26JUL02-B95.5,2,0.0,1.2246467991473532e-16,-1.0,18.0,6.0,92.0,96.8,96.8,96.8,92.0,,,,,,,,,,,,,,,,,,2.3999999999999986,4.799999999999997,4.799999999999997,4.799999999999997,0.0,4.799999999999997,0.0,0.0,aus,t_plus_18h
aus,KXHIGHAUS-26JUL02,2026-07-02,1.0,96.0,KXHIGHAUS-26JUL02-B95.5,2,1.0,1.2246467991473532e-16,-1.0,19.0,5.0,92.0,96.8,96.8,96.8,92.0,,,,,,,,,,,,,,,,,,2.3999999999999986,4.799999999999997,4.799999999999997,4.799999999999997,0.0,4.799999999999997,0.0,0.0,aus,t_plus_19h
aus,KXHIGHAUS-26JUL02,2026-07-02,2.0,96.0,KXHIGHAUS-26JUL02-B95.5,2,2.0,1.2246467991473532e-16,-1.0,20.0,4.0,90.0,96.8,96.8,96.8,92.0,,,,,,,,,,,,,,,,,,2.9849623113198582,6.799999999999997,6.799999999999997,6.799999999999997,2.0,6.799999999999997,0.0,0.0,aus,t_plus_20h
aus,KXHIGHAUS-26JUL02,2026-07-02,3.0,96.0,KXHIGHAUS-26JUL02-B95.5,2,3.0,1.2246467991473532e-16,-1.0,21.0,3.0,84.0,96.8,96.8,96.8,92.1,,,,,,,,,,,,,,,,,,5.22894587847302,12.799999999999997,12.799999999999997,12.799999999999997,8.099999999999994,12.799999999999997,0.0,0.0,aus,t_plus_21h
aus,KXHIGHAUS-26JUL02,2026-07-02,4.0,96.0,KXHIGHAUS-26JUL02-B95.5,2,4.0,1.2246467991473532e-16,-1.0,22.0,2.0,83.0,96.8,96.8,96.8,91.7,,,,,,,,,,,,,,,,,,5.637985012395828,13.799999999999997,13.799999999999997,13.799999999999997,8.700000000000003,13.799999999999997,0.0,0.0,aus,t_plus_22h
aus,KXHIGHAUS-26JUL02,2026-07-02,5.0,96.0,KXHIGHAUS-26JUL02-B95.5,2,5.0,1.2246467991473532e-16,-1.0,23.0,1.0,81.0,96.8,96.8,96.8,91.7,,,,,,,,,,,,,,,,,,6.450726703248246,15.799999999999997,15.799999999999997,15.799999999999997,10.700000000000003,15.799999999999997,0.0,0.0,aus,t_plus_23h
den,KXHIGHDEN-26JUL02,2026-07-02,7.0,90.0,KXHIGHDEN-26JUL02-B89.5,1,7.0,1.2246467991473532e-16,-1.0,0.0,24.0,92.0,,92.1,88.7,88.5,,,,,,,,,,,,,,,,,,1.7268106439329103,3.5999999999999943,0.09999999999999432,-3.299999999999997,-3.5,,,,den,t_plus_0h
den,KXHIGHDEN-26JUL02,2026-07-02,8.0,90.0,KXHIGHDEN-26JUL02-B89.5,1,8.0,1.2246467991473532e-16,-1.0,1.0,23.0,92.0,,92.1,88.7,88.5,,,,,,,,,,,,,,,,,,1.7268106439329103,3.5999999999999943,0.09999999999999432,-3.299999999999997,-3.5,,,,den,t_plus_1h
den,KXHIGHDEN-26JUL02,2026-07-02,9.0,90.0,KXHIGHDEN-26JUL02-B89.5,1,9.0,1.2246467991473532e-16,-1.0,2.0,22.0,92.0,62.06,90.7,88.2,88.6,,,,,,,,,,,,,,,,,,1.5514106484100212,3.799999999999997,-1.2999999999999972,-3.799999999999997,-3.4000000000000057,-29.939999999999998,28.64,26.14,den,t_plus_2h
den,KXHIGHDEN-26JUL02,2026-07-02,10.0,90.0,KXHIGHDEN-26JUL02-B89.5,1,10.0,1.2246467991473532e-16,-1.0,3.0,21.0,92.0,62.06,90.9,88.2,88.6,,,,,,,,,,,,,,,,,,1.5801503093060496,3.799999999999997,-1.0999999999999943,-3.799999999999997,-3.4000000000000057,-29.939999999999998,28.840000000000003,26.14,den,t_plus_3h
den,KXHIGHDEN-26JUL02,2026-07-02,11.0,90.0,KXHIGHDEN-26JUL02-B89.5,1,11.0,1.2246467991473532e-16,-1.0,4.0,20.0,92.0,62.06,91.2,88.2,89.0,,,,,,,,,,,,,,,,,,1.552417469626002,3.799999999999997,-0.7999999999999972,-3.799999999999997,-3.0,-29.939999999999998,29.14,26.14,den,t_plus_4h
den,KXHIGHDEN-26JUL02,2026-07-02,12.0,90.0,KXHIGHDEN-26JUL02-B89.5,1,12.0,1.2246467991473532e-16,-1.0,5.0,19.0,92.0,62.06,90.6,88.2,89.3,,,,,,,,,,,,,,,,,,1.4219265100559861,3.799999999999997,-1.4000000000000057,-3.799999999999997,-2.700000000000003,-29.939999999999998,28.539999999999992,26.14,den,t_plus_5h
den,KXHIGHDEN-26JUL02,2026-07-02,13.0,90.0,KXHIGHDEN-26JUL02-B89.5,1,13.0,1.2246467991473532e-16,-1.0,6.0,18.0,92.0,62.06,90.5,88.2,89.3,,,,,,,,,,,,,,,,,,1.4124446891825528,3.799999999999997,-1.5,-3.799999999999997,-2.700000000000003,-29.939999999999998,28.439999999999998,26.14,den,t_plus_6h
den,KXHIGHDEN-26JUL02,2026-07-02,14.0,90.0,KXHIGHDEN-26JUL02-B89.5,1,14.0,1.2246467991473532e-16,-1.0,7.0,17.0,92.0,62.06,90.5,88.2,89.3,,,,,,,,,,,,,,,,,,1.4124446891825528,3.799999999999997,-1.5,-3.799999999999997,-2.700000000000003,-29.939999999999998,28.439999999999998,26.14,den,t_plus_7h
den,KXHIGHDEN-26JUL02,2026-07-02,15.0,90.0,KXHIGHDEN-26JUL02-B89.5,1,15.0,1.2246467991473532e-16,-1.0,8.0,16.0,92.0,62.06,89.9,88.7,88.3,,,,,,,,,,,,,,,,,,1.4394009170484787,3.700000000000003,-2.0999999999999943,-3.299999999999997,-3.700000000000003,-29.939999999999998,27.840000000000003,26.64,den,t_plus_8h
den,KXHIGHDEN-26JUL02,2026-07-02,16.0,90.0,KXHIGHDEN-26JUL02-B89.5,1,16.0,1.2246467991473532e-16,-1.0,9.0,15.0,92.0,64.04,88.8,88.7,88.5,,,,,,,,,,,,,,,,,,1.4474114826130127,3.5,-3.200000000000003,-3.299999999999997,-3.5,-27.959999999999994,24.75999999999999,24.659999999999997,den,t_plus_9h
den,KXHIGHDEN-26JUL02,2026-07-02,17.0,90.0,KXHIGHDEN-26JUL02-B89.5,1,17.0,1.2246467991473532e-16,-1.0,10.0,14.0,92.0,68.0,89.0,88.7,88.5,,,,,,,,,,,,,,,,,,1.4256577429383248,3.5,-3.0,-3.299999999999997,-3.5,-24.0,21.0,20.700000000000003,den,t_plus_10h
den,KXHIGHDEN-26JUL02,2026-07-02,18.0,90.0,KXHIGHDEN-26JUL02-B89.5,1,18.0,1.2246467991473532e-16,-1.0,11.0,13.0,92.0,71.96,89.2,88.7,88.5,,,,,,,,,,,,,,,,,,1.4089002803605364,3.5,-2.799999999999997,-3.299999999999997,-3.5,-20.040000000000006,17.24000000000001,16.74000000000001,den,t_plus_11h
den,KXHIGHDEN-26JUL02,2026-07-02,19.0,90.0,KXHIGHDEN-26JUL02-B89.5,1,19.0,1.2246467991473532e-16,-1.0,12.0,12.0,91.0,75.92,88.4,88.7,88.3,,,,,,,,,,,,,,,,,,1.106797181058932,2.700000000000003,-2.5999999999999943,-2.299999999999997,-2.700000000000003,-15.079999999999998,12.480000000000004,12.780000000000001,den,t_plus_12h
den,KXHIGHDEN-26JUL02,2026-07-02,20.0,90.0,KXHIGHDEN-26JUL02-B89.5,1,20.0,1.2246467991473532e-16,-1.0,13.0,11.0,89.0,80.96,88.4,88.7,88.3,,,,,,,,,,,,,,,,,,0.27386127875258304,0.7000000000000028,-0.5999999999999943,-0.29999999999999716,-0.7000000000000028,-8.040000000000006,7.440000000000012,7.740000000000009,den,t_plus_13h
den,KXHIGHDEN-26JUL02,2026-07-02,21.0,90.0,KXHIGHDEN-26JUL02-B89.5,1,21.0,1.2246467991473532e-16,-1.0,14.0,10.0,89.0,84.92,87.4,88.7,88.3,,,,,,,,,,,,,,,,,,0.602079728939613,1.5999999999999943,-1.5999999999999943,-0.29999999999999716,-0.7000000000000028,-4.079999999999998,2.480000000000004,3.780000000000001,den,t_plus_14h
den,KXHIGHDEN-26JUL02,2026-07-02,22.0,90.0,KXHIGHDEN-26JUL02-B89.5,1,22.0,1.2246467991473532e-16,-1.0,15.0,9.0,89.0,87.08,89.2,88.2,86.6,,,,,,,,,,,,,,,,,,1.023474474522939,2.6000000000000085,0.20000000000000284,-0.7999999999999972,-2.4000000000000057,-1.9200000000000017,2.1200000000000045,1.1200000000000045,den,t_plus_15h
den,KXHIGHDEN-26JUL02,2026-07-02,23.0,90.0,KXHIGHDEN-26JUL02-B89.5,1,23.0,1.2246467991473532e-16,-1.0,16.0,8.0,89.0,89.06,89.06,89.06,86.6,,,,,,,,,,,,,,,,,,1.0568348972285153,2.460000000000008,0.060000000000002274,0.060000000000002274,-2.4000000000000057,0.060000000000002274,0.0,0.0,den,t_plus_16h
den,KXHIGHDEN-26JUL02,2026-07-02,0.0,90.0,KXHIGHDEN-26JUL02-B89.5,1,0.0,1.2246467991473532e-16,-1.0,17.0,7.0,89.0,89.06,89.06,89.06,84.5,,,,,,,,,,,,,,,,,,1.9660302642634988,4.560000000000002,0.060000000000002274,0.060000000000002274,-4.5,0.060000000000002274,0.0,0.0,den,t_plus_17h
den,KXHIGHDEN-26JUL02,2026-07-02,1.0,90.0,KXHIGHDEN-26JUL02-B89.5,1,1.0,1.2246467991473532e-16,-1.0,18.0,6.0,85.0,89.06,89.06,89.06,84.5,,,,,,,,,,,,,,,,,,2.1622384234861807,4.560000000000002,4.060000000000002,4.060000000000002,-0.5,4.060000000000002,0.0,0.0,den,t_plus_18h
den,KXHIGHDEN-26JUL02,2026-07-02,2.0,90.0,KXHIGHDEN-26JUL02-B89.5,1,2.0,1.2246467991473532e-16,-1.0,19.0,5.0,83.0,89.06,89.06,89.06,84.5,,,,,,,,,,,,,,,,,,2.7074480604436357,6.060000000000002,6.060000000000002,6.060000000000002,1.5,6.060000000000002,0.0,0.0,den,t_plus_19h
den,KXHIGHDEN-26JUL02,2026-07-02,3.0,90.0,KXHIGHDEN-26JUL02-B89.5,1,3.0,1.2246467991473532e-16,-1.0,20.0,4.0,80.0,89.06,89.06,89.06,85.0,,,,,,,,,,,,,,,,,,3.726043478007202,9.060000000000002,9.060000000000002,9.060000000000002,5.0,9.060000000000002,0.0,0.0,den,t_plus_20h
den,KXHIGHDEN-26JUL02,2026-07-02,4.0,90.0,KXHIGHDEN-26JUL02-B89.5,1,4.0,1.2246467991473532e-16,-1.0,21.0,3.0,76.0,89.06,89.06,89.06,84.4,,,,,,,,,,,,,,,,,,5.333376041495669,13.060000000000002,13.060000000000002,13.060000000000002,8.400000000000006,13.060000000000002,0.0,0.0,den,t_plus_21h
den,KXHIGHDEN-26JUL02,2026-07-02,5.0,90.0,KXHIGHDEN-26JUL02-B89.5,1,5.0,1.2246467991473532e-16,-1.0,22.0,2.0,72.0,89.06,89.06,89.06,84.4,,,,,,,,,,,,,,,,,,6.978889596490262,17.060000000000002,17.060000000000002,17.060000000000002,12.400000000000006,17.060000000000002,0.0,0.0,den,t_plus_22h
den,KXHIGHDEN-26JUL02,2026-07-02,6.0,90.0,KXHIGHDEN-26JUL02-B89.5,1,6.0,1.2246467991473532e-16,-1.0,23.0,1.0,70.0,89.06,89.06,89.06,84.4,,,,,,,,,,,,,,,,,,7.815682951604423,19.060000000000002,19.060000000000002,19.060000000000002,14.400000000000006,19.060000000000002,0.0,0.0,den,t_plus_23h
la,KXHIGHLAX-26JUL02,2026-07-02,8.0,73.0,KXHIGHLAX-26JUL02-B72.5,4,8.0,1.2246467991473532e-16,-1.0,0.0,24.0,72.0,,71.1,68.3,71.4,,,,,,,,,,,,,,,,,,1.4230249470757723,3.700000000000003,-0.9000000000000057,-3.700000000000003,-0.5999999999999943,,,,la,t_plus_0h
la,KXHIGHLAX-26JUL02,2026-07-02,9.0,73.0,KXHIGHLAX-26JUL02-B72.5,4,9.0,1.2246467991473532e-16,-1.0,1.0,23.0,72.0,62.96,71.3,68.5,71.6,,,,,,,,,,,,,,,,,,1.3793114224133711,3.5,-0.7000000000000028,-3.5,-0.4000000000000057,-9.04,8.339999999999996,5.539999999999999,la,t_plus_1h
la,KXHIGHLAX-26JUL02,2026-07-02,10.0,73.0,KXHIGHLAX-26JUL02-B72.5,4,10.0,1.2246467991473532e-16,-1.0,2.0,22.0,72.0,64.4,70.2,68.5,71.6,,,,,,,,,,,,,,,,,,1.3718144918318935,3.5,-1.7999999999999972,-3.5,-0.4000000000000057,-7.599999999999994,5.799999999999997,4.099999999999994,la,t_plus_2h
la,KXHIGHLAX-26JUL02,2026-07-02,11.0,73.0,KXHIGHLAX-26JUL02-B72.5,4,11.0,1.2246467991473532e-16,-1.0,3.0,21.0,72.0,64.4,70.2,68.5,71.6,,,,,,,,,,,,,,,,,,1.3718144918318935,3.5,-1.7999999999999972,-3.5,-0.4000000000000057,-7.599999999999994,5.799999999999997,4.099999999999994,la,t_plus_3h
la,KXHIGHLAX-26JUL02,2026-07-02,12.0,73.0,KXHIGHLAX-26JUL02-B72.5,4,12.0,1.2246467991473532e-16,-1.0,4.0,20.0,72.0,64.4,70.4,68.5,71.6,,,,,,,,,,,,,,,,,,1.3608361400256817,3.5,-1.5999999999999943,-3.5,-0.4000000000000057,-7.599999999999994,6.0,4.099999999999994,la,t_plus_4h
la,KXHIGHLAX-26JUL02,2026-07-02,13.0,73.0,KXHIGHLAX-26JUL02-B72.5,4,13.0,1.2246467991473532e-16,-1.0,5.0,19.0,72.0,64.94,72.1,68.5,71.6,,,,,,,,,,,,,,,,,,1.4840822079655813,3.5999999999999943,0.09999999999999432,-3.5,-0.4000000000000057,-7.060000000000002,7.159999999999997,3.5600000000000023,la,t_plus_5h
la,KXHIGHLAX-26JUL02,2026-07-02,14.0,73.0,KXHIGHLAX-26JUL02-B72.5,4,14.0,1.2246467991473532e-16,-1.0,6.0,18.0,72.0,64.94,72.1,68.5,71.6,,,,,,,,,,,,,,,,,,1.4840822079655813,3.5999999999999943,0.09999999999999432,-3.5,-0.4000000000000057,-7.060000000000002,7.159999999999997,3.5600000000000023,la,t_plus_6h
la,KXHIGHLAX-26JUL02,2026-07-02,15.0,73.0,KXHIGHLAX-26JUL02-B72.5,4,15.0,1.2246467991473532e-16,-1.0,7.0,17.0,72.0,64.94,71.5,68.5,71.6,,,,,,,,,,,,,,,,,,1.3982131454109556,3.5,-0.5,-3.5,-0.4000000000000057,-7.060000000000002,6.560000000000002,3.5600000000000023,la,t_plus_7h
la,KXHIGHLAX-26JUL02,2026-07-02,16.0,73.0,KXHIGHLAX-26JUL02-B72.5,4,16.0,1.2246467991473532e-16,-1.0,8.0,16.0,72.0,66.2,71.7,68.5,71.6,,,,,,,,,,,,,,,,,,1.4221462653327888,3.5,-0.29999999999999716,-3.5,-0.4000000000000057,-5.799999999999997,5.5,2.299999999999997,la,t_plus_8h
la,KXHIGHLAX-26JUL02,2026-07-02,17.0,73.0,KXHIGHLAX-26JUL02-B72.5,4,17.0,1.2246467991473532e-16,-1.0,9.0,15.0,72.0,66.92,72.3,68.5,71.6,,,,,,,,,,,,,,,,,,1.5215124054702929,3.799999999999997,0.29999999999999716,-3.5,-0.4000000000000057,-5.079999999999998,5.3799999999999955,1.5799999999999983,la,t_plus_9h
la,KXHIGHLAX-26JUL02,2026-07-02,18.0,73.0,KXHIGHLAX-26JUL02-B72.5,4,18.0,1.2246467991473532e-16,-1.0,10.0,14.0,72.0,68.0,72.8,68.5,71.6,,,,,,,,,,,,,,,,,,1.631525359900972,4.299999999999997,0.7999999999999972,-3.5,-0.4000000000000057,-4.0,4.799999999999997,0.5,la,t_plus_10h
la,KXHIGHLAX-26JUL02,2026-07-02,19.0,73.0,KXHIGHLAX-26JUL02-B72.5,4,19.0,1.2246467991473532e-16,-1.0,11.0,13.0,72.0,69.8,72.2,69.8,71.6,,,,,,,,,,,,,,,,,,0.9486832980505153,2.4000000000000057,0.20000000000000284,-2.200000000000003,-0.4000000000000057,-2.200000000000003,2.4000000000000057,0.0,la,t_plus_11h
la,KXHIGHLAX-26JUL02,2026-07-02,20.0,73.0,KXHIGHLAX-26JUL02-B72.5,4,20.0,1.2246467991473532e-16,-1.0,12.0,12.0,72.0,71.6,72.2,71.6,71.6,,,,,,,,,,,,,,,,,,0.2598076211353353,0.6000000000000085,0.20000000000000284,-0.4000000000000057,-0.4000000000000057,-0.4000000000000057,0.6000000000000085,0.0,la,t_plus_12h
la,KXHIGHLAX-26JUL02,2026-07-02,21.0,73.0,KXHIGHLAX-26JUL02-B72.5,4,21.0,1.2246467991473532e-16,-1.0,13.0,11.0,72.0,71.96,72.6,71.96,71.6,,,,,,,,,,,,,,,,,,0.3588871688985271,1.0,0.5999999999999943,-0.04000000000000625,-0.4000000000000057,-0.04000000000000625,0.6400000000000006,0.0,la,t_plus_13h
la,KXHIGHLAX-26JUL02,2026-07-02,22.0,73.0,KXHIGHLAX-26JUL02-B72.5,4,22.0,1.2246467991473532e-16,-1.0,14.0,10.0,72.0,73.4,73.4,73.4,71.6,,,,,,,,,,,,,,,,,,0.8124038404636006,1.8000000000000114,1.4000000000000057,1.4000000000000057,-0.4000000000000057,1.4000000000000057,0.0,0.0,la,t_plus_14h
la,KXHIGHLAX-26JUL02,2026-07-02,23.0,73.0,KXHIGHLAX-26JUL02-B72.5,4,23.0,1.2246467991473532e-16,-1.0,15.0,9.0,72.0,73.4,73.4,73.4,71.6,,,,,,,,,,,,,,,,,,0.8124038404636006,1.8000000000000114,1.4000000000000057,1.4000000000000057,-0.4000000000000057,1.4000000000000057,0.0,0.0,la,t_plus_15h
la,KXHIGHLAX-26JUL02,2026-07-02,0.0,73.0,KXHIGHLAX-26JUL02-B72.5,4,0.0,1.2246467991473532e-16,-1.0,16.0,8.0,72.0,73.4,73.4,73.4,70.8,,,,,,,,,,,,,,,,,,1.0862780491200252,2.6000000000000085,1.4000000000000057,1.4000000000000057,-1.2000000000000028,1.4000000000000057,0.0,0.0,la,t_plus_16h
la,KXHIGHLAX-26JUL02,2026-07-02,1.0,73.0,KXHIGHLAX-26JUL02-B72.5,4,1.0,1.2246467991473532e-16,-1.0,17.0,7.0,72.0,73.4,73.4,73.4,70.8,,,,,,,,,,,,,,,,,,1.0862780491200252,2.6000000000000085,1.4000000000000057,1.4000000000000057,-1.2000000000000028,1.4000000000000057,0.0,0.0,la,t_plus_17h
la,KXHIGHLAX-26JUL02,2026-07-02,2.0,73.0,KXHIGHLAX-26JUL02-B72.5,4,2.0,1.2246467991473532e-16,-1.0,18.0,6.0,69.0,73.4,73.4,73.4,70.8,,,,,,,,,,,,,,,,,,1.8621224449536102,4.400000000000006,4.400000000000006,4.400000000000006,1.7999999999999972,4.400000000000006,0.0,0.0,la,t_plus_18h
la,KXHIGHLAX-26JUL02,2026-07-02,3.0,73.0,KXHIGHLAX-26JUL02-B72.5,4,3.0,1.2246467991473532e-16,-1.0,19.0,5.0,65.0,73.4,73.4,73.4,70.8,,,,,,,,,,,,,,,,,,3.430378987808784,8.400000000000006,8.400000000000006,8.400000000000006,5.799999999999997,8.400000000000006,0.0,0.0,la,t_plus_19h
la,KXHIGHLAX-26JUL02,2026-07-02,4.0,73.0,KXHIGHLAX-26JUL02-B72.5,4,4.0,1.2246467991473532e-16,-1.0,20.0,4.0,65.0,73.4,73.4,73.4,70.9,,,,,,,,,,,,,,,,,,3.431745182847936,8.400000000000006,8.400000000000006,8.400000000000006,5.900000000000006,8.400000000000006,0.0,0.0,la,t_plus_20h
la,KXHIGHLAX-26JUL02,2026-07-02,5.0,73.0,KXHIGHLAX-26JUL02-B72.5,4,5.0,1.2246467991473532e-16,-1.0,21.0,3.0,65.0,73.4,73.4,73.4,70.9,,,,,,,,,,,,,,,,,,3.431745182847936,8.400000000000006,8.400000000000006,8.400000000000006,5.900000000000006,8.400000000000006,0.0,0.0,la,t_plus_21h
la,KXHIGHLAX-26JUL02,2026-07-02,6.0,73.0,KXHIGHLAX-26JUL02-B72.5,4,6.0,1.2246467991473532e-16,-1.0,22.0,2.0,65.0,73.4,73.4,73.4,70.9,,,,,,,,,,,,,,,,,,3.431745182847936,8.400000000000006,8.400000000000006,8.400000000000006,5.900000000000006,8.400000000000006,0.0,0.0,la,t_plus_22h
la,KXHIGHLAX-26JUL02,2026-07-02,7.0,73.0,KXHIGHLAX-26JUL02-B72.5,4,7.0,1.2246467991473532e-16,-1.0,23.0,1.0,62.0,73.4,73.4,73.4,70.8,,,,,,,,,,,,,,,,,,4.6829477895872405,11.400000000000006,11.400000000000006,11.400000000000006,8.799999999999997,11.400000000000006,0.0,0.0,la,t_plus_23h
mia,KXHIGHMIA-26JUL02,2026-07-02,5.0,93.0,KXHIGHMIA-26JUL02-B93.5,4,5.0,1.2246467991473532e-16,-1.0,0.0,24.0,91.0,,86.3,89.3,89.0,,,,,,,,,,,,,,,,,,1.6837458240482746,4.700000000000003,-4.700000000000003,-1.7000000000000028,-2.0,,,,mia,t_plus_0h
mia,KXHIGHMIA-26JUL02,2026-07-02,6.0,93.0,KXHIGHMIA-26JUL02-B93.5,4,6.0,1.2246467991473532e-16,-1.0,1.0,23.0,91.0,82.4,88.0,89.3,88.9,,,,,,,,,,,,,,,,,,1.0885770528538614,3.0,-3.0,-1.7000000000000028,-2.0999999999999943,-8.599999999999994,5.599999999999994,6.8999999999999915,mia,t_plus_1h
mia,KXHIGHMIA-26JUL02,2026-07-02,7.0,93.0,KXHIGHMIA-26JUL02-B93.5,4,7.0,1.2246467991473532e-16,-1.0,2.0,22.0,91.0,82.4,89.3,89.3,88.9,,,,,,,,,,,,,,,,,,0.8104782538723657,2.0999999999999943,-1.7000000000000028,-1.7000000000000028,-2.0999999999999943,-8.599999999999994,6.8999999999999915,6.8999999999999915,mia,t_plus_2h
mia,KXHIGHMIA-26JUL02,2026-07-02,8.0,93.0,KXHIGHMIA-26JUL02-B93.5,4,8.0,1.2246467991473532e-16,-1.0,3.0,21.0,91.0,82.4,89.3,89.3,88.9,,,,,,,,,,,,,,,,,,0.8104782538723657,2.0999999999999943,-1.7000000000000028,-1.7000000000000028,-2.0999999999999943,-8.599999999999994,6.8999999999999915,6.8999999999999915,mia,t_plus_3h
mia,KXHIGHMIA-26JUL02,2026-07-02,9.0,93.0,KXHIGHMIA-26JUL02-B93.5,4,9.0,1.2246467991473532e-16,-1.0,4.0,20.0,91.0,82.4,86.5,88.6,88.7,,,,,,,,,,,,,,,,,,1.592168332809066,4.5,-4.5,-2.4000000000000057,-2.299999999999997,-8.599999999999994,4.099999999999994,6.199999999999989,mia,t_plus_4h
mia,KXHIGHMIA-26JUL02,2026-07-02,10.0,93.0,KXHIGHMIA-26JUL02-B93.5,4,10.0,1.2246467991473532e-16,-1.0,5.0,19.0,91.0,82.4,87.0,88.6,88.7,,,,,,,,,,,,,,,,,,1.4254385290148432,4.0,-4.0,-2.4000000000000057,-2.299999999999997,-8.599999999999994,4.599999999999994,6.199999999999989,mia,t_plus_5h
mia,KXHIGHMIA-26JUL02,2026-07-02,11.0,93.0,KXHIGHMIA-26JUL02-B93.5,4,11.0,1.2246467991473532e-16,-1.0,6.0,18.0,91.0,82.4,88.8,88.6,88.7,,,,,,,,,,,,,,,,,,0.9984362773857938,2.4000000000000057,-2.200000000000003,-2.4000000000000057,-2.299999999999997,-8.599999999999994,6.3999999999999915,6.199999999999989,mia,t_plus_6h
mia,KXHIGHMIA-26JUL02,2026-07-02,12.0,93.0,KXHIGHMIA-26JUL02-B93.5,4,12.0,1.2246467991473532e-16,-1.0,7.0,17.0,91.0,82.4,88.8,88.6,89.3,,,,,,,,,,,,,,,,,,0.9443913383762069,2.4000000000000057,-2.200000000000003,-2.4000000000000057,-1.7000000000000028,-8.599999999999994,6.3999999999999915,6.199999999999989,mia,t_plus_7h
mia,KXHIGHMIA-26JUL02,2026-07-02,13.0,93.0,KXHIGHMIA-26JUL02-B93.5,4,13.0,1.2246467991473532e-16,-1.0,8.0,16.0,91.0,84.2,86.7,88.6,89.3,,,,,,,,,,,,,,,,,,1.5411035007422433,4.299999999999997,-4.299999999999997,-2.4000000000000057,-1.7000000000000028,-6.799999999999997,2.5,4.3999999999999915,mia,t_plus_8h
mia,KXHIGHMIA-26JUL02,2026-07-02,14.0,93.0,KXHIGHMIA-26JUL02-B93.5,4,14.0,1.2246467991473532e-16,-1.0,9.0,15.0,91.0,86.0,86.7,88.6,89.3,,,,,,,,,,,,,,,,,,1.5411035007422433,4.299999999999997,-4.299999999999997,-2.4000000000000057,-1.7000000000000028,-5.0,0.7000000000000028,2.5999999999999943,mia,t_plus_9h
mia,KXHIGHMIA-26JUL02,2026-07-02,15.0,93.0,KXHIGHMIA-26JUL02-B93.5,4,15.0,1.2246467991473532e-16,-1.0,10.0,14.0,91.0,87.8,87.8,88.8,89.3,,,,,,,,,,,,,,,,,,1.1583932838203104,3.200000000000003,-3.200000000000003,-2.200000000000003,-1.7000000000000028,-3.200000000000003,0.0,1.0,mia,t_plus_10h
mia,KXHIGHMIA-26JUL02,2026-07-02,16.0,93.0,KXHIGHMIA-26JUL02-B93.5,4,16.0,1.2246467991473532e-16,-1.0,11.0,13.0,91.0,87.8,87.8,88.8,89.2,,,,,,,,,,,,,,,,,,1.1575836902790237,3.200000000000003,-3.200000000000003,-2.200000000000003,-1.7999999999999972,-3.200000000000003,0.0,1.0,mia,t_plus_11h
mia,KXHIGHMIA-26JUL02,2026-07-02,17.0,93.0,KXHIGHMIA-26JUL02-B93.5,4,17.0,1.2246467991473532e-16,-1.0,12.0,12.0,91.0,91.4,91.4,91.4,89.2,,,,,,,,,,,,,,,,,,0.9096702699330134,2.200000000000003,0.4000000000000057,0.4000000000000057,-1.7999999999999972,0.4000000000000057,0.0,0.0,mia,t_plus_12h
mia,KXHIGHMIA-26JUL02,2026-07-02,18.0,93.0,KXHIGHMIA-26JUL02-B93.5,4,18.0,1.2246467991473532e-16,-1.0,13.0,11.0,91.0,93.2,93.2,93.2,89.3,,,,,,,,,,,,,,,,,,1.639168996778553,3.9000000000000057,2.200000000000003,2.200000000000003,-1.7000000000000028,2.200000000000003,0.0,0.0,mia,t_plus_13h
mia,KXHIGHMIA-26JUL02,2026-07-02,19.0,93.0,KXHIGHMIA-26JUL02-B93.5,4,19.0,1.2246467991473532e-16,-1.0,14.0,10.0,91.0,93.2,93.2,93.2,89.3,,,,,,,,,,,,,,,,,,1.639168996778553,3.9000000000000057,2.200000000000003,2.200000000000003,-1.7000000000000028,2.200000000000003,0.0,0.0,mia,t_plus_14h
mia,KXHIGHMIA-26JUL02,2026-07-02,20.0,93.0,KXHIGHMIA-26JUL02-B93.5,4,20.0,1.2246467991473532e-16,-1.0,15.0,9.0,91.0,93.2,93.2,93.2,89.3,,,,,,,,,,,,,,,,,,1.639168996778553,3.9000000000000057,2.200000000000003,2.200000000000003,-1.7000000000000028,2.200000000000003,0.0,0.0,mia,t_plus_15h
mia,KXHIGHMIA-26JUL02,2026-07-02,21.0,93.0,KXHIGHMIA-26JUL02-B93.5,4,21.0,1.2246467991473532e-16,-1.0,16.0,8.0,91.0,93.2,93.2,93.2,89.3,,,,,,,,,,,,,,,,,,1.639168996778553,3.9000000000000057,2.200000000000003,2.200000000000003,-1.7000000000000028,2.200000000000003,0.0,0.0,mia,t_plus_16h
mia,KXHIGHMIA-26JUL02,2026-07-02,22.0,93.0,KXHIGHMIA-26JUL02-B93.5,4,22.0,1.2246467991473532e-16,-1.0,17.0,7.0,91.0,93.2,93.2,93.2,89.5,,,,,,,,,,,,,,,,,,1.567442183941725,3.700000000000003,2.200000000000003,2.200000000000003,-1.5,2.200000000000003,0.0,0.0,mia,t_plus_17h
mia,KXHIGHMIA-26JUL02,2026-07-02,23.0,93.0,KXHIGHMIA-26JUL02-B93.5,4,23.0,1.2246467991473532e-16,-1.0,18.0,6.0,86.0,93.2,93.2,93.2,89.5,,,,,,,,,,,,,,,,,,2.992803869283787,7.200000000000003,7.200000000000003,7.200000000000003,3.5,7.200000000000003,0.0,0.0,mia,t_plus_18h
mia,KXHIGHMIA-26JUL02,2026-07-02,0.0,93.0,KXHIGHMIA-26JUL02-B93.5,4,0.0,1.2246467991473532e-16,-1.0,19.0,5.0,85.0,93.2,93.2,93.2,84.0,,,,,,,,,,,,,,,,,,4.364344166080399,9.200000000000003,8.200000000000003,8.200000000000003,-1.0,8.200000000000003,0.0,0.0,mia,t_plus_19h
mia,KXHIGHMIA-26JUL02,2026-07-02,1.0,93.0,KXHIGHMIA-26JUL02-B93.5,4,1.0,1.2246467991473532e-16,-1.0,20.0,4.0,85.0,93.2,93.2,93.2,84.0,,,,,,,,,,,,,,,,,,4.364344166080399,9.200000000000003,8.200000000000003,8.200000000000003,-1.0,8.200000000000003,0.0,0.0,mia,t_plus_20h
mia,KXHIGHMIA-26JUL02,2026-07-02,2.0,93.0,KXHIGHMIA-26JUL02-B93.5,4,2.0,1.2246467991473532e-16,-1.0,21.0,3.0,82.0,93.2,93.2,93.2,84.0,,,,,,,,,,,,,,,,,,5.148786264742402,11.200000000000003,11.200000000000003,11.200000000000003,2.0,11.200000000000003,0.0,0.0,mia,t_plus_21h
mia,KXHIGHMIA-26JUL02,2026-07-02,3.0,93.0,KXHIGHMIA-26JUL02-B93.5,4,3.0,1.2246467991473532e-16,-1.0,22.0,2.0,82.0,93.2,93.2,93.2,83.9,,,,,,,,,,,,,,,,,,5.168836909789281,11.200000000000003,11.200000000000003,11.200000000000003,1.9000000000000057,11.200000000000003,0.0,0.0,mia,t_plus_22h
mia,KXHIGHMIA-26JUL02,2026-07-02,4.0,93.0,KXHIGHMIA-26JUL02-B93.5,4,4.0,1.2246467991473532e-16,-1.0,23.0,1.0,81.0,93.2,93.2,93.2,83.7,,,,,,,,,,,,,,,,,,5.508345940479774,12.200000000000003,12.200000000000003,12.200000000000003,2.700000000000003,12.200000000000003,0.0,0.0,mia,t_plus_23h
nyc,KXHIGHNY-26JUL02,2026-07-02,5.0,100.0,KXHIGHNY-26JUL02-B99.5,1,5.0,1.2246467991473532e-16,-1.0,0.0,24.0,100.0,,105.3,100.0,101.6,,,,,,,,,,,,,,,,,,2.164919167082225,5.299999999999997,5.299999999999997,0.0,1.5999999999999943,,,,nyc,t_plus_0h
nyc,KXHIGHNY-26JUL02,2026-07-02,6.0,100.0,KXHIGHNY-26JUL02-B99.5,1,6.0,1.2246467991473532e-16,-1.0,1.0,23.0,100.0,,104.9,100.0,101.1,,,,,,,,,,,,,,,,,,2.0137030565602294,4.900000000000006,4.900000000000006,0.0,1.0999999999999943,,,,nyc,t_plus_1h
nyc,KXHIGHNY-26JUL02,2026-07-02,7.0,100.0,KXHIGHNY-26JUL02-B99.5,1,7.0,1.2246467991473532e-16,-1.0,2.0,22.0,100.0,84.02,104.5,100.0,101.1,,,,,,,,,,,,,,,,,,1.8452642087245936,4.5,4.5,0.0,1.0999999999999943,-15.980000000000004,20.480000000000004,15.980000000000004,nyc,t_plus_2h
nyc,KXHIGHNY-26JUL02,2026-07-02,8.0,100.0,KXHIGHNY-26JUL02-B99.5,1,8.0,1.2246467991473532e-16,-1.0,3.0,21.0,100.0,84.92,104.5,100.0,101.1,,,,,,,,,,,,,,,,,,1.8452642087245936,4.5,4.5,0.0,1.0999999999999943,-15.079999999999998,19.58,15.079999999999998,nyc,t_plus_3h
nyc,KXHIGHNY-26JUL02,2026-07-02,9.0,100.0,KXHIGHNY-26JUL02-B99.5,1,9.0,1.2246467991473532e-16,-1.0,4.0,20.0,100.0,84.92,104.7,99.3,100.8,,,,,,,,,,,,,,,,,,2.0892582415776197,5.400000000000006,4.700000000000003,-0.7000000000000028,0.7999999999999972,-15.079999999999998,19.78,14.379999999999995,nyc,t_plus_4h
nyc,KXHIGHNY-26JUL02,2026-07-02,10.0,100.0,KXHIGHNY-26JUL02-B99.5,1,10.0,1.2246467991473532e-16,-1.0,5.0,19.0,100.0,84.92,104.6,99.3,100.8,,,,,,,,,,,,,,,,,,2.047406896540107,5.299999999999997,4.599999999999994,-0.7000000000000028,0.7999999999999972,-15.079999999999998,19.679999999999993,14.379999999999995,nyc,t_plus_5h
nyc,KXHIGHNY-26JUL02,2026-07-02,11.0,100.0,KXHIGHNY-26JUL02-B99.5,1,11.0,1.2246467991473532e-16,-1.0,6.0,18.0,100.0,84.92,104.6,99.3,100.9,,,,,,,,,,,,,,,,,,2.043281674170253,5.299999999999997,4.599999999999994,-0.7000000000000028,0.9000000000000057,-15.079999999999998,19.679999999999993,14.379999999999995,nyc,t_plus_6h
nyc,KXHIGHNY-26JUL02,2026-07-02,12.0,100.0,KXHIGHNY-26JUL02-B99.5,1,12.0,1.2246467991473532e-16,-1.0,7.0,17.0,100.0,84.92,104.8,99.3,101.0,,,,,,,,,,,,,,,,,,2.1229401781491624,5.5,4.799999999999997,-0.7000000000000028,1.0,-15.079999999999998,19.879999999999995,14.379999999999995,nyc,t_plus_7h
nyc,KXHIGHNY-26JUL02,2026-07-02,13.0,100.0,KXHIGHNY-26JUL02-B99.5,1,13.0,1.2246467991473532e-16,-1.0,8.0,16.0,100.0,84.92,105.1,99.3,101.0,,,,,,,,,,,,,,,,,,2.2477766792989007,5.799999999999997,5.099999999999994,-0.7000000000000028,1.0,-15.079999999999998,20.179999999999993,14.379999999999995,nyc,t_plus_8h
nyc,KXHIGHNY-26JUL02,2026-07-02,14.0,100.0,KXHIGHNY-26JUL02-B99.5,1,14.0,1.2246467991473532e-16,-1.0,9.0,15.0,100.0,87.98,105.1,99.3,101.0,,,,,,,,,,,,,,,,,,2.2477766792989007,5.799999999999997,5.099999999999994,-0.7000000000000028,1.0,-12.019999999999996,17.11999999999999,11.319999999999993,nyc,t_plus_9h
nyc,KXHIGHNY-26JUL02,2026-07-02,15.0,100.0,KXHIGHNY-26JUL02-B99.5,1,15.0,1.2246467991473532e-16,-1.0,10.0,14.0,100.0,91.04,104.8,100.4,101.1,,,,,,,,,,,,,,,,,,1.9031224343168238,4.799999999999997,4.799999999999997,0.4000000000000057,1.0999999999999943,-8.959999999999994,13.759999999999991,9.36,nyc,t_plus_10h
nyc,KXHIGHNY-26JUL02,2026-07-02,16.0,100.0,KXHIGHNY-26JUL02-B99.5,1,16.0,1.2246467991473532e-16,-1.0,11.0,13.0,100.0,93.92,104.8,100.4,101.1,,,,,,,,,,,,,,,,,,1.9031224343168238,4.799999999999997,4.799999999999997,0.4000000000000057,1.0999999999999943,-6.079999999999998,10.879999999999995,6.480000000000004,nyc,t_plus_11h
nyc,KXHIGHNY-26JUL02,2026-07-02,17.0,100.0,KXHIGHNY-26JUL02-B99.5,1,17.0,1.2246467991473532e-16,-1.0,12.0,12.0,100.0,96.08,103.4,100.4,101.1,,,,,,,,,,,,,,,,,,1.3160072188251872,3.4000000000000057,3.4000000000000057,0.4000000000000057,1.0999999999999943,-3.9200000000000017,7.320000000000007,4.320000000000007,nyc,t_plus_12h
nyc,KXHIGHNY-26JUL02,2026-07-02,18.0,100.0,KXHIGHNY-26JUL02-B99.5,1,18.0,1.2246467991473532e-16,-1.0,13.0,11.0,100.0,96.08,103.9,100.4,101.1,,,,,,,,,,,,,,,,,,1.5239750654128188,3.9000000000000057,3.9000000000000057,0.4000000000000057,1.0999999999999943,-3.9200000000000017,7.820000000000007,4.320000000000007,nyc,t_plus_13h
nyc,KXHIGHNY-26JUL02,2026-07-02,19.0,100.0,KXHIGHNY-26JUL02-B99.5,1,19.0,1.2246467991473532e-16,-1.0,14.0,10.0,100.0,100.04,103.1,100.4,101.0,,,,,,,,,,,,,,,,,,1.1945187315400259,3.0999999999999943,3.0999999999999943,0.4000000000000057,1.0,0.04000000000000625,3.059999999999988,0.35999999999999943,nyc,t_plus_14h
nyc,KXHIGHNY-26JUL02,2026-07-02,20.0,100.0,KXHIGHNY-26JUL02-B99.5,1,20.0,1.2246467991473532e-16,-1.0,15.0,9.0,100.0,100.04,102.4,100.4,101.0,,,,,,,,,,,,,,,,,,0.9096702699330139,2.4000000000000057,2.4000000000000057,0.4000000000000057,1.0,0.04000000000000625,2.3599999999999994,0.35999999999999943,nyc,t_plus_15h
nyc,KXHIGHNY-26JUL02,2026-07-02,21.0,100.0,KXHIGHNY-26JUL02-B99.5,1,21.0,1.2246467991473532e-16,-1.0,16.0,8.0,100.0,100.04,100.04,100.04,101.0,,,,,,,,,,,,,,,,,,0.42178193417926113,1.0,0.04000000000000625,0.04000000000000625,1.0,0.04000000000000625,0.0,0.0,nyc,t_plus_16h
nyc,KXHIGHNY-26JUL02,2026-07-02,22.0,100.0,KXHIGHNY-26JUL02-B99.5,1,22.0,1.2246467991473532e-16,-1.0,17.0,7.0,100.0,100.04,100.04,100.04,101.0,,,,,,,,,,,,,,,,,,0.42178193417926113,1.0,0.04000000000000625,0.04000000000000625,1.0,0.04000000000000625,0.0,0.0,nyc,t_plus_17h
nyc,KXHIGHNY-26JUL02,2026-07-02,23.0,100.0,KXHIGHNY-26JUL02-B99.5,1,23.0,1.2246467991473532e-16,-1.0,18.0,6.0,99.0,100.04,100.04,100.04,101.0,,,,,,,,,,,,,,,,,,0.7073895673530958,2.0,1.0400000000000063,1.0400000000000063,2.0,1.0400000000000063,0.0,0.0,nyc,t_plus_18h
nyc,KXHIGHNY-26JUL02,2026-07-02,0.0,100.0,KXHIGHNY-26JUL02-B99.5,1,0.0,1.2246467991473532e-16,-1.0,19.0,5.0,98.0,100.04,100.04,100.04,95.9,,,,,,,,,,,,,,,,,,1.7141397259266824,4.140000000000001,2.0400000000000063,2.0400000000000063,-2.0999999999999943,2.0400000000000063,0.0,0.0,nyc,t_plus_19h
nyc,KXHIGHNY-26JUL02,2026-07-02,1.0,100.0,KXHIGHNY-26JUL02-B99.5,1,1.0,1.2246467991473532e-16,-1.0,20.0,4.0,95.0,100.04,100.04,100.04,95.9,,,,,,,,,,,,,,,,,,2.316953819134082,5.040000000000006,5.040000000000006,5.040000000000006,0.9000000000000057,5.040000000000006,0.0,0.0,nyc,t_plus_20h
nyc,KXHIGHNY-26JUL02,2026-07-02,2.0,100.0,KXHIGHNY-26JUL02-B99.5,1,2.0,1.2246467991473532e-16,-1.0,21.0,3.0,93.0,100.04,100.04,100.04,95.9,,,,,,,,,,,,,,,,,,2.977125291283525,7.040000000000006,7.040000000000006,7.040000000000006,2.9000000000000057,7.040000000000006,0.0,0.0,nyc,t_plus_21h
nyc,KXHIGHNY-26JUL02,2026-07-02,3.0,100.0,KXHIGHNY-26JUL02-B99.5,1,3.0,1.2246467991473532e-16,-1.0,22.0,2.0,92.0,100.04,100.04,100.04,95.8,,,,,,,,,,,,,,,,,,3.3511042956016786,8.040000000000006,8.040000000000006,8.040000000000006,3.799999999999997,8.040000000000006,0.0,0.0,nyc,t_plus_22h
nyc,KXHIGHNY-26JUL02,2026-07-02,4.0,100.0,KXHIGHNY-26JUL02-B99.5,1,4.0,1.2246467991473532e-16,-1.0,23.0,1.0,91.0,100.04,100.04,100.04,95.8,,,,,,,,,,,,,,,,,,3.7285922276376673,9.040000000000006,9.040000000000006,9.040000000000006,4.799999999999997,9.040000000000006,0.0,0.0,nyc,t_plus_23h
okc,KXHIGHTOKC-26JUL02,2026-07-02,6.0,95.0,KXHIGHTOKC-26JUL02-B95.5,2,6.0,1.2246467991473532e-16,-1.0,0.0,24.0,93.0,,95.8,94.8,94.6,,,,,,,,,,,,,,,,,,1.0037429949942354,2.799999999999997,2.799999999999997,1.7999999999999972,1.5999999999999943,,,,okc,t_plus_0h
okc,KXHIGHTOKC-26JUL02,2026-07-02,7.0,95.0,KXHIGHTOKC-26JUL02-B95.5,2,7.0,1.2246467991473532e-16,-1.0,1.0,23.0,93.0,78.8,95.7,94.8,94.6,,,,,,,,,,,,,,,,,,0.9730750228014288,2.700000000000003,2.700000000000003,1.7999999999999972,1.5999999999999943,-14.200000000000003,16.900000000000006,16.0,okc,t_plus_1h
okc,KXHIGHTOKC-26JUL02,2026-07-02,8.0,95.0,KXHIGHTOKC-26JUL02-B95.5,2,8.0,1.2246467991473532e-16,-1.0,2.0,22.0,93.0,78.8,95.7,94.8,94.6,,,,,,,,,,,,,,,,,,0.9730750228014288,2.700000000000003,2.700000000000003,1.7999999999999972,1.5999999999999943,-14.200000000000003,16.900000000000006,16.0,okc,t_plus_2h
okc,KXHIGHTOKC-26JUL02,2026-07-02,9.0,95.0,KXHIGHTOKC-26JUL02-B95.5,2,9.0,1.2246467991473532e-16,-1.0,3.0,21.0,96.0,78.8,95.7,94.2,94.5,,,,,,,,,,,,,,,,,,0.7648529270389174,1.7999999999999972,-0.29999999999999716,-1.7999999999999972,-1.5,-17.200000000000003,16.900000000000006,15.400000000000006,okc,t_plus_3h
okc,KXHIGHTOKC-26JUL02,2026-07-02,10.0,95.0,KXHIGHTOKC-26JUL02-B95.5,2,10.0,1.2246467991473532e-16,-1.0,4.0,20.0,96.0,78.8,95.7,94.2,94.5,,,,,,,,,,,,,,,,,,0.7648529270389174,1.7999999999999972,-0.29999999999999716,-1.7999999999999972,-1.5,-17.200000000000003,16.900000000000006,15.400000000000006,okc,t_plus_4h
okc,KXHIGHTOKC-26JUL02,2026-07-02,11.0,95.0,KXHIGHTOKC-26JUL02-B95.5,2,11.0,1.2246467991473532e-16,-1.0,5.0,19.0,96.0,78.8,95.5,94.2,94.5,,,,,,,,,,,,,,,,,,0.7297259759663204,1.7999999999999972,-0.5,-1.7999999999999972,-1.5,-17.200000000000003,16.700000000000003,15.400000000000006,okc,t_plus_5h
okc,KXHIGHTOKC-26JUL02,2026-07-02,12.0,95.0,KXHIGHTOKC-26JUL02-B95.5,2,12.0,1.2246467991473532e-16,-1.0,6.0,18.0,96.0,78.8,95.8,94.2,94.4,,,,,,,,,,,,,,,,,,0.8062257748298522,1.7999999999999972,-0.20000000000000284,-1.7999999999999972,-1.5999999999999943,-17.200000000000003,17.0,15.400000000000006,okc,t_plus_6h
okc,KXHIGHTOKC-26JUL02,2026-07-02,13.0,95.0,KXHIGHTOKC-26JUL02-B95.5,2,13.0,1.2246467991473532e-16,-1.0,7.0,17.0,96.0,78.8,96.3,94.2,94.4,,,,,,,,,,,,,,,,,,0.9337424698491521,2.0999999999999943,0.29999999999999716,-1.7999999999999972,-1.5999999999999943,-17.200000000000003,17.5,15.400000000000006,okc,t_plus_7h
okc,KXHIGHTOKC-26JUL02,2026-07-02,14.0,95.0,KXHIGHTOKC-26JUL02-B95.5,2,14.0,1.2246467991473532e-16,-1.0,8.0,16.0,92.0,80.6,96.3,94.2,94.4,,,,,,,,,,,,,,,,,,1.5237699957670767,4.299999999999997,4.299999999999997,2.200000000000003,2.4000000000000057,-11.400000000000006,15.700000000000003,13.600000000000009,okc,t_plus_8h
okc,KXHIGHTOKC-26JUL02,2026-07-02,15.0,95.0,KXHIGHTOKC-26JUL02-B95.5,2,15.0,1.2246467991473532e-16,-1.0,9.0,15.0,92.0,82.4,96.5,93.5,94.2,,,,,,,,,,,,,,,,,,1.6224980739587953,4.5,4.5,1.5,2.200000000000003,-9.599999999999994,14.099999999999994,11.099999999999994,okc,t_plus_9h
okc,KXHIGHTOKC-26JUL02,2026-07-02,16.0,95.0,KXHIGHTOKC-26JUL02-B95.5,2,16.0,1.2246467991473532e-16,-1.0,10.0,14.0,92.0,86.0,96.5,93.5,94.1,,,,,,,,,,,,,,,,,,1.620763708873073,4.5,4.5,1.5,2.0999999999999943,-6.0,10.5,7.5,okc,t_plus_10h
okc,KXHIGHTOKC-26JUL02,2026-07-02,17.0,95.0,KXHIGHTOKC-26JUL02-B95.5,2,17.0,1.2246467991473532e-16,-1.0,11.0,13.0,92.0,89.6,96.1,93.5,94.1,,,,,,,,,,,,,,,,,,1.470331595253259,4.099999999999994,4.099999999999994,1.5,2.0999999999999943,-2.4000000000000057,6.5,3.9000000000000057,okc,t_plus_11h
okc,KXHIGHTOKC-26JUL02,2026-07-02,18.0,95.0,KXHIGHTOKC-26JUL02-B95.5,2,18.0,1.2246467991473532e-16,-1.0,12.0,12.0,92.0,91.4,95.7,93.5,94.3,,,,,,,,,,,,,,,,,,1.338609353022756,3.700000000000003,3.700000000000003,1.5,2.299999999999997,-0.5999999999999943,4.299999999999997,2.0999999999999943,okc,t_plus_12h
okc,KXHIGHTOKC-26JUL02,2026-07-02,19.0,95.0,KXHIGHTOKC-26JUL02-B95.5,2,19.0,1.2246467991473532e-16,-1.0,13.0,11.0,92.0,93.2,95.2,93.5,94.1,,,,,,,,,,,,,,,,,,1.1554220008291347,3.200000000000003,3.200000000000003,1.5,2.0999999999999943,1.2000000000000028,2.0,0.29999999999999716,okc,t_plus_13h
okc,KXHIGHTOKC-26JUL02,2026-07-02,20.0,95.0,KXHIGHTOKC-26JUL02-B95.5,2,20.0,1.2246467991473532e-16,-1.0,14.0,10.0,92.0,93.2,95.2,93.5,94.1,,,,,,,,,,,,,,,,,,1.1554220008291347,3.200000000000003,3.200000000000003,1.5,2.0999999999999943,1.2000000000000028,2.0,0.29999999999999716,okc,t_plus_14h
okc,KXHIGHTOKC-26JUL02,2026-07-02,21.0,95.0,KXHIGHTOKC-26JUL02-B95.5,2,21.0,1.2246467991473532e-16,-1.0,15.0,9.0,92.0,93.2,95.4,93.5,94.1,,,,,,,,,,,,,,,,,,1.2216791722870632,3.4000000000000057,3.4000000000000057,1.5,2.0999999999999943,1.2000000000000028,2.200000000000003,0.29999999999999716,okc,t_plus_15h
okc,KXHIGHTOKC-26JUL02,2026-07-02,22.0,95.0,KXHIGHTOKC-26JUL02-B95.5,2,22.0,1.2246467991473532e-16,-1.0,16.0,8.0,92.0,95.0,95.0,95.0,93.5,,,,,,,,,,,,,,,,,,1.243734296383275,3.0,3.0,3.0,1.5,3.0,0.0,0.0,okc,t_plus_16h
okc,KXHIGHTOKC-26JUL02,2026-07-02,23.0,95.0,KXHIGHTOKC-26JUL02-B95.5,2,23.0,1.2246467991473532e-16,-1.0,17.0,7.0,92.0,95.0,95.0,95.0,93.5,,,,,,,,,,,,,,,,,,1.243734296383275,3.0,3.0,3.0,1.5,3.0,0.0,0.0,okc,t_plus_17h
okc,KXHIGHTOKC-26JUL02,2026-07-02,0.0,95.0,KXHIGHTOKC-26JUL02-B95.5,2,0.0,1.2246467991473532e-16,-1.0,18.0,6.0,91.0,95.0,95.0,95.0,90.7,,,,,,,,,,,,,,,,,,2.0777090749188147,4.299999999999997,4.0,4.0,-0.29999999999999716,4.0,0.0,0.0,okc,t_plus_18h
okc,KXHIGHTOKC-26JUL02,2026-07-02,1.0,95.0,KXHIGHTOKC-26JUL02-B95.5,2,1.0,1.2246467991473532e-16,-1.0,19.0,5.0,88.0,95.0,95.0,95.0,90.7,,,,,,,,,,,,,,,,,,2.9819247140060394,7.0,7.0,7.0,2.700000000000003,7.0,0.0,0.0,okc,t_plus_19h
okc,KXHIGHTOKC-26JUL02,2026-07-02,2.0,95.0,KXHIGHTOKC-26JUL02-B95.5,2,2.0,1.2246467991473532e-16,-1.0,20.0,4.0,87.0,95.0,95.0,95.0,90.7,,,,,,,,,,,,,,,,,,3.3416874479819323,8.0,8.0,8.0,3.700000000000003,8.0,0.0,0.0,okc,t_plus_20h
okc,KXHIGHTOKC-26JUL02,2026-07-02,3.0,95.0,KXHIGHTOKC-26JUL02-B95.5,2,3.0,1.2246467991473532e-16,-1.0,21.0,3.0,83.0,95.0,95.0,95.0,90.9,,,,,,,,,,,,,,,,,,4.899170848215032,12.0,12.0,12.0,7.900000000000006,12.0,0.0,0.0,okc,t_plus_21h
okc,KXHIGHTOKC-26JUL02,2026-07-02,4.0,95.0,KXHIGHTOKC-26JUL02-B95.5,2,4.0,1.2246467991473532e-16,-1.0,22.0,2.0,81.0,95.0,95.0,95.0,91.1,,,,,,,,,,,,,,,,,,5.725109169264809,14.0,14.0,14.0,10.099999999999994,14.0,0.0,0.0,okc,t_plus_22h
okc,KXHIGHTOKC-26JUL02,2026-07-02,5.0,95.0,KXHIGHTOKC-26JUL02-B95.5,2,5.0,1.2246467991473532e-16,-1.0,23.0,1.0,80.0,95.0,95.0,95.0,91.1,,,,,,,,,,,,,,,,,,6.142220689620326,15.0,15.0,15.0,11.099999999999994,15.0,0.0,0.0,okc,t_plus_23h
aus,KXHIGHAUS-26JUL03,2026-07-03,6.0,98.0,KXHIGHAUS-26JUL03-B98.5,3,6.0,-0.017166329754707124,-0.9998526477050269,0.0,24.0,96.0,,,,96.6,,,,,,,,,,,,,,,,,,0.29999999999999716,0.5999999999999943,,,0.5999999999999943,,,,aus,t_plus_0h
aus,KXHIGHAUS-26JUL03,2026-07-03,7.0,98.0,KXHIGHAUS-26JUL03-B98.5,3,7.0,-0.017166329754707124,-0.9998526477050269,1.0,23.0,96.0,78.8,96.7,94.6,96.8,,,,,,,,,,,,,,,,,,0.8785641695402812,2.200000000000003,0.7000000000000028,-1.4000000000000057,0.7999999999999972,-17.200000000000003,17.900000000000006,15.799999999999997,aus,t_plus_1h
aus,KXHIGHAUS-26JUL03,2026-07-03,8.0,98.0,KXHIGHAUS-26JUL03-B98.5,3,8.0,-0.017166329754707124,-0.9998526477050269,2.0,22.0,96.0,78.8,96.7,94.6,96.8,,,,,,,,,,,,,,,,,,0.8785641695402812,2.200000000000003,0.7000000000000028,-1.4000000000000057,0.7999999999999972,-17.200000000000003,17.900000000000006,15.799999999999997,aus,t_plus_2h
aus,KXHIGHAUS-26JUL03,2026-07-03,9.0,98.0,KXHIGHAUS-26JUL03-B98.5,3,9.0,-0.017166329754707124,-0.9998526477050269,3.0,21.0,96.0,78.8,96.5,94.6,96.8,,,,,,,,,,,,,,,,,,0.8437268515343118,2.200000000000003,0.5,-1.4000000000000057,0.7999999999999972,-17.200000000000003,17.700000000000003,15.799999999999997,aus,t_plus_3h
aus,KXHIGHAUS-26JUL03,2026-07-03,10.0,98.0,KXHIGHAUS-26JUL03-B98.5,3,10.0,-0.017166329754707124,-0.9998526477050269,4.0,20.0,96.0,78.8,96.7,94.6,96.7,,,,,,,,,,,,,,,,,,0.8573214099741159,2.1000000000000085,0.7000000000000028,-1.4000000000000057,0.7000000000000028,-17.200000000000003,17.900000000000006,15.799999999999997,aus,t_plus_4h
aus,KXHIGHAUS-26JUL03,2026-07-03,11.0,98.0,KXHIGHAUS-26JUL03-B98.5,3,11.0,-0.017166329754707124,-0.9998526477050269,5.0,19.0,96.0,78.8,96.6,94.6,96.7,,,,,,,,,,,,,,,,,,0.8377798040058039,2.1000000000000085,0.5999999999999943,-1.4000000000000057,0.7000000000000028,-17.200000000000003,17.799999999999997,15.799999999999997,aus,t_plus_5h
aus,KXHIGHAUS-26JUL03,2026-07-03,12.0,98.0,KXHIGHAUS-26JUL03-B98.5,3,12.0,-0.017166329754707124,-0.9998526477050269,6.0,18.0,96.0,78.8,96.7,94.6,96.6,,,,,,,,,,,,,,,,,,0.8377798040058039,2.1000000000000085,0.7000000000000028,-1.4000000000000057,0.5999999999999943,-17.200000000000003,17.900000000000006,15.799999999999997,aus,t_plus_6h
aus,KXHIGHAUS-26JUL03,2026-07-03,13.0,98.0,KXHIGHAUS-26JUL03-B98.5,3,13.0,-0.017166329754707124,-0.9998526477050269,7.0,17.0,96.0,78.8,97.3,94.6,96.6,,,,,,,,,,,,,,,,,,0.993415824315277,2.700000000000003,1.2999999999999972,-1.4000000000000057,0.5999999999999943,-17.200000000000003,18.5,15.799999999999997,aus,t_plus_7h
aus,KXHIGHAUS-26JUL03,2026-07-03,14.0,98.0,KXHIGHAUS-26JUL03-B98.5,3,14.0,-0.017166329754707124,-0.9998526477050269,8.0,16.0,96.0,80.6,97.3,94.6,96.6,,,,,,,,,,,,,,,,,,0.993415824315277,2.700000000000003,1.2999999999999972,-1.4000000000000057,0.5999999999999943,-15.400000000000006,16.700000000000003,14.0,aus,t_plus_8h
aus,KXHIGHAUS-26JUL03,2026-07-03,15.0,98.0,KXHIGHAUS-26JUL03-B98.5,3,15.0,-0.017166329754707124,-0.9998526477050269,9.0,15.0,96.0,82.94,97.4,94.6,96.4,,,,,,,,,,,,,,,,,,1.0049875621120934,2.8000000000000114,1.4000000000000057,-1.4000000000000057,0.4000000000000057,-13.060000000000002,14.460000000000008,11.659999999999997,aus,t_plus_9h
aus,KXHIGHAUS-26JUL03,2026-07-03,16.0,98.0,KXHIGHAUS-26JUL03-B98.5,3,16.0,-0.017166329754707124,-0.9998526477050269,10.0,14.0,96.0,87.8,97.4,94.6,96.4,,,,,,,,,,,,,,,,,,1.0049875621120934,2.8000000000000114,1.4000000000000057,-1.4000000000000057,0.4000000000000057,-8.200000000000003,9.600000000000009,6.799999999999997,aus,t_plus_10h
aus,KXHIGHAUS-26JUL03,2026-07-03,17.0,98.0,KXHIGHAUS-26JUL03-B98.5,3,17.0,-0.017166329754707124,-0.9998526477050269,11.0,13.0,96.0,89.6,97.4,94.6,96.4,,,,,,,,,,,,,,,,,,1.0049875621120934,2.8000000000000114,1.4000000000000057,-1.4000000000000057,0.4000000000000057,-6.400000000000006,7.800000000000011,5.0,aus,t_plus_11h
aus,KXHIGHAUS-26JUL03,2026-07-03,18.0,98.0,KXHIGHAUS-26JUL03-B98.5,3,18.0,-0.017166329754707124,-0.9998526477050269,12.0,12.0,96.0,91.4,97.1,94.6,96.4,,,,,,,,,,,,,,,,,,0.9120718173477361,2.5,1.0999999999999943,-1.4000000000000057,0.4000000000000057,-4.599999999999994,5.699999999999989,3.1999999999999886,aus,t_plus_12h
aus,KXHIGHAUS-26JUL03,2026-07-03,19.0,98.0,KXHIGHAUS-26JUL03-B98.5,3,19.0,-0.017166329754707124,-0.9998526477050269,13.0,11.0,96.0,93.2,97.5,94.6,96.3,,,,,,,,,,,,,,,,,,1.0319883720275165,2.9000000000000057,1.5,-1.4000000000000057,0.29999999999999716,-2.799999999999997,4.299999999999997,1.3999999999999915,aus,t_plus_13h
aus,KXHIGHAUS-26JUL03,2026-07-03,20.0,98.0,KXHIGHAUS-26JUL03-B98.5,3,20.0,-0.017166329754707124,-0.9998526477050269,14.0,10.0,96.0,95.0,97.5,95.0,96.3,,,,,,,,,,,,,,,,,,0.8916277250063503,2.5,1.5,-1.0,0.29999999999999716,-1.0,2.5,0.0,aus,t_plus_14h
aus,KXHIGHAUS-26JUL03,2026-07-03,21.0,98.0,KXHIGHAUS-26JUL03-B98.5,3,21.0,-0.017166329754707124,-0.9998526477050269,15.0,9.0,96.0,96.8,96.9,96.8,96.3,,,,,,,,,,,,,,,,,,0.36742346141747806,0.9000000000000057,0.9000000000000057,0.7999999999999972,0.29999999999999716,0.7999999999999972,0.10000000000000853,0.0,aus,t_plus_15h
aus,KXHIGHAUS-26JUL03,2026-07-03,22.0,98.0,KXHIGHAUS-26JUL03-B98.5,3,22.0,-0.017166329754707124,-0.9998526477050269,16.0,8.0,96.0,96.98,96.98,96.98,96.3,,,,,,,,,,,,,,,,,,0.42833981836854956,0.980000000000004,0.980000000000004,0.980000000000004,0.29999999999999716,0.980000000000004,0.0,0.0,aus,t_plus_16h
aus,KXHIGHAUS-26JUL03,2026-07-03,23.0,98.0,KXHIGHAUS-26JUL03-B98.5,3,23.0,-0.017166329754707124,-0.9998526477050269,17.0,7.0,96.0,98.6,98.6,98.6,96.3,,,,,,,,,,,,,,,,,,1.2295832627357914,2.5999999999999943,2.5999999999999943,2.5999999999999943,0.29999999999999716,2.5999999999999943,0.0,0.0,aus,t_plus_17h
aus,KXHIGHAUS-26JUL03,2026-07-03,0.0,98.0,KXHIGHAUS-26JUL03-B98.5,3,0.0,-0.017166329754707124,-0.9998526477050269,18.0,6.0,94.0,98.6,98.6,98.6,94.2,,,,,,,,,,,,,,,,,,2.251110836898082,4.599999999999994,4.599999999999994,4.599999999999994,0.20000000000000284,4.599999999999994,0.0,0.0,aus,t_plus_18h
aus,KXHIGHAUS-26JUL03,2026-07-03,1.0,98.0,KXHIGHAUS-26JUL03-B98.5,3,1.0,-0.017166329754707124,-0.9998526477050269,19.0,5.0,94.0,98.6,98.6,98.6,94.2,,,,,,,,,,,,,,,,,,2.251110836898082,4.599999999999994,4.599999999999994,4.599999999999994,0.20000000000000284,4.599999999999994,0.0,0.0,aus,t_plus_19h
aus,KXHIGHAUS-26JUL03,2026-07-03,2.0,98.0,KXHIGHAUS-26JUL03-B98.5,3,2.0,-0.017166329754707124,-0.9998526477050269,20.0,4.0,91.0,98.6,98.6,98.6,94.2,,,,,,,,,,,,,,,,,,3.2062439083762766,7.599999999999994,7.599999999999994,7.599999999999994,3.200000000000003,7.599999999999994,0.0,0.0,aus,t_plus_20h
aus,KXHIGHAUS-26JUL03,2026-07-03,3.0,98.0,KXHIGHAUS-26JUL03-B98.5,3,3.0,-0.017166329754707124,-0.9998526477050269,21.0,3.0,88.0,98.6,98.6,98.6,94.2,,,,,,,,,,,,,,,,,,4.343673560478501,10.599999999999994,10.599999999999994,10.599999999999994,6.200000000000003,10.599999999999994,0.0,0.0,aus,t_plus_21h
aus,KXHIGHAUS-26JUL03,2026-07-03,4.0,98.0,KXHIGHAUS-26JUL03-B98.5,3,4.0,-0.017166329754707124,-0.9998526477050269,22.0,2.0,86.0,98.6,98.6,98.6,94.2,,,,,,,,,,,,,,,,,,5.144657422997179,12.599999999999994,12.599999999999994,12.599999999999994,8.200000000000003,12.599999999999994,0.0,0.0,aus,t_plus_22h
aus,KXHIGHAUS-26JUL03,2026-07-03,5.0,98.0,KXHIGHAUS-26JUL03-B98.5,3,5.0,-0.017166329754707124,-0.9998526477050269,23.0,1.0,85.0,98.6,98.6,98.6,94.2,,,,,,,,,,,,,,,,,,5.552476924760694,13.599999999999994,13.599999999999994,13.599999999999994,9.200000000000003,13.599999999999994,0.0,0.0,aus,t_plus_23h
den,KXHIGHDEN-26JUL03,2026-07-03,7.0,90.0,KXHIGHDEN-26JUL03-B90.5,2,7.0,-0.017166329754707124,-0.9998526477050269,0.0,24.0,93.0,,91.7,89.6,90.6,,,,,,,,,,,,,,,,,,1.2656520058847167,3.4000000000000057,-1.2999999999999972,-3.4000000000000057,-2.4000000000000057,,,,den,t_plus_0h
den,KXHIGHDEN-26JUL03,2026-07-03,8.0,90.0,KXHIGHDEN-26JUL03-B90.5,2,8.0,-0.017166329754707124,-0.9998526477050269,1.0,23.0,93.0,66.02,91.7,89.6,90.6,,,,,,,,,,,,,,,,,,1.2656520058847167,3.4000000000000057,-1.2999999999999972,-3.4000000000000057,-2.4000000000000057,-26.980000000000004,25.680000000000007,23.58,den,t_plus_1h
den,KXHIGHDEN-26JUL03,2026-07-03,9.0,90.0,KXHIGHDEN-26JUL03-B90.5,2,9.0,-0.017166329754707124,-0.9998526477050269,2.0,22.0,93.0,66.02,91.3,89.6,90.6,,,,,,,,,,,,,,,,,,1.239707626821746,3.4000000000000057,-1.7000000000000028,-3.4000000000000057,-2.4000000000000057,-26.980000000000004,25.28,23.58,den,t_plus_2h
den,KXHIGHDEN-26JUL03,2026-07-03,10.0,90.0,KXHIGHDEN-26JUL03-B90.5,2,10.0,-0.017166329754707124,-0.9998526477050269,3.0,21.0,93.0,66.02,90.9,89.4,90.5,,,,,,,,,,,,,,,,,,1.304798835069987,3.5999999999999943,-2.0999999999999943,-3.5999999999999943,-2.5,-26.980000000000004,24.88000000000001,23.38000000000001,den,t_plus_3h
den,KXHIGHDEN-26JUL03,2026-07-03,11.0,90.0,KXHIGHDEN-26JUL03-B90.5,2,11.0,-0.017166329754707124,-0.9998526477050269,4.0,20.0,93.0,66.02,90.8,89.4,90.5,,,,,,,,,,,,,,,,,,1.3064742630453903,3.5999999999999943,-2.200000000000003,-3.5999999999999943,-2.5,-26.980000000000004,24.78,23.38000000000001,den,t_plus_4h
den,KXHIGHDEN-26JUL03,2026-07-03,12.0,90.0,KXHIGHDEN-26JUL03-B90.5,2,12.0,-0.017166329754707124,-0.9998526477050269,5.0,19.0,93.0,66.02,90.4,89.4,90.4,,,,,,,,,,,,,,,,,,1.334166406412631,3.5999999999999943,-2.5999999999999943,-3.5999999999999943,-2.5999999999999943,-26.980000000000004,24.38000000000001,23.38000000000001,den,t_plus_5h
den,KXHIGHDEN-26JUL03,2026-07-03,13.0,90.0,KXHIGHDEN-26JUL03-B90.5,2,13.0,-0.017166329754707124,-0.9998526477050269,6.0,18.0,93.0,66.02,88.6,89.4,90.4,,,,,,,,,,,,,,,,,,1.6575584454250782,4.400000000000006,-4.400000000000006,-3.5999999999999943,-2.5999999999999943,-26.980000000000004,22.58,23.38000000000001,den,t_plus_6h
den,KXHIGHDEN-26JUL03,2026-07-03,14.0,90.0,KXHIGHDEN-26JUL03-B90.5,2,14.0,-0.017166329754707124,-0.9998526477050269,7.0,17.0,93.0,66.02,88.6,89.4,90.4,,,,,,,,,,,,,,,,,,1.6575584454250782,4.400000000000006,-4.400000000000006,-3.5999999999999943,-2.5999999999999943,-26.980000000000004,22.58,23.38000000000001,den,t_plus_7h
den,KXHIGHDEN-26JUL03,2026-07-03,15.0,90.0,KXHIGHDEN-26JUL03-B90.5,2,15.0,-0.017166329754707124,-0.9998526477050269,8.0,16.0,93.0,66.02,89.1,89.4,89.8,,,,,,,,,,,,,,,,,,1.5642490210960662,3.9000000000000057,-3.9000000000000057,-3.5999999999999943,-3.200000000000003,-26.980000000000004,23.08,23.38000000000001,den,t_plus_8h
den,KXHIGHDEN-26JUL03,2026-07-03,16.0,90.0,KXHIGHDEN-26JUL03-B90.5,2,16.0,-0.017166329754707124,-0.9998526477050269,9.0,15.0,93.0,69.98,89.1,89.4,89.6,,,,,,,,,,,,,,,,,,1.583311403356902,3.9000000000000057,-3.9000000000000057,-3.5999999999999943,-3.4000000000000057,-23.019999999999996,19.11999999999999,19.42,den,t_plus_9h
den,KXHIGHDEN-26JUL03,2026-07-03,17.0,90.0,KXHIGHDEN-26JUL03-B90.5,2,17.0,-0.017166329754707124,-0.9998526477050269,10.0,14.0,93.0,73.04,89.1,89.4,89.6,,,,,,,,,,,,,,,,,,1.583311403356902,3.9000000000000057,-3.9000000000000057,-3.5999999999999943,-3.4000000000000057,-19.959999999999994,16.059999999999988,16.36,den,t_plus_10h
den,KXHIGHDEN-26JUL03,2026-07-03,18.0,90.0,KXHIGHDEN-26JUL03-B90.5,2,18.0,-0.017166329754707124,-0.9998526477050269,11.0,13.0,93.0,75.92,89.7,89.4,89.7,,,,,,,,,,,,,,,,,,1.477328670269414,3.5999999999999943,-3.299999999999997,-3.5999999999999943,-3.299999999999997,-17.08,13.780000000000001,13.480000000000004,den,t_plus_11h
den,KXHIGHDEN-26JUL03,2026-07-03,19.0,90.0,KXHIGHDEN-26JUL03-B90.5,2,19.0,-0.017166329754707124,-0.9998526477050269,12.0,12.0,93.0,78.98,90.8,89.4,89.7,,,,,,,,,,,,,,,,,,1.413108276106256,3.5999999999999943,-2.200000000000003,-3.5999999999999943,-3.299999999999997,-14.019999999999996,11.819999999999993,10.420000000000002,den,t_plus_12h
den,KXHIGHDEN-26JUL03,2026-07-03,20.0,90.0,KXHIGHDEN-26JUL03-B90.5,2,20.0,-0.017166329754707124,-0.9998526477050269,13.0,11.0,91.0,82.94,90.8,89.4,89.7,,,,,,,,,,,,,,,,,,0.6869315832017014,1.5999999999999943,-0.20000000000000284,-1.5999999999999943,-1.2999999999999972,-8.060000000000002,7.859999999999999,6.460000000000008,den,t_plus_13h
den,KXHIGHDEN-26JUL03,2026-07-03,21.0,90.0,KXHIGHDEN-26JUL03-B90.5,2,21.0,-0.017166329754707124,-0.9998526477050269,14.0,10.0,91.0,87.08,89.4,89.4,89.7,,,,,,,,,,,,,,,,,,0.6609652033201121,1.5999999999999943,-1.5999999999999943,-1.5999999999999943,-1.2999999999999972,-3.9200000000000017,2.3200000000000074,2.3200000000000074,den,t_plus_14h
den,KXHIGHDEN-26JUL03,2026-07-03,22.0,90.0,KXHIGHDEN-26JUL03-B90.5,2,22.0,-0.017166329754707124,-0.9998526477050269,15.0,9.0,91.0,87.98,89.4,89.4,88.9,,,,,,,,,,,,,,,,,,0.7917543811056533,2.0999999999999943,-1.5999999999999943,-1.5999999999999943,-2.0999999999999943,-3.019999999999996,1.4200000000000017,1.4200000000000017,den,t_plus_15h
den,KXHIGHDEN-26JUL03,2026-07-03,23.0,90.0,KXHIGHDEN-26JUL03-B90.5,2,23.0,-0.017166329754707124,-0.9998526477050269,16.0,8.0,91.0,89.06,89.4,89.2,88.9,,,,,,,,,,,,,,,,,,0.8135570047636469,2.0999999999999943,-1.5999999999999943,-1.7999999999999972,-2.0999999999999943,-1.9399999999999977,0.3400000000000034,0.14000000000000057,den,t_plus_16h
den,KXHIGHDEN-26JUL03,2026-07-03,0.0,90.0,KXHIGHDEN-26JUL03-B90.5,2,0.0,-0.017166329754707124,-0.9998526477050269,17.0,7.0,89.0,89.06,89.06,89.06,86.8,,,,,,,,,,,,,,,,,,0.9702576977277757,2.260000000000005,0.060000000000002274,0.060000000000002274,-2.200000000000003,0.060000000000002274,0.0,0.0,den,t_plus_17h
den,KXHIGHDEN-26JUL03,2026-07-03,1.0,90.0,KXHIGHDEN-26JUL03-B90.5,2,1.0,-0.017166329754707124,-0.9998526477050269,18.0,6.0,87.0,89.06,89.06,89.06,86.8,,,,,,,,,,,,,,,,,,1.082312339391917,2.260000000000005,2.0600000000000023,2.0600000000000023,-0.20000000000000284,2.0600000000000023,0.0,0.0,den,t_plus_18h
den,KXHIGHDEN-26JUL03,2026-07-03,2.0,90.0,KXHIGHDEN-26JUL03-B90.5,2,2.0,-0.017166329754707124,-0.9998526477050269,19.0,5.0,87.0,89.06,89.06,89.06,86.8,,,,,,,,,,,,,,,,,,1.082312339391917,2.260000000000005,2.0600000000000023,2.0600000000000023,-0.20000000000000284,2.0600000000000023,0.0,0.0,den,t_plus_19h
den,KXHIGHDEN-26JUL03,2026-07-03,3.0,90.0,KXHIGHDEN-26JUL03-B90.5,2,3.0,-0.017166329754707124,-0.9998526477050269,20.0,4.0,83.0,89.06,89.06,89.06,86.5,,,,,,,,,,,,,,,,,,2.4850100603418097,6.060000000000002,6.060000000000002,6.060000000000002,3.5,6.060000000000002,0.0,0.0,den,t_plus_20h
den,KXHIGHDEN-26JUL03,2026-07-03,4.0,90.0,KXHIGHDEN-26JUL03-B90.5,2,4.0,-0.017166329754707124,-0.9998526477050269,21.0,3.0,78.0,89.06,89.06,89.06,85.7,,,,,,,,,,,,,,,,,,4.517441200502781,11.060000000000002,11.060000000000002,11.060000000000002,7.700000000000003,11.060000000000002,0.0,0.0,den,t_plus_21h
den,KXHIGHDEN-26JUL03,2026-07-03,5.0,90.0,KXHIGHDEN-26JUL03-B90.5,2,5.0,-0.017166329754707124,-0.9998526477050269,22.0,2.0,74.0,89.06,89.06,89.06,85.7,,,,,,,,,,,,,,,,,,6.190094910419388,15.060000000000002,15.060000000000002,15.060000000000002,11.700000000000003,15.060000000000002,0.0,0.0,den,t_plus_22h
den,KXHIGHDEN-26JUL03,2026-07-03,6.0,90.0,KXHIGHDEN-26JUL03-B90.5,2,6.0,-0.017166329754707124,-0.9998526477050269,23.0,1.0,71.0,89.06,89.06,89.06,85.6,,,,,,,,,,,,,,,,,,7.455829933682769,18.060000000000002,18.060000000000002,18.060000000000002,14.599999999999994,18.060000000000002,0.0,0.0,den,t_plus_23h
la,KXHIGHLAX-26JUL03,2026-07-03,8.0,73.0,KXHIGHLAX-26JUL03-B73.5,4,8.0,-0.017166329754707124,-0.9998526477050269,0.0,24.0,72.0,,71.6,69.9,74.7,,,,,,,,,,,,,,,,,,1.7211914478058503,4.799999999999997,-0.4000000000000057,-2.0999999999999943,2.700000000000003,,,,la,t_plus_0h
la,KXHIGHLAX-26JUL03,2026-07-03,9.0,73.0,KXHIGHLAX-26JUL03-B73.5,4,9.0,-0.017166329754707124,-0.9998526477050269,1.0,23.0,72.0,64.4,71.9,69.9,74.7,,,,,,,,,,,,,,,,,,1.7064216946581512,4.799999999999997,-0.09999999999999432,-2.0999999999999943,2.700000000000003,-7.599999999999994,7.5,5.5,la,t_plus_1h
la,KXHIGHLAX-26JUL03,2026-07-03,10.0,73.0,KXHIGHLAX-26JUL03-B73.5,4,10.0,-0.017166329754707124,-0.9998526477050269,2.0,22.0,72.0,64.4,72.2,70.1,74.7,,,,,,,,,,,,,,,,,,1.6347782724271844,4.6000000000000085,0.20000000000000284,-1.9000000000000057,2.700000000000003,-7.599999999999994,7.799999999999997,5.699999999999989,la,t_plus_2h
la,KXHIGHLAX-26JUL03,2026-07-03,11.0,73.0,KXHIGHLAX-26JUL03-B73.5,4,11.0,-0.017166329754707124,-0.9998526477050269,3.0,21.0,72.0,64.4,72.3,70.1,74.7,,,,,,,,,,,,,,,,,,1.6345871038277555,4.6000000000000085,0.29999999999999716,-1.9000000000000057,2.700000000000003,-7.599999999999994,7.8999999999999915,5.699999999999989,la,t_plus_3h
la,KXHIGHLAX-26JUL03,2026-07-03,12.0,73.0,KXHIGHLAX-26JUL03-B73.5,4,12.0,-0.017166329754707124,-0.9998526477050269,4.0,20.0,72.0,64.4,72.4,70.1,75.5,,,,,,,,,,,,,,,,,,1.937782237507612,5.400000000000006,0.4000000000000057,-1.9000000000000057,3.5,-7.599999999999994,8.0,5.699999999999989,la,t_plus_4h
la,KXHIGHLAX-26JUL03,2026-07-03,13.0,73.0,KXHIGHLAX-26JUL03-B73.5,4,13.0,-0.017166329754707124,-0.9998526477050269,5.0,19.0,72.0,64.4,73.5,70.1,75.5,,,,,,,,,,,,,,,,,,1.9816344264268342,5.400000000000006,1.5,-1.9000000000000057,3.5,-7.599999999999994,9.099999999999994,5.699999999999989,la,t_plus_5h
la,KXHIGHLAX-26JUL03,2026-07-03,14.0,73.0,KXHIGHLAX-26JUL03-B73.5,4,14.0,-0.017166329754707124,-0.9998526477050269,6.0,18.0,72.0,64.4,73.5,70.1,75.5,,,,,,,,,,,,,,,,,,1.9816344264268342,5.400000000000006,1.5,-1.9000000000000057,3.5,-7.599999999999994,9.099999999999994,5.699999999999989,la,t_plus_6h
la,KXHIGHLAX-26JUL03,2026-07-03,15.0,73.0,KXHIGHLAX-26JUL03-B73.5,4,15.0,-0.017166329754707124,-0.9998526477050269,7.0,17.0,72.0,64.4,73.9,70.1,75.5,,,,,,,,,,,,,,,,,,2.0253086184579403,5.400000000000006,1.9000000000000057,-1.9000000000000057,3.5,-7.599999999999994,9.5,5.699999999999989,la,t_plus_7h
la,KXHIGHLAX-26JUL03,2026-07-03,16.0,73.0,KXHIGHLAX-26JUL03-B73.5,4,16.0,-0.017166329754707124,-0.9998526477050269,8.0,16.0,72.0,64.94,73.8,70.4,75.7,,,,,,,,,,,,,,,,,,1.9803724397193563,5.299999999999997,1.7999999999999972,-1.5999999999999943,3.700000000000003,-7.060000000000002,8.86,5.460000000000008,la,t_plus_8h
la,KXHIGHLAX-26JUL03,2026-07-03,17.0,73.0,KXHIGHLAX-26JUL03-B73.5,4,17.0,-0.017166329754707124,-0.9998526477050269,9.0,15.0,72.0,69.8,73.8,70.4,75.7,,,,,,,,,,,,,,,,,,1.9803724397193563,5.299999999999997,1.7999999999999972,-1.5999999999999943,3.700000000000003,-2.200000000000003,4.0,0.6000000000000085,la,t_plus_9h
la,KXHIGHLAX-26JUL03,2026-07-03,18.0,73.0,KXHIGHLAX-26JUL03-B73.5,4,18.0,-0.017166329754707124,-0.9998526477050269,10.0,14.0,72.0,69.8,73.9,70.4,74.5,,,,,,,,,,,,,,,,,,1.6170961628796219,4.099999999999994,1.9000000000000057,-1.5999999999999943,2.5,-2.200000000000003,4.1000000000000085,0.6000000000000085,la,t_plus_10h
la,KXHIGHLAX-26JUL03,2026-07-03,19.0,73.0,KXHIGHLAX-26JUL03-B73.5,4,19.0,-0.017166329754707124,-0.9998526477050269,11.0,13.0,72.0,71.6,72.9,71.6,74.5,,,,,,,,,,,,,,,,,,1.1146748404803994,2.9000000000000057,0.9000000000000057,-0.4000000000000057,2.5,-0.4000000000000057,1.3000000000000114,0.0,la,t_plus_11h
la,KXHIGHLAX-26JUL03,2026-07-03,20.0,73.0,KXHIGHLAX-26JUL03-B73.5,4,20.0,-0.017166329754707124,-0.9998526477050269,12.0,12.0,72.0,71.6,72.9,71.6,74.5,,,,,,,,,,,,,,,,,,1.1146748404803994,2.9000000000000057,0.9000000000000057,-0.4000000000000057,2.5,-0.4000000000000057,1.3000000000000114,0.0,la,t_plus_12h
la,KXHIGHLAX-26JUL03,2026-07-03,21.0,73.0,KXHIGHLAX-26JUL03-B73.5,4,21.0,-0.017166329754707124,-0.9998526477050269,13.0,11.0,72.0,71.6,71.7,71.6,74.5,,,,,,,,,,,,,,,,,,1.1926860441876568,2.9000000000000057,-0.29999999999999716,-0.4000000000000057,2.5,-0.4000000000000057,0.10000000000000853,0.0,la,t_plus_13h
la,KXHIGHLAX-26JUL03,2026-07-03,22.0,73.0,KXHIGHLAX-26JUL03-B73.5,4,22.0,-0.017166329754707124,-0.9998526477050269,14.0,10.0,72.0,73.4,73.4,73.4,74.5,,,,,,,,,,,,,,,,,,0.8870597499605088,2.5,1.4000000000000057,1.4000000000000057,2.5,1.4000000000000057,0.0,0.0,la,t_plus_14h
la,KXHIGHLAX-26JUL03,2026-07-03,23.0,73.0,KXHIGHLAX-26JUL03-B73.5,4,23.0,-0.017166329754707124,-0.9998526477050269,15.0,9.0,72.0,73.4,73.4,73.4,74.5,,,,,,,,,,,,,,,,,,0.8870597499605088,2.5,1.4000000000000057,1.4000000000000057,2.5,1.4000000000000057,0.0,0.0,la,t_plus_15h
la,KXHIGHLAX-26JUL03,2026-07-03,0.0,73.0,KXHIGHLAX-26JUL03-B73.5,4,0.0,-0.017166329754707124,-0.9998526477050269,16.0,8.0,72.0,73.4,73.4,73.4,73.8,,,,,,,,,,,,,,,,,,0.6837397165588676,1.7999999999999972,1.4000000000000057,1.4000000000000057,1.7999999999999972,1.4000000000000057,0.0,0.0,la,t_plus_16h
la,KXHIGHLAX-26JUL03,2026-07-03,1.0,73.0,KXHIGHLAX-26JUL03-B73.5,4,1.0,-0.017166329754707124,-0.9998526477050269,17.0,7.0,72.0,73.4,73.4,73.4,73.8,,,,,,,,,,,,,,,,,,0.6837397165588676,1.7999999999999972,1.4000000000000057,1.4000000000000057,1.7999999999999972,1.4000000000000057,0.0,0.0,la,t_plus_17h
la,KXHIGHLAX-26JUL03,2026-07-03,2.0,73.0,KXHIGHLAX-26JUL03-B73.5,4,2.0,-0.017166329754707124,-0.9998526477050269,18.0,6.0,68.0,73.4,73.4,73.4,73.8,,,,,,,,,,,,,,,,,,2.4015619917045665,5.799999999999997,5.400000000000006,5.400000000000006,5.799999999999997,5.400000000000006,0.0,0.0,la,t_plus_18h
la,KXHIGHLAX-26JUL03,2026-07-03,3.0,73.0,KXHIGHLAX-26JUL03-B73.5,4,3.0,-0.017166329754707124,-0.9998526477050269,19.0,5.0,67.0,73.4,73.4,73.4,73.8,,,,,,,,,,,,,,,,,,2.8337254630609516,6.799999999999997,6.400000000000006,6.400000000000006,6.799999999999997,6.400000000000006,0.0,0.0,la,t_plus_19h
la,KXHIGHLAX-26JUL03,2026-07-03,4.0,73.0,KXHIGHLAX-26JUL03-B73.5,4,4.0,-0.017166329754707124,-0.9998526477050269,20.0,4.0,67.0,73.4,73.4,73.4,73.6,,,,,,,,,,,,,,,,,,2.8013389655662886,6.599999999999994,6.400000000000006,6.400000000000006,6.599999999999994,6.400000000000006,0.0,0.0,la,t_plus_20h
la,KXHIGHLAX-26JUL03,2026-07-03,5.0,73.0,KXHIGHLAX-26JUL03-B73.5,4,5.0,-0.017166329754707124,-0.9998526477050269,21.0,3.0,66.0,73.4,73.4,73.4,73.6,,,,,,,,,,,,,,,,,,3.2341923257592464,7.599999999999994,7.400000000000006,7.400000000000006,7.599999999999994,7.400000000000006,0.0,0.0,la,t_plus_21h
la,KXHIGHLAX-26JUL03,2026-07-03,6.0,73.0,KXHIGHLAX-26JUL03-B73.5,4,6.0,-0.017166329754707124,-0.9998526477050269,22.0,2.0,66.0,73.4,73.4,73.4,73.0,,,,,,,,,,,,,,,,,,3.1507935508376317,7.400000000000006,7.400000000000006,7.400000000000006,7.0,7.400000000000006,0.0,0.0,la,t_plus_22h
la,KXHIGHLAX-26JUL03,2026-07-03,7.0,73.0,KXHIGHLAX-26JUL03-B73.5,4,7.0,-0.017166329754707124,-0.9998526477050269,23.0,1.0,65.0,73.4,73.4,73.4,73.3,,,,,,,,,,,,,,,,,,3.623102951890825,8.400000000000006,8.400000000000006,8.400000000000006,8.299999999999997,8.400000000000006,0.0,0.0,la,t_plus_23h
mia,KXHIGHMIA-26JUL03,2026-07-03,5.0,91.0,KXHIGHMIA-26JUL03-B90.5,2,5.0,-0.017166329754707124,-0.9998526477050269,0.0,24.0,91.0,,,,89.6,,,,,,,,,,,,,,,,,,0.7000000000000028,1.4000000000000057,,,-1.4000000000000057,,,,mia,t_plus_0h
mia,KXHIGHMIA-26JUL03,2026-07-03,6.0,91.0,KXHIGHMIA-26JUL03-B90.5,2,6.0,-0.017166329754707124,-0.9998526477050269,1.0,23.0,91.0,82.4,82.4,82.4,89.7,,,,,,,,,,,,,,,,,,4.001484099681015,8.599999999999994,-8.599999999999994,-8.599999999999994,-1.2999999999999972,-8.599999999999994,0.0,0.0,mia,t_plus_1h
mia,KXHIGHMIA-26JUL03,2026-07-03,7.0,91.0,KXHIGHMIA-26JUL03-B90.5,2,7.0,-0.017166329754707124,-0.9998526477050269,2.0,22.0,91.0,82.4,90.4,90.1,89.7,,,,,,,,,,,,,,,,,,0.4743416490252569,1.2999999999999972,-0.5999999999999943,-0.9000000000000057,-1.2999999999999972,-8.599999999999994,8.0,7.699999999999989,mia,t_plus_2h
mia,KXHIGHMIA-26JUL03,2026-07-03,8.0,91.0,KXHIGHMIA-26JUL03-B90.5,2,8.0,-0.017166329754707124,-0.9998526477050269,3.0,21.0,91.0,82.4,90.4,90.1,89.7,,,,,,,,,,,,,,,,,,0.4743416490252569,1.2999999999999972,-0.5999999999999943,-0.9000000000000057,-1.2999999999999972,-8.599999999999994,8.0,7.699999999999989,mia,t_plus_3h
mia,KXHIGHMIA-26JUL03,2026-07-03,9.0,91.0,KXHIGHMIA-26JUL03-B90.5,2,9.0,-0.017166329754707124,-0.9998526477050269,4.0,20.0,91.0,82.4,90.3,90.1,89.7,,,,,,,,,,,,,,,,,,0.4710360920354189,1.2999999999999972,-0.7000000000000028,-0.9000000000000057,-1.2999999999999972,-8.599999999999994,7.8999999999999915,7.699999999999989,mia,t_plus_4h
mia,KXHIGHMIA-26JUL03,2026-07-03,10.0,91.0,KXHIGHMIA-26JUL03-B90.5,2,10.0,-0.017166329754707124,-0.9998526477050269,5.0,19.0,91.0,82.4,89.1,89.7,89.8,,,,,,,,,,,,,,,,,,0.6892024376045126,1.9000000000000057,-1.9000000000000057,-1.2999999999999972,-1.2000000000000028,-8.599999999999994,6.699999999999989,7.299999999999997,mia,t_plus_5h
mia,KXHIGHMIA-26JUL03,2026-07-03,11.0,91.0,KXHIGHMIA-26JUL03-B90.5,2,11.0,-0.017166329754707124,-0.9998526477050269,6.0,18.0,91.0,82.4,86.7,89.7,89.8,,,,,,,,,,,,,,,,,,1.5858751527153694,4.299999999999997,-4.299999999999997,-1.2999999999999972,-1.2000000000000028,-8.599999999999994,4.299999999999997,7.299999999999997,mia,t_plus_6h
mia,KXHIGHMIA-26JUL03,2026-07-03,12.0,91.0,KXHIGHMIA-26JUL03-B90.5,2,12.0,-0.017166329754707124,-0.9998526477050269,7.0,17.0,91.0,82.4,89.5,89.7,90.1,,,,,,,,,,,,,,,,,,0.5760859310901452,1.5,-1.5,-1.2999999999999972,-0.9000000000000057,-8.599999999999994,7.099999999999994,7.299999999999997,mia,t_plus_7h
mia,KXHIGHMIA-26JUL03,2026-07-03,13.0,91.0,KXHIGHMIA-26JUL03-B90.5,2,13.0,-0.017166329754707124,-0.9998526477050269,8.0,16.0,91.0,86.0,89.6,89.7,90.1,,,,,,,,,,,,,,,,,,0.5522680508593638,1.4000000000000057,-1.4000000000000057,-1.2999999999999972,-0.9000000000000057,-5.0,3.5999999999999943,3.700000000000003,mia,t_plus_8h
mia,KXHIGHMIA-26JUL03,2026-07-03,14.0,91.0,KXHIGHMIA-26JUL03-B90.5,2,14.0,-0.017166329754707124,-0.9998526477050269,9.0,15.0,91.0,87.8,89.6,89.7,90.1,,,,,,,,,,,,,,,,,,0.5522680508593638,1.4000000000000057,-1.4000000000000057,-1.2999999999999972,-0.9000000000000057,-3.200000000000003,1.7999999999999972,1.9000000000000057,mia,t_plus_9h
mia,KXHIGHMIA-26JUL03,2026-07-03,15.0,91.0,KXHIGHMIA-26JUL03-B90.5,2,15.0,-0.017166329754707124,-0.9998526477050269,10.0,14.0,91.0,89.6,89.6,89.7,90.1,,,,,,,,,,,,,,,,,,0.5522680508593638,1.4000000000000057,-1.4000000000000057,-1.2999999999999972,-0.9000000000000057,-1.4000000000000057,0.0,0.10000000000000853,mia,t_plus_10h
mia,KXHIGHMIA-26JUL03,2026-07-03,16.0,91.0,KXHIGHMIA-26JUL03-B90.5,2,16.0,-0.017166329754707124,-0.9998526477050269,11.0,13.0,91.0,89.6,90.2,89.7,90.1,,,,,,,,,,,,,,,,,,0.47169905660282974,1.2999999999999972,-0.7999999999999972,-1.2999999999999972,-0.9000000000000057,-1.4000000000000057,0.6000000000000085,0.10000000000000853,mia,t_plus_11h
mia,KXHIGHMIA-26JUL03,2026-07-03,17.0,91.0,KXHIGHMIA-26JUL03-B90.5,2,17.0,-0.017166329754707124,-0.9998526477050269,12.0,12.0,91.0,89.6,90.2,89.7,90.1,,,,,,,,,,,,,,,,,,0.47169905660282974,1.2999999999999972,-0.7999999999999972,-1.2999999999999972,-0.9000000000000057,-1.4000000000000057,0.6000000000000085,0.10000000000000853,mia,t_plus_12h
mia,KXHIGHMIA-26JUL03,2026-07-03,18.0,91.0,KXHIGHMIA-26JUL03-B90.5,2,18.0,-0.017166329754707124,-0.9998526477050269,13.0,11.0,91.0,89.6,89.9,89.7,89.9,,,,,,,,,,,,,,,,,,0.5117372372614661,1.2999999999999972,-1.0999999999999943,-1.2999999999999972,-1.0999999999999943,-1.4000000000000057,0.30000000000001137,0.10000000000000853,mia,t_plus_13h
mia,KXHIGHMIA-26JUL03,2026-07-03,19.0,91.0,KXHIGHMIA-26JUL03-B90.5,2,19.0,-0.017166329754707124,-0.9998526477050269,14.0,10.0,91.0,89.6,90.4,89.6,89.9,,,,,,,,,,,,,,,,,,0.5309190145398839,1.4000000000000057,-0.5999999999999943,-1.4000000000000057,-1.0999999999999943,-1.4000000000000057,0.8000000000000114,0.0,mia,t_plus_14h
mia,KXHIGHMIA-26JUL03,2026-07-03,20.0,91.0,KXHIGHMIA-26JUL03-B90.5,2,20.0,-0.017166329754707124,-0.9998526477050269,15.0,9.0,91.0,89.6,90.4,89.6,89.9,,,,,,,,,,,,,,,,,,0.5309190145398839,1.4000000000000057,-0.5999999999999943,-1.4000000000000057,-1.0999999999999943,-1.4000000000000057,0.8000000000000114,0.0,mia,t_plus_15h
mia,KXHIGHMIA-26JUL03,2026-07-03,21.0,91.0,KXHIGHMIA-26JUL03-B90.5,2,21.0,-0.017166329754707124,-0.9998526477050269,16.0,8.0,91.0,91.4,91.4,91.4,89.9,,,,,,,,,,,,,,,,,,0.6139014578904336,1.5,0.4000000000000057,0.4000000000000057,-1.0999999999999943,0.4000000000000057,0.0,0.0,mia,t_plus_16h
mia,KXHIGHMIA-26JUL03,2026-07-03,22.0,91.0,KXHIGHMIA-26JUL03-B90.5,2,22.0,-0.017166329754707124,-0.9998526477050269,17.0,7.0,91.0,91.4,91.4,91.4,89.9,,,,,,,,,,,,,,,,,,0.6139014578904336,1.5,0.4000000000000057,0.4000000000000057,-1.0999999999999943,0.4000000000000057,0.0,0.0,mia,t_plus_17h
mia,KXHIGHMIA-26JUL03,2026-07-03,23.0,91.0,KXHIGHMIA-26JUL03-B90.5,2,23.0,-0.017166329754707124,-0.9998526477050269,18.0,6.0,87.0,91.4,91.4,91.4,89.9,,,,,,,,,,,,,,,,,,1.7963504669189718,4.400000000000006,4.400000000000006,4.400000000000006,2.9000000000000057,4.400000000000006,0.0,0.0,mia,t_plus_18h
mia,KXHIGHMIA-26JUL03,2026-07-03,0.0,91.0,KXHIGHMIA-26JUL03-B90.5,2,0.0,-0.017166329754707124,-0.9998526477050269,19.0,5.0,86.0,91.4,91.4,91.4,84.2,,,,,,,,,,,,,,,,,,3.213642792844284,7.200000000000003,5.400000000000006,5.400000000000006,-1.7999999999999972,5.400000000000006,0.0,0.0,mia,t_plus_19h
mia,KXHIGHMIA-26JUL03,2026-07-03,1.0,91.0,KXHIGHMIA-26JUL03-B90.5,2,1.0,-0.017166329754707124,-0.9998526477050269,20.0,4.0,85.0,91.4,91.4,91.4,84.2,,,,,,,,,,,,,,,,,,3.411744421846398,7.200000000000003,6.400000000000006,6.400000000000006,-0.7999999999999972,6.400000000000006,0.0,0.0,mia,t_plus_20h
mia,KXHIGHMIA-26JUL03,2026-07-03,2.0,91.0,KXHIGHMIA-26JUL03-B90.5,2,2.0,-0.017166329754707124,-0.9998526477050269,21.0,3.0,83.0,91.4,91.4,91.4,84.2,,,,,,,,,,,,,,,,,,3.923009049186608,8.400000000000006,8.400000000000006,8.400000000000006,1.2000000000000028,8.400000000000006,0.0,0.0,mia,t_plus_21h
mia,KXHIGHMIA-26JUL03,2026-07-03,3.0,91.0,KXHIGHMIA-26JUL03-B90.5,2,3.0,-0.017166329754707124,-0.9998526477050269,22.0,2.0,82.0,91.4,91.4,91.4,84.1,,,,,,,,,,,,,,,,,,4.2405040973922,9.400000000000006,9.400000000000006,9.400000000000006,2.0999999999999943,9.400000000000006,0.0,0.0,mia,t_plus_22h
mia,KXHIGHMIA-26JUL03,2026-07-03,4.0,91.0,KXHIGHMIA-26JUL03-B90.5,2,4.0,-0.017166329754707124,-0.9998526477050269,23.0,1.0,82.0,91.4,91.4,91.4,83.5,,,,,,,,,,,,,,,,,,4.357393142694383,9.400000000000006,9.400000000000006,9.400000000000006,1.5,9.400000000000006,0.0,0.0,mia,t_plus_23h
nyc,KXHIGHNY-26JUL03,2026-07-03,5.0,98.0,KXHIGHNY-26JUL03-B98.5,1,5.0,-0.017166329754707124,-0.9998526477050269,0.0,24.0,100.0,,,,101.1,,,,,,,,,,,,,,,,,,0.5499999999999972,1.0999999999999943,,,1.0999999999999943,,,,nyc,t_plus_0h
nyc,KXHIGHNY-26JUL03,2026-07-03,6.0,98.0,KXHIGHNY-26JUL03-B98.5,1,6.0,-0.017166329754707124,-0.9998526477050269,1.0,23.0,100.0,,,,101.2,,,,,,,,,,,,,,,,,,0.6000000000000014,1.2000000000000028,,,1.2000000000000028,,,,nyc,t_plus_1h
nyc,KXHIGHNY-26JUL03,2026-07-03,7.0,98.0,KXHIGHNY-26JUL03-B98.5,1,7.0,-0.017166329754707124,-0.9998526477050269,2.0,22.0,100.0,89.06,104.0,101.3,101.0,,,,,,,,,,,,,,,,,,1.480498226949293,4.0,4.0,1.2999999999999972,1.0,-10.939999999999998,14.939999999999998,12.239999999999995,nyc,t_plus_2h
nyc,KXHIGHNY-26JUL03,2026-07-03,8.0,98.0,KXHIGHNY-26JUL03-B98.5,1,8.0,-0.017166329754707124,-0.9998526477050269,3.0,21.0,102.0,89.06,104.0,101.3,101.0,,,,,,,,,,,,,,,,,,1.1691342951089925,3.0,2.0,-0.7000000000000028,-1.0,-12.939999999999998,14.939999999999998,12.239999999999995,nyc,t_plus_3h
nyc,KXHIGHNY-26JUL03,2026-07-03,9.0,98.0,KXHIGHNY-26JUL03-B98.5,1,9.0,-0.017166329754707124,-0.9998526477050269,4.0,20.0,102.0,89.06,103.6,101.3,101.0,,,,,,,,,,,,,,,,,,1.0059199769365337,2.5999999999999943,1.5999999999999943,-0.7000000000000028,-1.0,-12.939999999999998,14.539999999999992,12.239999999999995,nyc,t_plus_4h
nyc,KXHIGHNY-26JUL03,2026-07-03,10.0,98.0,KXHIGHNY-26JUL03-B98.5,1,10.0,-0.017166329754707124,-0.9998526477050269,5.0,19.0,102.0,89.06,104.1,100.2,101.0,,,,,,,,,,,,,,,,,,1.4600941750448808,3.8999999999999915,2.0999999999999943,-1.7999999999999972,-1.0,-12.939999999999998,15.039999999999992,11.14,nyc,t_plus_5h
nyc,KXHIGHNY-26JUL03,2026-07-03,11.0,98.0,KXHIGHNY-26JUL03-B98.5,1,11.0,-0.017166329754707124,-0.9998526477050269,6.0,18.0,102.0,89.06,104.9,100.2,101.0,,,,,,,,,,,,,,,,,,1.7781661902083297,4.700000000000003,2.9000000000000057,-1.7999999999999972,-1.0,-12.939999999999998,15.840000000000003,11.14,nyc,t_plus_6h
nyc,KXHIGHNY-26JUL03,2026-07-03,12.0,98.0,KXHIGHNY-26JUL03-B98.5,1,12.0,-0.017166329754707124,-0.9998526477050269,7.0,17.0,102.0,89.06,104.5,100.2,101.1,,,,,,,,,,,,,,,,,,1.603901493234544,4.299999999999997,2.5,-1.7999999999999972,-0.9000000000000057,-12.939999999999998,15.439999999999998,11.14,nyc,t_plus_7h
nyc,KXHIGHNY-26JUL03,2026-07-03,13.0,98.0,KXHIGHNY-26JUL03-B98.5,1,13.0,-0.017166329754707124,-0.9998526477050269,8.0,16.0,102.0,89.06,104.0,100.2,101.1,,,,,,,,,,,,,,,,,,1.4077908225301086,3.799999999999997,2.0,-1.7999999999999972,-0.9000000000000057,-12.939999999999998,14.939999999999998,11.14,nyc,t_plus_8h
nyc,KXHIGHNY-26JUL03,2026-07-03,14.0,98.0,KXHIGHNY-26JUL03-B98.5,1,14.0,-0.017166329754707124,-0.9998526477050269,9.0,15.0,102.0,89.06,104.0,100.2,101.1,,,,,,,,,,,,,,,,,,1.4077908225301086,3.799999999999997,2.0,-1.7999999999999972,-0.9000000000000057,-12.939999999999998,14.939999999999998,11.14,nyc,t_plus_9h
nyc,KXHIGHNY-26JUL03,2026-07-03,15.0,98.0,KXHIGHNY-26JUL03-B98.5,1,15.0,-0.017166329754707124,-0.9998526477050269,10.0,14.0,102.0,89.96,104.5,100.2,101.1,,,,,,,,,,,,,,,,,,1.603901493234544,4.299999999999997,2.5,-1.7999999999999972,-0.9000000000000057,-12.040000000000006,14.540000000000006,10.240000000000009,nyc,t_plus_10h
nyc,KXHIGHNY-26JUL03,2026-07-03,16.0,98.0,KXHIGHNY-26JUL03-B98.5,1,16.0,-0.017166329754707124,-0.9998526477050269,11.0,13.0,102.0,91.94,103.7,100.4,101.1,,,,,,,,,,,,,,,,,,1.2349089035228473,3.299999999999997,1.7000000000000028,-1.5999999999999943,-0.9000000000000057,-10.060000000000002,11.760000000000005,8.460000000000008,nyc,t_plus_11h
nyc,KXHIGHNY-26JUL03,2026-07-03,17.0,98.0,KXHIGHNY-26JUL03-B98.5,1,17.0,-0.017166329754707124,-0.9998526477050269,12.0,12.0,102.0,96.08,103.7,100.4,101.1,,,,,,,,,,,,,,,,,,1.2349089035228473,3.299999999999997,1.7000000000000028,-1.5999999999999943,-0.9000000000000057,-5.920000000000002,7.6200000000000045,4.320000000000007,nyc,t_plus_12h
nyc,KXHIGHNY-26JUL03,2026-07-03,18.0,98.0,KXHIGHNY-26JUL03-B98.5,1,18.0,-0.017166329754707124,-0.9998526477050269,13.0,11.0,102.0,96.98,103.2,100.4,101.2,,,,,,,,,,,,,,,,,,1.034408043278859,2.799999999999997,1.2000000000000028,-1.5999999999999943,-0.7999999999999972,-5.019999999999996,6.219999999999999,3.4200000000000017,nyc,t_plus_13h
nyc,KXHIGHNY-26JUL03,2026-07-03,19.0,98.0,KXHIGHNY-26JUL03-B98.5,1,19.0,-0.017166329754707124,-0.9998526477050269,14.0,10.0,102.0,96.98,102.6,100.4,100.9,,,,,,,,,,,,,,,,,,0.8699856320652612,2.1999999999999886,0.5999999999999943,-1.5999999999999943,-1.0999999999999943,-5.019999999999996,5.61999999999999,3.4200000000000017,nyc,t_plus_14h
nyc,KXHIGHNY-26JUL03,2026-07-03,20.0,98.0,KXHIGHNY-26JUL03-B98.5,1,20.0,-0.017166329754707124,-0.9998526477050269,15.0,9.0,100.0,96.98,102.6,100.4,100.9,,,,,,,,,,,,,,,,,,0.9908960591303174,2.5999999999999943,2.5999999999999943,0.4000000000000057,0.9000000000000057,-3.019999999999996,5.61999999999999,3.4200000000000017,nyc,t_plus_15h
nyc,KXHIGHNY-26JUL03,2026-07-03,21.0,98.0,KXHIGHNY-26JUL03-B98.5,1,21.0,-0.017166329754707124,-0.9998526477050269,16.0,8.0,100.0,96.98,102.0,99.8,100.9,,,,,,,,,,,,,,,,,,0.8699856320652668,2.200000000000003,2.0,-0.20000000000000284,0.9000000000000057,-3.019999999999996,5.019999999999996,2.819999999999993,nyc,t_plus_16h
nyc,KXHIGHNY-26JUL03,2026-07-03,22.0,98.0,KXHIGHNY-26JUL03-B98.5,1,22.0,-0.017166329754707124,-0.9998526477050269,17.0,7.0,100.0,98.06,101.2,98.2,100.9,,,,,,,,,,,,,,,,,,1.1691342951089927,3.0,1.2000000000000028,-1.7999999999999972,0.9000000000000057,-1.9399999999999977,3.1400000000000006,0.14000000000000057,nyc,t_plus_17h
nyc,KXHIGHNY-26JUL03,2026-07-03,23.0,98.0,KXHIGHNY-26JUL03-B98.5,1,23.0,-0.017166329754707124,-0.9998526477050269,18.0,6.0,98.0,98.06,98.06,98.06,100.9,,,,,,,,,,,,,,,,,,1.2386585485919857,2.9000000000000057,0.060000000000002274,0.060000000000002274,2.9000000000000057,0.060000000000002274,0.0,0.0,nyc,t_plus_18h
nyc,KXHIGHNY-26JUL03,2026-07-03,0.0,98.0,KXHIGHNY-26JUL03-B98.5,1,0.0,-0.017166329754707124,-0.9998526477050269,19.0,5.0,95.0,98.06,98.06,98.06,94.3,,,,,,,,,,,,,,,,,,1.7228682480096982,3.760000000000005,3.0600000000000023,3.0600000000000023,-0.7000000000000028,3.0600000000000023,0.0,0.0,nyc,t_plus_19h
nyc,KXHIGHNY-26JUL03,2026-07-03,1.0,98.0,KXHIGHNY-26JUL03-B98.5,1,1.0,-0.017166329754707124,-0.9998526477050269,20.0,4.0,95.0,98.06,98.06,98.06,94.3,,,,,,,,,,,,,,,,,,1.7228682480096982,3.760000000000005,3.0600000000000023,3.0600000000000023,-0.7000000000000028,3.0600000000000023,0.0,0.0,nyc,t_plus_20h
nyc,KXHIGHNY-26JUL03,2026-07-03,2.0,98.0,KXHIGHNY-26JUL03-B98.5,1,2.0,-0.017166329754707124,-0.9998526477050269,21.0,3.0,93.0,98.06,98.06,98.06,94.3,,,,,,,,,,,,,,,,,,2.252393171717586,5.060000000000002,5.060000000000002,5.060000000000002,1.2999999999999972,5.060000000000002,0.0,0.0,nyc,t_plus_21h
nyc,KXHIGHNY-26JUL03,2026-07-03,3.0,98.0,KXHIGHNY-26JUL03-B98.5,1,3.0,-0.017166329754707124,-0.9998526477050269,22.0,2.0,91.0,98.06,98.06,98.06,94.1,,,,,,,,,,,,,,,,,,2.965008431691217,7.060000000000002,7.060000000000002,7.060000000000002,3.0999999999999943,7.060000000000002,0.0,0.0,nyc,t_plus_22h
nyc,KXHIGHNY-26JUL03,2026-07-03,4.0,98.0,KXHIGHNY-26JUL03-B98.5,1,4.0,-0.017166329754707124,-0.9998526477050269,23.0,1.0,74.0,98.06,98.06,98.06,93.6,,,,,,,,,,,,,,,,,,9.94268072503588,24.060000000000002,24.060000000000002,24.060000000000002,19.599999999999994,24.060000000000002,0.0,0.0,nyc,t_plus_23h
okc,KXHIGHTOKC-26JUL03,2026-07-03,6.0,95.0,KXHIGHTOKC-26JUL03-B95.5,2,6.0,-0.017166329754707124,-0.9998526477050269,0.0,24.0,93.0,,,,94.3,,,,,,,,,,,,,,,,,,0.6499999999999986,1.2999999999999972,,,1.2999999999999972,,,,okc,t_plus_0h
okc,KXHIGHTOKC-26JUL03,2026-07-03,7.0,95.0,KXHIGHTOKC-26JUL03-B95.5,2,7.0,-0.017166329754707124,-0.9998526477050269,1.0,23.0,95.0,77.0,97.6,94.1,93.8,,,,,,,,,,,,,,,,,,1.4956186011146015,3.799999999999997,2.5999999999999943,-0.9000000000000057,-1.2000000000000028,-18.0,20.599999999999994,17.099999999999994,okc,t_plus_1h
okc,KXHIGHTOKC-26JUL03,2026-07-03,8.0,95.0,KXHIGHTOKC-26JUL03-B95.5,2,8.0,-0.017166329754707124,-0.9998526477050269,2.0,22.0,95.0,77.0,97.6,94.1,93.8,,,,,,,,,,,,,,,,,,1.4956186011146015,3.799999999999997,2.5999999999999943,-0.9000000000000057,-1.2000000000000028,-18.0,20.599999999999994,17.099999999999994,okc,t_plus_2h
okc,KXHIGHTOKC-26JUL03,2026-07-03,9.0,95.0,KXHIGHTOKC-26JUL03-B95.5,2,9.0,-0.017166329754707124,-0.9998526477050269,3.0,21.0,95.0,77.0,97.4,94.1,93.8,,,,,,,,,,,,,,,,,,1.4131082761062619,3.6000000000000085,2.4000000000000057,-0.9000000000000057,-1.2000000000000028,-18.0,20.400000000000006,17.099999999999994,okc,t_plus_3h
okc,KXHIGHTOKC-26JUL03,2026-07-03,10.0,95.0,KXHIGHTOKC-26JUL03-B95.5,2,10.0,-0.017166329754707124,-0.9998526477050269,4.0,20.0,95.0,77.0,97.5,93.5,94.2,,,,,,,,,,,,,,,,,,1.5107944929738124,4.0,2.5,-1.5,-0.7999999999999972,-18.0,20.5,16.5,okc,t_plus_4h
okc,KXHIGHTOKC-26JUL03,2026-07-03,11.0,95.0,KXHIGHTOKC-26JUL03-B95.5,2,11.0,-0.017166329754707124,-0.9998526477050269,5.0,19.0,95.0,77.0,97.5,93.5,94.2,,,,,,,,,,,,,,,,,,1.5107944929738124,4.0,2.5,-1.5,-0.7999999999999972,-18.0,20.5,16.5,okc,t_plus_5h
okc,KXHIGHTOKC-26JUL03,2026-07-03,12.0,95.0,KXHIGHTOKC-26JUL03-B95.5,2,12.0,-0.017166329754707124,-0.9998526477050269,6.0,18.0,95.0,77.0,97.4,93.5,94.3,,,,,,,,,,,,,,,,,,1.456880228433349,3.9000000000000057,2.4000000000000057,-1.5,-0.7000000000000028,-18.0,20.400000000000006,16.5,okc,t_plus_6h
okc,KXHIGHTOKC-26JUL03,2026-07-03,13.0,95.0,KXHIGHTOKC-26JUL03-B95.5,2,13.0,-0.017166329754707124,-0.9998526477050269,7.0,17.0,95.0,77.0,98.0,93.5,94.3,,,,,,,,,,,,,,,,,,1.701469952717356,4.5,3.0,-1.5,-0.7000000000000028,-18.0,21.0,16.5,okc,t_plus_7h
okc,KXHIGHTOKC-26JUL03,2026-07-03,14.0,95.0,KXHIGHTOKC-26JUL03-B95.5,2,14.0,-0.017166329754707124,-0.9998526477050269,8.0,16.0,95.0,80.6,98.0,93.5,94.3,,,,,,,,,,,,,,,,,,1.701469952717356,4.5,3.0,-1.5,-0.7000000000000028,-14.400000000000006,17.400000000000006,12.900000000000006,okc,t_plus_8h
okc,KXHIGHTOKC-26JUL03,2026-07-03,15.0,95.0,KXHIGHTOKC-26JUL03-B95.5,2,15.0,-0.017166329754707124,-0.9998526477050269,9.0,15.0,95.0,84.2,97.1,93.5,93.9,,,,,,,,,,,,,,,,,,1.3970952007647837,3.5999999999999943,2.0999999999999943,-1.5,-1.0999999999999943,-10.799999999999997,12.899999999999991,9.299999999999997,okc,t_plus_9h
okc,KXHIGHTOKC-26JUL03,2026-07-03,16.0,95.0,KXHIGHTOKC-26JUL03-B95.5,2,16.0,-0.017166329754707124,-0.9998526477050269,10.0,14.0,95.0,87.8,96.8,94.2,94.0,,,,,,,,,,,,,,,,,,1.1045361017187243,2.799999999999997,1.7999999999999972,-0.7999999999999972,-1.0,-7.200000000000003,9.0,6.400000000000006,okc,t_plus_10h
okc,KXHIGHTOKC-26JUL03,2026-07-03,17.0,95.0,KXHIGHTOKC-26JUL03-B95.5,2,17.0,-0.017166329754707124,-0.9998526477050269,11.0,13.0,95.0,91.4,96.8,94.2,94.0,,,,,,,,,,,,,,,,,,1.1045361017187243,2.799999999999997,1.7999999999999972,-0.7999999999999972,-1.0,-3.5999999999999943,5.3999999999999915,2.799999999999997,okc,t_plus_11h
okc,KXHIGHTOKC-26JUL03,2026-07-03,18.0,95.0,KXHIGHTOKC-26JUL03-B95.5,2,18.0,-0.017166329754707124,-0.9998526477050269,12.0,12.0,95.0,91.4,97.0,94.2,94.0,,,,,,,,,,,,,,,,,,1.1863810517704667,3.0,2.0,-0.7999999999999972,-1.0,-3.5999999999999943,5.599999999999994,2.799999999999997,okc,t_plus_12h
okc,KXHIGHTOKC-26JUL03,2026-07-03,19.0,95.0,KXHIGHTOKC-26JUL03-B95.5,2,19.0,-0.017166329754707124,-0.9998526477050269,13.0,11.0,95.0,91.4,96.4,94.2,93.9,,,,,,,,,,,,,,,,,,0.9679230341302972,2.5,1.4000000000000057,-0.7999999999999972,-1.0999999999999943,-3.5999999999999943,5.0,2.799999999999997,okc,t_plus_13h
okc,KXHIGHTOKC-26JUL03,2026-07-03,20.0,95.0,KXHIGHTOKC-26JUL03-B95.5,2,20.0,-0.017166329754707124,-0.9998526477050269,14.0,10.0,95.0,93.2,96.4,94.2,93.9,,,,,,,,,,,,,,,,,,0.9679230341302972,2.5,1.4000000000000057,-0.7999999999999972,-1.0999999999999943,-1.7999999999999972,3.200000000000003,1.0,okc,t_plus_14h
okc,KXHIGHTOKC-26JUL03,2026-07-03,21.0,95.0,KXHIGHTOKC-26JUL03-B95.5,2,21.0,-0.017166329754707124,-0.9998526477050269,15.0,9.0,95.0,93.2,96.1,94.2,93.9,,,,,,,,,,,,,,,,,,0.8514693182963159,2.1999999999999886,1.0999999999999943,-0.7999999999999972,-1.0999999999999943,-1.7999999999999972,2.8999999999999915,1.0,okc,t_plus_15h
okc,KXHIGHTOKC-26JUL03,2026-07-03,22.0,95.0,KXHIGHTOKC-26JUL03-B95.5,2,22.0,-0.017166329754707124,-0.9998526477050269,16.0,8.0,95.0,95.0,96.1,95.0,93.6,,,,,,,,,,,,,,,,,,0.8870597499605088,2.5,1.0999999999999943,0.0,-1.4000000000000057,0.0,1.0999999999999943,0.0,okc,t_plus_16h
okc,KXHIGHTOKC-26JUL03,2026-07-03,23.0,95.0,KXHIGHTOKC-26JUL03-B95.5,2,23.0,-0.017166329754707124,-0.9998526477050269,17.0,7.0,95.0,95.0,95.0,95.0,93.6,,,,,,,,,,,,,,,,,,0.6062177826491095,1.4000000000000057,0.0,0.0,-1.4000000000000057,0.0,0.0,0.0,okc,t_plus_17h
okc,KXHIGHTOKC-26JUL03,2026-07-03,0.0,95.0,KXHIGHTOKC-26JUL03-B95.5,2,0.0,-0.017166329754707124,-0.9998526477050269,18.0,6.0,95.0,95.0,95.0,95.0,91.7,,,,,,,,,,,,,,,,,,1.4289419162443227,3.299999999999997,0.0,0.0,-3.299999999999997,0.0,0.0,0.0,okc,t_plus_18h
okc,KXHIGHTOKC-26JUL03,2026-07-03,1.0,95.0,KXHIGHTOKC-26JUL03-B95.5,2,1.0,-0.017166329754707124,-0.9998526477050269,19.0,5.0,93.0,95.0,95.0,95.0,91.7,,,,,,,,,,,,,,,,,,1.402453207775574,3.299999999999997,2.0,2.0,-1.2999999999999972,2.0,0.0,0.0,okc,t_plus_19h
okc,KXHIGHTOKC-26JUL03,2026-07-03,2.0,95.0,KXHIGHTOKC-26JUL03-B95.5,2,2.0,-0.017166329754707124,-0.9998526477050269,20.0,4.0,91.0,95.0,95.0,95.0,91.7,,,,,,,,,,,,,,,,,,1.8417043736713008,4.0,4.0,4.0,0.7000000000000028,4.0,0.0,0.0,okc,t_plus_20h
okc,KXHIGHTOKC-26JUL03,2026-07-03,3.0,95.0,KXHIGHTOKC-26JUL03-B95.5,2,3.0,-0.017166329754707124,-0.9998526477050269,21.0,3.0,85.0,95.0,95.0,95.0,91.6,,,,,,,,,,,,,,,,,,4.082584965435502,10.0,10.0,10.0,6.599999999999994,10.0,0.0,0.0,okc,t_plus_21h
okc,KXHIGHTOKC-26JUL03,2026-07-03,4.0,95.0,KXHIGHTOKC-26JUL03-B95.5,2,4.0,-0.017166329754707124,-0.9998526477050269,22.0,2.0,85.0,95.0,95.0,95.0,92.0,,,,,,,,,,,,,,,,,,4.085033659592048,10.0,10.0,10.0,7.0,10.0,0.0,0.0,okc,t_plus_22h
okc,KXHIGHTOKC-26JUL03,2026-07-03,5.0,95.0,KXHIGHTOKC-26JUL03-B95.5,2,5.0,-0.017166329754707124,-0.9998526477050269,23.0,1.0,82.0,95.0,95.0,95.0,92.0,,,,,,,,,,,,,,,,,,5.338539126015656,13.0,13.0,13.0,10.0,13.0,0.0,0.0,okc,t_plus_23h
aus,KXHIGHAUS-26JUL04,2026-07-04,6.0,97.0,KXHIGHAUS-26JUL04-B97.5,2,6.0,-0.03432760051324313,-0.9994106342455054,0.0,24.0,96.0,,98.6,95.8,98.1,,,,,,,,,,,,,,,,,,1.2397076268217417,2.799999999999997,2.5999999999999943,-0.20000000000000284,2.0999999999999943,,,,aus,t_plus_0h
aus,KXHIGHAUS-26JUL04,2026-07-04,7.0,97.0,KXHIGHAUS-26JUL04-B97.5,2,7.0,-0.03432760051324313,-0.9994106342455054,1.0,23.0,96.0,80.6,98.0,95.8,98.0,,,,,,,,,,,,,,,,,,1.0523782589924602,2.200000000000003,2.0,-0.20000000000000284,2.0,-15.400000000000006,17.400000000000006,15.200000000000003,aus,t_plus_1h
aus,KXHIGHAUS-26JUL04,2026-07-04,8.0,97.0,KXHIGHAUS-26JUL04-B97.5,2,8.0,-0.03432760051324313,-0.9994106342455054,2.0,22.0,96.0,80.6,98.0,95.8,98.0,,,,,,,,,,,,,,,,,,1.0523782589924602,2.200000000000003,2.0,-0.20000000000000284,2.0,-15.400000000000006,17.400000000000006,15.200000000000003,aus,t_plus_2h
aus,KXHIGHAUS-26JUL04,2026-07-04,9.0,97.0,KXHIGHAUS-26JUL04-B97.5,2,9.0,-0.03432760051324313,-0.9994106342455054,3.0,21.0,96.0,80.6,98.1,95.8,98.0,,,,,,,,,,,,,,,,,,1.0779030568655041,2.299999999999997,2.0999999999999943,-0.20000000000000284,2.0,-15.400000000000006,17.5,15.200000000000003,aus,t_plus_3h
aus,KXHIGHAUS-26JUL04,2026-07-04,10.0,97.0,KXHIGHAUS-26JUL04-B97.5,2,10.0,-0.03432760051324313,-0.9994106342455054,4.0,20.0,96.0,80.6,97.9,95.8,98.0,,,,,,,,,,,,,,,,,,1.0280442597476067,2.200000000000003,1.9000000000000057,-0.20000000000000284,2.0,-15.400000000000006,17.30000000000001,15.200000000000003,aus,t_plus_4h
aus,KXHIGHAUS-26JUL04,2026-07-04,11.0,97.0,KXHIGHAUS-26JUL04-B97.5,2,11.0,-0.03432760051324313,-0.9994106342455054,5.0,19.0,96.0,80.6,97.9,95.8,98.1,,,,,,,,,,,,,,,,,,1.05475115548645,2.299999999999997,1.9000000000000057,-0.20000000000000284,2.0999999999999943,-15.400000000000006,17.30000000000001,15.200000000000003,aus,t_plus_5h
aus,KXHIGHAUS-26JUL04,2026-07-04,12.0,97.0,KXHIGHAUS-26JUL04-B97.5,2,12.0,-0.03432760051324313,-0.9994106342455054,6.0,18.0,96.0,80.6,97.5,95.8,97.9,,,,,,,,,,,,,,,,,,0.9137833441248558,2.1000000000000085,1.5,-0.20000000000000284,1.9000000000000057,-15.400000000000006,16.900000000000006,15.200000000000003,aus,t_plus_6h
aus,KXHIGHAUS-26JUL04,2026-07-04,13.0,97.0,KXHIGHAUS-26JUL04-B97.5,2,13.0,-0.03432760051324313,-0.9994106342455054,7.0,17.0,96.0,80.6,97.8,95.8,97.9,,,,,,,,,,,,,,,,,,0.9781998773256941,2.1000000000000085,1.7999999999999972,-0.20000000000000284,1.9000000000000057,-15.400000000000006,17.200000000000003,15.200000000000003,aus,t_plus_7h
aus,KXHIGHAUS-26JUL04,2026-07-04,14.0,97.0,KXHIGHAUS-26JUL04-B97.5,2,14.0,-0.03432760051324313,-0.9994106342455054,8.0,16.0,96.0,80.6,97.8,95.8,97.9,,,,,,,,,,,,,,,,,,0.9781998773256941,2.1000000000000085,1.7999999999999972,-0.20000000000000284,1.9000000000000057,-15.400000000000006,17.200000000000003,15.200000000000003,aus,t_plus_8h
aus,KXHIGHAUS-26JUL04,2026-07-04,15.0,97.0,KXHIGHAUS-26JUL04-B97.5,2,15.0,-0.03432760051324313,-0.9994106342455054,9.0,15.0,96.0,84.2,97.7,95.8,97.8,,,,,,,,,,,,,,,,,,0.9283722313813577,2.0,1.7000000000000028,-0.20000000000000284,1.7999999999999972,-11.799999999999997,13.5,11.599999999999994,aus,t_plus_9h
aus,KXHIGHAUS-26JUL04,2026-07-04,16.0,97.0,KXHIGHAUS-26JUL04-B97.5,2,16.0,-0.03432760051324313,-0.9994106342455054,10.0,14.0,96.0,87.8,97.7,95.8,97.2,,,,,,,,,,,,,,,,,,0.7980444849756205,1.9000000000000057,1.7000000000000028,-0.20000000000000284,1.2000000000000028,-8.200000000000003,9.900000000000006,8.0,aus,t_plus_10h
aus,KXHIGHAUS-26JUL04,2026-07-04,17.0,97.0,KXHIGHAUS-26JUL04-B97.5,2,17.0,-0.03432760051324313,-0.9994106342455054,11.0,13.0,96.0,89.6,97.5,95.8,97.2,,,,,,,,,,,,,,,,,,0.7361215932167742,1.7000000000000028,1.5,-0.20000000000000284,1.2000000000000028,-6.400000000000006,7.900000000000006,6.200000000000003,aus,t_plus_11h
aus,KXHIGHAUS-26JUL04,2026-07-04,18.0,97.0,KXHIGHAUS-26JUL04-B97.5,2,18.0,-0.03432760051324313,-0.9994106342455054,12.0,12.0,96.0,91.4,97.6,95.8,97.3,,,,,,,,,,,,,,,,,,0.785413903620249,1.7999999999999972,1.5999999999999943,-0.20000000000000284,1.2999999999999972,-4.599999999999994,6.199999999999989,4.3999999999999915,aus,t_plus_12h
aus,KXHIGHAUS-26JUL04,2026-07-04,19.0,97.0,KXHIGHAUS-26JUL04-B97.5,2,19.0,-0.03432760051324313,-0.9994106342455054,13.0,11.0,96.0,93.2,97.6,95.8,97.2,,,,,,,,,,,,,,,,,,0.7664854858377941,1.7999999999999972,1.5999999999999943,-0.20000000000000284,1.2000000000000028,-2.799999999999997,4.3999999999999915,2.5999999999999943,aus,t_plus_13h
aus,KXHIGHAUS-26JUL04,2026-07-04,20.0,97.0,KXHIGHAUS-26JUL04-B97.5,2,20.0,-0.03432760051324313,-0.9994106342455054,14.0,10.0,96.0,95.0,97.6,95.8,97.2,,,,,,,,,,,,,,,,,,0.7664854858377941,1.7999999999999972,1.5999999999999943,-0.20000000000000284,1.2000000000000028,-1.0,2.5999999999999943,0.7999999999999972,aus,t_plus_14h
aus,KXHIGHAUS-26JUL04,2026-07-04,21.0,97.0,KXHIGHAUS-26JUL04-B97.5,2,21.0,-0.03432760051324313,-0.9994106342455054,15.0,9.0,96.0,96.8,97.8,96.8,97.2,,,,,,,,,,,,,,,,,,0.6538348415311006,1.7999999999999972,1.7999999999999972,0.7999999999999972,1.2000000000000028,0.7999999999999972,1.0,0.0,aus,t_plus_15h
aus,KXHIGHAUS-26JUL04,2026-07-04,22.0,97.0,KXHIGHAUS-26JUL04-B97.5,2,22.0,-0.03432760051324313,-0.9994106342455054,16.0,8.0,96.0,96.8,96.8,96.8,97.1,,,,,,,,,,,,,,,,,,0.4085033659592029,1.0999999999999943,0.7999999999999972,0.7999999999999972,1.0999999999999943,0.7999999999999972,0.0,0.0,aus,t_plus_16h
aus,KXHIGHAUS-26JUL04,2026-07-04,23.0,97.0,KXHIGHAUS-26JUL04-B97.5,2,23.0,-0.03432760051324313,-0.9994106342455054,17.0,7.0,96.0,96.8,96.8,96.8,97.1,,,,,,,,,,,,,,,,,,0.4085033659592029,1.0999999999999943,0.7999999999999972,0.7999999999999972,1.0999999999999943,0.7999999999999972,0.0,0.0,aus,t_plus_17h
aus,KXHIGHAUS-26JUL04,2026-07-04,0.0,97.0,KXHIGHAUS-26JUL04-B97.5,2,0.0,-0.03432760051324313,-0.9994106342455054,18.0,6.0,95.0,96.8,96.8,96.8,95.5,,,,,,,,,,,,,,,,,,0.7949056547792308,1.7999999999999972,1.7999999999999972,1.7999999999999972,0.5,1.7999999999999972,0.0,0.0,aus,t_plus_18h
aus,KXHIGHAUS-26JUL04,2026-07-04,1.0,97.0,KXHIGHAUS-26JUL04-B97.5,2,1.0,-0.03432760051324313,-0.9994106342455054,19.0,5.0,94.0,96.8,96.8,96.8,95.5,,,,,,,,,,,,,,,,,,1.1540688887583779,2.799999999999997,2.799999999999997,2.799999999999997,1.5,2.799999999999997,0.0,0.0,aus,t_plus_19h
aus,KXHIGHAUS-26JUL04,2026-07-04,2.0,97.0,KXHIGHAUS-26JUL04-B97.5,2,2.0,-0.03432760051324313,-0.9994106342455054,20.0,4.0,92.0,96.8,96.8,96.8,95.5,,,,,,,,,,,,,,,,,,1.9638928178492825,4.799999999999997,4.799999999999997,4.799999999999997,3.5,4.799999999999997,0.0,0.0,aus,t_plus_20h
aus,KXHIGHAUS-26JUL04,2026-07-04,3.0,97.0,KXHIGHAUS-26JUL04-B97.5,2,3.0,-0.03432760051324313,-0.9994106342455054,21.0,3.0,91.0,96.8,96.8,96.8,95.3,,,,,,,,,,,,,,,,,,2.375263143316966,5.799999999999997,5.799999999999997,5.799999999999997,4.299999999999997,5.799999999999997,0.0,0.0,aus,t_plus_21h
aus,KXHIGHAUS-26JUL04,2026-07-04,4.0,97.0,KXHIGHAUS-26JUL04-B97.5,2,4.0,-0.03432760051324313,-0.9994106342455054,22.0,2.0,89.0,96.8,96.8,96.8,94.9,,,,,,,,,,,,,,,,,,3.1987302168204175,7.799999999999997,7.799999999999997,7.799999999999997,5.900000000000006,7.799999999999997,0.0,0.0,aus,t_plus_22h
aus,KXHIGHAUS-26JUL04,2026-07-04,5.0,97.0,KXHIGHAUS-26JUL04-B97.5,2,5.0,-0.03432760051324313,-0.9994106342455054,23.0,1.0,87.0,96.8,96.8,96.8,94.9,,,,,,,,,,,,,,,,,,4.044363361519338,9.799999999999997,9.799999999999997,9.799999999999997,7.900000000000006,9.799999999999997,0.0,0.0,aus,t_plus_23h
den,KXHIGHDEN-26JUL04,2026-07-04,7.0,91.0,KXHIGHDEN-26JUL04-B91.5,4,7.0,-0.03432760051324313,-0.9994106342455054,0.0,24.0,89.0,,89.9,85.8,87.7,,,,,,,,,,,,,,,,,,1.5411035007422467,4.1000000000000085,0.9000000000000057,-3.200000000000003,-1.2999999999999972,,,,den,t_plus_0h
den,KXHIGHDEN-26JUL04,2026-07-04,8.0,91.0,KXHIGHDEN-26JUL04-B91.5,4,8.0,-0.03432760051324313,-0.9994106342455054,1.0,23.0,89.0,,89.9,85.8,87.7,,,,,,,,,,,,,,,,,,1.5411035007422467,4.1000000000000085,0.9000000000000057,-3.200000000000003,-1.2999999999999972,,,,den,t_plus_1h
den,KXHIGHDEN-26JUL04,2026-07-04,9.0,91.0,KXHIGHDEN-26JUL04-B91.5,4,9.0,-0.03432760051324313,-0.9994106342455054,2.0,22.0,89.0,62.6,89.4,85.8,87.7,,,,,,,,,,,,,,,,,,1.404234666998364,3.6000000000000085,0.4000000000000057,-3.200000000000003,-1.2999999999999972,-26.4,26.800000000000004,23.199999999999996,den,t_plus_2h
den,KXHIGHDEN-26JUL04,2026-07-04,10.0,91.0,KXHIGHDEN-26JUL04-B91.5,4,10.0,-0.03432760051324313,-0.9994106342455054,3.0,21.0,89.0,62.6,90.6,85.8,87.7,,,,,,,,,,,,,,,,,,1.7597940220378054,4.799999999999997,1.5999999999999943,-3.200000000000003,-1.2999999999999972,-26.4,27.999999999999993,23.199999999999996,den,t_plus_3h
den,KXHIGHDEN-26JUL04,2026-07-04,11.0,91.0,KXHIGHDEN-26JUL04-B91.5,4,11.0,-0.03432760051324313,-0.9994106342455054,4.0,20.0,89.0,62.96,90.6,85.8,87.6,,,,,,,,,,,,,,,,,,1.768473918382739,4.799999999999997,1.5999999999999943,-3.200000000000003,-1.4000000000000057,-26.04,27.639999999999993,22.839999999999996,den,t_plus_4h
den,KXHIGHDEN-26JUL04,2026-07-04,12.0,91.0,KXHIGHDEN-26JUL04-B91.5,4,12.0,-0.03432760051324313,-0.9994106342455054,5.0,19.0,89.0,62.96,90.3,85.8,87.8,,,,,,,,,,,,,,,,,,1.6558608033285893,4.5,1.2999999999999972,-3.200000000000003,-1.2000000000000028,-26.04,27.339999999999996,22.839999999999996,den,t_plus_5h
den,KXHIGHDEN-26JUL04,2026-07-04,13.0,91.0,KXHIGHDEN-26JUL04-B91.5,4,13.0,-0.03432760051324313,-0.9994106342455054,6.0,18.0,89.0,62.96,90.7,85.8,87.8,,,,,,,,,,,,,,,,,,1.7851820635442224,4.900000000000006,1.7000000000000028,-3.200000000000003,-1.2000000000000028,-26.04,27.740000000000002,22.839999999999996,den,t_plus_6h
den,KXHIGHDEN-26JUL04,2026-07-04,14.0,91.0,KXHIGHDEN-26JUL04-B91.5,4,14.0,-0.03432760051324313,-0.9994106342455054,7.0,17.0,89.0,62.96,90.7,85.8,87.8,,,,,,,,,,,,,,,,,,1.7851820635442224,4.900000000000006,1.7000000000000028,-3.200000000000003,-1.2000000000000028,-26.04,27.740000000000002,22.839999999999996,den,t_plus_7h
den,KXHIGHDEN-26JUL04,2026-07-04,15.0,91.0,KXHIGHDEN-26JUL04-B91.5,4,15.0,-0.03432760051324313,-0.9994106342455054,8.0,16.0,89.0,71.96,91.2,85.8,88.0,,,,,,,,,,,,,,,,,,1.9416487838947618,5.400000000000006,2.200000000000003,-3.200000000000003,-1.0,-17.040000000000006,19.24000000000001,13.840000000000003,den,t_plus_8h
den,KXHIGHDEN-26JUL04,2026-07-04,16.0,91.0,KXHIGHDEN-26JUL04-B91.5,4,16.0,-0.03432760051324313,-0.9994106342455054,9.0,15.0,89.0,75.02,91.4,85.8,87.7,,,,,,,,,,,,,,,,,,2.03638773321782,5.6000000000000085,2.4000000000000057,-3.200000000000003,-1.2999999999999972,-13.980000000000004,16.38000000000001,10.780000000000001,den,t_plus_9h
den,KXHIGHDEN-26JUL04,2026-07-04,17.0,91.0,KXHIGHDEN-26JUL04-B91.5,4,17.0,-0.03432760051324313,-0.9994106342455054,10.0,14.0,89.0,80.06,90.2,85.8,87.7,,,,,,,,,,,,,,,,,,1.631525359900975,4.400000000000006,1.2000000000000028,-3.200000000000003,-1.2999999999999972,-8.939999999999998,10.14,5.739999999999995,den,t_plus_10h
den,KXHIGHDEN-26JUL04,2026-07-04,18.0,91.0,KXHIGHDEN-26JUL04-B91.5,4,18.0,-0.03432760051324313,-0.9994106342455054,11.0,13.0,89.0,82.04,91.5,85.8,87.2,,,,,,,,,,,,,,,,,,2.131167520398151,5.700000000000003,2.5,-3.200000000000003,-1.7999999999999972,-6.959999999999994,9.459999999999994,3.759999999999991,den,t_plus_11h
den,KXHIGHDEN-26JUL04,2026-07-04,19.0,91.0,KXHIGHDEN-26JUL04-B91.5,4,19.0,-0.03432760051324313,-0.9994106342455054,12.0,12.0,89.0,84.02,89.3,85.8,86.8,,,,,,,,,,,,,,,,,,1.4720309100015536,3.5,0.29999999999999716,-3.200000000000003,-2.200000000000003,-4.980000000000004,5.280000000000001,1.7800000000000011,den,t_plus_12h
den,KXHIGHDEN-26JUL04,2026-07-04,20.0,91.0,KXHIGHDEN-26JUL04-B91.5,4,20.0,-0.03432760051324313,-0.9994106342455054,13.0,11.0,89.0,84.02,89.3,85.8,86.8,,,,,,,,,,,,,,,,,,1.4720309100015536,3.5,0.29999999999999716,-3.200000000000003,-2.200000000000003,-4.980000000000004,5.280000000000001,1.7800000000000011,den,t_plus_13h
den,KXHIGHDEN-26JUL04,2026-07-04,21.0,91.0,KXHIGHDEN-26JUL04-B91.5,4,21.0,-0.03432760051324313,-0.9994106342455054,14.0,10.0,89.0,87.98,88.6,87.98,86.8,,,,,,,,,,,,,,,,,,0.8313092084176622,2.200000000000003,-0.4000000000000057,-1.019999999999996,-2.200000000000003,-1.019999999999996,0.6199999999999903,0.0,den,t_plus_14h
den,KXHIGHDEN-26JUL04,2026-07-04,22.0,91.0,KXHIGHDEN-26JUL04-B91.5,4,22.0,-0.03432760051324313,-0.9994106342455054,15.0,9.0,89.0,89.06,90.8,89.06,86.6,,,,,,,,,,,,,,,,,,1.494213840117941,4.200000000000003,1.7999999999999972,0.060000000000002274,-2.4000000000000057,0.060000000000002274,1.7399999999999949,0.0,den,t_plus_15h
den,KXHIGHDEN-26JUL04,2026-07-04,23.0,91.0,KXHIGHDEN-26JUL04-B91.5,4,23.0,-0.03432760051324313,-0.9994106342455054,16.0,8.0,89.0,89.96,89.96,89.96,86.6,,,,,,,,,,,,,,,,,,1.3734627770711516,3.3599999999999994,0.9599999999999937,0.9599999999999937,-2.4000000000000057,0.9599999999999937,0.0,0.0,den,t_plus_16h
den,KXHIGHDEN-26JUL04,2026-07-04,0.0,91.0,KXHIGHDEN-26JUL04-B91.5,4,0.0,-0.03432760051324313,-0.9994106342455054,17.0,7.0,89.0,89.96,89.96,89.96,83.3,,,,,,,,,,,,,,,,,,2.7731345080972893,6.659999999999997,0.9599999999999937,0.9599999999999937,-5.700000000000003,0.9599999999999937,0.0,0.0,den,t_plus_17h
den,KXHIGHDEN-26JUL04,2026-07-04,1.0,91.0,KXHIGHDEN-26JUL04-B91.5,4,1.0,-0.03432760051324313,-0.9994106342455054,18.0,6.0,82.0,89.96,89.96,89.96,83.3,,,,,,,,,,,,,,,,,,3.6837854172033393,7.959999999999994,7.959999999999994,7.959999999999994,1.2999999999999972,7.959999999999994,0.0,0.0,den,t_plus_18h
den,KXHIGHDEN-26JUL04,2026-07-04,2.0,91.0,KXHIGHDEN-26JUL04-B91.5,4,2.0,-0.03432760051324313,-0.9994106342455054,19.0,5.0,82.0,89.96,89.96,89.96,83.3,,,,,,,,,,,,,,,,,,3.6837854172033393,7.959999999999994,7.959999999999994,7.959999999999994,1.2999999999999972,7.959999999999994,0.0,0.0,den,t_plus_19h
den,KXHIGHDEN-26JUL04,2026-07-04,3.0,91.0,KXHIGHDEN-26JUL04-B91.5,4,3.0,-0.03432760051324313,-0.9994106342455054,20.0,4.0,75.0,89.96,89.96,89.96,83.7,,,,,,,,,,,,,,,,,,6.132232464608625,14.959999999999994,14.959999999999994,14.959999999999994,8.700000000000003,14.959999999999994,0.0,0.0,den,t_plus_20h
den,KXHIGHDEN-26JUL04,2026-07-04,4.0,91.0,KXHIGHDEN-26JUL04-B91.5,4,4.0,-0.03432760051324313,-0.9994106342455054,21.0,3.0,72.0,89.96,89.96,89.96,86.3,,,,,,,,,,,,,,,,,,7.401032022630355,17.959999999999994,17.959999999999994,17.959999999999994,14.299999999999997,17.959999999999994,0.0,0.0,den,t_plus_21h
den,KXHIGHDEN-26JUL04,2026-07-04,5.0,91.0,KXHIGHDEN-26JUL04-B91.5,4,5.0,-0.03432760051324313,-0.9994106342455054,22.0,2.0,72.0,89.96,89.96,89.96,86.3,,,,,,,,,,,,,,,,,,7.401032022630355,17.959999999999994,17.959999999999994,17.959999999999994,14.299999999999997,17.959999999999994,0.0,0.0,den,t_plus_22h
den,KXHIGHDEN-26JUL04,2026-07-04,6.0,91.0,KXHIGHDEN-26JUL04-B91.5,4,6.0,-0.03432760051324313,-0.9994106342455054,23.0,1.0,71.0,89.96,89.96,89.96,86.3,,,,,,,,,,,,,,,,,,7.8256165891257385,18.959999999999994,18.959999999999994,18.959999999999994,15.299999999999997,18.959999999999994,0.0,0.0,den,t_plus_23h
la,KXHIGHLAX-26JUL04,2026-07-04,8.0,76.0,KXHIGHLAX-26JUL04-T74,5,8.0,-0.03432760051324313,-0.9994106342455054,0.0,24.0,75.0,,71.1,70.6,76.1,,,,,,,,,,,,,,,,,,2.3885141824992386,5.5,-3.9000000000000057,-4.400000000000006,1.0999999999999943,,,,la,t_plus_0h
la,KXHIGHLAX-26JUL04,2026-07-04,9.0,76.0,KXHIGHLAX-26JUL04-T74,5,9.0,-0.03432760051324313,-0.9994106342455054,1.0,23.0,75.0,62.6,72.1,71.0,76.1,,,,,,,,,,,,,,,,,,2.0742468512691534,5.099999999999994,-2.9000000000000057,-4.0,1.0999999999999943,-12.399999999999999,9.499999999999993,8.399999999999999,la,t_plus_1h
la,KXHIGHLAX-26JUL04,2026-07-04,10.0,76.0,KXHIGHLAX-26JUL04-T74,5,10.0,-0.03432760051324313,-0.9994106342455054,2.0,22.0,75.0,62.96,72.7,71.0,76.1,,,,,,,,,,,,,,,,,,1.9836834424877352,5.099999999999994,-2.299999999999997,-4.0,1.0999999999999943,-12.04,9.740000000000002,8.04,la,t_plus_2h
la,KXHIGHLAX-26JUL04,2026-07-04,11.0,76.0,KXHIGHLAX-26JUL04-T74,5,11.0,-0.03432760051324313,-0.9994106342455054,3.0,21.0,75.0,62.96,72.7,71.0,76.1,,,,,,,,,,,,,,,,,,1.9836834424877352,5.099999999999994,-2.299999999999997,-4.0,1.0999999999999943,-12.04,9.740000000000002,8.04,la,t_plus_3h
la,KXHIGHLAX-26JUL04,2026-07-04,12.0,76.0,KXHIGHLAX-26JUL04-T74,5,12.0,-0.03432760051324313,-0.9994106342455054,4.0,20.0,75.0,62.96,73.4,71.0,75.7,,,,,,,,,,,,,,,,,,1.8060661671157017,4.700000000000003,-1.5999999999999943,-4.0,0.7000000000000028,-12.04,10.440000000000005,8.04,la,t_plus_4h
la,KXHIGHLAX-26JUL04,2026-07-04,13.0,76.0,KXHIGHLAX-26JUL04-T74,5,13.0,-0.03432760051324313,-0.9994106342455054,5.0,19.0,75.0,62.96,72.1,71.0,75.7,,,,,,,,,,,,,,,,,,1.955121479601717,4.700000000000003,-2.9000000000000057,-4.0,0.7000000000000028,-12.04,9.139999999999993,8.04,la,t_plus_5h
la,KXHIGHLAX-26JUL04,2026-07-04,14.0,76.0,KXHIGHLAX-26JUL04-T74,5,14.0,-0.03432760051324313,-0.9994106342455054,6.0,18.0,75.0,64.4,72.1,71.0,75.7,,,,,,,,,,,,,,,,,,1.955121479601717,4.700000000000003,-2.9000000000000057,-4.0,0.7000000000000028,-10.599999999999994,7.699999999999989,6.599999999999994,la,t_plus_6h
la,KXHIGHLAX-26JUL04,2026-07-04,15.0,76.0,KXHIGHLAX-26JUL04-T74,5,15.0,-0.03432760051324313,-0.9994106342455054,7.0,17.0,75.0,66.2,74.2,71.3,75.7,,,,,,,,,,,,,,,,,,1.6740669042783225,4.400000000000006,-0.7999999999999972,-3.700000000000003,0.7000000000000028,-8.799999999999997,8.0,5.099999999999994,la,t_plus_7h
la,KXHIGHLAX-26JUL04,2026-07-04,16.0,76.0,KXHIGHLAX-26JUL04-T74,5,16.0,-0.03432760051324313,-0.9994106342455054,8.0,16.0,75.0,68.0,73.9,71.3,75.6,,,,,,,,,,,,,,,,,,1.64696690920006,4.299999999999997,-1.0999999999999943,-3.700000000000003,0.5999999999999943,-7.0,5.900000000000006,3.299999999999997,la,t_plus_8h
la,KXHIGHLAX-26JUL04,2026-07-04,17.0,76.0,KXHIGHLAX-26JUL04-T74,5,17.0,-0.03432760051324313,-0.9994106342455054,9.0,15.0,75.0,69.8,74.3,71.3,75.6,,,,,,,,,,,,,,,,,,1.6530275254816535,4.299999999999997,-0.7000000000000028,-3.700000000000003,0.5999999999999943,-5.200000000000003,4.5,1.5,la,t_plus_9h
la,KXHIGHLAX-26JUL04,2026-07-04,18.0,76.0,KXHIGHLAX-26JUL04-T74,5,18.0,-0.03432760051324313,-0.9994106342455054,10.0,14.0,75.0,69.8,76.6,71.3,75.7,,,,,,,,,,,,,,,,,,2.0155644370746377,5.299999999999997,1.5999999999999943,-3.700000000000003,0.7000000000000028,-5.200000000000003,6.799999999999997,1.5,la,t_plus_10h
la,KXHIGHLAX-26JUL04,2026-07-04,19.0,76.0,KXHIGHLAX-26JUL04-T74,5,19.0,-0.03432760051324313,-0.9994106342455054,11.0,13.0,75.0,73.4,75.8,73.4,75.8,,,,,,,,,,,,,,,,,,0.9797958971132678,2.3999999999999915,0.7999999999999972,-1.5999999999999943,0.7999999999999972,-1.5999999999999943,2.3999999999999915,0.0,la,t_plus_11h
la,KXHIGHLAX-26JUL04,2026-07-04,20.0,76.0,KXHIGHLAX-26JUL04-T74,5,20.0,-0.03432760051324313,-0.9994106342455054,12.0,12.0,75.0,73.4,75.8,73.4,75.8,,,,,,,,,,,,,,,,,,0.9797958971132678,2.3999999999999915,0.7999999999999972,-1.5999999999999943,0.7999999999999972,-1.5999999999999943,2.3999999999999915,0.0,la,t_plus_12h
la,KXHIGHLAX-26JUL04,2026-07-04,21.0,76.0,KXHIGHLAX-26JUL04-T74,5,21.0,-0.03432760051324313,-0.9994106342455054,13.0,11.0,75.0,73.4,74.3,73.4,75.8,,,,,,,,,,,,,,,,,,0.884236959191367,2.3999999999999915,-0.7000000000000028,-1.5999999999999943,0.7999999999999972,-1.5999999999999943,0.8999999999999915,0.0,la,t_plus_13h
la,KXHIGHLAX-26JUL04,2026-07-04,22.0,76.0,KXHIGHLAX-26JUL04-T74,5,22.0,-0.03432760051324313,-0.9994106342455054,14.0,10.0,75.0,75.2,75.2,75.2,75.7,,,,,,,,,,,,,,,,,,0.2586020108197158,0.7000000000000028,0.20000000000000284,0.20000000000000284,0.7000000000000028,0.20000000000000284,0.0,0.0,la,t_plus_14h
la,KXHIGHLAX-26JUL04,2026-07-04,23.0,76.0,KXHIGHLAX-26JUL04-T74,5,23.0,-0.03432760051324313,-0.9994106342455054,15.0,9.0,75.0,75.2,75.2,75.2,75.7,,,,,,,,,,,,,,,,,,0.2586020108197158,0.7000000000000028,0.20000000000000284,0.20000000000000284,0.7000000000000028,0.20000000000000284,0.0,0.0,la,t_plus_15h
la,KXHIGHLAX-26JUL04,2026-07-04,0.0,76.0,KXHIGHLAX-26JUL04-T74,5,0.0,-0.03432760051324313,-0.9994106342455054,16.0,8.0,75.0,75.2,75.2,75.2,75.0,,,,,,,,,,,,,,,,,,0.10000000000000142,0.20000000000000284,0.20000000000000284,0.20000000000000284,0.0,0.20000000000000284,0.0,0.0,la,t_plus_16h
la,KXHIGHLAX-26JUL04,2026-07-04,1.0,76.0,KXHIGHLAX-26JUL04-T74,5,1.0,-0.03432760051324313,-0.9994106342455054,17.0,7.0,75.0,75.2,75.2,75.2,75.0,,,,,,,,,,,,,,,,,,0.10000000000000142,0.20000000000000284,0.20000000000000284,0.20000000000000284,0.0,0.20000000000000284,0.0,0.0,la,t_plus_17h
la,KXHIGHLAX-26JUL04,2026-07-04,2.0,76.0,KXHIGHLAX-26JUL04-T74,5,2.0,-0.03432760051324313,-0.9994106342455054,18.0,6.0,72.0,75.2,75.2,75.2,75.0,,,,,,,,,,,,,,,,,,1.3592277219068196,3.200000000000003,3.200000000000003,3.200000000000003,3.0,3.200000000000003,0.0,0.0,la,t_plus_18h
la,KXHIGHLAX-26JUL04,2026-07-04,3.0,76.0,KXHIGHLAX-26JUL04-T74,5,3.0,-0.03432760051324313,-0.9994106342455054,19.0,5.0,70.0,75.2,75.2,75.2,74.5,,,,,,,,,,,,,,,,,,2.169533359964765,5.200000000000003,5.200000000000003,5.200000000000003,4.5,5.200000000000003,0.0,0.0,la,t_plus_19h
la,KXHIGHLAX-26JUL04,2026-07-04,4.0,76.0,KXHIGHLAX-26JUL04-T74,5,4.0,-0.03432760051324313,-0.9994106342455054,20.0,4.0,70.0,75.2,75.2,75.2,74.8,,,,,,,,,,,,,,,,,,2.2000000000000006,5.200000000000003,5.200000000000003,5.200000000000003,4.799999999999997,5.200000000000003,0.0,0.0,la,t_plus_20h
la,KXHIGHLAX-26JUL04,2026-07-04,5.0,76.0,KXHIGHLAX-26JUL04-T74,5,5.0,-0.03432760051324313,-0.9994106342455054,21.0,3.0,68.0,75.2,75.2,75.2,74.8,,,,,,,,,,,,,,,,,,3.064310689208913,7.200000000000003,7.200000000000003,7.200000000000003,6.799999999999997,7.200000000000003,0.0,0.0,la,t_plus_21h
la,KXHIGHLAX-26JUL04,2026-07-04,6.0,76.0,KXHIGHLAX-26JUL04-T74,5,6.0,-0.03432760051324313,-0.9994106342455054,22.0,2.0,68.0,75.2,75.2,75.2,73.8,,,,,,,,,,,,,,,,,,2.9711109033491168,7.200000000000003,7.200000000000003,7.200000000000003,5.799999999999997,7.200000000000003,0.0,0.0,la,t_plus_22h
la,KXHIGHLAX-26JUL04,2026-07-04,7.0,76.0,KXHIGHLAX-26JUL04-T74,5,7.0,-0.03432760051324313,-0.9994106342455054,23.0,1.0,68.0,75.2,75.2,75.2,73.9,,,,,,,,,,,,,,,,,,2.9777298399955643,7.200000000000003,7.200000000000003,7.200000000000003,5.900000000000006,7.200000000000003,0.0,0.0,la,t_plus_23h
mia,KXHIGHMIA-26JUL04,2026-07-04,5.0,93.0,KXHIGHMIA-26JUL04-B92.5,3,5.0,-0.03432760051324313,-0.9994106342455054,0.0,24.0,91.0,,89.1,90.1,90.0,,,,,,,,,,,,,,,,,,0.6726812023536874,1.9000000000000057,-1.9000000000000057,-0.9000000000000057,-1.0,,,,mia,t_plus_0h
mia,KXHIGHMIA-26JUL04,2026-07-04,6.0,93.0,KXHIGHMIA-26JUL04-B92.5,3,6.0,-0.03432760051324313,-0.9994106342455054,1.0,23.0,91.0,82.4,89.1,90.1,90.1,,,,,,,,,,,,,,,,,,0.6722164829874395,1.9000000000000057,-1.9000000000000057,-0.9000000000000057,-0.9000000000000057,-8.599999999999994,6.699999999999989,7.699999999999989,mia,t_plus_1h
mia,KXHIGHMIA-26JUL04,2026-07-04,7.0,93.0,KXHIGHMIA-26JUL04-B92.5,3,7.0,-0.03432760051324313,-0.9994106342455054,2.0,22.0,92.0,84.2,90.0,90.1,90.0,,,,,,,,,,,,,,,,,,0.8525696452489974,2.0,-2.0,-1.9000000000000057,-2.0,-7.799999999999997,5.799999999999997,5.8999999999999915,mia,t_plus_2h
mia,KXHIGHMIA-26JUL04,2026-07-04,8.0,93.0,KXHIGHMIA-26JUL04-B92.5,3,8.0,-0.03432760051324313,-0.9994106342455054,3.0,21.0,92.0,84.2,90.0,90.1,90.0,,,,,,,,,,,,,,,,,,0.8525696452489974,2.0,-2.0,-1.9000000000000057,-2.0,-7.799999999999997,5.799999999999997,5.8999999999999915,mia,t_plus_3h
mia,KXHIGHMIA-26JUL04,2026-07-04,9.0,93.0,KXHIGHMIA-26JUL04-B92.5,3,9.0,-0.03432760051324313,-0.9994106342455054,4.0,20.0,92.0,84.2,90.0,89.9,90.0,,,,,,,,,,,,,,,,,,0.8814051281902088,2.0999999999999943,-2.0,-2.0999999999999943,-2.0,-7.799999999999997,5.799999999999997,5.700000000000003,mia,t_plus_4h
mia,KXHIGHMIA-26JUL04,2026-07-04,10.0,93.0,KXHIGHMIA-26JUL04-B92.5,3,10.0,-0.03432760051324313,-0.9994106342455054,5.0,19.0,92.0,84.2,89.9,89.9,90.0,,,,,,,,,,,,,,,,,,0.8958236433584441,2.0999999999999943,-2.0999999999999943,-2.0999999999999943,-2.0,-7.799999999999997,5.700000000000003,5.700000000000003,mia,t_plus_5h
mia,KXHIGHMIA-26JUL04,2026-07-04,11.0,93.0,KXHIGHMIA-26JUL04-B92.5,3,11.0,-0.03432760051324313,-0.9994106342455054,6.0,18.0,92.0,84.2,89.9,89.9,90.0,,,,,,,,,,,,,,,,,,0.8958236433584441,2.0999999999999943,-2.0999999999999943,-2.0999999999999943,-2.0,-7.799999999999997,5.700000000000003,5.700000000000003,mia,t_plus_6h
mia,KXHIGHMIA-26JUL04,2026-07-04,12.0,93.0,KXHIGHMIA-26JUL04-B92.5,3,12.0,-0.03432760051324313,-0.9994106342455054,7.0,17.0,92.0,84.2,90.7,89.9,89.9,,,,,,,,,,,,,,,,,,0.8584142356694674,2.0999999999999943,-1.2999999999999972,-2.0999999999999943,-2.0999999999999943,-7.799999999999997,6.5,5.700000000000003,mia,t_plus_7h
mia,KXHIGHMIA-26JUL04,2026-07-04,13.0,93.0,KXHIGHMIA-26JUL04-B92.5,3,13.0,-0.03432760051324313,-0.9994106342455054,8.0,16.0,92.0,84.2,87.3,89.9,89.9,,,,,,,,,,,,,,,,,,1.6663958113245496,4.700000000000003,-4.700000000000003,-2.0999999999999943,-2.0999999999999943,-7.799999999999997,3.0999999999999943,5.700000000000003,mia,t_plus_8h
mia,KXHIGHMIA-26JUL04,2026-07-04,14.0,93.0,KXHIGHMIA-26JUL04-B92.5,3,14.0,-0.03432760051324313,-0.9994106342455054,9.0,15.0,92.0,87.8,87.8,89.9,89.9,,,,,,,,,,,,,,,,,,1.4849242404917506,4.200000000000003,-4.200000000000003,-2.0999999999999943,-2.0999999999999943,-4.200000000000003,0.0,2.1000000000000085,mia,t_plus_9h
mia,KXHIGHMIA-26JUL04,2026-07-04,15.0,93.0,KXHIGHMIA-26JUL04-B92.5,3,15.0,-0.03432760051324313,-0.9994106342455054,10.0,14.0,92.0,89.6,89.6,89.9,89.9,,,,,,,,,,,,,,,,,,0.960468635614927,2.4000000000000057,-2.4000000000000057,-2.0999999999999943,-2.0999999999999943,-2.4000000000000057,0.0,0.30000000000001137,mia,t_plus_10h
mia,KXHIGHMIA-26JUL04,2026-07-04,16.0,93.0,KXHIGHMIA-26JUL04-B92.5,3,16.0,-0.03432760051324313,-0.9994106342455054,11.0,13.0,92.0,89.6,91.3,89.9,89.9,,,,,,,,,,,,,,,,,,0.9093266739736574,2.0999999999999943,-0.7000000000000028,-2.0999999999999943,-2.0999999999999943,-2.4000000000000057,1.7000000000000028,0.30000000000001137,mia,t_plus_11h
mia,KXHIGHMIA-26JUL04,2026-07-04,17.0,93.0,KXHIGHMIA-26JUL04-B92.5,3,17.0,-0.03432760051324313,-0.9994106342455054,12.0,12.0,92.0,91.4,91.7,91.4,89.9,,,,,,,,,,,,,,,,,,0.8077747210701739,2.0999999999999943,-0.29999999999999716,-0.5999999999999943,-2.0999999999999943,-0.5999999999999943,0.29999999999999716,0.0,mia,t_plus_12h
mia,KXHIGHMIA-26JUL04,2026-07-04,18.0,93.0,KXHIGHMIA-26JUL04-B92.5,3,18.0,-0.03432760051324313,-0.9994106342455054,13.0,11.0,92.0,91.4,91.4,91.4,90.1,,,,,,,,,,,,,,,,,,0.6941721688457441,1.9000000000000057,-0.5999999999999943,-0.5999999999999943,-1.9000000000000057,-0.5999999999999943,0.0,0.0,mia,t_plus_13h
mia,KXHIGHMIA-26JUL04,2026-07-04,19.0,93.0,KXHIGHMIA-26JUL04-B92.5,3,19.0,-0.03432760051324313,-0.9994106342455054,14.0,10.0,92.0,91.4,91.4,91.4,90.1,,,,,,,,,,,,,,,,,,0.6941721688457441,1.9000000000000057,-0.5999999999999943,-0.5999999999999943,-1.9000000000000057,-0.5999999999999943,0.0,0.0,mia,t_plus_14h
mia,KXHIGHMIA-26JUL04,2026-07-04,20.0,93.0,KXHIGHMIA-26JUL04-B92.5,3,20.0,-0.03432760051324313,-0.9994106342455054,15.0,9.0,93.0,91.4,91.4,91.4,90.1,,,,,,,,,,,,,,,,,,1.0280442597476063,2.9000000000000057,-1.5999999999999943,-1.5999999999999943,-2.9000000000000057,-1.5999999999999943,0.0,0.0,mia,t_plus_15h
mia,KXHIGHMIA-26JUL04,2026-07-04,21.0,93.0,KXHIGHMIA-26JUL04-B92.5,3,21.0,-0.03432760051324313,-0.9994106342455054,16.0,8.0,93.0,93.2,93.2,93.2,90.1,,,,,,,,,,,,,,,,,,1.316007218825189,3.1000000000000085,0.20000000000000284,0.20000000000000284,-2.9000000000000057,0.20000000000000284,0.0,0.0,mia,t_plus_16h
mia,KXHIGHMIA-26JUL04,2026-07-04,22.0,93.0,KXHIGHMIA-26JUL04-B92.5,3,22.0,-0.03432760051324313,-0.9994106342455054,17.0,7.0,93.0,93.2,93.2,93.2,90.2,,,,,,,,,,,,,,,,,,1.2727922061357853,3.0,0.20000000000000284,0.20000000000000284,-2.799999999999997,0.20000000000000284,0.0,0.0,mia,t_plus_17h
mia,KXHIGHMIA-26JUL04,2026-07-04,23.0,93.0,KXHIGHMIA-26JUL04-B92.5,3,23.0,-0.03432760051324313,-0.9994106342455054,18.0,6.0,86.0,93.2,93.2,93.2,90.2,,,,,,,,,,,,,,,,,,2.9508473359359013,7.200000000000003,7.200000000000003,7.200000000000003,4.200000000000003,7.200000000000003,0.0,0.0,mia,t_plus_18h
mia,KXHIGHMIA-26JUL04,2026-07-04,0.0,93.0,KXHIGHMIA-26JUL04-B92.5,3,0.0,-0.03432760051324313,-0.9994106342455054,19.0,5.0,85.0,93.2,93.2,93.2,84.1,,,,,,,,,,,,,,,,,,4.336689405525836,9.100000000000009,8.200000000000003,8.200000000000003,-0.9000000000000057,8.200000000000003,0.0,0.0,mia,t_plus_19h
mia,KXHIGHMIA-26JUL04,2026-07-04,1.0,93.0,KXHIGHMIA-26JUL04-B92.5,3,1.0,-0.03432760051324313,-0.9994106342455054,20.0,4.0,85.0,93.2,93.2,93.2,84.1,,,,,,,,,,,,,,,,,,4.336689405525836,9.100000000000009,8.200000000000003,8.200000000000003,-0.9000000000000057,8.200000000000003,0.0,0.0,mia,t_plus_20h
mia,KXHIGHMIA-26JUL04,2026-07-04,2.0,93.0,KXHIGHMIA-26JUL04-B92.5,3,2.0,-0.03432760051324313,-0.9994106342455054,21.0,3.0,82.0,93.2,93.2,93.2,84.1,,,,,,,,,,,,,,,,,,5.129022811413498,11.200000000000003,11.200000000000003,11.200000000000003,2.0999999999999943,11.200000000000003,0.0,0.0,mia,t_plus_21h
mia,KXHIGHMIA-26JUL04,2026-07-04,3.0,93.0,KXHIGHMIA-26JUL04-B92.5,3,3.0,-0.03432760051324313,-0.9994106342455054,22.0,2.0,82.0,93.2,93.2,93.2,84.1,,,,,,,,,,,,,,,,,,5.129022811413498,11.200000000000003,11.200000000000003,11.200000000000003,2.0999999999999943,11.200000000000003,0.0,0.0,mia,t_plus_22h
mia,KXHIGHMIA-26JUL04,2026-07-04,4.0,93.0,KXHIGHMIA-26JUL04-B92.5,3,4.0,-0.03432760051324313,-0.9994106342455054,23.0,1.0,81.0,93.2,93.2,93.2,83.7,,,,,,,,,,,,,,,,,,5.508345940479774,12.200000000000003,12.200000000000003,12.200000000000003,2.700000000000003,12.200000000000003,0.0,0.0,mia,t_plus_23h
nyc,KXHIGHNY-26JUL04,2026-07-04,5.0,94.0,KXHIGHNY-26JUL04-T98,0,5.0,-0.03432760051324313,-0.9994106342455054,0.0,24.0,96.0,,98.3,96.2,97.2,,,,,,,,,,,,,,,,,,0.9148087231765979,2.299999999999997,2.299999999999997,0.20000000000000284,1.2000000000000028,,,,nyc,t_plus_0h
nyc,KXHIGHNY-26JUL04,2026-07-04,6.0,94.0,KXHIGHNY-26JUL04-T98,0,6.0,-0.03432760051324313,-0.9994106342455054,1.0,23.0,96.0,,98.3,96.2,97.7,,,,,,,,,,,,,,,,,,0.9759610647971557,2.299999999999997,2.299999999999997,0.20000000000000284,1.7000000000000028,,,,nyc,t_plus_1h
nyc,KXHIGHNY-26JUL04,2026-07-04,7.0,94.0,KXHIGHNY-26JUL04-T98,0,7.0,-0.03432760051324313,-0.9994106342455054,2.0,22.0,96.0,77.0,98.5,96.2,98.4,,,,,,,,,,,,,,,,,,1.1776565713313885,2.5,2.5,0.20000000000000284,2.4000000000000057,-19.0,21.5,19.200000000000003,nyc,t_plus_2h
nyc,KXHIGHNY-26JUL04,2026-07-04,8.0,94.0,KXHIGHNY-26JUL04-T98,0,8.0,-0.03432760051324313,-0.9994106342455054,3.0,21.0,95.0,77.0,98.5,96.2,98.4,,,,,,,,,,,,,,,,,,1.4872373717735856,3.5,3.5,1.2000000000000028,3.4000000000000057,-18.0,21.5,19.200000000000003,nyc,t_plus_3h
nyc,KXHIGHNY-26JUL04,2026-07-04,9.0,94.0,KXHIGHNY-26JUL04-T98,0,9.0,-0.03432760051324313,-0.9994106342455054,4.0,20.0,95.0,78.08,98.1,96.2,98.4,,,,,,,,,,,,,,,,,,1.3953046262375826,3.4000000000000057,3.0999999999999943,1.2000000000000028,3.4000000000000057,-16.92,20.019999999999996,18.120000000000005,nyc,t_plus_4h
nyc,KXHIGHNY-26JUL04,2026-07-04,10.0,94.0,KXHIGHNY-26JUL04-T98,0,10.0,-0.03432760051324313,-0.9994106342455054,5.0,19.0,95.0,78.08,98.4,96.2,98.4,,,,,,,,,,,,,,,,,,1.4628738838327817,3.4000000000000057,3.4000000000000057,1.2000000000000028,3.4000000000000057,-16.92,20.320000000000007,18.120000000000005,nyc,t_plus_5h
nyc,KXHIGHNY-26JUL04,2026-07-04,11.0,94.0,KXHIGHNY-26JUL04-T98,0,11.0,-0.03432760051324313,-0.9994106342455054,6.0,18.0,95.0,78.08,98.4,96.2,98.0,,,,,,,,,,,,,,,,,,1.3747727084867531,3.4000000000000057,3.4000000000000057,1.2000000000000028,3.0,-16.92,20.320000000000007,18.120000000000005,nyc,t_plus_6h
nyc,KXHIGHNY-26JUL04,2026-07-04,12.0,94.0,KXHIGHNY-26JUL04-T98,0,12.0,-0.03432760051324313,-0.9994106342455054,7.0,17.0,95.0,78.08,98.6,96.2,98.0,,,,,,,,,,,,,,,,,,1.4309088021254164,3.5999999999999943,3.5999999999999943,1.2000000000000028,3.0,-16.92,20.519999999999996,18.120000000000005,nyc,t_plus_7h
nyc,KXHIGHNY-26JUL04,2026-07-04,13.0,94.0,KXHIGHNY-26JUL04-T98,0,13.0,-0.03432760051324313,-0.9994106342455054,8.0,16.0,95.0,80.96,98.9,96.2,98.0,,,,,,,,,,,,,,,,,,1.5204851199534983,3.9000000000000057,3.9000000000000057,1.2000000000000028,3.0,-14.040000000000006,17.940000000000012,15.240000000000009,nyc,t_plus_8h
nyc,KXHIGHNY-26JUL04,2026-07-04,14.0,94.0,KXHIGHNY-26JUL04-T98,0,14.0,-0.03432760051324313,-0.9994106342455054,9.0,15.0,95.0,82.04,98.9,96.2,98.0,,,,,,,,,,,,,,,,,,1.5204851199534983,3.9000000000000057,3.9000000000000057,1.2000000000000028,3.0,-12.959999999999994,16.86,14.159999999999997,nyc,t_plus_9h
nyc,KXHIGHNY-26JUL04,2026-07-04,15.0,94.0,KXHIGHNY-26JUL04-T98,0,15.0,-0.03432760051324313,-0.9994106342455054,10.0,14.0,95.0,87.08,98.6,97.1,98.0,,,,,,,,,,,,,,,,,,1.3645054048995173,3.5999999999999943,3.5999999999999943,2.0999999999999943,3.0,-7.920000000000002,11.519999999999996,10.019999999999996,nyc,t_plus_10h
nyc,KXHIGHNY-26JUL04,2026-07-04,16.0,94.0,KXHIGHNY-26JUL04-T98,0,16.0,-0.03432760051324313,-0.9994106342455054,11.0,13.0,95.0,89.06,98.5,97.1,98.1,,,,,,,,,,,,,,,,,,1.3553136168429791,3.5,3.5,2.0999999999999943,3.0999999999999943,-5.939999999999998,9.439999999999998,8.039999999999992,nyc,t_plus_11h
nyc,KXHIGHNY-26JUL04,2026-07-04,17.0,94.0,KXHIGHNY-26JUL04-T98,0,17.0,-0.03432760051324313,-0.9994106342455054,12.0,12.0,95.0,91.04,98.0,97.1,98.1,,,,,,,,,,,,,,,,,,1.24599357943771,3.0999999999999943,3.0,2.0999999999999943,3.0999999999999943,-3.9599999999999937,6.959999999999994,6.059999999999988,nyc,t_plus_12h
nyc,KXHIGHNY-26JUL04,2026-07-04,18.0,94.0,KXHIGHNY-26JUL04-T98,0,18.0,-0.03432760051324313,-0.9994106342455054,13.0,11.0,95.0,93.02,98.0,97.1,98.1,,,,,,,,,,,,,,,,,,1.24599357943771,3.0999999999999943,3.0,2.0999999999999943,3.0999999999999943,-1.980000000000004,4.980000000000004,4.079999999999998,nyc,t_plus_13h
nyc,KXHIGHNY-26JUL04,2026-07-04,19.0,94.0,KXHIGHNY-26JUL04-T98,0,19.0,-0.03432760051324313,-0.9994106342455054,14.0,10.0,95.0,93.02,97.2,97.1,98.2,,,,,,,,,,,,,,,,,,1.1648497757221752,3.200000000000003,2.200000000000003,2.0999999999999943,3.200000000000003,-1.980000000000004,4.180000000000007,4.079999999999998,nyc,t_plus_14h
nyc,KXHIGHNY-26JUL04,2026-07-04,20.0,94.0,KXHIGHNY-26JUL04-T98,0,20.0,-0.03432760051324313,-0.9994106342455054,15.0,9.0,94.0,93.02,97.2,97.1,98.2,,,,,,,,,,,,,,,,,,1.5753967754188154,4.200000000000003,3.200000000000003,3.0999999999999943,4.200000000000003,-0.980000000000004,4.180000000000007,4.079999999999998,nyc,t_plus_15h
nyc,KXHIGHNY-26JUL04,2026-07-04,21.0,94.0,KXHIGHNY-26JUL04-T98,0,21.0,-0.03432760051324313,-0.9994106342455054,16.0,8.0,94.0,93.02,96.7,96.2,98.2,,,,,,,,,,,,,,,,,,1.505614492491356,4.200000000000003,2.700000000000003,2.200000000000003,4.200000000000003,-0.980000000000004,3.680000000000007,3.180000000000007,nyc,t_plus_16h
nyc,KXHIGHNY-26JUL04,2026-07-04,22.0,94.0,KXHIGHNY-26JUL04-T98,0,22.0,-0.03432760051324313,-0.9994106342455054,17.0,7.0,94.0,93.02,95.4,95.5,97.9,,,,,,,,,,,,,,,,,,1.4017845768876205,3.9000000000000057,1.4000000000000057,1.5,3.9000000000000057,-0.980000000000004,2.3800000000000097,2.480000000000004,nyc,t_plus_17h
nyc,KXHIGHNY-26JUL04,2026-07-04,23.0,94.0,KXHIGHNY-26JUL04-T98,0,23.0,-0.03432760051324313,-0.9994106342455054,18.0,6.0,94.0,93.92,94.3,93.92,97.9,,,,,,,,,,,,,,,,,,1.6630393861842263,3.980000000000004,0.29999999999999716,-0.0799999999999983,3.9000000000000057,-0.0799999999999983,0.37999999999999545,0.0,nyc,t_plus_18h
nyc,KXHIGHNY-26JUL04,2026-07-04,0.0,94.0,KXHIGHNY-26JUL04-T98,0,0.0,-0.03432760051324313,-0.9994106342455054,19.0,5.0,93.0,93.92,93.92,93.92,89.4,,,,,,,,,,,,,,,,,,1.8626862323000064,4.519999999999996,0.9200000000000017,0.9200000000000017,-3.5999999999999943,0.9200000000000017,0.0,0.0,nyc,t_plus_19h
nyc,KXHIGHNY-26JUL04,2026-07-04,1.0,94.0,KXHIGHNY-26JUL04-T98,0,1.0,-0.03432760051324313,-0.9994106342455054,20.0,4.0,90.0,93.92,93.92,93.92,89.4,,,,,,,,,,,,,,,,,,2.120636696843662,4.519999999999996,3.9200000000000017,3.9200000000000017,-0.5999999999999943,3.9200000000000017,0.0,0.0,nyc,t_plus_20h
nyc,KXHIGHNY-26JUL04,2026-07-04,2.0,94.0,KXHIGHNY-26JUL04-T98,0,2.0,-0.03432760051324313,-0.9994106342455054,21.0,3.0,86.0,93.92,93.92,93.92,89.4,,,,,,,,,,,,,,,,,,3.334231545648862,7.920000000000002,7.920000000000002,7.920000000000002,3.4000000000000057,7.920000000000002,0.0,0.0,nyc,t_plus_21h
nyc,KXHIGHNY-26JUL04,2026-07-04,3.0,94.0,KXHIGHNY-26JUL04-T98,0,3.0,-0.03432760051324313,-0.9994106342455054,22.0,2.0,83.0,93.92,93.92,93.92,89.5,,,,,,,,,,,,,,,,,,4.470847235144587,10.920000000000002,10.920000000000002,10.920000000000002,6.5,10.920000000000002,0.0,0.0,nyc,t_plus_22h
nyc,KXHIGHNY-26JUL04,2026-07-04,4.0,94.0,KXHIGHNY-26JUL04-T98,0,4.0,-0.03432760051324313,-0.9994106342455054,23.0,1.0,81.0,93.92,93.92,93.92,91.0,,,,,,,,,,,,,,,,,,5.308634476021117,12.920000000000002,12.920000000000002,12.920000000000002,10.0,12.920000000000002,0.0,0.0,nyc,t_plus_23h
okc,KXHIGHTOKC-26JUL04,2026-07-04,6.0,100.0,KXHIGHTOKC-26JUL04-B100.5,2,6.0,-0.03432760051324313,-0.9994106342455054,0.0,24.0,99.0,,101.0,99.1,99.7,,,,,,,,,,,,,,,,,,0.7968688725254625,2.0,2.0,0.09999999999999432,0.7000000000000028,,,,okc,t_plus_0h
okc,KXHIGHTOKC-26JUL04,2026-07-04,7.0,100.0,KXHIGHTOKC-26JUL04-B100.5,2,7.0,-0.03432760051324313,-0.9994106342455054,1.0,23.0,100.0,75.2,101.1,99.1,99.5,,,,,,,,,,,,,,,,,,0.7495832175282469,2.0,1.0999999999999943,-0.9000000000000057,-0.5,-24.799999999999997,25.89999999999999,23.89999999999999,okc,t_plus_1h
okc,KXHIGHTOKC-26JUL04,2026-07-04,8.0,100.0,KXHIGHTOKC-26JUL04-B100.5,2,8.0,-0.03432760051324313,-0.9994106342455054,2.0,22.0,100.0,78.8,101.1,99.1,99.5,,,,,,,,,,,,,,,,,,0.7495832175282469,2.0,1.0999999999999943,-0.9000000000000057,-0.5,-21.200000000000003,22.299999999999997,20.299999999999997,okc,t_plus_2h
okc,KXHIGHTOKC-26JUL04,2026-07-04,9.0,100.0,KXHIGHTOKC-26JUL04-B100.5,2,9.0,-0.03432760051324313,-0.9994106342455054,3.0,21.0,100.0,78.8,101.1,98.9,99.5,,,,,,,,,,,,,,,,,,0.8073877630977533,2.1999999999999886,1.0999999999999943,-1.0999999999999943,-0.5,-21.200000000000003,22.299999999999997,20.10000000000001,okc,t_plus_3h
okc,KXHIGHTOKC-26JUL04,2026-07-04,10.0,100.0,KXHIGHTOKC-26JUL04-B100.5,2,10.0,-0.03432760051324313,-0.9994106342455054,4.0,20.0,100.0,78.8,101.1,98.9,99.5,,,,,,,,,,,,,,,,,,0.8073877630977533,2.1999999999999886,1.0999999999999943,-1.0999999999999943,-0.5,-21.200000000000003,22.299999999999997,20.10000000000001,okc,t_plus_4h
okc,KXHIGHTOKC-26JUL04,2026-07-04,11.0,100.0,KXHIGHTOKC-26JUL04-B100.5,2,11.0,-0.03432760051324313,-0.9994106342455054,5.0,19.0,100.0,78.8,101.1,98.9,99.5,,,,,,,,,,,,,,,,,,0.8073877630977533,2.1999999999999886,1.0999999999999943,-1.0999999999999943,-0.5,-21.200000000000003,22.299999999999997,20.10000000000001,okc,t_plus_5h
okc,KXHIGHTOKC-26JUL04,2026-07-04,12.0,100.0,KXHIGHTOKC-26JUL04-B100.5,2,12.0,-0.03432760051324313,-0.9994106342455054,6.0,18.0,100.0,78.8,100.5,98.9,99.7,,,,,,,,,,,,,,,,,,0.5804093383121928,1.5999999999999943,0.5,-1.0999999999999943,-0.29999999999999716,-21.200000000000003,21.700000000000003,20.10000000000001,okc,t_plus_6h
okc,KXHIGHTOKC-26JUL04,2026-07-04,13.0,100.0,KXHIGHTOKC-26JUL04-B100.5,2,13.0,-0.03432760051324313,-0.9994106342455054,7.0,17.0,100.0,78.8,100.4,98.9,99.7,,,,,,,,,,,,,,,,,,0.5499999999999995,1.5,0.4000000000000057,-1.0999999999999943,-0.29999999999999716,-21.200000000000003,21.60000000000001,20.10000000000001,okc,t_plus_7h
okc,KXHIGHTOKC-26JUL04,2026-07-04,14.0,100.0,KXHIGHTOKC-26JUL04-B100.5,2,14.0,-0.03432760051324313,-0.9994106342455054,8.0,16.0,100.0,82.4,100.4,98.9,99.7,,,,,,,,,,,,,,,,,,0.5499999999999995,1.5,0.4000000000000057,-1.0999999999999943,-0.29999999999999716,-17.599999999999994,18.0,16.5,okc,t_plus_8h
okc,KXHIGHTOKC-26JUL04,2026-07-04,15.0,100.0,KXHIGHTOKC-26JUL04-B100.5,2,15.0,-0.03432760051324313,-0.9994106342455054,9.0,15.0,100.0,86.0,100.1,99.5,99.2,,,,,,,,,,,,,,,,,,0.3674234614174742,0.8999999999999915,0.09999999999999432,-0.5,-0.7999999999999972,-14.0,14.099999999999994,13.5,okc,t_plus_9h
okc,KXHIGHTOKC-26JUL04,2026-07-04,16.0,100.0,KXHIGHTOKC-26JUL04-B100.5,2,16.0,-0.03432760051324313,-0.9994106342455054,10.0,14.0,100.0,89.6,100.3,99.5,99.2,,,,,,,,,,,,,,,,,,0.4272001872658747,1.0999999999999943,0.29999999999999716,-0.5,-0.7999999999999972,-10.400000000000006,10.700000000000003,9.900000000000006,okc,t_plus_10h
okc,KXHIGHTOKC-26JUL04,2026-07-04,17.0,100.0,KXHIGHTOKC-26JUL04-B100.5,2,17.0,-0.03432760051324313,-0.9994106342455054,11.0,13.0,100.0,93.2,100.2,99.5,99.2,,,,,,,,,,,,,,,,,,0.3960744879438714,1.0,0.20000000000000284,-0.5,-0.7999999999999972,-6.799999999999997,7.0,6.299999999999997,okc,t_plus_11h
okc,KXHIGHTOKC-26JUL04,2026-07-04,18.0,100.0,KXHIGHTOKC-26JUL04-B100.5,2,18.0,-0.03432760051324313,-0.9994106342455054,12.0,12.0,100.0,95.0,100.6,99.5,99.2,,,,,,,,,,,,,,,,,,0.5309190145398796,1.3999999999999915,0.5999999999999943,-0.5,-0.7999999999999972,-5.0,5.599999999999994,4.5,okc,t_plus_12h
okc,KXHIGHTOKC-26JUL04,2026-07-04,19.0,100.0,KXHIGHTOKC-26JUL04-B100.5,2,19.0,-0.03432760051324313,-0.9994106342455054,13.0,11.0,100.0,96.8,100.2,99.5,99.1,,,,,,,,,,,,,,,,,,0.43011626335213415,1.1000000000000085,0.20000000000000284,-0.5,-0.9000000000000057,-3.200000000000003,3.4000000000000057,2.700000000000003,okc,t_plus_13h
okc,KXHIGHTOKC-26JUL04,2026-07-04,20.0,100.0,KXHIGHTOKC-26JUL04-B100.5,2,20.0,-0.03432760051324313,-0.9994106342455054,14.0,10.0,100.0,98.6,100.2,99.5,99.1,,,,,,,,,,,,,,,,,,0.43011626335213415,1.1000000000000085,0.20000000000000284,-0.5,-0.9000000000000057,-1.4000000000000057,1.6000000000000085,0.9000000000000057,okc,t_plus_14h
okc,KXHIGHTOKC-26JUL04,2026-07-04,21.0,100.0,KXHIGHTOKC-26JUL04-B100.5,2,21.0,-0.03432760051324313,-0.9994106342455054,15.0,9.0,100.0,98.6,100.2,99.5,99.1,,,,,,,,,,,,,,,,,,0.43011626335213415,1.1000000000000085,0.20000000000000284,-0.5,-0.9000000000000057,-1.4000000000000057,1.6000000000000085,0.9000000000000057,okc,t_plus_15h
okc,KXHIGHTOKC-26JUL04,2026-07-04,22.0,100.0,KXHIGHTOKC-26JUL04-B100.5,2,22.0,-0.03432760051324313,-0.9994106342455054,16.0,8.0,100.0,100.4,100.4,100.4,99.1,,,,,,,,,,,,,,,,,,0.5309190145398872,1.3000000000000114,0.4000000000000057,0.4000000000000057,-0.9000000000000057,0.4000000000000057,0.0,0.0,okc,t_plus_16h
okc,KXHIGHTOKC-26JUL04,2026-07-04,23.0,100.0,KXHIGHTOKC-26JUL04-B100.5,2,23.0,-0.03432760051324313,-0.9994106342455054,17.0,7.0,100.0,100.4,100.4,100.4,99.1,,,,,,,,,,,,,,,,,,0.5309190145398872,1.3000000000000114,0.4000000000000057,0.4000000000000057,-0.9000000000000057,0.4000000000000057,0.0,0.0,okc,t_plus_17h
okc,KXHIGHTOKC-26JUL04,2026-07-04,0.0,100.0,KXHIGHTOKC-26JUL04-B100.5,2,0.0,-0.03432760051324313,-0.9994106342455054,18.0,6.0,100.0,100.4,100.4,100.4,96.1,,,,,,,,,,,,,,,,,,1.8115946014492357,4.300000000000011,0.4000000000000057,0.4000000000000057,-3.9000000000000057,0.4000000000000057,0.0,0.0,okc,t_plus_18h
okc,KXHIGHTOKC-26JUL04,2026-07-04,1.0,100.0,KXHIGHTOKC-26JUL04-B100.5,2,1.0,-0.03432760051324313,-0.9994106342455054,19.0,5.0,98.0,100.4,100.4,100.4,96.1,,,,,,,,,,,,,,,,,,1.8046814123273993,4.300000000000011,2.4000000000000057,2.4000000000000057,-1.9000000000000057,2.4000000000000057,0.0,0.0,okc,t_plus_19h
okc,KXHIGHTOKC-26JUL04,2026-07-04,2.0,100.0,KXHIGHTOKC-26JUL04-B100.5,2,2.0,-0.03432760051324313,-0.9994106342455054,20.0,4.0,95.0,100.4,100.4,100.4,96.1,,,,,,,,,,,,,,,,,,2.455987581401832,5.400000000000006,5.400000000000006,5.400000000000006,1.0999999999999943,5.400000000000006,0.0,0.0,okc,t_plus_20h
okc,KXHIGHTOKC-26JUL04,2026-07-04,3.0,100.0,KXHIGHTOKC-26JUL04-B100.5,2,3.0,-0.03432760051324313,-0.9994106342455054,21.0,3.0,89.0,100.4,100.4,100.4,96.1,,,,,,,,,,,,,,,,,,4.659063747149209,11.400000000000006,11.400000000000006,11.400000000000006,7.099999999999994,11.400000000000006,0.0,0.0,okc,t_plus_21h
okc,KXHIGHTOKC-26JUL04,2026-07-04,4.0,100.0,KXHIGHTOKC-26JUL04-B100.5,2,4.0,-0.03432760051324313,-0.9994106342455054,22.0,2.0,87.0,100.4,100.4,100.4,96.1,,,,,,,,,,,,,,,,,,5.47100310729212,13.400000000000006,13.400000000000006,13.400000000000006,9.099999999999994,13.400000000000006,0.0,0.0,okc,t_plus_22h
okc,KXHIGHTOKC-26JUL04,2026-07-04,5.0,100.0,KXHIGHTOKC-26JUL04-B100.5,2,5.0,-0.03432760051324313,-0.9994106342455054,23.0,1.0,84.0,100.4,100.4,100.4,96.1,,,,,,,,,,,,,,,,,,6.714303761373924,16.400000000000006,16.400000000000006,16.400000000000006,12.099999999999994,16.400000000000006,0.0,0.0,okc,t_plus_23h
aus,KXHIGHAUS-26JUL05,2026-07-05,6.0,96.0,KXHIGHAUS-26JUL05-B96.5,2,6.0,-0.051478754770346045,-0.9986740898848305,0.0,24.0,97.0,,98.8,96.0,98.2,,,,,,,,,,,,,,,,,,1.0816653826391964,2.799999999999997,1.7999999999999972,-1.0,1.2000000000000028,,,,aus,t_plus_0h
aus,KXHIGHAUS-26JUL05,2026-07-05,7.0,96.0,KXHIGHAUS-26JUL05-B96.5,2,7.0,-0.051478754770346045,-0.9986740898848305,1.0,23.0,97.0,80.6,98.7,96.0,97.9,,,,,,,,,,,,,,,,,,1.0074720839804958,2.700000000000003,1.7000000000000028,-1.0,0.9000000000000057,-16.400000000000006,18.10000000000001,15.400000000000006,aus,t_plus_1h
aus,KXHIGHAUS-26JUL05,2026-07-05,8.0,96.0,KXHIGHAUS-26JUL05-B96.5,2,8.0,-0.051478754770346045,-0.9986740898848305,2.0,22.0,97.0,80.6,98.7,96.0,97.9,,,,,,,,,,,,,,,,,,1.0074720839804958,2.700000000000003,1.7000000000000028,-1.0,0.9000000000000057,-16.400000000000006,18.10000000000001,15.400000000000006,aus,t_plus_2h
aus,KXHIGHAUS-26JUL05,2026-07-05,9.0,96.0,KXHIGHAUS-26JUL05-B96.5,2,9.0,-0.051478754770346045,-0.9986740898848305,3.0,21.0,97.0,80.6,98.9,95.8,97.9,,,,,,,,,,,,,,,,,,1.1423659658795897,3.1000000000000085,1.9000000000000057,-1.2000000000000028,0.9000000000000057,-16.400000000000006,18.30000000000001,15.200000000000003,aus,t_plus_3h
aus,KXHIGHAUS-26JUL05,2026-07-05,10.0,96.0,KXHIGHAUS-26JUL05-B96.5,2,10.0,-0.051478754770346045,-0.9986740898848305,4.0,20.0,97.0,80.6,98.9,95.8,97.8,,,,,,,,,,,,,,,,,,1.1321991874224278,3.1000000000000085,1.9000000000000057,-1.2000000000000028,0.7999999999999972,-16.400000000000006,18.30000000000001,15.200000000000003,aus,t_plus_4h
aus,KXHIGHAUS-26JUL05,2026-07-05,11.0,96.0,KXHIGHAUS-26JUL05-B96.5,2,11.0,-0.051478754770346045,-0.9986740898848305,5.0,19.0,97.0,80.6,98.7,95.8,97.8,,,,,,,,,,,,,,,,,,1.0662434056068077,2.9000000000000057,1.7000000000000028,-1.2000000000000028,0.7999999999999972,-16.400000000000006,18.10000000000001,15.200000000000003,aus,t_plus_5h
aus,KXHIGHAUS-26JUL05,2026-07-05,12.0,96.0,KXHIGHAUS-26JUL05-B96.5,2,12.0,-0.051478754770346045,-0.9986740898848305,6.0,18.0,97.0,80.6,98.5,95.8,98.0,,,,,,,,,,,,,,,,,,1.032896413005681,2.700000000000003,1.5,-1.2000000000000028,1.0,-16.400000000000006,17.900000000000006,15.200000000000003,aus,t_plus_6h
aus,KXHIGHAUS-26JUL05,2026-07-05,13.0,96.0,KXHIGHAUS-26JUL05-B96.5,2,13.0,-0.051478754770346045,-0.9986740898848305,7.0,17.0,97.0,80.6,98.6,95.8,98.0,,,,,,,,,,,,,,,,,,1.0618380290797644,2.799999999999997,1.5999999999999943,-1.2000000000000028,1.0,-16.400000000000006,18.0,15.200000000000003,aus,t_plus_7h
aus,KXHIGHAUS-26JUL05,2026-07-05,14.0,96.0,KXHIGHAUS-26JUL05-B96.5,2,14.0,-0.051478754770346045,-0.9986740898848305,8.0,16.0,97.0,80.6,98.6,95.8,98.0,,,,,,,,,,,,,,,,,,1.0618380290797644,2.799999999999997,1.5999999999999943,-1.2000000000000028,1.0,-16.400000000000006,18.0,15.200000000000003,aus,t_plus_8h
aus,KXHIGHAUS-26JUL05,2026-07-05,15.0,96.0,KXHIGHAUS-26JUL05-B96.5,2,15.0,-0.051478754770346045,-0.9986740898848305,9.0,15.0,97.0,82.4,98.3,96.2,97.7,,,,,,,,,,,,,,,,,,0.7842193570679046,2.0999999999999943,1.2999999999999972,-0.7999999999999972,0.7000000000000028,-14.599999999999994,15.899999999999991,13.799999999999997,aus,t_plus_9h
aus,KXHIGHAUS-26JUL05,2026-07-05,16.0,96.0,KXHIGHAUS-26JUL05-B96.5,2,16.0,-0.051478754770346045,-0.9986740898848305,10.0,14.0,97.0,87.8,98.5,96.2,97.1,,,,,,,,,,,,,,,,,,0.8276472678623418,2.299999999999997,1.5,-0.7999999999999972,0.09999999999999432,-9.200000000000003,10.700000000000003,8.400000000000006,aus,t_plus_10h
aus,KXHIGHAUS-26JUL05,2026-07-05,17.0,96.0,KXHIGHAUS-26JUL05-B96.5,2,17.0,-0.051478754770346045,-0.9986740898848305,11.0,13.0,97.0,89.6,98.3,96.2,97.1,,,,,,,,,,,,,,,,,,0.7499999999999981,2.0999999999999943,1.2999999999999972,-0.7999999999999972,0.09999999999999432,-7.400000000000006,8.700000000000003,6.6000000000000085,aus,t_plus_11h
aus,KXHIGHAUS-26JUL05,2026-07-05,18.0,96.0,KXHIGHAUS-26JUL05-B96.5,2,18.0,-0.051478754770346045,-0.9986740898848305,12.0,12.0,97.0,91.4,98.2,96.2,97.1,,,,,,,,,,,,,,,,,,0.7119515432949073,2.0,1.2000000000000028,-0.7999999999999972,0.09999999999999432,-5.599999999999994,6.799999999999997,4.799999999999997,aus,t_plus_12h
aus,KXHIGHAUS-26JUL05,2026-07-05,19.0,96.0,KXHIGHAUS-26JUL05-B96.5,2,19.0,-0.051478754770346045,-0.9986740898848305,13.0,11.0,97.0,95.0,98.3,96.2,96.9,,,,,,,,,,,,,,,,,,0.7582875444051527,2.0999999999999943,1.2999999999999972,-0.7999999999999972,-0.09999999999999432,-2.0,3.299999999999997,1.2000000000000028,aus,t_plus_13h
aus,KXHIGHAUS-26JUL05,2026-07-05,20.0,96.0,KXHIGHAUS-26JUL05-B96.5,2,20.0,-0.051478754770346045,-0.9986740898848305,14.0,10.0,97.0,95.0,98.3,96.2,96.9,,,,,,,,,,,,,,,,,,0.7582875444051527,2.0999999999999943,1.2999999999999972,-0.7999999999999972,-0.09999999999999432,-2.0,3.299999999999997,1.2000000000000028,aus,t_plus_14h
aus,KXHIGHAUS-26JUL05,2026-07-05,21.0,96.0,KXHIGHAUS-26JUL05-B96.5,2,21.0,-0.051478754770346045,-0.9986740898848305,15.0,9.0,97.0,96.8,97.6,96.8,96.9,,,,,,,,,,,,,,,,,,0.31124748994971574,0.7999999999999972,0.5999999999999943,-0.20000000000000284,-0.09999999999999432,-0.20000000000000284,0.7999999999999972,0.0,aus,t_plus_15h
aus,KXHIGHAUS-26JUL05,2026-07-05,22.0,96.0,KXHIGHAUS-26JUL05-B96.5,2,22.0,-0.051478754770346045,-0.9986740898848305,16.0,8.0,97.0,96.8,96.8,96.8,96.9,,,,,,,,,,,,,,,,,,0.08291561975888671,0.20000000000000284,-0.20000000000000284,-0.20000000000000284,-0.09999999999999432,-0.20000000000000284,0.0,0.0,aus,t_plus_16h
aus,KXHIGHAUS-26JUL05,2026-07-05,23.0,96.0,KXHIGHAUS-26JUL05-B96.5,2,23.0,-0.051478754770346045,-0.9986740898848305,17.0,7.0,97.0,96.8,96.8,96.8,96.7,,,,,,,,,,,,,,,,,,0.10897247358851635,0.29999999999999716,-0.20000000000000284,-0.20000000000000284,-0.29999999999999716,-0.20000000000000284,0.0,0.0,aus,t_plus_17h
aus,KXHIGHAUS-26JUL05,2026-07-05,0.0,96.0,KXHIGHAUS-26JUL05-B96.5,2,0.0,-0.051478754770346045,-0.9986740898848305,18.0,6.0,95.0,96.8,96.8,96.8,95.0,,,,,,,,,,,,,,,,,,0.8999999999999986,1.7999999999999972,1.7999999999999972,1.7999999999999972,0.0,1.7999999999999972,0.0,0.0,aus,t_plus_18h
aus,KXHIGHAUS-26JUL05,2026-07-05,1.0,96.0,KXHIGHAUS-26JUL05-B96.5,2,1.0,-0.051478754770346045,-0.9986740898848305,19.0,5.0,93.0,96.8,96.8,96.8,95.0,,,,,,,,,,,,,,,,,,1.568438714135811,3.799999999999997,3.799999999999997,3.799999999999997,2.0,3.799999999999997,0.0,0.0,aus,t_plus_19h
aus,KXHIGHAUS-26JUL05,2026-07-05,2.0,96.0,KXHIGHAUS-26JUL05-B96.5,2,2.0,-0.051478754770346045,-0.9986740898848305,20.0,4.0,91.0,96.8,96.8,96.8,95.0,,,,,,,,,,,,,,,,,,2.368543856465401,5.799999999999997,5.799999999999997,5.799999999999997,4.0,5.799999999999997,0.0,0.0,aus,t_plus_20h
aus,KXHIGHAUS-26JUL05,2026-07-05,3.0,96.0,KXHIGHAUS-26JUL05-B96.5,2,3.0,-0.051478754770346045,-0.9986740898848305,21.0,3.0,89.0,96.8,96.8,96.8,94.9,,,,,,,,,,,,,,,,,,3.1987302168204175,7.799999999999997,7.799999999999997,7.799999999999997,5.900000000000006,7.799999999999997,0.0,0.0,aus,t_plus_21h
aus,KXHIGHAUS-26JUL05,2026-07-05,4.0,96.0,KXHIGHAUS-26JUL05-B96.5,2,4.0,-0.051478754770346045,-0.9986740898848305,22.0,2.0,87.0,96.8,96.8,96.8,94.5,,,,,,,,,,,,,,,,,,4.022670133132966,9.799999999999997,9.799999999999997,9.799999999999997,7.5,9.799999999999997,0.0,0.0,aus,t_plus_22h
aus,KXHIGHAUS-26JUL05,2026-07-05,5.0,96.0,KXHIGHAUS-26JUL05-B96.5,2,5.0,-0.051478754770346045,-0.9986740898848305,23.0,1.0,86.0,96.8,96.8,96.8,94.5,,,,,,,,,,,,,,,,,,4.444870639287491,10.799999999999997,10.799999999999997,10.799999999999997,8.5,10.799999999999997,0.0,0.0,aus,t_plus_23h
den,KXHIGHDEN-26JUL05,2026-07-05,7.0,95.0,KXHIGHDEN-26JUL05-T94,5,7.0,-0.051478754770346045,-0.9986740898848305,0.0,24.0,92.0,,94.5,90.5,93.0,,,,,,,,,,,,,,,,,,1.4577379737113252,4.0,2.5,-1.5,1.0,,,,den,t_plus_0h
den,KXHIGHDEN-26JUL05,2026-07-05,8.0,95.0,KXHIGHDEN-26JUL05-T94,5,8.0,-0.051478754770346045,-0.9986740898848305,1.0,23.0,93.0,,94.5,90.5,93.0,,,,,,,,,,,,,,,,,,1.4361406616345072,4.0,1.5,-2.5,0.0,,,,den,t_plus_1h
den,KXHIGHDEN-26JUL05,2026-07-05,9.0,95.0,KXHIGHDEN-26JUL05-T94,5,9.0,-0.051478754770346045,-0.9986740898848305,2.0,22.0,93.0,66.02,94.6,91.2,93.0,,,,,,,,,,,,,,,,,,1.2031209415515933,3.3999999999999915,1.5999999999999943,-1.7999999999999972,0.0,-26.980000000000004,28.58,25.180000000000007,den,t_plus_2h
den,KXHIGHDEN-26JUL05,2026-07-05,10.0,95.0,KXHIGHDEN-26JUL05-T94,5,10.0,-0.051478754770346045,-0.9986740898848305,3.0,21.0,93.0,66.02,94.6,91.2,93.2,,,,,,,,,,,,,,,,,,1.2083045973594544,3.3999999999999915,1.5999999999999943,-1.7999999999999972,0.20000000000000284,-26.980000000000004,28.58,25.180000000000007,den,t_plus_3h
den,KXHIGHDEN-26JUL05,2026-07-05,11.0,95.0,KXHIGHDEN-26JUL05-T94,5,11.0,-0.051478754770346045,-0.9986740898848305,4.0,20.0,93.0,66.02,95.0,91.2,93.2,,,,,,,,,,,,,,,,,,1.34536240470737,3.799999999999997,2.0,-1.7999999999999972,0.20000000000000284,-26.980000000000004,28.980000000000004,25.180000000000007,den,t_plus_4h
den,KXHIGHDEN-26JUL05,2026-07-05,12.0,95.0,KXHIGHDEN-26JUL05-T94,5,12.0,-0.051478754770346045,-0.9986740898848305,5.0,19.0,93.0,66.02,94.6,91.2,93.3,,,,,,,,,,,,,,,,,,1.2132085558550898,3.3999999999999915,1.5999999999999943,-1.7999999999999972,0.29999999999999716,-26.980000000000004,28.58,25.180000000000007,den,t_plus_5h
den,KXHIGHDEN-26JUL05,2026-07-05,13.0,95.0,KXHIGHDEN-26JUL05-T94,5,13.0,-0.051478754770346045,-0.9986740898848305,6.0,18.0,93.0,66.02,94.0,91.2,93.3,,,,,,,,,,,,,,,,,,1.0328964130056784,2.799999999999997,1.0,-1.7999999999999972,0.29999999999999716,-26.980000000000004,27.980000000000004,25.180000000000007,den,t_plus_6h
den,KXHIGHDEN-26JUL05,2026-07-05,14.0,95.0,KXHIGHDEN-26JUL05-T94,5,14.0,-0.051478754770346045,-0.9986740898848305,7.0,17.0,93.0,66.02,94.0,91.2,93.3,,,,,,,,,,,,,,,,,,1.0328964130056784,2.799999999999997,1.0,-1.7999999999999972,0.29999999999999716,-26.980000000000004,27.980000000000004,25.180000000000007,den,t_plus_7h
den,KXHIGHDEN-26JUL05,2026-07-05,15.0,95.0,KXHIGHDEN-26JUL05-T94,5,15.0,-0.051478754770346045,-0.9986740898848305,8.0,16.0,93.0,71.96,94.5,92.8,93.2,,,,,,,,,,,,,,,,,,0.664736790015417,1.7000000000000028,1.5,-0.20000000000000284,0.20000000000000284,-21.040000000000006,22.540000000000006,20.840000000000003,den,t_plus_8h
den,KXHIGHDEN-26JUL05,2026-07-05,16.0,95.0,KXHIGHDEN-26JUL05-T94,5,16.0,-0.051478754770346045,-0.9986740898848305,9.0,15.0,93.0,75.92,95.2,92.8,93.3,,,,,,,,,,,,,,,,,,0.954921462739216,2.4000000000000057,2.200000000000003,-0.20000000000000284,0.29999999999999716,-17.08,19.28,16.879999999999995,den,t_plus_9h
den,KXHIGHDEN-26JUL05,2026-07-05,17.0,95.0,KXHIGHDEN-26JUL05-T94,5,17.0,-0.051478754770346045,-0.9986740898848305,10.0,14.0,93.0,82.04,94.5,92.8,93.3,,,,,,,,,,,,,,,,,,0.6595452979136467,1.7000000000000028,1.5,-0.20000000000000284,0.29999999999999716,-10.959999999999994,12.459999999999994,10.759999999999991,den,t_plus_10h
den,KXHIGHDEN-26JUL05,2026-07-05,18.0,95.0,KXHIGHDEN-26JUL05-T94,5,18.0,-0.051478754770346045,-0.9986740898848305,11.0,13.0,93.0,87.08,93.3,92.8,93.3,,,,,,,,,,,,,,,,,,0.21213203435596392,0.5,0.29999999999999716,-0.20000000000000284,0.29999999999999716,-5.920000000000002,6.219999999999999,5.719999999999999,den,t_plus_11h
den,KXHIGHDEN-26JUL05,2026-07-05,19.0,95.0,KXHIGHDEN-26JUL05-T94,5,19.0,-0.051478754770346045,-0.9986740898848305,12.0,12.0,93.0,89.06,95.0,92.8,93.3,,,,,,,,,,,,,,,,,,0.8699856320652665,2.200000000000003,2.0,-0.20000000000000284,0.29999999999999716,-3.9399999999999977,5.939999999999998,3.739999999999995,den,t_plus_12h
den,KXHIGHDEN-26JUL05,2026-07-05,20.0,95.0,KXHIGHDEN-26JUL05-T94,5,20.0,-0.051478754770346045,-0.9986740898848305,13.0,11.0,93.0,91.94,95.0,92.8,93.3,,,,,,,,,,,,,,,,,,0.8699856320652665,2.200000000000003,2.0,-0.20000000000000284,0.29999999999999716,-1.0600000000000023,3.0600000000000023,0.8599999999999994,den,t_plus_13h
den,KXHIGHDEN-26JUL05,2026-07-05,21.0,95.0,KXHIGHDEN-26JUL05-T94,5,21.0,-0.051478754770346045,-0.9986740898848305,14.0,10.0,93.0,91.94,94.5,92.8,93.3,,,,,,,,,,,,,,,,,,0.6595452979136467,1.7000000000000028,1.5,-0.20000000000000284,0.29999999999999716,-1.0600000000000023,2.5600000000000023,0.8599999999999994,den,t_plus_14h
den,KXHIGHDEN-26JUL05,2026-07-05,22.0,95.0,KXHIGHDEN-26JUL05-T94,5,22.0,-0.051478754770346045,-0.9986740898848305,15.0,9.0,93.0,93.92,94.0,93.92,93.3,,,,,,,,,,,,,,,,,,0.4196129168650563,1.0,1.0,0.9200000000000017,0.29999999999999716,0.9200000000000017,0.0799999999999983,0.0,den,t_plus_15h
den,KXHIGHDEN-26JUL05,2026-07-05,23.0,95.0,KXHIGHDEN-26JUL05-T94,5,23.0,-0.051478754770346045,-0.9986740898848305,16.0,8.0,93.0,93.92,94.0,93.92,93.4,,,,,,,,,,,,,,,,,,0.40644802865803126,1.0,1.0,0.9200000000000017,0.4000000000000057,0.9200000000000017,0.0799999999999983,0.0,den,t_plus_16h
den,KXHIGHDEN-26JUL05,2026-07-05,0.0,95.0,KXHIGHDEN-26JUL05-T94,5,0.0,-0.051478754770346045,-0.9986740898848305,17.0,7.0,93.0,95.0,95.0,95.0,90.9,,,,,,,,,,,,,,,,,,1.6961353129983445,4.099999999999994,2.0,2.0,-2.0999999999999943,2.0,0.0,0.0,den,t_plus_17h
den,KXHIGHDEN-26JUL05,2026-07-05,1.0,95.0,KXHIGHDEN-26JUL05-T94,5,1.0,-0.051478754770346045,-0.9986740898848305,18.0,6.0,92.0,95.0,95.0,95.0,90.9,,,,,,,,,,,,,,,,,,1.817106215937856,4.099999999999994,3.0,3.0,-1.0999999999999943,3.0,0.0,0.0,den,t_plus_18h
den,KXHIGHDEN-26JUL05,2026-07-05,2.0,95.0,KXHIGHDEN-26JUL05-T94,5,2.0,-0.051478754770346045,-0.9986740898848305,19.0,5.0,90.0,95.0,95.0,95.0,90.9,,,,,,,,,,,,,,,,,,2.2971449671276725,5.0,5.0,5.0,0.9000000000000057,5.0,0.0,0.0,den,t_plus_19h
den,KXHIGHDEN-26JUL05,2026-07-05,3.0,95.0,KXHIGHDEN-26JUL05-T94,5,3.0,-0.051478754770346045,-0.9986740898848305,20.0,4.0,88.0,95.0,95.0,95.0,90.8,,,,,,,,,,,,,,,,,,2.9698484809835,7.0,7.0,7.0,2.799999999999997,7.0,0.0,0.0,den,t_plus_20h
den,KXHIGHDEN-26JUL05,2026-07-05,4.0,95.0,KXHIGHDEN-26JUL05-T94,5,4.0,-0.051478754770346045,-0.9986740898848305,21.0,3.0,80.0,95.0,95.0,95.0,91.8,,,,,,,,,,,,,,,,,,6.173127246380071,15.0,15.0,15.0,11.799999999999997,15.0,0.0,0.0,den,t_plus_21h
den,KXHIGHDEN-26JUL05,2026-07-05,5.0,95.0,KXHIGHDEN-26JUL05-T94,5,5.0,-0.051478754770346045,-0.9986740898848305,22.0,2.0,78.0,95.0,95.0,95.0,91.8,,,,,,,,,,,,,,,,,,7.021929934142038,17.0,17.0,17.0,13.799999999999997,17.0,0.0,0.0,den,t_plus_22h
den,KXHIGHDEN-26JUL05,2026-07-05,6.0,95.0,KXHIGHDEN-26JUL05-T94,5,6.0,-0.051478754770346045,-0.9986740898848305,23.0,1.0,78.0,95.0,95.0,95.0,90.8,,,,,,,,,,,,,,,,,,6.96921803361037,17.0,17.0,17.0,12.799999999999997,17.0,0.0,0.0,den,t_plus_23h
la,KXHIGHLAX-26JUL05,2026-07-05,8.0,75.0,KXHIGHLAX-26JUL05-B74.5,3,8.0,-0.051478754770346045,-0.9986740898848305,0.0,24.0,73.0,,73.6,70.6,76.2,,,,,,,,,,,,,,,,,,1.9918584287042116,5.6000000000000085,0.5999999999999943,-2.4000000000000057,3.200000000000003,,,,la,t_plus_0h
la,KXHIGHLAX-26JUL05,2026-07-05,9.0,75.0,KXHIGHLAX-26JUL05-B74.5,3,9.0,-0.051478754770346045,-0.9986740898848305,1.0,23.0,73.0,64.4,74.5,71.2,76.2,,,,,,,,,,,,,,,,,,1.845772196128222,5.0,1.5,-1.7999999999999972,3.200000000000003,-8.599999999999994,10.099999999999994,6.799999999999997,la,t_plus_1h
la,KXHIGHLAX-26JUL05,2026-07-05,10.0,75.0,KXHIGHLAX-26JUL05-B74.5,3,10.0,-0.051478754770346045,-0.9986740898848305,2.0,22.0,73.0,64.94,74.5,71.2,76.2,,,,,,,,,,,,,,,,,,1.845772196128222,5.0,1.5,-1.7999999999999972,3.200000000000003,-8.060000000000002,9.560000000000002,6.260000000000005,la,t_plus_2h
la,KXHIGHLAX-26JUL05,2026-07-05,11.0,75.0,KXHIGHLAX-26JUL05-B74.5,3,11.0,-0.051478754770346045,-0.9986740898848305,3.0,21.0,73.0,64.94,74.9,71.2,76.2,,,,,,,,,,,,,,,,,,1.8952242611363972,5.0,1.9000000000000057,-1.7999999999999972,3.200000000000003,-8.060000000000002,9.960000000000008,6.260000000000005,la,t_plus_3h
la,KXHIGHLAX-26JUL05,2026-07-05,12.0,75.0,KXHIGHLAX-26JUL05-B74.5,3,12.0,-0.051478754770346045,-0.9986740898848305,4.0,20.0,73.0,64.94,72.5,71.2,76.2,,,,,,,,,,,,,,,,,,1.8389874931602992,5.0,-0.5,-1.7999999999999972,3.200000000000003,-8.060000000000002,7.560000000000002,6.260000000000005,la,t_plus_4h
la,KXHIGHLAX-26JUL05,2026-07-05,13.0,75.0,KXHIGHLAX-26JUL05-B74.5,3,13.0,-0.051478754770346045,-0.9986740898848305,5.0,19.0,73.0,64.94,73.7,71.2,76.2,,,,,,,,,,,,,,,,,,1.7935648859185442,5.0,0.7000000000000028,-1.7999999999999972,3.200000000000003,-8.060000000000002,8.760000000000005,6.260000000000005,la,t_plus_5h
la,KXHIGHLAX-26JUL05,2026-07-05,14.0,75.0,KXHIGHLAX-26JUL05-B74.5,3,14.0,-0.051478754770346045,-0.9986740898848305,6.0,18.0,73.0,66.2,73.7,71.2,76.2,,,,,,,,,,,,,,,,,,1.7935648859185442,5.0,0.7000000000000028,-1.7999999999999972,3.200000000000003,-6.799999999999997,7.5,5.0,la,t_plus_6h
la,KXHIGHLAX-26JUL05,2026-07-05,15.0,75.0,KXHIGHLAX-26JUL05-B74.5,3,15.0,-0.051478754770346045,-0.9986740898848305,7.0,17.0,73.0,66.2,74.1,71.9,76.2,,,,,,,,,,,,,,,,,,1.5890248582070694,4.299999999999997,1.0999999999999943,-1.0999999999999943,3.200000000000003,-6.799999999999997,7.8999999999999915,5.700000000000003,la,t_plus_7h
la,KXHIGHLAX-26JUL05,2026-07-05,16.0,75.0,KXHIGHLAX-26JUL05-B74.5,3,16.0,-0.051478754770346045,-0.9986740898848305,8.0,16.0,73.0,69.8,73.4,71.9,76.2,,,,,,,,,,,,,,,,,,1.5848895860595458,4.299999999999997,0.4000000000000057,-1.0999999999999943,3.200000000000003,-3.200000000000003,3.6000000000000085,2.1000000000000085,la,t_plus_8h
la,KXHIGHLAX-26JUL05,2026-07-05,17.0,75.0,KXHIGHLAX-26JUL05-B74.5,3,17.0,-0.051478754770346045,-0.9986740898848305,9.0,15.0,73.0,71.6,74.6,71.9,76.2,,,,,,,,,,,,,,,,,,1.6269219403523931,4.299999999999997,1.5999999999999943,-1.0999999999999943,3.200000000000003,-1.4000000000000057,3.0,0.30000000000001137,la,t_plus_9h
la,KXHIGHLAX-26JUL05,2026-07-05,18.0,75.0,KXHIGHLAX-26JUL05-B74.5,3,18.0,-0.051478754770346045,-0.9986740898848305,10.0,14.0,73.0,71.96,75.8,71.96,75.9,,,,,,,,,,,,,,,,,,1.7250144926927453,3.940000000000012,2.799999999999997,-1.0400000000000063,2.9000000000000057,-1.0400000000000063,3.8400000000000034,0.0,la,t_plus_10h
la,KXHIGHLAX-26JUL05,2026-07-05,19.0,75.0,KXHIGHLAX-26JUL05-B74.5,3,19.0,-0.051478754770346045,-0.9986740898848305,11.0,13.0,74.0,73.4,74.7,73.4,75.8,,,,,,,,,,,,,,,,,,0.8926785535678536,2.3999999999999915,0.7000000000000028,-0.5999999999999943,1.7999999999999972,-0.5999999999999943,1.2999999999999972,0.0,la,t_plus_11h
la,KXHIGHLAX-26JUL05,2026-07-05,20.0,75.0,KXHIGHLAX-26JUL05-B74.5,3,20.0,-0.051478754770346045,-0.9986740898848305,12.0,12.0,74.0,73.4,74.0,73.4,75.8,,,,,,,,,,,,,,,,,,0.8999999999999974,2.3999999999999915,0.0,-0.5999999999999943,1.7999999999999972,-0.5999999999999943,0.5999999999999943,0.0,la,t_plus_12h
la,KXHIGHLAX-26JUL05,2026-07-05,21.0,75.0,KXHIGHLAX-26JUL05-B74.5,3,21.0,-0.051478754770346045,-0.9986740898848305,13.0,11.0,74.0,73.4,73.4,73.4,75.8,,,,,,,,,,,,,,,,,,0.9836157786452967,2.3999999999999915,-0.5999999999999943,-0.5999999999999943,1.7999999999999972,-0.5999999999999943,0.0,0.0,la,t_plus_13h
la,KXHIGHLAX-26JUL05,2026-07-05,22.0,75.0,KXHIGHLAX-26JUL05-B74.5,3,22.0,-0.051478754770346045,-0.9986740898848305,14.0,10.0,74.0,75.2,75.2,75.2,75.8,,,,,,,,,,,,,,,,,,0.6538348415311006,1.7999999999999972,1.2000000000000028,1.2000000000000028,1.7999999999999972,1.2000000000000028,0.0,0.0,la,t_plus_14h
la,KXHIGHLAX-26JUL05,2026-07-05,23.0,75.0,KXHIGHLAX-26JUL05-B74.5,3,23.0,-0.051478754770346045,-0.9986740898848305,15.0,9.0,74.0,75.2,75.2,75.2,75.8,,,,,,,,,,,,,,,,,,0.6538348415311006,1.7999999999999972,1.2000000000000028,1.2000000000000028,1.7999999999999972,1.2000000000000028,0.0,0.0,la,t_plus_15h
la,KXHIGHLAX-26JUL05,2026-07-05,0.0,75.0,KXHIGHLAX-26JUL05-B74.5,3,0.0,-0.051478754770346045,-0.9986740898848305,16.0,8.0,74.0,75.2,75.2,75.2,75.4,,,,,,,,,,,,,,,,,,0.5545268253204727,1.4000000000000057,1.2000000000000028,1.2000000000000028,1.4000000000000057,1.2000000000000028,0.0,0.0,la,t_plus_16h
la,KXHIGHLAX-26JUL05,2026-07-05,1.0,75.0,KXHIGHLAX-26JUL05-B74.5,3,1.0,-0.051478754770346045,-0.9986740898848305,17.0,7.0,73.0,75.2,75.2,75.2,75.4,,,,,,,,,,,,,,,,,,0.9848857801796121,2.4000000000000057,2.200000000000003,2.200000000000003,2.4000000000000057,2.200000000000003,0.0,0.0,la,t_plus_17h
la,KXHIGHLAX-26JUL05,2026-07-05,2.0,75.0,KXHIGHLAX-26JUL05-B74.5,3,2.0,-0.051478754770346045,-0.9986740898848305,18.0,6.0,69.0,75.2,75.2,75.2,75.4,,,,,,,,,,,,,,,,,,2.714774392099647,6.400000000000006,6.200000000000003,6.200000000000003,6.400000000000006,6.200000000000003,0.0,0.0,la,t_plus_18h
la,KXHIGHLAX-26JUL05,2026-07-05,3.0,75.0,KXHIGHLAX-26JUL05-B74.5,3,3.0,-0.051478754770346045,-0.9986740898848305,19.0,5.0,69.0,75.2,75.2,75.2,75.4,,,,,,,,,,,,,,,,,,2.714774392099647,6.400000000000006,6.200000000000003,6.200000000000003,6.400000000000006,6.200000000000003,0.0,0.0,la,t_plus_19h
la,KXHIGHLAX-26JUL05,2026-07-05,4.0,75.0,KXHIGHLAX-26JUL05-B74.5,3,4.0,-0.051478754770346045,-0.9986740898848305,20.0,4.0,69.0,75.2,75.2,75.2,75.5,,,,,,,,,,,,,,,,,,2.730727924931373,6.5,6.200000000000003,6.200000000000003,6.5,6.200000000000003,0.0,0.0,la,t_plus_20h
la,KXHIGHLAX-26JUL05,2026-07-05,5.0,75.0,KXHIGHLAX-26JUL05-B74.5,3,5.0,-0.051478754770346045,-0.9986740898848305,21.0,3.0,67.0,75.2,75.2,75.2,75.5,,,,,,,,,,,,,,,,,,3.5960916284210565,8.5,8.200000000000003,8.200000000000003,8.5,8.200000000000003,0.0,0.0,la,t_plus_21h
la,KXHIGHLAX-26JUL05,2026-07-05,6.0,75.0,KXHIGHLAX-26JUL05-B74.5,3,6.0,-0.051478754770346045,-0.9986740898848305,22.0,2.0,67.0,75.2,75.2,75.2,75.2,,,,,,,,,,,,,,,,,,3.5507041555161996,8.200000000000003,8.200000000000003,8.200000000000003,8.200000000000003,8.200000000000003,0.0,0.0,la,t_plus_22h
la,KXHIGHLAX-26JUL05,2026-07-05,7.0,75.0,KXHIGHLAX-26JUL05-B74.5,3,7.0,-0.051478754770346045,-0.9986740898848305,23.0,1.0,65.0,75.2,75.2,75.2,75.2,,,,,,,,,,,,,,,,,,4.416729559300638,10.200000000000003,10.200000000000003,10.200000000000003,10.200000000000003,10.200000000000003,0.0,0.0,la,t_plus_23h
mia,KXHIGHMIA-26JUL05,2026-07-05,5.0,94.0,KXHIGHMIA-26JUL05-B93.5,4,5.0,-0.051478754770346045,-0.9986740898848305,0.0,24.0,91.0,,89.9,89.7,89.8,,,,,,,,,,,,,,,,,,0.5244044240850751,1.2999999999999972,-1.0999999999999943,-1.2999999999999972,-1.2000000000000028,,,,mia,t_plus_0h
mia,KXHIGHMIA-26JUL05,2026-07-05,6.0,94.0,KXHIGHMIA-26JUL05-B93.5,4,6.0,-0.051478754770346045,-0.9986740898848305,1.0,23.0,91.0,82.4,87.9,89.7,89.8,,,,,,,,,,,,,,,,,,1.1067971810589305,3.0999999999999943,-3.0999999999999943,-1.2999999999999972,-1.2000000000000028,-8.599999999999994,5.5,7.299999999999997,mia,t_plus_1h
mia,KXHIGHMIA-26JUL05,2026-07-05,7.0,94.0,KXHIGHMIA-26JUL05-B93.5,4,7.0,-0.051478754770346045,-0.9986740898848305,2.0,22.0,91.0,82.4,86.8,89.7,89.8,,,,,,,,,,,,,,,,,,1.5449514555480388,4.200000000000003,-4.200000000000003,-1.2999999999999972,-1.2000000000000028,-8.599999999999994,4.3999999999999915,7.299999999999997,mia,t_plus_2h
mia,KXHIGHMIA-26JUL05,2026-07-05,8.0,94.0,KXHIGHMIA-26JUL05-B93.5,4,8.0,-0.051478754770346045,-0.9986740898848305,3.0,21.0,91.0,82.94,86.8,89.7,89.8,,,,,,,,,,,,,,,,,,1.5449514555480388,4.200000000000003,-4.200000000000003,-1.2999999999999972,-1.2000000000000028,-8.060000000000002,3.8599999999999994,6.760000000000005,mia,t_plus_3h
mia,KXHIGHMIA-26JUL05,2026-07-05,9.0,94.0,KXHIGHMIA-26JUL05-B93.5,4,9.0,-0.051478754770346045,-0.9986740898848305,4.0,20.0,91.0,82.94,88.8,89.3,89.8,,,,,,,,,,,,,,,,,,0.8166241485530549,2.200000000000003,-2.200000000000003,-1.7000000000000028,-1.2000000000000028,-8.060000000000002,5.859999999999999,6.359999999999999,mia,t_plus_4h
mia,KXHIGHMIA-26JUL05,2026-07-05,10.0,94.0,KXHIGHMIA-26JUL05-B93.5,4,10.0,-0.051478754770346045,-0.9986740898848305,5.0,19.0,91.0,82.94,88.8,89.3,89.7,,,,,,,,,,,,,,,,,,0.8154753215150057,2.200000000000003,-2.200000000000003,-1.7000000000000028,-1.2999999999999972,-8.060000000000002,5.859999999999999,6.359999999999999,mia,t_plus_5h
mia,KXHIGHMIA-26JUL05,2026-07-05,11.0,94.0,KXHIGHMIA-26JUL05-B93.5,4,11.0,-0.051478754770346045,-0.9986740898848305,6.0,18.0,91.0,82.94,91.2,89.3,89.7,,,,,,,,,,,,,,,,,,0.8154753215150057,1.9000000000000057,0.20000000000000284,-1.7000000000000028,-1.2999999999999972,-8.060000000000002,8.260000000000005,6.359999999999999,mia,t_plus_6h
mia,KXHIGHMIA-26JUL05,2026-07-05,12.0,94.0,KXHIGHMIA-26JUL05-B93.5,4,12.0,-0.051478754770346045,-0.9986740898848305,7.0,17.0,91.0,82.94,85.5,89.3,90.1,,,,,,,,,,,,,,,,,,2.094486810653148,5.5,-5.5,-1.7000000000000028,-0.9000000000000057,-8.060000000000002,2.5600000000000023,6.359999999999999,mia,t_plus_7h
mia,KXHIGHMIA-26JUL05,2026-07-05,13.0,94.0,KXHIGHMIA-26JUL05-B93.5,4,13.0,-0.051478754770346045,-0.9986740898848305,8.0,16.0,91.0,84.2,84.5,89.3,90.1,,,,,,,,,,,,,,,,,,2.512344522552589,6.5,-6.5,-1.7000000000000028,-0.9000000000000057,-6.799999999999997,0.29999999999999716,5.099999999999994,mia,t_plus_8h
mia,KXHIGHMIA-26JUL05,2026-07-05,14.0,94.0,KXHIGHMIA-26JUL05-B93.5,4,14.0,-0.051478754770346045,-0.9986740898848305,9.0,15.0,91.0,87.8,87.8,89.3,90.1,,,,,,,,,,,,,,,,,,1.1757976016304852,3.200000000000003,-3.200000000000003,-1.7000000000000028,-0.9000000000000057,-3.200000000000003,0.0,1.5,mia,t_plus_9h
mia,KXHIGHMIA-26JUL05,2026-07-05,15.0,94.0,KXHIGHMIA-26JUL05-B93.5,4,15.0,-0.051478754770346045,-0.9986740898848305,10.0,14.0,91.0,87.8,87.8,89.5,90.1,,,,,,,,,,,,,,,,,,1.1683321445547927,3.200000000000003,-3.200000000000003,-1.5,-0.9000000000000057,-3.200000000000003,0.0,1.7000000000000028,mia,t_plus_10h
mia,KXHIGHMIA-26JUL05,2026-07-05,16.0,94.0,KXHIGHMIA-26JUL05-B93.5,4,16.0,-0.051478754770346045,-0.9986740898848305,11.0,13.0,91.0,91.4,91.4,91.4,90.0,,,,,,,,,,,,,,,,,,0.5722761571129821,1.4000000000000057,0.4000000000000057,0.4000000000000057,-1.0,0.4000000000000057,0.0,0.0,mia,t_plus_11h
mia,KXHIGHMIA-26JUL05,2026-07-05,17.0,94.0,KXHIGHMIA-26JUL05-B93.5,4,17.0,-0.051478754770346045,-0.9986740898848305,12.0,12.0,91.0,93.2,93.2,93.2,90.0,,,,,,,,,,,,,,,,,,1.3955285736952876,3.200000000000003,2.200000000000003,2.200000000000003,-1.0,2.200000000000003,0.0,0.0,mia,t_plus_12h
mia,KXHIGHMIA-26JUL05,2026-07-05,18.0,94.0,KXHIGHMIA-26JUL05-B93.5,4,18.0,-0.051478754770346045,-0.9986740898848305,13.0,11.0,91.0,93.92,93.92,93.92,90.1,,,,,,,,,,,,,,,,,,1.7147813271668224,3.8200000000000074,2.9200000000000017,2.9200000000000017,-0.9000000000000057,2.9200000000000017,0.0,0.0,mia,t_plus_13h
mia,KXHIGHMIA-26JUL05,2026-07-05,19.0,94.0,KXHIGHMIA-26JUL05-B93.5,4,19.0,-0.051478754770346045,-0.9986740898848305,14.0,10.0,91.0,93.92,93.92,93.92,90.1,,,,,,,,,,,,,,,,,,1.7147813271668224,3.8200000000000074,2.9200000000000017,2.9200000000000017,-0.9000000000000057,2.9200000000000017,0.0,0.0,mia,t_plus_14h
mia,KXHIGHMIA-26JUL05,2026-07-05,20.0,94.0,KXHIGHMIA-26JUL05-B93.5,4,20.0,-0.051478754770346045,-0.9986740898848305,15.0,9.0,91.0,93.92,93.92,93.92,90.1,,,,,,,,,,,,,,,,,,1.7147813271668224,3.8200000000000074,2.9200000000000017,2.9200000000000017,-0.9000000000000057,2.9200000000000017,0.0,0.0,mia,t_plus_15h
mia,KXHIGHMIA-26JUL05,2026-07-05,21.0,94.0,KXHIGHMIA-26JUL05-B93.5,4,21.0,-0.051478754770346045,-0.9986740898848305,16.0,8.0,91.0,93.92,93.92,93.92,90.1,,,,,,,,,,,,,,,,,,1.7147813271668224,3.8200000000000074,2.9200000000000017,2.9200000000000017,-0.9000000000000057,2.9200000000000017,0.0,0.0,mia,t_plus_16h
mia,KXHIGHMIA-26JUL05,2026-07-05,22.0,94.0,KXHIGHMIA-26JUL05-B93.5,4,22.0,-0.051478754770346045,-0.9986740898848305,17.0,7.0,91.0,93.92,93.92,93.92,90.1,,,,,,,,,,,,,,,,,,1.7147813271668224,3.8200000000000074,2.9200000000000017,2.9200000000000017,-0.9000000000000057,2.9200000000000017,0.0,0.0,mia,t_plus_17h
mia,KXHIGHMIA-26JUL05,2026-07-05,23.0,94.0,KXHIGHMIA-26JUL05-B93.5,4,23.0,-0.051478754770346045,-0.9986740898848305,18.0,6.0,87.0,93.92,93.92,93.92,90.3,,,,,,,,,,,,,,,,,,2.8817486011100977,6.920000000000002,6.920000000000002,6.920000000000002,3.299999999999997,6.920000000000002,0.0,0.0,mia,t_plus_18h
mia,KXHIGHMIA-26JUL05,2026-07-05,0.0,94.0,KXHIGHMIA-26JUL05-B93.5,4,0.0,-0.051478754770346045,-0.9986740898848305,19.0,5.0,86.0,93.92,93.92,93.92,83.9,,,,,,,,,,,,,,,,,,4.54603948509029,10.019999999999996,7.920000000000002,7.920000000000002,-2.0999999999999943,7.920000000000002,0.0,0.0,mia,t_plus_19h
mia,KXHIGHMIA-26JUL05,2026-07-05,1.0,94.0,KXHIGHMIA-26JUL05-B93.5,4,1.0,-0.051478754770346045,-0.9986740898848305,20.0,4.0,85.0,93.92,93.92,93.92,83.9,,,,,,,,,,,,,,,,,,4.750944642910501,10.019999999999996,8.920000000000002,8.920000000000002,-1.0999999999999943,8.920000000000002,0.0,0.0,mia,t_plus_20h
mia,KXHIGHMIA-26JUL05,2026-07-05,2.0,94.0,KXHIGHMIA-26JUL05-B93.5,4,2.0,-0.051478754770346045,-0.9986740898848305,21.0,3.0,82.0,93.92,93.92,93.92,83.9,,,,,,,,,,,,,,,,,,5.525981813216544,11.920000000000002,11.920000000000002,11.920000000000002,1.9000000000000057,11.920000000000002,0.0,0.0,mia,t_plus_21h
mia,KXHIGHMIA-26JUL05,2026-07-05,3.0,94.0,KXHIGHMIA-26JUL05-B93.5,4,3.0,-0.051478754770346045,-0.9986740898848305,22.0,2.0,82.0,93.92,93.92,93.92,83.9,,,,,,,,,,,,,,,,,,5.525981813216544,11.920000000000002,11.920000000000002,11.920000000000002,1.9000000000000057,11.920000000000002,0.0,0.0,mia,t_plus_22h
mia,KXHIGHMIA-26JUL05,2026-07-05,4.0,94.0,KXHIGHMIA-26JUL05-B93.5,4,4.0,-0.051478754770346045,-0.9986740898848305,23.0,1.0,82.0,93.92,93.92,93.92,84.0,,,,,,,,,,,,,,,,,,5.5055971519899645,11.920000000000002,11.920000000000002,11.920000000000002,2.0,11.920000000000002,0.0,0.0,mia,t_plus_23h
nyc,KXHIGHNY-26JUL05,2026-07-05,5.0,81.0,KXHIGHNY-26JUL05-T84,0,5.0,-0.051478754770346045,-0.9986740898848305,0.0,24.0,83.0,,87.2,81.8,83.3,,,,,,,,,,,,,,,,,,2.027775875189368,5.400000000000006,4.200000000000003,-1.2000000000000028,0.29999999999999716,,,,nyc,t_plus_0h
nyc,KXHIGHNY-26JUL05,2026-07-05,6.0,81.0,KXHIGHNY-26JUL05-T84,0,6.0,-0.051478754770346045,-0.9986740898848305,1.0,23.0,83.0,,82.5,81.8,83.8,,,,,,,,,,,,,,,,,,0.7292976072907411,2.0,-0.5,-1.2000000000000028,0.7999999999999972,,,,nyc,t_plus_1h
nyc,KXHIGHNY-26JUL05,2026-07-05,7.0,81.0,KXHIGHNY-26JUL05-T84,0,7.0,-0.051478754770346045,-0.9986740898848305,2.0,22.0,83.0,71.96,87.0,81.8,85.1,,,,,,,,,,,,,,,,,,1.9904459299363046,5.200000000000003,4.0,-1.2000000000000028,2.0999999999999943,-11.040000000000006,15.040000000000006,9.840000000000003,nyc,t_plus_2h
nyc,KXHIGHNY-26JUL05,2026-07-05,8.0,81.0,KXHIGHNY-26JUL05-T84,0,8.0,-0.051478754770346045,-0.9986740898848305,3.0,21.0,83.0,71.96,87.0,81.8,85.1,,,,,,,,,,,,,,,,,,1.9904459299363046,5.200000000000003,4.0,-1.2000000000000028,2.0999999999999943,-11.040000000000006,15.040000000000006,9.840000000000003,nyc,t_plus_3h
nyc,KXHIGHNY-26JUL05,2026-07-05,9.0,81.0,KXHIGHNY-26JUL05-T84,0,9.0,-0.051478754770346045,-0.9986740898848305,4.0,20.0,83.0,71.96,88.5,82.9,85.1,,,,,,,,,,,,,,,,,,2.2697742178463463,5.599999999999994,5.5,-0.09999999999999432,2.0999999999999943,-11.040000000000006,16.540000000000006,10.940000000000012,nyc,t_plus_4h
nyc,KXHIGHNY-26JUL05,2026-07-05,10.0,81.0,KXHIGHNY-26JUL05-T84,0,10.0,-0.051478754770346045,-0.9986740898848305,5.0,19.0,83.0,71.96,88.5,82.9,84.4,,,,,,,,,,,,,,,,,,2.272663635472701,5.599999999999994,5.5,-0.09999999999999432,1.4000000000000057,-11.040000000000006,16.540000000000006,10.940000000000012,nyc,t_plus_5h
nyc,KXHIGHNY-26JUL05,2026-07-05,11.0,81.0,KXHIGHNY-26JUL05-T84,0,11.0,-0.051478754770346045,-0.9986740898848305,6.0,18.0,83.0,71.96,87.2,82.9,84.4,,,,,,,,,,,,,,,,,,1.7354754391808602,4.299999999999997,4.200000000000003,-0.09999999999999432,1.4000000000000057,-11.040000000000006,15.240000000000009,10.940000000000012,nyc,t_plus_6h
nyc,KXHIGHNY-26JUL05,2026-07-05,12.0,81.0,KXHIGHNY-26JUL05-T84,0,12.0,-0.051478754770346045,-0.9986740898848305,7.0,17.0,83.0,73.04,88.2,82.9,84.7,,,,,,,,,,,,,,,,,,2.1435951110226017,5.299999999999997,5.200000000000003,-0.09999999999999432,1.7000000000000028,-9.959999999999994,15.159999999999997,9.86,nyc,t_plus_7h
nyc,KXHIGHNY-26JUL05,2026-07-05,13.0,81.0,KXHIGHNY-26JUL05-T84,0,13.0,-0.051478754770346045,-0.9986740898848305,8.0,16.0,83.0,75.02,89.6,82.9,84.7,,,,,,,,,,,,,,,,,,2.7225906780123927,6.699999999999989,6.599999999999994,-0.09999999999999432,1.7000000000000028,-7.980000000000004,14.579999999999998,7.88000000000001,nyc,t_plus_8h
nyc,KXHIGHNY-26JUL05,2026-07-05,14.0,81.0,KXHIGHNY-26JUL05-T84,0,14.0,-0.051478754770346045,-0.9986740898848305,9.0,15.0,83.0,75.02,89.6,82.9,84.7,,,,,,,,,,,,,,,,,,2.7225906780123927,6.699999999999989,6.599999999999994,-0.09999999999999432,1.7000000000000028,-7.980000000000004,14.579999999999998,7.88000000000001,nyc,t_plus_9h
nyc,KXHIGHNY-26JUL05,2026-07-05,15.0,81.0,KXHIGHNY-26JUL05-T84,0,15.0,-0.051478754770346045,-0.9986740898848305,10.0,14.0,83.0,75.2,87.7,83.6,84.5,,,,,,,,,,,,,,,,,,1.8124568960391878,4.700000000000003,4.700000000000003,0.5999999999999943,1.5,-7.799999999999997,12.5,8.399999999999991,nyc,t_plus_10h
nyc,KXHIGHNY-26JUL05,2026-07-05,16.0,81.0,KXHIGHNY-26JUL05-T84,0,16.0,-0.051478754770346045,-0.9986740898848305,11.0,13.0,83.0,75.92,85.5,83.6,84.5,,,,,,,,,,,,,,,,,,0.9447221813845601,2.5,2.5,0.5999999999999943,1.5,-7.079999999999998,9.579999999999998,7.679999999999993,nyc,t_plus_11h
nyc,KXHIGHNY-26JUL05,2026-07-05,17.0,81.0,KXHIGHNY-26JUL05-T84,0,17.0,-0.051478754770346045,-0.9986740898848305,12.0,12.0,83.0,77.0,85.1,83.6,84.5,,,,,,,,,,,,,,,,,,0.8077747210701746,2.0999999999999943,2.0999999999999943,0.5999999999999943,1.5,-6.0,8.099999999999994,6.599999999999994,nyc,t_plus_12h
nyc,KXHIGHNY-26JUL05,2026-07-05,18.0,81.0,KXHIGHNY-26JUL05-T84,0,18.0,-0.051478754770346045,-0.9986740898848305,13.0,11.0,83.0,80.06,85.0,83.6,84.5,,,,,,,,,,,,,,,,,,0.7758060324591458,2.0,2.0,0.5999999999999943,1.5,-2.9399999999999977,4.939999999999998,3.539999999999992,nyc,t_plus_13h
nyc,KXHIGHNY-26JUL05,2026-07-05,19.0,81.0,KXHIGHNY-26JUL05-T84,0,19.0,-0.051478754770346045,-0.9986740898848305,14.0,10.0,82.0,80.06,84.7,83.6,84.5,,,,,,,,,,,,,,,,,,1.0653637876331266,2.700000000000003,2.700000000000003,1.5999999999999943,2.5,-1.9399999999999977,4.640000000000001,3.539999999999992,nyc,t_plus_14h
nyc,KXHIGHNY-26JUL05,2026-07-05,20.0,81.0,KXHIGHNY-26JUL05-T84,0,20.0,-0.051478754770346045,-0.9986740898848305,15.0,9.0,82.0,80.06,84.7,83.3,84.5,,,,,,,,,,,,,,,,,,1.080219885023416,2.700000000000003,2.700000000000003,1.2999999999999972,2.5,-1.9399999999999977,4.640000000000001,3.239999999999995,nyc,t_plus_15h
nyc,KXHIGHNY-26JUL05,2026-07-05,21.0,81.0,KXHIGHNY-26JUL05-T84,0,21.0,-0.051478754770346045,-0.9986740898848305,16.0,8.0,82.0,80.06,84.9,82.4,84.5,,,,,,,,,,,,,,,,,,1.2658988901172166,2.9000000000000057,2.9000000000000057,0.4000000000000057,2.5,-1.9399999999999977,4.840000000000003,2.3400000000000034,nyc,t_plus_16h
nyc,KXHIGHNY-26JUL05,2026-07-05,22.0,81.0,KXHIGHNY-26JUL05-T84,0,22.0,-0.051478754770346045,-0.9986740898848305,17.0,7.0,82.0,80.06,81.5,81.5,84.5,,,,,,,,,,,,,,,,,,1.243734296383275,3.0,-0.5,-0.5,2.5,-1.9399999999999977,1.4399999999999977,1.4399999999999977,nyc,t_plus_17h
nyc,KXHIGHNY-26JUL05,2026-07-05,23.0,81.0,KXHIGHNY-26JUL05-T84,0,23.0,-0.051478754770346045,-0.9986740898848305,18.0,6.0,81.0,80.06,80.8,80.06,84.9,,,,,,,,,,,,,,,,,,1.8860805921274968,4.840000000000003,-0.20000000000000284,-0.9399999999999977,3.9000000000000057,-0.9399999999999977,0.7399999999999949,0.0,nyc,t_plus_18h
nyc,KXHIGHNY-26JUL05,2026-07-05,0.0,81.0,KXHIGHNY-26JUL05-T84,0,0.0,-0.051478754770346045,-0.9986740898848305,19.0,5.0,80.0,80.06,80.06,80.06,77.3,,,,,,,,,,,,,,,,,,1.1867076303791109,2.760000000000005,0.060000000000002274,0.060000000000002274,-2.700000000000003,0.060000000000002274,0.0,0.0,nyc,t_plus_19h
nyc,KXHIGHNY-26JUL05,2026-07-05,1.0,81.0,KXHIGHNY-26JUL05-T84,0,1.0,-0.051478754770346045,-0.9986740898848305,20.0,4.0,78.0,80.06,80.06,80.06,77.3,,,,,,,,,,,,,,,,,,1.230152429579361,2.760000000000005,2.0600000000000023,2.0600000000000023,-0.7000000000000028,2.0600000000000023,0.0,0.0,nyc,t_plus_20h
nyc,KXHIGHNY-26JUL05,2026-07-05,2.0,81.0,KXHIGHNY-26JUL05-T84,0,2.0,-0.051478754770346045,-0.9986740898848305,21.0,3.0,76.0,80.06,80.06,80.06,77.3,,,,,,,,,,,,,,,,,,1.7658638112833065,4.060000000000002,4.060000000000002,4.060000000000002,1.2999999999999972,4.060000000000002,0.0,0.0,nyc,t_plus_21h
nyc,KXHIGHNY-26JUL05,2026-07-05,3.0,81.0,KXHIGHNY-26JUL05-T84,0,3.0,-0.051478754770346045,-0.9986740898848305,22.0,2.0,76.0,80.06,80.06,80.06,77.3,,,,,,,,,,,,,,,,,,1.7658638112833065,4.060000000000002,4.060000000000002,4.060000000000002,1.2999999999999972,4.060000000000002,0.0,0.0,nyc,t_plus_22h
nyc,KXHIGHNY-26JUL05,2026-07-05,4.0,81.0,KXHIGHNY-26JUL05-T84,0,4.0,-0.051478754770346045,-0.9986740898848305,23.0,1.0,75.0,80.06,80.06,80.06,77.6,,,,,,,,,,,,,,,,,,2.092701603191436,5.060000000000002,5.060000000000002,5.060000000000002,2.5999999999999943,5.060000000000002,0.0,0.0,nyc,t_plus_23h
okc,KXHIGHTOKC-26JUL05,2026-07-05,6.0,88.0,KXHIGHTOKC-26JUL05-T90,0,6.0,-0.051478754770346045,-0.9986740898848305,0.0,24.0,95.0,,91.8,91.4,91.4,,,,,,,,,,,,,,,,,,1.5099668870541485,3.5999999999999943,-3.200000000000003,-3.5999999999999943,-3.5999999999999943,,,,okc,t_plus_0h
okc,KXHIGHTOKC-26JUL05,2026-07-05,7.0,88.0,KXHIGHTOKC-26JUL05-T90,0,7.0,-0.051478754770346045,-0.9986740898848305,1.0,23.0,94.0,66.2,91.2,91.4,90.8,,,,,,,,,,,,,,,,,,1.259960316835415,3.200000000000003,-2.799999999999997,-2.5999999999999943,-3.200000000000003,-27.799999999999997,25.0,25.200000000000003,okc,t_plus_1h
okc,KXHIGHTOKC-26JUL05,2026-07-05,8.0,88.0,KXHIGHTOKC-26JUL05-T90,0,8.0,-0.051478754770346045,-0.9986740898848305,2.0,22.0,93.0,66.92,91.2,91.4,90.8,,,,,,,,,,,,,,,,,,0.8366600265340756,2.200000000000003,-1.7999999999999972,-1.5999999999999943,-2.200000000000003,-26.08,24.28,24.480000000000004,okc,t_plus_2h
okc,KXHIGHTOKC-26JUL05,2026-07-05,9.0,88.0,KXHIGHTOKC-26JUL05-T90,0,9.0,-0.051478754770346045,-0.9986740898848305,3.0,21.0,93.0,66.92,90.7,91.4,90.8,,,,,,,,,,,,,,,,,,0.9202581159652978,2.299999999999997,-2.299999999999997,-1.5999999999999943,-2.200000000000003,-26.08,23.78,24.480000000000004,okc,t_plus_3h
okc,KXHIGHTOKC-26JUL05,2026-07-05,10.0,88.0,KXHIGHTOKC-26JUL05-T90,0,10.0,-0.051478754770346045,-0.9986740898848305,4.0,20.0,93.0,66.92,90.7,91.4,90.8,,,,,,,,,,,,,,,,,,0.9202581159652978,2.299999999999997,-2.299999999999997,-1.5999999999999943,-2.200000000000003,-26.08,23.78,24.480000000000004,okc,t_plus_4h
okc,KXHIGHTOKC-26JUL05,2026-07-05,11.0,88.0,KXHIGHTOKC-26JUL05-T90,0,11.0,-0.051478754770346045,-0.9986740898848305,5.0,19.0,93.0,69.8,92.1,91.4,90.8,,,,,,,,,,,,,,,,,,0.8196798155377497,2.200000000000003,-0.9000000000000057,-1.5999999999999943,-2.200000000000003,-23.200000000000003,22.299999999999997,21.60000000000001,okc,t_plus_5h
okc,KXHIGHTOKC-26JUL05,2026-07-05,12.0,88.0,KXHIGHTOKC-26JUL05-T90,0,12.0,-0.051478754770346045,-0.9986740898848305,6.0,18.0,93.0,69.8,92.0,91.4,90.8,,,,,,,,,,,,,,,,,,0.8124038404635961,2.200000000000003,-1.0,-1.5999999999999943,-2.200000000000003,-23.200000000000003,22.200000000000003,21.60000000000001,okc,t_plus_6h
okc,KXHIGHTOKC-26JUL05,2026-07-05,13.0,88.0,KXHIGHTOKC-26JUL05-T90,0,13.0,-0.051478754770346045,-0.9986740898848305,7.0,17.0,93.0,71.6,91.7,91.4,90.8,,,,,,,,,,,,,,,,,,0.8042853971072709,2.200000000000003,-1.2999999999999972,-1.5999999999999943,-2.200000000000003,-21.400000000000006,20.10000000000001,19.80000000000001,okc,t_plus_7h
okc,KXHIGHTOKC-26JUL05,2026-07-05,14.0,88.0,KXHIGHTOKC-26JUL05-T90,0,14.0,-0.051478754770346045,-0.9986740898848305,8.0,16.0,93.0,77.0,91.7,91.4,90.8,,,,,,,,,,,,,,,,,,0.8042853971072709,2.200000000000003,-1.2999999999999972,-1.5999999999999943,-2.200000000000003,-16.0,14.700000000000003,14.400000000000006,okc,t_plus_8h
okc,KXHIGHTOKC-26JUL05,2026-07-05,15.0,88.0,KXHIGHTOKC-26JUL05-T90,0,15.0,-0.051478754770346045,-0.9986740898848305,9.0,15.0,93.0,78.8,92.2,89.6,91.0,,,,,,,,,,,,,,,,,,1.283549765299346,3.4000000000000057,-0.7999999999999972,-3.4000000000000057,-2.0,-14.200000000000003,13.400000000000006,10.799999999999997,okc,t_plus_9h
okc,KXHIGHTOKC-26JUL05,2026-07-05,16.0,88.0,KXHIGHTOKC-26JUL05-T90,0,16.0,-0.051478754770346045,-0.9986740898848305,10.0,14.0,93.0,80.6,92.3,89.6,91.3,,,,,,,,,,,,,,,,,,1.2776932339180656,3.4000000000000057,-0.7000000000000028,-3.4000000000000057,-1.7000000000000028,-12.400000000000006,11.700000000000003,9.0,okc,t_plus_10h
okc,KXHIGHTOKC-26JUL05,2026-07-05,17.0,88.0,KXHIGHTOKC-26JUL05-T90,0,17.0,-0.051478754770346045,-0.9986740898848305,11.0,13.0,93.0,82.4,93.4,89.6,91.3,,,,,,,,,,,,,,,,,,1.5072740294982898,3.8000000000000114,0.4000000000000057,-3.4000000000000057,-1.7000000000000028,-10.599999999999994,11.0,7.199999999999989,okc,t_plus_11h
okc,KXHIGHTOKC-26JUL05,2026-07-05,18.0,88.0,KXHIGHTOKC-26JUL05-T90,0,18.0,-0.051478754770346045,-0.9986740898848305,12.0,12.0,93.0,84.2,94.6,89.6,91.3,,,,,,,,,,,,,,,,,,1.8673175948402567,5.0,1.5999999999999943,-3.4000000000000057,-1.7000000000000028,-8.799999999999997,10.399999999999991,5.3999999999999915,okc,t_plus_12h
okc,KXHIGHTOKC-26JUL05,2026-07-05,19.0,88.0,KXHIGHTOKC-26JUL05-T90,0,19.0,-0.051478754770346045,-0.9986740898848305,13.0,11.0,93.0,86.0,93.4,89.6,91.3,,,,,,,,,,,,,,,,,,1.5072740294982898,3.8000000000000114,0.4000000000000057,-3.4000000000000057,-1.7000000000000028,-7.0,7.400000000000006,3.5999999999999943,okc,t_plus_13h
okc,KXHIGHTOKC-26JUL05,2026-07-05,20.0,88.0,KXHIGHTOKC-26JUL05-T90,0,20.0,-0.051478754770346045,-0.9986740898848305,14.0,10.0,93.0,86.0,93.4,89.6,91.3,,,,,,,,,,,,,,,,,,1.5072740294982898,3.8000000000000114,0.4000000000000057,-3.4000000000000057,-1.7000000000000028,-7.0,7.400000000000006,3.5999999999999943,okc,t_plus_14h
okc,KXHIGHTOKC-26JUL05,2026-07-05,21.0,88.0,KXHIGHTOKC-26JUL05-T90,0,21.0,-0.051478754770346045,-0.9986740898848305,15.0,9.0,93.0,86.0,92.0,89.6,91.3,,,,,,,,,,,,,,,,,,1.239707626821746,3.4000000000000057,-1.0,-3.4000000000000057,-1.7000000000000028,-7.0,6.0,3.5999999999999943,okc,t_plus_15h
okc,KXHIGHTOKC-26JUL05,2026-07-05,22.0,88.0,KXHIGHTOKC-26JUL05-T90,0,22.0,-0.051478754770346045,-0.9986740898848305,16.0,8.0,93.0,86.0,89.0,89.6,91.3,,,,,,,,,,,,,,,,,,1.5610493265749172,4.0,-4.0,-3.4000000000000057,-1.7000000000000028,-7.0,3.0,3.5999999999999943,okc,t_plus_16h
okc,KXHIGHTOKC-26JUL05,2026-07-05,23.0,88.0,KXHIGHTOKC-26JUL05-T90,0,23.0,-0.051478754770346045,-0.9986740898848305,17.0,7.0,93.0,87.8,88.7,89.2,90.2,,,,,,,,,,,,,,,,,,1.663392617513976,4.299999999999997,-4.299999999999997,-3.799999999999997,-2.799999999999997,-5.200000000000003,0.9000000000000057,1.4000000000000057,okc,t_plus_17h
okc,KXHIGHTOKC-26JUL05,2026-07-05,0.0,88.0,KXHIGHTOKC-26JUL05-T90,0,0.0,-0.051478754770346045,-0.9986740898848305,18.0,6.0,91.0,87.8,87.8,87.9,88.8,,,,,,,,,,,,,,,,,,1.2871965661855995,3.200000000000003,-3.200000000000003,-3.0999999999999943,-2.200000000000003,-3.200000000000003,0.0,0.10000000000000853,okc,t_plus_18h
okc,KXHIGHTOKC-26JUL05,2026-07-05,1.0,88.0,KXHIGHTOKC-26JUL05-T90,0,1.0,-0.051478754770346045,-0.9986740898848305,19.0,5.0,89.0,87.8,87.8,87.8,88.8,,,,,,,,,,,,,,,,,,0.5545268253204717,1.2000000000000028,-1.2000000000000028,-1.2000000000000028,-0.20000000000000284,-1.2000000000000028,0.0,0.0,okc,t_plus_19h
okc,KXHIGHTOKC-26JUL05,2026-07-05,2.0,88.0,KXHIGHTOKC-26JUL05-T90,0,2.0,-0.051478754770346045,-0.9986740898848305,20.0,4.0,82.0,87.8,87.8,87.8,88.8,,,,,,,,,,,,,,,,,,2.6870057685088793,6.799999999999997,5.799999999999997,5.799999999999997,6.799999999999997,5.799999999999997,0.0,0.0,okc,t_plus_20h
okc,KXHIGHTOKC-26JUL05,2026-07-05,3.0,88.0,KXHIGHTOKC-26JUL05-T90,0,3.0,-0.051478754770346045,-0.9986740898848305,21.0,3.0,82.0,87.8,87.8,87.8,88.8,,,,,,,,,,,,,,,,,,2.6870057685088793,6.799999999999997,5.799999999999997,5.799999999999997,6.799999999999997,5.799999999999997,0.0,0.0,okc,t_plus_21h
okc,KXHIGHTOKC-26JUL05,2026-07-05,4.0,88.0,KXHIGHTOKC-26JUL05-T90,0,4.0,-0.051478754770346045,-0.9986740898848305,22.0,2.0,78.0,87.8,87.8,87.8,87.4,,,,,,,,,,,,,,,,,,4.188973621306298,9.799999999999997,9.799999999999997,9.799999999999997,9.400000000000006,9.799999999999997,0.0,0.0,okc,t_plus_22h
okc,KXHIGHTOKC-26JUL05,2026-07-05,5.0,88.0,KXHIGHTOKC-26JUL05-T90,0,5.0,-0.051478754770346045,-0.9986740898848305,23.0,1.0,77.0,87.8,87.8,87.8,87.4,,,,,,,,,,,,,,,,,,4.621688003316537,10.799999999999997,10.799999999999997,10.799999999999997,10.400000000000006,10.799999999999997,0.0,0.0,okc,t_plus_23h
aus,KXHIGHAUS-26JUL06,2026-07-06,6.0,98.0,,,6.0,-0.06861473800213432,-0.9976432316860063,0.0,24.0,97.0,,98.1,94.6,97.7,,,,,,,,,,,,,,,,,,1.3573871960498243,3.5,1.0999999999999943,-2.4000000000000057,0.7000000000000028,,,,aus,t_plus_0h
aus,KXHIGHAUS-26JUL06,2026-07-06,7.0,98.0,,,7.0,-0.06861473800213432,-0.9976432316860063,1.0,23.0,96.0,80.6,98.2,94.6,97.7,,,,,,,,,,,,,,,,,,1.4254385290148466,3.6000000000000085,2.200000000000003,-1.4000000000000057,1.7000000000000028,-15.400000000000006,17.60000000000001,14.0,aus,t_plus_1h
aus,KXHIGHAUS-26JUL06,2026-07-06,8.0,98.0,,,8.0,-0.06861473800213432,-0.9976432316860063,2.0,22.0,96.0,80.6,98.2,94.6,97.7,,,,,,,,,,,,,,,,,,1.4254385290148466,3.6000000000000085,2.200000000000003,-1.4000000000000057,1.7000000000000028,-15.400000000000006,17.60000000000001,14.0,aus,t_plus_2h
aus,KXHIGHAUS-26JUL06,2026-07-06,9.0,98.0,,,9.0,-0.06861473800213432,-0.9976432316860063,3.0,21.0,96.0,80.6,97.3,94.7,97.1,,,,,,,,,,,,,,,,,,1.0353139620424299,2.5999999999999943,1.2999999999999972,-1.2999999999999972,1.0999999999999943,-15.400000000000006,16.700000000000003,14.100000000000009,aus,t_plus_3h
aus,KXHIGHAUS-26JUL06,2026-07-06,10.0,98.0,,,10.0,-0.06861473800213432,-0.9976432316860063,4.0,20.0,96.0,80.6,97.3,94.7,97.1,,,,,,,,,,,,,,,,,,1.0353139620424299,2.5999999999999943,1.2999999999999972,-1.2999999999999972,1.0999999999999943,-15.400000000000006,16.700000000000003,14.100000000000009,aus,t_plus_4h
aus,KXHIGHAUS-26JUL06,2026-07-06,11.0,98.0,,,11.0,-0.06861473800213432,-0.9976432316860063,5.0,19.0,96.0,80.6,98.3,94.7,97.4,,,,,,,,,,,,,,,,,,1.3693063937629142,3.5999999999999943,2.299999999999997,-1.2999999999999972,1.4000000000000057,-15.400000000000006,17.700000000000003,14.100000000000009,aus,t_plus_5h
aus,KXHIGHAUS-26JUL06,2026-07-06,12.0,98.0,,,12.0,-0.06861473800213432,-0.9976432316860063,6.0,18.0,96.0,80.6,97.4,94.7,97.4,,,,,,,,,,,,,,,,,,1.12333209693305,2.700000000000003,1.4000000000000057,-1.2999999999999972,1.4000000000000057,-15.400000000000006,16.80000000000001,14.100000000000009,aus,t_plus_6h
aus,KXHIGHAUS-26JUL06,2026-07-06,13.0,98.0,,,13.0,-0.06861473800213432,-0.9976432316860063,7.0,17.0,96.0,80.6,97.6,94.7,97.4,,,,,,,,,,,,,,,,,,1.1712706775122466,2.8999999999999915,1.5999999999999943,-1.2999999999999972,1.4000000000000057,-15.400000000000006,17.0,14.100000000000009,aus,t_plus_7h
aus,KXHIGHAUS-26JUL06,2026-07-06,14.0,98.0,,,14.0,-0.06861473800213432,-0.9976432316860063,8.0,16.0,96.0,82.4,97.6,94.7,97.4,,,,,,,,,,,,,,,,,,1.1712706775122466,2.8999999999999915,1.5999999999999943,-1.2999999999999972,1.4000000000000057,-13.599999999999994,15.199999999999989,12.299999999999997,aus,t_plus_8h
aus,KXHIGHAUS-26JUL06,2026-07-06,15.0,98.0,,,15.0,-0.06861473800213432,-0.9976432316860063,9.0,15.0,96.0,84.2,97.9,94.6,97.3,,,,,,,,,,,,,,,,,,1.2698425099200326,3.3000000000000114,1.9000000000000057,-1.4000000000000057,1.2999999999999972,-11.799999999999997,13.700000000000003,10.399999999999991,aus,t_plus_9h
aus,KXHIGHAUS-26JUL06,2026-07-06,16.0,98.0,,,16.0,-0.06861473800213432,-0.9976432316860063,10.0,14.0,96.0,87.8,97.9,94.6,96.9,,,,,,,,,,,,,,,,,,1.2134661099511643,3.3000000000000114,1.9000000000000057,-1.4000000000000057,0.9000000000000057,-8.200000000000003,10.100000000000009,6.799999999999997,aus,t_plus_10h
aus,KXHIGHAUS-26JUL06,2026-07-06,17.0,98.0,,,17.0,-0.06861473800213432,-0.9976432316860063,11.0,13.0,96.0,91.4,97.7,94.6,96.9,,,,,,,,,,,,,,,,,,1.1510864433221375,3.1000000000000085,1.7000000000000028,-1.4000000000000057,0.9000000000000057,-4.599999999999994,6.299999999999997,3.1999999999999886,aus,t_plus_11h
aus,KXHIGHAUS-26JUL06,2026-07-06,18.0,98.0,,,18.0,-0.06861473800213432,-0.9976432316860063,12.0,12.0,96.0,91.4,97.4,94.6,96.9,,,,,,,,,,,,,,,,,,1.0638961415476653,2.8000000000000114,1.4000000000000057,-1.4000000000000057,0.9000000000000057,-4.599999999999994,6.0,3.1999999999999886,aus,t_plus_12h
aus,KXHIGHAUS-26JUL06,2026-07-06,19.0,98.0,,,19.0,-0.06861473800213432,-0.9976432316860063,13.0,11.0,96.0,93.2,97.4,94.6,96.9,,,,,,,,,,,,,,,,,,1.0638961415476653,2.8000000000000114,1.4000000000000057,-1.4000000000000057,0.9000000000000057,-2.799999999999997,4.200000000000003,1.3999999999999915,aus,t_plus_13h
aus,KXHIGHAUS-26JUL06,2026-07-06,20.0,98.0,,,20.0,-0.06861473800213432,-0.9976432316860063,14.0,10.0,96.0,93.2,97.4,94.6,96.7,,,,,,,,,,,,,,,,,,1.035313962042437,2.8000000000000114,1.4000000000000057,-1.4000000000000057,0.7000000000000028,-2.799999999999997,4.200000000000003,1.3999999999999915,aus,t_plus_14h
aus,KXHIGHAUS-26JUL06,2026-07-06,21.0,98.0,,,21.0,-0.06861473800213432,-0.9976432316860063,15.0,9.0,96.0,96.8,96.8,96.8,96.7,,,,,,,,,,,,,,,,,,0.3344772040064906,0.7999999999999972,0.7999999999999972,0.7999999999999972,0.7000000000000028,0.7999999999999972,0.0,0.0,aus,t_plus_15h
aus,KXHIGHAUS-26JUL06,2026-07-06,22.0,98.0,,,22.0,-0.06861473800213432,-0.9976432316860063,16.0,8.0,96.0,96.8,96.8,96.8,96.7,,,,,,,,,,,,,,,,,,0.3344772040064906,0.7999999999999972,0.7999999999999972,0.7999999999999972,0.7000000000000028,0.7999999999999972,0.0,0.0,aus,t_plus_16h
aus,KXHIGHAUS-26JUL06,2026-07-06,23.0,98.0,,,23.0,-0.06861473800213432,-0.9976432316860063,17.0,7.0,96.0,98.06,98.06,98.06,96.4,,,,,,,,,,,,,,,,,,0.9406912352095134,2.0600000000000023,2.0600000000000023,2.0600000000000023,0.4000000000000057,2.0600000000000023,0.0,0.0,aus,t_plus_17h
aus,KXHIGHAUS-26JUL06,2026-07-06,0.0,98.0,,,0.0,-0.06861473800213432,-0.9976432316860063,18.0,6.0,94.0,98.06,98.06,98.06,94.7,,,,,,,,,,,,,,,,,,1.8714366139412795,4.060000000000002,4.060000000000002,4.060000000000002,0.7000000000000028,4.060000000000002,0.0,0.0,aus,t_plus_18h
aus,KXHIGHAUS-26JUL06,2026-07-06,1.0,98.0,,,1.0,-0.06861473800213432,-0.9976432316860063,19.0,5.0,94.0,98.06,98.06,98.06,94.7,,,,,,,,,,,,,,,,,,1.8714366139412795,4.060000000000002,4.060000000000002,4.060000000000002,0.7000000000000028,4.060000000000002,0.0,0.0,aus,t_plus_19h
aus,KXHIGHAUS-26JUL06,2026-07-06,2.0,98.0,,,2.0,-0.06861473800213432,-0.9976432316860063,20.0,4.0,91.0,98.06,98.06,98.06,94.7,,,,,,,,,,,,,,,,,,2.9150085763167155,7.060000000000002,7.060000000000002,7.060000000000002,3.700000000000003,7.060000000000002,0.0,0.0,aus,t_plus_20h
aus,KXHIGHAUS-26JUL06,2026-07-06,3.0,98.0,,,3.0,-0.06861473800213432,-0.9976432316860063,21.0,3.0,91.0,98.06,98.06,98.06,94.6,,,,,,,,,,,,,,,,,,2.921797392017456,7.060000000000002,7.060000000000002,7.060000000000002,3.5999999999999943,7.060000000000002,0.0,0.0,aus,t_plus_21h
aus,KXHIGHAUS-26JUL06,2026-07-06,4.0,98.0,,,4.0,-0.06861473800213432,-0.9976432316860063,22.0,2.0,89.0,98.06,98.06,98.06,94.2,,,,,,,,,,,,,,,,,,3.71657100026355,9.060000000000002,9.060000000000002,9.060000000000002,5.200000000000003,9.060000000000002,0.0,0.0,aus,t_plus_22h
aus,KXHIGHAUS-26JUL06,2026-07-06,5.0,98.0,,,5.0,-0.06861473800213432,-0.9976432316860063,23.0,1.0,87.0,98.06,98.06,98.06,94.2,,,,,,,,,,,,,,,,,,4.515849864643421,11.060000000000002,11.060000000000002,11.060000000000002,7.200000000000003,11.060000000000002,0.0,0.0,aus,t_plus_23h
den,KXHIGHDEN-26JUL06,2026-07-06,7.0,97.0,,,7.0,-0.06861473800213432,-0.9976432316860063,0.0,24.0,96.0,,98.0,94.1,95.4,,,,,,,,,,,,,,,,,,1.406013869063888,3.9000000000000057,2.0,-1.9000000000000057,-0.5999999999999943,,,,den,t_plus_0h
den,KXHIGHDEN-26JUL06,2026-07-06,8.0,97.0,,,8.0,-0.06861473800213432,-0.9976432316860063,1.0,23.0,96.0,,98.0,94.1,95.4,,,,,,,,,,,,,,,,,,1.406013869063888,3.9000000000000057,2.0,-1.9000000000000057,-0.5999999999999943,,,,den,t_plus_1h
den,KXHIGHDEN-26JUL06,2026-07-06,9.0,97.0,,,9.0,-0.06861473800213432,-0.9976432316860063,2.0,22.0,96.0,73.94,97.1,94.3,95.5,,,,,,,,,,,,,,,,,,1.0059199769365346,2.799999999999997,1.0999999999999943,-1.7000000000000028,-0.5,-22.060000000000002,23.159999999999997,20.36,den,t_plus_2h
den,KXHIGHDEN-26JUL06,2026-07-06,10.0,97.0,,,10.0,-0.06861473800213432,-0.9976432316860063,3.0,21.0,96.0,73.94,97.1,94.3,95.5,,,,,,,,,,,,,,,,,,1.0059199769365346,2.799999999999997,1.0999999999999943,-1.7000000000000028,-0.5,-22.060000000000002,23.159999999999997,20.36,den,t_plus_3h
den,KXHIGHDEN-26JUL06,2026-07-06,11.0,97.0,,,11.0,-0.06861473800213432,-0.9976432316860063,4.0,20.0,96.0,73.94,97.2,94.3,95.5,,,,,,,,,,,,,,,,,,1.0404326023342425,2.9000000000000057,1.2000000000000028,-1.7000000000000028,-0.5,-22.060000000000002,23.260000000000005,20.36,den,t_plus_4h
den,KXHIGHDEN-26JUL06,2026-07-06,12.0,97.0,,,12.0,-0.06861473800213432,-0.9976432316860063,5.0,19.0,96.0,73.94,97.1,94.3,95.5,,,,,,,,,,,,,,,,,,1.0059199769365346,2.799999999999997,1.0999999999999943,-1.7000000000000028,-0.5,-22.060000000000002,23.159999999999997,20.36,den,t_plus_5h
den,KXHIGHDEN-26JUL06,2026-07-06,13.0,97.0,,,13.0,-0.06861473800213432,-0.9976432316860063,6.0,18.0,96.0,73.94,96.6,94.3,95.5,,,,,,,,,,,,,,,,,,0.8455767262643875,2.299999999999997,0.5999999999999943,-1.7000000000000028,-0.5,-22.060000000000002,22.659999999999997,20.36,den,t_plus_6h
den,KXHIGHDEN-26JUL06,2026-07-06,14.0,97.0,,,14.0,-0.06861473800213432,-0.9976432316860063,7.0,17.0,96.0,73.94,96.6,94.3,95.5,,,,,,,,,,,,,,,,,,0.8455767262643875,2.299999999999997,0.5999999999999943,-1.7000000000000028,-0.5,-22.060000000000002,22.659999999999997,20.36,den,t_plus_7h
den,KXHIGHDEN-26JUL06,2026-07-06,15.0,97.0,,,15.0,-0.06861473800213432,-0.9976432316860063,8.0,16.0,96.0,73.94,97.1,95.0,95.2,,,,,,,,,,,,,,,,,,0.8257572282456844,2.0999999999999943,1.0999999999999943,-1.0,-0.7999999999999972,-22.060000000000002,23.159999999999997,21.060000000000002,den,t_plus_8h
den,KXHIGHDEN-26JUL06,2026-07-06,16.0,97.0,,,16.0,-0.06861473800213432,-0.9976432316860063,9.0,15.0,96.0,78.08,96.7,95.0,95.1,,,,,,,,,,,,,,,,,,0.6964194138592082,1.7000000000000028,0.7000000000000028,-1.0,-0.9000000000000057,-17.92,18.620000000000005,16.92,den,t_plus_9h
den,KXHIGHDEN-26JUL06,2026-07-06,17.0,97.0,,,17.0,-0.06861473800213432,-0.9976432316860063,10.0,14.0,96.0,84.02,96.3,95.0,95.1,,,,,,,,,,,,,,,,,,0.5612486080160916,1.2999999999999972,0.29999999999999716,-1.0,-0.9000000000000057,-11.980000000000004,12.280000000000001,10.980000000000004,den,t_plus_10h
den,KXHIGHDEN-26JUL06,2026-07-06,18.0,97.0,,,18.0,-0.06861473800213432,-0.9976432316860063,11.0,13.0,96.0,89.06,96.7,95.0,95.2,,,,,,,,,,,,,,,,,,0.6759252917297892,1.7000000000000028,0.7000000000000028,-1.0,-0.7999999999999972,-6.939999999999998,7.640000000000001,5.939999999999998,den,t_plus_11h
den,KXHIGHDEN-26JUL06,2026-07-06,19.0,97.0,,,19.0,-0.06861473800213432,-0.9976432316860063,12.0,12.0,96.0,93.02,96.4,95.0,95.2,,,,,,,,,,,,,,,,,,0.5722761571129812,1.4000000000000057,0.4000000000000057,-1.0,-0.7999999999999972,-2.980000000000004,3.3800000000000097,1.980000000000004,den,t_plus_12h
den,KXHIGHDEN-26JUL06,2026-07-06,20.0,97.0,,,20.0,-0.06861473800213432,-0.9976432316860063,13.0,11.0,97.0,95.0,96.4,95.0,95.2,,,,,,,,,,,,,,,,,,0.8306623862918078,2.0,-0.5999999999999943,-2.0,-1.7999999999999972,-2.0,1.4000000000000057,0.0,den,t_plus_13h
den,KXHIGHDEN-26JUL06,2026-07-06,21.0,97.0,,,21.0,-0.06861473800213432,-0.9976432316860063,14.0,10.0,97.0,96.98,96.98,96.98,95.2,,,,,,,,,,,,,,,,,,0.7736924453553878,1.7999999999999972,-0.01999999999999602,-0.01999999999999602,-1.7999999999999972,-0.01999999999999602,0.0,0.0,den,t_plus_14h
den,KXHIGHDEN-26JUL06,2026-07-06,22.0,97.0,,,22.0,-0.06861473800213432,-0.9976432316860063,15.0,9.0,97.0,96.98,96.98,96.98,95.2,,,,,,,,,,,,,,,,,,0.7736924453553878,1.7999999999999972,-0.01999999999999602,-0.01999999999999602,-1.7999999999999972,-0.01999999999999602,0.0,0.0,den,t_plus_15h
den,KXHIGHDEN-26JUL06,2026-07-06,23.0,97.0,,,23.0,-0.06861473800213432,-0.9976432316860063,16.0,8.0,97.0,96.98,96.98,96.98,95.5,,,,,,,,,,,,,,,,,,0.6437973283573033,1.5,-0.01999999999999602,-0.01999999999999602,-1.5,-0.01999999999999602,0.0,0.0,den,t_plus_16h
den,KXHIGHDEN-26JUL06,2026-07-06,0.0,97.0,,,0.0,-0.06861473800213432,-0.9976432316860063,17.0,7.0,97.0,96.98,96.98,96.98,92.0,,,,,,,,,,,,,,,,,,2.159305443886993,5.0,-0.01999999999999602,-0.01999999999999602,-5.0,-0.01999999999999602,0.0,0.0,den,t_plus_17h
den,KXHIGHDEN-26JUL06,2026-07-06,1.0,97.0,,,1.0,-0.06861473800213432,-0.9976432316860063,18.0,6.0,93.0,96.98,96.98,96.98,92.0,,,,,,,,,,,,,,,,,,2.267730142675713,4.980000000000004,3.980000000000004,3.980000000000004,-1.0,3.980000000000004,0.0,0.0,den,t_plus_18h
den,KXHIGHDEN-26JUL06,2026-07-06,2.0,97.0,,,2.0,-0.06861473800213432,-0.9976432316860063,19.0,5.0,91.0,96.98,96.98,96.98,92.0,,,,,,,,,,,,,,,,,,2.7627160548996,5.980000000000004,5.980000000000004,5.980000000000004,1.0,5.980000000000004,0.0,0.0,den,t_plus_19h
den,KXHIGHDEN-26JUL06,2026-07-06,3.0,97.0,,,3.0,-0.06861473800213432,-0.9976432316860063,20.0,4.0,88.0,96.98,96.98,96.98,92.2,,,,,,,,,,,,,,,,,,3.7468119782022704,8.980000000000004,8.980000000000004,8.980000000000004,4.200000000000003,8.980000000000004,0.0,0.0,den,t_plus_20h
den,KXHIGHDEN-26JUL06,2026-07-06,4.0,97.0,,,4.0,-0.06861473800213432,-0.9976432316860063,21.0,3.0,84.0,96.98,96.98,96.98,92.3,,,,,,,,,,,,,,,,,,5.301271073997256,12.980000000000004,12.980000000000004,12.980000000000004,8.299999999999997,12.980000000000004,0.0,0.0,den,t_plus_21h
den,KXHIGHDEN-26JUL06,2026-07-06,5.0,97.0,,,5.0,-0.06861473800213432,-0.9976432316860063,22.0,2.0,82.0,96.98,96.98,96.98,92.3,,,,,,,,,,,,,,,,,,6.1170642468426,14.980000000000004,14.980000000000004,14.980000000000004,10.299999999999997,14.980000000000004,0.0,0.0,den,t_plus_22h
den,KXHIGHDEN-26JUL06,2026-07-06,6.0,97.0,,,6.0,-0.06861473800213432,-0.9976432316860063,23.0,1.0,80.0,96.98,96.98,96.98,92.0,,,,,,,,,,,,,,,,,,6.938306709853639,16.980000000000004,16.980000000000004,16.980000000000004,12.0,16.980000000000004,0.0,0.0,den,t_plus_23h
la,KXHIGHLAX-26JUL06,2026-07-06,8.0,,,,8.0,-0.06861473800213432,-0.9976432316860063,0.0,24.0,73.0,,75.2,71.3,77.7,,,,,,,,,,,,,,,,,,2.401041440708596,6.400000000000006,2.200000000000003,-1.7000000000000028,4.700000000000003,,,,la,t_plus_0h
la,KXHIGHLAX-26JUL06,2026-07-06,9.0,,,,9.0,-0.06861473800213432,-0.9976432316860063,1.0,23.0,73.0,64.4,74.5,71.7,77.7,,,,,,,,,,,,,,,,,,2.237604746151563,6.0,1.5,-1.2999999999999972,4.700000000000003,-8.599999999999994,10.099999999999994,7.299999999999997,la,t_plus_1h
la,KXHIGHLAX-26JUL06,2026-07-06,10.0,,,,10.0,-0.06861473800213432,-0.9976432316860063,2.0,22.0,73.0,64.94,74.5,71.7,77.7,,,,,,,,,,,,,,,,,,2.237604746151563,6.0,1.5,-1.2999999999999972,4.700000000000003,-8.060000000000002,9.560000000000002,6.760000000000005,la,t_plus_2h
la,KXHIGHLAX-26JUL06,2026-07-06,11.0,,,,11.0,-0.06861473800213432,-0.9976432316860063,3.0,21.0,73.0,64.94,74.0,71.7,77.7,,,,,,,,,,,,,,,,,,2.232711356176611,6.0,1.0,-1.2999999999999972,4.700000000000003,-8.060000000000002,9.060000000000002,6.760000000000005,la,t_plus_3h
la,KXHIGHLAX-26JUL06,2026-07-06,12.0,,,,12.0,-0.06861473800213432,-0.9976432316860063,4.0,20.0,73.0,64.94,74.0,71.7,77.7,,,,,,,,,,,,,,,,,,2.232711356176611,6.0,1.0,-1.2999999999999972,4.700000000000003,-8.060000000000002,9.060000000000002,6.760000000000005,la,t_plus_4h
la,KXHIGHLAX-26JUL06,2026-07-06,13.0,,,,13.0,-0.06861473800213432,-0.9976432316860063,5.0,19.0,73.0,64.94,74.9,71.7,77.7,,,,,,,,,,,,,,,,,,2.2565183358439618,6.0,1.9000000000000057,-1.2999999999999972,4.700000000000003,-8.060000000000002,9.960000000000008,6.760000000000005,la,t_plus_5h
la,KXHIGHLAX-26JUL06,2026-07-06,14.0,,,,14.0,-0.06861473800213432,-0.9976432316860063,6.0,18.0,73.0,64.94,74.9,71.7,77.7,,,,,,,,,,,,,,,,,,2.2565183358439618,6.0,1.9000000000000057,-1.2999999999999972,4.700000000000003,-8.060000000000002,9.960000000000008,6.760000000000005,la,t_plus_6h
la,KXHIGHLAX-26JUL06,2026-07-06,15.0,,,,15.0,-0.06861473800213432,-0.9976432316860063,7.0,17.0,73.0,66.2,74.2,71.9,77.7,,,,,,,,,,,,,,,,,,2.178302091079196,5.799999999999997,1.2000000000000028,-1.0999999999999943,4.700000000000003,-6.799999999999997,8.0,5.700000000000003,la,t_plus_7h
la,KXHIGHLAX-26JUL06,2026-07-06,16.0,,,,16.0,-0.06861473800213432,-0.9976432316860063,8.0,16.0,73.0,69.8,73.1,71.9,77.7,,,,,,,,,,,,,,,,,,2.2297701675284833,5.799999999999997,0.09999999999999432,-1.0999999999999943,4.700000000000003,-3.200000000000003,3.299999999999997,2.1000000000000085,la,t_plus_8h
la,KXHIGHLAX-26JUL06,2026-07-06,17.0,,,,17.0,-0.06861473800213432,-0.9976432316860063,9.0,15.0,73.0,71.6,73.7,71.9,77.7,,,,,,,,,,,,,,,,,,2.1890351755967736,5.799999999999997,0.7000000000000028,-1.0999999999999943,4.700000000000003,-1.4000000000000057,2.1000000000000085,0.30000000000001137,la,t_plus_9h
la,KXHIGHLAX-26JUL06,2026-07-06,18.0,,,,18.0,-0.06861473800213432,-0.9976432316860063,10.0,14.0,73.0,73.4,75.4,73.4,77.4,,,,,,,,,,,,,,,,,,1.7549928774784258,4.400000000000006,2.4000000000000057,0.4000000000000057,4.400000000000006,0.4000000000000057,2.0,0.0,la,t_plus_10h
la,KXHIGHLAX-26JUL06,2026-07-06,19.0,,,,19.0,-0.06861473800213432,-0.9976432316860063,11.0,13.0,75.0,73.94,74.8,73.94,77.4,,,,,,,,,,,,,,,,,,1.2843967455580103,3.460000000000008,-0.20000000000000284,-1.0600000000000023,2.4000000000000057,-1.0600000000000023,0.8599999999999994,0.0,la,t_plus_11h
la,KXHIGHLAX-26JUL06,2026-07-06,20.0,,,,20.0,-0.06861473800213432,-0.9976432316860063,12.0,12.0,75.0,75.2,75.2,75.2,77.2,,,,,,,,,,,,,,,,,,0.8986100377805719,2.200000000000003,0.20000000000000284,0.20000000000000284,2.200000000000003,0.20000000000000284,0.0,0.0,la,t_plus_12h
la,KXHIGHLAX-26JUL06,2026-07-06,21.0,,,,21.0,-0.06861473800213432,-0.9976432316860063,13.0,11.0,75.0,75.2,75.2,75.2,77.2,,,,,,,,,,,,,,,,,,0.8986100377805719,2.200000000000003,0.20000000000000284,0.20000000000000284,2.200000000000003,0.20000000000000284,0.0,0.0,la,t_plus_13h
la,KXHIGHLAX-26JUL06,2026-07-06,22.0,,,,22.0,-0.06861473800213432,-0.9976432316860063,14.0,10.0,75.0,75.2,75.2,75.2,77.2,,,,,,,,,,,,,,,,,,0.8986100377805719,2.200000000000003,0.20000000000000284,0.20000000000000284,2.200000000000003,0.20000000000000284,0.0,0.0,la,t_plus_14h
la,KXHIGHLAX-26JUL06,2026-07-06,23.0,,,,23.0,-0.06861473800213432,-0.9976432316860063,15.0,9.0,75.0,75.2,75.2,75.2,77.2,,,,,,,,,,,,,,,,,,0.8986100377805719,2.200000000000003,0.20000000000000284,0.20000000000000284,2.200000000000003,0.20000000000000284,0.0,0.0,la,t_plus_15h
la,KXHIGHLAX-26JUL06,2026-07-06,0.0,,,,0.0,-0.06861473800213432,-0.9976432316860063,16.0,8.0,75.0,75.2,75.2,75.2,76.9,,,,,,,,,,,,,,,,,,0.7693341276714577,1.9000000000000057,0.20000000000000284,0.20000000000000284,1.9000000000000057,0.20000000000000284,0.0,0.0,la,t_plus_16h
la,KXHIGHLAX-26JUL06,2026-07-06,1.0,,,,1.0,-0.06861473800213432,-0.9976432316860063,17.0,7.0,75.0,75.2,75.2,75.2,76.9,,,,,,,,,,,,,,,,,,0.7693341276714577,1.9000000000000057,0.20000000000000284,0.20000000000000284,1.9000000000000057,0.20000000000000284,0.0,0.0,la,t_plus_17h
la,KXHIGHLAX-26JUL06,2026-07-06,2.0,,,,2.0,-0.06861473800213432,-0.9976432316860063,18.0,6.0,71.0,75.2,75.2,75.2,76.9,,,,,,,,,,,,,,,,,,2.1775846711436984,5.900000000000006,4.200000000000003,4.200000000000003,5.900000000000006,4.200000000000003,0.0,0.0,la,t_plus_18h
la,KXHIGHLAX-26JUL06,2026-07-06,3.0,,,,3.0,-0.06861473800213432,-0.9976432316860063,19.0,5.0,68.0,75.2,75.2,75.2,76.7,,,,,,,,,,,,,,,,,,3.3899668139968577,8.700000000000003,7.200000000000003,7.200000000000003,8.700000000000003,7.200000000000003,0.0,0.0,la,t_plus_19h
la,KXHIGHLAX-26JUL06,2026-07-06,4.0,,,,4.0,-0.06861473800213432,-0.9976432316860063,20.0,4.0,68.0,75.2,75.2,75.2,76.7,,,,,,,,,,,,,,,,,,3.3899668139968577,8.700000000000003,7.200000000000003,7.200000000000003,8.700000000000003,7.200000000000003,0.0,0.0,la,t_plus_20h
la,KXHIGHLAX-26JUL06,2026-07-06,5.0,,,,5.0,-0.06861473800213432,-0.9976432316860063,21.0,3.0,68.0,75.2,75.2,75.2,76.7,,,,,,,,,,,,,,,,,,3.3899668139968577,8.700000000000003,7.200000000000003,7.200000000000003,8.700000000000003,7.200000000000003,0.0,0.0,la,t_plus_21h
la,KXHIGHLAX-26JUL06,2026-07-06,6.0,,,,6.0,-0.06861473800213432,-0.9976432316860063,22.0,2.0,68.0,75.2,75.2,75.2,76.1,,,,,,,,,,,,,,,,,,3.2683137854251383,8.099999999999994,7.200000000000003,7.200000000000003,8.099999999999994,7.200000000000003,0.0,0.0,la,t_plus_22h
la,KXHIGHLAX-26JUL06,2026-07-06,7.0,,,,7.0,-0.06861473800213432,-0.9976432316860063,23.0,1.0,66.0,75.2,75.2,75.2,76.1,,,,,,,,,,,,,,,,,,4.129996973364508,10.099999999999994,9.200000000000003,9.200000000000003,10.099999999999994,9.200000000000003,0.0,0.0,la,t_plus_23h
mia,KXHIGHMIA-26JUL06,2026-07-06,5.0,,,,5.0,-0.06861473800213432,-0.9976432316860063,0.0,24.0,91.0,,89.6,89.2,89.5,,,,,,,,,,,,,,,,,,0.6941721688457408,1.7999999999999972,-1.4000000000000057,-1.7999999999999972,-1.5,,,,mia,t_plus_0h
mia,KXHIGHMIA-26JUL06,2026-07-06,6.0,,,,6.0,-0.06861473800213432,-0.9976432316860063,1.0,23.0,91.0,82.4,90.7,89.2,89.7,,,,,,,,,,,,,,,,,,0.7297259759663204,1.7999999999999972,-0.29999999999999716,-1.7999999999999972,-1.2999999999999972,-8.599999999999994,8.299999999999997,6.799999999999997,mia,t_plus_1h
mia,KXHIGHMIA-26JUL06,2026-07-06,7.0,,,,7.0,-0.06861473800213432,-0.9976432316860063,2.0,22.0,91.0,82.4,89.6,89.2,89.7,,,,,,,,,,,,,,,,,,0.6759252917297884,1.7999999999999972,-1.4000000000000057,-1.7999999999999972,-1.2999999999999972,-8.599999999999994,7.199999999999989,6.799999999999997,mia,t_plus_2h
mia,KXHIGHMIA-26JUL06,2026-07-06,8.0,,,,8.0,-0.06861473800213432,-0.9976432316860063,3.0,21.0,91.0,82.4,89.6,89.2,89.7,,,,,,,,,,,,,,,,,,0.6759252917297884,1.7999999999999972,-1.4000000000000057,-1.7999999999999972,-1.2999999999999972,-8.599999999999994,7.199999999999989,6.799999999999997,mia,t_plus_3h
mia,KXHIGHMIA-26JUL06,2026-07-06,9.0,,,,9.0,-0.06861473800213432,-0.9976432316860063,4.0,20.0,91.0,82.4,88.9,89.3,89.6,,,,,,,,,,,,,,,,,,0.7905694150420939,2.0999999999999943,-2.0999999999999943,-1.7000000000000028,-1.4000000000000057,-8.599999999999994,6.5,6.8999999999999915,mia,t_plus_4h
mia,KXHIGHMIA-26JUL06,2026-07-06,10.0,,,,10.0,-0.06861473800213432,-0.9976432316860063,5.0,19.0,91.0,82.4,88.9,89.3,89.6,,,,,,,,,,,,,,,,,,0.7905694150420939,2.0999999999999943,-2.0999999999999943,-1.7000000000000028,-1.4000000000000057,-8.599999999999994,6.5,6.8999999999999915,mia,t_plus_5h
mia,KXHIGHMIA-26JUL06,2026-07-06,11.0,,,,11.0,-0.06861473800213432,-0.9976432316860063,6.0,18.0,91.0,82.4,89.7,89.3,89.6,,,,,,,,,,,,,,,,,,0.651920240520266,1.7000000000000028,-1.2999999999999972,-1.7000000000000028,-1.4000000000000057,-8.599999999999994,7.299999999999997,6.8999999999999915,mia,t_plus_6h
mia,KXHIGHMIA-26JUL06,2026-07-06,12.0,,,,12.0,-0.06861473800213432,-0.9976432316860063,7.0,17.0,91.0,82.4,90.8,89.3,89.3,,,,,,,,,,,,,,,,,,0.8031189202104514,1.7000000000000028,-0.20000000000000284,-1.7000000000000028,-1.7000000000000028,-8.599999999999994,8.399999999999991,6.8999999999999915,mia,t_plus_7h
mia,KXHIGHMIA-26JUL06,2026-07-06,13.0,,,,13.0,-0.06861473800213432,-0.9976432316860063,8.0,16.0,91.0,84.2,89.8,89.3,89.3,,,,,,,,,,,,,,,,,,0.6946221994724914,1.7000000000000028,-1.2000000000000028,-1.7000000000000028,-1.7000000000000028,-6.799999999999997,5.599999999999994,5.099999999999994,mia,t_plus_8h
mia,KXHIGHMIA-26JUL06,2026-07-06,14.0,,,,14.0,-0.06861473800213432,-0.9976432316860063,9.0,15.0,91.0,87.8,89.8,89.3,89.3,,,,,,,,,,,,,,,,,,0.6946221994724914,1.7000000000000028,-1.2000000000000028,-1.7000000000000028,-1.7000000000000028,-3.200000000000003,2.0,1.5,mia,t_plus_9h
mia,KXHIGHMIA-26JUL06,2026-07-06,15.0,,,,15.0,-0.06861473800213432,-0.9976432316860063,10.0,14.0,91.0,87.8,90.0,88.8,89.3,,,,,,,,,,,,,,,,,,0.8257572282456884,2.200000000000003,-1.0,-2.200000000000003,-1.7000000000000028,-3.200000000000003,2.200000000000003,1.0,mia,t_plus_10h
mia,KXHIGHMIA-26JUL06,2026-07-06,16.0,,,,16.0,-0.06861473800213432,-0.9976432316860063,11.0,13.0,91.0,87.98,90.2,88.8,89.3,,,,,,,,,,,,,,,,,,0.8437268515343118,2.200000000000003,-0.7999999999999972,-2.200000000000003,-1.7000000000000028,-3.019999999999996,2.219999999999999,0.8199999999999932,mia,t_plus_11h
mia,KXHIGHMIA-26JUL06,2026-07-06,17.0,,,,17.0,-0.06861473800213432,-0.9976432316860063,12.0,12.0,91.0,89.6,90.9,89.6,89.3,,,,,,,,,,,,,,,,,,0.7582875444051583,1.7000000000000028,-0.09999999999999432,-1.4000000000000057,-1.7000000000000028,-1.4000000000000057,1.3000000000000114,0.0,mia,t_plus_12h
mia,KXHIGHMIA-26JUL06,2026-07-06,18.0,,,,18.0,-0.06861473800213432,-0.9976432316860063,13.0,11.0,90.0,91.4,91.4,91.4,89.2,,,,,,,,,,,,,,,,,,0.9433981132056621,2.200000000000003,1.4000000000000057,1.4000000000000057,-0.7999999999999972,1.4000000000000057,0.0,0.0,mia,t_plus_13h
mia,KXHIGHMIA-26JUL06,2026-07-06,19.0,,,,19.0,-0.06861473800213432,-0.9976432316860063,14.0,10.0,90.0,91.4,91.4,91.4,89.2,,,,,,,,,,,,,,,,,,0.9433981132056621,2.200000000000003,1.4000000000000057,1.4000000000000057,-0.7999999999999972,1.4000000000000057,0.0,0.0,mia,t_plus_14h
mia,KXHIGHMIA-26JUL06,2026-07-06,20.0,,,,20.0,-0.06861473800213432,-0.9976432316860063,15.0,9.0,90.0,91.4,91.4,91.4,89.1,,,,,,,,,,,,,,,,,,0.9781998773256972,2.3000000000000114,1.4000000000000057,1.4000000000000057,-0.9000000000000057,1.4000000000000057,0.0,0.0,mia,t_plus_15h
mia,KXHIGHMIA-26JUL06,2026-07-06,21.0,,,,21.0,-0.06861473800213432,-0.9976432316860063,16.0,8.0,90.0,91.4,91.4,91.4,89.1,,,,,,,,,,,,,,,,,,0.9781998773256972,2.3000000000000114,1.4000000000000057,1.4000000000000057,-0.9000000000000057,1.4000000000000057,0.0,0.0,mia,t_plus_16h
mia,KXHIGHMIA-26JUL06,2026-07-06,22.0,,,,22.0,-0.06861473800213432,-0.9976432316860063,17.0,7.0,90.0,91.4,91.4,91.4,89.1,,,,,,,,,,,,,,,,,,0.9781998773256972,2.3000000000000114,1.4000000000000057,1.4000000000000057,-0.9000000000000057,1.4000000000000057,0.0,0.0,mia,t_plus_17h
mia,KXHIGHMIA-26JUL06,2026-07-06,23.0,,,,23.0,-0.06861473800213432,-0.9976432316860063,18.0,6.0,86.0,91.4,91.4,91.4,89.0,,,,,,,,,,,,,,,,,,2.219797288042314,5.400000000000006,5.400000000000006,5.400000000000006,3.0,5.400000000000006,0.0,0.0,mia,t_plus_18h
mia,KXHIGHMIA-26JUL06,2026-07-06,0.0,,,,0.0,-0.06861473800213432,-0.9976432316860063,19.0,5.0,84.0,91.4,91.4,91.4,84.1,,,,,,,,,,,,,,,,,,3.675170064092277,7.400000000000006,7.400000000000006,7.400000000000006,0.09999999999999432,7.400000000000006,0.0,0.0,mia,t_plus_19h
mia,KXHIGHMIA-26JUL06,2026-07-06,1.0,,,,1.0,-0.06861473800213432,-0.9976432316860063,20.0,4.0,84.0,91.4,91.4,91.4,84.1,,,,,,,,,,,,,,,,,,3.675170064092277,7.400000000000006,7.400000000000006,7.400000000000006,0.09999999999999432,7.400000000000006,0.0,0.0,mia,t_plus_20h
mia,KXHIGHMIA-26JUL06,2026-07-06,2.0,,,,2.0,-0.06861473800213432,-0.9976432316860063,21.0,3.0,81.0,91.4,91.4,91.4,84.1,,,,,,,,,,,,,,,,,,4.558714182749346,10.400000000000006,10.400000000000006,10.400000000000006,3.0999999999999943,10.400000000000006,0.0,0.0,mia,t_plus_21h
mia,KXHIGHMIA-26JUL06,2026-07-06,3.0,,,,3.0,-0.06861473800213432,-0.9976432316860063,22.0,2.0,81.0,91.4,91.4,91.4,83.9,,,,,,,,,,,,,,,,,,4.590955782840869,10.400000000000006,10.400000000000006,10.400000000000006,2.9000000000000057,10.400000000000006,0.0,0.0,mia,t_plus_22h
mia,KXHIGHMIA-26JUL06,2026-07-06,4.0,,,,4.0,-0.06861473800213432,-0.9976432316860063,23.0,1.0,81.0,91.4,91.4,91.4,81.6,,,,,,,,,,,,,,,,,,5.054453481831645,10.400000000000006,10.400000000000006,10.400000000000006,0.5999999999999943,10.400000000000006,0.0,0.0,mia,t_plus_23h
nyc,KXHIGHNY-26JUL06,2026-07-06,5.0,69.0,,,5.0,-0.06861473800213432,-0.9976432316860063,0.0,24.0,74.0,,72.2,73.7,73.4,,,,,,,,,,,,,,,,,,0.6832825184358218,1.7999999999999972,-1.7999999999999972,-0.29999999999999716,-0.5999999999999943,,,,nyc,t_plus_0h
nyc,KXHIGHNY-26JUL06,2026-07-06,6.0,69.0,,,6.0,-0.06861473800213432,-0.9976432316860063,1.0,23.0,74.0,,69.3,73.4,73.4,,,,,,,,,,,,,,,,,,1.8779976038323396,4.700000000000003,-4.700000000000003,-0.5999999999999943,-0.5999999999999943,,,,nyc,t_plus_1h
nyc,KXHIGHNY-26JUL06,2026-07-06,7.0,69.0,,,7.0,-0.06861473800213432,-0.9976432316860063,2.0,22.0,74.0,68.0,69.8,73.0,73.4,,,,,,,,,,,,,,,,,,1.6271140095272998,4.200000000000003,-4.200000000000003,-1.0,-0.5999999999999943,-6.0,1.7999999999999972,5.0,nyc,t_plus_2h
nyc,KXHIGHNY-26JUL06,2026-07-06,8.0,69.0,,,8.0,-0.06861473800213432,-0.9976432316860063,3.0,21.0,73.0,68.0,69.8,72.5,73.4,,,,,,,,,,,,,,,,,,1.4077908225301112,3.6000000000000085,-3.200000000000003,-0.5,0.4000000000000057,-5.0,1.7999999999999972,4.5,nyc,t_plus_3h
nyc,KXHIGHNY-26JUL06,2026-07-06,9.0,69.0,,,9.0,-0.06861473800213432,-0.9976432316860063,4.0,20.0,73.0,68.0,71.0,71.4,73.3,,,,,,,,,,,,,,,,,,0.9908960591303188,2.299999999999997,-2.0,-1.5999999999999943,0.29999999999999716,-5.0,3.0,3.4000000000000057,nyc,t_plus_4h
nyc,KXHIGHNY-26JUL06,2026-07-06,10.0,69.0,,,10.0,-0.06861473800213432,-0.9976432316860063,5.0,19.0,73.0,68.0,71.0,70.9,73.3,,,,,,,,,,,,,,,,,,1.1056672193747967,2.3999999999999915,-2.0,-2.0999999999999943,0.29999999999999716,-5.0,3.0,2.9000000000000057,nyc,t_plus_5h
nyc,KXHIGHNY-26JUL06,2026-07-06,11.0,69.0,,,11.0,-0.06861473800213432,-0.9976432316860063,6.0,18.0,73.0,69.08,69.4,70.9,73.9,,,,,,,,,,,,,,,,,,1.7621010186706085,4.5,-3.5999999999999943,-2.0999999999999943,0.9000000000000057,-3.9200000000000017,0.3200000000000074,1.8200000000000074,nyc,t_plus_6h
nyc,KXHIGHNY-26JUL06,2026-07-06,12.0,69.0,,,12.0,-0.06861473800213432,-0.9976432316860063,7.0,17.0,72.0,69.08,70.1,70.9,73.5,,,,,,,,,,,,,,,,,,1.2754901018824107,3.4000000000000057,-1.9000000000000057,-1.0999999999999943,1.5,-2.9200000000000017,1.019999999999996,1.8200000000000074,nyc,t_plus_7h
nyc,KXHIGHNY-26JUL06,2026-07-06,13.0,69.0,,,13.0,-0.06861473800213432,-0.9976432316860063,8.0,16.0,72.0,69.08,70.8,70.9,73.5,,,,,,,,,,,,,,,,,,1.0885770528538614,2.700000000000003,-1.2000000000000028,-1.0999999999999943,1.5,-2.9200000000000017,1.7199999999999989,1.8200000000000074,nyc,t_plus_8h
nyc,KXHIGHNY-26JUL06,2026-07-06,14.0,69.0,,,14.0,-0.06861473800213432,-0.9976432316860063,9.0,15.0,72.0,69.08,70.8,70.9,73.5,,,,,,,,,,,,,,,,,,1.0885770528538614,2.700000000000003,-1.2000000000000028,-1.0999999999999943,1.5,-2.9200000000000017,1.7199999999999989,1.8200000000000074,nyc,t_plus_9h
nyc,KXHIGHNY-26JUL06,2026-07-06,15.0,69.0,,,15.0,-0.06861473800213432,-0.9976432316860063,10.0,14.0,72.0,69.08,69.9,72.7,73.5,,,,,,,,,,,,,,,,,,1.3367404385294832,3.5999999999999943,-2.0999999999999943,0.7000000000000028,1.5,-2.9200000000000017,0.8200000000000074,3.6200000000000045,nyc,t_plus_10h
nyc,KXHIGHNY-26JUL06,2026-07-06,16.0,69.0,,,16.0,-0.06861473800213432,-0.9976432316860063,11.0,13.0,72.0,69.08,70.7,72.7,73.0,,,,,,,,,,,,,,,,,,0.8860022573334669,2.299999999999997,-1.2999999999999972,0.7000000000000028,1.0,-2.9200000000000017,1.6200000000000045,3.6200000000000045,nyc,t_plus_11h
nyc,KXHIGHNY-26JUL06,2026-07-06,17.0,69.0,,,17.0,-0.06861473800213432,-0.9976432316860063,12.0,12.0,72.0,69.08,69.3,72.7,73.0,,,,,,,,,,,,,,,,,,1.460308186651025,3.700000000000003,-2.700000000000003,0.7000000000000028,1.0,-2.9200000000000017,0.21999999999999886,3.6200000000000045,nyc,t_plus_12h
nyc,KXHIGHNY-26JUL06,2026-07-06,18.0,69.0,,,18.0,-0.06861473800213432,-0.9976432316860063,13.0,11.0,73.0,69.8,69.8,72.7,72.9,,,,,,,,,,,,,,,,,,1.3322912594474252,3.200000000000003,-3.200000000000003,-0.29999999999999716,-0.09999999999999432,-3.200000000000003,0.0,2.9000000000000057,nyc,t_plus_13h
nyc,KXHIGHNY-26JUL06,2026-07-06,19.0,69.0,,,19.0,-0.06861473800213432,-0.9976432316860063,14.0,10.0,73.0,69.8,69.8,72.7,72.9,,,,,,,,,,,,,,,,,,1.3322912594474252,3.200000000000003,-3.200000000000003,-0.29999999999999716,-0.09999999999999432,-3.200000000000003,0.0,2.9000000000000057,nyc,t_plus_14h
nyc,KXHIGHNY-26JUL06,2026-07-06,20.0,69.0,,,20.0,-0.06861473800213432,-0.9976432316860063,15.0,9.0,73.0,69.8,69.8,72.5,72.9,,,,,,,,,,,,,,,,,,1.3124404748406708,3.200000000000003,-3.200000000000003,-0.5,-0.09999999999999432,-3.200000000000003,0.0,2.700000000000003,nyc,t_plus_15h
nyc,KXHIGHNY-26JUL06,2026-07-06,21.0,69.0,,,21.0,-0.06861473800213432,-0.9976432316860063,16.0,8.0,73.0,69.8,69.8,71.0,72.9,,,,,,,,,,,,,,,,,,1.3442005058770088,3.200000000000003,-3.200000000000003,-2.0,-0.09999999999999432,-3.200000000000003,0.0,1.2000000000000028,nyc,t_plus_16h
nyc,KXHIGHNY-26JUL06,2026-07-06,22.0,69.0,,,22.0,-0.06861473800213432,-0.9976432316860063,17.0,7.0,73.0,69.8,69.8,70.7,72.9,,,,,,,,,,,,,,,,,,1.3874436925511626,3.200000000000003,-3.200000000000003,-2.299999999999997,-0.09999999999999432,-3.200000000000003,0.0,0.9000000000000057,nyc,t_plus_17h
nyc,KXHIGHNY-26JUL06,2026-07-06,23.0,69.0,,,23.0,-0.06861473800213432,-0.9976432316860063,18.0,6.0,72.0,69.8,69.8,70.1,71.9,,,,,,,,,,,,,,,,,,1.0062305898749087,2.200000000000003,-2.200000000000003,-1.9000000000000057,-0.09999999999999432,-2.200000000000003,0.0,0.29999999999999716,nyc,t_plus_18h
nyc,KXHIGHNY-26JUL06,2026-07-06,0.0,69.0,,,0.0,-0.06861473800213432,-0.9976432316860063,19.0,5.0,72.0,69.8,69.8,69.8,68.4,,,,,,,,,,,,,,,,,,1.288409872672511,3.5999999999999943,-2.200000000000003,-2.200000000000003,-3.5999999999999943,-2.200000000000003,0.0,0.0,nyc,t_plus_19h
nyc,KXHIGHNY-26JUL06,2026-07-06,1.0,69.0,,,1.0,-0.06861473800213432,-0.9976432316860063,20.0,4.0,71.0,69.8,69.8,69.8,68.4,,,,,,,,,,,,,,,,,,0.9205976319760963,2.5999999999999943,-1.2000000000000028,-1.2000000000000028,-2.5999999999999943,-1.2000000000000028,0.0,0.0,nyc,t_plus_20h
nyc,KXHIGHNY-26JUL06,2026-07-06,2.0,69.0,,,2.0,-0.06861473800213432,-0.9976432316860063,21.0,3.0,70.0,69.8,69.8,69.8,68.4,,,,,,,,,,,,,,,,,,0.6403124237432818,1.5999999999999943,-0.20000000000000284,-0.20000000000000284,-1.5999999999999943,-0.20000000000000284,0.0,0.0,nyc,t_plus_21h
nyc,KXHIGHNY-26JUL06,2026-07-06,3.0,69.0,,,3.0,-0.06861473800213432,-0.9976432316860063,22.0,2.0,70.0,69.8,69.8,69.8,67.5,,,,,,,,,,,,,,,,,,1.0280442597476036,2.5,-0.20000000000000284,-0.20000000000000284,-2.5,-0.20000000000000284,0.0,0.0,nyc,t_plus_22h
nyc,KXHIGHNY-26JUL06,2026-07-06,4.0,69.0,,,4.0,-0.06861473800213432,-0.9976432316860063,23.0,1.0,70.0,69.8,69.8,69.8,67.6,,,,,,,,,,,,,,,,,,0.9848857801796121,2.4000000000000057,-0.20000000000000284,-0.20000000000000284,-2.4000000000000057,-0.20000000000000284,0.0,0.0,nyc,t_plus_23h
okc,KXHIGHTOKC-26JUL06,2026-07-06,6.0,92.0,,,6.0,-0.06861473800213432,-0.9976432316860063,0.0,24.0,94.0,,94.8,92.1,91.8,,,,,,,,,,,,,,,,,,1.2616952880945551,3.0,0.7999999999999972,-1.9000000000000057,-2.200000000000003,,,,okc,t_plus_0h
okc,KXHIGHTOKC-26JUL06,2026-07-06,7.0,92.0,,,7.0,-0.06861473800213432,-0.9976432316860063,1.0,23.0,94.0,75.2,94.8,92.1,91.8,,,,,,,,,,,,,,,,,,1.2616952880945551,3.0,0.7999999999999972,-1.9000000000000057,-2.200000000000003,-18.799999999999997,19.599999999999994,16.89999999999999,okc,t_plus_1h
okc,KXHIGHTOKC-26JUL06,2026-07-06,8.0,92.0,,,8.0,-0.06861473800213432,-0.9976432316860063,2.0,22.0,93.0,75.2,94.8,92.1,91.8,,,,,,,,,,,,,,,,,,1.1691342951089927,3.0,1.7999999999999972,-0.9000000000000057,-1.2000000000000028,-17.799999999999997,19.599999999999994,16.89999999999999,okc,t_plus_2h
okc,KXHIGHTOKC-26JUL06,2026-07-06,9.0,92.0,,,9.0,-0.06861473800213432,-0.9976432316860063,3.0,21.0,93.0,75.2,94.7,91.4,91.9,,,,,,,,,,,,,,,,,,1.2658988901172148,3.299999999999997,1.7000000000000028,-1.5999999999999943,-1.0999999999999943,-17.799999999999997,19.5,16.200000000000003,okc,t_plus_3h
okc,KXHIGHTOKC-26JUL06,2026-07-06,10.0,92.0,,,10.0,-0.06861473800213432,-0.9976432316860063,4.0,20.0,93.0,75.2,94.7,91.4,91.9,,,,,,,,,,,,,,,,,,1.2658988901172148,3.299999999999997,1.7000000000000028,-1.5999999999999943,-1.0999999999999943,-17.799999999999997,19.5,16.200000000000003,okc,t_plus_4h
okc,KXHIGHTOKC-26JUL06,2026-07-06,11.0,92.0,,,11.0,-0.06861473800213432,-0.9976432316860063,5.0,19.0,93.0,75.2,94.2,91.4,91.9,,,,,,,,,,,,,,,,,,1.0779030568655035,2.799999999999997,1.2000000000000028,-1.5999999999999943,-1.0999999999999943,-17.799999999999997,19.0,16.200000000000003,okc,t_plus_5h
okc,KXHIGHTOKC-26JUL06,2026-07-06,12.0,92.0,,,12.0,-0.06861473800213432,-0.9976432316860063,6.0,18.0,93.0,75.2,94.4,91.4,92.0,,,,,,,,,,,,,,,,,,1.1357816691600553,3.0,1.4000000000000057,-1.5999999999999943,-1.0,-17.799999999999997,19.200000000000003,16.200000000000003,okc,t_plus_6h
okc,KXHIGHTOKC-26JUL06,2026-07-06,13.0,92.0,,,13.0,-0.06861473800213432,-0.9976432316860063,7.0,17.0,93.0,75.2,94.8,91.4,92.0,,,,,,,,,,,,,,,,,,1.28840987267251,3.3999999999999915,1.7999999999999972,-1.5999999999999943,-1.0,-17.799999999999997,19.599999999999994,16.200000000000003,okc,t_plus_7h
okc,KXHIGHTOKC-26JUL06,2026-07-06,14.0,92.0,,,14.0,-0.06861473800213432,-0.9976432316860063,8.0,16.0,93.0,78.8,94.8,91.4,92.0,,,,,,,,,,,,,,,,,,1.28840987267251,3.3999999999999915,1.7999999999999972,-1.5999999999999943,-1.0,-14.200000000000003,16.0,12.600000000000009,okc,t_plus_8h
okc,KXHIGHTOKC-26JUL06,2026-07-06,15.0,92.0,,,15.0,-0.06861473800213432,-0.9976432316860063,9.0,15.0,93.0,82.4,95.4,91.4,92.0,,,,,,,,,,,,,,,,,,1.5256146302392366,4.0,2.4000000000000057,-1.5999999999999943,-1.0,-10.599999999999994,13.0,9.0,okc,t_plus_9h
okc,KXHIGHTOKC-26JUL06,2026-07-06,16.0,92.0,,,16.0,-0.06861473800213432,-0.9976432316860063,10.0,14.0,93.0,84.2,95.3,91.4,91.9,,,,,,,,,,,,,,,,,,1.501665741768117,3.8999999999999915,2.299999999999997,-1.5999999999999943,-1.0999999999999943,-8.799999999999997,11.099999999999994,7.200000000000003,okc,t_plus_10h
okc,KXHIGHTOKC-26JUL06,2026-07-06,17.0,92.0,,,17.0,-0.06861473800213432,-0.9976432316860063,11.0,13.0,93.0,84.2,96.1,91.4,91.9,,,,,,,,,,,,,,,,,,1.8261982367749627,4.699999999999989,3.0999999999999943,-1.5999999999999943,-1.0999999999999943,-8.799999999999997,11.899999999999991,7.200000000000003,okc,t_plus_11h
okc,KXHIGHTOKC-26JUL06,2026-07-06,18.0,92.0,,,18.0,-0.06861473800213432,-0.9976432316860063,12.0,12.0,93.0,87.8,95.7,91.4,91.9,,,,,,,,,,,,,,,,,,1.6628289148315878,4.299999999999997,2.700000000000003,-1.5999999999999943,-1.0999999999999943,-5.200000000000003,7.900000000000006,3.6000000000000085,okc,t_plus_12h
okc,KXHIGHTOKC-26JUL06,2026-07-06,19.0,92.0,,,19.0,-0.06861473800213432,-0.9976432316860063,13.0,11.0,93.0,89.6,94.4,91.4,91.9,,,,,,,,,,,,,,,,,,1.151900603350827,3.0,1.4000000000000057,-1.5999999999999943,-1.0999999999999943,-3.4000000000000057,4.800000000000011,1.8000000000000114,okc,t_plus_13h
okc,KXHIGHTOKC-26JUL06,2026-07-06,20.0,92.0,,,20.0,-0.06861473800213432,-0.9976432316860063,14.0,10.0,93.0,89.6,94.4,91.4,91.9,,,,,,,,,,,,,,,,,,1.151900603350827,3.0,1.4000000000000057,-1.5999999999999943,-1.0999999999999943,-3.4000000000000057,4.800000000000011,1.8000000000000114,okc,t_plus_14h
okc,KXHIGHTOKC-26JUL06,2026-07-06,21.0,92.0,,,21.0,-0.06861473800213432,-0.9976432316860063,15.0,9.0,93.0,91.4,93.9,91.5,91.9,,,,,,,,,,,,,,,,,,0.9417404100918692,2.4000000000000057,0.9000000000000057,-1.5,-1.0999999999999943,-1.5999999999999943,2.5,0.09999999999999432,okc,t_plus_15h
okc,KXHIGHTOKC-26JUL06,2026-07-06,22.0,92.0,,,22.0,-0.06861473800213432,-0.9976432316860063,16.0,8.0,93.0,91.4,92.6,91.5,91.9,,,,,,,,,,,,,,,,,,0.5852349955359796,1.5,-0.4000000000000057,-1.5,-1.0999999999999943,-1.5999999999999943,1.1999999999999886,0.09999999999999432,okc,t_plus_16h
okc,KXHIGHTOKC-26JUL06,2026-07-06,23.0,92.0,,,23.0,-0.06861473800213432,-0.9976432316860063,17.0,7.0,93.0,91.94,92.1,91.94,92.1,,,,,,,,,,,,,,,,,,0.4179413834498822,1.0600000000000023,-0.9000000000000057,-1.0600000000000023,-0.9000000000000057,-1.0600000000000023,0.1599999999999966,0.0,okc,t_plus_17h
okc,KXHIGHTOKC-26JUL06,2026-07-06,0.0,92.0,,,0.0,-0.06861473800213432,-0.9976432316860063,18.0,6.0,92.0,91.94,91.94,91.94,90.6,,,,,,,,,,,,,,,,,,0.5894064811316568,1.4000000000000057,-0.060000000000002274,-0.060000000000002274,-1.4000000000000057,-0.060000000000002274,0.0,0.0,okc,t_plus_18h
okc,KXHIGHTOKC-26JUL06,2026-07-06,1.0,92.0,,,1.0,-0.06861473800213432,-0.9976432316860063,19.0,5.0,91.0,91.94,91.94,91.94,90.6,,,,,,,,,,,,,,,,,,0.5872818744010416,1.3400000000000034,0.9399999999999977,0.9399999999999977,-0.4000000000000057,0.9399999999999977,0.0,0.0,okc,t_plus_19h
okc,KXHIGHTOKC-26JUL06,2026-07-06,2.0,92.0,,,2.0,-0.06861473800213432,-0.9976432316860063,20.0,4.0,88.0,91.94,91.94,91.94,90.6,,,,,,,,,,,,,,,,,,1.608539710420603,3.9399999999999977,3.9399999999999977,3.9399999999999977,2.5999999999999943,3.9399999999999977,0.0,0.0,okc,t_plus_20h
okc,KXHIGHTOKC-26JUL06,2026-07-06,3.0,92.0,,,3.0,-0.06861473800213432,-0.9976432316860063,21.0,3.0,82.0,91.94,91.94,91.94,90.5,,,,,,,,,,,,,,,,,,4.138269565893454,9.939999999999998,9.939999999999998,9.939999999999998,8.5,9.939999999999998,0.0,0.0,okc,t_plus_21h
okc,KXHIGHTOKC-26JUL06,2026-07-06,4.0,92.0,,,4.0,-0.06861473800213432,-0.9976432316860063,22.0,2.0,82.0,91.94,91.94,91.94,90.6,,,,,,,,,,,,,,,,,,4.146974800984447,9.939999999999998,9.939999999999998,9.939999999999998,8.599999999999994,9.939999999999998,0.0,0.0,okc,t_plus_22h
okc,KXHIGHTOKC-26JUL06,2026-07-06,5.0,92.0,,,5.0,-0.06861473800213432,-0.9976432316860063,23.0,1.0,80.0,91.94,91.94,91.94,90.6,,,,,,,,,,,,,,,,,,5.0067354633533405,11.939999999999998,11.939999999999998,11.939999999999998,10.599999999999994,11.939999999999998,0.0,0.0,okc,t_plus_23h
aus,KXHIGHAUS-26JUL07,2026-07-07,6.0,,,,6.0,-0.0857305001556945,-0.9963183634476755,0.0,24.0,97.0,,97.6,94.6,96.8,,,,,,,,,,,,,,,,,,1.1357816691600555,3.0,0.5999999999999943,-2.4000000000000057,-0.20000000000000284,,,,aus,t_plus_0h
aus,KXHIGHAUS-26JUL07,2026-07-07,7.0,,,,7.0,-0.0857305001556945,-0.9963183634476755,1.0,23.0,96.0,80.6,97.8,94.6,96.3,,,,,,,,,,,,,,,,,,1.1366067921669314,3.200000000000003,1.7999999999999972,-1.4000000000000057,0.29999999999999716,-15.400000000000006,17.200000000000003,14.0,aus,t_plus_1h
aus,KXHIGHAUS-26JUL07,2026-07-07,8.0,,,,8.0,-0.0857305001556945,-0.9963183634476755,2.0,22.0,96.0,80.6,97.8,94.6,96.3,,,,,,,,,,,,,,,,,,1.1366067921669314,3.200000000000003,1.7999999999999972,-1.4000000000000057,0.29999999999999716,-15.400000000000006,17.200000000000003,14.0,aus,t_plus_2h
den,KXHIGHDEN-26JUL07,2026-07-07,7.0,,,,7.0,-0.0857305001556945,-0.9963183634476755,0.0,24.0,95.0,,95.3,93.4,95.5,,,,,,,,,,,,,,,,,,0.8276472678623396,2.0999999999999943,0.29999999999999716,-1.5999999999999943,0.5,,,,den,t_plus_0h
den,KXHIGHDEN-26JUL07,2026-07-07,8.0,,,,8.0,-0.0857305001556945,-0.9963183634476755,1.0,23.0,95.0,,95.3,93.4,95.5,,,,,,,,,,,,,,,,,,0.8276472678623396,2.0999999999999943,0.29999999999999716,-1.5999999999999943,0.5,,,,den,t_plus_1h
la,KXHIGHLAX-26JUL07,2026-07-07,8.0,,,,8.0,-0.0857305001556945,-0.9963183634476755,0.0,24.0,75.0,,75.9,72.4,79.4,,,,,,,,,,,,,,,,,,2.5053692342646823,7.0,0.9000000000000057,-2.5999999999999943,4.400000000000006,,,,la,t_plus_0h
mia,KXHIGHMIA-26JUL07,2026-07-07,5.0,,,,5.0,-0.0857305001556945,-0.9963183634476755,0.0,24.0,90.0,,86.8,89.9,89.5,,,,,,,,,,,,,,,,,,1.3124404748406708,3.200000000000003,-3.200000000000003,-0.09999999999999432,-0.5,,,,mia,t_plus_0h
mia,KXHIGHMIA-26JUL07,2026-07-07,6.0,,,,6.0,-0.0857305001556945,-0.9963183634476755,1.0,23.0,90.0,,86.8,89.9,89.1,,,,,,,,,,,,,,,,,,1.2893796958227648,3.200000000000003,-3.200000000000003,-0.09999999999999432,-0.9000000000000057,,,,mia,t_plus_1h
mia,KXHIGHMIA-26JUL07,2026-07-07,7.0,,,,7.0,-0.0857305001556945,-0.9963183634476755,2.0,22.0,91.0,80.6,86.8,89.9,89.0,,,,,,,,,,,,,,,,,,1.5433324334050669,4.200000000000003,-4.200000000000003,-1.0999999999999943,-2.0,-10.400000000000006,6.200000000000003,9.300000000000011,mia,t_plus_2h
mia,KXHIGHMIA-26JUL07,2026-07-07,8.0,,,,8.0,-0.0857305001556945,-0.9963183634476755,3.0,21.0,91.0,80.6,86.8,89.9,89.0,,,,,,,,,,,,,,,,,,1.5433324334050669,4.200000000000003,-4.200000000000003,-1.0999999999999943,-2.0,-10.400000000000006,6.200000000000003,9.300000000000011,mia,t_plus_3h
nyc,KXHIGHNY-26JUL07,2026-07-07,5.0,,,,5.0,-0.0857305001556945,-0.9963183634476755,0.0,24.0,74.0,,69.5,72.7,71.2,,,,,,,,,,,,,,,,,,1.6800297616411444,4.5,-4.5,-1.2999999999999972,-2.799999999999997,,,,nyc,t_plus_0h
nyc,KXHIGHNY-26JUL07,2026-07-07,6.0,,,,6.0,-0.0857305001556945,-0.9963183634476755,1.0,23.0,74.0,,67.7,72.7,71.4,,,,,,,,,,,,,,,,,,2.3521266972678143,6.299999999999997,-6.299999999999997,-1.2999999999999972,-2.5999999999999943,,,,nyc,t_plus_1h
nyc,KXHIGHNY-26JUL07,2026-07-07,7.0,,,,7.0,-0.0857305001556945,-0.9963183634476755,2.0,22.0,74.0,64.04,67.1,72.7,71.4,,,,,,,,,,,,,,,,,,2.5932604959779906,6.900000000000006,-6.900000000000006,-1.2999999999999972,-2.5999999999999943,-9.959999999999994,3.059999999999988,8.659999999999997,nyc,t_plus_2h
nyc,KXHIGHNY-26JUL07,2026-07-07,8.0,,,,8.0,-0.0857305001556945,-0.9963183634476755,3.0,21.0,74.0,64.04,67.1,72.7,71.4,,,,,,,,,,,,,,,,,,2.5932604959779906,6.900000000000006,-6.900000000000006,-1.2999999999999972,-2.5999999999999943,-9.959999999999994,3.059999999999988,8.659999999999997,nyc,t_plus_3h
okc,KXHIGHTOKC-26JUL07,2026-07-07,6.0,,,,6.0,-0.0857305001556945,-0.9963183634476755,0.0,24.0,94.0,,96.0,93.2,93.1,,,,,,,,,,,,,,,,,,1.164849775722175,2.9000000000000057,2.0,-0.7999999999999972,-0.9000000000000057,,,,okc,t_plus_0h
okc,KXHIGHTOKC-26JUL07,2026-07-07,7.0,,,,7.0,-0.0857305001556945,-0.9963183634476755,1.0,23.0,94.0,78.8,95.1,93.2,92.7,,,,,,,,,,,,,,,,,,0.9069178573608494,2.3999999999999915,1.0999999999999943,-0.7999999999999972,-1.2999999999999972,-15.200000000000003,16.299999999999997,14.400000000000006,okc,t_plus_1h
okc,KXHIGHTOKC-26JUL07,2026-07-07,8.0,,,,8.0,-0.0857305001556945,-0.9963183634476755,2.0,22.0,94.0,78.8,95.1,93.2,92.7,,,,,,,,,,,,,,,,,,0.9069178573608494,2.3999999999999915,1.0999999999999943,-0.7999999999999972,-1.2999999999999972,-15.200000000000003,16.299999999999997,14.400000000000006,okc,t_plus_2h
