city,event_ticker,model_name,probabilities,snapshot_hour_utc
aus,KXHIGHAUS-26JUL15,neuralcaster_v2,"{'KXHIGHAUS-26JUL15-T82': 0.6084477054845716, 'KXHIGHAUS-26JUL15-B82.5': 0.34091179267305594, 'KXHIGHAUS-26JUL15-B84.5': 0.0476494749231303, 'KXHIGHAUS-26JUL15-B86.5': 0.0009970089730807579, 'KXHIGHAUS-26JUL15-B88.5': 0.0009970089730807579, 'KXHIGHAUS-26JUL15-T89': 0.0009970089730807579}",2026-07-15T06:00:00+00:00
aus,KXHIGHAUS-26JUL15,neuralcaster_v2,"{'KXHIGHAUS-26JUL15-T82': 0.650154914357598, 'KXHIGHAUS-26JUL15-B82.5': 0.30450570121405124, 'KXHIGHAUS-26JUL15-B84.5': 0.04234835750910863, 'KXHIGHAUS-26JUL15-B86.5': 0.0009970089730807579, 'KXHIGHAUS-26JUL15-B88.5': 0.0009970089730807579, 'KXHIGHAUS-26JUL15-T89': 0.0009970089730807579}",2026-07-15T07:00:00+00:00
aus,KXHIGHAUS-26JUL15,neuralcaster_v2,"{'KXHIGHAUS-26JUL15-T82': 0.6681247117857092, 'KXHIGHAUS-26JUL15-B82.5': 0.288643266147945, 'KXHIGHAUS-26JUL15-B84.5': 0.04024099514710366, 'KXHIGHAUS-26JUL15-B86.5': 0.0009970089730807579, 'KXHIGHAUS-26JUL15-B88.5': 0.0009970089730807579, 'KXHIGHAUS-26JUL15-T89': 0.0009970089730807579}",2026-07-15T08:00:00+00:00
aus,KXHIGHAUS-26JUL15,neuralcaster_v2,"{'KXHIGHAUS-26JUL15-T82': 0.690381981641103, 'KXHIGHAUS-26JUL15-B82.5': 0.2691425755019662, 'KXHIGHAUS-26JUL15-B84.5': 0.0374844159376887, 'KXHIGHAUS-26JUL15-B86.5': 0.0009970089730807579, 'KXHIGHAUS-26JUL15-B88.5': 0.0009970089730807579, 'KXHIGHAUS-26JUL15-T89': 0.0009970089730807579}",2026-07-15T09:00:00+00:00
aus,KXHIGHAUS-26JUL15,neuralcaster_v2,"{'KXHIGHAUS-26JUL15-T82': 0.7059648621982522, 'KXHIGHAUS-26JUL15-B82.5': 0.25545655617395047, 'KXHIGHAUS-26JUL15-B84.5': 0.035587554708555146, 'KXHIGHAUS-26JUL15-B86.5': 0.0009970089730807579, 'KXHIGHAUS-26JUL15-B88.5': 0.0009970089730807579, 'KXHIGHAUS-26JUL15-T89': 0.0009970089730807579}",2026-07-15T10:00:00+00:00
aus,KXHIGHAUS-26JUL15,neuralcaster_v2,"{'KXHIGHAUS-26JUL15-T82': 0.7121461227284414, 'KXHIGHAUS-26JUL15-B82.5': 0.2500108849335038, 'KXHIGHAUS-26JUL15-B84.5': 0.034851965418812664, 'KXHIGHAUS-26JUL15-B86.5': 0.0009970089730807579, 'KXHIGHAUS-26JUL15-B88.5': 0.0009970089730807579, 'KXHIGHAUS-26JUL15-T89': 0.0009970089730807579}",2026-07-15T11:00:00+00:00
aus,KXHIGHAUS-26JUL15,neuralcaster_v2,"{'KXHIGHAUS-26JUL15-T82': 0.740336194901287, 'KXHIGHAUS-26JUL15-B82.5': 0.22526650304733364, 'KXHIGHAUS-26JUL15-B84.5': 0.031406275132137215, 'KXHIGHAUS-26JUL15-B86.5': 0.0009970089730807579, 'KXHIGHAUS-26JUL15-B88.5': 0.0009970089730807579, 'KXHIGHAUS-26JUL15-T89': 0.0009970089730807579}",2026-07-15T12:00:00+00:00
aus,KXHIGHAUS-26JUL15,neuralcaster_v2,"{'KXHIGHAUS-26JUL15-T82': 0.7080721050083751, 'KXHIGHAUS-26JUL15-B82.5': 0.253643415557978, 'KXHIGHAUS-26JUL15-B84.5': 0.03529345251440475, 'KXHIGHAUS-26JUL15-B86.5': 0.0009970089730807579, 'KXHIGHAUS-26JUL15-B88.5': 0.0009970089730807579, 'KXHIGHAUS-26JUL15-T89': 0.0009970089730807579}",2026-07-15T13:00:00+00:00
aus,KXHIGHAUS-26JUL15,neuralcaster_v2,"{'KXHIGHAUS-26JUL15-T82': 0.6825669215940785, 'KXHIGHAUS-26JUL15-B82.5': 0.27599013425271185, 'KXHIGHAUS-26JUL15-B84.5': 0.03845191723396752, 'KXHIGHAUS-26JUL15-B86.5': 0.0009970089730807579, 'KXHIGHAUS-26JUL15-B88.5': 0.0009970089730807579, 'KXHIGHAUS-26JUL15-T89': 0.0009970089730807579}",2026-07-15T14:00:00+00:00
aus,KXHIGHAUS-26JUL15,neuralcaster_v2,"{'KXHIGHAUS-26JUL15-T82': 0.7910008813297548, 'KXHIGHAUS-26JUL15-B82.5': 0.18364925883054423, 'KXHIGHAUS-26JUL15-B84.5': 0.022358832920458805, 'KXHIGHAUS-26JUL15-B86.5': 0.0009970089730807579, 'KXHIGHAUS-26JUL15-B88.5': 0.0009970089730807579, 'KXHIGHAUS-26JUL15-T89': 0.0009970089730807579}",2026-07-15T15:00:00+00:00
aus,KXHIGHAUS-26JUL15,neuralcaster_v2,"{'KXHIGHAUS-26JUL15-T82': 0.7442192860520738, 'KXHIGHAUS-26JUL15-B82.5': 0.22206483942036595, 'KXHIGHAUS-26JUL15-B84.5': 0.030724847608318062, 'KXHIGHAUS-26JUL15-B86.5': 0.0009970089730807579, 'KXHIGHAUS-26JUL15-B88.5': 0.0009970089730807579, 'KXHIGHAUS-26JUL15-T89': 0.0009970089730807579}",2026-07-15T16:00:00+00:00
aus,KXHIGHAUS-26JUL15,neuralcaster_v2,"{'KXHIGHAUS-26JUL15-T82': 0.7679927522197532, 'KXHIGHAUS-26JUL15-B82.5': 0.2024553220238797, 'KXHIGHAUS-26JUL15-B84.5': 0.026560898837124983, 'KXHIGHAUS-26JUL15-B86.5': 0.0009970089730807579, 'KXHIGHAUS-26JUL15-B88.5': 0.0009970089730807579, 'KXHIGHAUS-26JUL15-T89': 0.0009970089730807579}",2026-07-15T17:00:00+00:00
aus,KXHIGHAUS-26JUL15,neuralcaster_v2,"{'KXHIGHAUS-26JUL15-T82': 0.751091752450718, 'KXHIGHAUS-26JUL15-B82.5': 0.21608829790933387, 'KXHIGHAUS-26JUL15-B84.5': 0.029828922720705923, 'KXHIGHAUS-26JUL15-B86.5': 0.0009970089730807579, 'KXHIGHAUS-26JUL15-B88.5': 0.0009970089730807579, 'KXHIGHAUS-26JUL15-T89': 0.0009970089730807579}",2026-07-15T18:00:00+00:00
aus,KXHIGHAUS-26JUL15,neuralcaster_v2,"{'KXHIGHAUS-26JUL15-T82': 0.728132659830074, 'KXHIGHAUS-26JUL15-B82.5': 0.23593457428758058, 'KXHIGHAUS-26JUL15-B84.5': 0.03294173896310326, 'KXHIGHAUS-26JUL15-B86.5': 0.0009970089730807579, 'KXHIGHAUS-26JUL15-B88.5': 0.0009970089730807579, 'KXHIGHAUS-26JUL15-T89': 0.0009970089730807579}",2026-07-15T19:00:00+00:00
aus,KXHIGHAUS-26JUL15,neuralcaster_v2,"{'KXHIGHAUS-26JUL15-T82': 0.8280495656023174, 'KXHIGHAUS-26JUL15-B82.5': 0.15331082473976465, 'KXHIGHAUS-26JUL15-B84.5': 0.015648582738675792, 'KXHIGHAUS-26JUL15-B86.5': 0.0009970089730807579, 'KXHIGHAUS-26JUL15-B88.5': 0.0009970089730807579, 'KXHIGHAUS-26JUL15-T89': 0.0009970089730807579}",2026-07-15T20:00:00+00:00
aus,KXHIGHAUS-26JUL15,neuralcaster_v2,"{'KXHIGHAUS-26JUL15-T82': 0.9013896284914343, 'KXHIGHAUS-26JUL15-B82.5': 0.09420198116374529, 'KXHIGHAUS-26JUL15-B84.5': 0.0014173634255782224, 'KXHIGHAUS-26JUL15-B86.5': 0.0009970089730807579, 'KXHIGHAUS-26JUL15-B88.5': 0.0009970089730807579, 'KXHIGHAUS-26JUL15-T89': 0.0009970089730807579}",2026-07-15T21:00:00+00:00
aus,KXHIGHAUS-26JUL15,neuralcaster_v2,"{'KXHIGHAUS-26JUL15-T82': 0.8936446322816802, 'KXHIGHAUS-26JUL15-B82.5': 0.1023713039732999, 'KXHIGHAUS-26JUL15-B84.5': 0.00099601593625498, 'KXHIGHAUS-26JUL15-B86.5': 0.00099601593625498, 'KXHIGHAUS-26JUL15-B88.5': 0.00099601593625498, 'KXHIGHAUS-26JUL15-T89': 0.00099601593625498}",2026-07-15T22:00:00+00:00
aus,KXHIGHAUS-26JUL15,neuralcaster_v2,"{'KXHIGHAUS-26JUL15-T82': 0.9067724738504921, 'KXHIGHAUS-26JUL15-B82.5': 0.08924346240448801, 'KXHIGHAUS-26JUL15-B84.5': 0.00099601593625498, 'KXHIGHAUS-26JUL15-B86.5': 0.00099601593625498, 'KXHIGHAUS-26JUL15-B88.5': 0.00099601593625498, 'KXHIGHAUS-26JUL15-T89': 0.00099601593625498}",2026-07-15T23:00:00+00:00
aus,KXHIGHAUS-26JUL15,neuralcaster_v2,"{'KXHIGHAUS-26JUL15-T82': 0.71672186879095, 'KXHIGHAUS-26JUL15-B82.5': 0.2552907654767048, 'KXHIGHAUS-26JUL15-B84.5': 0.02499633881310294, 'KXHIGHAUS-26JUL15-B86.5': 0.0009970089730807579, 'KXHIGHAUS-26JUL15-B88.5': 0.0009970089730807579, 'KXHIGHAUS-26JUL15-T89': 0.0009970089730807579}",2026-07-16T00:00:00+00:00
aus,KXHIGHAUS-26JUL15,neuralcaster_v2,"{'KXHIGHAUS-26JUL15-T82': 0.7165526502563809, 'KXHIGHAUS-26JUL15-B82.5': 0.255362865027158, 'KXHIGHAUS-26JUL15-B84.5': 0.02509345779721895, 'KXHIGHAUS-26JUL15-B86.5': 0.0009970089730807579, 'KXHIGHAUS-26JUL15-B88.5': 0.0009970089730807579, 'KXHIGHAUS-26JUL15-T89': 0.0009970089730807579}",2026-07-16T01:00:00+00:00
aus,KXHIGHAUS-26JUL15,neuralcaster_v2,"{'KXHIGHAUS-26JUL15-T82': 0.7161966922545239, 'KXHIGHAUS-26JUL15-B82.5': 0.2555144233542608, 'KXHIGHAUS-26JUL15-B84.5': 0.025297857471973186, 'KXHIGHAUS-26JUL15-B86.5': 0.0009970089730807579, 'KXHIGHAUS-26JUL15-B88.5': 0.0009970089730807579, 'KXHIGHAUS-26JUL15-T89': 0.0009970089730807579}",2026-07-16T02:00:00+00:00
aus,KXHIGHAUS-26JUL15,neuralcaster_v2,"{'KXHIGHAUS-26JUL15-T82': 0.7161708205711566, 'KXHIGHAUS-26JUL15-B82.5': 0.25552543328927035, 'KXHIGHAUS-26JUL15-B84.5': 0.025312719220330907, 'KXHIGHAUS-26JUL15-B86.5': 0.0009970089730807579, 'KXHIGHAUS-26JUL15-B88.5': 0.0009970089730807579, 'KXHIGHAUS-26JUL15-T89': 0.0009970089730807579}",2026-07-16T03:00:00+00:00
aus,KXHIGHAUS-26JUL15,neuralcaster_v2,"{'KXHIGHAUS-26JUL15-T82': 0.7160961716588758, 'KXHIGHAUS-26JUL15-B82.5': 0.2555571965685463, 'KXHIGHAUS-26JUL15-B84.5': 0.025355604853335722, 'KXHIGHAUS-26JUL15-B86.5': 0.0009970089730807579, 'KXHIGHAUS-26JUL15-B88.5': 0.0009970089730807579, 'KXHIGHAUS-26JUL15-T89': 0.0009970089730807579}",2026-07-16T04:00:00+00:00
aus,KXHIGHAUS-26JUL15,neuralcaster_v2,"{'KXHIGHAUS-26JUL15-T82': 0.7162576277803122, 'KXHIGHAUS-26JUL15-B82.5': 0.25548848867430796, 'KXHIGHAUS-26JUL15-B84.5': 0.02526285662613773, 'KXHIGHAUS-26JUL15-B86.5': 0.0009970089730807579, 'KXHIGHAUS-26JUL15-B88.5': 0.0009970089730807579, 'KXHIGHAUS-26JUL15-T89': 0.0009970089730807579}",2026-07-16T05:00:00+00:00
den,KXHIGHDEN-26JUL15,neuralcaster_v2,"{'KXHIGHDEN-26JUL15-T89': 0.000999000999000999, 'KXHIGHDEN-26JUL15-B89.5': 0.054098993929855545, 'KXHIGHDEN-26JUL15-B91.5': 0.35821471076502986, 'KXHIGHDEN-26JUL15-B93.5': 0.45284101802906584, 'KXHIGHDEN-26JUL15-B95.5': 0.12392421327450791, 'KXHIGHDEN-26JUL15-T96': 0.009922063002539729}",2026-07-15T07:00:00+00:00
den,KXHIGHDEN-26JUL15,neuralcaster_v2,"{'KXHIGHDEN-26JUL15-T89': 0.0009990009990009992, 'KXHIGHDEN-26JUL15-B89.5': 0.054525002281642414, 'KXHIGHDEN-26JUL15-B91.5': 0.35963238379421336, 'KXHIGHDEN-26JUL15-B93.5': 0.4526868866576869, 'KXHIGHDEN-26JUL15-B95.5': 0.12263250766041857, 'KXHIGHDEN-26JUL15-T96': 0.00952421860703786}",2026-07-15T08:00:00+00:00
den,KXHIGHDEN-26JUL15,neuralcaster_v2,"{'KXHIGHDEN-26JUL15-T89': 0.0009990009990009992, 'KXHIGHDEN-26JUL15-B89.5': 0.04998671283220866, 'KXHIGHDEN-26JUL15-B91.5': 0.35080005277518206, 'KXHIGHDEN-26JUL15-B93.5': 0.4563996771517104, 'KXHIGHDEN-26JUL15-B95.5': 0.13036424574079472, 'KXHIGHDEN-26JUL15-T96': 0.011450310501103225}",2026-07-15T09:00:00+00:00
den,KXHIGHDEN-26JUL15,neuralcaster_v2,"{'KXHIGHDEN-26JUL15-T89': 0.0009990009990009992, 'KXHIGHDEN-26JUL15-B89.5': 0.05870427482012182, 'KXHIGHDEN-26JUL15-B91.5': 0.3651319500044249, 'KXHIGHDEN-26JUL15-B93.5': 0.4483978784773147, 'KXHIGHDEN-26JUL15-B95.5': 0.11804508182799779, 'KXHIGHDEN-26JUL15-T96': 0.008721813871139893}",2026-07-15T10:00:00+00:00
den,KXHIGHDEN-26JUL15,neuralcaster_v2,"{'KXHIGHDEN-26JUL15-T89': 0.000999000999000999, 'KXHIGHDEN-26JUL15-B89.5': 0.05694894949968734, 'KXHIGHDEN-26JUL15-B91.5': 0.36219428912459994, 'KXHIGHDEN-26JUL15-B93.5': 0.4499919535512325, 'KXHIGHDEN-26JUL15-B95.5': 0.12057547249529724, 'KXHIGHDEN-26JUL15-T96': 0.00929033433018188}",2026-07-15T11:00:00+00:00
den,KXHIGHDEN-26JUL15,neuralcaster_v2,"{'KXHIGHDEN-26JUL15-T89': 0.0009990009990009992, 'KXHIGHDEN-26JUL15-B89.5': 0.04902797399626, 'KXHIGHDEN-26JUL15-B91.5': 0.3435495529599522, 'KXHIGHDEN-26JUL15-B93.5': 0.45874365847651916, 'KXHIGHDEN-26JUL15-B95.5': 0.1350707380828697, 'KXHIGHDEN-26JUL15-T96': 0.012609075485398021}",2026-07-15T12:00:00+00:00
den,KXHIGHDEN-26JUL15,neuralcaster_v2,"{'KXHIGHDEN-26JUL15-T89': 0.000999000999000999, 'KXHIGHDEN-26JUL15-B89.5': 0.04665170223413365, 'KXHIGHDEN-26JUL15-B91.5': 0.3262309331681967, 'KXHIGHDEN-26JUL15-B93.5': 0.46509760563667757, 'KXHIGHDEN-26JUL15-B95.5': 0.14590165991173637, 'KXHIGHDEN-26JUL15-T96': 0.015119098050254617}",2026-07-15T13:00:00+00:00
den,KXHIGHDEN-26JUL15,neuralcaster_v2,"{'KXHIGHDEN-26JUL15-T89': 0.0009990009990009992, 'KXHIGHDEN-26JUL15-B89.5': 0.04760542931955066, 'KXHIGHDEN-26JUL15-B91.5': 0.3325620165144065, 'KXHIGHDEN-26JUL15-B93.5': 0.4623427171887304, 'KXHIGHDEN-26JUL15-B95.5': 0.14215058528173646, 'KXHIGHDEN-26JUL15-T96': 0.014340250696575078}",2026-07-15T14:00:00+00:00
den,KXHIGHDEN-26JUL15,neuralcaster_v2,"{'KXHIGHDEN-26JUL15-T89': 0.000999000999000999, 'KXHIGHDEN-26JUL15-B89.5': 0.05739227482660247, 'KXHIGHDEN-26JUL15-B91.5': 0.3609349528843647, 'KXHIGHDEN-26JUL15-B93.5': 0.44892840705056447, 'KXHIGHDEN-26JUL15-B95.5': 0.12186063872324833, 'KXHIGHDEN-26JUL15-T96': 0.009884725516218882}",2026-07-15T15:00:00+00:00
den,KXHIGHDEN-26JUL15,neuralcaster_v2,"{'KXHIGHDEN-26JUL15-T89': 0.000999000999000999, 'KXHIGHDEN-26JUL15-B89.5': 0.06747494687879493, 'KXHIGHDEN-26JUL15-B91.5': 0.3784394288070394, 'KXHIGHDEN-26JUL15-B93.5': 0.43998016601193957, 'KXHIGHDEN-26JUL15-B95.5': 0.10671980722574005, 'KXHIGHDEN-26JUL15-T96': 0.006386650077484932}",2026-07-15T16:00:00+00:00
den,KXHIGHDEN-26JUL15,neuralcaster_v2,"{'KXHIGHDEN-26JUL15-T89': 0.000999000999000999, 'KXHIGHDEN-26JUL15-B89.5': 0.06564840636745355, 'KXHIGHDEN-26JUL15-B91.5': 0.37560735273489915, 'KXHIGHDEN-26JUL15-B93.5': 0.4417131469443201, 'KXHIGHDEN-26JUL15-B95.5': 0.10913674123386856, 'KXHIGHDEN-26JUL15-T96': 0.006895351720457556}",2026-07-15T17:00:00+00:00
den,KXHIGHDEN-26JUL15,neuralcaster_v2,"{'KXHIGHDEN-26JUL15-T89': 0.000999000999000999, 'KXHIGHDEN-26JUL15-B89.5': 0.07280402771005401, 'KXHIGHDEN-26JUL15-B91.5': 0.3885948965591813, 'KXHIGHDEN-26JUL15-B93.5': 0.43554912708152205, 'KXHIGHDEN-26JUL15-B95.5': 0.09784839978883556, 'KXHIGHDEN-26JUL15-T96': 0.004204547861406029}",2026-07-15T18:00:00+00:00
den,KXHIGHDEN-26JUL15,neuralcaster_v2,"{'KXHIGHDEN-26JUL15-T89': 0.0009990009990009992, 'KXHIGHDEN-26JUL15-B89.5': 0.052026987112966175, 'KXHIGHDEN-26JUL15-B91.5': 0.35466792417399506, 'KXHIGHDEN-26JUL15-B93.5': 0.4546965471528841, 'KXHIGHDEN-26JUL15-B95.5': 0.1269872072500098, 'KXHIGHDEN-26JUL15-T96': 0.010622333311143957}",2026-07-15T19:00:00+00:00
den,KXHIGHDEN-26JUL15,neuralcaster_v2,"{'KXHIGHDEN-26JUL15-T89': 0.0009984314085379157, 'KXHIGHDEN-26JUL15-B89.5': 0.0894204898444624, 'KXHIGHDEN-26JUL15-B91.5': 0.41785216906472294, 'KXHIGHDEN-26JUL15-B93.5': 0.4071836920834062, 'KXHIGHDEN-26JUL15-B95.5': 0.08354678619033253, 'KXHIGHDEN-26JUL15-T96': 0.0009984314085379157}",2026-07-15T20:00:00+00:00
den,KXHIGHDEN-26JUL15,neuralcaster_v2,"{'KXHIGHDEN-26JUL15-T89': 0.0009990009990009992, 'KXHIGHDEN-26JUL15-B89.5': 0.04443117795306946, 'KXHIGHDEN-26JUL15-B91.5': 0.36579305128442186, 'KXHIGHDEN-26JUL15-B93.5': 0.458015435449474, 'KXHIGHDEN-26JUL15-B95.5': 0.1218797185280404, 'KXHIGHDEN-26JUL15-T96': 0.008881615785993393}",2026-07-15T21:00:00+00:00
den,KXHIGHDEN-26JUL15,neuralcaster_v2,"{'KXHIGHDEN-26JUL15-T89': 0.000998003992015968, 'KXHIGHDEN-26JUL15-B89.5': 0.000998003992015968, 'KXHIGHDEN-26JUL15-B91.5': 0.3568189326645647, 'KXHIGHDEN-26JUL15-B93.5': 0.48858845280867463, 'KXHIGHDEN-26JUL15-B95.5': 0.14693231301837195, 'KXHIGHDEN-26JUL15-T96': 0.005664293524356774}",2026-07-15T22:00:00+00:00
den,KXHIGHDEN-26JUL15,neuralcaster_v2,"{'KXHIGHDEN-26JUL15-T89': 0.000998003992015968, 'KXHIGHDEN-26JUL15-B89.5': 0.000998003992015968, 'KXHIGHDEN-26JUL15-B91.5': 0.3670820849932235, 'KXHIGHDEN-26JUL15-B93.5': 0.48475592427284386, 'KXHIGHDEN-26JUL15-B95.5': 0.14225120855034454, 'KXHIGHDEN-26JUL15-T96': 0.003914774199556165}",2026-07-15T23:00:00+00:00
den,KXHIGHDEN-26JUL15,neuralcaster_v2,"{'KXHIGHDEN-26JUL15-T89': 0.0009970089730807576, 'KXHIGHDEN-26JUL15-B89.5': 0.0009970089730807576, 'KXHIGHDEN-26JUL15-B91.5': 0.29035699917790625, 'KXHIGHDEN-26JUL15-B93.5': 0.5366516722186602, 'KXHIGHDEN-26JUL15-B95.5': 0.17000030168419122, 'KXHIGHDEN-26JUL15-T96': 0.0009970089730807576}",2026-07-16T00:00:00+00:00
den,KXHIGHDEN-26JUL15,neuralcaster_v2,"{'KXHIGHDEN-26JUL15-T89': 0.0009970089730807579, 'KXHIGHDEN-26JUL15-B89.5': 0.0009970089730807579, 'KXHIGHDEN-26JUL15-B91.5': 0.2903569991779063, 'KXHIGHDEN-26JUL15-B93.5': 0.5367621735130197, 'KXHIGHDEN-26JUL15-B95.5': 0.1698898003898318, 'KXHIGHDEN-26JUL15-T96': 0.0009970089730807579}",2026-07-16T01:00:00+00:00
den,KXHIGHDEN-26JUL15,neuralcaster_v2,"{'KXHIGHDEN-26JUL15-T89': 0.0009970089730807576, 'KXHIGHDEN-26JUL15-B89.5': 0.0009970089730807576, 'KXHIGHDEN-26JUL15-B91.5': 0.29035699917790625, 'KXHIGHDEN-26JUL15-B93.5': 0.5378823923234048, 'KXHIGHDEN-26JUL15-B95.5': 0.16876958157944652, 'KXHIGHDEN-26JUL15-T96': 0.0009970089730807576}",2026-07-16T02:00:00+00:00
den,KXHIGHDEN-26JUL15,neuralcaster_v2,"{'KXHIGHDEN-26JUL15-T89': 0.0009970089730807576, 'KXHIGHDEN-26JUL15-B89.5': 0.0009970089730807576, 'KXHIGHDEN-26JUL15-B91.5': 0.29035699917790625, 'KXHIGHDEN-26JUL15-B93.5': 0.5379009096816689, 'KXHIGHDEN-26JUL15-B95.5': 0.16875106422118252, 'KXHIGHDEN-26JUL15-T96': 0.0009970089730807576}",2026-07-16T03:00:00+00:00
den,KXHIGHDEN-26JUL15,neuralcaster_v2,"{'KXHIGHDEN-26JUL15-T89': 0.0009970089730807576, 'KXHIGHDEN-26JUL15-B89.5': 0.0009970089730807576, 'KXHIGHDEN-26JUL15-B91.5': 0.29035699917790625, 'KXHIGHDEN-26JUL15-B93.5': 0.5376325688007174, 'KXHIGHDEN-26JUL15-B95.5': 0.16901940510213406, 'KXHIGHDEN-26JUL15-T96': 0.0009970089730807576}",2026-07-16T04:00:00+00:00
den,KXHIGHDEN-26JUL15,neuralcaster_v2,"{'KXHIGHDEN-26JUL15-T89': 0.0009970089730807579, 'KXHIGHDEN-26JUL15-B89.5': 0.0009970089730807579, 'KXHIGHDEN-26JUL15-B91.5': 0.2903569991779063, 'KXHIGHDEN-26JUL15-B93.5': 0.5378513121701552, 'KXHIGHDEN-26JUL15-B95.5': 0.1688006617326962, 'KXHIGHDEN-26JUL15-T96': 0.0009970089730807579}",2026-07-16T05:00:00+00:00
den,KXHIGHDEN-26JUL15,neuralcaster_v2,"{'KXHIGHDEN-26JUL15-T89': 0.0009970089730807579, 'KXHIGHDEN-26JUL15-B89.5': 0.0009970089730807579, 'KXHIGHDEN-26JUL15-B91.5': 0.2903569991779063, 'KXHIGHDEN-26JUL15-B93.5': 0.5380070984005011, 'KXHIGHDEN-26JUL15-B95.5': 0.16864487550235033, 'KXHIGHDEN-26JUL15-T96': 0.0009970089730807579}",2026-07-16T06:00:00+00:00
la,KXHIGHLAX-26JUL15,neuralcaster_v2,"{'KXHIGHLAX-26JUL15-T78': 0.000998003992015968, 'KXHIGHLAX-26JUL15-B78.5': 0.08077565595277288, 'KXHIGHLAX-26JUL15-B80.5': 0.4075598638906769, 'KXHIGHLAX-26JUL15-B82.5': 0.4209708273107691, 'KXHIGHLAX-26JUL15-B84.5': 0.08869764486174914, 'KXHIGHLAX-26JUL15-T85': 0.000998003992015968}",2026-07-15T08:00:00+00:00
la,KXHIGHLAX-26JUL15,neuralcaster_v2,"{'KXHIGHLAX-26JUL15-T78': 0.000998003992015968, 'KXHIGHLAX-26JUL15-B78.5': 0.08879357529661777, 'KXHIGHLAX-26JUL15-B80.5': 0.4216729292062668, 'KXHIGHLAX-26JUL15-B82.5': 0.40725859951736126, 'KXHIGHLAX-26JUL15-B84.5': 0.08027888799572214, 'KXHIGHLAX-26JUL15-T85': 0.000998003992015968}",2026-07-15T09:00:00+00:00
la,KXHIGHLAX-26JUL15,neuralcaster_v2,"{'KXHIGHLAX-26JUL15-T78': 0.0023301982835939377, 'KXHIGHLAX-26JUL15-B78.5': 0.09555070140433791, 'KXHIGHLAX-26JUL15-B80.5': 0.4376215934036878, 'KXHIGHLAX-26JUL15-B82.5': 0.3923562769436684, 'KXHIGHLAX-26JUL15-B84.5': 0.07114222896571104, 'KXHIGHLAX-26JUL15-T85': 0.0009990009990009992}",2026-07-15T10:00:00+00:00
la,KXHIGHLAX-26JUL15,neuralcaster_v2,"{'KXHIGHLAX-26JUL15-T78': 0.0062022462745313514, 'KXHIGHLAX-26JUL15-B78.5': 0.11107458029602112, 'KXHIGHLAX-26JUL15-B80.5': 0.4498499983786114, 'KXHIGHLAX-26JUL15-B82.5': 0.3724985206230332, 'KXHIGHLAX-26JUL15-B84.5': 0.05937565342880183, 'KXHIGHLAX-26JUL15-T85': 0.000999000999000999}",2026-07-15T11:00:00+00:00
la,KXHIGHLAX-26JUL15,neuralcaster_v2,"{'KXHIGHLAX-26JUL15-T78': 0.0009989928711838366, 'KXHIGHLAX-26JUL15-B78.5': 0.07457040207288017, 'KXHIGHLAX-26JUL15-B80.5': 0.39871183066767835, 'KXHIGHLAX-26JUL15-B82.5': 0.4316709551342364, 'KXHIGHLAX-26JUL15-B84.5': 0.09304882638283728, 'KXHIGHLAX-26JUL15-T85': 0.0009989928711838366}",2026-07-15T12:00:00+00:00
la,KXHIGHLAX-26JUL15,neuralcaster_v2,"{'KXHIGHLAX-26JUL15-T78': 0.000999000999000999, 'KXHIGHLAX-26JUL15-B78.5': 0.05739380220198, 'KXHIGHLAX-26JUL15-B80.5': 0.37037997920925, 'KXHIGHLAX-26JUL15-B82.5': 0.4520455199966626, 'KXHIGHLAX-26JUL15-B84.5': 0.11277941351323599, 'KXHIGHLAX-26JUL15-T85': 0.006402284079870329}",2026-07-15T13:00:00+00:00
la,KXHIGHLAX-26JUL15,neuralcaster_v2,"{'KXHIGHLAX-26JUL15-T78': 0.0009990009990009992, 'KXHIGHLAX-26JUL15-B78.5': 0.039725046629293444, 'KXHIGHLAX-26JUL15-B80.5': 0.2853558556848536, 'KXHIGHLAX-26JUL15-B82.5': 0.4867918637547978, 'KXHIGHLAX-26JUL15-B84.5': 0.16823537539768563, 'KXHIGHLAX-26JUL15-T85': 0.018892857534368594}",2026-07-15T14:00:00+00:00
la,KXHIGHLAX-26JUL15,neuralcaster_v2,"{'KXHIGHLAX-26JUL15-T78': 0.000999000999000999, 'KXHIGHLAX-26JUL15-B78.5': 0.026791453741856666, 'KXHIGHLAX-26JUL15-B80.5': 0.20369582181056686, 'KXHIGHLAX-26JUL15-B82.5': 0.5095510563068641, 'KXHIGHLAX-26JUL15-B84.5': 0.22747899762314167, 'KXHIGHLAX-26JUL15-T85': 0.0314836695185696}",2026-07-15T15:00:00+00:00
la,KXHIGHLAX-26JUL15,neuralcaster_v2,"{'KXHIGHLAX-26JUL15-T78': 0.0009990009990009992, 'KXHIGHLAX-26JUL15-B78.5': 0.03453572607541653, 'KXHIGHLAX-26JUL15-B80.5': 0.24940746874048444, 'KXHIGHLAX-26JUL15-B82.5': 0.5012859640123724, 'KXHIGHLAX-26JUL15-B84.5': 0.19008793780785138, 'KXHIGHLAX-26JUL15-T85': 0.023683902364874363}",2026-07-15T16:00:00+00:00
la,KXHIGHLAX-26JUL15,neuralcaster_v2,"{'KXHIGHLAX-26JUL15-T78': 0.000998003992015968, 'KXHIGHLAX-26JUL15-B78.5': 0.11373386088320737, 'KXHIGHLAX-26JUL15-B80.5': 0.47476222388362016, 'KXHIGHLAX-26JUL15-B82.5': 0.35942956560786077, 'KXHIGHLAX-26JUL15-B84.5': 0.05007834164127978, 'KXHIGHLAX-26JUL15-T85': 0.000998003992015968}",2026-07-15T17:00:00+00:00
la,KXHIGHLAX-26JUL15,neuralcaster_v2,"{'KXHIGHLAX-26JUL15-T78': 0.000998003992015968, 'KXHIGHLAX-26JUL15-B78.5': 0.11970006582546673, 'KXHIGHLAX-26JUL15-B80.5': 0.47716584651022537, 'KXHIGHLAX-26JUL15-B82.5': 0.3518414711535688, 'KXHIGHLAX-26JUL15-B84.5': 0.04929660852670714, 'KXHIGHLAX-26JUL15-T85': 0.000998003992015968}",2026-07-15T18:00:00+00:00
la,KXHIGHLAX-26JUL15,neuralcaster_v2,"{'KXHIGHLAX-26JUL15-T78': 0.0009970089730807579, 'KXHIGHLAX-26JUL15-B78.5': 0.0009970089730807579, 'KXHIGHLAX-26JUL15-B80.5': 0.45114783269837105, 'KXHIGHLAX-26JUL15-B82.5': 0.4503028279841228, 'KXHIGHLAX-26JUL15-B84.5': 0.09555831239826398, 'KXHIGHLAX-26JUL15-T85': 0.0009970089730807579}",2026-07-15T19:00:00+00:00
la,KXHIGHLAX-26JUL15,neuralcaster_v2,"{'KXHIGHLAX-26JUL15-T78': 0.0009970089730807579, 'KXHIGHLAX-26JUL15-B78.5': 0.0009970089730807579, 'KXHIGHLAX-26JUL15-B80.5': 0.6636249378043889, 'KXHIGHLAX-26JUL15-B82.5': 0.29776319176130883, 'KXHIGHLAX-26JUL15-B84.5': 0.03562084351506009, 'KXHIGHLAX-26JUL15-T85': 0.0009970089730807579}",2026-07-15T20:00:00+00:00
la,KXHIGHLAX-26JUL15,neuralcaster_v2,"{'KXHIGHLAX-26JUL15-T78': 0.0009970089730807579, 'KXHIGHLAX-26JUL15-B78.5': 0.0009970089730807579, 'KXHIGHLAX-26JUL15-B80.5': 0.7176173216249336, 'KXHIGHLAX-26JUL15-B82.5': 0.2549086969384688, 'KXHIGHLAX-26JUL15-B84.5': 0.024482954517355413, 'KXHIGHLAX-26JUL15-T85': 0.0009970089730807579}",2026-07-15T21:00:00+00:00
la,KXHIGHLAX-26JUL15,neuralcaster_v2,"{'KXHIGHLAX-26JUL15-T78': 0.0009970089730807579, 'KXHIGHLAX-26JUL15-B78.5': 0.0009970089730807579, 'KXHIGHLAX-26JUL15-B80.5': 0.7177044238183629, 'KXHIGHLAX-26JUL15-B82.5': 0.25487148409771315, 'KXHIGHLAX-26JUL15-B84.5': 0.024433065164681793, 'KXHIGHLAX-26JUL15-T85': 0.0009970089730807579}",2026-07-15T22:00:00+00:00
la,KXHIGHLAX-26JUL15,neuralcaster_v2,"{'KXHIGHLAX-26JUL15-T78': 0.0009970089730807579, 'KXHIGHLAX-26JUL15-B78.5': 0.0009970089730807579, 'KXHIGHLAX-26JUL15-B80.5': 0.7178041006213207, 'KXHIGHLAX-26JUL15-B82.5': 0.25482888846521745, 'KXHIGHLAX-26JUL15-B84.5': 0.024375983994219707, 'KXHIGHLAX-26JUL15-T85': 0.0009970089730807579}",2026-07-15T23:00:00+00:00
la,KXHIGHLAX-26JUL15,neuralcaster_v2,"{'KXHIGHLAX-26JUL15-T78': 0.0009970089730807579, 'KXHIGHLAX-26JUL15-B78.5': 0.0009970089730807579, 'KXHIGHLAX-26JUL15-B80.5': 0.7171126887135384, 'KXHIGHLAX-26JUL15-B82.5': 0.25512412345252344, 'KXHIGHLAX-26JUL15-B84.5': 0.024772160914695973, 'KXHIGHLAX-26JUL15-T85': 0.0009970089730807579}",2026-07-16T00:00:00+00:00
la,KXHIGHLAX-26JUL15,neuralcaster_v2,"{'KXHIGHLAX-26JUL15-T78': 0.0009970089730807579, 'KXHIGHLAX-26JUL15-B78.5': 0.0009970089730807579, 'KXHIGHLAX-26JUL15-B80.5': 0.7172168462900966, 'KXHIGHLAX-26JUL15-B82.5': 0.2550796824364316, 'KXHIGHLAX-26JUL15-B84.5': 0.02471244435422962, 'KXHIGHLAX-26JUL15-T85': 0.0009970089730807579}",2026-07-16T01:00:00+00:00
la,KXHIGHLAX-26JUL15,neuralcaster_v2,"{'KXHIGHLAX-26JUL15-T78': 0.0009970089730807579, 'KXHIGHLAX-26JUL15-B78.5': 0.0009970089730807579, 'KXHIGHLAX-26JUL15-B80.5': 0.7175572815106751, 'KXHIGHLAX-26JUL15-B82.5': 0.25493434300250195, 'KXHIGHLAX-26JUL15-B84.5': 0.024517348567580765, 'KXHIGHLAX-26JUL15-T85': 0.0009970089730807579}",2026-07-16T02:00:00+00:00
la,KXHIGHLAX-26JUL15,neuralcaster_v2,"{'KXHIGHLAX-26JUL15-T78': 0.0009970089730807579, 'KXHIGHLAX-26JUL15-B78.5': 0.0009970089730807579, 'KXHIGHLAX-26JUL15-B80.5': 0.7172403062103886, 'KXHIGHLAX-26JUL15-B82.5': 0.25506967107527273, 'KXHIGHLAX-26JUL15-B84.5': 0.024698995795096455, 'KXHIGHLAX-26JUL15-T85': 0.0009970089730807579}",2026-07-16T03:00:00+00:00
la,KXHIGHLAX-26JUL15,neuralcaster_v2,"{'KXHIGHLAX-26JUL15-T78': 0.0009970089730807579, 'KXHIGHLAX-26JUL15-B78.5': 0.0009970089730807579, 'KXHIGHLAX-26JUL15-B80.5': 0.7168146238374452, 'KXHIGHLAX-26JUL15-B82.5': 0.25525123123256854, 'KXHIGHLAX-26JUL15-B84.5': 0.02494311801074402, 'KXHIGHLAX-26JUL15-T85': 0.0009970089730807579}",2026-07-16T04:00:00+00:00
la,KXHIGHLAX-26JUL15,neuralcaster_v2,"{'KXHIGHLAX-26JUL15-T78': 0.0009970089730807579, 'KXHIGHLAX-26JUL15-B78.5': 0.0009970089730807579, 'KXHIGHLAX-26JUL15-B80.5': 0.7167627252255305, 'KXHIGHLAX-26JUL15-B82.5': 0.255273352765365, 'KXHIGHLAX-26JUL15-B84.5': 0.024972895089862293, 'KXHIGHLAX-26JUL15-T85': 0.0009970089730807579}",2026-07-16T05:00:00+00:00
la,KXHIGHLAX-26JUL15,neuralcaster_v2,"{'KXHIGHLAX-26JUL15-T78': 0.0009970089730807579, 'KXHIGHLAX-26JUL15-B78.5': 0.0009970089730807579, 'KXHIGHLAX-26JUL15-B80.5': 0.7166927549677445, 'KXHIGHLAX-26JUL15-B82.5': 0.2553031724195411, 'KXHIGHLAX-26JUL15-B84.5': 0.025013045693472166, 'KXHIGHLAX-26JUL15-T85': 0.0009970089730807579}",2026-07-16T06:00:00+00:00
la,KXHIGHLAX-26JUL15,neuralcaster_v2,"{'KXHIGHLAX-26JUL15-T78': 0.0009970089730807579, 'KXHIGHLAX-26JUL15-B78.5': 0.0009970089730807579, 'KXHIGHLAX-26JUL15-B80.5': 0.7166106962012534, 'KXHIGHLAX-26JUL15-B82.5': 0.255338136839293, 'KXHIGHLAX-26JUL15-B84.5': 0.025060140040211436, 'KXHIGHLAX-26JUL15-T85': 0.0009970089730807579}",2026-07-16T07:00:00+00:00
mia,KXHIGHMIA-26JUL15,neuralcaster_v2,"{'KXHIGHMIA-26JUL15-T90': 0.002002685754428923, 'KXHIGHMIA-26JUL15-B90.5': 0.09485715091983277, 'KXHIGHMIA-26JUL15-B92.5': 0.4358079407328384, 'KXHIGHMIA-26JUL15-B94.5': 0.39410671308387857, 'KXHIGHMIA-26JUL15-B96.5': 0.07222650851002045, 'KXHIGHMIA-26JUL15-T97': 0.0009990009990009992}",2026-07-15T05:00:00+00:00
mia,KXHIGHMIA-26JUL15,neuralcaster_v2,"{'KXHIGHMIA-26JUL15-T90': 0.000998003992015968, 'KXHIGHMIA-26JUL15-B90.5': 0.08145968138732104, 'KXHIGHMIA-26JUL15-B92.5': 0.4070379366657534, 'KXHIGHMIA-26JUL15-B94.5': 0.4202450939622294, 'KXHIGHMIA-26JUL15-B96.5': 0.0892612800006642, 'KXHIGHMIA-26JUL15-T97': 0.000998003992015968}",2026-07-15T06:00:00+00:00
mia,KXHIGHMIA-26JUL15,neuralcaster_v2,"{'KXHIGHMIA-26JUL15-T90': 0.0009985106336367583, 'KXHIGHMIA-26JUL15-B90.5': 0.07946193905674102, 'KXHIGHMIA-26JUL15-B92.5': 0.40374706306632896, 'KXHIGHMIA-26JUL15-B94.5': 0.42392209895321364, 'KXHIGHMIA-26JUL15-B96.5': 0.09087187765644279, 'KXHIGHMIA-26JUL15-T97': 0.0009985106336367583}",2026-07-15T07:00:00+00:00
mia,KXHIGHMIA-26JUL15,neuralcaster_v2,"{'KXHIGHMIA-26JUL15-T90': 0.0009990009990009992, 'KXHIGHMIA-26JUL15-B90.5': 0.07652365295777187, 'KXHIGHMIA-26JUL15-B92.5': 0.3992923582759185, 'KXHIGHMIA-26JUL15-B94.5': 0.4290708718984301, 'KXHIGHMIA-26JUL15-B96.5': 0.09276350907608841, 'KXHIGHMIA-26JUL15-T97': 0.001350606792790258}",2026-07-15T08:00:00+00:00
mia,KXHIGHMIA-26JUL15,neuralcaster_v2,"{'KXHIGHMIA-26JUL15-T90': 0.000999000999000999, 'KXHIGHMIA-26JUL15-B90.5': 0.06650753654381593, 'KXHIGHMIA-26JUL15-B92.5': 0.38339712268336823, 'KXHIGHMIA-26JUL15-B94.5': 0.443030756126899, 'KXHIGHMIA-26JUL15-B96.5': 0.10179079730862507, 'KXHIGHMIA-26JUL15-T97': 0.004274786338290656}",2026-07-15T09:00:00+00:00
mia,KXHIGHMIA-26JUL15,neuralcaster_v2,"{'KXHIGHMIA-26JUL15-T90': 0.0009990009990009992, 'KXHIGHMIA-26JUL15-B90.5': 0.06726523342366497, 'KXHIGHMIA-26JUL15-B92.5': 0.3854028620752137, 'KXHIGHMIA-26JUL15-B94.5': 0.44258629247755765, 'KXHIGHMIA-26JUL15-B96.5': 0.09998925237031732, 'KXHIGHMIA-26JUL15-T97': 0.0037573586542455004}",2026-07-15T10:00:00+00:00
mia,KXHIGHMIA-26JUL15,neuralcaster_v2,"{'KXHIGHMIA-26JUL15-T90': 0.0009990009990009992, 'KXHIGHMIA-26JUL15-B90.5': 0.06793686087463312, 'KXHIGHMIA-26JUL15-B92.5': 0.3868339664862547, 'KXHIGHMIA-26JUL15-B94.5': 0.44207778304299733, 'KXHIGHMIA-26JUL15-B96.5': 0.09872579885070447, 'KXHIGHMIA-26JUL15-T97': 0.0034265897464095074}",2026-07-15T11:00:00+00:00
mia,KXHIGHMIA-26JUL15,neuralcaster_v2,"{'KXHIGHMIA-26JUL15-T90': 0.000998003992015968, 'KXHIGHMIA-26JUL15-B90.5': 0.08249941123980706, 'KXHIGHMIA-26JUL15-B92.5': 0.4111330508508869, 'KXHIGHMIA-26JUL15-B94.5': 0.4178841673243062, 'KXHIGHMIA-26JUL15-B96.5': 0.08648736260096791, 'KXHIGHMIA-26JUL15-T97': 0.000998003992015968}",2026-07-15T12:00:00+00:00
mia,KXHIGHMIA-26JUL15,neuralcaster_v2,"{'KXHIGHMIA-26JUL15-T90': 0.000998050823294644, 'KXHIGHMIA-26JUL15-B90.5': 0.0910016777016562, 'KXHIGHMIA-26JUL15-B92.5': 0.42620642974326645, 'KXHIGHMIA-26JUL15-B94.5': 0.4032863225663966, 'KXHIGHMIA-26JUL15-B96.5': 0.07750946834209145, 'KXHIGHMIA-26JUL15-T97': 0.000998050823294644}",2026-07-15T13:00:00+00:00
mia,KXHIGHMIA-26JUL15,neuralcaster_v2,"{'KXHIGHMIA-26JUL15-T90': 0.000998003992015968, 'KXHIGHMIA-26JUL15-B90.5': 0.08995754288157612, 'KXHIGHMIA-26JUL15-B92.5': 0.4248357285459164, 'KXHIGHMIA-26JUL15-B94.5': 0.40498135361075477, 'KXHIGHMIA-26JUL15-B96.5': 0.07822936697772075, 'KXHIGHMIA-26JUL15-T97': 0.000998003992015968}",2026-07-15T14:00:00+00:00
mia,KXHIGHMIA-26JUL15,neuralcaster_v2,"{'KXHIGHMIA-26JUL15-T90': 0.0014430758191515268, 'KXHIGHMIA-26JUL15-B90.5': 0.09427999602350066, 'KXHIGHMIA-26JUL15-B92.5': 0.43537507866983394, 'KXHIGHMIA-26JUL15-B94.5': 0.39564734334787616, 'KXHIGHMIA-26JUL15-B96.5': 0.07225550514063664, 'KXHIGHMIA-26JUL15-T97': 0.000999000999000999}",2026-07-15T15:00:00+00:00
mia,KXHIGHMIA-26JUL15,neuralcaster_v2,"{'KXHIGHMIA-26JUL15-T90': 0.000998003992015968, 'KXHIGHMIA-26JUL15-B90.5': 0.05338001954226587, 'KXHIGHMIA-26JUL15-B92.5': 0.43433454478191136, 'KXHIGHMIA-26JUL15-B94.5': 0.42571131150748, 'KXHIGHMIA-26JUL15-B96.5': 0.08457811618431083, 'KXHIGHMIA-26JUL15-T97': 0.000998003992015968}",2026-07-15T16:00:00+00:00
mia,KXHIGHMIA-26JUL15,neuralcaster_v2,"{'KXHIGHMIA-26JUL15-T90': 0.0009990009990009992, 'KXHIGHMIA-26JUL15-B90.5': 0.0374539071505112, 'KXHIGHMIA-26JUL15-B92.5': 0.39304468874988335, 'KXHIGHMIA-26JUL15-B94.5': 0.459085504877221, 'KXHIGHMIA-26JUL15-B96.5': 0.10536787432047978, 'KXHIGHMIA-26JUL15-T97': 0.004049023902903775}",2026-07-15T17:00:00+00:00
mia,KXHIGHMIA-26JUL15,neuralcaster_v2,"{'KXHIGHMIA-26JUL15-T90': 0.0009970089730807579, 'KXHIGHMIA-26JUL15-B90.5': 0.0009970089730807579, 'KXHIGHMIA-26JUL15-B92.5': 0.4333341353663124, 'KXHIGHMIA-26JUL15-B94.5': 0.46111466492158454, 'KXHIGHMIA-26JUL15-B96.5': 0.10256017279286092, 'KXHIGHMIA-26JUL15-T97': 0.0009970089730807579}",2026-07-15T18:00:00+00:00
mia,KXHIGHMIA-26JUL15,neuralcaster_v2,"{'KXHIGHMIA-26JUL15-T90': 0.0009970089730807579, 'KXHIGHMIA-26JUL15-B90.5': 0.0009970089730807579, 'KXHIGHMIA-26JUL15-B92.5': 0.49386349949998104, 'KXHIGHMIA-26JUL15-B94.5': 0.423332822220111, 'KXHIGHMIA-26JUL15-B96.5': 0.07981265136066584, 'KXHIGHMIA-26JUL15-T97': 0.0009970089730807579}",2026-07-15T19:00:00+00:00
mia,KXHIGHMIA-26JUL15,neuralcaster_v2,"{'KXHIGHMIA-26JUL15-T90': 0.0009970089730807579, 'KXHIGHMIA-26JUL15-B90.5': 0.0009970089730807579, 'KXHIGHMIA-26JUL15-B92.5': 0.46101530850657507, 'KXHIGHMIA-26JUL15-B94.5': 0.44393955962544934, 'KXHIGHMIA-26JUL15-B96.5': 0.09205410494873344, 'KXHIGHMIA-26JUL15-T97': 0.0009970089730807579}",2026-07-15T20:00:00+00:00
mia,KXHIGHMIA-26JUL15,neuralcaster_v2,"{'KXHIGHMIA-26JUL15-T90': 0.0009970089730807579, 'KXHIGHMIA-26JUL15-B90.5': 0.0009970089730807579, 'KXHIGHMIA-26JUL15-B92.5': 0.5541018554718866, 'KXHIGHMIA-26JUL15-B94.5': 0.38562080115732233, 'KXHIGHMIA-26JUL15-B96.5': 0.05728631645154895, 'KXHIGHMIA-26JUL15-T97': 0.0009970089730807579}",2026-07-15T21:00:00+00:00
mia,KXHIGHMIA-26JUL15,neuralcaster_v2,"{'KXHIGHMIA-26JUL15-T90': 0.0009970089730807579, 'KXHIGHMIA-26JUL15-B90.5': 0.0009970089730807579, 'KXHIGHMIA-26JUL15-B92.5': 0.40365442236065513, 'KXHIGHMIA-26JUL15-B94.5': 0.4742435927708444, 'KXHIGHMIA-26JUL15-B96.5': 0.1191109579492583, 'KXHIGHMIA-26JUL15-T97': 0.0009970089730807579}",2026-07-15T22:00:00+00:00
mia,KXHIGHMIA-26JUL15,neuralcaster_v2,"{'KXHIGHMIA-26JUL15-T90': 0.0009970089730807579, 'KXHIGHMIA-26JUL15-B90.5': 0.0009970089730807579, 'KXHIGHMIA-26JUL15-B92.5': 0.4034490296237962, 'KXHIGHMIA-26JUL15-B94.5': 0.4751236377536893, 'KXHIGHMIA-26JUL15-B96.5': 0.11843630570327232, 'KXHIGHMIA-26JUL15-T97': 0.0009970089730807579}",2026-07-15T23:00:00+00:00
mia,KXHIGHMIA-26JUL15,neuralcaster_v2,"{'KXHIGHMIA-26JUL15-T90': 0.0009970089730807579, 'KXHIGHMIA-26JUL15-B90.5': 0.0009970089730807579, 'KXHIGHMIA-26JUL15-B92.5': 0.4031981471738776, 'KXHIGHMIA-26JUL15-B94.5': 0.4746259143570303, 'KXHIGHMIA-26JUL15-B96.5': 0.11918491154984996, 'KXHIGHMIA-26JUL15-T97': 0.0009970089730807579}",2026-07-16T00:00:00+00:00
mia,KXHIGHMIA-26JUL15,neuralcaster_v2,"{'KXHIGHMIA-26JUL15-T90': 0.0009970089730807579, 'KXHIGHMIA-26JUL15-B90.5': 0.0009970089730807579, 'KXHIGHMIA-26JUL15-B92.5': 0.40287497523473864, 'KXHIGHMIA-26JUL15-B94.5': 0.4748320578000109, 'KXHIGHMIA-26JUL15-B96.5': 0.11930194004600829, 'KXHIGHMIA-26JUL15-T97': 0.0009970089730807579}",2026-07-16T01:00:00+00:00
mia,KXHIGHMIA-26JUL15,neuralcaster_v2,"{'KXHIGHMIA-26JUL15-T90': 0.0009970089730807579, 'KXHIGHMIA-26JUL15-B90.5': 0.0009970089730807579, 'KXHIGHMIA-26JUL15-B92.5': 0.40114970369464714, 'KXHIGHMIA-26JUL15-B94.5': 0.47552749024561436, 'KXHIGHMIA-26JUL15-B96.5': 0.12033177914049634, 'KXHIGHMIA-26JUL15-T97': 0.0009970089730807579}",2026-07-16T02:00:00+00:00
mia,KXHIGHMIA-26JUL15,neuralcaster_v2,"{'KXHIGHMIA-26JUL15-T90': 0.0009970089730807579, 'KXHIGHMIA-26JUL15-B90.5': 0.0009970089730807579, 'KXHIGHMIA-26JUL15-B92.5': 0.4001714450545895, 'KXHIGHMIA-26JUL15-B94.5': 0.475958179646947, 'KXHIGHMIA-26JUL15-B96.5': 0.12087934837922136, 'KXHIGHMIA-26JUL15-T97': 0.0009970089730807579}",2026-07-16T03:00:00+00:00
mia,KXHIGHMIA-26JUL15,neuralcaster_v2,"{'KXHIGHMIA-26JUL15-T90': 0.0009970089730807579, 'KXHIGHMIA-26JUL15-B90.5': 0.0009970089730807579, 'KXHIGHMIA-26JUL15-B92.5': 0.3993838264462683, 'KXHIGHMIA-26JUL15-B94.5': 0.47651741080026455, 'KXHIGHMIA-26JUL15-B96.5': 0.12110773583422495, 'KXHIGHMIA-26JUL15-T97': 0.0009970089730807579}",2026-07-16T04:00:00+00:00
nyc,KXHIGHNY-26JUL15,neuralcaster_v2,"{'KXHIGHNY-26JUL15-T97': 0.3543010872527821, 'KXHIGHNY-26JUL15-B97.5': 0.47348818856697067, 'KXHIGHNY-26JUL15-B99.5': 0.1538914431408731, 'KXHIGHNY-26JUL15-B101.5': 0.0163232730553422, 'KXHIGHNY-26JUL15-B103.5': 0.000998003992015968, 'KXHIGHNY-26JUL15-T104': 0.000998003992015968}",2026-07-15T05:00:00+00:00
nyc,KXHIGHNY-26JUL15,neuralcaster_v2,"{'KXHIGHNY-26JUL15-T97': 0.3461550994054376, 'KXHIGHNY-26JUL15-B97.5': 0.47489242973338397, 'KXHIGHNY-26JUL15-B99.5': 0.15914269545142434, 'KXHIGHNY-26JUL15-B101.5': 0.01781376742572214, 'KXHIGHNY-26JUL15-B103.5': 0.000998003992015968, 'KXHIGHNY-26JUL15-T104': 0.000998003992015968}",2026-07-15T06:00:00+00:00
nyc,KXHIGHNY-26JUL15,neuralcaster_v2,"{'KXHIGHNY-26JUL15-T97': 0.36611610431817604, 'KXHIGHNY-26JUL15-B97.5': 0.4660115689356939, 'KXHIGHNY-26JUL15-B99.5': 0.14970426101941223, 'KXHIGHNY-26JUL15-B101.5': 0.01617205774268592, 'KXHIGHNY-26JUL15-B103.5': 0.000998003992015968, 'KXHIGHNY-26JUL15-T104': 0.000998003992015968}",2026-07-15T07:00:00+00:00
nyc,KXHIGHNY-26JUL15,neuralcaster_v2,"{'KXHIGHNY-26JUL15-T97': 0.42620424583498656, 'KXHIGHNY-26JUL15-B97.5': 0.44638150623392076, 'KXHIGHNY-26JUL15-B99.5': 0.11681377473011566, 'KXHIGHNY-26JUL15-B101.5': 0.00860446521694513, 'KXHIGHNY-26JUL15-B103.5': 0.000998003992015968, 'KXHIGHNY-26JUL15-T104': 0.000998003992015968}",2026-07-15T08:00:00+00:00
nyc,KXHIGHNY-26JUL15,neuralcaster_v2,"{'KXHIGHNY-26JUL15-T97': 0.4492673845462602, 'KXHIGHNY-26JUL15-B97.5': 0.4387460129842656, 'KXHIGHNY-26JUL15-B99.5': 0.1042533887172783, 'KXHIGHNY-26JUL15-B101.5': 0.005737205768163989, 'KXHIGHNY-26JUL15-B103.5': 0.000998003992015968, 'KXHIGHNY-26JUL15-T104': 0.000998003992015968}",2026-07-15T09:00:00+00:00
nyc,KXHIGHNY-26JUL15,neuralcaster_v2,"{'KXHIGHNY-26JUL15-T97': 0.43005613858491526, 'KXHIGHNY-26JUL15-B97.5': 0.44527880296728595, 'KXHIGHNY-26JUL15-B99.5': 0.11460723235430412, 'KXHIGHNY-26JUL15-B101.5': 0.008061818109462734, 'KXHIGHNY-26JUL15-B103.5': 0.000998003992015968, 'KXHIGHNY-26JUL15-T104': 0.000998003992015968}",2026-07-15T10:00:00+00:00
nyc,KXHIGHNY-26JUL15,neuralcaster_v2,"{'KXHIGHNY-26JUL15-T97': 0.43909378615137906, 'KXHIGHNY-26JUL15-B97.5': 0.44199650378088345, 'KXHIGHNY-26JUL15-B99.5': 0.10986819976581566, 'KXHIGHNY-26JUL15-B101.5': 0.007045502317889924, 'KXHIGHNY-26JUL15-B103.5': 0.000998003992015968, 'KXHIGHNY-26JUL15-T104': 0.000998003992015968}",2026-07-15T11:00:00+00:00
nyc,KXHIGHNY-26JUL15,neuralcaster_v2,"{'KXHIGHNY-26JUL15-T97': 0.4430284663594906, 'KXHIGHNY-26JUL15-B97.5': 0.44052142030154173, 'KXHIGHNY-26JUL15-B99.5': 0.1078340391908522, 'KXHIGHNY-26JUL15-B101.5': 0.0066200661640835115, 'KXHIGHNY-26JUL15-B103.5': 0.000998003992015968, 'KXHIGHNY-26JUL15-T104': 0.000998003992015968}",2026-07-15T12:00:00+00:00
nyc,KXHIGHNY-26JUL15,neuralcaster_v2,"{'KXHIGHNY-26JUL15-T97': 0.44777307247784615, 'KXHIGHNY-26JUL15-B97.5': 0.4388058680552732, 'KXHIGHNY-26JUL15-B99.5': 0.10534134118326192, 'KXHIGHNY-26JUL15-B101.5': 0.006083710299586764, 'KXHIGHNY-26JUL15-B103.5': 0.000998003992015968, 'KXHIGHNY-26JUL15-T104': 0.000998003992015968}",2026-07-15T13:00:00+00:00
nyc,KXHIGHNY-26JUL15,neuralcaster_v2,"{'KXHIGHNY-26JUL15-T97': 0.4300445023780373, 'KXHIGHNY-26JUL15-B97.5': 0.4455689934667403, 'KXHIGHNY-26JUL15-B99.5': 0.11443306338143333, 'KXHIGHNY-26JUL15-B101.5': 0.007957432789757123, 'KXHIGHNY-26JUL15-B103.5': 0.000998003992015968, 'KXHIGHNY-26JUL15-T104': 0.000998003992015968}",2026-07-15T14:00:00+00:00
nyc,KXHIGHNY-26JUL15,neuralcaster_v2,"{'KXHIGHNY-26JUL15-T97': 0.4648872908337752, 'KXHIGHNY-26JUL15-B97.5': 0.4336776027865695, 'KXHIGHNY-26JUL15-B99.5': 0.09578745509490408, 'KXHIGHNY-26JUL15-B101.5': 0.00365164330071925, 'KXHIGHNY-26JUL15-B103.5': 0.000998003992015968, 'KXHIGHNY-26JUL15-T104': 0.000998003992015968}",2026-07-15T15:00:00+00:00
nyc,KXHIGHNY-26JUL15,neuralcaster_v2,"{'KXHIGHNY-26JUL15-T97': 0.4331866793391888, 'KXHIGHNY-26JUL15-B97.5': 0.4459998837535516, 'KXHIGHNY-26JUL15-B99.5': 0.11179438926734042, 'KXHIGHNY-26JUL15-B101.5': 0.007023039655887237, 'KXHIGHNY-26JUL15-B103.5': 0.000998003992015968, 'KXHIGHNY-26JUL15-T104': 0.000998003992015968}",2026-07-15T16:00:00+00:00
nyc,KXHIGHNY-26JUL15,neuralcaster_v2,"{'KXHIGHNY-26JUL15-T97': 0.42826047602431444, 'KXHIGHNY-26JUL15-B97.5': 0.44883956320119345, 'KXHIGHNY-26JUL15-B99.5': 0.11371524249566087, 'KXHIGHNY-26JUL15-B101.5': 0.007188710294799313, 'KXHIGHNY-26JUL15-B103.5': 0.000998003992015968, 'KXHIGHNY-26JUL15-T104': 0.000998003992015968}",2026-07-15T17:00:00+00:00
nyc,KXHIGHNY-26JUL15,neuralcaster_v2,"{'KXHIGHNY-26JUL15-T97': 0.5585150701680899, 'KXHIGHNY-26JUL15-B97.5': 0.38105921160568584, 'KXHIGHNY-26JUL15-B99.5': 0.057434691306982144, 'KXHIGHNY-26JUL15-B101.5': 0.0009970089730807579, 'KXHIGHNY-26JUL15-B103.5': 0.0009970089730807579, 'KXHIGHNY-26JUL15-T104': 0.0009970089730807579}",2026-07-15T18:00:00+00:00
nyc,KXHIGHNY-26JUL15,neuralcaster_v2,"{'KXHIGHNY-26JUL15-T97': 0.6307500263258681, 'KXHIGHNY-26JUL15-B97.5': 0.3224382006671359, 'KXHIGHNY-26JUL15-B99.5': 0.04382074608775384, 'KXHIGHNY-26JUL15-B101.5': 0.0009970089730807579, 'KXHIGHNY-26JUL15-B103.5': 0.0009970089730807579, 'KXHIGHNY-26JUL15-T104': 0.0009970089730807579}",2026-07-15T19:00:00+00:00
nyc,KXHIGHNY-26JUL15,neuralcaster_v2,"{'KXHIGHNY-26JUL15-T97': 0.6608906388603324, 'KXHIGHNY-26JUL15-B97.5': 0.29716086269922654, 'KXHIGHNY-26JUL15-B99.5': 0.03895747152119888, 'KXHIGHNY-26JUL15-B101.5': 0.0009970089730807579, 'KXHIGHNY-26JUL15-B103.5': 0.0009970089730807579, 'KXHIGHNY-26JUL15-T104': 0.0009970089730807579}",2026-07-15T20:00:00+00:00
nyc,KXHIGHNY-26JUL15,neuralcaster_v2,"{'KXHIGHNY-26JUL15-T97': 0.7384469461013522, 'KXHIGHNY-26JUL15-B97.5': 0.23342324558508648, 'KXHIGHNY-26JUL15-B99.5': 0.025138781394319132, 'KXHIGHNY-26JUL15-B101.5': 0.0009970089730807579, 'KXHIGHNY-26JUL15-B103.5': 0.0009970089730807579, 'KXHIGHNY-26JUL15-T104': 0.0009970089730807579}",2026-07-15T21:00:00+00:00
nyc,KXHIGHNY-26JUL15,neuralcaster_v2,"{'KXHIGHNY-26JUL15-T97': 0.7776221360749104, 'KXHIGHNY-26JUL15-B97.5': 0.20606097436129714, 'KXHIGHNY-26JUL15-B99.5': 0.013325862644550344, 'KXHIGHNY-26JUL15-B101.5': 0.0009970089730807579, 'KXHIGHNY-26JUL15-B103.5': 0.0009970089730807579, 'KXHIGHNY-26JUL15-T104': 0.0009970089730807579}",2026-07-15T22:00:00+00:00
nyc,KXHIGHNY-26JUL15,neuralcaster_v2,"{'KXHIGHNY-26JUL15-T97': 0.830891186177084, 'KXHIGHNY-26JUL15-B97.5': 0.1651247500778961, 'KXHIGHNY-26JUL15-B99.5': 0.00099601593625498, 'KXHIGHNY-26JUL15-B101.5': 0.00099601593625498, 'KXHIGHNY-26JUL15-B103.5': 0.00099601593625498, 'KXHIGHNY-26JUL15-T104': 0.00099601593625498}",2026-07-15T23:00:00+00:00
nyc,KXHIGHNY-26JUL15,neuralcaster_v2,"{'KXHIGHNY-26JUL15-T97': 0.8304299266522565, 'KXHIGHNY-26JUL15-B97.5': 0.16558600960272365, 'KXHIGHNY-26JUL15-B99.5': 0.00099601593625498, 'KXHIGHNY-26JUL15-B101.5': 0.00099601593625498, 'KXHIGHNY-26JUL15-B103.5': 0.00099601593625498, 'KXHIGHNY-26JUL15-T104': 0.00099601593625498}",2026-07-16T00:00:00+00:00
nyc,KXHIGHNY-26JUL15,neuralcaster_v2,"{'KXHIGHNY-26JUL15-T97': 0.8308162500943483, 'KXHIGHNY-26JUL15-B97.5': 0.16519968616063174, 'KXHIGHNY-26JUL15-B99.5': 0.00099601593625498, 'KXHIGHNY-26JUL15-B101.5': 0.00099601593625498, 'KXHIGHNY-26JUL15-B103.5': 0.00099601593625498, 'KXHIGHNY-26JUL15-T104': 0.00099601593625498}",2026-07-16T01:00:00+00:00
nyc,KXHIGHNY-26JUL15,neuralcaster_v2,"{'KXHIGHNY-26JUL15-T97': 0.831403186621172, 'KXHIGHNY-26JUL15-B97.5': 0.16461274963380812, 'KXHIGHNY-26JUL15-B99.5': 0.00099601593625498, 'KXHIGHNY-26JUL15-B101.5': 0.00099601593625498, 'KXHIGHNY-26JUL15-B103.5': 0.00099601593625498, 'KXHIGHNY-26JUL15-T104': 0.00099601593625498}",2026-07-16T02:00:00+00:00
nyc,KXHIGHNY-26JUL15,neuralcaster_v2,"{'KXHIGHNY-26JUL15-T97': 0.8316262286597654, 'KXHIGHNY-26JUL15-B97.5': 0.16438970759521468, 'KXHIGHNY-26JUL15-B99.5': 0.00099601593625498, 'KXHIGHNY-26JUL15-B101.5': 0.00099601593625498, 'KXHIGHNY-26JUL15-B103.5': 0.00099601593625498, 'KXHIGHNY-26JUL15-T104': 0.00099601593625498}",2026-07-16T03:00:00+00:00
nyc,KXHIGHNY-26JUL15,neuralcaster_v2,"{'KXHIGHNY-26JUL15-T97': 0.8316295488772172, 'KXHIGHNY-26JUL15-B97.5': 0.16438638737776287, 'KXHIGHNY-26JUL15-B99.5': 0.00099601593625498, 'KXHIGHNY-26JUL15-B101.5': 0.00099601593625498, 'KXHIGHNY-26JUL15-B103.5': 0.00099601593625498, 'KXHIGHNY-26JUL15-T104': 0.00099601593625498}",2026-07-16T04:00:00+00:00
okc,KXHIGHTOKC-26JUL15,neuralcaster_v2,"{'KXHIGHTOKC-26JUL15-T86': 0.030964501603780812, 'KXHIGHTOKC-26JUL15-B86.5': 0.21742810418314507, 'KXHIGHTOKC-26JUL15-B88.5': 0.50796020350711, 'KXHIGHTOKC-26JUL15-B90.5': 0.2127452701629444, 'KXHIGHTOKC-26JUL15-B92.5': 0.029902919544018754, 'KXHIGHTOKC-26JUL15-T93': 0.0009990009990009992}",2026-07-15T06:00:00+00:00
okc,KXHIGHTOKC-26JUL15,neuralcaster_v2,"{'KXHIGHTOKC-26JUL15-T86': 0.030325168217543087, 'KXHIGHTOKC-26JUL15-B86.5': 0.21503067874172188, 'KXHIGHTOKC-26JUL15-B88.5': 0.5083829954043196, 'KXHIGHTOKC-26JUL15-B90.5': 0.21495430261916776, 'KXHIGHTOKC-26JUL15-B92.5': 0.03030785401824677, 'KXHIGHTOKC-26JUL15-T93': 0.0009990009990009992}",2026-07-15T07:00:00+00:00
okc,KXHIGHTOKC-26JUL15,neuralcaster_v2,"{'KXHIGHTOKC-26JUL15-T86': 0.022770230416993557, 'KXHIGHTOKC-26JUL15-B86.5': 0.1817974577522093, 'KXHIGHTOKC-26JUL15-B88.5': 0.49024711866734366, 'KXHIGHTOKC-26JUL15-B90.5': 0.2663749609712946, 'KXHIGHTOKC-26JUL15-B92.5': 0.03781123119315778, 'KXHIGHTOKC-26JUL15-T93': 0.000999000999000999}",2026-07-15T08:00:00+00:00
okc,KXHIGHTOKC-26JUL15,neuralcaster_v2,"{'KXHIGHTOKC-26JUL15-T86': 0.022326153426805842, 'KXHIGHTOKC-26JUL15-B86.5': 0.17958196471149002, 'KXHIGHTOKC-26JUL15-B88.5': 0.4885223567005613, 'KXHIGHTOKC-26JUL15-B90.5': 0.27017296192310586, 'KXHIGHTOKC-26JUL15-B92.5': 0.03839756223903609, 'KXHIGHTOKC-26JUL15-T93': 0.0009990009990009992}",2026-07-15T09:00:00+00:00
okc,KXHIGHTOKC-26JUL15,neuralcaster_v2,"{'KXHIGHTOKC-26JUL15-T86': 0.0224400261179965, 'KXHIGHTOKC-26JUL15-B86.5': 0.1802405480581396, 'KXHIGHTOKC-26JUL15-B88.5': 0.4891462047873388, 'KXHIGHTOKC-26JUL15-B90.5': 0.26897716767842267, 'KXHIGHTOKC-26JUL15-B92.5': 0.0381970523591014, 'KXHIGHTOKC-26JUL15-T93': 0.000999000999000999}",2026-07-15T10:00:00+00:00
okc,KXHIGHTOKC-26JUL15,neuralcaster_v2,"{'KXHIGHTOKC-26JUL15-T86': 0.017797512532825743, 'KXHIGHTOKC-26JUL15-B86.5': 0.1598290003541284, 'KXHIGHTOKC-26JUL15-B88.5': 0.47663382484894196, 'KXHIGHTOKC-26JUL15-B90.5': 0.30193848173243193, 'KXHIGHTOKC-26JUL15-B92.5': 0.04280217953267108, 'KXHIGHTOKC-26JUL15-T93': 0.0009990009990009992}",2026-07-15T11:00:00+00:00
okc,KXHIGHTOKC-26JUL15,neuralcaster_v2,"{'KXHIGHTOKC-26JUL15-T86': 0.012234142843121357, 'KXHIGHTOKC-26JUL15-B86.5': 0.13596230076747662, 'KXHIGHTOKC-26JUL15-B88.5': 0.46283076365813386, 'KXHIGHTOKC-26JUL15-B90.5': 0.33998210648475796, 'KXHIGHTOKC-26JUL15-B92.5': 0.04799168524750929, 'KXHIGHTOKC-26JUL15-T93': 0.0009990009990009992}",2026-07-15T12:00:00+00:00
okc,KXHIGHTOKC-26JUL15,neuralcaster_v2,"{'KXHIGHTOKC-26JUL15-T86': 0.014138006455612976, 'KXHIGHTOKC-26JUL15-B86.5': 0.1446509187917445, 'KXHIGHTOKC-26JUL15-B88.5': 0.468600167246901, 'KXHIGHTOKC-26JUL15-B90.5': 0.3256850431240504, 'KXHIGHTOKC-26JUL15-B92.5': 0.04592686338269001, 'KXHIGHTOKC-26JUL15-T93': 0.000999000999000999}",2026-07-15T13:00:00+00:00
okc,KXHIGHTOKC-26JUL15,neuralcaster_v2,"{'KXHIGHTOKC-26JUL15-T86': 0.010270894671744872, 'KXHIGHTOKC-26JUL15-B86.5': 0.12811015176366747, 'KXHIGHTOKC-26JUL15-B88.5': 0.4591040330360956, 'KXHIGHTOKC-26JUL15-B90.5': 0.35200900282913045, 'KXHIGHTOKC-26JUL15-B92.5': 0.04950691670036068, 'KXHIGHTOKC-26JUL15-T93': 0.0009990009990009992}",2026-07-15T14:00:00+00:00
okc,KXHIGHTOKC-26JUL15,neuralcaster_v2,"{'KXHIGHTOKC-26JUL15-T86': 0.008041857981492102, 'KXHIGHTOKC-26JUL15-B86.5': 0.11884061562431276, 'KXHIGHTOKC-26JUL15-B88.5': 0.45416162206285915, 'KXHIGHTOKC-26JUL15-B90.5': 0.36355467062024466, 'KXHIGHTOKC-26JUL15-B92.5': 0.05440223271209026, 'KXHIGHTOKC-26JUL15-T93': 0.000999000999000999}",2026-07-15T15:00:00+00:00
okc,KXHIGHTOKC-26JUL15,neuralcaster_v2,"{'KXHIGHTOKC-26JUL15-T86': 0.007413968053775615, 'KXHIGHTOKC-26JUL15-B86.5': 0.11714180284700446, 'KXHIGHTOKC-26JUL15-B88.5': 0.454600311347696, 'KXHIGHTOKC-26JUL15-B90.5': 0.3653394792566015, 'KXHIGHTOKC-26JUL15-B92.5': 0.054505437495921336, 'KXHIGHTOKC-26JUL15-T93': 0.000999000999000999}",2026-07-15T16:00:00+00:00
okc,KXHIGHTOKC-26JUL15,neuralcaster_v2,"{'KXHIGHTOKC-26JUL15-T86': 0.0030594853654362045, 'KXHIGHTOKC-26JUL15-B86.5': 0.09885766808846119, 'KXHIGHTOKC-26JUL15-B88.5': 0.4445922651675417, 'KXHIGHTOKC-26JUL15-B90.5': 0.3863788498314409, 'KXHIGHTOKC-26JUL15-B92.5': 0.06611273054811895, 'KXHIGHTOKC-26JUL15-T93': 0.000999000999000999}",2026-07-15T17:00:00+00:00
okc,KXHIGHTOKC-26JUL15,neuralcaster_v2,"{'KXHIGHTOKC-26JUL15-T86': 0.0009970089730807576, 'KXHIGHTOKC-26JUL15-B86.5': 0.36731909534554325, 'KXHIGHTOKC-26JUL15-B88.5': 0.5016287482202386, 'KXHIGHTOKC-26JUL15-B90.5': 0.12806112951497586, 'KXHIGHTOKC-26JUL15-B92.5': 0.0009970089730807576, 'KXHIGHTOKC-26JUL15-T93': 0.0009970089730807576}",2026-07-15T18:00:00+00:00
okc,KXHIGHTOKC-26JUL15,neuralcaster_v2,"{'KXHIGHTOKC-26JUL15-T86': 0.0009970089730807576, 'KXHIGHTOKC-26JUL15-B86.5': 0.36731909534554325, 'KXHIGHTOKC-26JUL15-B88.5': 0.5015761947410714, 'KXHIGHTOKC-26JUL15-B90.5': 0.12811368299414305, 'KXHIGHTOKC-26JUL15-B92.5': 0.0009970089730807576, 'KXHIGHTOKC-26JUL15-T93': 0.0009970089730807576}",2026-07-15T19:00:00+00:00
okc,KXHIGHTOKC-26JUL15,neuralcaster_v2,"{'KXHIGHTOKC-26JUL15-T86': 0.0009970089730807579, 'KXHIGHTOKC-26JUL15-B86.5': 0.36731909534554336, 'KXHIGHTOKC-26JUL15-B88.5': 0.5018373823850348, 'KXHIGHTOKC-26JUL15-B90.5': 0.12785249535017967, 'KXHIGHTOKC-26JUL15-B92.5': 0.0009970089730807579, 'KXHIGHTOKC-26JUL15-T93': 0.0009970089730807579}",2026-07-15T20:00:00+00:00
okc,KXHIGHTOKC-26JUL15,neuralcaster_v2,"{'KXHIGHTOKC-26JUL15-T86': 0.0009970089730807579, 'KXHIGHTOKC-26JUL15-B86.5': 0.36731909534554336, 'KXHIGHTOKC-26JUL15-B88.5': 0.5012864262603567, 'KXHIGHTOKC-26JUL15-B90.5': 0.1284034514748577, 'KXHIGHTOKC-26JUL15-B92.5': 0.0009970089730807579, 'KXHIGHTOKC-26JUL15-T93': 0.0009970089730807579}",2026-07-15T21:00:00+00:00
okc,KXHIGHTOKC-26JUL15,neuralcaster_v2,"{'KXHIGHTOKC-26JUL15-T86': 0.0009970089730807576, 'KXHIGHTOKC-26JUL15-B86.5': 0.36731909534554325, 'KXHIGHTOKC-26JUL15-B88.5': 0.5011661696017323, 'KXHIGHTOKC-26JUL15-B90.5': 0.12852370813348207, 'KXHIGHTOKC-26JUL15-B92.5': 0.0009970089730807576, 'KXHIGHTOKC-26JUL15-T93': 0.0009970089730807576}",2026-07-15T22:00:00+00:00
okc,KXHIGHTOKC-26JUL15,neuralcaster_v2,"{'KXHIGHTOKC-26JUL15-T86': 0.0009970089730807579, 'KXHIGHTOKC-26JUL15-B86.5': 0.36731909534554336, 'KXHIGHTOKC-26JUL15-B88.5': 0.5007638328269738, 'KXHIGHTOKC-26JUL15-B90.5': 0.1289260449082406, 'KXHIGHTOKC-26JUL15-B92.5': 0.0009970089730807579, 'KXHIGHTOKC-26JUL15-T93': 0.0009970089730807579}",2026-07-15T23:00:00+00:00
okc,KXHIGHTOKC-26JUL15,neuralcaster_v2,"{'KXHIGHTOKC-26JUL15-T86': 0.0009970089730807579, 'KXHIGHTOKC-26JUL15-B86.5': 0.36731909534554336, 'KXHIGHTOKC-26JUL15-B88.5': 0.5020253217964641, 'KXHIGHTOKC-26JUL15-B90.5': 0.12766455593875037, 'KXHIGHTOKC-26JUL15-B92.5': 0.0009970089730807579, 'KXHIGHTOKC-26JUL15-T93': 0.0009970089730807579}",2026-07-16T00:00:00+00:00
okc,KXHIGHTOKC-26JUL15,neuralcaster_v2,"{'KXHIGHTOKC-26JUL15-T86': 0.0009970089730807579, 'KXHIGHTOKC-26JUL15-B86.5': 0.36731909534554336, 'KXHIGHTOKC-26JUL15-B88.5': 0.5019307800494401, 'KXHIGHTOKC-26JUL15-B90.5': 0.12775909768577431, 'KXHIGHTOKC-26JUL15-B92.5': 0.0009970089730807579, 'KXHIGHTOKC-26JUL15-T93': 0.0009970089730807579}",2026-07-16T01:00:00+00:00
okc,KXHIGHTOKC-26JUL15,neuralcaster_v2,"{'KXHIGHTOKC-26JUL15-T86': 0.0009970089730807576, 'KXHIGHTOKC-26JUL15-B86.5': 0.36731909534554325, 'KXHIGHTOKC-26JUL15-B88.5': 0.5020298794858845, 'KXHIGHTOKC-26JUL15-B90.5': 0.12765999824932994, 'KXHIGHTOKC-26JUL15-B92.5': 0.0009970089730807576, 'KXHIGHTOKC-26JUL15-T93': 0.0009970089730807576}",2026-07-16T02:00:00+00:00
okc,KXHIGHTOKC-26JUL15,neuralcaster_v2,"{'KXHIGHTOKC-26JUL15-T86': 0.0009970089730807579, 'KXHIGHTOKC-26JUL15-B86.5': 0.36731909534554336, 'KXHIGHTOKC-26JUL15-B88.5': 0.5023708437572435, 'KXHIGHTOKC-26JUL15-B90.5': 0.12731903397797095, 'KXHIGHTOKC-26JUL15-B92.5': 0.0009970089730807579, 'KXHIGHTOKC-26JUL15-T93': 0.0009970089730807579}",2026-07-16T03:00:00+00:00
okc,KXHIGHTOKC-26JUL15,neuralcaster_v2,"{'KXHIGHTOKC-26JUL15-T86': 0.0009970089730807576, 'KXHIGHTOKC-26JUL15-B86.5': 0.36731909534554325, 'KXHIGHTOKC-26JUL15-B88.5': 0.5031425430871922, 'KXHIGHTOKC-26JUL15-B90.5': 0.1265473346480222, 'KXHIGHTOKC-26JUL15-B92.5': 0.0009970089730807576, 'KXHIGHTOKC-26JUL15-T93': 0.0009970089730807576}",2026-07-16T04:00:00+00:00
okc,KXHIGHTOKC-26JUL15,neuralcaster_v2,"{'KXHIGHTOKC-26JUL15-T86': 0.0009970089730807579, 'KXHIGHTOKC-26JUL15-B86.5': 0.36731909534554336, 'KXHIGHTOKC-26JUL15-B88.5': 0.503672384197086, 'KXHIGHTOKC-26JUL15-B90.5': 0.12601749353812844, 'KXHIGHTOKC-26JUL15-B92.5': 0.0009970089730807579, 'KXHIGHTOKC-26JUL15-T93': 0.0009970089730807579}",2026-07-16T05:00:00+00:00
aus,KXHIGHAUS-26JUL16,neuralcaster_v2,"{'KXHIGHAUS-26JUL16-T84': 0.000998003992015968, 'KXHIGHAUS-26JUL16-B84.5': 0.09531198310963601, 'KXHIGHAUS-26JUL16-B86.5': 0.48145073642513175, 'KXHIGHAUS-26JUL16-B88.5': 0.375426009338559, 'KXHIGHAUS-26JUL16-B90.5': 0.04581526314264125, 'KXHIGHAUS-26JUL16-T91': 0.000998003992015968}",2026-07-16T06:00:00+00:00
aus,KXHIGHAUS-26JUL16,neuralcaster_v2,"{'KXHIGHAUS-26JUL16-T84': 0.000998003992015968, 'KXHIGHAUS-26JUL16-B84.5': 0.07736796399094119, 'KXHIGHAUS-26JUL16-B86.5': 0.4485471181671085, 'KXHIGHAUS-26JUL16-B88.5': 0.41470928753655756, 'KXHIGHAUS-26JUL16-B90.5': 0.05737962232136078, 'KXHIGHAUS-26JUL16-T91': 0.000998003992015968}",2026-07-16T07:00:00+00:00
aus,KXHIGHAUS-26JUL16,neuralcaster_v2,"{'KXHIGHAUS-26JUL16-T84': 0.000998003992015968, 'KXHIGHAUS-26JUL16-B84.5': 0.06789917338092828, 'KXHIGHAUS-26JUL16-B86.5': 0.44109135345126116, 'KXHIGHAUS-26JUL16-B88.5': 0.4285327708943262, 'KXHIGHAUS-26JUL16-B90.5': 0.06048069428945242, 'KXHIGHAUS-26JUL16-T91': 0.000998003992015968}",2026-07-16T08:00:00+00:00
aus,KXHIGHAUS-26JUL16,neuralcaster_v2,"{'KXHIGHAUS-26JUL16-T84': 0.000998003992015968, 'KXHIGHAUS-26JUL16-B84.5': 0.04624363426697333, 'KXHIGHAUS-26JUL16-B86.5': 0.4011027833243366, 'KXHIGHAUS-26JUL16-B88.5': 0.47343971469978147, 'KXHIGHAUS-26JUL16-B90.5': 0.07721785972487669, 'KXHIGHAUS-26JUL16-T91': 0.000998003992015968}",2026-07-16T09:00:00+00:00
aus,KXHIGHAUS-26JUL16,neuralcaster_v2,"{'KXHIGHAUS-26JUL16-T84': 0.000998003992015968, 'KXHIGHAUS-26JUL16-B84.5': 0.03926447440085788, 'KXHIGHAUS-26JUL16-B86.5': 0.36939829893099596, 'KXHIGHAUS-26JUL16-B88.5': 0.5044779085299193, 'KXHIGHAUS-26JUL16-B90.5': 0.08486331015419496, 'KXHIGHAUS-26JUL16-T91': 0.000998003992015968}",2026-07-16T10:00:00+00:00
aus,KXHIGHAUS-26JUL16,neuralcaster_v2,"{'KXHIGHAUS-26JUL16-T84': 0.000998003992015968, 'KXHIGHAUS-26JUL16-B84.5': 0.038154451382673996, 'KXHIGHAUS-26JUL16-B86.5': 0.36545554176362866, 'KXHIGHAUS-26JUL16-B88.5': 0.5091315033304853, 'KXHIGHAUS-26JUL16-B90.5': 0.08526249553918011, 'KXHIGHAUS-26JUL16-T91': 0.000998003992015968}",2026-07-16T11:00:00+00:00
aus,KXHIGHAUS-26JUL16,neuralcaster_v2,"{'KXHIGHAUS-26JUL16-T84': 0.000998003992015968, 'KXHIGHAUS-26JUL16-B84.5': 0.023906660498647737, 'KXHIGHAUS-26JUL16-B86.5': 0.2725604988040471, 'KXHIGHAUS-26JUL16-B88.5': 0.5623447971368534, 'KXHIGHAUS-26JUL16-B90.5': 0.13919203557641985, 'KXHIGHAUS-26JUL16-T91': 0.000998003992015968}",2026-07-16T12:00:00+00:00
aus,KXHIGHAUS-26JUL16,neuralcaster_v2,"{'KXHIGHAUS-26JUL16-T84': 0.000999000999000999, 'KXHIGHAUS-26JUL16-B84.5': 0.010145866994153024, 'KXHIGHAUS-26JUL16-B86.5': 0.2015708328157871, 'KXHIGHAUS-26JUL16-B88.5': 0.5839377644144585, 'KXHIGHAUS-26JUL16-B90.5': 0.19474749463359325, 'KXHIGHAUS-26JUL16-T91': 0.008599040143006987}",2026-07-16T13:00:00+00:00
aus,KXHIGHAUS-26JUL16,neuralcaster_v2,"{'KXHIGHAUS-26JUL16-T84': 0.000998003992015968, 'KXHIGHAUS-26JUL16-B84.5': 0.016795875158887596, 'KXHIGHAUS-26JUL16-B86.5': 0.23672424815356485, 'KXHIGHAUS-26JUL16-B88.5': 0.5866387427634514, 'KXHIGHAUS-26JUL16-B90.5': 0.1578451259400643, 'KXHIGHAUS-26JUL16-T91': 0.000998003992015968}",2026-07-16T14:00:00+00:00
aus,KXHIGHAUS-26JUL16,neuralcaster_v2,"{'KXHIGHAUS-26JUL16-T84': 0.000998003992015968, 'KXHIGHAUS-26JUL16-B84.5': 0.026190528168881226, 'KXHIGHAUS-26JUL16-B86.5': 0.3076259576302142, 'KXHIGHAUS-26JUL16-B88.5': 0.5623214749746978, 'KXHIGHAUS-26JUL16-B90.5': 0.10186603124217487, 'KXHIGHAUS-26JUL16-T91': 0.000998003992015968}",2026-07-16T15:00:00+00:00
aus,KXHIGHAUS-26JUL16,neuralcaster_v2,"{'KXHIGHAUS-26JUL16-T84': 0.000998003992015968, 'KXHIGHAUS-26JUL16-B84.5': 0.026781469201789598, 'KXHIGHAUS-26JUL16-B86.5': 0.3245121185330888, 'KXHIGHAUS-26JUL16-B88.5': 0.556951676123314, 'KXHIGHAUS-26JUL16-B90.5': 0.0897587281577757, 'KXHIGHAUS-26JUL16-T91': 0.000998003992015968}",2026-07-16T16:00:00+00:00
aus,KXHIGHAUS-26JUL16,neuralcaster_v2,"{'KXHIGHAUS-26JUL16-T84': 0.000998003992015968, 'KXHIGHAUS-26JUL16-B84.5': 0.0304513655136314, 'KXHIGHAUS-26JUL16-B86.5': 0.35760006949048356, 'KXHIGHAUS-26JUL16-B88.5': 0.5364066736707891, 'KXHIGHAUS-26JUL16-B90.5': 0.07354588334106407, 'KXHIGHAUS-26JUL16-T91': 0.000998003992015968}",2026-07-16T17:00:00+00:00
aus,KXHIGHAUS-26JUL16,neuralcaster_v2,"{'KXHIGHAUS-26JUL16-T84': 0.0009989559217845614, 'KXHIGHAUS-26JUL16-B84.5': 0.0036611837149946205, 'KXHIGHAUS-26JUL16-B86.5': 0.19844357768041807, 'KXHIGHAUS-26JUL16-B88.5': 0.6093963690361425, 'KXHIGHAUS-26JUL16-B90.5': 0.1865009577248758, 'KXHIGHAUS-26JUL16-T91': 0.0009989559217845614}",2026-07-16T18:00:00+00:00
aus,KXHIGHAUS-26JUL16,neuralcaster_v2,"{'KXHIGHAUS-26JUL16-T84': 0.000998003992015968, 'KXHIGHAUS-26JUL16-B84.5': 0.000998003992015968, 'KXHIGHAUS-26JUL16-B86.5': 0.01883456041729693, 'KXHIGHAUS-26JUL16-B88.5': 0.31037051543615146, 'KXHIGHAUS-26JUL16-B90.5': 0.5824590722429096, 'KXHIGHAUS-26JUL16-T91': 0.0863398439196101}",2026-07-16T19:00:00+00:00
aus,KXHIGHAUS-26JUL16,neuralcaster_v2,"{'KXHIGHAUS-26JUL16-T84': 0.0009970089730807576, 'KXHIGHAUS-26JUL16-B84.5': 0.0009970089730807576, 'KXHIGHAUS-26JUL16-B86.5': 0.0009970089730807576, 'KXHIGHAUS-26JUL16-B88.5': 0.20505373316538034, 'KXHIGHAUS-26JUL16-B90.5': 0.6663543833981601, 'KXHIGHAUS-26JUL16-T91': 0.12560085651721717}",2026-07-16T20:00:00+00:00
aus,KXHIGHAUS-26JUL16,neuralcaster_v2,"{'KXHIGHAUS-26JUL16-T84': 0.0009970089730807579, 'KXHIGHAUS-26JUL16-B84.5': 0.0009970089730807579, 'KXHIGHAUS-26JUL16-B86.5': 0.0009970089730807579, 'KXHIGHAUS-26JUL16-B88.5': 0.4118148436930937, 'KXHIGHAUS-26JUL16-B90.5': 0.5390079460658962, 'KXHIGHAUS-26JUL16-T91': 0.046186183321768}",2026-07-16T21:00:00+00:00
aus,KXHIGHAUS-26JUL16,neuralcaster_v2,"{'KXHIGHAUS-26JUL16-T84': 0.0009970089730807579, 'KXHIGHAUS-26JUL16-B84.5': 0.0009970089730807579, 'KXHIGHAUS-26JUL16-B86.5': 0.0009970089730807579, 'KXHIGHAUS-26JUL16-B88.5': 0.2282574144821765, 'KXHIGHAUS-26JUL16-B90.5': 0.6711964753854534, 'KXHIGHAUS-26JUL16-T91': 0.09755508321312796}",2026-07-16T22:00:00+00:00
aus,KXHIGHAUS-26JUL16,neuralcaster_v2,"{'KXHIGHAUS-26JUL16-T84': 0.0009970089730807579, 'KXHIGHAUS-26JUL16-B84.5': 0.0009970089730807579, 'KXHIGHAUS-26JUL16-B86.5': 0.0009970089730807579, 'KXHIGHAUS-26JUL16-B88.5': 0.2402898573021644, 'KXHIGHAUS-26JUL16-B90.5': 0.664612656252401, 'KXHIGHAUS-26JUL16-T91': 0.09210645952619241}",2026-07-16T23:00:00+00:00
aus,KXHIGHAUS-26JUL16,neuralcaster_v2,"{'KXHIGHAUS-26JUL16-T84': 0.0009970089730807579, 'KXHIGHAUS-26JUL16-B84.5': 0.0009970089730807579, 'KXHIGHAUS-26JUL16-B86.5': 0.0009970089730807579, 'KXHIGHAUS-26JUL16-B88.5': 0.2619855867243485, 'KXHIGHAUS-26JUL16-B90.5': 0.6536617931592013, 'KXHIGHAUS-26JUL16-T91': 0.08136159319720801}",2026-07-17T00:00:00+00:00
aus,KXHIGHAUS-26JUL16,neuralcaster_v2,"{'KXHIGHAUS-26JUL16-T84': 0.0009970089730807576, 'KXHIGHAUS-26JUL16-B84.5': 0.0009970089730807576, 'KXHIGHAUS-26JUL16-B86.5': 0.0009970089730807576, 'KXHIGHAUS-26JUL16-B88.5': 0.26653902711587096, 'KXHIGHAUS-26JUL16-B90.5': 0.6516552528749391, 'KXHIGHAUS-26JUL16-T91': 0.07881469308994767}",2026-07-17T01:00:00+00:00
aus,KXHIGHAUS-26JUL16,neuralcaster_v2,"{'KXHIGHAUS-26JUL16-T84': 0.0009970089730807576, 'KXHIGHAUS-26JUL16-B84.5': 0.0009970089730807576, 'KXHIGHAUS-26JUL16-B86.5': 0.0009970089730807576, 'KXHIGHAUS-26JUL16-B88.5': 0.26541483938385874, 'KXHIGHAUS-26JUL16-B90.5': 0.6529523584040383, 'KXHIGHAUS-26JUL16-T91': 0.07864177529286064}",2026-07-17T02:00:00+00:00
aus,KXHIGHAUS-26JUL16,neuralcaster_v2,"{'KXHIGHAUS-26JUL16-T84': 0.0009970089730807579, 'KXHIGHAUS-26JUL16-B84.5': 0.0009970089730807579, 'KXHIGHAUS-26JUL16-B86.5': 0.0009970089730807579, 'KXHIGHAUS-26JUL16-B88.5': 0.2619419278157978, 'KXHIGHAUS-26JUL16-B90.5': 0.6553311060831073, 'KXHIGHAUS-26JUL16-T91': 0.07973593918185279}",2026-07-17T03:00:00+00:00
aus,KXHIGHAUS-26JUL16,neuralcaster_v2,"{'KXHIGHAUS-26JUL16-T84': 0.0009970089730807579, 'KXHIGHAUS-26JUL16-B84.5': 0.0009970089730807579, 'KXHIGHAUS-26JUL16-B86.5': 0.0009970089730807579, 'KXHIGHAUS-26JUL16-B88.5': 0.2623975368926966, 'KXHIGHAUS-26JUL16-B90.5': 0.6549808413895079, 'KXHIGHAUS-26JUL16-T91': 0.07963059479855336}",2026-07-17T04:00:00+00:00
aus,KXHIGHAUS-26JUL16,neuralcaster_v2,"{'KXHIGHAUS-26JUL16-T84': 0.0009970089730807576, 'KXHIGHAUS-26JUL16-B84.5': 0.0009970089730807576, 'KXHIGHAUS-26JUL16-B86.5': 0.0009970089730807576, 'KXHIGHAUS-26JUL16-B88.5': 0.2619433244820385, 'KXHIGHAUS-26JUL16-B90.5': 0.6551290664547883, 'KXHIGHAUS-26JUL16-T91': 0.07993658214393083}",2026-07-17T05:00:00+00:00
den,KXHIGHDEN-26JUL16,neuralcaster_v2,"{'KXHIGHDEN-26JUL16-T89': 0.000998003992015968, 'KXHIGHDEN-26JUL16-B89.5': 0.08799573660079767, 'KXHIGHDEN-26JUL16-B91.5': 0.4877640735935905, 'KXHIGHDEN-26JUL16-B93.5': 0.37860406742472213, 'KXHIGHDEN-26JUL16-B95.5': 0.043640114396857846, 'KXHIGHDEN-26JUL16-T96': 0.000998003992015968}",2026-07-16T07:00:00+00:00
den,KXHIGHDEN-26JUL16,neuralcaster_v2,"{'KXHIGHDEN-26JUL16-T89': 0.000998003992015968, 'KXHIGHDEN-26JUL16-B89.5': 0.07696312753179987, 'KXHIGHDEN-26JUL16-B91.5': 0.4747111775613476, 'KXHIGHDEN-26JUL16-B93.5': 0.4004203186506603, 'KXHIGHDEN-26JUL16-B95.5': 0.04590936827216027, 'KXHIGHDEN-26JUL16-T96': 0.000998003992015968}",2026-07-16T08:00:00+00:00
den,KXHIGHDEN-26JUL16,neuralcaster_v2,"{'KXHIGHDEN-26JUL16-T89': 0.000998003992015968, 'KXHIGHDEN-26JUL16-B89.5': 0.09399184567582687, 'KXHIGHDEN-26JUL16-B91.5': 0.48860406482145885, 'KXHIGHDEN-26JUL16-B93.5': 0.37146379543254676, 'KXHIGHDEN-26JUL16-B95.5': 0.04394428608613562, 'KXHIGHDEN-26JUL16-T96': 0.000998003992015968}",2026-07-16T09:00:00+00:00
den,KXHIGHDEN-26JUL16,neuralcaster_v2,"{'KXHIGHDEN-26JUL16-T89': 0.000998003992015968, 'KXHIGHDEN-26JUL16-B89.5': 0.09992367982118734, 'KXHIGHDEN-26JUL16-B91.5': 0.4957913710912139, 'KXHIGHDEN-26JUL16-B93.5': 0.35962437883550735, 'KXHIGHDEN-26JUL16-B95.5': 0.04266456226805943, 'KXHIGHDEN-26JUL16-T96': 0.000998003992015968}",2026-07-16T10:00:00+00:00
den,KXHIGHDEN-26JUL16,neuralcaster_v2,"{'KXHIGHDEN-26JUL16-T89': 0.000998003992015968, 'KXHIGHDEN-26JUL16-B89.5': 0.10289589693681785, 'KXHIGHDEN-26JUL16-B91.5': 0.4956689023016846, 'KXHIGHDEN-26JUL16-B93.5': 0.3569259279075364, 'KXHIGHDEN-26JUL16-B95.5': 0.04251326486992923, 'KXHIGHDEN-26JUL16-T96': 0.000998003992015968}",2026-07-16T11:00:00+00:00
den,KXHIGHDEN-26JUL16,neuralcaster_v2,"{'KXHIGHDEN-26JUL16-T89': 0.000998003992015968, 'KXHIGHDEN-26JUL16-B89.5': 0.08795955553083257, 'KXHIGHDEN-26JUL16-B91.5': 0.4767950105857793, 'KXHIGHDEN-26JUL16-B93.5': 0.38691580383535146, 'KXHIGHDEN-26JUL16-B95.5': 0.046333622064004744, 'KXHIGHDEN-26JUL16-T96': 0.000998003992015968}",2026-07-16T12:00:00+00:00
den,KXHIGHDEN-26JUL16,neuralcaster_v2,"{'KXHIGHDEN-26JUL16-T89': 0.000998003992015968, 'KXHIGHDEN-26JUL16-B89.5': 0.07584997499688188, 'KXHIGHDEN-26JUL16-B91.5': 0.4630664552828625, 'KXHIGHDEN-26JUL16-B93.5': 0.4104103071301562, 'KXHIGHDEN-26JUL16-B95.5': 0.04867725460606751, 'KXHIGHDEN-26JUL16-T96': 0.000998003992015968}",2026-07-16T13:00:00+00:00
den,KXHIGHDEN-26JUL16,neuralcaster_v2,"{'KXHIGHDEN-26JUL16-T89': 0.000998003992015968, 'KXHIGHDEN-26JUL16-B89.5': 0.08021716993276674, 'KXHIGHDEN-26JUL16-B91.5': 0.4750359297743963, 'KXHIGHDEN-26JUL16-B93.5': 0.3966442221853267, 'KXHIGHDEN-26JUL16-B95.5': 0.04610667012347829, 'KXHIGHDEN-26JUL16-T96': 0.000998003992015968}",2026-07-16T14:00:00+00:00
den,KXHIGHDEN-26JUL16,neuralcaster_v2,"{'KXHIGHDEN-26JUL16-T89': 0.000998429170476732, 'KXHIGHDEN-26JUL16-B89.5': 0.12460399755079203, 'KXHIGHDEN-26JUL16-B91.5': 0.512250897932988, 'KXHIGHDEN-26JUL16-B93.5': 0.3239896521604655, 'KXHIGHDEN-26JUL16-B95.5': 0.03715859401480101, 'KXHIGHDEN-26JUL16-T96': 0.000998429170476732}",2026-07-16T15:00:00+00:00
den,KXHIGHDEN-26JUL16,neuralcaster_v2,"{'KXHIGHDEN-26JUL16-T89': 0.0009987397614445272, 'KXHIGHDEN-26JUL16-B89.5': 0.126685775096576, 'KXHIGHDEN-26JUL16-B91.5': 0.5146039477489179, 'KXHIGHDEN-26JUL16-B93.5': 0.3202256127575612, 'KXHIGHDEN-26JUL16-B95.5': 0.03648718487405587, 'KXHIGHDEN-26JUL16-T96': 0.0009987397614445272}",2026-07-16T16:00:00+00:00
den,KXHIGHDEN-26JUL16,neuralcaster_v2,"{'KXHIGHDEN-26JUL16-T89': 0.0009986575066328986, 'KXHIGHDEN-26JUL16-B89.5': 0.1380050087298852, 'KXHIGHDEN-26JUL16-B91.5': 0.5378040868044046, 'KXHIGHDEN-26JUL16-B93.5': 0.2921097168052029, 'KXHIGHDEN-26JUL16-B95.5': 0.030083872647241588, 'KXHIGHDEN-26JUL16-T96': 0.0009986575066328986}",2026-07-16T17:00:00+00:00
den,KXHIGHDEN-26JUL16,neuralcaster_v2,"{'KXHIGHDEN-26JUL16-T89': 0.000998003992015968, 'KXHIGHDEN-26JUL16-B89.5': 0.1166199739073076, 'KXHIGHDEN-26JUL16-B91.5': 0.549434668333057, 'KXHIGHDEN-26JUL16-B93.5': 0.30349126612812016, 'KXHIGHDEN-26JUL16-B95.5': 0.028458083647483264, 'KXHIGHDEN-26JUL16-T96': 0.000998003992015968}",2026-07-16T18:00:00+00:00
den,KXHIGHDEN-26JUL16,neuralcaster_v2,"{'KXHIGHDEN-26JUL16-T89': 0.000998003992015968, 'KXHIGHDEN-26JUL16-B89.5': 0.15472998116217357, 'KXHIGHDEN-26JUL16-B91.5': 0.5994825655934861, 'KXHIGHDEN-26JUL16-B93.5': 0.23066958004390173, 'KXHIGHDEN-26JUL16-B95.5': 0.013121865216406674, 'KXHIGHDEN-26JUL16-T96': 0.000998003992015968}",2026-07-16T19:00:00+00:00
den,KXHIGHDEN-26JUL16,neuralcaster_v2,"{'KXHIGHDEN-26JUL16-T89': 0.000998003992015968, 'KXHIGHDEN-26JUL16-B89.5': 0.1834884500340408, 'KXHIGHDEN-26JUL16-B91.5': 0.6109367348499789, 'KXHIGHDEN-26JUL16-B93.5': 0.20000509355383567, 'KXHIGHDEN-26JUL16-B95.5': 0.0035737135781127726, 'KXHIGHDEN-26JUL16-T96': 0.000998003992015968}",2026-07-16T20:00:00+00:00
den,KXHIGHDEN-26JUL16,neuralcaster_v2,"{'KXHIGHDEN-26JUL16-T89': 0.000998003992015968, 'KXHIGHDEN-26JUL16-B89.5': 0.05307015931596889, 'KXHIGHDEN-26JUL16-B91.5': 0.5301227028991035, 'KXHIGHDEN-26JUL16-B93.5': 0.38455879842455704, 'KXHIGHDEN-26JUL16-B95.5': 0.030252331376338728, 'KXHIGHDEN-26JUL16-T96': 0.000998003992015968}",2026-07-16T21:00:00+00:00
den,KXHIGHDEN-26JUL16,neuralcaster_v2,"{'KXHIGHDEN-26JUL16-T89': 0.0009970089730807579, 'KXHIGHDEN-26JUL16-B89.5': 0.0009970089730807579, 'KXHIGHDEN-26JUL16-B91.5': 0.3536396584202605, 'KXHIGHDEN-26JUL16-B93.5': 0.584670116915387, 'KXHIGHDEN-26JUL16-B95.5': 0.05869919774511036, 'KXHIGHDEN-26JUL16-T96': 0.0009970089730807579}",2026-07-16T22:00:00+00:00
den,KXHIGHDEN-26JUL16,neuralcaster_v2,"{'KXHIGHDEN-26JUL16-T89': 0.0009970089730807579, 'KXHIGHDEN-26JUL16-B89.5': 0.0009970089730807579, 'KXHIGHDEN-26JUL16-B91.5': 0.2673156900747319, 'KXHIGHDEN-26JUL16-B93.5': 0.6440785413319302, 'KXHIGHDEN-26JUL16-B95.5': 0.08561474167409575, 'KXHIGHDEN-26JUL16-T96': 0.0009970089730807579}",2026-07-16T23:00:00+00:00
den,KXHIGHDEN-26JUL16,neuralcaster_v2,"{'KXHIGHDEN-26JUL16-T89': 0.0009970089730807579, 'KXHIGHDEN-26JUL16-B89.5': 0.0009970089730807579, 'KXHIGHDEN-26JUL16-B91.5': 0.2876537071204768, 'KXHIGHDEN-26JUL16-B93.5': 0.634093425696913, 'KXHIGHDEN-26JUL16-B95.5': 0.07526184026336803, 'KXHIGHDEN-26JUL16-T96': 0.0009970089730807579}",2026-07-17T00:00:00+00:00
den,KXHIGHDEN-26JUL16,neuralcaster_v2,"{'KXHIGHDEN-26JUL16-T89': 0.0009970089730807576, 'KXHIGHDEN-26JUL16-B89.5': 0.0009970089730807576, 'KXHIGHDEN-26JUL16-B91.5': 0.29902485239303217, 'KXHIGHDEN-26JUL16-B93.5': 0.6298345720052868, 'KXHIGHDEN-26JUL16-B95.5': 0.0681495486824387, 'KXHIGHDEN-26JUL16-T96': 0.0009970089730807576}",2026-07-17T01:00:00+00:00
den,KXHIGHDEN-26JUL16,neuralcaster_v2,"{'KXHIGHDEN-26JUL16-T89': 0.0009970089730807579, 'KXHIGHDEN-26JUL16-B89.5': 0.0009970089730807579, 'KXHIGHDEN-26JUL16-B91.5': 0.3033164273478058, 'KXHIGHDEN-26JUL16-B93.5': 0.6287947972126903, 'KXHIGHDEN-26JUL16-B95.5': 0.06489774852026174, 'KXHIGHDEN-26JUL16-T96': 0.0009970089730807579}",2026-07-17T02:00:00+00:00
den,KXHIGHDEN-26JUL16,neuralcaster_v2,"{'KXHIGHDEN-26JUL16-T89': 0.0009970089730807579, 'KXHIGHDEN-26JUL16-B89.5': 0.0009970089730807579, 'KXHIGHDEN-26JUL16-B91.5': 0.3038892720322286, 'KXHIGHDEN-26JUL16-B93.5': 0.6284495607248052, 'KXHIGHDEN-26JUL16-B95.5': 0.06467014032372403, 'KXHIGHDEN-26JUL16-T96': 0.0009970089730807579}",2026-07-17T03:00:00+00:00
den,KXHIGHDEN-26JUL16,neuralcaster_v2,"{'KXHIGHDEN-26JUL16-T89': 0.0009970089730807579, 'KXHIGHDEN-26JUL16-B89.5': 0.0009970089730807579, 'KXHIGHDEN-26JUL16-B91.5': 0.3053569146367753, 'KXHIGHDEN-26JUL16-B93.5': 0.6275650560902294, 'KXHIGHDEN-26JUL16-B95.5': 0.0640870023537531, 'KXHIGHDEN-26JUL16-T96': 0.0009970089730807579}",2026-07-17T04:00:00+00:00
den,KXHIGHDEN-26JUL16,neuralcaster_v2,"{'KXHIGHDEN-26JUL16-T89': 0.0009970089730807576, 'KXHIGHDEN-26JUL16-B89.5': 0.0009970089730807576, 'KXHIGHDEN-26JUL16-B91.5': 0.30399196109118054, 'KXHIGHDEN-26JUL16-B93.5': 0.6283876730770346, 'KXHIGHDEN-26JUL16-B95.5': 0.06462933891254259, 'KXHIGHDEN-26JUL16-T96': 0.0009970089730807576}",2026-07-17T05:00:00+00:00
den,KXHIGHDEN-26JUL16,neuralcaster_v2,"{'KXHIGHDEN-26JUL16-T89': 0.0009970089730807579, 'KXHIGHDEN-26JUL16-B89.5': 0.0009970089730807579, 'KXHIGHDEN-26JUL16-B91.5': 0.30394872324615224, 'KXHIGHDEN-26JUL16-B93.5': 0.6284137312428293, 'KXHIGHDEN-26JUL16-B95.5': 0.06464651859177625, 'KXHIGHDEN-26JUL16-T96': 0.0009970089730807579}",2026-07-17T06:00:00+00:00
la,KXHIGHLAX-26JUL16,neuralcaster_v2,"{'KXHIGHLAX-26JUL16-T79': 0.000998003992015968, 'KXHIGHLAX-26JUL16-B79.5': 0.06514180589242757, 'KXHIGHLAX-26JUL16-B81.5': 0.451621494888427, 'KXHIGHLAX-26JUL16-B83.5': 0.4292902015045755, 'KXHIGHLAX-26JUL16-B85.5': 0.05195048973053799, 'KXHIGHLAX-26JUL16-T86': 0.000998003992015968}",2026-07-16T08:00:00+00:00
la,KXHIGHLAX-26JUL16,neuralcaster_v2,"{'KXHIGHLAX-26JUL16-T79': 0.000998003992015968, 'KXHIGHLAX-26JUL16-B79.5': 0.04724444788351973, 'KXHIGHLAX-26JUL16-B81.5': 0.42726718217647014, 'KXHIGHLAX-26JUL16-B83.5': 0.46342651972075294, 'KXHIGHLAX-26JUL16-B85.5': 0.060065842235225264, 'KXHIGHLAX-26JUL16-T86': 0.000998003992015968}",2026-07-16T09:00:00+00:00
la,KXHIGHLAX-26JUL16,neuralcaster_v2,"{'KXHIGHLAX-26JUL16-T79': 0.000998003992015968, 'KXHIGHLAX-26JUL16-B79.5': 0.041659604799825355, 'KXHIGHLAX-26JUL16-B81.5': 0.3956811209255203, 'KXHIGHLAX-26JUL16-B83.5': 0.48986308642407905, 'KXHIGHLAX-26JUL16-B85.5': 0.07080017986654331, 'KXHIGHLAX-26JUL16-T86': 0.000998003992015968}",2026-07-16T10:00:00+00:00
la,KXHIGHLAX-26JUL16,neuralcaster_v2,"{'KXHIGHLAX-26JUL16-T79': 0.000998003992015968, 'KXHIGHLAX-26JUL16-B79.5': 0.03308579599339149, 'KXHIGHLAX-26JUL16-B81.5': 0.3389155536902479, 'KXHIGHLAX-26JUL16-B83.5': 0.5325774336601244, 'KXHIGHLAX-26JUL16-B85.5': 0.0934252086722042, 'KXHIGHLAX-26JUL16-T86': 0.000998003992015968}",2026-07-16T11:00:00+00:00
la,KXHIGHLAX-26JUL16,neuralcaster_v2,"{'KXHIGHLAX-26JUL16-T79': 0.000998003992015968, 'KXHIGHLAX-26JUL16-B79.5': 0.03647618053472493, 'KXHIGHLAX-26JUL16-B81.5': 0.36720577126002213, 'KXHIGHLAX-26JUL16-B83.5': 0.5141832464677284, 'KXHIGHLAX-26JUL16-B85.5': 0.08013879375349268, 'KXHIGHLAX-26JUL16-T86': 0.000998003992015968}",2026-07-16T12:00:00+00:00
la,KXHIGHLAX-26JUL16,neuralcaster_v2,"{'KXHIGHLAX-26JUL16-T79': 0.000998003992015968, 'KXHIGHLAX-26JUL16-B79.5': 0.03463535526315968, 'KXHIGHLAX-26JUL16-B81.5': 0.35740718035067653, 'KXHIGHLAX-26JUL16-B83.5': 0.52273942604288, 'KXHIGHLAX-26JUL16-B85.5': 0.08322203035925183, 'KXHIGHLAX-26JUL16-T86': 0.000998003992015968}",2026-07-16T13:00:00+00:00
la,KXHIGHLAX-26JUL16,neuralcaster_v2,"{'KXHIGHLAX-26JUL16-T79': 0.000998003992015968, 'KXHIGHLAX-26JUL16-B79.5': 0.03598468599707093, 'KXHIGHLAX-26JUL16-B81.5': 0.36582672532360405, 'KXHIGHLAX-26JUL16-B83.5': 0.5161494011690285, 'KXHIGHLAX-26JUL16-B85.5': 0.0800431795262646, 'KXHIGHLAX-26JUL16-T86': 0.000998003992015968}",2026-07-16T14:00:00+00:00
la,KXHIGHLAX-26JUL16,neuralcaster_v2,"{'KXHIGHLAX-26JUL16-T79': 0.000998003992015968, 'KXHIGHLAX-26JUL16-B79.5': 0.023458340877617702, 'KXHIGHLAX-26JUL16-B81.5': 0.28057228693894526, 'KXHIGHLAX-26JUL16-B83.5': 0.5672686721874673, 'KXHIGHLAX-26JUL16-B85.5': 0.12670469201193765, 'KXHIGHLAX-26JUL16-T86': 0.000998003992015968}",2026-07-16T15:00:00+00:00
la,KXHIGHLAX-26JUL16,neuralcaster_v2,"{'KXHIGHLAX-26JUL16-T79': 0.000998003992015968, 'KXHIGHLAX-26JUL16-B79.5': 0.0204502185632368, 'KXHIGHLAX-26JUL16-B81.5': 0.2682755270636478, 'KXHIGHLAX-26JUL16-B83.5': 0.5784915374352083, 'KXHIGHLAX-26JUL16-B85.5': 0.13078670895387515, 'KXHIGHLAX-26JUL16-T86': 0.000998003992015968}",2026-07-16T16:00:00+00:00
la,KXHIGHLAX-26JUL16,neuralcaster_v2,"{'KXHIGHLAX-26JUL16-T79': 0.000998003992015968, 'KXHIGHLAX-26JUL16-B79.5': 0.000998003992015968, 'KXHIGHLAX-26JUL16-B81.5': 0.12574791339017607, 'KXHIGHLAX-26JUL16-B83.5': 0.5861309577262012, 'KXHIGHLAX-26JUL16-B85.5': 0.2672454108415711, 'KXHIGHLAX-26JUL16-T86': 0.018879710058019732}",2026-07-16T17:00:00+00:00
la,KXHIGHLAX-26JUL16,neuralcaster_v2,"{'KXHIGHLAX-26JUL16-T79': 0.000998003992015968, 'KXHIGHLAX-26JUL16-B79.5': 0.000998003992015968, 'KXHIGHLAX-26JUL16-B81.5': 0.1427077935615908, 'KXHIGHLAX-26JUL16-B83.5': 0.6066807989981897, 'KXHIGHLAX-26JUL16-B85.5': 0.23593230681089442, 'KXHIGHLAX-26JUL16-T86': 0.012683092645293105}",2026-07-16T18:00:00+00:00
la,KXHIGHLAX-26JUL16,neuralcaster_v2,"{'KXHIGHLAX-26JUL16-T79': 0.0009970089730807579, 'KXHIGHLAX-26JUL16-B79.5': 0.0009970089730807579, 'KXHIGHLAX-26JUL16-B81.5': 0.16586905653880937, 'KXHIGHLAX-26JUL16-B83.5': 0.649402015262957, 'KXHIGHLAX-26JUL16-B85.5': 0.1817379012789914, 'KXHIGHLAX-26JUL16-T86': 0.0009970089730807579}",2026-07-16T19:00:00+00:00
la,KXHIGHLAX-26JUL16,neuralcaster_v2,"{'KXHIGHLAX-26JUL16-T79': 0.0009970089730807579, 'KXHIGHLAX-26JUL16-B79.5': 0.0009970089730807579, 'KXHIGHLAX-26JUL16-B81.5': 0.0009970089730807579, 'KXHIGHLAX-26JUL16-B83.5': 0.581562726348189, 'KXHIGHLAX-26JUL16-B85.5': 0.39142958563605984, 'KXHIGHLAX-26JUL16-T86': 0.024016661096509073}",2026-07-16T20:00:00+00:00
la,KXHIGHLAX-26JUL16,neuralcaster_v2,"{'KXHIGHLAX-26JUL16-T79': 0.0009970089730807579, 'KXHIGHLAX-26JUL16-B79.5': 0.0009970089730807579, 'KXHIGHLAX-26JUL16-B81.5': 0.0009970089730807579, 'KXHIGHLAX-26JUL16-B83.5': 0.5824291124329279, 'KXHIGHLAX-26JUL16-B85.5': 0.39128858269858763, 'KXHIGHLAX-26JUL16-T86': 0.023291277949242337}",2026-07-16T21:00:00+00:00
la,KXHIGHLAX-26JUL16,neuralcaster_v2,"{'KXHIGHLAX-26JUL16-T79': 0.0009970089730807579, 'KXHIGHLAX-26JUL16-B79.5': 0.0009970089730807579, 'KXHIGHLAX-26JUL16-B81.5': 0.0009970089730807579, 'KXHIGHLAX-26JUL16-B83.5': 0.5820992617893023, 'KXHIGHLAX-26JUL16-B85.5': 0.39134361445645094, 'KXHIGHLAX-26JUL16-T86': 0.023566096835004637}",2026-07-16T22:00:00+00:00
la,KXHIGHLAX-26JUL16,neuralcaster_v2,"{'KXHIGHLAX-26JUL16-T79': 0.0009970089730807579, 'KXHIGHLAX-26JUL16-B79.5': 0.0009970089730807579, 'KXHIGHLAX-26JUL16-B81.5': 0.0009970089730807579, 'KXHIGHLAX-26JUL16-B83.5': 0.5819150990028905, 'KXHIGHLAX-26JUL16-B85.5': 0.39137362059001485, 'KXHIGHLAX-26JUL16-T86': 0.023720253487852436}",2026-07-16T23:00:00+00:00
la,KXHIGHLAX-26JUL16,neuralcaster_v2,"{'KXHIGHLAX-26JUL16-T79': 0.0009970089730807579, 'KXHIGHLAX-26JUL16-B79.5': 0.0009970089730807579, 'KXHIGHLAX-26JUL16-B81.5': 0.0009970089730807579, 'KXHIGHLAX-26JUL16-B83.5': 0.5820161208480245, 'KXHIGHLAX-26JUL16-B85.5': 0.3913572248922023, 'KXHIGHLAX-26JUL16-T86': 0.023635627340531054}",2026-07-17T00:00:00+00:00
la,KXHIGHLAX-26JUL16,neuralcaster_v2,"{'KXHIGHLAX-26JUL16-T79': 0.0009970089730807579, 'KXHIGHLAX-26JUL16-B79.5': 0.0009970089730807579, 'KXHIGHLAX-26JUL16-B81.5': 0.0009970089730807579, 'KXHIGHLAX-26JUL16-B83.5': 0.5858099220973161, 'KXHIGHLAX-26JUL16-B85.5': 0.39063247978236465, 'KXHIGHLAX-26JUL16-T86': 0.020566571201077105}",2026-07-17T01:00:00+00:00
la,KXHIGHLAX-26JUL16,neuralcaster_v2,"{'KXHIGHLAX-26JUL16-T79': 0.0009970089730807579, 'KXHIGHLAX-26JUL16-B79.5': 0.0009970089730807579, 'KXHIGHLAX-26JUL16-B81.5': 0.0009970089730807579, 'KXHIGHLAX-26JUL16-B83.5': 0.5867955079016127, 'KXHIGHLAX-26JUL16-B85.5': 0.3904109269075986, 'KXHIGHLAX-26JUL16-T86': 0.019802538271546506}",2026-07-17T02:00:00+00:00
la,KXHIGHLAX-26JUL16,neuralcaster_v2,"{'KXHIGHLAX-26JUL16-T79': 0.0009970089730807579, 'KXHIGHLAX-26JUL16-B79.5': 0.0009970089730807579, 'KXHIGHLAX-26JUL16-B81.5': 0.0009970089730807579, 'KXHIGHLAX-26JUL16-B83.5': 0.5870436793252489, 'KXHIGHLAX-26JUL16-B85.5': 0.39035307170413586, 'KXHIGHLAX-26JUL16-T86': 0.01961222205137305}",2026-07-17T03:00:00+00:00
la,KXHIGHLAX-26JUL16,neuralcaster_v2,"{'KXHIGHLAX-26JUL16-T79': 0.0009970089730807579, 'KXHIGHLAX-26JUL16-B79.5': 0.0009970089730807579, 'KXHIGHLAX-26JUL16-B81.5': 0.0009970089730807579, 'KXHIGHLAX-26JUL16-B83.5': 0.5870806715232058, 'KXHIGHLAX-26JUL16-B85.5': 0.39034437740320405, 'KXHIGHLAX-26JUL16-T86': 0.019583924154348085}",2026-07-17T04:00:00+00:00
la,KXHIGHLAX-26JUL16,neuralcaster_v2,"{'KXHIGHLAX-26JUL16-T79': 0.0009970089730807579, 'KXHIGHLAX-26JUL16-B79.5': 0.0009970089730807579, 'KXHIGHLAX-26JUL16-B81.5': 0.0009970089730807579, 'KXHIGHLAX-26JUL16-B83.5': 0.5870708629053006, 'KXHIGHLAX-26JUL16-B85.5': 0.3903466845058611, 'KXHIGHLAX-26JUL16-T86': 0.0195914256695961}",2026-07-17T05:00:00+00:00
la,KXHIGHLAX-26JUL16,neuralcaster_v2,"{'KXHIGHLAX-26JUL16-T79': 0.0009970089730807579, 'KXHIGHLAX-26JUL16-B79.5': 0.0009970089730807579, 'KXHIGHLAX-26JUL16-B81.5': 0.0009970089730807579, 'KXHIGHLAX-26JUL16-B83.5': 0.5870800794603307, 'KXHIGHLAX-26JUL16-B85.5': 0.39034451669972664, 'KXHIGHLAX-26JUL16-T86': 0.019584376920700464}",2026-07-17T06:00:00+00:00
la,KXHIGHLAX-26JUL16,neuralcaster_v2,"{'KXHIGHLAX-26JUL16-T79': 0.0009970089730807579, 'KXHIGHLAX-26JUL16-B79.5': 0.0009970089730807579, 'KXHIGHLAX-26JUL16-B81.5': 0.0009970089730807579, 'KXHIGHLAX-26JUL16-B83.5': 0.5870974940424551, 'KXHIGHLAX-26JUL16-B85.5': 0.3903404175644206, 'KXHIGHLAX-26JUL16-T86': 0.01957106147388209}",2026-07-17T07:00:00+00:00
mia,KXHIGHMIA-26JUL16,neuralcaster_v2,"{'KXHIGHMIA-26JUL16-T90': 0.000999000999000999, 'KXHIGHMIA-26JUL16-B90.5': 0.004508351776166453, 'KXHIGHMIA-26JUL16-B92.5': 0.15497043060807839, 'KXHIGHMIA-26JUL16-B94.5': 0.5483268041105913, 'KXHIGHMIA-26JUL16-B96.5': 0.26491032031144884, 'KXHIGHMIA-26JUL16-T97': 0.02628509219471397}",2026-07-16T05:00:00+00:00
mia,KXHIGHMIA-26JUL16,neuralcaster_v2,"{'KXHIGHMIA-26JUL16-T90': 0.000998003992015968, 'KXHIGHMIA-26JUL16-B90.5': 0.000998003992015968, 'KXHIGHMIA-26JUL16-B92.5': 0.1166309699491127, 'KXHIGHMIA-26JUL16-B94.5': 0.5283028465232359, 'KXHIGHMIA-26JUL16-B96.5': 0.31941780330203695, 'KXHIGHMIA-26JUL16-T97': 0.03365237224158254}",2026-07-16T06:00:00+00:00
mia,KXHIGHMIA-26JUL16,neuralcaster_v2,"{'KXHIGHMIA-26JUL16-T90': 0.000998003992015968, 'KXHIGHMIA-26JUL16-B90.5': 0.000998003992015968, 'KXHIGHMIA-26JUL16-B92.5': 0.10146101771267932, 'KXHIGHMIA-26JUL16-B94.5': 0.532513725608153, 'KXHIGHMIA-26JUL16-B96.5': 0.3304861872726423, 'KXHIGHMIA-26JUL16-T97': 0.033543061422493435}",2026-07-16T07:00:00+00:00
mia,KXHIGHMIA-26JUL16,neuralcaster_v2,"{'KXHIGHMIA-26JUL16-T90': 0.000998003992015968, 'KXHIGHMIA-26JUL16-B90.5': 0.000998003992015968, 'KXHIGHMIA-26JUL16-B92.5': 0.08827689340434881, 'KXHIGHMIA-26JUL16-B94.5': 0.5212037467477133, 'KXHIGHMIA-26JUL16-B96.5': 0.35307996315419066, 'KXHIGHMIA-26JUL16-T97': 0.03544338870971527}",2026-07-16T08:00:00+00:00
mia,KXHIGHMIA-26JUL16,neuralcaster_v2,"{'KXHIGHMIA-26JUL16-T90': 0.000998003992015968, 'KXHIGHMIA-26JUL16-B90.5': 0.000998003992015968, 'KXHIGHMIA-26JUL16-B92.5': 0.07884111010155526, 'KXHIGHMIA-26JUL16-B94.5': 0.5116432615321352, 'KXHIGHMIA-26JUL16-B96.5': 0.3705295404990314, 'KXHIGHMIA-26JUL16-T97': 0.036990079883246166}",2026-07-16T09:00:00+00:00
mia,KXHIGHMIA-26JUL16,neuralcaster_v2,"{'KXHIGHMIA-26JUL16-T90': 0.000998003992015968, 'KXHIGHMIA-26JUL16-B90.5': 0.000998003992015968, 'KXHIGHMIA-26JUL16-B92.5': 0.07687466360880159, 'KXHIGHMIA-26JUL16-B94.5': 0.5155385843247182, 'KXHIGHMIA-26JUL16-B96.5': 0.3697257509414242, 'KXHIGHMIA-26JUL16-T97': 0.035864993141023954}",2026-07-16T10:00:00+00:00
mia,KXHIGHMIA-26JUL16,neuralcaster_v2,"{'KXHIGHMIA-26JUL16-T90': 0.000998003992015968, 'KXHIGHMIA-26JUL16-B90.5': 0.000998003992015968, 'KXHIGHMIA-26JUL16-B92.5': 0.06623306579730426, 'KXHIGHMIA-26JUL16-B94.5': 0.5010518570625817, 'KXHIGHMIA-26JUL16-B96.5': 0.39219903367377107, 'KXHIGHMIA-26JUL16-T97': 0.038520035482311116}",2026-07-16T11:00:00+00:00
mia,KXHIGHMIA-26JUL16,neuralcaster_v2,"{'KXHIGHMIA-26JUL16-T90': 0.000998003992015968, 'KXHIGHMIA-26JUL16-B90.5': 0.000998003992015968, 'KXHIGHMIA-26JUL16-B92.5': 0.09653668545280908, 'KXHIGHMIA-26JUL16-B94.5': 0.5530444697062455, 'KXHIGHMIA-26JUL16-B96.5': 0.3201035767176793, 'KXHIGHMIA-26JUL16-T97': 0.028319260139234154}",2026-07-16T12:00:00+00:00
mia,KXHIGHMIA-26JUL16,neuralcaster_v2,"{'KXHIGHMIA-26JUL16-T90': 0.000998003992015968, 'KXHIGHMIA-26JUL16-B90.5': 0.000998003992015968, 'KXHIGHMIA-26JUL16-B92.5': 0.13669317394288238, 'KXHIGHMIA-26JUL16-B94.5': 0.5790743286632261, 'KXHIGHMIA-26JUL16-B96.5': 0.262290033677934, 'KXHIGHMIA-26JUL16-T97': 0.019946455731925588}",2026-07-16T13:00:00+00:00
mia,KXHIGHMIA-26JUL16,neuralcaster_v2,"{'KXHIGHMIA-26JUL16-T90': 0.000998003992015968, 'KXHIGHMIA-26JUL16-B90.5': 0.000998003992015968, 'KXHIGHMIA-26JUL16-B92.5': 0.14193951092482812, 'KXHIGHMIA-26JUL16-B94.5': 0.5929268715951703, 'KXHIGHMIA-26JUL16-B96.5': 0.2469168076209845, 'KXHIGHMIA-26JUL16-T97': 0.016220801874985053}",2026-07-16T14:00:00+00:00
mia,KXHIGHMIA-26JUL16,neuralcaster_v2,"{'KXHIGHMIA-26JUL16-T90': 0.000998003992015968, 'KXHIGHMIA-26JUL16-B90.5': 0.000998003992015968, 'KXHIGHMIA-26JUL16-B92.5': 0.08520115515213349, 'KXHIGHMIA-26JUL16-B94.5': 0.566113445488353, 'KXHIGHMIA-26JUL16-B96.5': 0.32254836929181513, 'KXHIGHMIA-26JUL16-T97': 0.02414102208366649}",2026-07-16T15:00:00+00:00
mia,KXHIGHMIA-26JUL16,neuralcaster_v2,"{'KXHIGHMIA-26JUL16-T90': 0.000998003992015968, 'KXHIGHMIA-26JUL16-B90.5': 0.000998003992015968, 'KXHIGHMIA-26JUL16-B92.5': 0.061564218496897506, 'KXHIGHMIA-26JUL16-B94.5': 0.5363213394131323, 'KXHIGHMIA-26JUL16-B96.5': 0.3706665348967884, 'KXHIGHMIA-26JUL16-T97': 0.029451899209149843}",2026-07-16T16:00:00+00:00
mia,KXHIGHMIA-26JUL16,neuralcaster_v2,"{'KXHIGHMIA-26JUL16-T90': 0.000998003992015968, 'KXHIGHMIA-26JUL16-B90.5': 0.000998003992015968, 'KXHIGHMIA-26JUL16-B92.5': 0.06729588414199054, 'KXHIGHMIA-26JUL16-B94.5': 0.596778367944063, 'KXHIGHMIA-26JUL16-B96.5': 0.3149614631240847, 'KXHIGHMIA-26JUL16-T97': 0.018968276805829756}",2026-07-16T17:00:00+00:00
mia,KXHIGHMIA-26JUL16,neuralcaster_v2,"{'KXHIGHMIA-26JUL16-T90': 0.000998003992015968, 'KXHIGHMIA-26JUL16-B90.5': 0.000998003992015968, 'KXHIGHMIA-26JUL16-B92.5': 0.06844959220553791, 'KXHIGHMIA-26JUL16-B94.5': 0.6083481168810192, 'KXHIGHMIA-26JUL16-B96.5': 0.30509036137505585, 'KXHIGHMIA-26JUL16-T97': 0.016115921554355074}",2026-07-16T18:00:00+00:00
mia,KXHIGHMIA-26JUL16,neuralcaster_v2,"{'KXHIGHMIA-26JUL16-T90': 0.000998003992015968, 'KXHIGHMIA-26JUL16-B90.5': 0.000998003992015968, 'KXHIGHMIA-26JUL16-B92.5': 0.06723349226293256, 'KXHIGHMIA-26JUL16-B94.5': 0.6063867295853845, 'KXHIGHMIA-26JUL16-B96.5': 0.308071389393552, 'KXHIGHMIA-26JUL16-T97': 0.016312380774098908}",2026-07-16T19:00:00+00:00
mia,KXHIGHMIA-26JUL16,neuralcaster_v2,"{'KXHIGHMIA-26JUL16-T90': 0.00099601593625498, 'KXHIGHMIA-26JUL16-B90.5': 0.00099601593625498, 'KXHIGHMIA-26JUL16-B92.5': 0.00099601593625498, 'KXHIGHMIA-26JUL16-B94.5': 0.00099601593625498, 'KXHIGHMIA-26JUL16-B96.5': 0.7349952583270742, 'KXHIGHMIA-26JUL16-T97': 0.26102067792790584}",2026-07-16T20:00:00+00:00
mia,KXHIGHMIA-26JUL16,neuralcaster_v2,"{'KXHIGHMIA-26JUL16-T90': 0.00099601593625498, 'KXHIGHMIA-26JUL16-B90.5': 0.00099601593625498, 'KXHIGHMIA-26JUL16-B92.5': 0.00099601593625498, 'KXHIGHMIA-26JUL16-B94.5': 0.00099601593625498, 'KXHIGHMIA-26JUL16-B96.5': 0.7364968109338037, 'KXHIGHMIA-26JUL16-T97': 0.25951912532117644}",2026-07-16T21:00:00+00:00
mia,KXHIGHMIA-26JUL16,neuralcaster_v2,"{'KXHIGHMIA-26JUL16-T90': 0.00099601593625498, 'KXHIGHMIA-26JUL16-B90.5': 0.00099601593625498, 'KXHIGHMIA-26JUL16-B92.5': 0.00099601593625498, 'KXHIGHMIA-26JUL16-B94.5': 0.00099601593625498, 'KXHIGHMIA-26JUL16-B96.5': 0.7370397667696623, 'KXHIGHMIA-26JUL16-T97': 0.2589761694853177}",2026-07-16T22:00:00+00:00
mia,KXHIGHMIA-26JUL16,neuralcaster_v2,"{'KXHIGHMIA-26JUL16-T90': 0.00099601593625498, 'KXHIGHMIA-26JUL16-B90.5': 0.00099601593625498, 'KXHIGHMIA-26JUL16-B92.5': 0.00099601593625498, 'KXHIGHMIA-26JUL16-B94.5': 0.00099601593625498, 'KXHIGHMIA-26JUL16-B96.5': 0.7399024215695998, 'KXHIGHMIA-26JUL16-T97': 0.25611351468538024}",2026-07-16T23:00:00+00:00
mia,KXHIGHMIA-26JUL16,neuralcaster_v2,"{'KXHIGHMIA-26JUL16-T90': 0.00099601593625498, 'KXHIGHMIA-26JUL16-B90.5': 0.00099601593625498, 'KXHIGHMIA-26JUL16-B92.5': 0.00099601593625498, 'KXHIGHMIA-26JUL16-B94.5': 0.00099601593625498, 'KXHIGHMIA-26JUL16-B96.5': 0.7406316562006812, 'KXHIGHMIA-26JUL16-T97': 0.255384280054299}",2026-07-17T00:00:00+00:00
mia,KXHIGHMIA-26JUL16,neuralcaster_v2,"{'KXHIGHMIA-26JUL16-T90': 0.00099601593625498, 'KXHIGHMIA-26JUL16-B90.5': 0.00099601593625498, 'KXHIGHMIA-26JUL16-B92.5': 0.00099601593625498, 'KXHIGHMIA-26JUL16-B94.5': 0.00099601593625498, 'KXHIGHMIA-26JUL16-B96.5': 0.7406316562006812, 'KXHIGHMIA-26JUL16-T97': 0.255384280054299}",2026-07-17T01:00:00+00:00
mia,KXHIGHMIA-26JUL16,neuralcaster_v2,"{'KXHIGHMIA-26JUL16-T90': 0.00099601593625498, 'KXHIGHMIA-26JUL16-B90.5': 0.00099601593625498, 'KXHIGHMIA-26JUL16-B92.5': 0.00099601593625498, 'KXHIGHMIA-26JUL16-B94.5': 0.00099601593625498, 'KXHIGHMIA-26JUL16-B96.5': 0.7406316562006812, 'KXHIGHMIA-26JUL16-T97': 0.255384280054299}",2026-07-17T02:00:00+00:00
mia,KXHIGHMIA-26JUL16,neuralcaster_v2,"{'KXHIGHMIA-26JUL16-T90': 0.00099601593625498, 'KXHIGHMIA-26JUL16-B90.5': 0.00099601593625498, 'KXHIGHMIA-26JUL16-B92.5': 0.00099601593625498, 'KXHIGHMIA-26JUL16-B94.5': 0.00099601593625498, 'KXHIGHMIA-26JUL16-B96.5': 0.7406316562006812, 'KXHIGHMIA-26JUL16-T97': 0.255384280054299}",2026-07-17T03:00:00+00:00
mia,KXHIGHMIA-26JUL16,neuralcaster_v2,"{'KXHIGHMIA-26JUL16-T90': 0.00099601593625498, 'KXHIGHMIA-26JUL16-B90.5': 0.00099601593625498, 'KXHIGHMIA-26JUL16-B92.5': 0.00099601593625498, 'KXHIGHMIA-26JUL16-B94.5': 0.00099601593625498, 'KXHIGHMIA-26JUL16-B96.5': 0.7406316562006812, 'KXHIGHMIA-26JUL16-T97': 0.255384280054299}",2026-07-17T04:00:00+00:00
nyc,KXHIGHNY-26JUL16,neuralcaster_v2,"{'KXHIGHNY-26JUL16-T89': 0.0485530795697755, 'KXHIGHNY-26JUL16-B89.5': 0.36288707721782, 'KXHIGHNY-26JUL16-B91.5': 0.46754303139309067, 'KXHIGHNY-26JUL16-B93.5': 0.11531419060473301, 'KXHIGHNY-26JUL16-B95.5': 0.004703620215579756, 'KXHIGHNY-26JUL16-T96': 0.000999000999000999}",2026-07-16T05:00:00+00:00
nyc,KXHIGHNY-26JUL16,neuralcaster_v2,"{'KXHIGHNY-26JUL16-T89': 0.054448175003978375, 'KXHIGHNY-26JUL16-B89.5': 0.3761127439372148, 'KXHIGHNY-26JUL16-B91.5': 0.4582419759746893, 'KXHIGHNY-26JUL16-B93.5': 0.1067736106704742, 'KXHIGHNY-26JUL16-B95.5': 0.0034244934146424343, 'KXHIGHNY-26JUL16-T96': 0.0009990009990009992}",2026-07-16T06:00:00+00:00
nyc,KXHIGHNY-26JUL16,neuralcaster_v2,"{'KXHIGHNY-26JUL16-T89': 0.06560311599534474, 'KXHIGHNY-26JUL16-B89.5': 0.3766687134300668, 'KXHIGHNY-26JUL16-B91.5': 0.4421298379576379, 'KXHIGHNY-26JUL16-B93.5': 0.1081086421912271, 'KXHIGHNY-26JUL16-B95.5': 0.006490689426722582, 'KXHIGHNY-26JUL16-T96': 0.0009990009990009992}",2026-07-16T07:00:00+00:00
nyc,KXHIGHNY-26JUL16,neuralcaster_v2,"{'KXHIGHNY-26JUL16-T89': 0.06485854278480091, 'KXHIGHNY-26JUL16-B89.5': 0.3739221683117388, 'KXHIGHNY-26JUL16-B91.5': 0.44231046898698756, 'KXHIGHNY-26JUL16-B93.5': 0.11062467833451156, 'KXHIGHNY-26JUL16-B95.5': 0.007285140582960202, 'KXHIGHNY-26JUL16-T96': 0.0009990009990009992}",2026-07-16T08:00:00+00:00
nyc,KXHIGHNY-26JUL16,neuralcaster_v2,"{'KXHIGHNY-26JUL16-T89': 0.06752965334284237, 'KXHIGHNY-26JUL16-B89.5': 0.3864227954967034, 'KXHIGHNY-26JUL16-B91.5': 0.4425368596795667, 'KXHIGHNY-26JUL16-B93.5': 0.09905289440786309, 'KXHIGHNY-26JUL16-B95.5': 0.0034587960740235244, 'KXHIGHNY-26JUL16-T96': 0.0009990009990009992}",2026-07-16T09:00:00+00:00
nyc,KXHIGHNY-26JUL16,neuralcaster_v2,"{'KXHIGHNY-26JUL16-T89': 0.07193332790034643, 'KXHIGHNY-26JUL16-B89.5': 0.40603394559715694, 'KXHIGHNY-26JUL16-B91.5': 0.43248090800427325, 'KXHIGHNY-26JUL16-B93.5': 0.08755581051419144, 'KXHIGHNY-26JUL16-B95.5': 0.000998003992015968, 'KXHIGHNY-26JUL16-T96': 0.000998003992015968}",2026-07-16T10:00:00+00:00
nyc,KXHIGHNY-26JUL16,neuralcaster_v2,"{'KXHIGHNY-26JUL16-T89': 0.049643758792608336, 'KXHIGHNY-26JUL16-B89.5': 0.3777847911786819, 'KXHIGHNY-26JUL16-B91.5': 0.46691535472975315, 'KXHIGHNY-26JUL16-B93.5': 0.10365811410050932, 'KXHIGHNY-26JUL16-B95.5': 0.0009989905992235963, 'KXHIGHNY-26JUL16-T96': 0.0009989905992235963}",2026-07-16T11:00:00+00:00
nyc,KXHIGHNY-26JUL16,neuralcaster_v2,"{'KXHIGHNY-26JUL16-T89': 0.07733332129023567, 'KXHIGHNY-26JUL16-B89.5': 0.43288432771255364, 'KXHIGHNY-26JUL16-B91.5': 0.4187828841124733, 'KXHIGHNY-26JUL16-B93.5': 0.06900345890070547, 'KXHIGHNY-26JUL16-B95.5': 0.000998003992015968, 'KXHIGHNY-26JUL16-T96': 0.000998003992015968}",2026-07-16T12:00:00+00:00
nyc,KXHIGHNY-26JUL16,neuralcaster_v2,"{'KXHIGHNY-26JUL16-T89': 0.16159673086160897, 'KXHIGHNY-26JUL16-B89.5': 0.5120670380551345, 'KXHIGHNY-26JUL16-B91.5': 0.2894409216485924, 'KXHIGHNY-26JUL16-B93.5': 0.03489930145063211, 'KXHIGHNY-26JUL16-B95.5': 0.000998003992015968, 'KXHIGHNY-26JUL16-T96': 0.000998003992015968}",2026-07-16T13:00:00+00:00
nyc,KXHIGHNY-26JUL16,neuralcaster_v2,"{'KXHIGHNY-26JUL16-T89': 0.19037914468281544, 'KXHIGHNY-26JUL16-B89.5': 0.5327003334472926, 'KXHIGHNY-26JUL16-B91.5': 0.24685430605482625, 'KXHIGHNY-26JUL16-B93.5': 0.028070207831033842, 'KXHIGHNY-26JUL16-B95.5': 0.000998003992015968, 'KXHIGHNY-26JUL16-T96': 0.000998003992015968}",2026-07-16T14:00:00+00:00
nyc,KXHIGHNY-26JUL16,neuralcaster_v2,"{'KXHIGHNY-26JUL16-T89': 0.2006704172011017, 'KXHIGHNY-26JUL16-B89.5': 0.5460327209985029, 'KXHIGHNY-26JUL16-B91.5': 0.22713633673702807, 'KXHIGHNY-26JUL16-B93.5': 0.024164517079335385, 'KXHIGHNY-26JUL16-B95.5': 0.000998003992015968, 'KXHIGHNY-26JUL16-T96': 0.000998003992015968}",2026-07-16T15:00:00+00:00
nyc,KXHIGHNY-26JUL16,neuralcaster_v2,"{'KXHIGHNY-26JUL16-T89': 0.31089522344266285, 'KXHIGHNY-26JUL16-B89.5': 0.540132176357601, 'KXHIGHNY-26JUL16-B91.5': 0.1445776018610034, 'KXHIGHNY-26JUL16-B93.5': 0.002398990354700705, 'KXHIGHNY-26JUL16-B95.5': 0.000998003992015968, 'KXHIGHNY-26JUL16-T96': 0.000998003992015968}",2026-07-16T16:00:00+00:00
nyc,KXHIGHNY-26JUL16,neuralcaster_v2,"{'KXHIGHNY-26JUL16-T89': 0.4609443171988981, 'KXHIGHNY-26JUL16-B89.5': 0.4759452097051345, 'KXHIGHNY-26JUL16-B91.5': 0.06011944617672524, 'KXHIGHNY-26JUL16-B93.5': 0.0009970089730807579, 'KXHIGHNY-26JUL16-B95.5': 0.0009970089730807579, 'KXHIGHNY-26JUL16-T96': 0.0009970089730807579}",2026-07-16T17:00:00+00:00
nyc,KXHIGHNY-26JUL16,neuralcaster_v2,"{'KXHIGHNY-26JUL16-T89': 0.522075640008998, 'KXHIGHNY-26JUL16-B89.5': 0.43121545636481934, 'KXHIGHNY-26JUL16-B91.5': 0.043717876706940516, 'KXHIGHNY-26JUL16-B93.5': 0.0009970089730807579, 'KXHIGHNY-26JUL16-B95.5': 0.0009970089730807579, 'KXHIGHNY-26JUL16-T96': 0.0009970089730807579}",2026-07-16T18:00:00+00:00
nyc,KXHIGHNY-26JUL16,neuralcaster_v2,"{'KXHIGHNY-26JUL16-T89': 0.5287803779964172, 'KXHIGHNY-26JUL16-B89.5': 0.4259660668754761, 'KXHIGHNY-26JUL16-B91.5': 0.04226252820886456, 'KXHIGHNY-26JUL16-B93.5': 0.0009970089730807579, 'KXHIGHNY-26JUL16-B95.5': 0.0009970089730807579, 'KXHIGHNY-26JUL16-T96': 0.0009970089730807579}",2026-07-16T19:00:00+00:00
nyc,KXHIGHNY-26JUL16,neuralcaster_v2,"{'KXHIGHNY-26JUL16-T89': 0.5263768458835473, 'KXHIGHNY-26JUL16-B89.5': 0.4303354234583095, 'KXHIGHNY-26JUL16-B91.5': 0.04029670373890108, 'KXHIGHNY-26JUL16-B93.5': 0.0009970089730807579, 'KXHIGHNY-26JUL16-B95.5': 0.0009970089730807579, 'KXHIGHNY-26JUL16-T96': 0.0009970089730807579}",2026-07-16T20:00:00+00:00
nyc,KXHIGHNY-26JUL16,neuralcaster_v2,"{'KXHIGHNY-26JUL16-T89': 0.6238622834078138, 'KXHIGHNY-26JUL16-B89.5': 0.3451899281527361, 'KXHIGHNY-26JUL16-B91.5': 0.027956761520207946, 'KXHIGHNY-26JUL16-B93.5': 0.0009970089730807579, 'KXHIGHNY-26JUL16-B95.5': 0.0009970089730807579, 'KXHIGHNY-26JUL16-T96': 0.0009970089730807579}",2026-07-16T21:00:00+00:00
nyc,KXHIGHNY-26JUL16,neuralcaster_v2,"{'KXHIGHNY-26JUL16-T89': 0.6434369178362536, 'KXHIGHNY-26JUL16-B89.5': 0.3286410054233306, 'KXHIGHNY-26JUL16-B91.5': 0.02493104982117372, 'KXHIGHNY-26JUL16-B93.5': 0.0009970089730807579, 'KXHIGHNY-26JUL16-B95.5': 0.0009970089730807579, 'KXHIGHNY-26JUL16-T96': 0.0009970089730807579}",2026-07-16T22:00:00+00:00
nyc,KXHIGHNY-26JUL16,neuralcaster_v2,"{'KXHIGHNY-26JUL16-T89': 0.7030250941528732, 'KXHIGHNY-26JUL16-B89.5': 0.27711599655663055, 'KXHIGHNY-26JUL16-B91.5': 0.01686788237125411, 'KXHIGHNY-26JUL16-B93.5': 0.0009970089730807579, 'KXHIGHNY-26JUL16-B95.5': 0.0009970089730807579, 'KXHIGHNY-26JUL16-T96': 0.0009970089730807579}",2026-07-16T23:00:00+00:00
nyc,KXHIGHNY-26JUL16,neuralcaster_v2,"{'KXHIGHNY-26JUL16-T89': 0.9487169511510454, 'KXHIGHNY-26JUL16-B89.5': 0.047298985103934744, 'KXHIGHNY-26JUL16-B91.5': 0.00099601593625498, 'KXHIGHNY-26JUL16-B93.5': 0.00099601593625498, 'KXHIGHNY-26JUL16-B95.5': 0.00099601593625498, 'KXHIGHNY-26JUL16-T96': 0.00099601593625498}",2026-07-17T00:00:00+00:00
nyc,KXHIGHNY-26JUL16,neuralcaster_v2,"{'KXHIGHNY-26JUL16-T89': 0.9661036656177135, 'KXHIGHNY-26JUL16-B89.5': 0.02991227063726649, 'KXHIGHNY-26JUL16-B91.5': 0.00099601593625498, 'KXHIGHNY-26JUL16-B93.5': 0.00099601593625498, 'KXHIGHNY-26JUL16-B95.5': 0.00099601593625498, 'KXHIGHNY-26JUL16-T96': 0.00099601593625498}",2026-07-17T01:00:00+00:00
nyc,KXHIGHNY-26JUL16,neuralcaster_v2,"{'KXHIGHNY-26JUL16-T89': 0.9673592400487422, 'KXHIGHNY-26JUL16-B89.5': 0.028656696206237935, 'KXHIGHNY-26JUL16-B91.5': 0.00099601593625498, 'KXHIGHNY-26JUL16-B93.5': 0.00099601593625498, 'KXHIGHNY-26JUL16-B95.5': 0.00099601593625498, 'KXHIGHNY-26JUL16-T96': 0.00099601593625498}",2026-07-17T02:00:00+00:00
nyc,KXHIGHNY-26JUL16,neuralcaster_v2,"{'KXHIGHNY-26JUL16-T89': 0.9688897730132062, 'KXHIGHNY-26JUL16-B89.5': 0.027126163241773842, 'KXHIGHNY-26JUL16-B91.5': 0.00099601593625498, 'KXHIGHNY-26JUL16-B93.5': 0.00099601593625498, 'KXHIGHNY-26JUL16-B95.5': 0.00099601593625498, 'KXHIGHNY-26JUL16-T96': 0.00099601593625498}",2026-07-17T03:00:00+00:00
nyc,KXHIGHNY-26JUL16,neuralcaster_v2,"{'KXHIGHNY-26JUL16-T89': 0.9694781012112281, 'KXHIGHNY-26JUL16-B89.5': 0.026537835043751946, 'KXHIGHNY-26JUL16-B91.5': 0.00099601593625498, 'KXHIGHNY-26JUL16-B93.5': 0.00099601593625498, 'KXHIGHNY-26JUL16-B95.5': 0.00099601593625498, 'KXHIGHNY-26JUL16-T96': 0.00099601593625498}",2026-07-17T04:00:00+00:00
okc,KXHIGHTOKC-26JUL16,neuralcaster_v2,"{'KXHIGHTOKC-26JUL16-T88': 0.6430197926156432, 'KXHIGHTOKC-26JUL16-B88.5': 0.3145568706220196, 'KXHIGHTOKC-26JUL16-B90.5': 0.03943230984309506, 'KXHIGHTOKC-26JUL16-B92.5': 0.0009970089730807579, 'KXHIGHTOKC-26JUL16-B94.5': 0.0009970089730807579, 'KXHIGHTOKC-26JUL16-T95': 0.0009970089730807579}",2026-07-16T06:00:00+00:00
okc,KXHIGHTOKC-26JUL16,neuralcaster_v2,"{'KXHIGHTOKC-26JUL16-T88': 0.6764377451187876, 'KXHIGHTOKC-26JUL16-B88.5': 0.28011419985474983, 'KXHIGHTOKC-26JUL16-B90.5': 0.04045702810722039, 'KXHIGHTOKC-26JUL16-B92.5': 0.0009970089730807579, 'KXHIGHTOKC-26JUL16-B94.5': 0.0009970089730807579, 'KXHIGHTOKC-26JUL16-T95': 0.0009970089730807579}",2026-07-16T07:00:00+00:00
okc,KXHIGHTOKC-26JUL16,neuralcaster_v2,"{'KXHIGHTOKC-26JUL16-T88': 0.681310079251018, 'KXHIGHTOKC-26JUL16-B88.5': 0.2750498134264203, 'KXHIGHTOKC-26JUL16-B90.5': 0.04064908040331949, 'KXHIGHTOKC-26JUL16-B92.5': 0.0009970089730807579, 'KXHIGHTOKC-26JUL16-B94.5': 0.0009970089730807579, 'KXHIGHTOKC-26JUL16-T95': 0.0009970089730807579}",2026-07-16T08:00:00+00:00
okc,KXHIGHTOKC-26JUL16,neuralcaster_v2,"{'KXHIGHTOKC-26JUL16-T88': 0.6162271761941048, 'KXHIGHTOKC-26JUL16-B88.5': 0.3338104455163755, 'KXHIGHTOKC-26JUL16-B90.5': 0.046971351370277574, 'KXHIGHTOKC-26JUL16-B92.5': 0.0009970089730807579, 'KXHIGHTOKC-26JUL16-B94.5': 0.0009970089730807579, 'KXHIGHTOKC-26JUL16-T95': 0.0009970089730807579}",2026-07-16T09:00:00+00:00
okc,KXHIGHTOKC-26JUL16,neuralcaster_v2,"{'KXHIGHTOKC-26JUL16-T88': 0.7088945875302899, 'KXHIGHTOKC-26JUL16-B88.5': 0.25345094639824123, 'KXHIGHTOKC-26JUL16-B90.5': 0.03466343915222669, 'KXHIGHTOKC-26JUL16-B92.5': 0.0009970089730807579, 'KXHIGHTOKC-26JUL16-B94.5': 0.0009970089730807579, 'KXHIGHTOKC-26JUL16-T95': 0.0009970089730807579}",2026-07-16T10:00:00+00:00
okc,KXHIGHTOKC-26JUL16,neuralcaster_v2,"{'KXHIGHTOKC-26JUL16-T88': 0.742584761987362, 'KXHIGHTOKC-26JUL16-B88.5': 0.22458734470400085, 'KXHIGHTOKC-26JUL16-B90.5': 0.02983686638939497, 'KXHIGHTOKC-26JUL16-B92.5': 0.0009970089730807579, 'KXHIGHTOKC-26JUL16-B94.5': 0.0009970089730807579, 'KXHIGHTOKC-26JUL16-T95': 0.0009970089730807579}",2026-07-16T11:00:00+00:00
okc,KXHIGHTOKC-26JUL16,neuralcaster_v2,"{'KXHIGHTOKC-26JUL16-T88': 0.7746408806999492, 'KXHIGHTOKC-26JUL16-B88.5': 0.19878882644979665, 'KXHIGHTOKC-26JUL16-B90.5': 0.023579265931011957, 'KXHIGHTOKC-26JUL16-B92.5': 0.0009970089730807579, 'KXHIGHTOKC-26JUL16-B94.5': 0.0009970089730807579, 'KXHIGHTOKC-26JUL16-T95': 0.0009970089730807579}",2026-07-16T12:00:00+00:00
okc,KXHIGHTOKC-26JUL16,neuralcaster_v2,"{'KXHIGHTOKC-26JUL16-T88': 0.8029561622536628, 'KXHIGHTOKC-26JUL16-B88.5': 0.1770182760452002, 'KXHIGHTOKC-26JUL16-B90.5': 0.01703453478189476, 'KXHIGHTOKC-26JUL16-B92.5': 0.0009970089730807579, 'KXHIGHTOKC-26JUL16-B94.5': 0.0009970089730807579, 'KXHIGHTOKC-26JUL16-T95': 0.0009970089730807579}",2026-07-16T13:00:00+00:00
okc,KXHIGHTOKC-26JUL16,neuralcaster_v2,"{'KXHIGHTOKC-26JUL16-T88': 0.8285447014675057, 'KXHIGHTOKC-26JUL16-B88.5': 0.15680086795585801, 'KXHIGHTOKC-26JUL16-B90.5': 0.011663403657394171, 'KXHIGHTOKC-26JUL16-B92.5': 0.0009970089730807579, 'KXHIGHTOKC-26JUL16-B94.5': 0.0009970089730807579, 'KXHIGHTOKC-26JUL16-T95': 0.0009970089730807579}",2026-07-16T14:00:00+00:00
okc,KXHIGHTOKC-26JUL16,neuralcaster_v2,"{'KXHIGHTOKC-26JUL16-T88': 0.8507645919093706, 'KXHIGHTOKC-26JUL16-B88.5': 0.1420614162023772, 'KXHIGHTOKC-26JUL16-B90.5': 0.004182964969010114, 'KXHIGHTOKC-26JUL16-B92.5': 0.0009970089730807579, 'KXHIGHTOKC-26JUL16-B94.5': 0.0009970089730807579, 'KXHIGHTOKC-26JUL16-T95': 0.0009970089730807579}",2026-07-16T15:00:00+00:00
okc,KXHIGHTOKC-26JUL16,neuralcaster_v2,"{'KXHIGHTOKC-26JUL16-T88': 0.7444176422088679, 'KXHIGHTOKC-26JUL16-B88.5': 0.23284083597350966, 'KXHIGHTOKC-26JUL16-B90.5': 0.019750494898380284, 'KXHIGHTOKC-26JUL16-B92.5': 0.0009970089730807579, 'KXHIGHTOKC-26JUL16-B94.5': 0.0009970089730807579, 'KXHIGHTOKC-26JUL16-T95': 0.0009970089730807579}",2026-07-16T16:00:00+00:00
okc,KXHIGHTOKC-26JUL16,neuralcaster_v2,"{'KXHIGHTOKC-26JUL16-T88': 0.7194603274496378, 'KXHIGHTOKC-26JUL16-B88.5': 0.2600712074474273, 'KXHIGHTOKC-26JUL16-B90.5': 0.01747743818369265, 'KXHIGHTOKC-26JUL16-B92.5': 0.0009970089730807579, 'KXHIGHTOKC-26JUL16-B94.5': 0.0009970089730807579, 'KXHIGHTOKC-26JUL16-T95': 0.0009970089730807579}",2026-07-16T17:00:00+00:00
okc,KXHIGHTOKC-26JUL16,neuralcaster_v2,"{'KXHIGHTOKC-26JUL16-T88': 0.7971620222853609, 'KXHIGHTOKC-26JUL16-B88.5': 0.1988514361351335, 'KXHIGHTOKC-26JUL16-B90.5': 0.000996635394876384, 'KXHIGHTOKC-26JUL16-B92.5': 0.000996635394876384, 'KXHIGHTOKC-26JUL16-B94.5': 0.000996635394876384, 'KXHIGHTOKC-26JUL16-T95': 0.000996635394876384}",2026-07-16T18:00:00+00:00
okc,KXHIGHTOKC-26JUL16,neuralcaster_v2,"{'KXHIGHTOKC-26JUL16-T88': 0.7902511352459562, 'KXHIGHTOKC-26JUL16-B88.5': 0.20566028447677842, 'KXHIGHTOKC-26JUL16-B90.5': 0.0010975533580231652, 'KXHIGHTOKC-26JUL16-B92.5': 0.0009970089730807579, 'KXHIGHTOKC-26JUL16-B94.5': 0.0009970089730807579, 'KXHIGHTOKC-26JUL16-T95': 0.0009970089730807579}",2026-07-16T19:00:00+00:00
okc,KXHIGHTOKC-26JUL16,neuralcaster_v2,"{'KXHIGHTOKC-26JUL16-T88': 0.7910137617824933, 'KXHIGHTOKC-26JUL16-B88.5': 0.20500122219079392, 'KXHIGHTOKC-26JUL16-B90.5': 0.0009962540066782068, 'KXHIGHTOKC-26JUL16-B92.5': 0.0009962540066782068, 'KXHIGHTOKC-26JUL16-B94.5': 0.0009962540066782068, 'KXHIGHTOKC-26JUL16-T95': 0.0009962540066782068}",2026-07-16T20:00:00+00:00
okc,KXHIGHTOKC-26JUL16,neuralcaster_v2,"{'KXHIGHTOKC-26JUL16-T88': 0.8164716187414335, 'KXHIGHTOKC-26JUL16-B88.5': 0.1795443175135466, 'KXHIGHTOKC-26JUL16-B90.5': 0.00099601593625498, 'KXHIGHTOKC-26JUL16-B92.5': 0.00099601593625498, 'KXHIGHTOKC-26JUL16-B94.5': 0.00099601593625498, 'KXHIGHTOKC-26JUL16-T95': 0.00099601593625498}",2026-07-16T21:00:00+00:00
okc,KXHIGHTOKC-26JUL16,neuralcaster_v2,"{'KXHIGHTOKC-26JUL16-T88': 0.850709021271258, 'KXHIGHTOKC-26JUL16-B88.5': 0.145306914983722, 'KXHIGHTOKC-26JUL16-B90.5': 0.00099601593625498, 'KXHIGHTOKC-26JUL16-B92.5': 0.00099601593625498, 'KXHIGHTOKC-26JUL16-B94.5': 0.00099601593625498, 'KXHIGHTOKC-26JUL16-T95': 0.00099601593625498}",2026-07-16T22:00:00+00:00
okc,KXHIGHTOKC-26JUL16,neuralcaster_v2,"{'KXHIGHTOKC-26JUL16-T88': 0.9164297925986228, 'KXHIGHTOKC-26JUL16-B88.5': 0.0795861436563573, 'KXHIGHTOKC-26JUL16-B90.5': 0.00099601593625498, 'KXHIGHTOKC-26JUL16-B92.5': 0.00099601593625498, 'KXHIGHTOKC-26JUL16-B94.5': 0.00099601593625498, 'KXHIGHTOKC-26JUL16-T95': 0.00099601593625498}",2026-07-16T23:00:00+00:00
okc,KXHIGHTOKC-26JUL16,neuralcaster_v2,"{'KXHIGHTOKC-26JUL16-T88': 0.9169725902033872, 'KXHIGHTOKC-26JUL16-B88.5': 0.07904334605159295, 'KXHIGHTOKC-26JUL16-B90.5': 0.00099601593625498, 'KXHIGHTOKC-26JUL16-B92.5': 0.00099601593625498, 'KXHIGHTOKC-26JUL16-B94.5': 0.00099601593625498, 'KXHIGHTOKC-26JUL16-T95': 0.00099601593625498}",2026-07-17T00:00:00+00:00
okc,KXHIGHTOKC-26JUL16,neuralcaster_v2,"{'KXHIGHTOKC-26JUL16-T88': 0.9174266092427471, 'KXHIGHTOKC-26JUL16-B88.5': 0.078589327012233, 'KXHIGHTOKC-26JUL16-B90.5': 0.00099601593625498, 'KXHIGHTOKC-26JUL16-B92.5': 0.00099601593625498, 'KXHIGHTOKC-26JUL16-B94.5': 0.00099601593625498, 'KXHIGHTOKC-26JUL16-T95': 0.00099601593625498}",2026-07-17T01:00:00+00:00
okc,KXHIGHTOKC-26JUL16,neuralcaster_v2,"{'KXHIGHTOKC-26JUL16-T88': 0.9208895085510542, 'KXHIGHTOKC-26JUL16-B88.5': 0.0751264277039259, 'KXHIGHTOKC-26JUL16-B90.5': 0.00099601593625498, 'KXHIGHTOKC-26JUL16-B92.5': 0.00099601593625498, 'KXHIGHTOKC-26JUL16-B94.5': 0.00099601593625498, 'KXHIGHTOKC-26JUL16-T95': 0.00099601593625498}",2026-07-17T02:00:00+00:00
okc,KXHIGHTOKC-26JUL16,neuralcaster_v2,"{'KXHIGHTOKC-26JUL16-T88': 0.9220139015458929, 'KXHIGHTOKC-26JUL16-B88.5': 0.07400203470908717, 'KXHIGHTOKC-26JUL16-B90.5': 0.00099601593625498, 'KXHIGHTOKC-26JUL16-B92.5': 0.00099601593625498, 'KXHIGHTOKC-26JUL16-B94.5': 0.00099601593625498, 'KXHIGHTOKC-26JUL16-T95': 0.00099601593625498}",2026-07-17T03:00:00+00:00
okc,KXHIGHTOKC-26JUL16,neuralcaster_v2,"{'KXHIGHTOKC-26JUL16-T88': 0.9223184244318386, 'KXHIGHTOKC-26JUL16-B88.5': 0.07369751182314148, 'KXHIGHTOKC-26JUL16-B90.5': 0.00099601593625498, 'KXHIGHTOKC-26JUL16-B92.5': 0.00099601593625498, 'KXHIGHTOKC-26JUL16-B94.5': 0.00099601593625498, 'KXHIGHTOKC-26JUL16-T95': 0.00099601593625498}",2026-07-17T04:00:00+00:00
okc,KXHIGHTOKC-26JUL16,neuralcaster_v2,"{'KXHIGHTOKC-26JUL16-T88': 0.9222752876735627, 'KXHIGHTOKC-26JUL16-B88.5': 0.07374064858141742, 'KXHIGHTOKC-26JUL16-B90.5': 0.00099601593625498, 'KXHIGHTOKC-26JUL16-B92.5': 0.00099601593625498, 'KXHIGHTOKC-26JUL16-B94.5': 0.00099601593625498, 'KXHIGHTOKC-26JUL16-T95': 0.00099601593625498}",2026-07-17T05:00:00+00:00
