absolute_error_f,actual_high_f,brier,checkpoint,city,city_day,error_f,event_ticker,log_loss,metric_type,model_name,predicted_high_f,rps,snapshot_hour_utc,target_date,top_one_accuracy,top_probability,top_ticker,winner_probability,winner_ticker,within_1f,within_2f,within_one_bracket
0.7999999999999972,96.0,,t_plus_22h,aus,aus:2026-07-01,0.7999999999999972,KXHIGHAUS-26JUL01,,temperature,raycaster_cloudcaster,96.8,,2026-07-02T04:00:00+00:00,2026-07-01,,,,,,1.0,1.0,
0.7999999999999972,96.0,,t_plus_23h,aus,aus:2026-07-01,0.7999999999999972,KXHIGHAUS-26JUL01,,temperature,raycaster_cloudcaster,96.8,,2026-07-02T05:00:00+00:00,2026-07-01,,,,,,1.0,1.0,
0.5999999999999943,89.0,,t_plus_21h,den,den:2026-07-01,0.5999999999999943,KXHIGHDEN-26JUL01,,temperature,raycaster_cloudcaster,89.6,,2026-07-02T04:00:00+00:00,2026-07-01,,,,,,1.0,1.0,
0.5999999999999943,89.0,,t_plus_22h,den,den:2026-07-01,0.5999999999999943,KXHIGHDEN-26JUL01,,temperature,raycaster_cloudcaster,89.6,,2026-07-02T05:00:00+00:00,2026-07-01,,,,,,1.0,1.0,
0.5999999999999943,89.0,,t_plus_23h,den,den:2026-07-01,0.5999999999999943,KXHIGHDEN-26JUL01,,temperature,raycaster_cloudcaster,89.6,,2026-07-02T06:00:00+00:00,2026-07-01,,,,,,1.0,1.0,
0.5999999999999943,71.0,,t_plus_20h,la,la:2026-07-01,0.5999999999999943,KXHIGHLAX-26JUL01,,temperature,raycaster_cloudcaster,71.6,,2026-07-02T04:00:00+00:00,2026-07-01,,,,,,1.0,1.0,
0.5999999999999943,71.0,,t_plus_21h,la,la:2026-07-01,0.5999999999999943,KXHIGHLAX-26JUL01,,temperature,raycaster_cloudcaster,71.6,,2026-07-02T05:00:00+00:00,2026-07-01,,,,,,1.0,1.0,
0.5999999999999943,71.0,,t_plus_22h,la,la:2026-07-01,0.5999999999999943,KXHIGHLAX-26JUL01,,temperature,raycaster_cloudcaster,71.6,,2026-07-02T06:00:00+00:00,2026-07-01,,,,,,1.0,1.0,
0.5999999999999943,71.0,,t_plus_23h,la,la:2026-07-01,0.5999999999999943,KXHIGHLAX-26JUL01,,temperature,raycaster_cloudcaster,71.6,,2026-07-02T07:00:00+00:00,2026-07-01,,,,,,1.0,1.0,
0.20000000000000284,93.0,,t_plus_23h,mia,mia:2026-07-01,0.20000000000000284,KXHIGHMIA-26JUL01,,temperature,raycaster_cloudcaster,93.2,,2026-07-02T04:00:00+00:00,2026-07-01,,,,,,1.0,1.0,
1.9599999999999937,93.0,,t_plus_23h,nyc,nyc:2026-07-01,-1.9599999999999937,KXHIGHNY-26JUL01,,temperature,raycaster_cloudcaster,91.04,,2026-07-02T04:00:00+00:00,2026-07-01,,,,,,0.0,1.0,
0.5999999999999943,92.0,,t_plus_22h,okc,okc:2026-07-01,-0.5999999999999943,KXHIGHTOKC-26JUL01,,temperature,raycaster_cloudcaster,91.4,,2026-07-02T04:00:00+00:00,2026-07-01,,,,,,1.0,1.0,
0.5999999999999943,92.0,,t_plus_23h,okc,okc:2026-07-01,-0.5999999999999943,KXHIGHTOKC-26JUL01,,temperature,raycaster_cloudcaster,91.4,,2026-07-02T05:00:00+00:00,2026-07-01,,,,,,1.0,1.0,
0.7999999999999972,96.0,,t_plus_0h,aus,aus:2026-07-02,-0.7999999999999972,KXHIGHAUS-26JUL02,,temperature,raycaster_cloudcaster,95.2,,2026-07-02T06:00:00+00:00,2026-07-02,,,,,,1.0,1.0,
0.7999999999999972,96.0,,t_plus_1h,aus,aus:2026-07-02,-0.7999999999999972,KXHIGHAUS-26JUL02,,temperature,raycaster_cloudcaster,95.2,,2026-07-02T07:00:00+00:00,2026-07-02,,,,,,1.0,1.0,
0.7999999999999972,96.0,,t_plus_2h,aus,aus:2026-07-02,-0.7999999999999972,KXHIGHAUS-26JUL02,,temperature,raycaster_cloudcaster,95.2,,2026-07-02T08:00:00+00:00,2026-07-02,,,,,,1.0,1.0,
0.75,96.0,,t_plus_3h,aus,aus:2026-07-02,-0.75,KXHIGHAUS-26JUL02,,temperature,raycaster_cloudcaster,95.25,,2026-07-02T09:00:00+00:00,2026-07-02,,,,,,1.0,1.0,
0.75,96.0,,t_plus_4h,aus,aus:2026-07-02,-0.75,KXHIGHAUS-26JUL02,,temperature,raycaster_cloudcaster,95.25,,2026-07-02T10:00:00+00:00,2026-07-02,,,,,,1.0,1.0,
0.7999999999999972,96.0,,t_plus_5h,aus,aus:2026-07-02,-0.7999999999999972,KXHIGHAUS-26JUL02,,temperature,raycaster_cloudcaster,95.2,,2026-07-02T11:00:00+00:00,2026-07-02,,,,,,1.0,1.0,
0.7999999999999972,96.0,,t_plus_6h,aus,aus:2026-07-02,-0.7999999999999972,KXHIGHAUS-26JUL02,,temperature,raycaster_cloudcaster,95.2,,2026-07-02T12:00:00+00:00,2026-07-02,,,,,,1.0,1.0,
0.7999999999999972,96.0,,t_plus_7h,aus,aus:2026-07-02,-0.7999999999999972,KXHIGHAUS-26JUL02,,temperature,raycaster_cloudcaster,95.2,,2026-07-02T13:00:00+00:00,2026-07-02,,,,,,1.0,1.0,
0.7999999999999972,96.0,,t_plus_8h,aus,aus:2026-07-02,-0.7999999999999972,KXHIGHAUS-26JUL02,,temperature,raycaster_cloudcaster,95.2,,2026-07-02T14:00:00+00:00,2026-07-02,,,,,,1.0,1.0,
0.8499999999999943,96.0,,t_plus_9h,aus,aus:2026-07-02,-0.8499999999999943,KXHIGHAUS-26JUL02,,temperature,raycaster_cloudcaster,95.15,,2026-07-02T15:00:00+00:00,2026-07-02,,,,,,1.0,1.0,
0.9000000000000057,96.0,,t_plus_10h,aus,aus:2026-07-02,-0.9000000000000057,KXHIGHAUS-26JUL02,,temperature,raycaster_cloudcaster,95.1,,2026-07-02T16:00:00+00:00,2026-07-02,,,,,,1.0,1.0,
0.9000000000000057,96.0,,t_plus_11h,aus,aus:2026-07-02,-0.9000000000000057,KXHIGHAUS-26JUL02,,temperature,raycaster_cloudcaster,95.1,,2026-07-02T17:00:00+00:00,2026-07-02,,,,,,1.0,1.0,
0.9000000000000057,96.0,,t_plus_12h,aus,aus:2026-07-02,-0.9000000000000057,KXHIGHAUS-26JUL02,,temperature,raycaster_cloudcaster,95.1,,2026-07-02T18:00:00+00:00,2026-07-02,,,,,,1.0,1.0,
0.9000000000000057,96.0,,t_plus_13h,aus,aus:2026-07-02,-0.9000000000000057,KXHIGHAUS-26JUL02,,temperature,raycaster_cloudcaster,95.1,,2026-07-02T19:00:00+00:00,2026-07-02,,,,,,1.0,1.0,
1.4000000000000057,96.0,,t_plus_14h,aus,aus:2026-07-02,-1.4000000000000057,KXHIGHAUS-26JUL02,,temperature,raycaster_cloudcaster,94.6,,2026-07-02T20:00:00+00:00,2026-07-02,,,,,,0.0,1.0,
0.9000000000000057,96.0,,t_plus_15h,aus,aus:2026-07-02,-0.9000000000000057,KXHIGHAUS-26JUL02,,temperature,raycaster_cloudcaster,95.1,,2026-07-02T21:00:00+00:00,2026-07-02,,,,,,1.0,1.0,
1.0,96.0,,t_plus_16h,aus,aus:2026-07-02,-1.0,KXHIGHAUS-26JUL02,,temperature,raycaster_cloudcaster,95.0,,2026-07-02T22:00:00+00:00,2026-07-02,,,,,,1.0,1.0,
0.7999999999999972,96.0,,t_plus_17h,aus,aus:2026-07-02,0.7999999999999972,KXHIGHAUS-26JUL02,,temperature,raycaster_cloudcaster,96.8,,2026-07-02T23:00:00+00:00,2026-07-02,,,,,,1.0,1.0,
0.7999999999999972,96.0,,t_plus_18h,aus,aus:2026-07-02,0.7999999999999972,KXHIGHAUS-26JUL02,,temperature,raycaster_cloudcaster,96.8,,2026-07-03T00:00:00+00:00,2026-07-02,,,,,,1.0,1.0,
0.7999999999999972,96.0,,t_plus_19h,aus,aus:2026-07-02,0.7999999999999972,KXHIGHAUS-26JUL02,,temperature,raycaster_cloudcaster,96.8,,2026-07-03T01:00:00+00:00,2026-07-02,,,,,,1.0,1.0,
0.7999999999999972,96.0,,t_plus_20h,aus,aus:2026-07-02,0.7999999999999972,KXHIGHAUS-26JUL02,,temperature,raycaster_cloudcaster,96.8,,2026-07-03T02:00:00+00:00,2026-07-02,,,,,,1.0,1.0,
0.7999999999999972,96.0,,t_plus_21h,aus,aus:2026-07-02,0.7999999999999972,KXHIGHAUS-26JUL02,,temperature,raycaster_cloudcaster,96.8,,2026-07-03T03:00:00+00:00,2026-07-02,,,,,,1.0,1.0,
0.7999999999999972,96.0,,t_plus_22h,aus,aus:2026-07-02,0.7999999999999972,KXHIGHAUS-26JUL02,,temperature,raycaster_cloudcaster,96.8,,2026-07-03T04:00:00+00:00,2026-07-02,,,,,,1.0,1.0,
0.7999999999999972,96.0,,t_plus_23h,aus,aus:2026-07-02,0.7999999999999972,KXHIGHAUS-26JUL02,,temperature,raycaster_cloudcaster,96.8,,2026-07-03T05:00:00+00:00,2026-07-02,,,,,,1.0,1.0,
0.3499999999999943,90.0,,t_plus_0h,den,den:2026-07-02,0.3499999999999943,KXHIGHDEN-26JUL02,,temperature,raycaster_cloudcaster,90.35,,2026-07-02T07:00:00+00:00,2026-07-02,,,,,,1.0,1.0,
0.3499999999999943,90.0,,t_plus_1h,den,den:2026-07-02,0.3499999999999943,KXHIGHDEN-26JUL02,,temperature,raycaster_cloudcaster,90.35,,2026-07-02T08:00:00+00:00,2026-07-02,,,,,,1.0,1.0,
0.3499999999999943,90.0,,t_plus_2h,den,den:2026-07-02,-0.3499999999999943,KXHIGHDEN-26JUL02,,temperature,raycaster_cloudcaster,89.65,,2026-07-02T09:00:00+00:00,2026-07-02,,,,,,1.0,1.0,
0.25,90.0,,t_plus_3h,den,den:2026-07-02,-0.25,KXHIGHDEN-26JUL02,,temperature,raycaster_cloudcaster,89.75,,2026-07-02T10:00:00+00:00,2026-07-02,,,,,,1.0,1.0,
0.09999999999999432,90.0,,t_plus_4h,den,den:2026-07-02,0.09999999999999432,KXHIGHDEN-26JUL02,,temperature,raycaster_cloudcaster,90.1,,2026-07-02T11:00:00+00:00,2026-07-02,,,,,,1.0,1.0,
0.05000000000001137,90.0,,t_plus_5h,den,den:2026-07-02,-0.05000000000001137,KXHIGHDEN-26JUL02,,temperature,raycaster_cloudcaster,89.94999999999999,,2026-07-02T12:00:00+00:00,2026-07-02,,,,,,1.0,1.0,
0.09999999999999432,90.0,,t_plus_6h,den,den:2026-07-02,-0.09999999999999432,KXHIGHDEN-26JUL02,,temperature,raycaster_cloudcaster,89.9,,2026-07-02T13:00:00+00:00,2026-07-02,,,,,,1.0,1.0,
0.09999999999999432,90.0,,t_plus_7h,den,den:2026-07-02,-0.09999999999999432,KXHIGHDEN-26JUL02,,temperature,raycaster_cloudcaster,89.9,,2026-07-02T14:00:00+00:00,2026-07-02,,,,,,1.0,1.0,
0.6999999999999886,90.0,,t_plus_8h,den,den:2026-07-02,-0.6999999999999886,KXHIGHDEN-26JUL02,,temperature,raycaster_cloudcaster,89.30000000000001,,2026-07-02T15:00:00+00:00,2026-07-02,,,,,,1.0,1.0,
1.25,90.0,,t_plus_9h,den,den:2026-07-02,-1.25,KXHIGHDEN-26JUL02,,temperature,raycaster_cloudcaster,88.75,,2026-07-02T16:00:00+00:00,2026-07-02,,,,,,0.0,1.0,
1.1500000000000057,90.0,,t_plus_10h,den,den:2026-07-02,-1.1500000000000057,KXHIGHDEN-26JUL02,,temperature,raycaster_cloudcaster,88.85,,2026-07-02T17:00:00+00:00,2026-07-02,,,,,,0.0,1.0,
1.0499999999999972,90.0,,t_plus_11h,den,den:2026-07-02,-1.0499999999999972,KXHIGHDEN-26JUL02,,temperature,raycaster_cloudcaster,88.95,,2026-07-02T18:00:00+00:00,2026-07-02,,,,,,0.0,1.0,
1.4499999999999886,90.0,,t_plus_12h,den,den:2026-07-02,-1.4499999999999886,KXHIGHDEN-26JUL02,,temperature,raycaster_cloudcaster,88.55000000000001,,2026-07-02T19:00:00+00:00,2026-07-02,,,,,,0.0,1.0,
1.4499999999999886,90.0,,t_plus_13h,den,den:2026-07-02,-1.4499999999999886,KXHIGHDEN-26JUL02,,temperature,raycaster_cloudcaster,88.55000000000001,,2026-07-02T20:00:00+00:00,2026-07-02,,,,,,0.0,1.0,
1.5,90.0,,t_plus_14h,den,den:2026-07-02,-1.5,KXHIGHDEN-26JUL02,,temperature,raycaster_cloudcaster,88.5,,2026-07-02T21:00:00+00:00,2026-07-02,,,,,,0.0,1.0,
1.4000000000000057,90.0,,t_plus_15h,den,den:2026-07-02,-1.4000000000000057,KXHIGHDEN-26JUL02,,temperature,raycaster_cloudcaster,88.6,,2026-07-02T22:00:00+00:00,2026-07-02,,,,,,0.0,1.0,
0.9399999999999977,90.0,,t_plus_16h,den,den:2026-07-02,-0.9399999999999977,KXHIGHDEN-26JUL02,,temperature,raycaster_cloudcaster,89.06,,2026-07-02T23:00:00+00:00,2026-07-02,,,,,,1.0,1.0,
0.9399999999999977,90.0,,t_plus_17h,den,den:2026-07-02,-0.9399999999999977,KXHIGHDEN-26JUL02,,temperature,raycaster_cloudcaster,89.06,,2026-07-03T00:00:00+00:00,2026-07-02,,,,,,1.0,1.0,
0.9399999999999977,90.0,,t_plus_18h,den,den:2026-07-02,-0.9399999999999977,KXHIGHDEN-26JUL02,,temperature,raycaster_cloudcaster,89.06,,2026-07-03T01:00:00+00:00,2026-07-02,,,,,,1.0,1.0,
0.9399999999999977,90.0,,t_plus_19h,den,den:2026-07-02,-0.9399999999999977,KXHIGHDEN-26JUL02,,temperature,raycaster_cloudcaster,89.06,,2026-07-03T02:00:00+00:00,2026-07-02,,,,,,1.0,1.0,
0.9399999999999977,90.0,,t_plus_20h,den,den:2026-07-02,-0.9399999999999977,KXHIGHDEN-26JUL02,,temperature,raycaster_cloudcaster,89.06,,2026-07-03T03:00:00+00:00,2026-07-02,,,,,,1.0,1.0,
0.9399999999999977,90.0,,t_plus_21h,den,den:2026-07-02,-0.9399999999999977,KXHIGHDEN-26JUL02,,temperature,raycaster_cloudcaster,89.06,,2026-07-03T04:00:00+00:00,2026-07-02,,,,,,1.0,1.0,
0.9399999999999977,90.0,,t_plus_22h,den,den:2026-07-02,-0.9399999999999977,KXHIGHDEN-26JUL02,,temperature,raycaster_cloudcaster,89.06,,2026-07-03T05:00:00+00:00,2026-07-02,,,,,,1.0,1.0,
0.9399999999999977,90.0,,t_plus_23h,den,den:2026-07-02,-0.9399999999999977,KXHIGHDEN-26JUL02,,temperature,raycaster_cloudcaster,89.06,,2026-07-03T06:00:00+00:00,2026-07-02,,,,,,1.0,1.0,
1.75,73.0,,t_plus_0h,la,la:2026-07-02,-1.75,KXHIGHLAX-26JUL02,,temperature,raycaster_cloudcaster,71.25,,2026-07-02T08:00:00+00:00,2026-07-02,,,,,,0.0,1.0,
1.5500000000000114,73.0,,t_plus_1h,la,la:2026-07-02,-1.5500000000000114,KXHIGHLAX-26JUL02,,temperature,raycaster_cloudcaster,71.44999999999999,,2026-07-02T09:00:00+00:00,2026-07-02,,,,,,0.0,1.0,
2.0999999999999943,73.0,,t_plus_2h,la,la:2026-07-02,-2.0999999999999943,KXHIGHLAX-26JUL02,,temperature,raycaster_cloudcaster,70.9,,2026-07-02T10:00:00+00:00,2026-07-02,,,,,,0.0,0.0,
2.0999999999999943,73.0,,t_plus_3h,la,la:2026-07-02,-2.0999999999999943,KXHIGHLAX-26JUL02,,temperature,raycaster_cloudcaster,70.9,,2026-07-02T11:00:00+00:00,2026-07-02,,,,,,0.0,0.0,
2.0,73.0,,t_plus_4h,la,la:2026-07-02,-2.0,KXHIGHLAX-26JUL02,,temperature,raycaster_cloudcaster,71.0,,2026-07-02T12:00:00+00:00,2026-07-02,,,,,,0.0,1.0,
1.2000000000000028,73.0,,t_plus_5h,la,la:2026-07-02,-1.2000000000000028,KXHIGHLAX-26JUL02,,temperature,raycaster_cloudcaster,71.8,,2026-07-02T13:00:00+00:00,2026-07-02,,,,,,0.0,1.0,
1.2000000000000028,73.0,,t_plus_6h,la,la:2026-07-02,-1.2000000000000028,KXHIGHLAX-26JUL02,,temperature,raycaster_cloudcaster,71.8,,2026-07-02T14:00:00+00:00,2026-07-02,,,,,,0.0,1.0,
1.4500000000000028,73.0,,t_plus_7h,la,la:2026-07-02,-1.4500000000000028,KXHIGHLAX-26JUL02,,temperature,raycaster_cloudcaster,71.55,,2026-07-02T15:00:00+00:00,2026-07-02,,,,,,0.0,1.0,
1.3499999999999943,73.0,,t_plus_8h,la,la:2026-07-02,-1.3499999999999943,KXHIGHLAX-26JUL02,,temperature,raycaster_cloudcaster,71.65,,2026-07-02T16:00:00+00:00,2026-07-02,,,,,,0.0,1.0,
1.2000000000000028,73.0,,t_plus_9h,la,la:2026-07-02,-1.2000000000000028,KXHIGHLAX-26JUL02,,temperature,raycaster_cloudcaster,71.8,,2026-07-02T17:00:00+00:00,2026-07-02,,,,,,0.0,1.0,
1.2000000000000028,73.0,,t_plus_10h,la,la:2026-07-02,-1.2000000000000028,KXHIGHLAX-26JUL02,,temperature,raycaster_cloudcaster,71.8,,2026-07-02T18:00:00+00:00,2026-07-02,,,,,,0.0,1.0,
1.2000000000000028,73.0,,t_plus_11h,la,la:2026-07-02,-1.2000000000000028,KXHIGHLAX-26JUL02,,temperature,raycaster_cloudcaster,71.8,,2026-07-02T19:00:00+00:00,2026-07-02,,,,,,0.0,1.0,
1.2000000000000028,73.0,,t_plus_12h,la,la:2026-07-02,-1.2000000000000028,KXHIGHLAX-26JUL02,,temperature,raycaster_cloudcaster,71.8,,2026-07-02T20:00:00+00:00,2026-07-02,,,,,,0.0,1.0,
1.0200000000000102,73.0,,t_plus_13h,la,la:2026-07-02,-1.0200000000000102,KXHIGHLAX-26JUL02,,temperature,raycaster_cloudcaster,71.97999999999999,,2026-07-02T21:00:00+00:00,2026-07-02,,,,,,0.0,1.0,
0.4000000000000057,73.0,,t_plus_14h,la,la:2026-07-02,0.4000000000000057,KXHIGHLAX-26JUL02,,temperature,raycaster_cloudcaster,73.4,,2026-07-02T22:00:00+00:00,2026-07-02,,,,,,1.0,1.0,
0.4000000000000057,73.0,,t_plus_15h,la,la:2026-07-02,0.4000000000000057,KXHIGHLAX-26JUL02,,temperature,raycaster_cloudcaster,73.4,,2026-07-02T23:00:00+00:00,2026-07-02,,,,,,1.0,1.0,
0.4000000000000057,73.0,,t_plus_16h,la,la:2026-07-02,0.4000000000000057,KXHIGHLAX-26JUL02,,temperature,raycaster_cloudcaster,73.4,,2026-07-03T00:00:00+00:00,2026-07-02,,,,,,1.0,1.0,
0.4000000000000057,73.0,,t_plus_17h,la,la:2026-07-02,0.4000000000000057,KXHIGHLAX-26JUL02,,temperature,raycaster_cloudcaster,73.4,,2026-07-03T01:00:00+00:00,2026-07-02,,,,,,1.0,1.0,
0.4000000000000057,73.0,,t_plus_18h,la,la:2026-07-02,0.4000000000000057,KXHIGHLAX-26JUL02,,temperature,raycaster_cloudcaster,73.4,,2026-07-03T02:00:00+00:00,2026-07-02,,,,,,1.0,1.0,
0.4000000000000057,73.0,,t_plus_19h,la,la:2026-07-02,0.4000000000000057,KXHIGHLAX-26JUL02,,temperature,raycaster_cloudcaster,73.4,,2026-07-03T03:00:00+00:00,2026-07-02,,,,,,1.0,1.0,
0.4000000000000057,73.0,,t_plus_20h,la,la:2026-07-02,0.4000000000000057,KXHIGHLAX-26JUL02,,temperature,raycaster_cloudcaster,73.4,,2026-07-03T04:00:00+00:00,2026-07-02,,,,,,1.0,1.0,
0.4000000000000057,73.0,,t_plus_21h,la,la:2026-07-02,0.4000000000000057,KXHIGHLAX-26JUL02,,temperature,raycaster_cloudcaster,73.4,,2026-07-03T05:00:00+00:00,2026-07-02,,,,,,1.0,1.0,
0.4000000000000057,73.0,,t_plus_22h,la,la:2026-07-02,0.4000000000000057,KXHIGHLAX-26JUL02,,temperature,raycaster_cloudcaster,73.4,,2026-07-03T06:00:00+00:00,2026-07-02,,,,,,1.0,1.0,
0.4000000000000057,73.0,,t_plus_23h,la,la:2026-07-02,0.4000000000000057,KXHIGHLAX-26JUL02,,temperature,raycaster_cloudcaster,73.4,,2026-07-03T07:00:00+00:00,2026-07-02,,,,,,1.0,1.0,
3.8499999999999943,93.0,,t_plus_0h,mia,mia:2026-07-02,-3.8499999999999943,KXHIGHMIA-26JUL02,,temperature,raycaster_cloudcaster,89.15,,2026-07-02T05:00:00+00:00,2026-07-02,,,,,,0.0,0.0,
3.9000000000000057,93.0,,t_plus_1h,mia,mia:2026-07-02,-3.9000000000000057,KXHIGHMIA-26JUL02,,temperature,raycaster_cloudcaster,89.1,,2026-07-02T06:00:00+00:00,2026-07-02,,,,,,0.0,0.0,
3.700000000000003,93.0,,t_plus_2h,mia,mia:2026-07-02,-3.700000000000003,KXHIGHMIA-26JUL02,,temperature,raycaster_cloudcaster,89.3,,2026-07-02T07:00:00+00:00,2026-07-02,,,,,,0.0,0.0,
3.700000000000003,93.0,,t_plus_3h,mia,mia:2026-07-02,-3.700000000000003,KXHIGHMIA-26JUL02,,temperature,raycaster_cloudcaster,89.3,,2026-07-02T08:00:00+00:00,2026-07-02,,,,,,0.0,0.0,
4.349999999999994,93.0,,t_plus_4h,mia,mia:2026-07-02,-4.349999999999994,KXHIGHMIA-26JUL02,,temperature,raycaster_cloudcaster,88.65,,2026-07-02T09:00:00+00:00,2026-07-02,,,,,,0.0,0.0,
4.349999999999994,93.0,,t_plus_5h,mia,mia:2026-07-02,-4.349999999999994,KXHIGHMIA-26JUL02,,temperature,raycaster_cloudcaster,88.65,,2026-07-02T10:00:00+00:00,2026-07-02,,,,,,0.0,0.0,
4.25,93.0,,t_plus_6h,mia,mia:2026-07-02,-4.25,KXHIGHMIA-26JUL02,,temperature,raycaster_cloudcaster,88.75,,2026-07-02T11:00:00+00:00,2026-07-02,,,,,,0.0,0.0,
3.950000000000003,93.0,,t_plus_7h,mia,mia:2026-07-02,-3.950000000000003,KXHIGHMIA-26JUL02,,temperature,raycaster_cloudcaster,89.05,,2026-07-02T12:00:00+00:00,2026-07-02,,,,,,0.0,0.0,
4.050000000000011,93.0,,t_plus_8h,mia,mia:2026-07-02,-4.050000000000011,KXHIGHMIA-26JUL02,,temperature,raycaster_cloudcaster,88.94999999999999,,2026-07-02T13:00:00+00:00,2026-07-02,,,,,,0.0,0.0,
4.050000000000011,93.0,,t_plus_9h,mia,mia:2026-07-02,-4.050000000000011,KXHIGHMIA-26JUL02,,temperature,raycaster_cloudcaster,88.94999999999999,,2026-07-02T14:00:00+00:00,2026-07-02,,,,,,0.0,0.0,
3.950000000000003,93.0,,t_plus_10h,mia,mia:2026-07-02,-3.950000000000003,KXHIGHMIA-26JUL02,,temperature,raycaster_cloudcaster,89.05,,2026-07-02T15:00:00+00:00,2026-07-02,,,,,,0.0,0.0,
4.0,93.0,,t_plus_11h,mia,mia:2026-07-02,-4.0,KXHIGHMIA-26JUL02,,temperature,raycaster_cloudcaster,89.0,,2026-07-02T16:00:00+00:00,2026-07-02,,,,,,0.0,0.0,
1.5999999999999943,93.0,,t_plus_12h,mia,mia:2026-07-02,-1.5999999999999943,KXHIGHMIA-26JUL02,,temperature,raycaster_cloudcaster,91.4,,2026-07-02T17:00:00+00:00,2026-07-02,,,,,,0.0,1.0,
0.20000000000000284,93.0,,t_plus_13h,mia,mia:2026-07-02,0.20000000000000284,KXHIGHMIA-26JUL02,,temperature,raycaster_cloudcaster,93.2,,2026-07-02T18:00:00+00:00,2026-07-02,,,,,,1.0,1.0,
0.20000000000000284,93.0,,t_plus_14h,mia,mia:2026-07-02,0.20000000000000284,KXHIGHMIA-26JUL02,,temperature,raycaster_cloudcaster,93.2,,2026-07-02T19:00:00+00:00,2026-07-02,,,,,,1.0,1.0,
0.20000000000000284,93.0,,t_plus_15h,mia,mia:2026-07-02,0.20000000000000284,KXHIGHMIA-26JUL02,,temperature,raycaster_cloudcaster,93.2,,2026-07-02T20:00:00+00:00,2026-07-02,,,,,,1.0,1.0,
0.20000000000000284,93.0,,t_plus_16h,mia,mia:2026-07-02,0.20000000000000284,KXHIGHMIA-26JUL02,,temperature,raycaster_cloudcaster,93.2,,2026-07-02T21:00:00+00:00,2026-07-02,,,,,,1.0,1.0,
0.20000000000000284,93.0,,t_plus_17h,mia,mia:2026-07-02,0.20000000000000284,KXHIGHMIA-26JUL02,,temperature,raycaster_cloudcaster,93.2,,2026-07-02T22:00:00+00:00,2026-07-02,,,,,,1.0,1.0,
0.20000000000000284,93.0,,t_plus_18h,mia,mia:2026-07-02,0.20000000000000284,KXHIGHMIA-26JUL02,,temperature,raycaster_cloudcaster,93.2,,2026-07-02T23:00:00+00:00,2026-07-02,,,,,,1.0,1.0,
0.20000000000000284,93.0,,t_plus_19h,mia,mia:2026-07-02,0.20000000000000284,KXHIGHMIA-26JUL02,,temperature,raycaster_cloudcaster,93.2,,2026-07-03T00:00:00+00:00,2026-07-02,,,,,,1.0,1.0,
0.20000000000000284,93.0,,t_plus_20h,mia,mia:2026-07-02,0.20000000000000284,KXHIGHMIA-26JUL02,,temperature,raycaster_cloudcaster,93.2,,2026-07-03T01:00:00+00:00,2026-07-02,,,,,,1.0,1.0,
0.20000000000000284,93.0,,t_plus_21h,mia,mia:2026-07-02,0.20000000000000284,KXHIGHMIA-26JUL02,,temperature,raycaster_cloudcaster,93.2,,2026-07-03T02:00:00+00:00,2026-07-02,,,,,,1.0,1.0,
0.20000000000000284,93.0,,t_plus_22h,mia,mia:2026-07-02,0.20000000000000284,KXHIGHMIA-26JUL02,,temperature,raycaster_cloudcaster,93.2,,2026-07-03T03:00:00+00:00,2026-07-02,,,,,,1.0,1.0,
0.20000000000000284,93.0,,t_plus_23h,mia,mia:2026-07-02,0.20000000000000284,KXHIGHMIA-26JUL02,,temperature,raycaster_cloudcaster,93.2,,2026-07-03T04:00:00+00:00,2026-07-02,,,,,,1.0,1.0,
0.7999999999999972,100.0,,t_plus_0h,nyc,nyc:2026-07-02,0.7999999999999972,KXHIGHNY-26JUL02,,temperature,raycaster_cloudcaster,100.8,,2026-07-02T05:00:00+00:00,2026-07-02,,,,,,1.0,1.0,
0.5499999999999972,100.0,,t_plus_1h,nyc,nyc:2026-07-02,0.5499999999999972,KXHIGHNY-26JUL02,,temperature,raycaster_cloudcaster,100.55,,2026-07-02T06:00:00+00:00,2026-07-02,,,,,,1.0,1.0,
0.5499999999999972,100.0,,t_plus_2h,nyc,nyc:2026-07-02,0.5499999999999972,KXHIGHNY-26JUL02,,temperature,raycaster_cloudcaster,100.55,,2026-07-02T07:00:00+00:00,2026-07-02,,,,,,1.0,1.0,
0.5499999999999972,100.0,,t_plus_3h,nyc,nyc:2026-07-02,0.5499999999999972,KXHIGHNY-26JUL02,,temperature,raycaster_cloudcaster,100.55,,2026-07-02T08:00:00+00:00,2026-07-02,,,,,,1.0,1.0,
0.4000000000000057,100.0,,t_plus_4h,nyc,nyc:2026-07-02,0.4000000000000057,KXHIGHNY-26JUL02,,temperature,raycaster_cloudcaster,100.4,,2026-07-02T09:00:00+00:00,2026-07-02,,,,,,1.0,1.0,
0.4000000000000057,100.0,,t_plus_5h,nyc,nyc:2026-07-02,0.4000000000000057,KXHIGHNY-26JUL02,,temperature,raycaster_cloudcaster,100.4,,2026-07-02T10:00:00+00:00,2026-07-02,,,,,,1.0,1.0,
0.45000000000000284,100.0,,t_plus_6h,nyc,nyc:2026-07-02,0.45000000000000284,KXHIGHNY-26JUL02,,temperature,raycaster_cloudcaster,100.45,,2026-07-02T11:00:00+00:00,2026-07-02,,,,,,1.0,1.0,
0.5,100.0,,t_plus_7h,nyc,nyc:2026-07-02,0.5,KXHIGHNY-26JUL02,,temperature,raycaster_cloudcaster,100.5,,2026-07-02T12:00:00+00:00,2026-07-02,,,,,,1.0,1.0,
0.5,100.0,,t_plus_8h,nyc,nyc:2026-07-02,0.5,KXHIGHNY-26JUL02,,temperature,raycaster_cloudcaster,100.5,,2026-07-02T13:00:00+00:00,2026-07-02,,,,,,1.0,1.0,
0.5,100.0,,t_plus_9h,nyc,nyc:2026-07-02,0.5,KXHIGHNY-26JUL02,,temperature,raycaster_cloudcaster,100.5,,2026-07-02T14:00:00+00:00,2026-07-02,,,,,,1.0,1.0,
0.75,100.0,,t_plus_10h,nyc,nyc:2026-07-02,0.75,KXHIGHNY-26JUL02,,temperature,raycaster_cloudcaster,100.75,,2026-07-02T15:00:00+00:00,2026-07-02,,,,,,1.0,1.0,
0.75,100.0,,t_plus_11h,nyc,nyc:2026-07-02,0.75,KXHIGHNY-26JUL02,,temperature,raycaster_cloudcaster,100.75,,2026-07-02T16:00:00+00:00,2026-07-02,,,,,,1.0,1.0,
0.75,100.0,,t_plus_12h,nyc,nyc:2026-07-02,0.75,KXHIGHNY-26JUL02,,temperature,raycaster_cloudcaster,100.75,,2026-07-02T17:00:00+00:00,2026-07-02,,,,,,1.0,1.0,
0.75,100.0,,t_plus_13h,nyc,nyc:2026-07-02,0.75,KXHIGHNY-26JUL02,,temperature,raycaster_cloudcaster,100.75,,2026-07-02T18:00:00+00:00,2026-07-02,,,,,,1.0,1.0,
0.7000000000000028,100.0,,t_plus_14h,nyc,nyc:2026-07-02,0.7000000000000028,KXHIGHNY-26JUL02,,temperature,raycaster_cloudcaster,100.7,,2026-07-02T19:00:00+00:00,2026-07-02,,,,,,1.0,1.0,
0.7000000000000028,100.0,,t_plus_15h,nyc,nyc:2026-07-02,0.7000000000000028,KXHIGHNY-26JUL02,,temperature,raycaster_cloudcaster,100.7,,2026-07-02T20:00:00+00:00,2026-07-02,,,,,,1.0,1.0,
0.04000000000000625,100.0,,t_plus_16h,nyc,nyc:2026-07-02,0.04000000000000625,KXHIGHNY-26JUL02,,temperature,raycaster_cloudcaster,100.04,,2026-07-02T21:00:00+00:00,2026-07-02,,,,,,1.0,1.0,
0.04000000000000625,100.0,,t_plus_17h,nyc,nyc:2026-07-02,0.04000000000000625,KXHIGHNY-26JUL02,,temperature,raycaster_cloudcaster,100.04,,2026-07-02T22:00:00+00:00,2026-07-02,,,,,,1.0,1.0,
0.04000000000000625,100.0,,t_plus_18h,nyc,nyc:2026-07-02,0.04000000000000625,KXHIGHNY-26JUL02,,temperature,raycaster_cloudcaster,100.04,,2026-07-02T23:00:00+00:00,2026-07-02,,,,,,1.0,1.0,
0.04000000000000625,100.0,,t_plus_19h,nyc,nyc:2026-07-02,0.04000000000000625,KXHIGHNY-26JUL02,,temperature,raycaster_cloudcaster,100.04,,2026-07-03T00:00:00+00:00,2026-07-02,,,,,,1.0,1.0,
0.04000000000000625,100.0,,t_plus_20h,nyc,nyc:2026-07-02,0.04000000000000625,KXHIGHNY-26JUL02,,temperature,raycaster_cloudcaster,100.04,,2026-07-03T01:00:00+00:00,2026-07-02,,,,,,1.0,1.0,
0.04000000000000625,100.0,,t_plus_21h,nyc,nyc:2026-07-02,0.04000000000000625,KXHIGHNY-26JUL02,,temperature,raycaster_cloudcaster,100.04,,2026-07-03T02:00:00+00:00,2026-07-02,,,,,,1.0,1.0,
0.04000000000000625,100.0,,t_plus_22h,nyc,nyc:2026-07-02,0.04000000000000625,KXHIGHNY-26JUL02,,temperature,raycaster_cloudcaster,100.04,,2026-07-03T03:00:00+00:00,2026-07-02,,,,,,1.0,1.0,
0.04000000000000625,100.0,,t_plus_23h,nyc,nyc:2026-07-02,0.04000000000000625,KXHIGHNY-26JUL02,,temperature,raycaster_cloudcaster,100.04,,2026-07-03T04:00:00+00:00,2026-07-02,,,,,,1.0,1.0,
0.30000000000001137,95.0,,t_plus_0h,okc,okc:2026-07-02,-0.30000000000001137,KXHIGHTOKC-26JUL02,,temperature,raycaster_cloudcaster,94.69999999999999,,2026-07-02T06:00:00+00:00,2026-07-02,,,,,,1.0,1.0,
0.30000000000001137,95.0,,t_plus_1h,okc,okc:2026-07-02,-0.30000000000001137,KXHIGHTOKC-26JUL02,,temperature,raycaster_cloudcaster,94.69999999999999,,2026-07-02T07:00:00+00:00,2026-07-02,,,,,,1.0,1.0,
0.30000000000001137,95.0,,t_plus_2h,okc,okc:2026-07-02,-0.30000000000001137,KXHIGHTOKC-26JUL02,,temperature,raycaster_cloudcaster,94.69999999999999,,2026-07-02T08:00:00+00:00,2026-07-02,,,,,,1.0,1.0,
0.09999999999999432,95.0,,t_plus_3h,okc,okc:2026-07-02,0.09999999999999432,KXHIGHTOKC-26JUL02,,temperature,raycaster_cloudcaster,95.1,,2026-07-02T09:00:00+00:00,2026-07-02,,,,,,1.0,1.0,
0.09999999999999432,95.0,,t_plus_4h,okc,okc:2026-07-02,0.09999999999999432,KXHIGHTOKC-26JUL02,,temperature,raycaster_cloudcaster,95.1,,2026-07-02T10:00:00+00:00,2026-07-02,,,,,,1.0,1.0,
0.0,95.0,,t_plus_5h,okc,okc:2026-07-02,0.0,KXHIGHTOKC-26JUL02,,temperature,raycaster_cloudcaster,95.0,,2026-07-02T11:00:00+00:00,2026-07-02,,,,,,1.0,1.0,
0.09999999999999432,95.0,,t_plus_6h,okc,okc:2026-07-02,0.09999999999999432,KXHIGHTOKC-26JUL02,,temperature,raycaster_cloudcaster,95.1,,2026-07-02T12:00:00+00:00,2026-07-02,,,,,,1.0,1.0,
0.20000000000000284,95.0,,t_plus_7h,okc,okc:2026-07-02,0.20000000000000284,KXHIGHTOKC-26JUL02,,temperature,raycaster_cloudcaster,95.2,,2026-07-02T13:00:00+00:00,2026-07-02,,,,,,1.0,1.0,
0.6999999999999886,95.0,,t_plus_8h,okc,okc:2026-07-02,-0.6999999999999886,KXHIGHTOKC-26JUL02,,temperature,raycaster_cloudcaster,94.30000000000001,,2026-07-02T14:00:00+00:00,2026-07-02,,,,,,1.0,1.0,
1.1500000000000057,95.0,,t_plus_9h,okc,okc:2026-07-02,-1.1500000000000057,KXHIGHTOKC-26JUL02,,temperature,raycaster_cloudcaster,93.85,,2026-07-02T15:00:00+00:00,2026-07-02,,,,,,0.0,1.0,
1.2000000000000028,95.0,,t_plus_10h,okc,okc:2026-07-02,-1.2000000000000028,KXHIGHTOKC-26JUL02,,temperature,raycaster_cloudcaster,93.8,,2026-07-02T16:00:00+00:00,2026-07-02,,,,,,0.0,1.0,
1.2000000000000028,95.0,,t_plus_11h,okc,okc:2026-07-02,-1.2000000000000028,KXHIGHTOKC-26JUL02,,temperature,raycaster_cloudcaster,93.8,,2026-07-02T17:00:00+00:00,2026-07-02,,,,,,0.0,1.0,
1.0999999999999943,95.0,,t_plus_12h,okc,okc:2026-07-02,-1.0999999999999943,KXHIGHTOKC-26JUL02,,temperature,raycaster_cloudcaster,93.9,,2026-07-02T18:00:00+00:00,2026-07-02,,,,,,0.0,1.0,
1.2000000000000028,95.0,,t_plus_13h,okc,okc:2026-07-02,-1.2000000000000028,KXHIGHTOKC-26JUL02,,temperature,raycaster_cloudcaster,93.8,,2026-07-02T19:00:00+00:00,2026-07-02,,,,,,0.0,1.0,
1.2000000000000028,95.0,,t_plus_14h,okc,okc:2026-07-02,-1.2000000000000028,KXHIGHTOKC-26JUL02,,temperature,raycaster_cloudcaster,93.8,,2026-07-02T20:00:00+00:00,2026-07-02,,,,,,0.0,1.0,
1.2000000000000028,95.0,,t_plus_15h,okc,okc:2026-07-02,-1.2000000000000028,KXHIGHTOKC-26JUL02,,temperature,raycaster_cloudcaster,93.8,,2026-07-02T21:00:00+00:00,2026-07-02,,,,,,0.0,1.0,
0.0,95.0,,t_plus_16h,okc,okc:2026-07-02,0.0,KXHIGHTOKC-26JUL02,,temperature,raycaster_cloudcaster,95.0,,2026-07-02T22:00:00+00:00,2026-07-02,,,,,,1.0,1.0,
0.0,95.0,,t_plus_17h,okc,okc:2026-07-02,0.0,KXHIGHTOKC-26JUL02,,temperature,raycaster_cloudcaster,95.0,,2026-07-02T23:00:00+00:00,2026-07-02,,,,,,1.0,1.0,
0.0,95.0,,t_plus_18h,okc,okc:2026-07-02,0.0,KXHIGHTOKC-26JUL02,,temperature,raycaster_cloudcaster,95.0,,2026-07-03T00:00:00+00:00,2026-07-02,,,,,,1.0,1.0,
0.0,95.0,,t_plus_19h,okc,okc:2026-07-02,0.0,KXHIGHTOKC-26JUL02,,temperature,raycaster_cloudcaster,95.0,,2026-07-03T01:00:00+00:00,2026-07-02,,,,,,1.0,1.0,
0.0,95.0,,t_plus_20h,okc,okc:2026-07-02,0.0,KXHIGHTOKC-26JUL02,,temperature,raycaster_cloudcaster,95.0,,2026-07-03T02:00:00+00:00,2026-07-02,,,,,,1.0,1.0,
0.0,95.0,,t_plus_21h,okc,okc:2026-07-02,0.0,KXHIGHTOKC-26JUL02,,temperature,raycaster_cloudcaster,95.0,,2026-07-03T03:00:00+00:00,2026-07-02,,,,,,1.0,1.0,
0.0,95.0,,t_plus_22h,okc,okc:2026-07-02,0.0,KXHIGHTOKC-26JUL02,,temperature,raycaster_cloudcaster,95.0,,2026-07-03T04:00:00+00:00,2026-07-02,,,,,,1.0,1.0,
0.0,95.0,,t_plus_23h,okc,okc:2026-07-02,0.0,KXHIGHTOKC-26JUL02,,temperature,raycaster_cloudcaster,95.0,,2026-07-03T05:00:00+00:00,2026-07-02,,,,,,1.0,1.0,
1.1883788136991171,98.0,,t_plus_0h,aus,aus:2026-07-03,-1.1883788136991171,KXHIGHAUS-26JUL03,,temperature,raycaster_cloudcaster,96.81162118630088,,2026-07-03T06:00:00+00:00,2026-07-03,,,,,,0.0,1.0,
1.3894904128003844,98.0,,t_plus_1h,aus,aus:2026-07-03,-1.3894904128003844,KXHIGHAUS-26JUL03,,temperature,raycaster_cloudcaster,96.61050958719962,,2026-07-03T07:00:00+00:00,2026-07-03,,,,,,0.0,1.0,
1.3894904128003844,98.0,,t_plus_2h,aus,aus:2026-07-03,-1.3894904128003844,KXHIGHAUS-26JUL03,,temperature,raycaster_cloudcaster,96.61050958719962,,2026-07-03T08:00:00+00:00,2026-07-03,,,,,,0.0,1.0,
1.4894904128003787,98.0,,t_plus_3h,aus,aus:2026-07-03,-1.4894904128003787,KXHIGHAUS-26JUL03,,temperature,raycaster_cloudcaster,96.51050958719962,,2026-07-03T09:00:00+00:00,2026-07-03,,,,,,0.0,1.0,
1.3894904128003844,98.0,,t_plus_4h,aus,aus:2026-07-03,-1.3894904128003844,KXHIGHAUS-26JUL03,,temperature,raycaster_cloudcaster,96.61050958719962,,2026-07-03T10:00:00+00:00,2026-07-03,,,,,,0.0,1.0,
1.4394904128003816,98.0,,t_plus_5h,aus,aus:2026-07-03,-1.4394904128003816,KXHIGHAUS-26JUL03,,temperature,raycaster_cloudcaster,96.56050958719962,,2026-07-03T11:00:00+00:00,2026-07-03,,,,,,0.0,1.0,
1.4538671494481434,98.0,,t_plus_6h,aus,aus:2026-07-03,-1.4538671494481434,KXHIGHAUS-26JUL03,,temperature,raycaster_cloudcaster,96.54613285055186,,2026-07-03T12:00:00+00:00,2026-07-03,,,,,,0.0,1.0,
1.4687501846774325,98.0,,t_plus_7h,aus,aus:2026-07-03,-1.4687501846774325,KXHIGHAUS-26JUL03,,temperature,raycaster_cloudcaster,96.53124981532257,,2026-07-03T13:00:00+00:00,2026-07-03,,,,,,0.0,1.0,
1.395765374354312,98.0,,t_plus_8h,aus,aus:2026-07-03,-1.395765374354312,KXHIGHAUS-26JUL03,,temperature,raycaster_cloudcaster,96.60423462564569,,2026-07-03T14:00:00+00:00,2026-07-03,,,,,,0.0,1.0,
1.5135991637121435,98.0,,t_plus_9h,aus,aus:2026-07-03,-1.5135991637121435,KXHIGHAUS-26JUL03,,temperature,raycaster_cloudcaster,96.48640083628786,,2026-07-03T15:00:00+00:00,2026-07-03,,,,,,0.0,1.0,
1.5100196877932035,98.0,,t_plus_10h,aus,aus:2026-07-03,-1.5100196877932035,KXHIGHAUS-26JUL03,,temperature,raycaster_cloudcaster,96.4899803122068,,2026-07-03T16:00:00+00:00,2026-07-03,,,,,,0.0,1.0,
1.5100196877932035,98.0,,t_plus_11h,aus,aus:2026-07-03,-1.5100196877932035,KXHIGHAUS-26JUL03,,temperature,raycaster_cloudcaster,96.4899803122068,,2026-07-03T17:00:00+00:00,2026-07-03,,,,,,0.0,1.0,
1.5223689016043949,98.0,,t_plus_12h,aus,aus:2026-07-03,-1.5223689016043949,KXHIGHAUS-26JUL03,,temperature,raycaster_cloudcaster,96.4776310983956,,2026-07-03T18:00:00+00:00,2026-07-03,,,,,,0.0,1.0,
1.6452545019301539,98.0,,t_plus_13h,aus,aus:2026-07-03,-1.6452545019301539,KXHIGHAUS-26JUL03,,temperature,raycaster_cloudcaster,96.35474549806985,,2026-07-03T19:00:00+00:00,2026-07-03,,,,,,0.0,1.0,
1.6452545019301539,98.0,,t_plus_14h,aus,aus:2026-07-03,-1.6452545019301539,KXHIGHAUS-26JUL03,,temperature,raycaster_cloudcaster,96.35474549806985,,2026-07-03T20:00:00+00:00,2026-07-03,,,,,,0.0,1.0,
1.2000000000000028,98.0,,t_plus_15h,aus,aus:2026-07-03,-1.2000000000000028,KXHIGHAUS-26JUL03,,temperature,raycaster_cloudcaster,96.8,,2026-07-03T21:00:00+00:00,2026-07-03,,,,,,0.0,1.0,
1.019999999999996,98.0,,t_plus_16h,aus,aus:2026-07-03,-1.019999999999996,KXHIGHAUS-26JUL03,,temperature,raycaster_cloudcaster,96.98,,2026-07-03T22:00:00+00:00,2026-07-03,,,,,,0.0,1.0,
0.5999999999999943,98.0,,t_plus_17h,aus,aus:2026-07-03,0.5999999999999943,KXHIGHAUS-26JUL03,,temperature,raycaster_cloudcaster,98.6,,2026-07-03T23:00:00+00:00,2026-07-03,,,,,,1.0,1.0,
0.5999999999999943,98.0,,t_plus_18h,aus,aus:2026-07-03,0.5999999999999943,KXHIGHAUS-26JUL03,,temperature,raycaster_cloudcaster,98.6,,2026-07-04T00:00:00+00:00,2026-07-03,,,,,,1.0,1.0,
0.5999999999999943,98.0,,t_plus_19h,aus,aus:2026-07-03,0.5999999999999943,KXHIGHAUS-26JUL03,,temperature,raycaster_cloudcaster,98.6,,2026-07-04T01:00:00+00:00,2026-07-03,,,,,,1.0,1.0,
0.5999999999999943,98.0,,t_plus_20h,aus,aus:2026-07-03,0.5999999999999943,KXHIGHAUS-26JUL03,,temperature,raycaster_cloudcaster,98.6,,2026-07-04T02:00:00+00:00,2026-07-03,,,,,,1.0,1.0,
0.5999999999999943,98.0,,t_plus_21h,aus,aus:2026-07-03,0.5999999999999943,KXHIGHAUS-26JUL03,,temperature,raycaster_cloudcaster,98.6,,2026-07-04T03:00:00+00:00,2026-07-03,,,,,,1.0,1.0,
0.5999999999999943,98.0,,t_plus_22h,aus,aus:2026-07-03,0.5999999999999943,KXHIGHAUS-26JUL03,,temperature,raycaster_cloudcaster,98.6,,2026-07-04T04:00:00+00:00,2026-07-03,,,,,,1.0,1.0,
0.5999999999999943,98.0,,t_plus_23h,aus,aus:2026-07-03,0.5999999999999943,KXHIGHAUS-26JUL03,,temperature,raycaster_cloudcaster,98.6,,2026-07-04T05:00:00+00:00,2026-07-03,,,,,,1.0,1.0,
1.4732601329124435,90.0,,t_plus_0h,den,den:2026-07-03,1.4732601329124435,KXHIGHDEN-26JUL03,,temperature,raycaster_cloudcaster,91.47326013291244,,2026-07-03T07:00:00+00:00,2026-07-03,,,,,,0.0,1.0,
1.3721056549297543,90.0,,t_plus_1h,den,den:2026-07-03,1.3721056549297543,KXHIGHDEN-26JUL03,,temperature,raycaster_cloudcaster,91.37210565492975,,2026-07-03T08:00:00+00:00,2026-07-03,,,,,,0.0,1.0,
2.1505189530994784,90.0,,t_plus_2h,den,den:2026-07-03,2.1505189530994784,KXHIGHDEN-26JUL03,,temperature,raycaster_cloudcaster,92.15051895309948,,2026-07-03T09:00:00+00:00,2026-07-03,,,,,,0.0,0.0,
1.9085961336191133,90.0,,t_plus_3h,den,den:2026-07-03,1.9085961336191133,KXHIGHDEN-26JUL03,,temperature,raycaster_cloudcaster,91.90859613361911,,2026-07-03T10:00:00+00:00,2026-07-03,,,,,,0.0,1.0,
1.8585961336191161,90.0,,t_plus_4h,den,den:2026-07-03,1.8585961336191161,KXHIGHDEN-26JUL03,,temperature,raycaster_cloudcaster,91.85859613361912,,2026-07-03T11:00:00+00:00,2026-07-03,,,,,,0.0,1.0,
1.6085961336191161,90.0,,t_plus_5h,den,den:2026-07-03,1.6085961336191161,KXHIGHDEN-26JUL03,,temperature,raycaster_cloudcaster,91.60859613361912,,2026-07-03T12:00:00+00:00,2026-07-03,,,,,,0.0,1.0,
1.2062364880594174,90.0,,t_plus_6h,den,den:2026-07-03,1.2062364880594174,KXHIGHDEN-26JUL03,,temperature,raycaster_cloudcaster,91.20623648805942,,2026-07-03T13:00:00+00:00,2026-07-03,,,,,,0.0,1.0,
1.2062364880594174,90.0,,t_plus_7h,den,den:2026-07-03,1.2062364880594174,KXHIGHDEN-26JUL03,,temperature,raycaster_cloudcaster,91.20623648805942,,2026-07-03T14:00:00+00:00,2026-07-03,,,,,,0.0,1.0,
0.9038651409496765,90.0,,t_plus_8h,den,den:2026-07-03,0.9038651409496765,KXHIGHDEN-26JUL03,,temperature,raycaster_cloudcaster,90.90386514094968,,2026-07-03T15:00:00+00:00,2026-07-03,,,,,,1.0,1.0,
0.8038651409496822,90.0,,t_plus_9h,den,den:2026-07-03,0.8038651409496822,KXHIGHDEN-26JUL03,,temperature,raycaster_cloudcaster,90.80386514094968,,2026-07-03T16:00:00+00:00,2026-07-03,,,,,,1.0,1.0,
0.8038651409496822,90.0,,t_plus_10h,den,den:2026-07-03,0.8038651409496822,KXHIGHDEN-26JUL03,,temperature,raycaster_cloudcaster,90.80386514094968,,2026-07-03T17:00:00+00:00,2026-07-03,,,,,,1.0,1.0,
1.0655117861922037,90.0,,t_plus_11h,den,den:2026-07-03,1.0655117861922037,KXHIGHDEN-26JUL03,,temperature,raycaster_cloudcaster,91.0655117861922,,2026-07-03T18:00:00+00:00,2026-07-03,,,,,,0.0,1.0,
1.6155117861922008,90.0,,t_plus_12h,den,den:2026-07-03,1.6155117861922008,KXHIGHDEN-26JUL03,,temperature,raycaster_cloudcaster,91.6155117861922,,2026-07-03T19:00:00+00:00,2026-07-03,,,,,,0.0,1.0,
0.9222804350124392,90.0,,t_plus_13h,den,den:2026-07-03,0.9222804350124392,KXHIGHDEN-26JUL03,,temperature,raycaster_cloudcaster,90.92228043501244,,2026-07-03T20:00:00+00:00,2026-07-03,,,,,,1.0,1.0,
1.2207386270963383,90.0,,t_plus_14h,den,den:2026-07-03,1.2207386270963383,KXHIGHDEN-26JUL03,,temperature,raycaster_cloudcaster,91.22073862709634,,2026-07-03T21:00:00+00:00,2026-07-03,,,,,,0.0,1.0,
1.0707386270963326,90.0,,t_plus_15h,den,den:2026-07-03,1.0707386270963326,KXHIGHDEN-26JUL03,,temperature,raycaster_cloudcaster,91.07073862709633,,2026-07-03T22:00:00+00:00,2026-07-03,,,,,,0.0,1.0,
0.9707386270963383,90.0,,t_plus_16h,den,den:2026-07-03,0.9707386270963383,KXHIGHDEN-26JUL03,,temperature,raycaster_cloudcaster,90.97073862709634,,2026-07-03T23:00:00+00:00,2026-07-03,,,,,,1.0,1.0,
0.268301318969975,90.0,,t_plus_17h,den,den:2026-07-03,-0.268301318969975,KXHIGHDEN-26JUL03,,temperature,raycaster_cloudcaster,89.73169868103002,,2026-07-04T00:00:00+00:00,2026-07-03,,,,,,1.0,1.0,
0.32088351640813073,90.0,,t_plus_18h,den,den:2026-07-03,-0.32088351640813073,KXHIGHDEN-26JUL03,,temperature,raycaster_cloudcaster,89.67911648359187,,2026-07-04T01:00:00+00:00,2026-07-03,,,,,,1.0,1.0,
0.32088351640813073,90.0,,t_plus_19h,den,den:2026-07-03,-0.32088351640813073,KXHIGHDEN-26JUL03,,temperature,raycaster_cloudcaster,89.67911648359187,,2026-07-04T02:00:00+00:00,2026-07-03,,,,,,1.0,1.0,
0.2046393472595014,90.0,,t_plus_20h,den,den:2026-07-03,-0.2046393472595014,KXHIGHDEN-26JUL03,,temperature,raycaster_cloudcaster,89.7953606527405,,2026-07-04T03:00:00+00:00,2026-07-03,,,,,,1.0,1.0,
0.9399999999999977,90.0,,t_plus_21h,den,den:2026-07-03,-0.9399999999999977,KXHIGHDEN-26JUL03,,temperature,raycaster_cloudcaster,89.06,,2026-07-04T04:00:00+00:00,2026-07-03,,,,,,1.0,1.0,
0.9399999999999977,90.0,,t_plus_22h,den,den:2026-07-03,-0.9399999999999977,KXHIGHDEN-26JUL03,,temperature,raycaster_cloudcaster,89.06,,2026-07-04T05:00:00+00:00,2026-07-03,,,,,,1.0,1.0,
0.9399999999999977,90.0,,t_plus_23h,den,den:2026-07-03,-0.9399999999999977,KXHIGHDEN-26JUL03,,temperature,raycaster_cloudcaster,89.06,,2026-07-04T06:00:00+00:00,2026-07-03,,,,,,1.0,1.0,
0.3226122262046829,73.0,,t_plus_0h,la,la:2026-07-03,-0.3226122262046829,KXHIGHLAX-26JUL03,,temperature,raycaster_cloudcaster,72.67738777379532,,2026-07-03T08:00:00+00:00,2026-07-03,,,,,,1.0,1.0,
0.5030971541836351,73.0,,t_plus_1h,la,la:2026-07-03,-0.5030971541836351,KXHIGHLAX-26JUL03,,temperature,raycaster_cloudcaster,72.49690284581636,,2026-07-03T09:00:00+00:00,2026-07-03,,,,,,1.0,1.0,
0.3530971541836436,73.0,,t_plus_2h,la,la:2026-07-03,-0.3530971541836436,KXHIGHLAX-26JUL03,,temperature,raycaster_cloudcaster,72.64690284581636,,2026-07-03T10:00:00+00:00,2026-07-03,,,,,,1.0,1.0,
0.30309715418363226,73.0,,t_plus_3h,la,la:2026-07-03,-0.30309715418363226,KXHIGHLAX-26JUL03,,temperature,raycaster_cloudcaster,72.69690284581637,,2026-07-03T11:00:00+00:00,2026-07-03,,,,,,1.0,1.0,
0.2530971541836351,73.0,,t_plus_4h,la,la:2026-07-03,-0.2530971541836351,KXHIGHLAX-26JUL03,,temperature,raycaster_cloudcaster,72.74690284581636,,2026-07-03T12:00:00+00:00,2026-07-03,,,,,,1.0,1.0,
0.005516288147035198,73.0,,t_plus_5h,la,la:2026-07-03,-0.005516288147035198,KXHIGHLAX-26JUL03,,temperature,raycaster_cloudcaster,72.99448371185296,,2026-07-03T13:00:00+00:00,2026-07-03,,,,,,1.0,1.0,
0.005516288147035198,73.0,,t_plus_6h,la,la:2026-07-03,-0.005516288147035198,KXHIGHLAX-26JUL03,,temperature,raycaster_cloudcaster,72.99448371185296,,2026-07-03T14:00:00+00:00,2026-07-03,,,,,,1.0,1.0,
0.19448371185296764,73.0,,t_plus_7h,la,la:2026-07-03,0.19448371185296764,KXHIGHLAX-26JUL03,,temperature,raycaster_cloudcaster,73.19448371185297,,2026-07-03T15:00:00+00:00,2026-07-03,,,,,,1.0,1.0,
0.14211236474324096,73.0,,t_plus_8h,la,la:2026-07-03,0.14211236474324096,KXHIGHLAX-26JUL03,,temperature,raycaster_cloudcaster,73.14211236474324,,2026-07-03T16:00:00+00:00,2026-07-03,,,,,,1.0,1.0,
0.14211236474324096,73.0,,t_plus_9h,la,la:2026-07-03,0.14211236474324096,KXHIGHLAX-26JUL03,,temperature,raycaster_cloudcaster,73.14211236474324,,2026-07-03T17:00:00+00:00,2026-07-03,,,,,,1.0,1.0,
0.19211236474323812,73.0,,t_plus_10h,la,la:2026-07-03,0.19211236474323812,KXHIGHLAX-26JUL03,,temperature,raycaster_cloudcaster,73.19211236474324,,2026-07-03T18:00:00+00:00,2026-07-03,,,,,,1.0,1.0,
0.09313588599509615,73.0,,t_plus_11h,la,la:2026-07-03,-0.09313588599509615,KXHIGHLAX-26JUL03,,temperature,raycaster_cloudcaster,72.9068641140049,,2026-07-03T19:00:00+00:00,2026-07-03,,,,,,1.0,1.0,
0.09313588599509615,73.0,,t_plus_12h,la,la:2026-07-03,-0.09313588599509615,KXHIGHLAX-26JUL03,,temperature,raycaster_cloudcaster,72.9068641140049,,2026-07-03T20:00:00+00:00,2026-07-03,,,,,,1.0,1.0,
0.6931358859951047,73.0,,t_plus_13h,la,la:2026-07-03,-0.6931358859951047,KXHIGHLAX-26JUL03,,temperature,raycaster_cloudcaster,72.3068641140049,,2026-07-03T21:00:00+00:00,2026-07-03,,,,,,1.0,1.0,
0.48985733920359564,73.0,,t_plus_14h,la,la:2026-07-03,0.48985733920359564,KXHIGHLAX-26JUL03,,temperature,raycaster_cloudcaster,73.4898573392036,,2026-07-03T22:00:00+00:00,2026-07-03,,,,,,1.0,1.0,
0.48985733920359564,73.0,,t_plus_15h,la,la:2026-07-03,0.48985733920359564,KXHIGHLAX-26JUL03,,temperature,raycaster_cloudcaster,73.4898573392036,,2026-07-03T23:00:00+00:00,2026-07-03,,,,,,1.0,1.0,
0.482651563704394,73.0,,t_plus_16h,la,la:2026-07-03,0.482651563704394,KXHIGHLAX-26JUL03,,temperature,raycaster_cloudcaster,73.4826515637044,,2026-07-04T00:00:00+00:00,2026-07-03,,,,,,1.0,1.0,
0.482651563704394,73.0,,t_plus_17h,la,la:2026-07-03,0.482651563704394,KXHIGHLAX-26JUL03,,temperature,raycaster_cloudcaster,73.4826515637044,,2026-07-04T01:00:00+00:00,2026-07-03,,,,,,1.0,1.0,
0.4000000000000057,73.0,,t_plus_18h,la,la:2026-07-03,0.4000000000000057,KXHIGHLAX-26JUL03,,temperature,raycaster_cloudcaster,73.4,,2026-07-04T02:00:00+00:00,2026-07-03,,,,,,1.0,1.0,
0.4000000000000057,73.0,,t_plus_19h,la,la:2026-07-03,0.4000000000000057,KXHIGHLAX-26JUL03,,temperature,raycaster_cloudcaster,73.4,,2026-07-04T03:00:00+00:00,2026-07-03,,,,,,1.0,1.0,
0.4000000000000057,73.0,,t_plus_20h,la,la:2026-07-03,0.4000000000000057,KXHIGHLAX-26JUL03,,temperature,raycaster_cloudcaster,73.4,,2026-07-04T04:00:00+00:00,2026-07-03,,,,,,1.0,1.0,
0.4000000000000057,73.0,,t_plus_21h,la,la:2026-07-03,0.4000000000000057,KXHIGHLAX-26JUL03,,temperature,raycaster_cloudcaster,73.4,,2026-07-04T05:00:00+00:00,2026-07-03,,,,,,1.0,1.0,
0.4000000000000057,73.0,,t_plus_22h,la,la:2026-07-03,0.4000000000000057,KXHIGHLAX-26JUL03,,temperature,raycaster_cloudcaster,73.4,,2026-07-04T06:00:00+00:00,2026-07-03,,,,,,1.0,1.0,
0.4000000000000057,73.0,,t_plus_23h,la,la:2026-07-03,0.4000000000000057,KXHIGHLAX-26JUL03,,temperature,raycaster_cloudcaster,73.4,,2026-07-04T07:00:00+00:00,2026-07-03,,,,,,1.0,1.0,
0.507453486167833,91.0,,t_plus_0h,mia,mia:2026-07-03,-0.507453486167833,KXHIGHMIA-26JUL03,,temperature,raycaster_cloudcaster,90.49254651383217,,2026-07-03T05:00:00+00:00,2026-07-03,,,,,,1.0,1.0,
3.565798015886074,91.0,,t_plus_1h,mia,mia:2026-07-03,-3.565798015886074,KXHIGHMIA-26JUL03,,temperature,raycaster_cloudcaster,87.43420198411393,,2026-07-03T06:00:00+00:00,2026-07-03,,,,,,0.0,0.0,
0.07771956498756083,91.0,,t_plus_2h,mia,mia:2026-07-03,-0.07771956498756083,KXHIGHMIA-26JUL03,,temperature,raycaster_cloudcaster,90.92228043501244,,2026-07-03T07:00:00+00:00,2026-07-03,,,,,,1.0,1.0,
0.07771956498756083,91.0,,t_plus_3h,mia,mia:2026-07-03,-0.07771956498756083,KXHIGHMIA-26JUL03,,temperature,raycaster_cloudcaster,90.92228043501244,,2026-07-03T08:00:00+00:00,2026-07-03,,,,,,1.0,1.0,
0.1277195649875722,91.0,,t_plus_4h,mia,mia:2026-07-03,-0.1277195649875722,KXHIGHMIA-26JUL03,,temperature,raycaster_cloudcaster,90.87228043501243,,2026-07-03T09:00:00+00:00,2026-07-03,,,,,,1.0,1.0,
0.4207386270963269,91.0,,t_plus_5h,mia,mia:2026-07-03,0.4207386270963269,KXHIGHMIA-26JUL03,,temperature,raycaster_cloudcaster,91.42073862709633,,2026-07-03T10:00:00+00:00,2026-07-03,,,,,,1.0,1.0,
0.4207386270963269,91.0,,t_plus_6h,mia,mia:2026-07-03,0.4207386270963269,KXHIGHMIA-26JUL03,,temperature,raycaster_cloudcaster,91.42073862709633,,2026-07-03T11:00:00+00:00,2026-07-03,,,,,,1.0,1.0,
0.3865051574879175,91.0,,t_plus_7h,mia,mia:2026-07-03,-0.3865051574879175,KXHIGHMIA-26JUL03,,temperature,raycaster_cloudcaster,90.61349484251208,,2026-07-03T12:00:00+00:00,2026-07-03,,,,,,1.0,1.0,
0.33509840398093615,91.0,,t_plus_8h,mia,mia:2026-07-03,-0.33509840398093615,KXHIGHMIA-26JUL03,,temperature,raycaster_cloudcaster,90.66490159601906,,2026-07-03T13:00:00+00:00,2026-07-03,,,,,,1.0,1.0,
0.33509840398093615,91.0,,t_plus_9h,mia,mia:2026-07-03,-0.33509840398093615,KXHIGHMIA-26JUL03,,temperature,raycaster_cloudcaster,90.66490159601906,,2026-07-03T14:00:00+00:00,2026-07-03,,,,,,1.0,1.0,
0.34200276019130627,91.0,,t_plus_10h,mia,mia:2026-07-03,-0.34200276019130627,KXHIGHMIA-26JUL03,,temperature,raycaster_cloudcaster,90.6579972398087,,2026-07-03T15:00:00+00:00,2026-07-03,,,,,,1.0,1.0,
0.09200276019130627,91.0,,t_plus_11h,mia,mia:2026-07-03,-0.09200276019130627,KXHIGHMIA-26JUL03,,temperature,raycaster_cloudcaster,90.9079972398087,,2026-07-03T16:00:00+00:00,2026-07-03,,,,,,1.0,1.0,
0.09200276019130627,91.0,,t_plus_12h,mia,mia:2026-07-03,-0.09200276019130627,KXHIGHMIA-26JUL03,,temperature,raycaster_cloudcaster,90.9079972398087,,2026-07-03T17:00:00+00:00,2026-07-03,,,,,,1.0,1.0,
0.34200276019130627,91.0,,t_plus_13h,mia,mia:2026-07-03,-0.34200276019130627,KXHIGHMIA-26JUL03,,temperature,raycaster_cloudcaster,90.6579972398087,,2026-07-03T18:00:00+00:00,2026-07-03,,,,,,1.0,1.0,
0.09200276019130627,91.0,,t_plus_14h,mia,mia:2026-07-03,-0.09200276019130627,KXHIGHMIA-26JUL03,,temperature,raycaster_cloudcaster,90.9079972398087,,2026-07-03T19:00:00+00:00,2026-07-03,,,,,,1.0,1.0,
0.09200276019130627,91.0,,t_plus_15h,mia,mia:2026-07-03,-0.09200276019130627,KXHIGHMIA-26JUL03,,temperature,raycaster_cloudcaster,90.9079972398087,,2026-07-03T20:00:00+00:00,2026-07-03,,,,,,1.0,1.0,
1.025656918152137,91.0,,t_plus_16h,mia,mia:2026-07-03,1.025656918152137,KXHIGHMIA-26JUL03,,temperature,raycaster_cloudcaster,92.02565691815214,,2026-07-03T21:00:00+00:00,2026-07-03,,,,,,0.0,1.0,
1.025656918152137,91.0,,t_plus_17h,mia,mia:2026-07-03,1.025656918152137,KXHIGHMIA-26JUL03,,temperature,raycaster_cloudcaster,92.02565691815214,,2026-07-03T22:00:00+00:00,2026-07-03,,,,,,0.0,1.0,
1.1035027669746285,91.0,,t_plus_18h,mia,mia:2026-07-03,1.1035027669746285,KXHIGHMIA-26JUL03,,temperature,raycaster_cloudcaster,92.10350276697463,,2026-07-03T23:00:00+00:00,2026-07-03,,,,,,0.0,1.0,
0.5125262568545423,91.0,,t_plus_19h,mia,mia:2026-07-03,0.5125262568545423,KXHIGHMIA-26JUL03,,temperature,raycaster_cloudcaster,91.51252625685454,,2026-07-04T00:00:00+00:00,2026-07-03,,,,,,1.0,1.0,
0.5412027617575887,91.0,,t_plus_20h,mia,mia:2026-07-03,0.5412027617575887,KXHIGHMIA-26JUL03,,temperature,raycaster_cloudcaster,91.54120276175759,,2026-07-04T01:00:00+00:00,2026-07-03,,,,,,1.0,1.0,
0.6503743794595778,91.0,,t_plus_21h,mia,mia:2026-07-03,0.6503743794595778,KXHIGHMIA-26JUL03,,temperature,raycaster_cloudcaster,91.65037437945958,,2026-07-04T02:00:00+00:00,2026-07-03,,,,,,1.0,1.0,
0.6292024308239661,91.0,,t_plus_22h,mia,mia:2026-07-03,0.6292024308239661,KXHIGHMIA-26JUL03,,temperature,raycaster_cloudcaster,91.62920243082397,,2026-07-04T03:00:00+00:00,2026-07-03,,,,,,1.0,1.0,
0.6536860373398241,91.0,,t_plus_23h,mia,mia:2026-07-03,0.6536860373398241,KXHIGHMIA-26JUL03,,temperature,raycaster_cloudcaster,91.65368603733982,,2026-07-04T04:00:00+00:00,2026-07-03,,,,,,1.0,1.0,
3.092433935019912,98.0,,t_plus_0h,nyc,nyc:2026-07-03,3.092433935019912,KXHIGHNY-26JUL03,,temperature,raycaster_cloudcaster,101.09243393501991,,2026-07-03T05:00:00+00:00,2026-07-03,,,,,,0.0,0.0,
3.1438137019991217,98.0,,t_plus_1h,nyc,nyc:2026-07-03,3.1438137019991217,KXHIGHNY-26JUL03,,temperature,raycaster_cloudcaster,101.14381370199912,,2026-07-03T06:00:00+00:00,2026-07-03,,,,,,0.0,0.0,
2.891445757906041,98.0,,t_plus_2h,nyc,nyc:2026-07-03,2.891445757906041,KXHIGHNY-26JUL03,,temperature,raycaster_cloudcaster,100.89144575790604,,2026-07-03T07:00:00+00:00,2026-07-03,,,,,,0.0,0.0,
3.3985878150995177,98.0,,t_plus_3h,nyc,nyc:2026-07-03,3.3985878150995177,KXHIGHNY-26JUL03,,temperature,raycaster_cloudcaster,101.39858781509952,,2026-07-03T08:00:00+00:00,2026-07-03,,,,,,0.0,0.0,
3.3985878150995177,98.0,,t_plus_4h,nyc,nyc:2026-07-03,3.3985878150995177,KXHIGHNY-26JUL03,,temperature,raycaster_cloudcaster,101.39858781509952,,2026-07-03T09:00:00+00:00,2026-07-03,,,,,,0.0,0.0,
3.2542741010635154,98.0,,t_plus_5h,nyc,nyc:2026-07-03,3.2542741010635154,KXHIGHNY-26JUL03,,temperature,raycaster_cloudcaster,101.25427410106352,,2026-07-03T10:00:00+00:00,2026-07-03,,,,,,0.0,0.0,
3.2470135958742787,98.0,,t_plus_6h,nyc,nyc:2026-07-03,3.2470135958742787,KXHIGHNY-26JUL03,,temperature,raycaster_cloudcaster,101.24701359587428,,2026-07-03T11:00:00+00:00,2026-07-03,,,,,,0.0,0.0,
3.2990866374354795,98.0,,t_plus_7h,nyc,nyc:2026-07-03,3.2990866374354795,KXHIGHNY-26JUL03,,temperature,raycaster_cloudcaster,101.29908663743548,,2026-07-03T12:00:00+00:00,2026-07-03,,,,,,0.0,0.0,
3.3205906166462,98.0,,t_plus_8h,nyc,nyc:2026-07-03,3.3205906166462,KXHIGHNY-26JUL03,,temperature,raycaster_cloudcaster,101.3205906166462,,2026-07-03T13:00:00+00:00,2026-07-03,,,,,,0.0,0.0,
3.3205906166462,98.0,,t_plus_9h,nyc,nyc:2026-07-03,3.3205906166462,KXHIGHNY-26JUL03,,temperature,raycaster_cloudcaster,101.3205906166462,,2026-07-03T14:00:00+00:00,2026-07-03,,,,,,0.0,0.0,
3.2990866374354795,98.0,,t_plus_10h,nyc,nyc:2026-07-03,3.2990866374354795,KXHIGHNY-26JUL03,,temperature,raycaster_cloudcaster,101.29908663743548,,2026-07-03T15:00:00+00:00,2026-07-03,,,,,,0.0,0.0,
3.324317683671424,98.0,,t_plus_11h,nyc,nyc:2026-07-03,3.324317683671424,KXHIGHNY-26JUL03,,temperature,raycaster_cloudcaster,101.32431768367142,,2026-07-03T16:00:00+00:00,2026-07-03,,,,,,0.0,0.0,
3.324317683671424,98.0,,t_plus_12h,nyc,nyc:2026-07-03,3.324317683671424,KXHIGHNY-26JUL03,,temperature,raycaster_cloudcaster,101.32431768367142,,2026-07-03T17:00:00+00:00,2026-07-03,,,,,,0.0,0.0,
3.3752816627978177,98.0,,t_plus_13h,nyc,nyc:2026-07-03,3.3752816627978177,KXHIGHNY-26JUL03,,temperature,raycaster_cloudcaster,101.37528166279782,,2026-07-03T18:00:00+00:00,2026-07-03,,,,,,0.0,0.0,
3.2970946211315066,98.0,,t_plus_14h,nyc,nyc:2026-07-03,3.2970946211315066,KXHIGHNY-26JUL03,,temperature,raycaster_cloudcaster,101.2970946211315,,2026-07-03T19:00:00+00:00,2026-07-03,,,,,,0.0,0.0,
2.3950019522974486,98.0,,t_plus_15h,nyc,nyc:2026-07-03,2.3950019522974486,KXHIGHNY-26JUL03,,temperature,raycaster_cloudcaster,100.39500195229745,,2026-07-03T20:00:00+00:00,2026-07-03,,,,,,0.0,0.0,
2.1950019522974458,98.0,,t_plus_16h,nyc,nyc:2026-07-03,2.1950019522974458,KXHIGHNY-26JUL03,,temperature,raycaster_cloudcaster,100.19500195229745,,2026-07-03T21:00:00+00:00,2026-07-03,,,,,,0.0,0.0,
2.2252816627978262,98.0,,t_plus_17h,nyc,nyc:2026-07-03,2.2252816627978262,KXHIGHNY-26JUL03,,temperature,raycaster_cloudcaster,100.22528166279783,,2026-07-03T22:00:00+00:00,2026-07-03,,,,,,0.0,0.0,
0.060000000000002274,98.0,,t_plus_18h,nyc,nyc:2026-07-03,0.060000000000002274,KXHIGHNY-26JUL03,,temperature,raycaster_cloudcaster,98.06,,2026-07-03T23:00:00+00:00,2026-07-03,,,,,,1.0,1.0,
0.060000000000002274,98.0,,t_plus_19h,nyc,nyc:2026-07-03,0.060000000000002274,KXHIGHNY-26JUL03,,temperature,raycaster_cloudcaster,98.06,,2026-07-04T00:00:00+00:00,2026-07-03,,,,,,1.0,1.0,
0.060000000000002274,98.0,,t_plus_20h,nyc,nyc:2026-07-03,0.060000000000002274,KXHIGHNY-26JUL03,,temperature,raycaster_cloudcaster,98.06,,2026-07-04T01:00:00+00:00,2026-07-03,,,,,,1.0,1.0,
0.060000000000002274,98.0,,t_plus_21h,nyc,nyc:2026-07-03,0.060000000000002274,KXHIGHNY-26JUL03,,temperature,raycaster_cloudcaster,98.06,,2026-07-04T02:00:00+00:00,2026-07-03,,,,,,1.0,1.0,
0.060000000000002274,98.0,,t_plus_22h,nyc,nyc:2026-07-03,0.060000000000002274,KXHIGHNY-26JUL03,,temperature,raycaster_cloudcaster,98.06,,2026-07-04T03:00:00+00:00,2026-07-03,,,,,,1.0,1.0,
0.060000000000002274,98.0,,t_plus_23h,nyc,nyc:2026-07-03,0.060000000000002274,KXHIGHNY-26JUL03,,temperature,raycaster_cloudcaster,98.06,,2026-07-04T04:00:00+00:00,2026-07-03,,,,,,1.0,1.0,
0.7756727857697001,95.0,,t_plus_0h,okc,okc:2026-07-03,-0.7756727857697001,KXHIGHTOKC-26JUL03,,temperature,raycaster_cloudcaster,94.2243272142303,,2026-07-03T06:00:00+00:00,2026-07-03,,,,,,1.0,1.0,
0.3907359857601591,95.0,,t_plus_1h,okc,okc:2026-07-03,-0.3907359857601591,KXHIGHTOKC-26JUL03,,temperature,raycaster_cloudcaster,94.60926401423984,,2026-07-03T07:00:00+00:00,2026-07-03,,,,,,1.0,1.0,
0.3907359857601591,95.0,,t_plus_2h,okc,okc:2026-07-03,-0.3907359857601591,KXHIGHTOKC-26JUL03,,temperature,raycaster_cloudcaster,94.60926401423984,,2026-07-03T08:00:00+00:00,2026-07-03,,,,,,1.0,1.0,
0.3744194701774717,95.0,,t_plus_3h,okc,okc:2026-07-03,-0.3744194701774717,KXHIGHTOKC-26JUL03,,temperature,raycaster_cloudcaster,94.62558052982253,,2026-07-03T09:00:00+00:00,2026-07-03,,,,,,1.0,1.0,
0.05850495501223918,95.0,,t_plus_4h,okc,okc:2026-07-03,-0.05850495501223918,KXHIGHTOKC-26JUL03,,temperature,raycaster_cloudcaster,94.94149504498776,,2026-07-03T10:00:00+00:00,2026-07-03,,,,,,1.0,1.0,
0.05850495501223918,95.0,,t_plus_5h,okc,okc:2026-07-03,-0.05850495501223918,KXHIGHTOKC-26JUL03,,temperature,raycaster_cloudcaster,94.94149504498776,,2026-07-03T11:00:00+00:00,2026-07-03,,,,,,1.0,1.0,
0.00850495501222781,95.0,,t_plus_6h,okc,okc:2026-07-03,-0.00850495501222781,KXHIGHTOKC-26JUL03,,temperature,raycaster_cloudcaster,94.99149504498777,,2026-07-03T12:00:00+00:00,2026-07-03,,,,,,1.0,1.0,
0.016899317319072793,95.0,,t_plus_7h,okc,okc:2026-07-03,-0.016899317319072793,KXHIGHTOKC-26JUL03,,temperature,raycaster_cloudcaster,94.98310068268093,,2026-07-03T13:00:00+00:00,2026-07-03,,,,,,1.0,1.0,
0.052399264118108135,95.0,,t_plus_8h,okc,okc:2026-07-03,0.052399264118108135,KXHIGHTOKC-26JUL03,,temperature,raycaster_cloudcaster,95.05239926411811,,2026-07-03T14:00:00+00:00,2026-07-03,,,,,,1.0,1.0,
0.13790466097252363,95.0,,t_plus_9h,okc,okc:2026-07-03,-0.13790466097252363,KXHIGHTOKC-26JUL03,,temperature,raycaster_cloudcaster,94.86209533902748,,2026-07-03T15:00:00+00:00,2026-07-03,,,,,,1.0,1.0,
0.13925795159141785,95.0,,t_plus_10h,okc,okc:2026-07-03,-0.13925795159141785,KXHIGHTOKC-26JUL03,,temperature,raycaster_cloudcaster,94.86074204840858,,2026-07-03T16:00:00+00:00,2026-07-03,,,,,,1.0,1.0,
0.13658813145814008,95.0,,t_plus_11h,okc,okc:2026-07-03,-0.13658813145814008,KXHIGHTOKC-26JUL03,,temperature,raycaster_cloudcaster,94.86341186854186,,2026-07-03T17:00:00+00:00,2026-07-03,,,,,,1.0,1.0,
0.13658813145814008,95.0,,t_plus_12h,okc,okc:2026-07-03,-0.13658813145814008,KXHIGHTOKC-26JUL03,,temperature,raycaster_cloudcaster,94.86341186854186,,2026-07-03T18:00:00+00:00,2026-07-03,,,,,,1.0,1.0,
0.13658813145814008,95.0,,t_plus_13h,okc,okc:2026-07-03,-0.13658813145814008,KXHIGHTOKC-26JUL03,,temperature,raycaster_cloudcaster,94.86341186854186,,2026-07-03T19:00:00+00:00,2026-07-03,,,,,,1.0,1.0,
0.22449276572837107,95.0,,t_plus_14h,okc,okc:2026-07-03,-0.22449276572837107,KXHIGHTOKC-26JUL03,,temperature,raycaster_cloudcaster,94.77550723427163,,2026-07-03T20:00:00+00:00,2026-07-03,,,,,,1.0,1.0,
0.27555050171108064,95.0,,t_plus_15h,okc,okc:2026-07-03,-0.27555050171108064,KXHIGHTOKC-26JUL03,,temperature,raycaster_cloudcaster,94.72444949828892,,2026-07-03T21:00:00+00:00,2026-07-03,,,,,,1.0,1.0,
0.0,95.0,,t_plus_16h,okc,okc:2026-07-03,0.0,KXHIGHTOKC-26JUL03,,temperature,raycaster_cloudcaster,95.0,,2026-07-03T22:00:00+00:00,2026-07-03,,,,,,1.0,1.0,
0.0,95.0,,t_plus_17h,okc,okc:2026-07-03,0.0,KXHIGHTOKC-26JUL03,,temperature,raycaster_cloudcaster,95.0,,2026-07-03T23:00:00+00:00,2026-07-03,,,,,,1.0,1.0,
0.0,95.0,,t_plus_18h,okc,okc:2026-07-03,0.0,KXHIGHTOKC-26JUL03,,temperature,raycaster_cloudcaster,95.0,,2026-07-04T00:00:00+00:00,2026-07-03,,,,,,1.0,1.0,
0.016145299654439782,95.0,,t_plus_19h,okc,okc:2026-07-03,0.016145299654439782,KXHIGHTOKC-26JUL03,,temperature,raycaster_cloudcaster,95.01614529965444,,2026-07-04T01:00:00+00:00,2026-07-03,,,,,,1.0,1.0,
0.16242148294675474,95.0,,t_plus_20h,okc,okc:2026-07-03,0.16242148294675474,KXHIGHTOKC-26JUL03,,temperature,raycaster_cloudcaster,95.16242148294675,,2026-07-04T02:00:00+00:00,2026-07-03,,,,,,1.0,1.0,
0.06894036025860828,95.0,,t_plus_21h,okc,okc:2026-07-03,0.06894036025860828,KXHIGHTOKC-26JUL03,,temperature,raycaster_cloudcaster,95.06894036025861,,2026-07-04T03:00:00+00:00,2026-07-03,,,,,,1.0,1.0,
0.07225201813885462,95.0,,t_plus_22h,okc,okc:2026-07-03,0.07225201813885462,KXHIGHTOKC-26JUL03,,temperature,raycaster_cloudcaster,95.07225201813885,,2026-07-04T04:00:00+00:00,2026-07-03,,,,,,1.0,1.0,
0.0,95.0,,t_plus_23h,okc,okc:2026-07-03,0.0,KXHIGHTOKC-26JUL03,,temperature,raycaster_cloudcaster,95.0,,2026-07-04T05:00:00+00:00,2026-07-03,,,,,,1.0,1.0,
0.687495580274259,97.0,,t_plus_0h,aus,aus:2026-07-04,0.687495580274259,KXHIGHAUS-26JUL04,,temperature,raycaster_cloudcaster,97.68749558027426,,2026-07-04T06:00:00+00:00,2026-07-04,,,,,,1.0,1.0,
0.5999581635628459,97.0,,t_plus_1h,aus,aus:2026-07-04,0.5999581635628459,KXHIGHAUS-26JUL04,,temperature,raycaster_cloudcaster,97.59995816356285,,2026-07-04T07:00:00+00:00,2026-07-04,,,,,,1.0,1.0,
0.5999581635628459,97.0,,t_plus_2h,aus,aus:2026-07-04,0.5999581635628459,KXHIGHAUS-26JUL04,,temperature,raycaster_cloudcaster,97.59995816356285,,2026-07-04T08:00:00+00:00,2026-07-04,,,,,,1.0,1.0,
0.6596561065553317,97.0,,t_plus_3h,aus,aus:2026-07-04,0.6596561065553317,KXHIGHAUS-26JUL04,,temperature,raycaster_cloudcaster,97.65965610655533,,2026-07-04T09:00:00+00:00,2026-07-04,,,,,,1.0,1.0,
0.6168170184817399,97.0,,t_plus_4h,aus,aus:2026-07-04,0.6168170184817399,KXHIGHAUS-26JUL04,,temperature,raycaster_cloudcaster,97.61681701848174,,2026-07-04T10:00:00+00:00,2026-07-04,,,,,,1.0,1.0,
0.6727187097982323,97.0,,t_plus_5h,aus,aus:2026-07-04,0.6727187097982323,KXHIGHAUS-26JUL04,,temperature,raycaster_cloudcaster,97.67271870979823,,2026-07-04T11:00:00+00:00,2026-07-04,,,,,,1.0,1.0,
0.5182103969723073,97.0,,t_plus_6h,aus,aus:2026-07-04,0.5182103969723073,KXHIGHAUS-26JUL04,,temperature,raycaster_cloudcaster,97.51821039697231,,2026-07-04T12:00:00+00:00,2026-07-04,,,,,,1.0,1.0,
0.668210396972313,97.0,,t_plus_7h,aus,aus:2026-07-04,0.668210396972313,KXHIGHAUS-26JUL04,,temperature,raycaster_cloudcaster,97.66821039697231,,2026-07-04T13:00:00+00:00,2026-07-04,,,,,,1.0,1.0,
0.668210396972313,97.0,,t_plus_8h,aus,aus:2026-07-04,0.668210396972313,KXHIGHAUS-26JUL04,,temperature,raycaster_cloudcaster,97.66821039697231,,2026-07-04T14:00:00+00:00,2026-07-04,,,,,,1.0,1.0,
0.6183030647350307,97.0,,t_plus_9h,aus,aus:2026-07-04,0.6183030647350307,KXHIGHAUS-26JUL04,,temperature,raycaster_cloudcaster,97.61830306473503,,2026-07-04T15:00:00+00:00,2026-07-04,,,,,,1.0,1.0,
0.38647163603079093,97.0,,t_plus_10h,aus,aus:2026-07-04,0.38647163603079093,KXHIGHAUS-26JUL04,,temperature,raycaster_cloudcaster,97.38647163603079,,2026-07-04T16:00:00+00:00,2026-07-04,,,,,,1.0,1.0,
0.32220326305936453,97.0,,t_plus_11h,aus,aus:2026-07-04,0.32220326305936453,KXHIGHAUS-26JUL04,,temperature,raycaster_cloudcaster,97.32220326305936,,2026-07-04T17:00:00+00:00,2026-07-04,,,,,,1.0,1.0,
0.3178818413822597,97.0,,t_plus_12h,aus,aus:2026-07-04,0.3178818413822597,KXHIGHAUS-26JUL04,,temperature,raycaster_cloudcaster,97.31788184138226,,2026-07-04T18:00:00+00:00,2026-07-04,,,,,,1.0,1.0,
0.23910964461569506,97.0,,t_plus_13h,aus,aus:2026-07-04,0.23910964461569506,KXHIGHAUS-26JUL04,,temperature,raycaster_cloudcaster,97.2391096446157,,2026-07-04T19:00:00+00:00,2026-07-04,,,,,,1.0,1.0,
0.23910964461569506,97.0,,t_plus_14h,aus,aus:2026-07-04,0.23910964461569506,KXHIGHAUS-26JUL04,,temperature,raycaster_cloudcaster,97.2391096446157,,2026-07-04T20:00:00+00:00,2026-07-04,,,,,,1.0,1.0,
0.1977521569389893,97.0,,t_plus_15h,aus,aus:2026-07-04,0.1977521569389893,KXHIGHAUS-26JUL04,,temperature,raycaster_cloudcaster,97.19775215693899,,2026-07-04T21:00:00+00:00,2026-07-04,,,,,,1.0,1.0,
0.0014027091387873725,97.0,,t_plus_16h,aus,aus:2026-07-04,0.0014027091387873725,KXHIGHAUS-26JUL04,,temperature,raycaster_cloudcaster,97.00140270913879,,2026-07-04T22:00:00+00:00,2026-07-04,,,,,,1.0,1.0,
0.0014027091387873725,97.0,,t_plus_17h,aus,aus:2026-07-04,0.0014027091387873725,KXHIGHAUS-26JUL04,,temperature,raycaster_cloudcaster,97.00140270913879,,2026-07-04T23:00:00+00:00,2026-07-04,,,,,,1.0,1.0,
0.20000000000000284,97.0,,t_plus_18h,aus,aus:2026-07-04,-0.20000000000000284,KXHIGHAUS-26JUL04,,temperature,raycaster_cloudcaster,96.8,,2026-07-05T00:00:00+00:00,2026-07-04,,,,,,1.0,1.0,
0.20000000000000284,97.0,,t_plus_19h,aus,aus:2026-07-04,-0.20000000000000284,KXHIGHAUS-26JUL04,,temperature,raycaster_cloudcaster,96.8,,2026-07-05T01:00:00+00:00,2026-07-04,,,,,,1.0,1.0,
0.20000000000000284,97.0,,t_plus_20h,aus,aus:2026-07-04,-0.20000000000000284,KXHIGHAUS-26JUL04,,temperature,raycaster_cloudcaster,96.8,,2026-07-05T02:00:00+00:00,2026-07-04,,,,,,1.0,1.0,
0.20000000000000284,97.0,,t_plus_21h,aus,aus:2026-07-04,-0.20000000000000284,KXHIGHAUS-26JUL04,,temperature,raycaster_cloudcaster,96.8,,2026-07-05T03:00:00+00:00,2026-07-04,,,,,,1.0,1.0,
0.20000000000000284,97.0,,t_plus_22h,aus,aus:2026-07-04,-0.20000000000000284,KXHIGHAUS-26JUL04,,temperature,raycaster_cloudcaster,96.8,,2026-07-05T04:00:00+00:00,2026-07-04,,,,,,1.0,1.0,
0.20000000000000284,97.0,,t_plus_23h,aus,aus:2026-07-04,-0.20000000000000284,KXHIGHAUS-26JUL04,,temperature,raycaster_cloudcaster,96.8,,2026-07-05T05:00:00+00:00,2026-07-04,,,,,,1.0,1.0,
2.1279543865635873,91.0,,t_plus_0h,den,den:2026-07-04,-2.1279543865635873,KXHIGHDEN-26JUL04,,temperature,raycaster_cloudcaster,88.87204561343641,,2026-07-04T07:00:00+00:00,2026-07-04,,,,,,0.0,0.0,
2.1279543865635873,91.0,,t_plus_1h,den,den:2026-07-04,-2.1279543865635873,KXHIGHDEN-26JUL04,,temperature,raycaster_cloudcaster,88.87204561343641,,2026-07-04T08:00:00+00:00,2026-07-04,,,,,,0.0,0.0,
2.334424870985785,91.0,,t_plus_2h,den,den:2026-07-04,-2.334424870985785,KXHIGHDEN-26JUL04,,temperature,raycaster_cloudcaster,88.66557512901421,,2026-07-04T09:00:00+00:00,2026-07-04,,,,,,0.0,0.0,
2.4667094656015394,91.0,,t_plus_3h,den,den:2026-07-04,-2.4667094656015394,KXHIGHDEN-26JUL04,,temperature,raycaster_cloudcaster,88.53329053439846,,2026-07-04T10:00:00+00:00,2026-07-04,,,,,,0.0,0.0,
2.5167094656015365,91.0,,t_plus_4h,den,den:2026-07-04,-2.5167094656015365,KXHIGHDEN-26JUL04,,temperature,raycaster_cloudcaster,88.48329053439846,,2026-07-04T11:00:00+00:00,2026-07-04,,,,,,0.0,0.0,
2.3461026395102493,91.0,,t_plus_5h,den,den:2026-07-04,-2.3461026395102493,KXHIGHDEN-26JUL04,,temperature,raycaster_cloudcaster,88.65389736048975,,2026-07-04T12:00:00+00:00,2026-07-04,,,,,,0.0,0.0,
2.3617983943323964,91.0,,t_plus_6h,den,den:2026-07-04,-2.3617983943323964,KXHIGHDEN-26JUL04,,temperature,raycaster_cloudcaster,88.6382016056676,,2026-07-04T13:00:00+00:00,2026-07-04,,,,,,0.0,0.0,
2.3617983943323964,91.0,,t_plus_7h,den,den:2026-07-04,-2.3617983943323964,KXHIGHDEN-26JUL04,,temperature,raycaster_cloudcaster,88.6382016056676,,2026-07-04T14:00:00+00:00,2026-07-04,,,,,,0.0,0.0,
2.307120332649788,91.0,,t_plus_8h,den,den:2026-07-04,-2.307120332649788,KXHIGHDEN-26JUL04,,temperature,raycaster_cloudcaster,88.69287966735021,,2026-07-04T15:00:00+00:00,2026-07-04,,,,,,0.0,0.0,
2.4706051966046516,91.0,,t_plus_9h,den,den:2026-07-04,-2.4706051966046516,KXHIGHDEN-26JUL04,,temperature,raycaster_cloudcaster,88.52939480339535,,2026-07-04T16:00:00+00:00,2026-07-04,,,,,,0.0,0.0,
2.1776772327049656,91.0,,t_plus_10h,den,den:2026-07-04,-2.1776772327049656,KXHIGHDEN-26JUL04,,temperature,raycaster_cloudcaster,88.82232276729503,,2026-07-04T17:00:00+00:00,2026-07-04,,,,,,0.0,0.0,
2.638752299847482,91.0,,t_plus_11h,den,den:2026-07-04,-2.638752299847482,KXHIGHDEN-26JUL04,,temperature,raycaster_cloudcaster,88.36124770015252,,2026-07-04T18:00:00+00:00,2026-07-04,,,,,,0.0,0.0,
2.3590924906730493,91.0,,t_plus_12h,den,den:2026-07-04,-2.3590924906730493,KXHIGHDEN-26JUL04,,temperature,raycaster_cloudcaster,88.64090750932695,,2026-07-04T19:00:00+00:00,2026-07-04,,,,,,0.0,0.0,
2.3590924906730493,91.0,,t_plus_13h,den,den:2026-07-04,-2.3590924906730493,KXHIGHDEN-26JUL04,,temperature,raycaster_cloudcaster,88.64090750932695,,2026-07-04T20:00:00+00:00,2026-07-04,,,,,,0.0,0.0,
2.028289970688448,91.0,,t_plus_14h,den,den:2026-07-04,-2.028289970688448,KXHIGHDEN-26JUL04,,temperature,raycaster_cloudcaster,88.97171002931155,,2026-07-04T21:00:00+00:00,2026-07-04,,,,,,0.0,0.0,
1.5851378203163051,91.0,,t_plus_15h,den,den:2026-07-04,-1.5851378203163051,KXHIGHDEN-26JUL04,,temperature,raycaster_cloudcaster,89.4148621796837,,2026-07-04T22:00:00+00:00,2026-07-04,,,,,,0.0,1.0,
0.6982588937300136,91.0,,t_plus_16h,den,den:2026-07-04,-0.6982588937300136,KXHIGHDEN-26JUL04,,temperature,raycaster_cloudcaster,90.30174110626999,,2026-07-04T23:00:00+00:00,2026-07-04,,,,,,1.0,1.0,
0.7786704382113072,91.0,,t_plus_17h,den,den:2026-07-04,-0.7786704382113072,KXHIGHDEN-26JUL04,,temperature,raycaster_cloudcaster,90.22132956178869,,2026-07-05T00:00:00+00:00,2026-07-04,,,,,,1.0,1.0,
1.0400000000000063,91.0,,t_plus_18h,den,den:2026-07-04,-1.0400000000000063,KXHIGHDEN-26JUL04,,temperature,raycaster_cloudcaster,89.96,,2026-07-05T01:00:00+00:00,2026-07-04,,,,,,0.0,1.0,
1.0400000000000063,91.0,,t_plus_19h,den,den:2026-07-04,-1.0400000000000063,KXHIGHDEN-26JUL04,,temperature,raycaster_cloudcaster,89.96,,2026-07-05T02:00:00+00:00,2026-07-04,,,,,,0.0,1.0,
1.0400000000000063,91.0,,t_plus_20h,den,den:2026-07-04,-1.0400000000000063,KXHIGHDEN-26JUL04,,temperature,raycaster_cloudcaster,89.96,,2026-07-05T03:00:00+00:00,2026-07-04,,,,,,0.0,1.0,
0.8794923876952936,91.0,,t_plus_21h,den,den:2026-07-04,-0.8794923876952936,KXHIGHDEN-26JUL04,,temperature,raycaster_cloudcaster,90.1205076123047,,2026-07-05T04:00:00+00:00,2026-07-04,,,,,,1.0,1.0,
0.8882521239483339,91.0,,t_plus_22h,den,den:2026-07-04,-0.8882521239483339,KXHIGHDEN-26JUL04,,temperature,raycaster_cloudcaster,90.11174787605167,,2026-07-05T05:00:00+00:00,2026-07-04,,,,,,1.0,1.0,
0.9106212134385174,91.0,,t_plus_23h,den,den:2026-07-04,-0.9106212134385174,KXHIGHDEN-26JUL04,,temperature,raycaster_cloudcaster,90.08937878656148,,2026-07-05T06:00:00+00:00,2026-07-04,,,,,,1.0,1.0,
1.2907536277149205,76.0,,t_plus_0h,la,la:2026-07-04,-1.2907536277149205,KXHIGHLAX-26JUL04,,temperature,raycaster_cloudcaster,74.70924637228508,,2026-07-04T08:00:00+00:00,2026-07-04,,,,,,0.0,1.0,
1.0386716396593556,76.0,,t_plus_1h,la,la:2026-07-04,-1.0386716396593556,KXHIGHLAX-26JUL04,,temperature,raycaster_cloudcaster,74.96132836034064,,2026-07-04T09:00:00+00:00,2026-07-04,,,,,,0.0,1.0,
0.7386716396593584,76.0,,t_plus_2h,la,la:2026-07-04,-0.7386716396593584,KXHIGHLAX-26JUL04,,temperature,raycaster_cloudcaster,75.26132836034064,,2026-07-04T10:00:00+00:00,2026-07-04,,,,,,1.0,1.0,
0.7386716396593584,76.0,,t_plus_3h,la,la:2026-07-04,-0.7386716396593584,KXHIGHLAX-26JUL04,,temperature,raycaster_cloudcaster,75.26132836034064,,2026-07-04T11:00:00+00:00,2026-07-04,,,,,,1.0,1.0,
0.831252029588768,76.0,,t_plus_4h,la,la:2026-07-04,-0.831252029588768,KXHIGHLAX-26JUL04,,temperature,raycaster_cloudcaster,75.16874797041123,,2026-07-04T12:00:00+00:00,2026-07-04,,,,,,1.0,1.0,
1.0386716396593556,76.0,,t_plus_5h,la,la:2026-07-04,-1.0386716396593556,KXHIGHLAX-26JUL04,,temperature,raycaster_cloudcaster,74.96132836034064,,2026-07-04T13:00:00+00:00,2026-07-04,,,,,,0.0,1.0,
0.9702391964686399,76.0,,t_plus_6h,la,la:2026-07-04,-0.9702391964686399,KXHIGHLAX-26JUL04,,temperature,raycaster_cloudcaster,75.02976080353136,,2026-07-04T14:00:00+00:00,2026-07-04,,,,,,1.0,1.0,
0.7390368150897615,76.0,,t_plus_7h,la,la:2026-07-04,-0.7390368150897615,KXHIGHLAX-26JUL04,,temperature,raycaster_cloudcaster,75.26096318491024,,2026-07-04T15:00:00+00:00,2026-07-04,,,,,,1.0,1.0,
0.748127506332608,76.0,,t_plus_8h,la,la:2026-07-04,-0.748127506332608,KXHIGHLAX-26JUL04,,temperature,raycaster_cloudcaster,75.25187249366739,,2026-07-04T16:00:00+00:00,2026-07-04,,,,,,1.0,1.0,
0.6206043718990344,76.0,,t_plus_9h,la,la:2026-07-04,-0.6206043718990344,KXHIGHLAX-26JUL04,,temperature,raycaster_cloudcaster,75.37939562810097,,2026-07-04T17:00:00+00:00,2026-07-04,,,,,,1.0,1.0,
0.3851619599926437,76.0,,t_plus_10h,la,la:2026-07-04,-0.3851619599926437,KXHIGHLAX-26JUL04,,temperature,raycaster_cloudcaster,75.61483804000736,,2026-07-04T18:00:00+00:00,2026-07-04,,,,,,1.0,1.0,
0.05132725900705282,76.0,,t_plus_11h,la,la:2026-07-04,-0.05132725900705282,KXHIGHLAX-26JUL04,,temperature,raycaster_cloudcaster,75.94867274099295,,2026-07-04T19:00:00+00:00,2026-07-04,,,,,,1.0,1.0,
0.05132725900705282,76.0,,t_plus_12h,la,la:2026-07-04,-0.05132725900705282,KXHIGHLAX-26JUL04,,temperature,raycaster_cloudcaster,75.94867274099295,,2026-07-04T20:00:00+00:00,2026-07-04,,,,,,1.0,1.0,
0.7051531120265366,76.0,,t_plus_13h,la,la:2026-07-04,-0.7051531120265366,KXHIGHLAX-26JUL04,,temperature,raycaster_cloudcaster,75.29484688797346,,2026-07-04T21:00:00+00:00,2026-07-04,,,,,,1.0,1.0,
0.36836930250430555,76.0,,t_plus_14h,la,la:2026-07-04,-0.36836930250430555,KXHIGHLAX-26JUL04,,temperature,raycaster_cloudcaster,75.6316306974957,,2026-07-04T22:00:00+00:00,2026-07-04,,,,,,1.0,1.0,
0.36836930250430555,76.0,,t_plus_15h,la,la:2026-07-04,-0.36836930250430555,KXHIGHLAX-26JUL04,,temperature,raycaster_cloudcaster,75.6316306974957,,2026-07-04T23:00:00+00:00,2026-07-04,,,,,,1.0,1.0,
0.3640091057345387,76.0,,t_plus_16h,la,la:2026-07-04,-0.3640091057345387,KXHIGHLAX-26JUL04,,temperature,raycaster_cloudcaster,75.63599089426546,,2026-07-05T00:00:00+00:00,2026-07-04,,,,,,1.0,1.0,
0.3640091057345387,76.0,,t_plus_17h,la,la:2026-07-04,-0.3640091057345387,KXHIGHLAX-26JUL04,,temperature,raycaster_cloudcaster,75.63599089426546,,2026-07-05T01:00:00+00:00,2026-07-04,,,,,,1.0,1.0,
0.7999999999999972,76.0,,t_plus_18h,la,la:2026-07-04,-0.7999999999999972,KXHIGHLAX-26JUL04,,temperature,raycaster_cloudcaster,75.2,,2026-07-05T02:00:00+00:00,2026-07-04,,,,,,1.0,1.0,
0.7999999999999972,76.0,,t_plus_19h,la,la:2026-07-04,-0.7999999999999972,KXHIGHLAX-26JUL04,,temperature,raycaster_cloudcaster,75.2,,2026-07-05T03:00:00+00:00,2026-07-04,,,,,,1.0,1.0,
0.7974935653491997,76.0,,t_plus_20h,la,la:2026-07-04,-0.7974935653491997,KXHIGHLAX-26JUL04,,temperature,raycaster_cloudcaster,75.2025064346508,,2026-07-05T04:00:00+00:00,2026-07-04,,,,,,1.0,1.0,
0.7999999999999972,76.0,,t_plus_21h,la,la:2026-07-04,-0.7999999999999972,KXHIGHLAX-26JUL04,,temperature,raycaster_cloudcaster,75.2,,2026-07-05T05:00:00+00:00,2026-07-04,,,,,,1.0,1.0,
0.7999999999999972,76.0,,t_plus_22h,la,la:2026-07-04,-0.7999999999999972,KXHIGHLAX-26JUL04,,temperature,raycaster_cloudcaster,75.2,,2026-07-05T06:00:00+00:00,2026-07-04,,,,,,1.0,1.0,
0.7999999999999972,76.0,,t_plus_23h,la,la:2026-07-04,-0.7999999999999972,KXHIGHLAX-26JUL04,,temperature,raycaster_cloudcaster,75.2,,2026-07-05T07:00:00+00:00,2026-07-04,,,,,,1.0,1.0,
1.7054942902355776,93.0,,t_plus_0h,mia,mia:2026-07-04,-1.7054942902355776,KXHIGHMIA-26JUL04,,temperature,raycaster_cloudcaster,91.29450570976442,,2026-07-04T05:00:00+00:00,2026-07-04,,,,,,0.0,1.0,
1.6554942902355805,93.0,,t_plus_1h,mia,mia:2026-07-04,-1.6554942902355805,KXHIGHMIA-26JUL04,,temperature,raycaster_cloudcaster,91.34450570976442,,2026-07-04T06:00:00+00:00,2026-07-04,,,,,,0.0,1.0,
2.089662913252937,93.0,,t_plus_2h,mia,mia:2026-07-04,-2.089662913252937,KXHIGHMIA-26JUL04,,temperature,raycaster_cloudcaster,90.91033708674706,,2026-07-04T07:00:00+00:00,2026-07-04,,,,,,0.0,0.0,
2.089662913252937,93.0,,t_plus_3h,mia,mia:2026-07-04,-2.089662913252937,KXHIGHMIA-26JUL04,,temperature,raycaster_cloudcaster,90.91033708674706,,2026-07-04T08:00:00+00:00,2026-07-04,,,,,,0.0,0.0,
2.139662913252934,93.0,,t_plus_4h,mia,mia:2026-07-04,-2.139662913252934,KXHIGHMIA-26JUL04,,temperature,raycaster_cloudcaster,90.86033708674707,,2026-07-04T09:00:00+00:00,2026-07-04,,,,,,0.0,0.0,
2.1957067075002072,93.0,,t_plus_5h,mia,mia:2026-07-04,-2.1957067075002072,KXHIGHMIA-26JUL04,,temperature,raycaster_cloudcaster,90.80429329249979,,2026-07-04T10:00:00+00:00,2026-07-04,,,,,,0.0,0.0,
2.1957067075002072,93.0,,t_plus_6h,mia,mia:2026-07-04,-2.1957067075002072,KXHIGHMIA-26JUL04,,temperature,raycaster_cloudcaster,90.80429329249979,,2026-07-04T11:00:00+00:00,2026-07-04,,,,,,0.0,0.0,
2.224481418450509,93.0,,t_plus_7h,mia,mia:2026-07-04,-2.224481418450509,KXHIGHMIA-26JUL04,,temperature,raycaster_cloudcaster,90.77551858154949,,2026-07-04T12:00:00+00:00,2026-07-04,,,,,,0.0,0.0,
1.7276542188645152,93.0,,t_plus_8h,mia,mia:2026-07-04,-1.7276542188645152,KXHIGHMIA-26JUL04,,temperature,raycaster_cloudcaster,91.27234578113548,,2026-07-04T13:00:00+00:00,2026-07-04,,,,,,0.0,1.0,
1.7276542188645152,93.0,,t_plus_9h,mia,mia:2026-07-04,-1.7276542188645152,KXHIGHMIA-26JUL04,,temperature,raycaster_cloudcaster,91.27234578113548,,2026-07-04T14:00:00+00:00,2026-07-04,,,,,,0.0,1.0,
2.0689909603230205,93.0,,t_plus_10h,mia,mia:2026-07-04,-2.0689909603230205,KXHIGHMIA-26JUL04,,temperature,raycaster_cloudcaster,90.93100903967698,,2026-07-04T15:00:00+00:00,2026-07-04,,,,,,0.0,0.0,
2.195074193700407,93.0,,t_plus_11h,mia,mia:2026-07-04,-2.195074193700407,KXHIGHMIA-26JUL04,,temperature,raycaster_cloudcaster,90.8049258062996,,2026-07-04T16:00:00+00:00,2026-07-04,,,,,,0.0,0.0,
1.2505554984216616,93.0,,t_plus_12h,mia,mia:2026-07-04,-1.2505554984216616,KXHIGHMIA-26JUL04,,temperature,raycaster_cloudcaster,91.74944450157834,,2026-07-04T17:00:00+00:00,2026-07-04,,,,,,0.0,1.0,
1.3270817386266174,93.0,,t_plus_13h,mia,mia:2026-07-04,-1.3270817386266174,KXHIGHMIA-26JUL04,,temperature,raycaster_cloudcaster,91.67291826137338,,2026-07-04T18:00:00+00:00,2026-07-04,,,,,,0.0,1.0,
1.3321014170342238,93.0,,t_plus_14h,mia,mia:2026-07-04,-1.3321014170342238,KXHIGHMIA-26JUL04,,temperature,raycaster_cloudcaster,91.66789858296578,,2026-07-04T19:00:00+00:00,2026-07-04,,,,,,0.0,1.0,
1.5999999999999943,93.0,,t_plus_15h,mia,mia:2026-07-04,-1.5999999999999943,KXHIGHMIA-26JUL04,,temperature,raycaster_cloudcaster,91.4,,2026-07-04T20:00:00+00:00,2026-07-04,,,,,,0.0,1.0,
0.22340701959949172,93.0,,t_plus_16h,mia,mia:2026-07-04,0.22340701959949172,KXHIGHMIA-26JUL04,,temperature,raycaster_cloudcaster,93.22340701959949,,2026-07-04T21:00:00+00:00,2026-07-04,,,,,,1.0,1.0,
0.22340701959949172,93.0,,t_plus_17h,mia,mia:2026-07-04,0.22340701959949172,KXHIGHMIA-26JUL04,,temperature,raycaster_cloudcaster,93.22340701959949,,2026-07-04T22:00:00+00:00,2026-07-04,,,,,,1.0,1.0,
0.3863161505988444,93.0,,t_plus_18h,mia,mia:2026-07-04,0.3863161505988444,KXHIGHMIA-26JUL04,,temperature,raycaster_cloudcaster,93.38631615059884,,2026-07-04T23:00:00+00:00,2026-07-04,,,,,,1.0,1.0,
0.20000000000000284,93.0,,t_plus_19h,mia,mia:2026-07-04,0.20000000000000284,KXHIGHMIA-26JUL04,,temperature,raycaster_cloudcaster,93.2,,2026-07-05T00:00:00+00:00,2026-07-04,,,,,,1.0,1.0,
0.20000000000000284,93.0,,t_plus_20h,mia,mia:2026-07-04,0.20000000000000284,KXHIGHMIA-26JUL04,,temperature,raycaster_cloudcaster,93.2,,2026-07-05T01:00:00+00:00,2026-07-04,,,,,,1.0,1.0,
0.20000000000000284,93.0,,t_plus_21h,mia,mia:2026-07-04,0.20000000000000284,KXHIGHMIA-26JUL04,,temperature,raycaster_cloudcaster,93.2,,2026-07-05T02:00:00+00:00,2026-07-04,,,,,,1.0,1.0,
0.20000000000000284,93.0,,t_plus_22h,mia,mia:2026-07-04,0.20000000000000284,KXHIGHMIA-26JUL04,,temperature,raycaster_cloudcaster,93.2,,2026-07-05T03:00:00+00:00,2026-07-04,,,,,,1.0,1.0,
0.20000000000000284,93.0,,t_plus_23h,mia,mia:2026-07-04,0.20000000000000284,KXHIGHMIA-26JUL04,,temperature,raycaster_cloudcaster,93.2,,2026-07-05T04:00:00+00:00,2026-07-04,,,,,,1.0,1.0,
2.9224123517871305,94.0,,t_plus_0h,nyc,nyc:2026-07-04,2.9224123517871305,KXHIGHNY-26JUL04,,temperature,raycaster_cloudcaster,96.92241235178713,,2026-07-04T05:00:00+00:00,2026-07-04,,,,,,0.0,0.0,
3.1498168717961192,94.0,,t_plus_1h,nyc,nyc:2026-07-04,3.1498168717961192,KXHIGHNY-26JUL04,,temperature,raycaster_cloudcaster,97.14981687179612,,2026-07-04T06:00:00+00:00,2026-07-04,,,,,,0.0,0.0,
3.3392612984591636,94.0,,t_plus_2h,nyc,nyc:2026-07-04,3.3392612984591636,KXHIGHNY-26JUL04,,temperature,raycaster_cloudcaster,97.33926129845916,,2026-07-04T07:00:00+00:00,2026-07-04,,,,,,0.0,0.0,
3.2919708891086827,94.0,,t_plus_3h,nyc,nyc:2026-07-04,3.2919708891086827,KXHIGHNY-26JUL04,,temperature,raycaster_cloudcaster,97.29197088910868,,2026-07-04T08:00:00+00:00,2026-07-04,,,,,,0.0,0.0,
3.148135468407233,94.0,,t_plus_4h,nyc,nyc:2026-07-04,3.148135468407233,KXHIGHNY-26JUL04,,temperature,raycaster_cloudcaster,97.14813546840723,,2026-07-04T09:00:00+00:00,2026-07-04,,,,,,0.0,0.0,
3.32334549692159,94.0,,t_plus_5h,nyc,nyc:2026-07-04,3.32334549692159,KXHIGHNY-26JUL04,,temperature,raycaster_cloudcaster,97.32334549692159,,2026-07-04T10:00:00+00:00,2026-07-04,,,,,,0.0,0.0,
3.1688371840956506,94.0,,t_plus_6h,nyc,nyc:2026-07-04,3.1688371840956506,KXHIGHNY-26JUL04,,temperature,raycaster_cloudcaster,97.16883718409565,,2026-07-04T11:00:00+00:00,2026-07-04,,,,,,0.0,0.0,
3.1626726047970948,94.0,,t_plus_7h,nyc,nyc:2026-07-04,3.1626726047970948,KXHIGHNY-26JUL04,,temperature,raycaster_cloudcaster,97.1626726047971,,2026-07-04T12:00:00+00:00,2026-07-04,,,,,,0.0,0.0,
3.1315324884143365,94.0,,t_plus_8h,nyc,nyc:2026-07-04,3.1315324884143365,KXHIGHNY-26JUL04,,temperature,raycaster_cloudcaster,97.13153248841434,,2026-07-04T13:00:00+00:00,2026-07-04,,,,,,0.0,0.0,
3.1315324884143365,94.0,,t_plus_9h,nyc,nyc:2026-07-04,3.1315324884143365,KXHIGHNY-26JUL04,,temperature,raycaster_cloudcaster,97.13153248841434,,2026-07-04T14:00:00+00:00,2026-07-04,,,,,,0.0,0.0,
3.6349912710656724,94.0,,t_plus_10h,nyc,nyc:2026-07-04,3.6349912710656724,KXHIGHNY-26JUL04,,temperature,raycaster_cloudcaster,97.63499127106567,,2026-07-04T15:00:00+00:00,2026-07-04,,,,,,0.0,0.0,
3.6849912710656696,94.0,,t_plus_11h,nyc,nyc:2026-07-04,3.6849912710656696,KXHIGHNY-26JUL04,,temperature,raycaster_cloudcaster,97.68499127106567,,2026-07-04T16:00:00+00:00,2026-07-04,,,,,,0.0,0.0,
3.641678900606081,94.0,,t_plus_12h,nyc,nyc:2026-07-04,3.641678900606081,KXHIGHNY-26JUL04,,temperature,raycaster_cloudcaster,97.64167890060608,,2026-07-04T17:00:00+00:00,2026-07-04,,,,,,0.0,0.0,
3.5753913210337487,94.0,,t_plus_13h,nyc,nyc:2026-07-04,3.5753913210337487,KXHIGHNY-26JUL04,,temperature,raycaster_cloudcaster,97.57539132103375,,2026-07-04T18:00:00+00:00,2026-07-04,,,,,,0.0,0.0,
3.175391321033757,94.0,,t_plus_14h,nyc,nyc:2026-07-04,3.175391321033757,KXHIGHNY-26JUL04,,temperature,raycaster_cloudcaster,97.17539132103376,,2026-07-04T19:00:00+00:00,2026-07-04,,,,,,0.0,0.0,
3.1282404682840905,94.0,,t_plus_15h,nyc,nyc:2026-07-04,3.1282404682840905,KXHIGHNY-26JUL04,,temperature,raycaster_cloudcaster,97.12824046828409,,2026-07-04T20:00:00+00:00,2026-07-04,,,,,,0.0,0.0,
2.3188006834950983,94.0,,t_plus_16h,nyc,nyc:2026-07-04,2.3188006834950983,KXHIGHNY-26JUL04,,temperature,raycaster_cloudcaster,96.3188006834951,,2026-07-04T21:00:00+00:00,2026-07-04,,,,,,0.0,0.0,
1.8366269030553752,94.0,,t_plus_17h,nyc,nyc:2026-07-04,1.8366269030553752,KXHIGHNY-26JUL04,,temperature,raycaster_cloudcaster,95.83662690305538,,2026-07-04T22:00:00+00:00,2026-07-04,,,,,,0.0,1.0,
0.583137968451581,94.0,,t_plus_18h,nyc,nyc:2026-07-04,0.583137968451581,KXHIGHNY-26JUL04,,temperature,raycaster_cloudcaster,94.58313796845158,,2026-07-04T23:00:00+00:00,2026-07-04,,,,,,1.0,1.0,
0.03696460476835739,94.0,,t_plus_19h,nyc,nyc:2026-07-04,-0.03696460476835739,KXHIGHNY-26JUL04,,temperature,raycaster_cloudcaster,93.96303539523164,,2026-07-05T00:00:00+00:00,2026-07-04,,,,,,1.0,1.0,
0.1099928913470194,94.0,,t_plus_20h,nyc,nyc:2026-07-04,0.1099928913470194,KXHIGHNY-26JUL04,,temperature,raycaster_cloudcaster,94.10999289134702,,2026-07-05T01:00:00+00:00,2026-07-04,,,,,,1.0,1.0,
0.0024367188355967073,94.0,,t_plus_21h,nyc,nyc:2026-07-04,0.0024367188355967073,KXHIGHNY-26JUL04,,temperature,raycaster_cloudcaster,94.0024367188356,,2026-07-05T02:00:00+00:00,2026-07-04,,,,,,1.0,1.0,
0.03137635965562424,94.0,,t_plus_22h,nyc,nyc:2026-07-04,-0.03137635965562424,KXHIGHNY-26JUL04,,temperature,raycaster_cloudcaster,93.96862364034438,,2026-07-05T03:00:00+00:00,2026-07-04,,,,,,1.0,1.0,
0.0799999999999983,94.0,,t_plus_23h,nyc,nyc:2026-07-04,-0.0799999999999983,KXHIGHNY-26JUL04,,temperature,raycaster_cloudcaster,93.92,,2026-07-05T04:00:00+00:00,2026-07-04,,,,,,1.0,1.0,
0.34163735273092755,100.0,,t_plus_0h,okc,okc:2026-07-04,-0.34163735273092755,KXHIGHTOKC-26JUL04,,temperature,raycaster_cloudcaster,99.65836264726907,,2026-07-04T06:00:00+00:00,2026-07-04,,,,,,1.0,1.0,
0.5745316276461523,100.0,,t_plus_1h,okc,okc:2026-07-04,-0.5745316276461523,KXHIGHTOKC-26JUL04,,temperature,raycaster_cloudcaster,99.42546837235385,,2026-07-04T07:00:00+00:00,2026-07-04,,,,,,1.0,1.0,
0.5745316276461523,100.0,,t_plus_2h,okc,okc:2026-07-04,-0.5745316276461523,KXHIGHTOKC-26JUL04,,temperature,raycaster_cloudcaster,99.42546837235385,,2026-07-04T08:00:00+00:00,2026-07-04,,,,,,1.0,1.0,
0.5076727727272612,100.0,,t_plus_3h,okc,okc:2026-07-04,-0.5076727727272612,KXHIGHTOKC-26JUL04,,temperature,raycaster_cloudcaster,99.49232722727274,,2026-07-04T09:00:00+00:00,2026-07-04,,,,,,1.0,1.0,
0.5076727727272612,100.0,,t_plus_4h,okc,okc:2026-07-04,-0.5076727727272612,KXHIGHTOKC-26JUL04,,temperature,raycaster_cloudcaster,99.49232722727274,,2026-07-04T10:00:00+00:00,2026-07-04,,,,,,1.0,1.0,
0.5076727727272612,100.0,,t_plus_5h,okc,okc:2026-07-04,-0.5076727727272612,KXHIGHTOKC-26JUL04,,temperature,raycaster_cloudcaster,99.49232722727274,,2026-07-04T11:00:00+00:00,2026-07-04,,,,,,1.0,1.0,
0.38962998941029525,100.0,,t_plus_6h,okc,okc:2026-07-04,-0.38962998941029525,KXHIGHTOKC-26JUL04,,temperature,raycaster_cloudcaster,99.6103700105897,,2026-07-04T12:00:00+00:00,2026-07-04,,,,,,1.0,1.0,
0.38962998941029525,100.0,,t_plus_7h,okc,okc:2026-07-04,-0.38962998941029525,KXHIGHTOKC-26JUL04,,temperature,raycaster_cloudcaster,99.6103700105897,,2026-07-04T13:00:00+00:00,2026-07-04,,,,,,1.0,1.0,
0.38962998941029525,100.0,,t_plus_8h,okc,okc:2026-07-04,-0.38962998941029525,KXHIGHTOKC-26JUL04,,temperature,raycaster_cloudcaster,99.6103700105897,,2026-07-04T14:00:00+00:00,2026-07-04,,,,,,1.0,1.0,
0.5012856028560577,100.0,,t_plus_9h,okc,okc:2026-07-04,-0.5012856028560577,KXHIGHTOKC-26JUL04,,temperature,raycaster_cloudcaster,99.49871439714394,,2026-07-04T15:00:00+00:00,2026-07-04,,,,,,1.0,1.0,
0.5012856028560577,100.0,,t_plus_10h,okc,okc:2026-07-04,-0.5012856028560577,KXHIGHTOKC-26JUL04,,temperature,raycaster_cloudcaster,99.49871439714394,,2026-07-04T16:00:00+00:00,2026-07-04,,,,,,1.0,1.0,
0.49357173343061334,100.0,,t_plus_11h,okc,okc:2026-07-04,-0.49357173343061334,KXHIGHTOKC-26JUL04,,temperature,raycaster_cloudcaster,99.50642826656939,,2026-07-04T17:00:00+00:00,2026-07-04,,,,,,1.0,1.0,
0.49357173343061334,100.0,,t_plus_12h,okc,okc:2026-07-04,-0.49357173343061334,KXHIGHTOKC-26JUL04,,temperature,raycaster_cloudcaster,99.50642826656939,,2026-07-04T18:00:00+00:00,2026-07-04,,,,,,1.0,1.0,
0.5088035819106551,100.0,,t_plus_13h,okc,okc:2026-07-04,-0.5088035819106551,KXHIGHTOKC-26JUL04,,temperature,raycaster_cloudcaster,99.49119641808934,,2026-07-04T19:00:00+00:00,2026-07-04,,,,,,1.0,1.0,
0.3191841067470449,100.0,,t_plus_14h,okc,okc:2026-07-04,-0.3191841067470449,KXHIGHTOKC-26JUL04,,temperature,raycaster_cloudcaster,99.68081589325296,,2026-07-04T20:00:00+00:00,2026-07-04,,,,,,1.0,1.0,
0.36174652201916047,100.0,,t_plus_15h,okc,okc:2026-07-04,-0.36174652201916047,KXHIGHTOKC-26JUL04,,temperature,raycaster_cloudcaster,99.63825347798084,,2026-07-04T21:00:00+00:00,2026-07-04,,,,,,1.0,1.0,
0.4000000000000057,100.0,,t_plus_16h,okc,okc:2026-07-04,0.4000000000000057,KXHIGHTOKC-26JUL04,,temperature,raycaster_cloudcaster,100.4,,2026-07-04T22:00:00+00:00,2026-07-04,,,,,,1.0,1.0,
0.4000000000000057,100.0,,t_plus_17h,okc,okc:2026-07-04,0.4000000000000057,KXHIGHTOKC-26JUL04,,temperature,raycaster_cloudcaster,100.4,,2026-07-04T23:00:00+00:00,2026-07-04,,,,,,1.0,1.0,
0.4000000000000057,100.0,,t_plus_18h,okc,okc:2026-07-04,0.4000000000000057,KXHIGHTOKC-26JUL04,,temperature,raycaster_cloudcaster,100.4,,2026-07-05T00:00:00+00:00,2026-07-04,,,,,,1.0,1.0,
0.4000000000000057,100.0,,t_plus_19h,okc,okc:2026-07-04,0.4000000000000057,KXHIGHTOKC-26JUL04,,temperature,raycaster_cloudcaster,100.4,,2026-07-05T01:00:00+00:00,2026-07-04,,,,,,1.0,1.0,
0.4000000000000057,100.0,,t_plus_20h,okc,okc:2026-07-04,0.4000000000000057,KXHIGHTOKC-26JUL04,,temperature,raycaster_cloudcaster,100.4,,2026-07-05T02:00:00+00:00,2026-07-04,,,,,,1.0,1.0,
0.4000000000000057,100.0,,t_plus_21h,okc,okc:2026-07-04,0.4000000000000057,KXHIGHTOKC-26JUL04,,temperature,raycaster_cloudcaster,100.4,,2026-07-05T03:00:00+00:00,2026-07-04,,,,,,1.0,1.0,
0.4000000000000057,100.0,,t_plus_22h,okc,okc:2026-07-04,0.4000000000000057,KXHIGHTOKC-26JUL04,,temperature,raycaster_cloudcaster,100.4,,2026-07-05T04:00:00+00:00,2026-07-04,,,,,,1.0,1.0,
0.4000000000000057,100.0,,t_plus_23h,okc,okc:2026-07-04,0.4000000000000057,KXHIGHTOKC-26JUL04,,temperature,raycaster_cloudcaster,100.4,,2026-07-05T05:00:00+00:00,2026-07-04,,,,,,1.0,1.0,
0.19462177692255977,96.0,,t_plus_0h,aus,aus:2026-07-05,0.19462177692255977,KXHIGHAUS-26JUL05,,temperature,raycaster_cloudcaster,96.19462177692256,,2026-07-05T06:00:00+00:00,2026-07-05,,,,,,1.0,1.0,
0.11210432157402295,96.0,,t_plus_1h,aus,aus:2026-07-05,-0.11210432157402295,KXHIGHAUS-26JUL05,,temperature,raycaster_cloudcaster,95.88789567842598,,2026-07-05T07:00:00+00:00,2026-07-05,,,,,,1.0,1.0,
0.11210432157402295,96.0,,t_plus_2h,aus,aus:2026-07-05,-0.11210432157402295,KXHIGHAUS-26JUL05,,temperature,raycaster_cloudcaster,95.88789567842598,,2026-07-05T08:00:00+00:00,2026-07-05,,,,,,1.0,1.0,
1.5385888029710486,96.0,,t_plus_3h,aus,aus:2026-07-05,1.5385888029710486,KXHIGHAUS-26JUL05,,temperature,raycaster_cloudcaster,97.53858880297105,,2026-07-05T09:00:00+00:00,2026-07-05,,,,,,0.0,1.0,
1.5175620949293602,96.0,,t_plus_4h,aus,aus:2026-07-05,1.5175620949293602,KXHIGHAUS-26JUL05,,temperature,raycaster_cloudcaster,97.51756209492936,,2026-07-05T10:00:00+00:00,2026-07-05,,,,,,0.0,1.0,
1.6574306980724174,96.0,,t_plus_5h,aus,aus:2026-07-05,1.6574306980724174,KXHIGHAUS-26JUL05,,temperature,raycaster_cloudcaster,97.65743069807242,,2026-07-05T11:00:00+00:00,2026-07-05,,,,,,0.0,1.0,
1.815972100884153,96.0,,t_plus_6h,aus,aus:2026-07-05,1.815972100884153,KXHIGHAUS-26JUL05,,temperature,raycaster_cloudcaster,97.81597210088415,,2026-07-05T12:00:00+00:00,2026-07-05,,,,,,0.0,1.0,
1.7574306980724117,96.0,,t_plus_7h,aus,aus:2026-07-05,1.7574306980724117,KXHIGHAUS-26JUL05,,temperature,raycaster_cloudcaster,97.75743069807241,,2026-07-05T13:00:00+00:00,2026-07-05,,,,,,0.0,1.0,
1.7574306980724117,96.0,,t_plus_8h,aus,aus:2026-07-05,1.7574306980724117,KXHIGHAUS-26JUL05,,temperature,raycaster_cloudcaster,97.75743069807241,,2026-07-05T14:00:00+00:00,2026-07-05,,,,,,0.0,1.0,
1.0287215467266861,96.0,,t_plus_9h,aus,aus:2026-07-05,1.0287215467266861,KXHIGHAUS-26JUL05,,temperature,raycaster_cloudcaster,97.02872154672669,,2026-07-05T15:00:00+00:00,2026-07-05,,,,,,0.0,1.0,
0.2708703135232753,96.0,,t_plus_10h,aus,aus:2026-07-05,-0.2708703135232753,KXHIGHAUS-26JUL05,,temperature,raycaster_cloudcaster,95.72912968647672,,2026-07-05T16:00:00+00:00,2026-07-05,,,,,,1.0,1.0,
1.1257447072902664,96.0,,t_plus_11h,aus,aus:2026-07-05,1.1257447072902664,KXHIGHAUS-26JUL05,,temperature,raycaster_cloudcaster,97.12574470729027,,2026-07-05T17:00:00+00:00,2026-07-05,,,,,,0.0,1.0,
1.1224587295000106,96.0,,t_plus_12h,aus,aus:2026-07-05,1.1224587295000106,KXHIGHAUS-26JUL05,,temperature,raycaster_cloudcaster,97.12245872950001,,2026-07-05T18:00:00+00:00,2026-07-05,,,,,,0.0,1.0,
1.2259866260089751,96.0,,t_plus_13h,aus,aus:2026-07-05,1.2259866260089751,KXHIGHAUS-26JUL05,,temperature,raycaster_cloudcaster,97.22598662600898,,2026-07-05T19:00:00+00:00,2026-07-05,,,,,,0.0,1.0,
1.2259866260089751,96.0,,t_plus_14h,aus,aus:2026-07-05,1.2259866260089751,KXHIGHAUS-26JUL05,,temperature,raycaster_cloudcaster,97.22598662600898,,2026-07-05T20:00:00+00:00,2026-07-05,,,,,,0.0,1.0,
1.2533521646884367,96.0,,t_plus_15h,aus,aus:2026-07-05,1.2533521646884367,KXHIGHAUS-26JUL05,,temperature,raycaster_cloudcaster,97.25335216468844,,2026-07-05T21:00:00+00:00,2026-07-05,,,,,,0.0,1.0,
1.1122713889683382,96.0,,t_plus_16h,aus,aus:2026-07-05,1.1122713889683382,KXHIGHAUS-26JUL05,,temperature,raycaster_cloudcaster,97.11227138896834,,2026-07-05T22:00:00+00:00,2026-07-05,,,,,,0.0,1.0,
1.062271388968341,96.0,,t_plus_17h,aus,aus:2026-07-05,1.062271388968341,KXHIGHAUS-26JUL05,,temperature,raycaster_cloudcaster,97.06227138896834,,2026-07-05T23:00:00+00:00,2026-07-05,,,,,,0.0,1.0,
0.7999999999999972,96.0,,t_plus_18h,aus,aus:2026-07-05,0.7999999999999972,KXHIGHAUS-26JUL05,,temperature,raycaster_cloudcaster,96.8,,2026-07-06T00:00:00+00:00,2026-07-05,,,,,,1.0,1.0,
0.7999999999999972,96.0,,t_plus_19h,aus,aus:2026-07-05,0.7999999999999972,KXHIGHAUS-26JUL05,,temperature,raycaster_cloudcaster,96.8,,2026-07-06T01:00:00+00:00,2026-07-05,,,,,,1.0,1.0,
0.7999999999999972,96.0,,t_plus_20h,aus,aus:2026-07-05,0.7999999999999972,KXHIGHAUS-26JUL05,,temperature,raycaster_cloudcaster,96.8,,2026-07-06T02:00:00+00:00,2026-07-05,,,,,,1.0,1.0,
0.7999999999999972,96.0,,t_plus_21h,aus,aus:2026-07-05,0.7999999999999972,KXHIGHAUS-26JUL05,,temperature,raycaster_cloudcaster,96.8,,2026-07-06T03:00:00+00:00,2026-07-05,,,,,,1.0,1.0,
0.7999999999999972,96.0,,t_plus_22h,aus,aus:2026-07-05,0.7999999999999972,KXHIGHAUS-26JUL05,,temperature,raycaster_cloudcaster,96.8,,2026-07-06T04:00:00+00:00,2026-07-05,,,,,,1.0,1.0,
0.7999999999999972,96.0,,t_plus_23h,aus,aus:2026-07-05,0.7999999999999972,KXHIGHAUS-26JUL05,,temperature,raycaster_cloudcaster,96.8,,2026-07-06T05:00:00+00:00,2026-07-05,,,,,,1.0,1.0,
1.8033348480196594,95.0,,t_plus_0h,den,den:2026-07-05,-1.8033348480196594,KXHIGHDEN-26JUL05,,temperature,raycaster_cloudcaster,93.19666515198034,,2026-07-05T07:00:00+00:00,2026-07-05,,,,,,0.0,1.0,
1.0090122896386333,95.0,,t_plus_1h,den,den:2026-07-05,-1.0090122896386333,KXHIGHDEN-26JUL05,,temperature,raycaster_cloudcaster,93.99098771036137,,2026-07-05T08:00:00+00:00,2026-07-05,,,,,,0.0,1.0,
1.2466390682604924,95.0,,t_plus_2h,den,den:2026-07-05,-1.2466390682604924,KXHIGHDEN-26JUL05,,temperature,raycaster_cloudcaster,93.75336093173951,,2026-07-05T09:00:00+00:00,2026-07-05,,,,,,0.0,1.0,
1.1339646095089222,95.0,,t_plus_3h,den,den:2026-07-05,-1.1339646095089222,KXHIGHDEN-26JUL05,,temperature,raycaster_cloudcaster,93.86603539049108,,2026-07-05T10:00:00+00:00,2026-07-05,,,,,,0.0,1.0,
1.2695872969196529,95.0,,t_plus_4h,den,den:2026-07-05,-1.2695872969196529,KXHIGHDEN-26JUL05,,temperature,raycaster_cloudcaster,93.73041270308035,,2026-07-05T11:00:00+00:00,2026-07-05,,,,,,0.0,1.0,
1.0152692523365658,95.0,,t_plus_5h,den,den:2026-07-05,-1.0152692523365658,KXHIGHDEN-26JUL05,,temperature,raycaster_cloudcaster,93.98473074766343,,2026-07-05T12:00:00+00:00,2026-07-05,,,,,,0.0,1.0,
1.0071388867071533,95.0,,t_plus_6h,den,den:2026-07-05,-1.0071388867071533,KXHIGHDEN-26JUL05,,temperature,raycaster_cloudcaster,93.99286111329285,,2026-07-05T13:00:00+00:00,2026-07-05,,,,,,0.0,1.0,
1.0071388867071533,95.0,,t_plus_7h,den,den:2026-07-05,-1.0071388867071533,KXHIGHDEN-26JUL05,,temperature,raycaster_cloudcaster,93.99286111329285,,2026-07-05T14:00:00+00:00,2026-07-05,,,,,,0.0,1.0,
1.7579939796971615,95.0,,t_plus_8h,den,den:2026-07-05,-1.7579939796971615,KXHIGHDEN-26JUL05,,temperature,raycaster_cloudcaster,93.24200602030284,,2026-07-05T15:00:00+00:00,2026-07-05,,,,,,0.0,1.0,
1.5213104044760541,95.0,,t_plus_9h,den,den:2026-07-05,-1.5213104044760541,KXHIGHDEN-26JUL05,,temperature,raycaster_cloudcaster,93.47868959552395,,2026-07-05T16:00:00+00:00,2026-07-05,,,,,,0.0,1.0,
1.5528332314445663,95.0,,t_plus_10h,den,den:2026-07-05,-1.5528332314445663,KXHIGHDEN-26JUL05,,temperature,raycaster_cloudcaster,93.44716676855543,,2026-07-05T17:00:00+00:00,2026-07-05,,,,,,0.0,1.0,
1.5462885618684084,95.0,,t_plus_11h,den,den:2026-07-05,-1.5462885618684084,KXHIGHDEN-26JUL05,,temperature,raycaster_cloudcaster,93.45371143813159,,2026-07-05T18:00:00+00:00,2026-07-05,,,,,,0.0,1.0,
1.5462885618684084,95.0,,t_plus_12h,den,den:2026-07-05,-1.5462885618684084,KXHIGHDEN-26JUL05,,temperature,raycaster_cloudcaster,93.45371143813159,,2026-07-05T19:00:00+00:00,2026-07-05,,,,,,0.0,1.0,
1.5462885618684084,95.0,,t_plus_13h,den,den:2026-07-05,-1.5462885618684084,KXHIGHDEN-26JUL05,,temperature,raycaster_cloudcaster,93.45371143813159,,2026-07-05T20:00:00+00:00,2026-07-05,,,,,,0.0,1.0,
1.5462885618684084,95.0,,t_plus_14h,den,den:2026-07-05,-1.5462885618684084,KXHIGHDEN-26JUL05,,temperature,raycaster_cloudcaster,93.45371143813159,,2026-07-05T21:00:00+00:00,2026-07-05,,,,,,0.0,1.0,
0.8366756925158398,95.0,,t_plus_15h,den,den:2026-07-05,-0.8366756925158398,KXHIGHDEN-26JUL05,,temperature,raycaster_cloudcaster,94.16332430748416,,2026-07-05T22:00:00+00:00,2026-07-05,,,,,,1.0,1.0,
0.906163690980506,95.0,,t_plus_16h,den,den:2026-07-05,-0.906163690980506,KXHIGHDEN-26JUL05,,temperature,raycaster_cloudcaster,94.0938363090195,,2026-07-05T23:00:00+00:00,2026-07-05,,,,,,1.0,1.0,
0.0,95.0,,t_plus_17h,den,den:2026-07-05,0.0,KXHIGHDEN-26JUL05,,temperature,raycaster_cloudcaster,95.0,,2026-07-06T00:00:00+00:00,2026-07-05,,,,,,1.0,1.0,
0.0,95.0,,t_plus_18h,den,den:2026-07-05,0.0,KXHIGHDEN-26JUL05,,temperature,raycaster_cloudcaster,95.0,,2026-07-06T01:00:00+00:00,2026-07-05,,,,,,1.0,1.0,
0.09113889269460174,95.0,,t_plus_19h,den,den:2026-07-05,0.09113889269460174,KXHIGHDEN-26JUL05,,temperature,raycaster_cloudcaster,95.0911388926946,,2026-07-06T02:00:00+00:00,2026-07-05,,,,,,1.0,1.0,
0.10565798039644392,95.0,,t_plus_20h,den,den:2026-07-05,0.10565798039644392,KXHIGHDEN-26JUL05,,temperature,raycaster_cloudcaster,95.10565798039644,,2026-07-06T03:00:00+00:00,2026-07-05,,,,,,1.0,1.0,
0.0,95.0,,t_plus_21h,den,den:2026-07-05,0.0,KXHIGHDEN-26JUL05,,temperature,raycaster_cloudcaster,95.0,,2026-07-06T04:00:00+00:00,2026-07-05,,,,,,1.0,1.0,
0.0,95.0,,t_plus_22h,den,den:2026-07-05,0.0,KXHIGHDEN-26JUL05,,temperature,raycaster_cloudcaster,95.0,,2026-07-06T05:00:00+00:00,2026-07-05,,,,,,1.0,1.0,
0.0,95.0,,t_plus_23h,den,den:2026-07-05,0.0,KXHIGHDEN-26JUL05,,temperature,raycaster_cloudcaster,95.0,,2026-07-06T06:00:00+00:00,2026-07-05,,,,,,1.0,1.0,
0.6024164821488256,75.0,,t_plus_0h,la,la:2026-07-05,-0.6024164821488256,KXHIGHLAX-26JUL05,,temperature,raycaster_cloudcaster,74.39758351785117,,2026-07-05T08:00:00+00:00,2026-07-05,,,,,,1.0,1.0,
0.6078554935603222,75.0,,t_plus_1h,la,la:2026-07-05,-0.6078554935603222,KXHIGHLAX-26JUL05,,temperature,raycaster_cloudcaster,74.39214450643968,,2026-07-05T09:00:00+00:00,2026-07-05,,,,,,1.0,1.0,
0.6070293438152703,75.0,,t_plus_2h,la,la:2026-07-05,-0.6070293438152703,KXHIGHLAX-26JUL05,,temperature,raycaster_cloudcaster,74.39297065618473,,2026-07-05T10:00:00+00:00,2026-07-05,,,,,,1.0,1.0,
0.5556169277557501,75.0,,t_plus_3h,la,la:2026-07-05,-0.5556169277557501,KXHIGHLAX-26JUL05,,temperature,raycaster_cloudcaster,74.44438307224425,,2026-07-05T11:00:00+00:00,2026-07-05,,,,,,1.0,1.0,
1.5043277126424925,75.0,,t_plus_4h,la,la:2026-07-05,-1.5043277126424925,KXHIGHLAX-26JUL05,,temperature,raycaster_cloudcaster,73.49567228735751,,2026-07-05T12:00:00+00:00,2026-07-05,,,,,,0.0,1.0,
1.0231690901019306,75.0,,t_plus_5h,la,la:2026-07-05,-1.0231690901019306,KXHIGHLAX-26JUL05,,temperature,raycaster_cloudcaster,73.97683090989807,,2026-07-05T13:00:00+00:00,2026-07-05,,,,,,0.0,1.0,
1.0056828800500597,75.0,,t_plus_6h,la,la:2026-07-05,-1.0056828800500597,KXHIGHLAX-26JUL05,,temperature,raycaster_cloudcaster,73.99431711994994,,2026-07-05T14:00:00+00:00,2026-07-05,,,,,,0.0,1.0,
0.7843342410756264,75.0,,t_plus_7h,la,la:2026-07-05,-0.7843342410756264,KXHIGHLAX-26JUL05,,temperature,raycaster_cloudcaster,74.21566575892437,,2026-07-05T15:00:00+00:00,2026-07-05,,,,,,1.0,1.0,
1.0522909219555743,75.0,,t_plus_8h,la,la:2026-07-05,-1.0522909219555743,KXHIGHLAX-26JUL05,,temperature,raycaster_cloudcaster,73.94770907804443,,2026-07-05T16:00:00+00:00,2026-07-05,,,,,,0.0,1.0,
0.5407544680292204,75.0,,t_plus_9h,la,la:2026-07-05,-0.5407544680292204,KXHIGHLAX-26JUL05,,temperature,raycaster_cloudcaster,74.45924553197078,,2026-07-05T17:00:00+00:00,2026-07-05,,,,,,1.0,1.0,
0.20696901178241944,75.0,,t_plus_10h,la,la:2026-07-05,-0.20696901178241944,KXHIGHLAX-26JUL05,,temperature,raycaster_cloudcaster,74.79303098821758,,2026-07-05T18:00:00+00:00,2026-07-05,,,,,,1.0,1.0,
0.083330270443426,75.0,,t_plus_11h,la,la:2026-07-05,-0.083330270443426,KXHIGHLAX-26JUL05,,temperature,raycaster_cloudcaster,74.91666972955657,,2026-07-05T19:00:00+00:00,2026-07-05,,,,,,1.0,1.0,
0.3705779138050218,75.0,,t_plus_12h,la,la:2026-07-05,-0.3705779138050218,KXHIGHLAX-26JUL05,,temperature,raycaster_cloudcaster,74.62942208619498,,2026-07-05T20:00:00+00:00,2026-07-05,,,,,,1.0,1.0,
0.670577913805019,75.0,,t_plus_13h,la,la:2026-07-05,-0.670577913805019,KXHIGHLAX-26JUL05,,temperature,raycaster_cloudcaster,74.32942208619498,,2026-07-05T21:00:00+00:00,2026-07-05,,,,,,1.0,1.0,
0.5240633702571103,75.0,,t_plus_14h,la,la:2026-07-05,0.5240633702571103,KXHIGHLAX-26JUL05,,temperature,raycaster_cloudcaster,75.52406337025711,,2026-07-05T22:00:00+00:00,2026-07-05,,,,,,1.0,1.0,
0.5011921262336472,75.0,,t_plus_15h,la,la:2026-07-05,0.5011921262336472,KXHIGHLAX-26JUL05,,temperature,raycaster_cloudcaster,75.50119212623365,,2026-07-05T23:00:00+00:00,2026-07-05,,,,,,1.0,1.0,
0.5278050295288779,75.0,,t_plus_16h,la,la:2026-07-05,0.5278050295288779,KXHIGHLAX-26JUL05,,temperature,raycaster_cloudcaster,75.52780502952888,,2026-07-06T00:00:00+00:00,2026-07-05,,,,,,1.0,1.0,
0.4539369847208832,75.0,,t_plus_17h,la,la:2026-07-05,0.4539369847208832,KXHIGHLAX-26JUL05,,temperature,raycaster_cloudcaster,75.45393698472088,,2026-07-06T01:00:00+00:00,2026-07-05,,,,,,1.0,1.0,
0.3801851271497725,75.0,,t_plus_18h,la,la:2026-07-05,0.3801851271497725,KXHIGHLAX-26JUL05,,temperature,raycaster_cloudcaster,75.38018512714977,,2026-07-06T02:00:00+00:00,2026-07-05,,,,,,1.0,1.0,
0.4798452922708236,75.0,,t_plus_19h,la,la:2026-07-05,0.4798452922708236,KXHIGHLAX-26JUL05,,temperature,raycaster_cloudcaster,75.47984529227082,,2026-07-06T03:00:00+00:00,2026-07-05,,,,,,1.0,1.0,
0.4862516282455829,75.0,,t_plus_20h,la,la:2026-07-05,0.4862516282455829,KXHIGHLAX-26JUL05,,temperature,raycaster_cloudcaster,75.48625162824558,,2026-07-06T04:00:00+00:00,2026-07-05,,,,,,1.0,1.0,
0.20000000000000284,75.0,,t_plus_21h,la,la:2026-07-05,0.20000000000000284,KXHIGHLAX-26JUL05,,temperature,raycaster_cloudcaster,75.2,,2026-07-06T05:00:00+00:00,2026-07-05,,,,,,1.0,1.0,
0.20000000000000284,75.0,,t_plus_22h,la,la:2026-07-05,0.20000000000000284,KXHIGHLAX-26JUL05,,temperature,raycaster_cloudcaster,75.2,,2026-07-06T06:00:00+00:00,2026-07-05,,,,,,1.0,1.0,
0.20000000000000284,75.0,,t_plus_23h,la,la:2026-07-05,0.20000000000000284,KXHIGHLAX-26JUL05,,temperature,raycaster_cloudcaster,75.2,,2026-07-06T07:00:00+00:00,2026-07-05,,,,,,1.0,1.0,
3.6022180394194834,94.0,,t_plus_0h,mia,mia:2026-07-05,-3.6022180394194834,KXHIGHMIA-26JUL05,,temperature,raycaster_cloudcaster,90.39778196058052,,2026-07-05T05:00:00+00:00,2026-07-05,,,,,,0.0,0.0,
2.729755557143619,94.0,,t_plus_1h,mia,mia:2026-07-05,-2.729755557143619,KXHIGHMIA-26JUL05,,temperature,raycaster_cloudcaster,91.27024444285638,,2026-07-05T06:00:00+00:00,2026-07-05,,,,,,0.0,0.0,
2.729755557143619,94.0,,t_plus_2h,mia,mia:2026-07-05,-2.729755557143619,KXHIGHMIA-26JUL05,,temperature,raycaster_cloudcaster,91.27024444285638,,2026-07-05T07:00:00+00:00,2026-07-05,,,,,,0.0,0.0,
2.5683955328570676,94.0,,t_plus_3h,mia,mia:2026-07-05,-2.5683955328570676,KXHIGHMIA-26JUL05,,temperature,raycaster_cloudcaster,91.43160446714293,,2026-07-05T08:00:00+00:00,2026-07-05,,,,,,0.0,0.0,
2.564690668741818,94.0,,t_plus_4h,mia,mia:2026-07-05,-2.564690668741818,KXHIGHMIA-26JUL05,,temperature,raycaster_cloudcaster,91.43530933125818,,2026-07-05T09:00:00+00:00,2026-07-05,,,,,,0.0,0.0,
2.614690668741815,94.0,,t_plus_5h,mia,mia:2026-07-05,-2.614690668741815,KXHIGHMIA-26JUL05,,temperature,raycaster_cloudcaster,91.38530933125818,,2026-07-05T10:00:00+00:00,2026-07-05,,,,,,0.0,0.0,
2.58669572617562,94.0,,t_plus_6h,mia,mia:2026-07-05,-2.58669572617562,KXHIGHMIA-26JUL05,,temperature,raycaster_cloudcaster,91.41330427382438,,2026-07-05T11:00:00+00:00,2026-07-05,,,,,,0.0,0.0,
2.4024942144554444,94.0,,t_plus_7h,mia,mia:2026-07-05,-2.4024942144554444,KXHIGHMIA-26JUL05,,temperature,raycaster_cloudcaster,91.59750578554456,,2026-07-05T12:00:00+00:00,2026-07-05,,,,,,0.0,0.0,
2.4178859157137254,94.0,,t_plus_8h,mia,mia:2026-07-05,-2.4178859157137254,KXHIGHMIA-26JUL05,,temperature,raycaster_cloudcaster,91.58211408428627,,2026-07-05T13:00:00+00:00,2026-07-05,,,,,,0.0,0.0,
2.4178859157137254,94.0,,t_plus_9h,mia,mia:2026-07-05,-2.4178859157137254,KXHIGHMIA-26JUL05,,temperature,raycaster_cloudcaster,91.58211408428627,,2026-07-05T14:00:00+00:00,2026-07-05,,,,,,0.0,0.0,
2.514029909014482,94.0,,t_plus_10h,mia,mia:2026-07-05,-2.514029909014482,KXHIGHMIA-26JUL05,,temperature,raycaster_cloudcaster,91.48597009098552,,2026-07-05T15:00:00+00:00,2026-07-05,,,,,,0.0,0.0,
2.242429673077197,94.0,,t_plus_11h,mia,mia:2026-07-05,-2.242429673077197,KXHIGHMIA-26JUL05,,temperature,raycaster_cloudcaster,91.7575703269228,,2026-07-05T16:00:00+00:00,2026-07-05,,,,,,0.0,0.0,
0.7999999999999972,94.0,,t_plus_12h,mia,mia:2026-07-05,-0.7999999999999972,KXHIGHMIA-26JUL05,,temperature,raycaster_cloudcaster,93.2,,2026-07-05T17:00:00+00:00,2026-07-05,,,,,,1.0,1.0,
0.05198797825013912,94.0,,t_plus_13h,mia,mia:2026-07-05,-0.05198797825013912,KXHIGHMIA-26JUL05,,temperature,raycaster_cloudcaster,93.94801202174986,,2026-07-05T18:00:00+00:00,2026-07-05,,,,,,1.0,1.0,
0.05198797825013912,94.0,,t_plus_14h,mia,mia:2026-07-05,-0.05198797825013912,KXHIGHMIA-26JUL05,,temperature,raycaster_cloudcaster,93.94801202174986,,2026-07-05T19:00:00+00:00,2026-07-05,,,,,,1.0,1.0,
0.05198797825013912,94.0,,t_plus_15h,mia,mia:2026-07-05,-0.05198797825013912,KXHIGHMIA-26JUL05,,temperature,raycaster_cloudcaster,93.94801202174986,,2026-07-05T20:00:00+00:00,2026-07-05,,,,,,1.0,1.0,
0.0799999999999983,94.0,,t_plus_16h,mia,mia:2026-07-05,-0.0799999999999983,KXHIGHMIA-26JUL05,,temperature,raycaster_cloudcaster,93.92,,2026-07-05T21:00:00+00:00,2026-07-05,,,,,,1.0,1.0,
0.0799999999999983,94.0,,t_plus_17h,mia,mia:2026-07-05,-0.0799999999999983,KXHIGHMIA-26JUL05,,temperature,raycaster_cloudcaster,93.92,,2026-07-05T22:00:00+00:00,2026-07-05,,,,,,1.0,1.0,
0.05776948027802575,94.0,,t_plus_18h,mia,mia:2026-07-05,-0.05776948027802575,KXHIGHMIA-26JUL05,,temperature,raycaster_cloudcaster,93.94223051972197,,2026-07-05T23:00:00+00:00,2026-07-05,,,,,,1.0,1.0,
0.0799999999999983,94.0,,t_plus_19h,mia,mia:2026-07-05,-0.0799999999999983,KXHIGHMIA-26JUL05,,temperature,raycaster_cloudcaster,93.92,,2026-07-06T00:00:00+00:00,2026-07-05,,,,,,1.0,1.0,
0.0799999999999983,94.0,,t_plus_20h,mia,mia:2026-07-05,-0.0799999999999983,KXHIGHMIA-26JUL05,,temperature,raycaster_cloudcaster,93.92,,2026-07-06T01:00:00+00:00,2026-07-05,,,,,,1.0,1.0,
0.0799999999999983,94.0,,t_plus_21h,mia,mia:2026-07-05,-0.0799999999999983,KXHIGHMIA-26JUL05,,temperature,raycaster_cloudcaster,93.92,,2026-07-06T02:00:00+00:00,2026-07-05,,,,,,1.0,1.0,
0.0799999999999983,94.0,,t_plus_22h,mia,mia:2026-07-05,-0.0799999999999983,KXHIGHMIA-26JUL05,,temperature,raycaster_cloudcaster,93.92,,2026-07-06T03:00:00+00:00,2026-07-05,,,,,,1.0,1.0,
0.0799999999999983,94.0,,t_plus_23h,mia,mia:2026-07-05,-0.0799999999999983,KXHIGHMIA-26JUL05,,temperature,raycaster_cloudcaster,93.92,,2026-07-06T04:00:00+00:00,2026-07-05,,,,,,1.0,1.0,
3.213154579913734,81.0,,t_plus_0h,nyc,nyc:2026-07-05,3.213154579913734,KXHIGHNY-26JUL05,,temperature,raycaster_cloudcaster,84.21315457991373,,2026-07-05T05:00:00+00:00,2026-07-05,,,,,,0.0,0.0,
2.5693679054377867,81.0,,t_plus_1h,nyc,nyc:2026-07-05,2.5693679054377867,KXHIGHNY-26JUL05,,temperature,raycaster_cloudcaster,83.56936790543779,,2026-07-05T06:00:00+00:00,2026-07-05,,,,,,0.0,0.0,
3.9221540668293216,81.0,,t_plus_2h,nyc,nyc:2026-07-05,3.9221540668293216,KXHIGHNY-26JUL05,,temperature,raycaster_cloudcaster,84.92215406682932,,2026-07-05T07:00:00+00:00,2026-07-05,,,,,,0.0,0.0,
3.9221540668293216,81.0,,t_plus_3h,nyc,nyc:2026-07-05,3.9221540668293216,KXHIGHNY-26JUL05,,temperature,raycaster_cloudcaster,84.92215406682932,,2026-07-05T08:00:00+00:00,2026-07-05,,,,,,0.0,0.0,
3.8128234791503814,81.0,,t_plus_4h,nyc,nyc:2026-07-05,3.8128234791503814,KXHIGHNY-26JUL05,,temperature,raycaster_cloudcaster,84.81282347915038,,2026-07-05T09:00:00+00:00,2026-07-05,,,,,,0.0,0.0,
3.1830048242157005,81.0,,t_plus_5h,nyc,nyc:2026-07-05,3.1830048242157005,KXHIGHNY-26JUL05,,temperature,raycaster_cloudcaster,84.1830048242157,,2026-07-05T10:00:00+00:00,2026-07-05,,,,,,0.0,0.0,
3.1830048242157005,81.0,,t_plus_6h,nyc,nyc:2026-07-05,3.1830048242157005,KXHIGHNY-26JUL05,,temperature,raycaster_cloudcaster,84.1830048242157,,2026-07-05T11:00:00+00:00,2026-07-05,,,,,,0.0,0.0,
3.314819245496821,81.0,,t_plus_7h,nyc,nyc:2026-07-05,3.314819245496821,KXHIGHNY-26JUL05,,temperature,raycaster_cloudcaster,84.31481924549682,,2026-07-05T12:00:00+00:00,2026-07-05,,,,,,0.0,0.0,
3.4593347936581864,81.0,,t_plus_8h,nyc,nyc:2026-07-05,3.4593347936581864,KXHIGHNY-26JUL05,,temperature,raycaster_cloudcaster,84.45933479365819,,2026-07-05T13:00:00+00:00,2026-07-05,,,,,,0.0,0.0,
3.4593347936581864,81.0,,t_plus_9h,nyc,nyc:2026-07-05,3.4593347936581864,KXHIGHNY-26JUL05,,temperature,raycaster_cloudcaster,84.45933479365819,,2026-07-05T14:00:00+00:00,2026-07-05,,,,,,0.0,0.0,
3.67752037237706,81.0,,t_plus_10h,nyc,nyc:2026-07-05,3.67752037237706,KXHIGHNY-26JUL05,,temperature,raycaster_cloudcaster,84.67752037237706,,2026-07-05T15:00:00+00:00,2026-07-05,,,,,,0.0,0.0,
3.671997327845517,81.0,,t_plus_11h,nyc,nyc:2026-07-05,3.671997327845517,KXHIGHNY-26JUL05,,temperature,raycaster_cloudcaster,84.67199732784552,,2026-07-05T16:00:00+00:00,2026-07-05,,,,,,0.0,0.0,
3.5930056469214975,81.0,,t_plus_12h,nyc,nyc:2026-07-05,3.5930056469214975,KXHIGHNY-26JUL05,,temperature,raycaster_cloudcaster,84.5930056469215,,2026-07-05T17:00:00+00:00,2026-07-05,,,,,,0.0,0.0,
3.5807370188990433,81.0,,t_plus_13h,nyc,nyc:2026-07-05,3.5807370188990433,KXHIGHNY-26JUL05,,temperature,raycaster_cloudcaster,84.58073701889904,,2026-07-05T18:00:00+00:00,2026-07-05,,,,,,0.0,0.0,
3.7491216728662238,81.0,,t_plus_14h,nyc,nyc:2026-07-05,3.7491216728662238,KXHIGHNY-26JUL05,,temperature,raycaster_cloudcaster,84.74912167286622,,2026-07-05T19:00:00+00:00,2026-07-05,,,,,,0.0,0.0,
3.5762504288427692,81.0,,t_plus_15h,nyc,nyc:2026-07-05,3.5762504288427692,KXHIGHNY-26JUL05,,temperature,raycaster_cloudcaster,84.57625042884277,,2026-07-05T20:00:00+00:00,2026-07-05,,,,,,0.0,0.0,
3.100389966930578,81.0,,t_plus_16h,nyc,nyc:2026-07-05,3.100389966930578,KXHIGHNY-26JUL05,,temperature,raycaster_cloudcaster,84.10038996693058,,2026-07-05T21:00:00+00:00,2026-07-05,,,,,,0.0,0.0,
1.6460084613202781,81.0,,t_plus_17h,nyc,nyc:2026-07-05,1.6460084613202781,KXHIGHNY-26JUL05,,temperature,raycaster_cloudcaster,82.64600846132028,,2026-07-05T22:00:00+00:00,2026-07-05,,,,,,0.0,1.0,
0.7400828677875495,81.0,,t_plus_18h,nyc,nyc:2026-07-05,0.7400828677875495,KXHIGHNY-26JUL05,,temperature,raycaster_cloudcaster,81.74008286778755,,2026-07-05T23:00:00+00:00,2026-07-05,,,,,,1.0,1.0,
0.3908025805659605,81.0,,t_plus_19h,nyc,nyc:2026-07-05,-0.3908025805659605,KXHIGHNY-26JUL05,,temperature,raycaster_cloudcaster,80.60919741943404,,2026-07-06T00:00:00+00:00,2026-07-05,,,,,,1.0,1.0,
0.4731906253239089,81.0,,t_plus_20h,nyc,nyc:2026-07-05,-0.4731906253239089,KXHIGHNY-26JUL05,,temperature,raycaster_cloudcaster,80.52680937467609,,2026-07-06T01:00:00+00:00,2026-07-05,,,,,,1.0,1.0,
0.4869070441625496,81.0,,t_plus_21h,nyc,nyc:2026-07-05,-0.4869070441625496,KXHIGHNY-26JUL05,,temperature,raycaster_cloudcaster,80.51309295583745,,2026-07-06T02:00:00+00:00,2026-07-05,,,,,,1.0,1.0,
0.4674860743922551,81.0,,t_plus_22h,nyc,nyc:2026-07-05,-0.4674860743922551,KXHIGHNY-26JUL05,,temperature,raycaster_cloudcaster,80.53251392560774,,2026-07-06T03:00:00+00:00,2026-07-05,,,,,,1.0,1.0,
0.4662896376578658,81.0,,t_plus_23h,nyc,nyc:2026-07-05,-0.4662896376578658,KXHIGHNY-26JUL05,,temperature,raycaster_cloudcaster,80.53371036234213,,2026-07-06T04:00:00+00:00,2026-07-05,,,,,,1.0,1.0,
3.830029814854626,88.0,,t_plus_0h,okc,okc:2026-07-05,3.830029814854626,KXHIGHTOKC-26JUL05,,temperature,raycaster_cloudcaster,91.83002981485463,,2026-07-05T06:00:00+00:00,2026-07-05,,,,,,0.0,0.0,
3.323292712549417,88.0,,t_plus_1h,okc,okc:2026-07-05,3.323292712549417,KXHIGHTOKC-26JUL05,,temperature,raycaster_cloudcaster,91.32329271254942,,2026-07-05T07:00:00+00:00,2026-07-05,,,,,,0.0,0.0,
4.257622342616102,88.0,,t_plus_2h,okc,okc:2026-07-05,4.257622342616102,KXHIGHTOKC-26JUL05,,temperature,raycaster_cloudcaster,92.2576223426161,,2026-07-05T08:00:00+00:00,2026-07-05,,,,,,0.0,0.0,
4.051695453324257,88.0,,t_plus_3h,okc,okc:2026-07-05,4.051695453324257,KXHIGHTOKC-26JUL05,,temperature,raycaster_cloudcaster,92.05169545332426,,2026-07-05T09:00:00+00:00,2026-07-05,,,,,,0.0,0.0,
4.051695453324257,88.0,,t_plus_4h,okc,okc:2026-07-05,4.051695453324257,KXHIGHTOKC-26JUL05,,temperature,raycaster_cloudcaster,92.05169545332426,,2026-07-05T10:00:00+00:00,2026-07-05,,,,,,0.0,0.0,
4.265616798965041,88.0,,t_plus_5h,okc,okc:2026-07-05,4.265616798965041,KXHIGHTOKC-26JUL05,,temperature,raycaster_cloudcaster,92.26561679896504,,2026-07-05T11:00:00+00:00,2026-07-05,,,,,,0.0,0.0,
4.215616798965044,88.0,,t_plus_6h,okc,okc:2026-07-05,4.215616798965044,KXHIGHTOKC-26JUL05,,temperature,raycaster_cloudcaster,92.21561679896504,,2026-07-05T12:00:00+00:00,2026-07-05,,,,,,0.0,0.0,
4.050225097706772,88.0,,t_plus_7h,okc,okc:2026-07-05,4.050225097706772,KXHIGHTOKC-26JUL05,,temperature,raycaster_cloudcaster,92.05022509770677,,2026-07-05T13:00:00+00:00,2026-07-05,,,,,,0.0,0.0,
4.079183960075795,88.0,,t_plus_8h,okc,okc:2026-07-05,4.079183960075795,KXHIGHTOKC-26JUL05,,temperature,raycaster_cloudcaster,92.0791839600758,,2026-07-05T14:00:00+00:00,2026-07-05,,,,,,0.0,0.0,
4.513557437575017,88.0,,t_plus_9h,okc,okc:2026-07-05,4.513557437575017,KXHIGHTOKC-26JUL05,,temperature,raycaster_cloudcaster,92.51355743757502,,2026-07-05T15:00:00+00:00,2026-07-05,,,,,,0.0,0.0,
4.713612458592181,88.0,,t_plus_10h,okc,okc:2026-07-05,4.713612458592181,KXHIGHTOKC-26JUL05,,temperature,raycaster_cloudcaster,92.71361245859218,,2026-07-05T16:00:00+00:00,2026-07-05,,,,,,0.0,0.0,
5.121059083101002,88.0,,t_plus_11h,okc,okc:2026-07-05,5.121059083101002,KXHIGHTOKC-26JUL05,,temperature,raycaster_cloudcaster,93.121059083101,,2026-07-05T17:00:00+00:00,2026-07-05,,,,,,0.0,0.0,
5.121059083101002,88.0,,t_plus_12h,okc,okc:2026-07-05,5.121059083101002,KXHIGHTOKC-26JUL05,,temperature,raycaster_cloudcaster,93.121059083101,,2026-07-05T18:00:00+00:00,2026-07-05,,,,,,0.0,0.0,
5.121059083101002,88.0,,t_plus_13h,okc,okc:2026-07-05,5.121059083101002,KXHIGHTOKC-26JUL05,,temperature,raycaster_cloudcaster,93.121059083101,,2026-07-05T19:00:00+00:00,2026-07-05,,,,,,0.0,0.0,
5.121059083101002,88.0,,t_plus_14h,okc,okc:2026-07-05,5.121059083101002,KXHIGHTOKC-26JUL05,,temperature,raycaster_cloudcaster,93.121059083101,,2026-07-05T20:00:00+00:00,2026-07-05,,,,,,0.0,0.0,
4.58373242370422,88.0,,t_plus_15h,okc,okc:2026-07-05,4.58373242370422,KXHIGHTOKC-26JUL05,,temperature,raycaster_cloudcaster,92.58373242370422,,2026-07-05T21:00:00+00:00,2026-07-05,,,,,,0.0,0.0,
3.9550091559574554,88.0,,t_plus_16h,okc,okc:2026-07-05,3.9550091559574554,KXHIGHTOKC-26JUL05,,temperature,raycaster_cloudcaster,91.95500915595746,,2026-07-05T22:00:00+00:00,2026-07-05,,,,,,0.0,0.0,
2.115623414874676,88.0,,t_plus_17h,okc,okc:2026-07-05,2.115623414874676,KXHIGHTOKC-26JUL05,,temperature,raycaster_cloudcaster,90.11562341487468,,2026-07-05T23:00:00+00:00,2026-07-05,,,,,,0.0,0.0,
2.175076889077843,88.0,,t_plus_18h,okc,okc:2026-07-05,2.175076889077843,KXHIGHTOKC-26JUL05,,temperature,raycaster_cloudcaster,90.17507688907784,,2026-07-06T00:00:00+00:00,2026-07-05,,,,,,0.0,0.0,
0.8833794778260113,88.0,,t_plus_19h,okc,okc:2026-07-05,0.8833794778260113,KXHIGHTOKC-26JUL05,,temperature,raycaster_cloudcaster,88.88337947782601,,2026-07-06T01:00:00+00:00,2026-07-05,,,,,,1.0,1.0,
0.43420317661548324,88.0,,t_plus_20h,okc,okc:2026-07-05,0.43420317661548324,KXHIGHTOKC-26JUL05,,temperature,raycaster_cloudcaster,88.43420317661548,,2026-07-06T02:00:00+00:00,2026-07-05,,,,,,1.0,1.0,
0.4367058125333756,88.0,,t_plus_21h,okc,okc:2026-07-05,0.4367058125333756,KXHIGHTOKC-26JUL05,,temperature,raycaster_cloudcaster,88.43670581253338,,2026-07-06T03:00:00+00:00,2026-07-05,,,,,,1.0,1.0,
0.5104583926609791,88.0,,t_plus_22h,okc,okc:2026-07-05,0.5104583926609791,KXHIGHTOKC-26JUL05,,temperature,raycaster_cloudcaster,88.51045839266098,,2026-07-06T04:00:00+00:00,2026-07-05,,,,,,1.0,1.0,
0.3561400575424756,88.0,,t_plus_23h,okc,okc:2026-07-05,0.3561400575424756,KXHIGHTOKC-26JUL05,,temperature,raycaster_cloudcaster,88.35614005754248,,2026-07-06T05:00:00+00:00,2026-07-05,,,,,,1.0,1.0,
0.6594368324693534,98.0,,t_plus_0h,aus,aus:2026-07-06,-0.6594368324693534,KXHIGHAUS-26JUL06,,temperature,raycaster_cloudcaster,97.34056316753065,,2026-07-06T06:00:00+00:00,2026-07-06,,,,,,1.0,1.0,
1.0648654539726579,98.0,,t_plus_1h,aus,aus:2026-07-06,-1.0648654539726579,KXHIGHAUS-26JUL06,,temperature,raycaster_cloudcaster,96.93513454602734,,2026-07-06T07:00:00+00:00,2026-07-06,,,,,,0.0,1.0,
1.0648654539726579,98.0,,t_plus_2h,aus,aus:2026-07-06,-1.0648654539726579,KXHIGHAUS-26JUL06,,temperature,raycaster_cloudcaster,96.93513454602734,,2026-07-06T08:00:00+00:00,2026-07-06,,,,,,0.0,1.0,
1.0015828018446342,98.0,,t_plus_3h,aus,aus:2026-07-06,-1.0015828018446342,KXHIGHAUS-26JUL06,,temperature,raycaster_cloudcaster,96.99841719815537,,2026-07-06T09:00:00+00:00,2026-07-06,,,,,,0.0,1.0,
1.0015828018446342,98.0,,t_plus_4h,aus,aus:2026-07-06,-1.0015828018446342,KXHIGHAUS-26JUL06,,temperature,raycaster_cloudcaster,96.99841719815537,,2026-07-06T10:00:00+00:00,2026-07-06,,,,,,0.0,1.0,
0.9829077999392268,98.0,,t_plus_5h,aus,aus:2026-07-06,-0.9829077999392268,KXHIGHAUS-26JUL06,,temperature,raycaster_cloudcaster,97.01709220006077,,2026-07-06T11:00:00+00:00,2026-07-06,,,,,,1.0,1.0,
0.8764516256622841,98.0,,t_plus_6h,aus,aus:2026-07-06,-0.8764516256622841,KXHIGHAUS-26JUL06,,temperature,raycaster_cloudcaster,97.12354837433772,,2026-07-06T12:00:00+00:00,2026-07-06,,,,,,1.0,1.0,
0.8831100125199924,98.0,,t_plus_7h,aus,aus:2026-07-06,-0.8831100125199924,KXHIGHAUS-26JUL06,,temperature,raycaster_cloudcaster,97.11688998748001,,2026-07-06T13:00:00+00:00,2026-07-06,,,,,,1.0,1.0,
0.915535212498412,98.0,,t_plus_8h,aus,aus:2026-07-06,-0.915535212498412,KXHIGHAUS-26JUL06,,temperature,raycaster_cloudcaster,97.08446478750159,,2026-07-06T14:00:00+00:00,2026-07-06,,,,,,1.0,1.0,
0.911894253820364,98.0,,t_plus_9h,aus,aus:2026-07-06,-0.911894253820364,KXHIGHAUS-26JUL06,,temperature,raycaster_cloudcaster,97.08810574617964,,2026-07-06T15:00:00+00:00,2026-07-06,,,,,,1.0,1.0,
1.1007522061017312,98.0,,t_plus_10h,aus,aus:2026-07-06,-1.1007522061017312,KXHIGHAUS-26JUL06,,temperature,raycaster_cloudcaster,96.89924779389827,,2026-07-06T16:00:00+00:00,2026-07-06,,,,,,0.0,1.0,
1.1197340498720507,98.0,,t_plus_11h,aus,aus:2026-07-06,-1.1197340498720507,KXHIGHAUS-26JUL06,,temperature,raycaster_cloudcaster,96.88026595012795,,2026-07-06T17:00:00+00:00,2026-07-06,,,,,,0.0,1.0,
1.1197340498720507,98.0,,t_plus_12h,aus,aus:2026-07-06,-1.1197340498720507,KXHIGHAUS-26JUL06,,temperature,raycaster_cloudcaster,96.88026595012795,,2026-07-06T18:00:00+00:00,2026-07-06,,,,,,0.0,1.0,
1.1197340498720507,98.0,,t_plus_13h,aus,aus:2026-07-06,-1.1197340498720507,KXHIGHAUS-26JUL06,,temperature,raycaster_cloudcaster,96.88026595012795,,2026-07-06T19:00:00+00:00,2026-07-06,,,,,,0.0,1.0,
0.8199054488672175,98.0,,t_plus_14h,aus,aus:2026-07-06,-0.8199054488672175,KXHIGHAUS-26JUL06,,temperature,raycaster_cloudcaster,97.18009455113278,,2026-07-06T20:00:00+00:00,2026-07-06,,,,,,1.0,1.0,
0.9645785893654306,98.0,,t_plus_15h,aus,aus:2026-07-06,-0.9645785893654306,KXHIGHAUS-26JUL06,,temperature,raycaster_cloudcaster,97.03542141063457,,2026-07-06T21:00:00+00:00,2026-07-06,,,,,,1.0,1.0,
0.98036029897969,98.0,,t_plus_16h,aus,aus:2026-07-06,-0.98036029897969,KXHIGHAUS-26JUL06,,temperature,raycaster_cloudcaster,97.01963970102031,,2026-07-06T22:00:00+00:00,2026-07-06,,,,,,1.0,1.0,
0.060000000000002274,98.0,,t_plus_17h,aus,aus:2026-07-06,0.060000000000002274,KXHIGHAUS-26JUL06,,temperature,raycaster_cloudcaster,98.06,,2026-07-06T23:00:00+00:00,2026-07-06,,,,,,1.0,1.0,
0.060000000000002274,98.0,,t_plus_18h,aus,aus:2026-07-06,0.060000000000002274,KXHIGHAUS-26JUL06,,temperature,raycaster_cloudcaster,98.06,,2026-07-07T00:00:00+00:00,2026-07-06,,,,,,1.0,1.0,
0.060000000000002274,98.0,,t_plus_19h,aus,aus:2026-07-06,0.060000000000002274,KXHIGHAUS-26JUL06,,temperature,raycaster_cloudcaster,98.06,,2026-07-07T01:00:00+00:00,2026-07-06,,,,,,1.0,1.0,
0.060000000000002274,98.0,,t_plus_20h,aus,aus:2026-07-06,0.060000000000002274,KXHIGHAUS-26JUL06,,temperature,raycaster_cloudcaster,98.06,,2026-07-07T02:00:00+00:00,2026-07-06,,,,,,1.0,1.0,
0.060000000000002274,98.0,,t_plus_21h,aus,aus:2026-07-06,0.060000000000002274,KXHIGHAUS-26JUL06,,temperature,raycaster_cloudcaster,98.06,,2026-07-07T03:00:00+00:00,2026-07-06,,,,,,1.0,1.0,
0.060000000000002274,98.0,,t_plus_22h,aus,aus:2026-07-06,0.060000000000002274,KXHIGHAUS-26JUL06,,temperature,raycaster_cloudcaster,98.06,,2026-07-07T04:00:00+00:00,2026-07-06,,,,,,1.0,1.0,
0.060000000000002274,98.0,,t_plus_23h,aus,aus:2026-07-06,0.060000000000002274,KXHIGHAUS-26JUL06,,temperature,raycaster_cloudcaster,98.06,,2026-07-07T05:00:00+00:00,2026-07-06,,,,,,1.0,1.0,
0.4683305873805068,97.0,,t_plus_0h,den,den:2026-07-06,-0.4683305873805068,KXHIGHDEN-26JUL06,,temperature,raycaster_cloudcaster,96.5316694126195,,2026-07-06T07:00:00+00:00,2026-07-06,,,,,,1.0,1.0,
0.4683305873805068,97.0,,t_plus_1h,den,den:2026-07-06,-0.4683305873805068,KXHIGHDEN-26JUL06,,temperature,raycaster_cloudcaster,96.5316694126195,,2026-07-06T08:00:00+00:00,2026-07-06,,,,,,1.0,1.0,
0.33076403709621616,97.0,,t_plus_2h,den,den:2026-07-06,-0.33076403709621616,KXHIGHDEN-26JUL06,,temperature,raycaster_cloudcaster,96.66923596290378,,2026-07-06T09:00:00+00:00,2026-07-06,,,,,,1.0,1.0,
0.33076403709621616,97.0,,t_plus_3h,den,den:2026-07-06,-0.33076403709621616,KXHIGHDEN-26JUL06,,temperature,raycaster_cloudcaster,96.66923596290378,,2026-07-06T10:00:00+00:00,2026-07-06,,,,,,1.0,1.0,
0.34163472360300773,97.0,,t_plus_4h,den,den:2026-07-06,-0.34163472360300773,KXHIGHDEN-26JUL06,,temperature,raycaster_cloudcaster,96.65836527639699,,2026-07-06T11:00:00+00:00,2026-07-06,,,,,,1.0,1.0,
0.33076403709621616,97.0,,t_plus_5h,den,den:2026-07-06,-0.33076403709621616,KXHIGHDEN-26JUL06,,temperature,raycaster_cloudcaster,96.66923596290378,,2026-07-06T12:00:00+00:00,2026-07-06,,,,,,1.0,1.0,
0.2733326407237797,97.0,,t_plus_6h,den,den:2026-07-06,-0.2733326407237797,KXHIGHDEN-26JUL06,,temperature,raycaster_cloudcaster,96.72666735927622,,2026-07-06T13:00:00+00:00,2026-07-06,,,,,,1.0,1.0,
0.2733326407237797,97.0,,t_plus_7h,den,den:2026-07-06,-0.2733326407237797,KXHIGHDEN-26JUL06,,temperature,raycaster_cloudcaster,96.72666735927622,,2026-07-06T14:00:00+00:00,2026-07-06,,,,,,1.0,1.0,
0.7149019961152305,97.0,,t_plus_8h,den,den:2026-07-06,-0.7149019961152305,KXHIGHDEN-26JUL06,,temperature,raycaster_cloudcaster,96.28509800388477,,2026-07-06T15:00:00+00:00,2026-07-06,,,,,,1.0,1.0,
1.061888850606806,97.0,,t_plus_9h,den,den:2026-07-06,-1.061888850606806,KXHIGHDEN-26JUL06,,temperature,raycaster_cloudcaster,95.9381111493932,,2026-07-06T16:00:00+00:00,2026-07-06,,,,,,0.0,1.0,
1.0512228627921303,97.0,,t_plus_10h,den,den:2026-07-06,-1.0512228627921303,KXHIGHDEN-26JUL06,,temperature,raycaster_cloudcaster,95.94877713720787,,2026-07-06T17:00:00+00:00,2026-07-06,,,,,,0.0,1.0,
0.7322721162065875,97.0,,t_plus_11h,den,den:2026-07-06,-0.7322721162065875,KXHIGHDEN-26JUL06,,temperature,raycaster_cloudcaster,96.26772788379341,,2026-07-06T18:00:00+00:00,2026-07-06,,,,,,1.0,1.0,
0.7316208195477856,97.0,,t_plus_12h,den,den:2026-07-06,-0.7316208195477856,KXHIGHDEN-26JUL06,,temperature,raycaster_cloudcaster,96.26837918045221,,2026-07-06T19:00:00+00:00,2026-07-06,,,,,,1.0,1.0,
1.862412806902583,97.0,,t_plus_13h,den,den:2026-07-06,-1.862412806902583,KXHIGHDEN-26JUL06,,temperature,raycaster_cloudcaster,95.13758719309742,,2026-07-06T20:00:00+00:00,2026-07-06,,,,,,0.0,1.0,
0.032596888838227756,97.0,,t_plus_14h,den,den:2026-07-06,0.032596888838227756,KXHIGHDEN-26JUL06,,temperature,raycaster_cloudcaster,97.03259688883823,,2026-07-06T21:00:00+00:00,2026-07-06,,,,,,1.0,1.0,
0.01999999999999602,97.0,,t_plus_15h,den,den:2026-07-06,-0.01999999999999602,KXHIGHDEN-26JUL06,,temperature,raycaster_cloudcaster,96.98,,2026-07-06T22:00:00+00:00,2026-07-06,,,,,,1.0,1.0,
0.0009944439345019873,97.0,,t_plus_16h,den,den:2026-07-06,0.0009944439345019873,KXHIGHDEN-26JUL06,,temperature,raycaster_cloudcaster,97.0009944439345,,2026-07-06T23:00:00+00:00,2026-07-06,,,,,,1.0,1.0,
0.01999999999999602,97.0,,t_plus_17h,den,den:2026-07-06,-0.01999999999999602,KXHIGHDEN-26JUL06,,temperature,raycaster_cloudcaster,96.98,,2026-07-07T00:00:00+00:00,2026-07-06,,,,,,1.0,1.0,
0.01999999999999602,97.0,,t_plus_18h,den,den:2026-07-06,-0.01999999999999602,KXHIGHDEN-26JUL06,,temperature,raycaster_cloudcaster,96.98,,2026-07-07T01:00:00+00:00,2026-07-06,,,,,,1.0,1.0,
0.01999999999999602,97.0,,t_plus_19h,den,den:2026-07-06,-0.01999999999999602,KXHIGHDEN-26JUL06,,temperature,raycaster_cloudcaster,96.98,,2026-07-07T02:00:00+00:00,2026-07-06,,,,,,1.0,1.0,
0.01999999999999602,97.0,,t_plus_20h,den,den:2026-07-06,-0.01999999999999602,KXHIGHDEN-26JUL06,,temperature,raycaster_cloudcaster,96.98,,2026-07-07T03:00:00+00:00,2026-07-06,,,,,,1.0,1.0,
0.01999999999999602,97.0,,t_plus_21h,den,den:2026-07-06,-0.01999999999999602,KXHIGHDEN-26JUL06,,temperature,raycaster_cloudcaster,96.98,,2026-07-07T04:00:00+00:00,2026-07-06,,,,,,1.0,1.0,
0.01999999999999602,97.0,,t_plus_22h,den,den:2026-07-06,-0.01999999999999602,KXHIGHDEN-26JUL06,,temperature,raycaster_cloudcaster,96.98,,2026-07-07T05:00:00+00:00,2026-07-06,,,,,,1.0,1.0,
0.01999999999999602,97.0,,t_plus_23h,den,den:2026-07-06,-0.01999999999999602,KXHIGHDEN-26JUL06,,temperature,raycaster_cloudcaster,96.98,,2026-07-07T06:00:00+00:00,2026-07-06,,,,,,1.0,1.0,
0.545288616458663,75.0,,t_plus_0h,la,la:2026-07-06,-0.545288616458663,KXHIGHLAX-26JUL06,,temperature,raycaster_cloudcaster,74.45471138354134,,2026-07-06T08:00:00+00:00,2026-07-06,,,,,,1.0,1.0,
0.9344340666089153,75.0,,t_plus_1h,la,la:2026-07-06,-0.9344340666089153,KXHIGHLAX-26JUL06,,temperature,raycaster_cloudcaster,74.06556593339108,,2026-07-06T09:00:00+00:00,2026-07-06,,,,,,1.0,1.0,
0.9344340666089153,75.0,,t_plus_2h,la,la:2026-07-06,-0.9344340666089153,KXHIGHLAX-26JUL06,,temperature,raycaster_cloudcaster,74.06556593339108,,2026-07-06T10:00:00+00:00,2026-07-06,,,,,,1.0,1.0,
0.6519385009953709,75.0,,t_plus_3h,la,la:2026-07-06,-0.6519385009953709,KXHIGHLAX-26JUL06,,temperature,raycaster_cloudcaster,74.34806149900463,,2026-07-06T11:00:00+00:00,2026-07-06,,,,,,1.0,1.0,
0.6519385009953709,75.0,,t_plus_4h,la,la:2026-07-06,-0.6519385009953709,KXHIGHLAX-26JUL06,,temperature,raycaster_cloudcaster,74.34806149900463,,2026-07-06T12:00:00+00:00,2026-07-06,,,,,,1.0,1.0,
0.7344340666089124,75.0,,t_plus_5h,la,la:2026-07-06,-0.7344340666089124,KXHIGHLAX-26JUL06,,temperature,raycaster_cloudcaster,74.26556593339109,,2026-07-06T13:00:00+00:00,2026-07-06,,,,,,1.0,1.0,
0.7344340666089124,75.0,,t_plus_6h,la,la:2026-07-06,-0.7344340666089124,KXHIGHLAX-26JUL06,,temperature,raycaster_cloudcaster,74.26556593339109,,2026-07-06T14:00:00+00:00,2026-07-06,,,,,,1.0,1.0,
1.3560906894061873,75.0,,t_plus_7h,la,la:2026-07-06,-1.3560906894061873,KXHIGHLAX-26JUL06,,temperature,raycaster_cloudcaster,73.64390931059381,,2026-07-06T15:00:00+00:00,2026-07-06,,,,,,0.0,1.0,
1.517301959184735,75.0,,t_plus_8h,la,la:2026-07-06,-1.517301959184735,KXHIGHLAX-26JUL06,,temperature,raycaster_cloudcaster,73.48269804081527,,2026-07-06T16:00:00+00:00,2026-07-06,,,,,,0.0,1.0,
1.0815264225195733,75.0,,t_plus_9h,la,la:2026-07-06,-1.0815264225195733,KXHIGHLAX-26JUL06,,temperature,raycaster_cloudcaster,73.91847357748043,,2026-07-06T17:00:00+00:00,2026-07-06,,,,,,0.0,1.0,
0.6362546637032978,75.0,,t_plus_10h,la,la:2026-07-06,-0.6362546637032978,KXHIGHLAX-26JUL06,,temperature,raycaster_cloudcaster,74.3637453362967,,2026-07-06T18:00:00+00:00,2026-07-06,,,,,,1.0,1.0,
0.5547306338833096,75.0,,t_plus_11h,la,la:2026-07-06,0.5547306338833096,KXHIGHLAX-26JUL06,,temperature,raycaster_cloudcaster,75.55473063388331,,2026-07-06T19:00:00+00:00,2026-07-06,,,,,,1.0,1.0,
0.6550394288390606,75.0,,t_plus_12h,la,la:2026-07-06,0.6550394288390606,KXHIGHLAX-26JUL06,,temperature,raycaster_cloudcaster,75.65503942883906,,2026-07-06T20:00:00+00:00,2026-07-06,,,,,,1.0,1.0,
0.6465664808846725,75.0,,t_plus_13h,la,la:2026-07-06,0.6465664808846725,KXHIGHLAX-26JUL06,,temperature,raycaster_cloudcaster,75.64656648088467,,2026-07-06T21:00:00+00:00,2026-07-06,,,,,,1.0,1.0,
0.655447256514293,75.0,,t_plus_14h,la,la:2026-07-06,0.655447256514293,KXHIGHLAX-26JUL06,,temperature,raycaster_cloudcaster,75.6554472565143,,2026-07-06T22:00:00+00:00,2026-07-06,,,,,,1.0,1.0,
0.5191179951667806,75.0,,t_plus_15h,la,la:2026-07-06,0.5191179951667806,KXHIGHLAX-26JUL06,,temperature,raycaster_cloudcaster,75.51911799516678,,2026-07-06T23:00:00+00:00,2026-07-06,,,,,,1.0,1.0,
0.47162096686197685,75.0,,t_plus_16h,la,la:2026-07-06,0.47162096686197685,KXHIGHLAX-26JUL06,,temperature,raycaster_cloudcaster,75.47162096686198,,2026-07-07T00:00:00+00:00,2026-07-06,,,,,,1.0,1.0,
0.47162096686197685,75.0,,t_plus_17h,la,la:2026-07-06,0.47162096686197685,KXHIGHLAX-26JUL06,,temperature,raycaster_cloudcaster,75.47162096686198,,2026-07-07T01:00:00+00:00,2026-07-06,,,,,,1.0,1.0,
0.3045852798019837,75.0,,t_plus_18h,la,la:2026-07-06,0.3045852798019837,KXHIGHLAX-26JUL06,,temperature,raycaster_cloudcaster,75.30458527980198,,2026-07-07T02:00:00+00:00,2026-07-06,,,,,,1.0,1.0,
0.20000000000000284,75.0,,t_plus_19h,la,la:2026-07-06,0.20000000000000284,KXHIGHLAX-26JUL06,,temperature,raycaster_cloudcaster,75.2,,2026-07-07T03:00:00+00:00,2026-07-06,,,,,,1.0,1.0,
0.20000000000000284,75.0,,t_plus_20h,la,la:2026-07-06,0.20000000000000284,KXHIGHLAX-26JUL06,,temperature,raycaster_cloudcaster,75.2,,2026-07-07T04:00:00+00:00,2026-07-06,,,,,,1.0,1.0,
0.20000000000000284,75.0,,t_plus_21h,la,la:2026-07-06,0.20000000000000284,KXHIGHLAX-26JUL06,,temperature,raycaster_cloudcaster,75.2,,2026-07-07T05:00:00+00:00,2026-07-06,,,,,,1.0,1.0,
0.20000000000000284,75.0,,t_plus_22h,la,la:2026-07-06,0.20000000000000284,KXHIGHLAX-26JUL06,,temperature,raycaster_cloudcaster,75.2,,2026-07-07T06:00:00+00:00,2026-07-06,,,,,,1.0,1.0,
0.20000000000000284,75.0,,t_plus_23h,la,la:2026-07-06,0.20000000000000284,KXHIGHLAX-26JUL06,,temperature,raycaster_cloudcaster,75.2,,2026-07-07T07:00:00+00:00,2026-07-06,,,,,,1.0,1.0,
2.3209058219320866,93.0,,t_plus_0h,mia,mia:2026-07-06,-2.3209058219320866,KXHIGHMIA-26JUL06,,temperature,raycaster_cloudcaster,90.67909417806791,,2026-07-06T05:00:00+00:00,2026-07-06,,,,,,0.0,0.0,
1.5596272682365822,93.0,,t_plus_1h,mia,mia:2026-07-06,-1.5596272682365822,KXHIGHMIA-26JUL06,,temperature,raycaster_cloudcaster,91.44037273176342,,2026-07-06T06:00:00+00:00,2026-07-06,,,,,,0.0,1.0,
2.2243456634318193,93.0,,t_plus_2h,mia,mia:2026-07-06,-2.2243456634318193,KXHIGHMIA-26JUL06,,temperature,raycaster_cloudcaster,90.77565433656818,,2026-07-06T07:00:00+00:00,2026-07-06,,,,,,0.0,0.0,
2.2243456634318193,93.0,,t_plus_3h,mia,mia:2026-07-06,-2.2243456634318193,KXHIGHMIA-26JUL06,,temperature,raycaster_cloudcaster,90.77565433656818,,2026-07-06T08:00:00+00:00,2026-07-06,,,,,,0.0,0.0,
1.5235892305841787,93.0,,t_plus_4h,mia,mia:2026-07-06,-1.5235892305841787,KXHIGHMIA-26JUL06,,temperature,raycaster_cloudcaster,91.47641076941582,,2026-07-06T09:00:00+00:00,2026-07-06,,,,,,0.0,1.0,
1.5235892305841787,93.0,,t_plus_5h,mia,mia:2026-07-06,-1.5235892305841787,KXHIGHMIA-26JUL06,,temperature,raycaster_cloudcaster,91.47641076941582,,2026-07-06T10:00:00+00:00,2026-07-06,,,,,,0.0,1.0,
2.1887069181859005,93.0,,t_plus_6h,mia,mia:2026-07-06,-2.1887069181859005,KXHIGHMIA-26JUL06,,temperature,raycaster_cloudcaster,90.8112930818141,,2026-07-06T11:00:00+00:00,2026-07-06,,,,,,0.0,0.0,
1.7246646641587091,93.0,,t_plus_7h,mia,mia:2026-07-06,-1.7246646641587091,KXHIGHMIA-26JUL06,,temperature,raycaster_cloudcaster,91.27533533584129,,2026-07-06T12:00:00+00:00,2026-07-06,,,,,,0.0,1.0,
2.3710038683795176,93.0,,t_plus_8h,mia,mia:2026-07-06,-2.3710038683795176,KXHIGHMIA-26JUL06,,temperature,raycaster_cloudcaster,90.62899613162048,,2026-07-06T13:00:00+00:00,2026-07-06,,,,,,0.0,0.0,
2.357458780850024,93.0,,t_plus_9h,mia,mia:2026-07-06,-2.357458780850024,KXHIGHMIA-26JUL06,,temperature,raycaster_cloudcaster,90.64254121914998,,2026-07-06T14:00:00+00:00,2026-07-06,,,,,,0.0,0.0,
2.007545392028007,93.0,,t_plus_10h,mia,mia:2026-07-06,-2.007545392028007,KXHIGHMIA-26JUL06,,temperature,raycaster_cloudcaster,90.992454607972,,2026-07-06T15:00:00+00:00,2026-07-06,,,,,,0.0,0.0,
2.0088490659173033,93.0,,t_plus_11h,mia,mia:2026-07-06,-2.0088490659173033,KXHIGHMIA-26JUL06,,temperature,raycaster_cloudcaster,90.9911509340827,,2026-07-06T16:00:00+00:00,2026-07-06,,,,,,0.0,0.0,
1.7827497844132694,93.0,,t_plus_12h,mia,mia:2026-07-06,-1.7827497844132694,KXHIGHMIA-26JUL06,,temperature,raycaster_cloudcaster,91.21725021558673,,2026-07-06T17:00:00+00:00,2026-07-06,,,,,,0.0,1.0,
1.0449238625802195,93.0,,t_plus_13h,mia,mia:2026-07-06,-1.0449238625802195,KXHIGHMIA-26JUL06,,temperature,raycaster_cloudcaster,91.95507613741978,,2026-07-06T18:00:00+00:00,2026-07-06,,,,,,0.0,1.0,
1.0836645645009213,93.0,,t_plus_14h,mia,mia:2026-07-06,-1.0836645645009213,KXHIGHMIA-26JUL06,,temperature,raycaster_cloudcaster,91.91633543549908,,2026-07-06T19:00:00+00:00,2026-07-06,,,,,,0.0,1.0,
1.0895398538228704,93.0,,t_plus_15h,mia,mia:2026-07-06,-1.0895398538228704,KXHIGHMIA-26JUL06,,temperature,raycaster_cloudcaster,91.91046014617713,,2026-07-06T20:00:00+00:00,2026-07-06,,,,,,0.0,1.0,
1.168272243346692,93.0,,t_plus_16h,mia,mia:2026-07-06,-1.168272243346692,KXHIGHMIA-26JUL06,,temperature,raycaster_cloudcaster,91.83172775665331,,2026-07-06T21:00:00+00:00,2026-07-06,,,,,,0.0,1.0,
1.1840539529609515,93.0,,t_plus_17h,mia,mia:2026-07-06,-1.1840539529609515,KXHIGHMIA-26JUL06,,temperature,raycaster_cloudcaster,91.81594604703905,,2026-07-06T22:00:00+00:00,2026-07-06,,,,,,0.0,1.0,
1.1821016902605948,93.0,,t_plus_18h,mia,mia:2026-07-06,-1.1821016902605948,KXHIGHMIA-26JUL06,,temperature,raycaster_cloudcaster,91.8178983097394,,2026-07-06T23:00:00+00:00,2026-07-06,,,,,,0.0,1.0,
1.418249530074064,93.0,,t_plus_19h,mia,mia:2026-07-06,-1.418249530074064,KXHIGHMIA-26JUL06,,temperature,raycaster_cloudcaster,91.58175046992594,,2026-07-07T00:00:00+00:00,2026-07-06,,,,,,0.0,1.0,
1.418249530074064,93.0,,t_plus_20h,mia,mia:2026-07-06,-1.418249530074064,KXHIGHMIA-26JUL06,,temperature,raycaster_cloudcaster,91.58175046992594,,2026-07-07T01:00:00+00:00,2026-07-06,,,,,,0.0,1.0,
1.5555245157792115,93.0,,t_plus_21h,mia,mia:2026-07-06,-1.5555245157792115,KXHIGHMIA-26JUL06,,temperature,raycaster_cloudcaster,91.44447548422079,,2026-07-07T02:00:00+00:00,2026-07-06,,,,,,0.0,1.0,
1.5359915461703366,93.0,,t_plus_22h,mia,mia:2026-07-06,-1.5359915461703366,KXHIGHMIA-26JUL06,,temperature,raycaster_cloudcaster,91.46400845382966,,2026-07-07T03:00:00+00:00,2026-07-06,,,,,,0.0,1.0,
1.5510583669725406,93.0,,t_plus_23h,mia,mia:2026-07-06,-1.5510583669725406,KXHIGHMIA-26JUL06,,temperature,raycaster_cloudcaster,91.44894163302746,,2026-07-07T04:00:00+00:00,2026-07-06,,,,,,0.0,1.0,
5.605992563520701,69.0,,t_plus_0h,nyc,nyc:2026-07-06,5.605992563520701,KXHIGHNY-26JUL06,,temperature,raycaster_cloudcaster,74.6059925635207,,2026-07-06T05:00:00+00:00,2026-07-06,,,,,,0.0,0.0,
5.637952127619116,69.0,,t_plus_1h,nyc,nyc:2026-07-06,5.637952127619116,KXHIGHNY-26JUL06,,temperature,raycaster_cloudcaster,74.63795212761912,,2026-07-06T06:00:00+00:00,2026-07-06,,,,,,0.0,0.0,
5.428958387417211,69.0,,t_plus_2h,nyc,nyc:2026-07-06,5.428958387417211,KXHIGHNY-26JUL06,,temperature,raycaster_cloudcaster,74.42895838741721,,2026-07-06T07:00:00+00:00,2026-07-06,,,,,,0.0,0.0,
4.874756974005265,69.0,,t_plus_3h,nyc,nyc:2026-07-06,4.874756974005265,KXHIGHNY-26JUL06,,temperature,raycaster_cloudcaster,73.87475697400527,,2026-07-06T08:00:00+00:00,2026-07-06,,,,,,0.0,0.0,
4.765453359344448,69.0,,t_plus_4h,nyc,nyc:2026-07-06,4.765453359344448,KXHIGHNY-26JUL06,,temperature,raycaster_cloudcaster,73.76545335934445,,2026-07-06T09:00:00+00:00,2026-07-06,,,,,,0.0,0.0,
4.691019117629708,69.0,,t_plus_5h,nyc,nyc:2026-07-06,4.691019117629708,KXHIGHNY-26JUL06,,temperature,raycaster_cloudcaster,73.69101911762971,,2026-07-06T10:00:00+00:00,2026-07-06,,,,,,0.0,0.0,
4.626920736245623,69.0,,t_plus_6h,nyc,nyc:2026-07-06,4.626920736245623,KXHIGHNY-26JUL06,,temperature,raycaster_cloudcaster,73.62692073624562,,2026-07-06T11:00:00+00:00,2026-07-06,,,,,,0.0,0.0,
3.434042745311416,69.0,,t_plus_7h,nyc,nyc:2026-07-06,3.434042745311416,KXHIGHNY-26JUL06,,temperature,raycaster_cloudcaster,72.43404274531142,,2026-07-06T12:00:00+00:00,2026-07-06,,,,,,0.0,0.0,
2.76053213869848,69.0,,t_plus_8h,nyc,nyc:2026-07-06,2.76053213869848,KXHIGHNY-26JUL06,,temperature,raycaster_cloudcaster,71.76053213869848,,2026-07-06T13:00:00+00:00,2026-07-06,,,,,,0.0,0.0,
2.76053213869848,69.0,,t_plus_9h,nyc,nyc:2026-07-06,2.76053213869848,KXHIGHNY-26JUL06,,temperature,raycaster_cloudcaster,71.76053213869848,,2026-07-06T14:00:00+00:00,2026-07-06,,,,,,0.0,0.0,
3.994838971634607,69.0,,t_plus_10h,nyc,nyc:2026-07-06,3.994838971634607,KXHIGHNY-26JUL06,,temperature,raycaster_cloudcaster,72.99483897163461,,2026-07-06T15:00:00+00:00,2026-07-06,,,,,,0.0,0.0,
3.3805789553037044,69.0,,t_plus_11h,nyc,nyc:2026-07-06,3.3805789553037044,KXHIGHNY-26JUL06,,temperature,raycaster_cloudcaster,72.3805789553037,,2026-07-06T16:00:00+00:00,2026-07-06,,,,,,0.0,0.0,
4.091462266658823,69.0,,t_plus_12h,nyc,nyc:2026-07-06,4.091462266658823,KXHIGHNY-26JUL06,,temperature,raycaster_cloudcaster,73.09146226665882,,2026-07-06T17:00:00+00:00,2026-07-06,,,,,,0.0,0.0,
4.925322444185426,69.0,,t_plus_13h,nyc,nyc:2026-07-06,4.925322444185426,KXHIGHNY-26JUL06,,temperature,raycaster_cloudcaster,73.92532244418543,,2026-07-06T18:00:00+00:00,2026-07-06,,,,,,0.0,0.0,
4.900620770401147,69.0,,t_plus_14h,nyc,nyc:2026-07-06,4.900620770401147,KXHIGHNY-26JUL06,,temperature,raycaster_cloudcaster,73.90062077040115,,2026-07-06T19:00:00+00:00,2026-07-06,,,,,,0.0,0.0,
4.719174682272268,69.0,,t_plus_15h,nyc,nyc:2026-07-06,4.719174682272268,KXHIGHNY-26JUL06,,temperature,raycaster_cloudcaster,73.71917468227227,,2026-07-06T20:00:00+00:00,2026-07-06,,,,,,0.0,0.0,
4.335281988368905,69.0,,t_plus_16h,nyc,nyc:2026-07-06,4.335281988368905,KXHIGHNY-26JUL06,,temperature,raycaster_cloudcaster,73.3352819883689,,2026-07-06T21:00:00+00:00,2026-07-06,,,,,,0.0,0.0,
4.185281988368914,69.0,,t_plus_17h,nyc,nyc:2026-07-06,4.185281988368914,KXHIGHNY-26JUL06,,temperature,raycaster_cloudcaster,73.18528198836891,,2026-07-06T22:00:00+00:00,2026-07-06,,,,,,0.0,0.0,
3.334677185618517,69.0,,t_plus_18h,nyc,nyc:2026-07-06,3.334677185618517,KXHIGHNY-26JUL06,,temperature,raycaster_cloudcaster,72.33467718561852,,2026-07-06T23:00:00+00:00,2026-07-06,,,,,,0.0,0.0,
2.0845965033770426,69.0,,t_plus_19h,nyc,nyc:2026-07-06,2.0845965033770426,KXHIGHNY-26JUL06,,temperature,raycaster_cloudcaster,71.08459650337704,,2026-07-07T00:00:00+00:00,2026-07-06,,,,,,0.0,0.0,
1.3038078460356104,69.0,,t_plus_20h,nyc,nyc:2026-07-06,1.3038078460356104,KXHIGHNY-26JUL06,,temperature,raycaster_cloudcaster,70.30380784603561,,2026-07-07T01:00:00+00:00,2026-07-06,,,,,,0.0,1.0,
1.2113463132402273,69.0,,t_plus_21h,nyc,nyc:2026-07-06,1.2113463132402273,KXHIGHNY-26JUL06,,temperature,raycaster_cloudcaster,70.21134631324023,,2026-07-07T02:00:00+00:00,2026-07-06,,,,,,0.0,1.0,
1.323252755707344,69.0,,t_plus_22h,nyc,nyc:2026-07-06,1.323252755707344,KXHIGHNY-26JUL06,,temperature,raycaster_cloudcaster,70.32325275570734,,2026-07-07T03:00:00+00:00,2026-07-06,,,,,,0.0,1.0,
1.3289305948543841,69.0,,t_plus_23h,nyc,nyc:2026-07-06,1.3289305948543841,KXHIGHNY-26JUL06,,temperature,raycaster_cloudcaster,70.32893059485438,,2026-07-07T04:00:00+00:00,2026-07-06,,,,,,0.0,1.0,
0.23998254386209794,92.0,,t_plus_0h,okc,okc:2026-07-06,0.23998254386209794,KXHIGHTOKC-26JUL06,,temperature,raycaster_cloudcaster,92.2399825438621,,2026-07-06T06:00:00+00:00,2026-07-06,,,,,,1.0,1.0,
0.13642881531119144,92.0,,t_plus_1h,okc,okc:2026-07-06,0.13642881531119144,KXHIGHTOKC-26JUL06,,temperature,raycaster_cloudcaster,92.13642881531119,,2026-07-06T07:00:00+00:00,2026-07-06,,,,,,1.0,1.0,
0.7007390523385482,92.0,,t_plus_2h,okc,okc:2026-07-06,0.7007390523385482,KXHIGHTOKC-26JUL06,,temperature,raycaster_cloudcaster,92.70073905233855,,2026-07-06T08:00:00+00:00,2026-07-06,,,,,,1.0,1.0,
0.09498823790850963,92.0,,t_plus_3h,okc,okc:2026-07-06,-0.09498823790850963,KXHIGHTOKC-26JUL06,,temperature,raycaster_cloudcaster,91.90501176209149,,2026-07-06T09:00:00+00:00,2026-07-06,,,,,,1.0,1.0,
0.09498823790850963,92.0,,t_plus_4h,okc,okc:2026-07-06,-0.09498823790850963,KXHIGHTOKC-26JUL06,,temperature,raycaster_cloudcaster,91.90501176209149,,2026-07-06T10:00:00+00:00,2026-07-06,,,,,,1.0,1.0,
0.07063778818071853,92.0,,t_plus_5h,okc,okc:2026-07-06,-0.07063778818071853,KXHIGHTOKC-26JUL06,,temperature,raycaster_cloudcaster,91.92936221181928,,2026-07-06T11:00:00+00:00,2026-07-06,,,,,,1.0,1.0,
0.020637788180721373,92.0,,t_plus_6h,okc,okc:2026-07-06,-0.020637788180721373,KXHIGHTOKC-26JUL06,,temperature,raycaster_cloudcaster,91.97936221181928,,2026-07-06T12:00:00+00:00,2026-07-06,,,,,,1.0,1.0,
0.044988237908512474,92.0,,t_plus_7h,okc,okc:2026-07-06,-0.044988237908512474,KXHIGHTOKC-26JUL06,,temperature,raycaster_cloudcaster,91.95501176209149,,2026-07-06T13:00:00+00:00,2026-07-06,,,,,,1.0,1.0,
0.055272560922503544,92.0,,t_plus_8h,okc,okc:2026-07-06,-0.055272560922503544,KXHIGHTOKC-26JUL06,,temperature,raycaster_cloudcaster,91.9447274390775,,2026-07-06T14:00:00+00:00,2026-07-06,,,,,,1.0,1.0,
0.06640586180553498,92.0,,t_plus_9h,okc,okc:2026-07-06,-0.06640586180553498,KXHIGHTOKC-26JUL06,,temperature,raycaster_cloudcaster,91.93359413819447,,2026-07-06T15:00:00+00:00,2026-07-06,,,,,,1.0,1.0,
0.11640586180553214,92.0,,t_plus_10h,okc,okc:2026-07-06,-0.11640586180553214,KXHIGHTOKC-26JUL06,,temperature,raycaster_cloudcaster,91.88359413819447,,2026-07-06T16:00:00+00:00,2026-07-06,,,,,,1.0,1.0,
0.1817857363371047,92.0,,t_plus_11h,okc,okc:2026-07-06,-0.1817857363371047,KXHIGHTOKC-26JUL06,,temperature,raycaster_cloudcaster,91.8182142636629,,2026-07-06T17:00:00+00:00,2026-07-06,,,,,,1.0,1.0,
0.1363977087184196,92.0,,t_plus_12h,okc,okc:2026-07-06,-0.1363977087184196,KXHIGHTOKC-26JUL06,,temperature,raycaster_cloudcaster,91.86360229128158,,2026-07-06T18:00:00+00:00,2026-07-06,,,,,,1.0,1.0,
0.010484013522287228,92.0,,t_plus_13h,okc,okc:2026-07-06,-0.010484013522287228,KXHIGHTOKC-26JUL06,,temperature,raycaster_cloudcaster,91.98951598647771,,2026-07-06T19:00:00+00:00,2026-07-06,,,,,,1.0,1.0,
0.06489605245556618,92.0,,t_plus_14h,okc,okc:2026-07-06,-0.06489605245556618,KXHIGHTOKC-26JUL06,,temperature,raycaster_cloudcaster,91.93510394754443,,2026-07-06T20:00:00+00:00,2026-07-06,,,,,,1.0,1.0,
0.6433951439711905,92.0,,t_plus_15h,okc,okc:2026-07-06,0.6433951439711905,KXHIGHTOKC-26JUL06,,temperature,raycaster_cloudcaster,92.64339514397119,,2026-07-06T21:00:00+00:00,2026-07-06,,,,,,1.0,1.0,
0.0020682991863338884,92.0,,t_plus_16h,okc,okc:2026-07-06,0.0020682991863338884,KXHIGHTOKC-26JUL06,,temperature,raycaster_cloudcaster,92.00206829918633,,2026-07-06T22:00:00+00:00,2026-07-06,,,,,,1.0,1.0,
0.060000000000002274,92.0,,t_plus_17h,okc,okc:2026-07-06,-0.060000000000002274,KXHIGHTOKC-26JUL06,,temperature,raycaster_cloudcaster,91.94,,2026-07-06T23:00:00+00:00,2026-07-06,,,,,,1.0,1.0,
0.0799275108951889,92.0,,t_plus_18h,okc,okc:2026-07-06,0.0799275108951889,KXHIGHTOKC-26JUL06,,temperature,raycaster_cloudcaster,92.07992751089519,,2026-07-07T00:00:00+00:00,2026-07-06,,,,,,1.0,1.0,
0.14093308450998165,92.0,,t_plus_19h,okc,okc:2026-07-06,0.14093308450998165,KXHIGHTOKC-26JUL06,,temperature,raycaster_cloudcaster,92.14093308450998,,2026-07-07T01:00:00+00:00,2026-07-06,,,,,,1.0,1.0,
0.171720055683096,92.0,,t_plus_20h,okc,okc:2026-07-06,0.171720055683096,KXHIGHTOKC-26JUL06,,temperature,raycaster_cloudcaster,92.1717200556831,,2026-07-07T02:00:00+00:00,2026-07-06,,,,,,1.0,1.0,
0.060000000000002274,92.0,,t_plus_21h,okc,okc:2026-07-06,-0.060000000000002274,KXHIGHTOKC-26JUL06,,temperature,raycaster_cloudcaster,91.94,,2026-07-07T03:00:00+00:00,2026-07-06,,,,,,1.0,1.0,
0.041227955896715685,92.0,,t_plus_22h,okc,okc:2026-07-06,-0.041227955896715685,KXHIGHTOKC-26JUL06,,temperature,raycaster_cloudcaster,91.95877204410328,,2026-07-07T04:00:00+00:00,2026-07-06,,,,,,1.0,1.0,
0.02219030018842716,92.0,,t_plus_23h,okc,okc:2026-07-06,-0.02219030018842716,KXHIGHTOKC-26JUL06,,temperature,raycaster_cloudcaster,91.97780969981157,,2026-07-07T05:00:00+00:00,2026-07-06,,,,,,1.0,1.0,
0.571669273369622,98.0,,t_plus_0h,aus,aus:2026-07-07,-0.571669273369622,KXHIGHAUS-26JUL07,,temperature,raycaster_cloudcaster,97.42833072663038,,2026-07-07T06:00:00+00:00,2026-07-07,,,,,,1.0,1.0,
1.063705256822388,98.0,,t_plus_1h,aus,aus:2026-07-07,-1.063705256822388,KXHIGHAUS-26JUL07,,temperature,raycaster_cloudcaster,96.93629474317761,,2026-07-07T07:00:00+00:00,2026-07-07,,,,,,0.0,1.0,
1.063705256822388,98.0,,t_plus_2h,aus,aus:2026-07-07,-1.063705256822388,KXHIGHAUS-26JUL07,,temperature,raycaster_cloudcaster,96.93629474317761,,2026-07-07T08:00:00+00:00,2026-07-07,,,,,,0.0,1.0,
1.0917080141417586,98.0,,t_plus_3h,aus,aus:2026-07-07,-1.0917080141417586,KXHIGHAUS-26JUL07,,temperature,raycaster_cloudcaster,96.90829198585824,,2026-07-07T09:00:00+00:00,2026-07-07,,,,,,0.0,1.0,
1.0578216512427048,98.0,,t_plus_4h,aus,aus:2026-07-07,-1.0578216512427048,KXHIGHAUS-26JUL07,,temperature,raycaster_cloudcaster,96.9421783487573,,2026-07-07T10:00:00+00:00,2026-07-07,,,,,,0.0,1.0,
1.0417080141417614,98.0,,t_plus_5h,aus,aus:2026-07-07,-1.0417080141417614,KXHIGHAUS-26JUL07,,temperature,raycaster_cloudcaster,96.95829198585824,,2026-07-07T11:00:00+00:00,2026-07-07,,,,,,0.0,1.0,
1.0917080141417586,98.0,,t_plus_6h,aus,aus:2026-07-07,-1.0917080141417586,KXHIGHAUS-26JUL07,,temperature,raycaster_cloudcaster,96.90829198585824,,2026-07-07T12:00:00+00:00,2026-07-07,,,,,,0.0,1.0,
1.1883541228883558,98.0,,t_plus_7h,aus,aus:2026-07-07,-1.1883541228883558,KXHIGHAUS-26JUL07,,temperature,raycaster_cloudcaster,96.81164587711164,,2026-07-07T13:00:00+00:00,2026-07-07,,,,,,0.0,1.0,
1.1883541228883558,98.0,,t_plus_8h,aus,aus:2026-07-07,-1.1883541228883558,KXHIGHAUS-26JUL07,,temperature,raycaster_cloudcaster,96.81164587711164,,2026-07-07T14:00:00+00:00,2026-07-07,,,,,,0.0,1.0,
1.0025204928169984,98.0,,t_plus_9h,aus,aus:2026-07-07,-1.0025204928169984,KXHIGHAUS-26JUL07,,temperature,raycaster_cloudcaster,96.997479507183,,2026-07-07T15:00:00+00:00,2026-07-07,,,,,,0.0,1.0,
1.3123546915377489,98.0,,t_plus_10h,aus,aus:2026-07-07,-1.3123546915377489,KXHIGHAUS-26JUL07,,temperature,raycaster_cloudcaster,96.68764530846225,,2026-07-07T16:00:00+00:00,2026-07-07,,,,,,0.0,1.0,
1.1880879664923896,98.0,,t_plus_11h,aus,aus:2026-07-07,-1.1880879664923896,KXHIGHAUS-26JUL07,,temperature,raycaster_cloudcaster,96.81191203350761,,2026-07-07T17:00:00+00:00,2026-07-07,,,,,,0.0,1.0,
1.252197340585525,98.0,,t_plus_12h,aus,aus:2026-07-07,-1.252197340585525,KXHIGHAUS-26JUL07,,temperature,raycaster_cloudcaster,96.74780265941448,,2026-07-07T18:00:00+00:00,2026-07-07,,,,,,0.0,1.0,
1.4375365880998743,98.0,,t_plus_13h,aus,aus:2026-07-07,-1.4375365880998743,KXHIGHAUS-26JUL07,,temperature,raycaster_cloudcaster,96.56246341190013,,2026-07-07T19:00:00+00:00,2026-07-07,,,,,,0.0,1.0,
1.1623597405475863,98.0,,t_plus_14h,aus,aus:2026-07-07,-1.1623597405475863,KXHIGHAUS-26JUL07,,temperature,raycaster_cloudcaster,96.83764025945241,,2026-07-07T20:00:00+00:00,2026-07-07,,,,,,0.0,1.0,
1.130887021249734,98.0,,t_plus_15h,aus,aus:2026-07-07,-1.130887021249734,KXHIGHAUS-26JUL07,,temperature,raycaster_cloudcaster,96.86911297875027,,2026-07-07T21:00:00+00:00,2026-07-07,,,,,,0.0,1.0,
1.0697666000320964,98.0,,t_plus_16h,aus,aus:2026-07-07,-1.0697666000320964,KXHIGHAUS-26JUL07,,temperature,raycaster_cloudcaster,96.9302333999679,,2026-07-07T22:00:00+00:00,2026-07-07,,,,,,0.0,1.0,
0.5999999999999943,98.0,,t_plus_17h,aus,aus:2026-07-07,0.5999999999999943,KXHIGHAUS-26JUL07,,temperature,raycaster_cloudcaster,98.6,,2026-07-07T23:00:00+00:00,2026-07-07,,,,,,1.0,1.0,
0.5999999999999943,98.0,,t_plus_18h,aus,aus:2026-07-07,0.5999999999999943,KXHIGHAUS-26JUL07,,temperature,raycaster_cloudcaster,98.6,,2026-07-08T00:00:00+00:00,2026-07-07,,,,,,1.0,1.0,
0.5999999999999943,98.0,,t_plus_19h,aus,aus:2026-07-07,0.5999999999999943,KXHIGHAUS-26JUL07,,temperature,raycaster_cloudcaster,98.6,,2026-07-08T01:00:00+00:00,2026-07-07,,,,,,1.0,1.0,
0.5999999999999943,98.0,,t_plus_20h,aus,aus:2026-07-07,0.5999999999999943,KXHIGHAUS-26JUL07,,temperature,raycaster_cloudcaster,98.6,,2026-07-08T02:00:00+00:00,2026-07-07,,,,,,1.0,1.0,
0.5999999999999943,98.0,,t_plus_21h,aus,aus:2026-07-07,0.5999999999999943,KXHIGHAUS-26JUL07,,temperature,raycaster_cloudcaster,98.6,,2026-07-08T03:00:00+00:00,2026-07-07,,,,,,1.0,1.0,
0.5999999999999943,98.0,,t_plus_22h,aus,aus:2026-07-07,0.5999999999999943,KXHIGHAUS-26JUL07,,temperature,raycaster_cloudcaster,98.6,,2026-07-08T04:00:00+00:00,2026-07-07,,,,,,1.0,1.0,
0.5999999999999943,98.0,,t_plus_23h,aus,aus:2026-07-07,0.5999999999999943,KXHIGHAUS-26JUL07,,temperature,raycaster_cloudcaster,98.6,,2026-07-08T05:00:00+00:00,2026-07-07,,,,,,1.0,1.0,
1.1603540858694856,97.0,,t_plus_0h,den,den:2026-07-07,-1.1603540858694856,KXHIGHDEN-26JUL07,,temperature,raycaster_cloudcaster,95.83964591413051,,2026-07-07T07:00:00+00:00,2026-07-07,,,,,,0.0,1.0,
1.1603540858694856,97.0,,t_plus_1h,den,den:2026-07-07,-1.1603540858694856,KXHIGHDEN-26JUL07,,temperature,raycaster_cloudcaster,95.83964591413051,,2026-07-07T08:00:00+00:00,2026-07-07,,,,,,0.0,1.0,
1.0611726423276338,97.0,,t_plus_2h,den,den:2026-07-07,-1.0611726423276338,KXHIGHDEN-26JUL07,,temperature,raycaster_cloudcaster,95.93882735767237,,2026-07-07T09:00:00+00:00,2026-07-07,,,,,,0.0,1.0,
0.9718799465303078,97.0,,t_plus_3h,den,den:2026-07-07,-0.9718799465303078,KXHIGHDEN-26JUL07,,temperature,raycaster_cloudcaster,96.02812005346969,,2026-07-07T10:00:00+00:00,2026-07-07,,,,,,1.0,1.0,
1.596071752546635,97.0,,t_plus_4h,den,den:2026-07-07,-1.596071752546635,KXHIGHDEN-26JUL07,,temperature,raycaster_cloudcaster,95.40392824745336,,2026-07-07T11:00:00+00:00,2026-07-07,,,,,,0.0,1.0,
0.9218799465303107,97.0,,t_plus_5h,den,den:2026-07-07,-0.9218799465303107,KXHIGHDEN-26JUL07,,temperature,raycaster_cloudcaster,96.07812005346969,,2026-07-07T12:00:00+00:00,2026-07-07,,,,,,1.0,1.0,
0.9218799465303107,97.0,,t_plus_6h,den,den:2026-07-07,-0.9218799465303107,KXHIGHDEN-26JUL07,,temperature,raycaster_cloudcaster,96.07812005346969,,2026-07-07T13:00:00+00:00,2026-07-07,,,,,,1.0,1.0,
0.9218799465303107,97.0,,t_plus_7h,den,den:2026-07-07,-0.9218799465303107,KXHIGHDEN-26JUL07,,temperature,raycaster_cloudcaster,96.07812005346969,,2026-07-07T14:00:00+00:00,2026-07-07,,,,,,1.0,1.0,
0.9239665810088269,97.0,,t_plus_8h,den,den:2026-07-07,-0.9239665810088269,KXHIGHDEN-26JUL07,,temperature,raycaster_cloudcaster,96.07603341899117,,2026-07-07T15:00:00+00:00,2026-07-07,,,,,,1.0,1.0,
1.1272043274071564,97.0,,t_plus_9h,den,den:2026-07-07,-1.1272043274071564,KXHIGHDEN-26JUL07,,temperature,raycaster_cloudcaster,95.87279567259284,,2026-07-07T16:00:00+00:00,2026-07-07,,,,,,0.0,1.0,
1.0235266641630716,97.0,,t_plus_10h,den,den:2026-07-07,-1.0235266641630716,KXHIGHDEN-26JUL07,,temperature,raycaster_cloudcaster,95.97647333583693,,2026-07-07T17:00:00+00:00,2026-07-07,,,,,,0.0,1.0,
0.9850740682001344,97.0,,t_plus_11h,den,den:2026-07-07,-0.9850740682001344,KXHIGHDEN-26JUL07,,temperature,raycaster_cloudcaster,96.01492593179987,,2026-07-07T18:00:00+00:00,2026-07-07,,,,,,1.0,1.0,
1.0629685584296027,97.0,,t_plus_12h,den,den:2026-07-07,-1.0629685584296027,KXHIGHDEN-26JUL07,,temperature,raycaster_cloudcaster,95.9370314415704,,2026-07-07T19:00:00+00:00,2026-07-07,,,,,,0.0,1.0,
0.8181600203145365,97.0,,t_plus_13h,den,den:2026-07-07,-0.8181600203145365,KXHIGHDEN-26JUL07,,temperature,raycaster_cloudcaster,96.18183997968546,,2026-07-07T20:00:00+00:00,2026-07-07,,,,,,1.0,1.0,
0.01999999999999602,97.0,,t_plus_14h,den,den:2026-07-07,-0.01999999999999602,KXHIGHDEN-26JUL07,,temperature,raycaster_cloudcaster,96.98,,2026-07-07T21:00:00+00:00,2026-07-07,,,,,,1.0,1.0,
0.01999999999999602,97.0,,t_plus_15h,den,den:2026-07-07,-0.01999999999999602,KXHIGHDEN-26JUL07,,temperature,raycaster_cloudcaster,96.98,,2026-07-07T22:00:00+00:00,2026-07-07,,,,,,1.0,1.0,
0.01999999999999602,97.0,,t_plus_16h,den,den:2026-07-07,-0.01999999999999602,KXHIGHDEN-26JUL07,,temperature,raycaster_cloudcaster,96.98,,2026-07-07T23:00:00+00:00,2026-07-07,,,,,,1.0,1.0,
0.01999999999999602,97.0,,t_plus_17h,den,den:2026-07-07,-0.01999999999999602,KXHIGHDEN-26JUL07,,temperature,raycaster_cloudcaster,96.98,,2026-07-08T00:00:00+00:00,2026-07-07,,,,,,1.0,1.0,
0.01999999999999602,97.0,,t_plus_18h,den,den:2026-07-07,-0.01999999999999602,KXHIGHDEN-26JUL07,,temperature,raycaster_cloudcaster,96.98,,2026-07-08T01:00:00+00:00,2026-07-07,,,,,,1.0,1.0,
0.01999999999999602,97.0,,t_plus_19h,den,den:2026-07-07,-0.01999999999999602,KXHIGHDEN-26JUL07,,temperature,raycaster_cloudcaster,96.98,,2026-07-08T02:00:00+00:00,2026-07-07,,,,,,1.0,1.0,
0.01999999999999602,97.0,,t_plus_20h,den,den:2026-07-07,-0.01999999999999602,KXHIGHDEN-26JUL07,,temperature,raycaster_cloudcaster,96.98,,2026-07-08T03:00:00+00:00,2026-07-07,,,,,,1.0,1.0,
0.01999999999999602,97.0,,t_plus_21h,den,den:2026-07-07,-0.01999999999999602,KXHIGHDEN-26JUL07,,temperature,raycaster_cloudcaster,96.98,,2026-07-08T04:00:00+00:00,2026-07-07,,,,,,1.0,1.0,
0.01999999999999602,97.0,,t_plus_22h,den,den:2026-07-07,-0.01999999999999602,KXHIGHDEN-26JUL07,,temperature,raycaster_cloudcaster,96.98,,2026-07-08T05:00:00+00:00,2026-07-07,,,,,,1.0,1.0,
0.01999999999999602,97.0,,t_plus_23h,den,den:2026-07-07,-0.01999999999999602,KXHIGHDEN-26JUL07,,temperature,raycaster_cloudcaster,96.98,,2026-07-08T06:00:00+00:00,2026-07-07,,,,,,1.0,1.0,
2.4417538312037124,74.0,,t_plus_0h,la,la:2026-07-07,2.4417538312037124,KXHIGHLAX-26JUL07,,temperature,raycaster_cloudcaster,76.44175383120371,,2026-07-07T08:00:00+00:00,2026-07-07,,,,,,0.0,0.0,
2.512303334125633,74.0,,t_plus_1h,la,la:2026-07-07,2.512303334125633,KXHIGHLAX-26JUL07,,temperature,raycaster_cloudcaster,76.51230333412563,,2026-07-07T09:00:00+00:00,2026-07-07,,,,,,0.0,0.0,
2.6123033341256274,74.0,,t_plus_2h,la,la:2026-07-07,2.6123033341256274,KXHIGHLAX-26JUL07,,temperature,raycaster_cloudcaster,76.61230333412563,,2026-07-07T10:00:00+00:00,2026-07-07,,,,,,0.0,0.0,
2.5623033341256303,74.0,,t_plus_3h,la,la:2026-07-07,2.5623033341256303,KXHIGHLAX-26JUL07,,temperature,raycaster_cloudcaster,76.56230333412563,,2026-07-07T11:00:00+00:00,2026-07-07,,,,,,0.0,0.0,
2.4623033341256217,74.0,,t_plus_4h,la,la:2026-07-07,2.4623033341256217,KXHIGHLAX-26JUL07,,temperature,raycaster_cloudcaster,76.46230333412562,,2026-07-07T12:00:00+00:00,2026-07-07,,,,,,0.0,0.0,
2.4623033341256217,74.0,,t_plus_5h,la,la:2026-07-07,2.4623033341256217,KXHIGHLAX-26JUL07,,temperature,raycaster_cloudcaster,76.46230333412562,,2026-07-07T13:00:00+00:00,2026-07-07,,,,,,0.0,0.0,
2.4623033341256217,74.0,,t_plus_6h,la,la:2026-07-07,2.4623033341256217,KXHIGHLAX-26JUL07,,temperature,raycaster_cloudcaster,76.46230333412562,,2026-07-07T14:00:00+00:00,2026-07-07,,,,,,0.0,0.0,
2.608401821383623,74.0,,t_plus_7h,la,la:2026-07-07,2.608401821383623,KXHIGHLAX-26JUL07,,temperature,raycaster_cloudcaster,76.60840182138362,,2026-07-07T15:00:00+00:00,2026-07-07,,,,,,0.0,0.0,
2.7880362624476334,74.0,,t_plus_8h,la,la:2026-07-07,2.7880362624476334,KXHIGHLAX-26JUL07,,temperature,raycaster_cloudcaster,76.78803626244763,,2026-07-07T16:00:00+00:00,2026-07-07,,,,,,0.0,0.0,
3.4876940744757263,74.0,,t_plus_9h,la,la:2026-07-07,3.4876940744757263,KXHIGHLAX-26JUL07,,temperature,raycaster_cloudcaster,77.48769407447573,,2026-07-07T17:00:00+00:00,2026-07-07,,,,,,0.0,0.0,
3.596278228494427,74.0,,t_plus_10h,la,la:2026-07-07,3.596278228494427,KXHIGHLAX-26JUL07,,temperature,raycaster_cloudcaster,77.59627822849443,,2026-07-07T18:00:00+00:00,2026-07-07,,,,,,0.0,0.0,
3.5627703642729216,74.0,,t_plus_11h,la,la:2026-07-07,3.5627703642729216,KXHIGHLAX-26JUL07,,temperature,raycaster_cloudcaster,77.56277036427292,,2026-07-07T19:00:00+00:00,2026-07-07,,,,,,0.0,0.0,
2.278510232319306,74.0,,t_plus_12h,la,la:2026-07-07,2.278510232319306,KXHIGHLAX-26JUL07,,temperature,raycaster_cloudcaster,76.2785102323193,,2026-07-07T20:00:00+00:00,2026-07-07,,,,,,0.0,0.0,
2.222076875988165,74.0,,t_plus_13h,la,la:2026-07-07,2.222076875988165,KXHIGHLAX-26JUL07,,temperature,raycaster_cloudcaster,76.22207687598817,,2026-07-07T21:00:00+00:00,2026-07-07,,,,,,0.0,0.0,
1.9240394777703074,74.0,,t_plus_14h,la,la:2026-07-07,1.9240394777703074,KXHIGHLAX-26JUL07,,temperature,raycaster_cloudcaster,75.92403947777031,,2026-07-07T22:00:00+00:00,2026-07-07,,,,,,0.0,1.0,
1.8914731539274499,74.0,,t_plus_15h,la,la:2026-07-07,1.8914731539274499,KXHIGHLAX-26JUL07,,temperature,raycaster_cloudcaster,75.89147315392745,,2026-07-07T23:00:00+00:00,2026-07-07,,,,,,0.0,1.0,
1.8409275088112196,74.0,,t_plus_16h,la,la:2026-07-07,1.8409275088112196,KXHIGHLAX-26JUL07,,temperature,raycaster_cloudcaster,75.84092750881122,,2026-07-08T00:00:00+00:00,2026-07-07,,,,,,0.0,1.0,
1.8409275088112196,74.0,,t_plus_17h,la,la:2026-07-07,1.8409275088112196,KXHIGHLAX-26JUL07,,temperature,raycaster_cloudcaster,75.84092750881122,,2026-07-08T01:00:00+00:00,2026-07-07,,,,,,0.0,1.0,
0.21129498197811358,74.0,,t_plus_18h,la,la:2026-07-07,0.21129498197811358,KXHIGHLAX-26JUL07,,temperature,raycaster_cloudcaster,74.21129498197811,,2026-07-08T02:00:00+00:00,2026-07-07,,,,,,1.0,1.0,
0.21129498197811358,74.0,,t_plus_19h,la,la:2026-07-07,0.21129498197811358,KXHIGHLAX-26JUL07,,temperature,raycaster_cloudcaster,74.21129498197811,,2026-07-08T03:00:00+00:00,2026-07-07,,,,,,1.0,1.0,
0.060000000000002274,74.0,,t_plus_20h,la,la:2026-07-07,-0.060000000000002274,KXHIGHLAX-26JUL07,,temperature,raycaster_cloudcaster,73.94,,2026-07-08T04:00:00+00:00,2026-07-07,,,,,,1.0,1.0,
0.060000000000002274,74.0,,t_plus_21h,la,la:2026-07-07,-0.060000000000002274,KXHIGHLAX-26JUL07,,temperature,raycaster_cloudcaster,73.94,,2026-07-08T05:00:00+00:00,2026-07-07,,,,,,1.0,1.0,
0.060000000000002274,74.0,,t_plus_22h,la,la:2026-07-07,-0.060000000000002274,KXHIGHLAX-26JUL07,,temperature,raycaster_cloudcaster,73.94,,2026-07-08T06:00:00+00:00,2026-07-07,,,,,,1.0,1.0,
0.060000000000002274,74.0,,t_plus_23h,la,la:2026-07-07,-0.060000000000002274,KXHIGHLAX-26JUL07,,temperature,raycaster_cloudcaster,73.94,,2026-07-08T07:00:00+00:00,2026-07-07,,,,,,1.0,1.0,
1.7376154308917648,93.0,,t_plus_0h,mia,mia:2026-07-07,-1.7376154308917648,KXHIGHMIA-26JUL07,,temperature,raycaster_cloudcaster,91.26238456910824,,2026-07-07T05:00:00+00:00,2026-07-07,,,,,,0.0,1.0,
1.9376154308917677,93.0,,t_plus_1h,mia,mia:2026-07-07,-1.9376154308917677,KXHIGHMIA-26JUL07,,temperature,raycaster_cloudcaster,91.06238456910823,,2026-07-07T06:00:00+00:00,2026-07-07,,,,,,0.0,1.0,
1.804936863153415,93.0,,t_plus_2h,mia,mia:2026-07-07,-1.804936863153415,KXHIGHMIA-26JUL07,,temperature,raycaster_cloudcaster,91.19506313684658,,2026-07-07T07:00:00+00:00,2026-07-07,,,,,,0.0,1.0,
1.804936863153415,93.0,,t_plus_3h,mia,mia:2026-07-07,-1.804936863153415,KXHIGHMIA-26JUL07,,temperature,raycaster_cloudcaster,91.19506313684658,,2026-07-07T08:00:00+00:00,2026-07-07,,,,,,0.0,1.0,
1.7354799535884098,93.0,,t_plus_4h,mia,mia:2026-07-07,-1.7354799535884098,KXHIGHMIA-26JUL07,,temperature,raycaster_cloudcaster,91.26452004641159,,2026-07-07T09:00:00+00:00,2026-07-07,,,,,,0.0,1.0,
1.7354799535884098,93.0,,t_plus_5h,mia,mia:2026-07-07,-1.7354799535884098,KXHIGHMIA-26JUL07,,temperature,raycaster_cloudcaster,91.26452004641159,,2026-07-07T10:00:00+00:00,2026-07-07,,,,,,0.0,1.0,
1.5546284717560894,93.0,,t_plus_6h,mia,mia:2026-07-07,-1.5546284717560894,KXHIGHMIA-26JUL07,,temperature,raycaster_cloudcaster,91.44537152824391,,2026-07-07T11:00:00+00:00,2026-07-07,,,,,,0.0,1.0,
1.4722993843338656,93.0,,t_plus_7h,mia,mia:2026-07-07,-1.4722993843338656,KXHIGHMIA-26JUL07,,temperature,raycaster_cloudcaster,91.52770061566613,,2026-07-07T12:00:00+00:00,2026-07-07,,,,,,0.0,1.0,
1.5144188850387224,93.0,,t_plus_8h,mia,mia:2026-07-07,-1.5144188850387224,KXHIGHMIA-26JUL07,,temperature,raycaster_cloudcaster,91.48558111496128,,2026-07-07T13:00:00+00:00,2026-07-07,,,,,,0.0,1.0,
1.5212684190577477,93.0,,t_plus_9h,mia,mia:2026-07-07,-1.5212684190577477,KXHIGHMIA-26JUL07,,temperature,raycaster_cloudcaster,91.47873158094225,,2026-07-07T14:00:00+00:00,2026-07-07,,,,,,0.0,1.0,
1.7924954042488395,93.0,,t_plus_10h,mia,mia:2026-07-07,-1.7924954042488395,KXHIGHMIA-26JUL07,,temperature,raycaster_cloudcaster,91.20750459575116,,2026-07-07T15:00:00+00:00,2026-07-07,,,,,,0.0,1.0,
0.48389183255420676,93.0,,t_plus_11h,mia,mia:2026-07-07,-0.48389183255420676,KXHIGHMIA-26JUL07,,temperature,raycaster_cloudcaster,92.5161081674458,,2026-07-07T16:00:00+00:00,2026-07-07,,,,,,1.0,1.0,
0.5210880630547194,93.0,,t_plus_12h,mia,mia:2026-07-07,-0.5210880630547194,KXHIGHMIA-26JUL07,,temperature,raycaster_cloudcaster,92.47891193694528,,2026-07-07T17:00:00+00:00,2026-07-07,,,,,,1.0,1.0,
0.6847641740428827,93.0,,t_plus_13h,mia,mia:2026-07-07,-0.6847641740428827,KXHIGHMIA-26JUL07,,temperature,raycaster_cloudcaster,92.31523582595712,,2026-07-07T18:00:00+00:00,2026-07-07,,,,,,1.0,1.0,
0.7311148766129065,93.0,,t_plus_14h,mia,mia:2026-07-07,-0.7311148766129065,KXHIGHMIA-26JUL07,,temperature,raycaster_cloudcaster,92.2688851233871,,2026-07-07T19:00:00+00:00,2026-07-07,,,,,,1.0,1.0,
0.7765254215421322,93.0,,t_plus_15h,mia,mia:2026-07-07,-0.7765254215421322,KXHIGHMIA-26JUL07,,temperature,raycaster_cloudcaster,92.22347457845787,,2026-07-07T20:00:00+00:00,2026-07-07,,,,,,1.0,1.0,
0.7908188280848663,93.0,,t_plus_16h,mia,mia:2026-07-07,-0.7908188280848663,KXHIGHMIA-26JUL07,,temperature,raycaster_cloudcaster,92.20918117191513,,2026-07-07T21:00:00+00:00,2026-07-07,,,,,,1.0,1.0,
0.7908188280848663,93.0,,t_plus_17h,mia,mia:2026-07-07,-0.7908188280848663,KXHIGHMIA-26JUL07,,temperature,raycaster_cloudcaster,92.20918117191513,,2026-07-07T22:00:00+00:00,2026-07-07,,,,,,1.0,1.0,
0.7224833917528173,93.0,,t_plus_18h,mia,mia:2026-07-07,-0.7224833917528173,KXHIGHMIA-26JUL07,,temperature,raycaster_cloudcaster,92.27751660824718,,2026-07-07T23:00:00+00:00,2026-07-07,,,,,,1.0,1.0,
0.8765084780906562,93.0,,t_plus_19h,mia,mia:2026-07-07,-0.8765084780906562,KXHIGHMIA-26JUL07,,temperature,raycaster_cloudcaster,92.12349152190934,,2026-07-08T00:00:00+00:00,2026-07-07,,,,,,1.0,1.0,
0.7024371511689367,93.0,,t_plus_20h,mia,mia:2026-07-07,-0.7024371511689367,KXHIGHMIA-26JUL07,,temperature,raycaster_cloudcaster,92.29756284883106,,2026-07-08T01:00:00+00:00,2026-07-07,,,,,,1.0,1.0,
0.6991640578150253,93.0,,t_plus_21h,mia,mia:2026-07-07,-0.6991640578150253,KXHIGHMIA-26JUL07,,temperature,raycaster_cloudcaster,92.30083594218497,,2026-07-08T02:00:00+00:00,2026-07-07,,,,,,1.0,1.0,
0.6948211848154102,93.0,,t_plus_22h,mia,mia:2026-07-07,-0.6948211848154102,KXHIGHMIA-26JUL07,,temperature,raycaster_cloudcaster,92.30517881518459,,2026-07-08T03:00:00+00:00,2026-07-07,,,,,,1.0,1.0,
0.842137313661425,93.0,,t_plus_23h,mia,mia:2026-07-07,-0.842137313661425,KXHIGHMIA-26JUL07,,temperature,raycaster_cloudcaster,92.15786268633858,,2026-07-08T04:00:00+00:00,2026-07-07,,,,,,1.0,1.0,
0.7900120772150956,70.0,,t_plus_0h,nyc,nyc:2026-07-07,0.7900120772150956,KXHIGHNY-26JUL07,,temperature,raycaster_cloudcaster,70.7900120772151,,2026-07-07T05:00:00+00:00,2026-07-07,,,,,,1.0,1.0,
0.8900120772151041,70.0,,t_plus_1h,nyc,nyc:2026-07-07,0.8900120772151041,KXHIGHNY-26JUL07,,temperature,raycaster_cloudcaster,70.8900120772151,,2026-07-07T06:00:00+00:00,2026-07-07,,,,,,1.0,1.0,
1.5113573329445131,70.0,,t_plus_2h,nyc,nyc:2026-07-07,1.5113573329445131,KXHIGHNY-26JUL07,,temperature,raycaster_cloudcaster,71.51135733294451,,2026-07-07T07:00:00+00:00,2026-07-07,,,,,,0.0,1.0,
1.5113573329445131,70.0,,t_plus_3h,nyc,nyc:2026-07-07,1.5113573329445131,KXHIGHNY-26JUL07,,temperature,raycaster_cloudcaster,71.51135733294451,,2026-07-07T08:00:00+00:00,2026-07-07,,,,,,0.0,1.0,
1.4113573329445046,70.0,,t_plus_4h,nyc,nyc:2026-07-07,1.4113573329445046,KXHIGHNY-26JUL07,,temperature,raycaster_cloudcaster,71.4113573329445,,2026-07-07T09:00:00+00:00,2026-07-07,,,,,,0.0,1.0,
1.4113573329445046,70.0,,t_plus_5h,nyc,nyc:2026-07-07,1.4113573329445046,KXHIGHNY-26JUL07,,temperature,raycaster_cloudcaster,71.4113573329445,,2026-07-07T10:00:00+00:00,2026-07-07,,,,,,0.0,1.0,
1.4613573329445018,70.0,,t_plus_6h,nyc,nyc:2026-07-07,1.4613573329445018,KXHIGHNY-26JUL07,,temperature,raycaster_cloudcaster,71.4613573329445,,2026-07-07T11:00:00+00:00,2026-07-07,,,,,,0.0,1.0,
1.6842039414799501,70.0,,t_plus_7h,nyc,nyc:2026-07-07,1.6842039414799501,KXHIGHNY-26JUL07,,temperature,raycaster_cloudcaster,71.68420394147995,,2026-07-07T12:00:00+00:00,2026-07-07,,,,,,0.0,1.0,
1.6842039414799501,70.0,,t_plus_8h,nyc,nyc:2026-07-07,1.6842039414799501,KXHIGHNY-26JUL07,,temperature,raycaster_cloudcaster,71.68420394147995,,2026-07-07T13:00:00+00:00,2026-07-07,,,,,,0.0,1.0,
1.2107374043295067,70.0,,t_plus_9h,nyc,nyc:2026-07-07,1.2107374043295067,KXHIGHNY-26JUL07,,temperature,raycaster_cloudcaster,71.2107374043295,,2026-07-07T14:00:00+00:00,2026-07-07,,,,,,0.0,1.0,
1.310737404329501,70.0,,t_plus_10h,nyc,nyc:2026-07-07,1.310737404329501,KXHIGHNY-26JUL07,,temperature,raycaster_cloudcaster,71.3107374043295,,2026-07-07T15:00:00+00:00,2026-07-07,,,,,,0.0,1.0,
1.1679198639273238,70.0,,t_plus_11h,nyc,nyc:2026-07-07,1.1679198639273238,KXHIGHNY-26JUL07,,temperature,raycaster_cloudcaster,71.16791986392732,,2026-07-07T16:00:00+00:00,2026-07-07,,,,,,0.0,1.0,
1.1111326301737705,70.0,,t_plus_12h,nyc,nyc:2026-07-07,1.1111326301737705,KXHIGHNY-26JUL07,,temperature,raycaster_cloudcaster,71.11113263017377,,2026-07-07T17:00:00+00:00,2026-07-07,,,,,,0.0,1.0,
1.048237892938758,70.0,,t_plus_13h,nyc,nyc:2026-07-07,1.048237892938758,KXHIGHNY-26JUL07,,temperature,raycaster_cloudcaster,71.04823789293876,,2026-07-07T18:00:00+00:00,2026-07-07,,,,,,0.0,1.0,
0.4121036598931198,70.0,,t_plus_14h,nyc,nyc:2026-07-07,0.4121036598931198,KXHIGHNY-26JUL07,,temperature,raycaster_cloudcaster,70.41210365989312,,2026-07-07T19:00:00+00:00,2026-07-07,,,,,,1.0,1.0,
0.4121036598931198,70.0,,t_plus_15h,nyc,nyc:2026-07-07,0.4121036598931198,KXHIGHNY-26JUL07,,temperature,raycaster_cloudcaster,70.41210365989312,,2026-07-07T20:00:00+00:00,2026-07-07,,,,,,1.0,1.0,
0.36210365989312265,70.0,,t_plus_16h,nyc,nyc:2026-07-07,0.36210365989312265,KXHIGHNY-26JUL07,,temperature,raycaster_cloudcaster,70.36210365989312,,2026-07-07T21:00:00+00:00,2026-07-07,,,,,,1.0,1.0,
0.3121036598931113,70.0,,t_plus_17h,nyc,nyc:2026-07-07,0.3121036598931113,KXHIGHNY-26JUL07,,temperature,raycaster_cloudcaster,70.31210365989311,,2026-07-07T22:00:00+00:00,2026-07-07,,,,,,1.0,1.0,
0.16812461241467247,70.0,,t_plus_18h,nyc,nyc:2026-07-07,0.16812461241467247,KXHIGHNY-26JUL07,,temperature,raycaster_cloudcaster,70.16812461241467,,2026-07-07T23:00:00+00:00,2026-07-07,,,,,,1.0,1.0,
0.01999999999999602,70.0,,t_plus_19h,nyc,nyc:2026-07-07,-0.01999999999999602,KXHIGHNY-26JUL07,,temperature,raycaster_cloudcaster,69.98,,2026-07-08T00:00:00+00:00,2026-07-07,,,,,,1.0,1.0,
0.01999999999999602,70.0,,t_plus_20h,nyc,nyc:2026-07-07,-0.01999999999999602,KXHIGHNY-26JUL07,,temperature,raycaster_cloudcaster,69.98,,2026-07-08T01:00:00+00:00,2026-07-07,,,,,,1.0,1.0,
0.01999999999999602,70.0,,t_plus_21h,nyc,nyc:2026-07-07,-0.01999999999999602,KXHIGHNY-26JUL07,,temperature,raycaster_cloudcaster,69.98,,2026-07-08T02:00:00+00:00,2026-07-07,,,,,,1.0,1.0,
0.01999999999999602,70.0,,t_plus_22h,nyc,nyc:2026-07-07,-0.01999999999999602,KXHIGHNY-26JUL07,,temperature,raycaster_cloudcaster,69.98,,2026-07-08T03:00:00+00:00,2026-07-07,,,,,,1.0,1.0,
0.01999999999999602,70.0,,t_plus_23h,nyc,nyc:2026-07-07,-0.01999999999999602,KXHIGHNY-26JUL07,,temperature,raycaster_cloudcaster,69.98,,2026-07-08T04:00:00+00:00,2026-07-07,,,,,,1.0,1.0,
1.0536534049548578,93.0,,t_plus_0h,okc,okc:2026-07-07,1.0536534049548578,KXHIGHTOKC-26JUL07,,temperature,raycaster_cloudcaster,94.05365340495486,,2026-07-07T06:00:00+00:00,2026-07-07,,,,,,0.0,1.0,
1.102124458903873,93.0,,t_plus_1h,okc,okc:2026-07-07,1.102124458903873,KXHIGHTOKC-26JUL07,,temperature,raycaster_cloudcaster,94.10212445890387,,2026-07-07T07:00:00+00:00,2026-07-07,,,,,,0.0,1.0,
1.102124458903873,93.0,,t_plus_2h,okc,okc:2026-07-07,1.102124458903873,KXHIGHTOKC-26JUL07,,temperature,raycaster_cloudcaster,94.10212445890387,,2026-07-07T08:00:00+00:00,2026-07-07,,,,,,0.0,1.0,
0.864759110288631,93.0,,t_plus_3h,okc,okc:2026-07-07,0.864759110288631,KXHIGHTOKC-26JUL07,,temperature,raycaster_cloudcaster,93.86475911028863,,2026-07-07T09:00:00+00:00,2026-07-07,,,,,,1.0,1.0,
0.864759110288631,93.0,,t_plus_4h,okc,okc:2026-07-07,0.864759110288631,KXHIGHTOKC-26JUL07,,temperature,raycaster_cloudcaster,93.86475911028863,,2026-07-07T10:00:00+00:00,2026-07-07,,,,,,1.0,1.0,
0.9637652630231628,93.0,,t_plus_5h,okc,okc:2026-07-07,0.9637652630231628,KXHIGHTOKC-26JUL07,,temperature,raycaster_cloudcaster,93.96376526302316,,2026-07-07T11:00:00+00:00,2026-07-07,,,,,,1.0,1.0,
0.9052969920956286,93.0,,t_plus_6h,okc,okc:2026-07-07,0.9052969920956286,KXHIGHTOKC-26JUL07,,temperature,raycaster_cloudcaster,93.90529699209563,,2026-07-07T12:00:00+00:00,2026-07-07,,,,,,1.0,1.0,
0.8921092474470811,93.0,,t_plus_7h,okc,okc:2026-07-07,0.8921092474470811,KXHIGHTOKC-26JUL07,,temperature,raycaster_cloudcaster,93.89210924744708,,2026-07-07T13:00:00+00:00,2026-07-07,,,,,,1.0,1.0,
0.8494169223921091,93.0,,t_plus_8h,okc,okc:2026-07-07,0.8494169223921091,KXHIGHTOKC-26JUL07,,temperature,raycaster_cloudcaster,93.84941692239211,,2026-07-07T14:00:00+00:00,2026-07-07,,,,,,1.0,1.0,
0.48719821098863747,93.0,,t_plus_9h,okc,okc:2026-07-07,0.48719821098863747,KXHIGHTOKC-26JUL07,,temperature,raycaster_cloudcaster,93.48719821098864,,2026-07-07T15:00:00+00:00,2026-07-07,,,,,,1.0,1.0,
0.3303500783394213,93.0,,t_plus_10h,okc,okc:2026-07-07,0.3303500783394213,KXHIGHTOKC-26JUL07,,temperature,raycaster_cloudcaster,93.33035007833942,,2026-07-07T16:00:00+00:00,2026-07-07,,,,,,1.0,1.0,
0.3805907889509399,93.0,,t_plus_11h,okc,okc:2026-07-07,0.3805907889509399,KXHIGHTOKC-26JUL07,,temperature,raycaster_cloudcaster,93.38059078895094,,2026-07-07T17:00:00+00:00,2026-07-07,,,,,,1.0,1.0,
0.3767709886311792,93.0,,t_plus_12h,okc,okc:2026-07-07,0.3767709886311792,KXHIGHTOKC-26JUL07,,temperature,raycaster_cloudcaster,93.37677098863118,,2026-07-07T18:00:00+00:00,2026-07-07,,,,,,1.0,1.0,
0.6898112244118124,93.0,,t_plus_13h,okc,okc:2026-07-07,0.6898112244118124,KXHIGHTOKC-26JUL07,,temperature,raycaster_cloudcaster,93.68981122441181,,2026-07-07T19:00:00+00:00,2026-07-07,,,,,,1.0,1.0,
0.6275506658307677,93.0,,t_plus_14h,okc,okc:2026-07-07,0.6275506658307677,KXHIGHTOKC-26JUL07,,temperature,raycaster_cloudcaster,93.62755066583077,,2026-07-07T20:00:00+00:00,2026-07-07,,,,,,1.0,1.0,
1.0298281355117496,93.0,,t_plus_15h,okc,okc:2026-07-07,1.0298281355117496,KXHIGHTOKC-26JUL07,,temperature,raycaster_cloudcaster,94.02982813551175,,2026-07-07T21:00:00+00:00,2026-07-07,,,,,,0.0,1.0,
0.9872946893823666,93.0,,t_plus_16h,okc,okc:2026-07-07,0.9872946893823666,KXHIGHTOKC-26JUL07,,temperature,raycaster_cloudcaster,93.98729468938237,,2026-07-07T22:00:00+00:00,2026-07-07,,,,,,1.0,1.0,
0.6668363203137915,93.0,,t_plus_17h,okc,okc:2026-07-07,0.6668363203137915,KXHIGHTOKC-26JUL07,,temperature,raycaster_cloudcaster,93.66683632031379,,2026-07-07T23:00:00+00:00,2026-07-07,,,,,,1.0,1.0,
0.20000000000000284,93.0,,t_plus_18h,okc,okc:2026-07-07,0.20000000000000284,KXHIGHTOKC-26JUL07,,temperature,raycaster_cloudcaster,93.2,,2026-07-08T00:00:00+00:00,2026-07-07,,,,,,1.0,1.0,
0.20000000000000284,93.0,,t_plus_19h,okc,okc:2026-07-07,0.20000000000000284,KXHIGHTOKC-26JUL07,,temperature,raycaster_cloudcaster,93.2,,2026-07-08T01:00:00+00:00,2026-07-07,,,,,,1.0,1.0,
0.20000000000000284,93.0,,t_plus_20h,okc,okc:2026-07-07,0.20000000000000284,KXHIGHTOKC-26JUL07,,temperature,raycaster_cloudcaster,93.2,,2026-07-08T02:00:00+00:00,2026-07-07,,,,,,1.0,1.0,
0.20000000000000284,93.0,,t_plus_21h,okc,okc:2026-07-07,0.20000000000000284,KXHIGHTOKC-26JUL07,,temperature,raycaster_cloudcaster,93.2,,2026-07-08T03:00:00+00:00,2026-07-07,,,,,,1.0,1.0,
0.20000000000000284,93.0,,t_plus_22h,okc,okc:2026-07-07,0.20000000000000284,KXHIGHTOKC-26JUL07,,temperature,raycaster_cloudcaster,93.2,,2026-07-08T04:00:00+00:00,2026-07-07,,,,,,1.0,1.0,
0.20000000000000284,93.0,,t_plus_23h,okc,okc:2026-07-07,0.20000000000000284,KXHIGHTOKC-26JUL07,,temperature,raycaster_cloudcaster,93.2,,2026-07-08T05:00:00+00:00,2026-07-07,,,,,,1.0,1.0,
2.1845732248399514,99.0,,t_plus_0h,aus,aus:2026-07-08,-2.1845732248399514,KXHIGHAUS-26JUL08,,temperature,raycaster_cloudcaster,96.81542677516005,,2026-07-08T06:00:00+00:00,2026-07-08,,,,,,0.0,0.0,
2.0721713021172974,99.0,,t_plus_1h,aus,aus:2026-07-08,-2.0721713021172974,KXHIGHAUS-26JUL08,,temperature,raycaster_cloudcaster,96.9278286978827,,2026-07-08T07:00:00+00:00,2026-07-08,,,,,,0.0,0.0,
2.0612543014231193,99.0,,t_plus_2h,aus,aus:2026-07-08,-2.0612543014231193,KXHIGHAUS-26JUL08,,temperature,raycaster_cloudcaster,96.93874569857688,,2026-07-08T08:00:00+00:00,2026-07-08,,,,,,0.0,0.0,
2.0612543014231193,99.0,,t_plus_3h,aus,aus:2026-07-08,-2.0612543014231193,KXHIGHAUS-26JUL08,,temperature,raycaster_cloudcaster,96.93874569857688,,2026-07-08T09:00:00+00:00,2026-07-08,,,,,,0.0,0.0,
2.0612543014231193,99.0,,t_plus_4h,aus,aus:2026-07-08,-2.0612543014231193,KXHIGHAUS-26JUL08,,temperature,raycaster_cloudcaster,96.93874569857688,,2026-07-08T10:00:00+00:00,2026-07-08,,,,,,0.0,0.0,
2.0612543014231193,99.0,,t_plus_5h,aus,aus:2026-07-08,-2.0612543014231193,KXHIGHAUS-26JUL08,,temperature,raycaster_cloudcaster,96.93874569857688,,2026-07-08T11:00:00+00:00,2026-07-08,,,,,,0.0,0.0,
2.011254301423122,99.0,,t_plus_6h,aus,aus:2026-07-08,-2.011254301423122,KXHIGHAUS-26JUL08,,temperature,raycaster_cloudcaster,96.98874569857688,,2026-07-08T12:00:00+00:00,2026-07-08,,,,,,0.0,0.0,
2.011254301423122,99.0,,t_plus_7h,aus,aus:2026-07-08,-2.011254301423122,KXHIGHAUS-26JUL08,,temperature,raycaster_cloudcaster,96.98874569857688,,2026-07-08T13:00:00+00:00,2026-07-08,,,,,,0.0,0.0,
2.109583360860057,99.0,,t_plus_8h,aus,aus:2026-07-08,-2.109583360860057,KXHIGHAUS-26JUL08,,temperature,raycaster_cloudcaster,96.89041663913994,,2026-07-08T14:00:00+00:00,2026-07-08,,,,,,0.0,0.0,
2.109583360860057,99.0,,t_plus_9h,aus,aus:2026-07-08,-2.109583360860057,KXHIGHAUS-26JUL08,,temperature,raycaster_cloudcaster,96.89041663913994,,2026-07-08T15:00:00+00:00,2026-07-08,,,,,,0.0,0.0,
2.109583360860057,99.0,,t_plus_10h,aus,aus:2026-07-08,-2.109583360860057,KXHIGHAUS-26JUL08,,temperature,raycaster_cloudcaster,96.89041663913994,,2026-07-08T16:00:00+00:00,2026-07-08,,,,,,0.0,0.0,
2.109583360860057,99.0,,t_plus_11h,aus,aus:2026-07-08,-2.109583360860057,KXHIGHAUS-26JUL08,,temperature,raycaster_cloudcaster,96.89041663913994,,2026-07-08T17:00:00+00:00,2026-07-08,,,,,,0.0,0.0,
2.109583360860057,99.0,,t_plus_12h,aus,aus:2026-07-08,-2.109583360860057,KXHIGHAUS-26JUL08,,temperature,raycaster_cloudcaster,96.89041663913994,,2026-07-08T18:00:00+00:00,2026-07-08,,,,,,0.0,0.0,
2.109583360860057,99.0,,t_plus_13h,aus,aus:2026-07-08,-2.109583360860057,KXHIGHAUS-26JUL08,,temperature,raycaster_cloudcaster,96.89041663913994,,2026-07-08T19:00:00+00:00,2026-07-08,,,,,,0.0,0.0,
1.9002412656092105,99.0,,t_plus_14h,aus,aus:2026-07-08,-1.9002412656092105,KXHIGHAUS-26JUL08,,temperature,raycaster_cloudcaster,97.09975873439079,,2026-07-08T20:00:00+00:00,2026-07-08,,,,,,0.0,1.0,
0.4000000000000057,99.0,,t_plus_15h,aus,aus:2026-07-08,-0.4000000000000057,KXHIGHAUS-26JUL08,,temperature,raycaster_cloudcaster,98.6,,2026-07-08T21:00:00+00:00,2026-07-08,,,,,,1.0,1.0,
0.4000000000000057,99.0,,t_plus_16h,aus,aus:2026-07-08,-0.4000000000000057,KXHIGHAUS-26JUL08,,temperature,raycaster_cloudcaster,98.6,,2026-07-08T22:00:00+00:00,2026-07-08,,,,,,1.0,1.0,
0.4000000000000057,99.0,,t_plus_17h,aus,aus:2026-07-08,-0.4000000000000057,KXHIGHAUS-26JUL08,,temperature,raycaster_cloudcaster,98.6,,2026-07-08T23:00:00+00:00,2026-07-08,,,,,,1.0,1.0,
0.4000000000000057,99.0,,t_plus_18h,aus,aus:2026-07-08,-0.4000000000000057,KXHIGHAUS-26JUL08,,temperature,raycaster_cloudcaster,98.6,,2026-07-09T00:00:00+00:00,2026-07-08,,,,,,1.0,1.0,
0.4000000000000057,99.0,,t_plus_19h,aus,aus:2026-07-08,-0.4000000000000057,KXHIGHAUS-26JUL08,,temperature,raycaster_cloudcaster,98.6,,2026-07-09T01:00:00+00:00,2026-07-08,,,,,,1.0,1.0,
0.4000000000000057,99.0,,t_plus_20h,aus,aus:2026-07-08,-0.4000000000000057,KXHIGHAUS-26JUL08,,temperature,raycaster_cloudcaster,98.6,,2026-07-09T02:00:00+00:00,2026-07-08,,,,,,1.0,1.0,
0.4000000000000057,99.0,,t_plus_21h,aus,aus:2026-07-08,-0.4000000000000057,KXHIGHAUS-26JUL08,,temperature,raycaster_cloudcaster,98.6,,2026-07-09T03:00:00+00:00,2026-07-08,,,,,,1.0,1.0,
0.4000000000000057,99.0,,t_plus_22h,aus,aus:2026-07-08,-0.4000000000000057,KXHIGHAUS-26JUL08,,temperature,raycaster_cloudcaster,98.6,,2026-07-09T04:00:00+00:00,2026-07-08,,,,,,1.0,1.0,
0.4000000000000057,99.0,,t_plus_23h,aus,aus:2026-07-08,-0.4000000000000057,KXHIGHAUS-26JUL08,,temperature,raycaster_cloudcaster,98.6,,2026-07-09T05:00:00+00:00,2026-07-08,,,,,,1.0,1.0,
3.1301896284096102,94.0,,t_plus_0h,den,den:2026-07-08,-3.1301896284096102,KXHIGHDEN-26JUL08,,temperature,raycaster_cloudcaster,90.86981037159039,,2026-07-08T07:00:00+00:00,2026-07-08,,,,,,0.0,0.0,
2.4874134868353224,94.0,,t_plus_1h,den,den:2026-07-08,-2.4874134868353224,KXHIGHDEN-26JUL08,,temperature,raycaster_cloudcaster,91.51258651316468,,2026-07-08T08:00:00+00:00,2026-07-08,,,,,,0.0,0.0,
2.7025964844304298,94.0,,t_plus_2h,den,den:2026-07-08,-2.7025964844304298,KXHIGHDEN-26JUL08,,temperature,raycaster_cloudcaster,91.29740351556957,,2026-07-08T09:00:00+00:00,2026-07-08,,,,,,0.0,0.0,
2.676553235896293,94.0,,t_plus_3h,den,den:2026-07-08,-2.676553235896293,KXHIGHDEN-26JUL08,,temperature,raycaster_cloudcaster,91.3234467641037,,2026-07-08T10:00:00+00:00,2026-07-08,,,,,,0.0,0.0,
2.6557236907507473,94.0,,t_plus_4h,den,den:2026-07-08,-2.6557236907507473,KXHIGHDEN-26JUL08,,temperature,raycaster_cloudcaster,91.34427630924925,,2026-07-08T11:00:00+00:00,2026-07-08,,,,,,0.0,0.0,
2.2490124295753446,94.0,,t_plus_5h,den,den:2026-07-08,-2.2490124295753446,KXHIGHDEN-26JUL08,,temperature,raycaster_cloudcaster,91.75098757042466,,2026-07-08T12:00:00+00:00,2026-07-08,,,,,,0.0,0.0,
2.866613309042208,94.0,,t_plus_6h,den,den:2026-07-08,-2.866613309042208,KXHIGHDEN-26JUL08,,temperature,raycaster_cloudcaster,91.13338669095779,,2026-07-08T13:00:00+00:00,2026-07-08,,,,,,0.0,0.0,
2.866613309042208,94.0,,t_plus_7h,den,den:2026-07-08,-2.866613309042208,KXHIGHDEN-26JUL08,,temperature,raycaster_cloudcaster,91.13338669095779,,2026-07-08T14:00:00+00:00,2026-07-08,,,,,,0.0,0.0,
2.7834867750798082,94.0,,t_plus_8h,den,den:2026-07-08,-2.7834867750798082,KXHIGHDEN-26JUL08,,temperature,raycaster_cloudcaster,91.21651322492019,,2026-07-08T15:00:00+00:00,2026-07-08,,,,,,0.0,0.0,
2.6920787908441497,94.0,,t_plus_9h,den,den:2026-07-08,-2.6920787908441497,KXHIGHDEN-26JUL08,,temperature,raycaster_cloudcaster,91.30792120915585,,2026-07-08T16:00:00+00:00,2026-07-08,,,,,,0.0,0.0,
2.6656967389779567,94.0,,t_plus_10h,den,den:2026-07-08,-2.6656967389779567,KXHIGHDEN-26JUL08,,temperature,raycaster_cloudcaster,91.33430326102204,,2026-07-08T17:00:00+00:00,2026-07-08,,,,,,0.0,0.0,
3.207185729303731,94.0,,t_plus_11h,den,den:2026-07-08,-3.207185729303731,KXHIGHDEN-26JUL08,,temperature,raycaster_cloudcaster,90.79281427069627,,2026-07-08T18:00:00+00:00,2026-07-08,,,,,,0.0,0.0,
2.892126754234525,94.0,,t_plus_12h,den,den:2026-07-08,-2.892126754234525,KXHIGHDEN-26JUL08,,temperature,raycaster_cloudcaster,91.10787324576548,,2026-07-08T19:00:00+00:00,2026-07-08,,,,,,0.0,0.0,
1.8404826048780905,94.0,,t_plus_13h,den,den:2026-07-08,-1.8404826048780905,KXHIGHDEN-26JUL08,,temperature,raycaster_cloudcaster,92.15951739512191,,2026-07-08T20:00:00+00:00,2026-07-08,,,,,,0.0,1.0,
1.952952078379525,94.0,,t_plus_14h,den,den:2026-07-08,-1.952952078379525,KXHIGHDEN-26JUL08,,temperature,raycaster_cloudcaster,92.04704792162048,,2026-07-08T21:00:00+00:00,2026-07-08,,,,,,0.0,1.0,
1.9294197436707208,94.0,,t_plus_15h,den,den:2026-07-08,-1.9294197436707208,KXHIGHDEN-26JUL08,,temperature,raycaster_cloudcaster,92.07058025632928,,2026-07-08T22:00:00+00:00,2026-07-08,,,,,,0.0,1.0,
1.9076566325636577,94.0,,t_plus_16h,den,den:2026-07-08,-1.9076566325636577,KXHIGHDEN-26JUL08,,temperature,raycaster_cloudcaster,92.09234336743634,,2026-07-08T23:00:00+00:00,2026-07-08,,,,,,0.0,1.0,
1.8423559795863724,94.0,,t_plus_17h,den,den:2026-07-08,-1.8423559795863724,KXHIGHDEN-26JUL08,,temperature,raycaster_cloudcaster,92.15764402041363,,2026-07-09T00:00:00+00:00,2026-07-08,,,,,,0.0,1.0,
1.9433819632218103,94.0,,t_plus_18h,den,den:2026-07-08,-1.9433819632218103,KXHIGHDEN-26JUL08,,temperature,raycaster_cloudcaster,92.05661803677819,,2026-07-09T01:00:00+00:00,2026-07-08,,,,,,0.0,1.0,
1.9733919326612863,94.0,,t_plus_19h,den,den:2026-07-08,-1.9733919326612863,KXHIGHDEN-26JUL08,,temperature,raycaster_cloudcaster,92.02660806733871,,2026-07-09T02:00:00+00:00,2026-07-08,,,,,,0.0,1.0,
1.969134842148648,94.0,,t_plus_20h,den,den:2026-07-08,-1.969134842148648,KXHIGHDEN-26JUL08,,temperature,raycaster_cloudcaster,92.03086515785135,,2026-07-09T03:00:00+00:00,2026-07-08,,,,,,0.0,1.0,
2.0600000000000023,94.0,,t_plus_21h,den,den:2026-07-08,-2.0600000000000023,KXHIGHDEN-26JUL08,,temperature,raycaster_cloudcaster,91.94,,2026-07-09T04:00:00+00:00,2026-07-08,,,,,,0.0,0.0,
2.0600000000000023,94.0,,t_plus_22h,den,den:2026-07-08,-2.0600000000000023,KXHIGHDEN-26JUL08,,temperature,raycaster_cloudcaster,91.94,,2026-07-09T05:00:00+00:00,2026-07-08,,,,,,0.0,0.0,
2.0600000000000023,94.0,,t_plus_23h,den,den:2026-07-08,-2.0600000000000023,KXHIGHDEN-26JUL08,,temperature,raycaster_cloudcaster,91.94,,2026-07-09T06:00:00+00:00,2026-07-08,,,,,,0.0,0.0,
3.5273334596378874,74.0,,t_plus_0h,la,la:2026-07-08,3.5273334596378874,KXHIGHLAX-26JUL08,,temperature,raycaster_cloudcaster,77.52733345963789,,2026-07-08T08:00:00+00:00,2026-07-08,,,,,,0.0,0.0,
3.262250666042391,74.0,,t_plus_1h,la,la:2026-07-08,3.262250666042391,KXHIGHLAX-26JUL08,,temperature,raycaster_cloudcaster,77.26225066604239,,2026-07-08T09:00:00+00:00,2026-07-08,,,,,,0.0,0.0,
3.312250666042388,74.0,,t_plus_2h,la,la:2026-07-08,3.312250666042388,KXHIGHLAX-26JUL08,,temperature,raycaster_cloudcaster,77.31225066604239,,2026-07-08T10:00:00+00:00,2026-07-08,,,,,,0.0,0.0,
3.4799635835488942,74.0,,t_plus_3h,la,la:2026-07-08,3.4799635835488942,KXHIGHLAX-26JUL08,,temperature,raycaster_cloudcaster,77.4799635835489,,2026-07-08T11:00:00+00:00,2026-07-08,,,,,,0.0,0.0,
3.4799635835488942,74.0,,t_plus_4h,la,la:2026-07-08,3.4799635835488942,KXHIGHLAX-26JUL08,,temperature,raycaster_cloudcaster,77.4799635835489,,2026-07-08T12:00:00+00:00,2026-07-08,,,,,,0.0,0.0,
3.4799635835488942,74.0,,t_plus_5h,la,la:2026-07-08,3.4799635835488942,KXHIGHLAX-26JUL08,,temperature,raycaster_cloudcaster,77.4799635835489,,2026-07-08T13:00:00+00:00,2026-07-08,,,,,,0.0,0.0,
3.4799635835488942,74.0,,t_plus_6h,la,la:2026-07-08,3.4799635835488942,KXHIGHLAX-26JUL08,,temperature,raycaster_cloudcaster,77.4799635835489,,2026-07-08T14:00:00+00:00,2026-07-08,,,,,,0.0,0.0,
4.026282363431335,74.0,,t_plus_7h,la,la:2026-07-08,4.026282363431335,KXHIGHLAX-26JUL08,,temperature,raycaster_cloudcaster,78.02628236343133,,2026-07-08T15:00:00+00:00,2026-07-08,,,,,,0.0,0.0,
3.600469639500403,74.0,,t_plus_8h,la,la:2026-07-08,3.600469639500403,KXHIGHLAX-26JUL08,,temperature,raycaster_cloudcaster,77.6004696395004,,2026-07-08T16:00:00+00:00,2026-07-08,,,,,,0.0,0.0,
3.2004696395004117,74.0,,t_plus_9h,la,la:2026-07-08,3.2004696395004117,KXHIGHLAX-26JUL08,,temperature,raycaster_cloudcaster,77.20046963950041,,2026-07-08T17:00:00+00:00,2026-07-08,,,,,,0.0,0.0,
3.1758460476570036,74.0,,t_plus_10h,la,la:2026-07-08,3.1758460476570036,KXHIGHLAX-26JUL08,,temperature,raycaster_cloudcaster,77.175846047657,,2026-07-08T18:00:00+00:00,2026-07-08,,,,,,0.0,0.0,
2.5667694214938166,74.0,,t_plus_11h,la,la:2026-07-08,2.5667694214938166,KXHIGHLAX-26JUL08,,temperature,raycaster_cloudcaster,76.56676942149382,,2026-07-08T19:00:00+00:00,2026-07-08,,,,,,0.0,0.0,
2.6484961568880436,74.0,,t_plus_12h,la,la:2026-07-08,2.6484961568880436,KXHIGHLAX-26JUL08,,temperature,raycaster_cloudcaster,76.64849615688804,,2026-07-08T20:00:00+00:00,2026-07-08,,,,,,0.0,0.0,
1.3580157998881361,74.0,,t_plus_13h,la,la:2026-07-08,1.3580157998881361,KXHIGHLAX-26JUL08,,temperature,raycaster_cloudcaster,75.35801579988814,,2026-07-08T21:00:00+00:00,2026-07-08,,,,,,0.0,1.0,
1.341532789995,74.0,,t_plus_14h,la,la:2026-07-08,1.341532789995,KXHIGHLAX-26JUL08,,temperature,raycaster_cloudcaster,75.341532789995,,2026-07-08T22:00:00+00:00,2026-07-08,,,,,,0.0,1.0,
1.313925223112136,74.0,,t_plus_15h,la,la:2026-07-08,1.313925223112136,KXHIGHLAX-26JUL08,,temperature,raycaster_cloudcaster,75.31392522311214,,2026-07-08T23:00:00+00:00,2026-07-08,,,,,,0.0,1.0,
1.069472225786754,74.0,,t_plus_16h,la,la:2026-07-08,1.069472225786754,KXHIGHLAX-26JUL08,,temperature,raycaster_cloudcaster,75.06947222578675,,2026-07-09T00:00:00+00:00,2026-07-08,,,,,,0.0,1.0,
1.069472225786754,74.0,,t_plus_17h,la,la:2026-07-08,1.069472225786754,KXHIGHLAX-26JUL08,,temperature,raycaster_cloudcaster,75.06947222578675,,2026-07-09T01:00:00+00:00,2026-07-08,,,,,,0.0,1.0,
0.42111968057220395,74.0,,t_plus_18h,la,la:2026-07-08,0.42111968057220395,KXHIGHLAX-26JUL08,,temperature,raycaster_cloudcaster,74.4211196805722,,2026-07-09T02:00:00+00:00,2026-07-08,,,,,,1.0,1.0,
0.060000000000002274,74.0,,t_plus_19h,la,la:2026-07-08,-0.060000000000002274,KXHIGHLAX-26JUL08,,temperature,raycaster_cloudcaster,73.94,,2026-07-09T03:00:00+00:00,2026-07-08,,,,,,1.0,1.0,
0.060000000000002274,74.0,,t_plus_20h,la,la:2026-07-08,-0.060000000000002274,KXHIGHLAX-26JUL08,,temperature,raycaster_cloudcaster,73.94,,2026-07-09T04:00:00+00:00,2026-07-08,,,,,,1.0,1.0,
0.060000000000002274,74.0,,t_plus_21h,la,la:2026-07-08,-0.060000000000002274,KXHIGHLAX-26JUL08,,temperature,raycaster_cloudcaster,73.94,,2026-07-09T05:00:00+00:00,2026-07-08,,,,,,1.0,1.0,
0.060000000000002274,74.0,,t_plus_22h,la,la:2026-07-08,-0.060000000000002274,KXHIGHLAX-26JUL08,,temperature,raycaster_cloudcaster,73.94,,2026-07-09T06:00:00+00:00,2026-07-08,,,,,,1.0,1.0,
0.060000000000002274,74.0,,t_plus_23h,la,la:2026-07-08,-0.060000000000002274,KXHIGHLAX-26JUL08,,temperature,raycaster_cloudcaster,73.94,,2026-07-09T07:00:00+00:00,2026-07-08,,,,,,1.0,1.0,
0.7072117704163361,92.0,,t_plus_0h,mia,mia:2026-07-08,-0.7072117704163361,KXHIGHMIA-26JUL08,,temperature,raycaster_cloudcaster,91.29278822958366,,2026-07-08T05:00:00+00:00,2026-07-08,,,,,,1.0,1.0,
0.71059046149891,92.0,,t_plus_1h,mia,mia:2026-07-08,-0.71059046149891,KXHIGHMIA-26JUL08,,temperature,raycaster_cloudcaster,91.28940953850109,,2026-07-08T06:00:00+00:00,2026-07-08,,,,,,1.0,1.0,
0.71059046149891,92.0,,t_plus_2h,mia,mia:2026-07-08,-0.71059046149891,KXHIGHMIA-26JUL08,,temperature,raycaster_cloudcaster,91.28940953850109,,2026-07-08T07:00:00+00:00,2026-07-08,,,,,,1.0,1.0,
0.7605904614989214,92.0,,t_plus_3h,mia,mia:2026-07-08,-0.7605904614989214,KXHIGHMIA-26JUL08,,temperature,raycaster_cloudcaster,91.23940953850108,,2026-07-08T08:00:00+00:00,2026-07-08,,,,,,1.0,1.0,
0.6605904614989271,92.0,,t_plus_4h,mia,mia:2026-07-08,-0.6605904614989271,KXHIGHMIA-26JUL08,,temperature,raycaster_cloudcaster,91.33940953850107,,2026-07-08T09:00:00+00:00,2026-07-08,,,,,,1.0,1.0,
0.6605904614989271,92.0,,t_plus_5h,mia,mia:2026-07-08,-0.6605904614989271,KXHIGHMIA-26JUL08,,temperature,raycaster_cloudcaster,91.33940953850107,,2026-07-08T10:00:00+00:00,2026-07-08,,,,,,1.0,1.0,
0.6605904614989271,92.0,,t_plus_6h,mia,mia:2026-07-08,-0.6605904614989271,KXHIGHMIA-26JUL08,,temperature,raycaster_cloudcaster,91.33940953850107,,2026-07-08T11:00:00+00:00,2026-07-08,,,,,,1.0,1.0,
0.5105904614989214,92.0,,t_plus_7h,mia,mia:2026-07-08,-0.5105904614989214,KXHIGHMIA-26JUL08,,temperature,raycaster_cloudcaster,91.48940953850108,,2026-07-08T12:00:00+00:00,2026-07-08,,,,,,1.0,1.0,
0.5778917809195718,92.0,,t_plus_8h,mia,mia:2026-07-08,-0.5778917809195718,KXHIGHMIA-26JUL08,,temperature,raycaster_cloudcaster,91.42210821908043,,2026-07-08T13:00:00+00:00,2026-07-08,,,,,,1.0,1.0,
0.5778917809195718,92.0,,t_plus_9h,mia,mia:2026-07-08,-0.5778917809195718,KXHIGHMIA-26JUL08,,temperature,raycaster_cloudcaster,91.42210821908043,,2026-07-08T14:00:00+00:00,2026-07-08,,,,,,1.0,1.0,
0.4752238987118318,92.0,,t_plus_10h,mia,mia:2026-07-08,-0.4752238987118318,KXHIGHMIA-26JUL08,,temperature,raycaster_cloudcaster,91.52477610128817,,2026-07-08T15:00:00+00:00,2026-07-08,,,,,,1.0,1.0,
0.5999999999999943,92.0,,t_plus_11h,mia,mia:2026-07-08,-0.5999999999999943,KXHIGHMIA-26JUL08,,temperature,raycaster_cloudcaster,91.4,,2026-07-08T16:00:00+00:00,2026-07-08,,,,,,1.0,1.0,
0.5999999999999943,92.0,,t_plus_12h,mia,mia:2026-07-08,-0.5999999999999943,KXHIGHMIA-26JUL08,,temperature,raycaster_cloudcaster,91.4,,2026-07-08T17:00:00+00:00,2026-07-08,,,,,,1.0,1.0,
0.5999999999999943,92.0,,t_plus_13h,mia,mia:2026-07-08,-0.5999999999999943,KXHIGHMIA-26JUL08,,temperature,raycaster_cloudcaster,91.4,,2026-07-08T18:00:00+00:00,2026-07-08,,,,,,1.0,1.0,
0.060000000000002274,92.0,,t_plus_14h,mia,mia:2026-07-08,-0.060000000000002274,KXHIGHMIA-26JUL08,,temperature,raycaster_cloudcaster,91.94,,2026-07-08T19:00:00+00:00,2026-07-08,,,,,,1.0,1.0,
0.060000000000002274,92.0,,t_plus_15h,mia,mia:2026-07-08,-0.060000000000002274,KXHIGHMIA-26JUL08,,temperature,raycaster_cloudcaster,91.94,,2026-07-08T20:00:00+00:00,2026-07-08,,,,,,1.0,1.0,
0.060000000000002274,92.0,,t_plus_16h,mia,mia:2026-07-08,-0.060000000000002274,KXHIGHMIA-26JUL08,,temperature,raycaster_cloudcaster,91.94,,2026-07-08T21:00:00+00:00,2026-07-08,,,,,,1.0,1.0,
0.060000000000002274,92.0,,t_plus_17h,mia,mia:2026-07-08,-0.060000000000002274,KXHIGHMIA-26JUL08,,temperature,raycaster_cloudcaster,91.94,,2026-07-08T22:00:00+00:00,2026-07-08,,,,,,1.0,1.0,
0.060000000000002274,92.0,,t_plus_18h,mia,mia:2026-07-08,-0.060000000000002274,KXHIGHMIA-26JUL08,,temperature,raycaster_cloudcaster,91.94,,2026-07-08T23:00:00+00:00,2026-07-08,,,,,,1.0,1.0,
0.43660717934156423,92.0,,t_plus_19h,mia,mia:2026-07-08,0.43660717934156423,KXHIGHMIA-26JUL08,,temperature,raycaster_cloudcaster,92.43660717934156,,2026-07-09T00:00:00+00:00,2026-07-08,,,,,,1.0,1.0,
0.621137586256296,92.0,,t_plus_20h,mia,mia:2026-07-08,0.621137586256296,KXHIGHMIA-26JUL08,,temperature,raycaster_cloudcaster,92.6211375862563,,2026-07-09T01:00:00+00:00,2026-07-08,,,,,,1.0,1.0,
0.7186464883494352,92.0,,t_plus_21h,mia,mia:2026-07-08,0.7186464883494352,KXHIGHMIA-26JUL08,,temperature,raycaster_cloudcaster,92.71864648834944,,2026-07-09T02:00:00+00:00,2026-07-08,,,,,,1.0,1.0,
0.6112725311086677,92.0,,t_plus_22h,mia,mia:2026-07-08,0.6112725311086677,KXHIGHMIA-26JUL08,,temperature,raycaster_cloudcaster,92.61127253110867,,2026-07-09T03:00:00+00:00,2026-07-08,,,,,,1.0,1.0,
0.6112725311086677,92.0,,t_plus_23h,mia,mia:2026-07-08,0.6112725311086677,KXHIGHMIA-26JUL08,,temperature,raycaster_cloudcaster,92.61127253110867,,2026-07-09T04:00:00+00:00,2026-07-08,,,,,,1.0,1.0,
3.8214584117265105,85.0,,t_plus_0h,nyc,nyc:2026-07-08,-3.8214584117265105,KXHIGHNY-26JUL08,,temperature,raycaster_cloudcaster,81.17854158827349,,2026-07-08T05:00:00+00:00,2026-07-08,,,,,,0.0,0.0,
3.79193794927761,85.0,,t_plus_1h,nyc,nyc:2026-07-08,-3.79193794927761,KXHIGHNY-26JUL08,,temperature,raycaster_cloudcaster,81.20806205072239,,2026-07-08T06:00:00+00:00,2026-07-08,,,,,,0.0,0.0,
3.55827500243646,85.0,,t_plus_2h,nyc,nyc:2026-07-08,-3.55827500243646,KXHIGHNY-26JUL08,,temperature,raycaster_cloudcaster,81.44172499756354,,2026-07-08T07:00:00+00:00,2026-07-08,,,,,,0.0,0.0,
3.4082750024364685,85.0,,t_plus_3h,nyc,nyc:2026-07-08,-3.4082750024364685,KXHIGHNY-26JUL08,,temperature,raycaster_cloudcaster,81.59172499756353,,2026-07-08T08:00:00+00:00,2026-07-08,,,,,,0.0,0.0,
2.9611606976709197,85.0,,t_plus_4h,nyc,nyc:2026-07-08,-2.9611606976709197,KXHIGHNY-26JUL08,,temperature,raycaster_cloudcaster,82.03883930232908,,2026-07-08T09:00:00+00:00,2026-07-08,,,,,,0.0,0.0,
2.2111606976709197,85.0,,t_plus_5h,nyc,nyc:2026-07-08,-2.2111606976709197,KXHIGHNY-26JUL08,,temperature,raycaster_cloudcaster,82.78883930232908,,2026-07-08T10:00:00+00:00,2026-07-08,,,,,,0.0,0.0,
2.3111606976709282,85.0,,t_plus_6h,nyc,nyc:2026-07-08,-2.3111606976709282,KXHIGHNY-26JUL08,,temperature,raycaster_cloudcaster,82.68883930232907,,2026-07-08T11:00:00+00:00,2026-07-08,,,,,,0.0,0.0,
2.861160697670911,85.0,,t_plus_7h,nyc,nyc:2026-07-08,-2.861160697670911,KXHIGHNY-26JUL08,,temperature,raycaster_cloudcaster,82.13883930232909,,2026-07-08T12:00:00+00:00,2026-07-08,,,,,,0.0,0.0,
2.5611606976709282,85.0,,t_plus_8h,nyc,nyc:2026-07-08,-2.5611606976709282,KXHIGHNY-26JUL08,,temperature,raycaster_cloudcaster,82.43883930232907,,2026-07-08T13:00:00+00:00,2026-07-08,,,,,,0.0,0.0,
2.5611606976709282,85.0,,t_plus_9h,nyc,nyc:2026-07-08,-2.5611606976709282,KXHIGHNY-26JUL08,,temperature,raycaster_cloudcaster,82.43883930232907,,2026-07-08T14:00:00+00:00,2026-07-08,,,,,,0.0,0.0,
2.7679850202676306,85.0,,t_plus_10h,nyc,nyc:2026-07-08,-2.7679850202676306,KXHIGHNY-26JUL08,,temperature,raycaster_cloudcaster,82.23201497973237,,2026-07-08T15:00:00+00:00,2026-07-08,,,,,,0.0,0.0,
2.6294453577570494,85.0,,t_plus_11h,nyc,nyc:2026-07-08,-2.6294453577570494,KXHIGHNY-26JUL08,,temperature,raycaster_cloudcaster,82.37055464224295,,2026-07-08T16:00:00+00:00,2026-07-08,,,,,,0.0,0.0,
2.670167355456698,85.0,,t_plus_12h,nyc,nyc:2026-07-08,-2.670167355456698,KXHIGHNY-26JUL08,,temperature,raycaster_cloudcaster,82.3298326445433,,2026-07-08T17:00:00+00:00,2026-07-08,,,,,,0.0,0.0,
2.5121379017038663,85.0,,t_plus_13h,nyc,nyc:2026-07-08,-2.5121379017038663,KXHIGHNY-26JUL08,,temperature,raycaster_cloudcaster,82.48786209829613,,2026-07-08T18:00:00+00:00,2026-07-08,,,,,,0.0,0.0,
0.4465859310188307,85.0,,t_plus_14h,nyc,nyc:2026-07-08,0.4465859310188307,KXHIGHNY-26JUL08,,temperature,raycaster_cloudcaster,85.44658593101883,,2026-07-08T19:00:00+00:00,2026-07-08,,,,,,1.0,1.0,
0.1889180423780914,85.0,,t_plus_15h,nyc,nyc:2026-07-08,0.1889180423780914,KXHIGHNY-26JUL08,,temperature,raycaster_cloudcaster,85.18891804237809,,2026-07-08T20:00:00+00:00,2026-07-08,,,,,,1.0,1.0,
0.13616325681995534,85.0,,t_plus_16h,nyc,nyc:2026-07-08,0.13616325681995534,KXHIGHNY-26JUL08,,temperature,raycaster_cloudcaster,85.13616325681996,,2026-07-08T21:00:00+00:00,2026-07-08,,,,,,1.0,1.0,
0.0799999999999983,85.0,,t_plus_17h,nyc,nyc:2026-07-08,-0.0799999999999983,KXHIGHNY-26JUL08,,temperature,raycaster_cloudcaster,84.92,,2026-07-08T22:00:00+00:00,2026-07-08,,,,,,1.0,1.0,
0.0799999999999983,85.0,,t_plus_18h,nyc,nyc:2026-07-08,-0.0799999999999983,KXHIGHNY-26JUL08,,temperature,raycaster_cloudcaster,84.92,,2026-07-08T23:00:00+00:00,2026-07-08,,,,,,1.0,1.0,
0.0654162824548905,85.0,,t_plus_19h,nyc,nyc:2026-07-08,0.0654162824548905,KXHIGHNY-26JUL08,,temperature,raycaster_cloudcaster,85.06541628245489,,2026-07-09T00:00:00+00:00,2026-07-08,,,,,,1.0,1.0,
0.04025253898950609,85.0,,t_plus_20h,nyc,nyc:2026-07-08,-0.04025253898950609,KXHIGHNY-26JUL08,,temperature,raycaster_cloudcaster,84.9597474610105,,2026-07-09T01:00:00+00:00,2026-07-08,,,,,,1.0,1.0,
0.0799999999999983,85.0,,t_plus_21h,nyc,nyc:2026-07-08,-0.0799999999999983,KXHIGHNY-26JUL08,,temperature,raycaster_cloudcaster,84.92,,2026-07-09T02:00:00+00:00,2026-07-08,,,,,,1.0,1.0,
0.0799999999999983,85.0,,t_plus_22h,nyc,nyc:2026-07-08,-0.0799999999999983,KXHIGHNY-26JUL08,,temperature,raycaster_cloudcaster,84.92,,2026-07-09T03:00:00+00:00,2026-07-08,,,,,,1.0,1.0,
0.05534254929432336,85.0,,t_plus_23h,nyc,nyc:2026-07-08,-0.05534254929432336,KXHIGHNY-26JUL08,,temperature,raycaster_cloudcaster,84.94465745070568,,2026-07-09T04:00:00+00:00,2026-07-08,,,,,,1.0,1.0,
0.2067842839092009,98.0,,t_plus_0h,okc,okc:2026-07-08,-0.2067842839092009,KXHIGHTOKC-26JUL08,,temperature,raycaster_cloudcaster,97.7932157160908,,2026-07-08T06:00:00+00:00,2026-07-08,,,,,,1.0,1.0,
0.37771660075193836,98.0,,t_plus_1h,okc,okc:2026-07-08,0.37771660075193836,KXHIGHTOKC-26JUL08,,temperature,raycaster_cloudcaster,98.37771660075194,,2026-07-08T07:00:00+00:00,2026-07-08,,,,,,1.0,1.0,
0.6994538923908493,98.0,,t_plus_2h,okc,okc:2026-07-08,0.6994538923908493,KXHIGHTOKC-26JUL08,,temperature,raycaster_cloudcaster,98.69945389239085,,2026-07-08T08:00:00+00:00,2026-07-08,,,,,,1.0,1.0,
0.37771660075193836,98.0,,t_plus_3h,okc,okc:2026-07-08,0.37771660075193836,KXHIGHTOKC-26JUL08,,temperature,raycaster_cloudcaster,98.37771660075194,,2026-07-08T09:00:00+00:00,2026-07-08,,,,,,1.0,1.0,
0.37771660075193836,98.0,,t_plus_4h,okc,okc:2026-07-08,0.37771660075193836,KXHIGHTOKC-26JUL08,,temperature,raycaster_cloudcaster,98.37771660075194,,2026-07-08T10:00:00+00:00,2026-07-08,,,,,,1.0,1.0,
0.7601235732484639,98.0,,t_plus_5h,okc,okc:2026-07-08,0.7601235732484639,KXHIGHTOKC-26JUL08,,temperature,raycaster_cloudcaster,98.76012357324846,,2026-07-08T11:00:00+00:00,2026-07-08,,,,,,1.0,1.0,
1.9268424886329285,98.0,,t_plus_6h,okc,okc:2026-07-08,1.9268424886329285,KXHIGHTOKC-26JUL08,,temperature,raycaster_cloudcaster,99.92684248863293,,2026-07-08T12:00:00+00:00,2026-07-08,,,,,,0.0,1.0,
1.9268424886329285,98.0,,t_plus_7h,okc,okc:2026-07-08,1.9268424886329285,KXHIGHTOKC-26JUL08,,temperature,raycaster_cloudcaster,99.92684248863293,,2026-07-08T13:00:00+00:00,2026-07-08,,,,,,0.0,1.0,
1.9268424886329285,98.0,,t_plus_8h,okc,okc:2026-07-08,1.9268424886329285,KXHIGHTOKC-26JUL08,,temperature,raycaster_cloudcaster,99.92684248863293,,2026-07-08T14:00:00+00:00,2026-07-08,,,,,,0.0,1.0,
1.996405139050367,98.0,,t_plus_9h,okc,okc:2026-07-08,1.996405139050367,KXHIGHTOKC-26JUL08,,temperature,raycaster_cloudcaster,99.99640513905037,,2026-07-08T15:00:00+00:00,2026-07-08,,,,,,0.0,1.0,
1.8989355368233731,98.0,,t_plus_10h,okc,okc:2026-07-08,1.8989355368233731,KXHIGHTOKC-26JUL08,,temperature,raycaster_cloudcaster,99.89893553682337,,2026-07-08T16:00:00+00:00,2026-07-08,,,,,,0.0,1.0,
1.8989355368233731,98.0,,t_plus_11h,okc,okc:2026-07-08,1.8989355368233731,KXHIGHTOKC-26JUL08,,temperature,raycaster_cloudcaster,99.89893553682337,,2026-07-08T17:00:00+00:00,2026-07-08,,,,,,0.0,1.0,
1.8989355368233731,98.0,,t_plus_12h,okc,okc:2026-07-08,1.8989355368233731,KXHIGHTOKC-26JUL08,,temperature,raycaster_cloudcaster,99.89893553682337,,2026-07-08T18:00:00+00:00,2026-07-08,,,,,,0.0,1.0,
1.8989355368233731,98.0,,t_plus_13h,okc,okc:2026-07-08,1.8989355368233731,KXHIGHTOKC-26JUL08,,temperature,raycaster_cloudcaster,99.89893553682337,,2026-07-08T19:00:00+00:00,2026-07-08,,,,,,0.0,1.0,
1.8989355368233731,98.0,,t_plus_14h,okc,okc:2026-07-08,1.8989355368233731,KXHIGHTOKC-26JUL08,,temperature,raycaster_cloudcaster,99.89893553682337,,2026-07-08T20:00:00+00:00,2026-07-08,,,,,,0.0,1.0,
1.8708765663236306,98.0,,t_plus_15h,okc,okc:2026-07-08,1.8708765663236306,KXHIGHTOKC-26JUL08,,temperature,raycaster_cloudcaster,99.87087656632363,,2026-07-08T21:00:00+00:00,2026-07-08,,,,,,0.0,1.0,
1.7708765663236221,98.0,,t_plus_16h,okc,okc:2026-07-08,1.7708765663236221,KXHIGHTOKC-26JUL08,,temperature,raycaster_cloudcaster,99.77087656632362,,2026-07-08T22:00:00+00:00,2026-07-08,,,,,,0.0,1.0,
1.6208765663236306,98.0,,t_plus_17h,okc,okc:2026-07-08,1.6208765663236306,KXHIGHTOKC-26JUL08,,temperature,raycaster_cloudcaster,99.62087656632363,,2026-07-08T23:00:00+00:00,2026-07-08,,,,,,0.0,1.0,
0.5999999999999943,98.0,,t_plus_18h,okc,okc:2026-07-08,0.5999999999999943,KXHIGHTOKC-26JUL08,,temperature,raycaster_cloudcaster,98.6,,2026-07-09T00:00:00+00:00,2026-07-08,,,,,,1.0,1.0,
0.6759364441037121,98.0,,t_plus_19h,okc,okc:2026-07-08,0.6759364441037121,KXHIGHTOKC-26JUL08,,temperature,raycaster_cloudcaster,98.67593644410371,,2026-07-09T01:00:00+00:00,2026-07-08,,,,,,1.0,1.0,
0.5999999999999943,98.0,,t_plus_20h,okc,okc:2026-07-08,0.5999999999999943,KXHIGHTOKC-26JUL08,,temperature,raycaster_cloudcaster,98.6,,2026-07-09T02:00:00+00:00,2026-07-08,,,,,,1.0,1.0,
0.5999999999999943,98.0,,t_plus_21h,okc,okc:2026-07-08,0.5999999999999943,KXHIGHTOKC-26JUL08,,temperature,raycaster_cloudcaster,98.6,,2026-07-09T03:00:00+00:00,2026-07-08,,,,,,1.0,1.0,
0.5999999999999943,98.0,,t_plus_22h,okc,okc:2026-07-08,0.5999999999999943,KXHIGHTOKC-26JUL08,,temperature,raycaster_cloudcaster,98.6,,2026-07-09T04:00:00+00:00,2026-07-08,,,,,,1.0,1.0,
0.5999999999999943,98.0,,t_plus_23h,okc,okc:2026-07-08,0.5999999999999943,KXHIGHTOKC-26JUL08,,temperature,raycaster_cloudcaster,98.6,,2026-07-09T05:00:00+00:00,2026-07-08,,,,,,1.0,1.0,
0.2591929362866665,98.0,,t_plus_0h,aus,aus:2026-07-09,-0.2591929362866665,KXHIGHAUS-26JUL09,,temperature,raycaster_cloudcaster,97.74080706371333,,2026-07-09T06:00:00+00:00,2026-07-09,,,,,,1.0,1.0,
0.1376157234780493,98.0,,t_plus_1h,aus,aus:2026-07-09,0.1376157234780493,KXHIGHAUS-26JUL09,,temperature,raycaster_cloudcaster,98.13761572347805,,2026-07-09T07:00:00+00:00,2026-07-09,,,,,,1.0,1.0,
0.1376157234780493,98.0,,t_plus_2h,aus,aus:2026-07-09,0.1376157234780493,KXHIGHAUS-26JUL09,,temperature,raycaster_cloudcaster,98.13761572347805,,2026-07-09T08:00:00+00:00,2026-07-09,,,,,,1.0,1.0,
0.5366348364451881,98.0,,t_plus_3h,aus,aus:2026-07-09,-0.5366348364451881,KXHIGHAUS-26JUL09,,temperature,raycaster_cloudcaster,97.46336516355481,,2026-07-09T09:00:00+00:00,2026-07-09,,,,,,1.0,1.0,
0.5866348364451852,98.0,,t_plus_4h,aus,aus:2026-07-09,-0.5866348364451852,KXHIGHAUS-26JUL09,,temperature,raycaster_cloudcaster,97.41336516355481,,2026-07-09T10:00:00+00:00,2026-07-09,,,,,,1.0,1.0,
0.33342998825695247,98.0,,t_plus_5h,aus,aus:2026-07-09,-0.33342998825695247,KXHIGHAUS-26JUL09,,temperature,raycaster_cloudcaster,97.66657001174305,,2026-07-09T11:00:00+00:00,2026-07-09,,,,,,1.0,1.0,
0.2834299882569411,98.0,,t_plus_6h,aus,aus:2026-07-09,-0.2834299882569411,KXHIGHAUS-26JUL09,,temperature,raycaster_cloudcaster,97.71657001174306,,2026-07-09T12:00:00+00:00,2026-07-09,,,,,,1.0,1.0,
0.2834299882569411,98.0,,t_plus_7h,aus,aus:2026-07-09,-0.2834299882569411,KXHIGHAUS-26JUL09,,temperature,raycaster_cloudcaster,97.71657001174306,,2026-07-09T13:00:00+00:00,2026-07-09,,,,,,1.0,1.0,
0.2834299882569411,98.0,,t_plus_8h,aus,aus:2026-07-09,-0.2834299882569411,KXHIGHAUS-26JUL09,,temperature,raycaster_cloudcaster,97.71657001174306,,2026-07-09T14:00:00+00:00,2026-07-09,,,,,,1.0,1.0,
0.7161148173529597,98.0,,t_plus_9h,aus,aus:2026-07-09,-0.7161148173529597,KXHIGHAUS-26JUL09,,temperature,raycaster_cloudcaster,97.28388518264704,,2026-07-09T15:00:00+00:00,2026-07-09,,,,,,1.0,1.0,
0.8281937117794342,98.0,,t_plus_10h,aus,aus:2026-07-09,-0.8281937117794342,KXHIGHAUS-26JUL09,,temperature,raycaster_cloudcaster,97.17180628822057,,2026-07-09T16:00:00+00:00,2026-07-09,,,,,,1.0,1.0,
0.9281937117794286,98.0,,t_plus_11h,aus,aus:2026-07-09,-0.9281937117794286,KXHIGHAUS-26JUL09,,temperature,raycaster_cloudcaster,97.07180628822057,,2026-07-09T17:00:00+00:00,2026-07-09,,,,,,1.0,1.0,
0.8555435636138924,98.0,,t_plus_12h,aus,aus:2026-07-09,-0.8555435636138924,KXHIGHAUS-26JUL09,,temperature,raycaster_cloudcaster,97.14445643638611,,2026-07-09T18:00:00+00:00,2026-07-09,,,,,,1.0,1.0,
1.016471881238985,98.0,,t_plus_13h,aus,aus:2026-07-09,-1.016471881238985,KXHIGHAUS-26JUL09,,temperature,raycaster_cloudcaster,96.98352811876101,,2026-07-09T19:00:00+00:00,2026-07-09,,,,,,0.0,1.0,
0.3797531936808838,98.0,,t_plus_14h,aus,aus:2026-07-09,-0.3797531936808838,KXHIGHAUS-26JUL09,,temperature,raycaster_cloudcaster,97.62024680631912,,2026-07-09T20:00:00+00:00,2026-07-09,,,,,,1.0,1.0,
0.609570775188061,98.0,,t_plus_15h,aus,aus:2026-07-09,0.609570775188061,KXHIGHAUS-26JUL09,,temperature,raycaster_cloudcaster,98.60957077518806,,2026-07-09T21:00:00+00:00,2026-07-09,,,,,,1.0,1.0,
0.5999999999999943,98.0,,t_plus_16h,aus,aus:2026-07-09,0.5999999999999943,KXHIGHAUS-26JUL09,,temperature,raycaster_cloudcaster,98.6,,2026-07-09T22:00:00+00:00,2026-07-09,,,,,,1.0,1.0,
0.5999999999999943,98.0,,t_plus_17h,aus,aus:2026-07-09,0.5999999999999943,KXHIGHAUS-26JUL09,,temperature,raycaster_cloudcaster,98.6,,2026-07-09T23:00:00+00:00,2026-07-09,,,,,,1.0,1.0,
0.5999999999999943,98.0,,t_plus_18h,aus,aus:2026-07-09,0.5999999999999943,KXHIGHAUS-26JUL09,,temperature,raycaster_cloudcaster,98.6,,2026-07-10T00:00:00+00:00,2026-07-09,,,,,,1.0,1.0,
0.5999999999999943,98.0,,t_plus_19h,aus,aus:2026-07-09,0.5999999999999943,KXHIGHAUS-26JUL09,,temperature,raycaster_cloudcaster,98.6,,2026-07-10T01:00:00+00:00,2026-07-09,,,,,,1.0,1.0,
0.5999999999999943,98.0,,t_plus_20h,aus,aus:2026-07-09,0.5999999999999943,KXHIGHAUS-26JUL09,,temperature,raycaster_cloudcaster,98.6,,2026-07-10T02:00:00+00:00,2026-07-09,,,,,,1.0,1.0,
0.5999999999999943,98.0,,t_plus_21h,aus,aus:2026-07-09,0.5999999999999943,KXHIGHAUS-26JUL09,,temperature,raycaster_cloudcaster,98.6,,2026-07-10T03:00:00+00:00,2026-07-09,,,,,,1.0,1.0,
0.5999999999999943,98.0,,t_plus_22h,aus,aus:2026-07-09,0.5999999999999943,KXHIGHAUS-26JUL09,,temperature,raycaster_cloudcaster,98.6,,2026-07-10T04:00:00+00:00,2026-07-09,,,,,,1.0,1.0,
0.5999999999999943,98.0,,t_plus_23h,aus,aus:2026-07-09,0.5999999999999943,KXHIGHAUS-26JUL09,,temperature,raycaster_cloudcaster,98.6,,2026-07-10T05:00:00+00:00,2026-07-09,,,,,,1.0,1.0,
0.784150560153634,91.0,,t_plus_0h,den,den:2026-07-09,-0.784150560153634,KXHIGHDEN-26JUL09,,temperature,raycaster_cloudcaster,90.21584943984637,,2026-07-09T07:00:00+00:00,2026-07-09,,,,,,1.0,1.0,
0.8171206155072781,91.0,,t_plus_1h,den,den:2026-07-09,-0.8171206155072781,KXHIGHDEN-26JUL09,,temperature,raycaster_cloudcaster,90.18287938449272,,2026-07-09T08:00:00+00:00,2026-07-09,,,,,,1.0,1.0,
0.1637555614569095,91.0,,t_plus_2h,den,den:2026-07-09,-0.1637555614569095,KXHIGHDEN-26JUL09,,temperature,raycaster_cloudcaster,90.83624443854309,,2026-07-09T09:00:00+00:00,2026-07-09,,,,,,1.0,1.0,
0.1637555614569095,91.0,,t_plus_3h,den,den:2026-07-09,-0.1637555614569095,KXHIGHDEN-26JUL09,,temperature,raycaster_cloudcaster,90.83624443854309,,2026-07-09T10:00:00+00:00,2026-07-09,,,,,,1.0,1.0,
0.23586859947765504,91.0,,t_plus_4h,den,den:2026-07-09,0.23586859947765504,KXHIGHDEN-26JUL09,,temperature,raycaster_cloudcaster,91.23586859947766,,2026-07-09T11:00:00+00:00,2026-07-09,,,,,,1.0,1.0,
0.14490182914865102,91.0,,t_plus_5h,den,den:2026-07-09,0.14490182914865102,KXHIGHDEN-26JUL09,,temperature,raycaster_cloudcaster,91.14490182914865,,2026-07-09T12:00:00+00:00,2026-07-09,,,,,,1.0,1.0,
0.14490182914865102,91.0,,t_plus_6h,den,den:2026-07-09,0.14490182914865102,KXHIGHDEN-26JUL09,,temperature,raycaster_cloudcaster,91.14490182914865,,2026-07-09T13:00:00+00:00,2026-07-09,,,,,,1.0,1.0,
0.14490182914865102,91.0,,t_plus_7h,den,den:2026-07-09,0.14490182914865102,KXHIGHDEN-26JUL09,,temperature,raycaster_cloudcaster,91.14490182914865,,2026-07-09T14:00:00+00:00,2026-07-09,,,,,,1.0,1.0,
0.10459300920744852,91.0,,t_plus_8h,den,den:2026-07-09,-0.10459300920744852,KXHIGHDEN-26JUL09,,temperature,raycaster_cloudcaster,90.89540699079255,,2026-07-09T15:00:00+00:00,2026-07-09,,,,,,1.0,1.0,
0.10049213782892252,91.0,,t_plus_9h,den,den:2026-07-09,0.10049213782892252,KXHIGHDEN-26JUL09,,temperature,raycaster_cloudcaster,91.10049213782892,,2026-07-09T16:00:00+00:00,2026-07-09,,,,,,1.0,1.0,
0.023179066089895173,91.0,,t_plus_10h,den,den:2026-07-09,0.023179066089895173,KXHIGHDEN-26JUL09,,temperature,raycaster_cloudcaster,91.0231790660899,,2026-07-09T17:00:00+00:00,2026-07-09,,,,,,1.0,1.0,
0.2506863416804208,91.0,,t_plus_11h,den,den:2026-07-09,-0.2506863416804208,KXHIGHDEN-26JUL09,,temperature,raycaster_cloudcaster,90.74931365831958,,2026-07-09T18:00:00+00:00,2026-07-09,,,,,,1.0,1.0,
0.43970377631980284,91.0,,t_plus_12h,den,den:2026-07-09,-0.43970377631980284,KXHIGHDEN-26JUL09,,temperature,raycaster_cloudcaster,90.5602962236802,,2026-07-09T19:00:00+00:00,2026-07-09,,,,,,1.0,1.0,
0.8717986637284838,91.0,,t_plus_13h,den,den:2026-07-09,-0.8717986637284838,KXHIGHDEN-26JUL09,,temperature,raycaster_cloudcaster,90.12820133627152,,2026-07-09T20:00:00+00:00,2026-07-09,,,,,,1.0,1.0,
1.1369049326494576,91.0,,t_plus_14h,den,den:2026-07-09,1.1369049326494576,KXHIGHDEN-26JUL09,,temperature,raycaster_cloudcaster,92.13690493264946,,2026-07-09T21:00:00+00:00,2026-07-09,,,,,,0.0,1.0,
1.1125655834717207,91.0,,t_plus_15h,den,den:2026-07-09,1.1125655834717207,KXHIGHDEN-26JUL09,,temperature,raycaster_cloudcaster,92.11256558347172,,2026-07-09T22:00:00+00:00,2026-07-09,,,,,,0.0,1.0,
1.058309907938039,91.0,,t_plus_16h,den,den:2026-07-09,1.058309907938039,KXHIGHDEN-26JUL09,,temperature,raycaster_cloudcaster,92.05830990793804,,2026-07-09T23:00:00+00:00,2026-07-09,,,,,,0.0,1.0,
0.7521724648901085,91.0,,t_plus_17h,den,den:2026-07-09,0.7521724648901085,KXHIGHDEN-26JUL09,,temperature,raycaster_cloudcaster,91.75217246489011,,2026-07-10T00:00:00+00:00,2026-07-09,,,,,,1.0,1.0,
0.5798185671577301,91.0,,t_plus_18h,den,den:2026-07-09,0.5798185671577301,KXHIGHDEN-26JUL09,,temperature,raycaster_cloudcaster,91.57981856715773,,2026-07-10T01:00:00+00:00,2026-07-09,,,,,,1.0,1.0,
0.3995788973837051,91.0,,t_plus_19h,den,den:2026-07-09,0.3995788973837051,KXHIGHDEN-26JUL09,,temperature,raycaster_cloudcaster,91.3995788973837,,2026-07-10T02:00:00+00:00,2026-07-09,,,,,,1.0,1.0,
0.3995788973837051,91.0,,t_plus_20h,den,den:2026-07-09,0.3995788973837051,KXHIGHDEN-26JUL09,,temperature,raycaster_cloudcaster,91.3995788973837,,2026-07-10T03:00:00+00:00,2026-07-09,,,,,,1.0,1.0,
0.24631724613138317,91.0,,t_plus_21h,den,den:2026-07-09,0.24631724613138317,KXHIGHDEN-26JUL09,,temperature,raycaster_cloudcaster,91.24631724613138,,2026-07-10T04:00:00+00:00,2026-07-09,,,,,,1.0,1.0,
0.24631724613138317,91.0,,t_plus_22h,den,den:2026-07-09,0.24631724613138317,KXHIGHDEN-26JUL09,,temperature,raycaster_cloudcaster,91.24631724613138,,2026-07-10T05:00:00+00:00,2026-07-09,,,,,,1.0,1.0,
0.17396802451794713,91.0,,t_plus_23h,den,den:2026-07-09,0.17396802451794713,KXHIGHDEN-26JUL09,,temperature,raycaster_cloudcaster,91.17396802451795,,2026-07-10T06:00:00+00:00,2026-07-09,,,,,,1.0,1.0,
2.1014674210667295,74.0,,t_plus_0h,la,la:2026-07-09,2.1014674210667295,KXHIGHLAX-26JUL09,,temperature,raycaster_cloudcaster,76.10146742106673,,2026-07-09T08:00:00+00:00,2026-07-09,,,,,,0.0,0.0,
2.2590589349640595,74.0,,t_plus_1h,la,la:2026-07-09,2.2590589349640595,KXHIGHLAX-26JUL09,,temperature,raycaster_cloudcaster,76.25905893496406,,2026-07-09T09:00:00+00:00,2026-07-09,,,,,,0.0,0.0,
1.6506969583919755,74.0,,t_plus_2h,la,la:2026-07-09,1.6506969583919755,KXHIGHLAX-26JUL09,,temperature,raycaster_cloudcaster,75.65069695839198,,2026-07-09T10:00:00+00:00,2026-07-09,,,,,,0.0,1.0,
1.5006969583919698,74.0,,t_plus_3h,la,la:2026-07-09,1.5006969583919698,KXHIGHLAX-26JUL09,,temperature,raycaster_cloudcaster,75.50069695839197,,2026-07-09T11:00:00+00:00,2026-07-09,,,,,,0.0,1.0,
1.7122946296240684,74.0,,t_plus_4h,la,la:2026-07-09,1.7122946296240684,KXHIGHLAX-26JUL09,,temperature,raycaster_cloudcaster,75.71229462962407,,2026-07-09T12:00:00+00:00,2026-07-09,,,,,,0.0,1.0,
1.5122946296240656,74.0,,t_plus_5h,la,la:2026-07-09,1.5122946296240656,KXHIGHLAX-26JUL09,,temperature,raycaster_cloudcaster,75.51229462962407,,2026-07-09T13:00:00+00:00,2026-07-09,,,,,,0.0,1.0,
1.5122946296240656,74.0,,t_plus_6h,la,la:2026-07-09,1.5122946296240656,KXHIGHLAX-26JUL09,,temperature,raycaster_cloudcaster,75.51229462962407,,2026-07-09T14:00:00+00:00,2026-07-09,,,,,,0.0,1.0,
1.9030006490542917,74.0,,t_plus_7h,la,la:2026-07-09,1.9030006490542917,KXHIGHLAX-26JUL09,,temperature,raycaster_cloudcaster,75.90300064905429,,2026-07-09T15:00:00+00:00,2026-07-09,,,,,,0.0,1.0,
2.1192354291314928,74.0,,t_plus_8h,la,la:2026-07-09,2.1192354291314928,KXHIGHLAX-26JUL09,,temperature,raycaster_cloudcaster,76.11923542913149,,2026-07-09T16:00:00+00:00,2026-07-09,,,,,,0.0,0.0,
2.188098384785306,74.0,,t_plus_9h,la,la:2026-07-09,2.188098384785306,KXHIGHLAX-26JUL09,,temperature,raycaster_cloudcaster,76.1880983847853,,2026-07-09T17:00:00+00:00,2026-07-09,,,,,,0.0,0.0,
3.168630479778045,74.0,,t_plus_10h,la,la:2026-07-09,3.168630479778045,KXHIGHLAX-26JUL09,,temperature,raycaster_cloudcaster,77.16863047977805,,2026-07-09T18:00:00+00:00,2026-07-09,,,,,,0.0,0.0,
2.421713898925333,74.0,,t_plus_11h,la,la:2026-07-09,2.421713898925333,KXHIGHLAX-26JUL09,,temperature,raycaster_cloudcaster,76.42171389892533,,2026-07-09T19:00:00+00:00,2026-07-09,,,,,,0.0,0.0,
2.221713898925344,74.0,,t_plus_12h,la,la:2026-07-09,2.221713898925344,KXHIGHLAX-26JUL09,,temperature,raycaster_cloudcaster,76.22171389892534,,2026-07-09T20:00:00+00:00,2026-07-09,,,,,,0.0,0.0,
1.87171389892535,74.0,,t_plus_13h,la,la:2026-07-09,1.87171389892535,KXHIGHLAX-26JUL09,,temperature,raycaster_cloudcaster,75.87171389892535,,2026-07-09T21:00:00+00:00,2026-07-09,,,,,,0.0,1.0,
1.919912220135373,74.0,,t_plus_14h,la,la:2026-07-09,1.919912220135373,KXHIGHLAX-26JUL09,,temperature,raycaster_cloudcaster,75.91991222013537,,2026-07-09T22:00:00+00:00,2026-07-09,,,,,,0.0,1.0,
1.919912220135373,74.0,,t_plus_15h,la,la:2026-07-09,1.919912220135373,KXHIGHLAX-26JUL09,,temperature,raycaster_cloudcaster,75.91991222013537,,2026-07-09T23:00:00+00:00,2026-07-09,,,,,,0.0,1.0,
0.9772776513487713,74.0,,t_plus_16h,la,la:2026-07-09,0.9772776513487713,KXHIGHLAX-26JUL09,,temperature,raycaster_cloudcaster,74.97727765134877,,2026-07-10T00:00:00+00:00,2026-07-09,,,,,,1.0,1.0,
0.7398855021864676,74.0,,t_plus_17h,la,la:2026-07-09,0.7398855021864676,KXHIGHLAX-26JUL09,,temperature,raycaster_cloudcaster,74.73988550218647,,2026-07-10T01:00:00+00:00,2026-07-09,,,,,,1.0,1.0,
0.6808472190431161,74.0,,t_plus_18h,la,la:2026-07-09,0.6808472190431161,KXHIGHLAX-26JUL09,,temperature,raycaster_cloudcaster,74.68084721904312,,2026-07-10T02:00:00+00:00,2026-07-09,,,,,,1.0,1.0,
0.112576507321549,74.0,,t_plus_19h,la,la:2026-07-09,0.112576507321549,KXHIGHLAX-26JUL09,,temperature,raycaster_cloudcaster,74.11257650732155,,2026-07-10T03:00:00+00:00,2026-07-09,,,,,,1.0,1.0,
0.060000000000002274,74.0,,t_plus_20h,la,la:2026-07-09,-0.060000000000002274,KXHIGHLAX-26JUL09,,temperature,raycaster_cloudcaster,73.94,,2026-07-10T04:00:00+00:00,2026-07-09,,,,,,1.0,1.0,
0.060000000000002274,74.0,,t_plus_21h,la,la:2026-07-09,-0.060000000000002274,KXHIGHLAX-26JUL09,,temperature,raycaster_cloudcaster,73.94,,2026-07-10T05:00:00+00:00,2026-07-09,,,,,,1.0,1.0,
0.060000000000002274,74.0,,t_plus_22h,la,la:2026-07-09,-0.060000000000002274,KXHIGHLAX-26JUL09,,temperature,raycaster_cloudcaster,73.94,,2026-07-10T06:00:00+00:00,2026-07-09,,,,,,1.0,1.0,
0.060000000000002274,74.0,,t_plus_23h,la,la:2026-07-09,-0.060000000000002274,KXHIGHLAX-26JUL09,,temperature,raycaster_cloudcaster,73.94,,2026-07-10T07:00:00+00:00,2026-07-09,,,,,,1.0,1.0,
0.5483907339528002,92.0,,t_plus_0h,mia,mia:2026-07-09,-0.5483907339528002,KXHIGHMIA-26JUL09,,temperature,raycaster_cloudcaster,91.4516092660472,,2026-07-09T05:00:00+00:00,2026-07-09,,,,,,1.0,1.0,
0.6720215996838022,92.0,,t_plus_1h,mia,mia:2026-07-09,-0.6720215996838022,KXHIGHMIA-26JUL09,,temperature,raycaster_cloudcaster,91.3279784003162,,2026-07-09T06:00:00+00:00,2026-07-09,,,,,,1.0,1.0,
0.5773780241517272,92.0,,t_plus_2h,mia,mia:2026-07-09,-0.5773780241517272,KXHIGHMIA-26JUL09,,temperature,raycaster_cloudcaster,91.42262197584827,,2026-07-09T07:00:00+00:00,2026-07-09,,,,,,1.0,1.0,
0.5773780241517272,92.0,,t_plus_3h,mia,mia:2026-07-09,-0.5773780241517272,KXHIGHMIA-26JUL09,,temperature,raycaster_cloudcaster,91.42262197584827,,2026-07-09T08:00:00+00:00,2026-07-09,,,,,,1.0,1.0,
0.22985399164700482,92.0,,t_plus_4h,mia,mia:2026-07-09,-0.22985399164700482,KXHIGHMIA-26JUL09,,temperature,raycaster_cloudcaster,91.770146008353,,2026-07-09T09:00:00+00:00,2026-07-09,,,,,,1.0,1.0,
0.40357151205282094,92.0,,t_plus_5h,mia,mia:2026-07-09,-0.40357151205282094,KXHIGHMIA-26JUL09,,temperature,raycaster_cloudcaster,91.59642848794718,,2026-07-09T10:00:00+00:00,2026-07-09,,,,,,1.0,1.0,
0.3405698964152748,92.0,,t_plus_6h,mia,mia:2026-07-09,-0.3405698964152748,KXHIGHMIA-26JUL09,,temperature,raycaster_cloudcaster,91.65943010358473,,2026-07-09T11:00:00+00:00,2026-07-09,,,,,,1.0,1.0,
0.3405698964152748,92.0,,t_plus_7h,mia,mia:2026-07-09,-0.3405698964152748,KXHIGHMIA-26JUL09,,temperature,raycaster_cloudcaster,91.65943010358473,,2026-07-09T12:00:00+00:00,2026-07-09,,,,,,1.0,1.0,
0.1981163326378521,92.0,,t_plus_8h,mia,mia:2026-07-09,-0.1981163326378521,KXHIGHMIA-26JUL09,,temperature,raycaster_cloudcaster,91.80188366736215,,2026-07-09T13:00:00+00:00,2026-07-09,,,,,,1.0,1.0,
0.1337801166058341,92.0,,t_plus_9h,mia,mia:2026-07-09,-0.1337801166058341,KXHIGHMIA-26JUL09,,temperature,raycaster_cloudcaster,91.86621988339417,,2026-07-09T14:00:00+00:00,2026-07-09,,,,,,1.0,1.0,
0.2710058656452361,92.0,,t_plus_10h,mia,mia:2026-07-09,-0.2710058656452361,KXHIGHMIA-26JUL09,,temperature,raycaster_cloudcaster,91.72899413435476,,2026-07-09T15:00:00+00:00,2026-07-09,,,,,,1.0,1.0,
0.5562552887215872,92.0,,t_plus_11h,mia,mia:2026-07-09,-0.5562552887215872,KXHIGHMIA-26JUL09,,temperature,raycaster_cloudcaster,91.44374471127841,,2026-07-09T16:00:00+00:00,2026-07-09,,,,,,1.0,1.0,
0.13014759826394595,92.0,,t_plus_12h,mia,mia:2026-07-09,-0.13014759826394595,KXHIGHMIA-26JUL09,,temperature,raycaster_cloudcaster,91.86985240173605,,2026-07-09T17:00:00+00:00,2026-07-09,,,,,,1.0,1.0,
0.13014759826394595,92.0,,t_plus_13h,mia,mia:2026-07-09,-0.13014759826394595,KXHIGHMIA-26JUL09,,temperature,raycaster_cloudcaster,91.86985240173605,,2026-07-09T18:00:00+00:00,2026-07-09,,,,,,1.0,1.0,
0.1398083716438805,92.0,,t_plus_14h,mia,mia:2026-07-09,-0.1398083716438805,KXHIGHMIA-26JUL09,,temperature,raycaster_cloudcaster,91.86019162835612,,2026-07-09T19:00:00+00:00,2026-07-09,,,,,,1.0,1.0,
0.2747906271086151,92.0,,t_plus_15h,mia,mia:2026-07-09,-0.2747906271086151,KXHIGHMIA-26JUL09,,temperature,raycaster_cloudcaster,91.72520937289138,,2026-07-09T20:00:00+00:00,2026-07-09,,,,,,1.0,1.0,
0.5999999999999943,92.0,,t_plus_16h,mia,mia:2026-07-09,-0.5999999999999943,KXHIGHMIA-26JUL09,,temperature,raycaster_cloudcaster,91.4,,2026-07-09T21:00:00+00:00,2026-07-09,,,,,,1.0,1.0,
0.5999999999999943,92.0,,t_plus_17h,mia,mia:2026-07-09,-0.5999999999999943,KXHIGHMIA-26JUL09,,temperature,raycaster_cloudcaster,91.4,,2026-07-09T22:00:00+00:00,2026-07-09,,,,,,1.0,1.0,
0.12715892930509654,92.0,,t_plus_18h,mia,mia:2026-07-09,-0.12715892930509654,KXHIGHMIA-26JUL09,,temperature,raycaster_cloudcaster,91.8728410706949,,2026-07-09T23:00:00+00:00,2026-07-09,,,,,,1.0,1.0,
0.11174737631070286,92.0,,t_plus_19h,mia,mia:2026-07-09,-0.11174737631070286,KXHIGHMIA-26JUL09,,temperature,raycaster_cloudcaster,91.8882526236893,,2026-07-10T00:00:00+00:00,2026-07-09,,,,,,1.0,1.0,
0.1217152821619436,92.0,,t_plus_20h,mia,mia:2026-07-09,0.1217152821619436,KXHIGHMIA-26JUL09,,temperature,raycaster_cloudcaster,92.12171528216194,,2026-07-10T01:00:00+00:00,2026-07-09,,,,,,1.0,1.0,
0.1217152821619436,92.0,,t_plus_21h,mia,mia:2026-07-09,0.1217152821619436,KXHIGHMIA-26JUL09,,temperature,raycaster_cloudcaster,92.12171528216194,,2026-07-10T02:00:00+00:00,2026-07-09,,,,,,1.0,1.0,
0.057147848023490155,92.0,,t_plus_22h,mia,mia:2026-07-09,-0.057147848023490155,KXHIGHMIA-26JUL09,,temperature,raycaster_cloudcaster,91.94285215197651,,2026-07-10T03:00:00+00:00,2026-07-09,,,,,,1.0,1.0,
0.030746487027784042,92.0,,t_plus_23h,mia,mia:2026-07-09,-0.030746487027784042,KXHIGHMIA-26JUL09,,temperature,raycaster_cloudcaster,91.96925351297222,,2026-07-10T04:00:00+00:00,2026-07-09,,,,,,1.0,1.0,
4.139832782249869,82.0,,t_plus_0h,nyc,nyc:2026-07-09,4.139832782249869,KXHIGHNY-26JUL09,,temperature,raycaster_cloudcaster,86.13983278224987,,2026-07-09T05:00:00+00:00,2026-07-09,,,,,,0.0,0.0,
4.409685062013807,82.0,,t_plus_1h,nyc,nyc:2026-07-09,4.409685062013807,KXHIGHNY-26JUL09,,temperature,raycaster_cloudcaster,86.4096850620138,,2026-07-09T06:00:00+00:00,2026-07-09,,,,,,0.0,0.0,
4.246791617317143,82.0,,t_plus_2h,nyc,nyc:2026-07-09,4.246791617317143,KXHIGHNY-26JUL09,,temperature,raycaster_cloudcaster,86.24679161731714,,2026-07-09T07:00:00+00:00,2026-07-09,,,,,,0.0,0.0,
4.246791617317143,82.0,,t_plus_3h,nyc,nyc:2026-07-09,4.246791617317143,KXHIGHNY-26JUL09,,temperature,raycaster_cloudcaster,86.24679161731714,,2026-07-09T08:00:00+00:00,2026-07-09,,,,,,0.0,0.0,
4.404644838644359,82.0,,t_plus_4h,nyc,nyc:2026-07-09,4.404644838644359,KXHIGHNY-26JUL09,,temperature,raycaster_cloudcaster,86.40464483864436,,2026-07-09T09:00:00+00:00,2026-07-09,,,,,,0.0,0.0,
4.404644838644359,82.0,,t_plus_5h,nyc,nyc:2026-07-09,4.404644838644359,KXHIGHNY-26JUL09,,temperature,raycaster_cloudcaster,86.40464483864436,,2026-07-09T10:00:00+00:00,2026-07-09,,,,,,0.0,0.0,
4.259285579798089,82.0,,t_plus_6h,nyc,nyc:2026-07-09,4.259285579798089,KXHIGHNY-26JUL09,,temperature,raycaster_cloudcaster,86.25928557979809,,2026-07-09T11:00:00+00:00,2026-07-09,,,,,,0.0,0.0,
3.484080888211011,82.0,,t_plus_7h,nyc,nyc:2026-07-09,3.484080888211011,KXHIGHNY-26JUL09,,temperature,raycaster_cloudcaster,85.48408088821101,,2026-07-09T12:00:00+00:00,2026-07-09,,,,,,0.0,0.0,
3.615006285165194,82.0,,t_plus_8h,nyc,nyc:2026-07-09,3.615006285165194,KXHIGHNY-26JUL09,,temperature,raycaster_cloudcaster,85.6150062851652,,2026-07-09T13:00:00+00:00,2026-07-09,,,,,,0.0,0.0,
3.5664984053507,82.0,,t_plus_9h,nyc,nyc:2026-07-09,3.5664984053507,KXHIGHNY-26JUL09,,temperature,raycaster_cloudcaster,85.5664984053507,,2026-07-09T14:00:00+00:00,2026-07-09,,,,,,0.0,0.0,
3.8355775697649506,82.0,,t_plus_10h,nyc,nyc:2026-07-09,3.8355775697649506,KXHIGHNY-26JUL09,,temperature,raycaster_cloudcaster,85.83557756976495,,2026-07-09T15:00:00+00:00,2026-07-09,,,,,,0.0,0.0,
2.829627807088798,82.0,,t_plus_11h,nyc,nyc:2026-07-09,2.829627807088798,KXHIGHNY-26JUL09,,temperature,raycaster_cloudcaster,84.8296278070888,,2026-07-09T16:00:00+00:00,2026-07-09,,,,,,0.0,0.0,
2.746717858684349,82.0,,t_plus_12h,nyc,nyc:2026-07-09,2.746717858684349,KXHIGHNY-26JUL09,,temperature,raycaster_cloudcaster,84.74671785868435,,2026-07-09T17:00:00+00:00,2026-07-09,,,,,,0.0,0.0,
2.497589975402178,82.0,,t_plus_13h,nyc,nyc:2026-07-09,2.497589975402178,KXHIGHNY-26JUL09,,temperature,raycaster_cloudcaster,84.49758997540218,,2026-07-09T18:00:00+00:00,2026-07-09,,,,,,0.0,0.0,
1.9625767023861869,82.0,,t_plus_14h,nyc,nyc:2026-07-09,1.9625767023861869,KXHIGHNY-26JUL09,,temperature,raycaster_cloudcaster,83.96257670238619,,2026-07-09T19:00:00+00:00,2026-07-09,,,,,,0.0,1.0,
1.7874093951381553,82.0,,t_plus_15h,nyc,nyc:2026-07-09,1.7874093951381553,KXHIGHNY-26JUL09,,temperature,raycaster_cloudcaster,83.78740939513816,,2026-07-09T20:00:00+00:00,2026-07-09,,,,,,0.0,1.0,
1.679181097764257,82.0,,t_plus_16h,nyc,nyc:2026-07-09,1.679181097764257,KXHIGHNY-26JUL09,,temperature,raycaster_cloudcaster,83.67918109776426,,2026-07-09T21:00:00+00:00,2026-07-09,,,,,,0.0,1.0,
1.540333548896868,82.0,,t_plus_17h,nyc,nyc:2026-07-09,1.540333548896868,KXHIGHNY-26JUL09,,temperature,raycaster_cloudcaster,83.54033354889687,,2026-07-09T22:00:00+00:00,2026-07-09,,,,,,0.0,1.0,
0.10478469793588374,82.0,,t_plus_18h,nyc,nyc:2026-07-09,-0.10478469793588374,KXHIGHNY-26JUL09,,temperature,raycaster_cloudcaster,81.89521530206412,,2026-07-09T23:00:00+00:00,2026-07-09,,,,,,1.0,1.0,
0.656739714402562,82.0,,t_plus_19h,nyc,nyc:2026-07-09,-0.656739714402562,KXHIGHNY-26JUL09,,temperature,raycaster_cloudcaster,81.34326028559744,,2026-07-10T00:00:00+00:00,2026-07-09,,,,,,1.0,1.0,
0.5894524483443462,82.0,,t_plus_20h,nyc,nyc:2026-07-09,-0.5894524483443462,KXHIGHNY-26JUL09,,temperature,raycaster_cloudcaster,81.41054755165565,,2026-07-10T01:00:00+00:00,2026-07-09,,,,,,1.0,1.0,
0.6499208295608412,82.0,,t_plus_21h,nyc,nyc:2026-07-09,-0.6499208295608412,KXHIGHNY-26JUL09,,temperature,raycaster_cloudcaster,81.35007917043916,,2026-07-10T02:00:00+00:00,2026-07-09,,,,,,1.0,1.0,
0.8281659349712385,82.0,,t_plus_22h,nyc,nyc:2026-07-09,-0.8281659349712385,KXHIGHNY-26JUL09,,temperature,raycaster_cloudcaster,81.17183406502876,,2026-07-10T03:00:00+00:00,2026-07-09,,,,,,1.0,1.0,
0.682079815659705,82.0,,t_plus_23h,nyc,nyc:2026-07-09,-0.682079815659705,KXHIGHNY-26JUL09,,temperature,raycaster_cloudcaster,81.3179201843403,,2026-07-10T04:00:00+00:00,2026-07-09,,,,,,1.0,1.0,
1.8024113952484413,98.0,,t_plus_0h,okc,okc:2026-07-09,1.8024113952484413,KXHIGHTOKC-26JUL09,,temperature,raycaster_cloudcaster,99.80241139524844,,2026-07-09T06:00:00+00:00,2026-07-09,,,,,,0.0,1.0,
1.8270139276039288,98.0,,t_plus_1h,okc,okc:2026-07-09,1.8270139276039288,KXHIGHTOKC-26JUL09,,temperature,raycaster_cloudcaster,99.82701392760393,,2026-07-09T07:00:00+00:00,2026-07-09,,,,,,0.0,1.0,
1.8270139276039288,98.0,,t_plus_2h,okc,okc:2026-07-09,1.8270139276039288,KXHIGHTOKC-26JUL09,,temperature,raycaster_cloudcaster,99.82701392760393,,2026-07-09T08:00:00+00:00,2026-07-09,,,,,,0.0,1.0,
1.6471968194946385,98.0,,t_plus_3h,okc,okc:2026-07-09,1.6471968194946385,KXHIGHTOKC-26JUL09,,temperature,raycaster_cloudcaster,99.64719681949464,,2026-07-09T09:00:00+00:00,2026-07-09,,,,,,0.0,1.0,
1.877013927603926,98.0,,t_plus_4h,okc,okc:2026-07-09,1.877013927603926,KXHIGHTOKC-26JUL09,,temperature,raycaster_cloudcaster,99.87701392760393,,2026-07-09T10:00:00+00:00,2026-07-09,,,,,,0.0,1.0,
1.7770139276039174,98.0,,t_plus_5h,okc,okc:2026-07-09,1.7770139276039174,KXHIGHTOKC-26JUL09,,temperature,raycaster_cloudcaster,99.77701392760392,,2026-07-09T11:00:00+00:00,2026-07-09,,,,,,0.0,1.0,
1.8270139276039288,98.0,,t_plus_6h,okc,okc:2026-07-09,1.8270139276039288,KXHIGHTOKC-26JUL09,,temperature,raycaster_cloudcaster,99.82701392760393,,2026-07-09T12:00:00+00:00,2026-07-09,,,,,,0.0,1.0,
1.8270139276039288,98.0,,t_plus_7h,okc,okc:2026-07-09,1.8270139276039288,KXHIGHTOKC-26JUL09,,temperature,raycaster_cloudcaster,99.82701392760393,,2026-07-09T13:00:00+00:00,2026-07-09,,,,,,0.0,1.0,
1.8270139276039288,98.0,,t_plus_8h,okc,okc:2026-07-09,1.8270139276039288,KXHIGHTOKC-26JUL09,,temperature,raycaster_cloudcaster,99.82701392760393,,2026-07-09T14:00:00+00:00,2026-07-09,,,,,,0.0,1.0,
1.6663665754569195,98.0,,t_plus_9h,okc,okc:2026-07-09,1.6663665754569195,KXHIGHTOKC-26JUL09,,temperature,raycaster_cloudcaster,99.66636657545692,,2026-07-09T15:00:00+00:00,2026-07-09,,,,,,0.0,1.0,
1.6534347375130807,98.0,,t_plus_10h,okc,okc:2026-07-09,1.6534347375130807,KXHIGHTOKC-26JUL09,,temperature,raycaster_cloudcaster,99.65343473751308,,2026-07-09T16:00:00+00:00,2026-07-09,,,,,,0.0,1.0,
1.6534347375130807,98.0,,t_plus_11h,okc,okc:2026-07-09,1.6534347375130807,KXHIGHTOKC-26JUL09,,temperature,raycaster_cloudcaster,99.65343473751308,,2026-07-09T17:00:00+00:00,2026-07-09,,,,,,0.0,1.0,
0.913036126900721,98.0,,t_plus_12h,okc,okc:2026-07-09,0.913036126900721,KXHIGHTOKC-26JUL09,,temperature,raycaster_cloudcaster,98.91303612690072,,2026-07-09T18:00:00+00:00,2026-07-09,,,,,,1.0,1.0,
0.9630361269007182,98.0,,t_plus_13h,okc,okc:2026-07-09,0.9630361269007182,KXHIGHTOKC-26JUL09,,temperature,raycaster_cloudcaster,98.96303612690072,,2026-07-09T19:00:00+00:00,2026-07-09,,,,,,1.0,1.0,
0.9630361269007182,98.0,,t_plus_14h,okc,okc:2026-07-09,0.9630361269007182,KXHIGHTOKC-26JUL09,,temperature,raycaster_cloudcaster,98.96303612690072,,2026-07-09T20:00:00+00:00,2026-07-09,,,,,,1.0,1.0,
1.4347257372291295,98.0,,t_plus_15h,okc,okc:2026-07-09,1.4347257372291295,KXHIGHTOKC-26JUL09,,temperature,raycaster_cloudcaster,99.43472573722913,,2026-07-09T21:00:00+00:00,2026-07-09,,,,,,0.0,1.0,
1.3847257372291324,98.0,,t_plus_16h,okc,okc:2026-07-09,1.3847257372291324,KXHIGHTOKC-26JUL09,,temperature,raycaster_cloudcaster,99.38472573722913,,2026-07-09T22:00:00+00:00,2026-07-09,,,,,,0.0,1.0,
1.197579221548537,98.0,,t_plus_17h,okc,okc:2026-07-09,1.197579221548537,KXHIGHTOKC-26JUL09,,temperature,raycaster_cloudcaster,99.19757922154854,,2026-07-09T23:00:00+00:00,2026-07-09,,,,,,0.0,1.0,
0.5999999999999943,98.0,,t_plus_18h,okc,okc:2026-07-09,0.5999999999999943,KXHIGHTOKC-26JUL09,,temperature,raycaster_cloudcaster,98.6,,2026-07-10T00:00:00+00:00,2026-07-09,,,,,,1.0,1.0,
0.5999999999999943,98.0,,t_plus_19h,okc,okc:2026-07-09,0.5999999999999943,KXHIGHTOKC-26JUL09,,temperature,raycaster_cloudcaster,98.6,,2026-07-10T01:00:00+00:00,2026-07-09,,,,,,1.0,1.0,
0.5999999999999943,98.0,,t_plus_20h,okc,okc:2026-07-09,0.5999999999999943,KXHIGHTOKC-26JUL09,,temperature,raycaster_cloudcaster,98.6,,2026-07-10T02:00:00+00:00,2026-07-09,,,,,,1.0,1.0,
0.5999999999999943,98.0,,t_plus_21h,okc,okc:2026-07-09,0.5999999999999943,KXHIGHTOKC-26JUL09,,temperature,raycaster_cloudcaster,98.6,,2026-07-10T03:00:00+00:00,2026-07-09,,,,,,1.0,1.0,
0.5999999999999943,98.0,,t_plus_22h,okc,okc:2026-07-09,0.5999999999999943,KXHIGHTOKC-26JUL09,,temperature,raycaster_cloudcaster,98.6,,2026-07-10T04:00:00+00:00,2026-07-09,,,,,,1.0,1.0,
0.5999999999999943,98.0,,t_plus_23h,okc,okc:2026-07-09,0.5999999999999943,KXHIGHTOKC-26JUL09,,temperature,raycaster_cloudcaster,98.6,,2026-07-10T05:00:00+00:00,2026-07-09,,,,,,1.0,1.0,
1.5366162107287096,95.0,,t_plus_0h,aus,aus:2026-07-10,-1.5366162107287096,KXHIGHAUS-26JUL10,,temperature,raycaster_cloudcaster,93.46338378927129,,2026-07-10T06:00:00+00:00,2026-07-10,,,,,,0.0,1.0,
1.41825863878978,95.0,,t_plus_1h,aus,aus:2026-07-10,-1.41825863878978,KXHIGHAUS-26JUL10,,temperature,raycaster_cloudcaster,93.58174136121022,,2026-07-10T07:00:00+00:00,2026-07-10,,,,,,0.0,1.0,
1.41825863878978,95.0,,t_plus_2h,aus,aus:2026-07-10,-1.41825863878978,KXHIGHAUS-26JUL10,,temperature,raycaster_cloudcaster,93.58174136121022,,2026-07-10T08:00:00+00:00,2026-07-10,,,,,,0.0,1.0,
1.5682586387897857,95.0,,t_plus_3h,aus,aus:2026-07-10,-1.5682586387897857,KXHIGHAUS-26JUL10,,temperature,raycaster_cloudcaster,93.43174136121021,,2026-07-10T09:00:00+00:00,2026-07-10,,,,,,0.0,1.0,
1.4682586387897913,95.0,,t_plus_4h,aus,aus:2026-07-10,-1.4682586387897913,KXHIGHAUS-26JUL10,,temperature,raycaster_cloudcaster,93.53174136121021,,2026-07-10T10:00:00+00:00,2026-07-10,,,,,,0.0,1.0,
1.6212034903464883,95.0,,t_plus_5h,aus,aus:2026-07-10,-1.6212034903464883,KXHIGHAUS-26JUL10,,temperature,raycaster_cloudcaster,93.37879650965351,,2026-07-10T11:00:00+00:00,2026-07-10,,,,,,0.0,1.0,
1.2777190759990162,95.0,,t_plus_6h,aus,aus:2026-07-10,-1.2777190759990162,KXHIGHAUS-26JUL10,,temperature,raycaster_cloudcaster,93.72228092400098,,2026-07-10T12:00:00+00:00,2026-07-10,,,,,,0.0,1.0,
0.2248270713635918,95.0,,t_plus_7h,aus,aus:2026-07-10,0.2248270713635918,KXHIGHAUS-26JUL10,,temperature,raycaster_cloudcaster,95.22482707136359,,2026-07-10T13:00:00+00:00,2026-07-10,,,,,,1.0,1.0,
0.24990570325219608,95.0,,t_plus_8h,aus,aus:2026-07-10,0.24990570325219608,KXHIGHAUS-26JUL10,,temperature,raycaster_cloudcaster,95.2499057032522,,2026-07-10T14:00:00+00:00,2026-07-10,,,,,,1.0,1.0,
0.08885907942342897,95.0,,t_plus_9h,aus,aus:2026-07-10,0.08885907942342897,KXHIGHAUS-26JUL10,,temperature,raycaster_cloudcaster,95.08885907942343,,2026-07-10T15:00:00+00:00,2026-07-10,,,,,,1.0,1.0,
0.10875596813365007,95.0,,t_plus_10h,aus,aus:2026-07-10,-0.10875596813365007,KXHIGHAUS-26JUL10,,temperature,raycaster_cloudcaster,94.89124403186635,,2026-07-10T16:00:00+00:00,2026-07-10,,,,,,1.0,1.0,
0.1272232645010689,95.0,,t_plus_11h,aus,aus:2026-07-10,-0.1272232645010689,KXHIGHAUS-26JUL10,,temperature,raycaster_cloudcaster,94.87277673549893,,2026-07-10T17:00:00+00:00,2026-07-10,,,,,,1.0,1.0,
0.0005101958248445726,95.0,,t_plus_12h,aus,aus:2026-07-10,0.0005101958248445726,KXHIGHAUS-26JUL10,,temperature,raycaster_cloudcaster,95.00051019582484,,2026-07-10T18:00:00+00:00,2026-07-10,,,,,,1.0,1.0,
0.2164622316627458,95.0,,t_plus_13h,aus,aus:2026-07-10,-0.2164622316627458,KXHIGHAUS-26JUL10,,temperature,raycaster_cloudcaster,94.78353776833725,,2026-07-10T19:00:00+00:00,2026-07-10,,,,,,1.0,1.0,
0.6995085012950284,95.0,,t_plus_14h,aus,aus:2026-07-10,0.6995085012950284,KXHIGHAUS-26JUL10,,temperature,raycaster_cloudcaster,95.69950850129503,,2026-07-10T20:00:00+00:00,2026-07-10,,,,,,1.0,1.0,
0.6382149802440154,95.0,,t_plus_15h,aus,aus:2026-07-10,0.6382149802440154,KXHIGHAUS-26JUL10,,temperature,raycaster_cloudcaster,95.63821498024402,,2026-07-10T21:00:00+00:00,2026-07-10,,,,,,1.0,1.0,
0.6608047199725604,95.0,,t_plus_16h,aus,aus:2026-07-10,0.6608047199725604,KXHIGHAUS-26JUL10,,temperature,raycaster_cloudcaster,95.66080471997256,,2026-07-10T22:00:00+00:00,2026-07-10,,,,,,1.0,1.0,
0.43892679097692167,95.0,,t_plus_17h,aus,aus:2026-07-10,0.43892679097692167,KXHIGHAUS-26JUL10,,temperature,raycaster_cloudcaster,95.43892679097692,,2026-07-10T23:00:00+00:00,2026-07-10,,,,,,1.0,1.0,
0.10430540470085248,95.0,,t_plus_18h,aus,aus:2026-07-10,0.10430540470085248,KXHIGHAUS-26JUL10,,temperature,raycaster_cloudcaster,95.10430540470085,,2026-07-11T00:00:00+00:00,2026-07-10,,,,,,1.0,1.0,
0.11537877589609025,95.0,,t_plus_19h,aus,aus:2026-07-10,0.11537877589609025,KXHIGHAUS-26JUL10,,temperature,raycaster_cloudcaster,95.11537877589609,,2026-07-11T01:00:00+00:00,2026-07-10,,,,,,1.0,1.0,
0.020941084402466004,95.0,,t_plus_20h,aus,aus:2026-07-10,0.020941084402466004,KXHIGHAUS-26JUL10,,temperature,raycaster_cloudcaster,95.02094108440247,,2026-07-11T02:00:00+00:00,2026-07-10,,,,,,1.0,1.0,
0.0,95.0,,t_plus_21h,aus,aus:2026-07-10,0.0,KXHIGHAUS-26JUL10,,temperature,raycaster_cloudcaster,95.0,,2026-07-11T03:00:00+00:00,2026-07-10,,,,,,1.0,1.0,
0.0,95.0,,t_plus_22h,aus,aus:2026-07-10,0.0,KXHIGHAUS-26JUL10,,temperature,raycaster_cloudcaster,95.0,,2026-07-11T04:00:00+00:00,2026-07-10,,,,,,1.0,1.0,
0.0,95.0,,t_plus_23h,aus,aus:2026-07-10,0.0,KXHIGHAUS-26JUL10,,temperature,raycaster_cloudcaster,95.0,,2026-07-11T05:00:00+00:00,2026-07-10,,,,,,1.0,1.0,
1.9391314180115984,89.0,,t_plus_0h,den,den:2026-07-10,1.9391314180115984,KXHIGHDEN-26JUL10,,temperature,raycaster_cloudcaster,90.9391314180116,,2026-07-10T07:00:00+00:00,2026-07-10,,,,,,0.0,1.0,
2.4319975148335544,89.0,,t_plus_1h,den,den:2026-07-10,2.4319975148335544,KXHIGHDEN-26JUL10,,temperature,raycaster_cloudcaster,91.43199751483355,,2026-07-10T08:00:00+00:00,2026-07-10,,,,,,0.0,0.0,
2.3149381160596363,89.0,,t_plus_2h,den,den:2026-07-10,2.3149381160596363,KXHIGHDEN-26JUL10,,temperature,raycaster_cloudcaster,91.31493811605964,,2026-07-10T09:00:00+00:00,2026-07-10,,,,,,0.0,0.0,
2.264938116059639,89.0,,t_plus_3h,den,den:2026-07-10,2.264938116059639,KXHIGHDEN-26JUL10,,temperature,raycaster_cloudcaster,91.26493811605964,,2026-07-10T10:00:00+00:00,2026-07-10,,,,,,0.0,0.0,
1.9569579347546835,89.0,,t_plus_4h,den,den:2026-07-10,1.9569579347546835,KXHIGHDEN-26JUL10,,temperature,raycaster_cloudcaster,90.95695793475468,,2026-07-10T11:00:00+00:00,2026-07-10,,,,,,0.0,1.0,
1.8069579347546778,89.0,,t_plus_5h,den,den:2026-07-10,1.8069579347546778,KXHIGHDEN-26JUL10,,temperature,raycaster_cloudcaster,90.80695793475468,,2026-07-10T12:00:00+00:00,2026-07-10,,,,,,0.0,1.0,
1.9069579347546863,89.0,,t_plus_6h,den,den:2026-07-10,1.9069579347546863,KXHIGHDEN-26JUL10,,temperature,raycaster_cloudcaster,90.90695793475469,,2026-07-10T13:00:00+00:00,2026-07-10,,,,,,0.0,1.0,
1.8069579347546778,89.0,,t_plus_7h,den,den:2026-07-10,1.8069579347546778,KXHIGHDEN-26JUL10,,temperature,raycaster_cloudcaster,90.80695793475468,,2026-07-10T14:00:00+00:00,2026-07-10,,,,,,0.0,1.0,
1.7870960961198676,89.0,,t_plus_8h,den,den:2026-07-10,1.7870960961198676,KXHIGHDEN-26JUL10,,temperature,raycaster_cloudcaster,90.78709609611987,,2026-07-10T15:00:00+00:00,2026-07-10,,,,,,0.0,1.0,
1.7488302126439663,89.0,,t_plus_9h,den,den:2026-07-10,1.7488302126439663,KXHIGHDEN-26JUL10,,temperature,raycaster_cloudcaster,90.74883021264397,,2026-07-10T16:00:00+00:00,2026-07-10,,,,,,0.0,1.0,
1.7488302126439663,89.0,,t_plus_10h,den,den:2026-07-10,1.7488302126439663,KXHIGHDEN-26JUL10,,temperature,raycaster_cloudcaster,90.74883021264397,,2026-07-10T17:00:00+00:00,2026-07-10,,,,,,0.0,1.0,
1.6312180596472814,89.0,,t_plus_11h,den,den:2026-07-10,1.6312180596472814,KXHIGHDEN-26JUL10,,temperature,raycaster_cloudcaster,90.63121805964728,,2026-07-10T18:00:00+00:00,2026-07-10,,,,,,0.0,1.0,
1.4397179962751352,89.0,,t_plus_12h,den,den:2026-07-10,1.4397179962751352,KXHIGHDEN-26JUL10,,temperature,raycaster_cloudcaster,90.43971799627514,,2026-07-10T19:00:00+00:00,2026-07-10,,,,,,0.0,1.0,
1.1113971388644899,89.0,,t_plus_13h,den,den:2026-07-10,1.1113971388644899,KXHIGHDEN-26JUL10,,temperature,raycaster_cloudcaster,90.11139713886449,,2026-07-10T20:00:00+00:00,2026-07-10,,,,,,0.0,1.0,
0.913009396329258,89.0,,t_plus_14h,den,den:2026-07-10,0.913009396329258,KXHIGHDEN-26JUL10,,temperature,raycaster_cloudcaster,89.91300939632926,,2026-07-10T21:00:00+00:00,2026-07-10,,,,,,1.0,1.0,
0.34544170095448123,89.0,,t_plus_15h,den,den:2026-07-10,0.34544170095448123,KXHIGHDEN-26JUL10,,temperature,raycaster_cloudcaster,89.34544170095448,,2026-07-10T22:00:00+00:00,2026-07-10,,,,,,1.0,1.0,
0.4077516809091719,89.0,,t_plus_16h,den,den:2026-07-10,0.4077516809091719,KXHIGHDEN-26JUL10,,temperature,raycaster_cloudcaster,89.40775168090917,,2026-07-10T23:00:00+00:00,2026-07-10,,,,,,1.0,1.0,
0.9001571864809108,89.0,,t_plus_17h,den,den:2026-07-10,-0.9001571864809108,KXHIGHDEN-26JUL10,,temperature,raycaster_cloudcaster,88.09984281351909,,2026-07-11T00:00:00+00:00,2026-07-10,,,,,,1.0,1.0,
0.6539878895988238,89.0,,t_plus_18h,den,den:2026-07-10,-0.6539878895988238,KXHIGHDEN-26JUL10,,temperature,raycaster_cloudcaster,88.34601211040118,,2026-07-11T01:00:00+00:00,2026-07-10,,,,,,1.0,1.0,
0.7537909076621929,89.0,,t_plus_19h,den,den:2026-07-10,-0.7537909076621929,KXHIGHDEN-26JUL10,,temperature,raycaster_cloudcaster,88.2462090923378,,2026-07-11T02:00:00+00:00,2026-07-10,,,,,,1.0,1.0,
0.9737680580955725,89.0,,t_plus_20h,den,den:2026-07-10,-0.9737680580955725,KXHIGHDEN-26JUL10,,temperature,raycaster_cloudcaster,88.02623194190443,,2026-07-11T03:00:00+00:00,2026-07-10,,,,,,1.0,1.0,
0.9737680580955725,89.0,,t_plus_21h,den,den:2026-07-10,-0.9737680580955725,KXHIGHDEN-26JUL10,,temperature,raycaster_cloudcaster,88.02623194190443,,2026-07-11T04:00:00+00:00,2026-07-10,,,,,,1.0,1.0,
1.019999999999996,89.0,,t_plus_22h,den,den:2026-07-10,-1.019999999999996,KXHIGHDEN-26JUL10,,temperature,raycaster_cloudcaster,87.98,,2026-07-11T05:00:00+00:00,2026-07-10,,,,,,0.0,1.0,
0.9685178792427394,89.0,,t_plus_23h,den,den:2026-07-10,-0.9685178792427394,KXHIGHDEN-26JUL10,,temperature,raycaster_cloudcaster,88.03148212075726,,2026-07-11T06:00:00+00:00,2026-07-10,,,,,,1.0,1.0,
2.1209188189511394,74.0,,t_plus_0h,la,la:2026-07-10,2.1209188189511394,KXHIGHLAX-26JUL10,,temperature,raycaster_cloudcaster,76.12091881895114,,2026-07-10T08:00:00+00:00,2026-07-10,,,,,,0.0,0.0,
3.1815764000399867,74.0,,t_plus_1h,la,la:2026-07-10,3.1815764000399867,KXHIGHLAX-26JUL10,,temperature,raycaster_cloudcaster,77.18157640003999,,2026-07-10T09:00:00+00:00,2026-07-10,,,,,,0.0,0.0,
3.4262374846103825,74.0,,t_plus_2h,la,la:2026-07-10,3.4262374846103825,KXHIGHLAX-26JUL10,,temperature,raycaster_cloudcaster,77.42623748461038,,2026-07-10T10:00:00+00:00,2026-07-10,,,,,,0.0,0.0,
3.1262374846103853,74.0,,t_plus_3h,la,la:2026-07-10,3.1262374846103853,KXHIGHLAX-26JUL10,,temperature,raycaster_cloudcaster,77.12623748461039,,2026-07-10T11:00:00+00:00,2026-07-10,,,,,,0.0,0.0,
2.79242318594747,74.0,,t_plus_4h,la,la:2026-07-10,2.79242318594747,KXHIGHLAX-26JUL10,,temperature,raycaster_cloudcaster,76.79242318594747,,2026-07-10T12:00:00+00:00,2026-07-10,,,,,,0.0,0.0,
2.6543464556852854,74.0,,t_plus_5h,la,la:2026-07-10,2.6543464556852854,KXHIGHLAX-26JUL10,,temperature,raycaster_cloudcaster,76.65434645568529,,2026-07-10T13:00:00+00:00,2026-07-10,,,,,,0.0,0.0,
2.554346455685291,74.0,,t_plus_6h,la,la:2026-07-10,2.554346455685291,KXHIGHLAX-26JUL10,,temperature,raycaster_cloudcaster,76.55434645568529,,2026-07-10T14:00:00+00:00,2026-07-10,,,,,,0.0,0.0,
2.804346455685291,74.0,,t_plus_7h,la,la:2026-07-10,2.804346455685291,KXHIGHLAX-26JUL10,,temperature,raycaster_cloudcaster,76.80434645568529,,2026-07-10T15:00:00+00:00,2026-07-10,,,,,,0.0,0.0,
0.8801423411765512,74.0,,t_plus_8h,la,la:2026-07-10,0.8801423411765512,KXHIGHLAX-26JUL10,,temperature,raycaster_cloudcaster,74.88014234117655,,2026-07-10T16:00:00+00:00,2026-07-10,,,,,,1.0,1.0,
1.8214369653449296,74.0,,t_plus_9h,la,la:2026-07-10,1.8214369653449296,KXHIGHLAX-26JUL10,,temperature,raycaster_cloudcaster,75.82143696534493,,2026-07-10T17:00:00+00:00,2026-07-10,,,,,,0.0,1.0,
0.7082280256615121,74.0,,t_plus_10h,la,la:2026-07-10,0.7082280256615121,KXHIGHLAX-26JUL10,,temperature,raycaster_cloudcaster,74.70822802566151,,2026-07-10T18:00:00+00:00,2026-07-10,,,,,,1.0,1.0,
0.5542125822573922,74.0,,t_plus_11h,la,la:2026-07-10,0.5542125822573922,KXHIGHLAX-26JUL10,,temperature,raycaster_cloudcaster,74.55421258225739,,2026-07-10T19:00:00+00:00,2026-07-10,,,,,,1.0,1.0,
0.44707598169473783,74.0,,t_plus_12h,la,la:2026-07-10,0.44707598169473783,KXHIGHLAX-26JUL10,,temperature,raycaster_cloudcaster,74.44707598169474,,2026-07-10T20:00:00+00:00,2026-07-10,,,,,,1.0,1.0,
0.3574464842319429,74.0,,t_plus_13h,la,la:2026-07-10,0.3574464842319429,KXHIGHLAX-26JUL10,,temperature,raycaster_cloudcaster,74.35744648423194,,2026-07-10T21:00:00+00:00,2026-07-10,,,,,,1.0,1.0,
0.3573362022531512,74.0,,t_plus_14h,la,la:2026-07-10,0.3573362022531512,KXHIGHLAX-26JUL10,,temperature,raycaster_cloudcaster,74.35733620225315,,2026-07-10T22:00:00+00:00,2026-07-10,,,,,,1.0,1.0,
0.3573362022531512,74.0,,t_plus_15h,la,la:2026-07-10,0.3573362022531512,KXHIGHLAX-26JUL10,,temperature,raycaster_cloudcaster,74.35733620225315,,2026-07-10T23:00:00+00:00,2026-07-10,,,,,,1.0,1.0,
0.060000000000002274,74.0,,t_plus_16h,la,la:2026-07-10,-0.060000000000002274,KXHIGHLAX-26JUL10,,temperature,raycaster_cloudcaster,73.94,,2026-07-11T00:00:00+00:00,2026-07-10,,,,,,1.0,1.0,
0.060000000000002274,74.0,,t_plus_17h,la,la:2026-07-10,-0.060000000000002274,KXHIGHLAX-26JUL10,,temperature,raycaster_cloudcaster,73.94,,2026-07-11T01:00:00+00:00,2026-07-10,,,,,,1.0,1.0,
0.01373981926229817,74.0,,t_plus_18h,la,la:2026-07-10,-0.01373981926229817,KXHIGHLAX-26JUL10,,temperature,raycaster_cloudcaster,73.9862601807377,,2026-07-11T02:00:00+00:00,2026-07-10,,,,,,1.0,1.0,
0.21985590933326193,74.0,,t_plus_19h,la,la:2026-07-10,0.21985590933326193,KXHIGHLAX-26JUL10,,temperature,raycaster_cloudcaster,74.21985590933326,,2026-07-11T03:00:00+00:00,2026-07-10,,,,,,1.0,1.0,
0.060000000000002274,74.0,,t_plus_20h,la,la:2026-07-10,-0.060000000000002274,KXHIGHLAX-26JUL10,,temperature,raycaster_cloudcaster,73.94,,2026-07-11T04:00:00+00:00,2026-07-10,,,,,,1.0,1.0,
0.060000000000002274,74.0,,t_plus_21h,la,la:2026-07-10,-0.060000000000002274,KXHIGHLAX-26JUL10,,temperature,raycaster_cloudcaster,73.94,,2026-07-11T05:00:00+00:00,2026-07-10,,,,,,1.0,1.0,
0.060000000000002274,74.0,,t_plus_22h,la,la:2026-07-10,-0.060000000000002274,KXHIGHLAX-26JUL10,,temperature,raycaster_cloudcaster,73.94,,2026-07-11T06:00:00+00:00,2026-07-10,,,,,,1.0,1.0,
0.060000000000002274,74.0,,t_plus_23h,la,la:2026-07-10,-0.060000000000002274,KXHIGHLAX-26JUL10,,temperature,raycaster_cloudcaster,73.94,,2026-07-11T07:00:00+00:00,2026-07-10,,,,,,1.0,1.0,
1.530578533552017,93.0,,t_plus_0h,mia,mia:2026-07-10,-1.530578533552017,KXHIGHMIA-26JUL10,,temperature,raycaster_cloudcaster,91.46942146644798,,2026-07-10T05:00:00+00:00,2026-07-10,,,,,,0.0,1.0,
1.5518498127125895,93.0,,t_plus_1h,mia,mia:2026-07-10,-1.5518498127125895,KXHIGHMIA-26JUL10,,temperature,raycaster_cloudcaster,91.44815018728741,,2026-07-10T06:00:00+00:00,2026-07-10,,,,,,0.0,1.0,
1.5018498127125781,93.0,,t_plus_2h,mia,mia:2026-07-10,-1.5018498127125781,KXHIGHMIA-26JUL10,,temperature,raycaster_cloudcaster,91.49815018728742,,2026-07-10T07:00:00+00:00,2026-07-10,,,,,,0.0,1.0,
1.4991233398469888,93.0,,t_plus_3h,mia,mia:2026-07-10,-1.4991233398469888,KXHIGHMIA-26JUL10,,temperature,raycaster_cloudcaster,91.50087666015301,,2026-07-10T08:00:00+00:00,2026-07-10,,,,,,0.0,1.0,
1.5491233398470001,93.0,,t_plus_4h,mia,mia:2026-07-10,-1.5491233398470001,KXHIGHMIA-26JUL10,,temperature,raycaster_cloudcaster,91.450876660153,,2026-07-10T09:00:00+00:00,2026-07-10,,,,,,0.0,1.0,
1.5491233398470001,93.0,,t_plus_5h,mia,mia:2026-07-10,-1.5491233398470001,KXHIGHMIA-26JUL10,,temperature,raycaster_cloudcaster,91.450876660153,,2026-07-10T10:00:00+00:00,2026-07-10,,,,,,0.0,1.0,
1.5991233398469973,93.0,,t_plus_6h,mia,mia:2026-07-10,-1.5991233398469973,KXHIGHMIA-26JUL10,,temperature,raycaster_cloudcaster,91.400876660153,,2026-07-10T11:00:00+00:00,2026-07-10,,,,,,0.0,1.0,
1.2778520606864276,93.0,,t_plus_7h,mia,mia:2026-07-10,-1.2778520606864276,KXHIGHMIA-26JUL10,,temperature,raycaster_cloudcaster,91.72214793931357,,2026-07-10T12:00:00+00:00,2026-07-10,,,,,,0.0,1.0,
1.4778520606864305,93.0,,t_plus_8h,mia,mia:2026-07-10,-1.4778520606864305,KXHIGHMIA-26JUL10,,temperature,raycaster_cloudcaster,91.52214793931357,,2026-07-10T13:00:00+00:00,2026-07-10,,,,,,0.0,1.0,
1.2535965734832502,93.0,,t_plus_9h,mia,mia:2026-07-10,-1.2535965734832502,KXHIGHMIA-26JUL10,,temperature,raycaster_cloudcaster,91.74640342651675,,2026-07-10T14:00:00+00:00,2026-07-10,,,,,,0.0,1.0,
1.1081387959027182,93.0,,t_plus_10h,mia,mia:2026-07-10,-1.1081387959027182,KXHIGHMIA-26JUL10,,temperature,raycaster_cloudcaster,91.89186120409728,,2026-07-10T15:00:00+00:00,2026-07-10,,,,,,0.0,1.0,
1.105685493076777,93.0,,t_plus_11h,mia,mia:2026-07-10,-1.105685493076777,KXHIGHMIA-26JUL10,,temperature,raycaster_cloudcaster,91.89431450692322,,2026-07-10T16:00:00+00:00,2026-07-10,,,,,,0.0,1.0,
0.3659060641240188,93.0,,t_plus_12h,mia,mia:2026-07-10,0.3659060641240188,KXHIGHMIA-26JUL10,,temperature,raycaster_cloudcaster,93.36590606412402,,2026-07-10T17:00:00+00:00,2026-07-10,,,,,,1.0,1.0,
0.3792433485379547,93.0,,t_plus_13h,mia,mia:2026-07-10,0.3792433485379547,KXHIGHMIA-26JUL10,,temperature,raycaster_cloudcaster,93.37924334853795,,2026-07-10T18:00:00+00:00,2026-07-10,,,,,,1.0,1.0,
0.41122905425079637,93.0,,t_plus_14h,mia,mia:2026-07-10,0.41122905425079637,KXHIGHMIA-26JUL10,,temperature,raycaster_cloudcaster,93.4112290542508,,2026-07-10T19:00:00+00:00,2026-07-10,,,,,,1.0,1.0,
0.41122905425079637,93.0,,t_plus_15h,mia,mia:2026-07-10,0.41122905425079637,KXHIGHMIA-26JUL10,,temperature,raycaster_cloudcaster,93.4112290542508,,2026-07-10T20:00:00+00:00,2026-07-10,,,,,,1.0,1.0,
0.41122905425079637,93.0,,t_plus_16h,mia,mia:2026-07-10,0.41122905425079637,KXHIGHMIA-26JUL10,,temperature,raycaster_cloudcaster,93.4112290542508,,2026-07-10T21:00:00+00:00,2026-07-10,,,,,,1.0,1.0,
0.41122905425079637,93.0,,t_plus_17h,mia,mia:2026-07-10,0.41122905425079637,KXHIGHMIA-26JUL10,,temperature,raycaster_cloudcaster,93.4112290542508,,2026-07-10T22:00:00+00:00,2026-07-10,,,,,,1.0,1.0,
0.3945462765933314,93.0,,t_plus_18h,mia,mia:2026-07-10,0.3945462765933314,KXHIGHMIA-26JUL10,,temperature,raycaster_cloudcaster,93.39454627659333,,2026-07-10T23:00:00+00:00,2026-07-10,,,,,,1.0,1.0,
0.4260819334427879,93.0,,t_plus_19h,mia,mia:2026-07-10,0.4260819334427879,KXHIGHMIA-26JUL10,,temperature,raycaster_cloudcaster,93.42608193344279,,2026-07-11T00:00:00+00:00,2026-07-10,,,,,,1.0,1.0,
0.36998857587252587,93.0,,t_plus_20h,mia,mia:2026-07-10,0.36998857587252587,KXHIGHMIA-26JUL10,,temperature,raycaster_cloudcaster,93.36998857587253,,2026-07-11T01:00:00+00:00,2026-07-10,,,,,,1.0,1.0,
0.36998857587252587,93.0,,t_plus_21h,mia,mia:2026-07-10,0.36998857587252587,KXHIGHMIA-26JUL10,,temperature,raycaster_cloudcaster,93.36998857587253,,2026-07-11T02:00:00+00:00,2026-07-10,,,,,,1.0,1.0,
0.3886594285475695,93.0,,t_plus_22h,mia,mia:2026-07-10,0.3886594285475695,KXHIGHMIA-26JUL10,,temperature,raycaster_cloudcaster,93.38865942854757,,2026-07-11T03:00:00+00:00,2026-07-10,,,,,,1.0,1.0,
0.3886594285475695,93.0,,t_plus_23h,mia,mia:2026-07-10,0.3886594285475695,KXHIGHMIA-26JUL10,,temperature,raycaster_cloudcaster,93.38865942854757,,2026-07-11T04:00:00+00:00,2026-07-10,,,,,,1.0,1.0,
4.528040592574698,85.0,,t_plus_0h,nyc,nyc:2026-07-10,4.528040592574698,KXHIGHNY-26JUL10,,temperature,raycaster_cloudcaster,89.5280405925747,,2026-07-10T05:00:00+00:00,2026-07-10,,,,,,0.0,0.0,
4.628040592574692,85.0,,t_plus_1h,nyc,nyc:2026-07-10,4.628040592574692,KXHIGHNY-26JUL10,,temperature,raycaster_cloudcaster,89.62804059257469,,2026-07-10T06:00:00+00:00,2026-07-10,,,,,,0.0,0.0,
4.096053077148156,85.0,,t_plus_2h,nyc,nyc:2026-07-10,4.096053077148156,KXHIGHNY-26JUL10,,temperature,raycaster_cloudcaster,89.09605307714816,,2026-07-10T07:00:00+00:00,2026-07-10,,,,,,0.0,0.0,
3.237045322136538,85.0,,t_plus_3h,nyc,nyc:2026-07-10,3.237045322136538,KXHIGHNY-26JUL10,,temperature,raycaster_cloudcaster,88.23704532213654,,2026-07-10T08:00:00+00:00,2026-07-10,,,,,,0.0,0.0,
3.3592820951209603,85.0,,t_plus_4h,nyc,nyc:2026-07-10,3.3592820951209603,KXHIGHNY-26JUL10,,temperature,raycaster_cloudcaster,88.35928209512096,,2026-07-10T09:00:00+00:00,2026-07-10,,,,,,0.0,0.0,
3.369955929973713,85.0,,t_plus_5h,nyc,nyc:2026-07-10,3.369955929973713,KXHIGHNY-26JUL10,,temperature,raycaster_cloudcaster,88.36995592997371,,2026-07-10T10:00:00+00:00,2026-07-10,,,,,,0.0,0.0,
3.151992446945144,85.0,,t_plus_6h,nyc,nyc:2026-07-10,3.151992446945144,KXHIGHNY-26JUL10,,temperature,raycaster_cloudcaster,88.15199244694514,,2026-07-10T11:00:00+00:00,2026-07-10,,,,,,0.0,0.0,
3.0654480088990113,85.0,,t_plus_7h,nyc,nyc:2026-07-10,3.0654480088990113,KXHIGHNY-26JUL10,,temperature,raycaster_cloudcaster,88.06544800889901,,2026-07-10T12:00:00+00:00,2026-07-10,,,,,,0.0,0.0,
3.0751160290981545,85.0,,t_plus_8h,nyc,nyc:2026-07-10,3.0751160290981545,KXHIGHNY-26JUL10,,temperature,raycaster_cloudcaster,88.07511602909815,,2026-07-10T13:00:00+00:00,2026-07-10,,,,,,0.0,0.0,
3.0940122977627027,85.0,,t_plus_9h,nyc,nyc:2026-07-10,3.0940122977627027,KXHIGHNY-26JUL10,,temperature,raycaster_cloudcaster,88.0940122977627,,2026-07-10T14:00:00+00:00,2026-07-10,,,,,,0.0,0.0,
3.829227132815987,85.0,,t_plus_10h,nyc,nyc:2026-07-10,3.829227132815987,KXHIGHNY-26JUL10,,temperature,raycaster_cloudcaster,88.82922713281599,,2026-07-10T15:00:00+00:00,2026-07-10,,,,,,0.0,0.0,
2.0991395046072796,85.0,,t_plus_11h,nyc,nyc:2026-07-10,2.0991395046072796,KXHIGHNY-26JUL10,,temperature,raycaster_cloudcaster,87.09913950460728,,2026-07-10T16:00:00+00:00,2026-07-10,,,,,,0.0,0.0,
2.0409871782017746,85.0,,t_plus_12h,nyc,nyc:2026-07-10,2.0409871782017746,KXHIGHNY-26JUL10,,temperature,raycaster_cloudcaster,87.04098717820177,,2026-07-10T17:00:00+00:00,2026-07-10,,,,,,0.0,0.0,
2.1152730923843848,85.0,,t_plus_13h,nyc,nyc:2026-07-10,2.1152730923843848,KXHIGHNY-26JUL10,,temperature,raycaster_cloudcaster,87.11527309238438,,2026-07-10T18:00:00+00:00,2026-07-10,,,,,,0.0,0.0,
2.0139159171440184,85.0,,t_plus_14h,nyc,nyc:2026-07-10,2.0139159171440184,KXHIGHNY-26JUL10,,temperature,raycaster_cloudcaster,87.01391591714402,,2026-07-10T19:00:00+00:00,2026-07-10,,,,,,0.0,0.0,
1.8639159171440127,85.0,,t_plus_15h,nyc,nyc:2026-07-10,1.8639159171440127,KXHIGHNY-26JUL10,,temperature,raycaster_cloudcaster,86.86391591714401,,2026-07-10T20:00:00+00:00,2026-07-10,,,,,,0.0,1.0,
0.4181283259985378,85.0,,t_plus_16h,nyc,nyc:2026-07-10,0.4181283259985378,KXHIGHNY-26JUL10,,temperature,raycaster_cloudcaster,85.41812832599854,,2026-07-10T21:00:00+00:00,2026-07-10,,,,,,1.0,1.0,
0.24281875771454509,85.0,,t_plus_17h,nyc,nyc:2026-07-10,0.24281875771454509,KXHIGHNY-26JUL10,,temperature,raycaster_cloudcaster,85.24281875771455,,2026-07-10T22:00:00+00:00,2026-07-10,,,,,,1.0,1.0,
0.12095070993325407,85.0,,t_plus_18h,nyc,nyc:2026-07-10,-0.12095070993325407,KXHIGHNY-26JUL10,,temperature,raycaster_cloudcaster,84.87904929006675,,2026-07-10T23:00:00+00:00,2026-07-10,,,,,,1.0,1.0,
0.649648585192736,85.0,,t_plus_19h,nyc,nyc:2026-07-10,-0.649648585192736,KXHIGHNY-26JUL10,,temperature,raycaster_cloudcaster,84.35035141480726,,2026-07-11T00:00:00+00:00,2026-07-10,,,,,,1.0,1.0,
0.6180200641228595,85.0,,t_plus_20h,nyc,nyc:2026-07-10,-0.6180200641228595,KXHIGHNY-26JUL10,,temperature,raycaster_cloudcaster,84.38197993587714,,2026-07-11T01:00:00+00:00,2026-07-10,,,,,,1.0,1.0,
0.6012217172049219,85.0,,t_plus_21h,nyc,nyc:2026-07-10,-0.6012217172049219,KXHIGHNY-26JUL10,,temperature,raycaster_cloudcaster,84.39877828279508,,2026-07-11T02:00:00+00:00,2026-07-10,,,,,,1.0,1.0,
0.6012217172049219,85.0,,t_plus_22h,nyc,nyc:2026-07-10,-0.6012217172049219,KXHIGHNY-26JUL10,,temperature,raycaster_cloudcaster,84.39877828279508,,2026-07-11T03:00:00+00:00,2026-07-10,,,,,,1.0,1.0,
0.5865669168129699,85.0,,t_plus_23h,nyc,nyc:2026-07-10,-0.5865669168129699,KXHIGHNY-26JUL10,,temperature,raycaster_cloudcaster,84.41343308318703,,2026-07-11T04:00:00+00:00,2026-07-10,,,,,,1.0,1.0,
2.12616223235878,96.0,,t_plus_0h,okc,okc:2026-07-10,2.12616223235878,KXHIGHTOKC-26JUL10,,temperature,raycaster_cloudcaster,98.12616223235878,,2026-07-10T06:00:00+00:00,2026-07-10,,,,,,0.0,0.0,
2.173018818209016,96.0,,t_plus_1h,okc,okc:2026-07-10,2.173018818209016,KXHIGHTOKC-26JUL10,,temperature,raycaster_cloudcaster,98.17301881820902,,2026-07-10T07:00:00+00:00,2026-07-10,,,,,,0.0,0.0,
2.173018818209016,96.0,,t_plus_2h,okc,okc:2026-07-10,2.173018818209016,KXHIGHTOKC-26JUL10,,temperature,raycaster_cloudcaster,98.17301881820902,,2026-07-10T08:00:00+00:00,2026-07-10,,,,,,0.0,0.0,
2.025940372842797,96.0,,t_plus_3h,okc,okc:2026-07-10,2.025940372842797,KXHIGHTOKC-26JUL10,,temperature,raycaster_cloudcaster,98.0259403728428,,2026-07-10T09:00:00+00:00,2026-07-10,,,,,,0.0,0.0,
2.025940372842797,96.0,,t_plus_4h,okc,okc:2026-07-10,2.025940372842797,KXHIGHTOKC-26JUL10,,temperature,raycaster_cloudcaster,98.0259403728428,,2026-07-10T10:00:00+00:00,2026-07-10,,,,,,0.0,0.0,
2.2630367612530193,96.0,,t_plus_5h,okc,okc:2026-07-10,2.2630367612530193,KXHIGHTOKC-26JUL10,,temperature,raycaster_cloudcaster,98.26303676125302,,2026-07-10T11:00:00+00:00,2026-07-10,,,,,,0.0,0.0,
2.17007084240646,96.0,,t_plus_6h,okc,okc:2026-07-10,2.17007084240646,KXHIGHTOKC-26JUL10,,temperature,raycaster_cloudcaster,98.17007084240646,,2026-07-10T12:00:00+00:00,2026-07-10,,,,,,0.0,0.0,
2.120070842406463,96.0,,t_plus_7h,okc,okc:2026-07-10,2.120070842406463,KXHIGHTOKC-26JUL10,,temperature,raycaster_cloudcaster,98.12007084240646,,2026-07-10T13:00:00+00:00,2026-07-10,,,,,,0.0,0.0,
2.1269243383988083,96.0,,t_plus_8h,okc,okc:2026-07-10,2.1269243383988083,KXHIGHTOKC-26JUL10,,temperature,raycaster_cloudcaster,98.12692433839881,,2026-07-10T14:00:00+00:00,2026-07-10,,,,,,0.0,0.0,
2.1981727004999385,96.0,,t_plus_9h,okc,okc:2026-07-10,2.1981727004999385,KXHIGHTOKC-26JUL10,,temperature,raycaster_cloudcaster,98.19817270049994,,2026-07-10T15:00:00+00:00,2026-07-10,,,,,,0.0,0.0,
2.1981727004999385,96.0,,t_plus_10h,okc,okc:2026-07-10,2.1981727004999385,KXHIGHTOKC-26JUL10,,temperature,raycaster_cloudcaster,98.19817270049994,,2026-07-10T16:00:00+00:00,2026-07-10,,,,,,0.0,0.0,
2.1981727004999385,96.0,,t_plus_11h,okc,okc:2026-07-10,2.1981727004999385,KXHIGHTOKC-26JUL10,,temperature,raycaster_cloudcaster,98.19817270049994,,2026-07-10T17:00:00+00:00,2026-07-10,,,,,,0.0,0.0,
2.3078515729614963,96.0,,t_plus_12h,okc,okc:2026-07-10,2.3078515729614963,KXHIGHTOKC-26JUL10,,temperature,raycaster_cloudcaster,98.3078515729615,,2026-07-10T18:00:00+00:00,2026-07-10,,,,,,0.0,0.0,
2.175327046476511,96.0,,t_plus_13h,okc,okc:2026-07-10,2.175327046476511,KXHIGHTOKC-26JUL10,,temperature,raycaster_cloudcaster,98.17532704647651,,2026-07-10T19:00:00+00:00,2026-07-10,,,,,,0.0,0.0,
2.175327046476511,96.0,,t_plus_14h,okc,okc:2026-07-10,2.175327046476511,KXHIGHTOKC-26JUL10,,temperature,raycaster_cloudcaster,98.17532704647651,,2026-07-10T20:00:00+00:00,2026-07-10,,,,,,0.0,0.0,
2.0366232651540486,96.0,,t_plus_15h,okc,okc:2026-07-10,2.0366232651540486,KXHIGHTOKC-26JUL10,,temperature,raycaster_cloudcaster,98.03662326515405,,2026-07-10T21:00:00+00:00,2026-07-10,,,,,,0.0,0.0,
1.845834125527901,96.0,,t_plus_16h,okc,okc:2026-07-10,1.845834125527901,KXHIGHTOKC-26JUL10,,temperature,raycaster_cloudcaster,97.8458341255279,,2026-07-10T22:00:00+00:00,2026-07-10,,,,,,0.0,1.0,
1.3339332027734372,96.0,,t_plus_17h,okc,okc:2026-07-10,1.3339332027734372,KXHIGHTOKC-26JUL10,,temperature,raycaster_cloudcaster,97.33393320277344,,2026-07-10T23:00:00+00:00,2026-07-10,,,,,,0.0,1.0,
0.840936962637258,96.0,,t_plus_18h,okc,okc:2026-07-10,0.840936962637258,KXHIGHTOKC-26JUL10,,temperature,raycaster_cloudcaster,96.84093696263726,,2026-07-11T00:00:00+00:00,2026-07-10,,,,,,1.0,1.0,
0.9019924386031448,96.0,,t_plus_19h,okc,okc:2026-07-10,0.9019924386031448,KXHIGHTOKC-26JUL10,,temperature,raycaster_cloudcaster,96.90199243860314,,2026-07-11T01:00:00+00:00,2026-07-10,,,,,,1.0,1.0,
0.7999999999999972,96.0,,t_plus_20h,okc,okc:2026-07-10,0.7999999999999972,KXHIGHTOKC-26JUL10,,temperature,raycaster_cloudcaster,96.8,,2026-07-11T02:00:00+00:00,2026-07-10,,,,,,1.0,1.0,
0.7999999999999972,96.0,,t_plus_21h,okc,okc:2026-07-10,0.7999999999999972,KXHIGHTOKC-26JUL10,,temperature,raycaster_cloudcaster,96.8,,2026-07-11T03:00:00+00:00,2026-07-10,,,,,,1.0,1.0,
0.7999999999999972,96.0,,t_plus_22h,okc,okc:2026-07-10,0.7999999999999972,KXHIGHTOKC-26JUL10,,temperature,raycaster_cloudcaster,96.8,,2026-07-11T04:00:00+00:00,2026-07-10,,,,,,1.0,1.0,
0.7999999999999972,96.0,,t_plus_23h,okc,okc:2026-07-10,0.7999999999999972,KXHIGHTOKC-26JUL10,,temperature,raycaster_cloudcaster,96.8,,2026-07-11T05:00:00+00:00,2026-07-10,,,,,,1.0,1.0,
2.049189671613277,90.0,,t_plus_0h,aus,aus:2026-07-11,2.049189671613277,KXHIGHAUS-26JUL11,,temperature,raycaster_cloudcaster,92.04918967161328,,2026-07-11T06:00:00+00:00,2026-07-11,,,,,,0.0,0.0,
0.3559620525263085,90.0,,t_plus_1h,aus,aus:2026-07-11,0.3559620525263085,KXHIGHAUS-26JUL11,,temperature,raycaster_cloudcaster,90.35596205252631,,2026-07-11T07:00:00+00:00,2026-07-11,,,,,,1.0,1.0,
2.238843315974549,90.0,,t_plus_2h,aus,aus:2026-07-11,2.238843315974549,KXHIGHAUS-26JUL11,,temperature,raycaster_cloudcaster,92.23884331597455,,2026-07-11T08:00:00+00:00,2026-07-11,,,,,,0.0,0.0,
1.6928750492086806,90.0,,t_plus_3h,aus,aus:2026-07-11,1.6928750492086806,KXHIGHAUS-26JUL11,,temperature,raycaster_cloudcaster,91.69287504920868,,2026-07-11T09:00:00+00:00,2026-07-11,,,,,,0.0,1.0,
1.542875049208675,90.0,,t_plus_4h,aus,aus:2026-07-11,1.542875049208675,KXHIGHAUS-26JUL11,,temperature,raycaster_cloudcaster,91.54287504920867,,2026-07-11T10:00:00+00:00,2026-07-11,,,,,,0.0,1.0,
3.122582413187871,90.0,,t_plus_5h,aus,aus:2026-07-11,3.122582413187871,KXHIGHAUS-26JUL11,,temperature,raycaster_cloudcaster,93.12258241318787,,2026-07-11T11:00:00+00:00,2026-07-11,,,,,,0.0,0.0,
2.3773977027135373,90.0,,t_plus_6h,aus,aus:2026-07-11,2.3773977027135373,KXHIGHAUS-26JUL11,,temperature,raycaster_cloudcaster,92.37739770271354,,2026-07-11T12:00:00+00:00,2026-07-11,,,,,,0.0,0.0,
3.268417008598874,90.0,,t_plus_7h,aus,aus:2026-07-11,3.268417008598874,KXHIGHAUS-26JUL11,,temperature,raycaster_cloudcaster,93.26841700859887,,2026-07-11T13:00:00+00:00,2026-07-11,,,,,,0.0,0.0,
3.1648392149317885,90.0,,t_plus_8h,aus,aus:2026-07-11,3.1648392149317885,KXHIGHAUS-26JUL11,,temperature,raycaster_cloudcaster,93.16483921493179,,2026-07-11T14:00:00+00:00,2026-07-11,,,,,,0.0,0.0,
1.9254526773018341,90.0,,t_plus_9h,aus,aus:2026-07-11,1.9254526773018341,KXHIGHAUS-26JUL11,,temperature,raycaster_cloudcaster,91.92545267730183,,2026-07-11T15:00:00+00:00,2026-07-11,,,,,,0.0,1.0,
2.3161588390227053,90.0,,t_plus_10h,aus,aus:2026-07-11,2.3161588390227053,KXHIGHAUS-26JUL11,,temperature,raycaster_cloudcaster,92.3161588390227,,2026-07-11T16:00:00+00:00,2026-07-11,,,,,,0.0,0.0,
1.7672875956372565,90.0,,t_plus_11h,aus,aus:2026-07-11,1.7672875956372565,KXHIGHAUS-26JUL11,,temperature,raycaster_cloudcaster,91.76728759563726,,2026-07-11T17:00:00+00:00,2026-07-11,,,,,,0.0,1.0,
2.0669985532707074,90.0,,t_plus_12h,aus,aus:2026-07-11,2.0669985532707074,KXHIGHAUS-26JUL11,,temperature,raycaster_cloudcaster,92.06699855327071,,2026-07-11T18:00:00+00:00,2026-07-11,,,,,,0.0,0.0,
0.9104597340972447,90.0,,t_plus_13h,aus,aus:2026-07-11,0.9104597340972447,KXHIGHAUS-26JUL11,,temperature,raycaster_cloudcaster,90.91045973409724,,2026-07-11T19:00:00+00:00,2026-07-11,,,,,,1.0,1.0,
0.8199630594752705,90.0,,t_plus_14h,aus,aus:2026-07-11,0.8199630594752705,KXHIGHAUS-26JUL11,,temperature,raycaster_cloudcaster,90.81996305947527,,2026-07-11T20:00:00+00:00,2026-07-11,,,,,,1.0,1.0,
0.805752277796401,90.0,,t_plus_15h,aus,aus:2026-07-11,0.805752277796401,KXHIGHAUS-26JUL11,,temperature,raycaster_cloudcaster,90.8057522777964,,2026-07-11T21:00:00+00:00,2026-07-11,,,,,,1.0,1.0,
0.805752277796401,90.0,,t_plus_16h,aus,aus:2026-07-11,0.805752277796401,KXHIGHAUS-26JUL11,,temperature,raycaster_cloudcaster,90.8057522777964,,2026-07-11T22:00:00+00:00,2026-07-11,,,,,,1.0,1.0,
1.9414556099111309,90.0,,t_plus_17h,aus,aus:2026-07-11,1.9414556099111309,KXHIGHAUS-26JUL11,,temperature,raycaster_cloudcaster,91.94145560991113,,2026-07-11T23:00:00+00:00,2026-07-11,,,,,,0.0,1.0,
0.8016618402978821,90.0,,t_plus_18h,aus,aus:2026-07-11,0.8016618402978821,KXHIGHAUS-26JUL11,,temperature,raycaster_cloudcaster,90.80166184029788,,2026-07-12T00:00:00+00:00,2026-07-11,,,,,,1.0,1.0,
0.6304018839774699,90.0,,t_plus_19h,aus,aus:2026-07-11,0.6304018839774699,KXHIGHAUS-26JUL11,,temperature,raycaster_cloudcaster,90.63040188397747,,2026-07-12T01:00:00+00:00,2026-07-11,,,,,,1.0,1.0,
0.717615308441168,90.0,,t_plus_20h,aus,aus:2026-07-11,0.717615308441168,KXHIGHAUS-26JUL11,,temperature,raycaster_cloudcaster,90.71761530844117,,2026-07-12T02:00:00+00:00,2026-07-11,,,,,,1.0,1.0,
0.22199272145390125,90.0,,t_plus_21h,aus,aus:2026-07-11,0.22199272145390125,KXHIGHAUS-26JUL11,,temperature,raycaster_cloudcaster,90.2219927214539,,2026-07-12T03:00:00+00:00,2026-07-11,,,,,,1.0,1.0,
0.17721232995809544,90.0,,t_plus_22h,aus,aus:2026-07-11,0.17721232995809544,KXHIGHAUS-26JUL11,,temperature,raycaster_cloudcaster,90.1772123299581,,2026-07-12T04:00:00+00:00,2026-07-11,,,,,,1.0,1.0,
0.13823248356808904,90.0,,t_plus_23h,aus,aus:2026-07-11,0.13823248356808904,KXHIGHAUS-26JUL11,,temperature,raycaster_cloudcaster,90.13823248356809,,2026-07-12T05:00:00+00:00,2026-07-11,,,,,,1.0,1.0,
1.8616653298771695,94.0,,t_plus_0h,den,den:2026-07-11,1.8616653298771695,KXHIGHDEN-26JUL11,,temperature,raycaster_cloudcaster,95.86166532987717,,2026-07-11T07:00:00+00:00,2026-07-11,,,,,,0.0,1.0,
1.8116653298771723,94.0,,t_plus_1h,den,den:2026-07-11,1.8116653298771723,KXHIGHDEN-26JUL11,,temperature,raycaster_cloudcaster,95.81166532987717,,2026-07-11T08:00:00+00:00,2026-07-11,,,,,,0.0,1.0,
1.4807327284870695,94.0,,t_plus_2h,den,den:2026-07-11,1.4807327284870695,KXHIGHDEN-26JUL11,,temperature,raycaster_cloudcaster,95.48073272848707,,2026-07-11T09:00:00+00:00,2026-07-11,,,,,,0.0,1.0,
1.217069017889088,94.0,,t_plus_3h,den,den:2026-07-11,1.217069017889088,KXHIGHDEN-26JUL11,,temperature,raycaster_cloudcaster,95.21706901788909,,2026-07-11T10:00:00+00:00,2026-07-11,,,,,,0.0,1.0,
1.1880984388532028,94.0,,t_plus_4h,den,den:2026-07-11,1.1880984388532028,KXHIGHDEN-26JUL11,,temperature,raycaster_cloudcaster,95.1880984388532,,2026-07-11T11:00:00+00:00,2026-07-11,,,,,,0.0,1.0,
1.3084784157852027,94.0,,t_plus_5h,den,den:2026-07-11,1.3084784157852027,KXHIGHDEN-26JUL11,,temperature,raycaster_cloudcaster,95.3084784157852,,2026-07-11T12:00:00+00:00,2026-07-11,,,,,,0.0,1.0,
1.3084784157852027,94.0,,t_plus_6h,den,den:2026-07-11,1.3084784157852027,KXHIGHDEN-26JUL11,,temperature,raycaster_cloudcaster,95.3084784157852,,2026-07-11T13:00:00+00:00,2026-07-11,,,,,,0.0,1.0,
1.2380984388531857,94.0,,t_plus_7h,den,den:2026-07-11,1.2380984388531857,KXHIGHDEN-26JUL11,,temperature,raycaster_cloudcaster,95.23809843885319,,2026-07-11T14:00:00+00:00,2026-07-11,,,,,,0.0,1.0,
0.8782671906686659,94.0,,t_plus_8h,den,den:2026-07-11,0.8782671906686659,KXHIGHDEN-26JUL11,,temperature,raycaster_cloudcaster,94.87826719066867,,2026-07-11T15:00:00+00:00,2026-07-11,,,,,,1.0,1.0,
0.9188892124760031,94.0,,t_plus_9h,den,den:2026-07-11,0.9188892124760031,KXHIGHDEN-26JUL11,,temperature,raycaster_cloudcaster,94.918889212476,,2026-07-11T16:00:00+00:00,2026-07-11,,,,,,1.0,1.0,
0.8320220939035465,94.0,,t_plus_10h,den,den:2026-07-11,0.8320220939035465,KXHIGHDEN-26JUL11,,temperature,raycaster_cloudcaster,94.83202209390355,,2026-07-11T17:00:00+00:00,2026-07-11,,,,,,1.0,1.0,
1.037475508831477,94.0,,t_plus_11h,den,den:2026-07-11,1.037475508831477,KXHIGHDEN-26JUL11,,temperature,raycaster_cloudcaster,95.03747550883148,,2026-07-11T18:00:00+00:00,2026-07-11,,,,,,0.0,1.0,
1.1815020385190138,94.0,,t_plus_12h,den,den:2026-07-11,1.1815020385190138,KXHIGHDEN-26JUL11,,temperature,raycaster_cloudcaster,95.18150203851901,,2026-07-11T19:00:00+00:00,2026-07-11,,,,,,0.0,1.0,
1.2720141607683502,94.0,,t_plus_13h,den,den:2026-07-11,1.2720141607683502,KXHIGHDEN-26JUL11,,temperature,raycaster_cloudcaster,95.27201416076835,,2026-07-11T20:00:00+00:00,2026-07-11,,,,,,0.0,1.0,
1.1076597529982593,94.0,,t_plus_14h,den,den:2026-07-11,1.1076597529982593,KXHIGHDEN-26JUL11,,temperature,raycaster_cloudcaster,95.10765975299826,,2026-07-11T21:00:00+00:00,2026-07-11,,,,,,0.0,1.0,
0.8669555938660807,94.0,,t_plus_15h,den,den:2026-07-11,0.8669555938660807,KXHIGHDEN-26JUL11,,temperature,raycaster_cloudcaster,94.86695559386608,,2026-07-11T22:00:00+00:00,2026-07-11,,,,,,1.0,1.0,
0.6703246711870037,94.0,,t_plus_16h,den,den:2026-07-11,0.6703246711870037,KXHIGHDEN-26JUL11,,temperature,raycaster_cloudcaster,94.670324671187,,2026-07-11T23:00:00+00:00,2026-07-11,,,,,,1.0,1.0,
0.35336743133804305,94.0,,t_plus_17h,den,den:2026-07-11,-0.35336743133804305,KXHIGHDEN-26JUL11,,temperature,raycaster_cloudcaster,93.64663256866196,,2026-07-12T00:00:00+00:00,2026-07-11,,,,,,1.0,1.0,
0.8793960813402606,94.0,,t_plus_18h,den,den:2026-07-11,-0.8793960813402606,KXHIGHDEN-26JUL11,,temperature,raycaster_cloudcaster,93.12060391865974,,2026-07-12T01:00:00+00:00,2026-07-11,,,,,,1.0,1.0,
0.8793960813402606,94.0,,t_plus_19h,den,den:2026-07-11,-0.8793960813402606,KXHIGHDEN-26JUL11,,temperature,raycaster_cloudcaster,93.12060391865974,,2026-07-12T02:00:00+00:00,2026-07-11,,,,,,1.0,1.0,
0.9776273129265718,94.0,,t_plus_20h,den,den:2026-07-11,-0.9776273129265718,KXHIGHDEN-26JUL11,,temperature,raycaster_cloudcaster,93.02237268707343,,2026-07-12T03:00:00+00:00,2026-07-11,,,,,,1.0,1.0,
0.980000000000004,94.0,,t_plus_21h,den,den:2026-07-11,-0.980000000000004,KXHIGHDEN-26JUL11,,temperature,raycaster_cloudcaster,93.02,,2026-07-12T04:00:00+00:00,2026-07-11,,,,,,1.0,1.0,
0.980000000000004,94.0,,t_plus_22h,den,den:2026-07-11,-0.980000000000004,KXHIGHDEN-26JUL11,,temperature,raycaster_cloudcaster,93.02,,2026-07-12T05:00:00+00:00,2026-07-11,,,,,,1.0,1.0,
0.980000000000004,94.0,,t_plus_23h,den,den:2026-07-11,-0.980000000000004,KXHIGHDEN-26JUL11,,temperature,raycaster_cloudcaster,93.02,,2026-07-12T06:00:00+00:00,2026-07-11,,,,,,1.0,1.0,
2.136942994835408,77.0,,t_plus_0h,la,la:2026-07-11,-2.136942994835408,KXHIGHLAX-26JUL11,,temperature,raycaster_cloudcaster,74.86305700516459,,2026-07-11T08:00:00+00:00,2026-07-11,,,,,,0.0,0.0,
2.34799209930857,77.0,,t_plus_1h,la,la:2026-07-11,-2.34799209930857,KXHIGHLAX-26JUL11,,temperature,raycaster_cloudcaster,74.65200790069143,,2026-07-11T09:00:00+00:00,2026-07-11,,,,,,0.0,0.0,
1.891879887188793,77.0,,t_plus_2h,la,la:2026-07-11,-1.891879887188793,KXHIGHLAX-26JUL11,,temperature,raycaster_cloudcaster,75.1081201128112,,2026-07-11T10:00:00+00:00,2026-07-11,,,,,,0.0,1.0,
2.581870841491252,77.0,,t_plus_3h,la,la:2026-07-11,-2.581870841491252,KXHIGHLAX-26JUL11,,temperature,raycaster_cloudcaster,74.41812915850875,,2026-07-11T11:00:00+00:00,2026-07-11,,,,,,0.0,0.0,
2.4981367166310235,77.0,,t_plus_4h,la,la:2026-07-11,-2.4981367166310235,KXHIGHLAX-26JUL11,,temperature,raycaster_cloudcaster,74.50186328336898,,2026-07-11T12:00:00+00:00,2026-07-11,,,,,,0.0,0.0,
2.4891454323360023,77.0,,t_plus_5h,la,la:2026-07-11,-2.4891454323360023,KXHIGHLAX-26JUL11,,temperature,raycaster_cloudcaster,74.510854567664,,2026-07-11T13:00:00+00:00,2026-07-11,,,,,,0.0,0.0,
2.111205361027203,77.0,,t_plus_6h,la,la:2026-07-11,-2.111205361027203,KXHIGHLAX-26JUL11,,temperature,raycaster_cloudcaster,74.8887946389728,,2026-07-11T14:00:00+00:00,2026-07-11,,,,,,0.0,0.0,
1.522680881839122,77.0,,t_plus_7h,la,la:2026-07-11,-1.522680881839122,KXHIGHLAX-26JUL11,,temperature,raycaster_cloudcaster,75.47731911816088,,2026-07-11T15:00:00+00:00,2026-07-11,,,,,,0.0,1.0,
2.4390008150135287,77.0,,t_plus_8h,la,la:2026-07-11,-2.4390008150135287,KXHIGHLAX-26JUL11,,temperature,raycaster_cloudcaster,74.56099918498647,,2026-07-11T16:00:00+00:00,2026-07-11,,,,,,0.0,0.0,
2.5391454323359994,77.0,,t_plus_9h,la,la:2026-07-11,-2.5391454323359994,KXHIGHLAX-26JUL11,,temperature,raycaster_cloudcaster,74.460854567664,,2026-07-11T17:00:00+00:00,2026-07-11,,,,,,0.0,0.0,
1.7825055507807832,77.0,,t_plus_10h,la,la:2026-07-11,-1.7825055507807832,KXHIGHLAX-26JUL11,,temperature,raycaster_cloudcaster,75.21749444921922,,2026-07-11T18:00:00+00:00,2026-07-11,,,,,,0.0,1.0,
1.0179862274545002,77.0,,t_plus_11h,la,la:2026-07-11,-1.0179862274545002,KXHIGHLAX-26JUL11,,temperature,raycaster_cloudcaster,75.9820137725455,,2026-07-11T19:00:00+00:00,2026-07-11,,,,,,0.0,1.0,
0.10891900248226705,77.0,,t_plus_12h,la,la:2026-07-11,0.10891900248226705,KXHIGHLAX-26JUL11,,temperature,raycaster_cloudcaster,77.10891900248227,,2026-07-11T20:00:00+00:00,2026-07-11,,,,,,1.0,1.0,
0.08729919250862395,77.0,,t_plus_13h,la,la:2026-07-11,0.08729919250862395,KXHIGHLAX-26JUL11,,temperature,raycaster_cloudcaster,77.08729919250862,,2026-07-11T21:00:00+00:00,2026-07-11,,,,,,1.0,1.0,
0.10891900248226705,77.0,,t_plus_14h,la,la:2026-07-11,0.10891900248226705,KXHIGHLAX-26JUL11,,temperature,raycaster_cloudcaster,77.10891900248227,,2026-07-11T22:00:00+00:00,2026-07-11,,,,,,1.0,1.0,
0.07598859638380873,77.0,,t_plus_15h,la,la:2026-07-11,0.07598859638380873,KXHIGHLAX-26JUL11,,temperature,raycaster_cloudcaster,77.07598859638381,,2026-07-11T23:00:00+00:00,2026-07-11,,,,,,1.0,1.0,
0.03800689543362523,77.0,,t_plus_16h,la,la:2026-07-11,0.03800689543362523,KXHIGHLAX-26JUL11,,temperature,raycaster_cloudcaster,77.03800689543363,,2026-07-12T00:00:00+00:00,2026-07-11,,,,,,1.0,1.0,
0.03800689543362523,77.0,,t_plus_17h,la,la:2026-07-11,0.03800689543362523,KXHIGHLAX-26JUL11,,temperature,raycaster_cloudcaster,77.03800689543363,,2026-07-12T01:00:00+00:00,2026-07-11,,,,,,1.0,1.0,
0.4096699019043797,77.0,,t_plus_18h,la,la:2026-07-11,0.4096699019043797,KXHIGHLAX-26JUL11,,temperature,raycaster_cloudcaster,77.40966990190438,,2026-07-12T02:00:00+00:00,2026-07-11,,,,,,1.0,1.0,
0.4096699019043797,77.0,,t_plus_19h,la,la:2026-07-11,0.4096699019043797,KXHIGHLAX-26JUL11,,temperature,raycaster_cloudcaster,77.40966990190438,,2026-07-12T03:00:00+00:00,2026-07-11,,,,,,1.0,1.0,
0.39875792911342955,77.0,,t_plus_20h,la,la:2026-07-11,0.39875792911342955,KXHIGHLAX-26JUL11,,temperature,raycaster_cloudcaster,77.39875792911343,,2026-07-12T04:00:00+00:00,2026-07-11,,,,,,1.0,1.0,
0.2790891749100126,77.0,,t_plus_21h,la,la:2026-07-11,0.2790891749100126,KXHIGHLAX-26JUL11,,temperature,raycaster_cloudcaster,77.27908917491001,,2026-07-12T05:00:00+00:00,2026-07-11,,,,,,1.0,1.0,
0.0,77.0,,t_plus_22h,la,la:2026-07-11,0.0,KXHIGHLAX-26JUL11,,temperature,raycaster_cloudcaster,77.0,,2026-07-12T06:00:00+00:00,2026-07-11,,,,,,1.0,1.0,
0.0,77.0,,t_plus_23h,la,la:2026-07-11,0.0,KXHIGHLAX-26JUL11,,temperature,raycaster_cloudcaster,77.0,,2026-07-12T07:00:00+00:00,2026-07-11,,,,,,1.0,1.0,
1.1440225786053304,91.0,,t_plus_0h,mia,mia:2026-07-11,1.1440225786053304,KXHIGHMIA-26JUL11,,temperature,raycaster_cloudcaster,92.14402257860533,,2026-07-11T05:00:00+00:00,2026-07-11,,,,,,0.0,1.0,
0.4942232261496571,91.0,,t_plus_1h,mia,mia:2026-07-11,0.4942232261496571,KXHIGHMIA-26JUL11,,temperature,raycaster_cloudcaster,91.49422322614966,,2026-07-11T06:00:00+00:00,2026-07-11,,,,,,1.0,1.0,
0.4942232261496571,91.0,,t_plus_2h,mia,mia:2026-07-11,0.4942232261496571,KXHIGHMIA-26JUL11,,temperature,raycaster_cloudcaster,91.49422322614966,,2026-07-11T07:00:00+00:00,2026-07-11,,,,,,1.0,1.0,
0.4942232261496571,91.0,,t_plus_3h,mia,mia:2026-07-11,0.4942232261496571,KXHIGHMIA-26JUL11,,temperature,raycaster_cloudcaster,91.49422322614966,,2026-07-11T08:00:00+00:00,2026-07-11,,,,,,1.0,1.0,
0.3442232261496514,91.0,,t_plus_4h,mia,mia:2026-07-11,0.3442232261496514,KXHIGHMIA-26JUL11,,temperature,raycaster_cloudcaster,91.34422322614965,,2026-07-11T09:00:00+00:00,2026-07-11,,,,,,1.0,1.0,
0.3442232261496514,91.0,,t_plus_5h,mia,mia:2026-07-11,0.3442232261496514,KXHIGHMIA-26JUL11,,temperature,raycaster_cloudcaster,91.34422322614965,,2026-07-11T10:00:00+00:00,2026-07-11,,,,,,1.0,1.0,
0.3442232261496514,91.0,,t_plus_6h,mia,mia:2026-07-11,0.3442232261496514,KXHIGHMIA-26JUL11,,temperature,raycaster_cloudcaster,91.34422322614965,,2026-07-11T11:00:00+00:00,2026-07-11,,,,,,1.0,1.0,
0.5819148566882433,91.0,,t_plus_7h,mia,mia:2026-07-11,0.5819148566882433,KXHIGHMIA-26JUL11,,temperature,raycaster_cloudcaster,91.58191485668824,,2026-07-11T12:00:00+00:00,2026-07-11,,,,,,1.0,1.0,
0.7431847402707206,91.0,,t_plus_8h,mia,mia:2026-07-11,0.7431847402707206,KXHIGHMIA-26JUL11,,temperature,raycaster_cloudcaster,91.74318474027072,,2026-07-11T13:00:00+00:00,2026-07-11,,,,,,1.0,1.0,
0.8113980489828805,91.0,,t_plus_9h,mia,mia:2026-07-11,0.8113980489828805,KXHIGHMIA-26JUL11,,temperature,raycaster_cloudcaster,91.81139804898288,,2026-07-11T14:00:00+00:00,2026-07-11,,,,,,1.0,1.0,
0.25930887209469233,91.0,,t_plus_10h,mia,mia:2026-07-11,0.25930887209469233,KXHIGHMIA-26JUL11,,temperature,raycaster_cloudcaster,91.25930887209469,,2026-07-11T15:00:00+00:00,2026-07-11,,,,,,1.0,1.0,
0.21846121799781315,91.0,,t_plus_11h,mia,mia:2026-07-11,0.21846121799781315,KXHIGHMIA-26JUL11,,temperature,raycaster_cloudcaster,91.21846121799781,,2026-07-11T16:00:00+00:00,2026-07-11,,,,,,1.0,1.0,
0.18343727217597916,91.0,,t_plus_12h,mia,mia:2026-07-11,0.18343727217597916,KXHIGHMIA-26JUL11,,temperature,raycaster_cloudcaster,91.18343727217598,,2026-07-11T17:00:00+00:00,2026-07-11,,,,,,1.0,1.0,
0.2274337713289185,91.0,,t_plus_13h,mia,mia:2026-07-11,0.2274337713289185,KXHIGHMIA-26JUL11,,temperature,raycaster_cloudcaster,91.22743377132892,,2026-07-11T18:00:00+00:00,2026-07-11,,,,,,1.0,1.0,
0.5555633004972407,91.0,,t_plus_14h,mia,mia:2026-07-11,0.5555633004972407,KXHIGHMIA-26JUL11,,temperature,raycaster_cloudcaster,91.55556330049724,,2026-07-11T19:00:00+00:00,2026-07-11,,,,,,1.0,1.0,
0.5226328943987824,91.0,,t_plus_15h,mia,mia:2026-07-11,0.5226328943987824,KXHIGHMIA-26JUL11,,temperature,raycaster_cloudcaster,91.52263289439878,,2026-07-11T20:00:00+00:00,2026-07-11,,,,,,1.0,1.0,
0.5124065798406434,91.0,,t_plus_16h,mia,mia:2026-07-11,0.5124065798406434,KXHIGHMIA-26JUL11,,temperature,raycaster_cloudcaster,91.51240657984064,,2026-07-11T21:00:00+00:00,2026-07-11,,,,,,1.0,1.0,
0.5124065798406434,91.0,,t_plus_17h,mia,mia:2026-07-11,0.5124065798406434,KXHIGHMIA-26JUL11,,temperature,raycaster_cloudcaster,91.51240657984064,,2026-07-11T22:00:00+00:00,2026-07-11,,,,,,1.0,1.0,
0.779942511962787,91.0,,t_plus_18h,mia,mia:2026-07-11,0.779942511962787,KXHIGHMIA-26JUL11,,temperature,raycaster_cloudcaster,91.77994251196279,,2026-07-11T23:00:00+00:00,2026-07-11,,,,,,1.0,1.0,
0.8122169311030518,91.0,,t_plus_19h,mia,mia:2026-07-11,0.8122169311030518,KXHIGHMIA-26JUL11,,temperature,raycaster_cloudcaster,91.81221693110305,,2026-07-12T00:00:00+00:00,2026-07-11,,,,,,1.0,1.0,
0.9406529539977129,91.0,,t_plus_20h,mia,mia:2026-07-11,0.9406529539977129,KXHIGHMIA-26JUL11,,temperature,raycaster_cloudcaster,91.94065295399771,,2026-07-12T01:00:00+00:00,2026-07-11,,,,,,1.0,1.0,
0.754260318562217,91.0,,t_plus_21h,mia,mia:2026-07-11,0.754260318562217,KXHIGHMIA-26JUL11,,temperature,raycaster_cloudcaster,91.75426031856222,,2026-07-12T02:00:00+00:00,2026-07-11,,,,,,1.0,1.0,
0.7005250495949014,91.0,,t_plus_22h,mia,mia:2026-07-11,0.7005250495949014,KXHIGHMIA-26JUL11,,temperature,raycaster_cloudcaster,91.7005250495949,,2026-07-12T03:00:00+00:00,2026-07-11,,,,,,1.0,1.0,
0.7768668846553197,91.0,,t_plus_23h,mia,mia:2026-07-11,0.7768668846553197,KXHIGHMIA-26JUL11,,temperature,raycaster_cloudcaster,91.77686688465532,,2026-07-12T04:00:00+00:00,2026-07-11,,,,,,1.0,1.0,
0.9419258594285793,82.0,,t_plus_0h,nyc,nyc:2026-07-11,-0.9419258594285793,KXHIGHNY-26JUL11,,temperature,raycaster_cloudcaster,81.05807414057142,,2026-07-11T05:00:00+00:00,2026-07-11,,,,,,1.0,1.0,
0.841925859428585,82.0,,t_plus_1h,nyc,nyc:2026-07-11,-0.841925859428585,KXHIGHNY-26JUL11,,temperature,raycaster_cloudcaster,81.15807414057142,,2026-07-11T06:00:00+00:00,2026-07-11,,,,,,1.0,1.0,
0.8576279604358206,82.0,,t_plus_2h,nyc,nyc:2026-07-11,-0.8576279604358206,KXHIGHNY-26JUL11,,temperature,raycaster_cloudcaster,81.14237203956418,,2026-07-11T07:00:00+00:00,2026-07-11,,,,,,1.0,1.0,
2.630940102771902,82.0,,t_plus_3h,nyc,nyc:2026-07-11,-2.630940102771902,KXHIGHNY-26JUL11,,temperature,raycaster_cloudcaster,79.3690598972281,,2026-07-11T08:00:00+00:00,2026-07-11,,,,,,0.0,0.0,
2.4014648956983535,82.0,,t_plus_4h,nyc,nyc:2026-07-11,-2.4014648956983535,KXHIGHNY-26JUL11,,temperature,raycaster_cloudcaster,79.59853510430165,,2026-07-11T09:00:00+00:00,2026-07-11,,,,,,0.0,0.0,
1.5401563493956445,82.0,,t_plus_5h,nyc,nyc:2026-07-11,-1.5401563493956445,KXHIGHNY-26JUL11,,temperature,raycaster_cloudcaster,80.45984365060436,,2026-07-11T10:00:00+00:00,2026-07-11,,,,,,0.0,1.0,
1.404965028619543,82.0,,t_plus_6h,nyc,nyc:2026-07-11,-1.404965028619543,KXHIGHNY-26JUL11,,temperature,raycaster_cloudcaster,80.59503497138046,,2026-07-11T11:00:00+00:00,2026-07-11,,,,,,0.0,1.0,
1.5488718869894882,82.0,,t_plus_7h,nyc,nyc:2026-07-11,-1.5488718869894882,KXHIGHNY-26JUL11,,temperature,raycaster_cloudcaster,80.45112811301051,,2026-07-11T12:00:00+00:00,2026-07-11,,,,,,0.0,1.0,
2.023525848667404,82.0,,t_plus_8h,nyc,nyc:2026-07-11,-2.023525848667404,KXHIGHNY-26JUL11,,temperature,raycaster_cloudcaster,79.9764741513326,,2026-07-11T13:00:00+00:00,2026-07-11,,,,,,0.0,0.0,
2.023525848667404,82.0,,t_plus_9h,nyc,nyc:2026-07-11,-2.023525848667404,KXHIGHNY-26JUL11,,temperature,raycaster_cloudcaster,79.9764741513326,,2026-07-11T14:00:00+00:00,2026-07-11,,,,,,0.0,0.0,
1.9424292932256293,82.0,,t_plus_10h,nyc,nyc:2026-07-11,-1.9424292932256293,KXHIGHNY-26JUL11,,temperature,raycaster_cloudcaster,80.05757070677437,,2026-07-11T15:00:00+00:00,2026-07-11,,,,,,0.0,1.0,
2.1077760710994085,82.0,,t_plus_11h,nyc,nyc:2026-07-11,-2.1077760710994085,KXHIGHNY-26JUL11,,temperature,raycaster_cloudcaster,79.89222392890059,,2026-07-11T16:00:00+00:00,2026-07-11,,,,,,0.0,0.0,
2.1230395806878306,82.0,,t_plus_12h,nyc,nyc:2026-07-11,-2.1230395806878306,KXHIGHNY-26JUL11,,temperature,raycaster_cloudcaster,79.87696041931217,,2026-07-11T17:00:00+00:00,2026-07-11,,,,,,0.0,0.0,
1.934506056066482,82.0,,t_plus_13h,nyc,nyc:2026-07-11,-1.934506056066482,KXHIGHNY-26JUL11,,temperature,raycaster_cloudcaster,80.06549394393352,,2026-07-11T18:00:00+00:00,2026-07-11,,,,,,0.0,1.0,
2.2831923166348815,82.0,,t_plus_14h,nyc,nyc:2026-07-11,-2.2831923166348815,KXHIGHNY-26JUL11,,temperature,raycaster_cloudcaster,79.71680768336512,,2026-07-11T19:00:00+00:00,2026-07-11,,,,,,0.0,0.0,
1.3091907191247145,82.0,,t_plus_15h,nyc,nyc:2026-07-11,-1.3091907191247145,KXHIGHNY-26JUL11,,temperature,raycaster_cloudcaster,80.69080928087529,,2026-07-11T20:00:00+00:00,2026-07-11,,,,,,0.0,1.0,
0.2803624591949614,82.0,,t_plus_16h,nyc,nyc:2026-07-11,-0.2803624591949614,KXHIGHNY-26JUL11,,temperature,raycaster_cloudcaster,81.71963754080504,,2026-07-11T21:00:00+00:00,2026-07-11,,,,,,1.0,1.0,
0.6588753834413268,82.0,,t_plus_17h,nyc,nyc:2026-07-11,-0.6588753834413268,KXHIGHNY-26JUL11,,temperature,raycaster_cloudcaster,81.34112461655867,,2026-07-11T22:00:00+00:00,2026-07-11,,,,,,1.0,1.0,
1.0400000000000063,82.0,,t_plus_18h,nyc,nyc:2026-07-11,-1.0400000000000063,KXHIGHNY-26JUL11,,temperature,raycaster_cloudcaster,80.96,,2026-07-11T23:00:00+00:00,2026-07-11,,,,,,0.0,1.0,
0.49259006657818816,82.0,,t_plus_19h,nyc,nyc:2026-07-11,-0.49259006657818816,KXHIGHNY-26JUL11,,temperature,raycaster_cloudcaster,81.50740993342181,,2026-07-12T00:00:00+00:00,2026-07-11,,,,,,1.0,1.0,
0.49259006657818816,82.0,,t_plus_20h,nyc,nyc:2026-07-11,-0.49259006657818816,KXHIGHNY-26JUL11,,temperature,raycaster_cloudcaster,81.50740993342181,,2026-07-12T01:00:00+00:00,2026-07-11,,,,,,1.0,1.0,
0.6257577765662035,82.0,,t_plus_21h,nyc,nyc:2026-07-11,-0.6257577765662035,KXHIGHNY-26JUL11,,temperature,raycaster_cloudcaster,81.3742422234338,,2026-07-12T02:00:00+00:00,2026-07-11,,,,,,1.0,1.0,
0.613434943516296,82.0,,t_plus_22h,nyc,nyc:2026-07-11,-0.613434943516296,KXHIGHNY-26JUL11,,temperature,raycaster_cloudcaster,81.3865650564837,,2026-07-12T03:00:00+00:00,2026-07-11,,,,,,1.0,1.0,
0.7606181017427645,82.0,,t_plus_23h,nyc,nyc:2026-07-11,-0.7606181017427645,KXHIGHNY-26JUL11,,temperature,raycaster_cloudcaster,81.23938189825724,,2026-07-12T04:00:00+00:00,2026-07-11,,,,,,1.0,1.0,
1.0709199970369099,97.0,,t_plus_0h,okc,okc:2026-07-11,-1.0709199970369099,KXHIGHTOKC-26JUL11,,temperature,raycaster_cloudcaster,95.92908000296309,,2026-07-11T06:00:00+00:00,2026-07-11,,,,,,0.0,1.0,
1.220064835846003,97.0,,t_plus_1h,okc,okc:2026-07-11,-1.220064835846003,KXHIGHTOKC-26JUL11,,temperature,raycaster_cloudcaster,95.779935164154,,2026-07-11T07:00:00+00:00,2026-07-11,,,,,,0.0,1.0,
0.6417906988492206,97.0,,t_plus_2h,okc,okc:2026-07-11,-0.6417906988492206,KXHIGHTOKC-26JUL11,,temperature,raycaster_cloudcaster,96.35820930115078,,2026-07-11T08:00:00+00:00,2026-07-11,,,,,,1.0,1.0,
0.21701056450888245,97.0,,t_plus_3h,okc,okc:2026-07-11,0.21701056450888245,KXHIGHTOKC-26JUL11,,temperature,raycaster_cloudcaster,97.21701056450888,,2026-07-11T09:00:00+00:00,2026-07-11,,,,,,1.0,1.0,
0.21701056450888245,97.0,,t_plus_4h,okc,okc:2026-07-11,0.21701056450888245,KXHIGHTOKC-26JUL11,,temperature,raycaster_cloudcaster,97.21701056450888,,2026-07-11T10:00:00+00:00,2026-07-11,,,,,,1.0,1.0,
0.21701056450888245,97.0,,t_plus_5h,okc,okc:2026-07-11,0.21701056450888245,KXHIGHTOKC-26JUL11,,temperature,raycaster_cloudcaster,97.21701056450888,,2026-07-11T11:00:00+00:00,2026-07-11,,,,,,1.0,1.0,
0.21456915497252282,97.0,,t_plus_6h,okc,okc:2026-07-11,0.21456915497252282,KXHIGHTOKC-26JUL11,,temperature,raycaster_cloudcaster,97.21456915497252,,2026-07-11T12:00:00+00:00,2026-07-11,,,,,,1.0,1.0,
0.223860970046033,97.0,,t_plus_7h,okc,okc:2026-07-11,0.223860970046033,KXHIGHTOKC-26JUL11,,temperature,raycaster_cloudcaster,97.22386097004603,,2026-07-11T13:00:00+00:00,2026-07-11,,,,,,1.0,1.0,
0.24183404542462483,97.0,,t_plus_8h,okc,okc:2026-07-11,0.24183404542462483,KXHIGHTOKC-26JUL11,,temperature,raycaster_cloudcaster,97.24183404542462,,2026-07-11T14:00:00+00:00,2026-07-11,,,,,,1.0,1.0,
0.31916238006232334,97.0,,t_plus_9h,okc,okc:2026-07-11,-0.31916238006232334,KXHIGHTOKC-26JUL11,,temperature,raycaster_cloudcaster,96.68083761993768,,2026-07-11T15:00:00+00:00,2026-07-11,,,,,,1.0,1.0,
0.38919343964258246,97.0,,t_plus_10h,okc,okc:2026-07-11,-0.38919343964258246,KXHIGHTOKC-26JUL11,,temperature,raycaster_cloudcaster,96.61080656035742,,2026-07-11T16:00:00+00:00,2026-07-11,,,,,,1.0,1.0,
0.3887286687221376,97.0,,t_plus_11h,okc,okc:2026-07-11,-0.3887286687221376,KXHIGHTOKC-26JUL11,,temperature,raycaster_cloudcaster,96.61127133127786,,2026-07-11T17:00:00+00:00,2026-07-11,,,,,,1.0,1.0,
0.42090381917766706,97.0,,t_plus_12h,okc,okc:2026-07-11,-0.42090381917766706,KXHIGHTOKC-26JUL11,,temperature,raycaster_cloudcaster,96.57909618082233,,2026-07-11T18:00:00+00:00,2026-07-11,,,,,,1.0,1.0,
0.8056919728633574,97.0,,t_plus_13h,okc,okc:2026-07-11,0.8056919728633574,KXHIGHTOKC-26JUL11,,temperature,raycaster_cloudcaster,97.80569197286336,,2026-07-11T19:00:00+00:00,2026-07-11,,,,,,1.0,1.0,
1.2345946911286347,97.0,,t_plus_14h,okc,okc:2026-07-11,1.2345946911286347,KXHIGHTOKC-26JUL11,,temperature,raycaster_cloudcaster,98.23459469112863,,2026-07-11T20:00:00+00:00,2026-07-11,,,,,,0.0,1.0,
0.8084292198839051,97.0,,t_plus_15h,okc,okc:2026-07-11,0.8084292198839051,KXHIGHTOKC-26JUL11,,temperature,raycaster_cloudcaster,97.8084292198839,,2026-07-11T21:00:00+00:00,2026-07-11,,,,,,1.0,1.0,
0.6032481052369718,97.0,,t_plus_16h,okc,okc:2026-07-11,0.6032481052369718,KXHIGHTOKC-26JUL11,,temperature,raycaster_cloudcaster,97.60324810523697,,2026-07-11T22:00:00+00:00,2026-07-11,,,,,,1.0,1.0,
0.42065692230998764,97.0,,t_plus_17h,okc,okc:2026-07-11,0.42065692230998764,KXHIGHTOKC-26JUL11,,temperature,raycaster_cloudcaster,97.42065692230999,,2026-07-11T23:00:00+00:00,2026-07-11,,,,,,1.0,1.0,
0.20000000000000284,97.0,,t_plus_18h,okc,okc:2026-07-11,-0.20000000000000284,KXHIGHTOKC-26JUL11,,temperature,raycaster_cloudcaster,96.8,,2026-07-12T00:00:00+00:00,2026-07-11,,,,,,1.0,1.0,
0.20000000000000284,97.0,,t_plus_19h,okc,okc:2026-07-11,-0.20000000000000284,KXHIGHTOKC-26JUL11,,temperature,raycaster_cloudcaster,96.8,,2026-07-12T01:00:00+00:00,2026-07-11,,,,,,1.0,1.0,
0.20000000000000284,97.0,,t_plus_20h,okc,okc:2026-07-11,-0.20000000000000284,KXHIGHTOKC-26JUL11,,temperature,raycaster_cloudcaster,96.8,,2026-07-12T02:00:00+00:00,2026-07-11,,,,,,1.0,1.0,
0.20000000000000284,97.0,,t_plus_21h,okc,okc:2026-07-11,-0.20000000000000284,KXHIGHTOKC-26JUL11,,temperature,raycaster_cloudcaster,96.8,,2026-07-12T03:00:00+00:00,2026-07-11,,,,,,1.0,1.0,
0.20000000000000284,97.0,,t_plus_22h,okc,okc:2026-07-11,-0.20000000000000284,KXHIGHTOKC-26JUL11,,temperature,raycaster_cloudcaster,96.8,,2026-07-12T04:00:00+00:00,2026-07-11,,,,,,1.0,1.0,
0.20000000000000284,97.0,,t_plus_23h,okc,okc:2026-07-11,-0.20000000000000284,KXHIGHTOKC-26JUL11,,temperature,raycaster_cloudcaster,96.8,,2026-07-12T05:00:00+00:00,2026-07-11,,,,,,1.0,1.0,
2.442023280719326,96.0,,t_plus_0h,aus,aus:2026-07-12,-2.442023280719326,KXHIGHAUS-26JUL12,,temperature,raycaster_cloudcaster,93.55797671928067,,2026-07-12T06:00:00+00:00,2026-07-12,,,,,,0.0,0.0,
3.7920294406185064,96.0,,t_plus_1h,aus,aus:2026-07-12,-3.7920294406185064,KXHIGHAUS-26JUL12,,temperature,raycaster_cloudcaster,92.2079705593815,,2026-07-12T07:00:00+00:00,2026-07-12,,,,,,0.0,0.0,
3.3932751533358783,96.0,,t_plus_2h,aus,aus:2026-07-12,-3.3932751533358783,KXHIGHAUS-26JUL12,,temperature,raycaster_cloudcaster,92.60672484666412,,2026-07-12T08:00:00+00:00,2026-07-12,,,,,,0.0,0.0,
2.9043511789797947,96.0,,t_plus_3h,aus,aus:2026-07-12,-2.9043511789797947,KXHIGHAUS-26JUL12,,temperature,raycaster_cloudcaster,93.0956488210202,,2026-07-12T09:00:00+00:00,2026-07-12,,,,,,0.0,0.0,
2.7525270340349266,96.0,,t_plus_4h,aus,aus:2026-07-12,-2.7525270340349266,KXHIGHAUS-26JUL12,,temperature,raycaster_cloudcaster,93.24747296596507,,2026-07-12T10:00:00+00:00,2026-07-12,,,,,,0.0,0.0,
2.4581876227405672,96.0,,t_plus_5h,aus,aus:2026-07-12,-2.4581876227405672,KXHIGHAUS-26JUL12,,temperature,raycaster_cloudcaster,93.54181237725943,,2026-07-12T11:00:00+00:00,2026-07-12,,,,,,0.0,0.0,
2.4581876227405672,96.0,,t_plus_6h,aus,aus:2026-07-12,-2.4581876227405672,KXHIGHAUS-26JUL12,,temperature,raycaster_cloudcaster,93.54181237725943,,2026-07-12T12:00:00+00:00,2026-07-12,,,,,,0.0,0.0,
2.4581876227405672,96.0,,t_plus_7h,aus,aus:2026-07-12,-2.4581876227405672,KXHIGHAUS-26JUL12,,temperature,raycaster_cloudcaster,93.54181237725943,,2026-07-12T13:00:00+00:00,2026-07-12,,,,,,0.0,0.0,
2.471331227056936,96.0,,t_plus_8h,aus,aus:2026-07-12,-2.471331227056936,KXHIGHAUS-26JUL12,,temperature,raycaster_cloudcaster,93.52866877294306,,2026-07-12T14:00:00+00:00,2026-07-12,,,,,,0.0,0.0,
2.6200789930689723,96.0,,t_plus_9h,aus,aus:2026-07-12,-2.6200789930689723,KXHIGHAUS-26JUL12,,temperature,raycaster_cloudcaster,93.37992100693103,,2026-07-12T15:00:00+00:00,2026-07-12,,,,,,0.0,0.0,
3.235635507070313,96.0,,t_plus_10h,aus,aus:2026-07-12,-3.235635507070313,KXHIGHAUS-26JUL12,,temperature,raycaster_cloudcaster,92.76436449292969,,2026-07-12T16:00:00+00:00,2026-07-12,,,,,,0.0,0.0,
3.6678713986085825,96.0,,t_plus_11h,aus,aus:2026-07-12,-3.6678713986085825,KXHIGHAUS-26JUL12,,temperature,raycaster_cloudcaster,92.33212860139142,,2026-07-12T17:00:00+00:00,2026-07-12,,,,,,0.0,0.0,
3.6926756827955813,96.0,,t_plus_12h,aus,aus:2026-07-12,-3.6926756827955813,KXHIGHAUS-26JUL12,,temperature,raycaster_cloudcaster,92.30732431720442,,2026-07-12T18:00:00+00:00,2026-07-12,,,,,,0.0,0.0,
3.2267610388523593,96.0,,t_plus_13h,aus,aus:2026-07-12,-3.2267610388523593,KXHIGHAUS-26JUL12,,temperature,raycaster_cloudcaster,92.77323896114764,,2026-07-12T19:00:00+00:00,2026-07-12,,,,,,0.0,0.0,
2.337010886760055,96.0,,t_plus_14h,aus,aus:2026-07-12,-2.337010886760055,KXHIGHAUS-26JUL12,,temperature,raycaster_cloudcaster,93.66298911323995,,2026-07-12T20:00:00+00:00,2026-07-12,,,,,,0.0,0.0,
2.337010886760055,96.0,,t_plus_15h,aus,aus:2026-07-12,-2.337010886760055,KXHIGHAUS-26JUL12,,temperature,raycaster_cloudcaster,93.66298911323995,,2026-07-12T21:00:00+00:00,2026-07-12,,,,,,0.0,0.0,
0.7999999999999972,96.0,,t_plus_16h,aus,aus:2026-07-12,0.7999999999999972,KXHIGHAUS-26JUL12,,temperature,raycaster_cloudcaster,96.8,,2026-07-12T22:00:00+00:00,2026-07-12,,,,,,1.0,1.0,
0.7999999999999972,96.0,,t_plus_17h,aus,aus:2026-07-12,0.7999999999999972,KXHIGHAUS-26JUL12,,temperature,raycaster_cloudcaster,96.8,,2026-07-12T23:00:00+00:00,2026-07-12,,,,,,1.0,1.0,
0.7999999999999972,96.0,,t_plus_18h,aus,aus:2026-07-12,0.7999999999999972,KXHIGHAUS-26JUL12,,temperature,raycaster_cloudcaster,96.8,,2026-07-13T00:00:00+00:00,2026-07-12,,,,,,1.0,1.0,
0.7999999999999972,96.0,,t_plus_19h,aus,aus:2026-07-12,0.7999999999999972,KXHIGHAUS-26JUL12,,temperature,raycaster_cloudcaster,96.8,,2026-07-13T01:00:00+00:00,2026-07-12,,,,,,1.0,1.0,
0.7999999999999972,96.0,,t_plus_20h,aus,aus:2026-07-12,0.7999999999999972,KXHIGHAUS-26JUL12,,temperature,raycaster_cloudcaster,96.8,,2026-07-13T02:00:00+00:00,2026-07-12,,,,,,1.0,1.0,
0.7999999999999972,96.0,,t_plus_21h,aus,aus:2026-07-12,0.7999999999999972,KXHIGHAUS-26JUL12,,temperature,raycaster_cloudcaster,96.8,,2026-07-13T03:00:00+00:00,2026-07-12,,,,,,1.0,1.0,
0.7999999999999972,96.0,,t_plus_22h,aus,aus:2026-07-12,0.7999999999999972,KXHIGHAUS-26JUL12,,temperature,raycaster_cloudcaster,96.8,,2026-07-13T04:00:00+00:00,2026-07-12,,,,,,1.0,1.0,
0.7999999999999972,96.0,,t_plus_23h,aus,aus:2026-07-12,0.7999999999999972,KXHIGHAUS-26JUL12,,temperature,raycaster_cloudcaster,96.8,,2026-07-13T05:00:00+00:00,2026-07-12,,,,,,1.0,1.0,
0.22350050375813169,95.0,,t_plus_0h,den,den:2026-07-12,0.22350050375813169,KXHIGHDEN-26JUL12,,temperature,raycaster_cloudcaster,95.22350050375813,,2026-07-12T07:00:00+00:00,2026-07-12,,,,,,1.0,1.0,
0.22350050375813169,95.0,,t_plus_1h,den,den:2026-07-12,0.22350050375813169,KXHIGHDEN-26JUL12,,temperature,raycaster_cloudcaster,95.22350050375813,,2026-07-12T08:00:00+00:00,2026-07-12,,,,,,1.0,1.0,
0.32632309231998136,95.0,,t_plus_2h,den,den:2026-07-12,-0.32632309231998136,KXHIGHDEN-26JUL12,,temperature,raycaster_cloudcaster,94.67367690768002,,2026-07-12T09:00:00+00:00,2026-07-12,,,,,,1.0,1.0,
0.021611119009790514,95.0,,t_plus_3h,den,den:2026-07-12,0.021611119009790514,KXHIGHDEN-26JUL12,,temperature,raycaster_cloudcaster,95.02161111900979,,2026-07-12T10:00:00+00:00,2026-07-12,,,,,,1.0,1.0,
0.2727970255829746,95.0,,t_plus_4h,den,den:2026-07-12,0.2727970255829746,KXHIGHDEN-26JUL12,,temperature,raycaster_cloudcaster,95.27279702558297,,2026-07-12T11:00:00+00:00,2026-07-12,,,,,,1.0,1.0,
0.12161111900979904,95.0,,t_plus_5h,den,den:2026-07-12,0.12161111900979904,KXHIGHDEN-26JUL12,,temperature,raycaster_cloudcaster,95.1216111190098,,2026-07-12T12:00:00+00:00,2026-07-12,,,,,,1.0,1.0,
0.12161111900979904,95.0,,t_plus_6h,den,den:2026-07-12,0.12161111900979904,KXHIGHDEN-26JUL12,,temperature,raycaster_cloudcaster,95.1216111190098,,2026-07-12T13:00:00+00:00,2026-07-12,,,,,,1.0,1.0,
0.1716111190097962,95.0,,t_plus_7h,den,den:2026-07-12,0.1716111190097962,KXHIGHDEN-26JUL12,,temperature,raycaster_cloudcaster,95.1716111190098,,2026-07-12T14:00:00+00:00,2026-07-12,,,,,,1.0,1.0,
0.097810205208404,95.0,,t_plus_8h,den,den:2026-07-12,0.097810205208404,KXHIGHDEN-26JUL12,,temperature,raycaster_cloudcaster,95.0978102052084,,2026-07-12T15:00:00+00:00,2026-07-12,,,,,,1.0,1.0,
0.29860857735550894,95.0,,t_plus_9h,den,den:2026-07-12,0.29860857735550894,KXHIGHDEN-26JUL12,,temperature,raycaster_cloudcaster,95.29860857735551,,2026-07-12T16:00:00+00:00,2026-07-12,,,,,,1.0,1.0,
0.29860857735550894,95.0,,t_plus_10h,den,den:2026-07-12,0.29860857735550894,KXHIGHDEN-26JUL12,,temperature,raycaster_cloudcaster,95.29860857735551,,2026-07-12T17:00:00+00:00,2026-07-12,,,,,,1.0,1.0,
0.3462491686109104,95.0,,t_plus_11h,den,den:2026-07-12,0.3462491686109104,KXHIGHDEN-26JUL12,,temperature,raycaster_cloudcaster,95.34624916861091,,2026-07-12T18:00:00+00:00,2026-07-12,,,,,,1.0,1.0,
0.42394826359709725,95.0,,t_plus_12h,den,den:2026-07-12,0.42394826359709725,KXHIGHDEN-26JUL12,,temperature,raycaster_cloudcaster,95.4239482635971,,2026-07-12T19:00:00+00:00,2026-07-12,,,,,,1.0,1.0,
0.3943391260446276,95.0,,t_plus_13h,den,den:2026-07-12,0.3943391260446276,KXHIGHDEN-26JUL12,,temperature,raycaster_cloudcaster,95.39433912604463,,2026-07-12T20:00:00+00:00,2026-07-12,,,,,,1.0,1.0,
0.31593253266863996,95.0,,t_plus_14h,den,den:2026-07-12,0.31593253266863996,KXHIGHDEN-26JUL12,,temperature,raycaster_cloudcaster,95.31593253266864,,2026-07-12T21:00:00+00:00,2026-07-12,,,,,,1.0,1.0,
0.23511193734002234,95.0,,t_plus_15h,den,den:2026-07-12,0.23511193734002234,KXHIGHDEN-26JUL12,,temperature,raycaster_cloudcaster,95.23511193734002,,2026-07-12T22:00:00+00:00,2026-07-12,,,,,,1.0,1.0,
0.06421310365138311,95.0,,t_plus_16h,den,den:2026-07-12,-0.06421310365138311,KXHIGHDEN-26JUL12,,temperature,raycaster_cloudcaster,94.93578689634862,,2026-07-12T23:00:00+00:00,2026-07-12,,,,,,1.0,1.0,
1.0799999999999983,95.0,,t_plus_17h,den,den:2026-07-12,-1.0799999999999983,KXHIGHDEN-26JUL12,,temperature,raycaster_cloudcaster,93.92,,2026-07-13T00:00:00+00:00,2026-07-12,,,,,,0.0,1.0,
1.0799999999999983,95.0,,t_plus_18h,den,den:2026-07-12,-1.0799999999999983,KXHIGHDEN-26JUL12,,temperature,raycaster_cloudcaster,93.92,,2026-07-13T01:00:00+00:00,2026-07-12,,,,,,0.0,1.0,
0.9004956243484372,95.0,,t_plus_19h,den,den:2026-07-12,-0.9004956243484372,KXHIGHDEN-26JUL12,,temperature,raycaster_cloudcaster,94.09950437565156,,2026-07-13T02:00:00+00:00,2026-07-12,,,,,,1.0,1.0,
0.9024927358419177,95.0,,t_plus_20h,den,den:2026-07-12,-0.9024927358419177,KXHIGHDEN-26JUL12,,temperature,raycaster_cloudcaster,94.09750726415808,,2026-07-13T03:00:00+00:00,2026-07-12,,,,,,1.0,1.0,
0.9687895173770755,95.0,,t_plus_21h,den,den:2026-07-12,-0.9687895173770755,KXHIGHDEN-26JUL12,,temperature,raycaster_cloudcaster,94.03121048262292,,2026-07-13T04:00:00+00:00,2026-07-12,,,,,,1.0,1.0,
0.9687895173770755,95.0,,t_plus_22h,den,den:2026-07-12,-0.9687895173770755,KXHIGHDEN-26JUL12,,temperature,raycaster_cloudcaster,94.03121048262292,,2026-07-13T05:00:00+00:00,2026-07-12,,,,,,1.0,1.0,
0.9687895173770755,95.0,,t_plus_23h,den,den:2026-07-12,-0.9687895173770755,KXHIGHDEN-26JUL12,,temperature,raycaster_cloudcaster,94.03121048262292,,2026-07-13T06:00:00+00:00,2026-07-12,,,,,,1.0,1.0,
1.049768669889076,77.0,,t_plus_0h,la,la:2026-07-12,-1.049768669889076,KXHIGHLAX-26JUL12,,temperature,raycaster_cloudcaster,75.95023133011092,,2026-07-12T08:00:00+00:00,2026-07-12,,,,,,0.0,1.0,
0.46432978787099444,77.0,,t_plus_1h,la,la:2026-07-12,-0.46432978787099444,KXHIGHLAX-26JUL12,,temperature,raycaster_cloudcaster,76.535670212129,,2026-07-12T09:00:00+00:00,2026-07-12,,,,,,1.0,1.0,
0.38557349881426717,77.0,,t_plus_2h,la,la:2026-07-12,0.38557349881426717,KXHIGHLAX-26JUL12,,temperature,raycaster_cloudcaster,77.38557349881427,,2026-07-12T10:00:00+00:00,2026-07-12,,,,,,1.0,1.0,
0.38557349881426717,77.0,,t_plus_3h,la,la:2026-07-12,0.38557349881426717,KXHIGHLAX-26JUL12,,temperature,raycaster_cloudcaster,77.38557349881427,,2026-07-12T11:00:00+00:00,2026-07-12,,,,,,1.0,1.0,
0.5032278213764414,77.0,,t_plus_4h,la,la:2026-07-12,0.5032278213764414,KXHIGHLAX-26JUL12,,temperature,raycaster_cloudcaster,77.50322782137644,,2026-07-12T12:00:00+00:00,2026-07-12,,,,,,1.0,1.0,
0.306601407654,77.0,,t_plus_5h,la,la:2026-07-12,0.306601407654,KXHIGHLAX-26JUL12,,temperature,raycaster_cloudcaster,77.306601407654,,2026-07-12T13:00:00+00:00,2026-07-12,,,,,,1.0,1.0,
0.4278448546336193,77.0,,t_plus_6h,la,la:2026-07-12,0.4278448546336193,KXHIGHLAX-26JUL12,,temperature,raycaster_cloudcaster,77.42784485463362,,2026-07-12T14:00:00+00:00,2026-07-12,,,,,,1.0,1.0,
0.2266420208931379,77.0,,t_plus_7h,la,la:2026-07-12,0.2266420208931379,KXHIGHLAX-26JUL12,,temperature,raycaster_cloudcaster,77.22664202089314,,2026-07-12T15:00:00+00:00,2026-07-12,,,,,,1.0,1.0,
0.016137950093437325,77.0,,t_plus_8h,la,la:2026-07-12,-0.016137950093437325,KXHIGHLAX-26JUL12,,temperature,raycaster_cloudcaster,76.98386204990656,,2026-07-12T16:00:00+00:00,2026-07-12,,,,,,1.0,1.0,
1.196160936123107,77.0,,t_plus_9h,la,la:2026-07-12,1.196160936123107,KXHIGHLAX-26JUL12,,temperature,raycaster_cloudcaster,78.1961609361231,,2026-07-12T17:00:00+00:00,2026-07-12,,,,,,0.0,1.0,
1.3441135805397124,77.0,,t_plus_10h,la,la:2026-07-12,1.3441135805397124,KXHIGHLAX-26JUL12,,temperature,raycaster_cloudcaster,78.34411358053971,,2026-07-12T18:00:00+00:00,2026-07-12,,,,,,0.0,1.0,
0.59665981112677,77.0,,t_plus_11h,la,la:2026-07-12,0.59665981112677,KXHIGHLAX-26JUL12,,temperature,raycaster_cloudcaster,77.59665981112677,,2026-07-12T19:00:00+00:00,2026-07-12,,,,,,1.0,1.0,
0.59665981112677,77.0,,t_plus_12h,la,la:2026-07-12,0.59665981112677,KXHIGHLAX-26JUL12,,temperature,raycaster_cloudcaster,77.59665981112677,,2026-07-12T20:00:00+00:00,2026-07-12,,,,,,1.0,1.0,
0.59665981112677,77.0,,t_plus_13h,la,la:2026-07-12,0.59665981112677,KXHIGHLAX-26JUL12,,temperature,raycaster_cloudcaster,77.59665981112677,,2026-07-12T21:00:00+00:00,2026-07-12,,,,,,1.0,1.0,
0.559843576996812,77.0,,t_plus_14h,la,la:2026-07-12,0.559843576996812,KXHIGHLAX-26JUL12,,temperature,raycaster_cloudcaster,77.55984357699681,,2026-07-12T22:00:00+00:00,2026-07-12,,,,,,1.0,1.0,
0.18162812828224162,77.0,,t_plus_15h,la,la:2026-07-12,0.18162812828224162,KXHIGHLAX-26JUL12,,temperature,raycaster_cloudcaster,77.18162812828224,,2026-07-12T23:00:00+00:00,2026-07-12,,,,,,1.0,1.0,
0.32716550937654176,77.0,,t_plus_16h,la,la:2026-07-12,0.32716550937654176,KXHIGHLAX-26JUL12,,temperature,raycaster_cloudcaster,77.32716550937654,,2026-07-13T00:00:00+00:00,2026-07-12,,,,,,1.0,1.0,
0.32716550937654176,77.0,,t_plus_17h,la,la:2026-07-12,0.32716550937654176,KXHIGHLAX-26JUL12,,temperature,raycaster_cloudcaster,77.32716550937654,,2026-07-13T01:00:00+00:00,2026-07-12,,,,,,1.0,1.0,
0.2348789603681496,77.0,,t_plus_18h,la,la:2026-07-12,0.2348789603681496,KXHIGHLAX-26JUL12,,temperature,raycaster_cloudcaster,77.23487896036815,,2026-07-13T02:00:00+00:00,2026-07-12,,,,,,1.0,1.0,
0.2348789603681496,77.0,,t_plus_19h,la,la:2026-07-12,0.2348789603681496,KXHIGHLAX-26JUL12,,temperature,raycaster_cloudcaster,77.23487896036815,,2026-07-13T03:00:00+00:00,2026-07-12,,,,,,1.0,1.0,
0.13529441058314262,77.0,,t_plus_20h,la,la:2026-07-12,0.13529441058314262,KXHIGHLAX-26JUL12,,temperature,raycaster_cloudcaster,77.13529441058314,,2026-07-13T04:00:00+00:00,2026-07-12,,,,,,1.0,1.0,
0.13529441058314262,77.0,,t_plus_21h,la,la:2026-07-12,0.13529441058314262,KXHIGHLAX-26JUL12,,temperature,raycaster_cloudcaster,77.13529441058314,,2026-07-13T05:00:00+00:00,2026-07-12,,,,,,1.0,1.0,
0.13529441058314262,77.0,,t_plus_22h,la,la:2026-07-12,0.13529441058314262,KXHIGHLAX-26JUL12,,temperature,raycaster_cloudcaster,77.13529441058314,,2026-07-13T06:00:00+00:00,2026-07-12,,,,,,1.0,1.0,
0.13529441058314262,77.0,,t_plus_23h,la,la:2026-07-12,0.13529441058314262,KXHIGHLAX-26JUL12,,temperature,raycaster_cloudcaster,77.13529441058314,,2026-07-13T07:00:00+00:00,2026-07-12,,,,,,1.0,1.0,
1.0941721239760511,94.0,,t_plus_0h,mia,mia:2026-07-12,-1.0941721239760511,KXHIGHMIA-26JUL12,,temperature,raycaster_cloudcaster,92.90582787602395,,2026-07-12T05:00:00+00:00,2026-07-12,,,,,,0.0,1.0,
1.2393555967590686,94.0,,t_plus_1h,mia,mia:2026-07-12,-1.2393555967590686,KXHIGHMIA-26JUL12,,temperature,raycaster_cloudcaster,92.76064440324093,,2026-07-12T06:00:00+00:00,2026-07-12,,,,,,0.0,1.0,
1.3290681314644388,94.0,,t_plus_2h,mia,mia:2026-07-12,-1.3290681314644388,KXHIGHMIA-26JUL12,,temperature,raycaster_cloudcaster,92.67093186853556,,2026-07-12T07:00:00+00:00,2026-07-12,,,,,,0.0,1.0,
1.386937670256799,94.0,,t_plus_3h,mia,mia:2026-07-12,-1.386937670256799,KXHIGHMIA-26JUL12,,temperature,raycaster_cloudcaster,92.6130623297432,,2026-07-12T08:00:00+00:00,2026-07-12,,,,,,0.0,1.0,
1.4295672774264716,94.0,,t_plus_4h,mia,mia:2026-07-12,-1.4295672774264716,KXHIGHMIA-26JUL12,,temperature,raycaster_cloudcaster,92.57043272257353,,2026-07-12T09:00:00+00:00,2026-07-12,,,,,,0.0,1.0,
1.172953241054742,94.0,,t_plus_5h,mia,mia:2026-07-12,-1.172953241054742,KXHIGHMIA-26JUL12,,temperature,raycaster_cloudcaster,92.82704675894526,,2026-07-12T10:00:00+00:00,2026-07-12,,,,,,0.0,1.0,
1.3530053915830393,94.0,,t_plus_6h,mia,mia:2026-07-12,-1.3530053915830393,KXHIGHMIA-26JUL12,,temperature,raycaster_cloudcaster,92.64699460841696,,2026-07-12T11:00:00+00:00,2026-07-12,,,,,,0.0,1.0,
1.329567277426463,94.0,,t_plus_7h,mia,mia:2026-07-12,-1.329567277426463,KXHIGHMIA-26JUL12,,temperature,raycaster_cloudcaster,92.67043272257354,,2026-07-12T12:00:00+00:00,2026-07-12,,,,,,0.0,1.0,
1.172953241054742,94.0,,t_plus_8h,mia,mia:2026-07-12,-1.172953241054742,KXHIGHMIA-26JUL12,,temperature,raycaster_cloudcaster,92.82704675894526,,2026-07-12T13:00:00+00:00,2026-07-12,,,,,,0.0,1.0,
1.1875693972607309,94.0,,t_plus_9h,mia,mia:2026-07-12,-1.1875693972607309,KXHIGHMIA-26JUL12,,temperature,raycaster_cloudcaster,92.81243060273927,,2026-07-12T14:00:00+00:00,2026-07-12,,,,,,0.0,1.0,
1.0636321371421218,94.0,,t_plus_10h,mia,mia:2026-07-12,-1.0636321371421218,KXHIGHMIA-26JUL12,,temperature,raycaster_cloudcaster,92.93636786285788,,2026-07-12T15:00:00+00:00,2026-07-12,,,,,,0.0,1.0,
1.3609708817168382,94.0,,t_plus_11h,mia,mia:2026-07-12,-1.3609708817168382,KXHIGHMIA-26JUL12,,temperature,raycaster_cloudcaster,92.63902911828316,,2026-07-12T16:00:00+00:00,2026-07-12,,,,,,0.0,1.0,
0.7999999999999972,94.0,,t_plus_12h,mia,mia:2026-07-12,-0.7999999999999972,KXHIGHMIA-26JUL12,,temperature,raycaster_cloudcaster,93.2,,2026-07-12T17:00:00+00:00,2026-07-12,,,,,,1.0,1.0,
0.7999999999999972,94.0,,t_plus_13h,mia,mia:2026-07-12,-0.7999999999999972,KXHIGHMIA-26JUL12,,temperature,raycaster_cloudcaster,93.2,,2026-07-12T18:00:00+00:00,2026-07-12,,,,,,1.0,1.0,
0.7999999999999972,94.0,,t_plus_14h,mia,mia:2026-07-12,-0.7999999999999972,KXHIGHMIA-26JUL12,,temperature,raycaster_cloudcaster,93.2,,2026-07-12T19:00:00+00:00,2026-07-12,,,,,,1.0,1.0,
0.7999999999999972,94.0,,t_plus_15h,mia,mia:2026-07-12,-0.7999999999999972,KXHIGHMIA-26JUL12,,temperature,raycaster_cloudcaster,93.2,,2026-07-12T20:00:00+00:00,2026-07-12,,,,,,1.0,1.0,
0.0799999999999983,94.0,,t_plus_16h,mia,mia:2026-07-12,-0.0799999999999983,KXHIGHMIA-26JUL12,,temperature,raycaster_cloudcaster,93.92,,2026-07-12T21:00:00+00:00,2026-07-12,,,,,,1.0,1.0,
0.12149215277852932,94.0,,t_plus_17h,mia,mia:2026-07-12,0.12149215277852932,KXHIGHMIA-26JUL12,,temperature,raycaster_cloudcaster,94.12149215277853,,2026-07-12T22:00:00+00:00,2026-07-12,,,,,,1.0,1.0,
0.12149215277852932,94.0,,t_plus_18h,mia,mia:2026-07-12,0.12149215277852932,KXHIGHMIA-26JUL12,,temperature,raycaster_cloudcaster,94.12149215277853,,2026-07-12T23:00:00+00:00,2026-07-12,,,,,,1.0,1.0,
0.10191649661018687,94.0,,t_plus_19h,mia,mia:2026-07-12,0.10191649661018687,KXHIGHMIA-26JUL12,,temperature,raycaster_cloudcaster,94.10191649661019,,2026-07-13T00:00:00+00:00,2026-07-12,,,,,,1.0,1.0,
0.10191649661018687,94.0,,t_plus_20h,mia,mia:2026-07-12,0.10191649661018687,KXHIGHMIA-26JUL12,,temperature,raycaster_cloudcaster,94.10191649661019,,2026-07-13T01:00:00+00:00,2026-07-12,,,,,,1.0,1.0,
0.11615552176625954,94.0,,t_plus_21h,mia,mia:2026-07-12,0.11615552176625954,KXHIGHMIA-26JUL12,,temperature,raycaster_cloudcaster,94.11615552176626,,2026-07-13T02:00:00+00:00,2026-07-12,,,,,,1.0,1.0,
0.043598453795922865,94.0,,t_plus_22h,mia,mia:2026-07-12,-0.043598453795922865,KXHIGHMIA-26JUL12,,temperature,raycaster_cloudcaster,93.95640154620408,,2026-07-13T03:00:00+00:00,2026-07-12,,,,,,1.0,1.0,
0.043598453795922865,94.0,,t_plus_23h,mia,mia:2026-07-12,-0.043598453795922865,KXHIGHMIA-26JUL12,,temperature,raycaster_cloudcaster,93.95640154620408,,2026-07-13T04:00:00+00:00,2026-07-12,,,,,,1.0,1.0,
0.6014143178632878,84.0,,t_plus_0h,nyc,nyc:2026-07-12,-0.6014143178632878,KXHIGHNY-26JUL12,,temperature,raycaster_cloudcaster,83.39858568213671,,2026-07-12T05:00:00+00:00,2026-07-12,,,,,,1.0,1.0,
0.5316500841669409,84.0,,t_plus_1h,nyc,nyc:2026-07-12,-0.5316500841669409,KXHIGHNY-26JUL12,,temperature,raycaster_cloudcaster,83.46834991583306,,2026-07-12T06:00:00+00:00,2026-07-12,,,,,,1.0,1.0,
0.9670748755001171,84.0,,t_plus_2h,nyc,nyc:2026-07-12,-0.9670748755001171,KXHIGHNY-26JUL12,,temperature,raycaster_cloudcaster,83.03292512449988,,2026-07-12T07:00:00+00:00,2026-07-12,,,,,,1.0,1.0,
1.5664547951570427,84.0,,t_plus_3h,nyc,nyc:2026-07-12,-1.5664547951570427,KXHIGHNY-26JUL12,,temperature,raycaster_cloudcaster,82.43354520484296,,2026-07-12T08:00:00+00:00,2026-07-12,,,,,,0.0,1.0,
1.6975752547934633,84.0,,t_plus_4h,nyc,nyc:2026-07-12,-1.6975752547934633,KXHIGHNY-26JUL12,,temperature,raycaster_cloudcaster,82.30242474520654,,2026-07-12T09:00:00+00:00,2026-07-12,,,,,,0.0,1.0,
1.597575254793469,84.0,,t_plus_5h,nyc,nyc:2026-07-12,-1.597575254793469,KXHIGHNY-26JUL12,,temperature,raycaster_cloudcaster,82.40242474520653,,2026-07-12T10:00:00+00:00,2026-07-12,,,,,,0.0,1.0,
1.597575254793469,84.0,,t_plus_6h,nyc,nyc:2026-07-12,-1.597575254793469,KXHIGHNY-26JUL12,,temperature,raycaster_cloudcaster,82.40242474520653,,2026-07-12T11:00:00+00:00,2026-07-12,,,,,,0.0,1.0,
1.5247720580644142,84.0,,t_plus_7h,nyc,nyc:2026-07-12,-1.5247720580644142,KXHIGHNY-26JUL12,,temperature,raycaster_cloudcaster,82.47522794193559,,2026-07-12T12:00:00+00:00,2026-07-12,,,,,,0.0,1.0,
1.5891126101548565,84.0,,t_plus_8h,nyc,nyc:2026-07-12,-1.5891126101548565,KXHIGHNY-26JUL12,,temperature,raycaster_cloudcaster,82.41088738984514,,2026-07-12T13:00:00+00:00,2026-07-12,,,,,,0.0,1.0,
1.5137296434120344,84.0,,t_plus_9h,nyc,nyc:2026-07-12,-1.5137296434120344,KXHIGHNY-26JUL12,,temperature,raycaster_cloudcaster,82.48627035658797,,2026-07-12T14:00:00+00:00,2026-07-12,,,,,,0.0,1.0,
1.327379063935254,84.0,,t_plus_10h,nyc,nyc:2026-07-12,-1.327379063935254,KXHIGHNY-26JUL12,,temperature,raycaster_cloudcaster,82.67262093606475,,2026-07-12T15:00:00+00:00,2026-07-12,,,,,,0.0,1.0,
1.024601999693843,84.0,,t_plus_11h,nyc,nyc:2026-07-12,-1.024601999693843,KXHIGHNY-26JUL12,,temperature,raycaster_cloudcaster,82.97539800030616,,2026-07-12T16:00:00+00:00,2026-07-12,,,,,,0.0,1.0,
0.46211516581982437,84.0,,t_plus_12h,nyc,nyc:2026-07-12,-0.46211516581982437,KXHIGHNY-26JUL12,,temperature,raycaster_cloudcaster,83.53788483418018,,2026-07-12T17:00:00+00:00,2026-07-12,,,,,,1.0,1.0,
0.23144485399431858,84.0,,t_plus_13h,nyc,nyc:2026-07-12,-0.23144485399431858,KXHIGHNY-26JUL12,,temperature,raycaster_cloudcaster,83.76855514600568,,2026-07-12T18:00:00+00:00,2026-07-12,,,,,,1.0,1.0,
0.24501706547044932,84.0,,t_plus_14h,nyc,nyc:2026-07-12,0.24501706547044932,KXHIGHNY-26JUL12,,temperature,raycaster_cloudcaster,84.24501706547045,,2026-07-12T19:00:00+00:00,2026-07-12,,,,,,1.0,1.0,
0.3085239886491138,84.0,,t_plus_15h,nyc,nyc:2026-07-12,-0.3085239886491138,KXHIGHNY-26JUL12,,temperature,raycaster_cloudcaster,83.69147601135089,,2026-07-12T20:00:00+00:00,2026-07-12,,,,,,1.0,1.0,
0.3385239886491149,84.0,,t_plus_16h,nyc,nyc:2026-07-12,-0.3385239886491149,KXHIGHNY-26JUL12,,temperature,raycaster_cloudcaster,83.66147601135089,,2026-07-12T21:00:00+00:00,2026-07-12,,,,,,1.0,1.0,
0.7778278121146656,84.0,,t_plus_17h,nyc,nyc:2026-07-12,-0.7778278121146656,KXHIGHNY-26JUL12,,temperature,raycaster_cloudcaster,83.22217218788533,,2026-07-12T22:00:00+00:00,2026-07-12,,,,,,1.0,1.0,
0.8839348451484454,84.0,,t_plus_18h,nyc,nyc:2026-07-12,-0.8839348451484454,KXHIGHNY-26JUL12,,temperature,raycaster_cloudcaster,83.11606515485155,,2026-07-12T23:00:00+00:00,2026-07-12,,,,,,1.0,1.0,
0.6003405053979094,84.0,,t_plus_19h,nyc,nyc:2026-07-12,-0.6003405053979094,KXHIGHNY-26JUL12,,temperature,raycaster_cloudcaster,83.39965949460209,,2026-07-13T00:00:00+00:00,2026-07-12,,,,,,1.0,1.0,
0.628659888680474,84.0,,t_plus_20h,nyc,nyc:2026-07-12,-0.628659888680474,KXHIGHNY-26JUL12,,temperature,raycaster_cloudcaster,83.37134011131953,,2026-07-13T01:00:00+00:00,2026-07-12,,,,,,1.0,1.0,
0.7315580958699286,84.0,,t_plus_21h,nyc,nyc:2026-07-12,-0.7315580958699286,KXHIGHNY-26JUL12,,temperature,raycaster_cloudcaster,83.26844190413007,,2026-07-13T02:00:00+00:00,2026-07-12,,,,,,1.0,1.0,
0.7315580958699286,84.0,,t_plus_22h,nyc,nyc:2026-07-12,-0.7315580958699286,KXHIGHNY-26JUL12,,temperature,raycaster_cloudcaster,83.26844190413007,,2026-07-13T03:00:00+00:00,2026-07-12,,,,,,1.0,1.0,
0.7435563107841432,84.0,,t_plus_23h,nyc,nyc:2026-07-12,-0.7435563107841432,KXHIGHNY-26JUL12,,temperature,raycaster_cloudcaster,83.25644368921586,,2026-07-13T04:00:00+00:00,2026-07-12,,,,,,1.0,1.0,
2.473236551647034,88.0,,t_plus_0h,okc,okc:2026-07-12,2.473236551647034,KXHIGHTOKC-26JUL12,,temperature,raycaster_cloudcaster,90.47323655164703,,2026-07-12T06:00:00+00:00,2026-07-12,,,,,,0.0,0.0,
1.5965778054178372,88.0,,t_plus_1h,okc,okc:2026-07-12,1.5965778054178372,KXHIGHTOKC-26JUL12,,temperature,raycaster_cloudcaster,89.59657780541784,,2026-07-12T07:00:00+00:00,2026-07-12,,,,,,0.0,1.0,
0.8436530373741675,88.0,,t_plus_2h,okc,okc:2026-07-12,0.8436530373741675,KXHIGHTOKC-26JUL12,,temperature,raycaster_cloudcaster,88.84365303737417,,2026-07-12T08:00:00+00:00,2026-07-12,,,,,,1.0,1.0,
1.1241650622100536,88.0,,t_plus_3h,okc,okc:2026-07-12,-1.1241650622100536,KXHIGHTOKC-26JUL12,,temperature,raycaster_cloudcaster,86.87583493778995,,2026-07-12T09:00:00+00:00,2026-07-12,,,,,,0.0,1.0,
1.274165062210045,88.0,,t_plus_4h,okc,okc:2026-07-12,-1.274165062210045,KXHIGHTOKC-26JUL12,,temperature,raycaster_cloudcaster,86.72583493778995,,2026-07-12T10:00:00+00:00,2026-07-12,,,,,,0.0,1.0,
1.1592266771374966,88.0,,t_plus_5h,okc,okc:2026-07-12,-1.1592266771374966,KXHIGHTOKC-26JUL12,,temperature,raycaster_cloudcaster,86.8407733228625,,2026-07-12T11:00:00+00:00,2026-07-12,,,,,,0.0,1.0,
0.41076320066906646,88.0,,t_plus_6h,okc,okc:2026-07-12,-0.41076320066906646,KXHIGHTOKC-26JUL12,,temperature,raycaster_cloudcaster,87.58923679933093,,2026-07-12T12:00:00+00:00,2026-07-12,,,,,,1.0,1.0,
0.766576433892098,88.0,,t_plus_7h,okc,okc:2026-07-12,-0.766576433892098,KXHIGHTOKC-26JUL12,,temperature,raycaster_cloudcaster,87.2334235661079,,2026-07-12T13:00:00+00:00,2026-07-12,,,,,,1.0,1.0,
0.5312287005903329,88.0,,t_plus_8h,okc,okc:2026-07-12,-0.5312287005903329,KXHIGHTOKC-26JUL12,,temperature,raycaster_cloudcaster,87.46877129940967,,2026-07-12T14:00:00+00:00,2026-07-12,,,,,,1.0,1.0,
0.7108658027306092,88.0,,t_plus_9h,okc,okc:2026-07-12,0.7108658027306092,KXHIGHTOKC-26JUL12,,temperature,raycaster_cloudcaster,88.71086580273061,,2026-07-12T15:00:00+00:00,2026-07-12,,,,,,1.0,1.0,
1.1108658027306149,88.0,,t_plus_10h,okc,okc:2026-07-12,1.1108658027306149,KXHIGHTOKC-26JUL12,,temperature,raycaster_cloudcaster,89.11086580273061,,2026-07-12T16:00:00+00:00,2026-07-12,,,,,,0.0,1.0,
1.182811905454983,88.0,,t_plus_11h,okc,okc:2026-07-12,1.182811905454983,KXHIGHTOKC-26JUL12,,temperature,raycaster_cloudcaster,89.18281190545498,,2026-07-12T17:00:00+00:00,2026-07-12,,,,,,0.0,1.0,
0.13689416607059002,88.0,,t_plus_12h,okc,okc:2026-07-12,0.13689416607059002,KXHIGHTOKC-26JUL12,,temperature,raycaster_cloudcaster,88.13689416607059,,2026-07-12T18:00:00+00:00,2026-07-12,,,,,,1.0,1.0,
0.42670919971403976,88.0,,t_plus_13h,okc,okc:2026-07-12,0.42670919971403976,KXHIGHTOKC-26JUL12,,temperature,raycaster_cloudcaster,88.42670919971404,,2026-07-12T19:00:00+00:00,2026-07-12,,,,,,1.0,1.0,
0.48427546033504143,88.0,,t_plus_14h,okc,okc:2026-07-12,0.48427546033504143,KXHIGHTOKC-26JUL12,,temperature,raycaster_cloudcaster,88.48427546033504,,2026-07-12T20:00:00+00:00,2026-07-12,,,,,,1.0,1.0,
0.17232653244650464,88.0,,t_plus_15h,okc,okc:2026-07-12,0.17232653244650464,KXHIGHTOKC-26JUL12,,temperature,raycaster_cloudcaster,88.1723265324465,,2026-07-12T21:00:00+00:00,2026-07-12,,,,,,1.0,1.0,
0.39191057985445354,88.0,,t_plus_16h,okc,okc:2026-07-12,0.39191057985445354,KXHIGHTOKC-26JUL12,,temperature,raycaster_cloudcaster,88.39191057985445,,2026-07-12T22:00:00+00:00,2026-07-12,,,,,,1.0,1.0,
0.745363748118308,88.0,,t_plus_17h,okc,okc:2026-07-12,0.745363748118308,KXHIGHTOKC-26JUL12,,temperature,raycaster_cloudcaster,88.74536374811831,,2026-07-12T23:00:00+00:00,2026-07-12,,,,,,1.0,1.0,
0.4768157749251998,88.0,,t_plus_18h,okc,okc:2026-07-12,0.4768157749251998,KXHIGHTOKC-26JUL12,,temperature,raycaster_cloudcaster,88.4768157749252,,2026-07-13T00:00:00+00:00,2026-07-12,,,,,,1.0,1.0,
0.4768157749251998,88.0,,t_plus_19h,okc,okc:2026-07-12,0.4768157749251998,KXHIGHTOKC-26JUL12,,temperature,raycaster_cloudcaster,88.4768157749252,,2026-07-13T01:00:00+00:00,2026-07-12,,,,,,1.0,1.0,
0.3268865227307458,88.0,,t_plus_20h,okc,okc:2026-07-12,0.3268865227307458,KXHIGHTOKC-26JUL12,,temperature,raycaster_cloudcaster,88.32688652273075,,2026-07-13T02:00:00+00:00,2026-07-12,,,,,,1.0,1.0,
0.24732597197048278,88.0,,t_plus_21h,okc,okc:2026-07-12,0.24732597197048278,KXHIGHTOKC-26JUL12,,temperature,raycaster_cloudcaster,88.24732597197048,,2026-07-13T03:00:00+00:00,2026-07-12,,,,,,1.0,1.0,
0.3113499904348629,88.0,,t_plus_22h,okc,okc:2026-07-12,0.3113499904348629,KXHIGHTOKC-26JUL12,,temperature,raycaster_cloudcaster,88.31134999043486,,2026-07-13T04:00:00+00:00,2026-07-12,,,,,,1.0,1.0,
0.3113499904348629,88.0,,t_plus_23h,okc,okc:2026-07-12,0.3113499904348629,KXHIGHTOKC-26JUL12,,temperature,raycaster_cloudcaster,88.31134999043486,,2026-07-13T05:00:00+00:00,2026-07-12,,,,,,1.0,1.0,
,,0.5707258139918007,t_plus_22h,aus,aus:2026-07-01,,KXHIGHAUS-26JUL01,1.0005308247817977,bracket,raycaster_cloudcaster,,0.14603969944727643,2026-07-02T04:00:00+00:00,2026-07-01,1.0,0.36768421346779045,KXHIGHAUS-26JUL01-B95.5,0.36768421346779045,KXHIGHAUS-26JUL01-B95.5,,,1.0
,,0.5707258139918007,t_plus_23h,aus,aus:2026-07-01,,KXHIGHAUS-26JUL01,1.0005308247817977,bracket,raycaster_cloudcaster,,0.14603969944727643,2026-07-02T05:00:00+00:00,2026-07-01,1.0,0.36768421346779045,KXHIGHAUS-26JUL01-B95.5,0.36768421346779045,KXHIGHAUS-26JUL01-B95.5,,,1.0
,,0.46117834254998674,t_plus_21h,den,den:2026-07-01,,KXHIGHDEN-26JUL01,0.8261774376370178,bracket,raycaster_cloudcaster,,0.12595578979809524,2026-07-02T04:00:00+00:00,2026-07-01,1.0,0.4377193017473705,KXHIGHDEN-26JUL01-B88.5,0.4377193017473705,KXHIGHDEN-26JUL01-B88.5,,,1.0
,,0.4829996907455613,t_plus_22h,den,den:2026-07-01,,KXHIGHDEN-26JUL01,0.8261774376370178,bracket,raycaster_cloudcaster,,0.13530372172076816,2026-07-02T05:00:00+00:00,2026-07-01,1.0,0.4377193017473705,KXHIGHDEN-26JUL01-B88.5,0.4377193017473705,KXHIGHDEN-26JUL01-B88.5,,,1.0
,,0.4996115748151845,t_plus_23h,den,den:2026-07-01,,KXHIGHDEN-26JUL01,0.8261774376370178,bracket,raycaster_cloudcaster,,0.14175765303891538,2026-07-02T06:00:00+00:00,2026-07-01,1.0,0.4377193017473705,KXHIGHDEN-26JUL01-B88.5,0.4377193017473705,KXHIGHDEN-26JUL01-B88.5,,,1.0
,,0.427409111300885,t_plus_20h,la,la:2026-07-01,,KXHIGHLAX-26JUL01,0.6241350174218857,bracket,raycaster_cloudcaster,,0.042376696516067895,2026-07-02T04:00:00+00:00,2026-07-01,1.0,0.5357246206270678,KXHIGHLAX-26JUL01-B71.5,0.5357246206270678,KXHIGHLAX-26JUL01-B71.5,,,1.0
,,0.427409111300885,t_plus_21h,la,la:2026-07-01,,KXHIGHLAX-26JUL01,0.6241350174218857,bracket,raycaster_cloudcaster,,0.042376696516067895,2026-07-02T05:00:00+00:00,2026-07-01,1.0,0.5357246206270678,KXHIGHLAX-26JUL01-B71.5,0.5357246206270678,KXHIGHLAX-26JUL01-B71.5,,,1.0
,,0.44992535290026087,t_plus_22h,la,la:2026-07-01,,KXHIGHLAX-26JUL01,0.6468285407112482,bracket,raycaster_cloudcaster,,0.044618704374251625,2026-07-02T06:00:00+00:00,2026-07-01,1.0,0.5237040518749532,KXHIGHLAX-26JUL01-B71.5,0.5237040518749532,KXHIGHLAX-26JUL01-B71.5,,,1.0
,,0.44992535290026087,t_plus_23h,la,la:2026-07-01,,KXHIGHLAX-26JUL01,0.6468285407112482,bracket,raycaster_cloudcaster,,0.044618704374251625,2026-07-02T07:00:00+00:00,2026-07-01,1.0,0.5237040518749532,KXHIGHLAX-26JUL01-B71.5,0.5237040518749532,KXHIGHLAX-26JUL01-B71.5,,,1.0
,,0.4507641369213965,t_plus_23h,mia,mia:2026-07-01,,KXHIGHMIA-26JUL01,0.7222893409776296,bracket,raycaster_cloudcaster,,0.08794921891904808,2026-07-02T04:00:00+00:00,2026-07-01,1.0,0.48563918865588357,KXHIGHMIA-26JUL01-B92.5,0.48563918865588357,KXHIGHMIA-26JUL01-B92.5,,,1.0
,,0.9399863174131091,t_plus_23h,nyc,nyc:2026-07-01,,KXHIGHNY-26JUL01,1.6236057464405529,bracket,raycaster_cloudcaster,,0.07610042182858975,2026-07-02T04:00:00+00:00,2026-07-01,0.0,0.5190370851689601,KXHIGHNY-26JUL01-T92,0.19718641148976024,KXHIGHNY-26JUL01-B92.5,,,1.0
,,0.18813126901944002,t_plus_22h,okc,okc:2026-07-01,,KXHIGHTOKC-26JUL01,0.49711427934662855,bracket,raycaster_cloudcaster,,0.054882643739800716,2026-07-02T04:00:00+00:00,2026-07-01,1.0,0.6082834656019902,KXHIGHTOKC-26JUL01-T94,0.6082834656019902,KXHIGHTOKC-26JUL01-T94,,,1.0
,,0.1990587501674778,t_plus_23h,okc,okc:2026-07-01,,KXHIGHTOKC-26JUL01,0.519225447635345,bracket,raycaster_cloudcaster,,0.06385314563910205,2026-07-02T05:00:00+00:00,2026-07-01,1.0,0.5949812136482752,KXHIGHTOKC-26JUL01-T94,0.5949812136482752,KXHIGHTOKC-26JUL01-T94,,,1.0
,,0.06638355195029942,t_plus_0h,aus,aus:2026-07-02,,KXHIGHAUS-26JUL02,0.2242124078667401,bracket,raycaster_cloudcaster,,0.005305764370994342,2026-07-02T06:00:00+00:00,2026-07-02,1.0,0.7991453715769352,KXHIGHAUS-26JUL02-B95.5,0.7991453715769352,KXHIGHAUS-26JUL02-B95.5,,,1.0
,,0.06638355195029942,t_plus_1h,aus,aus:2026-07-02,,KXHIGHAUS-26JUL02,0.2242124078667401,bracket,raycaster_cloudcaster,,0.005305764370994342,2026-07-02T07:00:00+00:00,2026-07-02,1.0,0.7991453715769352,KXHIGHAUS-26JUL02-B95.5,0.7991453715769352,KXHIGHAUS-26JUL02-B95.5,,,1.0
,,0.06638355195029942,t_plus_2h,aus,aus:2026-07-02,,KXHIGHAUS-26JUL02,0.2242124078667401,bracket,raycaster_cloudcaster,,0.005305764370994342,2026-07-02T08:00:00+00:00,2026-07-02,1.0,0.7991453715769352,KXHIGHAUS-26JUL02-B95.5,0.7991453715769352,KXHIGHAUS-26JUL02-B95.5,,,1.0
,,0.0384078952462091,t_plus_3h,aus,aus:2026-07-02,,KXHIGHAUS-26JUL02,0.17032905780833482,bracket,raycaster_cloudcaster,,0.0028569389492464005,2026-07-02T09:00:00+00:00,2026-07-02,1.0,0.8433872477714645,KXHIGHAUS-26JUL02-B95.5,0.8433872477714645,KXHIGHAUS-26JUL02-B95.5,,,1.0
,,0.0384078952462091,t_plus_4h,aus,aus:2026-07-02,,KXHIGHAUS-26JUL02,0.17032905780833482,bracket,raycaster_cloudcaster,,0.0028569389492464005,2026-07-02T10:00:00+00:00,2026-07-02,1.0,0.8433872477714645,KXHIGHAUS-26JUL02-B95.5,0.8433872477714645,KXHIGHAUS-26JUL02-B95.5,,,1.0
,,0.06638355195029942,t_plus_5h,aus,aus:2026-07-02,,KXHIGHAUS-26JUL02,0.2242124078667401,bracket,raycaster_cloudcaster,,0.005305764370994342,2026-07-02T11:00:00+00:00,2026-07-02,1.0,0.7991453715769352,KXHIGHAUS-26JUL02-B95.5,0.7991453715769352,KXHIGHAUS-26JUL02-B95.5,,,1.0
,,0.06638355195029942,t_plus_6h,aus,aus:2026-07-02,,KXHIGHAUS-26JUL02,0.2242124078667401,bracket,raycaster_cloudcaster,,0.005305764370994342,2026-07-02T12:00:00+00:00,2026-07-02,1.0,0.7991453715769352,KXHIGHAUS-26JUL02-B95.5,0.7991453715769352,KXHIGHAUS-26JUL02-B95.5,,,1.0
,,0.06638355195029942,t_plus_7h,aus,aus:2026-07-02,,KXHIGHAUS-26JUL02,0.2242124078667401,bracket,raycaster_cloudcaster,,0.005305764370994342,2026-07-02T13:00:00+00:00,2026-07-02,1.0,0.7991453715769352,KXHIGHAUS-26JUL02-B95.5,0.7991453715769352,KXHIGHAUS-26JUL02-B95.5,,,1.0
,,0.06638355195029942,t_plus_8h,aus,aus:2026-07-02,,KXHIGHAUS-26JUL02,0.2242124078667401,bracket,raycaster_cloudcaster,,0.005305764370994342,2026-07-02T14:00:00+00:00,2026-07-02,1.0,0.7991453715769352,KXHIGHAUS-26JUL02-B95.5,0.7991453715769352,KXHIGHAUS-26JUL02-B95.5,,,1.0
,,0.10265452483514864,t_plus_9h,aus,aus:2026-07-02,,KXHIGHAUS-26JUL02,0.28116535858842706,bracket,raycaster_cloudcaster,,0.008630715585209262,2026-07-02T15:00:00+00:00,2026-07-02,1.0,0.7549034953824062,KXHIGHAUS-26JUL02-B95.5,0.7549034953824062,KXHIGHAUS-26JUL02-B95.5,,,1.0
,,0.14722081390077077,t_plus_10h,aus,aus:2026-07-02,,KXHIGHAUS-26JUL02,0.34155888484583485,bracket,raycaster_cloudcaster,,0.012831792591892478,2026-07-02T16:00:00+00:00,2026-07-02,1.0,0.7106616191878644,KXHIGHAUS-26JUL02-B95.5,0.7106616191878644,KXHIGHAUS-26JUL02-B95.5,,,1.0
,,0.14722081390077077,t_plus_11h,aus,aus:2026-07-02,,KXHIGHAUS-26JUL02,0.34155888484583485,bracket,raycaster_cloudcaster,,0.012831792591892478,2026-07-02T17:00:00+00:00,2026-07-02,1.0,0.7106616191878644,KXHIGHAUS-26JUL02-B95.5,0.7106616191878644,KXHIGHAUS-26JUL02-B95.5,,,1.0
,,0.14722081390077077,t_plus_12h,aus,aus:2026-07-02,,KXHIGHAUS-26JUL02,0.34155888484583485,bracket,raycaster_cloudcaster,,0.012831792591892478,2026-07-02T18:00:00+00:00,2026-07-02,1.0,0.7106616191878644,KXHIGHAUS-26JUL02-B95.5,0.7106616191878644,KXHIGHAUS-26JUL02-B95.5,,,1.0
,,0.14722081390077077,t_plus_13h,aus,aus:2026-07-02,,KXHIGHAUS-26JUL02,0.34155888484583485,bracket,raycaster_cloudcaster,,0.012831792591892478,2026-07-02T19:00:00+00:00,2026-07-02,1.0,0.7106616191878644,KXHIGHAUS-26JUL02-B95.5,0.7106616191878644,KXHIGHAUS-26JUL02-B95.5,,,1.0
,,0.7958478039533498,t_plus_14h,aus,aus:2026-07-02,,KXHIGHAUS-26JUL02,1.0169080427614765,bracket,raycaster_cloudcaster,,0.07794772534366504,2026-07-02T20:00:00+00:00,2026-07-02,0.0,0.6231250168243844,KXHIGHAUS-26JUL02-B93.5,0.3617116097662053,KXHIGHAUS-26JUL02-B95.5,,,1.0
,,0.11091095531158027,t_plus_15h,aus,aus:2026-07-02,,KXHIGHAUS-26JUL02,0.29289371286455373,bracket,raycaster_cloudcaster,,0.009406828599418276,2026-07-02T21:00:00+00:00,2026-07-02,1.0,0.7461014374675743,KXHIGHAUS-26JUL02-B95.5,0.7461014374675743,KXHIGHAUS-26JUL02-B95.5,,,1.0
,,0.17455669574508909,t_plus_16h,aus,aus:2026-07-02,,KXHIGHAUS-26JUL02,0.37437332056942957,bracket,raycaster_cloudcaster,,0.015546422859649666,2026-07-02T22:00:00+00:00,2026-07-02,1.0,0.6877201238316041,KXHIGHAUS-26JUL02-B95.5,0.6877201238316041,KXHIGHAUS-26JUL02-B95.5,,,1.0
,,0.6741087927608717,t_plus_17h,aus,aus:2026-07-02,,KXHIGHAUS-26JUL02,0.8997506178214772,bracket,raycaster_cloudcaster,,0.07005326797422778,2026-07-02T23:00:00+00:00,2026-07-02,0.0,0.567030646888773,KXHIGHAUS-26JUL02-B97.5,0.4066710636117001,KXHIGHAUS-26JUL02-B95.5,,,1.0
,,0.6741087927608717,t_plus_18h,aus,aus:2026-07-02,,KXHIGHAUS-26JUL02,0.8997506178214772,bracket,raycaster_cloudcaster,,0.07005326797422778,2026-07-03T00:00:00+00:00,2026-07-02,0.0,0.567030646888773,KXHIGHAUS-26JUL02-B97.5,0.4066710636117001,KXHIGHAUS-26JUL02-B95.5,,,1.0
,,0.6741087927608717,t_plus_19h,aus,aus:2026-07-02,,KXHIGHAUS-26JUL02,0.8997506178214772,bracket,raycaster_cloudcaster,,0.07005326797422778,2026-07-03T01:00:00+00:00,2026-07-02,0.0,0.567030646888773,KXHIGHAUS-26JUL02-B97.5,0.4066710636117001,KXHIGHAUS-26JUL02-B95.5,,,1.0
,,0.6741087927608717,t_plus_20h,aus,aus:2026-07-02,,KXHIGHAUS-26JUL02,0.8997506178214772,bracket,raycaster_cloudcaster,,0.07005326797422778,2026-07-03T02:00:00+00:00,2026-07-02,0.0,0.567030646888773,KXHIGHAUS-26JUL02-B97.5,0.4066710636117001,KXHIGHAUS-26JUL02-B95.5,,,1.0
,,0.6741087927608717,t_plus_21h,aus,aus:2026-07-02,,KXHIGHAUS-26JUL02,0.8997506178214772,bracket,raycaster_cloudcaster,,0.07005326797422778,2026-07-03T03:00:00+00:00,2026-07-02,0.0,0.567030646888773,KXHIGHAUS-26JUL02-B97.5,0.4066710636117001,KXHIGHAUS-26JUL02-B95.5,,,1.0
,,0.6741087927608717,t_plus_22h,aus,aus:2026-07-02,,KXHIGHAUS-26JUL02,0.8997506178214772,bracket,raycaster_cloudcaster,,0.07005326797422778,2026-07-03T04:00:00+00:00,2026-07-02,0.0,0.567030646888773,KXHIGHAUS-26JUL02-B97.5,0.4066710636117001,KXHIGHAUS-26JUL02-B95.5,,,1.0
,,0.6741087927608717,t_plus_23h,aus,aus:2026-07-02,,KXHIGHAUS-26JUL02,0.8997506178214772,bracket,raycaster_cloudcaster,,0.07005326797422778,2026-07-03T05:00:00+00:00,2026-07-02,0.0,0.567030646888773,KXHIGHAUS-26JUL02-B97.5,0.4066710636117001,KXHIGHAUS-26JUL02-B95.5,,,1.0
,,0.09130462895579575,t_plus_0h,den,den:2026-07-02,,KXHIGHDEN-26JUL02,0.24289986567988345,bracket,raycaster_cloudcaster,,0.009217921462614992,2026-07-02T07:00:00+00:00,2026-07-02,1.0,0.784350050198405,KXHIGHDEN-26JUL02-B89.5,0.784350050198405,KXHIGHDEN-26JUL02-B89.5,,,1.0
,,0.09130462895579575,t_plus_1h,den,den:2026-07-02,,KXHIGHDEN-26JUL02,0.24289986567988345,bracket,raycaster_cloudcaster,,0.009217921462614992,2026-07-02T08:00:00+00:00,2026-07-02,1.0,0.784350050198405,KXHIGHDEN-26JUL02-B89.5,0.784350050198405,KXHIGHDEN-26JUL02-B89.5,,,1.0
,,0.01953715329287474,t_plus_2h,den,den:2026-07-02,,KXHIGHDEN-26JUL02,0.11900142985805996,bracket,raycaster_cloudcaster,,0.0014861040708778598,2026-07-02T09:00:00+00:00,2026-07-02,1.0,0.887806531323718,KXHIGHDEN-26JUL02-B89.5,0.887806531323718,KXHIGHDEN-26JUL02-B89.5,,,1.0
,,0.02168537127350202,t_plus_3h,den,den:2026-07-02,,KXHIGHDEN-26JUL02,0.12371920056840771,bracket,raycaster_cloudcaster,,0.0017357269591232714,2026-07-02T10:00:00+00:00,2026-07-02,1.0,0.8836279282697194,KXHIGHDEN-26JUL02-B89.5,0.8836279282697194,KXHIGHDEN-26JUL02-B89.5,,,1.0
,,0.048880347609458225,t_plus_4h,den,den:2026-07-02,,KXHIGHDEN-26JUL02,0.1773578691650733,bracket,raycaster_cloudcaster,,0.004676979234617096,2026-07-02T11:00:00+00:00,2026-07-02,1.0,0.837480022611963,KXHIGHDEN-26JUL02-B89.5,0.837480022611963,KXHIGHDEN-26JUL02-B89.5,,,1.0
,,0.030473248193114432,t_plus_5h,den,den:2026-07-02,,KXHIGHDEN-26JUL02,0.14226654935380176,bracket,raycaster_cloudcaster,,0.0027161621850179396,2026-07-02T12:00:00+00:00,2026-07-02,1.0,0.8673900234195343,KXHIGHDEN-26JUL02-B89.5,0.8673900234195343,KXHIGHDEN-26JUL02-B89.5,,,1.0
,,0.025381257894028758,t_plus_6h,den,den:2026-07-02,,KXHIGHDEN-26JUL02,0.13083785353018257,bracket,raycaster_cloudcaster,,0.0021917776787963627,2026-07-02T13:00:00+00:00,2026-07-02,1.0,0.8773600236887212,KXHIGHDEN-26JUL02-B89.5,0.8773600236887212,KXHIGHDEN-26JUL02-B89.5,,,1.0
,,0.025381257894028758,t_plus_7h,den,den:2026-07-02,,KXHIGHDEN-26JUL02,0.13083785353018257,bracket,raycaster_cloudcaster,,0.0021917776787963627,2026-07-02T14:00:00+00:00,2026-07-02,1.0,0.8773600236887212,KXHIGHDEN-26JUL02-B89.5,0.8773600236887212,KXHIGHDEN-26JUL02-B89.5,,,1.0
,,0.01468419924501394,t_plus_8h,den,den:2026-07-02,,KXHIGHDEN-26JUL02,0.10525871605905422,bracket,raycaster_cloudcaster,,0.001000972645134163,2026-07-02T15:00:00+00:00,2026-07-02,1.0,0.9000916243024744,KXHIGHDEN-26JUL02-B89.5,0.9000916243024744,KXHIGHDEN-26JUL02-B89.5,,,1.0
,,0.45888390111905697,t_plus_9h,den,den:2026-07-02,,KXHIGHDEN-26JUL02,0.6733144286774878,bracket,raycaster_cloudcaster,,0.04378736027297079,2026-07-02T16:00:00+00:00,2026-07-02,1.0,0.5100153637704141,KXHIGHDEN-26JUL02-B89.5,0.5100153637704141,KXHIGHDEN-26JUL02-B89.5,,,1.0
,,0.35185195345602005,t_plus_10h,den,den:2026-07-02,,KXHIGHDEN-26JUL02,0.5667914572745413,bracket,raycaster_cloudcaster,,0.03296550219685278,2026-07-02T17:00:00+00:00,2026-07-02,1.0,0.5673428653182547,KXHIGHDEN-26JUL02-B89.5,0.5673428653182547,KXHIGHDEN-26JUL02-B89.5,,,1.0
,,0.2592082868449372,t_plus_11h,den,den:2026-07-02,,KXHIGHDEN-26JUL02,0.4705311813911357,bracket,raycaster_cloudcaster,,0.023706723357639743,2026-07-02T18:00:00+00:00,2026-07-02,1.0,0.6246703668661034,KXHIGHDEN-26JUL02-B89.5,0.6246703668661034,KXHIGHDEN-26JUL02-B89.5,,,1.0
,,0.9572764448046581,t_plus_12h,den,den:2026-07-02,,KXHIGHDEN-26JUL02,1.197687239439098,bracket,raycaster_cloudcaster,,0.09399982851135368,2026-07-02T19:00:00+00:00,2026-07-02,0.0,0.6854375185067997,KXHIGHDEN-26JUL02-T89,0.30189160815108657,KXHIGHDEN-26JUL02-B89.5,,,1.0
,,0.9572764448046581,t_plus_13h,den,den:2026-07-02,,KXHIGHDEN-26JUL02,1.197687239439098,bracket,raycaster_cloudcaster,,0.09399982851135368,2026-07-02T20:00:00+00:00,2026-07-02,0.0,0.6854375185067997,KXHIGHDEN-26JUL02-T89,0.30189160815108657,KXHIGHDEN-26JUL02-B89.5,,,1.0
,,1.1336400716875499,t_plus_14h,den,den:2026-07-02,,KXHIGHDEN-26JUL02,1.4185217018170904,bracket,raycaster_cloudcaster,,0.11184953834486064,2026-07-02T21:00:00+00:00,2026-07-02,0.0,0.7477500201892506,KXHIGHDEN-26JUL02-T89,0.24207160653593385,KXHIGHDEN-26JUL02-B89.5,,,1.0
,,0.7958478039533498,t_plus_15h,den,den:2026-07-02,,KXHIGHDEN-26JUL02,1.0169080427614765,bracket,raycaster_cloudcaster,,0.07770574284685994,2026-07-02T22:00:00+00:00,2026-07-02,0.0,0.6231250168243844,KXHIGHDEN-26JUL02-T89,0.3617116097662053,KXHIGHDEN-26JUL02-B89.5,,,1.0
,,0.1333421176819825,t_plus_16h,den,den:2026-07-02,,KXHIGHDEN-26JUL02,0.3230647661121373,bracket,raycaster_cloudcaster,,0.01147348891704916,2026-07-02T23:00:00+00:00,2026-07-02,1.0,0.7239269669144542,KXHIGHDEN-26JUL02-B89.5,0.7239269669144542,KXHIGHDEN-26JUL02-B89.5,,,1.0
,,0.1333421176819825,t_plus_17h,den,den:2026-07-02,,KXHIGHDEN-26JUL02,0.3230647661121373,bracket,raycaster_cloudcaster,,0.01147348891704916,2026-07-03T00:00:00+00:00,2026-07-02,1.0,0.7239269669144542,KXHIGHDEN-26JUL02-B89.5,0.7239269669144542,KXHIGHDEN-26JUL02-B89.5,,,1.0
,,0.1333421176819825,t_plus_18h,den,den:2026-07-02,,KXHIGHDEN-26JUL02,0.3230647661121373,bracket,raycaster_cloudcaster,,0.01147348891704916,2026-07-03T01:00:00+00:00,2026-07-02,1.0,0.7239269669144542,KXHIGHDEN-26JUL02-B89.5,0.7239269669144542,KXHIGHDEN-26JUL02-B89.5,,,1.0
,,0.1333421176819825,t_plus_19h,den,den:2026-07-02,,KXHIGHDEN-26JUL02,0.3230647661121373,bracket,raycaster_cloudcaster,,0.01147348891704916,2026-07-03T02:00:00+00:00,2026-07-02,1.0,0.7239269669144542,KXHIGHDEN-26JUL02-B89.5,0.7239269669144542,KXHIGHDEN-26JUL02-B89.5,,,1.0
,,0.1333421176819825,t_plus_20h,den,den:2026-07-02,,KXHIGHDEN-26JUL02,0.3230647661121373,bracket,raycaster_cloudcaster,,0.01147348891704916,2026-07-03T03:00:00+00:00,2026-07-02,1.0,0.7239269669144542,KXHIGHDEN-26JUL02-B89.5,0.7239269669144542,KXHIGHDEN-26JUL02-B89.5,,,1.0
,,0.1333421176819825,t_plus_21h,den,den:2026-07-02,,KXHIGHDEN-26JUL02,0.3230647661121373,bracket,raycaster_cloudcaster,,0.01147348891704916,2026-07-03T04:00:00+00:00,2026-07-02,1.0,0.7239269669144542,KXHIGHDEN-26JUL02-B89.5,0.7239269669144542,KXHIGHDEN-26JUL02-B89.5,,,1.0
,,0.1333421176819825,t_plus_22h,den,den:2026-07-02,,KXHIGHDEN-26JUL02,0.3230647661121373,bracket,raycaster_cloudcaster,,0.01147348891704916,2026-07-03T05:00:00+00:00,2026-07-02,1.0,0.7239269669144542,KXHIGHDEN-26JUL02-B89.5,0.7239269669144542,KXHIGHDEN-26JUL02-B89.5,,,1.0
,,0.1333421176819825,t_plus_23h,den,den:2026-07-02,,KXHIGHDEN-26JUL02,0.3230647661121373,bracket,raycaster_cloudcaster,,0.01147348891704916,2026-07-03T06:00:00+00:00,2026-07-02,1.0,0.7239269669144542,KXHIGHDEN-26JUL02-B89.5,0.7239269669144542,KXHIGHDEN-26JUL02-B89.5,,,1.0
,,1.3132491733185823,t_plus_0h,la,la:2026-07-02,,KXHIGHLAX-26JUL02,1.676980915591973,bracket,raycaster_cloudcaster,,0.13189433851399857,2026-07-02T08:00:00+00:00,2026-07-02,0.0,0.8075700218043912,KXHIGHLAX-26JUL02-B70.5,0.18693750504731205,KXHIGHLAX-26JUL02-B72.5,,,1.0
,,1.1676159770683767,t_plus_1h,la,la:2026-07-02,,KXHIGHLAX-26JUL02,1.4605800451451612,bracket,raycaster_cloudcaster,,0.1165058535612343,2026-07-02T09:00:00+00:00,2026-07-02,0.0,0.7602125205257411,KXHIGHLAX-26JUL02-B70.5,0.2321016062667414,KXHIGHLAX-26JUL02-B72.5,,,1.0
,,1.5807012998876706,t_plus_2h,la,la:2026-07-02,,KXHIGHLAX-26JUL02,2.3055895750143445,bracket,raycaster_cloudcaster,,0.161845572805133,2026-07-02T10:00:00+00:00,2026-07-02,0.0,0.8773600236887212,KXHIGHLAX-26JUL02-B70.5,0.09970000269190005,KXHIGHLAX-26JUL02-B72.5,,,1.0
,,1.5807012998876706,t_plus_3h,la,la:2026-07-02,,KXHIGHLAX-26JUL02,2.3055895750143445,bracket,raycaster_cloudcaster,,0.161845572805133,2026-07-02T11:00:00+00:00,2026-07-02,0.0,0.8773600236887212,KXHIGHLAX-26JUL02-B70.5,0.09970000269190005,KXHIGHLAX-26JUL02-B72.5,,,1.0
,,1.5016771328163194,t_plus_4h,la,la:2026-07-02,,KXHIGHLAX-26JUL02,2.082446023700144,bracket,raycaster_cloudcaster,,0.1529650243509359,2026-07-02T12:00:00+00:00,2026-07-02,0.0,0.857420023150342,KXHIGHLAX-26JUL02-B70.5,0.12462500336487388,KXHIGHLAX-26JUL02-B72.5,,,1.0
,,0.40356939215604265,t_plus_5h,la,la:2026-07-02,,KXHIGHLAX-26JUL02,0.6186352201524183,bracket,raycaster_cloudcaster,,0.0386779068053447,2026-07-02T13:00:00+00:00,2026-07-02,1.0,0.5386791145443345,KXHIGHLAX-26JUL02-B72.5,0.5386791145443345,KXHIGHLAX-26JUL02-B72.5,,,1.0
,,0.40356939215604265,t_plus_6h,la,la:2026-07-02,,KXHIGHLAX-26JUL02,0.6186352201524183,bracket,raycaster_cloudcaster,,0.0386779068053447,2026-07-02T14:00:00+00:00,2026-07-02,1.0,0.5386791145443345,KXHIGHLAX-26JUL02-B72.5,0.5386791145443345,KXHIGHLAX-26JUL02-B72.5,,,1.0
,,0.9572764448047061,t_plus_7h,la,la:2026-07-02,,KXHIGHLAX-26JUL02,1.1976872394391542,bracket,raycaster_cloudcaster,,0.09481074117686855,2026-07-02T15:00:00+00:00,2026-07-02,0.0,0.6854375185068174,KXHIGHLAX-26JUL02-B70.5,0.30189160815106963,KXHIGHLAX-26JUL02-B72.5,,,1.0
,,0.6493541491334408,t_plus_8h,la,la:2026-07-02,,KXHIGHLAX-26JUL02,0.863860507006342,bracket,raycaster_cloudcaster,,0.06362266340826017,2026-07-02T16:00:00+00:00,2026-07-02,0.0,0.5608125151419334,KXHIGHLAX-26JUL02-B70.5,0.4215316113813581,KXHIGHLAX-26JUL02-B72.5,,,1.0
,,0.40356939215604265,t_plus_9h,la,la:2026-07-02,,KXHIGHLAX-26JUL02,0.6186352201524183,bracket,raycaster_cloudcaster,,0.0386779068053447,2026-07-02T17:00:00+00:00,2026-07-02,1.0,0.5386791145443345,KXHIGHLAX-26JUL02-B72.5,0.5386791145443345,KXHIGHLAX-26JUL02-B72.5,,,1.0
,,0.40356939215604265,t_plus_10h,la,la:2026-07-02,,KXHIGHLAX-26JUL02,0.6186352201524183,bracket,raycaster_cloudcaster,,0.0386779068053447,2026-07-02T18:00:00+00:00,2026-07-02,1.0,0.5386791145443345,KXHIGHLAX-26JUL02-B72.5,0.5386791145443345,KXHIGHLAX-26JUL02-B72.5,,,1.0
,,0.40356939215604265,t_plus_11h,la,la:2026-07-02,,KXHIGHLAX-26JUL02,0.6186352201524183,bracket,raycaster_cloudcaster,,0.0386779068053447,2026-07-02T19:00:00+00:00,2026-07-02,1.0,0.5386791145443345,KXHIGHLAX-26JUL02-B72.5,0.5386791145443345,KXHIGHLAX-26JUL02-B72.5,,,1.0
,,0.36102920817255446,t_plus_12h,la,la:2026-07-02,,KXHIGHLAX-26JUL02,0.5752056622250827,bracket,raycaster_cloudcaster,,0.0344377414796616,2026-07-02T20:00:00+00:00,2026-07-02,1.0,0.5625891535711063,KXHIGHLAX-26JUL02-B72.5,0.5625891535711063,KXHIGHLAX-26JUL02-B72.5,,,1.0
,,0.18957030392771013,t_plus_13h,la,la:2026-07-02,,KXHIGHLAX-26JUL02,0.3920783477501828,bracket,raycaster_cloudcaster,,0.017223952023090985,2026-07-02T21:00:00+00:00,2026-07-02,1.0,0.6756511761373147,KXHIGHLAX-26JUL02-B72.5,0.6756511761373147,KXHIGHLAX-26JUL02-B72.5,,,1.0
,,0.11319979528940236,t_plus_14h,la,la:2026-07-02,,KXHIGHLAX-26JUL02,0.27429828713745025,bracket,raycaster_cloudcaster,,0.011135266607276949,2026-07-02T22:00:00+00:00,2026-07-02,1.0,0.7601053118046334,KXHIGHLAX-26JUL02-B72.5,0.7601053118046334,KXHIGHLAX-26JUL02-B72.5,,,1.0
,,0.11319979528940236,t_plus_15h,la,la:2026-07-02,,KXHIGHLAX-26JUL02,0.27429828713745025,bracket,raycaster_cloudcaster,,0.011135266607276949,2026-07-02T23:00:00+00:00,2026-07-02,1.0,0.7601053118046334,KXHIGHLAX-26JUL02-B72.5,0.7601053118046334,KXHIGHLAX-26JUL02-B72.5,,,1.0
,,0.11319979528940236,t_plus_16h,la,la:2026-07-02,,KXHIGHLAX-26JUL02,0.27429828713745025,bracket,raycaster_cloudcaster,,0.011135266607276949,2026-07-03T00:00:00+00:00,2026-07-02,1.0,0.7601053118046334,KXHIGHLAX-26JUL02-B72.5,0.7601053118046334,KXHIGHLAX-26JUL02-B72.5,,,1.0
,,0.11319979528940236,t_plus_17h,la,la:2026-07-02,,KXHIGHLAX-26JUL02,0.27429828713745025,bracket,raycaster_cloudcaster,,0.011135266607276949,2026-07-03T01:00:00+00:00,2026-07-02,1.0,0.7601053118046334,KXHIGHLAX-26JUL02-B72.5,0.7601053118046334,KXHIGHLAX-26JUL02-B72.5,,,1.0
,,0.11319979528940236,t_plus_18h,la,la:2026-07-02,,KXHIGHLAX-26JUL02,0.27429828713745025,bracket,raycaster_cloudcaster,,0.011135266607276949,2026-07-03T02:00:00+00:00,2026-07-02,1.0,0.7601053118046334,KXHIGHLAX-26JUL02-B72.5,0.7601053118046334,KXHIGHLAX-26JUL02-B72.5,,,1.0
,,0.11319979528940236,t_plus_19h,la,la:2026-07-02,,KXHIGHLAX-26JUL02,0.27429828713745025,bracket,raycaster_cloudcaster,,0.011135266607276949,2026-07-03T03:00:00+00:00,2026-07-02,1.0,0.7601053118046334,KXHIGHLAX-26JUL02-B72.5,0.7601053118046334,KXHIGHLAX-26JUL02-B72.5,,,1.0
,,0.11319979528940236,t_plus_20h,la,la:2026-07-02,,KXHIGHLAX-26JUL02,0.27429828713745025,bracket,raycaster_cloudcaster,,0.011135266607276949,2026-07-03T04:00:00+00:00,2026-07-02,1.0,0.7601053118046334,KXHIGHLAX-26JUL02-B72.5,0.7601053118046334,KXHIGHLAX-26JUL02-B72.5,,,1.0
,,0.11319979528940236,t_plus_21h,la,la:2026-07-02,,KXHIGHLAX-26JUL02,0.27429828713745025,bracket,raycaster_cloudcaster,,0.011135266607276949,2026-07-03T05:00:00+00:00,2026-07-02,1.0,0.7601053118046334,KXHIGHLAX-26JUL02-B72.5,0.7601053118046334,KXHIGHLAX-26JUL02-B72.5,,,1.0
,,0.11319979528940236,t_plus_22h,la,la:2026-07-02,,KXHIGHLAX-26JUL02,0.27429828713745025,bracket,raycaster_cloudcaster,,0.011135266607276949,2026-07-03T06:00:00+00:00,2026-07-02,1.0,0.7601053118046334,KXHIGHLAX-26JUL02-B72.5,0.7601053118046334,KXHIGHLAX-26JUL02-B72.5,,,1.0
,,0.11319979528940236,t_plus_23h,la,la:2026-07-02,,KXHIGHLAX-26JUL02,0.27429828713745025,bracket,raycaster_cloudcaster,,0.011135266607276949,2026-07-03T07:00:00+00:00,2026-07-02,1.0,0.7601053118046334,KXHIGHLAX-26JUL02-B72.5,0.7601053118046334,KXHIGHLAX-26JUL02-B72.5,,,1.0
,,1.6104615335459616,t_plus_0h,mia,mia:2026-07-02,,KXHIGHMIA-26JUL02,6.907764252022637,bracket,raycaster_cloudcaster,,0.391198369514536,2026-07-02T05:00:00+00:00,2026-07-02,0.0,0.7549034953824062,KXHIGHMIA-26JUL02-B89.5,0.0009999910269997577,KXHIGHMIA-26JUL02-B93.5,,,0.0
,,1.5665440702225,t_plus_1h,mia,mia:2026-07-02,,KXHIGHMIA-26JUL02,6.907764252022637,bracket,raycaster_cloudcaster,,0.3963964465481385,2026-07-02T06:00:00+00:00,2026-07-02,0.0,0.7106616191878644,KXHIGHMIA-26JUL02-B89.5,0.0009999910269997577,KXHIGHMIA-26JUL02-B93.5,,,0.0
,,1.8128674657959631,t_plus_2h,mia,mia:2026-07-02,,KXHIGHMIA-26JUL02,6.907764252022637,bracket,raycaster_cloudcaster,,0.3805763431667847,2026-07-02T07:00:00+00:00,2026-07-02,0.0,0.9000916243024744,KXHIGHMIA-26JUL02-B89.5,0.0009999910269997577,KXHIGHMIA-26JUL02-B93.5,,,0.0
,,1.8128674657959631,t_plus_3h,mia,mia:2026-07-02,,KXHIGHMIA-26JUL02,6.907764252022637,bracket,raycaster_cloudcaster,,0.3805763431667847,2026-07-02T08:00:00+00:00,2026-07-02,0.0,0.9000916243024744,KXHIGHMIA-26JUL02-B89.5,0.0009999910269997577,KXHIGHMIA-26JUL02-B93.5,,,0.0
,,1.4904173898421573,t_plus_4h,mia,mia:2026-07-02,,KXHIGHMIA-26JUL02,6.907764252022637,bracket,raycaster_cloudcaster,,0.455720996278581,2026-07-02T09:00:00+00:00,2026-07-02,0.0,0.5608125151419334,KXHIGHMIA-26JUL02-B87.5,0.0009999910269997575,KXHIGHMIA-26JUL02-B93.5,,,0.0
,,1.4904173898421573,t_plus_5h,mia,mia:2026-07-02,,KXHIGHMIA-26JUL02,6.907764252022637,bracket,raycaster_cloudcaster,,0.455720996278581,2026-07-02T10:00:00+00:00,2026-07-02,0.0,0.5608125151419334,KXHIGHMIA-26JUL02-B87.5,0.0009999910269997575,KXHIGHMIA-26JUL02-B93.5,,,0.0
,,1.4769146466058856,t_plus_6h,mia,mia:2026-07-02,,KXHIGHMIA-26JUL02,6.907764252022637,bracket,raycaster_cloudcaster,,0.43450769399865996,2026-07-02T11:00:00+00:00,2026-07-02,0.0,0.5100153637704141,KXHIGHMIA-26JUL02-B89.5,0.0009999910269997577,KXHIGHMIA-26JUL02-B93.5,,,0.0
,,1.5429486560597234,t_plus_7h,mia,mia:2026-07-02,,KXHIGHMIA-26JUL02,6.907764252022637,bracket,raycaster_cloudcaster,,0.40066860104196167,2026-07-02T12:00:00+00:00,2026-07-02,0.0,0.681997868413944,KXHIGHMIA-26JUL02-B89.5,0.0009999910269997575,KXHIGHMIA-26JUL02-B93.5,,,0.0
,,1.5065490385231406,t_plus_8h,mia,mia:2026-07-02,,KXHIGHMIA-26JUL02,6.907764252022637,bracket,raycaster_cloudcaster,,0.410385219457289,2026-07-02T13:00:00+00:00,2026-07-02,0.0,0.6246703668660952,KXHIGHMIA-26JUL02-B89.5,0.0009999910269997575,KXHIGHMIA-26JUL02-B93.5,,,0.0
,,1.5065490385231406,t_plus_9h,mia,mia:2026-07-02,,KXHIGHMIA-26JUL02,6.907764252022637,bracket,raycaster_cloudcaster,,0.410385219457289,2026-07-02T14:00:00+00:00,2026-07-02,0.0,0.6246703668660952,KXHIGHMIA-26JUL02-B89.5,0.0009999910269997575,KXHIGHMIA-26JUL02-B93.5,,,0.0
,,1.5429486560597234,t_plus_10h,mia,mia:2026-07-02,,KXHIGHMIA-26JUL02,6.907764252022637,bracket,raycaster_cloudcaster,,0.40066860104196167,2026-07-02T15:00:00+00:00,2026-07-02,0.0,0.681997868413944,KXHIGHMIA-26JUL02-B89.5,0.0009999910269997575,KXHIGHMIA-26JUL02-B93.5,,,0.0
,,1.5229503121599384,t_plus_11h,mia,mia:2026-07-02,,KXHIGHMIA-26JUL02,6.907764252022637,bracket,raycaster_cloudcaster,,0.4053315253450114,2026-07-02T16:00:00+00:00,2026-07-02,0.0,0.6533341176400239,KXHIGHMIA-26JUL02-B89.5,0.0009999910269997577,KXHIGHMIA-26JUL02-B93.5,,,0.0
,,1.7722503667869995,t_plus_12h,mia,mia:2026-07-02,,KXHIGHMIA-26JUL02,2.870669235521297,bracket,raycaster_cloudcaster,,0.17760356622949797,2026-07-02T17:00:00+00:00,2026-07-02,0.0,0.9393390694056264,KXHIGHMIA-26JUL02-B91.5,0.05666099433837771,KXHIGHMIA-26JUL02-B93.5,,,1.0
,,0.03615389541181509,t_plus_13h,mia,mia:2026-07-02,,KXHIGHMIA-26JUL02,0.16515196348556632,bracket,raycaster_cloudcaster,,0.0027256074600505442,2026-07-02T18:00:00+00:00,2026-07-02,1.0,0.8477648649949197,KXHIGHMIA-26JUL02-B93.5,0.8477648649949197,KXHIGHMIA-26JUL02-B93.5,,,1.0
,,0.03615389541181509,t_plus_14h,mia,mia:2026-07-02,,KXHIGHMIA-26JUL02,0.16515196348556632,bracket,raycaster_cloudcaster,,0.0027256074600505442,2026-07-02T19:00:00+00:00,2026-07-02,1.0,0.8477648649949197,KXHIGHMIA-26JUL02-B93.5,0.8477648649949197,KXHIGHMIA-26JUL02-B93.5,,,1.0
,,0.03615389541181509,t_plus_15h,mia,mia:2026-07-02,,KXHIGHMIA-26JUL02,0.16515196348556632,bracket,raycaster_cloudcaster,,0.0027256074600505442,2026-07-02T20:00:00+00:00,2026-07-02,1.0,0.8477648649949197,KXHIGHMIA-26JUL02-B93.5,0.8477648649949197,KXHIGHMIA-26JUL02-B93.5,,,1.0
,,0.03615389541181509,t_plus_16h,mia,mia:2026-07-02,,KXHIGHMIA-26JUL02,0.16515196348556632,bracket,raycaster_cloudcaster,,0.0027256074600505442,2026-07-02T21:00:00+00:00,2026-07-02,1.0,0.8477648649949197,KXHIGHMIA-26JUL02-B93.5,0.8477648649949197,KXHIGHMIA-26JUL02-B93.5,,,1.0
,,0.03615389541181509,t_plus_17h,mia,mia:2026-07-02,,KXHIGHMIA-26JUL02,0.16515196348556632,bracket,raycaster_cloudcaster,,0.0027256074600505442,2026-07-02T22:00:00+00:00,2026-07-02,1.0,0.8477648649949197,KXHIGHMIA-26JUL02-B93.5,0.8477648649949197,KXHIGHMIA-26JUL02-B93.5,,,1.0
,,0.03615389541181509,t_plus_18h,mia,mia:2026-07-02,,KXHIGHMIA-26JUL02,0.16515196348556632,bracket,raycaster_cloudcaster,,0.0027256074600505442,2026-07-02T23:00:00+00:00,2026-07-02,1.0,0.8477648649949197,KXHIGHMIA-26JUL02-B93.5,0.8477648649949197,KXHIGHMIA-26JUL02-B93.5,,,1.0
,,0.03615389541181509,t_plus_19h,mia,mia:2026-07-02,,KXHIGHMIA-26JUL02,0.16515196348556632,bracket,raycaster_cloudcaster,,0.0027256074600505442,2026-07-03T00:00:00+00:00,2026-07-02,1.0,0.8477648649949197,KXHIGHMIA-26JUL02-B93.5,0.8477648649949197,KXHIGHMIA-26JUL02-B93.5,,,1.0
,,0.03615389541181509,t_plus_20h,mia,mia:2026-07-02,,KXHIGHMIA-26JUL02,0.16515196348556632,bracket,raycaster_cloudcaster,,0.0027256074600505442,2026-07-03T01:00:00+00:00,2026-07-02,1.0,0.8477648649949197,KXHIGHMIA-26JUL02-B93.5,0.8477648649949197,KXHIGHMIA-26JUL02-B93.5,,,1.0
,,0.03615389541181509,t_plus_21h,mia,mia:2026-07-02,,KXHIGHMIA-26JUL02,0.16515196348556632,bracket,raycaster_cloudcaster,,0.0027256074600505442,2026-07-03T02:00:00+00:00,2026-07-02,1.0,0.8477648649949197,KXHIGHMIA-26JUL02-B93.5,0.8477648649949197,KXHIGHMIA-26JUL02-B93.5,,,1.0
,,0.03615389541181509,t_plus_22h,mia,mia:2026-07-02,,KXHIGHMIA-26JUL02,0.16515196348556632,bracket,raycaster_cloudcaster,,0.0027256074600505442,2026-07-03T03:00:00+00:00,2026-07-02,1.0,0.8477648649949197,KXHIGHMIA-26JUL02-B93.5,0.8477648649949197,KXHIGHMIA-26JUL02-B93.5,,,1.0
,,0.03615389541181509,t_plus_23h,mia,mia:2026-07-02,,KXHIGHMIA-26JUL02,0.16515196348556632,bracket,raycaster_cloudcaster,,0.0027256074600505442,2026-07-03T04:00:00+00:00,2026-07-02,1.0,0.8477648649949197,KXHIGHMIA-26JUL02-B93.5,0.8477648649949197,KXHIGHMIA-26JUL02-B93.5,,,1.0
,,0.6085525976905815,t_plus_0h,nyc,nyc:2026-07-02,,KXHIGHNY-26JUL02,0.8296830552047612,bracket,raycaster_cloudcaster,,0.06346926541009154,2026-07-02T05:00:00+00:00,2026-07-02,0.0,0.5386791145443345,KXHIGHNY-26JUL02-B101.5,0.43618751177706505,KXHIGHNY-26JUL02-B99.5,,,1.0
,,0.19018462409321044,t_plus_1h,nyc,nyc:2026-07-02,,KXHIGHNY-26JUL02,0.37769793146170255,bracket,raycaster_cloudcaster,,0.01969272896273853,2026-07-02T06:00:00+00:00,2026-07-02,1.0,0.6854375185068174,KXHIGHNY-26JUL02-B99.5,0.6854375185068174,KXHIGHNY-26JUL02-B99.5,,,1.0
,,0.19018462409321044,t_plus_2h,nyc,nyc:2026-07-02,,KXHIGHNY-26JUL02,0.37769793146170255,bracket,raycaster_cloudcaster,,0.01969272896273853,2026-07-02T07:00:00+00:00,2026-07-02,1.0,0.6854375185068174,KXHIGHNY-26JUL02-B99.5,0.6854375185068174,KXHIGHNY-26JUL02-B99.5,,,1.0
,,0.19018462409321044,t_plus_3h,nyc,nyc:2026-07-02,,KXHIGHNY-26JUL02,0.37769793146170255,bracket,raycaster_cloudcaster,,0.01969272896273853,2026-07-02T08:00:00+00:00,2026-07-02,1.0,0.6854375185068174,KXHIGHNY-26JUL02-B99.5,0.6854375185068174,KXHIGHNY-26JUL02-B99.5,,,1.0
,,0.10102690747302503,t_plus_4h,nyc,nyc:2026-07-02,,KXHIGHNY-26JUL02,0.25789673164908994,bracket,raycaster_cloudcaster,,0.010249316917842958,2026-07-02T09:00:00+00:00,2026-07-02,1.0,0.7726750208622244,KXHIGHNY-26JUL02-B99.5,0.7726750208622244,KXHIGHNY-26JUL02-B99.5,,,1.0
,,0.10102690747302503,t_plus_5h,nyc,nyc:2026-07-02,,KXHIGHNY-26JUL02,0.25789673164908994,bracket,raycaster_cloudcaster,,0.010249316917842958,2026-07-02T10:00:00+00:00,2026-07-02,1.0,0.7726750208622244,KXHIGHNY-26JUL02-B99.5,0.7726750208622244,KXHIGHNY-26JUL02-B99.5,,,1.0
,,0.1113941485503806,t_plus_6h,nyc,nyc:2026-07-02,,KXHIGHNY-26JUL02,0.2741572525208694,bracket,raycaster_cloudcaster,,0.011414033110361575,2026-07-02T11:00:00+00:00,2026-07-02,1.0,0.7602125205257375,KXHIGHNY-26JUL02-B99.5,0.7602125205257375,KXHIGHNY-26JUL02-B99.5,,,1.0
,,0.12228324438091626,t_plus_7h,nyc,nyc:2026-07-02,,KXHIGHNY-26JUL02,0.2906865544720792,bracket,raycaster_cloudcaster,,0.012643359891369157,2026-07-02T12:00:00+00:00,2026-07-02,1.0,0.7477500201892506,KXHIGHNY-26JUL02-B99.5,0.7477500201892506,KXHIGHNY-26JUL02-B99.5,,,1.0
,,0.12228324438091626,t_plus_8h,nyc,nyc:2026-07-02,,KXHIGHNY-26JUL02,0.2906865544720792,bracket,raycaster_cloudcaster,,0.012643359891369157,2026-07-02T13:00:00+00:00,2026-07-02,1.0,0.7477500201892506,KXHIGHNY-26JUL02-B99.5,0.7477500201892506,KXHIGHNY-26JUL02-B99.5,,,1.0
,,0.12228324438091626,t_plus_9h,nyc,nyc:2026-07-02,,KXHIGHNY-26JUL02,0.2906865544720792,bracket,raycaster_cloudcaster,,0.012643359891369157,2026-07-02T14:00:00+00:00,2026-07-02,1.0,0.7477500201892506,KXHIGHNY-26JUL02-B99.5,0.7477500201892506,KXHIGHNY-26JUL02-B99.5,,,1.0
,,0.5442271034233196,t_plus_10h,nyc,nyc:2026-07-02,,KXHIGHNY-26JUL02,0.7606901837178124,bracket,raycaster_cloudcaster,,0.05662653839586802,2026-07-02T15:00:00+00:00,2026-07-02,0.0,0.5100153637704141,KXHIGHNY-26JUL02-B101.5,0.46734376261828275,KXHIGHNY-26JUL02-B99.5,,,1.0
,,0.5442271034233196,t_plus_11h,nyc,nyc:2026-07-02,,KXHIGHNY-26JUL02,0.7606901837178124,bracket,raycaster_cloudcaster,,0.05662653839586802,2026-07-02T16:00:00+00:00,2026-07-02,0.0,0.5100153637704141,KXHIGHNY-26JUL02-B101.5,0.46734376261828275,KXHIGHNY-26JUL02-B99.5,,,1.0
,,0.5442271034233196,t_plus_12h,nyc,nyc:2026-07-02,,KXHIGHNY-26JUL02,0.7606901837178124,bracket,raycaster_cloudcaster,,0.05662653839586802,2026-07-02T17:00:00+00:00,2026-07-02,0.0,0.5100153637704141,KXHIGHNY-26JUL02-B101.5,0.46734376261828275,KXHIGHNY-26JUL02-B99.5,,,1.0
,,0.5442271034233196,t_plus_13h,nyc,nyc:2026-07-02,,KXHIGHNY-26JUL02,0.7606901837178124,bracket,raycaster_cloudcaster,,0.05662653839586802,2026-07-02T18:00:00+00:00,2026-07-02,0.0,0.5100153637704141,KXHIGHNY-26JUL02-B101.5,0.46734376261828275,KXHIGHNY-26JUL02-B99.5,,,1.0
,,0.5028602283145898,t_plus_14h,nyc,nyc:2026-07-02,,KXHIGHNY-26JUL02,0.7162398992463521,bracket,raycaster_cloudcaster,,0.052181672147346855,2026-07-02T19:00:00+00:00,2026-07-02,0.0,0.49092464354563364,KXHIGHNY-26JUL02-B101.5,0.48858593874001005,KXHIGHNY-26JUL02-B99.5,,,1.0
,,0.5028602283145898,t_plus_15h,nyc,nyc:2026-07-02,,KXHIGHNY-26JUL02,0.7162398992463521,bracket,raycaster_cloudcaster,,0.052181672147346855,2026-07-02T20:00:00+00:00,2026-07-02,0.0,0.49092464354563364,KXHIGHNY-26JUL02-B101.5,0.48858593874001005,KXHIGHNY-26JUL02-B99.5,,,1.0
,,0.04121763660224938,t_plus_16h,nyc,nyc:2026-07-02,,KXHIGHNY-26JUL02,0.15728182875126104,bracket,raycaster_cloudcaster,,0.004181177409236932,2026-07-02T21:00:00+00:00,2026-07-02,1.0,0.854463212580382,KXHIGHNY-26JUL02-B99.5,0.854463212580382,KXHIGHNY-26JUL02-B99.5,,,1.0
,,0.04121763660224938,t_plus_17h,nyc,nyc:2026-07-02,,KXHIGHNY-26JUL02,0.15728182875126104,bracket,raycaster_cloudcaster,,0.004181177409236932,2026-07-02T22:00:00+00:00,2026-07-02,1.0,0.854463212580382,KXHIGHNY-26JUL02-B99.5,0.854463212580382,KXHIGHNY-26JUL02-B99.5,,,1.0
,,0.04121763660224938,t_plus_18h,nyc,nyc:2026-07-02,,KXHIGHNY-26JUL02,0.15728182875126104,bracket,raycaster_cloudcaster,,0.004181177409236932,2026-07-02T23:00:00+00:00,2026-07-02,1.0,0.854463212580382,KXHIGHNY-26JUL02-B99.5,0.854463212580382,KXHIGHNY-26JUL02-B99.5,,,1.0
,,0.04121763660224938,t_plus_19h,nyc,nyc:2026-07-02,,KXHIGHNY-26JUL02,0.15728182875126104,bracket,raycaster_cloudcaster,,0.004181177409236932,2026-07-03T00:00:00+00:00,2026-07-02,1.0,0.854463212580382,KXHIGHNY-26JUL02-B99.5,0.854463212580382,KXHIGHNY-26JUL02-B99.5,,,1.0
,,0.04121763660224938,t_plus_20h,nyc,nyc:2026-07-02,,KXHIGHNY-26JUL02,0.15728182875126104,bracket,raycaster_cloudcaster,,0.004181177409236932,2026-07-03T01:00:00+00:00,2026-07-02,1.0,0.854463212580382,KXHIGHNY-26JUL02-B99.5,0.854463212580382,KXHIGHNY-26JUL02-B99.5,,,1.0
,,0.04121763660224938,t_plus_21h,nyc,nyc:2026-07-02,,KXHIGHNY-26JUL02,0.15728182875126104,bracket,raycaster_cloudcaster,,0.004181177409236932,2026-07-03T02:00:00+00:00,2026-07-02,1.0,0.854463212580382,KXHIGHNY-26JUL02-B99.5,0.854463212580382,KXHIGHNY-26JUL02-B99.5,,,1.0
,,0.04121763660224938,t_plus_22h,nyc,nyc:2026-07-02,,KXHIGHNY-26JUL02,0.15728182875126104,bracket,raycaster_cloudcaster,,0.004181177409236932,2026-07-03T03:00:00+00:00,2026-07-02,1.0,0.854463212580382,KXHIGHNY-26JUL02-B99.5,0.854463212580382,KXHIGHNY-26JUL02-B99.5,,,1.0
,,0.04121763660224938,t_plus_23h,nyc,nyc:2026-07-02,,KXHIGHNY-26JUL02,0.15728182875126104,bracket,raycaster_cloudcaster,,0.004181177409236932,2026-07-03T04:00:00+00:00,2026-07-02,1.0,0.854463212580382,KXHIGHNY-26JUL02-B99.5,0.854463212580382,KXHIGHNY-26JUL02-B99.5,,,1.0
,,0.5177954803450979,t_plus_0h,okc,okc:2026-07-02,,KXHIGHTOKC-26JUL02,0.7311572717790936,bracket,raycaster_cloudcaster,,0.04997458298547468,2026-07-02T06:00:00+00:00,2026-07-02,0.0,0.4985000134595181,KXHIGHTOKC-26JUL02-B93.5,0.4813516129964769,KXHIGHTOKC-26JUL02-B95.5,,,1.0
,,0.5177954803450979,t_plus_1h,okc,okc:2026-07-02,,KXHIGHTOKC-26JUL02,0.7311572717790936,bracket,raycaster_cloudcaster,,0.04997458298547468,2026-07-02T07:00:00+00:00,2026-07-02,0.0,0.4985000134595181,KXHIGHTOKC-26JUL02-B93.5,0.4813516129964769,KXHIGHTOKC-26JUL02-B95.5,,,1.0
,,0.5177954803450979,t_plus_2h,okc,okc:2026-07-02,,KXHIGHTOKC-26JUL02,0.7311572717790936,bracket,raycaster_cloudcaster,,0.04997458298547468,2026-07-02T08:00:00+00:00,2026-07-02,0.0,0.4985000134595181,KXHIGHTOKC-26JUL02-B93.5,0.4813516129964769,KXHIGHTOKC-26JUL02-B95.5,,,1.0
,,0.14722081390077077,t_plus_3h,okc,okc:2026-07-02,,KXHIGHTOKC-26JUL02,0.34155888484583485,bracket,raycaster_cloudcaster,,0.012831792591892478,2026-07-02T09:00:00+00:00,2026-07-02,1.0,0.7106616191878644,KXHIGHTOKC-26JUL02-B95.5,0.7106616191878644,KXHIGHTOKC-26JUL02-B95.5,,,1.0
,,0.14722081390077077,t_plus_4h,okc,okc:2026-07-02,,KXHIGHTOKC-26JUL02,0.34155888484583485,bracket,raycaster_cloudcaster,,0.012831792591892478,2026-07-02T10:00:00+00:00,2026-07-02,1.0,0.7106616191878644,KXHIGHTOKC-26JUL02-B95.5,0.7106616191878644,KXHIGHTOKC-26JUL02-B95.5,,,1.0
,,0.2182820589338901,t_plus_5h,okc,okc:2026-07-02,,KXHIGHTOKC-26JUL02,0.42566661495698005,bracket,raycaster_cloudcaster,,0.01977287133492745,2026-07-02T11:00:00+00:00,2026-07-02,1.0,0.6533341176400239,KXHIGHTOKC-26JUL02-B95.5,0.6533341176400239,KXHIGHTOKC-26JUL02-B95.5,,,1.0
,,0.14722081390077077,t_plus_6h,okc,okc:2026-07-02,,KXHIGHTOKC-26JUL02,0.34155888484583485,bracket,raycaster_cloudcaster,,0.012831792591892478,2026-07-02T12:00:00+00:00,2026-07-02,1.0,0.7106616191878644,KXHIGHTOKC-26JUL02-B95.5,0.7106616191878644,KXHIGHTOKC-26JUL02-B95.5,,,1.0
,,0.06638355195029942,t_plus_7h,okc,okc:2026-07-02,,KXHIGHTOKC-26JUL02,0.2242124078667401,bracket,raycaster_cloudcaster,,0.005305764370994342,2026-07-02T13:00:00+00:00,2026-07-02,1.0,0.7991453715769352,KXHIGHTOKC-26JUL02-B95.5,0.7991453715769352,KXHIGHTOKC-26JUL02-B95.5,,,1.0
,,1.276174940719985,t_plus_8h,okc,okc:2026-07-02,,KXHIGHTOKC-26JUL02,1.6134458698316252,bracket,raycaster_cloudcaster,,0.12729997909247687,2026-07-02T14:00:00+00:00,2026-07-02,0.0,0.7968000509952009,KXHIGHTOKC-26JUL02-B93.5,0.1992000127488032,KXHIGHTOKC-26JUL02-B95.5,,,1.0
,,1.5927484026368124,t_plus_9h,okc,okc:2026-07-02,,KXHIGHTOKC-26JUL02,2.352634938704409,bracket,raycaster_cloudcaster,,0.16278160891582408,2026-07-02T15:00:00+00:00,2026-07-02,0.0,0.879449325215721,KXHIGHTOKC-26JUL02-B93.5,0.09511820109760215,KXHIGHTOKC-26JUL02-B95.5,,,1.0
,,1.6048586466725625,t_plus_10h,okc,okc:2026-07-02,,KXHIGHTOKC-26JUL02,2.4020033046823737,bracket,raycaster_cloudcaster,,0.16446231264698505,2026-07-02T16:00:00+00:00,2026-07-02,0.0,0.8815386267427203,KXHIGHTOKC-26JUL02-B93.5,0.09053639950330544,KXHIGHTOKC-26JUL02-B95.5,,,1.0
,,1.6048586466725625,t_plus_11h,okc,okc:2026-07-02,,KXHIGHTOKC-26JUL02,2.4020033046823737,bracket,raycaster_cloudcaster,,0.16446231264698505,2026-07-02T17:00:00+00:00,2026-07-02,0.0,0.8815386267427203,KXHIGHTOKC-26JUL02-B93.5,0.09053639950330544,KXHIGHTOKC-26JUL02-B95.5,,,1.0
,,1.5807012998876706,t_plus_12h,okc,okc:2026-07-02,,KXHIGHTOKC-26JUL02,2.3055895750143445,bracket,raycaster_cloudcaster,,0.1611117873696366,2026-07-02T18:00:00+00:00,2026-07-02,0.0,0.8773600236887212,KXHIGHTOKC-26JUL02-B93.5,0.09970000269190005,KXHIGHTOKC-26JUL02-B95.5,,,1.0
,,1.6366443004107973,t_plus_13h,okc,okc:2026-07-02,,KXHIGHTOKC-26JUL02,2.379246317559757,bracket,raycaster_cloudcaster,,0.16358461759366008,2026-07-02T19:00:00+00:00,2026-07-02,0.0,0.9018297971792536,KXHIGHTOKC-26JUL02-B93.5,0.09262035754813862,KXHIGHTOKC-26JUL02-B95.5,,,1.0
,,1.6366443004107973,t_plus_14h,okc,okc:2026-07-02,,KXHIGHTOKC-26JUL02,2.379246317559757,bracket,raycaster_cloudcaster,,0.16358461759366008,2026-07-02T20:00:00+00:00,2026-07-02,0.0,0.9018297971792536,KXHIGHTOKC-26JUL02-B93.5,0.09262035754813862,KXHIGHTOKC-26JUL02-B95.5,,,1.0
,,1.6366443004107973,t_plus_15h,okc,okc:2026-07-02,,KXHIGHTOKC-26JUL02,2.379246317559757,bracket,raycaster_cloudcaster,,0.16358461759366008,2026-07-02T21:00:00+00:00,2026-07-02,0.0,0.9018297971792536,KXHIGHTOKC-26JUL02-B93.5,0.09262035754813862,KXHIGHTOKC-26JUL02-B95.5,,,1.0
,,0.17455669574508909,t_plus_16h,okc,okc:2026-07-02,,KXHIGHTOKC-26JUL02,0.37437332056942957,bracket,raycaster_cloudcaster,,0.015546422859649666,2026-07-02T22:00:00+00:00,2026-07-02,1.0,0.6877201238316041,KXHIGHTOKC-26JUL02-B95.5,0.6877201238316041,KXHIGHTOKC-26JUL02-B95.5,,,1.0
,,0.17455669574508909,t_plus_17h,okc,okc:2026-07-02,,KXHIGHTOKC-26JUL02,0.37437332056942957,bracket,raycaster_cloudcaster,,0.015546422859649666,2026-07-02T23:00:00+00:00,2026-07-02,1.0,0.6877201238316041,KXHIGHTOKC-26JUL02-B95.5,0.6877201238316041,KXHIGHTOKC-26JUL02-B95.5,,,1.0
,,0.17455669574508909,t_plus_18h,okc,okc:2026-07-02,,KXHIGHTOKC-26JUL02,0.37437332056942957,bracket,raycaster_cloudcaster,,0.015546422859649666,2026-07-03T00:00:00+00:00,2026-07-02,1.0,0.6877201238316041,KXHIGHTOKC-26JUL02-B95.5,0.6877201238316041,KXHIGHTOKC-26JUL02-B95.5,,,1.0
,,0.17455669574508909,t_plus_19h,okc,okc:2026-07-02,,KXHIGHTOKC-26JUL02,0.37437332056942957,bracket,raycaster_cloudcaster,,0.015546422859649666,2026-07-03T01:00:00+00:00,2026-07-02,1.0,0.6877201238316041,KXHIGHTOKC-26JUL02-B95.5,0.6877201238316041,KXHIGHTOKC-26JUL02-B95.5,,,1.0
,,0.17455669574508909,t_plus_20h,okc,okc:2026-07-02,,KXHIGHTOKC-26JUL02,0.37437332056942957,bracket,raycaster_cloudcaster,,0.015546422859649666,2026-07-03T02:00:00+00:00,2026-07-02,1.0,0.6877201238316041,KXHIGHTOKC-26JUL02-B95.5,0.6877201238316041,KXHIGHTOKC-26JUL02-B95.5,,,1.0
,,0.17455669574508909,t_plus_21h,okc,okc:2026-07-02,,KXHIGHTOKC-26JUL02,0.37437332056942957,bracket,raycaster_cloudcaster,,0.015546422859649666,2026-07-03T03:00:00+00:00,2026-07-02,1.0,0.6877201238316041,KXHIGHTOKC-26JUL02-B95.5,0.6877201238316041,KXHIGHTOKC-26JUL02-B95.5,,,1.0
,,0.17455669574508909,t_plus_22h,okc,okc:2026-07-02,,KXHIGHTOKC-26JUL02,0.37437332056942957,bracket,raycaster_cloudcaster,,0.015546422859649666,2026-07-03T04:00:00+00:00,2026-07-02,1.0,0.6877201238316041,KXHIGHTOKC-26JUL02-B95.5,0.6877201238316041,KXHIGHTOKC-26JUL02-B95.5,,,1.0
,,0.17455669574508909,t_plus_23h,okc,okc:2026-07-02,,KXHIGHTOKC-26JUL02,0.37437332056942957,bracket,raycaster_cloudcaster,,0.015546422859649666,2026-07-03T05:00:00+00:00,2026-07-02,1.0,0.6877201238316041,KXHIGHTOKC-26JUL02-B95.5,0.6877201238316041,KXHIGHTOKC-26JUL02-B95.5,,,1.0
,,0.795771310395064,t_plus_0h,aus,aus:2026-07-03,,KXHIGHAUS-26JUL03,1.556753411405934,bracket,raycaster_cloudcaster,,0.09460319520537515,2026-07-03T06:00:00+00:00,2026-07-03,0.0,0.34991968370562315,KXHIGHAUS-26JUL03-B96.5,0.21081940522473688,KXHIGHAUS-26JUL03-B98.5,,,1.0
,,0.9150032704471122,t_plus_1h,aus,aus:2026-07-03,,KXHIGHAUS-26JUL03,1.8891291620626496,bracket,raycaster_cloudcaster,,0.11615987663924772,2026-07-03T07:00:00+00:00,2026-07-03,0.0,0.34991968370562315,KXHIGHAUS-26JUL03-B96.5,0.15120342519871277,KXHIGHAUS-26JUL03-B98.5,,,1.0
,,0.7799907491177719,t_plus_2h,aus,aus:2026-07-03,,KXHIGHAUS-26JUL03,1.4955226512671718,bracket,raycaster_cloudcaster,,0.08624034879508867,2026-07-03T08:00:00+00:00,2026-07-03,0.0,0.3698815272097972,KXHIGHAUS-26JUL03-B96.5,0.22413143153613796,KXHIGHAUS-26JUL03-B98.5,,,1.0
,,0.7799907491177719,t_plus_3h,aus,aus:2026-07-03,,KXHIGHAUS-26JUL03,1.4955226512671718,bracket,raycaster_cloudcaster,,0.08624034879508867,2026-07-03T09:00:00+00:00,2026-07-03,0.0,0.3698815272097972,KXHIGHAUS-26JUL03-B96.5,0.22413143153613796,KXHIGHAUS-26JUL03-B98.5,,,1.0
,,0.7799907491177719,t_plus_4h,aus,aus:2026-07-03,,KXHIGHAUS-26JUL03,1.4955226512671718,bracket,raycaster_cloudcaster,,0.08624034879508867,2026-07-03T10:00:00+00:00,2026-07-03,0.0,0.3698815272097972,KXHIGHAUS-26JUL03-B96.5,0.22413143153613796,KXHIGHAUS-26JUL03-B98.5,,,1.0
,,0.7799907491177719,t_plus_5h,aus,aus:2026-07-03,,KXHIGHAUS-26JUL03,1.4955226512671718,bracket,raycaster_cloudcaster,,0.08624034879508867,2026-07-03T11:00:00+00:00,2026-07-03,0.0,0.3698815272097972,KXHIGHAUS-26JUL03-B96.5,0.22413143153613796,KXHIGHAUS-26JUL03-B98.5,,,1.0
,,0.7799907491177719,t_plus_6h,aus,aus:2026-07-03,,KXHIGHAUS-26JUL03,1.4955226512671718,bracket,raycaster_cloudcaster,,0.08624034879508867,2026-07-03T12:00:00+00:00,2026-07-03,0.0,0.3698815272097972,KXHIGHAUS-26JUL03-B96.5,0.22413143153613796,KXHIGHAUS-26JUL03-B98.5,,,1.0
,,0.7799907491177719,t_plus_7h,aus,aus:2026-07-03,,KXHIGHAUS-26JUL03,1.4955226512671718,bracket,raycaster_cloudcaster,,0.08624034879508867,2026-07-03T13:00:00+00:00,2026-07-03,0.0,0.3698815272097972,KXHIGHAUS-26JUL03-B96.5,0.22413143153613796,KXHIGHAUS-26JUL03-B98.5,,,1.0
,,0.789003863015072,t_plus_8h,aus,aus:2026-07-03,,KXHIGHAUS-26JUL03,1.534766566358081,bracket,raycaster_cloudcaster,,0.09180648960208937,2026-07-03T14:00:00+00:00,2026-07-03,0.0,0.3556470628281073,KXHIGHAUS-26JUL03-B96.5,0.2155059916470874,KXHIGHAUS-26JUL03-B98.5,,,1.0
,,0.7935588797593636,t_plus_9h,aus,aus:2026-07-03,,KXHIGHAUS-26JUL03,1.5512498457318669,bracket,raycaster_cloudcaster,,0.09422988769760406,2026-07-03T15:00:00+00:00,2026-07-03,0.0,0.34983288295007403,KXHIGHAUS-26JUL03-B96.5,0.21198286231131752,KXHIGHAUS-26JUL03-B98.5,,,1.0
,,0.7935588797593636,t_plus_10h,aus,aus:2026-07-03,,KXHIGHAUS-26JUL03,1.5512498457318669,bracket,raycaster_cloudcaster,,0.09422988769760406,2026-07-03T16:00:00+00:00,2026-07-03,0.0,0.34983288295007403,KXHIGHAUS-26JUL03-B96.5,0.21198286231131752,KXHIGHAUS-26JUL03-B98.5,,,1.0
,,0.7935588797593636,t_plus_11h,aus,aus:2026-07-03,,KXHIGHAUS-26JUL03,1.5512498457318669,bracket,raycaster_cloudcaster,,0.09422988769760406,2026-07-03T17:00:00+00:00,2026-07-03,0.0,0.34983288295007403,KXHIGHAUS-26JUL03-B96.5,0.21198286231131752,KXHIGHAUS-26JUL03-B98.5,,,1.0
,,0.8757058670549345,t_plus_12h,aus,aus:2026-07-03,,KXHIGHAUS-26JUL03,1.759096388736024,bracket,raycaster_cloudcaster,,0.10398430111920853,2026-07-03T18:00:00+00:00,2026-07-03,0.0,0.3674939391619938,KXHIGHAUS-26JUL03-B96.5,0.17220039575953228,KXHIGHAUS-26JUL03-B98.5,,,1.0
,,0.8998659039229755,t_plus_13h,aus,aus:2026-07-03,,KXHIGHAUS-26JUL03,1.8276622068053399,bracket,raycaster_cloudcaster,,0.10697820926118004,2026-07-03T19:00:00+00:00,2026-07-03,0.0,0.3721029667383191,KXHIGHAUS-26JUL03-B96.5,0.1607890202163337,KXHIGHAUS-26JUL03-B98.5,,,1.0
,,0.7799907491177719,t_plus_14h,aus,aus:2026-07-03,,KXHIGHAUS-26JUL03,1.4955226512671718,bracket,raycaster_cloudcaster,,0.08624034879508867,2026-07-03T20:00:00+00:00,2026-07-03,0.0,0.3698815272097972,KXHIGHAUS-26JUL03-B96.5,0.22413143153613796,KXHIGHAUS-26JUL03-B98.5,,,1.0
,,0.764980790587915,t_plus_15h,aus,aus:2026-07-03,,KXHIGHAUS-26JUL03,1.4626010017944415,bracket,raycaster_cloudcaster,,0.08458075980575926,2026-07-03T21:00:00+00:00,2026-07-03,0.0,0.36630528196675544,KXHIGHAUS-26JUL03-B96.5,0.23163301264543376,KXHIGHAUS-26JUL03-B98.5,,,1.0
,,0.8928297073289457,t_plus_16h,aus,aus:2026-07-03,,KXHIGHAUS-26JUL03,1.772515265586357,bracket,raycaster_cloudcaster,,0.09871648537082739,2026-07-03T22:00:00+00:00,2026-07-03,0.0,0.39573296800865326,KXHIGHAUS-26JUL03-B96.5,0.16990509447994803,KXHIGHAUS-26JUL03-B98.5,,,1.0
,,0.4014807055174587,t_plus_17h,aus,aus:2026-07-03,,KXHIGHAUS-26JUL03,0.8637407144492234,bracket,raycaster_cloudcaster,,0.05085422269887809,2026-07-03T23:00:00+00:00,2026-07-03,1.0,0.421582110755656,KXHIGHAUS-26JUL03-B98.5,0.421582110755656,KXHIGHAUS-26JUL03-B98.5,,,1.0
,,0.4014807055174587,t_plus_18h,aus,aus:2026-07-03,,KXHIGHAUS-26JUL03,0.8637407144492234,bracket,raycaster_cloudcaster,,0.05085422269887809,2026-07-04T00:00:00+00:00,2026-07-03,1.0,0.421582110755656,KXHIGHAUS-26JUL03-B98.5,0.421582110755656,KXHIGHAUS-26JUL03-B98.5,,,1.0
,,0.4014807055174587,t_plus_19h,aus,aus:2026-07-03,,KXHIGHAUS-26JUL03,0.8637407144492234,bracket,raycaster_cloudcaster,,0.05085422269887809,2026-07-04T01:00:00+00:00,2026-07-03,1.0,0.421582110755656,KXHIGHAUS-26JUL03-B98.5,0.421582110755656,KXHIGHAUS-26JUL03-B98.5,,,1.0
,,0.4014807055174587,t_plus_20h,aus,aus:2026-07-03,,KXHIGHAUS-26JUL03,0.8637407144492234,bracket,raycaster_cloudcaster,,0.05085422269887809,2026-07-04T02:00:00+00:00,2026-07-03,1.0,0.421582110755656,KXHIGHAUS-26JUL03-B98.5,0.421582110755656,KXHIGHAUS-26JUL03-B98.5,,,1.0
,,0.4014807055174587,t_plus_21h,aus,aus:2026-07-03,,KXHIGHAUS-26JUL03,0.8637407144492234,bracket,raycaster_cloudcaster,,0.05085422269887809,2026-07-04T03:00:00+00:00,2026-07-03,1.0,0.421582110755656,KXHIGHAUS-26JUL03-B98.5,0.421582110755656,KXHIGHAUS-26JUL03-B98.5,,,1.0
,,0.4014807055174587,t_plus_22h,aus,aus:2026-07-03,,KXHIGHAUS-26JUL03,0.8637407144492234,bracket,raycaster_cloudcaster,,0.05085422269887809,2026-07-04T04:00:00+00:00,2026-07-03,1.0,0.421582110755656,KXHIGHAUS-26JUL03-B98.5,0.421582110755656,KXHIGHAUS-26JUL03-B98.5,,,1.0
,,0.4014807055174587,t_plus_23h,aus,aus:2026-07-03,,KXHIGHAUS-26JUL03,0.8637407144492234,bracket,raycaster_cloudcaster,,0.05085422269887809,2026-07-04T05:00:00+00:00,2026-07-03,1.0,0.421582110755656,KXHIGHAUS-26JUL03-B98.5,0.421582110755656,KXHIGHAUS-26JUL03-B98.5,,,1.0
,,0.5688015808867757,t_plus_0h,den,den:2026-07-03,,KXHIGHDEN-26JUL03,1.1156862062184685,bracket,raycaster_cloudcaster,,0.06747871167090808,2026-07-03T07:00:00+00:00,2026-07-03,1.0,0.32769033858262564,KXHIGHDEN-26JUL03-B90.5,0.32769033858262564,KXHIGHDEN-26JUL03-B90.5,,,1.0
,,0.5755336657993873,t_plus_1h,den,den:2026-07-03,,KXHIGHDEN-26JUL03,1.1300620372327184,bracket,raycaster_cloudcaster,,0.0696308141960186,2026-07-03T08:00:00+00:00,2026-07-03,1.0,0.3230132169545515,KXHIGHDEN-26JUL03-B90.5,0.3230132169545515,KXHIGHDEN-26JUL03-B90.5,,,1.0
,,0.7620818247372673,t_plus_2h,den,den:2026-07-03,,KXHIGHDEN-26JUL03,1.479420628586849,bracket,raycaster_cloudcaster,,0.09049219483644819,2026-07-03T09:00:00+00:00,2026-07-03,0.0,0.3428245015713243,KXHIGHDEN-26JUL03-B92.5,0.2277696133661095,KXHIGHDEN-26JUL03-B90.5,,,1.0
,,0.7620818247372673,t_plus_3h,den,den:2026-07-03,,KXHIGHDEN-26JUL03,1.479420628586849,bracket,raycaster_cloudcaster,,0.09049219483644819,2026-07-03T10:00:00+00:00,2026-07-03,0.0,0.3428245015713243,KXHIGHDEN-26JUL03-B92.5,0.2277696133661095,KXHIGHDEN-26JUL03-B90.5,,,1.0
,,0.7620818247372673,t_plus_4h,den,den:2026-07-03,,KXHIGHDEN-26JUL03,1.479420628586849,bracket,raycaster_cloudcaster,,0.09049219483644819,2026-07-03T11:00:00+00:00,2026-07-03,0.0,0.3428245015713243,KXHIGHDEN-26JUL03-B92.5,0.2277696133661095,KXHIGHDEN-26JUL03-B90.5,,,1.0
,,0.6002924208176754,t_plus_5h,den,den:2026-07-03,,KXHIGHDEN-26JUL03,1.163037624319113,bracket,raycaster_cloudcaster,,0.07174055586859832,2026-07-03T12:00:00+00:00,2026-07-03,1.0,0.3125353724663396,KXHIGHDEN-26JUL03-B90.5,0.3125353724663396,KXHIGHDEN-26JUL03-B90.5,,,1.0
,,0.5689875966757447,t_plus_6h,den,den:2026-07-03,,KXHIGHDEN-26JUL03,1.121294954650613,bracket,raycaster_cloudcaster,,0.06910238690942293,2026-07-03T13:00:00+00:00,2026-07-03,1.0,0.3258575505380674,KXHIGHDEN-26JUL03-B90.5,0.3258575505380674,KXHIGHDEN-26JUL03-B90.5,,,1.0
,,0.5689875966757447,t_plus_7h,den,den:2026-07-03,,KXHIGHDEN-26JUL03,1.121294954650613,bracket,raycaster_cloudcaster,,0.06910238690942293,2026-07-03T14:00:00+00:00,2026-07-03,1.0,0.3258575505380674,KXHIGHDEN-26JUL03-B90.5,0.3258575505380674,KXHIGHDEN-26JUL03-B90.5,,,1.0
,,0.5429239988794415,t_plus_8h,den,den:2026-07-03,,KXHIGHDEN-26JUL03,1.1012055086781143,bracket,raycaster_cloudcaster,,0.062741899200826,2026-07-03T15:00:00+00:00,2026-07-03,1.0,0.33247004649347073,KXHIGHDEN-26JUL03-B90.5,0.33247004649347073,KXHIGHDEN-26JUL03-B90.5,,,1.0
,,0.5434160699946702,t_plus_9h,den,den:2026-07-03,,KXHIGHDEN-26JUL03,1.10212475133675,bracket,raycaster_cloudcaster,,0.06271273716520284,2026-07-03T16:00:00+00:00,2026-07-03,1.0,0.33216456627075247,KXHIGHDEN-26JUL03-B90.5,0.33216456627075247,KXHIGHDEN-26JUL03-B90.5,,,1.0
,,0.5176577996340426,t_plus_10h,den,den:2026-07-03,,KXHIGHDEN-26JUL03,1.0501783832975704,bracket,raycaster_cloudcaster,,0.05575258154934246,2026-07-03T17:00:00+00:00,2026-07-03,1.0,0.34987533162880824,KXHIGHDEN-26JUL03-B90.5,0.34987533162880824,KXHIGHDEN-26JUL03-B90.5,,,1.0
,,0.49087076577960903,t_plus_11h,den,den:2026-07-03,,KXHIGHDEN-26JUL03,0.9978203686074634,bracket,raycaster_cloudcaster,,0.05727499115418022,2026-07-03T18:00:00+00:00,2026-07-03,1.0,0.3686821572448701,KXHIGHDEN-26JUL03-B90.5,0.3686821572448701,KXHIGHDEN-26JUL03-B90.5,,,1.0
,,0.6003220020348561,t_plus_12h,den,den:2026-07-03,,KXHIGHDEN-26JUL03,1.1631044347926414,bracket,raycaster_cloudcaster,,0.06221348178572683,2026-07-03T19:00:00+00:00,2026-07-03,1.0,0.3125144925276178,KXHIGHDEN-26JUL03-B90.5,0.3125144925276178,KXHIGHDEN-26JUL03-B90.5,,,1.0
,,0.5171090850739837,t_plus_13h,den,den:2026-07-03,,KXHIGHDEN-26JUL03,1.0492101035735668,bracket,raycaster_cloudcaster,,0.0557649627731683,2026-07-03T20:00:00+00:00,2026-07-03,1.0,0.35021427288684565,KXHIGHDEN-26JUL03-B90.5,0.35021427288684565,KXHIGHDEN-26JUL03-B90.5,,,1.0
,,0.7349630571104553,t_plus_14h,den,den:2026-07-03,,KXHIGHDEN-26JUL03,1.5128921996232185,bracket,raycaster_cloudcaster,,0.08303281519054698,2026-07-03T21:00:00+00:00,2026-07-03,1.0,0.2202719852502198,KXHIGHDEN-26JUL03-B90.5,0.2202719852502198,KXHIGHDEN-26JUL03-B90.5,,,1.0
,,0.7285340115714126,t_plus_15h,den,den:2026-07-03,,KXHIGHDEN-26JUL03,1.4993755295070648,bracket,raycaster_cloudcaster,,0.08266542087138248,2026-07-03T22:00:00+00:00,2026-07-03,1.0,0.22326954186488154,KXHIGHDEN-26JUL03-B90.5,0.22326954186488154,KXHIGHDEN-26JUL03-B90.5,,,1.0
,,0.6671816547325222,t_plus_16h,den,den:2026-07-03,,KXHIGHDEN-26JUL03,1.3690074378265846,bracket,raycaster_cloudcaster,,0.08465249019186528,2026-07-03T23:00:00+00:00,2026-07-03,1.0,0.25435930172078247,KXHIGHDEN-26JUL03-B90.5,0.25435930172078247,KXHIGHDEN-26JUL03-B90.5,,,1.0
,,0.4014807055174587,t_plus_17h,den,den:2026-07-03,,KXHIGHDEN-26JUL03,0.8637407144492234,bracket,raycaster_cloudcaster,,0.05085422269887809,2026-07-04T00:00:00+00:00,2026-07-03,1.0,0.421582110755656,KXHIGHDEN-26JUL03-B90.5,0.421582110755656,KXHIGHDEN-26JUL03-B90.5,,,1.0
,,0.404335728126293,t_plus_18h,den,den:2026-07-03,,KXHIGHDEN-26JUL03,0.8686223345383525,bracket,raycaster_cloudcaster,,0.05121585889599711,2026-07-04T01:00:00+00:00,2026-07-03,1.0,0.4195291220868663,KXHIGHDEN-26JUL03-B90.5,0.4195291220868663,KXHIGHDEN-26JUL03-B90.5,,,1.0
,,0.404335728126293,t_plus_19h,den,den:2026-07-03,,KXHIGHDEN-26JUL03,0.8686223345383525,bracket,raycaster_cloudcaster,,0.05121585889599711,2026-07-04T02:00:00+00:00,2026-07-03,1.0,0.4195291220868663,KXHIGHDEN-26JUL03-B90.5,0.4195291220868663,KXHIGHDEN-26JUL03-B90.5,,,1.0
,,0.4014807055174587,t_plus_20h,den,den:2026-07-03,,KXHIGHDEN-26JUL03,0.8637407144492234,bracket,raycaster_cloudcaster,,0.05085422269887809,2026-07-04T03:00:00+00:00,2026-07-03,1.0,0.421582110755656,KXHIGHDEN-26JUL03-B90.5,0.421582110755656,KXHIGHDEN-26JUL03-B90.5,,,1.0
,,0.555638010503669,t_plus_21h,den,den:2026-07-03,,KXHIGHDEN-26JUL03,1.140886301556329,bracket,raycaster_cloudcaster,,0.07038081466379806,2026-07-04T04:00:00+00:00,2026-07-03,1.0,0.31953569129621195,KXHIGHDEN-26JUL03-B90.5,0.31953569129621195,KXHIGHDEN-26JUL03-B90.5,,,1.0
,,0.555638010503669,t_plus_22h,den,den:2026-07-03,,KXHIGHDEN-26JUL03,1.140886301556329,bracket,raycaster_cloudcaster,,0.07038081466379806,2026-07-04T05:00:00+00:00,2026-07-03,1.0,0.31953569129621195,KXHIGHDEN-26JUL03-B90.5,0.31953569129621195,KXHIGHDEN-26JUL03-B90.5,,,1.0
,,0.555638010503669,t_plus_23h,den,den:2026-07-03,,KXHIGHDEN-26JUL03,1.140886301556329,bracket,raycaster_cloudcaster,,0.07038081466379806,2026-07-04T06:00:00+00:00,2026-07-03,1.0,0.31953569129621195,KXHIGHDEN-26JUL03-B90.5,0.31953569129621195,KXHIGHDEN-26JUL03-B90.5,,,1.0
,,0.6192477720390068,t_plus_0h,la,la:2026-07-03,,KXHIGHLAX-26JUL03,1.192656188921833,bracket,raycaster_cloudcaster,,0.08583095194832333,2026-07-03T08:00:00+00:00,2026-07-03,0.0,0.3059812249110135,KXHIGHLAX-26JUL03-B71.5,0.3034142671578983,KXHIGHLAX-26JUL03-B73.5,,,1.0
,,0.6831606185245078,t_plus_1h,la,la:2026-07-03,,KXHIGHLAX-26JUL03,1.3178767577212314,bracket,raycaster_cloudcaster,,0.092533823351475,2026-07-03T09:00:00+00:00,2026-07-03,0.0,0.3164938416003824,KXHIGHLAX-26JUL03-B71.5,0.2677030975035723,KXHIGHLAX-26JUL03-B73.5,,,1.0
,,0.6242332041894642,t_plus_2h,la,la:2026-07-03,,KXHIGHLAX-26JUL03,1.2039791363774894,bracket,raycaster_cloudcaster,,0.08455212944116876,2026-07-03T10:00:00+00:00,2026-07-03,0.0,0.30253615655030214,KXHIGHLAX-26JUL03-B71.5,0.2999981003905482,KXHIGHLAX-26JUL03-B73.5,,,1.0
,,0.55541376333193,t_plus_3h,la,la:2026-07-03,,KXHIGHLAX-26JUL03,1.112558876408483,bracket,raycaster_cloudcaster,,0.07438007522337833,2026-07-03T11:00:00+00:00,2026-07-03,1.0,0.32871673845584737,KXHIGHLAX-26JUL03-B73.5,0.32871673845584737,KXHIGHLAX-26JUL03-B73.5,,,1.0
,,0.55541376333193,t_plus_4h,la,la:2026-07-03,,KXHIGHLAX-26JUL03,1.112558876408483,bracket,raycaster_cloudcaster,,0.07438007522337833,2026-07-03T12:00:00+00:00,2026-07-03,1.0,0.32871673845584737,KXHIGHLAX-26JUL03-B73.5,0.32871673845584737,KXHIGHLAX-26JUL03-B73.5,,,1.0
,,0.49559049967607816,t_plus_5h,la,la:2026-07-03,,KXHIGHLAX-26JUL03,1.0042263084822067,bracket,raycaster_cloudcaster,,0.07135397394776914,2026-07-03T13:00:00+00:00,2026-07-03,1.0,0.36632795001825336,KXHIGHLAX-26JUL03-B73.5,0.36632795001825336,KXHIGHLAX-26JUL03-B73.5,,,1.0
,,0.49559049967607816,t_plus_6h,la,la:2026-07-03,,KXHIGHLAX-26JUL03,1.0042263084822067,bracket,raycaster_cloudcaster,,0.07135397394776914,2026-07-03T14:00:00+00:00,2026-07-03,1.0,0.36632795001825336,KXHIGHLAX-26JUL03-B73.5,0.36632795001825336,KXHIGHLAX-26JUL03-B73.5,,,1.0
,,0.4988217017458758,t_plus_7h,la,la:2026-07-03,,KXHIGHLAX-26JUL03,1.0085866345669776,bracket,raycaster_cloudcaster,,0.0711394944583138,2026-07-03T15:00:00+00:00,2026-07-03,1.0,0.3647341180409999,KXHIGHLAX-26JUL03-B73.5,0.3647341180409999,KXHIGHLAX-26JUL03-B73.5,,,1.0
,,0.49559049967607816,t_plus_8h,la,la:2026-07-03,,KXHIGHLAX-26JUL03,1.0042263084822067,bracket,raycaster_cloudcaster,,0.07135397394776914,2026-07-03T16:00:00+00:00,2026-07-03,1.0,0.36632795001825336,KXHIGHLAX-26JUL03-B73.5,0.36632795001825336,KXHIGHLAX-26JUL03-B73.5,,,1.0
,,0.49559049967607816,t_plus_9h,la,la:2026-07-03,,KXHIGHLAX-26JUL03,1.0042263084822067,bracket,raycaster_cloudcaster,,0.07135397394776914,2026-07-03T17:00:00+00:00,2026-07-03,1.0,0.36632795001825336,KXHIGHLAX-26JUL03-B73.5,0.36632795001825336,KXHIGHLAX-26JUL03-B73.5,,,1.0
,,0.49559049967607816,t_plus_10h,la,la:2026-07-03,,KXHIGHLAX-26JUL03,1.0042263084822067,bracket,raycaster_cloudcaster,,0.07135397394776914,2026-07-03T18:00:00+00:00,2026-07-03,1.0,0.36632795001825336,KXHIGHLAX-26JUL03-B73.5,0.36632795001825336,KXHIGHLAX-26JUL03-B73.5,,,1.0
,,0.4475216410520357,t_plus_11h,la,la:2026-07-03,,KXHIGHLAX-26JUL03,0.9364725331610443,bracket,raycaster_cloudcaster,,0.07574251004339132,2026-07-03T19:00:00+00:00,2026-07-03,1.0,0.39200819524967184,KXHIGHLAX-26JUL03-B73.5,0.39200819524967184,KXHIGHLAX-26JUL03-B73.5,,,1.0
,,0.4014807055174587,t_plus_12h,la,la:2026-07-03,,KXHIGHLAX-26JUL03,0.8637407144492234,bracket,raycaster_cloudcaster,,0.08297267914027479,2026-07-03T20:00:00+00:00,2026-07-03,1.0,0.421582110755656,KXHIGHLAX-26JUL03-B73.5,0.421582110755656,KXHIGHLAX-26JUL03-B73.5,,,1.0
,,0.45923317462259783,t_plus_13h,la,la:2026-07-03,,KXHIGHLAX-26JUL03,0.9639666714908836,bracket,raycaster_cloudcaster,,0.09490818942200357,2026-07-03T21:00:00+00:00,2026-07-03,1.0,0.3813770840119983,KXHIGHLAX-26JUL03-B73.5,0.3813770840119983,KXHIGHLAX-26JUL03-B73.5,,,1.0
,,0.4014807055174587,t_plus_14h,la,la:2026-07-03,,KXHIGHLAX-26JUL03,0.8637407144492234,bracket,raycaster_cloudcaster,,0.08297267914027479,2026-07-03T22:00:00+00:00,2026-07-03,1.0,0.421582110755656,KXHIGHLAX-26JUL03-B73.5,0.421582110755656,KXHIGHLAX-26JUL03-B73.5,,,1.0
,,0.4014807055174587,t_plus_15h,la,la:2026-07-03,,KXHIGHLAX-26JUL03,0.8637407144492234,bracket,raycaster_cloudcaster,,0.08297267914027479,2026-07-03T23:00:00+00:00,2026-07-03,1.0,0.421582110755656,KXHIGHLAX-26JUL03-B73.5,0.421582110755656,KXHIGHLAX-26JUL03-B73.5,,,1.0
,,0.4014807055174587,t_plus_16h,la,la:2026-07-03,,KXHIGHLAX-26JUL03,0.8637407144492234,bracket,raycaster_cloudcaster,,0.08297267914027479,2026-07-04T00:00:00+00:00,2026-07-03,1.0,0.421582110755656,KXHIGHLAX-26JUL03-B73.5,0.421582110755656,KXHIGHLAX-26JUL03-B73.5,,,1.0
,,0.4014807055174587,t_plus_17h,la,la:2026-07-03,,KXHIGHLAX-26JUL03,0.8637407144492234,bracket,raycaster_cloudcaster,,0.08297267914027479,2026-07-04T01:00:00+00:00,2026-07-03,1.0,0.421582110755656,KXHIGHLAX-26JUL03-B73.5,0.421582110755656,KXHIGHLAX-26JUL03-B73.5,,,1.0
,,0.4014807055174587,t_plus_18h,la,la:2026-07-03,,KXHIGHLAX-26JUL03,0.8637407144492234,bracket,raycaster_cloudcaster,,0.08297267914027479,2026-07-04T02:00:00+00:00,2026-07-03,1.0,0.421582110755656,KXHIGHLAX-26JUL03-B73.5,0.421582110755656,KXHIGHLAX-26JUL03-B73.5,,,1.0
,,0.4014807055174587,t_plus_19h,la,la:2026-07-03,,KXHIGHLAX-26JUL03,0.8637407144492234,bracket,raycaster_cloudcaster,,0.08297267914027479,2026-07-04T03:00:00+00:00,2026-07-03,1.0,0.421582110755656,KXHIGHLAX-26JUL03-B73.5,0.421582110755656,KXHIGHLAX-26JUL03-B73.5,,,1.0
,,0.4014807055174587,t_plus_20h,la,la:2026-07-03,,KXHIGHLAX-26JUL03,0.8637407144492234,bracket,raycaster_cloudcaster,,0.08297267914027479,2026-07-04T04:00:00+00:00,2026-07-03,1.0,0.421582110755656,KXHIGHLAX-26JUL03-B73.5,0.421582110755656,KXHIGHLAX-26JUL03-B73.5,,,1.0
,,0.4014807055174587,t_plus_21h,la,la:2026-07-03,,KXHIGHLAX-26JUL03,0.8637407144492234,bracket,raycaster_cloudcaster,,0.08297267914027479,2026-07-04T05:00:00+00:00,2026-07-03,1.0,0.421582110755656,KXHIGHLAX-26JUL03-B73.5,0.421582110755656,KXHIGHLAX-26JUL03-B73.5,,,1.0
,,0.4014807055174587,t_plus_22h,la,la:2026-07-03,,KXHIGHLAX-26JUL03,0.8637407144492234,bracket,raycaster_cloudcaster,,0.08297267914027479,2026-07-04T06:00:00+00:00,2026-07-03,1.0,0.421582110755656,KXHIGHLAX-26JUL03-B73.5,0.421582110755656,KXHIGHLAX-26JUL03-B73.5,,,1.0
,,0.4014807055174587,t_plus_23h,la,la:2026-07-03,,KXHIGHLAX-26JUL03,0.8637407144492234,bracket,raycaster_cloudcaster,,0.08297267914027479,2026-07-04T07:00:00+00:00,2026-07-03,1.0,0.421582110755656,KXHIGHLAX-26JUL03-B73.5,0.421582110755656,KXHIGHLAX-26JUL03-B73.5,,,1.0
,,0.5226288720499227,t_plus_0h,mia,mia:2026-07-03,,KXHIGHMIA-26JUL03,1.058664320403594,bracket,raycaster_cloudcaster,,0.06643949703869559,2026-07-03T05:00:00+00:00,2026-07-03,1.0,0.34691887347012207,KXHIGHMIA-26JUL03-B90.5,0.34691887347012207,KXHIGHMIA-26JUL03-B90.5,,,1.0
,,0.6644065226142818,t_plus_1h,mia,mia:2026-07-03,,KXHIGHMIA-26JUL03,1.3246298737117863,bracket,raycaster_cloudcaster,,0.07740108710238029,2026-07-03T06:00:00+00:00,2026-07-03,1.0,0.2659013579604516,KXHIGHMIA-26JUL03-B90.5,0.2659013579604516,KXHIGHMIA-26JUL03-B90.5,,,1.0
,,0.48764833100353633,t_plus_2h,mia,mia:2026-07-03,,KXHIGHMIA-26JUL03,0.9934204283135781,bracket,raycaster_cloudcaster,,0.057025118306538905,2026-07-03T07:00:00+00:00,2026-07-03,1.0,0.37030791071044866,KXHIGHMIA-26JUL03-B90.5,0.37030791071044866,KXHIGHMIA-26JUL03-B90.5,,,1.0
,,0.48764833100353633,t_plus_3h,mia,mia:2026-07-03,,KXHIGHMIA-26JUL03,0.9934204283135781,bracket,raycaster_cloudcaster,,0.057025118306538905,2026-07-03T08:00:00+00:00,2026-07-03,1.0,0.37030791071044866,KXHIGHMIA-26JUL03-B90.5,0.37030791071044866,KXHIGHMIA-26JUL03-B90.5,,,1.0
,,0.48764833100353633,t_plus_4h,mia,mia:2026-07-03,,KXHIGHMIA-26JUL03,0.9934204283135781,bracket,raycaster_cloudcaster,,0.057025118306538905,2026-07-03T09:00:00+00:00,2026-07-03,1.0,0.37030791071044866,KXHIGHMIA-26JUL03-B90.5,0.37030791071044866,KXHIGHMIA-26JUL03-B90.5,,,1.0
,,0.7081610607576198,t_plus_5h,mia,mia:2026-07-03,,KXHIGHMIA-26JUL03,1.4506752564411003,bracket,raycaster_cloudcaster,,0.08618130043785141,2026-07-03T10:00:00+00:00,2026-07-03,1.0,0.2344119464624914,KXHIGHMIA-26JUL03-B90.5,0.2344119464624914,KXHIGHMIA-26JUL03-B90.5,,,1.0
,,0.7081610607576198,t_plus_6h,mia,mia:2026-07-03,,KXHIGHMIA-26JUL03,1.4506752564411003,bracket,raycaster_cloudcaster,,0.08618130043785141,2026-07-03T11:00:00+00:00,2026-07-03,1.0,0.2344119464624914,KXHIGHMIA-26JUL03-B90.5,0.2344119464624914,KXHIGHMIA-26JUL03-B90.5,,,1.0
,,0.5174436895527263,t_plus_7h,mia,mia:2026-07-03,,KXHIGHMIA-26JUL03,1.0495361260272165,bracket,raycaster_cloudcaster,,0.06503748813345783,2026-07-03T12:00:00+00:00,2026-07-03,1.0,0.35010011378052314,KXHIGHMIA-26JUL03-B90.5,0.35010011378052314,KXHIGHMIA-26JUL03-B90.5,,,1.0
,,0.5227145492125238,t_plus_8h,mia,mia:2026-07-03,,KXHIGHMIA-26JUL03,1.0587900581055167,bracket,raycaster_cloudcaster,,0.06644606102715954,2026-07-03T13:00:00+00:00,2026-07-03,1.0,0.34687525543049175,KXHIGHMIA-26JUL03-B90.5,0.34687525543049175,KXHIGHMIA-26JUL03-B90.5,,,1.0
,,0.5088122517689712,t_plus_9h,mia,mia:2026-07-03,,KXHIGHMIA-26JUL03,1.033945337392672,bracket,raycaster_cloudcaster,,0.0627066381257447,2026-07-03T14:00:00+00:00,2026-07-03,1.0,0.3556012225370204,KXHIGHMIA-26JUL03-B90.5,0.3556012225370204,KXHIGHMIA-26JUL03-B90.5,,,1.0
,,0.4885886324312896,t_plus_10h,mia,mia:2026-07-03,,KXHIGHMIA-26JUL03,0.9947065811045268,bracket,raycaster_cloudcaster,,0.057097927776299115,2026-07-03T15:00:00+00:00,2026-07-03,1.0,0.36983194430594934,KXHIGHMIA-26JUL03-B90.5,0.36983194430594934,KXHIGHMIA-26JUL03-B90.5,,,1.0
,,0.5176577996340426,t_plus_11h,mia,mia:2026-07-03,,KXHIGHMIA-26JUL03,1.0501783832975704,bracket,raycaster_cloudcaster,,0.05575258154934246,2026-07-03T16:00:00+00:00,2026-07-03,1.0,0.34987533162880824,KXHIGHMIA-26JUL03-B90.5,0.34987533162880824,KXHIGHMIA-26JUL03-B90.5,,,1.0
,,0.48764833100353633,t_plus_12h,mia,mia:2026-07-03,,KXHIGHMIA-26JUL03,0.9934204283135781,bracket,raycaster_cloudcaster,,0.057025118306538905,2026-07-03T17:00:00+00:00,2026-07-03,1.0,0.37030791071044866,KXHIGHMIA-26JUL03-B90.5,0.37030791071044866,KXHIGHMIA-26JUL03-B90.5,,,1.0
,,0.4885886324312896,t_plus_13h,mia,mia:2026-07-03,,KXHIGHMIA-26JUL03,0.9947065811045268,bracket,raycaster_cloudcaster,,0.057097927776299115,2026-07-03T18:00:00+00:00,2026-07-03,1.0,0.36983194430594934,KXHIGHMIA-26JUL03-B90.5,0.36983194430594934,KXHIGHMIA-26JUL03-B90.5,,,1.0
,,0.4419032705906807,t_plus_14h,mia,mia:2026-07-03,,KXHIGHMIA-26JUL03,0.9281096803369132,bracket,raycaster_cloudcaster,,0.05360322256517162,2026-07-03T19:00:00+00:00,2026-07-03,1.0,0.3953002483839015,KXHIGHMIA-26JUL03-B90.5,0.3953002483839015,KXHIGHMIA-26JUL03-B90.5,,,1.0
,,0.48764833100353633,t_plus_15h,mia,mia:2026-07-03,,KXHIGHMIA-26JUL03,0.9934204283135781,bracket,raycaster_cloudcaster,,0.057025118306538905,2026-07-03T20:00:00+00:00,2026-07-03,1.0,0.37030791071044866,KXHIGHMIA-26JUL03-B90.5,0.37030791071044866,KXHIGHMIA-26JUL03-B90.5,,,1.0
,,0.6314716370842091,t_plus_16h,mia,mia:2026-07-03,,KXHIGHMIA-26JUL03,1.2631573624333805,bracket,raycaster_cloudcaster,,0.0740698808601715,2026-07-03T21:00:00+00:00,2026-07-03,1.0,0.28275984031020496,KXHIGHMIA-26JUL03-B90.5,0.28275984031020496,KXHIGHMIA-26JUL03-B90.5,,,1.0
,,0.6314716370842091,t_plus_17h,mia,mia:2026-07-03,,KXHIGHMIA-26JUL03,1.2631573624333805,bracket,raycaster_cloudcaster,,0.0740698808601715,2026-07-03T22:00:00+00:00,2026-07-03,1.0,0.28275984031020496,KXHIGHMIA-26JUL03-B90.5,0.28275984031020496,KXHIGHMIA-26JUL03-B90.5,,,1.0
,,0.6312767367415311,t_plus_18h,mia,mia:2026-07-03,,KXHIGHMIA-26JUL03,1.2627659594344969,bracket,raycaster_cloudcaster,,0.07404701958768678,2026-07-03T23:00:00+00:00,2026-07-03,1.0,0.28287053502137405,KXHIGHMIA-26JUL03-B90.5,0.28287053502137405,KXHIGHMIA-26JUL03-B90.5,,,1.0
,,0.4014807055174587,t_plus_19h,mia,mia:2026-07-03,,KXHIGHMIA-26JUL03,0.8637407144492234,bracket,raycaster_cloudcaster,,0.05085422269887809,2026-07-04T00:00:00+00:00,2026-07-03,1.0,0.421582110755656,KXHIGHMIA-26JUL03-B90.5,0.421582110755656,KXHIGHMIA-26JUL03-B90.5,,,1.0
,,0.4014807055174587,t_plus_20h,mia,mia:2026-07-03,,KXHIGHMIA-26JUL03,0.8637407144492234,bracket,raycaster_cloudcaster,,0.05085422269887809,2026-07-04T01:00:00+00:00,2026-07-03,1.0,0.421582110755656,KXHIGHMIA-26JUL03-B90.5,0.421582110755656,KXHIGHMIA-26JUL03-B90.5,,,1.0
,,0.4014807055174587,t_plus_21h,mia,mia:2026-07-03,,KXHIGHMIA-26JUL03,0.8637407144492234,bracket,raycaster_cloudcaster,,0.05085422269887809,2026-07-04T02:00:00+00:00,2026-07-03,1.0,0.421582110755656,KXHIGHMIA-26JUL03-B90.5,0.421582110755656,KXHIGHMIA-26JUL03-B90.5,,,1.0
,,0.4014807055174587,t_plus_22h,mia,mia:2026-07-03,,KXHIGHMIA-26JUL03,0.8637407144492234,bracket,raycaster_cloudcaster,,0.05085422269887809,2026-07-04T03:00:00+00:00,2026-07-03,1.0,0.421582110755656,KXHIGHMIA-26JUL03-B90.5,0.421582110755656,KXHIGHMIA-26JUL03-B90.5,,,1.0
,,0.4014807055174587,t_plus_23h,mia,mia:2026-07-03,,KXHIGHMIA-26JUL03,0.8637407144492234,bracket,raycaster_cloudcaster,,0.05085422269887809,2026-07-04T04:00:00+00:00,2026-07-03,1.0,0.421582110755656,KXHIGHMIA-26JUL03-B90.5,0.421582110755656,KXHIGHMIA-26JUL03-B90.5,,,1.0
,,0.795771310395064,t_plus_0h,nyc,nyc:2026-07-03,,KXHIGHNY-26JUL03,1.556753411405934,bracket,raycaster_cloudcaster,,0.13072114941162835,2026-07-03T05:00:00+00:00,2026-07-03,0.0,0.34991968370562315,KXHIGHNY-26JUL03-B100.5,0.21081940522473688,KXHIGHNY-26JUL03-B98.5,,,1.0
,,0.795771310395064,t_plus_1h,nyc,nyc:2026-07-03,,KXHIGHNY-26JUL03,1.556753411405934,bracket,raycaster_cloudcaster,,0.13072114941162835,2026-07-03T06:00:00+00:00,2026-07-03,0.0,0.34991968370562315,KXHIGHNY-26JUL03-B100.5,0.21081940522473688,KXHIGHNY-26JUL03-B98.5,,,1.0
,,0.7909578367454264,t_plus_2h,nyc,nyc:2026-07-03,,KXHIGHNY-26JUL03,1.5392814990421153,bracket,raycaster_cloudcaster,,0.1280584460424099,2026-07-03T07:00:00+00:00,2026-07-03,0.0,0.35608717176535787,KXHIGHNY-26JUL03-B100.5,0.21453518980339972,KXHIGHNY-26JUL03-B98.5,,,1.0
,,0.7954919470306402,t_plus_3h,nyc,nyc:2026-07-03,,KXHIGHNY-26JUL03,1.5557850088781384,bracket,raycaster_cloudcaster,,0.13057290582995554,2026-07-03T08:00:00+00:00,2026-07-03,0.0,0.35025871094277083,KXHIGHNY-26JUL03-B100.5,0.21102366215516605,KXHIGHNY-26JUL03-B98.5,,,1.0
,,0.7974536722267046,t_plus_4h,nyc,nyc:2026-07-03,,KXHIGHNY-26JUL03,1.5624833058100815,bracket,raycaster_cloudcaster,,0.13159978812593495,2026-07-03T09:00:00+00:00,2026-07-03,0.0,0.3479204141397531,KXHIGHNY-26JUL03-B100.5,0.2096148864726131,KXHIGHNY-26JUL03-B98.5,,,1.0
,,0.7974536722267046,t_plus_5h,nyc,nyc:2026-07-03,,KXHIGHNY-26JUL03,1.5624833058100815,bracket,raycaster_cloudcaster,,0.13159978812593495,2026-07-03T10:00:00+00:00,2026-07-03,0.0,0.3479204141397531,KXHIGHNY-26JUL03-B100.5,0.2096148864726131,KXHIGHNY-26JUL03-B98.5,,,1.0
,,0.7974536722267046,t_plus_6h,nyc,nyc:2026-07-03,,KXHIGHNY-26JUL03,1.5624833058100815,bracket,raycaster_cloudcaster,,0.13159978812593495,2026-07-03T11:00:00+00:00,2026-07-03,0.0,0.3479204141397531,KXHIGHNY-26JUL03-B100.5,0.2096148864726131,KXHIGHNY-26JUL03-B98.5,,,1.0
,,0.7974536722267046,t_plus_7h,nyc,nyc:2026-07-03,,KXHIGHNY-26JUL03,1.5624833058100815,bracket,raycaster_cloudcaster,,0.13159978812593495,2026-07-03T12:00:00+00:00,2026-07-03,0.0,0.3479204141397531,KXHIGHNY-26JUL03-B100.5,0.2096148864726131,KXHIGHNY-26JUL03-B98.5,,,1.0
,,0.7974536722267046,t_plus_8h,nyc,nyc:2026-07-03,,KXHIGHNY-26JUL03,1.5624833058100815,bracket,raycaster_cloudcaster,,0.13159978812593495,2026-07-03T13:00:00+00:00,2026-07-03,0.0,0.3479204141397531,KXHIGHNY-26JUL03-B100.5,0.2096148864726131,KXHIGHNY-26JUL03-B98.5,,,1.0
,,0.7974536722267046,t_plus_9h,nyc,nyc:2026-07-03,,KXHIGHNY-26JUL03,1.5624833058100815,bracket,raycaster_cloudcaster,,0.13159978812593495,2026-07-03T14:00:00+00:00,2026-07-03,0.0,0.3479204141397531,KXHIGHNY-26JUL03-B100.5,0.2096148864726131,KXHIGHNY-26JUL03-B98.5,,,1.0
,,0.7909578367454264,t_plus_10h,nyc,nyc:2026-07-03,,KXHIGHNY-26JUL03,1.5392814990421153,bracket,raycaster_cloudcaster,,0.1280584460424099,2026-07-03T15:00:00+00:00,2026-07-03,0.0,0.35608717176535787,KXHIGHNY-26JUL03-B100.5,0.21453518980339972,KXHIGHNY-26JUL03-B98.5,,,1.0
,,0.7909578367454264,t_plus_11h,nyc,nyc:2026-07-03,,KXHIGHNY-26JUL03,1.5392814990421153,bracket,raycaster_cloudcaster,,0.1280584460424099,2026-07-03T16:00:00+00:00,2026-07-03,0.0,0.35608717176535787,KXHIGHNY-26JUL03-B100.5,0.21453518980339972,KXHIGHNY-26JUL03-B98.5,,,1.0
,,0.7909578367454264,t_plus_12h,nyc,nyc:2026-07-03,,KXHIGHNY-26JUL03,1.5392814990421153,bracket,raycaster_cloudcaster,,0.1280584460424099,2026-07-03T17:00:00+00:00,2026-07-03,0.0,0.35608717176535787,KXHIGHNY-26JUL03-B100.5,0.21453518980339972,KXHIGHNY-26JUL03-B98.5,,,1.0
,,0.7819998638206073,t_plus_13h,nyc,nyc:2026-07-03,,KXHIGHNY-26JUL03,1.4999880533476009,bracket,raycaster_cloudcaster,,0.12217413407525199,2026-07-03T18:00:00+00:00,2026-07-03,0.0,0.37035759470542384,KXHIGHNY-26JUL03-B100.5,0.2231328258228158,KXHIGHNY-26JUL03-B98.5,,,1.0
,,0.6083113902725324,t_plus_14h,nyc,nyc:2026-07-03,,KXHIGHNY-26JUL03,1.240369095258917,bracket,raycaster_cloudcaster,,0.11911794302846723,2026-07-03T19:00:00+00:00,2026-07-03,1.0,0.2892774273053746,KXHIGHNY-26JUL03-B98.5,0.2892774273053746,KXHIGHNY-26JUL03-B98.5,,,1.0
,,0.6212640936607217,t_plus_15h,nyc,nyc:2026-07-03,,KXHIGHNY-26JUL03,1.2625589049804546,bracket,raycaster_cloudcaster,,0.11901419969235469,2026-07-03T20:00:00+00:00,2026-07-03,1.0,0.28292911068953475,KXHIGHNY-26JUL03-B98.5,0.28292911068953475,KXHIGHNY-26JUL03-B98.5,,,1.0
,,0.5794121045528531,t_plus_16h,nyc,nyc:2026-07-03,,KXHIGHNY-26JUL03,1.1870152496902722,bracket,raycaster_cloudcaster,,0.1197451682742563,2026-07-03T21:00:00+00:00,2026-07-03,1.0,0.3051306450413064,KXHIGHNY-26JUL03-B98.5,0.3051306450413064,KXHIGHNY-26JUL03-B98.5,,,1.0
,,0.5794121045528531,t_plus_17h,nyc,nyc:2026-07-03,,KXHIGHNY-26JUL03,1.1870152496902722,bracket,raycaster_cloudcaster,,0.1197451682742563,2026-07-03T22:00:00+00:00,2026-07-03,1.0,0.3051306450413064,KXHIGHNY-26JUL03-B98.5,0.3051306450413064,KXHIGHNY-26JUL03-B98.5,,,1.0
,,0.4014807055174587,t_plus_18h,nyc,nyc:2026-07-03,,KXHIGHNY-26JUL03,0.8637407144492234,bracket,raycaster_cloudcaster,,0.08297267914027476,2026-07-03T23:00:00+00:00,2026-07-03,1.0,0.421582110755656,KXHIGHNY-26JUL03-B98.5,0.421582110755656,KXHIGHNY-26JUL03-B98.5,,,1.0
,,0.4014807055174587,t_plus_19h,nyc,nyc:2026-07-03,,KXHIGHNY-26JUL03,0.8637407144492234,bracket,raycaster_cloudcaster,,0.08297267914027476,2026-07-04T00:00:00+00:00,2026-07-03,1.0,0.421582110755656,KXHIGHNY-26JUL03-B98.5,0.421582110755656,KXHIGHNY-26JUL03-B98.5,,,1.0
,,0.4014807055174587,t_plus_20h,nyc,nyc:2026-07-03,,KXHIGHNY-26JUL03,0.8637407144492234,bracket,raycaster_cloudcaster,,0.08297267914027476,2026-07-04T01:00:00+00:00,2026-07-03,1.0,0.421582110755656,KXHIGHNY-26JUL03-B98.5,0.421582110755656,KXHIGHNY-26JUL03-B98.5,,,1.0
,,0.4014807055174587,t_plus_21h,nyc,nyc:2026-07-03,,KXHIGHNY-26JUL03,0.8637407144492234,bracket,raycaster_cloudcaster,,0.08297267914027476,2026-07-04T02:00:00+00:00,2026-07-03,1.0,0.421582110755656,KXHIGHNY-26JUL03-B98.5,0.421582110755656,KXHIGHNY-26JUL03-B98.5,,,1.0
,,0.4014807055174587,t_plus_22h,nyc,nyc:2026-07-03,,KXHIGHNY-26JUL03,0.8637407144492234,bracket,raycaster_cloudcaster,,0.08297267914027476,2026-07-04T03:00:00+00:00,2026-07-03,1.0,0.421582110755656,KXHIGHNY-26JUL03-B98.5,0.421582110755656,KXHIGHNY-26JUL03-B98.5,,,1.0
,,0.4014807055174587,t_plus_23h,nyc,nyc:2026-07-03,,KXHIGHNY-26JUL03,0.8637407144492234,bracket,raycaster_cloudcaster,,0.08297267914027476,2026-07-04T04:00:00+00:00,2026-07-03,1.0,0.421582110755656,KXHIGHNY-26JUL03-B98.5,0.421582110755656,KXHIGHNY-26JUL03-B98.5,,,1.0
,,0.6982070161259313,t_plus_0h,okc,okc:2026-07-03,,KXHIGHTOKC-26JUL03,1.3526828862896427,bracket,raycaster_cloudcaster,,0.07446731370109758,2026-07-03T06:00:00+00:00,2026-07-03,0.0,0.3056674220981489,KXHIGHTOKC-26JUL03-B93.5,0.2585456806610656,KXHIGHTOKC-26JUL03-B95.5,,,1.0
,,0.6274051460560407,t_plus_1h,okc,okc:2026-07-03,,KXHIGHTOKC-26JUL03,1.2173334841109165,bracket,raycaster_cloudcaster,,0.061702714282550086,2026-07-03T07:00:00+00:00,2026-07-03,0.0,0.2985228407649925,KXHIGHTOKC-26JUL03-B93.5,0.29601845337715027,KXHIGHTOKC-26JUL03-B95.5,,,1.0
,,0.6221240931563525,t_plus_2h,okc,okc:2026-07-03,,KXHIGHTOKC-26JUL03,1.204054876981949,bracket,raycaster_cloudcaster,,0.06043660427312177,2026-07-03T08:00:00+00:00,2026-07-03,0.0,0.3025132431466826,KXHIGHTOKC-26JUL03-B93.5,0.2999753792135566,KXHIGHTOKC-26JUL03-B95.5,,,1.0
,,0.6274051460560407,t_plus_3h,okc,okc:2026-07-03,,KXHIGHTOKC-26JUL03,1.2173334841109165,bracket,raycaster_cloudcaster,,0.061702714282550086,2026-07-03T09:00:00+00:00,2026-07-03,0.0,0.2985228407649925,KXHIGHTOKC-26JUL03-B93.5,0.29601845337715027,KXHIGHTOKC-26JUL03-B95.5,,,1.0
,,0.5314092405061849,t_plus_4h,okc,okc:2026-07-03,,KXHIGHTOKC-26JUL03,1.069539583626793,bracket,raycaster_cloudcaster,,0.057143957490953426,2026-07-03T10:00:00+00:00,2026-07-03,1.0,0.3431664805178839,KXHIGHTOKC-26JUL03-B95.5,0.3431664805178839,KXHIGHTOKC-26JUL03-B95.5,,,1.0
,,0.531924262867081,t_plus_5h,okc,okc:2026-07-03,,KXHIGHTOKC-26JUL03,1.0704856353342806,bracket,raycaster_cloudcaster,,0.05723309646929774,2026-07-03T11:00:00+00:00,2026-07-03,1.0,0.3428419808039942,KXHIGHTOKC-26JUL03-B95.5,0.3428419808039942,KXHIGHTOKC-26JUL03-B95.5,,,1.0
,,0.5314092405061849,t_plus_6h,okc,okc:2026-07-03,,KXHIGHTOKC-26JUL03,1.069539583626793,bracket,raycaster_cloudcaster,,0.057143957490953426,2026-07-03T12:00:00+00:00,2026-07-03,1.0,0.3431664805178839,KXHIGHTOKC-26JUL03-B95.5,0.3431664805178839,KXHIGHTOKC-26JUL03-B95.5,,,1.0
,,0.5484532078156734,t_plus_7h,okc,okc:2026-07-03,,KXHIGHTOKC-26JUL03,1.1060000959715142,bracket,raycaster_cloudcaster,,0.057282600282122474,2026-07-03T13:00:00+00:00,2026-07-03,1.0,0.3308798051549547,KXHIGHTOKC-26JUL03-B95.5,0.3308798051549547,KXHIGHTOKC-26JUL03-B95.5,,,1.0
,,0.531924262867081,t_plus_8h,okc,okc:2026-07-03,,KXHIGHTOKC-26JUL03,1.0704856353342806,bracket,raycaster_cloudcaster,,0.05723309646929774,2026-07-03T14:00:00+00:00,2026-07-03,1.0,0.3428419808039942,KXHIGHTOKC-26JUL03-B95.5,0.3428419808039942,KXHIGHTOKC-26JUL03-B95.5,,,1.0
,,0.5562053345571638,t_plus_9h,okc,okc:2026-07-03,,KXHIGHTOKC-26JUL03,1.121344240150342,bracket,raycaster_cloudcaster,,0.057446295863515295,2026-07-03T15:00:00+00:00,2026-07-03,1.0,0.3258414908816061,KXHIGHTOKC-26JUL03-B95.5,0.3258414908816061,KXHIGHTOKC-26JUL03-B95.5,,,1.0
,,0.5318843204525896,t_plus_10h,okc,okc:2026-07-03,,KXHIGHTOKC-26JUL03,1.0704123411034963,bracket,raycaster_cloudcaster,,0.05382304683483542,2026-07-03T16:00:00+00:00,2026-07-03,1.0,0.3428671100641615,KXHIGHTOKC-26JUL03-B95.5,0.3428671100641615,KXHIGHTOKC-26JUL03-B95.5,,,1.0
,,0.5318843204525896,t_plus_11h,okc,okc:2026-07-03,,KXHIGHTOKC-26JUL03,1.0704123411034963,bracket,raycaster_cloudcaster,,0.05382304683483542,2026-07-03T17:00:00+00:00,2026-07-03,1.0,0.3428671100641615,KXHIGHTOKC-26JUL03-B95.5,0.3428671100641615,KXHIGHTOKC-26JUL03-B95.5,,,1.0
,,0.5318843204525896,t_plus_12h,okc,okc:2026-07-03,,KXHIGHTOKC-26JUL03,1.0704123411034963,bracket,raycaster_cloudcaster,,0.05382304683483542,2026-07-03T18:00:00+00:00,2026-07-03,1.0,0.3428671100641615,KXHIGHTOKC-26JUL03-B95.5,0.3428671100641615,KXHIGHTOKC-26JUL03-B95.5,,,1.0
,,0.5318843204525896,t_plus_13h,okc,okc:2026-07-03,,KXHIGHTOKC-26JUL03,1.0704123411034963,bracket,raycaster_cloudcaster,,0.05382304683483542,2026-07-03T19:00:00+00:00,2026-07-03,1.0,0.3428671100641615,KXHIGHTOKC-26JUL03-B95.5,0.3428671100641615,KXHIGHTOKC-26JUL03-B95.5,,,1.0
,,0.5941685323928506,t_plus_14h,okc,okc:2026-07-03,,KXHIGHTOKC-26JUL03,1.130632049258241,bracket,raycaster_cloudcaster,,0.05739452343831618,2026-07-03T20:00:00+00:00,2026-07-03,0.0,0.32282914800222673,KXHIGHTOKC-26JUL03-B93.5,0.32282914800222673,KXHIGHTOKC-26JUL03-B95.5,,,1.0
,,0.48849055777045336,t_plus_15h,okc,okc:2026-07-03,,KXHIGHTOKC-26JUL03,0.9945725213480632,bracket,raycaster_cloudcaster,,0.057090329660356834,2026-07-03T21:00:00+00:00,2026-07-03,1.0,0.3698815272097972,KXHIGHTOKC-26JUL03-B95.5,0.3698815272097972,KXHIGHTOKC-26JUL03-B95.5,,,1.0
,,0.4014807055174587,t_plus_16h,okc,okc:2026-07-03,,KXHIGHTOKC-26JUL03,0.8637407144492234,bracket,raycaster_cloudcaster,,0.05085422269887809,2026-07-03T22:00:00+00:00,2026-07-03,1.0,0.421582110755656,KXHIGHTOKC-26JUL03-B95.5,0.421582110755656,KXHIGHTOKC-26JUL03-B95.5,,,1.0
,,0.4014807055174587,t_plus_17h,okc,okc:2026-07-03,,KXHIGHTOKC-26JUL03,0.8637407144492234,bracket,raycaster_cloudcaster,,0.05085422269887809,2026-07-03T23:00:00+00:00,2026-07-03,1.0,0.421582110755656,KXHIGHTOKC-26JUL03-B95.5,0.421582110755656,KXHIGHTOKC-26JUL03-B95.5,,,1.0
,,0.4014807055174587,t_plus_18h,okc,okc:2026-07-03,,KXHIGHTOKC-26JUL03,0.8637407144492234,bracket,raycaster_cloudcaster,,0.05085422269887809,2026-07-04T00:00:00+00:00,2026-07-03,1.0,0.421582110755656,KXHIGHTOKC-26JUL03-B95.5,0.421582110755656,KXHIGHTOKC-26JUL03-B95.5,,,1.0
,,0.4014807055174587,t_plus_19h,okc,okc:2026-07-03,,KXHIGHTOKC-26JUL03,0.8637407144492234,bracket,raycaster_cloudcaster,,0.05085422269887809,2026-07-04T01:00:00+00:00,2026-07-03,1.0,0.421582110755656,KXHIGHTOKC-26JUL03-B95.5,0.421582110755656,KXHIGHTOKC-26JUL03-B95.5,,,1.0
,,0.4014807055174587,t_plus_20h,okc,okc:2026-07-03,,KXHIGHTOKC-26JUL03,0.8637407144492234,bracket,raycaster_cloudcaster,,0.05085422269887809,2026-07-04T02:00:00+00:00,2026-07-03,1.0,0.421582110755656,KXHIGHTOKC-26JUL03-B95.5,0.421582110755656,KXHIGHTOKC-26JUL03-B95.5,,,1.0
,,0.4014807055174587,t_plus_21h,okc,okc:2026-07-03,,KXHIGHTOKC-26JUL03,0.8637407144492234,bracket,raycaster_cloudcaster,,0.05085422269887809,2026-07-04T03:00:00+00:00,2026-07-03,1.0,0.421582110755656,KXHIGHTOKC-26JUL03-B95.5,0.421582110755656,KXHIGHTOKC-26JUL03-B95.5,,,1.0
,,0.4014807055174587,t_plus_22h,okc,okc:2026-07-03,,KXHIGHTOKC-26JUL03,0.8637407144492234,bracket,raycaster_cloudcaster,,0.05085422269887809,2026-07-04T04:00:00+00:00,2026-07-03,1.0,0.421582110755656,KXHIGHTOKC-26JUL03-B95.5,0.421582110755656,KXHIGHTOKC-26JUL03-B95.5,,,1.0
,,0.4014807055174587,t_plus_23h,okc,okc:2026-07-03,,KXHIGHTOKC-26JUL03,0.8637407144492234,bracket,raycaster_cloudcaster,,0.05085422269887809,2026-07-04T05:00:00+00:00,2026-07-03,1.0,0.421582110755656,KXHIGHTOKC-26JUL03-B95.5,0.421582110755656,KXHIGHTOKC-26JUL03-B95.5,,,1.0
,,0.40959189014904757,t_plus_0h,aus,aus:2026-07-04,,KXHIGHAUS-26JUL04,0.8544750694818739,bracket,raycaster_cloudcaster,,0.04727876394462774,2026-07-04T06:00:00+00:00,2026-07-04,1.0,0.4255064938122005,KXHIGHAUS-26JUL04-B97.5,0.4255064938122005,KXHIGHAUS-26JUL04-B97.5,,,1.0
,,0.40959189014904757,t_plus_1h,aus,aus:2026-07-04,,KXHIGHAUS-26JUL04,0.8544750694818739,bracket,raycaster_cloudcaster,,0.04727876394462774,2026-07-04T07:00:00+00:00,2026-07-04,1.0,0.4255064938122005,KXHIGHAUS-26JUL04-B97.5,0.4255064938122005,KXHIGHAUS-26JUL04-B97.5,,,1.0
,,0.40959189014904757,t_plus_2h,aus,aus:2026-07-04,,KXHIGHAUS-26JUL04,0.8544750694818739,bracket,raycaster_cloudcaster,,0.04727876394462774,2026-07-04T08:00:00+00:00,2026-07-04,1.0,0.4255064938122005,KXHIGHAUS-26JUL04-B97.5,0.4255064938122005,KXHIGHAUS-26JUL04-B97.5,,,1.0
,,0.40959189014904757,t_plus_3h,aus,aus:2026-07-04,,KXHIGHAUS-26JUL04,0.8544750694818739,bracket,raycaster_cloudcaster,,0.04727876394462774,2026-07-04T09:00:00+00:00,2026-07-04,1.0,0.4255064938122005,KXHIGHAUS-26JUL04-B97.5,0.4255064938122005,KXHIGHAUS-26JUL04-B97.5,,,1.0
,,0.40959189014904757,t_plus_4h,aus,aus:2026-07-04,,KXHIGHAUS-26JUL04,0.8544750694818739,bracket,raycaster_cloudcaster,,0.04727876394462774,2026-07-04T10:00:00+00:00,2026-07-04,1.0,0.4255064938122005,KXHIGHAUS-26JUL04-B97.5,0.4255064938122005,KXHIGHAUS-26JUL04-B97.5,,,1.0
,,0.41166992814221404,t_plus_5h,aus,aus:2026-07-04,,KXHIGHAUS-26JUL04,0.8571775428545483,bracket,raycaster_cloudcaster,,0.04745250292020427,2026-07-04T11:00:00+00:00,2026-07-04,1.0,0.42435812625805347,KXHIGHAUS-26JUL04-B97.5,0.42435812625805347,KXHIGHAUS-26JUL04-B97.5,,,1.0
,,0.41166992814221404,t_plus_6h,aus,aus:2026-07-04,,KXHIGHAUS-26JUL04,0.8571775428545483,bracket,raycaster_cloudcaster,,0.04745250292020427,2026-07-04T12:00:00+00:00,2026-07-04,1.0,0.42435812625805347,KXHIGHAUS-26JUL04-B97.5,0.42435812625805347,KXHIGHAUS-26JUL04-B97.5,,,1.0
,,0.41166992814221404,t_plus_7h,aus,aus:2026-07-04,,KXHIGHAUS-26JUL04,0.8571775428545483,bracket,raycaster_cloudcaster,,0.04745250292020427,2026-07-04T13:00:00+00:00,2026-07-04,1.0,0.42435812625805347,KXHIGHAUS-26JUL04-B97.5,0.42435812625805347,KXHIGHAUS-26JUL04-B97.5,,,1.0
,,0.4417164554211336,t_plus_8h,aus,aus:2026-07-04,,KXHIGHAUS-26JUL04,0.9120206798336704,bracket,raycaster_cloudcaster,,0.046674828317782704,2026-07-04T14:00:00+00:00,2026-07-04,1.0,0.40171167268111385,KXHIGHAUS-26JUL04-B97.5,0.40171167268111385,KXHIGHAUS-26JUL04-B97.5,,,1.0
,,0.41148824815000407,t_plus_9h,aus,aus:2026-07-04,,KXHIGHAUS-26JUL04,0.8569415987068075,bracket,raycaster_cloudcaster,,0.04274748105191252,2026-07-04T15:00:00+00:00,2026-07-04,1.0,0.4244582628873516,KXHIGHAUS-26JUL04-B97.5,0.4244582628873516,KXHIGHAUS-26JUL04-B97.5,,,1.0
,,0.42453510556790364,t_plus_10h,aus,aus:2026-07-04,,KXHIGHAUS-26JUL04,0.8817719999888577,bracket,raycaster_cloudcaster,,0.043341986175996015,2026-07-04T16:00:00+00:00,2026-07-04,1.0,0.41404856718807287,KXHIGHAUS-26JUL04-B97.5,0.41404856718807287,KXHIGHAUS-26JUL04-B97.5,,,1.0
,,0.429688140044535,t_plus_11h,aus,aus:2026-07-04,,KXHIGHAUS-26JUL04,0.8911097191661739,bracket,raycaster_cloudcaster,,0.04360329044806209,2026-07-04T17:00:00+00:00,2026-07-04,1.0,0.41020029295579014,KXHIGHAUS-26JUL04-B97.5,0.41020029295579014,KXHIGHAUS-26JUL04-B97.5,,,1.0
,,0.42425133261089704,t_plus_12h,aus,aus:2026-07-04,,KXHIGHAUS-26JUL04,0.8837011466413442,bracket,raycaster_cloudcaster,,0.046418273499316355,2026-07-04T18:00:00+00:00,2026-07-04,1.0,0.41325057674849164,KXHIGHAUS-26JUL04-B97.5,0.41325057674849164,KXHIGHAUS-26JUL04-B97.5,,,1.0
,,0.40959189014904757,t_plus_13h,aus,aus:2026-07-04,,KXHIGHAUS-26JUL04,0.8544750694818739,bracket,raycaster_cloudcaster,,0.04727876394462774,2026-07-04T19:00:00+00:00,2026-07-04,1.0,0.4255064938122005,KXHIGHAUS-26JUL04-B97.5,0.4255064938122005,KXHIGHAUS-26JUL04-B97.5,,,1.0
,,0.369426351695216,t_plus_14h,aus,aus:2026-07-04,,KXHIGHAUS-26JUL04,0.804674412260003,bracket,raycaster_cloudcaster,,0.04263949711933509,2026-07-04T20:00:00+00:00,2026-07-04,1.0,0.447233516606826,KXHIGHAUS-26JUL04-B97.5,0.447233516606826,KXHIGHAUS-26JUL04-B97.5,,,1.0
,,0.3534254925455888,t_plus_15h,aus,aus:2026-07-04,,KXHIGHAUS-26JUL04,0.7774985029981475,bracket,raycaster_cloudcaster,,0.042713930335541356,2026-07-04T21:00:00+00:00,2026-07-04,1.0,0.45955414799968003,KXHIGHAUS-26JUL04-B97.5,0.45955414799968003,KXHIGHAUS-26JUL04-B97.5,,,1.0
,,0.41048443676765517,t_plus_16h,aus,aus:2026-07-04,,KXHIGHAUS-26JUL04,0.8556368350357602,bracket,raycaster_cloudcaster,,0.047353351923397104,2026-07-04T22:00:00+00:00,2026-07-04,1.0,0.425012442066453,KXHIGHAUS-26JUL04-B97.5,0.425012442066453,KXHIGHAUS-26JUL04-B97.5,,,1.0
,,0.31316931770158685,t_plus_17h,aus,aus:2026-07-04,,KXHIGHAUS-26JUL04,0.715099512239807,bracket,raycaster_cloudcaster,,0.039668113575534326,2026-07-04T23:00:00+00:00,2026-07-04,1.0,0.48914343361566837,KXHIGHAUS-26JUL04-B97.5,0.48914343361566837,KXHIGHAUS-26JUL04-B97.5,,,1.0
,,0.32324153402576195,t_plus_18h,aus,aus:2026-07-04,,KXHIGHAUS-26JUL04,0.7315466097263336,bracket,raycaster_cloudcaster,,0.03974930271686155,2026-07-05T00:00:00+00:00,2026-07-04,1.0,0.48116424102544836,KXHIGHAUS-26JUL04-B97.5,0.48116424102544836,KXHIGHAUS-26JUL04-B97.5,,,1.0
,,0.32324153402576195,t_plus_19h,aus,aus:2026-07-04,,KXHIGHAUS-26JUL04,0.7315466097263336,bracket,raycaster_cloudcaster,,0.03974930271686155,2026-07-05T01:00:00+00:00,2026-07-04,1.0,0.48116424102544836,KXHIGHAUS-26JUL04-B97.5,0.48116424102544836,KXHIGHAUS-26JUL04-B97.5,,,1.0
,,0.32324153402576195,t_plus_20h,aus,aus:2026-07-04,,KXHIGHAUS-26JUL04,0.7315466097263336,bracket,raycaster_cloudcaster,,0.03974930271686155,2026-07-05T02:00:00+00:00,2026-07-04,1.0,0.48116424102544836,KXHIGHAUS-26JUL04-B97.5,0.48116424102544836,KXHIGHAUS-26JUL04-B97.5,,,1.0
,,0.32324153402576195,t_plus_21h,aus,aus:2026-07-04,,KXHIGHAUS-26JUL04,0.7315466097263336,bracket,raycaster_cloudcaster,,0.03974930271686155,2026-07-05T03:00:00+00:00,2026-07-04,1.0,0.48116424102544836,KXHIGHAUS-26JUL04-B97.5,0.48116424102544836,KXHIGHAUS-26JUL04-B97.5,,,1.0
,,0.32324153402576195,t_plus_22h,aus,aus:2026-07-04,,KXHIGHAUS-26JUL04,0.7315466097263336,bracket,raycaster_cloudcaster,,0.03974930271686155,2026-07-05T04:00:00+00:00,2026-07-04,1.0,0.48116424102544836,KXHIGHAUS-26JUL04-B97.5,0.48116424102544836,KXHIGHAUS-26JUL04-B97.5,,,1.0
,,0.32324153402576195,t_plus_23h,aus,aus:2026-07-04,,KXHIGHAUS-26JUL04,0.7315466097263336,bracket,raycaster_cloudcaster,,0.03974930271686155,2026-07-05T05:00:00+00:00,2026-07-04,1.0,0.48116424102544836,KXHIGHAUS-26JUL04-B97.5,0.48116424102544836,KXHIGHAUS-26JUL04-B97.5,,,1.0
,,1.0520953902904924,t_plus_0h,den,den:2026-07-04,,KXHIGHDEN-26JUL04,2.319471762170276,bracket,raycaster_cloudcaster,,0.19439407457884075,2026-07-04T07:00:00+00:00,2026-07-04,0.0,0.3381588314534409,KXHIGHDEN-26JUL04-B89.5,0.09832551114324996,KXHIGHDEN-26JUL04-B91.5,,,1.0
,,1.1128765961263847,t_plus_1h,den,den:2026-07-04,,KXHIGHDEN-26JUL04,2.622162195832547,bracket,raycaster_cloudcaster,,0.20562452608475595,2026-07-04T08:00:00+00:00,2026-07-04,0.0,0.34778967105357417,KXHIGHDEN-26JUL04-B89.5,0.07264561883824251,KXHIGHDEN-26JUL04-B91.5,,,1.0
,,1.0209146260965996,t_plus_2h,den,den:2026-07-04,,KXHIGHDEN-26JUL04,2.1861888453954434,bracket,raycaster_cloudcaster,,0.18910175502930282,2026-07-04T09:00:00+00:00,2026-07-04,0.0,0.3299928090733679,KXHIGHDEN-26JUL04-B89.5,0.1123440944724477,KXHIGHDEN-26JUL04-B91.5,,,1.0
,,0.8195348139250263,t_plus_3h,den,den:2026-07-04,,KXHIGHDEN-26JUL04,1.5501388370732354,bracket,raycaster_cloudcaster,,0.12637198970120528,2026-07-04T10:00:00+00:00,2026-07-04,0.0,0.39820429190971857,KXHIGHDEN-26JUL04-B89.5,0.2122185079847798,KXHIGHDEN-26JUL04-B91.5,,,1.0
,,0.8116961413559702,t_plus_4h,den,den:2026-07-04,,KXHIGHDEN-26JUL04,1.5057974782362937,bracket,raycaster_cloudcaster,,0.11974664568111085,2026-07-04T11:00:00+00:00,2026-07-04,0.0,0.4162585279637946,KXHIGHDEN-26JUL04-B89.5,0.22184031045161431,KXHIGHDEN-26JUL04-B91.5,,,1.0
,,0.8116961413559702,t_plus_5h,den,den:2026-07-04,,KXHIGHDEN-26JUL04,1.5057974782362937,bracket,raycaster_cloudcaster,,0.11974664568111085,2026-07-04T12:00:00+00:00,2026-07-04,0.0,0.4162585279637946,KXHIGHDEN-26JUL04-B89.5,0.22184031045161431,KXHIGHDEN-26JUL04-B91.5,,,1.0
,,0.8116961413559702,t_plus_6h,den,den:2026-07-04,,KXHIGHDEN-26JUL04,1.5057974782362937,bracket,raycaster_cloudcaster,,0.11974664568111085,2026-07-04T13:00:00+00:00,2026-07-04,0.0,0.4162585279637946,KXHIGHDEN-26JUL04-B89.5,0.22184031045161431,KXHIGHDEN-26JUL04-B91.5,,,1.0
,,0.8116961413559702,t_plus_7h,den,den:2026-07-04,,KXHIGHDEN-26JUL04,1.5057974782362937,bracket,raycaster_cloudcaster,,0.11974664568111085,2026-07-04T14:00:00+00:00,2026-07-04,0.0,0.4162585279637946,KXHIGHDEN-26JUL04-B89.5,0.22184031045161431,KXHIGHDEN-26JUL04-B91.5,,,1.0
,,0.8141832286275292,t_plus_8h,den,den:2026-07-04,,KXHIGHDEN-26JUL04,1.522267784126463,bracket,raycaster_cloudcaster,,0.12218307937219353,2026-07-04T15:00:00+00:00,2026-07-04,0.0,0.4094587734115424,KXHIGHDEN-26JUL04-B89.5,0.21821645758247238,KXHIGHDEN-26JUL04-B91.5,,,1.0
,,0.8141832286275292,t_plus_9h,den,den:2026-07-04,,KXHIGHDEN-26JUL04,1.522267784126463,bracket,raycaster_cloudcaster,,0.12218307937219353,2026-07-04T16:00:00+00:00,2026-07-04,0.0,0.4094587734115424,KXHIGHDEN-26JUL04-B89.5,0.21821645758247238,KXHIGHDEN-26JUL04-B91.5,,,1.0
,,0.8116961413559702,t_plus_10h,den,den:2026-07-04,,KXHIGHDEN-26JUL04,1.5057974782362937,bracket,raycaster_cloudcaster,,0.11974664568111085,2026-07-04T17:00:00+00:00,2026-07-04,0.0,0.4162585279637946,KXHIGHDEN-26JUL04-B89.5,0.22184031045161431,KXHIGHDEN-26JUL04-B91.5,,,1.0
,,0.7997387302842672,t_plus_11h,den,den:2026-07-04,,KXHIGHDEN-26JUL04,1.480195179134704,bracket,raycaster_cloudcaster,,0.11798261134127194,2026-07-04T18:00:00+00:00,2026-07-04,0.0,0.41318111927540496,KXHIGHDEN-26JUL04-B89.5,0.22759326259240276,KXHIGHDEN-26JUL04-B91.5,,,1.0
,,1.015317240394286,t_plus_12h,den,den:2026-07-04,,KXHIGHDEN-26JUL04,2.1536270829245177,bracket,raycaster_cloudcaster,,0.1869326767873794,2026-07-04T19:00:00+00:00,2026-07-04,0.0,0.32922482926646657,KXHIGHDEN-26JUL04-B87.5,0.11606242536541765,KXHIGHDEN-26JUL04-B91.5,,,0.0
,,0.9514140438375901,t_plus_13h,den,den:2026-07-04,,KXHIGHDEN-26JUL04,1.8899559989370713,bracket,raycaster_cloudcaster,,0.14684811542834333,2026-07-04T20:00:00+00:00,2026-07-04,0.0,0.4285519523267349,KXHIGHDEN-26JUL04-B89.5,0.1510784563027849,KXHIGHDEN-26JUL04-B91.5,,,1.0
,,0.6687701469424011,t_plus_14h,den,den:2026-07-04,,KXHIGHDEN-26JUL04,1.3052258561763925,bracket,raycaster_cloudcaster,,0.111406219802484,2026-07-04T21:00:00+00:00,2026-07-04,0.0,0.3038553306323458,KXHIGHDEN-26JUL04-B89.5,0.2711112959695639,KXHIGHDEN-26JUL04-B91.5,,,1.0
,,0.7335804024829832,t_plus_15h,den,den:2026-07-04,,KXHIGHDEN-26JUL04,1.4026071326119807,bracket,raycaster_cloudcaster,,0.11561373162617172,2026-07-04T22:00:00+00:00,2026-07-04,0.0,0.35335199423987834,KXHIGHDEN-26JUL04-B89.5,0.24595489030414733,KXHIGHDEN-26JUL04-B91.5,,,1.0
,,0.32324153402576195,t_plus_16h,den,den:2026-07-04,,KXHIGHDEN-26JUL04,0.7315466097263336,bracket,raycaster_cloudcaster,,0.0653037309595512,2026-07-04T23:00:00+00:00,2026-07-04,1.0,0.48116424102544836,KXHIGHDEN-26JUL04-B91.5,0.48116424102544836,KXHIGHDEN-26JUL04-B91.5,,,1.0
,,0.32324153402576195,t_plus_17h,den,den:2026-07-04,,KXHIGHDEN-26JUL04,0.7315466097263336,bracket,raycaster_cloudcaster,,0.0653037309595512,2026-07-05T00:00:00+00:00,2026-07-04,1.0,0.48116424102544836,KXHIGHDEN-26JUL04-B91.5,0.48116424102544836,KXHIGHDEN-26JUL04-B91.5,,,1.0
,,0.43103302070928873,t_plus_18h,den,den:2026-07-04,,KXHIGHDEN-26JUL04,0.9141199030113658,bracket,raycaster_cloudcaster,,0.0870805928573482,2026-07-05T01:00:00+00:00,2026-07-04,1.0,0.40086927472707806,KXHIGHDEN-26JUL04-B91.5,0.40086927472707806,KXHIGHDEN-26JUL04-B91.5,,,1.0
,,0.43103302070928873,t_plus_19h,den,den:2026-07-04,,KXHIGHDEN-26JUL04,0.9141199030113658,bracket,raycaster_cloudcaster,,0.0870805928573482,2026-07-05T02:00:00+00:00,2026-07-04,1.0,0.40086927472707806,KXHIGHDEN-26JUL04-B91.5,0.40086927472707806,KXHIGHDEN-26JUL04-B91.5,,,1.0
,,0.43103302070928873,t_plus_20h,den,den:2026-07-04,,KXHIGHDEN-26JUL04,0.9141199030113658,bracket,raycaster_cloudcaster,,0.0870805928573482,2026-07-05T03:00:00+00:00,2026-07-04,1.0,0.40086927472707806,KXHIGHDEN-26JUL04-B91.5,0.40086927472707806,KXHIGHDEN-26JUL04-B91.5,,,1.0
,,0.3275321253401955,t_plus_21h,den,den:2026-07-04,,KXHIGHDEN-26JUL04,0.738705010425478,bracket,raycaster_cloudcaster,,0.06617054908581595,2026-07-05T04:00:00+00:00,2026-07-04,1.0,0.477732173299781,KXHIGHDEN-26JUL04-B91.5,0.477732173299781,KXHIGHDEN-26JUL04-B91.5,,,1.0
,,0.3364190560321459,t_plus_22h,den,den:2026-07-04,,KXHIGHDEN-26JUL04,0.753546554740887,bracket,raycaster_cloudcaster,,0.067965954904293,2026-07-05T05:00:00+00:00,2026-07-04,1.0,0.47069424612030425,KXHIGHDEN-26JUL04-B91.5,0.47069424612030425,KXHIGHDEN-26JUL04-B91.5,,,1.0
,,0.3364190560321459,t_plus_23h,den,den:2026-07-04,,KXHIGHDEN-26JUL04,0.753546554740887,bracket,raycaster_cloudcaster,,0.067965954904293,2026-07-05T06:00:00+00:00,2026-07-04,1.0,0.47069424612030425,KXHIGHDEN-26JUL04-B91.5,0.47069424612030425,KXHIGHDEN-26JUL04-B91.5,,,1.0
,,0.6643561437084091,t_plus_0h,la,la:2026-07-04,,KXHIGHLAX-26JUL04,1.3223525958688178,bracket,raycaster_cloudcaster,,0.18458013007613816,2026-07-04T08:00:00+00:00,2026-07-04,0.0,0.2670492702838535,KXHIGHLAX-26JUL04-B73.5,0.2665075792365018,KXHIGHLAX-26JUL04-T74,,,1.0
,,0.7131656607619636,t_plus_1h,la,la:2026-07-04,,KXHIGHLAX-26JUL04,1.3670516482013706,bracket,raycaster_cloudcaster,,0.17178594620317247,2026-07-04T09:00:00+00:00,2026-07-04,0.0,0.3426889109732701,KXHIGHLAX-26JUL04-B73.5,0.25485726179801166,KXHIGHLAX-26JUL04-T74,,,1.0
,,0.7051477784407065,t_plus_2h,la,la:2026-07-04,,KXHIGHLAX-26JUL04,1.3563259240450463,bracket,raycaster_cloudcaster,,0.1722853261832082,2026-07-04T10:00:00+00:00,2026-07-04,0.0,0.33560082909358935,KXHIGHLAX-26JUL04-B73.5,0.2576055025768647,KXHIGHLAX-26JUL04-T74,,,1.0
,,0.7051477784407065,t_plus_3h,la,la:2026-07-04,,KXHIGHLAX-26JUL04,1.3563259240450463,bracket,raycaster_cloudcaster,,0.1722853261832082,2026-07-04T11:00:00+00:00,2026-07-04,0.0,0.33560082909358935,KXHIGHLAX-26JUL04-B73.5,0.2576055025768647,KXHIGHLAX-26JUL04-T74,,,1.0
,,0.772957142102365,t_plus_4h,la,la:2026-07-04,,KXHIGHLAX-26JUL04,1.448656738692572,bracket,raycaster_cloudcaster,,0.1697141174299945,2026-07-04T12:00:00+00:00,2026-07-04,0.0,0.3904710960158227,KXHIGHLAX-26JUL04-B73.5,0.2348855890040133,KXHIGHLAX-26JUL04-T74,,,1.0
,,0.813410760641165,t_plus_5h,la,la:2026-07-04,,KXHIGHLAX-26JUL04,1.60723857184031,bracket,raycaster_cloudcaster,,0.19784756486751504,2026-07-04T13:00:00+00:00,2026-07-04,0.0,0.34993224744042345,KXHIGHLAX-26JUL04-B73.5,0.2004403521834722,KXHIGHLAX-26JUL04-T74,,,1.0
,,0.813410760641165,t_plus_6h,la,la:2026-07-04,,KXHIGHLAX-26JUL04,1.60723857184031,bracket,raycaster_cloudcaster,,0.19784756486751504,2026-07-04T14:00:00+00:00,2026-07-04,0.0,0.34993224744042345,KXHIGHLAX-26JUL04-B73.5,0.2004403521834722,KXHIGHLAX-26JUL04-T74,,,1.0
,,0.7618107023216143,t_plus_7h,la,la:2026-07-04,,KXHIGHLAX-26JUL04,1.4401209295808817,bracket,raycaster_cloudcaster,,0.17232073902632097,2026-07-04T15:00:00+00:00,2026-07-04,0.0,0.37716084397329597,KXHIGHLAX-26JUL04-B73.5,0.23689910883990672,KXHIGHLAX-26JUL04-T74,,,1.0
,,0.7541457109879162,t_plus_8h,la,la:2026-07-04,,KXHIGHLAX-26JUL04,1.4240053640825636,bracket,raycaster_cloudcaster,,0.1705869264568362,2026-07-04T16:00:00+00:00,2026-07-04,0.0,0.37525863701949275,KXHIGHLAX-26JUL04-B73.5,0.240747800571334,KXHIGHLAX-26JUL04-T74,,,1.0
,,0.6490932334720645,t_plus_9h,la,la:2026-07-04,,KXHIGHLAX-26JUL04,1.2834847700290286,bracket,raycaster_cloudcaster,,0.17907214750770856,2026-07-04T17:00:00+00:00,2026-07-04,0.0,0.2770700906323063,KXHIGHLAX-26JUL04-B73.5,0.2770700906323063,KXHIGHLAX-26JUL04-T74,,,1.0
,,0.6559451414283923,t_plus_10h,la,la:2026-07-04,,KXHIGHLAX-26JUL04,1.2958657574015315,bracket,raycaster_cloudcaster,,0.18005028669432702,2026-07-04T18:00:00+00:00,2026-07-04,0.0,0.28050938597173364,KXHIGHLAX-26JUL04-B73.5,0.2736608378466587,KXHIGHLAX-26JUL04-T74,,,1.0
,,0.544672639419111,t_plus_11h,la,la:2026-07-04,,KXHIGHLAX-26JUL04,1.0835846873661987,bracket,raycaster_cloudcaster,,0.14898699054001402,2026-07-04T19:00:00+00:00,2026-07-04,1.0,0.3383803611481885,KXHIGHLAX-26JUL04-T74,0.3383803611481885,KXHIGHLAX-26JUL04-T74,,,1.0
,,0.5506528982232193,t_plus_12h,la,la:2026-07-04,,KXHIGHLAX-26JUL04,1.094346993971464,bracket,raycaster_cloudcaster,,0.15062280019409316,2026-07-04T20:00:00+00:00,2026-07-04,1.0,0.3347581346709238,KXHIGHLAX-26JUL04-T74,0.3347581346709238,KXHIGHLAX-26JUL04-T74,,,1.0
,,0.7618107023216143,t_plus_13h,la,la:2026-07-04,,KXHIGHLAX-26JUL04,1.4401209295808817,bracket,raycaster_cloudcaster,,0.17232073902632097,2026-07-04T21:00:00+00:00,2026-07-04,0.0,0.37716084397329597,KXHIGHLAX-26JUL04-B73.5,0.23689910883990672,KXHIGHLAX-26JUL04-T74,,,1.0
,,0.5527269455293716,t_plus_14h,la,la:2026-07-04,,KXHIGHLAX-26JUL04,1.1353160378499756,bracket,raycaster_cloudcaster,,0.20266654669410294,2026-07-04T22:00:00+00:00,2026-07-04,1.0,0.3213205558283477,KXHIGHLAX-26JUL04-T74,0.3213205558283477,KXHIGHLAX-26JUL04-T74,,,1.0
,,0.5527269455293716,t_plus_15h,la,la:2026-07-04,,KXHIGHLAX-26JUL04,1.1353160378499756,bracket,raycaster_cloudcaster,,0.20266654669410294,2026-07-04T23:00:00+00:00,2026-07-04,1.0,0.3213205558283477,KXHIGHLAX-26JUL04-T74,0.3213205558283477,KXHIGHLAX-26JUL04-T74,,,1.0
,,0.5527269455293716,t_plus_16h,la,la:2026-07-04,,KXHIGHLAX-26JUL04,1.1353160378499756,bracket,raycaster_cloudcaster,,0.20266654669410294,2026-07-05T00:00:00+00:00,2026-07-04,1.0,0.3213205558283477,KXHIGHLAX-26JUL04-T74,0.3213205558283477,KXHIGHLAX-26JUL04-T74,,,1.0
,,0.5527269455293716,t_plus_17h,la,la:2026-07-04,,KXHIGHLAX-26JUL04,1.1353160378499756,bracket,raycaster_cloudcaster,,0.20266654669410294,2026-07-05T01:00:00+00:00,2026-07-04,1.0,0.3213205558283477,KXHIGHLAX-26JUL04-T74,0.3213205558283477,KXHIGHLAX-26JUL04-T74,,,1.0
,,0.5397487675811067,t_plus_18h,la,la:2026-07-04,,KXHIGHLAX-26JUL04,1.110677765994791,bracket,raycaster_cloudcaster,,0.19790788144640584,2026-07-05T02:00:00+00:00,2026-07-04,1.0,0.32933567289520893,KXHIGHLAX-26JUL04-T74,0.32933567289520893,KXHIGHLAX-26JUL04-T74,,,1.0
,,0.5397487675811067,t_plus_19h,la,la:2026-07-04,,KXHIGHLAX-26JUL04,1.110677765994791,bracket,raycaster_cloudcaster,,0.19790788144640584,2026-07-05T03:00:00+00:00,2026-07-04,1.0,0.32933567289520893,KXHIGHLAX-26JUL04-T74,0.32933567289520893,KXHIGHLAX-26JUL04-T74,,,1.0
,,0.5397487675811067,t_plus_20h,la,la:2026-07-04,,KXHIGHLAX-26JUL04,1.110677765994791,bracket,raycaster_cloudcaster,,0.19790788144640584,2026-07-05T04:00:00+00:00,2026-07-04,1.0,0.32933567289520893,KXHIGHLAX-26JUL04-T74,0.32933567289520893,KXHIGHLAX-26JUL04-T74,,,1.0
,,0.5361368576899003,t_plus_21h,la,la:2026-07-04,,KXHIGHLAX-26JUL04,1.1038758351394793,bracket,raycaster_cloudcaster,,0.19658351448629677,2026-07-05T05:00:00+00:00,2026-07-04,1.0,0.33158342723898326,KXHIGHLAX-26JUL04-T74,0.33158342723898326,KXHIGHLAX-26JUL04-T74,,,1.0
,,0.5397487675811067,t_plus_22h,la,la:2026-07-04,,KXHIGHLAX-26JUL04,1.110677765994791,bracket,raycaster_cloudcaster,,0.19790788144640584,2026-07-05T06:00:00+00:00,2026-07-04,1.0,0.32933567289520893,KXHIGHLAX-26JUL04-T74,0.32933567289520893,KXHIGHLAX-26JUL04-T74,,,1.0
,,0.5397487675811067,t_plus_23h,la,la:2026-07-04,,KXHIGHLAX-26JUL04,1.110677765994791,bracket,raycaster_cloudcaster,,0.19790788144640584,2026-07-05T07:00:00+00:00,2026-07-04,1.0,0.32933567289520893,KXHIGHLAX-26JUL04-T74,0.32933567289520893,KXHIGHLAX-26JUL04-T74,,,1.0
,,0.5651184020372136,t_plus_0h,mia,mia:2026-07-04,,KXHIGHMIA-26JUL04,1.0422225526774747,bracket,raycaster_cloudcaster,,0.06085306700620228,2026-07-04T05:00:00+00:00,2026-07-04,0.0,0.3526699826498193,KXHIGHMIA-26JUL04-B90.5,0.3526699826498193,KXHIGHMIA-26JUL04-B92.5,,,1.0
,,0.5651184020372136,t_plus_1h,mia,mia:2026-07-04,,KXHIGHMIA-26JUL04,1.0422225526774747,bracket,raycaster_cloudcaster,,0.06085306700620228,2026-07-04T06:00:00+00:00,2026-07-04,0.0,0.3526699826498193,KXHIGHMIA-26JUL04-B90.5,0.3526699826498193,KXHIGHMIA-26JUL04-B92.5,,,1.0
,,0.7687619398968762,t_plus_2h,mia,mia:2026-07-04,,KXHIGHMIA-26JUL04,1.406532595936727,bracket,raycaster_cloudcaster,,0.08278180585116046,2026-07-04T07:00:00+00:00,2026-07-04,0.0,0.41133409456164954,KXHIGHMIA-26JUL04-B90.5,0.24499129591728544,KXHIGHMIA-26JUL04-B92.5,,,1.0
,,0.7687619398968762,t_plus_3h,mia,mia:2026-07-04,,KXHIGHMIA-26JUL04,1.406532595936727,bracket,raycaster_cloudcaster,,0.08278180585116046,2026-07-04T08:00:00+00:00,2026-07-04,0.0,0.41133409456164954,KXHIGHMIA-26JUL04-B90.5,0.24499129591728544,KXHIGHMIA-26JUL04-B92.5,,,1.0
,,0.7687619398968762,t_plus_4h,mia,mia:2026-07-04,,KXHIGHMIA-26JUL04,1.406532595936727,bracket,raycaster_cloudcaster,,0.08278180585116046,2026-07-04T09:00:00+00:00,2026-07-04,0.0,0.41133409456164954,KXHIGHMIA-26JUL04-B90.5,0.24499129591728544,KXHIGHMIA-26JUL04-B92.5,,,1.0
,,0.7687619398968762,t_plus_5h,mia,mia:2026-07-04,,KXHIGHMIA-26JUL04,1.406532595936727,bracket,raycaster_cloudcaster,,0.08278180585116046,2026-07-04T10:00:00+00:00,2026-07-04,0.0,0.41133409456164954,KXHIGHMIA-26JUL04-B90.5,0.24499129591728544,KXHIGHMIA-26JUL04-B92.5,,,1.0
,,0.7687619398968762,t_plus_6h,mia,mia:2026-07-04,,KXHIGHMIA-26JUL04,1.406532595936727,bracket,raycaster_cloudcaster,,0.08278180585116046,2026-07-04T11:00:00+00:00,2026-07-04,0.0,0.41133409456164954,KXHIGHMIA-26JUL04-B90.5,0.24499129591728544,KXHIGHMIA-26JUL04-B92.5,,,1.0
,,0.8087197024576157,t_plus_7h,mia,mia:2026-07-04,,KXHIGHMIA-26JUL04,1.488910266229596,bracket,raycaster_cloudcaster,,0.08708453673686692,2026-07-04T12:00:00+00:00,2026-07-04,0.0,0.42188859344586277,KXHIGHMIA-26JUL04-B90.5,0.22561838559896033,KXHIGHMIA-26JUL04-B92.5,,,1.0
,,0.588528779986134,t_plus_8h,mia,mia:2026-07-04,,KXHIGHMIA-26JUL04,1.1129396083920664,bracket,raycaster_cloudcaster,,0.06212212785371235,2026-07-04T13:00:00+00:00,2026-07-04,0.0,0.32859160930182507,KXHIGHMIA-26JUL04-B90.5,0.32859160930182507,KXHIGHMIA-26JUL04-B92.5,,,1.0
,,0.5804697943885844,t_plus_9h,mia,mia:2026-07-04,,KXHIGHMIA-26JUL04,1.089983909041116,bracket,raycaster_cloudcaster,,0.0634116323980974,2026-07-04T14:00:00+00:00,2026-07-04,0.0,0.3362219037960363,KXHIGHMIA-26JUL04-B90.5,0.3362219037960363,KXHIGHMIA-26JUL04-B92.5,,,1.0
,,0.7687619398968762,t_plus_10h,mia,mia:2026-07-04,,KXHIGHMIA-26JUL04,1.406532595936727,bracket,raycaster_cloudcaster,,0.08278180585116046,2026-07-04T15:00:00+00:00,2026-07-04,0.0,0.41133409456164954,KXHIGHMIA-26JUL04-B90.5,0.24499129591728544,KXHIGHMIA-26JUL04-B92.5,,,1.0
,,0.7728096231460391,t_plus_11h,mia,mia:2026-07-04,,KXHIGHMIA-26JUL04,1.4306044116863705,bracket,raycaster_cloudcaster,,0.08059987935197609,2026-07-04T16:00:00+00:00,2026-07-04,0.0,0.4015507597523912,KXHIGHMIA-26JUL04-B90.5,0.23916432483708083,KXHIGHMIA-26JUL04-B92.5,,,1.0
,,0.5651184020372136,t_plus_12h,mia,mia:2026-07-04,,KXHIGHMIA-26JUL04,1.0422225526774747,bracket,raycaster_cloudcaster,,0.06085306700620228,2026-07-04T17:00:00+00:00,2026-07-04,0.0,0.3526699826498193,KXHIGHMIA-26JUL04-B90.5,0.3526699826498193,KXHIGHMIA-26JUL04-B92.5,,,1.0
,,0.34048428420795296,t_plus_13h,mia,mia:2026-07-04,,KXHIGHMIA-26JUL04,0.7596480551420561,bracket,raycaster_cloudcaster,,0.04051669338766675,2026-07-04T18:00:00+00:00,2026-07-04,1.0,0.4678310487713203,KXHIGHMIA-26JUL04-B92.5,0.4678310487713203,KXHIGHMIA-26JUL04-B92.5,,,1.0
,,0.32324153402576195,t_plus_14h,mia,mia:2026-07-04,,KXHIGHMIA-26JUL04,0.7315466097263336,bracket,raycaster_cloudcaster,,0.04040509877682827,2026-07-04T19:00:00+00:00,2026-07-04,1.0,0.48116424102544836,KXHIGHMIA-26JUL04-B92.5,0.48116424102544836,KXHIGHMIA-26JUL04-B92.5,,,1.0
,,0.32324153402576195,t_plus_15h,mia,mia:2026-07-04,,KXHIGHMIA-26JUL04,0.7315466097263336,bracket,raycaster_cloudcaster,,0.04040509877682827,2026-07-04T20:00:00+00:00,2026-07-04,1.0,0.48116424102544836,KXHIGHMIA-26JUL04-B92.5,0.48116424102544836,KXHIGHMIA-26JUL04-B92.5,,,1.0
,,0.32324153402576195,t_plus_16h,mia,mia:2026-07-04,,KXHIGHMIA-26JUL04,0.7315466097263336,bracket,raycaster_cloudcaster,,0.03974930271686154,2026-07-04T21:00:00+00:00,2026-07-04,1.0,0.48116424102544836,KXHIGHMIA-26JUL04-B92.5,0.48116424102544836,KXHIGHMIA-26JUL04-B92.5,,,1.0
,,0.32324153402576195,t_plus_17h,mia,mia:2026-07-04,,KXHIGHMIA-26JUL04,0.7315466097263336,bracket,raycaster_cloudcaster,,0.03974930271686154,2026-07-04T22:00:00+00:00,2026-07-04,1.0,0.48116424102544836,KXHIGHMIA-26JUL04-B92.5,0.48116424102544836,KXHIGHMIA-26JUL04-B92.5,,,1.0
,,0.32324153402576195,t_plus_18h,mia,mia:2026-07-04,,KXHIGHMIA-26JUL04,0.7315466097263336,bracket,raycaster_cloudcaster,,0.03974930271686154,2026-07-04T23:00:00+00:00,2026-07-04,1.0,0.48116424102544836,KXHIGHMIA-26JUL04-B92.5,0.48116424102544836,KXHIGHMIA-26JUL04-B92.5,,,1.0
,,0.32324153402576195,t_plus_19h,mia,mia:2026-07-04,,KXHIGHMIA-26JUL04,0.7315466097263336,bracket,raycaster_cloudcaster,,0.03974930271686154,2026-07-05T00:00:00+00:00,2026-07-04,1.0,0.48116424102544836,KXHIGHMIA-26JUL04-B92.5,0.48116424102544836,KXHIGHMIA-26JUL04-B92.5,,,1.0
,,0.32324153402576195,t_plus_20h,mia,mia:2026-07-04,,KXHIGHMIA-26JUL04,0.7315466097263336,bracket,raycaster_cloudcaster,,0.03974930271686154,2026-07-05T01:00:00+00:00,2026-07-04,1.0,0.48116424102544836,KXHIGHMIA-26JUL04-B92.5,0.48116424102544836,KXHIGHMIA-26JUL04-B92.5,,,1.0
,,0.32324153402576195,t_plus_21h,mia,mia:2026-07-04,,KXHIGHMIA-26JUL04,0.7315466097263336,bracket,raycaster_cloudcaster,,0.03974930271686154,2026-07-05T02:00:00+00:00,2026-07-04,1.0,0.48116424102544836,KXHIGHMIA-26JUL04-B92.5,0.48116424102544836,KXHIGHMIA-26JUL04-B92.5,,,1.0
,,0.32324153402576195,t_plus_22h,mia,mia:2026-07-04,,KXHIGHMIA-26JUL04,0.7315466097263336,bracket,raycaster_cloudcaster,,0.03974930271686154,2026-07-05T03:00:00+00:00,2026-07-04,1.0,0.48116424102544836,KXHIGHMIA-26JUL04-B92.5,0.48116424102544836,KXHIGHMIA-26JUL04-B92.5,,,1.0
,,0.32324153402576195,t_plus_23h,mia,mia:2026-07-04,,KXHIGHMIA-26JUL04,0.7315466097263336,bracket,raycaster_cloudcaster,,0.03974930271686154,2026-07-05T04:00:00+00:00,2026-07-04,1.0,0.48116424102544836,KXHIGHMIA-26JUL04-B92.5,0.48116424102544836,KXHIGHMIA-26JUL04-B92.5,,,1.0
,,0.5397487675811067,t_plus_0h,nyc,nyc:2026-07-04,,KXHIGHNY-26JUL04,1.110677765994791,bracket,raycaster_cloudcaster,,0.19790788144640573,2026-07-04T05:00:00+00:00,2026-07-04,1.0,0.32933567289520893,KXHIGHNY-26JUL04-T98,0.32933567289520893,KXHIGHNY-26JUL04-T98,,,1.0
,,0.5922260813722816,t_plus_1h,nyc,nyc:2026-07-04,,KXHIGHNY-26JUL04,1.2006176348230435,bracket,raycaster_cloudcaster,,0.18789595355558256,2026-07-04T06:00:00+00:00,2026-07-04,1.0,0.30100824131529624,KXHIGHNY-26JUL04-T98,0.30100824131529624,KXHIGHNY-26JUL04-T98,,,1.0
,,0.5514657110680106,t_plus_2h,nyc,nyc:2026-07-04,,KXHIGHNY-26JUL04,1.1322148409793604,bracket,raycaster_cloudcaster,,0.19524905232623999,2026-07-04T07:00:00+00:00,2026-07-04,1.0,0.3223185808667409,KXHIGHNY-26JUL04-T98,0.3223185808667409,KXHIGHNY-26JUL04-T98,,,1.0
,,0.5514657110680106,t_plus_3h,nyc,nyc:2026-07-04,,KXHIGHNY-26JUL04,1.1322148409793604,bracket,raycaster_cloudcaster,,0.19524905232623999,2026-07-04T08:00:00+00:00,2026-07-04,1.0,0.3223185808667409,KXHIGHNY-26JUL04-T98,0.3223185808667409,KXHIGHNY-26JUL04-T98,,,1.0
,,0.5514657110680106,t_plus_4h,nyc,nyc:2026-07-04,,KXHIGHNY-26JUL04,1.1322148409793604,bracket,raycaster_cloudcaster,,0.19524905232623999,2026-07-04T09:00:00+00:00,2026-07-04,1.0,0.3223185808667409,KXHIGHNY-26JUL04-T98,0.3223185808667409,KXHIGHNY-26JUL04-T98,,,1.0
,,0.5514657110680106,t_plus_5h,nyc,nyc:2026-07-04,,KXHIGHNY-26JUL04,1.1322148409793604,bracket,raycaster_cloudcaster,,0.19524905232623999,2026-07-04T10:00:00+00:00,2026-07-04,1.0,0.3223185808667409,KXHIGHNY-26JUL04-T98,0.3223185808667409,KXHIGHNY-26JUL04-T98,,,1.0
,,0.5912724483535696,t_plus_6h,nyc,nyc:2026-07-04,,KXHIGHNY-26JUL04,1.1991040516135227,bracket,raycaster_cloudcaster,,0.18804191172700624,2026-07-04T11:00:00+00:00,2026-07-04,1.0,0.30146418730432994,KXHIGHNY-26JUL04-T98,0.30146418730432994,KXHIGHNY-26JUL04-T98,,,1.0
,,0.5514657110680106,t_plus_7h,nyc,nyc:2026-07-04,,KXHIGHNY-26JUL04,1.1322148409793604,bracket,raycaster_cloudcaster,,0.19524905232623999,2026-07-04T12:00:00+00:00,2026-07-04,1.0,0.3223185808667409,KXHIGHNY-26JUL04-T98,0.3223185808667409,KXHIGHNY-26JUL04-T98,,,1.0
,,0.5514657110680106,t_plus_8h,nyc,nyc:2026-07-04,,KXHIGHNY-26JUL04,1.1322148409793604,bracket,raycaster_cloudcaster,,0.19524905232623999,2026-07-04T13:00:00+00:00,2026-07-04,1.0,0.3223185808667409,KXHIGHNY-26JUL04-T98,0.3223185808667409,KXHIGHNY-26JUL04-T98,,,1.0
,,0.5514657110680106,t_plus_9h,nyc,nyc:2026-07-04,,KXHIGHNY-26JUL04,1.1322148409793604,bracket,raycaster_cloudcaster,,0.19524905232623999,2026-07-04T14:00:00+00:00,2026-07-04,1.0,0.3223185808667409,KXHIGHNY-26JUL04-T98,0.3223185808667409,KXHIGHNY-26JUL04-T98,,,1.0
,,0.5514657110680106,t_plus_10h,nyc,nyc:2026-07-04,,KXHIGHNY-26JUL04,1.1322148409793604,bracket,raycaster_cloudcaster,,0.19524905232623999,2026-07-04T15:00:00+00:00,2026-07-04,1.0,0.3223185808667409,KXHIGHNY-26JUL04-T98,0.3223185808667409,KXHIGHNY-26JUL04-T98,,,1.0
,,0.5514657110680106,t_plus_11h,nyc,nyc:2026-07-04,,KXHIGHNY-26JUL04,1.1322148409793604,bracket,raycaster_cloudcaster,,0.19524905232623999,2026-07-04T16:00:00+00:00,2026-07-04,1.0,0.3223185808667409,KXHIGHNY-26JUL04-T98,0.3223185808667409,KXHIGHNY-26JUL04-T98,,,1.0
,,0.5514657110680106,t_plus_12h,nyc,nyc:2026-07-04,,KXHIGHNY-26JUL04,1.1322148409793604,bracket,raycaster_cloudcaster,,0.19524905232623999,2026-07-04T17:00:00+00:00,2026-07-04,1.0,0.3223185808667409,KXHIGHNY-26JUL04-T98,0.3223185808667409,KXHIGHNY-26JUL04-T98,,,1.0
,,0.5514657110680106,t_plus_13h,nyc,nyc:2026-07-04,,KXHIGHNY-26JUL04,1.1322148409793604,bracket,raycaster_cloudcaster,,0.19524905232623999,2026-07-04T18:00:00+00:00,2026-07-04,1.0,0.3223185808667409,KXHIGHNY-26JUL04-T98,0.3223185808667409,KXHIGHNY-26JUL04-T98,,,1.0
,,0.5514657110680106,t_plus_14h,nyc,nyc:2026-07-04,,KXHIGHNY-26JUL04,1.1322148409793604,bracket,raycaster_cloudcaster,,0.19524905232623999,2026-07-04T19:00:00+00:00,2026-07-04,1.0,0.3223185808667409,KXHIGHNY-26JUL04-T98,0.3223185808667409,KXHIGHNY-26JUL04-T98,,,1.0
,,0.5514657110680106,t_plus_15h,nyc,nyc:2026-07-04,,KXHIGHNY-26JUL04,1.1322148409793604,bracket,raycaster_cloudcaster,,0.19524905232623999,2026-07-04T20:00:00+00:00,2026-07-04,1.0,0.3223185808667409,KXHIGHNY-26JUL04-T98,0.3223185808667409,KXHIGHNY-26JUL04-T98,,,1.0
,,0.5397487675811067,t_plus_16h,nyc,nyc:2026-07-04,,KXHIGHNY-26JUL04,1.110677765994791,bracket,raycaster_cloudcaster,,0.19790788144640573,2026-07-04T21:00:00+00:00,2026-07-04,1.0,0.32933567289520893,KXHIGHNY-26JUL04-T98,0.32933567289520893,KXHIGHNY-26JUL04-T98,,,1.0
,,0.32614609577257136,t_plus_17h,nyc,nyc:2026-07-04,,KXHIGHNY-26JUL04,0.7367507553266374,bracket,raycaster_cloudcaster,,0.11958690178327613,2026-07-04T22:00:00+00:00,2026-07-04,1.0,0.47866669668645817,KXHIGHNY-26JUL04-T98,0.47866669668645817,KXHIGHNY-26JUL04-T98,,,1.0
,,0.32630251832639984,t_plus_18h,nyc,nyc:2026-07-04,,KXHIGHNY-26JUL04,0.7370119378415125,bracket,raycaster_cloudcaster,,0.11964425671967996,2026-07-04T23:00:00+00:00,2026-07-04,1.0,0.4785416936398463,KXHIGHNY-26JUL04-T98,0.4785416936398463,KXHIGHNY-26JUL04-T98,,,1.0
,,0.32630251832639984,t_plus_19h,nyc,nyc:2026-07-04,,KXHIGHNY-26JUL04,0.7370119378415125,bracket,raycaster_cloudcaster,,0.11964425671967996,2026-07-05T00:00:00+00:00,2026-07-04,1.0,0.4785416936398463,KXHIGHNY-26JUL04-T98,0.4785416936398463,KXHIGHNY-26JUL04-T98,,,1.0
,,0.32630251832639984,t_plus_20h,nyc,nyc:2026-07-04,,KXHIGHNY-26JUL04,0.7370119378415125,bracket,raycaster_cloudcaster,,0.11964425671967996,2026-07-05T01:00:00+00:00,2026-07-04,1.0,0.4785416936398463,KXHIGHNY-26JUL04-T98,0.4785416936398463,KXHIGHNY-26JUL04-T98,,,1.0
,,0.32630251832639984,t_plus_21h,nyc,nyc:2026-07-04,,KXHIGHNY-26JUL04,0.7370119378415125,bracket,raycaster_cloudcaster,,0.11964425671967996,2026-07-05T02:00:00+00:00,2026-07-04,1.0,0.4785416936398463,KXHIGHNY-26JUL04-T98,0.4785416936398463,KXHIGHNY-26JUL04-T98,,,1.0
,,0.32630251832639984,t_plus_22h,nyc,nyc:2026-07-04,,KXHIGHNY-26JUL04,0.7370119378415125,bracket,raycaster_cloudcaster,,0.11964425671967996,2026-07-05T03:00:00+00:00,2026-07-04,1.0,0.4785416936398463,KXHIGHNY-26JUL04-T98,0.4785416936398463,KXHIGHNY-26JUL04-T98,,,1.0
,,0.32630251832639984,t_plus_23h,nyc,nyc:2026-07-04,,KXHIGHNY-26JUL04,0.7370119378415125,bracket,raycaster_cloudcaster,,0.11964425671967996,2026-07-05T04:00:00+00:00,2026-07-04,1.0,0.4785416936398463,KXHIGHNY-26JUL04-T98,0.4785416936398463,KXHIGHNY-26JUL04-T98,,,1.0
,,0.647392365779829,t_plus_0h,okc,okc:2026-07-04,,KXHIGHTOKC-26JUL04,1.209781733722361,bracket,raycaster_cloudcaster,,0.06541156382143055,2026-07-04T06:00:00+00:00,2026-07-04,0.0,0.3468140342684771,KXHIGHTOKC-26JUL04-B98.5,0.29826237294367164,KXHIGHTOKC-26JUL04-B100.5,,,1.0
,,0.6635493533639452,t_plus_1h,okc,okc:2026-07-04,,KXHIGHTOKC-26JUL04,1.2489096291294552,bracket,raycaster_cloudcaster,,0.07025770320579652,2026-07-04T07:00:00+00:00,2026-07-04,0.0,0.33350598678793736,KXHIGHTOKC-26JUL04-B98.5,0.28681736372089,KXHIGHTOKC-26JUL04-B100.5,,,1.0
,,0.6635493533639452,t_plus_2h,okc,okc:2026-07-04,,KXHIGHTOKC-26JUL04,1.2489096291294552,bracket,raycaster_cloudcaster,,0.07025770320579652,2026-07-04T08:00:00+00:00,2026-07-04,0.0,0.33350598678793736,KXHIGHTOKC-26JUL04-B98.5,0.28681736372089,KXHIGHTOKC-26JUL04-B100.5,,,1.0
,,0.6635493533639452,t_plus_3h,okc,okc:2026-07-04,,KXHIGHTOKC-26JUL04,1.2489096291294552,bracket,raycaster_cloudcaster,,0.07025770320579652,2026-07-04T09:00:00+00:00,2026-07-04,0.0,0.33350598678793736,KXHIGHTOKC-26JUL04-B98.5,0.28681736372089,KXHIGHTOKC-26JUL04-B100.5,,,1.0
,,0.665672697270956,t_plus_4h,okc,okc:2026-07-04,,KXHIGHTOKC-26JUL04,1.2536934431852074,bracket,raycaster_cloudcaster,,0.07088000022498665,2026-07-04T10:00:00+00:00,2026-07-04,0.0,0.3319143662044587,KXHIGHTOKC-26JUL04-B98.5,0.28544855944785746,KXHIGHTOKC-26JUL04-B100.5,,,1.0
,,0.6635493533639452,t_plus_5h,okc,okc:2026-07-04,,KXHIGHTOKC-26JUL04,1.2489096291294552,bracket,raycaster_cloudcaster,,0.07025770320579652,2026-07-04T11:00:00+00:00,2026-07-04,0.0,0.33350598678793736,KXHIGHTOKC-26JUL04-B98.5,0.28681736372089,KXHIGHTOKC-26JUL04-B100.5,,,1.0
,,0.655075358091173,t_plus_6h,okc,okc:2026-07-04,,KXHIGHTOKC-26JUL04,1.2333569142018916,bracket,raycaster_cloudcaster,,0.06948211836245897,2026-07-04T12:00:00+00:00,2026-07-04,0.0,0.3307129960659011,KXHIGHTOKC-26JUL04-B98.5,0.29131302163840445,KXHIGHTOKC-26JUL04-B100.5,,,1.0
,,0.6572235256102043,t_plus_7h,okc,okc:2026-07-04,,KXHIGHTOKC-26JUL04,1.238110815403233,bracket,raycaster_cloudcaster,,0.07010275044227517,2026-07-04T13:00:00+00:00,2026-07-04,0.0,0.3291445502287289,KXHIGHTOKC-26JUL04-B98.5,0.28993143488028456,KXHIGHTOKC-26JUL04-B100.5,,,1.0
,,0.6663408973899446,t_plus_8h,okc,okc:2026-07-04,,KXHIGHTOKC-26JUL04,1.255184821402112,bracket,raycaster_cloudcaster,,0.07107525494593114,2026-07-04T14:00:00+00:00,2026-07-04,0.0,0.33141972528884917,KXHIGHTOKC-26JUL04-B98.5,0.2850231649751225,KXHIGHTOKC-26JUL04-B100.5,,,1.0
,,0.6584355448165821,t_plus_9h,okc,okc:2026-07-04,,KXHIGHTOKC-26JUL04,1.2442829545886425,bracket,raycaster_cloudcaster,,0.06983732099310493,2026-07-04T15:00:00+00:00,2026-07-04,0.0,0.327119280804419,KXHIGHTOKC-26JUL04-B98.5,0.2881474488783857,KXHIGHTOKC-26JUL04-B100.5,,,1.0
,,0.6565510143820597,t_plus_10h,okc,okc:2026-07-04,,KXHIGHTOKC-26JUL04,1.2366296829875294,bracket,raycaster_cloudcaster,,0.06990873478497706,2026-07-04T16:00:00+00:00,2026-07-04,0.0,0.32963241810079635,KXHIGHTOKC-26JUL04-B98.5,0.29036117990289606,KXHIGHTOKC-26JUL04-B100.5,,,1.0
,,0.6220135782319919,t_plus_11h,okc,okc:2026-07-04,,KXHIGHTOKC-26JUL04,1.1473761306071797,bracket,raycaster_cloudcaster,,0.05943515284012722,2026-07-04T17:00:00+00:00,2026-07-04,0.0,0.36040619018740505,KXHIGHTOKC-26JUL04-B98.5,0.31746867383390315,KXHIGHTOKC-26JUL04-B100.5,,,1.0
,,0.6220135782319919,t_plus_12h,okc,okc:2026-07-04,,KXHIGHTOKC-26JUL04,1.1473761306071797,bracket,raycaster_cloudcaster,,0.05943515284012722,2026-07-04T18:00:00+00:00,2026-07-04,0.0,0.36040619018740505,KXHIGHTOKC-26JUL04-B98.5,0.31746867383390315,KXHIGHTOKC-26JUL04-B100.5,,,1.0
,,0.6253422153500783,t_plus_13h,okc,okc:2026-07-04,,KXHIGHTOKC-26JUL04,1.1424058323428083,bracket,raycaster_cloudcaster,,0.05824080803089121,2026-07-04T19:00:00+00:00,2026-07-04,0.0,0.37098610659280934,KXHIGHTOKC-26JUL04-B98.5,0.3190505156888993,KXHIGHTOKC-26JUL04-B100.5,,,1.0
,,0.6157760649809337,t_plus_14h,okc,okc:2026-07-04,,KXHIGHTOKC-26JUL04,1.1261510576470695,bracket,raycaster_cloudcaster,,0.05734987133484217,2026-07-04T20:00:00+00:00,2026-07-04,0.0,0.3681375974610078,KXHIGHTOKC-26JUL04-B98.5,0.32427898864215926,KXHIGHTOKC-26JUL04-B100.5,,,1.0
,,0.6157760649809337,t_plus_15h,okc,okc:2026-07-04,,KXHIGHTOKC-26JUL04,1.1261510576470695,bracket,raycaster_cloudcaster,,0.05734987133484217,2026-07-04T21:00:00+00:00,2026-07-04,0.0,0.3681375974610078,KXHIGHTOKC-26JUL04-B98.5,0.32427898864215926,KXHIGHTOKC-26JUL04-B100.5,,,1.0
,,0.4034916967221552,t_plus_16h,okc,okc:2026-07-04,,KXHIGHTOKC-26JUL04,0.8671737125406127,bracket,raycaster_cloudcaster,,0.050924909705010644,2026-07-04T22:00:00+00:00,2026-07-04,1.0,0.42013730160657353,KXHIGHTOKC-26JUL04-B100.5,0.42013730160657353,KXHIGHTOKC-26JUL04-B100.5,,,1.0
,,0.4034916967221552,t_plus_17h,okc,okc:2026-07-04,,KXHIGHTOKC-26JUL04,0.8671737125406127,bracket,raycaster_cloudcaster,,0.050924909705010644,2026-07-04T23:00:00+00:00,2026-07-04,1.0,0.42013730160657353,KXHIGHTOKC-26JUL04-B100.5,0.42013730160657353,KXHIGHTOKC-26JUL04-B100.5,,,1.0
,,0.4034916967221552,t_plus_18h,okc,okc:2026-07-04,,KXHIGHTOKC-26JUL04,0.8671737125406127,bracket,raycaster_cloudcaster,,0.050924909705010644,2026-07-05T00:00:00+00:00,2026-07-04,1.0,0.42013730160657353,KXHIGHTOKC-26JUL04-B100.5,0.42013730160657353,KXHIGHTOKC-26JUL04-B100.5,,,1.0
,,0.4034916967221552,t_plus_19h,okc,okc:2026-07-04,,KXHIGHTOKC-26JUL04,0.8671737125406127,bracket,raycaster_cloudcaster,,0.050924909705010644,2026-07-05T01:00:00+00:00,2026-07-04,1.0,0.42013730160657353,KXHIGHTOKC-26JUL04-B100.5,0.42013730160657353,KXHIGHTOKC-26JUL04-B100.5,,,1.0
,,0.4034916967221552,t_plus_20h,okc,okc:2026-07-04,,KXHIGHTOKC-26JUL04,0.8671737125406127,bracket,raycaster_cloudcaster,,0.050924909705010644,2026-07-05T02:00:00+00:00,2026-07-04,1.0,0.42013730160657353,KXHIGHTOKC-26JUL04-B100.5,0.42013730160657353,KXHIGHTOKC-26JUL04-B100.5,,,1.0
,,0.4034916967221552,t_plus_21h,okc,okc:2026-07-04,,KXHIGHTOKC-26JUL04,0.8671737125406127,bracket,raycaster_cloudcaster,,0.050924909705010644,2026-07-05T03:00:00+00:00,2026-07-04,1.0,0.42013730160657353,KXHIGHTOKC-26JUL04-B100.5,0.42013730160657353,KXHIGHTOKC-26JUL04-B100.5,,,1.0
,,0.4034916967221552,t_plus_22h,okc,okc:2026-07-04,,KXHIGHTOKC-26JUL04,0.8671737125406127,bracket,raycaster_cloudcaster,,0.050924909705010644,2026-07-05T04:00:00+00:00,2026-07-04,1.0,0.42013730160657353,KXHIGHTOKC-26JUL04-B100.5,0.42013730160657353,KXHIGHTOKC-26JUL04-B100.5,,,1.0
,,0.4034916967221552,t_plus_23h,okc,okc:2026-07-04,,KXHIGHTOKC-26JUL04,0.8671737125406127,bracket,raycaster_cloudcaster,,0.050924909705010644,2026-07-05T05:00:00+00:00,2026-07-04,1.0,0.42013730160657353,KXHIGHTOKC-26JUL04-B100.5,0.42013730160657353,KXHIGHTOKC-26JUL04-B100.5,,,1.0
,,0.09610686916514395,t_plus_0h,aus,aus:2026-07-05,,KXHIGHAUS-26JUL05,0.2598741538477101,bracket,raycaster_cloudcaster,,0.00963061330580493,2026-07-05T06:00:00+00:00,2026-07-05,1.0,0.7711486257847827,KXHIGHAUS-26JUL05-B96.5,0.7711486257847827,KXHIGHAUS-26JUL05-B96.5,,,1.0
,,0.041095035438444796,t_plus_1h,aus,aus:2026-07-05,,KXHIGHAUS-26JUL05,0.1675444910926593,bracket,raycaster_cloudcaster,,0.0040962609480828405,2026-07-05T07:00:00+00:00,2026-07-05,1.0,0.8457389886000722,KXHIGHAUS-26JUL05-B96.5,0.8457389886000722,KXHIGHAUS-26JUL05-B96.5,,,1.0
,,0.041095035438444796,t_plus_2h,aus,aus:2026-07-05,,KXHIGHAUS-26JUL05,0.1675444910926593,bracket,raycaster_cloudcaster,,0.0040962609480828405,2026-07-05T08:00:00+00:00,2026-07-05,1.0,0.8457389886000722,KXHIGHAUS-26JUL05-B96.5,0.8457389886000722,KXHIGHAUS-26JUL05-B96.5,,,1.0
,,0.5001224652896304,t_plus_3h,aus,aus:2026-07-05,,KXHIGHAUS-26JUL05,0.7060079085823119,bracket,raycaster_cloudcaster,,0.05002041088160507,2026-07-05T09:00:00+00:00,2026-07-05,1.0,0.4936108088766931,KXHIGHAUS-26JUL05-B96.5,0.4936108088766931,KXHIGHAUS-26JUL05-B96.5,,,1.0
,,0.5001224652896304,t_plus_4h,aus,aus:2026-07-05,,KXHIGHAUS-26JUL05,0.7060079085823119,bracket,raycaster_cloudcaster,,0.05002041088160507,2026-07-05T10:00:00+00:00,2026-07-05,1.0,0.4936108088766931,KXHIGHAUS-26JUL05-B96.5,0.4936108088766931,KXHIGHAUS-26JUL05-B96.5,,,1.0
,,0.5001224652896304,t_plus_5h,aus,aus:2026-07-05,,KXHIGHAUS-26JUL05,0.7060079085823119,bracket,raycaster_cloudcaster,,0.05002041088160507,2026-07-05T11:00:00+00:00,2026-07-05,1.0,0.4936108088766931,KXHIGHAUS-26JUL05-B96.5,0.4936108088766931,KXHIGHAUS-26JUL05-B96.5,,,1.0
,,0.5001224652896304,t_plus_6h,aus,aus:2026-07-05,,KXHIGHAUS-26JUL05,0.7060079085823119,bracket,raycaster_cloudcaster,,0.05002041088160507,2026-07-05T12:00:00+00:00,2026-07-05,1.0,0.4936108088766931,KXHIGHAUS-26JUL05-B96.5,0.4936108088766931,KXHIGHAUS-26JUL05-B96.5,,,1.0
,,0.5001224652896304,t_plus_7h,aus,aus:2026-07-05,,KXHIGHAUS-26JUL05,0.7060079085823119,bracket,raycaster_cloudcaster,,0.05002041088160507,2026-07-05T13:00:00+00:00,2026-07-05,1.0,0.4936108088766931,KXHIGHAUS-26JUL05-B96.5,0.4936108088766931,KXHIGHAUS-26JUL05-B96.5,,,1.0
,,0.5001224652896304,t_plus_8h,aus,aus:2026-07-05,,KXHIGHAUS-26JUL05,0.7060079085823119,bracket,raycaster_cloudcaster,,0.05002041088160507,2026-07-05T14:00:00+00:00,2026-07-05,1.0,0.4936108088766931,KXHIGHAUS-26JUL05-B96.5,0.4936108088766931,KXHIGHAUS-26JUL05-B96.5,,,1.0
,,0.24463148221393805,t_plus_9h,aus,aus:2026-07-05,,KXHIGHAUS-26JUL05,0.4430107840837655,bracket,raycaster_cloudcaster,,0.02447696345251236,2026-07-05T15:00:00+00:00,2026-07-05,1.0,0.6421002825872248,KXHIGHAUS-26JUL05-B96.5,0.6421002825872248,KXHIGHAUS-26JUL05-B96.5,,,1.0
,,0.041516223149157296,t_plus_10h,aus,aus:2026-07-05,,KXHIGHAUS-26JUL05,0.16927938479498789,bracket,raycaster_cloudcaster,,0.004091193975814656,2026-07-05T16:00:00+00:00,2026-07-05,1.0,0.844272993395563,KXHIGHAUS-26JUL05-B96.5,0.844272993395563,KXHIGHAUS-26JUL05-B96.5,,,1.0
,,0.4883295804471577,t_plus_11h,aus,aus:2026-07-05,,KXHIGHAUS-26JUL05,0.6942115480592391,bracket,raycaster_cloudcaster,,0.04884131730683392,2026-07-05T17:00:00+00:00,2026-07-05,1.0,0.49946809936944,KXHIGHAUS-26JUL05-B96.5,0.49946809936944,KXHIGHAUS-26JUL05-B96.5,,,1.0
,,0.4883295804471577,t_plus_12h,aus,aus:2026-07-05,,KXHIGHAUS-26JUL05,0.6942115480592391,bracket,raycaster_cloudcaster,,0.04884131730683392,2026-07-05T18:00:00+00:00,2026-07-05,1.0,0.49946809936944,KXHIGHAUS-26JUL05-B96.5,0.49946809936944,KXHIGHAUS-26JUL05-B96.5,,,1.0
,,0.5001224652896304,t_plus_13h,aus,aus:2026-07-05,,KXHIGHAUS-26JUL05,0.7060079085823119,bracket,raycaster_cloudcaster,,0.05002041088160507,2026-07-05T19:00:00+00:00,2026-07-05,1.0,0.4936108088766931,KXHIGHAUS-26JUL05-B96.5,0.4936108088766931,KXHIGHAUS-26JUL05-B96.5,,,1.0
,,0.5001224652896304,t_plus_14h,aus,aus:2026-07-05,,KXHIGHAUS-26JUL05,0.7060079085823119,bracket,raycaster_cloudcaster,,0.05002041088160507,2026-07-05T20:00:00+00:00,2026-07-05,1.0,0.4936108088766931,KXHIGHAUS-26JUL05-B96.5,0.4936108088766931,KXHIGHAUS-26JUL05-B96.5,,,1.0
,,0.001460907522156295,t_plus_15h,aus,aus:2026-07-05,,KXHIGHAUS-26JUL05,0.03539075773088445,bracket,raycaster_cloudcaster,,0.00017730927945908348,2026-07-05T21:00:00+00:00,2026-07-05,1.0,0.9652281721864987,KXHIGHAUS-26JUL05-B96.5,0.9652281721864987,KXHIGHAUS-26JUL05-B96.5,,,1.0
,,0.0012973022625746475,t_plus_16h,aus,aus:2026-07-05,,KXHIGHAUS-26JUL05,0.03340706696667908,bracket,raycaster_cloudcaster,,0.0001610728553261137,2026-07-05T22:00:00+00:00,2026-07-05,1.0,0.9671447867538293,KXHIGHAUS-26JUL05-B96.5,0.9671447867538293,KXHIGHAUS-26JUL05-B96.5,,,1.0
,,0.0012973022625746475,t_plus_17h,aus,aus:2026-07-05,,KXHIGHAUS-26JUL05,0.03340706696667908,bracket,raycaster_cloudcaster,,0.0001610728553261137,2026-07-05T23:00:00+00:00,2026-07-05,1.0,0.9671447867538293,KXHIGHAUS-26JUL05-B96.5,0.9671447867538293,KXHIGHAUS-26JUL05-B96.5,,,1.0
,,0.0011790217565353916,t_plus_18h,aus,aus:2026-07-05,,KXHIGHAUS-26JUL05,0.03184691758465019,bracket,raycaster_cloudcaster,,0.0001493427558278161,2026-07-06T00:00:00+00:00,2026-07-05,1.0,0.9686548547547446,KXHIGHAUS-26JUL05-B96.5,0.9686548547547446,KXHIGHAUS-26JUL05-B96.5,,,1.0
,,0.0011790217565353916,t_plus_19h,aus,aus:2026-07-05,,KXHIGHAUS-26JUL05,0.03184691758465019,bracket,raycaster_cloudcaster,,0.0001493427558278161,2026-07-06T01:00:00+00:00,2026-07-05,1.0,0.9686548547547446,KXHIGHAUS-26JUL05-B96.5,0.9686548547547446,KXHIGHAUS-26JUL05-B96.5,,,1.0
,,0.0011790217565353916,t_plus_20h,aus,aus:2026-07-05,,KXHIGHAUS-26JUL05,0.03184691758465019,bracket,raycaster_cloudcaster,,0.0001493427558278161,2026-07-06T02:00:00+00:00,2026-07-05,1.0,0.9686548547547446,KXHIGHAUS-26JUL05-B96.5,0.9686548547547446,KXHIGHAUS-26JUL05-B96.5,,,1.0
,,0.0011790217565353916,t_plus_21h,aus,aus:2026-07-05,,KXHIGHAUS-26JUL05,0.03184691758465019,bracket,raycaster_cloudcaster,,0.0001493427558278161,2026-07-06T03:00:00+00:00,2026-07-05,1.0,0.9686548547547446,KXHIGHAUS-26JUL05-B96.5,0.9686548547547446,KXHIGHAUS-26JUL05-B96.5,,,1.0
,,0.0011790217565353916,t_plus_22h,aus,aus:2026-07-05,,KXHIGHAUS-26JUL05,0.03184691758465019,bracket,raycaster_cloudcaster,,0.0001493427558278161,2026-07-06T04:00:00+00:00,2026-07-05,1.0,0.9686548547547446,KXHIGHAUS-26JUL05-B96.5,0.9686548547547446,KXHIGHAUS-26JUL05-B96.5,,,1.0
,,0.0011790217565353916,t_plus_23h,aus,aus:2026-07-05,,KXHIGHAUS-26JUL05,0.03184691758465019,bracket,raycaster_cloudcaster,,0.0001493427558278161,2026-07-06T05:00:00+00:00,2026-07-05,1.0,0.9686548547547446,KXHIGHAUS-26JUL05-B96.5,0.9686548547547446,KXHIGHAUS-26JUL05-B96.5,,,1.0
,,1.4377583757402095,t_plus_0h,den,den:2026-07-05,,KXHIGHDEN-26JUL05,2.035128363851924,bracket,raycaster_cloudcaster,,0.15161659258390112,2026-07-05T07:00:00+00:00,2026-07-05,0.0,0.8253140612425015,KXHIGHDEN-26JUL05-B93.5,0.13066370893050286,KXHIGHDEN-26JUL05-T94,,,1.0
,,1.147203169886866,t_plus_1h,den,den:2026-07-05,,KXHIGHDEN-26JUL05,1.5015790993311684,bracket,raycaster_cloudcaster,,0.1212140153729554,2026-07-05T08:00:00+00:00,2026-07-05,0.0,0.7364624634196494,KXHIGHDEN-26JUL05-B93.5,0.22277809350903144,KXHIGHDEN-26JUL05-T94,,,1.0
,,1.436239769616035,t_plus_2h,den,den:2026-07-05,,KXHIGHDEN-26JUL05,2.0333415753146724,bracket,raycaster_cloudcaster,,0.15154329264236965,2026-07-05T09:00:00+00:00,2026-07-05,0.0,0.8246238754853642,KXHIGHDEN-26JUL05-B93.5,0.13089738605148518,KXHIGHDEN-26JUL05-T94,,,1.0
,,1.2400936769532998,t_plus_3h,den,den:2026-07-05,,KXHIGHDEN-26JUL05,1.7776290732881026,bracket,raycaster_cloudcaster,,0.13992845270508922,2026-07-05T10:00:00+00:00,2026-07-05,0.0,0.7370113238676048,KXHIGHDEN-26JUL05-B93.5,0.16903845031367232,KXHIGHDEN-26JUL05-T94,,,1.0
,,1.394870914615027,t_plus_4h,den,den:2026-07-05,,KXHIGHDEN-26JUL05,2.094052144782516,bracket,raycaster_cloudcaster,,0.15541944753858766,2026-07-05T11:00:00+00:00,2026-07-05,0.0,0.7877499894655384,KXHIGHDEN-26JUL05-B93.5,0.12318695172897329,KXHIGHDEN-26JUL05-T94,,,1.0
,,1.2187957021730524,t_plus_5h,den,den:2026-07-05,,KXHIGHDEN-26JUL05,1.8132038790305423,bracket,raycaster_cloudcaster,,0.14328527652414988,2026-07-05T12:00:00+00:00,2026-07-05,0.0,0.711253176237564,KXHIGHDEN-26JUL05-B93.5,0.16313064779106815,KXHIGHDEN-26JUL05-T94,,,1.0
,,1.2711383973604458,t_plus_6h,den,den:2026-07-05,,KXHIGHDEN-26JUL05,1.7354236654786974,bracket,raycaster_cloudcaster,,0.1363598747382498,2026-07-05T13:00:00+00:00,2026-07-05,0.0,0.7687829382402918,KXHIGHDEN-26JUL05-B93.5,0.17632548144005888,KXHIGHDEN-26JUL05-T94,,,1.0
,,1.2970897833965194,t_plus_7h,den,den:2026-07-05,,KXHIGHDEN-26JUL05,1.7057451034181699,bracket,raycaster_cloudcaster,,0.13415677648793034,2026-07-05T14:00:00+00:00,2026-07-05,0.0,0.7919412634509085,KXHIGHDEN-26JUL05-B93.5,0.18163699739468472,KXHIGHDEN-26JUL05-T94,,,1.0
,,1.4721926601647108,t_plus_8h,den,den:2026-07-05,,KXHIGHDEN-26JUL05,2.0311659401957645,bracket,raycaster_cloudcaster,,0.15114902460935564,2026-07-05T15:00:00+00:00,2026-07-05,0.0,0.8468935076565038,KXHIGHDEN-26JUL05-B93.5,0.13118248102040994,KXHIGHDEN-26JUL05-T94,,,1.0
,,1.4721926601647108,t_plus_9h,den,den:2026-07-05,,KXHIGHDEN-26JUL05,2.0311659401957645,bracket,raycaster_cloudcaster,,0.15114902460935564,2026-07-05T16:00:00+00:00,2026-07-05,0.0,0.8468935076565038,KXHIGHDEN-26JUL05-B93.5,0.13118248102040994,KXHIGHDEN-26JUL05-T94,,,1.0
,,1.4721926601647108,t_plus_10h,den,den:2026-07-05,,KXHIGHDEN-26JUL05,2.0311659401957645,bracket,raycaster_cloudcaster,,0.15114902460935564,2026-07-05T17:00:00+00:00,2026-07-05,0.0,0.8468935076565038,KXHIGHDEN-26JUL05-B93.5,0.13118248102040994,KXHIGHDEN-26JUL05-T94,,,1.0
,,1.4721926601647108,t_plus_11h,den,den:2026-07-05,,KXHIGHDEN-26JUL05,2.0311659401957645,bracket,raycaster_cloudcaster,,0.15114902460935564,2026-07-05T18:00:00+00:00,2026-07-05,0.0,0.8468935076565038,KXHIGHDEN-26JUL05-B93.5,0.13118248102040994,KXHIGHDEN-26JUL05-T94,,,1.0
,,1.4721926601647108,t_plus_12h,den,den:2026-07-05,,KXHIGHDEN-26JUL05,2.0311659401957645,bracket,raycaster_cloudcaster,,0.15114902460935564,2026-07-05T19:00:00+00:00,2026-07-05,0.0,0.8468935076565038,KXHIGHDEN-26JUL05-B93.5,0.13118248102040994,KXHIGHDEN-26JUL05-T94,,,1.0
,,1.4721926601647108,t_plus_13h,den,den:2026-07-05,,KXHIGHDEN-26JUL05,2.0311659401957645,bracket,raycaster_cloudcaster,,0.15114902460935564,2026-07-05T20:00:00+00:00,2026-07-05,0.0,0.8468935076565038,KXHIGHDEN-26JUL05-B93.5,0.13118248102040994,KXHIGHDEN-26JUL05-T94,,,1.0
,,0.178845171975251,t_plus_14h,den,den:2026-07-05,,KXHIGHDEN-26JUL05,0.4247912955511214,bracket,raycaster_cloudcaster,,0.028434863336667938,2026-07-05T21:00:00+00:00,2026-07-05,1.0,0.6539062440318409,KXHIGHDEN-26JUL05-T94,0.6539062440318409,KXHIGHDEN-26JUL05-T94,,,1.0
,,0.003652557395529371,t_plus_15h,den,den:2026-07-05,,KXHIGHDEN-26JUL05,0.056550520191239594,bracket,raycaster_cloudcaster,,0.0011899814115063664,2026-07-05T22:00:00+00:00,2026-07-05,1.0,0.9450187407616374,KXHIGHDEN-26JUL05-T94,0.9450187407616374,KXHIGHDEN-26JUL05-T94,,,1.0
,,0.003251011373673306,t_plus_16h,den,den:2026-07-05,,KXHIGHDEN-26JUL05,0.05341209505431025,bracket,raycaster_cloudcaster,,0.0011301028233854141,2026-07-05T23:00:00+00:00,2026-07-05,1.0,0.9479892702865405,KXHIGHDEN-26JUL05-T94,0.9479892702865405,KXHIGHDEN-26JUL05-T94,,,1.0
,,0.001553784184481979,t_plus_17h,den,den:2026-07-05,,KXHIGHDEN-26JUL05,0.036619001742935225,bracket,raycaster_cloudcaster,,0.0005401198863942011,2026-07-06T00:00:00+00:00,2026-07-05,1.0,0.9640433642293358,KXHIGHDEN-26JUL05-T94,0.9640433642293358,KXHIGHDEN-26JUL05-T94,,,1.0
,,0.001553784184481979,t_plus_18h,den,den:2026-07-05,,KXHIGHDEN-26JUL05,0.036619001742935225,bracket,raycaster_cloudcaster,,0.0005401198863942011,2026-07-06T01:00:00+00:00,2026-07-05,1.0,0.9640433642293358,KXHIGHDEN-26JUL05-T94,0.9640433642293358,KXHIGHDEN-26JUL05-T94,,,1.0
,,0.0013924015945894434,t_plus_19h,den,den:2026-07-05,,KXHIGHDEN-26JUL05,0.03463093917360366,bracket,raycaster_cloudcaster,,0.0004840207530722727,2026-07-06T02:00:00+00:00,2026-07-05,1.0,0.9659618491591282,KXHIGHDEN-26JUL05-T94,0.9659618491591282,KXHIGHDEN-26JUL05-T94,,,1.0
,,0.0013924015945894434,t_plus_20h,den,den:2026-07-05,,KXHIGHDEN-26JUL05,0.03463093917360366,bracket,raycaster_cloudcaster,,0.0004840207530722727,2026-07-06T03:00:00+00:00,2026-07-05,1.0,0.9659618491591282,KXHIGHDEN-26JUL05-T94,0.9659618491591282,KXHIGHDEN-26JUL05-T94,,,1.0
,,0.001553784184481979,t_plus_21h,den,den:2026-07-05,,KXHIGHDEN-26JUL05,0.036619001742935225,bracket,raycaster_cloudcaster,,0.0005401198863942011,2026-07-06T04:00:00+00:00,2026-07-05,1.0,0.9640433642293358,KXHIGHDEN-26JUL05-T94,0.9640433642293358,KXHIGHDEN-26JUL05-T94,,,1.0
,,0.001553784184481979,t_plus_22h,den,den:2026-07-05,,KXHIGHDEN-26JUL05,0.036619001742935225,bracket,raycaster_cloudcaster,,0.0005401198863942011,2026-07-06T05:00:00+00:00,2026-07-05,1.0,0.9640433642293358,KXHIGHDEN-26JUL05-T94,0.9640433642293358,KXHIGHDEN-26JUL05-T94,,,1.0
,,0.001553784184481979,t_plus_23h,den,den:2026-07-05,,KXHIGHDEN-26JUL05,0.036619001742935225,bracket,raycaster_cloudcaster,,0.0005401198863942011,2026-07-06T06:00:00+00:00,2026-07-05,1.0,0.9640433642293358,KXHIGHDEN-26JUL05-T94,0.9640433642293358,KXHIGHDEN-26JUL05-T94,,,1.0
,,0.15117948143554902,t_plus_0h,la,la:2026-07-05,,KXHIGHLAX-26JUL05,0.3410390125517233,bracket,raycaster_cloudcaster,,0.014647855997012817,2026-07-05T08:00:00+00:00,2026-07-05,1.0,0.7110311685250764,KXHIGHLAX-26JUL05-B74.5,0.7110311685250764,KXHIGHLAX-26JUL05-B74.5,,,1.0
,,0.10803265542480847,t_plus_1h,la,la:2026-07-05,,KXHIGHLAX-26JUL05,0.2915931111551532,bracket,raycaster_cloudcaster,,0.009785413569277956,2026-07-05T09:00:00+00:00,2026-07-05,1.0,0.7470724495856637,KXHIGHLAX-26JUL05-B74.5,0.7470724495856637,KXHIGHLAX-26JUL05-B74.5,,,1.0
,,0.10650033612976209,t_plus_2h,la,la:2026-07-05,,KXHIGHLAX-26JUL05,0.2865241751499722,bracket,raycaster_cloudcaster,,0.009430034324666343,2026-07-05T10:00:00+00:00,2026-07-05,1.0,0.7508689259427762,KXHIGHLAX-26JUL05-B74.5,0.7508689259427762,KXHIGHLAX-26JUL05-B74.5,,,1.0
,,0.09861573496336287,t_plus_3h,la,la:2026-07-05,,KXHIGHLAX-26JUL05,0.2635289247847465,bracket,raycaster_cloudcaster,,0.009470019322925932,2026-07-05T11:00:00+00:00,2026-07-05,1.0,0.7683353981818085,KXHIGHLAX-26JUL05-B74.5,0.7683353981818085,KXHIGHLAX-26JUL05-B74.5,,,1.0
,,0.04373692267086819,t_plus_4h,la,la:2026-07-05,,KXHIGHLAX-26JUL05,0.1728832844417903,bracket,raycaster_cloudcaster,,0.004078585504847323,2026-07-05T12:00:00+00:00,2026-07-05,1.0,0.8412357944203015,KXHIGHLAX-26JUL05-B74.5,0.8412357944203015,KXHIGHLAX-26JUL05-B74.5,,,1.0
,,0.06923861246511341,t_plus_5h,la,la:2026-07-05,,KXHIGHLAX-26JUL05,0.21892093839987792,bracket,raycaster_cloudcaster,,0.006549482827133894,2026-07-05T13:00:00+00:00,2026-07-05,1.0,0.803385232564819,KXHIGHLAX-26JUL05-B74.5,0.803385232564819,KXHIGHLAX-26JUL05-B74.5,,,1.0
,,0.06923861246511341,t_plus_6h,la,la:2026-07-05,,KXHIGHLAX-26JUL05,0.21892093839987792,bracket,raycaster_cloudcaster,,0.006549482827133894,2026-07-05T14:00:00+00:00,2026-07-05,1.0,0.803385232564819,KXHIGHLAX-26JUL05-B74.5,0.803385232564819,KXHIGHLAX-26JUL05-B74.5,,,1.0
,,0.11075101812500901,t_plus_7h,la,la:2026-07-05,,KXHIGHLAX-26JUL05,0.2985749428413245,bracket,raycaster_cloudcaster,,0.012220529761810846,2026-07-05T15:00:00+00:00,2026-07-05,1.0,0.7418746815701662,KXHIGHLAX-26JUL05-B74.5,0.7418746815701662,KXHIGHLAX-26JUL05-B74.5,,,1.0
,,0.0694837426418898,t_plus_8h,la,la:2026-07-05,,KXHIGHLAX-26JUL05,0.23008200750312466,bracket,raycaster_cloudcaster,,0.007350087889767121,2026-07-05T16:00:00+00:00,2026-07-05,1.0,0.7944684474580819,KXHIGHLAX-26JUL05-B74.5,0.7944684474580819,KXHIGHLAX-26JUL05-B74.5,,,1.0
,,0.10475793297016868,t_plus_9h,la,la:2026-07-05,,KXHIGHLAX-26JUL05,0.2836454446510917,bracket,raycaster_cloudcaster,,0.010986313988147405,2026-07-05T17:00:00+00:00,2026-07-05,1.0,0.7530335894671065,KXHIGHLAX-26JUL05-B74.5,0.7530335894671065,KXHIGHLAX-26JUL05-B74.5,,,1.0
,,0.09738651202420037,t_plus_10h,la,la:2026-07-05,,KXHIGHLAX-26JUL05,0.2617425078588675,bracket,raycaster_cloudcaster,,0.009349258346275983,2026-07-05T18:00:00+00:00,2026-07-05,1.0,0.769709192261023,KXHIGHLAX-26JUL05-B74.5,0.769709192261023,KXHIGHLAX-26JUL05-B74.5,,,1.0
,,0.09932829403855932,t_plus_11h,la,la:2026-07-05,,KXHIGHLAX-26JUL05,0.2645608120375395,bracket,raycaster_cloudcaster,,0.009540033192884137,2026-07-05T19:00:00+00:00,2026-07-05,1.0,0.7675429715963153,KXHIGHLAX-26JUL05-B74.5,0.7675429715963153,KXHIGHLAX-26JUL05-B74.5,,,1.0
,,0.005103348722959061,t_plus_12h,la,la:2026-07-05,,KXHIGHLAX-26JUL05,0.06233272063138637,bracket,raycaster_cloudcaster,,0.00046688343588273276,2026-07-05T20:00:00+00:00,2026-07-05,1.0,0.9395702203817335,KXHIGHLAX-26JUL05-B74.5,0.9395702203817335,KXHIGHLAX-26JUL05-B74.5,,,1.0
,,0.09861573496336287,t_plus_13h,la,la:2026-07-05,,KXHIGHLAX-26JUL05,0.2635289247847465,bracket,raycaster_cloudcaster,,0.009470019322925932,2026-07-05T21:00:00+00:00,2026-07-05,1.0,0.7683353981818085,KXHIGHLAX-26JUL05-B74.5,0.7683353981818085,KXHIGHLAX-26JUL05-B74.5,,,1.0
,,0.001460907522156295,t_plus_14h,la,la:2026-07-05,,KXHIGHLAX-26JUL05,0.03539075773088445,bracket,raycaster_cloudcaster,,0.00016846981367203896,2026-07-05T22:00:00+00:00,2026-07-05,1.0,0.9652281721864987,KXHIGHLAX-26JUL05-B74.5,0.9652281721864987,KXHIGHLAX-26JUL05-B74.5,,,1.0
,,0.0012973022625746475,t_plus_15h,la,la:2026-07-05,,KXHIGHLAX-26JUL05,0.03340706696667908,bracket,raycaster_cloudcaster,,0.00015716975104552072,2026-07-05T23:00:00+00:00,2026-07-05,1.0,0.9671447867538293,KXHIGHLAX-26JUL05-B74.5,0.9671447867538293,KXHIGHLAX-26JUL05-B74.5,,,1.0
,,0.0012973022625746475,t_plus_16h,la,la:2026-07-05,,KXHIGHLAX-26JUL05,0.03340706696667908,bracket,raycaster_cloudcaster,,0.00015716975104552072,2026-07-06T00:00:00+00:00,2026-07-05,1.0,0.9671447867538293,KXHIGHLAX-26JUL05-B74.5,0.9671447867538293,KXHIGHLAX-26JUL05-B74.5,,,1.0
,,0.0012973022625746475,t_plus_17h,la,la:2026-07-05,,KXHIGHLAX-26JUL05,0.03340706696667908,bracket,raycaster_cloudcaster,,0.00015716975104552072,2026-07-06T01:00:00+00:00,2026-07-05,1.0,0.9671447867538293,KXHIGHLAX-26JUL05-B74.5,0.9671447867538293,KXHIGHLAX-26JUL05-B74.5,,,1.0
,,0.0012973022625746475,t_plus_18h,la,la:2026-07-05,,KXHIGHLAX-26JUL05,0.03340706696667908,bracket,raycaster_cloudcaster,,0.00015716975104552072,2026-07-06T02:00:00+00:00,2026-07-05,1.0,0.9671447867538293,KXHIGHLAX-26JUL05-B74.5,0.9671447867538293,KXHIGHLAX-26JUL05-B74.5,,,1.0
,,0.0012973022625746475,t_plus_19h,la,la:2026-07-05,,KXHIGHLAX-26JUL05,0.03340706696667908,bracket,raycaster_cloudcaster,,0.00015716975104552072,2026-07-06T03:00:00+00:00,2026-07-05,1.0,0.9671447867538293,KXHIGHLAX-26JUL05-B74.5,0.9671447867538293,KXHIGHLAX-26JUL05-B74.5,,,1.0
,,0.0012973022625746475,t_plus_20h,la,la:2026-07-05,,KXHIGHLAX-26JUL05,0.03340706696667908,bracket,raycaster_cloudcaster,,0.00015716975104552072,2026-07-06T04:00:00+00:00,2026-07-05,1.0,0.9671447867538293,KXHIGHLAX-26JUL05-B74.5,0.9671447867538293,KXHIGHLAX-26JUL05-B74.5,,,1.0
,,0.0012973022625746475,t_plus_21h,la,la:2026-07-05,,KXHIGHLAX-26JUL05,0.03340706696667908,bracket,raycaster_cloudcaster,,0.00015716975104552072,2026-07-06T05:00:00+00:00,2026-07-05,1.0,0.9671447867538293,KXHIGHLAX-26JUL05-B74.5,0.9671447867538293,KXHIGHLAX-26JUL05-B74.5,,,1.0
,,0.0012973022625746475,t_plus_22h,la,la:2026-07-05,,KXHIGHLAX-26JUL05,0.03340706696667908,bracket,raycaster_cloudcaster,,0.00015716975104552072,2026-07-06T06:00:00+00:00,2026-07-05,1.0,0.9671447867538293,KXHIGHLAX-26JUL05-B74.5,0.9671447867538293,KXHIGHLAX-26JUL05-B74.5,,,1.0
,,0.0012973022625746475,t_plus_23h,la,la:2026-07-05,,KXHIGHLAX-26JUL05,0.03340706696667908,bracket,raycaster_cloudcaster,,0.00015716975104552072,2026-07-06T07:00:00+00:00,2026-07-05,1.0,0.9671447867538293,KXHIGHLAX-26JUL05-B74.5,0.9671447867538293,KXHIGHLAX-26JUL05-B74.5,,,1.0
,,1.4587750788030212,t_plus_0h,mia,mia:2026-07-05,,KXHIGHMIA-26JUL05,2.012439735526042,bracket,raycaster_cloudcaster,,0.14833800954234103,2026-07-05T05:00:00+00:00,2026-07-05,0.0,0.8414702140076535,KXHIGHMIA-26JUL05-B91.5,0.13366217618605364,KXHIGHMIA-26JUL05-B93.5,,,1.0
,,1.0240283193100121,t_plus_1h,mia,mia:2026-07-05,,KXHIGHMIA-26JUL05,1.3276200518875962,bracket,raycaster_cloudcaster,,0.10687267565498997,2026-07-05T06:00:00+00:00,2026-07-05,0.0,0.6951640934675617,KXHIGHMIA-26JUL05-B91.5,0.26510745307303024,KXHIGHMIA-26JUL05-B93.5,,,1.0
,,1.032458589494812,t_plus_2h,mia,mia:2026-07-05,,KXHIGHMIA-26JUL05,1.3124292330451275,bracket,raycaster_cloudcaster,,0.1055077401834534,2026-07-05T07:00:00+00:00,2026-07-05,0.0,0.7058048213406761,KXHIGHMIA-26JUL05-B91.5,0.2691653960706517,KXHIGHMIA-26JUL05-B93.5,,,1.0
,,1.015926083635053,t_plus_3h,mia,mia:2026-07-05,,KXHIGHMIA-26JUL05,1.2958707805959662,bracket,raycaster_cloudcaster,,0.10368294786237175,2026-07-05T08:00:00+00:00,2026-07-05,0.0,0.6986875153552687,KXHIGHMIA-26JUL05-B91.5,0.27365946319851364,KXHIGHMIA-26JUL05-B93.5,,,1.0
,,0.5401242850254985,t_plus_4h,mia,mia:2026-07-05,,KXHIGHMIA-26JUL05,0.780973187280458,bracket,raycaster_cloudcaster,,0.056710430096968176,2026-07-05T09:00:00+00:00,2026-07-05,0.0,0.4957634644621921,KXHIGHMIA-26JUL05-B91.5,0.4579601134120071,KXHIGHMIA-26JUL05-B93.5,,,1.0
,,0.5443705783124044,t_plus_5h,mia,mia:2026-07-05,,KXHIGHMIA-26JUL05,0.8276373679365346,bracket,raycaster_cloudcaster,,0.062330912590458434,2026-07-05T10:00:00+00:00,2026-07-05,0.0,0.4731605434151127,KXHIGHMIA-26JUL05-B91.5,0.4370807283258305,KXHIGHMIA-26JUL05-B93.5,,,1.0
,,1.0570552644796907,t_plus_6h,mia,mia:2026-07-05,,KXHIGHMIA-26JUL05,1.3431437789901168,bracket,raycaster_cloudcaster,,0.10792205878842571,2026-07-05T11:00:00+00:00,2026-07-05,0.0,0.7147035331621543,KXHIGHMIA-26JUL05-B91.5,0.26102377626959977,KXHIGHMIA-26JUL05-B93.5,,,1.0
,,1.3479708151545362,t_plus_7h,mia,mia:2026-07-05,,KXHIGHMIA-26JUL05,3.057064545119659,bracket,raycaster_cloudcaster,,0.19957177424482336,2026-07-05T12:00:00+00:00,2026-07-05,0.0,0.5836863349863713,KXHIGHMIA-26JUL05-B91.5,0.047025534144743496,KXHIGHMIA-26JUL05-B93.5,,,1.0
,,1.2873863391581155,t_plus_8h,mia,mia:2026-07-05,,KXHIGHMIA-26JUL05,2.4747793846981807,bracket,raycaster_cloudcaster,,0.1787089971904977,2026-07-05T13:00:00+00:00,2026-07-05,0.0,0.6195152908602944,KXHIGHMIA-26JUL05-B91.5,0.08418155994911178,KXHIGHMIA-26JUL05-B93.5,,,1.0
,,1.0700049756391572,t_plus_9h,mia,mia:2026-07-05,,KXHIGHMIA-26JUL05,1.8026305135963037,bracket,raycaster_cloudcaster,,0.14870266407722363,2026-07-05T14:00:00+00:00,2026-07-05,0.0,0.5640908097217024,KXHIGHMIA-26JUL05-B91.5,0.16486463864877132,KXHIGHMIA-26JUL05-B93.5,,,1.0
,,1.001443471864624,t_plus_10h,mia,mia:2026-07-05,,KXHIGHMIA-26JUL05,1.324016526116873,bracket,raycaster_cloudcaster,,0.10630649828312386,2026-07-05T15:00:00+00:00,2026-07-05,0.0,0.6792966003087916,KXHIGHMIA-26JUL05-B91.5,0.2660644979444849,KXHIGHMIA-26JUL05-B93.5,,,1.0
,,1.2085841420695198,t_plus_11h,mia,mia:2026-07-05,,KXHIGHMIA-26JUL05,1.5484399592453044,bracket,raycaster_cloudcaster,,0.12248908673457057,2026-07-05T16:00:00+00:00,2026-07-05,0.0,0.7671047349086146,KXHIGHMIA-26JUL05-B91.5,0.21257934772720308,KXHIGHMIA-26JUL05-B93.5,,,1.0
,,0.040770606892522966,t_plus_12h,mia,mia:2026-07-05,,KXHIGHMIA-26JUL05,0.16618032109352748,bracket,raycaster_cloudcaster,,0.0036220170175195942,2026-07-05T17:00:00+00:00,2026-07-05,1.0,0.8468935076565038,KXHIGHMIA-26JUL05-B93.5,0.8468935076565038,KXHIGHMIA-26JUL05-B93.5,,,1.0
,,0.0011790217565353916,t_plus_13h,mia,mia:2026-07-05,,KXHIGHMIA-26JUL05,0.03184691758465019,bracket,raycaster_cloudcaster,,0.00024366449635064712,2026-07-05T18:00:00+00:00,2026-07-05,1.0,0.9686548547547446,KXHIGHMIA-26JUL05-B93.5,0.9686548547547446,KXHIGHMIA-26JUL05-B93.5,,,1.0
,,0.0011790217565353916,t_plus_14h,mia,mia:2026-07-05,,KXHIGHMIA-26JUL05,0.03184691758465019,bracket,raycaster_cloudcaster,,0.00024366449635064712,2026-07-05T19:00:00+00:00,2026-07-05,1.0,0.9686548547547446,KXHIGHMIA-26JUL05-B93.5,0.9686548547547446,KXHIGHMIA-26JUL05-B93.5,,,1.0
,,0.0011790217565353916,t_plus_15h,mia,mia:2026-07-05,,KXHIGHMIA-26JUL05,0.03184691758465019,bracket,raycaster_cloudcaster,,0.00024366449635064712,2026-07-05T20:00:00+00:00,2026-07-05,1.0,0.9686548547547446,KXHIGHMIA-26JUL05-B93.5,0.9686548547547446,KXHIGHMIA-26JUL05-B93.5,,,1.0
,,0.0011790217565353916,t_plus_16h,mia,mia:2026-07-05,,KXHIGHMIA-26JUL05,0.03184691758465019,bracket,raycaster_cloudcaster,,0.00024366449635064712,2026-07-05T21:00:00+00:00,2026-07-05,1.0,0.9686548547547446,KXHIGHMIA-26JUL05-B93.5,0.9686548547547446,KXHIGHMIA-26JUL05-B93.5,,,1.0
,,0.0011790217565353916,t_plus_17h,mia,mia:2026-07-05,,KXHIGHMIA-26JUL05,0.03184691758465019,bracket,raycaster_cloudcaster,,0.00024366449635064712,2026-07-05T22:00:00+00:00,2026-07-05,1.0,0.9686548547547446,KXHIGHMIA-26JUL05-B93.5,0.9686548547547446,KXHIGHMIA-26JUL05-B93.5,,,1.0
,,0.0011790217565353916,t_plus_18h,mia,mia:2026-07-05,,KXHIGHMIA-26JUL05,0.03184691758465019,bracket,raycaster_cloudcaster,,0.00024366449635064712,2026-07-05T23:00:00+00:00,2026-07-05,1.0,0.9686548547547446,KXHIGHMIA-26JUL05-B93.5,0.9686548547547446,KXHIGHMIA-26JUL05-B93.5,,,1.0
,,0.0011790217565353916,t_plus_19h,mia,mia:2026-07-05,,KXHIGHMIA-26JUL05,0.03184691758465019,bracket,raycaster_cloudcaster,,0.00024366449635064712,2026-07-06T00:00:00+00:00,2026-07-05,1.0,0.9686548547547446,KXHIGHMIA-26JUL05-B93.5,0.9686548547547446,KXHIGHMIA-26JUL05-B93.5,,,1.0
,,0.0011790217565353916,t_plus_20h,mia,mia:2026-07-05,,KXHIGHMIA-26JUL05,0.03184691758465019,bracket,raycaster_cloudcaster,,0.00024366449635064712,2026-07-06T01:00:00+00:00,2026-07-05,1.0,0.9686548547547446,KXHIGHMIA-26JUL05-B93.5,0.9686548547547446,KXHIGHMIA-26JUL05-B93.5,,,1.0
,,0.0011790217565353916,t_plus_21h,mia,mia:2026-07-05,,KXHIGHMIA-26JUL05,0.03184691758465019,bracket,raycaster_cloudcaster,,0.00024366449635064712,2026-07-06T02:00:00+00:00,2026-07-05,1.0,0.9686548547547446,KXHIGHMIA-26JUL05-B93.5,0.9686548547547446,KXHIGHMIA-26JUL05-B93.5,,,1.0
,,0.0011790217565353916,t_plus_22h,mia,mia:2026-07-05,,KXHIGHMIA-26JUL05,0.03184691758465019,bracket,raycaster_cloudcaster,,0.00024366449635064712,2026-07-06T03:00:00+00:00,2026-07-05,1.0,0.9686548547547446,KXHIGHMIA-26JUL05-B93.5,0.9686548547547446,KXHIGHMIA-26JUL05-B93.5,,,1.0
,,0.0011790217565353916,t_plus_23h,mia,mia:2026-07-05,,KXHIGHMIA-26JUL05,0.03184691758465019,bracket,raycaster_cloudcaster,,0.00024366449635064712,2026-07-06T04:00:00+00:00,2026-07-05,1.0,0.9686548547547446,KXHIGHMIA-26JUL05-B93.5,0.9686548547547446,KXHIGHMIA-26JUL05-B93.5,,,1.0
,,1.4584132195138082,t_plus_0h,nyc,nyc:2026-07-05,,KXHIGHNY-26JUL05,2.002608434797391,bracket,raycaster_cloudcaster,,0.1498388441847537,2026-07-05T05:00:00+00:00,2026-07-05,0.0,0.8426346161195256,KXHIGHNY-26JUL05-B84.5,0.13498272998048982,KXHIGHNY-26JUL05-T84,,,1.0
,,0.6513415014034653,t_plus_1h,nyc,nyc:2026-07-05,,KXHIGHNY-26JUL05,0.862506489329454,bracket,raycaster_cloudcaster,,0.06687279137345539,2026-07-05T06:00:00+00:00,2026-07-05,0.0,0.5633144021825214,KXHIGHNY-26JUL05-B84.5,0.4221027592194098,KXHIGHNY-26JUL05-T84,,,1.0
,,1.4719814151530948,t_plus_2h,nyc,nyc:2026-07-05,,KXHIGHNY-26JUL05,2.035727388268842,bracket,raycaster_cloudcaster,,0.15136858051779184,2026-07-05T07:00:00+00:00,2026-07-05,0.0,0.846145982689072,KXHIGHNY-26JUL05-B84.5,0.13058546161681392,KXHIGHNY-26JUL05-T84,,,1.0
,,1.4719814151530948,t_plus_3h,nyc,nyc:2026-07-05,,KXHIGHNY-26JUL05,2.035727388268842,bracket,raycaster_cloudcaster,,0.15136858051779184,2026-07-05T08:00:00+00:00,2026-07-05,0.0,0.846145982689072,KXHIGHNY-26JUL05-B84.5,0.13058546161681392,KXHIGHNY-26JUL05-T84,,,1.0
,,1.4746153087706484,t_plus_4h,nyc,nyc:2026-07-05,,KXHIGHNY-26JUL05,2.0366279878029374,bracket,raycaster_cloudcaster,,0.15139775630301708,2026-07-05T09:00:00+00:00,2026-07-05,0.0,0.8475900476007182,KXHIGHNY-26JUL05-B84.5,0.1304679093526247,KXHIGHNY-26JUL05-T84,,,1.0
,,1.3025971498124032,t_plus_5h,nyc,nyc:2026-07-05,,KXHIGHNY-26JUL05,2.22691975734376,bracket,raycaster_cloudcaster,,0.16782662844312218,2026-07-05T10:00:00+00:00,2026-07-05,0.0,0.6849401476212534,KXHIGHNY-26JUL05-B84.5,0.10786015442643244,KXHIGHNY-26JUL05-T84,,,1.0
,,0.9825497984012251,t_plus_6h,nyc,nyc:2026-07-05,,KXHIGHNY-26JUL05,1.6815719559458027,bracket,raycaster_cloudcaster,,0.15822005096097133,2026-07-05T11:00:00+00:00,2026-07-05,0.0,0.4564561251891232,KXHIGHNY-26JUL05-B84.5,0.1860812345083086,KXHIGHNY-26JUL05-T84,,,1.0
,,1.3025971498124032,t_plus_7h,nyc,nyc:2026-07-05,,KXHIGHNY-26JUL05,2.22691975734376,bracket,raycaster_cloudcaster,,0.16782662844312218,2026-07-05T12:00:00+00:00,2026-07-05,0.0,0.6849401476212534,KXHIGHNY-26JUL05-B84.5,0.10786015442643244,KXHIGHNY-26JUL05-T84,,,1.0
,,1.4441894675309688,t_plus_8h,nyc,nyc:2026-07-05,,KXHIGHNY-26JUL05,2.0633540356469204,bracket,raycaster_cloudcaster,,0.15295190531685204,2026-07-05T13:00:00+00:00,2026-07-05,0.0,0.8252373456222513,KXHIGHNY-26JUL05-B84.5,0.12702720083585048,KXHIGHNY-26JUL05-T84,,,1.0
,,1.4746153087706484,t_plus_9h,nyc,nyc:2026-07-05,,KXHIGHNY-26JUL05,2.0366279878029374,bracket,raycaster_cloudcaster,,0.15139775630301708,2026-07-05T14:00:00+00:00,2026-07-05,0.0,0.8475900476007182,KXHIGHNY-26JUL05-B84.5,0.1304679093526247,KXHIGHNY-26JUL05-T84,,,1.0
,,1.4746153087706484,t_plus_10h,nyc,nyc:2026-07-05,,KXHIGHNY-26JUL05,2.0366279878029374,bracket,raycaster_cloudcaster,,0.15139775630301708,2026-07-05T15:00:00+00:00,2026-07-05,0.0,0.8475900476007182,KXHIGHNY-26JUL05-B84.5,0.1304679093526247,KXHIGHNY-26JUL05-T84,,,1.0
,,0.9833677497931926,t_plus_11h,nyc,nyc:2026-07-05,,KXHIGHNY-26JUL05,1.2867981374958821,bracket,raycaster_cloudcaster,,0.10559960056133359,2026-07-05T16:00:00+00:00,2026-07-05,0.0,0.6774030226854226,KXHIGHNY-26JUL05-B84.5,0.2761535748232892,KXHIGHNY-26JUL05-T84,,,1.0
,,1.364946604954212,t_plus_12h,nyc,nyc:2026-07-05,,KXHIGHNY-26JUL05,1.8291760709745164,bracket,raycaster_cloudcaster,,0.14121005931676697,2026-07-05T17:00:00+00:00,2026-07-05,0.0,0.8124536785924942,KXHIGHNY-26JUL05-B84.5,0.16054579163380148,KXHIGHNY-26JUL05-T84,,,1.0
,,0.9833677497931926,t_plus_13h,nyc,nyc:2026-07-05,,KXHIGHNY-26JUL05,1.2867981374958821,bracket,raycaster_cloudcaster,,0.10559960056133359,2026-07-05T18:00:00+00:00,2026-07-05,0.0,0.6774030226854226,KXHIGHNY-26JUL05-B84.5,0.2761535748232892,KXHIGHNY-26JUL05-T84,,,1.0
,,0.9833677497931926,t_plus_14h,nyc,nyc:2026-07-05,,KXHIGHNY-26JUL05,1.2867981374958821,bracket,raycaster_cloudcaster,,0.10559960056133359,2026-07-05T19:00:00+00:00,2026-07-05,0.0,0.6774030226854226,KXHIGHNY-26JUL05-B84.5,0.2761535748232892,KXHIGHNY-26JUL05-T84,,,1.0
,,0.03928323634926148,t_plus_15h,nyc,nyc:2026-07-05,,KXHIGHNY-26JUL05,0.19942138714503768,bracket,raycaster_cloudcaster,,0.013655472469127707,2026-07-05T20:00:00+00:00,2026-07-05,1.0,0.8192046182954984,KXHIGHNY-26JUL05-T84,0.8192046182954984,KXHIGHNY-26JUL05-T84,,,1.0
,,0.03928323634926148,t_plus_16h,nyc,nyc:2026-07-05,,KXHIGHNY-26JUL05,0.19942138714503768,bracket,raycaster_cloudcaster,,0.013655472469127707,2026-07-05T21:00:00+00:00,2026-07-05,1.0,0.8192046182954984,KXHIGHNY-26JUL05-T84,0.8192046182954984,KXHIGHNY-26JUL05-T84,,,1.0
,,0.0012655927722765652,t_plus_17h,nyc,nyc:2026-07-05,,KXHIGHNY-26JUL05,0.03301457187314641,bracket,raycaster_cloudcaster,,0.00046405068316807173,2026-07-05T22:00:00+00:00,2026-07-05,1.0,0.9675244608426002,KXHIGHNY-26JUL05-T84,0.9675244608426002,KXHIGHNY-26JUL05-T84,,,1.0
,,0.0011790217565353916,t_plus_18h,nyc,nyc:2026-07-05,,KXHIGHNY-26JUL05,0.03184691758465019,bracket,raycaster_cloudcaster,,0.00043230797739630814,2026-07-05T23:00:00+00:00,2026-07-05,1.0,0.9686548547547446,KXHIGHNY-26JUL05-T84,0.9686548547547446,KXHIGHNY-26JUL05-T84,,,1.0
,,0.0011790217565353916,t_plus_19h,nyc,nyc:2026-07-05,,KXHIGHNY-26JUL05,0.03184691758465019,bracket,raycaster_cloudcaster,,0.00043230797739630814,2026-07-06T00:00:00+00:00,2026-07-05,1.0,0.9686548547547446,KXHIGHNY-26JUL05-T84,0.9686548547547446,KXHIGHNY-26JUL05-T84,,,1.0
,,0.0011790217565353916,t_plus_20h,nyc,nyc:2026-07-05,,KXHIGHNY-26JUL05,0.03184691758465019,bracket,raycaster_cloudcaster,,0.00043230797739630814,2026-07-06T01:00:00+00:00,2026-07-05,1.0,0.9686548547547446,KXHIGHNY-26JUL05-T84,0.9686548547547446,KXHIGHNY-26JUL05-T84,,,1.0
,,0.0011790217565353916,t_plus_21h,nyc,nyc:2026-07-05,,KXHIGHNY-26JUL05,0.03184691758465019,bracket,raycaster_cloudcaster,,0.00043230797739630814,2026-07-06T02:00:00+00:00,2026-07-05,1.0,0.9686548547547446,KXHIGHNY-26JUL05-T84,0.9686548547547446,KXHIGHNY-26JUL05-T84,,,1.0
,,0.0011790217565353916,t_plus_22h,nyc,nyc:2026-07-05,,KXHIGHNY-26JUL05,0.03184691758465019,bracket,raycaster_cloudcaster,,0.00043230797739630814,2026-07-06T03:00:00+00:00,2026-07-05,1.0,0.9686548547547446,KXHIGHNY-26JUL05-T84,0.9686548547547446,KXHIGHNY-26JUL05-T84,,,1.0
,,0.0011790217565353916,t_plus_23h,nyc,nyc:2026-07-05,,KXHIGHNY-26JUL05,0.03184691758465019,bracket,raycaster_cloudcaster,,0.00043230797739630814,2026-07-06T04:00:00+00:00,2026-07-05,1.0,0.9686548547547446,KXHIGHNY-26JUL05-T84,0.9686548547547446,KXHIGHNY-26JUL05-T84,,,1.0
,,1.3121441734800514,t_plus_0h,okc,okc:2026-07-05,,KXHIGHTOKC-26JUL05,2.2092261145271754,bracket,raycaster_cloudcaster,,0.27161492586444314,2026-07-05T06:00:00+00:00,2026-07-05,0.0,0.7063370020493465,KXHIGHTOKC-26JUL05-B92.5,0.1097855771120219,KXHIGHTOKC-26JUL05-T90,,,0.0
,,1.2577665947735437,t_plus_1h,okc,okc:2026-07-05,,KXHIGHTOKC-26JUL05,2.689615237622351,bracket,raycaster_cloudcaster,,0.2228020807369638,2026-07-05T07:00:00+00:00,2026-07-05,0.0,0.4397457526214611,KXHIGHTOKC-26JUL05-B90.5,0.06790706242865363,KXHIGHTOKC-26JUL05-T90,,,1.0
,,1.2385435163045801,t_plus_2h,okc,okc:2026-07-05,,KXHIGHTOKC-26JUL05,2.3005692003755644,bracket,raycaster_cloudcaster,,0.29612185661024554,2026-07-05T08:00:00+00:00,2026-07-05,0.0,0.6255133456364036,KXHIGHTOKC-26JUL05-B92.5,0.1002017925896066,KXHIGHTOKC-26JUL05-T90,,,0.0
,,1.238322484038773,t_plus_3h,okc,okc:2026-07-05,,KXHIGHTOKC-26JUL05,2.2968658196972167,bracket,raycaster_cloudcaster,,0.2894305549027844,2026-07-05T09:00:00+00:00,2026-07-05,0.0,0.6278341544414295,KXHIGHTOKC-26JUL05-B92.5,0.10057356595646377,KXHIGHTOKC-26JUL05-T90,,,0.0
,,1.288858598248408,t_plus_4h,okc,okc:2026-07-05,,KXHIGHTOKC-26JUL05,2.200410202472867,bracket,raycaster_cloudcaster,,0.2751548806361621,2026-07-05T10:00:00+00:00,2026-07-05,0.0,0.6914090823204863,KXHIGHTOKC-26JUL05-B92.5,0.11075771595370357,KXHIGHTOKC-26JUL05-T90,,,0.0
,,1.3589405876254725,t_plus_5h,okc,okc:2026-07-05,,KXHIGHTOKC-26JUL05,2.146730154833707,bracket,raycaster_cloudcaster,,0.27355208249030705,2026-07-05T11:00:00+00:00,2026-07-05,0.0,0.7518887869428682,KXHIGHTOKC-26JUL05-B92.5,0.11686566633077781,KXHIGHTOKC-26JUL05-T90,,,0.0
,,1.5694090308392645,t_plus_6h,okc,okc:2026-07-05,,KXHIGHTOKC-26JUL05,3.207273748877526,bracket,raycaster_cloudcaster,,0.32433117825417174,2026-07-05T12:00:00+00:00,2026-07-05,0.0,0.7952955948517053,KXHIGHTOKC-26JUL05-B92.5,0.04046678564480323,KXHIGHTOKC-26JUL05-T90,,,0.0
,,1.5511019203858456,t_plus_7h,okc,okc:2026-07-05,,KXHIGHTOKC-26JUL05,3.226819294702688,bracket,raycaster_cloudcaster,,0.31925746497797236,2026-07-05T13:00:00+00:00,2026-07-05,0.0,0.7799020361728138,KXHIGHTOKC-26JUL05-B92.5,0.03968351984602114,KXHIGHTOKC-26JUL05-T90,,,0.0
,,1.3278967920965328,t_plus_8h,okc,okc:2026-07-05,,KXHIGHTOKC-26JUL05,2.1940783278937768,bracket,raycaster_cloudcaster,,0.27331599427822445,2026-07-05T14:00:00+00:00,2026-07-05,0.0,0.7216091763952285,KXHIGHTOKC-26JUL05-B92.5,0.11146124489778134,KXHIGHTOKC-26JUL05-T90,,,0.0
,,1.3333864711716057,t_plus_9h,okc,okc:2026-07-05,,KXHIGHTOKC-26JUL05,2.157993337683161,bracket,raycaster_cloudcaster,,0.27555519100842396,2026-07-05T15:00:00+00:00,2026-07-05,0.0,0.7330583169351889,KXHIGHTOKC-26JUL05-B92.5,0.1155567719574876,KXHIGHTOKC-26JUL05-T90,,,0.0
,,1.3544415322174643,t_plus_10h,okc,okc:2026-07-05,,KXHIGHTOKC-26JUL05,2.134288272587629,bracket,raycaster_cloudcaster,,0.2726464314358703,2026-07-05T16:00:00+00:00,2026-07-05,0.0,0.7506431129799368,KXHIGHTOKC-26JUL05-B92.5,0.11832877824882543,KXHIGHTOKC-26JUL05-T90,,,0.0
,,1.3405967980685172,t_plus_11h,okc,okc:2026-07-05,,KXHIGHTOKC-26JUL05,2.1185739786411464,bracket,raycaster_cloudcaster,,0.2706432298442458,2026-07-05T17:00:00+00:00,2026-07-05,0.0,0.7431510002720427,KXHIGHTOKC-26JUL05-B92.5,0.12020291827985918,KXHIGHTOKC-26JUL05-T90,,,0.0
,,1.3405967980685172,t_plus_12h,okc,okc:2026-07-05,,KXHIGHTOKC-26JUL05,2.1185739786411464,bracket,raycaster_cloudcaster,,0.2706432298442458,2026-07-05T18:00:00+00:00,2026-07-05,0.0,0.7431510002720427,KXHIGHTOKC-26JUL05-B92.5,0.12020291827985918,KXHIGHTOKC-26JUL05-T90,,,0.0
,,0.934838034937883,t_plus_13h,okc,okc:2026-07-05,,KXHIGHTOKC-26JUL05,1.5111813018039384,bracket,raycaster_cloudcaster,,0.18467323409802988,2026-07-05T19:00:00+00:00,2026-07-05,0.0,0.5285179462275004,KXHIGHTOKC-26JUL05-B92.5,0.22064917068029058,KXHIGHTOKC-26JUL05-T90,,,0.0
,,0.5033545626110829,t_plus_14h,okc,okc:2026-07-05,,KXHIGHTOKC-26JUL05,0.7845855422717607,bracket,raycaster_cloudcaster,,0.06183960502022183,2026-07-05T20:00:00+00:00,2026-07-05,1.0,0.4563087833014876,KXHIGHTOKC-26JUL05-T90,0.4563087833014876,KXHIGHTOKC-26JUL05-T90,,,1.0
,,0.0377773457928817,t_plus_15h,okc,okc:2026-07-05,,KXHIGHTOKC-26JUL05,0.19515904381808807,bracket,raycaster_cloudcaster,,0.0136007874616975,2026-07-05T21:00:00+00:00,2026-07-05,1.0,0.8227038016965693,KXHIGHTOKC-26JUL05-T90,0.8227038016965693,KXHIGHTOKC-26JUL05-T90,,,1.0
,,0.041429028654415,t_plus_16h,okc,okc:2026-07-05,,KXHIGHTOKC-26JUL05,0.20532391465406052,bracket,raycaster_cloudcaster,,0.014197441987857103,2026-07-05T22:00:00+00:00,2026-07-05,1.0,0.8143834829398084,KXHIGHTOKC-26JUL05-T90,0.8143834829398084,KXHIGHTOKC-26JUL05-T90,,,1.0
,,0.03928323634926148,t_plus_17h,okc,okc:2026-07-05,,KXHIGHTOKC-26JUL05,0.19942138714503768,bracket,raycaster_cloudcaster,,0.013655472469127707,2026-07-05T23:00:00+00:00,2026-07-05,1.0,0.8192046182954984,KXHIGHTOKC-26JUL05-T90,0.8192046182954984,KXHIGHTOKC-26JUL05-T90,,,1.0
,,0.06556778831581543,t_plus_18h,okc,okc:2026-07-05,,KXHIGHTOKC-26JUL05,0.2659360888420913,bracket,raycaster_cloudcaster,,0.022461707079889662,2026-07-06T00:00:00+00:00,2026-07-05,1.0,0.7664881130784701,KXHIGHTOKC-26JUL05-T90,0.7664881130784701,KXHIGHTOKC-26JUL05-T90,,,1.0
,,0.0013924015945894434,t_plus_19h,okc,okc:2026-07-05,,KXHIGHTOKC-26JUL05,0.03463093917360366,bracket,raycaster_cloudcaster,,0.00048402075307227375,2026-07-06T01:00:00+00:00,2026-07-05,1.0,0.9659618491591282,KXHIGHTOKC-26JUL05-T90,0.9659618491591282,KXHIGHTOKC-26JUL05-T90,,,1.0
,,0.0012655927722765652,t_plus_20h,okc,okc:2026-07-05,,KXHIGHTOKC-26JUL05,0.03301457187314641,bracket,raycaster_cloudcaster,,0.00046405068316807173,2026-07-06T02:00:00+00:00,2026-07-05,1.0,0.9675244608426002,KXHIGHTOKC-26JUL05-T90,0.9675244608426002,KXHIGHTOKC-26JUL05-T90,,,1.0
,,0.0012655927722765652,t_plus_21h,okc,okc:2026-07-05,,KXHIGHTOKC-26JUL05,0.03301457187314641,bracket,raycaster_cloudcaster,,0.00046405068316807173,2026-07-06T03:00:00+00:00,2026-07-05,1.0,0.9675244608426002,KXHIGHTOKC-26JUL05-T90,0.9675244608426002,KXHIGHTOKC-26JUL05-T90,,,1.0
,,0.0012655927722765652,t_plus_22h,okc,okc:2026-07-05,,KXHIGHTOKC-26JUL05,0.03301457187314641,bracket,raycaster_cloudcaster,,0.00046405068316807173,2026-07-06T04:00:00+00:00,2026-07-05,1.0,0.9675244608426002,KXHIGHTOKC-26JUL05-T90,0.9675244608426002,KXHIGHTOKC-26JUL05-T90,,,1.0
,,0.0012655927722765652,t_plus_23h,okc,okc:2026-07-05,,KXHIGHTOKC-26JUL05,0.03301457187314641,bracket,raycaster_cloudcaster,,0.00046405068316807173,2026-07-06T05:00:00+00:00,2026-07-05,1.0,0.9675244608426002,KXHIGHTOKC-26JUL05-T90,0.9675244608426002,KXHIGHTOKC-26JUL05-T90,,,1.0
,,1.2187287956408055,t_plus_0h,aus,aus:2026-07-06,,KXHIGHAUS-26JUL06,2.441101379170887,bracket,raycaster_cloudcaster,,0.18089740932924483,2026-07-06T06:00:00+00:00,2026-07-06,0.0,0.5816169278383129,KXHIGHAUS-26JUL06-B96.5,0.08706490716089035,KXHIGHAUS-26JUL06-B98.5,,,1.0
,,0.6066219286609095,t_plus_1h,aus,aus:2026-07-06,,KXHIGHAUS-26JUL06,0.8518239026589148,bracket,raycaster_cloudcaster,,0.060771438623604214,2026-07-06T07:00:00+00:00,2026-07-06,0.0,0.526620844829741,KXHIGHAUS-26JUL06-B96.5,0.4266360792095887,KXHIGHAUS-26JUL06-B98.5,,,1.0
,,0.6066219286609095,t_plus_2h,aus,aus:2026-07-06,,KXHIGHAUS-26JUL06,0.8518239026589148,bracket,raycaster_cloudcaster,,0.060771438623604214,2026-07-06T08:00:00+00:00,2026-07-06,0.0,0.526620844829741,KXHIGHAUS-26JUL06-B96.5,0.4266360792095887,KXHIGHAUS-26JUL06-B98.5,,,1.0
,,0.6066219286609095,t_plus_3h,aus,aus:2026-07-06,,KXHIGHAUS-26JUL06,0.8518239026589148,bracket,raycaster_cloudcaster,,0.060771438623604214,2026-07-06T09:00:00+00:00,2026-07-06,0.0,0.526620844829741,KXHIGHAUS-26JUL06-B96.5,0.4266360792095887,KXHIGHAUS-26JUL06-B98.5,,,1.0
,,0.6066219286609095,t_plus_4h,aus,aus:2026-07-06,,KXHIGHAUS-26JUL06,0.8518239026589148,bracket,raycaster_cloudcaster,,0.060771438623604214,2026-07-06T10:00:00+00:00,2026-07-06,0.0,0.526620844829741,KXHIGHAUS-26JUL06-B96.5,0.4266360792095887,KXHIGHAUS-26JUL06-B98.5,,,1.0
,,0.6066219286609095,t_plus_5h,aus,aus:2026-07-06,,KXHIGHAUS-26JUL06,0.8518239026589148,bracket,raycaster_cloudcaster,,0.060771438623604214,2026-07-06T11:00:00+00:00,2026-07-06,0.0,0.526620844829741,KXHIGHAUS-26JUL06-B96.5,0.4266360792095887,KXHIGHAUS-26JUL06-B98.5,,,1.0
,,0.5590877885398625,t_plus_6h,aus,aus:2026-07-06,,KXHIGHAUS-26JUL06,0.8833310628550289,bracket,raycaster_cloudcaster,,0.06698242145341758,2026-07-06T12:00:00+00:00,2026-07-06,0.0,0.45121398632850973,KXHIGHAUS-26JUL06-B96.5,0.4134035423899377,KXHIGHAUS-26JUL06-B98.5,,,1.0
,,0.5167174448239507,t_plus_7h,aus,aus:2026-07-06,,KXHIGHAUS-26JUL06,0.7795739116152002,bracket,raycaster_cloudcaster,,0.05480718002662623,2026-07-06T13:00:00+00:00,2026-07-06,0.0,0.47089746784529024,KXHIGHAUS-26JUL06-B96.5,0.45860137440018023,KXHIGHAUS-26JUL06-B98.5,,,1.0
,,0.5013543237631457,t_plus_8h,aus,aus:2026-07-06,,KXHIGHAUS-26JUL06,0.7365707791742861,bracket,raycaster_cloudcaster,,0.05022572062719095,2026-07-06T14:00:00+00:00,2026-07-06,0.0,0.47875285302959747,KXHIGHAUS-26JUL06-B96.5,0.47875285302959747,KXHIGHAUS-26JUL06-B98.5,,,1.0
,,0.5013543237631457,t_plus_9h,aus,aus:2026-07-06,,KXHIGHAUS-26JUL06,0.7365707791742861,bracket,raycaster_cloudcaster,,0.05022572062719095,2026-07-06T15:00:00+00:00,2026-07-06,0.0,0.47875285302959747,KXHIGHAUS-26JUL06-B96.5,0.47875285302959747,KXHIGHAUS-26JUL06-B98.5,,,1.0
,,0.6066219286609095,t_plus_10h,aus,aus:2026-07-06,,KXHIGHAUS-26JUL06,0.8518239026589148,bracket,raycaster_cloudcaster,,0.060771438623604214,2026-07-06T16:00:00+00:00,2026-07-06,0.0,0.526620844829741,KXHIGHAUS-26JUL06-B96.5,0.4266360792095887,KXHIGHAUS-26JUL06-B98.5,,,1.0
,,0.8418365747750824,t_plus_11h,aus,aus:2026-07-06,,KXHIGHAUS-26JUL06,1.125277324599549,bracket,raycaster_cloudcaster,,0.08433526273602021,2026-07-06T17:00:00+00:00,2026-07-06,0.0,0.6203729997017288,KXHIGHAUS-26JUL06-B96.5,0.3245624457260305,KXHIGHAUS-26JUL06-B98.5,,,1.0
,,0.8326564045533562,t_plus_12h,aus,aus:2026-07-06,,KXHIGHAUS-26JUL06,1.1623954137831092,bracket,raycaster_cloudcaster,,0.08831818999303859,2026-07-06T18:00:00+00:00,2026-07-06,0.0,0.5977680607170945,KXHIGHAUS-26JUL06-B96.5,0.3127361504393755,KXHIGHAUS-26JUL06-B98.5,,,1.0
,,0.9141923912289095,t_plus_13h,aus,aus:2026-07-06,,KXHIGHAUS-26JUL06,1.2169438945141813,bracket,raycaster_cloudcaster,,0.0915838748466821,2026-07-06T19:00:00+00:00,2026-07-06,0.0,0.6464840193664861,KXHIGHAUS-26JUL06-B96.5,0.2961338015547937,KXHIGHAUS-26JUL06-B98.5,,,1.0
,,1.3403942888282825,t_plus_14h,aus,aus:2026-07-06,,KXHIGHAUS-26JUL06,2.074717335436349,bracket,raycaster_cloudcaster,,0.1432298048310597,2026-07-06T20:00:00+00:00,2026-07-06,0.0,0.7551145696820596,KXHIGHAUS-26JUL06-B96.5,0.12559192286239335,KXHIGHAUS-26JUL06-B98.5,,,1.0
,,1.401296449744938,t_plus_15h,aus,aus:2026-07-06,,KXHIGHAUS-26JUL06,2.051341276982586,bracket,raycaster_cloudcaster,,0.1403820026373481,2026-07-06T21:00:00+00:00,2026-07-06,0.0,0.8003943302474216,KXHIGHAUS-26JUL06-B96.5,0.12856235017159817,KXHIGHAUS-26JUL06-B98.5,,,1.0
,,0.014958188766996628,t_plus_16h,aus,aus:2026-07-06,,KXHIGHAUS-26JUL06,0.11835374404025356,bracket,raycaster_cloudcaster,,0.0018724669097025838,2026-07-06T22:00:00+00:00,2026-07-06,1.0,0.888381737279274,KXHIGHAUS-26JUL06-B98.5,0.888381737279274,KXHIGHAUS-26JUL06-B98.5,,,1.0
,,0.011968792598383423,t_plus_17h,aus,aus:2026-07-06,,KXHIGHAUS-26JUL06,0.10521595334049151,bracket,raycaster_cloudcaster,,0.0015160470624618991,2026-07-06T23:00:00+00:00,2026-07-06,1.0,0.9001301154902731,KXHIGHAUS-26JUL06-B98.5,0.9001301154902731,KXHIGHAUS-26JUL06-B98.5,,,1.0
,,0.011968792598383423,t_plus_18h,aus,aus:2026-07-06,,KXHIGHAUS-26JUL06,0.10521595334049151,bracket,raycaster_cloudcaster,,0.0015160470624618991,2026-07-07T00:00:00+00:00,2026-07-06,1.0,0.9001301154902731,KXHIGHAUS-26JUL06-B98.5,0.9001301154902731,KXHIGHAUS-26JUL06-B98.5,,,1.0
,,0.011968792598383423,t_plus_19h,aus,aus:2026-07-06,,KXHIGHAUS-26JUL06,0.10521595334049151,bracket,raycaster_cloudcaster,,0.0015160470624618991,2026-07-07T01:00:00+00:00,2026-07-06,1.0,0.9001301154902731,KXHIGHAUS-26JUL06-B98.5,0.9001301154902731,KXHIGHAUS-26JUL06-B98.5,,,1.0
,,0.011968792598383423,t_plus_20h,aus,aus:2026-07-06,,KXHIGHAUS-26JUL06,0.10521595334049151,bracket,raycaster_cloudcaster,,0.0015160470624618991,2026-07-07T02:00:00+00:00,2026-07-06,1.0,0.9001301154902731,KXHIGHAUS-26JUL06-B98.5,0.9001301154902731,KXHIGHAUS-26JUL06-B98.5,,,1.0
,,0.011968792598383423,t_plus_21h,aus,aus:2026-07-06,,KXHIGHAUS-26JUL06,0.10521595334049151,bracket,raycaster_cloudcaster,,0.0015160470624618991,2026-07-07T03:00:00+00:00,2026-07-06,1.0,0.9001301154902731,KXHIGHAUS-26JUL06-B98.5,0.9001301154902731,KXHIGHAUS-26JUL06-B98.5,,,1.0
,,0.011968792598383423,t_plus_22h,aus,aus:2026-07-06,,KXHIGHAUS-26JUL06,0.10521595334049151,bracket,raycaster_cloudcaster,,0.0015160470624618991,2026-07-07T04:00:00+00:00,2026-07-06,1.0,0.9001301154902731,KXHIGHAUS-26JUL06-B98.5,0.9001301154902731,KXHIGHAUS-26JUL06-B98.5,,,1.0
,,0.011968792598383423,t_plus_23h,aus,aus:2026-07-06,,KXHIGHAUS-26JUL06,0.10521595334049151,bracket,raycaster_cloudcaster,,0.0015160470624618991,2026-07-07T05:00:00+00:00,2026-07-06,1.0,0.9001301154902731,KXHIGHAUS-26JUL06-B98.5,0.9001301154902731,KXHIGHAUS-26JUL06-B98.5,,,1.0
,,0.296211198633808,t_plus_0h,den,den:2026-07-06,,KXHIGHDEN-26JUL06,0.6079032778118443,bracket,raycaster_cloudcaster,,0.021085482159507,2026-07-06T07:00:00+00:00,2026-07-06,1.0,0.544491320084302,KXHIGHDEN-26JUL06-B96.5,0.544491320084302,KXHIGHDEN-26JUL06-B96.5,,,1.0
,,0.2878881545285572,t_plus_1h,den,den:2026-07-06,,KXHIGHDEN-26JUL06,0.5960479689148906,bracket,raycaster_cloudcaster,,0.020617420104085363,2026-07-06T08:00:00+00:00,2026-07-06,1.0,0.550984848212128,KXHIGHDEN-26JUL06-B96.5,0.550984848212128,KXHIGHDEN-26JUL06-B96.5,,,1.0
,,0.18690927180465644,t_plus_2h,den,den:2026-07-06,,KXHIGHDEN-26JUL06,0.4051786476603931,bracket,raycaster_cloudcaster,,0.01886610325404956,2026-07-06T09:00:00+00:00,2026-07-06,1.0,0.6668576676543223,KXHIGHDEN-26JUL06-B96.5,0.6668576676543223,KXHIGHDEN-26JUL06-B96.5,,,1.0
,,0.18690927180465644,t_plus_3h,den,den:2026-07-06,,KXHIGHDEN-26JUL06,0.4051786476603931,bracket,raycaster_cloudcaster,,0.01886610325404956,2026-07-06T10:00:00+00:00,2026-07-06,1.0,0.6668576676543223,KXHIGHDEN-26JUL06-B96.5,0.6668576676543223,KXHIGHDEN-26JUL06-B96.5,,,1.0
,,0.20809679586061017,t_plus_4h,den,den:2026-07-06,,KXHIGHDEN-26JUL06,0.4594807468321305,bracket,raycaster_cloudcaster,,0.018075838504683098,2026-07-06T11:00:00+00:00,2026-07-06,1.0,0.631611526658976,KXHIGHDEN-26JUL06-B96.5,0.631611526658976,KXHIGHDEN-26JUL06-B96.5,,,1.0
,,0.20809679586061017,t_plus_5h,den,den:2026-07-06,,KXHIGHDEN-26JUL06,0.4594807468321305,bracket,raycaster_cloudcaster,,0.018075838504683098,2026-07-06T12:00:00+00:00,2026-07-06,1.0,0.631611526658976,KXHIGHDEN-26JUL06-B96.5,0.631611526658976,KXHIGHDEN-26JUL06-B96.5,,,1.0
,,0.273410588086681,t_plus_6h,den,den:2026-07-06,,KXHIGHDEN-26JUL06,0.5747423732633131,bracket,raycaster_cloudcaster,,0.019863581976741432,2026-07-06T13:00:00+00:00,2026-07-06,1.0,0.5628498553014211,KXHIGHDEN-26JUL06-B96.5,0.5628498553014211,KXHIGHDEN-26JUL06-B96.5,,,1.0
,,0.2645617632916929,t_plus_7h,den,den:2026-07-06,,KXHIGHDEN-26JUL06,0.5634514033258511,bracket,raycaster_cloudcaster,,0.019166144190023472,2026-07-06T14:00:00+00:00,2026-07-06,1.0,0.5692409892493718,KXHIGHDEN-26JUL06-B96.5,0.5692409892493718,KXHIGHDEN-26JUL06-B96.5,,,1.0
,,0.2638413017912378,t_plus_8h,den,den:2026-07-06,,KXHIGHDEN-26JUL06,0.5600991779361724,bracket,raycaster_cloudcaster,,0.019414034580908866,2026-07-06T15:00:00+00:00,2026-07-06,1.0,0.5711524153219278,KXHIGHDEN-26JUL06-B96.5,0.5711524153219278,KXHIGHDEN-26JUL06-B96.5,,,1.0
,,0.2265971145882521,t_plus_9h,den,den:2026-07-06,,KXHIGHDEN-26JUL06,0.45111136621681464,bracket,raycaster_cloudcaster,,0.022819511959388215,2026-07-06T16:00:00+00:00,2026-07-06,1.0,0.6369199068677155,KXHIGHDEN-26JUL06-B96.5,0.6369199068677155,KXHIGHDEN-26JUL06-B96.5,,,1.0
,,0.2265971145882521,t_plus_10h,den,den:2026-07-06,,KXHIGHDEN-26JUL06,0.45111136621681464,bracket,raycaster_cloudcaster,,0.022819511959388215,2026-07-06T17:00:00+00:00,2026-07-06,1.0,0.6369199068677155,KXHIGHDEN-26JUL06-B96.5,0.6369199068677155,KXHIGHDEN-26JUL06-B96.5,,,1.0
,,0.1538143625598157,t_plus_11h,den,den:2026-07-06,,KXHIGHDEN-26JUL06,0.3646495748854629,bracket,raycaster_cloudcaster,,0.015571403137358459,2026-07-06T18:00:00+00:00,2026-07-06,1.0,0.6944399574467504,KXHIGHDEN-26JUL06-B96.5,0.6944399574467504,KXHIGHDEN-26JUL06-B96.5,,,1.0
,,0.10109379175375689,t_plus_12h,den,den:2026-07-06,,KXHIGHDEN-26JUL06,0.29335011144341017,bracket,raycaster_cloudcaster,,0.009193257398390702,2026-07-06T19:00:00+00:00,2026-07-06,1.0,0.7457609955263499,KXHIGHDEN-26JUL06-B96.5,0.7457609955263499,KXHIGHDEN-26JUL06-B96.5,,,1.0
,,0.012575365610908608,t_plus_13h,den,den:2026-07-06,,KXHIGHDEN-26JUL06,0.10796910678191583,bracket,raycaster_cloudcaster,,0.0015749517574681292,2026-07-06T20:00:00+00:00,2026-07-06,1.0,0.897655327463878,KXHIGHDEN-26JUL06-B96.5,0.897655327463878,KXHIGHDEN-26JUL06-B96.5,,,1.0
,,0.012460501644286075,t_plus_14h,den,den:2026-07-06,,KXHIGHDEN-26JUL06,0.10745638753259201,bracket,raycaster_cloudcaster,,0.0015459509166588093,2026-07-06T21:00:00+00:00,2026-07-06,1.0,0.8981156906379723,KXHIGHDEN-26JUL06-B96.5,0.8981156906379723,KXHIGHDEN-26JUL06-B96.5,,,1.0
,,0.011968792598383423,t_plus_15h,den,den:2026-07-06,,KXHIGHDEN-26JUL06,0.10521595334049151,bracket,raycaster_cloudcaster,,0.0015160470624618991,2026-07-06T22:00:00+00:00,2026-07-06,1.0,0.9001301154902731,KXHIGHDEN-26JUL06-B96.5,0.9001301154902731,KXHIGHDEN-26JUL06-B96.5,,,1.0
,,0.011968792598383423,t_plus_16h,den,den:2026-07-06,,KXHIGHDEN-26JUL06,0.10521595334049151,bracket,raycaster_cloudcaster,,0.0015160470624618991,2026-07-06T23:00:00+00:00,2026-07-06,1.0,0.9001301154902731,KXHIGHDEN-26JUL06-B96.5,0.9001301154902731,KXHIGHDEN-26JUL06-B96.5,,,1.0
,,0.011968792598383423,t_plus_17h,den,den:2026-07-06,,KXHIGHDEN-26JUL06,0.10521595334049151,bracket,raycaster_cloudcaster,,0.0015160470624618991,2026-07-07T00:00:00+00:00,2026-07-06,1.0,0.9001301154902731,KXHIGHDEN-26JUL06-B96.5,0.9001301154902731,KXHIGHDEN-26JUL06-B96.5,,,1.0
,,0.011968792598383423,t_plus_18h,den,den:2026-07-06,,KXHIGHDEN-26JUL06,0.10521595334049151,bracket,raycaster_cloudcaster,,0.0015160470624618991,2026-07-07T01:00:00+00:00,2026-07-06,1.0,0.9001301154902731,KXHIGHDEN-26JUL06-B96.5,0.9001301154902731,KXHIGHDEN-26JUL06-B96.5,,,1.0
,,0.011968792598383423,t_plus_19h,den,den:2026-07-06,,KXHIGHDEN-26JUL06,0.10521595334049151,bracket,raycaster_cloudcaster,,0.0015160470624618991,2026-07-07T02:00:00+00:00,2026-07-06,1.0,0.9001301154902731,KXHIGHDEN-26JUL06-B96.5,0.9001301154902731,KXHIGHDEN-26JUL06-B96.5,,,1.0
,,0.011968792598383423,t_plus_20h,den,den:2026-07-06,,KXHIGHDEN-26JUL06,0.10521595334049151,bracket,raycaster_cloudcaster,,0.0015160470624618991,2026-07-07T03:00:00+00:00,2026-07-06,1.0,0.9001301154902731,KXHIGHDEN-26JUL06-B96.5,0.9001301154902731,KXHIGHDEN-26JUL06-B96.5,,,1.0
,,0.011968792598383423,t_plus_21h,den,den:2026-07-06,,KXHIGHDEN-26JUL06,0.10521595334049151,bracket,raycaster_cloudcaster,,0.0015160470624618991,2026-07-07T04:00:00+00:00,2026-07-06,1.0,0.9001301154902731,KXHIGHDEN-26JUL06-B96.5,0.9001301154902731,KXHIGHDEN-26JUL06-B96.5,,,1.0
,,0.011968792598383423,t_plus_22h,den,den:2026-07-06,,KXHIGHDEN-26JUL06,0.10521595334049151,bracket,raycaster_cloudcaster,,0.0015160470624618991,2026-07-07T05:00:00+00:00,2026-07-06,1.0,0.9001301154902731,KXHIGHDEN-26JUL06-B96.5,0.9001301154902731,KXHIGHDEN-26JUL06-B96.5,,,1.0
,,0.011968792598383423,t_plus_23h,den,den:2026-07-06,,KXHIGHDEN-26JUL06,0.10521595334049151,bracket,raycaster_cloudcaster,,0.0015160470624618991,2026-07-07T06:00:00+00:00,2026-07-06,1.0,0.9001301154902731,KXHIGHDEN-26JUL06-B96.5,0.9001301154902731,KXHIGHDEN-26JUL06-B96.5,,,1.0
,,0.13350220835905424,t_plus_0h,la,la:2026-07-06,,KXHIGHLAX-26JUL06,0.33838522242050123,bracket,raycaster_cloudcaster,,0.012234350920400195,2026-07-06T08:00:00+00:00,2026-07-06,1.0,0.7129206019941693,KXHIGHLAX-26JUL06-B74.5,0.7129206019941693,KXHIGHLAX-26JUL06-B74.5,,,1.0
,,0.12040368770483623,t_plus_1h,la,la:2026-07-06,,KXHIGHLAX-26JUL06,0.32071963101708917,bracket,raycaster_cloudcaster,,0.010999158656008676,2026-07-06T09:00:00+00:00,2026-07-06,1.0,0.725626665683454,KXHIGHLAX-26JUL06-B74.5,0.725626665683454,KXHIGHLAX-26JUL06-B74.5,,,1.0
,,0.12040368770483623,t_plus_2h,la,la:2026-07-06,,KXHIGHLAX-26JUL06,0.32071963101708917,bracket,raycaster_cloudcaster,,0.010999158656008676,2026-07-06T10:00:00+00:00,2026-07-06,1.0,0.725626665683454,KXHIGHLAX-26JUL06-B74.5,0.725626665683454,KXHIGHLAX-26JUL06-B74.5,,,1.0
,,0.15351015371349716,t_plus_3h,la,la:2026-07-06,,KXHIGHLAX-26JUL06,0.3642650262474762,bracket,raycaster_cloudcaster,,0.014133899155742202,2026-07-06T11:00:00+00:00,2026-07-06,1.0,0.6947070547392086,KXHIGHLAX-26JUL06-B74.5,0.6947070547392086,KXHIGHLAX-26JUL06-B74.5,,,1.0
,,0.15606325311259084,t_plus_4h,la,la:2026-07-06,,KXHIGHLAX-26JUL06,0.3893188525449355,bracket,raycaster_cloudcaster,,0.012794132779180628,2026-07-06T12:00:00+00:00,2026-07-06,1.0,0.6775182071651124,KXHIGHLAX-26JUL06-B74.5,0.6775182071651124,KXHIGHLAX-26JUL06-B74.5,,,1.0
,,0.1884199198515821,t_plus_5h,la,la:2026-07-06,,KXHIGHLAX-26JUL06,0.4572044235907345,bracket,raycaster_cloudcaster,,0.013724949626826069,2026-07-06T13:00:00+00:00,2026-07-06,1.0,0.6330509162931482,KXHIGHLAX-26JUL06-B74.5,0.6330509162931482,KXHIGHLAX-26JUL06-B74.5,,,1.0
,,0.11527719405194206,t_plus_6h,la,la:2026-07-06,,KXHIGHLAX-26JUL06,0.31362146722408396,bracket,raycaster_cloudcaster,,0.010517829051622699,2026-07-06T14:00:00+00:00,2026-07-06,1.0,0.7307956058985807,KXHIGHLAX-26JUL06-B74.5,0.7307956058985807,KXHIGHLAX-26JUL06-B74.5,,,1.0
,,0.12236137678537856,t_plus_7h,la,la:2026-07-06,,KXHIGHLAX-26JUL06,0.32457794968085374,bracket,raycaster_cloudcaster,,0.011106194455290895,2026-07-06T15:00:00+00:00,2026-07-06,1.0,0.7228323609019469,KXHIGHLAX-26JUL06-B74.5,0.7228323609019469,KXHIGHLAX-26JUL06-B74.5,,,1.0
,,0.1260265121121045,t_plus_8h,la,la:2026-07-06,,KXHIGHLAX-26JUL06,0.32956405260081667,bracket,raycaster_cloudcaster,,0.011449976757962306,2026-07-06T16:00:00+00:00,2026-07-06,1.0,0.7192372146894317,KXHIGHLAX-26JUL06-B74.5,0.7192372146894317,KXHIGHLAX-26JUL06-B74.5,,,1.0
,,0.12704675022388043,t_plus_9h,la,la:2026-07-06,,KXHIGHLAX-26JUL06,0.3309428153296196,bracket,raycaster_cloudcaster,,0.011545784712018415,2026-07-06T17:00:00+00:00,2026-07-06,1.0,0.7182462405407463,KXHIGHLAX-26JUL06-B74.5,0.7182462405407463,KXHIGHLAX-26JUL06-B74.5,,,1.0
,,0.13350220835905424,t_plus_10h,la,la:2026-07-06,,KXHIGHLAX-26JUL06,0.33838522242050123,bracket,raycaster_cloudcaster,,0.012234350920400195,2026-07-06T18:00:00+00:00,2026-07-06,1.0,0.7129206019941693,KXHIGHLAX-26JUL06-B74.5,0.7129206019941693,KXHIGHLAX-26JUL06-B74.5,,,1.0
,,0.5013543237631457,t_plus_11h,la,la:2026-07-06,,KXHIGHLAX-26JUL06,0.7365707791742861,bracket,raycaster_cloudcaster,,0.048236438306465255,2026-07-06T19:00:00+00:00,2026-07-06,1.0,0.47875285302959747,KXHIGHLAX-26JUL06-B74.5,0.47875285302959747,KXHIGHLAX-26JUL06-B74.5,,,1.0
,,0.48836175840021573,t_plus_12h,la,la:2026-07-06,,KXHIGHLAX-26JUL06,0.723541714331794,bracket,raycaster_cloudcaster,,0.046943506352154635,2026-07-06T20:00:00+00:00,2026-07-06,1.0,0.485031367765061,KXHIGHLAX-26JUL06-B74.5,0.485031367765061,KXHIGHLAX-26JUL06-B74.5,,,1.0
,,0.012650736474910853,t_plus_13h,la,la:2026-07-06,,KXHIGHLAX-26JUL06,0.10830345390211586,bracket,raycaster_cloudcaster,,0.0015577227643303738,2026-07-06T21:00:00+00:00,2026-07-06,1.0,0.8973552491581623,KXHIGHLAX-26JUL06-B74.5,0.8973552491581623,KXHIGHLAX-26JUL06-B74.5,,,1.0
,,0.012575365610908608,t_plus_14h,la,la:2026-07-06,,KXHIGHLAX-26JUL06,0.10796910678191583,bracket,raycaster_cloudcaster,,0.0015530458338325428,2026-07-06T22:00:00+00:00,2026-07-06,1.0,0.897655327463878,KXHIGHLAX-26JUL06-B74.5,0.897655327463878,KXHIGHLAX-26JUL06-B74.5,,,1.0
,,0.012575365610908608,t_plus_15h,la,la:2026-07-06,,KXHIGHLAX-26JUL06,0.10796910678191583,bracket,raycaster_cloudcaster,,0.0015530458338325428,2026-07-06T23:00:00+00:00,2026-07-06,1.0,0.897655327463878,KXHIGHLAX-26JUL06-B74.5,0.897655327463878,KXHIGHLAX-26JUL06-B74.5,,,1.0
,,0.012575365610908608,t_plus_16h,la,la:2026-07-06,,KXHIGHLAX-26JUL06,0.10796910678191583,bracket,raycaster_cloudcaster,,0.0015530458338325428,2026-07-07T00:00:00+00:00,2026-07-06,1.0,0.897655327463878,KXHIGHLAX-26JUL06-B74.5,0.897655327463878,KXHIGHLAX-26JUL06-B74.5,,,1.0
,,0.012575365610908608,t_plus_17h,la,la:2026-07-06,,KXHIGHLAX-26JUL06,0.10796910678191583,bracket,raycaster_cloudcaster,,0.0015530458338325428,2026-07-07T01:00:00+00:00,2026-07-06,1.0,0.897655327463878,KXHIGHLAX-26JUL06-B74.5,0.897655327463878,KXHIGHLAX-26JUL06-B74.5,,,1.0
,,0.012575365610908608,t_plus_18h,la,la:2026-07-06,,KXHIGHLAX-26JUL06,0.10796910678191583,bracket,raycaster_cloudcaster,,0.0015530458338325428,2026-07-07T02:00:00+00:00,2026-07-06,1.0,0.897655327463878,KXHIGHLAX-26JUL06-B74.5,0.897655327463878,KXHIGHLAX-26JUL06-B74.5,,,1.0
,,0.012575365610908608,t_plus_19h,la,la:2026-07-06,,KXHIGHLAX-26JUL06,0.10796910678191583,bracket,raycaster_cloudcaster,,0.0015530458338325428,2026-07-07T03:00:00+00:00,2026-07-06,1.0,0.897655327463878,KXHIGHLAX-26JUL06-B74.5,0.897655327463878,KXHIGHLAX-26JUL06-B74.5,,,1.0
,,0.012575365610908608,t_plus_20h,la,la:2026-07-06,,KXHIGHLAX-26JUL06,0.10796910678191583,bracket,raycaster_cloudcaster,,0.0015530458338325428,2026-07-07T04:00:00+00:00,2026-07-06,1.0,0.897655327463878,KXHIGHLAX-26JUL06-B74.5,0.897655327463878,KXHIGHLAX-26JUL06-B74.5,,,1.0
,,0.012575365610908608,t_plus_21h,la,la:2026-07-06,,KXHIGHLAX-26JUL06,0.10796910678191583,bracket,raycaster_cloudcaster,,0.0015530458338325428,2026-07-07T05:00:00+00:00,2026-07-06,1.0,0.897655327463878,KXHIGHLAX-26JUL06-B74.5,0.897655327463878,KXHIGHLAX-26JUL06-B74.5,,,1.0
,,0.012575365610908608,t_plus_22h,la,la:2026-07-06,,KXHIGHLAX-26JUL06,0.10796910678191583,bracket,raycaster_cloudcaster,,0.0015530458338325428,2026-07-07T06:00:00+00:00,2026-07-06,1.0,0.897655327463878,KXHIGHLAX-26JUL06-B74.5,0.897655327463878,KXHIGHLAX-26JUL06-B74.5,,,1.0
,,0.012575365610908608,t_plus_23h,la,la:2026-07-06,,KXHIGHLAX-26JUL06,0.10796910678191583,bracket,raycaster_cloudcaster,,0.0015530458338325428,2026-07-07T07:00:00+00:00,2026-07-06,1.0,0.897655327463878,KXHIGHLAX-26JUL06-B74.5,0.897655327463878,KXHIGHLAX-26JUL06-B74.5,,,1.0
,,1.0447158122661169,t_plus_0h,mia,mia:2026-07-06,,KXHIGHMIA-26JUL06,1.855995325063932,bracket,raycaster_cloudcaster,,0.17459151453209937,2026-07-06T05:00:00+00:00,2026-07-06,0.0,0.41435122730449225,KXHIGHMIA-26JUL06-B91.5,0.15629729861085281,KXHIGHMIA-26JUL06-B93.5,,,1.0
,,0.9177686321744196,t_plus_1h,mia,mia:2026-07-06,,KXHIGHMIA-26JUL06,1.4129553091839029,bracket,raycaster_cloudcaster,,0.11668420623172815,2026-07-06T06:00:00+00:00,2026-07-06,0.0,0.5684920304511982,KXHIGHMIA-26JUL06-B91.5,0.2434228293727442,KXHIGHMIA-26JUL06-B93.5,,,1.0
,,1.0343574695957563,t_plus_2h,mia,mia:2026-07-06,,KXHIGHMIA-26JUL06,1.8294717700379939,bracket,raycaster_cloudcaster,,0.17054464529396257,2026-07-06T07:00:00+00:00,2026-07-06,0.0,0.42548833988655305,KXHIGHMIA-26JUL06-B91.5,0.1604983254117747,KXHIGHMIA-26JUL06-B93.5,,,1.0
,,0.9879284677042004,t_plus_3h,mia,mia:2026-07-06,,KXHIGHMIA-26JUL06,1.4325794231286926,bracket,raycaster_cloudcaster,,0.11444307151263591,2026-07-06T08:00:00+00:00,2026-07-06,0.0,0.6327844806260043,KXHIGHMIA-26JUL06-B91.5,0.23869243870257925,KXHIGHMIA-26JUL06-B93.5,,,1.0
,,0.7086094921461005,t_plus_4h,mia,mia:2026-07-06,,KXHIGHMIA-26JUL06,1.0195947583135083,bracket,raycaster_cloudcaster,,0.07752444893260241,2026-07-06T09:00:00+00:00,2026-07-06,0.0,0.5456814161192015,KXHIGHMIA-26JUL06-B91.5,0.3607410978873736,KXHIGHMIA-26JUL06-B93.5,,,1.0
,,0.738577372456841,t_plus_5h,mia,mia:2026-07-06,,KXHIGHMIA-26JUL06,1.2227732162276055,bracket,raycaster_cloudcaster,,0.10635275479635134,2026-07-06T10:00:00+00:00,2026-07-06,0.0,0.4453483836928405,KXHIGHMIA-26JUL06-B91.5,0.29441256405299343,KXHIGHMIA-26JUL06-B93.5,,,1.0
,,0.974479758456167,t_plus_6h,mia,mia:2026-07-06,,KXHIGHMIA-26JUL06,1.5925130201051094,bracket,raycaster_cloudcaster,,0.13523702052828496,2026-07-06T11:00:00+00:00,2026-07-06,0.0,0.5392591721703185,KXHIGHMIA-26JUL06-B91.5,0.20341378595557444,KXHIGHMIA-26JUL06-B93.5,,,1.0
,,0.91847547109959,t_plus_7h,mia,mia:2026-07-06,,KXHIGHMIA-26JUL06,1.4138231501073872,bracket,raycaster_cloudcaster,,0.11673955372654847,2026-07-06T12:00:00+00:00,2026-07-06,0.0,0.5688663482783248,KXHIGHMIA-26JUL06-B91.5,0.24321166871988512,KXHIGHMIA-26JUL06-B93.5,,,1.0
,,0.9879284677042004,t_plus_8h,mia,mia:2026-07-06,,KXHIGHMIA-26JUL06,1.4325794231286926,bracket,raycaster_cloudcaster,,0.11444307151263591,2026-07-06T13:00:00+00:00,2026-07-06,0.0,0.6327844806260043,KXHIGHMIA-26JUL06-B91.5,0.23869243870257925,KXHIGHMIA-26JUL06-B93.5,,,1.0
,,1.031047260566075,t_plus_9h,mia,mia:2026-07-06,,KXHIGHMIA-26JUL06,1.8206892284865097,bracket,raycaster_cloudcaster,,0.1692045336285121,2026-07-06T14:00:00+00:00,2026-07-06,0.0,0.4292416666600244,KXHIGHMIA-26JUL06-B91.5,0.16191411664597385,KXHIGHMIA-26JUL06-B93.5,,,1.0
,,1.0710930516273063,t_plus_10h,mia,mia:2026-07-06,,KXHIGHMIA-26JUL06,1.845973570846708,bracket,raycaster_cloudcaster,,0.15432226890587925,2026-07-06T15:00:00+00:00,2026-07-06,0.0,0.5409210204233028,KXHIGHMIA-26JUL06-B91.5,0.1578715469112652,KXHIGHMIA-26JUL06-B93.5,,,1.0
,,1.4648848615145058,t_plus_11h,mia,mia:2026-07-06,,KXHIGHMIA-26JUL06,4.189215494045315,bracket,raycaster_cloudcaster,,0.21105949214340886,2026-07-06T16:00:00+00:00,2026-07-06,0.0,0.6325895350824067,KXHIGHMIA-26JUL06-B91.5,0.015158171885827743,KXHIGHMIA-26JUL06-B93.5,,,1.0
,,1.4910293310051181,t_plus_12h,mia,mia:2026-07-06,,KXHIGHMIA-26JUL06,4.213287701887824,bracket,raycaster_cloudcaster,,0.2070279928107764,2026-07-06T17:00:00+00:00,2026-07-06,0.0,0.6668576676543223,KXHIGHMIA-26JUL06-B91.5,0.014797638054091452,KXHIGHMIA-26JUL06-B93.5,,,1.0
,,1.0617719835923078,t_plus_13h,mia,mia:2026-07-06,,KXHIGHMIA-26JUL06,1.4211125914061022,bracket,raycaster_cloudcaster,,0.11115496808859568,2026-07-06T18:00:00+00:00,2026-07-06,0.0,0.6967141380689865,KXHIGHMIA-26JUL06-B91.5,0.24144523750764765,KXHIGHMIA-26JUL06-B93.5,,,1.0
,,0.01795290065841349,t_plus_14h,mia,mia:2026-07-06,,KXHIGHMIA-26JUL06,0.13043303674601422,bracket,raycaster_cloudcaster,,0.003639162406449418,2026-07-06T19:00:00+00:00,2026-07-06,1.0,0.8777152656511719,KXHIGHMIA-26JUL06-B93.5,0.8777152656511719,KXHIGHMIA-26JUL06-B93.5,,,1.0
,,0.01795290065841349,t_plus_15h,mia,mia:2026-07-06,,KXHIGHMIA-26JUL06,0.13043303674601422,bracket,raycaster_cloudcaster,,0.003639162406449418,2026-07-06T20:00:00+00:00,2026-07-06,1.0,0.8777152656511719,KXHIGHMIA-26JUL06-B93.5,0.8777152656511719,KXHIGHMIA-26JUL06-B93.5,,,1.0
,,0.03599053541803849,t_plus_16h,mia,mia:2026-07-06,,KXHIGHMIA-26JUL06,0.19012069061047326,bracket,raycaster_cloudcaster,,0.007295500931763429,2026-07-06T21:00:00+00:00,2026-07-06,1.0,0.8268593337632437,KXHIGHMIA-26JUL06-B93.5,0.8268593337632437,KXHIGHMIA-26JUL06-B93.5,,,1.0
,,0.0360893794378891,t_plus_17h,mia,mia:2026-07-06,,KXHIGHMIA-26JUL06,0.19040197478840765,bracket,raycaster_cloudcaster,,0.0073070962881756725,2026-07-06T22:00:00+00:00,2026-07-06,1.0,0.8266267840230933,KXHIGHMIA-26JUL06-B93.5,0.8266267840230933,KXHIGHMIA-26JUL06-B93.5,,,1.0
,,0.0360893794378891,t_plus_18h,mia,mia:2026-07-06,,KXHIGHMIA-26JUL06,0.19040197478840765,bracket,raycaster_cloudcaster,,0.0073070962881756725,2026-07-06T23:00:00+00:00,2026-07-06,1.0,0.8266267840230933,KXHIGHMIA-26JUL06-B93.5,0.8266267840230933,KXHIGHMIA-26JUL06-B93.5,,,1.0
,,0.08522136171309166,t_plus_19h,mia,mia:2026-07-06,,KXHIGHMIA-26JUL06,0.30982894176792874,bracket,raycaster_cloudcaster,,0.017274889538664538,2026-07-07T00:00:00+00:00,2026-07-06,1.0,0.7335724290952168,KXHIGHMIA-26JUL06-B93.5,0.7335724290952168,KXHIGHMIA-26JUL06-B93.5,,,1.0
,,0.08542952008414473,t_plus_20h,mia,mia:2026-07-06,,KXHIGHMIA-26JUL06,0.3102617469784721,bracket,raycaster_cloudcaster,,0.017297103436810866,2026-07-07T01:00:00+00:00,2026-07-06,1.0,0.7332550038222045,KXHIGHMIA-26JUL06-B93.5,0.7332550038222045,KXHIGHMIA-26JUL06-B93.5,,,1.0
,,0.08542952008414473,t_plus_21h,mia,mia:2026-07-06,,KXHIGHMIA-26JUL06,0.3102617469784721,bracket,raycaster_cloudcaster,,0.017297103436810866,2026-07-07T02:00:00+00:00,2026-07-06,1.0,0.7332550038222045,KXHIGHMIA-26JUL06-B93.5,0.7332550038222045,KXHIGHMIA-26JUL06-B93.5,,,1.0
,,0.08542952008414473,t_plus_22h,mia,mia:2026-07-06,,KXHIGHMIA-26JUL06,0.3102617469784721,bracket,raycaster_cloudcaster,,0.017297103436810866,2026-07-07T03:00:00+00:00,2026-07-06,1.0,0.7332550038222045,KXHIGHMIA-26JUL06-B93.5,0.7332550038222045,KXHIGHMIA-26JUL06-B93.5,,,1.0
,,0.08542952008414473,t_plus_23h,mia,mia:2026-07-06,,KXHIGHMIA-26JUL06,0.3102617469784721,bracket,raycaster_cloudcaster,,0.017297103436810866,2026-07-07T04:00:00+00:00,2026-07-06,1.0,0.7332550038222045,KXHIGHMIA-26JUL06-B93.5,0.7332550038222045,KXHIGHMIA-26JUL06-B93.5,,,1.0
,,0.05270661947212305,t_plus_0h,nyc,nyc:2026-07-06,,KXHIGHNY-26JUL06,0.21336467274544016,bracket,raycaster_cloudcaster,,0.00931160444217095,2026-07-06T05:00:00+00:00,2026-07-06,1.0,0.8078614784294652,KXHIGHNY-26JUL06-T75,0.8078614784294652,KXHIGHNY-26JUL06-T75,,,1.0
,,0.0618491183621771,t_plus_1h,nyc,nyc:2026-07-06,,KXHIGHNY-26JUL06,0.23279969072691006,bracket,raycaster_cloudcaster,,0.010810797391489825,2026-07-06T06:00:00+00:00,2026-07-06,1.0,0.7923122651239711,KXHIGHNY-26JUL06-T75,0.7923122651239711,KXHIGHNY-26JUL06-T75,,,1.0
,,0.0618491183621771,t_plus_2h,nyc,nyc:2026-07-06,,KXHIGHNY-26JUL06,0.23279969072691006,bracket,raycaster_cloudcaster,,0.010810797391489825,2026-07-06T07:00:00+00:00,2026-07-06,1.0,0.7923122651239711,KXHIGHNY-26JUL06-T75,0.7923122651239711,KXHIGHNY-26JUL06-T75,,,1.0
,,0.0480722772598008,t_plus_3h,nyc,nyc:2026-07-06,,KXHIGHNY-26JUL06,0.204939654705369,bracket,raycaster_cloudcaster,,0.008927745595976594,2026-07-06T08:00:00+00:00,2026-07-06,1.0,0.8146964780270649,KXHIGHNY-26JUL06-T75,0.8146964780270649,KXHIGHNY-26JUL06-T75,,,1.0
,,0.01858106160714552,t_plus_4h,nyc,nyc:2026-07-06,,KXHIGHNY-26JUL06,0.1328856098352106,bracket,raycaster_cloudcaster,,0.006779587250269134,2026-07-06T09:00:00+00:00,2026-07-06,1.0,0.8755652424329217,KXHIGHNY-26JUL06-T75,0.8755652424329217,KXHIGHNY-26JUL06-T75,,,1.0
,,0.06079103730143761,t_plus_5h,nyc,nyc:2026-07-06,,KXHIGHNY-26JUL06,0.23620833302983243,bracket,raycaster_cloudcaster,,0.011885498921170558,2026-07-06T10:00:00+00:00,2026-07-06,1.0,0.7896161536701967,KXHIGHNY-26JUL06-T75,0.7896161536701967,KXHIGHNY-26JUL06-T75,,,1.0
,,0.05412510676044396,t_plus_6h,nyc,nyc:2026-07-06,,KXHIGHNY-26JUL06,0.22352452811760162,bracket,raycaster_cloudcaster,,0.011135552776927812,2026-07-06T11:00:00+00:00,2026-07-06,1.0,0.7996952766072443,KXHIGHNY-26JUL06-T75,0.7996952766072443,KXHIGHNY-26JUL06-T75,,,1.0
,,0.011968792598383423,t_plus_7h,nyc,nyc:2026-07-06,,KXHIGHNY-26JUL06,0.10521595334049151,bracket,raycaster_cloudcaster,,0.004388557286073926,2026-07-06T12:00:00+00:00,2026-07-06,1.0,0.9001301154902731,KXHIGHNY-26JUL06-T75,0.9001301154902731,KXHIGHNY-26JUL06-T75,,,1.0
,,0.011968792598383423,t_plus_8h,nyc,nyc:2026-07-06,,KXHIGHNY-26JUL06,0.10521595334049151,bracket,raycaster_cloudcaster,,0.004388557286073926,2026-07-06T13:00:00+00:00,2026-07-06,1.0,0.9001301154902731,KXHIGHNY-26JUL06-T75,0.9001301154902731,KXHIGHNY-26JUL06-T75,,,1.0
,,0.011968792598383423,t_plus_9h,nyc,nyc:2026-07-06,,KXHIGHNY-26JUL06,0.10521595334049151,bracket,raycaster_cloudcaster,,0.004388557286073926,2026-07-06T14:00:00+00:00,2026-07-06,1.0,0.9001301154902731,KXHIGHNY-26JUL06-T75,0.9001301154902731,KXHIGHNY-26JUL06-T75,,,1.0
,,0.011968792598383423,t_plus_10h,nyc,nyc:2026-07-06,,KXHIGHNY-26JUL06,0.10521595334049151,bracket,raycaster_cloudcaster,,0.004388557286073926,2026-07-06T15:00:00+00:00,2026-07-06,1.0,0.9001301154902731,KXHIGHNY-26JUL06-T75,0.9001301154902731,KXHIGHNY-26JUL06-T75,,,1.0
,,0.011968792598383423,t_plus_11h,nyc,nyc:2026-07-06,,KXHIGHNY-26JUL06,0.10521595334049151,bracket,raycaster_cloudcaster,,0.004388557286073926,2026-07-06T16:00:00+00:00,2026-07-06,1.0,0.9001301154902731,KXHIGHNY-26JUL06-T75,0.9001301154902731,KXHIGHNY-26JUL06-T75,,,1.0
,,0.011968792598383423,t_plus_12h,nyc,nyc:2026-07-06,,KXHIGHNY-26JUL06,0.10521595334049151,bracket,raycaster_cloudcaster,,0.004388557286073926,2026-07-06T17:00:00+00:00,2026-07-06,1.0,0.9001301154902731,KXHIGHNY-26JUL06-T75,0.9001301154902731,KXHIGHNY-26JUL06-T75,,,1.0
,,0.012512523955924434,t_plus_13h,nyc,nyc:2026-07-06,,KXHIGHNY-26JUL06,0.1077112638933874,bracket,raycaster_cloudcaster,,0.004587925450505633,2026-07-06T18:00:00+00:00,2026-07-06,1.0,0.8978868113483685,KXHIGHNY-26JUL06-T75,0.8978868113483685,KXHIGHNY-26JUL06-T75,,,1.0
,,0.012512523955924434,t_plus_14h,nyc,nyc:2026-07-06,,KXHIGHNY-26JUL06,0.1077112638933874,bracket,raycaster_cloudcaster,,0.004587925450505633,2026-07-06T19:00:00+00:00,2026-07-06,1.0,0.8978868113483685,KXHIGHNY-26JUL06-T75,0.8978868113483685,KXHIGHNY-26JUL06-T75,,,1.0
,,0.011968792598383423,t_plus_15h,nyc,nyc:2026-07-06,,KXHIGHNY-26JUL06,0.10521595334049151,bracket,raycaster_cloudcaster,,0.004388557286073926,2026-07-06T20:00:00+00:00,2026-07-06,1.0,0.9001301154902731,KXHIGHNY-26JUL06-T75,0.9001301154902731,KXHIGHNY-26JUL06-T75,,,1.0
,,0.01444554184123783,t_plus_16h,nyc,nyc:2026-07-06,,KXHIGHNY-26JUL06,0.11621656211267428,bracket,raycaster_cloudcaster,,0.005296698675120533,2026-07-06T21:00:00+00:00,2026-07-06,1.0,0.8902824009815888,KXHIGHNY-26JUL06-T75,0.8902824009815888,KXHIGHNY-26JUL06-T75,,,1.0
,,0.01443342923190672,t_plus_17h,nyc,nyc:2026-07-06,,KXHIGHNY-26JUL06,0.11616488452518751,bracket,raycaster_cloudcaster,,0.005292257385032472,2026-07-06T22:00:00+00:00,2026-07-06,1.0,0.8903284098170561,KXHIGHNY-26JUL06-T75,0.8903284098170561,KXHIGHNY-26JUL06-T75,,,1.0
,,0.013846190020987284,t_plus_18h,nyc,nyc:2026-07-06,,KXHIGHNY-26JUL06,0.11363618857885072,bracket,raycaster_cloudcaster,,0.0050769363410286695,2026-07-06T23:00:00+00:00,2026-07-06,1.0,0.8925826285736052,KXHIGHNY-26JUL06-T75,0.8925826285736052,KXHIGHNY-26JUL06-T75,,,1.0
,,0.01376297248554151,t_plus_19h,nyc,nyc:2026-07-06,,KXHIGHNY-26JUL06,0.11327406563791302,bracket,raycaster_cloudcaster,,0.005046423244698561,2026-07-07T00:00:00+00:00,2026-07-06,1.0,0.8929059117506888,KXHIGHNY-26JUL06-T75,0.8929059117506888,KXHIGHNY-26JUL06-T75,,,1.0
,,0.011968792598383423,t_plus_20h,nyc,nyc:2026-07-06,,KXHIGHNY-26JUL06,0.10521595334049151,bracket,raycaster_cloudcaster,,0.004388557286073926,2026-07-07T01:00:00+00:00,2026-07-06,1.0,0.9001301154902731,KXHIGHNY-26JUL06-T75,0.9001301154902731,KXHIGHNY-26JUL06-T75,,,1.0
,,0.011968792598383423,t_plus_21h,nyc,nyc:2026-07-06,,KXHIGHNY-26JUL06,0.10521595334049151,bracket,raycaster_cloudcaster,,0.004388557286073926,2026-07-07T02:00:00+00:00,2026-07-06,1.0,0.9001301154902731,KXHIGHNY-26JUL06-T75,0.9001301154902731,KXHIGHNY-26JUL06-T75,,,1.0
,,0.011968792598383423,t_plus_22h,nyc,nyc:2026-07-06,,KXHIGHNY-26JUL06,0.10521595334049151,bracket,raycaster_cloudcaster,,0.004388557286073926,2026-07-07T03:00:00+00:00,2026-07-06,1.0,0.9001301154902731,KXHIGHNY-26JUL06-T75,0.9001301154902731,KXHIGHNY-26JUL06-T75,,,1.0
,,0.011968792598383423,t_plus_23h,nyc,nyc:2026-07-06,,KXHIGHNY-26JUL06,0.10521595334049151,bracket,raycaster_cloudcaster,,0.004388557286073926,2026-07-07T04:00:00+00:00,2026-07-06,1.0,0.9001301154902731,KXHIGHNY-26JUL06-T75,0.9001301154902731,KXHIGHNY-26JUL06-T75,,,1.0
,,0.5013543237631457,t_plus_0h,okc,okc:2026-07-06,,KXHIGHTOKC-26JUL06,0.7365707791742861,bracket,raycaster_cloudcaster,,0.05501687952652971,2026-07-06T06:00:00+00:00,2026-07-06,1.0,0.47875285302959747,KXHIGHTOKC-26JUL06-T93,0.47875285302959747,KXHIGHTOKC-26JUL06-T93,,,1.0
,,0.5013543237631457,t_plus_1h,okc,okc:2026-07-06,,KXHIGHTOKC-26JUL06,0.7365707791742861,bracket,raycaster_cloudcaster,,0.05501687952652971,2026-07-06T07:00:00+00:00,2026-07-06,1.0,0.47875285302959747,KXHIGHTOKC-26JUL06-T93,0.47875285302959747,KXHIGHTOKC-26JUL06-T93,,,1.0
,,0.5013543237631457,t_plus_2h,okc,okc:2026-07-06,,KXHIGHTOKC-26JUL06,0.7365707791742861,bracket,raycaster_cloudcaster,,0.05501687952652971,2026-07-06T08:00:00+00:00,2026-07-06,1.0,0.47875285302959747,KXHIGHTOKC-26JUL06-T93,0.47875285302959747,KXHIGHTOKC-26JUL06-T93,,,1.0
,,0.4066523974206048,t_plus_3h,okc,okc:2026-07-06,,KXHIGHTOKC-26JUL06,0.6412744489020907,bracket,raycaster_cloudcaster,,0.045636908091291,2026-07-06T09:00:00+00:00,2026-07-06,1.0,0.526620844829741,KXHIGHTOKC-26JUL06-T93,0.526620844829741,KXHIGHTOKC-26JUL06-T93,,,1.0
,,0.4066523974206048,t_plus_4h,okc,okc:2026-07-06,,KXHIGHTOKC-26JUL06,0.6412744489020907,bracket,raycaster_cloudcaster,,0.045636908091291,2026-07-06T10:00:00+00:00,2026-07-06,1.0,0.526620844829741,KXHIGHTOKC-26JUL06-T93,0.526620844829741,KXHIGHTOKC-26JUL06-T93,,,1.0
,,0.4066523974206048,t_plus_5h,okc,okc:2026-07-06,,KXHIGHTOKC-26JUL06,0.6412744489020907,bracket,raycaster_cloudcaster,,0.045636908091291,2026-07-06T11:00:00+00:00,2026-07-06,1.0,0.526620844829741,KXHIGHTOKC-26JUL06-T93,0.526620844829741,KXHIGHTOKC-26JUL06-T93,,,1.0
,,0.4066523974206048,t_plus_6h,okc,okc:2026-07-06,,KXHIGHTOKC-26JUL06,0.6412744489020907,bracket,raycaster_cloudcaster,,0.045636908091291,2026-07-06T12:00:00+00:00,2026-07-06,1.0,0.526620844829741,KXHIGHTOKC-26JUL06-T93,0.526620844829741,KXHIGHTOKC-26JUL06-T93,,,1.0
,,0.4066523974206048,t_plus_7h,okc,okc:2026-07-06,,KXHIGHTOKC-26JUL06,0.6412744489020907,bracket,raycaster_cloudcaster,,0.045636908091291,2026-07-06T13:00:00+00:00,2026-07-06,1.0,0.526620844829741,KXHIGHTOKC-26JUL06-T93,0.526620844829741,KXHIGHTOKC-26JUL06-T93,,,1.0
,,0.4066523974206048,t_plus_8h,okc,okc:2026-07-06,,KXHIGHTOKC-26JUL06,0.6412744489020907,bracket,raycaster_cloudcaster,,0.045636908091291,2026-07-06T14:00:00+00:00,2026-07-06,1.0,0.526620844829741,KXHIGHTOKC-26JUL06-T93,0.526620844829741,KXHIGHTOKC-26JUL06-T93,,,1.0
,,0.41284746076380185,t_plus_9h,okc,okc:2026-07-06,,KXHIGHTOKC-26JUL06,0.6725676086248195,bracket,raycaster_cloudcaster,,0.04946009561802013,2026-07-06T15:00:00+00:00,2026-07-06,1.0,0.5103963957346929,KXHIGHTOKC-26JUL06-T93,0.5103963957346929,KXHIGHTOKC-26JUL06-T93,,,1.0
,,0.25719931721711936,t_plus_10h,okc,okc:2026-07-06,,KXHIGHTOKC-26JUL06,0.4851015044147021,bracket,raycaster_cloudcaster,,0.030667072931183592,2026-07-06T16:00:00+00:00,2026-07-06,1.0,0.6156347039523956,KXHIGHTOKC-26JUL06-T93,0.6156347039523956,KXHIGHTOKC-26JUL06-T93,,,1.0
,,0.25719931721711936,t_plus_11h,okc,okc:2026-07-06,,KXHIGHTOKC-26JUL06,0.4851015044147021,bracket,raycaster_cloudcaster,,0.030667072931183592,2026-07-06T17:00:00+00:00,2026-07-06,1.0,0.6156347039523956,KXHIGHTOKC-26JUL06-T93,0.6156347039523956,KXHIGHTOKC-26JUL06-T93,,,1.0
,,0.25719931721711936,t_plus_12h,okc,okc:2026-07-06,,KXHIGHTOKC-26JUL06,0.4851015044147021,bracket,raycaster_cloudcaster,,0.030667072931183592,2026-07-06T18:00:00+00:00,2026-07-06,1.0,0.6156347039523956,KXHIGHTOKC-26JUL06-T93,0.6156347039523956,KXHIGHTOKC-26JUL06-T93,,,1.0
,,0.4066523974206048,t_plus_13h,okc,okc:2026-07-06,,KXHIGHTOKC-26JUL06,0.6412744489020907,bracket,raycaster_cloudcaster,,0.045636908091291,2026-07-06T19:00:00+00:00,2026-07-06,1.0,0.526620844829741,KXHIGHTOKC-26JUL06-T93,0.526620844829741,KXHIGHTOKC-26JUL06-T93,,,1.0
,,0.4066523974206048,t_plus_14h,okc,okc:2026-07-06,,KXHIGHTOKC-26JUL06,0.6412744489020907,bracket,raycaster_cloudcaster,,0.045636908091291,2026-07-06T20:00:00+00:00,2026-07-06,1.0,0.526620844829741,KXHIGHTOKC-26JUL06-T93,0.526620844829741,KXHIGHTOKC-26JUL06-T93,,,1.0
,,0.5013543237631457,t_plus_15h,okc,okc:2026-07-06,,KXHIGHTOKC-26JUL06,0.7365707791742861,bracket,raycaster_cloudcaster,,0.05501687952652971,2026-07-06T21:00:00+00:00,2026-07-06,1.0,0.47875285302959747,KXHIGHTOKC-26JUL06-T93,0.47875285302959747,KXHIGHTOKC-26JUL06-T93,,,1.0
,,0.4066523974206048,t_plus_16h,okc,okc:2026-07-06,,KXHIGHTOKC-26JUL06,0.6412744489020907,bracket,raycaster_cloudcaster,,0.045636908091291,2026-07-06T22:00:00+00:00,2026-07-06,1.0,0.526620844829741,KXHIGHTOKC-26JUL06-T93,0.526620844829741,KXHIGHTOKC-26JUL06-T93,,,1.0
,,0.011968792598383423,t_plus_17h,okc,okc:2026-07-06,,KXHIGHTOKC-26JUL06,0.10521595334049151,bracket,raycaster_cloudcaster,,0.004388557286073926,2026-07-06T23:00:00+00:00,2026-07-06,1.0,0.9001301154902731,KXHIGHTOKC-26JUL06-T93,0.9001301154902731,KXHIGHTOKC-26JUL06-T93,,,1.0
,,0.012575365610908608,t_plus_18h,okc,okc:2026-07-06,,KXHIGHTOKC-26JUL06,0.10796910678191583,bracket,raycaster_cloudcaster,,0.004475500372134735,2026-07-07T00:00:00+00:00,2026-07-06,1.0,0.897655327463878,KXHIGHTOKC-26JUL06-T93,0.897655327463878,KXHIGHTOKC-26JUL06-T93,,,1.0
,,0.012575365610908608,t_plus_19h,okc,okc:2026-07-06,,KXHIGHTOKC-26JUL06,0.10796910678191583,bracket,raycaster_cloudcaster,,0.004475500372134735,2026-07-07T01:00:00+00:00,2026-07-06,1.0,0.897655327463878,KXHIGHTOKC-26JUL06-T93,0.897655327463878,KXHIGHTOKC-26JUL06-T93,,,1.0
,,0.012575365610908608,t_plus_20h,okc,okc:2026-07-06,,KXHIGHTOKC-26JUL06,0.10796910678191583,bracket,raycaster_cloudcaster,,0.004475500372134735,2026-07-07T02:00:00+00:00,2026-07-06,1.0,0.897655327463878,KXHIGHTOKC-26JUL06-T93,0.897655327463878,KXHIGHTOKC-26JUL06-T93,,,1.0
,,0.011968792598383423,t_plus_21h,okc,okc:2026-07-06,,KXHIGHTOKC-26JUL06,0.10521595334049151,bracket,raycaster_cloudcaster,,0.004388557286073926,2026-07-07T03:00:00+00:00,2026-07-06,1.0,0.9001301154902731,KXHIGHTOKC-26JUL06-T93,0.9001301154902731,KXHIGHTOKC-26JUL06-T93,,,1.0
,,0.011968792598383423,t_plus_22h,okc,okc:2026-07-06,,KXHIGHTOKC-26JUL06,0.10521595334049151,bracket,raycaster_cloudcaster,,0.004388557286073926,2026-07-07T04:00:00+00:00,2026-07-06,1.0,0.9001301154902731,KXHIGHTOKC-26JUL06-T93,0.9001301154902731,KXHIGHTOKC-26JUL06-T93,,,1.0
,,0.011968792598383423,t_plus_23h,okc,okc:2026-07-06,,KXHIGHTOKC-26JUL06,0.10521595334049151,bracket,raycaster_cloudcaster,,0.004388557286073926,2026-07-07T05:00:00+00:00,2026-07-06,1.0,0.9001301154902731,KXHIGHTOKC-26JUL06-T93,0.9001301154902731,KXHIGHTOKC-26JUL06-T93,,,1.0
,,0.49877372195169545,t_plus_0h,aus,aus:2026-07-07,,KXHIGHAUS-26JUL07,0.6980153494677995,bracket,raycaster_cloudcaster,,0.04987923966562542,2026-07-07T06:00:00+00:00,2026-07-07,1.0,0.4975718307106356,KXHIGHAUS-26JUL07-B98.5,0.4975718307106356,KXHIGHAUS-26JUL07-B98.5,,,1.0
,,0.5090612253033294,t_plus_1h,aus,aus:2026-07-07,,KXHIGHAUS-26JUL07,0.7083919995810806,bracket,raycaster_cloudcaster,,0.05090800545804054,2026-07-07T07:00:00+00:00,2026-07-07,0.0,0.5014279459150849,KXHIGHAUS-26JUL07-B96.5,0.49243539749094994,KXHIGHAUS-26JUL07-B98.5,,,1.0
,,0.5090612253033294,t_plus_2h,aus,aus:2026-07-07,,KXHIGHAUS-26JUL07,0.7083919995810806,bracket,raycaster_cloudcaster,,0.05090800545804054,2026-07-07T08:00:00+00:00,2026-07-07,0.0,0.5014279459150849,KXHIGHAUS-26JUL07-B96.5,0.49243539749094994,KXHIGHAUS-26JUL07-B98.5,,,1.0
,,0.602177074030502,t_plus_3h,aus,aus:2026-07-07,,KXHIGHAUS-26JUL07,0.803045317626395,bracket,raycaster_cloudcaster,,0.06021993474986278,2026-07-07T09:00:00+00:00,2026-07-07,0.0,0.5453629547556806,KXHIGHAUS-26JUL07-B96.5,0.44796269611864753,KXHIGHAUS-26JUL07-B98.5,,,1.0
,,0.5090612253033294,t_plus_4h,aus,aus:2026-07-07,,KXHIGHAUS-26JUL07,0.7083919995810806,bracket,raycaster_cloudcaster,,0.05090800545804054,2026-07-07T10:00:00+00:00,2026-07-07,0.0,0.5014279459150849,KXHIGHAUS-26JUL07-B96.5,0.49243539749094994,KXHIGHAUS-26JUL07-B98.5,,,1.0
,,0.5090612253033294,t_plus_5h,aus,aus:2026-07-07,,KXHIGHAUS-26JUL07,0.7083919995810806,bracket,raycaster_cloudcaster,,0.05090800545804054,2026-07-07T11:00:00+00:00,2026-07-07,0.0,0.5014279459150849,KXHIGHAUS-26JUL07-B96.5,0.49243539749094994,KXHIGHAUS-26JUL07-B98.5,,,1.0
,,0.602177074030502,t_plus_6h,aus,aus:2026-07-07,,KXHIGHAUS-26JUL07,0.803045317626395,bracket,raycaster_cloudcaster,,0.06021993474986278,2026-07-07T12:00:00+00:00,2026-07-07,0.0,0.5453629547556806,KXHIGHAUS-26JUL07-B96.5,0.44796269611864753,KXHIGHAUS-26JUL07-B98.5,,,1.0
,,0.864359957995298,t_plus_7h,aus,aus:2026-07-07,,KXHIGHAUS-26JUL07,1.0828883458772405,bracket,raycaster_cloudcaster,,0.08643919291459841,2026-07-07T13:00:00+00:00,2026-07-07,0.0,0.6533875354867597,KXHIGHAUS-26JUL07-B96.5,0.33861607149062556,KXHIGHAUS-26JUL07-B98.5,,,1.0
,,0.864359957995298,t_plus_8h,aus,aus:2026-07-07,,KXHIGHAUS-26JUL07,1.0828883458772405,bracket,raycaster_cloudcaster,,0.08643919291459841,2026-07-07T14:00:00+00:00,2026-07-07,0.0,0.6533875354867597,KXHIGHAUS-26JUL07-B96.5,0.33861607149062556,KXHIGHAUS-26JUL07-B98.5,,,1.0
,,0.5090612253033294,t_plus_9h,aus,aus:2026-07-07,,KXHIGHAUS-26JUL07,0.7083919995810806,bracket,raycaster_cloudcaster,,0.05090800545804054,2026-07-07T15:00:00+00:00,2026-07-07,0.0,0.5014279459150849,KXHIGHAUS-26JUL07-B96.5,0.49243539749094994,KXHIGHAUS-26JUL07-B98.5,,,1.0
,,0.8990893310427218,t_plus_10h,aus,aus:2026-07-07,,KXHIGHAUS-26JUL07,1.1225158625095724,bracket,raycaster_cloudcaster,,0.0899122586771677,2026-07-07T16:00:00+00:00,2026-07-07,0.0,0.6663845930263766,KXHIGHAUS-26JUL07-B96.5,0.32545995125914545,KXHIGHAUS-26JUL07-B98.5,,,1.0
,,0.8522009394796723,t_plus_11h,aus,aus:2026-07-07,,KXHIGHAUS-26JUL07,1.069195972443317,bracket,raycaster_cloudcaster,,0.0852232460889704,2026-07-07T17:00:00+00:00,2026-07-07,0.0,0.6487756324952488,KXHIGHAUS-26JUL07-B96.5,0.3432844166193052,KXHIGHAUS-26JUL07-B98.5,,,1.0
,,0.8522009394796723,t_plus_12h,aus,aus:2026-07-07,,KXHIGHAUS-26JUL07,1.069195972443317,bracket,raycaster_cloudcaster,,0.0852232460889704,2026-07-07T18:00:00+00:00,2026-07-07,0.0,0.6487756324952488,KXHIGHAUS-26JUL07-B96.5,0.3432844166193052,KXHIGHAUS-26JUL07-B98.5,,,1.0
,,1.3323211200516176,t_plus_13h,aus,aus:2026-07-07,,KXHIGHAUS-26JUL07,1.720988326739219,bracket,raycaster_cloudcaster,,0.1332370058336157,2026-07-07T19:00:00+00:00,2026-07-07,0.0,0.8112174817549431,KXHIGHAUS-26JUL07-B96.5,0.17888925947560744,KXHIGHAUS-26JUL07-B98.5,,,1.0
,,0.8707884882751428,t_plus_14h,aus,aus:2026-07-07,,KXHIGHAUS-26JUL07,1.0901645844652408,bracket,raycaster_cloudcaster,,0.08708206972058283,2026-07-07T20:00:00+00:00,2026-07-07,0.0,0.6558127639062737,KXHIGHAUS-26JUL07-B96.5,0.33616116224838566,KXHIGHAUS-26JUL07-B98.5,,,1.0
,,0.8707884882751428,t_plus_15h,aus,aus:2026-07-07,,KXHIGHAUS-26JUL07,1.0901645844652408,bracket,raycaster_cloudcaster,,0.08708206972058283,2026-07-07T21:00:00+00:00,2026-07-07,0.0,0.6558127639062737,KXHIGHAUS-26JUL07-B96.5,0.33616116224838566,KXHIGHAUS-26JUL07-B98.5,,,1.0
,,0.00036616233846367534,t_plus_16h,aus,aus:2026-07-07,,KXHIGHAUS-26JUL07,0.017535454328109795,bracket,raycaster_cloudcaster,,4.407603239548291e-05,2026-07-07T22:00:00+00:00,2026-07-07,1.0,0.9826173970078863,KXHIGHAUS-26JUL07-B98.5,0.9826173970078863,KXHIGHAUS-26JUL07-B98.5,,,1.0
,,0.0002705603483933018,t_plus_17h,aus,aus:2026-07-07,,KXHIGHAUS-26JUL07,0.015129432011561665,bracket,raycaster_cloudcaster,,3.427097746315146e-05,2026-07-07T23:00:00+00:00,2026-07-07,1.0,0.984984442834366,KXHIGHAUS-26JUL07-B98.5,0.984984442834366,KXHIGHAUS-26JUL07-B98.5,,,1.0
,,0.0002705603483933018,t_plus_18h,aus,aus:2026-07-07,,KXHIGHAUS-26JUL07,0.015129432011561665,bracket,raycaster_cloudcaster,,3.427097746315146e-05,2026-07-08T00:00:00+00:00,2026-07-07,1.0,0.984984442834366,KXHIGHAUS-26JUL07-B98.5,0.984984442834366,KXHIGHAUS-26JUL07-B98.5,,,1.0
,,0.0002705603483933018,t_plus_19h,aus,aus:2026-07-07,,KXHIGHAUS-26JUL07,0.015129432011561665,bracket,raycaster_cloudcaster,,3.427097746315146e-05,2026-07-08T01:00:00+00:00,2026-07-07,1.0,0.984984442834366,KXHIGHAUS-26JUL07-B98.5,0.984984442834366,KXHIGHAUS-26JUL07-B98.5,,,1.0
,,0.0002705603483933018,t_plus_20h,aus,aus:2026-07-07,,KXHIGHAUS-26JUL07,0.015129432011561665,bracket,raycaster_cloudcaster,,3.427097746315146e-05,2026-07-08T02:00:00+00:00,2026-07-07,1.0,0.984984442834366,KXHIGHAUS-26JUL07-B98.5,0.984984442834366,KXHIGHAUS-26JUL07-B98.5,,,1.0
,,0.0002705603483933018,t_plus_21h,aus,aus:2026-07-07,,KXHIGHAUS-26JUL07,0.015129432011561665,bracket,raycaster_cloudcaster,,3.427097746315146e-05,2026-07-08T03:00:00+00:00,2026-07-07,1.0,0.984984442834366,KXHIGHAUS-26JUL07-B98.5,0.984984442834366,KXHIGHAUS-26JUL07-B98.5,,,1.0
,,0.0002705603483933018,t_plus_22h,aus,aus:2026-07-07,,KXHIGHAUS-26JUL07,0.015129432011561665,bracket,raycaster_cloudcaster,,3.427097746315146e-05,2026-07-08T04:00:00+00:00,2026-07-07,1.0,0.984984442834366,KXHIGHAUS-26JUL07-B98.5,0.984984442834366,KXHIGHAUS-26JUL07-B98.5,,,1.0
,,0.0002705603483933018,t_plus_23h,aus,aus:2026-07-07,,KXHIGHAUS-26JUL07,0.015129432011561665,bracket,raycaster_cloudcaster,,3.427097746315146e-05,2026-07-08T05:00:00+00:00,2026-07-07,1.0,0.984984442834366,KXHIGHAUS-26JUL07-B98.5,0.984984442834366,KXHIGHAUS-26JUL07-B98.5,,,1.0
,,0.8325764043780127,t_plus_0h,den,den:2026-07-07,,KXHIGHDEN-26JUL07,1.1411781481386174,bracket,raycaster_cloudcaster,,0.09382648755621045,2026-07-07T07:00:00+00:00,2026-07-07,0.0,0.6035796380645818,KXHIGHDEN-26JUL07-B95.5,0.3194424495035991,KXHIGHDEN-26JUL07-T96,,,1.0
,,0.8294379578757552,t_plus_1h,den,den:2026-07-07,,KXHIGHDEN-26JUL07,1.1367276164478244,bracket,raycaster_cloudcaster,,0.09342409953198344,2026-07-07T08:00:00+00:00,2026-07-07,0.0,0.6026367745451338,KXHIGHDEN-26JUL07-B95.5,0.32086730658241935,KXHIGHDEN-26JUL07-T96,,,1.0
,,0.5119522073705839,t_plus_2h,den,den:2026-07-07,,KXHIGHDEN-26JUL07,0.7626104255648987,bracket,raycaster_cloudcaster,,0.05766395608358752,2026-07-07T09:00:00+00:00,2026-07-07,0.0,0.47345465053392816,KXHIGHDEN-26JUL07-B95.5,0.46644721064212985,KXHIGHDEN-26JUL07-T96,,,1.0
,,0.5110962594707928,t_plus_3h,den,den:2026-07-07,,KXHIGHDEN-26JUL07,0.7568019003799398,bracket,raycaster_cloudcaster,,0.05695995505435948,2026-07-07T10:00:00+00:00,2026-07-07,0.0,0.4762127262169767,KXHIGHDEN-26JUL07-B95.5,0.46916446499298914,KXHIGHDEN-26JUL07-T96,,,1.0
,,1.1638694557667266,t_plus_4h,den,den:2026-07-07,,KXHIGHDEN-26JUL07,1.614423152468919,bracket,raycaster_cloudcaster,,0.12968640280176216,2026-07-07T11:00:00+00:00,2026-07-07,0.0,0.7187013563072009,KXHIGHDEN-26JUL07-B95.5,0.19900543313012317,KXHIGHDEN-26JUL07-T96,,,1.0
,,0.5099296211832264,t_plus_5h,den,den:2026-07-07,,KXHIGHDEN-26JUL07,0.7603511905048516,bracket,raycaster_cloudcaster,,0.05743614122234865,2026-07-07T12:00:00+00:00,2026-07-07,0.0,0.47251847865714136,KXHIGHDEN-26JUL07-B95.5,0.46750221583769547,KXHIGHDEN-26JUL07-T96,,,1.0
,,0.5090653272541632,t_plus_6h,den,den:2026-07-07,,KXHIGHDEN-26JUL07,0.7545541839941006,bracket,raycaster_cloudcaster,,0.05673361450571712,2026-07-07T13:00:00+00:00,2026-07-07,0.0,0.47526562627746866,KXHIGHDEN-26JUL07-B95.5,0.4702201997002232,KXHIGHDEN-26JUL07-T96,,,1.0
,,0.5099296211832264,t_plus_7h,den,den:2026-07-07,,KXHIGHDEN-26JUL07,0.7603511905048516,bracket,raycaster_cloudcaster,,0.05743614122234865,2026-07-07T14:00:00+00:00,2026-07-07,0.0,0.47251847865714136,KXHIGHDEN-26JUL07-B95.5,0.46750221583769547,KXHIGHDEN-26JUL07-T96,,,1.0
,,0.5090653272541632,t_plus_8h,den,den:2026-07-07,,KXHIGHDEN-26JUL07,0.7545541839941006,bracket,raycaster_cloudcaster,,0.05673361450571712,2026-07-07T15:00:00+00:00,2026-07-07,0.0,0.47526562627746866,KXHIGHDEN-26JUL07-B95.5,0.4702201997002232,KXHIGHDEN-26JUL07-T96,,,1.0
,,0.8294379578757552,t_plus_9h,den,den:2026-07-07,,KXHIGHDEN-26JUL07,1.1367276164478244,bracket,raycaster_cloudcaster,,0.09342409953198344,2026-07-07T16:00:00+00:00,2026-07-07,0.0,0.6026367745451338,KXHIGHDEN-26JUL07-B95.5,0.32086730658241935,KXHIGHDEN-26JUL07-T96,,,1.0
,,0.5110962594707928,t_plus_10h,den,den:2026-07-07,,KXHIGHDEN-26JUL07,0.7568019003799398,bracket,raycaster_cloudcaster,,0.05695995505435948,2026-07-07T17:00:00+00:00,2026-07-07,0.0,0.4762127262169767,KXHIGHDEN-26JUL07-B95.5,0.46916446499298914,KXHIGHDEN-26JUL07-T96,,,1.0
,,0.5074654362801386,t_plus_11h,den,den:2026-07-07,,KXHIGHDEN-26JUL07,0.7067804347419262,bracket,raycaster_cloudcaster,,0.05137733751629271,2026-07-07T18:00:00+00:00,2026-07-07,0.0,0.500639421227588,KXHIGHDEN-26JUL07-B95.5,0.49322962886888855,KXHIGHDEN-26JUL07-T96,,,1.0
,,0.5074654362801386,t_plus_12h,den,den:2026-07-07,,KXHIGHDEN-26JUL07,0.7067804347419262,bracket,raycaster_cloudcaster,,0.05137733751629271,2026-07-07T19:00:00+00:00,2026-07-07,0.0,0.500639421227588,KXHIGHDEN-26JUL07-B95.5,0.49322962886888855,KXHIGHDEN-26JUL07-T96,,,1.0
,,0.00035267542412281596,t_plus_13h,den,den:2026-07-07,,KXHIGHDEN-26JUL07,0.017206660695001767,bracket,raycaster_cloudcaster,,0.0001120928434921703,2026-07-07T20:00:00+00:00,2026-07-07,1.0,0.9829405284706765,KXHIGHDEN-26JUL07-T96,0.9829405284706765,KXHIGHDEN-26JUL07-T96,,,1.0
,,0.00029333347188296625,t_plus_14h,den,den:2026-07-07,,KXHIGHDEN-26JUL07,0.015749899108121423,bracket,raycaster_cloudcaster,,0.00010288257503682935,2026-07-07T21:00:00+00:00,2026-07-07,1.0,0.9843734819571255,KXHIGHDEN-26JUL07-T96,0.9843734819571255,KXHIGHDEN-26JUL07-T96,,,1.0
,,0.00029333347188296625,t_plus_15h,den,den:2026-07-07,,KXHIGHDEN-26JUL07,0.015749899108121423,bracket,raycaster_cloudcaster,,0.00010288257503682935,2026-07-07T22:00:00+00:00,2026-07-07,1.0,0.9843734819571255,KXHIGHDEN-26JUL07-T96,0.9843734819571255,KXHIGHDEN-26JUL07-T96,,,1.0
,,0.00029333347188296625,t_plus_16h,den,den:2026-07-07,,KXHIGHDEN-26JUL07,0.015749899108121423,bracket,raycaster_cloudcaster,,0.00010288257503682935,2026-07-07T23:00:00+00:00,2026-07-07,1.0,0.9843734819571255,KXHIGHDEN-26JUL07-T96,0.9843734819571255,KXHIGHDEN-26JUL07-T96,,,1.0
,,0.00029333347188296625,t_plus_17h,den,den:2026-07-07,,KXHIGHDEN-26JUL07,0.015749899108121423,bracket,raycaster_cloudcaster,,0.00010288257503682935,2026-07-08T00:00:00+00:00,2026-07-07,1.0,0.9843734819571255,KXHIGHDEN-26JUL07-T96,0.9843734819571255,KXHIGHDEN-26JUL07-T96,,,1.0
,,0.00029333347188296625,t_plus_18h,den,den:2026-07-07,,KXHIGHDEN-26JUL07,0.015749899108121423,bracket,raycaster_cloudcaster,,0.00010288257503682935,2026-07-08T01:00:00+00:00,2026-07-07,1.0,0.9843734819571255,KXHIGHDEN-26JUL07-T96,0.9843734819571255,KXHIGHDEN-26JUL07-T96,,,1.0
,,0.00029333347188296625,t_plus_19h,den,den:2026-07-07,,KXHIGHDEN-26JUL07,0.015749899108121423,bracket,raycaster_cloudcaster,,0.00010288257503682935,2026-07-08T02:00:00+00:00,2026-07-07,1.0,0.9843734819571255,KXHIGHDEN-26JUL07-T96,0.9843734819571255,KXHIGHDEN-26JUL07-T96,,,1.0
,,0.00029333347188296625,t_plus_20h,den,den:2026-07-07,,KXHIGHDEN-26JUL07,0.015749899108121423,bracket,raycaster_cloudcaster,,0.00010288257503682935,2026-07-08T03:00:00+00:00,2026-07-07,1.0,0.9843734819571255,KXHIGHDEN-26JUL07-T96,0.9843734819571255,KXHIGHDEN-26JUL07-T96,,,1.0
,,0.00029333347188296625,t_plus_21h,den,den:2026-07-07,,KXHIGHDEN-26JUL07,0.015749899108121423,bracket,raycaster_cloudcaster,,0.00010288257503682935,2026-07-08T04:00:00+00:00,2026-07-07,1.0,0.9843734819571255,KXHIGHDEN-26JUL07-T96,0.9843734819571255,KXHIGHDEN-26JUL07-T96,,,1.0
,,0.00029333347188296625,t_plus_22h,den,den:2026-07-07,,KXHIGHDEN-26JUL07,0.015749899108121423,bracket,raycaster_cloudcaster,,0.00010288257503682935,2026-07-08T05:00:00+00:00,2026-07-07,1.0,0.9843734819571255,KXHIGHDEN-26JUL07-T96,0.9843734819571255,KXHIGHDEN-26JUL07-T96,,,1.0
,,0.00029333347188296625,t_plus_23h,den,den:2026-07-07,,KXHIGHDEN-26JUL07,0.015749899108121423,bracket,raycaster_cloudcaster,,0.00010288257503682935,2026-07-08T06:00:00+00:00,2026-07-07,1.0,0.9843734819571255,KXHIGHDEN-26JUL07-T96,0.9843734819571255,KXHIGHDEN-26JUL07-T96,,,1.0
,,1.3528548374677543,t_plus_0h,la,la:2026-07-07,,KXHIGHLAX-26JUL07,2.9712619800711084,bracket,raycaster_cloudcaster,,0.21197172153662525,2026-07-07T08:00:00+00:00,2026-07-07,0.0,0.5325135664356334,KXHIGHLAX-26JUL07-B75.5,0.051238607412183085,KXHIGHLAX-26JUL07-B73.5,,,1.0
,,1.4572866045704067,t_plus_1h,la,la:2026-07-07,,KXHIGHLAX-26JUL07,4.359180107104623,bracket,raycaster_cloudcaster,,0.24188301912428364,2026-07-07T09:00:00+00:00,2026-07-07,0.0,0.493987553247634,KXHIGHLAX-26JUL07-T76,0.012788868854929766,KXHIGHLAX-26JUL07-B73.5,,,0.0
,,1.490568367509358,t_plus_2h,la,la:2026-07-07,,KXHIGHLAX-26JUL07,6.450672843595598,bracket,raycaster_cloudcaster,,0.24740718525344763,2026-07-07T10:00:00+00:00,2026-07-07,0.0,0.4995965954598675,KXHIGHLAX-26JUL07-T76,0.0015794590822028724,KXHIGHLAX-26JUL07-B73.5,,,0.0
,,1.4572866045704067,t_plus_3h,la,la:2026-07-07,,KXHIGHLAX-26JUL07,4.359180107104623,bracket,raycaster_cloudcaster,,0.24188301912428364,2026-07-07T11:00:00+00:00,2026-07-07,0.0,0.493987553247634,KXHIGHLAX-26JUL07-T76,0.012788868854929766,KXHIGHLAX-26JUL07-B73.5,,,0.0
,,1.359717337890423,t_plus_4h,la,la:2026-07-07,,KXHIGHLAX-26JUL07,3.070249156438865,bracket,raycaster_cloudcaster,,0.22568829893384174,2026-07-07T12:00:00+00:00,2026-07-07,0.0,0.47716418351832357,KXHIGHLAX-26JUL07-T76,0.04640959016856716,KXHIGHLAX-26JUL07-B73.5,,,0.0
,,1.490568367509358,t_plus_5h,la,la:2026-07-07,,KXHIGHLAX-26JUL07,6.450672843595598,bracket,raycaster_cloudcaster,,0.24740718525344763,2026-07-07T13:00:00+00:00,2026-07-07,0.0,0.4995965954598675,KXHIGHLAX-26JUL07-T76,0.0015794590822028724,KXHIGHLAX-26JUL07-B73.5,,,0.0
,,1.490568367509358,t_plus_6h,la,la:2026-07-07,,KXHIGHLAX-26JUL07,6.450672843595598,bracket,raycaster_cloudcaster,,0.24740718525344763,2026-07-07T14:00:00+00:00,2026-07-07,0.0,0.4995965954598675,KXHIGHLAX-26JUL07-T76,0.0015794590822028724,KXHIGHLAX-26JUL07-B73.5,,,0.0
,,1.490788961015232,t_plus_7h,la,la:2026-07-07,,KXHIGHLAX-26JUL07,6.475324490403805,bracket,raycaster_cloudcaster,,0.24729196319747432,2026-07-07T15:00:00+00:00,2026-07-07,0.0,0.4987149147577454,KXHIGHLAX-26JUL07-T76,0.0015409988168828387,KXHIGHLAX-26JUL07-B73.5,,,0.0
,,1.4908758628977974,t_plus_8h,la,la:2026-07-07,,KXHIGHLAX-26JUL07,6.482866012379288,bracket,raycaster_cloudcaster,,0.2476526483974312,2026-07-07T16:00:00+00:00,2026-07-07,0.0,0.5004282531421257,KXHIGHLAX-26JUL07-T76,0.0015294210522974437,KXHIGHLAX-26JUL07-B73.5,,,0.0
,,1.7255716669316155,t_plus_9h,la,la:2026-07-07,,KXHIGHLAX-26JUL07,5.951578811188783,bracket,raycaster_cloudcaster,,0.337670727205882,2026-07-07T17:00:00+00:00,2026-07-07,0.0,0.8420002394243861,KXHIGHLAX-26JUL07-T76,0.0026017296342507163,KXHIGHLAX-26JUL07-B73.5,,,0.0
,,0.8792122770316907,t_plus_10h,la,la:2026-07-07,,KXHIGHLAX-26JUL07,1.4776024707292958,bracket,raycaster_cloudcaster,,0.1426428445789006,2026-07-07T18:00:00+00:00,2026-07-07,0.0,0.38209571375478396,KXHIGHLAX-26JUL07-T76,0.22818411117540371,KXHIGHLAX-26JUL07-B73.5,,,0.0
,,0.5009266611164777,t_plus_11h,la,la:2026-07-07,,KXHIGHLAX-26JUL07,0.7289301889331037,bracket,raycaster_cloudcaster,,0.04848959138414004,2026-07-07T19:00:00+00:00,2026-07-07,1.0,0.4824248175307932,KXHIGHLAX-26JUL07-B73.5,0.4824248175307932,KXHIGHLAX-26JUL07-B73.5,,,1.0
,,1.446256275245229,t_plus_12h,la,la:2026-07-07,,KXHIGHLAX-26JUL07,1.935205683376146,bracket,raycaster_cloudcaster,,0.14374482789776366,2026-07-07T20:00:00+00:00,2026-07-07,0.0,0.8450845784951063,KXHIGHLAX-26JUL07-B75.5,0.14439456620710486,KXHIGHLAX-26JUL07-B73.5,,,1.0
,,1.420646872764838,t_plus_13h,la,la:2026-07-07,,KXHIGHLAX-26JUL07,1.8847661488489866,bracket,raycaster_cloudcaster,,0.14117655966661594,2026-07-07T21:00:00+00:00,2026-07-07,0.0,0.8374273087530467,KXHIGHLAX-26JUL07-B75.5,0.15186456898154846,KXHIGHLAX-26JUL07-B73.5,,,1.0
,,1.4383650252851115,t_plus_14h,la,la:2026-07-07,,KXHIGHLAX-26JUL07,1.9191200484774975,bracket,raycaster_cloudcaster,,0.14296117812759657,2026-07-07T22:00:00+00:00,2026-07-07,0.0,0.8427800053592925,KXHIGHLAX-26JUL07-B75.5,0.14673602592650017,KXHIGHLAX-26JUL07-B73.5,,,1.0
,,0.010402714510393148,t_plus_15h,la,la:2026-07-07,,KXHIGHLAX-26JUL07,0.0971995941510669,bracket,raycaster_cloudcaster,,0.0011752947517944565,2026-07-07T23:00:00+00:00,2026-07-07,1.0,0.9073748813390089,KXHIGHLAX-26JUL07-B73.5,0.9073748813390089,KXHIGHLAX-26JUL07-B73.5,,,1.0
,,0.010478607986738863,t_plus_16h,la,la:2026-07-07,,KXHIGHLAX-26JUL07,0.09757135236572291,bracket,raycaster_cloudcaster,,0.0011838691680543102,2026-07-08T00:00:00+00:00,2026-07-07,1.0,0.9070376199668256,KXHIGHLAX-26JUL07-B73.5,0.9070376199668256,KXHIGHLAX-26JUL07-B73.5,,,1.0
,,0.010397849972104975,t_plus_17h,la,la:2026-07-07,,KXHIGHLAX-26JUL07,0.0972045234425826,bracket,raycaster_cloudcaster,,0.001178281309934064,2026-07-08T01:00:00+00:00,2026-07-07,1.0,0.9073704086347284,KXHIGHLAX-26JUL07-B73.5,0.9073704086347284,KXHIGHLAX-26JUL07-B73.5,,,1.0
,,0.00035267542412281596,t_plus_18h,la,la:2026-07-07,,KXHIGHLAX-26JUL07,0.017206660695001767,bracket,raycaster_cloudcaster,,3.9965075648505046e-05,2026-07-08T02:00:00+00:00,2026-07-07,1.0,0.9829405284706765,KXHIGHLAX-26JUL07-B73.5,0.9829405284706765,KXHIGHLAX-26JUL07-B73.5,,,1.0
,,0.00035267542412281596,t_plus_19h,la,la:2026-07-07,,KXHIGHLAX-26JUL07,0.017206660695001767,bracket,raycaster_cloudcaster,,3.9965075648505046e-05,2026-07-08T03:00:00+00:00,2026-07-07,1.0,0.9829405284706765,KXHIGHLAX-26JUL07-B73.5,0.9829405284706765,KXHIGHLAX-26JUL07-B73.5,,,1.0
,,0.00029333347188296625,t_plus_20h,la,la:2026-07-07,,KXHIGHLAX-26JUL07,0.015749899108121423,bracket,raycaster_cloudcaster,,3.579470271040883e-05,2026-07-08T04:00:00+00:00,2026-07-07,1.0,0.9843734819571255,KXHIGHLAX-26JUL07-B73.5,0.9843734819571255,KXHIGHLAX-26JUL07-B73.5,,,1.0
,,0.00029333347188296625,t_plus_21h,la,la:2026-07-07,,KXHIGHLAX-26JUL07,0.015749899108121423,bracket,raycaster_cloudcaster,,3.579470271040883e-05,2026-07-08T05:00:00+00:00,2026-07-07,1.0,0.9843734819571255,KXHIGHLAX-26JUL07-B73.5,0.9843734819571255,KXHIGHLAX-26JUL07-B73.5,,,1.0
,,0.00029333347188296625,t_plus_22h,la,la:2026-07-07,,KXHIGHLAX-26JUL07,0.015749899108121423,bracket,raycaster_cloudcaster,,3.579470271040883e-05,2026-07-08T06:00:00+00:00,2026-07-07,1.0,0.9843734819571255,KXHIGHLAX-26JUL07-B73.5,0.9843734819571255,KXHIGHLAX-26JUL07-B73.5,,,1.0
,,0.00029333347188296625,t_plus_23h,la,la:2026-07-07,,KXHIGHLAX-26JUL07,0.015749899108121423,bracket,raycaster_cloudcaster,,3.579470271040883e-05,2026-07-08T07:00:00+00:00,2026-07-07,1.0,0.9843734819571255,KXHIGHLAX-26JUL07-B73.5,0.9843734819571255,KXHIGHLAX-26JUL07-B73.5,,,1.0
,,0.48901439475808683,t_plus_0h,mia,mia:2026-07-07,,KXHIGHMIA-26JUL07,0.6909923685710364,bracket,raycaster_cloudcaster,,0.04890430103544054,2026-07-07T05:00:00+00:00,2026-07-07,1.0,0.5010785676323519,KXHIGHMIA-26JUL07-B92.5,0.5010785676323519,KXHIGHMIA-26JUL07-B92.5,,,1.0
,,0.4899913940617676,t_plus_1h,mia,mia:2026-07-07,,KXHIGHMIA-26JUL07,0.691919529843624,bracket,raycaster_cloudcaster,,0.049001954410258085,2026-07-07T06:00:00+00:00,2026-07-07,1.0,0.5006142022939637,KXHIGHMIA-26JUL07-B92.5,0.5006142022939637,KXHIGHMIA-26JUL07-B92.5,,,1.0
,,0.41357420328136385,t_plus_2h,mia,mia:2026-07-07,,KXHIGHMIA-26JUL07,0.6152606829134664,bracket,raycaster_cloudcaster,,0.041360897280947356,2026-07-07T07:00:00+00:00,2026-07-07,1.0,0.5404999778337753,KXHIGHMIA-26JUL07-B92.5,0.5404999778337753,KXHIGHMIA-26JUL07-B92.5,,,1.0
,,0.489124452790218,t_plus_3h,mia,mia:2026-07-07,,KXHIGHMIA-26JUL07,0.6910523889667034,bracket,raycaster_cloudcaster,,0.04891526714281354,2026-07-07T08:00:00+00:00,2026-07-07,1.0,0.501048493600999,KXHIGHMIA-26JUL07-B92.5,0.501048493600999,KXHIGHMIA-26JUL07-B92.5,,,1.0
,,0.5087970561019676,t_plus_4h,mia,mia:2026-07-07,,KXHIGHMIA-26JUL07,0.7238673901967136,bracket,raycaster_cloudcaster,,0.05090056784658305,2026-07-07T09:00:00+00:00,2026-07-07,0.0,0.4932771033894125,KXHIGHMIA-26JUL07-B90.5,0.4848734304744288,KXHIGHMIA-26JUL07-B92.5,,,1.0
,,0.5087970561019676,t_plus_5h,mia,mia:2026-07-07,,KXHIGHMIA-26JUL07,0.7238673901967136,bracket,raycaster_cloudcaster,,0.05090056784658305,2026-07-07T10:00:00+00:00,2026-07-07,0.0,0.4932771033894125,KXHIGHMIA-26JUL07-B90.5,0.4848734304744288,KXHIGHMIA-26JUL07-B92.5,,,1.0
,,0.5086638269315137,t_plus_6h,mia,mia:2026-07-07,,KXHIGHMIA-26JUL07,0.7231309947330848,bracket,raycaster_cloudcaster,,0.050866601105318154,2026-07-07T11:00:00+00:00,2026-07-07,0.0,0.4935214576826823,KXHIGHMIA-26JUL07-B90.5,0.4852306205695058,KXHIGHMIA-26JUL07-B92.5,,,1.0
,,0.5093356098298463,t_plus_7h,mia,mia:2026-07-07,,KXHIGHMIA-26JUL07,0.7302854695761559,bracket,raycaster_cloudcaster,,0.05094313088875835,2026-07-07T12:00:00+00:00,2026-07-07,0.0,0.490492012617905,KXHIGHMIA-26JUL07-B90.5,0.48177143936926276,KXHIGHMIA-26JUL07-B92.5,,,1.0
,,0.3723359102238537,t_plus_8h,mia,mia:2026-07-07,,KXHIGHMIA-26JUL07,0.5863136091385738,bracket,raycaster_cloudcaster,,0.03724206736737439,2026-07-07T13:00:00+00:00,2026-07-07,1.0,0.5563745229128398,KXHIGHMIA-26JUL07-B92.5,0.5563745229128398,KXHIGHMIA-26JUL07-B92.5,,,1.0
,,0.5087923988606977,t_plus_9h,mia,mia:2026-07-07,,KXHIGHMIA-26JUL07,0.7236690401550473,bracket,raycaster_cloudcaster,,0.05087989966869304,2026-07-07T14:00:00+00:00,2026-07-07,0.0,0.4933749546275006,KXHIGHMIA-26JUL07-B90.5,0.4849696146783214,KXHIGHMIA-26JUL07-B92.5,,,1.0
,,0.489124452790218,t_plus_10h,mia,mia:2026-07-07,,KXHIGHMIA-26JUL07,0.6910523889667034,bracket,raycaster_cloudcaster,,0.04891526714281354,2026-07-07T15:00:00+00:00,2026-07-07,1.0,0.501048493600999,KXHIGHMIA-26JUL07-B92.5,0.501048493600999,KXHIGHMIA-26JUL07-B92.5,,,1.0
,,0.09243820415049472,t_plus_11h,mia,mia:2026-07-07,,KXHIGHMIA-26JUL07,0.24828380349959098,bracket,raycaster_cloudcaster,,0.009042898549349272,2026-07-07T16:00:00+00:00,2026-07-07,1.0,0.7801385058190405,KXHIGHMIA-26JUL07-B92.5,0.7801385058190405,KXHIGHMIA-26JUL07-B92.5,,,1.0
,,0.020188002803283943,t_plus_12h,mia,mia:2026-07-07,,KXHIGHMIA-26JUL07,0.11180100282832768,bracket,raycaster_cloudcaster,,0.0019231077256559232,2026-07-07T17:00:00+00:00,2026-07-07,1.0,0.8942221874821441,KXHIGHMIA-26JUL07-B92.5,0.8942221874821441,KXHIGHMIA-26JUL07-B92.5,,,1.0
,,0.02042363275414257,t_plus_13h,mia,mia:2026-07-07,,KXHIGHMIA-26JUL07,0.11245277861481512,bracket,raycaster_cloudcaster,,0.0019460741620848407,2026-07-07T18:00:00+00:00,2026-07-07,1.0,0.8936395450093575,KXHIGHMIA-26JUL07-B92.5,0.8936395450093575,KXHIGHMIA-26JUL07-B92.5,,,1.0
,,0.0002705603483933018,t_plus_14h,mia,mia:2026-07-07,,KXHIGHMIA-26JUL07,0.015129432011561665,bracket,raycaster_cloudcaster,,3.427097746315146e-05,2026-07-07T19:00:00+00:00,2026-07-07,1.0,0.984984442834366,KXHIGHMIA-26JUL07-B92.5,0.984984442834366,KXHIGHMIA-26JUL07-B92.5,,,1.0
,,0.0002705603483933018,t_plus_15h,mia,mia:2026-07-07,,KXHIGHMIA-26JUL07,0.015129432011561665,bracket,raycaster_cloudcaster,,3.427097746315146e-05,2026-07-07T20:00:00+00:00,2026-07-07,1.0,0.984984442834366,KXHIGHMIA-26JUL07-B92.5,0.984984442834366,KXHIGHMIA-26JUL07-B92.5,,,1.0
,,0.0002705603483933018,t_plus_16h,mia,mia:2026-07-07,,KXHIGHMIA-26JUL07,0.015129432011561665,bracket,raycaster_cloudcaster,,3.427097746315146e-05,2026-07-07T21:00:00+00:00,2026-07-07,1.0,0.984984442834366,KXHIGHMIA-26JUL07-B92.5,0.984984442834366,KXHIGHMIA-26JUL07-B92.5,,,1.0
,,0.0002705603483933018,t_plus_17h,mia,mia:2026-07-07,,KXHIGHMIA-26JUL07,0.015129432011561665,bracket,raycaster_cloudcaster,,3.427097746315146e-05,2026-07-07T22:00:00+00:00,2026-07-07,1.0,0.984984442834366,KXHIGHMIA-26JUL07-B92.5,0.984984442834366,KXHIGHMIA-26JUL07-B92.5,,,1.0
,,0.0002705603483933018,t_plus_18h,mia,mia:2026-07-07,,KXHIGHMIA-26JUL07,0.015129432011561665,bracket,raycaster_cloudcaster,,3.427097746315146e-05,2026-07-07T23:00:00+00:00,2026-07-07,1.0,0.984984442834366,KXHIGHMIA-26JUL07-B92.5,0.984984442834366,KXHIGHMIA-26JUL07-B92.5,,,1.0
,,0.00029333347188296625,t_plus_19h,mia,mia:2026-07-07,,KXHIGHMIA-26JUL07,0.015749899108121423,bracket,raycaster_cloudcaster,,3.6539342096026315e-05,2026-07-08T00:00:00+00:00,2026-07-07,1.0,0.9843734819571255,KXHIGHMIA-26JUL07-B92.5,0.9843734819571255,KXHIGHMIA-26JUL07-B92.5,,,1.0
,,0.0002705603483933018,t_plus_20h,mia,mia:2026-07-07,,KXHIGHMIA-26JUL07,0.015129432011561665,bracket,raycaster_cloudcaster,,3.427097746315146e-05,2026-07-08T01:00:00+00:00,2026-07-07,1.0,0.984984442834366,KXHIGHMIA-26JUL07-B92.5,0.984984442834366,KXHIGHMIA-26JUL07-B92.5,,,1.0
,,0.0002705603483933018,t_plus_21h,mia,mia:2026-07-07,,KXHIGHMIA-26JUL07,0.015129432011561665,bracket,raycaster_cloudcaster,,3.427097746315146e-05,2026-07-08T02:00:00+00:00,2026-07-07,1.0,0.984984442834366,KXHIGHMIA-26JUL07-B92.5,0.984984442834366,KXHIGHMIA-26JUL07-B92.5,,,1.0
,,0.0002705603483933018,t_plus_22h,mia,mia:2026-07-07,,KXHIGHMIA-26JUL07,0.015129432011561665,bracket,raycaster_cloudcaster,,3.427097746315146e-05,2026-07-08T03:00:00+00:00,2026-07-07,1.0,0.984984442834366,KXHIGHMIA-26JUL07-B92.5,0.984984442834366,KXHIGHMIA-26JUL07-B92.5,,,1.0
,,0.0002705603483933018,t_plus_23h,mia,mia:2026-07-07,,KXHIGHMIA-26JUL07,0.015129432011561665,bracket,raycaster_cloudcaster,,3.427097746315146e-05,2026-07-08T04:00:00+00:00,2026-07-07,1.0,0.984984442834366,KXHIGHMIA-26JUL07-B92.5,0.984984442834366,KXHIGHMIA-26JUL07-B92.5,,,1.0
,,0.00027306278825778426,t_plus_0h,nyc,nyc:2026-07-07,,KXHIGHNY-26JUL07,0.015199770999618084,bracket,raycaster_cloudcaster,,0.00010012302236118864,2026-07-07T05:00:00+00:00,2026-07-07,1.0,0.98491516246199,KXHIGHNY-26JUL07-T75,0.98491516246199,KXHIGHNY-26JUL07-T75,,,1.0
,,0.0002705603483933018,t_plus_1h,nyc,nyc:2026-07-07,,KXHIGHNY-26JUL07,0.015129432011561665,bracket,raycaster_cloudcaster,,9.920546107754292e-05,2026-07-07T06:00:00+00:00,2026-07-07,1.0,0.984984442834366,KXHIGHNY-26JUL07-T75,0.984984442834366,KXHIGHNY-26JUL07-T75,,,1.0
,,0.0002705603483933018,t_plus_2h,nyc,nyc:2026-07-07,,KXHIGHNY-26JUL07,0.015129432011561665,bracket,raycaster_cloudcaster,,9.920546107754292e-05,2026-07-07T07:00:00+00:00,2026-07-07,1.0,0.984984442834366,KXHIGHNY-26JUL07-T75,0.984984442834366,KXHIGHNY-26JUL07-T75,,,1.0
,,0.0002705603483933018,t_plus_3h,nyc,nyc:2026-07-07,,KXHIGHNY-26JUL07,0.015129432011561665,bracket,raycaster_cloudcaster,,9.920546107754292e-05,2026-07-07T08:00:00+00:00,2026-07-07,1.0,0.984984442834366,KXHIGHNY-26JUL07-T75,0.984984442834366,KXHIGHNY-26JUL07-T75,,,1.0
,,0.0002705603483933018,t_plus_4h,nyc,nyc:2026-07-07,,KXHIGHNY-26JUL07,0.015129432011561665,bracket,raycaster_cloudcaster,,9.920546107754292e-05,2026-07-07T09:00:00+00:00,2026-07-07,1.0,0.984984442834366,KXHIGHNY-26JUL07-T75,0.984984442834366,KXHIGHNY-26JUL07-T75,,,1.0
,,0.0002705603483933018,t_plus_5h,nyc,nyc:2026-07-07,,KXHIGHNY-26JUL07,0.015129432011561665,bracket,raycaster_cloudcaster,,9.920546107754292e-05,2026-07-07T10:00:00+00:00,2026-07-07,1.0,0.984984442834366,KXHIGHNY-26JUL07-T75,0.984984442834366,KXHIGHNY-26JUL07-T75,,,1.0
,,0.0002705603483933018,t_plus_6h,nyc,nyc:2026-07-07,,KXHIGHNY-26JUL07,0.015129432011561665,bracket,raycaster_cloudcaster,,9.920546107754292e-05,2026-07-07T11:00:00+00:00,2026-07-07,1.0,0.984984442834366,KXHIGHNY-26JUL07-T75,0.984984442834366,KXHIGHNY-26JUL07-T75,,,1.0
,,0.0002705603483933018,t_plus_7h,nyc,nyc:2026-07-07,,KXHIGHNY-26JUL07,0.015129432011561665,bracket,raycaster_cloudcaster,,9.920546107754292e-05,2026-07-07T12:00:00+00:00,2026-07-07,1.0,0.984984442834366,KXHIGHNY-26JUL07-T75,0.984984442834366,KXHIGHNY-26JUL07-T75,,,1.0
,,0.0002705603483933018,t_plus_8h,nyc,nyc:2026-07-07,,KXHIGHNY-26JUL07,0.015129432011561665,bracket,raycaster_cloudcaster,,9.920546107754292e-05,2026-07-07T13:00:00+00:00,2026-07-07,1.0,0.984984442834366,KXHIGHNY-26JUL07-T75,0.984984442834366,KXHIGHNY-26JUL07-T75,,,1.0
,,0.0002705603483933018,t_plus_9h,nyc,nyc:2026-07-07,,KXHIGHNY-26JUL07,0.015129432011561665,bracket,raycaster_cloudcaster,,9.920546107754292e-05,2026-07-07T14:00:00+00:00,2026-07-07,1.0,0.984984442834366,KXHIGHNY-26JUL07-T75,0.984984442834366,KXHIGHNY-26JUL07-T75,,,1.0
,,0.0002705603483933018,t_plus_10h,nyc,nyc:2026-07-07,,KXHIGHNY-26JUL07,0.015129432011561665,bracket,raycaster_cloudcaster,,9.920546107754292e-05,2026-07-07T15:00:00+00:00,2026-07-07,1.0,0.984984442834366,KXHIGHNY-26JUL07-T75,0.984984442834366,KXHIGHNY-26JUL07-T75,,,1.0
,,0.0002705603483933018,t_plus_11h,nyc,nyc:2026-07-07,,KXHIGHNY-26JUL07,0.015129432011561665,bracket,raycaster_cloudcaster,,9.920546107754292e-05,2026-07-07T16:00:00+00:00,2026-07-07,1.0,0.984984442834366,KXHIGHNY-26JUL07-T75,0.984984442834366,KXHIGHNY-26JUL07-T75,,,1.0
,,0.0002705603483933018,t_plus_12h,nyc,nyc:2026-07-07,,KXHIGHNY-26JUL07,0.015129432011561665,bracket,raycaster_cloudcaster,,9.920546107754292e-05,2026-07-07T17:00:00+00:00,2026-07-07,1.0,0.984984442834366,KXHIGHNY-26JUL07-T75,0.984984442834366,KXHIGHNY-26JUL07-T75,,,1.0
,,0.0002705603483933018,t_plus_13h,nyc,nyc:2026-07-07,,KXHIGHNY-26JUL07,0.015129432011561665,bracket,raycaster_cloudcaster,,9.920546107754292e-05,2026-07-07T18:00:00+00:00,2026-07-07,1.0,0.984984442834366,KXHIGHNY-26JUL07-T75,0.984984442834366,KXHIGHNY-26JUL07-T75,,,1.0
,,0.0002705603483933018,t_plus_14h,nyc,nyc:2026-07-07,,KXHIGHNY-26JUL07,0.015129432011561665,bracket,raycaster_cloudcaster,,9.920546107754292e-05,2026-07-07T19:00:00+00:00,2026-07-07,1.0,0.984984442834366,KXHIGHNY-26JUL07-T75,0.984984442834366,KXHIGHNY-26JUL07-T75,,,1.0
,,0.0002705603483933018,t_plus_15h,nyc,nyc:2026-07-07,,KXHIGHNY-26JUL07,0.015129432011561665,bracket,raycaster_cloudcaster,,9.920546107754292e-05,2026-07-07T20:00:00+00:00,2026-07-07,1.0,0.984984442834366,KXHIGHNY-26JUL07-T75,0.984984442834366,KXHIGHNY-26JUL07-T75,,,1.0
,,0.0002705603483933018,t_plus_16h,nyc,nyc:2026-07-07,,KXHIGHNY-26JUL07,0.015129432011561665,bracket,raycaster_cloudcaster,,9.920546107754292e-05,2026-07-07T21:00:00+00:00,2026-07-07,1.0,0.984984442834366,KXHIGHNY-26JUL07-T75,0.984984442834366,KXHIGHNY-26JUL07-T75,,,1.0
,,0.0002705603483933018,t_plus_17h,nyc,nyc:2026-07-07,,KXHIGHNY-26JUL07,0.015129432011561665,bracket,raycaster_cloudcaster,,9.920546107754292e-05,2026-07-07T22:00:00+00:00,2026-07-07,1.0,0.984984442834366,KXHIGHNY-26JUL07-T75,0.984984442834366,KXHIGHNY-26JUL07-T75,,,1.0
,,0.0002705603483933018,t_plus_18h,nyc,nyc:2026-07-07,,KXHIGHNY-26JUL07,0.015129432011561665,bracket,raycaster_cloudcaster,,9.920546107754292e-05,2026-07-07T23:00:00+00:00,2026-07-07,1.0,0.984984442834366,KXHIGHNY-26JUL07-T75,0.984984442834366,KXHIGHNY-26JUL07-T75,,,1.0
,,0.0002705603483933018,t_plus_19h,nyc,nyc:2026-07-07,,KXHIGHNY-26JUL07,0.015129432011561665,bracket,raycaster_cloudcaster,,9.920546107754292e-05,2026-07-08T00:00:00+00:00,2026-07-07,1.0,0.984984442834366,KXHIGHNY-26JUL07-T75,0.984984442834366,KXHIGHNY-26JUL07-T75,,,1.0
,,0.0002705603483933018,t_plus_20h,nyc,nyc:2026-07-07,,KXHIGHNY-26JUL07,0.015129432011561665,bracket,raycaster_cloudcaster,,9.920546107754292e-05,2026-07-08T01:00:00+00:00,2026-07-07,1.0,0.984984442834366,KXHIGHNY-26JUL07-T75,0.984984442834366,KXHIGHNY-26JUL07-T75,,,1.0
,,0.0002705603483933018,t_plus_21h,nyc,nyc:2026-07-07,,KXHIGHNY-26JUL07,0.015129432011561665,bracket,raycaster_cloudcaster,,9.920546107754292e-05,2026-07-08T02:00:00+00:00,2026-07-07,1.0,0.984984442834366,KXHIGHNY-26JUL07-T75,0.984984442834366,KXHIGHNY-26JUL07-T75,,,1.0
,,0.0002705603483933018,t_plus_22h,nyc,nyc:2026-07-07,,KXHIGHNY-26JUL07,0.015129432011561665,bracket,raycaster_cloudcaster,,9.920546107754292e-05,2026-07-08T03:00:00+00:00,2026-07-07,1.0,0.984984442834366,KXHIGHNY-26JUL07-T75,0.984984442834366,KXHIGHNY-26JUL07-T75,,,1.0
,,0.0002705603483933018,t_plus_23h,nyc,nyc:2026-07-07,,KXHIGHNY-26JUL07,0.015129432011561665,bracket,raycaster_cloudcaster,,9.920546107754292e-05,2026-07-08T04:00:00+00:00,2026-07-07,1.0,0.984984442834366,KXHIGHNY-26JUL07-T75,0.984984442834366,KXHIGHNY-26JUL07-T75,,,1.0
,,0.4974649638311107,t_plus_0h,okc,okc:2026-07-07,,KXHIGHTOKC-26JUL07,0.7425493956077366,bracket,raycaster_cloudcaster,,0.04513880702041106,2026-07-07T06:00:00+00:00,2026-07-07,1.0,0.4758991125650345,KXHIGHTOKC-26JUL07-B93.5,0.4758991125650345,KXHIGHTOKC-26JUL07-B93.5,,,1.0
,,0.49749577019242125,t_plus_1h,okc,okc:2026-07-07,,KXHIGHTOKC-26JUL07,0.7423607379514223,bracket,raycaster_cloudcaster,,0.04516119923137109,2026-07-07T07:00:00+00:00,2026-07-07,1.0,0.47598890304581754,KXHIGHTOKC-26JUL07-B93.5,0.47598890304581754,KXHIGHTOKC-26JUL07-B93.5,,,1.0
,,0.44757273781774426,t_plus_2h,okc,okc:2026-07-07,,KXHIGHTOKC-26JUL07,0.7061709321385448,bracket,raycaster_cloudcaster,,0.03904318875622483,2026-07-07T08:00:00+00:00,2026-07-07,1.0,0.49353034524614686,KXHIGHTOKC-26JUL07-B93.5,0.49353034524614686,KXHIGHTOKC-26JUL07-B93.5,,,1.0
,,0.16349988368039825,t_plus_3h,okc,okc:2026-07-07,,KXHIGHTOKC-26JUL07,0.386045442587977,bracket,raycaster_cloudcaster,,0.012648800896827175,2026-07-07T09:00:00+00:00,2026-07-07,1.0,0.6797396358502659,KXHIGHTOKC-26JUL07-B93.5,0.6797396358502659,KXHIGHTOKC-26JUL07-B93.5,,,1.0
,,0.16349988368039825,t_plus_4h,okc,okc:2026-07-07,,KXHIGHTOKC-26JUL07,0.386045442587977,bracket,raycaster_cloudcaster,,0.012648800896827175,2026-07-07T10:00:00+00:00,2026-07-07,1.0,0.6797396358502659,KXHIGHTOKC-26JUL07-B93.5,0.6797396358502659,KXHIGHTOKC-26JUL07-B93.5,,,1.0
,,0.4101693221675901,t_plus_5h,okc,okc:2026-07-07,,KXHIGHTOKC-26JUL07,0.6539516069864748,bracket,raycaster_cloudcaster,,0.03652537558856449,2026-07-07T11:00:00+00:00,2026-07-07,1.0,0.5199869275828166,KXHIGHTOKC-26JUL07-B93.5,0.5199869275828166,KXHIGHTOKC-26JUL07-B93.5,,,1.0
,,0.30751348280797375,t_plus_6h,okc,okc:2026-07-07,,KXHIGHTOKC-26JUL07,0.5472767638853006,bracket,raycaster_cloudcaster,,0.026525271657525072,2026-07-07T12:00:00+00:00,2026-07-07,1.0,0.5785231222179831,KXHIGHTOKC-26JUL07-B93.5,0.5785231222179831,KXHIGHTOKC-26JUL07-B93.5,,,1.0
,,0.3102894375753632,t_plus_7h,okc,okc:2026-07-07,,KXHIGHTOKC-26JUL07,0.5550115591405409,bracket,raycaster_cloudcaster,,0.02632194914113776,2026-07-07T13:00:00+00:00,2026-07-07,1.0,0.57406562545284,KXHIGHTOKC-26JUL07-B93.5,0.57406562545284,KXHIGHTOKC-26JUL07-B93.5,,,1.0
,,0.2563671571372834,t_plus_8h,okc,okc:2026-07-07,,KXHIGHTOKC-26JUL07,0.49171261136444794,bracket,raycaster_cloudcaster,,0.021629491853603973,2026-07-07T14:00:00+00:00,2026-07-07,1.0,0.6115781011750592,KXHIGHTOKC-26JUL07-B93.5,0.6115781011750592,KXHIGHTOKC-26JUL07-B93.5,,,1.0
,,0.17858244765633305,t_plus_9h,okc,okc:2026-07-07,,KXHIGHTOKC-26JUL07,0.361014349244552,bracket,raycaster_cloudcaster,,0.017861874604889066,2026-07-07T15:00:00+00:00,2026-07-07,1.0,0.6969689974165301,KXHIGHTOKC-26JUL07-B93.5,0.6969689974165301,KXHIGHTOKC-26JUL07-B93.5,,,1.0
,,0.102486712424502,t_plus_10h,okc,okc:2026-07-07,,KXHIGHTOKC-26JUL07,0.26266070687013143,bracket,raycaster_cloudcaster,,0.010253090163897598,2026-07-07T16:00:00+00:00,2026-07-07,1.0,0.7690027704092824,KXHIGHTOKC-26JUL07-B93.5,0.7690027704092824,KXHIGHTOKC-26JUL07-B93.5,,,1.0
,,0.102486712424502,t_plus_11h,okc,okc:2026-07-07,,KXHIGHTOKC-26JUL07,0.26266070687013143,bracket,raycaster_cloudcaster,,0.010253090163897598,2026-07-07T17:00:00+00:00,2026-07-07,1.0,0.7690027704092824,KXHIGHTOKC-26JUL07-B93.5,0.7690027704092824,KXHIGHTOKC-26JUL07-B93.5,,,1.0
,,0.102486712424502,t_plus_12h,okc,okc:2026-07-07,,KXHIGHTOKC-26JUL07,0.26266070687013143,bracket,raycaster_cloudcaster,,0.010253090163897598,2026-07-07T18:00:00+00:00,2026-07-07,1.0,0.7690027704092824,KXHIGHTOKC-26JUL07-B93.5,0.7690027704092824,KXHIGHTOKC-26JUL07-B93.5,,,1.0
,,0.21853877539407396,t_plus_13h,okc,okc:2026-07-07,,KXHIGHTOKC-26JUL07,0.40735689159809224,bracket,raycaster_cloudcaster,,0.021857193358870767,2026-07-07T19:00:00+00:00,2026-07-07,1.0,0.6654066698697281,KXHIGHTOKC-26JUL07-B93.5,0.6654066698697281,KXHIGHTOKC-26JUL07-B93.5,,,1.0
,,0.0969647061015691,t_plus_14h,okc,okc:2026-07-07,,KXHIGHTOKC-26JUL07,0.28967270455386235,bracket,raycaster_cloudcaster,,0.007127267271650302,2026-07-07T20:00:00+00:00,2026-07-07,1.0,0.7485085109189777,KXHIGHTOKC-26JUL07-B93.5,0.7485085109189777,KXHIGHTOKC-26JUL07-B93.5,,,1.0
,,0.00029333347188296625,t_plus_15h,okc,okc:2026-07-07,,KXHIGHTOKC-26JUL07,0.015749899108121423,bracket,raycaster_cloudcaster,,3.653934209602647e-05,2026-07-07T21:00:00+00:00,2026-07-07,1.0,0.9843734819571255,KXHIGHTOKC-26JUL07-B93.5,0.9843734819571255,KXHIGHTOKC-26JUL07-B93.5,,,1.0
,,0.00029333347188296625,t_plus_16h,okc,okc:2026-07-07,,KXHIGHTOKC-26JUL07,0.015749899108121423,bracket,raycaster_cloudcaster,,3.653934209602647e-05,2026-07-07T22:00:00+00:00,2026-07-07,1.0,0.9843734819571255,KXHIGHTOKC-26JUL07-B93.5,0.9843734819571255,KXHIGHTOKC-26JUL07-B93.5,,,1.0
,,0.0002705603483933018,t_plus_17h,okc,okc:2026-07-07,,KXHIGHTOKC-26JUL07,0.015129432011561665,bracket,raycaster_cloudcaster,,3.427097746315152e-05,2026-07-07T23:00:00+00:00,2026-07-07,1.0,0.984984442834366,KXHIGHTOKC-26JUL07-B93.5,0.984984442834366,KXHIGHTOKC-26JUL07-B93.5,,,1.0
,,0.0002705603483933018,t_plus_18h,okc,okc:2026-07-07,,KXHIGHTOKC-26JUL07,0.015129432011561665,bracket,raycaster_cloudcaster,,3.427097746315152e-05,2026-07-08T00:00:00+00:00,2026-07-07,1.0,0.984984442834366,KXHIGHTOKC-26JUL07-B93.5,0.984984442834366,KXHIGHTOKC-26JUL07-B93.5,,,1.0
,,0.0002705603483933018,t_plus_19h,okc,okc:2026-07-07,,KXHIGHTOKC-26JUL07,0.015129432011561665,bracket,raycaster_cloudcaster,,3.427097746315152e-05,2026-07-08T01:00:00+00:00,2026-07-07,1.0,0.984984442834366,KXHIGHTOKC-26JUL07-B93.5,0.984984442834366,KXHIGHTOKC-26JUL07-B93.5,,,1.0
,,0.0002705603483933018,t_plus_20h,okc,okc:2026-07-07,,KXHIGHTOKC-26JUL07,0.015129432011561665,bracket,raycaster_cloudcaster,,3.427097746315152e-05,2026-07-08T02:00:00+00:00,2026-07-07,1.0,0.984984442834366,KXHIGHTOKC-26JUL07-B93.5,0.984984442834366,KXHIGHTOKC-26JUL07-B93.5,,,1.0
,,0.0002705603483933018,t_plus_21h,okc,okc:2026-07-07,,KXHIGHTOKC-26JUL07,0.015129432011561665,bracket,raycaster_cloudcaster,,3.427097746315152e-05,2026-07-08T03:00:00+00:00,2026-07-07,1.0,0.984984442834366,KXHIGHTOKC-26JUL07-B93.5,0.984984442834366,KXHIGHTOKC-26JUL07-B93.5,,,1.0
,,0.0002705603483933018,t_plus_22h,okc,okc:2026-07-07,,KXHIGHTOKC-26JUL07,0.015129432011561665,bracket,raycaster_cloudcaster,,3.427097746315152e-05,2026-07-08T04:00:00+00:00,2026-07-07,1.0,0.984984442834366,KXHIGHTOKC-26JUL07-B93.5,0.984984442834366,KXHIGHTOKC-26JUL07-B93.5,,,1.0
,,0.0002705603483933018,t_plus_23h,okc,okc:2026-07-07,,KXHIGHTOKC-26JUL07,0.015129432011561665,bracket,raycaster_cloudcaster,,3.427097746315152e-05,2026-07-08T05:00:00+00:00,2026-07-07,1.0,0.984984442834366,KXHIGHTOKC-26JUL07-B93.5,0.984984442834366,KXHIGHTOKC-26JUL07-B93.5,,,1.0
,,1.1483739919398546,t_plus_0h,aus,aus:2026-07-08,,KXHIGHAUS-26JUL08,1.5584368455200417,bracket,raycaster_cloudcaster,,0.11650791642048201,2026-07-08T06:00:00+00:00,2026-07-08,0.0,0.72371354519193,KXHIGHAUS-26JUL08-B97.5,0.2104648032043784,KXHIGHAUS-26JUL08-B99.5,,,1.0
,,1.153527513145169,t_plus_1h,aus,aus:2026-07-08,,KXHIGHAUS-26JUL08,1.5508383952720088,bracket,raycaster_cloudcaster,,0.11585729868217202,2026-07-08T07:00:00+00:00,2026-07-08,0.0,0.7292335919000732,KXHIGHAUS-26JUL08-B97.5,0.21207010070340507,KXHIGHAUS-26JUL08-B99.5,,,1.0
,,1.144065898835421,t_plus_2h,aus,aus:2026-07-08,,KXHIGHAUS-26JUL08,1.5650447608062144,bracket,raycaster_cloudcaster,,0.11708812717922194,2026-07-08T08:00:00+00:00,2026-07-08,0.0,0.7189470729600145,KXHIGHAUS-26JUL08-B97.5,0.20907865443469745,KXHIGHAUS-26JUL08-B99.5,,,1.0
,,1.153527513145169,t_plus_3h,aus,aus:2026-07-08,,KXHIGHAUS-26JUL08,1.5508383952720088,bracket,raycaster_cloudcaster,,0.11585729868217202,2026-07-08T09:00:00+00:00,2026-07-08,0.0,0.7292335919000732,KXHIGHAUS-26JUL08-B97.5,0.21207010070340507,KXHIGHAUS-26JUL08-B99.5,,,1.0
,,1.153527513145169,t_plus_4h,aus,aus:2026-07-08,,KXHIGHAUS-26JUL08,1.5508383952720088,bracket,raycaster_cloudcaster,,0.11585729868217202,2026-07-08T10:00:00+00:00,2026-07-08,0.0,0.7292335919000732,KXHIGHAUS-26JUL08-B97.5,0.21207010070340507,KXHIGHAUS-26JUL08-B99.5,,,1.0
,,1.153527513145169,t_plus_5h,aus,aus:2026-07-08,,KXHIGHAUS-26JUL08,1.5508383952720088,bracket,raycaster_cloudcaster,,0.11585729868217202,2026-07-08T11:00:00+00:00,2026-07-08,0.0,0.7292335919000732,KXHIGHAUS-26JUL08-B97.5,0.21207010070340507,KXHIGHAUS-26JUL08-B99.5,,,1.0
,,1.1569160903804836,t_plus_6h,aus,aus:2026-07-08,,KXHIGHAUS-26JUL08,1.54604201696169,bracket,raycaster_cloudcaster,,0.11692431928893277,2026-07-08T12:00:00+00:00,2026-07-08,0.0,0.7327396736090305,KXHIGHAUS-26JUL08-B97.5,0.21308971240170274,KXHIGHAUS-26JUL08-B99.5,,,1.0
,,1.013849562183431,t_plus_7h,aus,aus:2026-07-08,,KXHIGHAUS-26JUL08,1.3420357382368102,bracket,raycaster_cloudcaster,,0.1018284091242935,2026-07-08T13:00:00+00:00,2026-07-08,0.0,0.6836588597225007,KXHIGHAUS-26JUL08-B97.5,0.26131316154702106,KXHIGHAUS-26JUL08-B99.5,,,1.0
,,1.1546844696411658,t_plus_8h,aus,aus:2026-07-08,,KXHIGHAUS-26JUL08,1.549252861869372,bracket,raycaster_cloudcaster,,0.11719508459453656,2026-07-08T14:00:00+00:00,2026-07-08,0.0,0.7303907332190491,KXHIGHAUS-26JUL08-B97.5,0.21240661163593616,KXHIGHAUS-26JUL08-B99.5,,,1.0
,,1.1513339414219068,t_plus_9h,aus,aus:2026-07-08,,KXHIGHAUS-26JUL08,1.55403390114795,bracket,raycaster_cloudcaster,,0.11612872635787579,2026-07-08T15:00:00+00:00,2026-07-08,0.0,0.7269070409056603,KXHIGHAUS-26JUL08-B97.5,0.21139351104933937,KXHIGHAUS-26JUL08-B99.5,,,1.0
,,1.1553392938212956,t_plus_10h,aus,aus:2026-07-08,,KXHIGHAUS-26JUL08,1.5483327105332787,bracket,raycaster_cloudcaster,,0.1174025124799474,2026-07-08T16:00:00+00:00,2026-07-08,0.0,0.7310631125260088,KXHIGHAUS-26JUL08-B97.5,0.21260214781106804,KXHIGHAUS-26JUL08-B99.5,,,1.0
,,1.1546844696411658,t_plus_11h,aus,aus:2026-07-08,,KXHIGHAUS-26JUL08,1.549252861869372,bracket,raycaster_cloudcaster,,0.11719508459453656,2026-07-08T17:00:00+00:00,2026-07-08,0.0,0.7303907332190491,KXHIGHAUS-26JUL08-B97.5,0.21240661163593616,KXHIGHAUS-26JUL08-B99.5,,,1.0
,,1.1513339414219068,t_plus_12h,aus,aus:2026-07-08,,KXHIGHAUS-26JUL08,1.55403390114795,bracket,raycaster_cloudcaster,,0.11612872635787579,2026-07-08T18:00:00+00:00,2026-07-08,0.0,0.7269070409056603,KXHIGHAUS-26JUL08-B97.5,0.21139351104933937,KXHIGHAUS-26JUL08-B99.5,,,1.0
,,1.1553392938212956,t_plus_13h,aus,aus:2026-07-08,,KXHIGHAUS-26JUL08,1.5483327105332787,bracket,raycaster_cloudcaster,,0.1174025124799474,2026-07-08T19:00:00+00:00,2026-07-08,0.0,0.7310631125260088,KXHIGHAUS-26JUL08-B97.5,0.21260214781106804,KXHIGHAUS-26JUL08-B99.5,,,1.0
,,1.016734820154935,t_plus_14h,aus,aus:2026-07-08,,KXHIGHAUS-26JUL08,1.3365713552581246,bracket,raycaster_cloudcaster,,0.10286536515100086,2026-07-08T20:00:00+00:00,2026-07-08,0.0,0.6874048590250812,KXHIGHAUS-26JUL08-B97.5,0.26274498519267314,KXHIGHAUS-26JUL08-B99.5,,,1.0
,,0.4209379718673496,t_plus_15h,aus,aus:2026-07-08,,KXHIGHAUS-26JUL08,0.6415831003968347,bracket,raycaster_cloudcaster,,0.04213968932983871,2026-07-08T21:00:00+00:00,2026-07-08,1.0,0.526458327600704,KXHIGHAUS-26JUL08-B99.5,0.526458327600704,KXHIGHAUS-26JUL08-B99.5,,,1.0
,,0.47627148327262747,t_plus_16h,aus,aus:2026-07-08,,KXHIGHAUS-26JUL08,0.6982418155060507,bracket,raycaster_cloudcaster,,0.04767149182199555,2026-07-08T22:00:00+00:00,2026-07-08,1.0,0.4974591603478761,KXHIGHAUS-26JUL08-B99.5,0.4974591603478761,KXHIGHAUS-26JUL08-B99.5,,,1.0
,,0.008788189844012428,t_plus_17h,aus,aus:2026-07-08,,KXHIGHAUS-26JUL08,0.0880134754535767,bracket,raycaster_cloudcaster,,0.0010176743947049583,2026-07-08T23:00:00+00:00,2026-07-08,1.0,0.9157485365132891,KXHIGHAUS-26JUL08-B99.5,0.9157485365132891,KXHIGHAUS-26JUL08-B99.5,,,1.0
,,0.008788189844012428,t_plus_18h,aus,aus:2026-07-08,,KXHIGHAUS-26JUL08,0.0880134754535767,bracket,raycaster_cloudcaster,,0.0010176743947049583,2026-07-09T00:00:00+00:00,2026-07-08,1.0,0.9157485365132891,KXHIGHAUS-26JUL08-B99.5,0.9157485365132891,KXHIGHAUS-26JUL08-B99.5,,,1.0
,,0.008788189844012428,t_plus_19h,aus,aus:2026-07-08,,KXHIGHAUS-26JUL08,0.0880134754535767,bracket,raycaster_cloudcaster,,0.0010176743947049583,2026-07-09T01:00:00+00:00,2026-07-08,1.0,0.9157485365132891,KXHIGHAUS-26JUL08-B99.5,0.9157485365132891,KXHIGHAUS-26JUL08-B99.5,,,1.0
,,0.008788189844012428,t_plus_20h,aus,aus:2026-07-08,,KXHIGHAUS-26JUL08,0.0880134754535767,bracket,raycaster_cloudcaster,,0.0010176743947049583,2026-07-09T02:00:00+00:00,2026-07-08,1.0,0.9157485365132891,KXHIGHAUS-26JUL08-B99.5,0.9157485365132891,KXHIGHAUS-26JUL08-B99.5,,,1.0
,,0.008788189844012428,t_plus_21h,aus,aus:2026-07-08,,KXHIGHAUS-26JUL08,0.0880134754535767,bracket,raycaster_cloudcaster,,0.0010176743947049583,2026-07-09T03:00:00+00:00,2026-07-08,1.0,0.9157485365132891,KXHIGHAUS-26JUL08-B99.5,0.9157485365132891,KXHIGHAUS-26JUL08-B99.5,,,1.0
,,0.008788189844012428,t_plus_22h,aus,aus:2026-07-08,,KXHIGHAUS-26JUL08,0.0880134754535767,bracket,raycaster_cloudcaster,,0.0010176743947049583,2026-07-09T04:00:00+00:00,2026-07-08,1.0,0.9157485365132891,KXHIGHAUS-26JUL08-B99.5,0.9157485365132891,KXHIGHAUS-26JUL08-B99.5,,,1.0
,,0.008788189844012428,t_plus_23h,aus,aus:2026-07-08,,KXHIGHAUS-26JUL08,0.0880134754535767,bracket,raycaster_cloudcaster,,0.0010176743947049583,2026-07-09T05:00:00+00:00,2026-07-08,1.0,0.9157485365132891,KXHIGHAUS-26JUL08-B99.5,0.9157485365132891,KXHIGHAUS-26JUL08-B99.5,,,1.0
,,1.0937440231758908,t_plus_0h,den,den:2026-07-08,,KXHIGHDEN-26JUL08,1.9711376394363707,bracket,raycaster_cloudcaster,,0.19185204728836744,2026-07-08T07:00:00+00:00,2026-07-08,0.0,0.4443294711788345,KXHIGHDEN-26JUL08-B90.5,0.13929829480570574,KXHIGHDEN-26JUL08-T93,,,0.0
,,1.1115407974733218,t_plus_1h,den,den:2026-07-08,,KXHIGHDEN-26JUL08,2.0160832178405514,bracket,raycaster_cloudcaster,,0.18454788403883166,2026-07-08T08:00:00+00:00,2026-07-08,0.0,0.4536605344994612,KXHIGHDEN-26JUL08-B92.5,0.13317606651475328,KXHIGHDEN-26JUL08-T93,,,1.0
,,1.1087535105958246,t_plus_2h,den,den:2026-07-08,,KXHIGHDEN-26JUL08,2.0097228233621283,bracket,raycaster_cloudcaster,,0.1849094767793877,2026-07-08T09:00:00+00:00,2026-07-08,0.0,0.4488698022479699,KXHIGHDEN-26JUL08-B92.5,0.1340258183466046,KXHIGHDEN-26JUL08-T93,,,1.0
,,1.108488685336234,t_plus_3h,den,den:2026-07-08,,KXHIGHDEN-26JUL08,2.0102851717312515,bracket,raycaster_cloudcaster,,0.18499481731178324,2026-07-08T10:00:00+00:00,2026-07-08,0.0,0.4486174520077503,KXHIGHDEN-26JUL08-B92.5,0.1339504703341386,KXHIGHDEN-26JUL08-T93,,,1.0
,,1.1095335132255386,t_plus_4h,den,den:2026-07-08,,KXHIGHDEN-26JUL08,2.0209183587365454,bracket,raycaster_cloudcaster,,0.18654552129200277,2026-07-08T11:00:00+00:00,2026-07-08,0.0,0.44387249048551936,KXHIGHDEN-26JUL08-B92.5,0.13253369569736131,KXHIGHDEN-26JUL08-T93,,,1.0
,,1.0456855921308617,t_plus_5h,den,den:2026-07-08,,KXHIGHDEN-26JUL08,1.8465665720687288,bracket,raycaster_cloudcaster,,0.17707893961837,2026-07-08T12:00:00+00:00,2026-07-08,0.0,0.42349686007843584,KXHIGHDEN-26JUL08-B92.5,0.15777795664333874,KXHIGHDEN-26JUL08-T93,,,1.0
,,1.0820430593625066,t_plus_6h,den,den:2026-07-08,,KXHIGHDEN-26JUL08,1.934836984690781,bracket,raycaster_cloudcaster,,0.18105978663798244,2026-07-08T13:00:00+00:00,2026-07-08,0.0,0.43998325031703817,KXHIGHDEN-26JUL08-B92.5,0.14444781410945187,KXHIGHDEN-26JUL08-T93,,,1.0
,,1.079484518359075,t_plus_7h,den,den:2026-07-08,,KXHIGHDEN-26JUL08,1.9271921006912305,bracket,raycaster_cloudcaster,,0.17994110870535876,2026-07-08T14:00:00+00:00,2026-07-08,0.0,0.4433597613000626,KXHIGHDEN-26JUL08-B92.5,0.14555633274161117,KXHIGHDEN-26JUL08-T93,,,1.0
,,1.0772801907354512,t_plus_8h,den,den:2026-07-08,,KXHIGHDEN-26JUL08,1.921573440974619,bracket,raycaster_cloudcaster,,0.1801015891198975,2026-07-08T15:00:00+00:00,2026-07-08,0.0,0.4398501585860742,KXHIGHDEN-26JUL08-B92.5,0.1463764661124629,KXHIGHDEN-26JUL08-T93,,,1.0
,,1.0732586004947426,t_plus_9h,den,den:2026-07-08,,KXHIGHDEN-26JUL08,1.91738526716753,bracket,raycaster_cloudcaster,,0.17951683522623463,2026-07-08T16:00:00+00:00,2026-07-08,0.0,0.44169619055226655,KXHIGHDEN-26JUL08-B92.5,0.1469908017680655,KXHIGHDEN-26JUL08-T93,,,1.0
,,1.0747155844893828,t_plus_10h,den,den:2026-07-08,,KXHIGHDEN-26JUL08,1.9139617144717502,bracket,raycaster_cloudcaster,,0.178984533720296,2026-07-08T17:00:00+00:00,2026-07-08,0.0,0.44321095218978435,KXHIGHDEN-26JUL08-B92.5,0.1474948949260976,KXHIGHDEN-26JUL08-T93,,,1.0
,,1.0786800635053224,t_plus_11h,den,den:2026-07-08,,KXHIGHDEN-26JUL08,1.9279592793073128,bracket,raycaster_cloudcaster,,0.19035680289660367,2026-07-08T18:00:00+00:00,2026-07-08,0.0,0.44747807459277716,KXHIGHDEN-26JUL08-B90.5,0.14544470785928265,KXHIGHDEN-26JUL08-T93,,,0.0
,,1.1374015384233074,t_plus_12h,den,den:2026-07-08,,KXHIGHDEN-26JUL08,1.5287728016909707,bracket,raycaster_cloudcaster,,0.12374703442449708,2026-07-08T19:00:00+00:00,2026-07-08,0.0,0.723129440835149,KXHIGHDEN-26JUL08-B92.5,0.21680156264055792,KXHIGHDEN-26JUL08-T93,,,1.0
,,1.128394327612091,t_plus_13h,den,den:2026-07-08,,KXHIGHDEN-26JUL08,1.485467873529136,bracket,raycaster_cloudcaster,,0.12045096672458952,2026-07-08T20:00:00+00:00,2026-07-08,0.0,0.7275980224779396,KXHIGHDEN-26JUL08-B92.5,0.22639639101443282,KXHIGHDEN-26JUL08-T93,,,1.0
,,1.18169390664714,t_plus_14h,den,den:2026-07-08,,KXHIGHDEN-26JUL08,1.5762008560450054,bracket,raycaster_cloudcaster,,0.12667442878005963,2026-07-08T21:00:00+00:00,2026-07-08,0.0,0.7428210486176593,KXHIGHDEN-26JUL08-B92.5,0.20675911560858887,KXHIGHDEN-26JUL08-T93,,,1.0
,,1.1484226123873804,t_plus_15h,den,den:2026-07-08,,KXHIGHDEN-26JUL08,1.5232330133894778,bracket,raycaster_cloudcaster,,0.12310783495113262,2026-07-08T22:00:00+00:00,2026-07-08,0.0,0.7322891019656289,KXHIGHDEN-26JUL08-B92.5,0.2180059302918382,KXHIGHDEN-26JUL08-T93,,,1.0
,,0.060898311236231364,t_plus_16h,den,den:2026-07-08,,KXHIGHDEN-26JUL08,0.2515682062549908,bracket,raycaster_cloudcaster,,0.016984836299167194,2026-07-08T23:00:00+00:00,2026-07-08,1.0,0.7775804199526389,KXHIGHDEN-26JUL08-T93,0.7775804199526389,KXHIGHDEN-26JUL08-T93,,,1.0
,,0.05428139645045292,t_plus_17h,den,den:2026-07-08,,KXHIGHDEN-26JUL08,0.2353974221624057,bracket,raycaster_cloudcaster,,0.015197713648043005,2026-07-09T00:00:00+00:00,2026-07-08,1.0,0.7902567216769807,KXHIGHDEN-26JUL08-T93,0.7902567216769807,KXHIGHDEN-26JUL08-T93,,,1.0
,,0.060898311236231364,t_plus_18h,den,den:2026-07-08,,KXHIGHDEN-26JUL08,0.2515682062549908,bracket,raycaster_cloudcaster,,0.016984836299167194,2026-07-09T01:00:00+00:00,2026-07-08,1.0,0.7775804199526389,KXHIGHDEN-26JUL08-T93,0.7775804199526389,KXHIGHDEN-26JUL08-T93,,,1.0
,,0.060898311236231364,t_plus_19h,den,den:2026-07-08,,KXHIGHDEN-26JUL08,0.2515682062549908,bracket,raycaster_cloudcaster,,0.016984836299167194,2026-07-09T02:00:00+00:00,2026-07-08,1.0,0.7775804199526389,KXHIGHDEN-26JUL08-T93,0.7775804199526389,KXHIGHDEN-26JUL08-T93,,,1.0
,,0.060898311236231364,t_plus_20h,den,den:2026-07-08,,KXHIGHDEN-26JUL08,0.2515682062549908,bracket,raycaster_cloudcaster,,0.016984836299167194,2026-07-09T03:00:00+00:00,2026-07-08,1.0,0.7775804199526389,KXHIGHDEN-26JUL08-T93,0.7775804199526389,KXHIGHDEN-26JUL08-T93,,,1.0
,,0.060898311236231364,t_plus_21h,den,den:2026-07-08,,KXHIGHDEN-26JUL08,0.2515682062549908,bracket,raycaster_cloudcaster,,0.016984836299167194,2026-07-09T04:00:00+00:00,2026-07-08,1.0,0.7775804199526389,KXHIGHDEN-26JUL08-T93,0.7775804199526389,KXHIGHDEN-26JUL08-T93,,,1.0
,,0.060898311236231364,t_plus_22h,den,den:2026-07-08,,KXHIGHDEN-26JUL08,0.2515682062549908,bracket,raycaster_cloudcaster,,0.016984836299167194,2026-07-09T05:00:00+00:00,2026-07-08,1.0,0.7775804199526389,KXHIGHDEN-26JUL08-T93,0.7775804199526389,KXHIGHDEN-26JUL08-T93,,,1.0
,,0.060898311236231364,t_plus_23h,den,den:2026-07-08,,KXHIGHDEN-26JUL08,0.2515682062549908,bracket,raycaster_cloudcaster,,0.016984836299167194,2026-07-09T06:00:00+00:00,2026-07-08,1.0,0.7775804199526389,KXHIGHDEN-26JUL08-T93,0.7775804199526389,KXHIGHDEN-26JUL08-T93,,,1.0
,,1.2649071298914312,t_plus_0h,la,la:2026-07-08,,KXHIGHLAX-26JUL08,2.1812999911883364,bracket,raycaster_cloudcaster,,0.24311772408645313,2026-07-08T08:00:00+00:00,2026-07-08,0.0,0.6653648594412691,KXHIGHLAX-26JUL08-B77.5,0.11289467312412198,KXHIGHLAX-26JUL08-B73.5,,,0.0
,,1.4624803122309273,t_plus_1h,la,la:2026-07-08,,KXHIGHLAX-26JUL08,4.281334407198041,bracket,raycaster_cloudcaster,,0.26488774600898907,2026-07-08T09:00:00+00:00,2026-07-08,0.0,0.6083430672200946,KXHIGHLAX-26JUL08-B77.5,0.013824202657487862,KXHIGHLAX-26JUL08-B73.5,,,0.0
,,1.4624803122309273,t_plus_2h,la,la:2026-07-08,,KXHIGHLAX-26JUL08,4.281334407198041,bracket,raycaster_cloudcaster,,0.26488774600898907,2026-07-08T10:00:00+00:00,2026-07-08,0.0,0.6083430672200946,KXHIGHLAX-26JUL08-B77.5,0.013824202657487862,KXHIGHLAX-26JUL08-B73.5,,,0.0
,,1.553919889593588,t_plus_3h,la,la:2026-07-08,,KXHIGHLAX-26JUL08,4.088846836747924,bracket,raycaster_cloudcaster,,0.29866656455884744,2026-07-08T11:00:00+00:00,2026-07-08,0.0,0.7374708400966766,KXHIGHLAX-26JUL08-B77.5,0.016758547761662614,KXHIGHLAX-26JUL08-B73.5,,,0.0
,,1.503344962519774,t_plus_4h,la,la:2026-07-08,,KXHIGHLAX-26JUL08,4.152984776921156,bracket,raycaster_cloudcaster,,0.2826052543269396,2026-07-08T12:00:00+00:00,2026-07-08,0.0,0.6799865400857023,KXHIGHLAX-26JUL08-B77.5,0.01571743337029364,KXHIGHLAX-26JUL08-B73.5,,,0.0
,,1.5592329553266226,t_plus_5h,la,la:2026-07-08,,KXHIGHLAX-26JUL08,4.084094104594938,bracket,raycaster_cloudcaster,,0.2982163996676908,2026-07-08T13:00:00+00:00,2026-07-08,0.0,0.7409841838477811,KXHIGHLAX-26JUL08-B77.5,0.016838386225578428,KXHIGHLAX-26JUL08-B73.5,,,0.0
,,1.553919889593588,t_plus_6h,la,la:2026-07-08,,KXHIGHLAX-26JUL08,4.088846836747924,bracket,raycaster_cloudcaster,,0.29866656455884744,2026-07-08T14:00:00+00:00,2026-07-08,0.0,0.7374708400966766,KXHIGHLAX-26JUL08-B77.5,0.016758547761662614,KXHIGHLAX-26JUL08-B73.5,,,0.0
,,1.5360132342830155,t_plus_7h,la,la:2026-07-08,,KXHIGHLAX-26JUL08,4.076745936980772,bracket,raycaster_cloudcaster,,0.29355185438176384,2026-07-08T15:00:00+00:00,2026-07-08,0.0,0.7207217515222215,KXHIGHLAX-26JUL08-B77.5,0.016962573224562953,KXHIGHLAX-26JUL08-B73.5,,,0.0
,,1.5680422271544399,t_plus_8h,la,la:2026-07-08,,KXHIGHLAX-26JUL08,4.417637940576386,bracket,raycaster_cloudcaster,,0.301309986632246,2026-07-08T16:00:00+00:00,2026-07-08,0.0,0.7402692118836056,KXHIGHLAX-26JUL08-B77.5,0.012062691454390904,KXHIGHLAX-26JUL08-B73.5,,,0.0
,,1.1550537352265022,t_plus_9h,la,la:2026-07-08,,KXHIGHLAX-26JUL08,2.1735325719537366,bracket,raycaster_cloudcaster,,0.18196749012878138,2026-07-08T17:00:00+00:00,2026-07-08,0.0,0.4669979307794923,KXHIGHLAX-26JUL08-B75.5,0.11377498784037657,KXHIGHLAX-26JUL08-B73.5,,,1.0
,,0.8160806067942202,t_plus_10h,la,la:2026-07-08,,KXHIGHLAX-26JUL08,1.1701414853224428,bracket,raycaster_cloudcaster,,0.08827838736502289,2026-07-08T18:00:00+00:00,2026-07-08,0.0,0.5793556308911202,KXHIGHLAX-26JUL08-B75.5,0.3103230320050557,KXHIGHLAX-26JUL08-B73.5,,,1.0
,,1.161964025102082,t_plus_11h,la,la:2026-07-08,,KXHIGHLAX-26JUL08,1.5600658990430365,bracket,raycaster_cloudcaster,,0.11859958519418501,2026-07-08T19:00:00+00:00,2026-07-08,0.0,0.732856694066665,KXHIGHLAX-26JUL08-B75.5,0.21012222389103238,KXHIGHLAX-26JUL08-B73.5,,,1.0
,,1.1145447987281316,t_plus_12h,la,la:2026-07-08,,KXHIGHLAX-26JUL08,1.4957474827162027,bracket,raycaster_cloudcaster,,0.11397718803016557,2026-07-08T20:00:00+00:00,2026-07-08,0.0,0.7151098529310961,KXHIGHLAX-26JUL08-B75.5,0.22408104540601792,KXHIGHLAX-26JUL08-B73.5,,,1.0
,,0.8203158789183921,t_plus_13h,la,la:2026-07-08,,KXHIGHLAX-26JUL08,1.075112720832241,bracket,raycaster_cloudcaster,,0.08210164028881076,2026-07-08T21:00:00+00:00,2026-07-08,0.0,0.6213101389699768,KXHIGHLAX-26JUL08-B75.5,0.34125928610215495,KXHIGHLAX-26JUL08-B73.5,,,1.0
,,0.030431321202537286,t_plus_14h,la,la:2026-07-08,,KXHIGHLAX-26JUL08,0.16497015712326044,bracket,raycaster_cloudcaster,,0.0033272970122210114,2026-07-08T22:00:00+00:00,2026-07-08,1.0,0.8479190080527849,KXHIGHLAX-26JUL08-B73.5,0.8479190080527849,KXHIGHLAX-26JUL08-B73.5,,,1.0
,,0.028850486063570265,t_plus_15h,la,la:2026-07-08,,KXHIGHLAX-26JUL08,0.16034493882178616,bracket,raycaster_cloudcaster,,0.0031565479456055873,2026-07-08T23:00:00+00:00,2026-07-08,1.0,0.8518499021810476,KXHIGHLAX-26JUL08-B73.5,0.8518499021810476,KXHIGHLAX-26JUL08-B73.5,,,1.0
,,0.012582988239955387,t_plus_16h,la,la:2026-07-08,,KXHIGHLAX-26JUL08,0.10626505627307191,bracket,raycaster_cloudcaster,,0.0014571129172181898,2026-07-09T00:00:00+00:00,2026-07-08,1.0,0.8991862815224667,KXHIGHLAX-26JUL08-B73.5,0.8991862815224667,KXHIGHLAX-26JUL08-B73.5,,,1.0
,,0.012582988239955387,t_plus_17h,la,la:2026-07-08,,KXHIGHLAX-26JUL08,0.10626505627307191,bracket,raycaster_cloudcaster,,0.0014571129172181898,2026-07-09T01:00:00+00:00,2026-07-08,1.0,0.8991862815224667,KXHIGHLAX-26JUL08-B73.5,0.8991862815224667,KXHIGHLAX-26JUL08-B73.5,,,1.0
,,0.008788189844012428,t_plus_18h,la,la:2026-07-08,,KXHIGHLAX-26JUL08,0.0880134754535767,bracket,raycaster_cloudcaster,,0.0010176743947049615,2026-07-09T02:00:00+00:00,2026-07-08,1.0,0.9157485365132891,KXHIGHLAX-26JUL08-B73.5,0.9157485365132891,KXHIGHLAX-26JUL08-B73.5,,,1.0
,,0.0070059036494476805,t_plus_19h,la,la:2026-07-08,,KXHIGHLAX-26JUL08,0.07905405327877145,bracket,raycaster_cloudcaster,,0.0008419563296750658,2026-07-09T03:00:00+00:00,2026-07-08,1.0,0.9239899784073405,KXHIGHLAX-26JUL08-B73.5,0.9239899784073405,KXHIGHLAX-26JUL08-B73.5,,,1.0
,,0.0070059036494476805,t_plus_20h,la,la:2026-07-08,,KXHIGHLAX-26JUL08,0.07905405327877145,bracket,raycaster_cloudcaster,,0.0008419563296750658,2026-07-09T04:00:00+00:00,2026-07-08,1.0,0.9239899784073405,KXHIGHLAX-26JUL08-B73.5,0.9239899784073405,KXHIGHLAX-26JUL08-B73.5,,,1.0
,,0.0070059036494476805,t_plus_21h,la,la:2026-07-08,,KXHIGHLAX-26JUL08,0.07905405327877145,bracket,raycaster_cloudcaster,,0.0008419563296750658,2026-07-09T05:00:00+00:00,2026-07-08,1.0,0.9239899784073405,KXHIGHLAX-26JUL08-B73.5,0.9239899784073405,KXHIGHLAX-26JUL08-B73.5,,,1.0
,,0.0070059036494476805,t_plus_22h,la,la:2026-07-08,,KXHIGHLAX-26JUL08,0.07905405327877145,bracket,raycaster_cloudcaster,,0.0008419563296750658,2026-07-09T06:00:00+00:00,2026-07-08,1.0,0.9239899784073405,KXHIGHLAX-26JUL08-B73.5,0.9239899784073405,KXHIGHLAX-26JUL08-B73.5,,,1.0
,,0.0070059036494476805,t_plus_23h,la,la:2026-07-08,,KXHIGHLAX-26JUL08,0.07905405327877145,bracket,raycaster_cloudcaster,,0.0008419563296750658,2026-07-09T07:00:00+00:00,2026-07-08,1.0,0.9239899784073405,KXHIGHLAX-26JUL08-B73.5,0.9239899784073405,KXHIGHLAX-26JUL08-B73.5,,,1.0
,,0.2326630637043148,t_plus_0h,mia,mia:2026-07-08,,KXHIGHMIA-26JUL08,0.5038342757391056,bracket,raycaster_cloudcaster,,0.031551762135029936,2026-07-08T05:00:00+00:00,2026-07-08,1.0,0.6042095067330865,KXHIGHMIA-26JUL08-B91.5,0.6042095067330865,KXHIGHMIA-26JUL08-B91.5,,,1.0
,,0.18064132310301687,t_plus_1h,mia,mia:2026-07-08,,KXHIGHMIA-26JUL08,0.39129610147225197,bracket,raycaster_cloudcaster,,0.01851222224369444,2026-07-08T06:00:00+00:00,2026-07-08,1.0,0.6761799085275385,KXHIGHMIA-26JUL08-B91.5,0.6761799085275385,KXHIGHMIA-26JUL08-B91.5,,,1.0
,,0.2326630637043148,t_plus_2h,mia,mia:2026-07-08,,KXHIGHMIA-26JUL08,0.5038342757391056,bracket,raycaster_cloudcaster,,0.031551762135029936,2026-07-08T07:00:00+00:00,2026-07-08,1.0,0.6042095067330865,KXHIGHMIA-26JUL08-B91.5,0.6042095067330865,KXHIGHMIA-26JUL08-B91.5,,,1.0
,,0.231096443379087,t_plus_3h,mia,mia:2026-07-08,,KXHIGHMIA-26JUL08,0.5017929469282668,bracket,raycaster_cloudcaster,,0.03138753240609386,2026-07-08T08:00:00+00:00,2026-07-08,1.0,0.6054441567415456,KXHIGHMIA-26JUL08-B91.5,0.6054441567415456,KXHIGHMIA-26JUL08-B91.5,,,1.0
,,0.23294136012622454,t_plus_4h,mia,mia:2026-07-08,,KXHIGHMIA-26JUL08,0.5043317082063516,bracket,raycaster_cloudcaster,,0.03162032436970612,2026-07-08T09:00:00+00:00,2026-07-08,1.0,0.6039090280475415,KXHIGHMIA-26JUL08-B91.5,0.6039090280475415,KXHIGHMIA-26JUL08-B91.5,,,1.0
,,0.23310238049210752,t_plus_5h,mia,mia:2026-07-08,,KXHIGHMIA-26JUL08,0.5046191451893781,bracket,raycaster_cloudcaster,,0.03165997890167338,2026-07-08T10:00:00+00:00,2026-07-08,1.0,0.6037354672035947,KXHIGHMIA-26JUL08-B91.5,0.6037354672035947,KXHIGHMIA-26JUL08-B91.5,,,1.0
,,0.23310238049210752,t_plus_6h,mia,mia:2026-07-08,,KXHIGHMIA-26JUL08,0.5046191451893781,bracket,raycaster_cloudcaster,,0.03165997890167338,2026-07-08T11:00:00+00:00,2026-07-08,1.0,0.6037354672035947,KXHIGHMIA-26JUL08-B91.5,0.6037354672035947,KXHIGHMIA-26JUL08-B91.5,,,1.0
,,0.3174051896301609,t_plus_7h,mia,mia:2026-07-08,,KXHIGHMIA-26JUL08,0.5959198242628863,bracket,raycaster_cloudcaster,,0.03968596426421447,2026-07-08T12:00:00+00:00,2026-07-08,1.0,0.5510554584978304,KXHIGHMIA-26JUL08-B91.5,0.5510554584978304,KXHIGHMIA-26JUL08-B91.5,,,1.0
,,0.317607793544734,t_plus_8h,mia,mia:2026-07-08,,KXHIGHMIA-26JUL08,0.5963607672554314,bracket,raycaster_cloudcaster,,0.03974597235453838,2026-07-08T13:00:00+00:00,2026-07-08,1.0,0.5508125280180846,KXHIGHMIA-26JUL08-B91.5,0.5508125280180846,KXHIGHMIA-26JUL08-B91.5,,,1.0
,,0.34630242122051413,t_plus_9h,mia,mia:2026-07-08,,KXHIGHMIA-26JUL08,0.6330684733277403,bracket,raycaster_cloudcaster,,0.04333686622271635,2026-07-08T14:00:00+00:00,2026-07-08,1.0,0.5309600620250131,KXHIGHMIA-26JUL08-B91.5,0.5309600620250131,KXHIGHMIA-26JUL08-B91.5,,,1.0
,,0.5605014244097105,t_plus_10h,mia,mia:2026-07-08,,KXHIGHMIA-26JUL08,0.8899137106818494,bracket,raycaster_cloudcaster,,0.06738825937962258,2026-07-08T15:00:00+00:00,2026-07-08,0.0,0.44852801224299255,KXHIGHMIA-26JUL08-B93.5,0.4106911894861289,KXHIGHMIA-26JUL08-B91.5,,,1.0
,,1.2203523295209098,t_plus_11h,mia,mia:2026-07-08,,KXHIGHMIA-26JUL08,2.3564714301333405,bracket,raycaster_cloudcaster,,0.16419529878840852,2026-07-08T16:00:00+00:00,2026-07-08,0.0,0.5760397834881759,KXHIGHMIA-26JUL08-B93.5,0.09475398004656334,KXHIGHMIA-26JUL08-B91.5,,,1.0
,,0.6341880220174175,t_plus_12h,mia,mia:2026-07-08,,KXHIGHMIA-26JUL08,0.9332900943416861,bracket,raycaster_cloudcaster,,0.06499193764861959,2026-07-08T17:00:00+00:00,2026-07-08,0.0,0.5136154708510897,KXHIGHMIA-26JUL08-B93.5,0.39325772456845204,KXHIGHMIA-26JUL08-B91.5,,,1.0
,,0.16616846374528638,t_plus_13h,mia,mia:2026-07-08,,KXHIGHMIA-26JUL08,0.36877815032247985,bracket,raycaster_cloudcaster,,0.016708167733457655,2026-07-08T18:00:00+00:00,2026-07-08,1.0,0.6915788199709433,KXHIGHMIA-26JUL08-B91.5,0.6915788199709433,KXHIGHMIA-26JUL08-B91.5,,,1.0
,,0.46119942429530486,t_plus_14h,mia,mia:2026-07-08,,KXHIGHMIA-26JUL08,0.683793204546501,bracket,raycaster_cloudcaster,,0.04616778712707458,2026-07-08T19:00:00+00:00,2026-07-08,1.0,0.5046989305869629,KXHIGHMIA-26JUL08-B91.5,0.5046989305869629,KXHIGHMIA-26JUL08-B91.5,,,1.0
,,0.17563333492542546,t_plus_15h,mia,mia:2026-07-08,,KXHIGHMIA-26JUL08,0.378427069538141,bracket,raycaster_cloudcaster,,0.017641014126875236,2026-07-08T20:00:00+00:00,2026-07-08,1.0,0.6849379220725801,KXHIGHMIA-26JUL08-B91.5,0.6849379220725801,KXHIGHMIA-26JUL08-B91.5,,,1.0
,,0.0070059036494476805,t_plus_16h,mia,mia:2026-07-08,,KXHIGHMIA-26JUL08,0.07905405327877145,bracket,raycaster_cloudcaster,,0.0008419563296750658,2026-07-08T21:00:00+00:00,2026-07-08,1.0,0.9239899784073405,KXHIGHMIA-26JUL08-B91.5,0.9239899784073405,KXHIGHMIA-26JUL08-B91.5,,,1.0
,,0.0070059036494476805,t_plus_17h,mia,mia:2026-07-08,,KXHIGHMIA-26JUL08,0.07905405327877145,bracket,raycaster_cloudcaster,,0.0008419563296750658,2026-07-08T22:00:00+00:00,2026-07-08,1.0,0.9239899784073405,KXHIGHMIA-26JUL08-B91.5,0.9239899784073405,KXHIGHMIA-26JUL08-B91.5,,,1.0
,,0.0070059036494476805,t_plus_18h,mia,mia:2026-07-08,,KXHIGHMIA-26JUL08,0.07905405327877145,bracket,raycaster_cloudcaster,,0.0008419563296750658,2026-07-08T23:00:00+00:00,2026-07-08,1.0,0.9239899784073405,KXHIGHMIA-26JUL08-B91.5,0.9239899784073405,KXHIGHMIA-26JUL08-B91.5,,,1.0
,,0.008788189844012428,t_plus_19h,mia,mia:2026-07-08,,KXHIGHMIA-26JUL08,0.0880134754535767,bracket,raycaster_cloudcaster,,0.0010176743947049615,2026-07-09T00:00:00+00:00,2026-07-08,1.0,0.9157485365132891,KXHIGHMIA-26JUL08-B91.5,0.9157485365132891,KXHIGHMIA-26JUL08-B91.5,,,1.0
,,0.008788189844012428,t_plus_20h,mia,mia:2026-07-08,,KXHIGHMIA-26JUL08,0.0880134754535767,bracket,raycaster_cloudcaster,,0.0010176743947049615,2026-07-09T01:00:00+00:00,2026-07-08,1.0,0.9157485365132891,KXHIGHMIA-26JUL08-B91.5,0.9157485365132891,KXHIGHMIA-26JUL08-B91.5,,,1.0
,,0.008788189844012428,t_plus_21h,mia,mia:2026-07-08,,KXHIGHMIA-26JUL08,0.0880134754535767,bracket,raycaster_cloudcaster,,0.0010176743947049615,2026-07-09T02:00:00+00:00,2026-07-08,1.0,0.9157485365132891,KXHIGHMIA-26JUL08-B91.5,0.9157485365132891,KXHIGHMIA-26JUL08-B91.5,,,1.0
,,0.008788189844012428,t_plus_22h,mia,mia:2026-07-08,,KXHIGHMIA-26JUL08,0.0880134754535767,bracket,raycaster_cloudcaster,,0.0010176743947049615,2026-07-09T03:00:00+00:00,2026-07-08,1.0,0.9157485365132891,KXHIGHMIA-26JUL08-B91.5,0.9157485365132891,KXHIGHMIA-26JUL08-B91.5,,,1.0
,,0.008788189844012428,t_plus_23h,mia,mia:2026-07-08,,KXHIGHMIA-26JUL08,0.0880134754535767,bracket,raycaster_cloudcaster,,0.0010176743947049615,2026-07-09T04:00:00+00:00,2026-07-08,1.0,0.9157485365132891,KXHIGHMIA-26JUL08-B91.5,0.9157485365132891,KXHIGHMIA-26JUL08-B91.5,,,1.0
,,1.1929291530650965,t_plus_0h,nyc,nyc:2026-07-08,,KXHIGHNY-26JUL08,2.5136958357572348,bracket,raycaster_cloudcaster,,0.22314637756617586,2026-07-08T05:00:00+00:00,2026-07-08,0.0,0.42007566111568756,KXHIGHNY-26JUL08-B80.5,0.08096843952288858,KXHIGHNY-26JUL08-T83,,,0.0
,,1.3831612214707283,t_plus_1h,nyc,nyc:2026-07-08,,KXHIGHNY-26JUL08,4.5659090123836075,bracket,raycaster_cloudcaster,,0.2587307178872823,2026-07-08T06:00:00+00:00,2026-07-08,0.0,0.45233125319179224,KXHIGHNY-26JUL08-B80.5,0.010400420797205271,KXHIGHNY-26JUL08-T83,,,0.0
,,1.383273753577054,t_plus_2h,nyc,nyc:2026-07-08,,KXHIGHNY-26JUL08,4.5668630053857315,bracket,raycaster_cloudcaster,,0.25882517172751596,2026-07-08T07:00:00+00:00,2026-07-08,0.0,0.45285347620557265,KXHIGHNY-26JUL08-B80.5,0.01039050359976621,KXHIGHNY-26JUL08-T83,,,0.0
,,1.3834526877939959,t_plus_3h,nyc,nyc:2026-07-08,,KXHIGHNY-26JUL08,4.569709797935479,bracket,raycaster_cloudcaster,,0.25731623778245283,2026-07-08T08:00:00+00:00,2026-07-08,0.0,0.446257702014255,KXHIGHNY-26JUL08-B80.5,0.010360966055109552,KXHIGHNY-26JUL08-T83,,,0.0
,,1.37818174511161,t_plus_4h,nyc,nyc:2026-07-08,,KXHIGHNY-26JUL08,4.485176523133747,bracket,raycaster_cloudcaster,,0.24889650423662557,2026-07-08T09:00:00+00:00,2026-07-08,0.0,0.48370393200256967,KXHIGHNY-26JUL08-B82.5,0.011274897064902405,KXHIGHNY-26JUL08-T83,,,1.0
,,1.144737611934283,t_plus_5h,nyc,nyc:2026-07-08,,KXHIGHNY-26JUL08,1.9213368317140724,bracket,raycaster_cloudcaster,,0.1579920358939779,2026-07-08T10:00:00+00:00,2026-07-08,0.0,0.6089576583953017,KXHIGHNY-26JUL08-B82.5,0.14641110423756018,KXHIGHNY-26JUL08-T83,,,1.0
,,0.8551011257278351,t_plus_6h,nyc,nyc:2026-07-08,,KXHIGHNY-26JUL08,1.3384265975603542,bracket,raycaster_cloudcaster,,0.11801758441455734,2026-07-08T11:00:00+00:00,2026-07-08,0.0,0.5263114999860317,KXHIGHNY-26JUL08-B82.5,0.26225798147607904,KXHIGHNY-26JUL08-T83,,,1.0
,,1.2223399410188869,t_plus_7h,nyc,nyc:2026-07-08,,KXHIGHNY-26JUL08,2.355689849915731,bracket,raycaster_cloudcaster,,0.19147207302899155,2026-07-08T12:00:00+00:00,2026-07-08,0.0,0.5352524883256812,KXHIGHNY-26JUL08-B82.5,0.09482806683151879,KXHIGHNY-26JUL08-T83,,,1.0
,,0.891103546497138,t_plus_8h,nyc,nyc:2026-07-08,,KXHIGHNY-26JUL08,1.3102815381587354,bracket,raycaster_cloudcaster,,0.11101258467123817,2026-07-08T13:00:00+00:00,2026-07-08,0.0,0.5874494958456655,KXHIGHNY-26JUL08-B82.5,0.2697441024352917,KXHIGHNY-26JUL08-T83,,,1.0
,,0.9230959135952623,t_plus_9h,nyc,nyc:2026-07-08,,KXHIGHNY-26JUL08,1.3418821048365464,bracket,raycaster_cloudcaster,,0.11292129419320093,2026-07-08T14:00:00+00:00,2026-07-08,0.0,0.6046763337851914,KXHIGHNY-26JUL08-B82.5,0.2613533110606374,KXHIGHNY-26JUL08-T83,,,1.0
,,1.2166645821339213,t_plus_10h,nyc,nyc:2026-07-08,,KXHIGHNY-26JUL08,1.632313105120268,bracket,raycaster_cloudcaster,,0.13028865869792589,2026-07-08T15:00:00+00:00,2026-07-08,0.0,0.7541459821647791,KXHIGHNY-26JUL08-B82.5,0.19547689217808917,KXHIGHNY-26JUL08-T83,,,1.0
,,1.1838313949687944,t_plus_11h,nyc,nyc:2026-07-08,,KXHIGHNY-26JUL08,1.5699135716909953,bracket,raycaster_cloudcaster,,0.12623295990025835,2026-07-08T16:00:00+00:00,2026-07-08,0.0,0.7457439216144834,KXHIGHNY-26JUL08-B82.5,0.20806316412738396,KXHIGHNY-26JUL08-T83,,,1.0
,,1.0166238430526178,t_plus_12h,nyc,nyc:2026-07-08,,KXHIGHNY-26JUL08,1.3238124570040783,bracket,raycaster_cloudcaster,,0.10840347481838024,2026-07-08T17:00:00+00:00,2026-07-08,0.0,0.6910746160794273,KXHIGHNY-26JUL08-B82.5,0.2661187990309254,KXHIGHNY-26JUL08-T83,,,1.0
,,0.024909854930134638,t_plus_13h,nyc,nyc:2026-07-08,,KXHIGHNY-26JUL08,0.15293252854218906,bracket,raycaster_cloudcaster,,0.006960486637254593,2026-07-08T18:00:00+00:00,2026-07-08,1.0,0.8581876230280331,KXHIGHNY-26JUL08-T83,0.8581876230280331,KXHIGHNY-26JUL08-T83,,,1.0
,,0.005403884469801197,t_plus_14h,nyc,nyc:2026-07-08,,KXHIGHNY-26JUL08,0.06946387088392757,bracket,raycaster_cloudcaster,,0.001981424305593776,2026-07-08T19:00:00+00:00,2026-07-08,1.0,0.932893837405439,KXHIGHNY-26JUL08-T83,0.932893837405439,KXHIGHNY-26JUL08-T83,,,1.0
,,0.005403884469801197,t_plus_15h,nyc,nyc:2026-07-08,,KXHIGHNY-26JUL08,0.06946387088392757,bracket,raycaster_cloudcaster,,0.001981424305593776,2026-07-08T20:00:00+00:00,2026-07-08,1.0,0.932893837405439,KXHIGHNY-26JUL08-T83,0.932893837405439,KXHIGHNY-26JUL08-T83,,,1.0
,,0.005403884469801197,t_plus_16h,nyc,nyc:2026-07-08,,KXHIGHNY-26JUL08,0.06946387088392757,bracket,raycaster_cloudcaster,,0.001981424305593776,2026-07-08T21:00:00+00:00,2026-07-08,1.0,0.932893837405439,KXHIGHNY-26JUL08-T83,0.932893837405439,KXHIGHNY-26JUL08-T83,,,1.0
,,0.005403884469801197,t_plus_17h,nyc,nyc:2026-07-08,,KXHIGHNY-26JUL08,0.06946387088392757,bracket,raycaster_cloudcaster,,0.001981424305593776,2026-07-08T22:00:00+00:00,2026-07-08,1.0,0.932893837405439,KXHIGHNY-26JUL08-T83,0.932893837405439,KXHIGHNY-26JUL08-T83,,,1.0
,,0.005403884469801197,t_plus_18h,nyc,nyc:2026-07-08,,KXHIGHNY-26JUL08,0.06946387088392757,bracket,raycaster_cloudcaster,,0.001981424305593776,2026-07-08T23:00:00+00:00,2026-07-08,1.0,0.932893837405439,KXHIGHNY-26JUL08-T83,0.932893837405439,KXHIGHNY-26JUL08-T83,,,1.0
,,0.005403884469801197,t_plus_19h,nyc,nyc:2026-07-08,,KXHIGHNY-26JUL08,0.06946387088392757,bracket,raycaster_cloudcaster,,0.001981424305593776,2026-07-09T00:00:00+00:00,2026-07-08,1.0,0.932893837405439,KXHIGHNY-26JUL08-T83,0.932893837405439,KXHIGHNY-26JUL08-T83,,,1.0
,,0.005403884469801197,t_plus_20h,nyc,nyc:2026-07-08,,KXHIGHNY-26JUL08,0.06946387088392757,bracket,raycaster_cloudcaster,,0.001981424305593776,2026-07-09T01:00:00+00:00,2026-07-08,1.0,0.932893837405439,KXHIGHNY-26JUL08-T83,0.932893837405439,KXHIGHNY-26JUL08-T83,,,1.0
,,0.005403884469801197,t_plus_21h,nyc,nyc:2026-07-08,,KXHIGHNY-26JUL08,0.06946387088392757,bracket,raycaster_cloudcaster,,0.001981424305593776,2026-07-09T02:00:00+00:00,2026-07-08,1.0,0.932893837405439,KXHIGHNY-26JUL08-T83,0.932893837405439,KXHIGHNY-26JUL08-T83,,,1.0
,,0.005403884469801197,t_plus_22h,nyc,nyc:2026-07-08,,KXHIGHNY-26JUL08,0.06946387088392757,bracket,raycaster_cloudcaster,,0.001981424305593776,2026-07-09T03:00:00+00:00,2026-07-08,1.0,0.932893837405439,KXHIGHNY-26JUL08-T83,0.932893837405439,KXHIGHNY-26JUL08-T83,,,1.0
,,0.005403884469801197,t_plus_23h,nyc,nyc:2026-07-08,,KXHIGHNY-26JUL08,0.06946387088392757,bracket,raycaster_cloudcaster,,0.001981424305593776,2026-07-09T04:00:00+00:00,2026-07-08,1.0,0.932893837405439,KXHIGHNY-26JUL08-T83,0.932893837405439,KXHIGHNY-26JUL08-T83,,,1.0
,,0.39804539703703734,t_plus_0h,okc,okc:2026-07-08,,KXHIGHTOKC-26JUL08,0.6852930334463098,bracket,raycaster_cloudcaster,,0.04925710894730814,2026-07-08T06:00:00+00:00,2026-07-08,1.0,0.5039425359182496,KXHIGHTOKC-26JUL08-B97.5,0.5039425359182496,KXHIGHTOKC-26JUL08-B97.5,,,1.0
,,0.5014252522988786,t_plus_1h,okc,okc:2026-07-08,,KXHIGHTOKC-26JUL08,0.791606886390951,bracket,raycaster_cloudcaster,,0.0594197136335183,2026-07-08T07:00:00+00:00,2026-07-08,1.0,0.45311610387615975,KXHIGHTOKC-26JUL08-B97.5,0.45311610387615975,KXHIGHTOKC-26JUL08-B97.5,,,1.0
,,0.5096130027628034,t_plus_2h,okc,okc:2026-07-08,,KXHIGHTOKC-26JUL08,0.8286742976562701,bracket,raycaster_cloudcaster,,0.05531830297054711,2026-07-08T08:00:00+00:00,2026-07-08,1.0,0.436627741227187,KXHIGHTOKC-26JUL08-B97.5,0.436627741227187,KXHIGHTOKC-26JUL08-B97.5,,,1.0
,,0.5092719074272865,t_plus_3h,okc,okc:2026-07-08,,KXHIGHTOKC-26JUL08,0.8010582741235863,bracket,raycaster_cloudcaster,,0.06034955511751492,2026-07-08T09:00:00+00:00,2026-07-08,1.0,0.4488537024244497,KXHIGHTOKC-26JUL08-B97.5,0.4488537024244497,KXHIGHTOKC-26JUL08-B97.5,,,1.0
,,0.5589917850704773,t_plus_4h,okc,okc:2026-07-08,,KXHIGHTOKC-26JUL08,0.8932307815210074,bracket,raycaster_cloudcaster,,0.0713545740509894,2026-07-08T10:00:00+00:00,2026-07-08,0.0,0.4403854183420337,KXHIGHTOKC-26JUL08-B99.5,0.4093311546305989,KXHIGHTOKC-26JUL08-B97.5,,,1.0
,,0.5622105146818464,t_plus_5h,okc,okc:2026-07-08,,KXHIGHTOKC-26JUL08,0.8966397101441331,bracket,raycaster_cloudcaster,,0.07165940839677819,2026-07-08T11:00:00+00:00,2026-07-08,0.0,0.4422898566160377,KXHIGHTOKC-26JUL08-B99.5,0.4079381496175572,KXHIGHTOKC-26JUL08-B97.5,,,1.0
,,1.241699180275959,t_plus_6h,okc,okc:2026-07-08,,KXHIGHTOKC-26JUL08,2.4906298326026817,bracket,raycaster_cloudcaster,,0.19953917707168417,2026-07-08T12:00:00+00:00,2026-07-08,0.0,0.48582052221108124,KXHIGHTOKC-26JUL08-B99.5,0.08285776361642476,KXHIGHTOKC-26JUL08-B97.5,,,1.0
,,1.2416355364048226,t_plus_7h,okc,okc:2026-07-08,,KXHIGHTOKC-26JUL08,2.4903461990153164,bracket,raycaster_cloudcaster,,0.19952894959801432,2026-07-08T13:00:00+00:00,2026-07-08,0.0,0.4858080715727098,KXHIGHTOKC-26JUL08-B99.5,0.08288126819434666,KXHIGHTOKC-26JUL08-B97.5,,,1.0
,,1.2273710532298794,t_plus_8h,okc,okc:2026-07-08,,KXHIGHTOKC-26JUL08,2.4285494340003546,bracket,raycaster_cloudcaster,,0.1972366687627733,2026-07-08T14:00:00+00:00,2026-07-08,0.0,0.4830094164097151,KXHIGHTOKC-26JUL08-B99.5,0.08816462848421969,KXHIGHTOKC-26JUL08-B97.5,,,1.0
,,1.0942089468065221,t_plus_9h,okc,okc:2026-07-08,,KXHIGHTOKC-26JUL08,1.9717602048099052,bracket,raycaster_cloudcaster,,0.1749079934499433,2026-07-08T15:00:00+00:00,2026-07-08,0.0,0.46081685142855006,KXHIGHTOKC-26JUL08-B99.5,0.1392115995003151,KXHIGHTOKC-26JUL08-B97.5,,,1.0
,,1.2063411342833428,t_plus_10h,okc,okc:2026-07-08,,KXHIGHTOKC-26JUL08,2.3196474617174276,bracket,raycaster_cloudcaster,,0.19061950689011625,2026-07-08T16:00:00+00:00,2026-07-08,0.0,0.5003633127237422,KXHIGHTOKC-26JUL08-B99.5,0.09830823691305025,KXHIGHTOKC-26JUL08-B97.5,,,1.0
,,1.2080609069948531,t_plus_11h,okc,okc:2026-07-08,,KXHIGHTOKC-26JUL08,2.327951574858035,bracket,raycaster_cloudcaster,,0.19204623584266045,2026-07-08T17:00:00+00:00,2026-07-08,0.0,0.4962254436084616,KXHIGHTOKC-26JUL08-B99.5,0.09749525441222331,KXHIGHTOKC-26JUL08-B97.5,,,1.0
,,1.235272627293449,t_plus_12h,okc,okc:2026-07-08,,KXHIGHTOKC-26JUL08,2.121291045642104,bracket,raycaster_cloudcaster,,0.16182167370846318,2026-07-08T18:00:00+00:00,2026-07-08,0.0,0.6466307674228496,KXHIGHTOKC-26JUL08-B99.5,0.11987676219180682,KXHIGHTOKC-26JUL08-B97.5,,,1.0
,,1.2415605957962526,t_plus_13h,okc,okc:2026-07-08,,KXHIGHTOKC-26JUL08,2.245297587153303,bracket,raycaster_cloudcaster,,0.17145489836341826,2026-07-08T19:00:00+00:00,2026-07-08,0.0,0.6148464534549634,KXHIGHTOKC-26JUL08-B99.5,0.10589602238825557,KXHIGHTOKC-26JUL08-B97.5,,,1.0
,,1.1065650858631157,t_plus_14h,okc,okc:2026-07-08,,KXHIGHTOKC-26JUL08,1.702282901629797,bracket,raycaster_cloudcaster,,0.13612345996662137,2026-07-08T20:00:00+00:00,2026-07-08,0.0,0.6456061081816656,KXHIGHTOKC-26JUL08-B99.5,0.18226695121626021,KXHIGHTOKC-26JUL08-B97.5,,,1.0
,,1.1712728402996078,t_plus_15h,okc,okc:2026-07-08,,KXHIGHTOKC-26JUL08,1.5697757452725052,bracket,raycaster_cloudcaster,,0.12261328352214333,2026-07-08T21:00:00+00:00,2026-07-08,0.0,0.7370802211605528,KXHIGHTOKC-26JUL08-B99.5,0.20809184270440273,KXHIGHTOKC-26JUL08-B97.5,,,1.0
,,1.0123240765687116,t_plus_16h,okc,okc:2026-07-08,,KXHIGHTOKC-26JUL08,1.3168545635277376,bracket,raycaster_cloudcaster,,0.10444544584044138,2026-07-08T22:00:00+00:00,2026-07-08,0.0,0.6899446218842716,KXHIGHTOKC-26JUL08-B99.5,0.26797688196202324,KXHIGHTOKC-26JUL08-B97.5,,,1.0
,,0.0756373068881895,t_plus_17h,okc,okc:2026-07-08,,KXHIGHTOKC-26JUL08,0.2742920143914937,bracket,raycaster_cloudcaster,,0.011495343701710318,2026-07-08T23:00:00+00:00,2026-07-08,1.0,0.7601100797671086,KXHIGHTOKC-26JUL08-B97.5,0.7601100797671086,KXHIGHTOKC-26JUL08-B97.5,,,1.0
,,0.008788189844012428,t_plus_18h,okc,okc:2026-07-08,,KXHIGHTOKC-26JUL08,0.0880134754535767,bracket,raycaster_cloudcaster,,0.0015310927805011014,2026-07-09T00:00:00+00:00,2026-07-08,1.0,0.9157485365132891,KXHIGHTOKC-26JUL08-B97.5,0.9157485365132891,KXHIGHTOKC-26JUL08-B97.5,,,1.0
,,0.008788189844012428,t_plus_19h,okc,okc:2026-07-08,,KXHIGHTOKC-26JUL08,0.0880134754535767,bracket,raycaster_cloudcaster,,0.0015310927805011014,2026-07-09T01:00:00+00:00,2026-07-08,1.0,0.9157485365132891,KXHIGHTOKC-26JUL08-B97.5,0.9157485365132891,KXHIGHTOKC-26JUL08-B97.5,,,1.0
,,0.008788189844012428,t_plus_20h,okc,okc:2026-07-08,,KXHIGHTOKC-26JUL08,0.0880134754535767,bracket,raycaster_cloudcaster,,0.0015310927805011014,2026-07-09T02:00:00+00:00,2026-07-08,1.0,0.9157485365132891,KXHIGHTOKC-26JUL08-B97.5,0.9157485365132891,KXHIGHTOKC-26JUL08-B97.5,,,1.0
,,0.008788189844012428,t_plus_21h,okc,okc:2026-07-08,,KXHIGHTOKC-26JUL08,0.0880134754535767,bracket,raycaster_cloudcaster,,0.0015310927805011014,2026-07-09T03:00:00+00:00,2026-07-08,1.0,0.9157485365132891,KXHIGHTOKC-26JUL08-B97.5,0.9157485365132891,KXHIGHTOKC-26JUL08-B97.5,,,1.0
,,0.008788189844012428,t_plus_22h,okc,okc:2026-07-08,,KXHIGHTOKC-26JUL08,0.0880134754535767,bracket,raycaster_cloudcaster,,0.0015310927805011014,2026-07-09T04:00:00+00:00,2026-07-08,1.0,0.9157485365132891,KXHIGHTOKC-26JUL08-B97.5,0.9157485365132891,KXHIGHTOKC-26JUL08-B97.5,,,1.0
,,0.008788189844012428,t_plus_23h,okc,okc:2026-07-08,,KXHIGHTOKC-26JUL08,0.0880134754535767,bracket,raycaster_cloudcaster,,0.0015310927805011014,2026-07-09T05:00:00+00:00,2026-07-08,1.0,0.9157485365132891,KXHIGHTOKC-26JUL08-B97.5,0.9157485365132891,KXHIGHTOKC-26JUL08-B97.5,,,1.0
,,0.5102013272110483,t_plus_0h,aus,aus:2026-07-09,,KXHIGHAUS-26JUL09,0.857336440839334,bracket,raycaster_cloudcaster,,0.04182111158192338,2026-07-09T06:00:00+00:00,2026-07-09,1.0,0.42429070196389773,KXHIGHAUS-26JUL09-B98.5,0.42429070196389773,KXHIGHAUS-26JUL09-B98.5,,,1.0
,,0.43939782291478224,t_plus_1h,aus,aus:2026-07-09,,KXHIGHAUS-26JUL09,0.7847354368379079,bracket,raycaster_cloudcaster,,0.03464808098820367,2026-07-09T07:00:00+00:00,2026-07-09,1.0,0.45624039022038915,KXHIGHAUS-26JUL09-B98.5,0.45624039022038915,KXHIGHAUS-26JUL09-B98.5,,,1.0
,,0.43939782291478224,t_plus_2h,aus,aus:2026-07-09,,KXHIGHAUS-26JUL09,0.7847354368379079,bracket,raycaster_cloudcaster,,0.03464808098820367,2026-07-09T08:00:00+00:00,2026-07-09,1.0,0.45624039022038915,KXHIGHAUS-26JUL09-B98.5,0.45624039022038915,KXHIGHAUS-26JUL09-B98.5,,,1.0
,,0.4929028069070124,t_plus_3h,aus,aus:2026-07-09,,KXHIGHAUS-26JUL09,0.7747657346519637,bracket,raycaster_cloudcaster,,0.04717432979633366,2026-07-09T09:00:00+00:00,2026-07-09,1.0,0.4608117205733205,KXHIGHAUS-26JUL09-B98.5,0.4608117205733205,KXHIGHAUS-26JUL09-B98.5,,,1.0
,,0.3743670814117605,t_plus_4h,aus,aus:2026-07-09,,KXHIGHAUS-26JUL09,0.6993935080736451,bracket,raycaster_cloudcaster,,0.03036332707913389,2026-07-09T10:00:00+00:00,2026-07-09,1.0,0.4968865701174681,KXHIGHAUS-26JUL09-B98.5,0.4968865701174681,KXHIGHAUS-26JUL09-B98.5,,,1.0
,,0.515616485204686,t_plus_5h,aus,aus:2026-07-09,,KXHIGHAUS-26JUL09,0.8408401769648811,bracket,raycaster_cloudcaster,,0.044814902253597196,2026-07-09T11:00:00+00:00,2026-07-09,1.0,0.4313479625207871,KXHIGHAUS-26JUL09-B98.5,0.4313479625207871,KXHIGHAUS-26JUL09-B98.5,,,1.0
,,0.515616485204686,t_plus_6h,aus,aus:2026-07-09,,KXHIGHAUS-26JUL09,0.8408401769648811,bracket,raycaster_cloudcaster,,0.044814902253597196,2026-07-09T12:00:00+00:00,2026-07-09,1.0,0.4313479625207871,KXHIGHAUS-26JUL09-B98.5,0.4313479625207871,KXHIGHAUS-26JUL09-B98.5,,,1.0
,,0.5174532050855548,t_plus_7h,aus,aus:2026-07-09,,KXHIGHAUS-26JUL09,0.8528064486452663,bracket,raycaster_cloudcaster,,0.04391523308105326,2026-07-09T13:00:00+00:00,2026-07-09,1.0,0.4262170955114112,KXHIGHAUS-26JUL09-B98.5,0.4262170955114112,KXHIGHAUS-26JUL09-B98.5,,,1.0
,,0.5095536608030196,t_plus_8h,aus,aus:2026-07-09,,KXHIGHAUS-26JUL09,0.83452836038333,bracket,raycaster_cloudcaster,,0.04422277412608288,2026-07-09T14:00:00+00:00,2026-07-09,1.0,0.43407916209105624,KXHIGHAUS-26JUL09-B98.5,0.43407916209105624,KXHIGHAUS-26JUL09-B98.5,,,1.0
,,0.5030164134418427,t_plus_9h,aus,aus:2026-07-09,,KXHIGHAUS-26JUL09,0.8276336846692427,bracket,raycaster_cloudcaster,,0.04358905580110724,2026-07-09T15:00:00+00:00,2026-07-09,1.0,0.43708233821394593,KXHIGHAUS-26JUL09-B98.5,0.43708233821394593,KXHIGHAUS-26JUL09-B98.5,,,1.0
,,0.3727677039840257,t_plus_10h,aus,aus:2026-07-09,,KXHIGHAUS-26JUL09,0.6962317154374302,bracket,raycaster_cloudcaster,,0.030375409909934613,2026-07-09T16:00:00+00:00,2026-07-09,1.0,0.49846010870638147,KXHIGHAUS-26JUL09-B98.5,0.49846010870638147,KXHIGHAUS-26JUL09-B98.5,,,1.0
,,0.3717941625436703,t_plus_11h,aus,aus:2026-07-09,,KXHIGHAUS-26JUL09,0.6965449868811789,bracket,raycaster_cloudcaster,,0.030127096149440025,2026-07-09T17:00:00+00:00,2026-07-09,1.0,0.4983039798451096,KXHIGHAUS-26JUL09-B98.5,0.4983039798451096,KXHIGHAUS-26JUL09-B98.5,,,1.0
,,0.3385728028552168,t_plus_12h,aus,aus:2026-07-09,,KXHIGHAUS-26JUL09,0.6525552649703104,bracket,raycaster_cloudcaster,,0.02748184788528703,2026-07-09T18:00:00+00:00,2026-07-09,1.0,0.52071351434141,KXHIGHAUS-26JUL09-B98.5,0.52071351434141,KXHIGHAUS-26JUL09-B98.5,,,1.0
,,0.1867028478400848,t_plus_13h,aus,aus:2026-07-09,,KXHIGHAUS-26JUL09,0.46457576451670995,bracket,raycaster_cloudcaster,,0.014457222779682921,2026-07-09T19:00:00+00:00,2026-07-09,1.0,0.6284016389220983,KXHIGHAUS-26JUL09-B98.5,0.6284016389220983,KXHIGHAUS-26JUL09-B98.5,,,1.0
,,0.160459127036514,t_plus_14h,aus,aus:2026-07-09,,KXHIGHAUS-26JUL09,0.4242050525057924,bracket,raycaster_cloudcaster,,0.012567000032720852,2026-07-09T20:00:00+00:00,2026-07-09,1.0,0.6542897044092092,KXHIGHAUS-26JUL09-B98.5,0.6542897044092092,KXHIGHAUS-26JUL09-B98.5,,,1.0
,,0.07116288543000794,t_plus_15h,aus,aus:2026-07-09,,KXHIGHAUS-26JUL09,0.26122155419898746,bracket,raycaster_cloudcaster,,0.006634628800321098,2026-07-09T21:00:00+00:00,2026-07-09,1.0,0.7701102795466483,KXHIGHAUS-26JUL09-B98.5,0.7701102795466483,KXHIGHAUS-26JUL09-B98.5,,,1.0
,,0.030665658595104336,t_plus_16h,aus,aus:2026-07-09,,KXHIGHAUS-26JUL09,0.17356553629211072,bracket,raycaster_cloudcaster,,0.0035447032948016863,2026-07-09T22:00:00+00:00,2026-07-09,1.0,0.8406620554824832,KXHIGHAUS-26JUL09-B98.5,0.8406620554824832,KXHIGHAUS-26JUL09-B98.5,,,1.0
,,0.030665658595104336,t_plus_17h,aus,aus:2026-07-09,,KXHIGHAUS-26JUL09,0.17356553629211072,bracket,raycaster_cloudcaster,,0.0035447032948016863,2026-07-09T23:00:00+00:00,2026-07-09,1.0,0.8406620554824832,KXHIGHAUS-26JUL09-B98.5,0.8406620554824832,KXHIGHAUS-26JUL09-B98.5,,,1.0
,,0.030100310980075578,t_plus_18h,aus,aus:2026-07-09,,KXHIGHAUS-26JUL09,0.1719218463629979,bracket,raycaster_cloudcaster,,0.00350866591066233,2026-07-10T00:00:00+00:00,2026-07-09,1.0,0.8420449794746306,KXHIGHAUS-26JUL09-B98.5,0.8420449794746306,KXHIGHAUS-26JUL09-B98.5,,,1.0
,,0.030100310980075578,t_plus_19h,aus,aus:2026-07-09,,KXHIGHAUS-26JUL09,0.1719218463629979,bracket,raycaster_cloudcaster,,0.00350866591066233,2026-07-10T01:00:00+00:00,2026-07-09,1.0,0.8420449794746306,KXHIGHAUS-26JUL09-B98.5,0.8420449794746306,KXHIGHAUS-26JUL09-B98.5,,,1.0
,,0.030100310980075578,t_plus_20h,aus,aus:2026-07-09,,KXHIGHAUS-26JUL09,0.1719218463629979,bracket,raycaster_cloudcaster,,0.00350866591066233,2026-07-10T02:00:00+00:00,2026-07-09,1.0,0.8420449794746306,KXHIGHAUS-26JUL09-B98.5,0.8420449794746306,KXHIGHAUS-26JUL09-B98.5,,,1.0
,,0.030100310980075578,t_plus_21h,aus,aus:2026-07-09,,KXHIGHAUS-26JUL09,0.1719218463629979,bracket,raycaster_cloudcaster,,0.00350866591066233,2026-07-10T03:00:00+00:00,2026-07-09,1.0,0.8420449794746306,KXHIGHAUS-26JUL09-B98.5,0.8420449794746306,KXHIGHAUS-26JUL09-B98.5,,,1.0
,,0.030100310980075578,t_plus_22h,aus,aus:2026-07-09,,KXHIGHAUS-26JUL09,0.1719218463629979,bracket,raycaster_cloudcaster,,0.00350866591066233,2026-07-10T04:00:00+00:00,2026-07-09,1.0,0.8420449794746306,KXHIGHAUS-26JUL09-B98.5,0.8420449794746306,KXHIGHAUS-26JUL09-B98.5,,,1.0
,,0.030100310980075578,t_plus_23h,aus,aus:2026-07-09,,KXHIGHAUS-26JUL09,0.1719218463629979,bracket,raycaster_cloudcaster,,0.00350866591066233,2026-07-10T05:00:00+00:00,2026-07-09,1.0,0.8420449794746306,KXHIGHAUS-26JUL09-B98.5,0.8420449794746306,KXHIGHAUS-26JUL09-B98.5,,,1.0
,,0.5744974540629687,t_plus_0h,den,den:2026-07-09,,KXHIGHDEN-26JUL09,1.0448046686062358,bracket,raycaster_cloudcaster,,0.04583904534722734,2026-07-09T07:00:00+00:00,2026-07-09,1.0,0.35176052254104534,KXHIGHDEN-26JUL09-B90.5,0.35176052254104534,KXHIGHDEN-26JUL09-B90.5,,,1.0
,,0.5463976792308832,t_plus_1h,den,den:2026-07-09,,KXHIGHDEN-26JUL09,1.0060898144934352,bracket,raycaster_cloudcaster,,0.04412414968150981,2026-07-09T08:00:00+00:00,2026-07-09,1.0,0.3656459313516238,KXHIGHDEN-26JUL09-B90.5,0.3656459313516238,KXHIGHDEN-26JUL09-B90.5,,,1.0
,,0.6144909723472598,t_plus_2h,den,den:2026-07-09,,KXHIGHDEN-26JUL09,1.0862458317989043,bracket,raycaster_cloudcaster,,0.048810148874585055,2026-07-09T09:00:00+00:00,2026-07-09,0.0,0.37642448481507157,KXHIGHDEN-26JUL09-T91,0.3374810792242277,KXHIGHDEN-26JUL09-B90.5,,,1.0
,,0.5968311610953118,t_plus_3h,den,den:2026-07-09,,KXHIGHDEN-26JUL09,1.0126581705884323,bracket,raycaster_cloudcaster,,0.044903414506219416,2026-07-09T10:00:00+00:00,2026-07-09,0.0,0.40516934551794814,KXHIGHDEN-26JUL09-T91,0.3632521090150307,KXHIGHDEN-26JUL09-B90.5,,,1.0
,,0.612721077160632,t_plus_4h,den,den:2026-07-09,,KXHIGHDEN-26JUL09,1.0370743068264023,bracket,raycaster_cloudcaster,,0.046082871932142,2026-07-09T11:00:00+00:00,2026-07-09,0.0,0.40962986209043434,KXHIGHDEN-26JUL09-T91,0.3544902961148862,KXHIGHDEN-26JUL09-B90.5,,,1.0
,,0.6037575487567771,t_plus_5h,den,den:2026-07-09,,KXHIGHDEN-26JUL09,1.0207345916636987,bracket,raycaster_cloudcaster,,0.0455339078473374,2026-07-09T12:00:00+00:00,2026-07-09,0.0,0.41004857608729944,KXHIGHDEN-26JUL09-T91,0.36033014740524255,KXHIGHDEN-26JUL09-B90.5,,,1.0
,,0.5250501448193362,t_plus_6h,den,den:2026-07-09,,KXHIGHDEN-26JUL09,0.9334429000087644,bracket,raycaster_cloudcaster,,0.039536789051569675,2026-07-09T13:00:00+00:00,2026-07-09,1.0,0.39319763715048156,KXHIGHDEN-26JUL09-B90.5,0.39319763715048156,KXHIGHDEN-26JUL09-B90.5,,,1.0
,,0.5290326596489111,t_plus_7h,den,den:2026-07-09,,KXHIGHDEN-26JUL09,0.9307430117425721,bracket,raycaster_cloudcaster,,0.039488587529995386,2026-07-09T14:00:00+00:00,2026-07-09,1.0,0.3942606612146839,KXHIGHDEN-26JUL09-B90.5,0.3942606612146839,KXHIGHDEN-26JUL09-B90.5,,,1.0
,,0.5510570795089361,t_plus_8h,den,den:2026-07-09,,KXHIGHDEN-26JUL09,0.9984500512357936,bracket,raycaster_cloudcaster,,0.044125048092904594,2026-07-09T15:00:00+00:00,2026-07-09,1.0,0.3684500775710155,KXHIGHDEN-26JUL09-B90.5,0.3684500775710155,KXHIGHDEN-26JUL09-B90.5,,,1.0
,,0.5979463532967626,t_plus_9h,den,den:2026-07-09,,KXHIGHDEN-26JUL09,0.9905322982347131,bracket,raycaster_cloudcaster,,0.04615020458500223,2026-07-09T16:00:00+00:00,2026-07-09,0.0,0.42955035788969975,KXHIGHDEN-26JUL09-T91,0.37137895403754695,KXHIGHDEN-26JUL09-B90.5,,,1.0
,,0.5258230300058937,t_plus_10h,den,den:2026-07-09,,KXHIGHDEN-26JUL09,0.9329909587702542,bracket,raycaster_cloudcaster,,0.039523485514050216,2026-07-09T17:00:00+00:00,2026-07-09,1.0,0.39337537953912693,KXHIGHDEN-26JUL09-B90.5,0.39337537953912693,KXHIGHDEN-26JUL09-B90.5,,,1.0
,,0.328009617491153,t_plus_11h,den,den:2026-07-09,,KXHIGHDEN-26JUL09,0.6823310578102654,bracket,raycaster_cloudcaster,,0.028579822420423485,2026-07-09T18:00:00+00:00,2026-07-09,1.0,0.505437414235265,KXHIGHDEN-26JUL09-B90.5,0.505437414235265,KXHIGHDEN-26JUL09-B90.5,,,1.0
,,0.2874735020692254,t_plus_12h,den,den:2026-07-09,,KXHIGHDEN-26JUL09,0.6047084305338238,bracket,raycaster_cloudcaster,,0.03149818206094343,2026-07-09T19:00:00+00:00,2026-07-09,1.0,0.5462336684826786,KXHIGHDEN-26JUL09-B90.5,0.5462336684826786,KXHIGHDEN-26JUL09-B90.5,,,1.0
,,0.4144675404157969,t_plus_13h,den,den:2026-07-09,,KXHIGHDEN-26JUL09,0.6958600571033071,bracket,raycaster_cloudcaster,,0.03522476885193242,2026-07-09T20:00:00+00:00,2026-07-09,1.0,0.4986453999904022,KXHIGHDEN-26JUL09-B90.5,0.4986453999904022,KXHIGHDEN-26JUL09-B90.5,,,1.0
,,0.6727822676626285,t_plus_14h,den,den:2026-07-09,,KXHIGHDEN-26JUL09,0.9611257275277579,bracket,raycaster_cloudcaster,,0.06032180183858042,2026-07-09T21:00:00+00:00,2026-07-09,0.0,0.538389338885823,KXHIGHDEN-26JUL09-T91,0.3824620954350657,KXHIGHDEN-26JUL09-B90.5,,,1.0
,,0.667985043043391,t_plus_15h,den,den:2026-07-09,,KXHIGHDEN-26JUL09,0.9548815069829912,bracket,raycaster_cloudcaster,,0.0599168024890645,2026-07-09T22:00:00+00:00,2026-07-09,0.0,0.5366998666274754,KXHIGHDEN-26JUL09-T91,0.3848577448065707,KXHIGHDEN-26JUL09-B90.5,,,1.0
,,0.02804842052563091,t_plus_16h,den,den:2026-07-09,,KXHIGHDEN-26JUL09,0.16591828184361618,bracket,raycaster_cloudcaster,,0.005796673575297057,2026-07-09T23:00:00+00:00,2026-07-09,1.0,0.8471154560743334,KXHIGHDEN-26JUL09-B90.5,0.8471154560743334,KXHIGHDEN-26JUL09-B90.5,,,1.0
,,0.02552816364444294,t_plus_17h,den,den:2026-07-09,,KXHIGHDEN-26JUL09,0.1576534622512697,bracket,raycaster_cloudcaster,,0.005275820486518212,2026-07-10T00:00:00+00:00,2026-07-09,1.0,0.8541457244243336,KXHIGHDEN-26JUL09-B90.5,0.8541457244243336,KXHIGHDEN-26JUL09-B90.5,,,1.0
,,0.02552816364444294,t_plus_18h,den,den:2026-07-09,,KXHIGHDEN-26JUL09,0.1576534622512697,bracket,raycaster_cloudcaster,,0.005275820486518212,2026-07-10T01:00:00+00:00,2026-07-09,1.0,0.8541457244243336,KXHIGHDEN-26JUL09-B90.5,0.8541457244243336,KXHIGHDEN-26JUL09-B90.5,,,1.0
,,0.02552816364444294,t_plus_19h,den,den:2026-07-09,,KXHIGHDEN-26JUL09,0.1576534622512697,bracket,raycaster_cloudcaster,,0.005275820486518212,2026-07-10T02:00:00+00:00,2026-07-09,1.0,0.8541457244243336,KXHIGHDEN-26JUL09-B90.5,0.8541457244243336,KXHIGHDEN-26JUL09-B90.5,,,1.0
,,0.02552816364444294,t_plus_20h,den,den:2026-07-09,,KXHIGHDEN-26JUL09,0.1576534622512697,bracket,raycaster_cloudcaster,,0.005275820486518212,2026-07-10T03:00:00+00:00,2026-07-09,1.0,0.8541457244243336,KXHIGHDEN-26JUL09-B90.5,0.8541457244243336,KXHIGHDEN-26JUL09-B90.5,,,1.0
,,0.02552816364444294,t_plus_21h,den,den:2026-07-09,,KXHIGHDEN-26JUL09,0.1576534622512697,bracket,raycaster_cloudcaster,,0.005275820486518212,2026-07-10T04:00:00+00:00,2026-07-09,1.0,0.8541457244243336,KXHIGHDEN-26JUL09-B90.5,0.8541457244243336,KXHIGHDEN-26JUL09-B90.5,,,1.0
,,0.02552816364444294,t_plus_22h,den,den:2026-07-09,,KXHIGHDEN-26JUL09,0.1576534622512697,bracket,raycaster_cloudcaster,,0.005275820486518212,2026-07-10T05:00:00+00:00,2026-07-09,1.0,0.8541457244243336,KXHIGHDEN-26JUL09-B90.5,0.8541457244243336,KXHIGHDEN-26JUL09-B90.5,,,1.0
,,0.02552816364444294,t_plus_23h,den,den:2026-07-09,,KXHIGHDEN-26JUL09,0.1576534622512697,bracket,raycaster_cloudcaster,,0.005275820486518212,2026-07-10T06:00:00+00:00,2026-07-09,1.0,0.8541457244243336,KXHIGHDEN-26JUL09-B90.5,0.8541457244243336,KXHIGHDEN-26JUL09-B90.5,,,1.0
,,1.0053175872705389,t_plus_0h,la,la:2026-07-09,,KXHIGHLAX-26JUL09,1.7909135144045294,bracket,raycaster_cloudcaster,,0.16948533186625386,2026-07-09T08:00:00+00:00,2026-07-09,0.0,0.39764755207176433,KXHIGHLAX-26JUL09-B75.5,0.16680771879070475,KXHIGHLAX-26JUL09-B73.5,,,1.0
,,1.0401873687857657,t_plus_1h,la,la:2026-07-09,,KXHIGHLAX-26JUL09,1.878438815537136,bracket,raycaster_cloudcaster,,0.17401579438535444,2026-07-09T09:00:00+00:00,2026-07-09,0.0,0.41217396092342695,KXHIGHLAX-26JUL09-B75.5,0.15282851310968334,KXHIGHLAX-26JUL09-B73.5,,,1.0
,,0.9177755196964945,t_plus_2h,la,la:2026-07-09,,KXHIGHLAX-26JUL09,1.581903582616333,bracket,raycaster_cloudcaster,,0.1445836022618276,2026-07-09T10:00:00+00:00,2026-07-09,0.0,0.4371896648571032,KXHIGHLAX-26JUL09-B75.5,0.20558338054029812,KXHIGHLAX-26JUL09-B73.5,,,1.0
,,0.8153816513888212,t_plus_3h,la,la:2026-07-09,,KXHIGHLAX-26JUL09,1.4080694896713566,bracket,raycaster_cloudcaster,,0.13284489946583933,2026-07-09T11:00:00+00:00,2026-07-09,0.0,0.4037983101720698,KXHIGHLAX-26JUL09-B75.5,0.2446150595212884,KXHIGHLAX-26JUL09-B73.5,,,1.0
,,0.9861433933605123,t_plus_4h,la,la:2026-07-09,,KXHIGHLAX-26JUL09,1.783252417583509,bracket,raycaster_cloudcaster,,0.16611528929019503,2026-07-09T12:00:00+00:00,2026-07-09,0.0,0.4152900489715038,KXHIGHLAX-26JUL09-B75.5,0.1680905565726839,KXHIGHLAX-26JUL09-B73.5,,,1.0
,,0.8271546174714886,t_plus_5h,la,la:2026-07-09,,KXHIGHLAX-26JUL09,1.3990489343121437,bracket,raycaster_cloudcaster,,0.12910697988463676,2026-07-09T13:00:00+00:00,2026-07-09,0.0,0.42175825673793443,KXHIGHLAX-26JUL09-B75.5,0.2468316054147813,KXHIGHLAX-26JUL09-B73.5,,,1.0
,,0.79046480526209,t_plus_6h,la,la:2026-07-09,,KXHIGHLAX-26JUL09,1.3338940785899658,bracket,raycaster_cloudcaster,,0.12349126757180598,2026-07-09T14:00:00+00:00,2026-07-09,0.0,0.41160087989357086,KXHIGHLAX-26JUL09-B75.5,0.2634493687052365,KXHIGHLAX-26JUL09-B73.5,,,1.0
,,1.0135144419076365,t_plus_7h,la,la:2026-07-09,,KXHIGHLAX-26JUL09,1.8115329583147253,bracket,raycaster_cloudcaster,,0.16593181331523188,2026-07-09T15:00:00+00:00,2026-07-09,0.0,0.42692190513768535,KXHIGHLAX-26JUL09-B75.5,0.1634034540251685,KXHIGHLAX-26JUL09-B73.5,,,1.0
,,1.0978406568970058,t_plus_8h,la,la:2026-07-09,,KXHIGHLAX-26JUL09,2.0440094741869923,bracket,raycaster_cloudcaster,,0.18414870789401724,2026-07-09T16:00:00+00:00,2026-07-09,0.0,0.4207462128180009,KXHIGHLAX-26JUL09-B75.5,0.12950840788632642,KXHIGHLAX-26JUL09-B73.5,,,1.0
,,0.850938563425363,t_plus_9h,la,la:2026-07-09,,KXHIGHLAX-26JUL09,1.3105426687880986,bracket,raycaster_cloudcaster,,0.10645642972257197,2026-07-09T17:00:00+00:00,2026-07-09,0.0,0.5495320534580488,KXHIGHLAX-26JUL09-B75.5,0.2696736731840733,KXHIGHLAX-26JUL09-B73.5,,,1.0
,,0.6832151308596454,t_plus_10h,la,la:2026-07-09,,KXHIGHLAX-26JUL09,1.0524723545027894,bracket,raycaster_cloudcaster,,0.08150977216747782,2026-07-09T18:00:00+00:00,2026-07-09,0.0,0.5029796982957621,KXHIGHLAX-26JUL09-B75.5,0.34907364756427384,KXHIGHLAX-26JUL09-B73.5,,,1.0
,,0.8837133630592275,t_plus_11h,la,la:2026-07-09,,KXHIGHLAX-26JUL09,1.2706763204872058,bracket,raycaster_cloudcaster,,0.09930076874256064,2026-07-09T19:00:00+00:00,2026-07-09,0.0,0.6019671991538299,KXHIGHLAX-26JUL09-B75.5,0.28064175381215084,KXHIGHLAX-26JUL09-B73.5,,,1.0
,,0.7708297828350829,t_plus_12h,la,la:2026-07-09,,KXHIGHLAX-26JUL09,1.1140052435132815,bracket,raycaster_cloudcaster,,0.08659656755860488,2026-07-09T20:00:00+00:00,2026-07-09,0.0,0.5623209947985384,KXHIGHLAX-26JUL09-B75.5,0.328241637046898,KXHIGHLAX-26JUL09-B73.5,,,1.0
,,0.5718019849395274,t_plus_13h,la,la:2026-07-09,,KXHIGHLAX-26JUL09,0.9049833246884725,bracket,raycaster_cloudcaster,,0.0678580448735597,2026-07-09T21:00:00+00:00,2026-07-09,0.0,0.46057287559870314,KXHIGHLAX-26JUL09-B75.5,0.4045486310212238,KXHIGHLAX-26JUL09-B73.5,,,1.0
,,0.11382299253814976,t_plus_14h,la,la:2026-07-09,,KXHIGHLAX-26JUL09,0.36466902528096495,bracket,raycaster_cloudcaster,,0.021751252806908962,2026-07-09T22:00:00+00:00,2026-07-09,1.0,0.6944264504462843,KXHIGHLAX-26JUL09-B73.5,0.6944264504462843,KXHIGHLAX-26JUL09-B73.5,,,1.0
,,0.11382299253814976,t_plus_15h,la,la:2026-07-09,,KXHIGHLAX-26JUL09,0.36466902528096495,bracket,raycaster_cloudcaster,,0.021751252806908962,2026-07-09T23:00:00+00:00,2026-07-09,1.0,0.6944264504462843,KXHIGHLAX-26JUL09-B73.5,0.6944264504462843,KXHIGHLAX-26JUL09-B73.5,,,1.0
,,0.032087369262973564,t_plus_16h,la,la:2026-07-09,,KXHIGHLAX-26JUL09,0.1776458931714518,bracket,raycaster_cloudcaster,,0.0060646706379914395,2026-07-10T00:00:00+00:00,2026-07-09,1.0,0.8372388429950154,KXHIGHLAX-26JUL09-B73.5,0.8372388429950154,KXHIGHLAX-26JUL09-B73.5,,,1.0
,,0.03190187904969483,t_plus_17h,la,la:2026-07-09,,KXHIGHLAX-26JUL09,0.17708333798229395,bracket,raycaster_cloudcaster,,0.006029612075200349,2026-07-10T01:00:00+00:00,2026-07-09,1.0,0.8377099685553464,KXHIGHLAX-26JUL09-B73.5,0.8377099685553464,KXHIGHLAX-26JUL09-B73.5,,,1.0
,,0.03190187904969483,t_plus_18h,la,la:2026-07-09,,KXHIGHLAX-26JUL09,0.17708333798229395,bracket,raycaster_cloudcaster,,0.006029612075200349,2026-07-10T02:00:00+00:00,2026-07-09,1.0,0.8377099685553464,KXHIGHLAX-26JUL09-B73.5,0.8377099685553464,KXHIGHLAX-26JUL09-B73.5,,,1.0
,,0.03190187904969483,t_plus_19h,la,la:2026-07-09,,KXHIGHLAX-26JUL09,0.17708333798229395,bracket,raycaster_cloudcaster,,0.006029612075200349,2026-07-10T03:00:00+00:00,2026-07-09,1.0,0.8377099685553464,KXHIGHLAX-26JUL09-B73.5,0.8377099685553464,KXHIGHLAX-26JUL09-B73.5,,,1.0
,,0.03190187904969483,t_plus_20h,la,la:2026-07-09,,KXHIGHLAX-26JUL09,0.17708333798229395,bracket,raycaster_cloudcaster,,0.006029612075200349,2026-07-10T04:00:00+00:00,2026-07-09,1.0,0.8377099685553464,KXHIGHLAX-26JUL09-B73.5,0.8377099685553464,KXHIGHLAX-26JUL09-B73.5,,,1.0
,,0.03190187904969483,t_plus_21h,la,la:2026-07-09,,KXHIGHLAX-26JUL09,0.17708333798229395,bracket,raycaster_cloudcaster,,0.006029612075200349,2026-07-10T05:00:00+00:00,2026-07-09,1.0,0.8377099685553464,KXHIGHLAX-26JUL09-B73.5,0.8377099685553464,KXHIGHLAX-26JUL09-B73.5,,,1.0
,,0.03190187904969483,t_plus_22h,la,la:2026-07-09,,KXHIGHLAX-26JUL09,0.17708333798229395,bracket,raycaster_cloudcaster,,0.006029612075200349,2026-07-10T06:00:00+00:00,2026-07-09,1.0,0.8377099685553464,KXHIGHLAX-26JUL09-B73.5,0.8377099685553464,KXHIGHLAX-26JUL09-B73.5,,,1.0
,,0.03190187904969483,t_plus_23h,la,la:2026-07-09,,KXHIGHLAX-26JUL09,0.17708333798229395,bracket,raycaster_cloudcaster,,0.006029612075200349,2026-07-10T07:00:00+00:00,2026-07-09,1.0,0.8377099685553464,KXHIGHLAX-26JUL09-B73.5,0.8377099685553464,KXHIGHLAX-26JUL09-B73.5,,,1.0
,,0.2550287508543632,t_plus_0h,mia,mia:2026-07-09,,KXHIGHMIA-26JUL09,0.555039057795759,bracket,raycaster_cloudcaster,,0.02060839652921569,2026-07-09T05:00:00+00:00,2026-07-09,1.0,0.5740498396371785,KXHIGHMIA-26JUL09-B92.5,0.5740498396371785,KXHIGHMIA-26JUL09-B92.5,,,1.0
,,0.2659944720104887,t_plus_1h,mia,mia:2026-07-09,,KXHIGHMIA-26JUL09,0.5709495148573335,bracket,raycaster_cloudcaster,,0.02149451595323033,2026-07-09T06:00:00+00:00,2026-07-09,1.0,0.5649887187454018,KXHIGHMIA-26JUL09-B92.5,0.5649887187454018,KXHIGHMIA-26JUL09-B92.5,,,1.0
,,0.2550287508543632,t_plus_2h,mia,mia:2026-07-09,,KXHIGHMIA-26JUL09,0.555039057795759,bracket,raycaster_cloudcaster,,0.02060839652921569,2026-07-09T07:00:00+00:00,2026-07-09,1.0,0.5740498396371785,KXHIGHMIA-26JUL09-B92.5,0.5740498396371785,KXHIGHMIA-26JUL09-B92.5,,,1.0
,,0.2631392459574832,t_plus_3h,mia,mia:2026-07-09,,KXHIGHMIA-26JUL09,0.5668145616710731,bracket,raycaster_cloudcaster,,0.02126379047430389,2026-07-09T08:00:00+00:00,2026-07-09,1.0,0.5673297573551512,KXHIGHMIA-26JUL09-B92.5,0.5673297573551512,KXHIGHMIA-26JUL09-B92.5,,,1.0
,,0.2629543709774377,t_plus_4h,mia,mia:2026-07-09,,KXHIGHMIA-26JUL09,0.566499825551791,bracket,raycaster_cloudcaster,,0.0212587997640472,2026-07-09T09:00:00+00:00,2026-07-09,1.0,0.5675083446237922,KXHIGHMIA-26JUL09-B92.5,0.5675083446237922,KXHIGHMIA-26JUL09-B92.5,,,1.0
,,0.25484708213074,t_plus_5h,mia,mia:2026-07-09,,KXHIGHMIA-26JUL09,0.5547292108047681,bracket,raycaster_cloudcaster,,0.02060335817705023,2026-07-09T10:00:00+00:00,2026-07-09,1.0,0.5742277348113879,KXHIGHMIA-26JUL09-B92.5,0.5742277348113879,KXHIGHMIA-26JUL09-B92.5,,,1.0
,,0.3079618483850093,t_plus_6h,mia,mia:2026-07-09,,KXHIGHMIA-26JUL09,0.6331579397683514,bracket,raycaster_cloudcaster,,0.022747785879411876,2026-07-09T11:00:00+00:00,2026-07-09,1.0,0.5309125610430606,KXHIGHMIA-26JUL09-B92.5,0.5309125610430606,KXHIGHMIA-26JUL09-B92.5,,,1.0
,,0.25484708213074,t_plus_7h,mia,mia:2026-07-09,,KXHIGHMIA-26JUL09,0.5547292108047681,bracket,raycaster_cloudcaster,,0.02060335817705023,2026-07-09T12:00:00+00:00,2026-07-09,1.0,0.5742277348113879,KXHIGHMIA-26JUL09-B92.5,0.5742277348113879,KXHIGHMIA-26JUL09-B92.5,,,1.0
,,0.25202083090233973,t_plus_8h,mia,mia:2026-07-09,,KXHIGHMIA-26JUL09,0.5506328983406685,bracket,raycaster_cloudcaster,,0.020371041090414533,2026-07-09T13:00:00+00:00,2026-07-09,1.0,0.5765847753300716,KXHIGHMIA-26JUL09-B92.5,0.5765847753300716,KXHIGHMIA-26JUL09-B92.5,,,1.0
,,0.16023898773642667,t_plus_9h,mia,mia:2026-07-09,,KXHIGHMIA-26JUL09,0.4057794513205207,bracket,raycaster_cloudcaster,,0.015417939380494702,2026-07-09T14:00:00+00:00,2026-07-09,1.0,0.6664571374588633,KXHIGHMIA-26JUL09-B92.5,0.6664571374588633,KXHIGHMIA-26JUL09-B92.5,,,1.0
,,0.19457782053989905,t_plus_10h,mia,mia:2026-07-09,,KXHIGHMIA-26JUL09,0.4765677133658562,bracket,raycaster_cloudcaster,,0.0155142403525925,2026-07-09T15:00:00+00:00,2026-07-09,1.0,0.620910882762062,KXHIGHMIA-26JUL09-B92.5,0.620910882762062,KXHIGHMIA-26JUL09-B92.5,,,1.0
,,0.13510493579181232,t_plus_11h,mia,mia:2026-07-09,,KXHIGHMIA-26JUL09,0.3679804718262305,bracket,raycaster_cloudcaster,,0.013006332593381045,2026-07-09T16:00:00+00:00,2026-07-09,1.0,0.6921306976052934,KXHIGHMIA-26JUL09-B92.5,0.6921306976052934,KXHIGHMIA-26JUL09-B92.5,,,1.0
,,0.1598370435013174,t_plus_12h,mia,mia:2026-07-09,,KXHIGHMIA-26JUL09,0.42376777667502585,bracket,raycaster_cloudcaster,,0.012742549931430642,2026-07-09T17:00:00+00:00,2026-07-09,1.0,0.6545758720458024,KXHIGHMIA-26JUL09-B92.5,0.6545758720458024,KXHIGHMIA-26JUL09-B92.5,,,1.0
,,0.049728308369038056,t_plus_13h,mia,mia:2026-07-09,,KXHIGHMIA-26JUL09,0.22417850017383967,bracket,raycaster_cloudcaster,,0.005091344788247042,2026-07-09T18:00:00+00:00,2026-07-09,1.0,0.799172469212184,KXHIGHMIA-26JUL09-B92.5,0.799172469212184,KXHIGHMIA-26JUL09-B92.5,,,1.0
,,0.04684906813864807,t_plus_14h,mia,mia:2026-07-09,,KXHIGHMIA-26JUL09,0.2169470296737863,bracket,raycaster_cloudcaster,,0.004941682500752825,2026-07-09T19:00:00+00:00,2026-07-09,1.0,0.8049726078373333,KXHIGHMIA-26JUL09-B92.5,0.8049726078373333,KXHIGHMIA-26JUL09-B92.5,,,1.0
,,0.03190187904969483,t_plus_15h,mia,mia:2026-07-09,,KXHIGHMIA-26JUL09,0.17708333798229395,bracket,raycaster_cloudcaster,,0.003624786811256702,2026-07-09T20:00:00+00:00,2026-07-09,1.0,0.8377099685553464,KXHIGHMIA-26JUL09-B92.5,0.8377099685553464,KXHIGHMIA-26JUL09-B92.5,,,1.0
,,0.03190187904969483,t_plus_16h,mia,mia:2026-07-09,,KXHIGHMIA-26JUL09,0.17708333798229395,bracket,raycaster_cloudcaster,,0.003624786811256702,2026-07-09T21:00:00+00:00,2026-07-09,1.0,0.8377099685553464,KXHIGHMIA-26JUL09-B92.5,0.8377099685553464,KXHIGHMIA-26JUL09-B92.5,,,1.0
,,0.03190187904969483,t_plus_17h,mia,mia:2026-07-09,,KXHIGHMIA-26JUL09,0.17708333798229395,bracket,raycaster_cloudcaster,,0.003624786811256702,2026-07-09T22:00:00+00:00,2026-07-09,1.0,0.8377099685553464,KXHIGHMIA-26JUL09-B92.5,0.8377099685553464,KXHIGHMIA-26JUL09-B92.5,,,1.0
,,0.03190187904969483,t_plus_18h,mia,mia:2026-07-09,,KXHIGHMIA-26JUL09,0.17708333798229395,bracket,raycaster_cloudcaster,,0.003624786811256702,2026-07-09T23:00:00+00:00,2026-07-09,1.0,0.8377099685553464,KXHIGHMIA-26JUL09-B92.5,0.8377099685553464,KXHIGHMIA-26JUL09-B92.5,,,1.0
,,0.03190187904969483,t_plus_19h,mia,mia:2026-07-09,,KXHIGHMIA-26JUL09,0.17708333798229395,bracket,raycaster_cloudcaster,,0.003624786811256702,2026-07-10T00:00:00+00:00,2026-07-09,1.0,0.8377099685553464,KXHIGHMIA-26JUL09-B92.5,0.8377099685553464,KXHIGHMIA-26JUL09-B92.5,,,1.0
,,0.03190187904969483,t_plus_20h,mia,mia:2026-07-09,,KXHIGHMIA-26JUL09,0.17708333798229395,bracket,raycaster_cloudcaster,,0.003624786811256702,2026-07-10T01:00:00+00:00,2026-07-09,1.0,0.8377099685553464,KXHIGHMIA-26JUL09-B92.5,0.8377099685553464,KXHIGHMIA-26JUL09-B92.5,,,1.0
,,0.03190187904969483,t_plus_21h,mia,mia:2026-07-09,,KXHIGHMIA-26JUL09,0.17708333798229395,bracket,raycaster_cloudcaster,,0.003624786811256702,2026-07-10T02:00:00+00:00,2026-07-09,1.0,0.8377099685553464,KXHIGHMIA-26JUL09-B92.5,0.8377099685553464,KXHIGHMIA-26JUL09-B92.5,,,1.0
,,0.03190187904969483,t_plus_22h,mia,mia:2026-07-09,,KXHIGHMIA-26JUL09,0.17708333798229395,bracket,raycaster_cloudcaster,,0.003624786811256702,2026-07-10T03:00:00+00:00,2026-07-09,1.0,0.8377099685553464,KXHIGHMIA-26JUL09-B92.5,0.8377099685553464,KXHIGHMIA-26JUL09-B92.5,,,1.0
,,0.03190187904969483,t_plus_23h,mia,mia:2026-07-09,,KXHIGHMIA-26JUL09,0.17708333798229395,bracket,raycaster_cloudcaster,,0.003624786811256702,2026-07-10T04:00:00+00:00,2026-07-09,1.0,0.8377099685553464,KXHIGHMIA-26JUL09-B92.5,0.8377099685553464,KXHIGHMIA-26JUL09-B92.5,,,1.0
,,0.9846904556536475,t_plus_0h,nyc,nyc:2026-07-09,,KXHIGHNY-26JUL09,1.852054438650255,bracket,raycaster_cloudcaster,,0.23033111303530257,2026-07-09T05:00:00+00:00,2026-07-09,0.0,0.4611063932415542,KXHIGHNY-26JUL09-B85.5,0.1569144638016559,KXHIGHNY-26JUL09-T83,,,0.0
,,0.8412830372317636,t_plus_1h,nyc,nyc:2026-07-09,,KXHIGHNY-26JUL09,1.4304266888017634,bracket,raycaster_cloudcaster,,0.17681616935585595,2026-07-09T06:00:00+00:00,2026-07-09,0.0,0.4615695032859278,KXHIGHNY-26JUL09-B85.5,0.23920683358806305,KXHIGHNY-26JUL09-T83,,,0.0
,,0.8830207257728191,t_plus_2h,nyc,nyc:2026-07-09,,KXHIGHNY-26JUL09,1.4846815174981236,bracket,raycaster_cloudcaster,,0.18582835291327698,2026-07-09T07:00:00+00:00,2026-07-09,0.0,0.49039214596161534,KXHIGHNY-26JUL09-B85.5,0.2265744891970191,KXHIGHNY-26JUL09-T83,,,0.0
,,0.8830207257728191,t_plus_3h,nyc,nyc:2026-07-09,,KXHIGHNY-26JUL09,1.4846815174981236,bracket,raycaster_cloudcaster,,0.18582835291327698,2026-07-09T08:00:00+00:00,2026-07-09,0.0,0.49039214596161534,KXHIGHNY-26JUL09-B85.5,0.2265744891970191,KXHIGHNY-26JUL09-T83,,,0.0
,,0.8666675144297565,t_plus_4h,nyc,nyc:2026-07-09,,KXHIGHNY-26JUL09,1.4639575305479584,bracket,raycaster_cloudcaster,,0.18244600965458202,2026-07-09T09:00:00+00:00,2026-07-09,0.0,0.4791383285193783,KXHIGHNY-26JUL09-B85.5,0.23131900882927087,KXHIGHNY-26JUL09-T83,,,0.0
,,1.005874330259704,t_plus_5h,nyc,nyc:2026-07-09,,KXHIGHNY-26JUL09,1.7617159872737704,bracket,raycaster_cloudcaster,,0.21174312564627945,2026-07-09T10:00:00+00:00,2026-07-09,0.0,0.515799376648064,KXHIGHNY-26JUL09-B85.5,0.17174989018409978,KXHIGHNY-26JUL09-T83,,,0.0
,,1.0217591582369028,t_plus_6h,nyc,nyc:2026-07-09,,KXHIGHNY-26JUL09,1.800382823218759,bracket,raycaster_cloudcaster,,0.2150869858334433,2026-07-09T11:00:00+00:00,2026-07-09,0.0,0.5198561904282288,KXHIGHNY-26JUL09-B85.5,0.1652356200801697,KXHIGHNY-26JUL09-T83,,,0.0
,,1.0796813754796888,t_plus_7h,nyc,nyc:2026-07-09,,KXHIGHNY-26JUL09,1.9637422450042799,bracket,raycaster_cloudcaster,,0.21733459950752826,2026-07-09T12:00:00+00:00,2026-07-09,0.0,0.5125379015373283,KXHIGHNY-26JUL09-B85.5,0.140332279288515,KXHIGHNY-26JUL09-T83,,,0.0
,,1.0436443027069957,t_plus_8h,nyc,nyc:2026-07-09,,KXHIGHNY-26JUL09,1.8304031567676005,bracket,raycaster_cloudcaster,,0.21735807830403803,2026-07-09T13:00:00+00:00,2026-07-09,0.0,0.5331352894820185,KXHIGHNY-26JUL09-B85.5,0.16034890899439758,KXHIGHNY-26JUL09-T83,,,0.0
,,1.0961673445146325,t_plus_9h,nyc,nyc:2026-07-09,,KXHIGHNY-26JUL09,1.9967721853020952,bracket,raycaster_cloudcaster,,0.22503794612973277,2026-07-09T14:00:00+00:00,2026-07-09,0.0,0.5307031744138067,KXHIGHNY-26JUL09-B85.5,0.1357728262269476,KXHIGHNY-26JUL09-T83,,,0.0
,,1.047091618388972,t_plus_10h,nyc,nyc:2026-07-09,,KXHIGHNY-26JUL09,1.8206419918979828,bracket,raycaster_cloudcaster,,0.22069992759669993,2026-07-09T15:00:00+00:00,2026-07-09,0.0,0.5454507492224233,KXHIGHNY-26JUL09-B85.5,0.1619217650971205,KXHIGHNY-26JUL09-T83,,,0.0
,,0.8874073886626066,t_plus_11h,nyc,nyc:2026-07-09,,KXHIGHNY-26JUL09,1.3856073911243452,bracket,raycaster_cloudcaster,,0.12146101230793101,2026-07-09T16:00:00+00:00,2026-07-09,0.0,0.5537109729207953,KXHIGHNY-26JUL09-B83.5,0.2501718015033689,KXHIGHNY-26JUL09-T83,,,1.0
,,0.8756216754179705,t_plus_12h,nyc,nyc:2026-07-09,,KXHIGHNY-26JUL09,1.2589827667346727,bracket,raycaster_cloudcaster,,0.10679500591846806,2026-07-09T17:00:00+00:00,2026-07-09,0.0,0.5992049166003869,KXHIGHNY-26JUL09-B83.5,0.2839427156185637,KXHIGHNY-26JUL09-T83,,,1.0
,,0.12618226253493475,t_plus_13h,nyc,nyc:2026-07-09,,KXHIGHNY-26JUL09,0.3872808312624429,bracket,raycaster_cloudcaster,,0.03732396516104063,2026-07-09T18:00:00+00:00,2026-07-09,1.0,0.6789004116932946,KXHIGHNY-26JUL09-T83,0.6789004116932946,KXHIGHNY-26JUL09-T83,,,1.0
,,0.11758129546439494,t_plus_14h,nyc,nyc:2026-07-09,,KXHIGHNY-26JUL09,0.3719008740977054,bracket,raycaster_cloudcaster,,0.03503254154954412,2026-07-09T19:00:00+00:00,2026-07-09,1.0,0.6894225787724034,KXHIGHNY-26JUL09-T83,0.6894225787724034,KXHIGHNY-26JUL09-T83,,,1.0
,,0.08770488715885441,t_plus_15h,nyc,nyc:2026-07-09,,KXHIGHNY-26JUL09,0.3124904115612264,bracket,raycaster_cloudcaster,,0.026252845047973428,2026-07-09T20:00:00+00:00,2026-07-09,1.0,0.7316226440319376,KXHIGHNY-26JUL09-T83,0.7316226440319376,KXHIGHNY-26JUL09-T83,,,1.0
,,0.08770488715885441,t_plus_16h,nyc,nyc:2026-07-09,,KXHIGHNY-26JUL09,0.3124904115612264,bracket,raycaster_cloudcaster,,0.026252845047973428,2026-07-09T21:00:00+00:00,2026-07-09,1.0,0.7316226440319376,KXHIGHNY-26JUL09-T83,0.7316226440319376,KXHIGHNY-26JUL09-T83,,,1.0
,,0.07436646120695185,t_plus_17h,nyc,nyc:2026-07-09,,KXHIGHNY-26JUL09,0.2838604879088759,bracket,raycaster_cloudcaster,,0.02226023253751069,2026-07-09T22:00:00+00:00,2026-07-09,1.0,0.7528716720810517,KXHIGHNY-26JUL09-T83,0.7528716720810517,KXHIGHNY-26JUL09-T83,,,1.0
,,0.03190187904969483,t_plus_18h,nyc,nyc:2026-07-09,,KXHIGHNY-26JUL09,0.17708333798229395,bracket,raycaster_cloudcaster,,0.010178645476038462,2026-07-09T23:00:00+00:00,2026-07-09,1.0,0.8377099685553464,KXHIGHNY-26JUL09-T83,0.8377099685553464,KXHIGHNY-26JUL09-T83,,,1.0
,,0.02552816364444294,t_plus_19h,nyc,nyc:2026-07-09,,KXHIGHNY-26JUL09,0.1576534622512697,bracket,raycaster_cloudcaster,,0.009360326669629077,2026-07-10T00:00:00+00:00,2026-07-09,1.0,0.8541457244243336,KXHIGHNY-26JUL09-T83,0.8541457244243336,KXHIGHNY-26JUL09-T83,,,1.0
,,0.02552816364444294,t_plus_20h,nyc,nyc:2026-07-09,,KXHIGHNY-26JUL09,0.1576534622512697,bracket,raycaster_cloudcaster,,0.009360326669629077,2026-07-10T01:00:00+00:00,2026-07-09,1.0,0.8541457244243336,KXHIGHNY-26JUL09-T83,0.8541457244243336,KXHIGHNY-26JUL09-T83,,,1.0
,,0.02552816364444294,t_plus_21h,nyc,nyc:2026-07-09,,KXHIGHNY-26JUL09,0.1576534622512697,bracket,raycaster_cloudcaster,,0.009360326669629077,2026-07-10T02:00:00+00:00,2026-07-09,1.0,0.8541457244243336,KXHIGHNY-26JUL09-T83,0.8541457244243336,KXHIGHNY-26JUL09-T83,,,1.0
,,0.02552816364444294,t_plus_22h,nyc,nyc:2026-07-09,,KXHIGHNY-26JUL09,0.1576534622512697,bracket,raycaster_cloudcaster,,0.009360326669629077,2026-07-10T03:00:00+00:00,2026-07-09,1.0,0.8541457244243336,KXHIGHNY-26JUL09-T83,0.8541457244243336,KXHIGHNY-26JUL09-T83,,,1.0
,,0.02552816364444294,t_plus_23h,nyc,nyc:2026-07-09,,KXHIGHNY-26JUL09,0.1576534622512697,bracket,raycaster_cloudcaster,,0.009360326669629077,2026-07-10T04:00:00+00:00,2026-07-09,1.0,0.8541457244243336,KXHIGHNY-26JUL09-T83,0.8541457244243336,KXHIGHNY-26JUL09-T83,,,1.0
,,0.5089994348572029,t_plus_0h,okc,okc:2026-07-09,,KXHIGHTOKC-26JUL09,0.8679821021651717,bracket,raycaster_cloudcaster,,0.04697628692863484,2026-07-09T06:00:00+00:00,2026-07-09,1.0,0.4197978042126383,KXHIGHTOKC-26JUL09-B98.5,0.4197978042126383,KXHIGHTOKC-26JUL09-B98.5,,,1.0
,,0.5062195818725743,t_plus_1h,okc,okc:2026-07-09,,KXHIGHTOKC-26JUL09,0.8535309060937432,bracket,raycaster_cloudcaster,,0.04830827084823955,2026-07-09T07:00:00+00:00,2026-07-09,1.0,0.4259084311824858,KXHIGHTOKC-26JUL09-B98.5,0.4259084311824858,KXHIGHTOKC-26JUL09-B98.5,,,1.0
,,0.5126818316482656,t_plus_2h,okc,okc:2026-07-09,,KXHIGHTOKC-26JUL09,0.8719188492311771,bracket,raycaster_cloudcaster,,0.047337992255829874,2026-07-09T08:00:00+00:00,2026-07-09,1.0,0.4181484151824835,KXHIGHTOKC-26JUL09-B98.5,0.4181484151824835,KXHIGHTOKC-26JUL09-B98.5,,,1.0
,,0.5089994348572029,t_plus_3h,okc,okc:2026-07-09,,KXHIGHTOKC-26JUL09,0.8679821021651717,bracket,raycaster_cloudcaster,,0.04697628692863484,2026-07-09T09:00:00+00:00,2026-07-09,1.0,0.4197978042126383,KXHIGHTOKC-26JUL09-B98.5,0.4197978042126383,KXHIGHTOKC-26JUL09-B98.5,,,1.0
,,0.5145241493624271,t_plus_4h,okc,okc:2026-07-09,,KXHIGHTOKC-26JUL09,0.8744198954640948,bracket,raycaster_cloudcaster,,0.047508100920311644,2026-07-09T10:00:00+00:00,2026-07-09,1.0,0.41710391338200425,KXHIGHTOKC-26JUL09-B98.5,0.41710391338200425,KXHIGHTOKC-26JUL09-B98.5,,,1.0
,,0.5024196133282817,t_plus_5h,okc,okc:2026-07-09,,KXHIGHTOKC-26JUL09,0.8495209540345658,bracket,raycaster_cloudcaster,,0.04793368574712996,2026-07-09T11:00:00+00:00,2026-07-09,1.0,0.42761973239794093,KXHIGHTOKC-26JUL09-B98.5,0.42761973239794093,KXHIGHTOKC-26JUL09-B98.5,,,1.0
,,0.4903223147766891,t_plus_6h,okc,okc:2026-07-09,,KXHIGHTOKC-26JUL09,0.7949620908782983,bracket,raycaster_cloudcaster,,0.052509320937673444,2026-07-09T12:00:00+00:00,2026-07-09,1.0,0.4515983542950733,KXHIGHTOKC-26JUL09-B98.5,0.4515983542950733,KXHIGHTOKC-26JUL09-B98.5,,,1.0
,,0.49237444114080664,t_plus_7h,okc,okc:2026-07-09,,KXHIGHTOKC-26JUL09,0.797061618224657,bracket,raycaster_cloudcaster,,0.05271198654616149,2026-07-09T13:00:00+00:00,2026-07-09,1.0,0.4506512058306316,KXHIGHTOKC-26JUL09-B98.5,0.4506512058306316,KXHIGHTOKC-26JUL09-B98.5,,,1.0
,,0.49237444114080664,t_plus_8h,okc,okc:2026-07-09,,KXHIGHTOKC-26JUL09,0.797061618224657,bracket,raycaster_cloudcaster,,0.05271198654616149,2026-07-09T14:00:00+00:00,2026-07-09,1.0,0.4506512058306316,KXHIGHTOKC-26JUL09-B98.5,0.4506512058306316,KXHIGHTOKC-26JUL09-B98.5,,,1.0
,,0.49237444114080664,t_plus_9h,okc,okc:2026-07-09,,KXHIGHTOKC-26JUL09,0.797061618224657,bracket,raycaster_cloudcaster,,0.05271198654616149,2026-07-09T15:00:00+00:00,2026-07-09,1.0,0.4506512058306316,KXHIGHTOKC-26JUL09-B98.5,0.4506512058306316,KXHIGHTOKC-26JUL09-B98.5,,,1.0
,,0.5134072342913714,t_plus_10h,okc,okc:2026-07-09,,KXHIGHTOKC-26JUL09,0.870854593149796,bracket,raycaster_cloudcaster,,0.047666243787508035,2026-07-09T16:00:00+00:00,2026-07-09,1.0,0.4185936690663121,KXHIGHTOKC-26JUL09-B98.5,0.4185936690663121,KXHIGHTOKC-26JUL09-B98.5,,,1.0
,,0.5266474032280768,t_plus_11h,okc,okc:2026-07-09,,KXHIGHTOKC-26JUL09,0.9077578059919533,bracket,raycaster_cloudcaster,,0.04577362918289438,2026-07-09T17:00:00+00:00,2026-07-09,1.0,0.4034277740255019,KXHIGHTOKC-26JUL09-B98.5,0.4034277740255019,KXHIGHTOKC-26JUL09-B98.5,,,1.0
,,0.5186919626519249,t_plus_12h,okc,okc:2026-07-09,,KXHIGHTOKC-26JUL09,0.910210014036536,bracket,raycaster_cloudcaster,,0.03930278573862789,2026-07-09T18:00:00+00:00,2026-07-09,1.0,0.40243969717276745,KXHIGHTOKC-26JUL09-B98.5,0.40243969717276745,KXHIGHTOKC-26JUL09-B98.5,,,1.0
,,0.4035025828677864,t_plus_13h,okc,okc:2026-07-09,,KXHIGHTOKC-26JUL09,0.6586065321103468,bracket,raycaster_cloudcaster,,0.04413618447083845,2026-07-09T19:00:00+00:00,2026-07-09,1.0,0.5175720522619517,KXHIGHTOKC-26JUL09-B98.5,0.5175720522619517,KXHIGHTOKC-26JUL09-B98.5,,,1.0
,,0.42093988440861785,t_plus_14h,okc,okc:2026-07-09,,KXHIGHTOKC-26JUL09,0.7084536477095502,bracket,raycaster_cloudcaster,,0.04242541727055452,2026-07-09T20:00:00+00:00,2026-07-09,1.0,0.4924050407060315,KXHIGHTOKC-26JUL09-B98.5,0.4924050407060315,KXHIGHTOKC-26JUL09-B98.5,,,1.0
,,0.4915866882683708,t_plus_15h,okc,okc:2026-07-09,,KXHIGHTOKC-26JUL09,0.7521362380649953,bracket,raycaster_cloudcaster,,0.05318737237994235,2026-07-09T21:00:00+00:00,2026-07-09,1.0,0.47135854238879993,KXHIGHTOKC-26JUL09-B98.5,0.47135854238879993,KXHIGHTOKC-26JUL09-B98.5,,,1.0
,,0.44400867133410304,t_plus_16h,okc,okc:2026-07-09,,KXHIGHTOKC-26JUL09,0.6997013176580321,bracket,raycaster_cloudcaster,,0.04816128226059183,2026-07-09T22:00:00+00:00,2026-07-09,1.0,0.49673364720560914,KXHIGHTOKC-26JUL09-B98.5,0.49673364720560914,KXHIGHTOKC-26JUL09-B98.5,,,1.0
,,0.03190187904969483,t_plus_17h,okc,okc:2026-07-09,,KXHIGHTOKC-26JUL09,0.17708333798229395,bracket,raycaster_cloudcaster,,0.006029612075200349,2026-07-09T23:00:00+00:00,2026-07-09,1.0,0.8377099685553464,KXHIGHTOKC-26JUL09-B98.5,0.8377099685553464,KXHIGHTOKC-26JUL09-B98.5,,,1.0
,,0.030665658595104336,t_plus_18h,okc,okc:2026-07-09,,KXHIGHTOKC-26JUL09,0.17356553629211072,bracket,raycaster_cloudcaster,,0.005885567450536432,2026-07-10T00:00:00+00:00,2026-07-09,1.0,0.8406620554824832,KXHIGHTOKC-26JUL09-B98.5,0.8406620554824832,KXHIGHTOKC-26JUL09-B98.5,,,1.0
,,0.030100310980075578,t_plus_19h,okc,okc:2026-07-09,,KXHIGHTOKC-26JUL09,0.1719218463629979,bracket,raycaster_cloudcaster,,0.005819392095503835,2026-07-10T01:00:00+00:00,2026-07-09,1.0,0.8420449794746306,KXHIGHTOKC-26JUL09-B98.5,0.8420449794746306,KXHIGHTOKC-26JUL09-B98.5,,,1.0
,,0.030100310980075578,t_plus_20h,okc,okc:2026-07-09,,KXHIGHTOKC-26JUL09,0.1719218463629979,bracket,raycaster_cloudcaster,,0.005819392095503835,2026-07-10T02:00:00+00:00,2026-07-09,1.0,0.8420449794746306,KXHIGHTOKC-26JUL09-B98.5,0.8420449794746306,KXHIGHTOKC-26JUL09-B98.5,,,1.0
,,0.030100310980075578,t_plus_21h,okc,okc:2026-07-09,,KXHIGHTOKC-26JUL09,0.1719218463629979,bracket,raycaster_cloudcaster,,0.005819392095503835,2026-07-10T03:00:00+00:00,2026-07-09,1.0,0.8420449794746306,KXHIGHTOKC-26JUL09-B98.5,0.8420449794746306,KXHIGHTOKC-26JUL09-B98.5,,,1.0
,,0.030100310980075578,t_plus_22h,okc,okc:2026-07-09,,KXHIGHTOKC-26JUL09,0.1719218463629979,bracket,raycaster_cloudcaster,,0.005819392095503835,2026-07-10T04:00:00+00:00,2026-07-09,1.0,0.8420449794746306,KXHIGHTOKC-26JUL09-B98.5,0.8420449794746306,KXHIGHTOKC-26JUL09-B98.5,,,1.0
,,0.030100310980075578,t_plus_23h,okc,okc:2026-07-09,,KXHIGHTOKC-26JUL09,0.1719218463629979,bracket,raycaster_cloudcaster,,0.005819392095503835,2026-07-10T05:00:00+00:00,2026-07-09,1.0,0.8420449794746306,KXHIGHTOKC-26JUL09-B98.5,0.8420449794746306,KXHIGHTOKC-26JUL09-B98.5,,,1.0
,,0.7232539974962617,t_plus_0h,aus,aus:2026-07-10,,KXHIGHAUS-26JUL10,1.2075174087167295,bracket,raycaster_cloudcaster,,0.09992185654976485,2026-07-10T06:00:00+00:00,2026-07-10,0.0,0.41197715146211467,KXHIGHAUS-26JUL10-B93.5,0.2989385010910174,KXHIGHAUS-26JUL10-B95.5,,,1.0
,,0.7013569115997682,t_plus_1h,aus,aus:2026-07-10,,KXHIGHAUS-26JUL10,1.1726409154738873,bracket,raycaster_cloudcaster,,0.09687175987592392,2026-07-10T07:00:00+00:00,2026-07-10,0.0,0.40551567384434944,KXHIGHAUS-26JUL10-B93.5,0.3095483697725311,KXHIGHAUS-26JUL10-B95.5,,,1.0
,,0.6998669336477595,t_plus_2h,aus,aus:2026-07-10,,KXHIGHAUS-26JUL10,1.1694344411081357,bracket,raycaster_cloudcaster,,0.09634703945480577,2026-07-10T08:00:00+00:00,2026-07-10,0.0,0.4068180363375658,KXHIGHAUS-26JUL10-B93.5,0.31054252169471486,KXHIGHAUS-26JUL10-B95.5,,,1.0
,,0.7539961694029684,t_plus_3h,aus,aus:2026-07-10,,KXHIGHAUS-26JUL10,1.2665037551545593,bracket,raycaster_cloudcaster,,0.10761528319518572,2026-07-10T09:00:00+00:00,2026-07-10,0.0,0.40194099413382856,KXHIGHAUS-26JUL10-B93.5,0.2818151962952144,KXHIGHAUS-26JUL10-B95.5,,,1.0
,,0.7366828242779629,t_plus_4h,aus,aus:2026-07-10,,KXHIGHAUS-26JUL10,1.2288094435200874,bracket,raycaster_cloudcaster,,0.10141529157042475,2026-07-10T10:00:00+00:00,2026-07-10,0.0,0.4173810563449721,KXHIGHAUS-26JUL10-B93.5,0.29264077573684494,KXHIGHAUS-26JUL10-B95.5,,,1.0
,,0.9516403574304736,t_plus_5h,aus,aus:2026-07-10,,KXHIGHAUS-26JUL10,1.6451898372526998,bracket,raycaster_cloudcaster,,0.13620931162371622,2026-07-10T11:00:00+00:00,2026-07-10,0.0,0.449697615337007,KXHIGHAUS-26JUL10-B93.5,0.1929759252967953,KXHIGHAUS-26JUL10-B95.5,,,1.0
,,0.7688789534640484,t_plus_6h,aus,aus:2026-07-10,,KXHIGHAUS-26JUL10,1.3038412839217617,bracket,raycaster_cloudcaster,,0.10678304648166304,2026-07-10T12:00:00+00:00,2026-07-10,0.0,0.4043351894576097,KXHIGHAUS-26JUL10-B93.5,0.2714869291335001,KXHIGHAUS-26JUL10-B95.5,,,1.0
,,0.38639234550005785,t_plus_7h,aus,aus:2026-07-10,,KXHIGHAUS-26JUL10,0.7141941248854945,bracket,raycaster_cloudcaster,,0.04683288067998665,2026-07-10T13:00:00+00:00,2026-07-10,1.0,0.4895864984372863,KXHIGHAUS-26JUL10-B95.5,0.4895864984372863,KXHIGHAUS-26JUL10-B95.5,,,1.0
,,0.34814656737660354,t_plus_8h,aus,aus:2026-07-10,,KXHIGHAUS-26JUL10,0.6376897714236283,bracket,raycaster_cloudcaster,,0.03352743160099361,2026-07-10T14:00:00+00:00,2026-07-10,1.0,0.5285119982743758,KXHIGHAUS-26JUL10-B95.5,0.5285119982743758,KXHIGHAUS-26JUL10-B95.5,,,1.0
,,0.42642142279313683,t_plus_9h,aus,aus:2026-07-10,,KXHIGHAUS-26JUL10,0.732677209170248,bracket,raycaster_cloudcaster,,0.039784949443142446,2026-07-10T15:00:00+00:00,2026-07-10,1.0,0.48062054441157337,KXHIGHAUS-26JUL10-B95.5,0.48062054441157337,KXHIGHAUS-26JUL10-B95.5,,,1.0
,,0.47365129454244786,t_plus_10h,aus,aus:2026-07-10,,KXHIGHAUS-26JUL10,0.7743805938782637,bracket,raycaster_cloudcaster,,0.04513388344953313,2026-07-10T16:00:00+00:00,2026-07-10,1.0,0.4609892321371884,KXHIGHAUS-26JUL10-B95.5,0.4609892321371884,KXHIGHAUS-26JUL10-B95.5,,,1.0
,,0.48571394550069397,t_plus_11h,aus,aus:2026-07-10,,KXHIGHAUS-26JUL10,0.7881120949774112,bracket,raycaster_cloudcaster,,0.04630116877517569,2026-07-10T17:00:00+00:00,2026-07-10,1.0,0.45470242045355136,KXHIGHAUS-26JUL10-B95.5,0.45470242045355136,KXHIGHAUS-26JUL10-B95.5,,,1.0
,,0.4697415551918748,t_plus_12h,aus,aus:2026-07-10,,KXHIGHAUS-26JUL10,0.7240874022548989,bracket,raycaster_cloudcaster,,0.0443814688695239,2026-07-10T18:00:00+00:00,2026-07-10,1.0,0.4847667642073935,KXHIGHAUS-26JUL10-B95.5,0.4847667642073935,KXHIGHAUS-26JUL10-B95.5,,,1.0
,,0.04394847905854315,t_plus_13h,aus,aus:2026-07-10,,KXHIGHAUS-26JUL10,0.20836375862219791,bracket,raycaster_cloudcaster,,0.004495921571158473,2026-07-10T19:00:00+00:00,2026-07-10,1.0,0.8119116431285639,KXHIGHAUS-26JUL10-B95.5,0.8119116431285639,KXHIGHAUS-26JUL10-B95.5,,,1.0
,,0.0249758586210044,t_plus_14h,aus,aus:2026-07-10,,KXHIGHAUS-26JUL10,0.15531400936428877,bracket,raycaster_cloudcaster,,0.003042344480783669,2026-07-10T20:00:00+00:00,2026-07-10,1.0,0.8561462973158193,KXHIGHAUS-26JUL10-B95.5,0.8561462973158193,KXHIGHAUS-26JUL10-B95.5,,,1.0
,,0.024486133269885458,t_plus_15h,aus,aus:2026-07-10,,KXHIGHAUS-26JUL10,0.15375617345428175,bracket,raycaster_cloudcaster,,0.0029950718815947774,2026-07-10T21:00:00+00:00,2026-07-10,1.0,0.8574810721721571,KXHIGHAUS-26JUL10-B95.5,0.8574810721721571,KXHIGHAUS-26JUL10-B95.5,,,1.0
,,0.024486133269885458,t_plus_16h,aus,aus:2026-07-10,,KXHIGHAUS-26JUL10,0.15375617345428175,bracket,raycaster_cloudcaster,,0.0029950718815947774,2026-07-10T22:00:00+00:00,2026-07-10,1.0,0.8574810721721571,KXHIGHAUS-26JUL10-B95.5,0.8574810721721571,KXHIGHAUS-26JUL10-B95.5,,,1.0
,,0.024486133269885458,t_plus_17h,aus,aus:2026-07-10,,KXHIGHAUS-26JUL10,0.15375617345428175,bracket,raycaster_cloudcaster,,0.002871287259427047,2026-07-10T23:00:00+00:00,2026-07-10,1.0,0.8574810721721571,KXHIGHAUS-26JUL10-B95.5,0.8574810721721571,KXHIGHAUS-26JUL10-B95.5,,,1.0
,,0.02622249793416941,t_plus_18h,aus,aus:2026-07-10,,KXHIGHAUS-26JUL10,0.15917982287725332,bracket,raycaster_cloudcaster,,0.0029841226935003627,2026-07-11T00:00:00+00:00,2026-07-10,1.0,0.8528429845001075,KXHIGHAUS-26JUL10-B95.5,0.8528429845001075,KXHIGHAUS-26JUL10-B95.5,,,1.0
,,0.0249758586210044,t_plus_19h,aus,aus:2026-07-10,,KXHIGHAUS-26JUL10,0.15531400936428877,bracket,raycaster_cloudcaster,,0.0029026969075930586,2026-07-11T01:00:00+00:00,2026-07-10,1.0,0.8561462973158193,KXHIGHAUS-26JUL10-B95.5,0.8561462973158193,KXHIGHAUS-26JUL10-B95.5,,,1.0
,,0.02622249793416941,t_plus_20h,aus,aus:2026-07-10,,KXHIGHAUS-26JUL10,0.15917982287725332,bracket,raycaster_cloudcaster,,0.0029841226935003627,2026-07-11T02:00:00+00:00,2026-07-10,1.0,0.8528429845001075,KXHIGHAUS-26JUL10-B95.5,0.8528429845001075,KXHIGHAUS-26JUL10-B95.5,,,1.0
,,0.02622249793416941,t_plus_21h,aus,aus:2026-07-10,,KXHIGHAUS-26JUL10,0.15917982287725332,bracket,raycaster_cloudcaster,,0.0029841226935003627,2026-07-11T03:00:00+00:00,2026-07-10,1.0,0.8528429845001075,KXHIGHAUS-26JUL10-B95.5,0.8528429845001075,KXHIGHAUS-26JUL10-B95.5,,,1.0
,,0.02622249793416941,t_plus_22h,aus,aus:2026-07-10,,KXHIGHAUS-26JUL10,0.15917982287725332,bracket,raycaster_cloudcaster,,0.0029841226935003627,2026-07-11T04:00:00+00:00,2026-07-10,1.0,0.8528429845001075,KXHIGHAUS-26JUL10-B95.5,0.8528429845001075,KXHIGHAUS-26JUL10-B95.5,,,1.0
,,0.02622249793416941,t_plus_23h,aus,aus:2026-07-10,,KXHIGHAUS-26JUL10,0.15917982287725332,bracket,raycaster_cloudcaster,,0.0029841226935003627,2026-07-11T05:00:00+00:00,2026-07-10,1.0,0.8528429845001075,KXHIGHAUS-26JUL10-B95.5,0.8528429845001075,KXHIGHAUS-26JUL10-B95.5,,,1.0
,,1.126762775990502,t_plus_0h,den,den:2026-07-10,,KXHIGHDEN-26JUL10,2.1944822034907885,bracket,raycaster_cloudcaster,,0.17236370732206557,2026-07-10T07:00:00+00:00,2026-07-10,0.0,0.43349692099874804,KXHIGHDEN-26JUL10-T91,0.11141623751025916,KXHIGHDEN-26JUL10-B88.5,,,0.0
,,0.9681310914065174,t_plus_1h,den,den:2026-07-10,,KXHIGHDEN-26JUL10,1.7503509928270007,bracket,raycaster_cloudcaster,,0.13358281136353786,2026-07-10T08:00:00+00:00,2026-07-10,0.0,0.42194293492816126,KXHIGHDEN-26JUL10-B90.5,0.17371296074564643,KXHIGHDEN-26JUL10-B88.5,,,1.0
,,0.962551754571794,t_plus_2h,den,den:2026-07-10,,KXHIGHDEN-26JUL10,1.7412000895295732,bracket,raycaster_cloudcaster,,0.13339920170425643,2026-07-10T09:00:00+00:00,2026-07-10,0.0,0.41495237837744886,KXHIGHDEN-26JUL10-B90.5,0.17530988676499015,KXHIGHDEN-26JUL10-B88.5,,,1.0
,,0.942698222606082,t_plus_3h,den,den:2026-07-10,,KXHIGHDEN-26JUL10,1.6889844236233893,bracket,raycaster_cloudcaster,,0.1266258860047395,2026-07-10T10:00:00+00:00,2026-07-10,0.0,0.4289969148978466,KXHIGHDEN-26JUL10-B90.5,0.18470701285109298,KXHIGHDEN-26JUL10-B88.5,,,1.0
,,0.9084855991026101,t_plus_4h,den,den:2026-07-10,,KXHIGHDEN-26JUL10,1.6218098262151588,bracket,raycaster_cloudcaster,,0.08812370550142087,2026-07-10T11:00:00+00:00,2026-07-10,0.0,0.4694680420344779,KXHIGHDEN-26JUL10-B90.5,0.19754086074034866,KXHIGHDEN-26JUL10-B88.5,,,1.0
,,0.8558346641867524,t_plus_5h,den,den:2026-07-10,,KXHIGHDEN-26JUL10,1.5026301959564488,bracket,raycaster_cloudcaster,,0.08966717880330692,2026-07-10T12:00:00+00:00,2026-07-10,0.0,0.45697238616346847,KXHIGHDEN-26JUL10-B90.5,0.22254405522672926,KXHIGHDEN-26JUL10-B88.5,,,1.0
,,0.9686612055086137,t_plus_6h,den,den:2026-07-10,,KXHIGHDEN-26JUL10,1.729616693837765,bracket,raycaster_cloudcaster,,0.13836603251570528,2026-07-10T13:00:00+00:00,2026-07-10,0.0,0.4214888654586561,KXHIGHDEN-26JUL10-B90.5,0.1773523772019847,KXHIGHDEN-26JUL10-B88.5,,,1.0
,,0.9155965757427237,t_plus_7h,den,den:2026-07-10,,KXHIGHDEN-26JUL10,1.627898786391874,bracket,raycaster_cloudcaster,,0.12803188364619733,2026-07-10T14:00:00+00:00,2026-07-10,0.0,0.40316841363243294,KXHIGHDEN-26JUL10-B90.5,0.19634169684159714,KXHIGHDEN-26JUL10-B88.5,,,1.0
,,0.903569098125588,t_plus_8h,den,den:2026-07-10,,KXHIGHDEN-26JUL10,1.5625692733860859,bracket,raycaster_cloudcaster,,0.1321679332608148,2026-07-10T15:00:00+00:00,2026-07-10,0.0,0.41232437564809166,KXHIGHDEN-26JUL10-B90.5,0.2095968671634779,KXHIGHDEN-26JUL10-B88.5,,,1.0
,,1.0104939579651036,t_plus_9h,den,den:2026-07-10,,KXHIGHDEN-26JUL10,1.8298191395080592,bracket,raycaster_cloudcaster,,0.14400868309851386,2026-07-10T16:00:00+00:00,2026-07-10,0.0,0.4346441996181721,KXHIGHDEN-26JUL10-B90.5,0.16044258287571814,KXHIGHDEN-26JUL10-B88.5,,,1.0
,,0.8831480016847927,t_plus_10h,den,den:2026-07-10,,KXHIGHDEN-26JUL10,1.5314493804110725,bracket,raycaster_cloudcaster,,0.12216997908899001,2026-07-10T17:00:00+00:00,2026-07-10,0.0,0.4243857505541127,KXHIGHDEN-26JUL10-B90.5,0.2162220520902842,KXHIGHDEN-26JUL10-B88.5,,,1.0
,,1.1802224627711113,t_plus_11h,den,den:2026-07-10,,KXHIGHDEN-26JUL10,2.40490337383708,bracket,raycaster_cloudcaster,,0.17920610073959267,2026-07-10T18:00:00+00:00,2026-07-10,0.0,0.4357633719745461,KXHIGHDEN-26JUL10-T91,0.09027421803966981,KXHIGHDEN-26JUL10-B88.5,,,0.0
,,0.8150485426957554,t_plus_12h,den,den:2026-07-10,,KXHIGHDEN-26JUL10,1.3773260658712863,bracket,raycaster_cloudcaster,,0.11292975179980533,2026-07-10T19:00:00+00:00,2026-07-10,0.0,0.42545610077237994,KXHIGHDEN-26JUL10-B90.5,0.2522521577247351,KXHIGHDEN-26JUL10-B88.5,,,1.0
,,0.6812633222125154,t_plus_13h,den,den:2026-07-10,,KXHIGHDEN-26JUL10,1.138249137938905,bracket,raycaster_cloudcaster,,0.09165351161057848,2026-07-10T20:00:00+00:00,2026-07-10,0.0,0.40926034332077066,KXHIGHDEN-26JUL10-B90.5,0.32037947129971506,KXHIGHDEN-26JUL10-B88.5,,,1.0
,,0.5842101855135388,t_plus_14h,den,den:2026-07-10,,KXHIGHDEN-26JUL10,0.9517761756910434,bracket,raycaster_cloudcaster,,0.06892770505560444,2026-07-10T21:00:00+00:00,2026-07-10,0.0,0.4341840654384087,KXHIGHDEN-26JUL10-B90.5,0.38605471313419676,KXHIGHDEN-26JUL10-B88.5,,,1.0
,,0.5213958329073147,t_plus_15h,den,den:2026-07-10,,KXHIGHDEN-26JUL10,0.7810531781415213,bracket,raycaster_cloudcaster,,0.04931778845441266,2026-07-10T22:00:00+00:00,2026-07-10,0.0,0.4758708699477278,KXHIGHDEN-26JUL10-B90.5,0.4579234822533011,KXHIGHDEN-26JUL10-B88.5,,,1.0
,,0.4310308702002051,t_plus_16h,den,den:2026-07-10,,KXHIGHDEN-26JUL10,0.6898914618020381,bracket,raycaster_cloudcaster,,0.04040914735444274,2026-07-10T23:00:00+00:00,2026-07-10,1.0,0.5016305121832583,KXHIGHDEN-26JUL10-B88.5,0.5016305121832583,KXHIGHDEN-26JUL10-B88.5,,,1.0
,,0.02622249793416941,t_plus_17h,den,den:2026-07-10,,KXHIGHDEN-26JUL10,0.15917982287725332,bracket,raycaster_cloudcaster,,0.0031628127820651636,2026-07-11T00:00:00+00:00,2026-07-10,1.0,0.8528429845001075,KXHIGHDEN-26JUL10-B88.5,0.8528429845001075,KXHIGHDEN-26JUL10-B88.5,,,1.0
,,0.024486133269885458,t_plus_18h,den,den:2026-07-10,,KXHIGHDEN-26JUL10,0.15375617345428175,bracket,raycaster_cloudcaster,,0.002995071881594778,2026-07-11T01:00:00+00:00,2026-07-10,1.0,0.8574810721721571,KXHIGHDEN-26JUL10-B88.5,0.8574810721721571,KXHIGHDEN-26JUL10-B88.5,,,1.0
,,0.0249758586210044,t_plus_19h,den,den:2026-07-10,,KXHIGHDEN-26JUL10,0.15531400936428877,bracket,raycaster_cloudcaster,,0.00304234448078367,2026-07-11T02:00:00+00:00,2026-07-10,1.0,0.8561462973158193,KXHIGHDEN-26JUL10-B88.5,0.8561462973158193,KXHIGHDEN-26JUL10-B88.5,,,1.0
,,0.02622249793416941,t_plus_20h,den,den:2026-07-10,,KXHIGHDEN-26JUL10,0.15917982287725332,bracket,raycaster_cloudcaster,,0.0031628127820651636,2026-07-11T03:00:00+00:00,2026-07-10,1.0,0.8528429845001075,KXHIGHDEN-26JUL10-B88.5,0.8528429845001075,KXHIGHDEN-26JUL10-B88.5,,,1.0
,,0.02622249793416941,t_plus_21h,den,den:2026-07-10,,KXHIGHDEN-26JUL10,0.15917982287725332,bracket,raycaster_cloudcaster,,0.0031628127820651636,2026-07-11T04:00:00+00:00,2026-07-10,1.0,0.8528429845001075,KXHIGHDEN-26JUL10-B88.5,0.8528429845001075,KXHIGHDEN-26JUL10-B88.5,,,1.0
,,0.02622249793416941,t_plus_22h,den,den:2026-07-10,,KXHIGHDEN-26JUL10,0.15917982287725332,bracket,raycaster_cloudcaster,,0.0031628127820651636,2026-07-11T05:00:00+00:00,2026-07-10,1.0,0.8528429845001075,KXHIGHDEN-26JUL10-B88.5,0.8528429845001075,KXHIGHDEN-26JUL10-B88.5,,,1.0
,,0.02622249793416941,t_plus_23h,den,den:2026-07-10,,KXHIGHDEN-26JUL10,0.15917982287725332,bracket,raycaster_cloudcaster,,0.0031628127820651636,2026-07-11T06:00:00+00:00,2026-07-10,1.0,0.8528429845001075,KXHIGHDEN-26JUL10-B88.5,0.8528429845001075,KXHIGHDEN-26JUL10-B88.5,,,1.0
,,0.5391361916835838,t_plus_0h,la,la:2026-07-10,,KXHIGHLAX-26JUL10,0.8983591273580211,bracket,raycaster_cloudcaster,,0.045673535053484544,2026-07-10T08:00:00+00:00,2026-07-10,0.0,0.4096827535163038,KXHIGHLAX-26JUL10-B76.5,0.4072373364087074,KXHIGHLAX-26JUL10-B74.5,,,1.0
,,0.7824357269548454,t_plus_1h,la,la:2026-07-10,,KXHIGHLAX-26JUL10,1.2950175361024574,bracket,raycaster_cloudcaster,,0.08295663801872283,2026-07-10T09:00:00+00:00,2026-07-10,0.0,0.4819294010488161,KXHIGHLAX-26JUL10-B76.5,0.27389306127254737,KXHIGHLAX-26JUL10-B74.5,,,1.0
,,0.8335480012823261,t_plus_2h,la,la:2026-07-10,,KXHIGHLAX-26JUL10,1.3152196410743904,bracket,raycaster_cloudcaster,,0.0976916516936102,2026-07-10T10:00:00+00:00,2026-07-10,0.0,0.5311835052993,KXHIGHLAX-26JUL10-B76.5,0.2684153617258562,KXHIGHLAX-26JUL10-B74.5,,,1.0
,,0.8371129970235737,t_plus_3h,la,la:2026-07-10,,KXHIGHLAX-26JUL10,1.2691038875529423,bracket,raycaster_cloudcaster,,0.10282350955456795,2026-07-10T11:00:00+00:00,2026-07-10,0.0,0.5543419801455084,KXHIGHLAX-26JUL10-B76.5,0.281083391280227,KXHIGHLAX-26JUL10-B74.5,,,1.0
,,0.6694999237923618,t_plus_4h,la,la:2026-07-10,,KXHIGHLAX-26JUL10,1.0562185035623088,bracket,raycaster_cloudcaster,,0.07438420682270631,2026-07-10T12:00:00+00:00,2026-07-10,0.0,0.48374205907998785,KXHIGHLAX-26JUL10-B76.5,0.3477684119777132,KXHIGHLAX-26JUL10-B74.5,,,1.0
,,0.6779033797546854,t_plus_5h,la,la:2026-07-10,,KXHIGHLAX-26JUL10,1.1228646104132216,bracket,raycaster_cloudcaster,,0.06396484807468517,2026-07-10T13:00:00+00:00,2026-07-10,0.0,0.4475951791612871,KXHIGHLAX-26JUL10-B76.5,0.325346467573171,KXHIGHLAX-26JUL10-B74.5,,,1.0
,,0.6744623304624404,t_plus_6h,la,la:2026-07-10,,KXHIGHLAX-26JUL10,1.092517475506318,bracket,raycaster_cloudcaster,,0.06736998632014105,2026-07-10T14:00:00+00:00,2026-07-10,0.0,0.46643587908363576,KXHIGHLAX-26JUL10-B76.5,0.335371141442281,KXHIGHLAX-26JUL10-B74.5,,,1.0
,,0.7114238765506578,t_plus_7h,la,la:2026-07-10,,KXHIGHLAX-26JUL10,1.2284047548491628,bracket,raycaster_cloudcaster,,0.07593925490630168,2026-07-10T15:00:00+00:00,2026-07-10,0.0,0.42156481321951145,KXHIGHLAX-26JUL10-B76.5,0.29275922810998634,KXHIGHLAX-26JUL10-B74.5,,,1.0
,,0.3893941748243822,t_plus_8h,la,la:2026-07-10,,KXHIGHLAX-26JUL10,0.7382536761980991,bracket,raycaster_cloudcaster,,0.029093967818297973,2026-07-10T16:00:00+00:00,2026-07-10,1.0,0.47794783884607167,KXHIGHLAX-26JUL10-B74.5,0.47794783884607167,KXHIGHLAX-26JUL10-B74.5,,,1.0
,,0.4909454721020913,t_plus_9h,la,la:2026-07-10,,KXHIGHLAX-26JUL10,0.7794394355383866,bracket,raycaster_cloudcaster,,0.05377650432498972,2026-07-10T17:00:00+00:00,2026-07-10,1.0,0.458663049460648,KXHIGHLAX-26JUL10-B74.5,0.458663049460648,KXHIGHLAX-26JUL10-B74.5,,,1.0
,,0.3099419197858332,t_plus_10h,la,la:2026-07-10,,KXHIGHLAX-26JUL10,0.5556465173690283,bracket,raycaster_cloudcaster,,0.03434284584996729,2026-07-10T18:00:00+00:00,2026-07-10,1.0,0.5737012334593571,KXHIGHLAX-26JUL10-B74.5,0.5737012334593571,KXHIGHLAX-26JUL10-B74.5,,,1.0
,,0.05212868700630452,t_plus_11h,la,la:2026-07-10,,KXHIGHLAX-26JUL10,0.2216382127406132,bracket,raycaster_cloudcaster,,0.007870355864079864,2026-07-10T19:00:00+00:00,2026-07-10,1.0,0.8012051777315587,KXHIGHLAX-26JUL10-B74.5,0.8012051777315587,KXHIGHLAX-26JUL10-B74.5,,,1.0
,,0.03624694180516043,t_plus_12h,la,la:2026-07-10,,KXHIGHLAX-26JUL10,0.18645899454198508,bracket,raycaster_cloudcaster,,0.006113617494142276,2026-07-10T20:00:00+00:00,2026-07-10,1.0,0.8298925913794577,KXHIGHLAX-26JUL10-B74.5,0.8298925913794577,KXHIGHLAX-26JUL10-B74.5,,,1.0
,,0.020986231979821197,t_plus_13h,la,la:2026-07-10,,KXHIGHLAX-26JUL10,0.1418449325377104,bracket,raycaster_cloudcaster,,0.004337154609163056,2026-07-10T21:00:00+00:00,2026-07-10,1.0,0.8677558067442998,KXHIGHLAX-26JUL10-B74.5,0.8677558067442998,KXHIGHLAX-26JUL10-B74.5,,,1.0
,,0.020986231979821197,t_plus_14h,la,la:2026-07-10,,KXHIGHLAX-26JUL10,0.1418449325377104,bracket,raycaster_cloudcaster,,0.004337154609163056,2026-07-10T22:00:00+00:00,2026-07-10,1.0,0.8677558067442998,KXHIGHLAX-26JUL10-B74.5,0.8677558067442998,KXHIGHLAX-26JUL10-B74.5,,,1.0
,,0.020986231979821197,t_plus_15h,la,la:2026-07-10,,KXHIGHLAX-26JUL10,0.1418449325377104,bracket,raycaster_cloudcaster,,0.004337154609163056,2026-07-10T23:00:00+00:00,2026-07-10,1.0,0.8677558067442998,KXHIGHLAX-26JUL10-B74.5,0.8677558067442998,KXHIGHLAX-26JUL10-B74.5,,,1.0
,,0.020986231979821197,t_plus_16h,la,la:2026-07-10,,KXHIGHLAX-26JUL10,0.1418449325377104,bracket,raycaster_cloudcaster,,0.004337154609163056,2026-07-11T00:00:00+00:00,2026-07-10,1.0,0.8677558067442998,KXHIGHLAX-26JUL10-B74.5,0.8677558067442998,KXHIGHLAX-26JUL10-B74.5,,,1.0
,,0.020986231979821197,t_plus_17h,la,la:2026-07-10,,KXHIGHLAX-26JUL10,0.1418449325377104,bracket,raycaster_cloudcaster,,0.004337154609163056,2026-07-11T01:00:00+00:00,2026-07-10,1.0,0.8677558067442998,KXHIGHLAX-26JUL10-B74.5,0.8677558067442998,KXHIGHLAX-26JUL10-B74.5,,,1.0
,,0.020986231979821197,t_plus_18h,la,la:2026-07-10,,KXHIGHLAX-26JUL10,0.1418449325377104,bracket,raycaster_cloudcaster,,0.004337154609163056,2026-07-11T02:00:00+00:00,2026-07-10,1.0,0.8677558067442998,KXHIGHLAX-26JUL10-B74.5,0.8677558067442998,KXHIGHLAX-26JUL10-B74.5,,,1.0
,,0.020986231979821197,t_plus_19h,la,la:2026-07-10,,KXHIGHLAX-26JUL10,0.1418449325377104,bracket,raycaster_cloudcaster,,0.004337154609163056,2026-07-11T03:00:00+00:00,2026-07-10,1.0,0.8677558067442998,KXHIGHLAX-26JUL10-B74.5,0.8677558067442998,KXHIGHLAX-26JUL10-B74.5,,,1.0
,,0.020986231979821197,t_plus_20h,la,la:2026-07-10,,KXHIGHLAX-26JUL10,0.1418449325377104,bracket,raycaster_cloudcaster,,0.004337154609163056,2026-07-11T04:00:00+00:00,2026-07-10,1.0,0.8677558067442998,KXHIGHLAX-26JUL10-B74.5,0.8677558067442998,KXHIGHLAX-26JUL10-B74.5,,,1.0
,,0.020986231979821197,t_plus_21h,la,la:2026-07-10,,KXHIGHLAX-26JUL10,0.1418449325377104,bracket,raycaster_cloudcaster,,0.004337154609163056,2026-07-11T05:00:00+00:00,2026-07-10,1.0,0.8677558067442998,KXHIGHLAX-26JUL10-B74.5,0.8677558067442998,KXHIGHLAX-26JUL10-B74.5,,,1.0
,,0.020986231979821197,t_plus_22h,la,la:2026-07-10,,KXHIGHLAX-26JUL10,0.1418449325377104,bracket,raycaster_cloudcaster,,0.004337154609163056,2026-07-11T06:00:00+00:00,2026-07-10,1.0,0.8677558067442998,KXHIGHLAX-26JUL10-B74.5,0.8677558067442998,KXHIGHLAX-26JUL10-B74.5,,,1.0
,,0.020986231979821197,t_plus_23h,la,la:2026-07-10,,KXHIGHLAX-26JUL10,0.1418449325377104,bracket,raycaster_cloudcaster,,0.004337154609163056,2026-07-11T07:00:00+00:00,2026-07-10,1.0,0.8677558067442998,KXHIGHLAX-26JUL10-B74.5,0.8677558067442998,KXHIGHLAX-26JUL10-B74.5,,,1.0
,,0.6563963006224042,t_plus_0h,mia,mia:2026-07-10,,KXHIGHMIA-26JUL10,0.9654764627329477,bracket,raycaster_cloudcaster,,0.06947876339526701,2026-07-10T05:00:00+00:00,2026-07-10,0.0,0.5194548362498935,KXHIGHMIA-26JUL10-B91.5,0.3808017186806961,KXHIGHMIA-26JUL10-B93.5,,,1.0
,,0.6262894195837876,t_plus_1h,mia,mia:2026-07-10,,KXHIGHMIA-26JUL10,0.92977929119659,bracket,raycaster_cloudcaster,,0.06639006083175882,2026-07-10T06:00:00+00:00,2026-07-10,0.0,0.5066770893764344,KXHIGHMIA-26JUL10-B91.5,0.3946408014594296,KXHIGHMIA-26JUL10-B93.5,,,1.0
,,0.6252355640789825,t_plus_2h,mia,mia:2026-07-10,,KXHIGHMIA-26JUL10,0.9271902214370955,bracket,raycaster_cloudcaster,,0.06610191615742497,2026-07-10T07:00:00+00:00,2026-07-10,0.0,0.5069882428733479,KXHIGHMIA-26JUL10-B91.5,0.3956638778609398,KXHIGHMIA-26JUL10-B93.5,,,1.0
,,0.6247950654064096,t_plus_3h,mia,mia:2026-07-10,,KXHIGHMIA-26JUL10,0.9127425793127368,bracket,raycaster_cloudcaster,,0.06438744992207732,2026-07-10T08:00:00+00:00,2026-07-10,0.0,0.5143661962470293,KXHIGHMIA-26JUL10-B91.5,0.40142178188246813,KXHIGHMIA-26JUL10-B93.5,,,1.0
,,0.6247730297414907,t_plus_4h,mia,mia:2026-07-10,,KXHIGHMIA-26JUL10,0.9079393790528385,bracket,raycaster_cloudcaster,,0.0638321801557724,2026-07-10T09:00:00+00:00,2026-07-10,0.0,0.516842743008239,KXHIGHMIA-26JUL10-B91.5,0.4033545290595836,KXHIGHMIA-26JUL10-B93.5,,,1.0
,,0.6139124802303331,t_plus_5h,mia,mia:2026-07-10,,KXHIGHMIA-26JUL10,0.8968391804457431,bracket,raycaster_cloudcaster,,0.06275494041840393,2026-07-10T10:00:00+00:00,2026-07-10,0.0,0.5114497250868407,KXHIGHMIA-26JUL10-B91.5,0.4078567861868786,KXHIGHMIA-26JUL10-B93.5,,,1.0
,,0.6247730297414907,t_plus_6h,mia,mia:2026-07-10,,KXHIGHMIA-26JUL10,0.9079393790528385,bracket,raycaster_cloudcaster,,0.0638321801557724,2026-07-10T11:00:00+00:00,2026-07-10,0.0,0.516842743008239,KXHIGHMIA-26JUL10-B91.5,0.4033545290595836,KXHIGHMIA-26JUL10-B93.5,,,1.0
,,0.5731238028082538,t_plus_7h,mia,mia:2026-07-10,,KXHIGHMIA-26JUL10,0.8354014752220558,bracket,raycaster_cloudcaster,,0.05752315573862869,2026-07-10T12:00:00+00:00,2026-07-10,0.0,0.501372720996521,KXHIGHMIA-26JUL10-B91.5,0.43370032654098944,KXHIGHMIA-26JUL10-B93.5,,,1.0
,,0.6933075790076605,t_plus_8h,mia,mia:2026-07-10,,KXHIGHMIA-26JUL10,0.9720153403382045,bracket,raycaster_cloudcaster,,0.06956767725345143,2026-07-10T13:00:00+00:00,2026-07-10,0.0,0.5528442308741406,KXHIGHMIA-26JUL10-B91.5,0.37831982608948067,KXHIGHMIA-26JUL10-B93.5,,,1.0
,,0.5514310694295249,t_plus_9h,mia,mia:2026-07-10,,KXHIGHMIA-26JUL10,0.813218911444121,bracket,raycaster_cloudcaster,,0.055361536406372217,2026-07-10T14:00:00+00:00,2026-07-10,0.0,0.4904762858588405,KXHIGHMIA-26JUL10-B91.5,0.4434284097058642,KXHIGHMIA-26JUL10-B93.5,,,1.0
,,0.5548185825002702,t_plus_10h,mia,mia:2026-07-10,,KXHIGHMIA-26JUL10,0.8170757285929416,bracket,raycaster_cloudcaster,,0.055701629554165175,2026-07-10T15:00:00+00:00,2026-07-10,0.0,0.49198050917342445,KXHIGHMIA-26JUL10-B91.5,0.44172148118252175,KXHIGHMIA-26JUL10-B93.5,,,1.0
,,0.5716337274138562,t_plus_11h,mia,mia:2026-07-10,,KXHIGHMIA-26JUL10,0.8340590099240188,bracket,raycaster_cloudcaster,,0.057375804524537125,2026-07-10T16:00:00+00:00,2026-07-10,0.0,0.5005354956105256,KXHIGHMIA-26JUL10-B91.5,0.43428294516425964,KXHIGHMIA-26JUL10-B93.5,,,1.0
,,0.03301410185806011,t_plus_12h,mia,mia:2026-07-10,,KXHIGHMIA-26JUL10,0.17990409133745144,bracket,raycaster_cloudcaster,,0.0035088121239477974,2026-07-10T17:00:00+00:00,2026-07-10,1.0,0.8353503249018426,KXHIGHMIA-26JUL10-B93.5,0.8353503249018426,KXHIGHMIA-26JUL10-B93.5,,,1.0
,,0.02495886526292879,t_plus_13h,mia,mia:2026-07-10,,KXHIGHMIA-26JUL10,0.15526033867645858,bracket,raycaster_cloudcaster,,0.003040703623254152,2026-07-10T18:00:00+00:00,2026-07-10,1.0,0.8561922485095845,KXHIGHMIA-26JUL10-B93.5,0.8561922485095845,KXHIGHMIA-26JUL10-B93.5,,,1.0
,,0.024584855804325834,t_plus_14h,mia,mia:2026-07-10,,KXHIGHMIA-26JUL10,0.15407209145392536,bracket,raycaster_cloudcaster,,0.003004598971906623,2026-07-10T19:00:00+00:00,2026-07-10,1.0,0.8572102212526972,KXHIGHMIA-26JUL10-B93.5,0.8572102212526972,KXHIGHMIA-26JUL10-B93.5,,,1.0
,,0.024584855804325834,t_plus_15h,mia,mia:2026-07-10,,KXHIGHMIA-26JUL10,0.15407209145392536,bracket,raycaster_cloudcaster,,0.003004598971906623,2026-07-10T20:00:00+00:00,2026-07-10,1.0,0.8572102212526972,KXHIGHMIA-26JUL10-B93.5,0.8572102212526972,KXHIGHMIA-26JUL10-B93.5,,,1.0
,,0.024584855804325834,t_plus_16h,mia,mia:2026-07-10,,KXHIGHMIA-26JUL10,0.15407209145392536,bracket,raycaster_cloudcaster,,0.003004598971906623,2026-07-10T21:00:00+00:00,2026-07-10,1.0,0.8572102212526972,KXHIGHMIA-26JUL10-B93.5,0.8572102212526972,KXHIGHMIA-26JUL10-B93.5,,,1.0
,,0.024584855804325834,t_plus_17h,mia,mia:2026-07-10,,KXHIGHMIA-26JUL10,0.15407209145392536,bracket,raycaster_cloudcaster,,0.003004598971906623,2026-07-10T22:00:00+00:00,2026-07-10,1.0,0.8572102212526972,KXHIGHMIA-26JUL10-B93.5,0.8572102212526972,KXHIGHMIA-26JUL10-B93.5,,,1.0
,,0.024584855804325834,t_plus_18h,mia,mia:2026-07-10,,KXHIGHMIA-26JUL10,0.15407209145392536,bracket,raycaster_cloudcaster,,0.003004598971906623,2026-07-10T23:00:00+00:00,2026-07-10,1.0,0.8572102212526972,KXHIGHMIA-26JUL10-B93.5,0.8572102212526972,KXHIGHMIA-26JUL10-B93.5,,,1.0
,,0.024584855804325834,t_plus_19h,mia,mia:2026-07-10,,KXHIGHMIA-26JUL10,0.15407209145392536,bracket,raycaster_cloudcaster,,0.003004598971906623,2026-07-11T00:00:00+00:00,2026-07-10,1.0,0.8572102212526972,KXHIGHMIA-26JUL10-B93.5,0.8572102212526972,KXHIGHMIA-26JUL10-B93.5,,,1.0
,,0.024584855804325834,t_plus_20h,mia,mia:2026-07-10,,KXHIGHMIA-26JUL10,0.15407209145392536,bracket,raycaster_cloudcaster,,0.003004598971906623,2026-07-11T01:00:00+00:00,2026-07-10,1.0,0.8572102212526972,KXHIGHMIA-26JUL10-B93.5,0.8572102212526972,KXHIGHMIA-26JUL10-B93.5,,,1.0
,,0.024584855804325834,t_plus_21h,mia,mia:2026-07-10,,KXHIGHMIA-26JUL10,0.15407209145392536,bracket,raycaster_cloudcaster,,0.003004598971906623,2026-07-11T02:00:00+00:00,2026-07-10,1.0,0.8572102212526972,KXHIGHMIA-26JUL10-B93.5,0.8572102212526972,KXHIGHMIA-26JUL10-B93.5,,,1.0
,,0.024584855804325834,t_plus_22h,mia,mia:2026-07-10,,KXHIGHMIA-26JUL10,0.15407209145392536,bracket,raycaster_cloudcaster,,0.003004598971906623,2026-07-11T03:00:00+00:00,2026-07-10,1.0,0.8572102212526972,KXHIGHMIA-26JUL10-B93.5,0.8572102212526972,KXHIGHMIA-26JUL10-B93.5,,,1.0
,,0.024584855804325834,t_plus_23h,mia,mia:2026-07-10,,KXHIGHMIA-26JUL10,0.15407209145392536,bracket,raycaster_cloudcaster,,0.003004598971906623,2026-07-11T04:00:00+00:00,2026-07-10,1.0,0.8572102212526972,KXHIGHMIA-26JUL10-B93.5,0.8572102212526972,KXHIGHMIA-26JUL10-B93.5,,,1.0
,,0.7221821673521138,t_plus_0h,nyc,nyc:2026-07-10,,KXHIGHNY-26JUL10,1.255131485023334,bracket,raycaster_cloudcaster,,0.1374775885111716,2026-07-10T05:00:00+00:00,2026-07-10,0.0,0.34201751446757306,KXHIGHNY-26JUL10-B89.5,0.28503836748402983,KXHIGHNY-26JUL10-T87,,,0.0
,,0.8267781169117618,t_plus_1h,nyc,nyc:2026-07-10,,KXHIGHNY-26JUL10,1.4045769272322541,bracket,raycaster_cloudcaster,,0.1671625973595136,2026-07-10T06:00:00+00:00,2026-07-10,0.0,0.4428709199102073,KXHIGHNY-26JUL10-B89.5,0.24547088653490493,KXHIGHNY-26JUL10-T87,,,0.0
,,0.8647985305730361,t_plus_2h,nyc,nyc:2026-07-10,,KXHIGHNY-26JUL10,1.4942856299465703,bracket,raycaster_cloudcaster,,0.15787130574790798,2026-07-10T07:00:00+00:00,2026-07-10,0.0,0.37670969992408343,KXHIGHNY-26JUL10-B89.5,0.22440885845169276,KXHIGHNY-26JUL10-T87,,,0.0
,,0.9115665011094729,t_plus_3h,nyc,nyc:2026-07-10,,KXHIGHNY-26JUL10,1.4241290893621465,bracket,raycaster_cloudcaster,,0.12427037779148264,2026-07-10T08:00:00+00:00,2026-07-10,0.0,0.5607627762602969,KXHIGHNY-26JUL10-B87.5,0.24071801582500035,KXHIGHNY-26JUL10-T87,,,1.0
,,0.9115665011094729,t_plus_4h,nyc,nyc:2026-07-10,,KXHIGHNY-26JUL10,1.4241290893621465,bracket,raycaster_cloudcaster,,0.12427037779148264,2026-07-10T09:00:00+00:00,2026-07-10,0.0,0.5607627762602969,KXHIGHNY-26JUL10-B87.5,0.24071801582500035,KXHIGHNY-26JUL10-T87,,,1.0
,,0.9115665011094729,t_plus_5h,nyc,nyc:2026-07-10,,KXHIGHNY-26JUL10,1.4241290893621465,bracket,raycaster_cloudcaster,,0.12427037779148264,2026-07-10T10:00:00+00:00,2026-07-10,0.0,0.5607627762602969,KXHIGHNY-26JUL10-B87.5,0.24071801582500035,KXHIGHNY-26JUL10-T87,,,1.0
,,0.943188772044271,t_plus_6h,nyc,nyc:2026-07-10,,KXHIGHNY-26JUL10,1.4674346739759514,bracket,raycaster_cloudcaster,,0.12701668683758016,2026-07-10T11:00:00+00:00,2026-07-10,0.0,0.5765190322841804,KXHIGHNY-26JUL10-B87.5,0.23051607622285772,KXHIGHNY-26JUL10-T87,,,1.0
,,0.9550480122665576,t_plus_7h,nyc,nyc:2026-07-10,,KXHIGHNY-26JUL10,1.5039946917143976,bracket,raycaster_cloudcaster,,0.13052516715854673,2026-07-10T12:00:00+00:00,2026-07-10,0.0,0.5726996169453785,KXHIGHNY-26JUL10-B87.5,0.22224060188489655,KXHIGHNY-26JUL10-T87,,,1.0
,,0.9487358038738132,t_plus_8h,nyc,nyc:2026-07-10,,KXHIGHNY-26JUL10,1.4960241304553958,bracket,raycaster_cloudcaster,,0.13012586281238242,2026-07-10T13:00:00+00:00,2026-07-10,0.0,0.569280183768429,KXHIGHNY-26JUL10-B87.5,0.22401906246552578,KXHIGHNY-26JUL10-T87,,,1.0
,,0.9487358038738132,t_plus_9h,nyc,nyc:2026-07-10,,KXHIGHNY-26JUL10,1.4960241304553958,bracket,raycaster_cloudcaster,,0.13012586281238242,2026-07-10T14:00:00+00:00,2026-07-10,0.0,0.569280183768429,KXHIGHNY-26JUL10-B87.5,0.22401906246552578,KXHIGHNY-26JUL10-T87,,,1.0
,,0.8458340565486075,t_plus_10h,nyc,nyc:2026-07-10,,KXHIGHNY-26JUL10,1.2225565101122384,bracket,raycaster_cloudcaster,,0.10401421206397196,2026-07-10T15:00:00+00:00,2026-07-10,0.0,0.5866593593102963,KXHIGHNY-26JUL10-B87.5,0.29447637196959775,KXHIGHNY-26JUL10-T87,,,1.0
,,0.27896546295609254,t_plus_11h,nyc,nyc:2026-07-10,,KXHIGHNY-26JUL10,0.5262149988208374,bracket,raycaster_cloudcaster,,0.03573062212208457,2026-07-10T16:00:00+00:00,2026-07-10,1.0,0.590837061753428,KXHIGHNY-26JUL10-T87,0.590837061753428,KXHIGHNY-26JUL10-T87,,,1.0
,,0.027962462830214405,t_plus_12h,nyc,nyc:2026-07-10,,KXHIGHNY-26JUL10,0.16436043571417297,bracket,raycaster_cloudcaster,,0.008606752087303552,2026-07-10T17:00:00+00:00,2026-07-10,1.0,0.8484361600684733,KXHIGHNY-26JUL10-T87,0.8484361600684733,KXHIGHNY-26JUL10-T87,,,1.0
,,0.038276907585136494,t_plus_13h,nyc,nyc:2026-07-10,,KXHIGHNY-26JUL10,0.19299669873377207,bracket,raycaster_cloudcaster,,0.01053815615742865,2026-07-10T18:00:00+00:00,2026-07-10,1.0,0.8244846959780977,KXHIGHNY-26JUL10-T87,0.8244846959780977,KXHIGHNY-26JUL10-T87,,,1.0
,,0.04551319851665927,t_plus_14h,nyc,nyc:2026-07-10,,KXHIGHNY-26JUL10,0.20781697798390555,bracket,raycaster_cloudcaster,,0.010720501242901578,2026-07-10T19:00:00+00:00,2026-07-10,1.0,0.8123557020853873,KXHIGHNY-26JUL10-T87,0.8123557020853873,KXHIGHNY-26JUL10-T87,,,1.0
,,0.02622249793416941,t_plus_15h,nyc,nyc:2026-07-10,,KXHIGHNY-26JUL10,0.15917982287725332,bracket,raycaster_cloudcaster,,0.00838525985702881,2026-07-10T20:00:00+00:00,2026-07-10,1.0,0.8528429845001075,KXHIGHNY-26JUL10-T87,0.8528429845001075,KXHIGHNY-26JUL10-T87,,,1.0
,,0.020986231979821197,t_plus_16h,nyc,nyc:2026-07-10,,KXHIGHNY-26JUL10,0.1418449325377104,bracket,raycaster_cloudcaster,,0.007694951725934447,2026-07-10T21:00:00+00:00,2026-07-10,1.0,0.8677558067442998,KXHIGHNY-26JUL10-T87,0.8677558067442998,KXHIGHNY-26JUL10-T87,,,1.0
,,0.020986231979821197,t_plus_17h,nyc,nyc:2026-07-10,,KXHIGHNY-26JUL10,0.1418449325377104,bracket,raycaster_cloudcaster,,0.007694951725934447,2026-07-10T22:00:00+00:00,2026-07-10,1.0,0.8677558067442998,KXHIGHNY-26JUL10-T87,0.8677558067442998,KXHIGHNY-26JUL10-T87,,,1.0
,,0.020986231979821197,t_plus_18h,nyc,nyc:2026-07-10,,KXHIGHNY-26JUL10,0.1418449325377104,bracket,raycaster_cloudcaster,,0.007694951725934447,2026-07-10T23:00:00+00:00,2026-07-10,1.0,0.8677558067442998,KXHIGHNY-26JUL10-T87,0.8677558067442998,KXHIGHNY-26JUL10-T87,,,1.0
,,0.020986231979821197,t_plus_19h,nyc,nyc:2026-07-10,,KXHIGHNY-26JUL10,0.1418449325377104,bracket,raycaster_cloudcaster,,0.007694951725934447,2026-07-11T00:00:00+00:00,2026-07-10,1.0,0.8677558067442998,KXHIGHNY-26JUL10-T87,0.8677558067442998,KXHIGHNY-26JUL10-T87,,,1.0
,,0.020986231979821197,t_plus_20h,nyc,nyc:2026-07-10,,KXHIGHNY-26JUL10,0.1418449325377104,bracket,raycaster_cloudcaster,,0.007694951725934447,2026-07-11T01:00:00+00:00,2026-07-10,1.0,0.8677558067442998,KXHIGHNY-26JUL10-T87,0.8677558067442998,KXHIGHNY-26JUL10-T87,,,1.0
,,0.020986231979821197,t_plus_21h,nyc,nyc:2026-07-10,,KXHIGHNY-26JUL10,0.1418449325377104,bracket,raycaster_cloudcaster,,0.007694951725934447,2026-07-11T02:00:00+00:00,2026-07-10,1.0,0.8677558067442998,KXHIGHNY-26JUL10-T87,0.8677558067442998,KXHIGHNY-26JUL10-T87,,,1.0
,,0.020986231979821197,t_plus_22h,nyc,nyc:2026-07-10,,KXHIGHNY-26JUL10,0.1418449325377104,bracket,raycaster_cloudcaster,,0.007694951725934447,2026-07-11T03:00:00+00:00,2026-07-10,1.0,0.8677558067442998,KXHIGHNY-26JUL10-T87,0.8677558067442998,KXHIGHNY-26JUL10-T87,,,1.0
,,0.020986231979821197,t_plus_23h,nyc,nyc:2026-07-10,,KXHIGHNY-26JUL10,0.1418449325377104,bracket,raycaster_cloudcaster,,0.007694951725934447,2026-07-11T04:00:00+00:00,2026-07-10,1.0,0.8677558067442998,KXHIGHNY-26JUL10-T87,0.8677558067442998,KXHIGHNY-26JUL10-T87,,,1.0
,,0.5185437134026356,t_plus_0h,okc,okc:2026-07-10,,KXHIGHTOKC-26JUL10,0.839229860538962,bracket,raycaster_cloudcaster,,0.06882375132500743,2026-07-10T06:00:00+00:00,2026-07-10,0.0,0.4327578712180626,KXHIGHTOKC-26JUL10-B98.5,0.43204312879873846,KXHIGHTOKC-26JUL10-T98,,,1.0
,,0.5717857537521428,t_plus_1h,okc,okc:2026-07-10,,KXHIGHTOKC-26JUL10,0.865169775122641,bracket,raycaster_cloudcaster,,0.06968860909728028,2026-07-10T07:00:00+00:00,2026-07-10,0.0,0.48338102658619864,KXHIGHTOKC-26JUL10-B98.5,0.42098007461610143,KXHIGHTOKC-26JUL10-T98,,,1.0
,,0.5717857537521428,t_plus_2h,okc,okc:2026-07-10,,KXHIGHTOKC-26JUL10,0.865169775122641,bracket,raycaster_cloudcaster,,0.06968860909728028,2026-07-10T08:00:00+00:00,2026-07-10,0.0,0.48338102658619864,KXHIGHTOKC-26JUL10-B98.5,0.42098007461610143,KXHIGHTOKC-26JUL10-T98,,,1.0
,,0.47357813863036324,t_plus_3h,okc,okc:2026-07-10,,KXHIGHTOKC-26JUL10,0.7473671974430286,bracket,raycaster_cloudcaster,,0.05755504562838328,2026-07-10T09:00:00+00:00,2026-07-10,1.0,0.4736118391862436,KXHIGHTOKC-26JUL10-T98,0.4736118391862436,KXHIGHTOKC-26JUL10-T98,,,1.0
,,0.4849343681795478,t_plus_4h,okc,okc:2026-07-10,,KXHIGHTOKC-26JUL10,0.7946175358357093,bracket,raycaster_cloudcaster,,0.0639945509489183,2026-07-10T10:00:00+00:00,2026-07-10,1.0,0.45175398159481633,KXHIGHTOKC-26JUL10-T98,0.45175398159481633,KXHIGHTOKC-26JUL10-T98,,,1.0
,,0.5851369574132462,t_plus_5h,okc,okc:2026-07-10,,KXHIGHTOKC-26JUL10,0.9361992981894866,bracket,raycaster_cloudcaster,,0.07957490840992881,2026-07-10T11:00:00+00:00,2026-07-10,0.0,0.4502377130482416,KXHIGHTOKC-26JUL10-B98.5,0.39211532023223056,KXHIGHTOKC-26JUL10-T98,,,1.0
,,0.5868866264417134,t_plus_6h,okc,okc:2026-07-10,,KXHIGHTOKC-26JUL10,0.942621866374824,bracket,raycaster_cloudcaster,,0.080523508225101,2026-07-10T12:00:00+00:00,2026-07-10,0.0,0.447355296802169,KXHIGHTOKC-26JUL10-B98.5,0.38960500282296845,KXHIGHTOKC-26JUL10-T98,,,1.0
,,0.5275506092629076,t_plus_7h,okc,okc:2026-07-10,,KXHIGHTOKC-26JUL10,0.8644494601283135,bracket,raycaster_cloudcaster,,0.0723823374229805,2026-07-10T13:00:00+00:00,2026-07-10,0.0,0.4241383492017415,KXHIGHTOKC-26JUL10-B98.5,0.42128342211592074,KXHIGHTOKC-26JUL10-T98,,,1.0
,,0.5102016215867116,t_plus_8h,okc,okc:2026-07-10,,KXHIGHTOKC-26JUL10,0.794216823846242,bracket,raycaster_cloudcaster,,0.06252185323147257,2026-07-10T14:00:00+00:00,2026-07-10,0.0,0.45499768616138453,KXHIGHTOKC-26JUL10-B98.5,0.45193504110546656,KXHIGHTOKC-26JUL10-T98,,,1.0
,,0.5860345229879599,t_plus_9h,okc,okc:2026-07-10,,KXHIGHTOKC-26JUL10,0.9395320189000359,bracket,raycaster_cloudcaster,,0.0800661311139234,2026-07-10T15:00:00+00:00,2026-07-10,0.0,0.4487396941231881,KXHIGHTOKC-26JUL10-B98.5,0.39081068458424256,KXHIGHTOKC-26JUL10-T98,,,1.0
,,0.5717857537521428,t_plus_10h,okc,okc:2026-07-10,,KXHIGHTOKC-26JUL10,0.865169775122641,bracket,raycaster_cloudcaster,,0.06968860909728028,2026-07-10T16:00:00+00:00,2026-07-10,0.0,0.48338102658619864,KXHIGHTOKC-26JUL10-B98.5,0.42098007461610143,KXHIGHTOKC-26JUL10-T98,,,1.0
,,0.5999089958522583,t_plus_11h,okc,okc:2026-07-10,,KXHIGHTOKC-26JUL10,0.8967773888723628,bracket,raycaster_cloudcaster,,0.07271318141331207,2026-07-10T17:00:00+00:00,2026-07-10,0.0,0.4963213466540031,KXHIGHTOKC-26JUL10-B98.5,0.40788198907806605,KXHIGHTOKC-26JUL10-T98,,,1.0
,,0.5999089958522583,t_plus_12h,okc,okc:2026-07-10,,KXHIGHTOKC-26JUL10,0.8967773888723628,bracket,raycaster_cloudcaster,,0.07271318141331207,2026-07-10T18:00:00+00:00,2026-07-10,0.0,0.4963213466540031,KXHIGHTOKC-26JUL10-B98.5,0.40788198907806605,KXHIGHTOKC-26JUL10-T98,,,1.0
,,0.5721345142166434,t_plus_13h,okc,okc:2026-07-10,,KXHIGHTOKC-26JUL10,0.8683985869135427,bracket,raycaster_cloudcaster,,0.07011132190302806,2026-07-10T19:00:00+00:00,2026-07-10,0.0,0.481822797196513,KXHIGHTOKC-26JUL10-B98.5,0.4196230012336982,KXHIGHTOKC-26JUL10-T98,,,1.0
,,0.5707528347187978,t_plus_14h,okc,okc:2026-07-10,,KXHIGHTOKC-26JUL10,0.8535603049492947,bracket,raycaster_cloudcaster,,0.06819215175121494,2026-07-10T20:00:00+00:00,2026-07-10,0.0,0.4890255256214149,KXHIGHTOKC-26JUL10-B98.5,0.42589591014609224,KXHIGHTOKC-26JUL10-T98,,,1.0
,,0.4367923666124573,t_plus_15h,okc,okc:2026-07-10,,KXHIGHTOKC-26JUL10,0.6864870238467498,bracket,raycaster_cloudcaster,,0.050762597995265356,2026-07-10T21:00:00+00:00,2026-07-10,1.0,0.5033411924386011,KXHIGHTOKC-26JUL10-T98,0.5033411924386011,KXHIGHTOKC-26JUL10-T98,,,1.0
,,0.06919853576367205,t_plus_16h,okc,okc:2026-07-10,,KXHIGHTOKC-26JUL10,0.25367788411103526,bracket,raycaster_cloudcaster,,0.013396467539667506,2026-07-10T22:00:00+00:00,2026-07-10,1.0,0.7759417049475417,KXHIGHTOKC-26JUL10-T98,0.7759417049475417,KXHIGHTOKC-26JUL10-T98,,,1.0
,,0.02622249793416941,t_plus_17h,okc,okc:2026-07-10,,KXHIGHTOKC-26JUL10,0.15917982287725332,bracket,raycaster_cloudcaster,,0.00838525985702881,2026-07-10T23:00:00+00:00,2026-07-10,1.0,0.8528429845001075,KXHIGHTOKC-26JUL10-T98,0.8528429845001075,KXHIGHTOKC-26JUL10-T98,,,1.0
,,0.0249758586210044,t_plus_18h,okc,okc:2026-07-10,,KXHIGHTOKC-26JUL10,0.15531400936428877,bracket,raycaster_cloudcaster,,0.008224467195313948,2026-07-11T00:00:00+00:00,2026-07-10,1.0,0.8561462973158193,KXHIGHTOKC-26JUL10-T98,0.8561462973158193,KXHIGHTOKC-26JUL10-T98,,,1.0
,,0.02622249793416941,t_plus_19h,okc,okc:2026-07-10,,KXHIGHTOKC-26JUL10,0.15917982287725332,bracket,raycaster_cloudcaster,,0.00838525985702881,2026-07-11T01:00:00+00:00,2026-07-10,1.0,0.8528429845001075,KXHIGHTOKC-26JUL10-T98,0.8528429845001075,KXHIGHTOKC-26JUL10-T98,,,1.0
,,0.0249758586210044,t_plus_20h,okc,okc:2026-07-10,,KXHIGHTOKC-26JUL10,0.15531400936428877,bracket,raycaster_cloudcaster,,0.008224467195313948,2026-07-11T02:00:00+00:00,2026-07-10,1.0,0.8561462973158193,KXHIGHTOKC-26JUL10-T98,0.8561462973158193,KXHIGHTOKC-26JUL10-T98,,,1.0
,,0.0249758586210044,t_plus_21h,okc,okc:2026-07-10,,KXHIGHTOKC-26JUL10,0.15531400936428877,bracket,raycaster_cloudcaster,,0.008224467195313948,2026-07-11T03:00:00+00:00,2026-07-10,1.0,0.8561462973158193,KXHIGHTOKC-26JUL10-T98,0.8561462973158193,KXHIGHTOKC-26JUL10-T98,,,1.0
,,0.0249758586210044,t_plus_22h,okc,okc:2026-07-10,,KXHIGHTOKC-26JUL10,0.15531400936428877,bracket,raycaster_cloudcaster,,0.008224467195313948,2026-07-11T04:00:00+00:00,2026-07-10,1.0,0.8561462973158193,KXHIGHTOKC-26JUL10-T98,0.8561462973158193,KXHIGHTOKC-26JUL10-T98,,,1.0
,,0.0249758586210044,t_plus_23h,okc,okc:2026-07-10,,KXHIGHTOKC-26JUL10,0.15531400936428877,bracket,raycaster_cloudcaster,,0.008224467195313948,2026-07-11T05:00:00+00:00,2026-07-10,1.0,0.8561462973158193,KXHIGHTOKC-26JUL10-T98,0.8561462973158193,KXHIGHTOKC-26JUL10-T98,,,1.0
,,1.0277093229267755,t_plus_0h,aus,aus:2026-07-11,,KXHIGHAUS-26JUL11,1.8122203708314757,bracket,raycaster_cloudcaster,,0.17204163785924304,2026-07-11T06:00:00+00:00,2026-07-11,0.0,0.43789303822804443,KXHIGHAUS-26JUL11-B91.5,0.16329116704375124,KXHIGHAUS-26JUL11-T91,,,1.0
,,0.4720662371422658,t_plus_1h,aus,aus:2026-07-11,,KXHIGHAUS-26JUL11,0.776503576014202,bracket,raycaster_cloudcaster,,0.06184835808253717,2026-07-11T07:00:00+00:00,2026-07-11,1.0,0.46001159834922223,KXHIGHAUS-26JUL11-T91,0.46001159834922223,KXHIGHAUS-26JUL11-T91,,,1.0
,,1.063507624756402,t_plus_2h,aus,aus:2026-07-11,,KXHIGHAUS-26JUL11,1.8747700428265295,bracket,raycaster_cloudcaster,,0.17876717583189383,2026-07-11T08:00:00+00:00,2026-07-11,0.0,0.42616193478250086,KXHIGHAUS-26JUL11-B91.5,0.15339023597468107,KXHIGHAUS-26JUL11-T91,,,1.0
,,0.921834584641601,t_plus_3h,aus,aus:2026-07-11,,KXHIGHAUS-26JUL11,1.4853760687485071,bracket,raycaster_cloudcaster,,0.1332168752954477,2026-07-11T09:00:00+00:00,2026-07-11,0.0,0.5143256919110916,KXHIGHAUS-26JUL11-B91.5,0.22641717623952198,KXHIGHAUS-26JUL11-T91,,,1.0
,,0.8658206151942313,t_plus_4h,aus,aus:2026-07-11,,KXHIGHAUS-26JUL11,1.2713689535315957,bracket,raycaster_cloudcaster,,0.10774392315702146,2026-07-11T10:00:00+00:00,2026-07-11,0.0,0.5766858342767192,KXHIGHAUS-26JUL11-B91.5,0.280447439361898,KXHIGHAUS-26JUL11-T91,,,1.0
,,0.782699390511746,t_plus_5h,aus,aus:2026-07-11,,KXHIGHAUS-26JUL11,1.310935614306471,bracket,raycaster_cloudcaster,,0.1361795641790367,2026-07-11T11:00:00+00:00,2026-07-11,0.0,0.357763447945606,KXHIGHAUS-26JUL11-B93.5,0.2695677269396868,KXHIGHAUS-26JUL11-T91,,,0.0
,,1.0836023723324104,t_plus_6h,aus,aus:2026-07-11,,KXHIGHAUS-26JUL11,1.9215505863475697,bracket,raycaster_cloudcaster,,0.18903271951362213,2026-07-11T12:00:00+00:00,2026-07-11,0.0,0.4514843757196687,KXHIGHAUS-26JUL11-B93.5,0.1463798115302337,KXHIGHAUS-26JUL11-T91,,,0.0
,,1.1397897229289224,t_plus_7h,aus,aus:2026-07-11,,KXHIGHAUS-26JUL11,2.3707707577034536,bracket,raycaster_cloudcaster,,0.2588091619196675,2026-07-11T13:00:00+00:00,2026-07-11,0.0,0.48654222354841464,KXHIGHAUS-26JUL11-B93.5,0.0934087030479505,KXHIGHAUS-26JUL11-T91,,,0.0
,,1.2128360293443838,t_plus_8h,aus,aus:2026-07-11,,KXHIGHAUS-26JUL11,2.268665520064282,bracket,raycaster_cloudcaster,,0.23992054396663046,2026-07-11T14:00:00+00:00,2026-07-11,0.0,0.578880328926972,KXHIGHAUS-26JUL11-B93.5,0.10345014014653098,KXHIGHAUS-26JUL11-T91,,,0.0
,,1.1500437448331593,t_plus_9h,aus,aus:2026-07-11,,KXHIGHAUS-26JUL11,2.289310456704736,bracket,raycaster_cloudcaster,,0.21386576800015783,2026-07-11T15:00:00+00:00,2026-07-11,0.0,0.42822656770530165,KXHIGHAUS-26JUL11-B93.5,0.10133631354380437,KXHIGHAUS-26JUL11-T91,,,0.0
,,1.005345730226554,t_plus_10h,aus,aus:2026-07-11,,KXHIGHAUS-26JUL11,1.7153108880529753,bracket,raycaster_cloudcaster,,0.15797340074373423,2026-07-11T16:00:00+00:00,2026-07-11,0.0,0.47844585613563567,KXHIGHAUS-26JUL11-B91.5,0.1799077808383434,KXHIGHAUS-26JUL11-T91,,,1.0
,,1.0231906337541086,t_plus_11h,aus,aus:2026-07-11,,KXHIGHAUS-26JUL11,1.7771716479733637,bracket,raycaster_cloudcaster,,0.17358931631908486,2026-07-11T17:00:00+00:00,2026-07-11,0.0,0.409906170428394,KXHIGHAUS-26JUL11-B91.5,0.16911579046733358,KXHIGHAUS-26JUL11-T91,,,1.0
,,0.1519079027775665,t_plus_12h,aus,aus:2026-07-11,,KXHIGHAUS-26JUL11,0.38760827577744494,bracket,raycaster_cloudcaster,,0.02407190421308528,2026-07-11T18:00:00+00:00,2026-07-11,1.0,0.6786781458691015,KXHIGHAUS-26JUL11-T91,0.6786781458691015,KXHIGHAUS-26JUL11-T91,,,1.0
,,0.4118786034441309,t_plus_13h,aus,aus:2026-07-11,,KXHIGHAUS-26JUL11,0.6226315806638546,bracket,raycaster_cloudcaster,,0.043105518683552745,2026-07-11T19:00:00+00:00,2026-07-11,1.0,0.5365306544725319,KXHIGHAUS-26JUL11-T91,0.5365306544725319,KXHIGHAUS-26JUL11-T91,,,1.0
,,0.0946291545482178,t_plus_14h,aus,aus:2026-07-11,,KXHIGHAUS-26JUL11,0.2625547947003389,bracket,raycaster_cloudcaster,,0.01096184800434642,2026-07-11T20:00:00+00:00,2026-07-11,1.0,0.7690842214745264,KXHIGHAUS-26JUL11-T91,0.7690842214745264,KXHIGHAUS-26JUL11-T91,,,1.0
,,0.016280165933609873,t_plus_15h,aus,aus:2026-07-11,,KXHIGHAUS-26JUL11,0.1102135825327761,bracket,raycaster_cloudcaster,,0.0025814551751940544,2026-07-11T21:00:00+00:00,2026-07-11,1.0,0.8956428212043658,KXHIGHAUS-26JUL11-T91,0.8956428212043658,KXHIGHAUS-26JUL11-T91,,,1.0
,,0.0036032551628504134,t_plus_16h,aus,aus:2026-07-11,,KXHIGHAUS-26JUL11,0.055602111077440425,bracket,raycaster_cloudcaster,,0.0010349526092285801,2026-07-11T22:00:00+00:00,2026-07-11,1.0,0.9459154302951368,KXHIGHAUS-26JUL11-T91,0.9459154302951368,KXHIGHAUS-26JUL11-T91,,,1.0
,,0.02256313672821834,t_plus_17h,aus,aus:2026-07-11,,KXHIGHAUS-26JUL11,0.14499987783641174,bracket,raycaster_cloudcaster,,0.0061591448288502585,2026-07-11T23:00:00+00:00,2026-07-11,1.0,0.865022398784975,KXHIGHAUS-26JUL11-T91,0.865022398784975,KXHIGHAUS-26JUL11-T91,,,1.0
,,0.004787683681384934,t_plus_18h,aus,aus:2026-07-11,,KXHIGHAUS-26JUL11,0.06437120590176545,bracket,raycaster_cloudcaster,,0.0013751526034838685,2026-07-12T00:00:00+00:00,2026-07-11,1.0,0.9376568711566692,KXHIGHAUS-26JUL11-T91,0.9376568711566692,KXHIGHAUS-26JUL11-T91,,,1.0
,,0.0036032551628504134,t_plus_19h,aus,aus:2026-07-11,,KXHIGHAUS-26JUL11,0.055602111077440425,bracket,raycaster_cloudcaster,,0.0010349526092285801,2026-07-12T01:00:00+00:00,2026-07-11,1.0,0.9459154302951368,KXHIGHAUS-26JUL11-T91,0.9459154302951368,KXHIGHAUS-26JUL11-T91,,,1.0
,,0.0036032551628504134,t_plus_20h,aus,aus:2026-07-11,,KXHIGHAUS-26JUL11,0.055602111077440425,bracket,raycaster_cloudcaster,,0.0010349526092285801,2026-07-12T02:00:00+00:00,2026-07-11,1.0,0.9459154302951368,KXHIGHAUS-26JUL11-T91,0.9459154302951368,KXHIGHAUS-26JUL11-T91,,,1.0
,,0.0036032551628504134,t_plus_21h,aus,aus:2026-07-11,,KXHIGHAUS-26JUL11,0.055602111077440425,bracket,raycaster_cloudcaster,,0.0010349526092285801,2026-07-12T03:00:00+00:00,2026-07-11,1.0,0.9459154302951368,KXHIGHAUS-26JUL11-T91,0.9459154302951368,KXHIGHAUS-26JUL11-T91,,,1.0
,,0.0036032551628504134,t_plus_22h,aus,aus:2026-07-11,,KXHIGHAUS-26JUL11,0.055602111077440425,bracket,raycaster_cloudcaster,,0.0010349526092285801,2026-07-12T04:00:00+00:00,2026-07-11,1.0,0.9459154302951368,KXHIGHAUS-26JUL11-T91,0.9459154302951368,KXHIGHAUS-26JUL11-T91,,,1.0
,,0.0036032551628504134,t_plus_23h,aus,aus:2026-07-11,,KXHIGHAUS-26JUL11,0.055602111077440425,bracket,raycaster_cloudcaster,,0.0010349526092285801,2026-07-12T05:00:00+00:00,2026-07-11,1.0,0.9459154302951368,KXHIGHAUS-26JUL11-T91,0.9459154302951368,KXHIGHAUS-26JUL11-T91,,,1.0
,,1.4133101082677353,t_plus_0h,den,den:2026-07-11,,KXHIGHDEN-26JUL11,3.7142989363086722,bracket,raycaster_cloudcaster,,0.22960687317811374,2026-07-11T07:00:00+00:00,2026-07-11,0.0,0.4997444164828222,KXHIGHDEN-26JUL11-B95.5,0.02437252181710616,KXHIGHDEN-26JUL11-B93.5,,,1.0
,,1.4163899395335422,t_plus_1h,den,den:2026-07-11,,KXHIGHDEN-26JUL11,3.76028625423862,bracket,raycaster_cloudcaster,,0.2340473685745803,2026-07-11T08:00:00+00:00,2026-07-11,0.0,0.4811384297964569,KXHIGHDEN-26JUL11-B95.5,0.02327707625938492,KXHIGHDEN-26JUL11-B93.5,,,1.0
,,1.221127689071805,t_plus_2h,den,den:2026-07-11,,KXHIGHDEN-26JUL11,2.3594985403743336,bracket,raycaster_cloudcaster,,0.1922786668371889,2026-07-11T09:00:00+00:00,2026-07-11,0.0,0.49521825261670954,KXHIGHDEN-26JUL11-B95.5,0.0944675829996039,KXHIGHDEN-26JUL11-B93.5,,,1.0
,,0.9395067678979652,t_plus_3h,den,den:2026-07-11,,KXHIGHDEN-26JUL11,1.5672925708209313,bracket,raycaster_cloudcaster,,0.14240867640610838,2026-07-11T10:00:00+00:00,2026-07-11,0.0,0.46399900868853894,KXHIGHDEN-26JUL11-B95.5,0.20860921314647027,KXHIGHDEN-26JUL11-B93.5,,,1.0
,,0.9395067678979652,t_plus_4h,den,den:2026-07-11,,KXHIGHDEN-26JUL11,1.5672925708209313,bracket,raycaster_cloudcaster,,0.14240867640610838,2026-07-11T11:00:00+00:00,2026-07-11,0.0,0.46399900868853894,KXHIGHDEN-26JUL11-B95.5,0.20860921314647027,KXHIGHDEN-26JUL11-B93.5,,,1.0
,,1.2638546108126367,t_plus_5h,den,den:2026-07-11,,KXHIGHDEN-26JUL11,2.5985196974437046,bracket,raycaster_cloudcaster,,0.2022946175431087,2026-07-11T12:00:00+00:00,2026-07-11,0.0,0.49867319170202185,KXHIGHDEN-26JUL11-B95.5,0.07438360699988389,KXHIGHDEN-26JUL11-B93.5,,,1.0
,,1.2638546108126367,t_plus_6h,den,den:2026-07-11,,KXHIGHDEN-26JUL11,2.5985196974437046,bracket,raycaster_cloudcaster,,0.2022946175431087,2026-07-11T13:00:00+00:00,2026-07-11,0.0,0.49867319170202185,KXHIGHDEN-26JUL11-B95.5,0.07438360699988389,KXHIGHDEN-26JUL11-B93.5,,,1.0
,,1.2659010860258233,t_plus_7h,den,den:2026-07-11,,KXHIGHDEN-26JUL11,2.5577548060042936,bracket,raycaster_cloudcaster,,0.19972329471617944,2026-07-11T14:00:00+00:00,2026-07-11,0.0,0.503601457748297,KXHIGHDEN-26JUL11-B95.5,0.07747849957086583,KXHIGHDEN-26JUL11-B93.5,,,1.0
,,0.5377845331101981,t_plus_8h,den,den:2026-07-11,,KXHIGHDEN-26JUL11,0.8684081722175331,bracket,raycaster_cloudcaster,,0.06945667422974329,2026-07-11T15:00:00+00:00,2026-07-11,0.0,0.42552483206541264,KXHIGHDEN-26JUL11-B95.5,0.419618979038947,KXHIGHDEN-26JUL11-B93.5,,,1.0
,,0.8125595278444566,t_plus_9h,den,den:2026-07-11,,KXHIGHDEN-26JUL11,1.2496880357096005,bracket,raycaster_cloudcaster,,0.10494478539828463,2026-07-11T16:00:00+00:00,2026-07-11,0.0,0.5230561932620645,KXHIGHDEN-26JUL11-B95.5,0.2865941900688581,KXHIGHDEN-26JUL11-B93.5,,,1.0
,,0.8125595278444566,t_plus_10h,den,den:2026-07-11,,KXHIGHDEN-26JUL11,1.2496880357096005,bracket,raycaster_cloudcaster,,0.10494478539828463,2026-07-11T17:00:00+00:00,2026-07-11,0.0,0.5230561932620645,KXHIGHDEN-26JUL11-B95.5,0.2865941900688581,KXHIGHDEN-26JUL11-B93.5,,,1.0
,,0.8546972556100663,t_plus_11h,den,den:2026-07-11,,KXHIGHDEN-26JUL11,1.3721822703225959,bracket,raycaster_cloudcaster,,0.1207111038393391,2026-07-11T18:00:00+00:00,2026-07-11,0.0,0.48841183340493877,KXHIGHDEN-26JUL11-B95.5,0.25355303410356766,KXHIGHDEN-26JUL11-B93.5,,,1.0
,,0.7181363660037916,t_plus_12h,den,den:2026-07-11,,KXHIGHDEN-26JUL11,1.109026697366806,bracket,raycaster_cloudcaster,,0.09267698755696639,2026-07-11T19:00:00+00:00,2026-07-11,0.0,0.49273601629181185,KXHIGHDEN-26JUL11-B95.5,0.32987987782902284,KXHIGHDEN-26JUL11-B93.5,,,1.0
,,0.6927836173540571,t_plus_13h,den,den:2026-07-11,,KXHIGHDEN-26JUL11,0.9483469381764671,bracket,raycaster_cloudcaster,,0.0725346726746858,2026-07-11T20:00:00+00:00,2026-07-11,0.0,0.5624238655389753,KXHIGHDEN-26JUL11-B95.5,0.38738085897410135,KXHIGHDEN-26JUL11-B93.5,,,1.0
,,0.667784790265481,t_plus_14h,den,den:2026-07-11,,KXHIGHDEN-26JUL11,1.0315271360603573,bracket,raycaster_cloudcaster,,0.08488201086450971,2026-07-11T21:00:00+00:00,2026-07-11,0.0,0.48172404881853637,KXHIGHDEN-26JUL11-B95.5,0.35646217844994915,KXHIGHDEN-26JUL11-B93.5,,,1.0
,,0.5531811855046099,t_plus_15h,den,den:2026-07-11,,KXHIGHDEN-26JUL11,0.8363864894650415,bracket,raycaster_cloudcaster,,0.06320187648941526,2026-07-11T22:00:00+00:00,2026-07-11,0.0,0.47566034503881927,KXHIGHDEN-26JUL11-B95.5,0.4332733358726281,KXHIGHDEN-26JUL11-B93.5,,,1.0
,,0.122583760322507,t_plus_16h,den,den:2026-07-11,,KXHIGHDEN-26JUL11,0.33503553550724924,bracket,raycaster_cloudcaster,,0.016181972419535333,2026-07-11T23:00:00+00:00,2026-07-11,1.0,0.7153126669024559,KXHIGHDEN-26JUL11-B93.5,0.7153126669024559,KXHIGHDEN-26JUL11-B93.5,,,1.0
,,0.015517193156628318,t_plus_17h,den,den:2026-07-11,,KXHIGHDEN-26JUL11,0.10779625798719637,bracket,raycaster_cloudcaster,,0.00160576276913903,2026-07-12T00:00:00+00:00,2026-07-11,1.0,0.8978104995155683,KXHIGHDEN-26JUL11-B93.5,0.8978104995155683,KXHIGHDEN-26JUL11-B93.5,,,1.0
,,0.004248960955058559,t_plus_18h,den,den:2026-07-11,,KXHIGHDEN-26JUL11,0.06066846903161014,bracket,raycaster_cloudcaster,,0.0004364466660529916,2026-07-12T01:00:00+00:00,2026-07-11,1.0,0.941135203525741,KXHIGHDEN-26JUL11-B93.5,0.941135203525741,KXHIGHDEN-26JUL11-B93.5,,,1.0
,,0.003938203677928759,t_plus_19h,den,den:2026-07-11,,KXHIGHDEN-26JUL11,0.05832056717374032,bracket,raycaster_cloudcaster,,0.0004307126154031721,2026-07-12T02:00:00+00:00,2026-07-11,1.0,0.9433474927212653,KXHIGHDEN-26JUL11-B93.5,0.9433474927212653,KXHIGHDEN-26JUL11-B93.5,,,1.0
,,0.003938203677928759,t_plus_20h,den,den:2026-07-11,,KXHIGHDEN-26JUL11,0.05832056717374032,bracket,raycaster_cloudcaster,,0.0004307126154031721,2026-07-12T03:00:00+00:00,2026-07-11,1.0,0.9433474927212653,KXHIGHDEN-26JUL11-B93.5,0.9433474927212653,KXHIGHDEN-26JUL11-B93.5,,,1.0
,,0.003940251716100105,t_plus_21h,den,den:2026-07-11,,KXHIGHDEN-26JUL11,0.05833654762129756,bracket,raycaster_cloudcaster,,0.00043100966577022437,2026-07-12T04:00:00+00:00,2026-07-11,1.0,0.9433324177265825,KXHIGHDEN-26JUL11-B93.5,0.9433324177265825,KXHIGHDEN-26JUL11-B93.5,,,1.0
,,0.00880165890435545,t_plus_22h,den,den:2026-07-11,,KXHIGHDEN-26JUL11,0.08653855850307804,bracket,raycaster_cloudcaster,,0.0011939137873943429,2026-07-12T05:00:00+00:00,2026-07-11,1.0,0.9171001860925955,KXHIGHDEN-26JUL11-B93.5,0.9171001860925955,KXHIGHDEN-26JUL11-B93.5,,,1.0
,,0.00880165890435545,t_plus_23h,den,den:2026-07-11,,KXHIGHDEN-26JUL11,0.08653855850307804,bracket,raycaster_cloudcaster,,0.0011939137873943429,2026-07-12T06:00:00+00:00,2026-07-11,1.0,0.9171001860925955,KXHIGHDEN-26JUL11-B93.5,0.9171001860925955,KXHIGHDEN-26JUL11-B93.5,,,1.0
,,1.4677937162387154,t_plus_0h,la,la:2026-07-11,,KXHIGHLAX-26JUL11,5.034296651490821,bracket,raycaster_cloudcaster,,0.24964634277411185,2026-07-11T08:00:00+00:00,2026-07-11,0.0,0.5255907663655517,KXHIGHLAX-26JUL11-B73.5,0.0065107758512018285,KXHIGHLAX-26JUL11-B77.5,,,0.0
,,1.4668677654715123,t_plus_1h,la,la:2026-07-11,,KXHIGHLAX-26JUL11,4.953574485208502,bracket,raycaster_cloudcaster,,0.25145590583972866,2026-07-11T09:00:00+00:00,2026-07-11,0.0,0.5361550262545318,KXHIGHLAX-26JUL11-B73.5,0.00705813458690127,KXHIGHLAX-26JUL11-B77.5,,,0.0
,,1.4047788978759363,t_plus_2h,la,la:2026-07-11,,KXHIGHLAX-26JUL11,3.6180761082435473,bracket,raycaster_cloudcaster,,0.23745663327794544,2026-07-11T10:00:00+00:00,2026-07-11,0.0,0.5073883454496512,KXHIGHLAX-26JUL11-B73.5,0.026834253061116944,KXHIGHLAX-26JUL11-B77.5,,,0.0
,,1.438061831568447,t_plus_3h,la,la:2026-07-11,,KXHIGHLAX-26JUL11,4.050831368165237,bracket,raycaster_cloudcaster,,0.24728076948794486,2026-07-11T11:00:00+00:00,2026-07-11,0.0,0.5345835166246707,KXHIGHLAX-26JUL11-B73.5,0.01740789625112492,KXHIGHLAX-26JUL11-B77.5,,,0.0
,,1.4373822091648623,t_plus_4h,la,la:2026-07-11,,KXHIGHLAX-26JUL11,4.070509166659316,bracket,raycaster_cloudcaster,,0.2452420595881593,2026-07-11T12:00:00+00:00,2026-07-11,0.0,0.524166913931224,KXHIGHLAX-26JUL11-B73.5,0.01706869548391529,KXHIGHLAX-26JUL11-B77.5,,,0.0
,,1.4373822091648623,t_plus_5h,la,la:2026-07-11,,KXHIGHLAX-26JUL11,4.070509166659316,bracket,raycaster_cloudcaster,,0.2452420595881593,2026-07-11T13:00:00+00:00,2026-07-11,0.0,0.524166913931224,KXHIGHLAX-26JUL11-B73.5,0.01706869548391529,KXHIGHLAX-26JUL11-B77.5,,,0.0
,,1.4196777499255193,t_plus_6h,la,la:2026-07-11,,KXHIGHLAX-26JUL11,3.79158214929417,bracket,raycaster_cloudcaster,,0.24312484048610203,2026-07-11T14:00:00+00:00,2026-07-11,0.0,0.5268069753590582,KXHIGHLAX-26JUL11-B73.5,0.022559880501307424,KXHIGHLAX-26JUL11-B77.5,,,0.0
,,1.161604452781836,t_plus_7h,la,la:2026-07-11,,KXHIGHLAX-26JUL11,1.957962331945654,bracket,raycaster_cloudcaster,,0.15516214434790548,2026-07-11T15:00:00+00:00,2026-07-11,0.0,0.6074890933429706,KXHIGHLAX-26JUL11-B75.5,0.14114573625276464,KXHIGHLAX-26JUL11-B77.5,,,1.0
,,1.3016890253687854,t_plus_8h,la,la:2026-07-11,,KXHIGHLAX-26JUL11,2.7520259317972555,bracket,raycaster_cloudcaster,,0.21231486300182975,2026-07-11T16:00:00+00:00,2026-07-11,0.0,0.47585288458169966,KXHIGHLAX-26JUL11-B75.5,0.06379847882415285,KXHIGHLAX-26JUL11-B77.5,,,1.0
,,1.3431436913440793,t_plus_9h,la,la:2026-07-11,,KXHIGHLAX-26JUL11,2.987982015004667,bracket,raycaster_cloudcaster,,0.23095919677264193,2026-07-11T17:00:00+00:00,2026-07-11,0.0,0.5166399933310004,KXHIGHLAX-26JUL11-B73.5,0.05038901847710873,KXHIGHLAX-26JUL11-B77.5,,,0.0
,,0.9237353600719658,t_plus_10h,la,la:2026-07-11,,KXHIGHLAX-26JUL11,1.2310738049853227,bracket,raycaster_cloudcaster,,0.09160920752165744,2026-07-11T18:00:00+00:00,2026-07-11,0.0,0.6490890854447431,KXHIGHLAX-26JUL11-B75.5,0.2919788809084944,KXHIGHLAX-26JUL11-B77.5,,,1.0
,,0.7365443278702387,t_plus_11h,la,la:2026-07-11,,KXHIGHLAX-26JUL11,0.9613296529001616,bracket,raycaster_cloudcaster,,0.07367823255113808,2026-07-11T19:00:00+00:00,2026-07-11,0.0,0.5957985742273454,KXHIGHLAX-26JUL11-B75.5,0.38238410966173303,KXHIGHLAX-26JUL11-B77.5,,,1.0
,,0.0042351070221195225,t_plus_12h,la,la:2026-07-11,,KXHIGHLAX-26JUL11,0.059886532525229554,bracket,raycaster_cloudcaster,,0.0004829887837932475,2026-07-11T20:00:00+00:00,2026-07-11,1.0,0.9418713992904791,KXHIGHLAX-26JUL11-B77.5,0.9418713992904791,KXHIGHLAX-26JUL11-B77.5,,,1.0
,,0.0042351070221195225,t_plus_13h,la,la:2026-07-11,,KXHIGHLAX-26JUL11,0.059886532525229554,bracket,raycaster_cloudcaster,,0.0004829887837932475,2026-07-11T21:00:00+00:00,2026-07-11,1.0,0.9418713992904791,KXHIGHLAX-26JUL11-B77.5,0.9418713992904791,KXHIGHLAX-26JUL11-B77.5,,,1.0
,,0.0036032551628504134,t_plus_14h,la,la:2026-07-11,,KXHIGHLAX-26JUL11,0.055602111077440425,bracket,raycaster_cloudcaster,,0.00042031544604457914,2026-07-11T22:00:00+00:00,2026-07-11,1.0,0.9459154302951368,KXHIGHLAX-26JUL11-B77.5,0.9459154302951368,KXHIGHLAX-26JUL11-B77.5,,,1.0
,,0.0036032551628504134,t_plus_15h,la,la:2026-07-11,,KXHIGHLAX-26JUL11,0.055602111077440425,bracket,raycaster_cloudcaster,,0.00042031544604457914,2026-07-11T23:00:00+00:00,2026-07-11,1.0,0.9459154302951368,KXHIGHLAX-26JUL11-B77.5,0.9459154302951368,KXHIGHLAX-26JUL11-B77.5,,,1.0
,,0.0036032551628504134,t_plus_16h,la,la:2026-07-11,,KXHIGHLAX-26JUL11,0.055602111077440425,bracket,raycaster_cloudcaster,,0.00042031544604457914,2026-07-12T00:00:00+00:00,2026-07-11,1.0,0.9459154302951368,KXHIGHLAX-26JUL11-B77.5,0.9459154302951368,KXHIGHLAX-26JUL11-B77.5,,,1.0
,,0.0036032551628504134,t_plus_17h,la,la:2026-07-11,,KXHIGHLAX-26JUL11,0.055602111077440425,bracket,raycaster_cloudcaster,,0.00042031544604457914,2026-07-12T01:00:00+00:00,2026-07-11,1.0,0.9459154302951368,KXHIGHLAX-26JUL11-B77.5,0.9459154302951368,KXHIGHLAX-26JUL11-B77.5,,,1.0
,,0.0022989521524217306,t_plus_18h,la,la:2026-07-11,,KXHIGHLAX-26JUL11,0.04475657686160043,bracket,raycaster_cloudcaster,,0.0002912006059734186,2026-07-12T02:00:00+00:00,2026-07-11,1.0,0.9562302220664596,KXHIGHLAX-26JUL11-B77.5,0.9562302220664596,KXHIGHLAX-26JUL11-B77.5,,,1.0
,,0.0022989521524217306,t_plus_19h,la,la:2026-07-11,,KXHIGHLAX-26JUL11,0.04475657686160043,bracket,raycaster_cloudcaster,,0.0002912006059734186,2026-07-12T03:00:00+00:00,2026-07-11,1.0,0.9562302220664596,KXHIGHLAX-26JUL11-B77.5,0.9562302220664596,KXHIGHLAX-26JUL11-B77.5,,,1.0
,,0.0022989521524217306,t_plus_20h,la,la:2026-07-11,,KXHIGHLAX-26JUL11,0.04475657686160043,bracket,raycaster_cloudcaster,,0.0002912006059734186,2026-07-12T04:00:00+00:00,2026-07-11,1.0,0.9562302220664596,KXHIGHLAX-26JUL11-B77.5,0.9562302220664596,KXHIGHLAX-26JUL11-B77.5,,,1.0
,,0.0036032551628504134,t_plus_21h,la,la:2026-07-11,,KXHIGHLAX-26JUL11,0.055602111077440425,bracket,raycaster_cloudcaster,,0.00042031544604457914,2026-07-12T05:00:00+00:00,2026-07-11,1.0,0.9459154302951368,KXHIGHLAX-26JUL11-B77.5,0.9459154302951368,KXHIGHLAX-26JUL11-B77.5,,,1.0
,,0.0036032551628504134,t_plus_22h,la,la:2026-07-11,,KXHIGHLAX-26JUL11,0.055602111077440425,bracket,raycaster_cloudcaster,,0.00042031544604457914,2026-07-12T06:00:00+00:00,2026-07-11,1.0,0.9459154302951368,KXHIGHLAX-26JUL11-B77.5,0.9459154302951368,KXHIGHLAX-26JUL11-B77.5,,,1.0
,,0.0036032551628504134,t_plus_23h,la,la:2026-07-11,,KXHIGHLAX-26JUL11,0.055602111077440425,bracket,raycaster_cloudcaster,,0.00042031544604457914,2026-07-12T07:00:00+00:00,2026-07-11,1.0,0.9459154302951368,KXHIGHLAX-26JUL11-B77.5,0.9459154302951368,KXHIGHLAX-26JUL11-B77.5,,,1.0
,,0.4675592846104467,t_plus_0h,mia,mia:2026-07-11,,KXHIGHMIA-26JUL11,0.7468351024294474,bracket,raycaster_cloudcaster,,0.0546899923812156,2026-07-11T05:00:00+00:00,2026-07-11,1.0,0.47386391274184125,KXHIGHMIA-26JUL11-B91.5,0.47386391274184125,KXHIGHMIA-26JUL11-B91.5,,,1.0
,,0.44288973714402596,t_plus_1h,mia,mia:2026-07-11,,KXHIGHMIA-26JUL11,0.7187194203859973,bracket,raycaster_cloudcaster,,0.05192945593771057,2026-07-11T06:00:00+00:00,2026-07-11,1.0,0.48737598025509604,KXHIGHMIA-26JUL11-B91.5,0.48737598025509604,KXHIGHMIA-26JUL11-B91.5,,,1.0
,,0.2987861750294918,t_plus_2h,mia,mia:2026-07-11,,KXHIGHMIA-26JUL11,0.5726975656750222,bracket,raycaster_cloudcaster,,0.03854767833280985,2026-07-11T07:00:00+00:00,2026-07-11,1.0,0.5640019524636871,KXHIGHMIA-26JUL11-B91.5,0.5640019524636871,KXHIGHMIA-26JUL11-B91.5,,,1.0
,,0.2987861750294918,t_plus_3h,mia,mia:2026-07-11,,KXHIGHMIA-26JUL11,0.5726975656750222,bracket,raycaster_cloudcaster,,0.03854767833280985,2026-07-11T08:00:00+00:00,2026-07-11,1.0,0.5640019524636871,KXHIGHMIA-26JUL11-B91.5,0.5640019524636871,KXHIGHMIA-26JUL11-B91.5,,,1.0
,,0.29856266666574127,t_plus_4h,mia,mia:2026-07-11,,KXHIGHMIA-26JUL11,0.5719220683403801,bracket,raycaster_cloudcaster,,0.03616785754707612,2026-07-11T09:00:00+00:00,2026-07-11,1.0,0.5644395041126959,KXHIGHMIA-26JUL11-B91.5,0.5644395041126959,KXHIGHMIA-26JUL11-B91.5,,,1.0
,,0.29651610659072075,t_plus_5h,mia,mia:2026-07-11,,KXHIGHMIA-26JUL11,0.5673849277973582,bracket,raycaster_cloudcaster,,0.035573570154918355,2026-07-11T10:00:00+00:00,2026-07-11,1.0,0.5670062639427345,KXHIGHMIA-26JUL11-B91.5,0.5670062639427345,KXHIGHMIA-26JUL11-B91.5,,,1.0
,,0.440765048115659,t_plus_6h,mia,mia:2026-07-11,,KXHIGHMIA-26JUL11,0.7315601664255428,bracket,raycaster_cloudcaster,,0.039022486117220784,2026-07-11T11:00:00+00:00,2026-07-11,1.0,0.4811577180707775,KXHIGHMIA-26JUL11-B91.5,0.4811577180707775,KXHIGHMIA-26JUL11-B91.5,,,1.0
,,0.4227051251948571,t_plus_7h,mia,mia:2026-07-11,,KXHIGHMIA-26JUL11,0.7067327846833201,bracket,raycaster_cloudcaster,,0.04563725090329937,2026-07-11T12:00:00+00:00,2026-07-11,1.0,0.49325313184956515,KXHIGHMIA-26JUL11-B91.5,0.49325313184956515,KXHIGHMIA-26JUL11-B91.5,,,1.0
,,0.4934331580997266,t_plus_8h,mia,mia:2026-07-11,,KXHIGHMIA-26JUL11,0.7434622412941523,bracket,raycaster_cloudcaster,,0.04884184545637614,2026-07-11T13:00:00+00:00,2026-07-11,1.0,0.4754648883329718,KXHIGHMIA-26JUL11-B91.5,0.4754648883329718,KXHIGHMIA-26JUL11-B91.5,,,1.0
,,0.5010419218308544,t_plus_9h,mia,mia:2026-07-11,,KXHIGHMIA-26JUL11,0.7358233312143598,bracket,raycaster_cloudcaster,,0.04796148998383652,2026-07-11T14:00:00+00:00,2026-07-11,1.0,0.479110829640681,KXHIGHMIA-26JUL11-B91.5,0.479110829640681,KXHIGHMIA-26JUL11-B91.5,,,1.0
,,0.42247448947787325,t_plus_10h,mia,mia:2026-07-11,,KXHIGHMIA-26JUL11,0.6989245030359381,bracket,raycaster_cloudcaster,,0.035816821014668154,2026-07-11T15:00:00+00:00,2026-07-11,1.0,0.4971196670795741,KXHIGHMIA-26JUL11-B91.5,0.4971196670795741,KXHIGHMIA-26JUL11-B91.5,,,1.0
,,0.33279441781417257,t_plus_11h,mia,mia:2026-07-11,,KXHIGHMIA-26JUL11,0.6202889392794977,bracket,raycaster_cloudcaster,,0.025024917738965913,2026-07-11T16:00:00+00:00,2026-07-11,1.0,0.5377890267696932,KXHIGHMIA-26JUL11-B91.5,0.5377890267696932,KXHIGHMIA-26JUL11-B91.5,,,1.0
,,0.2501754671648865,t_plus_12h,mia,mia:2026-07-11,,KXHIGHMIA-26JUL11,0.4729198012185446,bracket,raycaster_cloudcaster,,0.02260407983570327,2026-07-11T17:00:00+00:00,2026-07-11,1.0,0.623180047454046,KXHIGHMIA-26JUL11-B91.5,0.623180047454046,KXHIGHMIA-26JUL11-B91.5,,,1.0
,,0.11983160719274935,t_plus_13h,mia,mia:2026-07-11,,KXHIGHMIA-26JUL11,0.3298578308460556,bracket,raycaster_cloudcaster,,0.009429727021731265,2026-07-11T18:00:00+00:00,2026-07-11,1.0,0.7190259494766709,KXHIGHMIA-26JUL11-B91.5,0.7190259494766709,KXHIGHMIA-26JUL11-B91.5,,,1.0
,,0.007971096731157874,t_plus_14h,mia,mia:2026-07-11,,KXHIGHMIA-26JUL11,0.07963449777147413,bracket,raycaster_cloudcaster,,0.0008542843985333909,2026-07-11T19:00:00+00:00,2026-07-11,1.0,0.9234538091363654,KXHIGHMIA-26JUL11-B91.5,0.9234538091363654,KXHIGHMIA-26JUL11-B91.5,,,1.0
,,0.0022989521524217306,t_plus_15h,mia,mia:2026-07-11,,KXHIGHMIA-26JUL11,0.04475657686160043,bracket,raycaster_cloudcaster,,0.000291200605973418,2026-07-11T20:00:00+00:00,2026-07-11,1.0,0.9562302220664596,KXHIGHMIA-26JUL11-B91.5,0.9562302220664596,KXHIGHMIA-26JUL11-B91.5,,,1.0
,,0.0022989521524217306,t_plus_16h,mia,mia:2026-07-11,,KXHIGHMIA-26JUL11,0.04475657686160043,bracket,raycaster_cloudcaster,,0.000291200605973418,2026-07-11T21:00:00+00:00,2026-07-11,1.0,0.9562302220664596,KXHIGHMIA-26JUL11-B91.5,0.9562302220664596,KXHIGHMIA-26JUL11-B91.5,,,1.0
,,0.0022989521524217306,t_plus_17h,mia,mia:2026-07-11,,KXHIGHMIA-26JUL11,0.04475657686160043,bracket,raycaster_cloudcaster,,0.000291200605973418,2026-07-11T22:00:00+00:00,2026-07-11,1.0,0.9562302220664596,KXHIGHMIA-26JUL11-B91.5,0.9562302220664596,KXHIGHMIA-26JUL11-B91.5,,,1.0
,,0.0036032551628504134,t_plus_18h,mia,mia:2026-07-11,,KXHIGHMIA-26JUL11,0.055602111077440425,bracket,raycaster_cloudcaster,,0.00042031544604458103,2026-07-11T23:00:00+00:00,2026-07-11,1.0,0.9459154302951368,KXHIGHMIA-26JUL11-B91.5,0.9459154302951368,KXHIGHMIA-26JUL11-B91.5,,,1.0
,,0.0036032551628504134,t_plus_19h,mia,mia:2026-07-11,,KXHIGHMIA-26JUL11,0.055602111077440425,bracket,raycaster_cloudcaster,,0.00042031544604458103,2026-07-12T00:00:00+00:00,2026-07-11,1.0,0.9459154302951368,KXHIGHMIA-26JUL11-B91.5,0.9459154302951368,KXHIGHMIA-26JUL11-B91.5,,,1.0
,,0.0036032551628504134,t_plus_20h,mia,mia:2026-07-11,,KXHIGHMIA-26JUL11,0.055602111077440425,bracket,raycaster_cloudcaster,,0.00042031544604458103,2026-07-12T01:00:00+00:00,2026-07-11,1.0,0.9459154302951368,KXHIGHMIA-26JUL11-B91.5,0.9459154302951368,KXHIGHMIA-26JUL11-B91.5,,,1.0
,,0.0036032551628504134,t_plus_21h,mia,mia:2026-07-11,,KXHIGHMIA-26JUL11,0.055602111077440425,bracket,raycaster_cloudcaster,,0.00042031544604458103,2026-07-12T02:00:00+00:00,2026-07-11,1.0,0.9459154302951368,KXHIGHMIA-26JUL11-B91.5,0.9459154302951368,KXHIGHMIA-26JUL11-B91.5,,,1.0
,,0.0036032551628504134,t_plus_22h,mia,mia:2026-07-11,,KXHIGHMIA-26JUL11,0.055602111077440425,bracket,raycaster_cloudcaster,,0.00042031544604458103,2026-07-12T03:00:00+00:00,2026-07-11,1.0,0.9459154302951368,KXHIGHMIA-26JUL11-B91.5,0.9459154302951368,KXHIGHMIA-26JUL11-B91.5,,,1.0
,,0.0036032551628504134,t_plus_23h,mia,mia:2026-07-11,,KXHIGHMIA-26JUL11,0.055602111077440425,bracket,raycaster_cloudcaster,,0.00042031544604458103,2026-07-12T04:00:00+00:00,2026-07-11,1.0,0.9459154302951368,KXHIGHMIA-26JUL11-B91.5,0.9459154302951368,KXHIGHMIA-26JUL11-B91.5,,,1.0
,,0.5306600571684659,t_plus_0h,nyc,nyc:2026-07-11,,KXHIGHNY-26JUL11,0.8043287182681288,bracket,raycaster_cloudcaster,,0.04557474461809863,2026-07-11T05:00:00+00:00,2026-07-11,0.0,0.46972033488973525,KXHIGHNY-26JUL11-T81,0.44738814927273357,KXHIGHNY-26JUL11-B81.5,,,1.0
,,0.4648056997540304,t_plus_1h,nyc,nyc:2026-07-11,,KXHIGHNY-26JUL11,0.7979453122193709,bracket,raycaster_cloudcaster,,0.03364772675526868,2026-07-11T06:00:00+00:00,2026-07-11,1.0,0.4502531439746687,KXHIGHNY-26JUL11-B81.5,0.4502531439746687,KXHIGHNY-26JUL11-B81.5,,,1.0
,,0.43780211992131834,t_plus_2h,nyc,nyc:2026-07-11,,KXHIGHNY-26JUL11,0.7388077976338843,bracket,raycaster_cloudcaster,,0.03387526231583421,2026-07-11T07:00:00+00:00,2026-07-11,1.0,0.4776830710669056,KXHIGHNY-26JUL11-B81.5,0.4776830710669056,KXHIGHNY-26JUL11-B81.5,,,1.0
,,0.7875363004704734,t_plus_3h,nyc,nyc:2026-07-11,,KXHIGHNY-26JUL11,1.0471959559100712,bracket,raycaster_cloudcaster,,0.07362285341021438,2026-07-11T08:00:00+00:00,2026-07-11,0.0,0.604568015468072,KXHIGHNY-26JUL11-T81,0.35092036699649776,KXHIGHNY-26JUL11-B81.5,,,1.0
,,0.7862618730452714,t_plus_4h,nyc,nyc:2026-07-11,,KXHIGHNY-26JUL11,1.0456998758510156,bracket,raycaster_cloudcaster,,0.07350371352618422,2026-07-11T09:00:00+00:00,2026-07-11,0.0,0.6040786475385782,KXHIGHNY-26JUL11-T81,0.3514457648805285,KXHIGHNY-26JUL11-B81.5,,,1.0
,,0.6086769635138637,t_plus_5h,nyc,nyc:2026-07-11,,KXHIGHNY-26JUL11,0.8390974716881044,bracket,raycaster_cloudcaster,,0.05745663416973312,2026-07-11T10:00:00+00:00,2026-07-11,0.0,0.5345835166246707,KXHIGHNY-26JUL11-T81,0.43210033027841654,KXHIGHNY-26JUL11-B81.5,,,1.0
,,0.5851873734303867,t_plus_6h,nyc,nyc:2026-07-11,,KXHIGHNY-26JUL11,0.8138106055174369,bracket,raycaster_cloudcaster,,0.05523931223194865,2026-07-11T11:00:00+00:00,2026-07-11,0.0,0.524166913931224,KXHIGHNY-26JUL11-T81,0.44316611335115313,KXHIGHNY-26JUL11-B81.5,,,1.0
,,0.6086769635138637,t_plus_7h,nyc,nyc:2026-07-11,,KXHIGHNY-26JUL11,0.8390974716881044,bracket,raycaster_cloudcaster,,0.05745663416973312,2026-07-11T12:00:00+00:00,2026-07-11,0.0,0.5345835166246707,KXHIGHNY-26JUL11-T81,0.43210033027841654,KXHIGHNY-26JUL11-B81.5,,,1.0
,,0.6898820565399866,t_plus_8h,nyc,nyc:2026-07-11,,KXHIGHNY-26JUL11,0.9278891033100474,bracket,raycaster_cloudcaster,,0.06510493898500407,2026-07-11T13:00:00+00:00,2026-07-11,0.0,0.5690879517216796,KXHIGHNY-26JUL11-T81,0.39538745215463,KXHIGHNY-26JUL11-B81.5,,,1.0
,,0.7075705745595477,t_plus_9h,nyc,nyc:2026-07-11,,KXHIGHNY-26JUL11,0.9297466292976535,bracket,raycaster_cloudcaster,,0.06837389727008997,2026-07-11T14:00:00+00:00,2026-07-11,0.0,0.5839624161666834,KXHIGHNY-26JUL11-T81,0.3946536913879067,KXHIGHNY-26JUL11-B81.5,,,1.0
,,1.577734133578403,t_plus_10h,nyc,nyc:2026-07-11,,KXHIGHNY-26JUL11,2.3427026050581587,bracket,raycaster_cloudcaster,,0.1524594654546725,2026-07-11T15:00:00+00:00,2026-07-11,0.0,0.8720008848287103,KXHIGHNY-26JUL11-T81,0.0960676541435702,KXHIGHNY-26JUL11-B81.5,,,1.0
,,1.577734133578403,t_plus_11h,nyc,nyc:2026-07-11,,KXHIGHNY-26JUL11,2.3427026050581587,bracket,raycaster_cloudcaster,,0.1524594654546725,2026-07-11T16:00:00+00:00,2026-07-11,0.0,0.8720008848287103,KXHIGHNY-26JUL11-T81,0.0960676541435702,KXHIGHNY-26JUL11-B81.5,,,1.0
,,1.2205836566787815,t_plus_12h,nyc,nyc:2026-07-11,,KXHIGHNY-26JUL11,1.58506381922026,bracket,raycaster_cloudcaster,,0.11794733211348696,2026-07-11T17:00:00+00:00,2026-07-11,0.0,0.7669795600647826,KXHIGHNY-26JUL11-T81,0.20493471392580292,KXHIGHNY-26JUL11-B81.5,,,1.0
,,1.2103209738238985,t_plus_13h,nyc,nyc:2026-07-11,,KXHIGHNY-26JUL11,1.568851646591199,bracket,raycaster_cloudcaster,,0.11695562945022675,2026-07-11T18:00:00+00:00,2026-07-11,0.0,0.7637483668184291,KXHIGHNY-26JUL11-T81,0.2082842289800975,KXHIGHNY-26JUL11-B81.5,,,1.0
,,0.6193889265129429,t_plus_14h,nyc,nyc:2026-07-11,,KXHIGHNY-26JUL11,0.8423244530297094,bracket,raycaster_cloudcaster,,0.05926212597027551,2026-07-11T19:00:00+00:00,2026-07-11,0.0,0.5432527059950154,KXHIGHNY-26JUL11-T81,0.4307081979754601,KXHIGHNY-26JUL11-B81.5,,,1.0
,,0.020144892167526903,t_plus_15h,nyc,nyc:2026-07-11,,KXHIGHNY-26JUL11,0.12170366901192292,bracket,raycaster_cloudcaster,,0.0024648579118361244,2026-07-11T20:00:00+00:00,2026-07-11,1.0,0.8854107042604478,KXHIGHNY-26JUL11-B81.5,0.8854107042604478,KXHIGHNY-26JUL11-B81.5,,,1.0
,,0.004454595191516583,t_plus_16h,nyc,nyc:2026-07-11,,KXHIGHNY-26JUL11,0.06127995373209827,bracket,raycaster_cloudcaster,,0.0007391519610678357,2026-07-11T21:00:00+00:00,2026-07-11,1.0,0.9405598896634331,KXHIGHNY-26JUL11-B81.5,0.9405598896634331,KXHIGHNY-26JUL11-B81.5,,,1.0
,,0.0022989521524217306,t_plus_17h,nyc,nyc:2026-07-11,,KXHIGHNY-26JUL11,0.04475657686160043,bracket,raycaster_cloudcaster,,0.0004751167781671561,2026-07-11T22:00:00+00:00,2026-07-11,1.0,0.9562302220664596,KXHIGHNY-26JUL11-B81.5,0.9562302220664596,KXHIGHNY-26JUL11-B81.5,,,1.0
,,0.0022989521524217306,t_plus_18h,nyc,nyc:2026-07-11,,KXHIGHNY-26JUL11,0.04475657686160043,bracket,raycaster_cloudcaster,,0.0004751167781671561,2026-07-11T23:00:00+00:00,2026-07-11,1.0,0.9562302220664596,KXHIGHNY-26JUL11-B81.5,0.9562302220664596,KXHIGHNY-26JUL11-B81.5,,,1.0
,,0.0022989521524217306,t_plus_19h,nyc,nyc:2026-07-11,,KXHIGHNY-26JUL11,0.04475657686160043,bracket,raycaster_cloudcaster,,0.0004751167781671561,2026-07-12T00:00:00+00:00,2026-07-11,1.0,0.9562302220664596,KXHIGHNY-26JUL11-B81.5,0.9562302220664596,KXHIGHNY-26JUL11-B81.5,,,1.0
,,0.0022989521524217306,t_plus_20h,nyc,nyc:2026-07-11,,KXHIGHNY-26JUL11,0.04475657686160043,bracket,raycaster_cloudcaster,,0.0004751167781671561,2026-07-12T01:00:00+00:00,2026-07-11,1.0,0.9562302220664596,KXHIGHNY-26JUL11-B81.5,0.9562302220664596,KXHIGHNY-26JUL11-B81.5,,,1.0
,,0.0022989521524217306,t_plus_21h,nyc,nyc:2026-07-11,,KXHIGHNY-26JUL11,0.04475657686160043,bracket,raycaster_cloudcaster,,0.0004751167781671561,2026-07-12T02:00:00+00:00,2026-07-11,1.0,0.9562302220664596,KXHIGHNY-26JUL11-B81.5,0.9562302220664596,KXHIGHNY-26JUL11-B81.5,,,1.0
,,0.0022989521524217306,t_plus_22h,nyc,nyc:2026-07-11,,KXHIGHNY-26JUL11,0.04475657686160043,bracket,raycaster_cloudcaster,,0.0004751167781671561,2026-07-12T03:00:00+00:00,2026-07-11,1.0,0.9562302220664596,KXHIGHNY-26JUL11-B81.5,0.9562302220664596,KXHIGHNY-26JUL11-B81.5,,,1.0
,,0.0022989521524217306,t_plus_23h,nyc,nyc:2026-07-11,,KXHIGHNY-26JUL11,0.04475657686160043,bracket,raycaster_cloudcaster,,0.0004751167781671561,2026-07-12T04:00:00+00:00,2026-07-11,1.0,0.9562302220664596,KXHIGHNY-26JUL11-B81.5,0.9562302220664596,KXHIGHNY-26JUL11-B81.5,,,1.0
,,0.6659971640794002,t_plus_0h,okc,okc:2026-07-11,,KXHIGHTOKC-26JUL11,1.0106016698793352,bracket,raycaster_cloudcaster,,0.07771084061444374,2026-07-11T06:00:00+00:00,2026-07-11,0.0,0.50248905469607,KXHIGHTOKC-26JUL11-B95.5,0.36399990589365844,KXHIGHTOKC-26JUL11-B97.5,,,1.0
,,0.609252033512447,t_plus_1h,okc,okc:2026-07-11,,KXHIGHTOKC-26JUL11,0.9498029975762069,bracket,raycaster_cloudcaster,,0.07233186069267049,2026-07-11T07:00:00+00:00,2026-07-11,0.0,0.4692108515166857,KXHIGHTOKC-26JUL11-B95.5,0.38681721987869566,KXHIGHTOKC-26JUL11-B97.5,,,1.0
,,0.583619431510621,t_plus_2h,okc,okc:2026-07-11,,KXHIGHTOKC-26JUL11,0.9308482588793423,bracket,raycaster_cloudcaster,,0.0617452021557758,2026-07-11T08:00:00+00:00,2026-07-11,0.0,0.45625044770266765,KXHIGHTOKC-26JUL11-B95.5,0.3942191685924781,KXHIGHTOKC-26JUL11-B97.5,,,1.0
,,0.36572649546393643,t_plus_3h,okc,okc:2026-07-11,,KXHIGHTOKC-26JUL11,0.7083078499938625,bracket,raycaster_cloudcaster,,0.03606027216784364,2026-07-11T09:00:00+00:00,2026-07-11,1.0,0.4924768374699345,KXHIGHTOKC-26JUL11-B97.5,0.4924768374699345,KXHIGHTOKC-26JUL11-B97.5,,,1.0
,,0.36572649546393643,t_plus_4h,okc,okc:2026-07-11,,KXHIGHTOKC-26JUL11,0.7083078499938625,bracket,raycaster_cloudcaster,,0.03606027216784364,2026-07-11T10:00:00+00:00,2026-07-11,1.0,0.4924768374699345,KXHIGHTOKC-26JUL11-B97.5,0.4924768374699345,KXHIGHTOKC-26JUL11-B97.5,,,1.0
,,0.36940165101857336,t_plus_5h,okc,okc:2026-07-11,,KXHIGHTOKC-26JUL11,0.7165585038856906,bracket,raycaster_cloudcaster,,0.037110218869818426,2026-07-11T11:00:00+00:00,2026-07-11,1.0,0.4884302977884931,KXHIGHTOKC-26JUL11-B97.5,0.4884302977884931,KXHIGHTOKC-26JUL11-B97.5,,,1.0
,,0.4101453135604763,t_plus_6h,okc,okc:2026-07-11,,KXHIGHTOKC-26JUL11,0.762058071228469,bracket,raycaster_cloudcaster,,0.041132921971844004,2026-07-11T12:00:00+00:00,2026-07-11,1.0,0.4667049259501752,KXHIGHTOKC-26JUL11-B97.5,0.4667049259501752,KXHIGHTOKC-26JUL11-B97.5,,,1.0
,,0.42856268501075306,t_plus_7h,okc,okc:2026-07-11,,KXHIGHTOKC-26JUL11,0.7988253290127397,bracket,raycaster_cloudcaster,,0.038820209110217045,2026-07-11T13:00:00+00:00,2026-07-11,1.0,0.44985708794024437,KXHIGHTOKC-26JUL11-B97.5,0.44985708794024437,KXHIGHTOKC-26JUL11-B97.5,,,1.0
,,0.3797434199185812,t_plus_8h,okc,okc:2026-07-11,,KXHIGHTOKC-26JUL11,0.675689632016931,bracket,raycaster_cloudcaster,,0.04358308338515993,2026-07-11T14:00:00+00:00,2026-07-11,1.0,0.5088054110858858,KXHIGHTOKC-26JUL11-B97.5,0.5088054110858858,KXHIGHTOKC-26JUL11-B97.5,,,1.0
,,0.5584901979947998,t_plus_9h,okc,okc:2026-07-11,,KXHIGHTOKC-26JUL11,0.8372870931053648,bracket,raycaster_cloudcaster,,0.060263635992956345,2026-07-11T15:00:00+00:00,2026-07-11,0.0,0.48296128242478714,KXHIGHTOKC-26JUL11-B95.5,0.43288330398751645,KXHIGHTOKC-26JUL11-B97.5,,,1.0
,,0.558302372890734,t_plus_10h,okc,okc:2026-07-11,,KXHIGHTOKC-26JUL11,0.8360490580596066,bracket,raycaster_cloudcaster,,0.052075837407350126,2026-07-11T16:00:00+00:00,2026-07-11,0.0,0.4835595756957734,KXHIGHTOKC-26JUL11-B95.5,0.4334195605723046,KXHIGHTOKC-26JUL11-B97.5,,,1.0
,,0.5600840921337068,t_plus_11h,okc,okc:2026-07-11,,KXHIGHTOKC-26JUL11,0.8484902408071187,bracket,raycaster_cloudcaster,,0.051121889605950564,2026-07-11T17:00:00+00:00,2026-07-11,0.0,0.4775807913373021,KXHIGHTOKC-26JUL11-B95.5,0.4280607129356372,KXHIGHTOKC-26JUL11-B97.5,,,1.0
,,0.5578861676676484,t_plus_12h,okc,okc:2026-07-11,,KXHIGHTOKC-26JUL11,0.8245783495130838,bracket,raycaster_cloudcaster,,0.05086961882822755,2026-07-11T18:00:00+00:00,2026-07-11,0.0,0.48913828133765186,KXHIGHTOKC-26JUL11-B95.5,0.43841981342509145,KXHIGHTOKC-26JUL11-B97.5,,,1.0
,,0.3239619915186684,t_plus_13h,okc,okc:2026-07-11,,KXHIGHTOKC-26JUL11,0.576762056877892,bracket,raycaster_cloudcaster,,0.028315140240294533,2026-07-11T19:00:00+00:00,2026-07-11,1.0,0.5617142238653341,KXHIGHTOKC-26JUL11-B97.5,0.5617142238653341,KXHIGHTOKC-26JUL11-B97.5,,,1.0
,,0.14201671425540188,t_plus_14h,okc,okc:2026-07-11,,KXHIGHTOKC-26JUL11,0.3559657245932333,bracket,raycaster_cloudcaster,,0.011877767910298083,2026-07-11T20:00:00+00:00,2026-07-11,1.0,0.7004966296307035,KXHIGHTOKC-26JUL11-B97.5,0.7004966296307035,KXHIGHTOKC-26JUL11-B97.5,,,1.0
,,0.3078622156079801,t_plus_15h,okc,okc:2026-07-11,,KXHIGHTOKC-26JUL11,0.5534497409979819,bracket,raycaster_cloudcaster,,0.02738324553972344,2026-07-11T21:00:00+00:00,2026-07-11,1.0,0.5749629120785632,KXHIGHTOKC-26JUL11-B97.5,0.5749629120785632,KXHIGHTOKC-26JUL11-B97.5,,,1.0
,,0.0022989521524217306,t_plus_16h,okc,okc:2026-07-11,,KXHIGHTOKC-26JUL11,0.04475657686160043,bracket,raycaster_cloudcaster,,0.0002912006059734186,2026-07-11T22:00:00+00:00,2026-07-11,1.0,0.9562302220664596,KXHIGHTOKC-26JUL11-B97.5,0.9562302220664596,KXHIGHTOKC-26JUL11-B97.5,,,1.0
,,0.0022989521524217306,t_plus_17h,okc,okc:2026-07-11,,KXHIGHTOKC-26JUL11,0.04475657686160043,bracket,raycaster_cloudcaster,,0.0002912006059734186,2026-07-11T23:00:00+00:00,2026-07-11,1.0,0.9562302220664596,KXHIGHTOKC-26JUL11-B97.5,0.9562302220664596,KXHIGHTOKC-26JUL11-B97.5,,,1.0
,,0.0036032551628504134,t_plus_18h,okc,okc:2026-07-11,,KXHIGHTOKC-26JUL11,0.055602111077440425,bracket,raycaster_cloudcaster,,0.00042031544604457914,2026-07-12T00:00:00+00:00,2026-07-11,1.0,0.9459154302951368,KXHIGHTOKC-26JUL11-B97.5,0.9459154302951368,KXHIGHTOKC-26JUL11-B97.5,,,1.0
,,0.0036032551628504134,t_plus_19h,okc,okc:2026-07-11,,KXHIGHTOKC-26JUL11,0.055602111077440425,bracket,raycaster_cloudcaster,,0.00042031544604457914,2026-07-12T01:00:00+00:00,2026-07-11,1.0,0.9459154302951368,KXHIGHTOKC-26JUL11-B97.5,0.9459154302951368,KXHIGHTOKC-26JUL11-B97.5,,,1.0
,,0.0036032551628504134,t_plus_20h,okc,okc:2026-07-11,,KXHIGHTOKC-26JUL11,0.055602111077440425,bracket,raycaster_cloudcaster,,0.00042031544604457914,2026-07-12T02:00:00+00:00,2026-07-11,1.0,0.9459154302951368,KXHIGHTOKC-26JUL11-B97.5,0.9459154302951368,KXHIGHTOKC-26JUL11-B97.5,,,1.0
,,0.0036032551628504134,t_plus_21h,okc,okc:2026-07-11,,KXHIGHTOKC-26JUL11,0.055602111077440425,bracket,raycaster_cloudcaster,,0.00042031544604457914,2026-07-12T03:00:00+00:00,2026-07-11,1.0,0.9459154302951368,KXHIGHTOKC-26JUL11-B97.5,0.9459154302951368,KXHIGHTOKC-26JUL11-B97.5,,,1.0
,,0.0036032551628504134,t_plus_22h,okc,okc:2026-07-11,,KXHIGHTOKC-26JUL11,0.055602111077440425,bracket,raycaster_cloudcaster,,0.00042031544604457914,2026-07-12T04:00:00+00:00,2026-07-11,1.0,0.9459154302951368,KXHIGHTOKC-26JUL11-B97.5,0.9459154302951368,KXHIGHTOKC-26JUL11-B97.5,,,1.0
,,0.0036032551628504134,t_plus_23h,okc,okc:2026-07-11,,KXHIGHTOKC-26JUL11,0.055602111077440425,bracket,raycaster_cloudcaster,,0.00042031544604457914,2026-07-12T05:00:00+00:00,2026-07-11,1.0,0.9459154302951368,KXHIGHTOKC-26JUL11-B97.5,0.9459154302951368,KXHIGHTOKC-26JUL11-B97.5,,,1.0
,,1.2782033437200018,t_plus_0h,aus,aus:2026-07-12,,KXHIGHAUS-26JUL12,3.001221238444292,bracket,raycaster_cloudcaster,,0.2270997589305311,2026-07-12T06:00:00+00:00,2026-07-12,0.0,0.46406342833836944,KXHIGHAUS-26JUL12-B94.5,0.04972630359763342,KXHIGHAUS-26JUL12-B96.5,,,1.0
,,1.3189490558691954,t_plus_1h,aus,aus:2026-07-12,,KXHIGHAUS-26JUL12,4.0348136458800745,bracket,raycaster_cloudcaster,,0.29366423327381613,2026-07-12T07:00:00+00:00,2026-07-12,0.0,0.47521436817389345,KXHIGHAUS-26JUL12-B92.5,0.017688976219644187,KXHIGHAUS-26JUL12-B96.5,,,0.0
,,1.3182288494587198,t_plus_2h,aus,aus:2026-07-12,,KXHIGHAUS-26JUL12,3.3586693273159214,bracket,raycaster_cloudcaster,,0.243421007663305,2026-07-12T08:00:00+00:00,2026-07-12,0.0,0.4433200821939771,KXHIGHAUS-26JUL12-B92.5,0.03478151097132006,KXHIGHAUS-26JUL12-B96.5,,,0.0
,,1.3883757150244607,t_plus_3h,aus,aus:2026-07-12,,KXHIGHAUS-26JUL12,3.9830267552955196,bracket,raycaster_cloudcaster,,0.25458855696672505,2026-07-12T09:00:00+00:00,2026-07-12,0.0,0.49927314867103584,KXHIGHAUS-26JUL12-B92.5,0.018629167985511636,KXHIGHAUS-26JUL12-B96.5,,,0.0
,,1.4181783120578988,t_plus_4h,aus,aus:2026-07-12,,KXHIGHAUS-26JUL12,3.944125273713512,bracket,raycaster_cloudcaster,,0.2497375281518739,2026-07-12T10:00:00+00:00,2026-07-12,0.0,0.5190783419710168,KXHIGHAUS-26JUL12-B92.5,0.019368150792724394,KXHIGHAUS-26JUL12-B96.5,,,0.0
,,1.4084383907544602,t_plus_5h,aus,aus:2026-07-12,,KXHIGHAUS-26JUL12,3.958338989313937,bracket,raycaster_cloudcaster,,0.2336690156598895,2026-07-12T11:00:00+00:00,2026-07-12,0.0,0.5135915026488177,KXHIGHAUS-26JUL12-B94.5,0.019094804639877175,KXHIGHAUS-26JUL12-B96.5,,,1.0
,,1.3887075800865571,t_plus_6h,aus,aus:2026-07-12,,KXHIGHAUS-26JUL12,3.98481930814554,bracket,raycaster_cloudcaster,,0.23704563864519032,2026-07-12T12:00:00+00:00,2026-07-12,0.0,0.5001699240167365,KXHIGHAUS-26JUL12-B94.5,0.018595804129517134,KXHIGHAUS-26JUL12-B96.5,,,1.0
,,1.3753477080518404,t_plus_7h,aus,aus:2026-07-12,,KXHIGHAUS-26JUL12,3.4839397508504426,bracket,raycaster_cloudcaster,,0.22817905791278997,2026-07-12T13:00:00+00:00,2026-07-12,0.0,0.5075223316740964,KXHIGHAUS-26JUL12-B94.5,0.03068627628597975,KXHIGHAUS-26JUL12-B96.5,,,1.0
,,1.3596269837089276,t_plus_8h,aus,aus:2026-07-12,,KXHIGHAUS-26JUL12,3.2215595189232253,bracket,raycaster_cloudcaster,,0.2225463053213501,2026-07-12T14:00:00+00:00,2026-07-12,0.0,0.5090719682675585,KXHIGHAUS-26JUL12-B94.5,0.03989279615330412,KXHIGHAUS-26JUL12-B96.5,,,1.0
,,1.2475967435374904,t_plus_9h,aus,aus:2026-07-12,,KXHIGHAUS-26JUL12,2.4675312708991832,bracket,raycaster_cloudcaster,,0.2161917128344915,2026-07-12T15:00:00+00:00,2026-07-12,0.0,0.49244329392988867,KXHIGHAUS-26JUL12-B92.5,0.08479393407314094,KXHIGHAUS-26JUL12-B96.5,,,0.0
,,1.3293403344020416,t_plus_10h,aus,aus:2026-07-12,,KXHIGHAUS-26JUL12,2.971390128031432,bracket,raycaster_cloudcaster,,0.23083089000071205,2026-07-12T16:00:00+00:00,2026-07-12,0.0,0.4919535405948974,KXHIGHAUS-26JUL12-B92.5,0.05123204170985306,KXHIGHAUS-26JUL12-B96.5,,,0.0
,,1.3111170267181063,t_plus_11h,aus,aus:2026-07-12,,KXHIGHAUS-26JUL12,2.665218734781947,bracket,raycaster_cloudcaster,,0.24856289921601915,2026-07-12T17:00:00+00:00,2026-07-12,0.0,0.5949009067980428,KXHIGHAUS-26JUL12-B92.5,0.0695841313987161,KXHIGHAUS-26JUL12-B96.5,,,0.0
,,1.3596474060697366,t_plus_12h,aus,aus:2026-07-12,,KXHIGHAUS-26JUL12,3.2078978188679454,bracket,raycaster_cloudcaster,,0.26858904606735284,2026-07-12T18:00:00+00:00,2026-07-12,0.0,0.5883296954953686,KXHIGHAUS-26JUL12-B92.5,0.040441539416799586,KXHIGHAUS-26JUL12-B96.5,,,0.0
,,1.434834115170882,t_plus_13h,aus,aus:2026-07-12,,KXHIGHAUS-26JUL12,3.877697886719681,bracket,raycaster_cloudcaster,,0.2540682655762084,2026-07-12T19:00:00+00:00,2026-07-12,0.0,0.5564692303556128,KXHIGHAUS-26JUL12-B92.5,0.020698420484482054,KXHIGHAUS-26JUL12-B96.5,,,0.0
,,1.4766490403173196,t_plus_14h,aus,aus:2026-07-12,,KXHIGHAUS-26JUL12,2.603012450756952,bracket,raycaster_cloudcaster,,0.1733643668730011,2026-07-12T20:00:00+00:00,2026-07-12,0.0,0.7758038070662765,KXHIGHAUS-26JUL12-B94.5,0.07405016939041123,KXHIGHAUS-26JUL12-B96.5,,,1.0
,,1.4420200859215448,t_plus_15h,aus,aus:2026-07-12,,KXHIGHAUS-26JUL12,2.034402138231216,bracket,raycaster_cloudcaster,,0.14910134737218445,2026-07-12T21:00:00+00:00,2026-07-12,0.0,0.8281672647703857,KXHIGHAUS-26JUL12-B94.5,0.13075863472822608,KXHIGHAUS-26JUL12-B96.5,,,1.0
,,0.0017901325193738643,t_plus_16h,aus,aus:2026-07-12,,KXHIGHAUS-26JUL12,0.03938919894765503,bracket,raycaster_cloudcaster,,0.0003699607206705985,2026-07-12T22:00:00+00:00,2026-07-12,1.0,0.9613764696140006,KXHIGHAUS-26JUL12-B96.5,0.9613764696140006,KXHIGHAUS-26JUL12-B96.5,,,1.0
,,0.0017901325193738643,t_plus_17h,aus,aus:2026-07-12,,KXHIGHAUS-26JUL12,0.03938919894765503,bracket,raycaster_cloudcaster,,0.0003699607206705985,2026-07-12T23:00:00+00:00,2026-07-12,1.0,0.9613764696140006,KXHIGHAUS-26JUL12-B96.5,0.9613764696140006,KXHIGHAUS-26JUL12-B96.5,,,1.0
,,0.0017901325193738643,t_plus_18h,aus,aus:2026-07-12,,KXHIGHAUS-26JUL12,0.03938919894765503,bracket,raycaster_cloudcaster,,0.0003699607206705985,2026-07-13T00:00:00+00:00,2026-07-12,1.0,0.9613764696140006,KXHIGHAUS-26JUL12-B96.5,0.9613764696140006,KXHIGHAUS-26JUL12-B96.5,,,1.0
,,0.0017901325193738643,t_plus_19h,aus,aus:2026-07-12,,KXHIGHAUS-26JUL12,0.03938919894765503,bracket,raycaster_cloudcaster,,0.0003699607206705985,2026-07-13T01:00:00+00:00,2026-07-12,1.0,0.9613764696140006,KXHIGHAUS-26JUL12-B96.5,0.9613764696140006,KXHIGHAUS-26JUL12-B96.5,,,1.0
,,0.0017901325193738643,t_plus_20h,aus,aus:2026-07-12,,KXHIGHAUS-26JUL12,0.03938919894765503,bracket,raycaster_cloudcaster,,0.0003699607206705985,2026-07-13T02:00:00+00:00,2026-07-12,1.0,0.9613764696140006,KXHIGHAUS-26JUL12-B96.5,0.9613764696140006,KXHIGHAUS-26JUL12-B96.5,,,1.0
,,0.0017901325193738643,t_plus_21h,aus,aus:2026-07-12,,KXHIGHAUS-26JUL12,0.03938919894765503,bracket,raycaster_cloudcaster,,0.0003699607206705985,2026-07-13T03:00:00+00:00,2026-07-12,1.0,0.9613764696140006,KXHIGHAUS-26JUL12-B96.5,0.9613764696140006,KXHIGHAUS-26JUL12-B96.5,,,1.0
,,0.0017901325193738643,t_plus_22h,aus,aus:2026-07-12,,KXHIGHAUS-26JUL12,0.03938919894765503,bracket,raycaster_cloudcaster,,0.0003699607206705985,2026-07-13T04:00:00+00:00,2026-07-12,1.0,0.9613764696140006,KXHIGHAUS-26JUL12-B96.5,0.9613764696140006,KXHIGHAUS-26JUL12-B96.5,,,1.0
,,0.0017901325193738643,t_plus_23h,aus,aus:2026-07-12,,KXHIGHAUS-26JUL12,0.03938919894765503,bracket,raycaster_cloudcaster,,0.0003699607206705985,2026-07-13T05:00:00+00:00,2026-07-12,1.0,0.9613764696140006,KXHIGHAUS-26JUL12-B96.5,0.9613764696140006,KXHIGHAUS-26JUL12-B96.5,,,1.0
,,0.4413982364439954,t_plus_0h,den,den:2026-07-12,,KXHIGHDEN-26JUL12,0.7299757173789465,bracket,raycaster_cloudcaster,,0.0375703816549951,2026-07-12T07:00:00+00:00,2026-07-12,1.0,0.48192069224566997,KXHIGHDEN-26JUL12-B94.5,0.48192069224566997,KXHIGHDEN-26JUL12-B94.5,,,1.0
,,0.44196603436816667,t_plus_1h,den,den:2026-07-12,,KXHIGHDEN-26JUL12,0.7230697737764548,bracket,raycaster_cloudcaster,,0.03706668656803798,2026-07-12T08:00:00+00:00,2026-07-12,1.0,0.4852603277616253,KXHIGHDEN-26JUL12-B94.5,0.4852603277616253,KXHIGHDEN-26JUL12-B94.5,,,1.0
,,0.542090419916655,t_plus_2h,den,den:2026-07-12,,KXHIGHDEN-26JUL12,0.9008727805968787,bracket,raycaster_cloudcaster,,0.039376571024629756,2026-07-12T09:00:00+00:00,2026-07-12,1.0,0.40621496843665733,KXHIGHDEN-26JUL12-B94.5,0.40621496843665733,KXHIGHDEN-26JUL12-B94.5,,,1.0
,,0.5009077973892564,t_plus_3h,den,den:2026-07-12,,KXHIGHDEN-26JUL12,0.7837007627320273,bracket,raycaster_cloudcaster,,0.04282231767417146,2026-07-12T10:00:00+00:00,2026-07-12,1.0,0.4567126946366464,KXHIGHDEN-26JUL12-B94.5,0.4567126946366464,KXHIGHDEN-26JUL12-B94.5,,,1.0
,,0.44196603436816667,t_plus_4h,den,den:2026-07-12,,KXHIGHDEN-26JUL12,0.7230697737764548,bracket,raycaster_cloudcaster,,0.03706668656803798,2026-07-12T11:00:00+00:00,2026-07-12,1.0,0.4852603277616253,KXHIGHDEN-26JUL12-B94.5,0.4852603277616253,KXHIGHDEN-26JUL12-B94.5,,,1.0
,,0.44322644617966467,t_plus_5h,den,den:2026-07-12,,KXHIGHDEN-26JUL12,0.7307283572450144,bracket,raycaster_cloudcaster,,0.03782483816708605,2026-07-12T12:00:00+00:00,2026-07-12,1.0,0.48155811598219367,KXHIGHDEN-26JUL12-B94.5,0.48155811598219367,KXHIGHDEN-26JUL12-B94.5,,,1.0
,,0.4318266624577153,t_plus_6h,den,den:2026-07-12,,KXHIGHDEN-26JUL12,0.6877893018488904,bracket,raycaster_cloudcaster,,0.038621106073492756,2026-07-12T13:00:00+00:00,2026-07-12,1.0,0.5026861289061096,KXHIGHDEN-26JUL12-B94.5,0.5026861289061096,KXHIGHDEN-26JUL12-B94.5,,,1.0
,,0.42935424130931127,t_plus_7h,den,den:2026-07-12,,KXHIGHDEN-26JUL12,0.679917143531535,bracket,raycaster_cloudcaster,,0.04034634017104585,2026-07-12T14:00:00+00:00,2026-07-12,1.0,0.5066589705995015,KXHIGHDEN-26JUL12-B94.5,0.5066589705995015,KXHIGHDEN-26JUL12-B94.5,,,1.0
,,0.4406067752623448,t_plus_8h,den,den:2026-07-12,,KXHIGHDEN-26JUL12,0.6967222316649322,bracket,raycaster_cloudcaster,,0.03948607628449755,2026-07-12T15:00:00+00:00,2026-07-12,1.0,0.49821566589078364,KXHIGHDEN-26JUL12-B94.5,0.49821566589078364,KXHIGHDEN-26JUL12-B94.5,,,1.0
,,0.44135356671877624,t_plus_9h,den,den:2026-07-12,,KXHIGHDEN-26JUL12,0.7030378462778198,bracket,raycaster_cloudcaster,,0.040377393410434545,2026-07-12T16:00:00+00:00,2026-07-12,1.0,0.4950790430273728,KXHIGHDEN-26JUL12-B94.5,0.4950790430273728,KXHIGHDEN-26JUL12-B94.5,,,1.0
,,0.4332864161798422,t_plus_10h,den,den:2026-07-12,,KXHIGHDEN-26JUL12,0.6578319330271645,bracket,raycaster_cloudcaster,,0.04197305146910069,2026-07-12T17:00:00+00:00,2026-07-12,1.0,0.5179731184117972,KXHIGHDEN-26JUL12-B94.5,0.5179731184117972,KXHIGHDEN-26JUL12-B94.5,,,1.0
,,0.4240699978688887,t_plus_11h,den,den:2026-07-12,,KXHIGHDEN-26JUL12,0.648543104861133,bracket,raycaster_cloudcaster,,0.041054587425450734,2026-07-12T18:00:00+00:00,2026-07-12,1.0,0.5228068970170199,KXHIGHDEN-26JUL12-B94.5,0.5228068970170199,KXHIGHDEN-26JUL12-B94.5,,,1.0
,,0.4248715790907148,t_plus_12h,den,den:2026-07-12,,KXHIGHDEN-26JUL12,0.6668027055342047,bracket,raycaster_cloudcaster,,0.040807271244598604,2026-07-12T19:00:00+00:00,2026-07-12,1.0,0.5133472790997246,KXHIGHDEN-26JUL12-B94.5,0.5133472790997246,KXHIGHDEN-26JUL12-B94.5,,,1.0
,,0.4196957455801627,t_plus_13h,den,den:2026-07-12,,KXHIGHDEN-26JUL12,0.6306442169653029,bracket,raycaster_cloudcaster,,0.04198885108420282,2026-07-12T20:00:00+00:00,2026-07-12,1.0,0.5322488068263047,KXHIGHDEN-26JUL12-B94.5,0.5322488068263047,KXHIGHDEN-26JUL12-B94.5,,,1.0
,,0.4274913194904139,t_plus_14h,den,den:2026-07-12,,KXHIGHDEN-26JUL12,0.6384944434569119,bracket,raycaster_cloudcaster,,0.04276810818852198,2026-07-12T21:00:00+00:00,2026-07-12,1.0,0.5280868905092124,KXHIGHDEN-26JUL12-B94.5,0.5280868905092124,KXHIGHDEN-26JUL12-B94.5,,,1.0
,,0.3706739560930464,t_plus_15h,den,den:2026-07-12,,KXHIGHDEN-26JUL12,0.5788096850098043,bracket,raycaster_cloudcaster,,0.037083849739340355,2026-07-12T22:00:00+00:00,2026-07-12,1.0,0.5605652187874732,KXHIGHDEN-26JUL12-B94.5,0.5605652187874732,KXHIGHDEN-26JUL12-B94.5,,,1.0
,,0.009332891853909517,t_plus_16h,den,den:2026-07-12,,KXHIGHDEN-26JUL12,0.08408344364238944,bracket,raycaster_cloudcaster,,0.0009769440842701828,2026-07-12T23:00:00+00:00,2026-07-12,1.0,0.9193545386030274,KXHIGHDEN-26JUL12-B94.5,0.9193545386030274,KXHIGHDEN-26JUL12-B94.5,,,1.0
,,0.007507195822086005,t_plus_17h,den,den:2026-07-12,,KXHIGHDEN-26JUL12,0.07621183831312295,bracket,raycaster_cloudcaster,,0.0006873974633237537,2026-07-13T00:00:00+00:00,2026-07-12,1.0,0.9266198921717982,KXHIGHDEN-26JUL12-B94.5,0.9266198921717982,KXHIGHDEN-26JUL12-B94.5,,,1.0
,,0.007507195822086005,t_plus_18h,den,den:2026-07-12,,KXHIGHDEN-26JUL12,0.07621183831312295,bracket,raycaster_cloudcaster,,0.0006873974633237537,2026-07-13T01:00:00+00:00,2026-07-12,1.0,0.9266198921717982,KXHIGHDEN-26JUL12-B94.5,0.9266198921717982,KXHIGHDEN-26JUL12-B94.5,,,1.0
,,0.0029163277088210342,t_plus_19h,den,den:2026-07-12,,KXHIGHDEN-26JUL12,0.04978791286043364,bracket,raycaster_cloudcaster,,0.0003067534308352247,2026-07-13T02:00:00+00:00,2026-07-12,1.0,0.9514311894235441,KXHIGHDEN-26JUL12-B94.5,0.9514311894235441,KXHIGHDEN-26JUL12-B94.5,,,1.0
,,0.0029163277088210342,t_plus_20h,den,den:2026-07-12,,KXHIGHDEN-26JUL12,0.04978791286043364,bracket,raycaster_cloudcaster,,0.0003067534308352247,2026-07-13T03:00:00+00:00,2026-07-12,1.0,0.9514311894235441,KXHIGHDEN-26JUL12-B94.5,0.9514311894235441,KXHIGHDEN-26JUL12-B94.5,,,1.0
,,0.0029163277088210342,t_plus_21h,den,den:2026-07-12,,KXHIGHDEN-26JUL12,0.04978791286043364,bracket,raycaster_cloudcaster,,0.0003067534308352247,2026-07-13T04:00:00+00:00,2026-07-12,1.0,0.9514311894235441,KXHIGHDEN-26JUL12-B94.5,0.9514311894235441,KXHIGHDEN-26JUL12-B94.5,,,1.0
,,0.0029163277088210342,t_plus_22h,den,den:2026-07-12,,KXHIGHDEN-26JUL12,0.04978791286043364,bracket,raycaster_cloudcaster,,0.0003067534308352247,2026-07-13T05:00:00+00:00,2026-07-12,1.0,0.9514311894235441,KXHIGHDEN-26JUL12-B94.5,0.9514311894235441,KXHIGHDEN-26JUL12-B94.5,,,1.0
,,0.0029163277088210342,t_plus_23h,den,den:2026-07-12,,KXHIGHDEN-26JUL12,0.04978791286043364,bracket,raycaster_cloudcaster,,0.0003067534308352247,2026-07-13T06:00:00+00:00,2026-07-12,1.0,0.9514311894235441,KXHIGHDEN-26JUL12-B94.5,0.9514311894235441,KXHIGHDEN-26JUL12-B94.5,,,1.0
,,0.5607121857954771,t_plus_0h,la,la:2026-07-12,,KXHIGHLAX-26JUL12,0.8989755373727188,bracket,raycaster_cloudcaster,,0.045048868871074885,2026-07-12T08:00:00+00:00,2026-07-12,0.0,0.4431003455822901,KXHIGHLAX-26JUL12-B74.5,0.40698638858750724,KXHIGHLAX-26JUL12-B76.5,,,1.0
,,0.4589242237503721,t_plus_1h,la,la:2026-07-12,,KXHIGHLAX-26JUL12,0.8460705587163817,bracket,raycaster_cloudcaster,,0.03316056639621603,2026-07-12T09:00:00+00:00,2026-07-12,1.0,0.42909773790587996,KXHIGHLAX-26JUL12-B76.5,0.42909773790587996,KXHIGHLAX-26JUL12-B76.5,,,1.0
,,0.40060637251840664,t_plus_2h,la,la:2026-07-12,,KXHIGHLAX-26JUL12,0.6980076531980604,bracket,raycaster_cloudcaster,,0.03786998478204976,2026-07-12T10:00:00+00:00,2026-07-12,1.0,0.49757566017239563,KXHIGHLAX-26JUL12-B76.5,0.49757566017239563,KXHIGHLAX-26JUL12-B76.5,,,1.0
,,0.38886688403442915,t_plus_3h,la,la:2026-07-12,,KXHIGHLAX-26JUL12,0.6577719629484432,bracket,raycaster_cloudcaster,,0.040060594548938885,2026-07-12T11:00:00+00:00,2026-07-12,1.0,0.5180041822319243,KXHIGHLAX-26JUL12-B76.5,0.5180041822319243,KXHIGHLAX-26JUL12-B76.5,,,1.0
,,0.44273078563136514,t_plus_4h,la,la:2026-07-12,,KXHIGHLAX-26JUL12,0.7248843940288354,bracket,raycaster_cloudcaster,,0.04932500845546211,2026-07-12T12:00:00+00:00,2026-07-12,1.0,0.4843805630040762,KXHIGHLAX-26JUL12-B76.5,0.4843805630040762,KXHIGHLAX-26JUL12-B76.5,,,1.0
,,0.4078351823718587,t_plus_5h,la,la:2026-07-12,,KXHIGHLAX-26JUL12,0.6818769293322557,bracket,raycaster_cloudcaster,,0.04741943434611576,2026-07-12T13:00:00+00:00,2026-07-12,1.0,0.5056669998856661,KXHIGHLAX-26JUL12-B76.5,0.5056669998856661,KXHIGHLAX-26JUL12-B76.5,,,1.0
,,0.42479631608310575,t_plus_6h,la,la:2026-07-12,,KXHIGHLAX-26JUL12,0.7316482692334358,bracket,raycaster_cloudcaster,,0.05156252253396498,2026-07-12T14:00:00+00:00,2026-07-12,1.0,0.48111532859211953,KXHIGHLAX-26JUL12-B76.5,0.48111532859211953,KXHIGHLAX-26JUL12-B76.5,,,1.0
,,0.42215737049860336,t_plus_7h,la,la:2026-07-12,,KXHIGHLAX-26JUL12,0.7187172479219828,bracket,raycaster_cloudcaster,,0.05280748614754192,2026-07-12T15:00:00+00:00,2026-07-12,1.0,0.4873770390630248,KXHIGHLAX-26JUL12-B76.5,0.4873770390630248,KXHIGHLAX-26JUL12-B76.5,,,1.0
,,0.4159224119417862,t_plus_8h,la,la:2026-07-12,,KXHIGHLAX-26JUL12,0.7129008903313997,bracket,raycaster_cloudcaster,,0.049784748245797886,2026-07-12T16:00:00+00:00,2026-07-12,1.0,0.4902200581966701,KXHIGHLAX-26JUL12-B76.5,0.4902200581966701,KXHIGHLAX-26JUL12-B76.5,,,1.0
,,0.6642591393804738,t_plus_9h,la,la:2026-07-12,,KXHIGHLAX-26JUL12,0.963166131319114,bracket,raycaster_cloudcaster,,0.06907797450932397,2026-07-12T17:00:00+00:00,2026-07-12,0.0,0.5273390814030015,KXHIGHLAX-26JUL12-B78.5,0.3816825139264888,KXHIGHLAX-26JUL12-B76.5,,,1.0
,,0.3687864701904126,t_plus_10h,la,la:2026-07-12,,KXHIGHLAX-26JUL12,0.5815886372300983,bracket,raycaster_cloudcaster,,0.035933633719423624,2026-07-12T18:00:00+00:00,2026-07-12,1.0,0.5590095973280753,KXHIGHLAX-26JUL12-B76.5,0.5590095973280753,KXHIGHLAX-26JUL12-B76.5,,,1.0
,,0.004890819095630145,t_plus_11h,la,la:2026-07-12,,KXHIGHLAX-26JUL12,0.06289503753894127,bracket,raycaster_cloudcaster,,0.0004645108623321918,2026-07-12T19:00:00+00:00,2026-07-12,1.0,0.9390420326793333,KXHIGHLAX-26JUL12-B76.5,0.9390420326793333,KXHIGHLAX-26JUL12-B76.5,,,1.0
,,0.004890819095630145,t_plus_12h,la,la:2026-07-12,,KXHIGHLAX-26JUL12,0.06289503753894127,bracket,raycaster_cloudcaster,,0.0004645108623321918,2026-07-12T20:00:00+00:00,2026-07-12,1.0,0.9390420326793333,KXHIGHLAX-26JUL12-B76.5,0.9390420326793333,KXHIGHLAX-26JUL12-B76.5,,,1.0
,,0.004578843258185623,t_plus_13h,la,la:2026-07-12,,KXHIGHLAX-26JUL12,0.06106535869372739,bracket,raycaster_cloudcaster,,0.00043876052897416667,2026-07-12T21:00:00+00:00,2026-07-12,1.0,0.9407617508074708,KXHIGHLAX-26JUL12-B76.5,0.9407617508074708,KXHIGHLAX-26JUL12-B76.5,,,1.0
,,0.0037810590008236886,t_plus_14h,la,la:2026-07-12,,KXHIGHLAX-26JUL12,0.05603190844713867,bracket,raycaster_cloudcaster,,0.0003741232455302508,2026-07-12T22:00:00+00:00,2026-07-12,1.0,0.9455089656862059,KXHIGHLAX-26JUL12-B76.5,0.9455089656862059,KXHIGHLAX-26JUL12-B76.5,,,1.0
,,0.0029163277088210342,t_plus_15h,la,la:2026-07-12,,KXHIGHLAX-26JUL12,0.04978791286043364,bracket,raycaster_cloudcaster,,0.00030675343083522546,2026-07-12T23:00:00+00:00,2026-07-12,1.0,0.9514311894235441,KXHIGHLAX-26JUL12-B76.5,0.9514311894235441,KXHIGHLAX-26JUL12-B76.5,,,1.0
,,0.0037810590008236886,t_plus_16h,la,la:2026-07-12,,KXHIGHLAX-26JUL12,0.05603190844713867,bracket,raycaster_cloudcaster,,0.0003741232455302508,2026-07-13T00:00:00+00:00,2026-07-12,1.0,0.9455089656862059,KXHIGHLAX-26JUL12-B76.5,0.9455089656862059,KXHIGHLAX-26JUL12-B76.5,,,1.0
,,0.0037810590008236886,t_plus_17h,la,la:2026-07-12,,KXHIGHLAX-26JUL12,0.05603190844713867,bracket,raycaster_cloudcaster,,0.0003741232455302508,2026-07-13T01:00:00+00:00,2026-07-12,1.0,0.9455089656862059,KXHIGHLAX-26JUL12-B76.5,0.9455089656862059,KXHIGHLAX-26JUL12-B76.5,,,1.0
,,0.0029163277088210342,t_plus_18h,la,la:2026-07-12,,KXHIGHLAX-26JUL12,0.04978791286043364,bracket,raycaster_cloudcaster,,0.00030675343083522546,2026-07-13T02:00:00+00:00,2026-07-12,1.0,0.9514311894235441,KXHIGHLAX-26JUL12-B76.5,0.9514311894235441,KXHIGHLAX-26JUL12-B76.5,,,1.0
,,0.0029163277088210342,t_plus_19h,la,la:2026-07-12,,KXHIGHLAX-26JUL12,0.04978791286043364,bracket,raycaster_cloudcaster,,0.00030675343083522546,2026-07-13T03:00:00+00:00,2026-07-12,1.0,0.9514311894235441,KXHIGHLAX-26JUL12-B76.5,0.9514311894235441,KXHIGHLAX-26JUL12-B76.5,,,1.0
,,0.0029163277088210342,t_plus_20h,la,la:2026-07-12,,KXHIGHLAX-26JUL12,0.04978791286043364,bracket,raycaster_cloudcaster,,0.00030675343083522546,2026-07-13T04:00:00+00:00,2026-07-12,1.0,0.9514311894235441,KXHIGHLAX-26JUL12-B76.5,0.9514311894235441,KXHIGHLAX-26JUL12-B76.5,,,1.0
,,0.0029163277088210342,t_plus_21h,la,la:2026-07-12,,KXHIGHLAX-26JUL12,0.04978791286043364,bracket,raycaster_cloudcaster,,0.00030675343083522546,2026-07-13T05:00:00+00:00,2026-07-12,1.0,0.9514311894235441,KXHIGHLAX-26JUL12-B76.5,0.9514311894235441,KXHIGHLAX-26JUL12-B76.5,,,1.0
,,0.0029163277088210342,t_plus_22h,la,la:2026-07-12,,KXHIGHLAX-26JUL12,0.04978791286043364,bracket,raycaster_cloudcaster,,0.00030675343083522546,2026-07-13T06:00:00+00:00,2026-07-12,1.0,0.9514311894235441,KXHIGHLAX-26JUL12-B76.5,0.9514311894235441,KXHIGHLAX-26JUL12-B76.5,,,1.0
,,0.0029163277088210342,t_plus_23h,la,la:2026-07-12,,KXHIGHLAX-26JUL12,0.04978791286043364,bracket,raycaster_cloudcaster,,0.00030675343083522546,2026-07-13T07:00:00+00:00,2026-07-12,1.0,0.9514311894235441,KXHIGHLAX-26JUL12-B76.5,0.9514311894235441,KXHIGHLAX-26JUL12-B76.5,,,1.0
,,0.6042185699450857,t_plus_0h,mia,mia:2026-07-12,,KXHIGHMIA-26JUL12,0.8507531752571985,bracket,raycaster_cloudcaster,,0.06375842140213792,2026-07-12T05:00:00+00:00,2026-07-12,0.0,0.5241785104487505,KXHIGHMIA-26JUL12-B92.5,0.427093134797464,KXHIGHMIA-26JUL12-B94.5,,,1.0
,,0.6661833358219266,t_plus_1h,mia,mia:2026-07-12,,KXHIGHMIA-26JUL12,0.9095766055619852,bracket,raycaster_cloudcaster,,0.06916980739351487,2026-07-12T06:00:00+00:00,2026-07-12,0.0,0.5555459855833361,KXHIGHMIA-26JUL12-B92.5,0.4026946866351703,KXHIGHMIA-26JUL12-B94.5,,,1.0
,,0.6723772172433231,t_plus_2h,mia,mia:2026-07-12,,KXHIGHMIA-26JUL12,0.916389688843086,bracket,raycaster_cloudcaster,,0.06980801425732618,2026-07-12T07:00:00+00:00,2026-07-12,0.0,0.5581639737692387,KXHIGHMIA-26JUL12-B92.5,0.39996041917085934,KXHIGHMIA-26JUL12-B94.5,,,1.0
,,0.6723112152513046,t_plus_3h,mia,mia:2026-07-12,,KXHIGHMIA-26JUL12,0.917118741780582,bracket,raycaster_cloudcaster,,0.0698875478525642,2026-07-12T08:00:00+00:00,2026-07-12,0.0,0.5577571909856671,KXHIGHMIA-26JUL12-B92.5,0.3996689331196725,KXHIGHMIA-26JUL12-B94.5,,,1.0
,,0.8489314487651339,t_plus_4h,mia,mia:2026-07-12,,KXHIGHMIA-26JUL12,1.14773807658869,bracket,raycaster_cloudcaster,,0.09077489633887371,2026-07-12T09:00:00+00:00,2026-07-12,0.0,0.6167970110579536,KXHIGHMIA-26JUL12-B92.5,0.3173537881156198,KXHIGHMIA-26JUL12-B94.5,,,1.0
,,0.6573566760941857,t_plus_5h,mia,mia:2026-07-12,,KXHIGHMIA-26JUL12,0.8998612395766248,bracket,raycaster_cloudcaster,,0.06826365886375828,2026-07-12T10:00:00+00:00,2026-07-12,0.0,0.5518074939909134,KXHIGHMIA-26JUL12-B92.5,0.4066260794330359,KXHIGHMIA-26JUL12-B94.5,,,1.0
,,0.6737829230286563,t_plus_6h,mia,mia:2026-07-12,,KXHIGHMIA-26JUL12,0.9036653569647886,bracket,raycaster_cloudcaster,,0.06638486786520062,2026-07-12T11:00:00+00:00,2026-07-12,0.0,0.565311615458011,KXHIGHMIA-26JUL12-B92.5,0.40508216457233953,KXHIGHMIA-26JUL12-B94.5,,,1.0
,,0.5201754363069507,t_plus_7h,mia,mia:2026-07-12,,KXHIGHMIA-26JUL12,0.7454678984196482,bracket,raycaster_cloudcaster,,0.050658716071065035,2026-07-12T12:00:00+00:00,2026-07-12,0.0,0.4935999594119387,KXHIGHMIA-26JUL12-B92.5,0.4745122244696501,KXHIGHMIA-26JUL12-B94.5,,,1.0
,,0.5108634543137486,t_plus_8h,mia,mia:2026-07-12,,KXHIGHMIA-26JUL12,0.7223414903499404,bracket,raycaster_cloudcaster,,0.051102931753266204,2026-07-12T13:00:00+00:00,2026-07-12,0.0,0.4961727776887267,KXHIGHMIA-26JUL12-B92.5,0.4856138635373759,KXHIGHMIA-26JUL12-B94.5,,,1.0
,,0.6596667685381279,t_plus_9h,mia,mia:2026-07-12,,KXHIGHMIA-26JUL12,0.8783200392962881,bracket,raycaster_cloudcaster,,0.06598809440731285,2026-07-12T14:00:00+00:00,2026-07-12,0.0,0.5638230397531844,KXHIGHMIA-26JUL12-B92.5,0.4154803163159459,KXHIGHMIA-26JUL12-B94.5,,,1.0
,,0.6016010001870105,t_plus_10h,mia,mia:2026-07-12,,KXHIGHMIA-26JUL12,0.8169017117724209,bracket,raycaster_cloudcaster,,0.06017963233747427,2026-07-12T15:00:00+00:00,2026-07-12,0.0,0.5384368690314169,KXHIGHMIA-26JUL12-B92.5,0.4417983548386935,KXHIGHMIA-26JUL12-B94.5,,,1.0
,,0.6697749334373758,t_plus_11h,mia,mia:2026-07-12,,KXHIGHMIA-26JUL12,0.8890693366965617,bracket,raycaster_cloudcaster,,0.06699915724351695,2026-07-12T16:00:00+00:00,2026-07-12,0.0,0.5681465563289856,KXHIGHMIA-26JUL12-B92.5,0.41103811288845366,KXHIGHMIA-26JUL12-B94.5,,,1.0
,,0.5173283680141385,t_plus_12h,mia,mia:2026-07-12,,KXHIGHMIA-26JUL12,0.7291051585948757,bracket,raycaster_cloudcaster,,0.05174974221328528,2026-07-12T17:00:00+00:00,2026-07-12,0.0,0.4992718650470157,KXHIGHMIA-26JUL12-B92.5,0.48234041520777765,KXHIGHMIA-26JUL12-B94.5,,,1.0
,,0.004578843258185623,t_plus_13h,mia,mia:2026-07-12,,KXHIGHMIA-26JUL12,0.06106535869372739,bracket,raycaster_cloudcaster,,0.0005035959067012038,2026-07-12T18:00:00+00:00,2026-07-12,1.0,0.9407617508074708,KXHIGHMIA-26JUL12-B94.5,0.9407617508074708,KXHIGHMIA-26JUL12-B94.5,,,1.0
,,0.0037810590008236886,t_plus_14h,mia,mia:2026-07-12,,KXHIGHMIA-26JUL12,0.05603190844713867,bracket,raycaster_cloudcaster,,0.00042427997895588273,2026-07-12T19:00:00+00:00,2026-07-12,1.0,0.9455089656862059,KXHIGHMIA-26JUL12-B94.5,0.9455089656862059,KXHIGHMIA-26JUL12-B94.5,,,1.0
,,0.0037810590008236886,t_plus_15h,mia,mia:2026-07-12,,KXHIGHMIA-26JUL12,0.05603190844713867,bracket,raycaster_cloudcaster,,0.00042427997895588273,2026-07-12T20:00:00+00:00,2026-07-12,1.0,0.9455089656862059,KXHIGHMIA-26JUL12-B94.5,0.9455089656862059,KXHIGHMIA-26JUL12-B94.5,,,1.0
,,0.0029163277088210342,t_plus_16h,mia,mia:2026-07-12,,KXHIGHMIA-26JUL12,0.04978791286043364,bracket,raycaster_cloudcaster,,0.0003383870867013193,2026-07-12T21:00:00+00:00,2026-07-12,1.0,0.9514311894235441,KXHIGHMIA-26JUL12-B94.5,0.9514311894235441,KXHIGHMIA-26JUL12-B94.5,,,1.0
,,0.0029163277088210342,t_plus_17h,mia,mia:2026-07-12,,KXHIGHMIA-26JUL12,0.04978791286043364,bracket,raycaster_cloudcaster,,0.0003383870867013193,2026-07-12T22:00:00+00:00,2026-07-12,1.0,0.9514311894235441,KXHIGHMIA-26JUL12-B94.5,0.9514311894235441,KXHIGHMIA-26JUL12-B94.5,,,1.0
,,0.0029163277088210342,t_plus_18h,mia,mia:2026-07-12,,KXHIGHMIA-26JUL12,0.04978791286043364,bracket,raycaster_cloudcaster,,0.0003383870867013193,2026-07-12T23:00:00+00:00,2026-07-12,1.0,0.9514311894235441,KXHIGHMIA-26JUL12-B94.5,0.9514311894235441,KXHIGHMIA-26JUL12-B94.5,,,1.0
,,0.0029163277088210342,t_plus_19h,mia,mia:2026-07-12,,KXHIGHMIA-26JUL12,0.04978791286043364,bracket,raycaster_cloudcaster,,0.0003383870867013193,2026-07-13T00:00:00+00:00,2026-07-12,1.0,0.9514311894235441,KXHIGHMIA-26JUL12-B94.5,0.9514311894235441,KXHIGHMIA-26JUL12-B94.5,,,1.0
,,0.0029163277088210342,t_plus_20h,mia,mia:2026-07-12,,KXHIGHMIA-26JUL12,0.04978791286043364,bracket,raycaster_cloudcaster,,0.0003383870867013193,2026-07-13T01:00:00+00:00,2026-07-12,1.0,0.9514311894235441,KXHIGHMIA-26JUL12-B94.5,0.9514311894235441,KXHIGHMIA-26JUL12-B94.5,,,1.0
,,0.0029163277088210342,t_plus_21h,mia,mia:2026-07-12,,KXHIGHMIA-26JUL12,0.04978791286043364,bracket,raycaster_cloudcaster,,0.0003383870867013193,2026-07-13T02:00:00+00:00,2026-07-12,1.0,0.9514311894235441,KXHIGHMIA-26JUL12-B94.5,0.9514311894235441,KXHIGHMIA-26JUL12-B94.5,,,1.0
,,0.0029163277088210342,t_plus_22h,mia,mia:2026-07-12,,KXHIGHMIA-26JUL12,0.04978791286043364,bracket,raycaster_cloudcaster,,0.0003383870867013193,2026-07-13T03:00:00+00:00,2026-07-12,1.0,0.9514311894235441,KXHIGHMIA-26JUL12-B94.5,0.9514311894235441,KXHIGHMIA-26JUL12-B94.5,,,1.0
,,0.0029163277088210342,t_plus_23h,mia,mia:2026-07-12,,KXHIGHMIA-26JUL12,0.04978791286043364,bracket,raycaster_cloudcaster,,0.0003383870867013193,2026-07-13T04:00:00+00:00,2026-07-12,1.0,0.9514311894235441,KXHIGHMIA-26JUL12-B94.5,0.9514311894235441,KXHIGHMIA-26JUL12-B94.5,,,1.0
,,0.5997910714301841,t_plus_0h,nyc,nyc:2026-07-12,,KXHIGHNY-26JUL12,0.8944132813270438,bracket,raycaster_cloudcaster,,0.06362606947746137,2026-07-12T05:00:00+00:00,2026-07-12,0.0,0.4957032816385657,KXHIGHNY-26JUL12-B82.5,0.4088474066919343,KXHIGHNY-26JUL12-B84.5,,,1.0
,,0.604003012744538,t_plus_1h,nyc,nyc:2026-07-12,,KXHIGHNY-26JUL12,0.9290491927663447,bracket,raycaster_cloudcaster,,0.07024136658923949,2026-07-12T06:00:00+00:00,2026-07-12,0.0,0.47567623446125956,KXHIGHNY-26JUL12-B82.5,0.3949290332950879,KXHIGHNY-26JUL12-B84.5,,,1.0
,,0.5680987325027087,t_plus_2h,nyc,nyc:2026-07-12,,KXHIGHNY-26JUL12,0.897608594831069,bracket,raycaster_cloudcaster,,0.0675395935581789,2026-07-12T07:00:00+00:00,2026-07-12,0.0,0.4504668062685303,KXHIGHNY-26JUL12-B82.5,0.40754309600277905,KXHIGHNY-26JUL12-B84.5,,,1.0
,,0.8454417945699305,t_plus_3h,nyc,nyc:2026-07-12,,KXHIGHNY-26JUL12,1.284213316501329,bracket,raycaster_cloudcaster,,0.10071107340713448,2026-07-12T08:00:00+00:00,2026-07-12,0.0,0.5486867128809088,KXHIGHNY-26JUL12-B82.5,0.27686830570896853,KXHIGHNY-26JUL12-B84.5,,,1.0
,,0.8454417945699305,t_plus_4h,nyc,nyc:2026-07-12,,KXHIGHNY-26JUL12,1.284213316501329,bracket,raycaster_cloudcaster,,0.10071107340713448,2026-07-12T09:00:00+00:00,2026-07-12,0.0,0.5486867128809088,KXHIGHNY-26JUL12-B82.5,0.27686830570896853,KXHIGHNY-26JUL12-B84.5,,,1.0
,,0.8849499680853926,t_plus_5h,nyc,nyc:2026-07-12,,KXHIGHNY-26JUL12,1.4696457416956792,bracket,raycaster_cloudcaster,,0.12815470492112685,2026-07-12T10:00:00+00:00,2026-07-12,0.0,0.4558187274429931,KXHIGHNY-26JUL12-B82.5,0.23000695262863316,KXHIGHNY-26JUL12-B84.5,,,1.0
,,0.8834670037655976,t_plus_6h,nyc,nyc:2026-07-12,,KXHIGHNY-26JUL12,1.4774888991303063,bracket,raycaster_cloudcaster,,0.1262476849489521,2026-07-12T11:00:00+00:00,2026-07-12,0.0,0.45225765269193674,KXHIGHNY-26JUL12-B82.5,0.22821002788144693,KXHIGHNY-26JUL12-B84.5,,,1.0
,,0.8849499680853926,t_plus_7h,nyc,nyc:2026-07-12,,KXHIGHNY-26JUL12,1.4696457416956792,bracket,raycaster_cloudcaster,,0.12815470492112685,2026-07-12T12:00:00+00:00,2026-07-12,0.0,0.4558187274429931,KXHIGHNY-26JUL12-B82.5,0.23000695262863316,KXHIGHNY-26JUL12-B84.5,,,1.0
,,0.8482504929836671,t_plus_8h,nyc,nyc:2026-07-12,,KXHIGHNY-26JUL12,1.2718452510942173,bracket,raycaster_cloudcaster,,0.10311685861879323,2026-07-12T13:00:00+00:00,2026-07-12,0.0,0.5555150456234188,KXHIGHNY-26JUL12-B82.5,0.28031389473610097,KXHIGHNY-26JUL12-B84.5,,,1.0
,,0.8542060114296915,t_plus_9h,nyc,nyc:2026-07-12,,KXHIGHNY-26JUL12,1.1843258402836558,bracket,raycaster_cloudcaster,,0.09226658361970275,2026-07-12T14:00:00+00:00,2026-07-12,0.0,0.6063243684605844,KXHIGHNY-26JUL12-B82.5,0.3059523707514648,KXHIGHNY-26JUL12-B84.5,,,1.0
,,0.6750631482294834,t_plus_10h,nyc,nyc:2026-07-12,,KXHIGHNY-26JUL12,0.8947308088519041,bracket,raycaster_cloudcaster,,0.06634711403817073,2026-07-12T15:00:00+00:00,2026-07-12,0.0,0.5703850499580617,KXHIGHNY-26JUL12-B82.5,0.4087176069954206,KXHIGHNY-26JUL12-B84.5,,,1.0
,,0.5997755889416355,t_plus_11h,nyc,nyc:2026-07-12,,KXHIGHNY-26JUL12,0.8264308772206299,bracket,raycaster_cloudcaster,,0.05784052256723023,2026-07-12T16:00:00+00:00,2026-07-12,0.0,0.5321442265206631,KXHIGHNY-26JUL12-B82.5,0.4376083804063196,KXHIGHNY-26JUL12-B84.5,,,1.0
,,0.337800727797686,t_plus_12h,nyc,nyc:2026-07-12,,KXHIGHNY-26JUL12,0.544959764024207,bracket,raycaster_cloudcaster,,0.03305785235101171,2026-07-12T17:00:00+00:00,2026-07-12,1.0,0.5798651143091736,KXHIGHNY-26JUL12-B84.5,0.5798651143091736,KXHIGHNY-26JUL12-B84.5,,,1.0
,,0.008143957416953769,t_plus_13h,nyc,nyc:2026-07-12,,KXHIGHNY-26JUL12,0.08236860245833268,bracket,raycaster_cloudcaster,,0.0007406030790618338,2026-07-12T18:00:00+00:00,2026-07-12,1.0,0.9209324381654755,KXHIGHNY-26JUL12-B84.5,0.9209324381654755,KXHIGHNY-26JUL12-B84.5,,,1.0
,,0.0029163277088210342,t_plus_14h,nyc,nyc:2026-07-12,,KXHIGHNY-26JUL12,0.04978791286043364,bracket,raycaster_cloudcaster,,0.0003067534308352247,2026-07-12T19:00:00+00:00,2026-07-12,1.0,0.9514311894235441,KXHIGHNY-26JUL12-B84.5,0.9514311894235441,KXHIGHNY-26JUL12-B84.5,,,1.0
,,0.0037810590008236886,t_plus_15h,nyc,nyc:2026-07-12,,KXHIGHNY-26JUL12,0.05603190844713867,bracket,raycaster_cloudcaster,,0.0003741232455302519,2026-07-12T20:00:00+00:00,2026-07-12,1.0,0.9455089656862059,KXHIGHNY-26JUL12-B84.5,0.9455089656862059,KXHIGHNY-26JUL12-B84.5,,,1.0
,,0.0037810590008236886,t_plus_16h,nyc,nyc:2026-07-12,,KXHIGHNY-26JUL12,0.05603190844713867,bracket,raycaster_cloudcaster,,0.0003741232455302519,2026-07-12T21:00:00+00:00,2026-07-12,1.0,0.9455089656862059,KXHIGHNY-26JUL12-B84.5,0.9455089656862059,KXHIGHNY-26JUL12-B84.5,,,1.0
,,0.0037810590008236886,t_plus_17h,nyc,nyc:2026-07-12,,KXHIGHNY-26JUL12,0.05603190844713867,bracket,raycaster_cloudcaster,,0.0003741232455302519,2026-07-12T22:00:00+00:00,2026-07-12,1.0,0.9455089656862059,KXHIGHNY-26JUL12-B84.5,0.9455089656862059,KXHIGHNY-26JUL12-B84.5,,,1.0
,,0.0037810590008236886,t_plus_18h,nyc,nyc:2026-07-12,,KXHIGHNY-26JUL12,0.05603190844713867,bracket,raycaster_cloudcaster,,0.0003741232455302519,2026-07-12T23:00:00+00:00,2026-07-12,1.0,0.9455089656862059,KXHIGHNY-26JUL12-B84.5,0.9455089656862059,KXHIGHNY-26JUL12-B84.5,,,1.0
,,0.0037810590008236886,t_plus_19h,nyc,nyc:2026-07-12,,KXHIGHNY-26JUL12,0.05603190844713867,bracket,raycaster_cloudcaster,,0.0003741232455302519,2026-07-13T00:00:00+00:00,2026-07-12,1.0,0.9455089656862059,KXHIGHNY-26JUL12-B84.5,0.9455089656862059,KXHIGHNY-26JUL12-B84.5,,,1.0
,,0.0037810590008236886,t_plus_20h,nyc,nyc:2026-07-12,,KXHIGHNY-26JUL12,0.05603190844713867,bracket,raycaster_cloudcaster,,0.0003741232455302519,2026-07-13T01:00:00+00:00,2026-07-12,1.0,0.9455089656862059,KXHIGHNY-26JUL12-B84.5,0.9455089656862059,KXHIGHNY-26JUL12-B84.5,,,1.0
,,0.0037810590008236886,t_plus_21h,nyc,nyc:2026-07-12,,KXHIGHNY-26JUL12,0.05603190844713867,bracket,raycaster_cloudcaster,,0.0003741232455302519,2026-07-13T02:00:00+00:00,2026-07-12,1.0,0.9455089656862059,KXHIGHNY-26JUL12-B84.5,0.9455089656862059,KXHIGHNY-26JUL12-B84.5,,,1.0
,,0.0037810590008236886,t_plus_22h,nyc,nyc:2026-07-12,,KXHIGHNY-26JUL12,0.05603190844713867,bracket,raycaster_cloudcaster,,0.0003741232455302519,2026-07-13T03:00:00+00:00,2026-07-12,1.0,0.9455089656862059,KXHIGHNY-26JUL12-B84.5,0.9455089656862059,KXHIGHNY-26JUL12-B84.5,,,1.0
,,0.0037810590008236886,t_plus_23h,nyc,nyc:2026-07-12,,KXHIGHNY-26JUL12,0.05603190844713867,bracket,raycaster_cloudcaster,,0.0003741232455302519,2026-07-13T04:00:00+00:00,2026-07-12,1.0,0.9455089656862059,KXHIGHNY-26JUL12-B84.5,0.9455089656862059,KXHIGHNY-26JUL12-B84.5,,,1.0
,,0.4609951874061997,t_plus_0h,okc,okc:2026-07-12,,KXHIGHTOKC-26JUL12,0.8121653245713478,bracket,raycaster_cloudcaster,,0.07304127694611887,2026-07-12T06:00:00+00:00,2026-07-12,1.0,0.44389584625661216,KXHIGHTOKC-26JUL12-T90,0.44389584625661216,KXHIGHTOKC-26JUL12-T90,,,1.0
,,0.29034806135038044,t_plus_1h,okc,okc:2026-07-12,,KXHIGHTOKC-26JUL12,0.5499455346452972,bracket,raycaster_cloudcaster,,0.037884000467595755,2026-07-12T07:00:00+00:00,2026-07-12,1.0,0.5769812350123239,KXHIGHTOKC-26JUL12-T90,0.5769812350123239,KXHIGHTOKC-26JUL12-T90,,,1.0
,,0.31806561706336595,t_plus_2h,okc,okc:2026-07-12,,KXHIGHTOKC-26JUL12,0.5602568566706922,bracket,raycaster_cloudcaster,,0.03774655274118646,2026-07-12T08:00:00+00:00,2026-07-12,1.0,0.571062363831651,KXHIGHTOKC-26JUL12-T90,0.571062363831651,KXHIGHTOKC-26JUL12-T90,,,1.0
,,0.06426313870618426,t_plus_3h,okc,okc:2026-07-12,,KXHIGHTOKC-26JUL12,0.2372825186538536,bracket,raycaster_cloudcaster,,0.010734357226503408,2026-07-12T09:00:00+00:00,2026-07-12,1.0,0.7887684147454276,KXHIGHTOKC-26JUL12-T90,0.7887684147454276,KXHIGHTOKC-26JUL12-T90,,,1.0
,,0.04163530051327787,t_plus_4h,okc,okc:2026-07-12,,KXHIGHTOKC-26JUL12,0.18961192590961712,bracket,raycaster_cloudcaster,,0.007946076010896967,2026-07-12T10:00:00+00:00,2026-07-12,1.0,0.82728011763575,KXHIGHTOKC-26JUL12-T90,0.82728011763575,KXHIGHTOKC-26JUL12-T90,,,1.0
,,0.04163530051327787,t_plus_5h,okc,okc:2026-07-12,,KXHIGHTOKC-26JUL12,0.18961192590961712,bracket,raycaster_cloudcaster,,0.007946076010896967,2026-07-12T11:00:00+00:00,2026-07-12,1.0,0.82728011763575,KXHIGHTOKC-26JUL12-T90,0.82728011763575,KXHIGHTOKC-26JUL12-T90,,,1.0
,,0.032193384422346094,t_plus_6h,okc,okc:2026-07-12,,KXHIGHTOKC-26JUL12,0.16482434067124463,bracket,raycaster_cloudcaster,,0.005833111500563225,2026-07-12T12:00:00+00:00,2026-07-12,1.0,0.8480426576089866,KXHIGHTOKC-26JUL12-T90,0.8480426576089866,KXHIGHTOKC-26JUL12-T90,,,1.0
,,0.019201398351514087,t_plus_7h,okc,okc:2026-07-12,,KXHIGHTOKC-26JUL12,0.11731877246009136,bracket,raycaster_cloudcaster,,0.0027571803725608274,2026-07-12T13:00:00+00:00,2026-07-12,1.0,0.8893016630961152,KXHIGHTOKC-26JUL12-T90,0.8893016630961152,KXHIGHTOKC-26JUL12-T90,,,1.0
,,0.038760859253445065,t_plus_8h,okc,okc:2026-07-12,,KXHIGHTOKC-26JUL12,0.1646849851382751,bracket,raycaster_cloudcaster,,0.004889692202642832,2026-07-12T14:00:00+00:00,2026-07-12,1.0,0.8481608452803803,KXHIGHTOKC-26JUL12-T90,0.8481608452803803,KXHIGHTOKC-26JUL12-T90,,,1.0
,,0.49764634306623684,t_plus_9h,okc,okc:2026-07-12,,KXHIGHTOKC-26JUL12,0.7106353761969129,bracket,raycaster_cloudcaster,,0.05189854080318782,2026-07-12T15:00:00+00:00,2026-07-12,1.0,0.4913319176586304,KXHIGHTOKC-26JUL12-T90,0.4913319176586304,KXHIGHTOKC-26JUL12-T90,,,1.0
,,0.5055868245200785,t_plus_10h,okc,okc:2026-07-12,,KXHIGHTOKC-26JUL12,0.7185806393312243,bracket,raycaster_cloudcaster,,0.0526903419023629,2026-07-12T16:00:00+00:00,2026-07-12,0.0,0.49272145211506424,KXHIGHTOKC-26JUL12-B90.5,0.48744362350139886,KXHIGHTOKC-26JUL12-T90,,,1.0
,,0.5054815765672602,t_plus_11h,okc,okc:2026-07-12,,KXHIGHTOKC-26JUL12,0.7182864332008927,bracket,raycaster_cloudcaster,,0.052658160755045015,2026-07-12T17:00:00+00:00,2026-07-12,0.0,0.4927657104107371,KXHIGHTOKC-26JUL12-B90.5,0.4875870535015821,KXHIGHTOKC-26JUL12-T90,,,1.0
,,0.11764789141940211,t_plus_12h,okc,okc:2026-07-12,,KXHIGHTOKC-26JUL12,0.29313527390830035,bracket,raycaster_cloudcaster,,0.013126737433795225,2026-07-12T18:00:00+00:00,2026-07-12,1.0,0.7459212301920038,KXHIGHTOKC-26JUL12-T90,0.7459212301920038,KXHIGHTOKC-26JUL12-T90,,,1.0
,,0.05115261804167323,t_plus_13h,okc,okc:2026-07-12,,KXHIGHTOKC-26JUL12,0.18921805287743806,bracket,raycaster_cloudcaster,,0.006209259873514642,2026-07-12T19:00:00+00:00,2026-07-12,1.0,0.8276060251430204,KXHIGHTOKC-26JUL12-T90,0.8276060251430204,KXHIGHTOKC-26JUL12-T90,,,1.0
,,0.02041121477860648,t_plus_14h,okc,okc:2026-07-12,,KXHIGHTOKC-26JUL12,0.12075358434490188,bracket,raycaster_cloudcaster,,0.0028919656560394496,2026-07-12T20:00:00+00:00,2026-07-12,1.0,0.8862523191339676,KXHIGHTOKC-26JUL12-T90,0.8862523191339676,KXHIGHTOKC-26JUL12-T90,,,1.0
,,0.052244932352194184,t_plus_15h,okc,okc:2026-07-12,,KXHIGHTOKC-26JUL12,0.1912544195160693,bracket,raycaster_cloudcaster,,0.0063248449976702524,2026-07-12T21:00:00+00:00,2026-07-12,1.0,0.825922430633128,KXHIGHTOKC-26JUL12-T90,0.825922430633128,KXHIGHTOKC-26JUL12-T90,,,1.0
,,0.0017901325193738643,t_plus_16h,okc,okc:2026-07-12,,KXHIGHTOKC-26JUL12,0.03938919894765503,bracket,raycaster_cloudcaster,,0.0006563819237704169,2026-07-12T22:00:00+00:00,2026-07-12,1.0,0.9613764696140006,KXHIGHTOKC-26JUL12-T90,0.9613764696140006,KXHIGHTOKC-26JUL12-T90,,,1.0
,,0.0029163277088210342,t_plus_17h,okc,okc:2026-07-12,,KXHIGHTOKC-26JUL12,0.04978791286043364,bracket,raycaster_cloudcaster,,0.0008224432408064503,2026-07-12T23:00:00+00:00,2026-07-12,1.0,0.9514311894235441,KXHIGHTOKC-26JUL12-T90,0.9514311894235441,KXHIGHTOKC-26JUL12-T90,,,1.0
,,0.0017901325193738643,t_plus_18h,okc,okc:2026-07-12,,KXHIGHTOKC-26JUL12,0.03938919894765503,bracket,raycaster_cloudcaster,,0.0006563819237704169,2026-07-13T00:00:00+00:00,2026-07-12,1.0,0.9613764696140006,KXHIGHTOKC-26JUL12-T90,0.9613764696140006,KXHIGHTOKC-26JUL12-T90,,,1.0
,,0.0017901325193738643,t_plus_19h,okc,okc:2026-07-12,,KXHIGHTOKC-26JUL12,0.03938919894765503,bracket,raycaster_cloudcaster,,0.0006563819237704169,2026-07-13T01:00:00+00:00,2026-07-12,1.0,0.9613764696140006,KXHIGHTOKC-26JUL12-T90,0.9613764696140006,KXHIGHTOKC-26JUL12-T90,,,1.0
,,0.0017901325193738643,t_plus_20h,okc,okc:2026-07-12,,KXHIGHTOKC-26JUL12,0.03938919894765503,bracket,raycaster_cloudcaster,,0.0006563819237704169,2026-07-13T02:00:00+00:00,2026-07-12,1.0,0.9613764696140006,KXHIGHTOKC-26JUL12-T90,0.9613764696140006,KXHIGHTOKC-26JUL12-T90,,,1.0
,,0.0017901325193738643,t_plus_21h,okc,okc:2026-07-12,,KXHIGHTOKC-26JUL12,0.03938919894765503,bracket,raycaster_cloudcaster,,0.0006563819237704169,2026-07-13T03:00:00+00:00,2026-07-12,1.0,0.9613764696140006,KXHIGHTOKC-26JUL12-T90,0.9613764696140006,KXHIGHTOKC-26JUL12-T90,,,1.0
,,0.0017901325193738643,t_plus_22h,okc,okc:2026-07-12,,KXHIGHTOKC-26JUL12,0.03938919894765503,bracket,raycaster_cloudcaster,,0.0006563819237704169,2026-07-13T04:00:00+00:00,2026-07-12,1.0,0.9613764696140006,KXHIGHTOKC-26JUL12-T90,0.9613764696140006,KXHIGHTOKC-26JUL12-T90,,,1.0
,,0.0017901325193738643,t_plus_23h,okc,okc:2026-07-12,,KXHIGHTOKC-26JUL12,0.03938919894765503,bracket,raycaster_cloudcaster,,0.0006563819237704169,2026-07-13T05:00:00+00:00,2026-07-12,1.0,0.9613764696140006,KXHIGHTOKC-26JUL12-T90,0.9613764696140006,KXHIGHTOKC-26JUL12-T90,,,1.0
