bracket_type,city,decision,entry_price,ev,event_ticker,hours_elapsed,market_mid,market_ticker,model_probability,opposite_bid,side,skip_reason,snapshot_hour_utc,spread,target_date
bounded,mia,skip,0.99,-0.03947291642416284,KXHIGHMIA-26AUG28,,0.985,KXHIGHMIA-26AUG28-B88.5,0.9505270835758372,0.98,no,price_out_of_range,2026-08-28 05:00:00+00:00,0.010000000000000009,2026-08-28
bounded,mia,skip,0.9,-0.2172069411263533,KXHIGHMIA-26AUG28,,0.895,KXHIGHMIA-26AUG28-B90.5,0.6827930588736467,0.89,no,price_out_of_range,2026-08-28 05:00:00+00:00,0.010000000000000009,2026-08-28
bounded,mia,skip,0.33,0.22221705304398026,KXHIGHMIA-26AUG28,,0.32,KXHIGHMIA-26AUG28-B92.5,0.5522170530439803,0.31,no,price_out_of_range,2026-08-28 05:00:00+00:00,0.020000000000000018,2026-08-28
bounded,mia,skip,0.8,0.03851062983549114,KXHIGHMIA-26AUG28,,0.795,KXHIGHMIA-26AUG28-B94.5,0.8385106298354912,0.79,no,price_out_of_range,2026-08-28 05:00:00+00:00,0.010000000000000009,2026-08-28
lower_tail,mia,skip,1.0,-0.0009990009990009652,KXHIGHMIA-26AUG28,,0.995,KXHIGHMIA-26AUG28-T88,0.999000999000999,0.99,no,price_out_of_range,2026-08-28 05:00:00+00:00,0.010000000000000009,2026-08-28
upper_tail,mia,skip,0.99,-0.013048824329954578,KXHIGHMIA-26AUG28,,0.985,KXHIGHMIA-26AUG28-T95,0.9769511756700454,0.98,no,price_out_of_range,2026-08-28 05:00:00+00:00,0.010000000000000009,2026-08-28
bounded,nyc,skip,0.64,-0.11565307223603971,KXHIGHNY-26AUG28,0.0,0.635,KXHIGHNY-26AUG28-B80.5,0.5243469277639603,0.63,no,ev_below_threshold,2026-08-28 05:00:00+00:00,0.010000000000000009,2026-08-28
bounded,nyc,buy,0.6,0.032633222097285364,KXHIGHNY-26AUG28,0.0,0.59,KXHIGHNY-26AUG28-B82.5,0.6326332220972853,0.58,no,,2026-08-28 05:00:00+00:00,0.020000000000000018,2026-08-28
bounded,nyc,skip,0.91,0.042868663344836966,KXHIGHNY-26AUG28,0.0,0.905,KXHIGHNY-26AUG28-B84.5,0.952868663344837,0.9,no,price_out_of_range,2026-08-28 05:00:00+00:00,0.010000000000000009,2026-08-28
bounded,nyc,skip,0.99,0.009001996007984014,KXHIGHNY-26AUG28,0.0,0.985,KXHIGHNY-26AUG28-B86.5,0.999001996007984,0.98,no,price_out_of_range,2026-08-28 05:00:00+00:00,0.010000000000000009,2026-08-28
lower_tail,nyc,skip,0.82,0.0721471947779494,KXHIGHNY-26AUG28,0.0,0.815,KXHIGHNY-26AUG28-T80,0.8921471947779493,0.81,no,price_out_of_range,2026-08-28 05:00:00+00:00,0.009999999999999898,2026-08-28
upper_tail,nyc,skip,0.99,0.009001996007984014,KXHIGHNY-26AUG28,0.0,0.985,KXHIGHNY-26AUG28-T87,0.999001996007984,0.98,no,price_out_of_range,2026-08-28 05:00:00+00:00,0.010000000000000009,2026-08-28
bounded,aus,skip,0.6,-0.0005854876782215301,KXHIGHAUS-26AUG28,,0.595,KXHIGHAUS-26AUG28-B101.5,0.5994145123217784,0.59,no,ev_below_threshold,2026-08-28 06:00:00+00:00,0.010000000000000009,2026-08-28
bounded,aus,skip,0.91,0.041623123637559156,KXHIGHAUS-26AUG28,,0.905,KXHIGHAUS-26AUG28-B103.5,0.9516231236375592,0.9,no,price_out_of_range,2026-08-28 06:00:00+00:00,0.010000000000000009,2026-08-28
bounded,aus,skip,0.86,0.05753752227158604,KXHIGHAUS-26AUG28,,0.825,KXHIGHAUS-26AUG28-B97.5,0.917537522271586,0.79,no,price_out_of_range,2026-08-28 06:00:00+00:00,0.06999999999999995,2026-08-28
bounded,aus,skip,0.66,-0.1265791502468917,KXHIGHAUS-26AUG28,,0.65,KXHIGHAUS-26AUG28-B99.5,0.5334208497531083,0.64,no,price_out_of_range,2026-08-28 06:00:00+00:00,0.020000000000000018,2026-08-28
upper_tail,aus,skip,0.99,0.009001996007984014,KXHIGHAUS-26AUG28,,0.985,KXHIGHAUS-26AUG28-T104,0.999001996007984,0.98,no,price_out_of_range,2026-08-28 06:00:00+00:00,0.010000000000000009,2026-08-28
lower_tail,aus,skip,0.99,0.009001996007984014,KXHIGHAUS-26AUG28,,0.98,KXHIGHAUS-26AUG28-T97,0.999001996007984,0.97,no,price_out_of_range,2026-08-28 06:00:00+00:00,0.020000000000000018,2026-08-28
bounded,mia,skip,0.97,0.015472281093978357,KXHIGHMIA-26AUG28,,0.965,KXHIGHMIA-26AUG28-B88.5,0.9854722810939783,0.96,no,price_out_of_range,2026-08-28 06:00:00+00:00,0.010000000000000009,2026-08-28
bounded,mia,skip,0.88,-0.06615680481199082,KXHIGHMIA-26AUG28,,0.875,KXHIGHMIA-26AUG28-B90.5,0.8138431951880092,0.87,no,price_out_of_range,2026-08-28 06:00:00+00:00,0.010000000000000009,2026-08-28
bounded,mia,skip,0.36,0.09080541955584198,KXHIGHMIA-26AUG28,,0.35,KXHIGHMIA-26AUG28-B92.5,0.45080541955584197,0.34,no,price_out_of_range,2026-08-28 06:00:00+00:00,0.019999999999999962,2026-08-28
bounded,mia,skip,0.83,-0.05564283196883846,KXHIGHMIA-26AUG28,,0.8200000000000001,KXHIGHMIA-26AUG28-B94.5,0.7743571680311615,0.81,no,price_out_of_range,2026-08-28 06:00:00+00:00,0.019999999999999907,2026-08-28
lower_tail,mia,skip,1.0,-0.0009990009990009652,KXHIGHMIA-26AUG28,,0.995,KXHIGHMIA-26AUG28-T88,0.999000999000999,0.99,no,price_out_of_range,2026-08-28 06:00:00+00:00,0.010000000000000009,2026-08-28
upper_tail,mia,skip,0.99,-0.0134790628699899,KXHIGHMIA-26AUG28,,0.985,KXHIGHMIA-26AUG28-T95,0.9765209371300101,0.98,no,price_out_of_range,2026-08-28 06:00:00+00:00,0.010000000000000009,2026-08-28
bounded,nyc,skip,0.64,-0.17456551957337374,KXHIGHNY-26AUG28,1.0,0.63,KXHIGHNY-26AUG28-B80.5,0.4654344804266263,0.62,no,ev_below_threshold,2026-08-28 06:00:00+00:00,0.020000000000000018,2026-08-28
bounded,nyc,buy,0.57,0.1268787907893928,KXHIGHNY-26AUG28,1.0,0.565,KXHIGHNY-26AUG28-B82.5,0.6968787907893927,0.56,no,,2026-08-28 06:00:00+00:00,0.009999999999999898,2026-08-28
bounded,nyc,skip,0.91,0.058639503100914925,KXHIGHNY-26AUG28,1.0,0.905,KXHIGHNY-26AUG28-B84.5,0.968639503100915,0.9,no,price_out_of_range,2026-08-28 06:00:00+00:00,0.010000000000000009,2026-08-28
bounded,nyc,skip,0.99,0.009001996007984014,KXHIGHNY-26AUG28,1.0,0.985,KXHIGHNY-26AUG28-B86.5,0.999001996007984,0.98,no,price_out_of_range,2026-08-28 06:00:00+00:00,0.010000000000000009,2026-08-28
lower_tail,nyc,skip,0.87,0.0010432336670979092,KXHIGHNY-26AUG28,1.0,0.865,KXHIGHNY-26AUG28-T80,0.8710432336670979,0.86,no,price_out_of_range,2026-08-28 06:00:00+00:00,0.010000000000000009,2026-08-28
upper_tail,nyc,skip,1.0,-0.0009980039920159944,KXHIGHNY-26AUG28,1.0,0.995,KXHIGHNY-26AUG28-T87,0.999001996007984,0.99,no,price_out_of_range,2026-08-28 06:00:00+00:00,0.010000000000000009,2026-08-28
bounded,okc,skip,0.94,-0.05286807690357731,KXHIGHTOKC-26AUG28,0.0,0.915,KXHIGHTOKC-26AUG28-B93.5,0.8871319230964226,0.89,no,price_out_of_range,2026-08-28 06:00:00+00:00,0.04999999999999993,2026-08-28
bounded,okc,skip,0.88,-0.1086992268957826,KXHIGHTOKC-26AUG28,0.0,0.875,KXHIGHTOKC-26AUG28-B95.5,0.7713007731042174,0.87,no,price_out_of_range,2026-08-28 06:00:00+00:00,0.010000000000000009,2026-08-28
bounded,okc,buy,0.55,0.17386760847635685,KXHIGHTOKC-26AUG28,0.0,0.545,KXHIGHTOKC-26AUG28-B97.5,0.7238676084763569,0.54,no,,2026-08-28 06:00:00+00:00,0.010000000000000009,2026-08-28
bounded,okc,skip,0.7,0.08640428717521031,KXHIGHTOKC-26AUG28,0.0,0.695,KXHIGHTOKC-26AUG28-B99.5,0.7864042871752103,0.69,no,price_out_of_range,2026-08-28 06:00:00+00:00,0.010000000000000009,2026-08-28
upper_tail,okc,skip,0.95,-0.07578667551170992,KXHIGHTOKC-26AUG28,0.0,0.945,KXHIGHTOKC-26AUG28-T100,0.87421332448829,0.94,no,price_out_of_range,2026-08-28 06:00:00+00:00,0.010000000000000009,2026-08-28
lower_tail,okc,skip,0.99,-0.03291791634049723,KXHIGHTOKC-26AUG28,0.0,0.985,KXHIGHTOKC-26AUG28-T93,0.9570820836595028,0.98,no,price_out_of_range,2026-08-28 06:00:00+00:00,0.010000000000000009,2026-08-28
bounded,aus,skip,0.59,0.015947329168517155,KXHIGHAUS-26AUG28,,0.58,KXHIGHAUS-26AUG28-B101.5,0.6059473291685171,0.57,no,ev_below_threshold,2026-08-28 07:00:00+00:00,0.020000000000000018,2026-08-28
bounded,aus,skip,0.93,0.03622463506141205,KXHIGHAUS-26AUG28,,0.925,KXHIGHAUS-26AUG28-B103.5,0.9662246350614121,0.92,no,price_out_of_range,2026-08-28 07:00:00+00:00,0.010000000000000009,2026-08-28
bounded,aus,skip,0.89,0.055953984970596116,KXHIGHAUS-26AUG28,,0.88,KXHIGHAUS-26AUG28-B97.5,0.9459539849705961,0.87,no,price_out_of_range,2026-08-28 07:00:00+00:00,0.020000000000000018,2026-08-28
bounded,aus,skip,0.65,-0.1661299412164935,KXHIGHAUS-26AUG28,,0.645,KXHIGHAUS-26AUG28-B99.5,0.48387005878350653,0.64,no,ev_below_threshold,2026-08-28 07:00:00+00:00,0.010000000000000009,2026-08-28
upper_tail,aus,skip,0.99,0.009001996007984014,KXHIGHAUS-26AUG28,,0.985,KXHIGHAUS-26AUG28-T104,0.999001996007984,0.98,no,price_out_of_range,2026-08-28 07:00:00+00:00,0.010000000000000009,2026-08-28
lower_tail,aus,skip,0.99,0.009001996007984014,KXHIGHAUS-26AUG28,,0.98,KXHIGHAUS-26AUG28-T97,0.999001996007984,0.97,no,price_out_of_range,2026-08-28 07:00:00+00:00,0.020000000000000018,2026-08-28
bounded,den,skip,0.98,-0.013824661362558555,KXHIGHDEN-26AUG28,,0.97,KXHIGHDEN-26AUG28-B90.5,0.9661753386374414,0.96,no,price_out_of_range,2026-08-28 07:00:00+00:00,0.020000000000000018,2026-08-28
bounded,den,skip,0.78,0.04668751755787559,KXHIGHDEN-26AUG28,,0.77,KXHIGHDEN-26AUG28-B92.5,0.8266875175578756,0.76,no,price_out_of_range,2026-08-28 07:00:00+00:00,0.020000000000000018,2026-08-28
bounded,den,buy,0.51,0.08452960639980267,KXHIGHDEN-26AUG28,,0.5,KXHIGHDEN-26AUG28-B94.5,0.5945296063998027,0.49,no,,2026-08-28 07:00:00+00:00,0.020000000000000018,2026-08-28
bounded,den,skip,0.75,-0.06062637323236131,KXHIGHDEN-26AUG28,,0.73,KXHIGHDEN-26AUG28-B96.5,0.6893736267676387,0.71,no,price_out_of_range,2026-08-28 07:00:00+00:00,0.040000000000000036,2026-08-28
lower_tail,den,skip,0.99,0.009000999000999044,KXHIGHDEN-26AUG28,,0.985,KXHIGHDEN-26AUG28-T90,0.999000999000999,0.98,no,price_out_of_range,2026-08-28 07:00:00+00:00,0.010000000000000009,2026-08-28
upper_tail,den,skip,0.97,-0.04576708836375731,KXHIGHDEN-26AUG28,,0.965,KXHIGHDEN-26AUG28-T97,0.9242329116362427,0.96,no,price_out_of_range,2026-08-28 07:00:00+00:00,0.010000000000000009,2026-08-28
bounded,mia,skip,0.98,0.019001996007984023,KXHIGHMIA-26AUG28,,0.975,KXHIGHMIA-26AUG28-B88.5,0.999001996007984,0.97,no,price_out_of_range,2026-08-28 07:00:00+00:00,0.010000000000000009,2026-08-28
bounded,mia,skip,0.88,-0.005224237821496613,KXHIGHMIA-26AUG28,,0.875,KXHIGHMIA-26AUG28-B90.5,0.8747757621785034,0.87,no,price_out_of_range,2026-08-28 07:00:00+00:00,0.010000000000000009,2026-08-28
bounded,mia,skip,0.32,0.11527583556300253,KXHIGHMIA-26AUG28,,0.31,KXHIGHMIA-26AUG28-B92.5,0.43527583556300253,0.3,no,price_out_of_range,2026-08-28 07:00:00+00:00,0.020000000000000018,2026-08-28
bounded,mia,skip,0.82,-0.10388136040872531,KXHIGHMIA-26AUG28,,0.815,KXHIGHMIA-26AUG28-B94.5,0.7161186395912746,0.81,no,price_out_of_range,2026-08-28 07:00:00+00:00,0.009999999999999898,2026-08-28
lower_tail,mia,skip,1.0,-0.0009980039920159944,KXHIGHMIA-26AUG28,,0.995,KXHIGHMIA-26AUG28-T88,0.999001996007984,0.99,no,price_out_of_range,2026-08-28 07:00:00+00:00,0.010000000000000009,2026-08-28
upper_tail,mia,skip,0.99,-0.014174229348748568,KXHIGHMIA-26AUG28,,0.985,KXHIGHMIA-26AUG28-T95,0.9758257706512514,0.98,no,price_out_of_range,2026-08-28 07:00:00+00:00,0.010000000000000009,2026-08-28
bounded,nyc,skip,0.58,-0.132727058737385,KXHIGHNY-26AUG28,2.0,0.5700000000000001,KXHIGHNY-26AUG28-B80.5,0.44727294126261496,0.56,no,ev_below_threshold,2026-08-28 07:00:00+00:00,0.019999999999999907,2026-08-28
bounded,nyc,buy,0.64,0.07779379549364707,KXHIGHNY-26AUG28,2.0,0.635,KXHIGHNY-26AUG28-B82.5,0.7177937954936471,0.63,no,,2026-08-28 07:00:00+00:00,0.010000000000000009,2026-08-28
bounded,nyc,skip,0.93,0.04357344999860102,KXHIGHNY-26AUG28,2.0,0.925,KXHIGHNY-26AUG28-B84.5,0.9735734499986011,0.92,no,price_out_of_range,2026-08-28 07:00:00+00:00,0.010000000000000009,2026-08-28
bounded,nyc,skip,0.99,0.009001996007984014,KXHIGHNY-26AUG28,2.0,0.985,KXHIGHNY-26AUG28-B86.5,0.999001996007984,0.98,no,price_out_of_range,2026-08-28 07:00:00+00:00,0.010000000000000009,2026-08-28
lower_tail,nyc,skip,0.89,-0.02664417877083114,KXHIGHNY-26AUG28,2.0,0.88,KXHIGHNY-26AUG28-T80,0.8633558212291689,0.87,no,price_out_of_range,2026-08-28 07:00:00+00:00,0.020000000000000018,2026-08-28
upper_tail,nyc,skip,1.0,-0.0009980039920159944,KXHIGHNY-26AUG28,2.0,0.995,KXHIGHNY-26AUG28-T87,0.999001996007984,0.99,no,price_out_of_range,2026-08-28 07:00:00+00:00,0.010000000000000009,2026-08-28
bounded,okc,skip,0.94,-0.07216284626970704,KXHIGHTOKC-26AUG28,1.0,0.9199999999999999,KXHIGHTOKC-26AUG28-B93.5,0.8678371537302929,0.9,no,price_out_of_range,2026-08-28 07:00:00+00:00,0.039999999999999925,2026-08-28
bounded,okc,skip,0.88,-0.10134214946216435,KXHIGHTOKC-26AUG28,1.0,0.875,KXHIGHTOKC-26AUG28-B95.5,0.7786578505378356,0.87,no,price_out_of_range,2026-08-28 07:00:00+00:00,0.010000000000000009,2026-08-28
bounded,okc,buy,0.54,0.2064692729151637,KXHIGHTOKC-26AUG28,1.0,0.535,KXHIGHTOKC-26AUG28-B97.5,0.7464692729151637,0.53,no,,2026-08-28 07:00:00+00:00,0.010000000000000009,2026-08-28
bounded,okc,skip,0.74,0.061544787567850534,KXHIGHTOKC-26AUG28,1.0,0.71,KXHIGHTOKC-26AUG28-B99.5,0.8015447875678505,0.68,no,price_out_of_range,2026-08-28 07:00:00+00:00,0.05999999999999994,2026-08-28
upper_tail,okc,skip,0.95,-0.09060639427531181,KXHIGHTOKC-26AUG28,1.0,0.945,KXHIGHTOKC-26AUG28-T100,0.8593936057246881,0.94,no,price_out_of_range,2026-08-28 07:00:00+00:00,0.010000000000000009,2026-08-28
lower_tail,okc,skip,0.99,-0.04390267047583085,KXHIGHTOKC-26AUG28,1.0,0.985,KXHIGHTOKC-26AUG28-T93,0.9460973295241691,0.98,no,price_out_of_range,2026-08-28 07:00:00+00:00,0.010000000000000009,2026-08-28
bounded,aus,skip,0.79,-0.21898877837889164,KXHIGHAUS-26AUG28,,0.78,KXHIGHAUS-26AUG28-B101.5,0.5710112216211084,0.77,no,price_out_of_range,2026-08-28 08:00:00+00:00,0.020000000000000018,2026-08-28
bounded,aus,skip,0.93,0.03844778586056208,KXHIGHAUS-26AUG28,,0.925,KXHIGHAUS-26AUG28-B103.5,0.9684477858605621,0.92,no,price_out_of_range,2026-08-28 08:00:00+00:00,0.010000000000000009,2026-08-28
bounded,aus,skip,0.89,0.06899269175040024,KXHIGHAUS-26AUG28,,0.865,KXHIGHAUS-26AUG28-B97.5,0.9589926917504003,0.84,no,price_out_of_range,2026-08-28 08:00:00+00:00,0.050000000000000044,2026-08-28
bounded,aus,skip,0.52,-0.016455691248038917,KXHIGHAUS-26AUG28,,0.515,KXHIGHAUS-26AUG28-B99.5,0.5035443087519611,0.51,no,ev_below_threshold,2026-08-28 08:00:00+00:00,0.010000000000000009,2026-08-28
upper_tail,aus,skip,0.99,0.009001996007984014,KXHIGHAUS-26AUG28,,0.985,KXHIGHAUS-26AUG28-T104,0.999001996007984,0.98,no,price_out_of_range,2026-08-28 08:00:00+00:00,0.010000000000000009,2026-08-28
lower_tail,aus,skip,0.98,0.019001996007984023,KXHIGHAUS-26AUG28,,0.975,KXHIGHAUS-26AUG28-T97,0.999001996007984,0.97,no,price_out_of_range,2026-08-28 08:00:00+00:00,0.010000000000000009,2026-08-28
bounded,den,skip,0.98,-0.007063438198445571,KXHIGHDEN-26AUG28,,0.975,KXHIGHDEN-26AUG28-B90.5,0.9729365618015544,0.97,no,price_out_of_range,2026-08-28 08:00:00+00:00,0.010000000000000009,2026-08-28
bounded,den,skip,0.79,0.06265225604207314,KXHIGHDEN-26AUG28,,0.78,KXHIGHDEN-26AUG28-B92.5,0.8526522560420732,0.77,no,price_out_of_range,2026-08-28 08:00:00+00:00,0.020000000000000018,2026-08-28
bounded,den,buy,0.5,0.1052021243618112,KXHIGHDEN-26AUG28,,0.495,KXHIGHDEN-26AUG28-B94.5,0.6052021243618112,0.49,no,,2026-08-28 08:00:00+00:00,0.010000000000000009,2026-08-28
bounded,den,skip,0.75,-0.0900640579605374,KXHIGHDEN-26AUG28,,0.745,KXHIGHDEN-26AUG28-B96.5,0.6599359420394626,0.74,no,price_out_of_range,2026-08-28 08:00:00+00:00,0.010000000000000009,2026-08-28
lower_tail,den,skip,0.99,0.009000999000999044,KXHIGHDEN-26AUG28,,0.985,KXHIGHDEN-26AUG28-T90,0.999000999000999,0.98,no,price_out_of_range,2026-08-28 08:00:00+00:00,0.010000000000000009,2026-08-28
upper_tail,den,skip,0.97,-0.05972788324590017,KXHIGHDEN-26AUG28,,0.965,KXHIGHDEN-26AUG28-T97,0.9102721167540998,0.96,no,price_out_of_range,2026-08-28 08:00:00+00:00,0.010000000000000009,2026-08-28
bounded,la,skip,0.99,0.009001996007984014,KXHIGHLAX-26AUG28,,0.985,KXHIGHLAX-26AUG28-B82.5,0.999001996007984,0.98,no,price_out_of_range,2026-08-28 08:00:00+00:00,0.010000000000000009,2026-08-28
bounded,la,skip,0.93,0.04185520236800622,KXHIGHLAX-26AUG28,,0.925,KXHIGHLAX-26AUG28-B84.5,0.9718552023680063,0.92,no,price_out_of_range,2026-08-28 08:00:00+00:00,0.010000000000000009,2026-08-28
bounded,la,skip,0.78,0.0375464894918599,KXHIGHLAX-26AUG28,,0.77,KXHIGHLAX-26AUG28-B86.5,0.8175464894918599,0.76,no,price_out_of_range,2026-08-28 08:00:00+00:00,0.020000000000000018,2026-08-28
bounded,la,skip,0.71,-0.16836085761865915,KXHIGHLAX-26AUG28,,0.705,KXHIGHLAX-26AUG28-B88.5,0.5416391423813408,0.7,no,price_out_of_range,2026-08-28 08:00:00+00:00,0.010000000000000009,2026-08-28
lower_tail,la,skip,1.0,-0.0009980039920159944,KXHIGHLAX-26AUG28,,0.995,KXHIGHLAX-26AUG28-T82,0.999001996007984,0.99,no,price_out_of_range,2026-08-28 08:00:00+00:00,0.010000000000000009,2026-08-28
upper_tail,la,buy,0.57,0.10095517374282503,KXHIGHLAX-26AUG28,,0.565,KXHIGHLAX-26AUG28-T89,0.670955173742825,0.56,no,,2026-08-28 08:00:00+00:00,0.009999999999999898,2026-08-28
bounded,mia,skip,0.98,0.019001996007984023,KXHIGHMIA-26AUG28,,0.975,KXHIGHMIA-26AUG28-B88.5,0.999001996007984,0.97,no,price_out_of_range,2026-08-28 08:00:00+00:00,0.010000000000000009,2026-08-28
bounded,mia,skip,0.88,0.012933024651450076,KXHIGHMIA-26AUG28,,0.875,KXHIGHMIA-26AUG28-B90.5,0.8929330246514501,0.87,no,price_out_of_range,2026-08-28 08:00:00+00:00,0.010000000000000009,2026-08-28
bounded,mia,skip,0.31,0.11215000835821626,KXHIGHMIA-26AUG28,,0.305,KXHIGHMIA-26AUG28-B92.5,0.42215000835821626,0.3,no,price_out_of_range,2026-08-28 08:00:00+00:00,0.010000000000000009,2026-08-28
bounded,mia,skip,0.85,-0.14103139468559822,KXHIGHMIA-26AUG28,,0.835,KXHIGHMIA-26AUG28-B94.5,0.7089686053144018,0.82,no,price_out_of_range,2026-08-28 08:00:00+00:00,0.030000000000000027,2026-08-28
lower_tail,mia,skip,1.0,-0.0009980039920159944,KXHIGHMIA-26AUG28,,0.995,KXHIGHMIA-26AUG28-T88,0.999001996007984,0.99,no,price_out_of_range,2026-08-28 08:00:00+00:00,0.010000000000000009,2026-08-28
upper_tail,mia,skip,0.99,-0.012055630340036094,KXHIGHMIA-26AUG28,,0.985,KXHIGHMIA-26AUG28-T95,0.9779443696599639,0.98,no,price_out_of_range,2026-08-28 08:00:00+00:00,0.010000000000000009,2026-08-28
bounded,nyc,skip,0.56,-0.12249549835032814,KXHIGHNY-26AUG28,3.0,0.545,KXHIGHNY-26AUG28-B80.5,0.4375045016496719,0.53,no,ev_below_threshold,2026-08-28 08:00:00+00:00,0.030000000000000027,2026-08-28
bounded,nyc,buy,0.64,0.10246282063681,KXHIGHNY-26AUG28,3.0,0.635,KXHIGHNY-26AUG28-B82.5,0.74246282063681,0.63,no,,2026-08-28 08:00:00+00:00,0.010000000000000009,2026-08-28
bounded,nyc,skip,0.94,0.037099525206880646,KXHIGHNY-26AUG28,3.0,0.9299999999999999,KXHIGHNY-26AUG28-B84.5,0.9770995252068806,0.92,no,price_out_of_range,2026-08-28 08:00:00+00:00,0.019999999999999907,2026-08-28
bounded,nyc,skip,0.99,0.009001996007984014,KXHIGHNY-26AUG28,3.0,0.985,KXHIGHNY-26AUG28-B86.5,0.999001996007984,0.98,no,price_out_of_range,2026-08-28 08:00:00+00:00,0.010000000000000009,2026-08-28
lower_tail,nyc,skip,0.9,-0.05507083950933056,KXHIGHNY-26AUG28,3.0,0.89,KXHIGHNY-26AUG28-T80,0.8449291604906695,0.88,no,price_out_of_range,2026-08-28 08:00:00+00:00,0.020000000000000018,2026-08-28
upper_tail,nyc,skip,1.0,-0.0009980039920159944,KXHIGHNY-26AUG28,3.0,0.995,KXHIGHNY-26AUG28-T87,0.999001996007984,0.99,no,price_out_of_range,2026-08-28 08:00:00+00:00,0.010000000000000009,2026-08-28
bounded,okc,skip,0.94,-0.08653725523301836,KXHIGHTOKC-26AUG28,2.0,0.9299999999999999,KXHIGHTOKC-26AUG28-B93.5,0.8534627447669816,0.92,no,price_out_of_range,2026-08-28 08:00:00+00:00,0.019999999999999907,2026-08-28
bounded,okc,skip,0.9,-0.1446305554256152,KXHIGHTOKC-26AUG28,2.0,0.88,KXHIGHTOKC-26AUG28-B95.5,0.7553694445743848,0.86,no,price_out_of_range,2026-08-28 08:00:00+00:00,0.040000000000000036,2026-08-28
bounded,okc,buy,0.52,0.21449859649279523,KXHIGHTOKC-26AUG28,2.0,0.51,KXHIGHTOKC-26AUG28-B97.5,0.7344985964927953,0.5,no,,2026-08-28 08:00:00+00:00,0.020000000000000018,2026-08-28
bounded,okc,skip,0.71,0.10546161975513668,KXHIGHTOKC-26AUG28,2.0,0.6950000000000001,KXHIGHTOKC-26AUG28-B99.5,0.8154616197551366,0.68,no,price_out_of_range,2026-08-28 08:00:00+00:00,0.029999999999999916,2026-08-28
upper_tail,okc,skip,0.96,-0.05678433156983542,KXHIGHTOKC-26AUG28,2.0,0.95,KXHIGHTOKC-26AUG28-T100,0.9032156684301645,0.94,no,price_out_of_range,2026-08-28 08:00:00+00:00,0.020000000000000018,2026-08-28
lower_tail,okc,skip,0.99,-0.052008074019462947,KXHIGHTOKC-26AUG28,2.0,0.985,KXHIGHTOKC-26AUG28-T93,0.937991925980537,0.98,no,price_out_of_range,2026-08-28 08:00:00+00:00,0.010000000000000009,2026-08-28
bounded,aus,skip,0.79,-0.22736651713898326,KXHIGHAUS-26AUG28,,0.775,KXHIGHAUS-26AUG28-B101.5,0.5626334828610168,0.76,no,price_out_of_range,2026-08-28 09:00:00+00:00,0.030000000000000027,2026-08-28
bounded,aus,skip,0.93,0.03688227451003834,KXHIGHAUS-26AUG28,,0.915,KXHIGHAUS-26AUG28-B103.5,0.9668822745100384,0.9,no,price_out_of_range,2026-08-28 09:00:00+00:00,0.030000000000000027,2026-08-28
bounded,aus,skip,0.89,0.06987158790427339,KXHIGHAUS-26AUG28,,0.885,KXHIGHAUS-26AUG28-B97.5,0.9598715879042734,0.88,no,price_out_of_range,2026-08-28 09:00:00+00:00,0.010000000000000009,2026-08-28
bounded,aus,skip,0.45,0.06260866270870341,KXHIGHAUS-26AUG28,,0.445,KXHIGHAUS-26AUG28-B99.5,0.5126086627087034,0.44,no,price_out_of_range,2026-08-28 09:00:00+00:00,0.010000000000000009,2026-08-28
upper_tail,aus,skip,0.99,0.009001996007984014,KXHIGHAUS-26AUG28,,0.985,KXHIGHAUS-26AUG28-T104,0.999001996007984,0.98,no,price_out_of_range,2026-08-28 09:00:00+00:00,0.010000000000000009,2026-08-28
lower_tail,aus,skip,0.98,0.019001996007984023,KXHIGHAUS-26AUG28,,0.965,KXHIGHAUS-26AUG28-T97,0.999001996007984,0.95,no,price_out_of_range,2026-08-28 09:00:00+00:00,0.030000000000000027,2026-08-28
bounded,den,skip,0.99,-0.020848889549554883,KXHIGHDEN-26AUG28,,0.985,KXHIGHDEN-26AUG28-B90.5,0.9691511104504451,0.98,no,price_out_of_range,2026-08-28 09:00:00+00:00,0.010000000000000009,2026-08-28
bounded,den,skip,0.82,0.027337886460659266,KXHIGHDEN-26AUG28,,0.815,KXHIGHDEN-26AUG28-B92.5,0.8473378864606592,0.81,no,price_out_of_range,2026-08-28 09:00:00+00:00,0.009999999999999898,2026-08-28
bounded,den,skip,0.45,0.16773605185022372,KXHIGHDEN-26AUG28,,0.445,KXHIGHDEN-26AUG28-B94.5,0.6177360518502237,0.44,no,price_out_of_range,2026-08-28 09:00:00+00:00,0.010000000000000009,2026-08-28
bounded,den,skip,0.73,-0.06586713007255485,KXHIGHDEN-26AUG28,,0.725,KXHIGHDEN-26AUG28-B96.5,0.6641328699274451,0.72,no,price_out_of_range,2026-08-28 09:00:00+00:00,0.010000000000000009,2026-08-28
lower_tail,den,skip,0.99,0.009000999000999044,KXHIGHDEN-26AUG28,,0.985,KXHIGHDEN-26AUG28-T90,0.999000999000999,0.98,no,price_out_of_range,2026-08-28 09:00:00+00:00,0.010000000000000009,2026-08-28
upper_tail,den,skip,0.99,-0.08735891768977233,KXHIGHDEN-26AUG28,,0.98,KXHIGHDEN-26AUG28-T97,0.9026410823102277,0.97,no,price_out_of_range,2026-08-28 09:00:00+00:00,0.020000000000000018,2026-08-28
bounded,la,skip,0.99,0.009001996007984014,KXHIGHLAX-26AUG28,,0.985,KXHIGHLAX-26AUG28-B82.5,0.999001996007984,0.98,no,price_out_of_range,2026-08-28 09:00:00+00:00,0.010000000000000009,2026-08-28
bounded,la,skip,0.94,0.04555299228275622,KXHIGHLAX-26AUG28,,0.9299999999999999,KXHIGHLAX-26AUG28-B84.5,0.9855529922827562,0.92,no,price_out_of_range,2026-08-28 09:00:00+00:00,0.019999999999999907,2026-08-28
bounded,la,skip,0.8,0.07036752868293161,KXHIGHLAX-26AUG28,,0.795,KXHIGHLAX-26AUG28-B86.5,0.8703675286829317,0.79,no,price_out_of_range,2026-08-28 09:00:00+00:00,0.010000000000000009,2026-08-28
bounded,la,skip,0.71,-0.14630113238928677,KXHIGHLAX-26AUG28,,0.705,KXHIGHLAX-26AUG28-B88.5,0.5636988676107132,0.7,no,price_out_of_range,2026-08-28 09:00:00+00:00,0.010000000000000009,2026-08-28
lower_tail,la,skip,1.0,-0.0009980039920159944,KXHIGHLAX-26AUG28,,0.995,KXHIGHLAX-26AUG28-T82,0.999001996007984,0.99,no,price_out_of_range,2026-08-28 09:00:00+00:00,0.010000000000000009,2026-08-28
upper_tail,la,skip,0.57,0.012376619407631018,KXHIGHLAX-26AUG28,,0.56,KXHIGHLAX-26AUG28-T89,0.582376619407631,0.55,no,ev_below_threshold,2026-08-28 09:00:00+00:00,0.019999999999999907,2026-08-28
bounded,mia,skip,0.98,0.019001996007984023,KXHIGHMIA-26AUG28,,0.975,KXHIGHMIA-26AUG28-B88.5,0.999001996007984,0.97,no,price_out_of_range,2026-08-28 09:00:00+00:00,0.010000000000000009,2026-08-28
bounded,mia,skip,0.88,0.019625245472746355,KXHIGHMIA-26AUG28,,0.875,KXHIGHMIA-26AUG28-B90.5,0.8996252454727464,0.87,no,price_out_of_range,2026-08-28 09:00:00+00:00,0.010000000000000009,2026-08-28
bounded,mia,skip,0.32,0.11902221294427012,KXHIGHMIA-26AUG28,,0.315,KXHIGHMIA-26AUG28-B92.5,0.43902221294427013,0.31,no,price_out_of_range,2026-08-28 09:00:00+00:00,0.010000000000000009,2026-08-28
bounded,mia,skip,0.82,-0.13003957784063347,KXHIGHMIA-26AUG28,,0.815,KXHIGHMIA-26AUG28-B94.5,0.6899604221593665,0.81,no,price_out_of_range,2026-08-28 09:00:00+00:00,0.009999999999999898,2026-08-28
lower_tail,mia,skip,1.0,-0.0009980039920159944,KXHIGHMIA-26AUG28,,0.995,KXHIGHMIA-26AUG28-T88,0.999001996007984,0.99,no,price_out_of_range,2026-08-28 09:00:00+00:00,0.010000000000000009,2026-08-28
upper_tail,mia,skip,0.99,-0.016611872592351085,KXHIGHMIA-26AUG28,,0.985,KXHIGHMIA-26AUG28-T95,0.9733881274076489,0.98,no,price_out_of_range,2026-08-28 09:00:00+00:00,0.010000000000000009,2026-08-28
bounded,nyc,skip,0.52,-0.06366640170467308,KXHIGHNY-26AUG28,4.0,0.515,KXHIGHNY-26AUG28-B80.5,0.45633359829532694,0.51,no,ev_below_threshold,2026-08-28 09:00:00+00:00,0.010000000000000009,2026-08-28
bounded,nyc,buy,0.63,0.03907801869073857,KXHIGHNY-26AUG28,4.0,0.62,KXHIGHNY-26AUG28-B82.5,0.6690780186907386,0.61,no,,2026-08-28 09:00:00+00:00,0.020000000000000018,2026-08-28
bounded,nyc,skip,0.94,0.029669256165972824,KXHIGHNY-26AUG28,4.0,0.935,KXHIGHNY-26AUG28-B84.5,0.9696692561659728,0.93,no,price_out_of_range,2026-08-28 09:00:00+00:00,0.009999999999999898,2026-08-28
bounded,nyc,skip,0.99,0.009001996007984014,KXHIGHNY-26AUG28,4.0,0.985,KXHIGHNY-26AUG28-B86.5,0.999001996007984,0.98,no,price_out_of_range,2026-08-28 09:00:00+00:00,0.010000000000000009,2026-08-28
lower_tail,nyc,skip,0.9,0.006915134831993575,KXHIGHNY-26AUG28,4.0,0.895,KXHIGHNY-26AUG28-T80,0.9069151348319936,0.89,no,price_out_of_range,2026-08-28 09:00:00+00:00,0.010000000000000009,2026-08-28
upper_tail,nyc,skip,1.0,-0.0009980039920159944,KXHIGHNY-26AUG28,4.0,0.995,KXHIGHNY-26AUG28-T87,0.999001996007984,0.99,no,price_out_of_range,2026-08-28 09:00:00+00:00,0.010000000000000009,2026-08-28
bounded,okc,skip,0.94,-0.09101394715058497,KXHIGHTOKC-26AUG28,3.0,0.9299999999999999,KXHIGHTOKC-26AUG28-B93.5,0.848986052849415,0.92,no,price_out_of_range,2026-08-28 09:00:00+00:00,0.019999999999999907,2026-08-28
bounded,okc,skip,0.9,-0.15451440788219017,KXHIGHTOKC-26AUG28,3.0,0.88,KXHIGHTOKC-26AUG28-B95.5,0.7454855921178098,0.86,no,price_out_of_range,2026-08-28 09:00:00+00:00,0.040000000000000036,2026-08-28
bounded,okc,buy,0.52,0.20620841256659095,KXHIGHTOKC-26AUG28,3.0,0.515,KXHIGHTOKC-26AUG28-B97.5,0.726208412566591,0.51,no,,2026-08-28 09:00:00+00:00,0.010000000000000009,2026-08-28
bounded,okc,skip,0.7,0.1257981134190913,KXHIGHTOKC-26AUG28,3.0,0.695,KXHIGHTOKC-26AUG28-B99.5,0.8257981134190913,0.69,no,price_out_of_range,2026-08-28 09:00:00+00:00,0.010000000000000009,2026-08-28
upper_tail,okc,skip,0.94,-0.025781368646286995,KXHIGHTOKC-26AUG28,3.0,0.935,KXHIGHTOKC-26AUG28-T100,0.914218631353713,0.93,no,price_out_of_range,2026-08-28 09:00:00+00:00,0.009999999999999898,2026-08-28
lower_tail,okc,skip,0.99,-0.05069680230661999,KXHIGHTOKC-26AUG28,3.0,0.985,KXHIGHTOKC-26AUG28-T93,0.93930319769338,0.98,no,price_out_of_range,2026-08-28 09:00:00+00:00,0.010000000000000009,2026-08-28
bounded,aus,skip,0.75,-0.18177881160663967,KXHIGHAUS-26AUG28,,0.745,KXHIGHAUS-26AUG28-B101.5,0.5682211883933603,0.74,no,price_out_of_range,2026-08-28 10:00:00+00:00,0.010000000000000009,2026-08-28
bounded,aus,skip,0.94,0.02648380174145948,KXHIGHAUS-26AUG28,,0.935,KXHIGHAUS-26AUG28-B103.5,0.9664838017414594,0.93,no,price_out_of_range,2026-08-28 10:00:00+00:00,0.009999999999999898,2026-08-28
bounded,aus,skip,0.89,0.0681974156039824,KXHIGHAUS-26AUG28,,0.87,KXHIGHAUS-26AUG28-B97.5,0.9581974156039824,0.85,no,price_out_of_range,2026-08-28 10:00:00+00:00,0.040000000000000036,2026-08-28
bounded,aus,skip,0.47,0.03909360224522973,KXHIGHAUS-26AUG28,,0.45999999999999996,KXHIGHAUS-26AUG28-B99.5,0.5090936022452297,0.45,no,price_out_of_range,2026-08-28 10:00:00+00:00,0.019999999999999962,2026-08-28
upper_tail,aus,skip,0.99,0.009001996007984014,KXHIGHAUS-26AUG28,,0.985,KXHIGHAUS-26AUG28-T104,0.999001996007984,0.98,no,price_out_of_range,2026-08-28 10:00:00+00:00,0.010000000000000009,2026-08-28
lower_tail,aus,skip,0.98,0.019001996007984023,KXHIGHAUS-26AUG28,,0.965,KXHIGHAUS-26AUG28-T97,0.999001996007984,0.95,no,price_out_of_range,2026-08-28 10:00:00+00:00,0.030000000000000027,2026-08-28
bounded,den,skip,0.99,-0.02541128329968223,KXHIGHDEN-26AUG28,,0.985,KXHIGHDEN-26AUG28-B90.5,0.9645887167003178,0.98,no,price_out_of_range,2026-08-28 10:00:00+00:00,0.010000000000000009,2026-08-28
bounded,den,skip,0.85,-0.013623017432530804,KXHIGHDEN-26AUG28,,0.835,KXHIGHDEN-26AUG28-B92.5,0.8363769825674692,0.82,no,price_out_of_range,2026-08-28 10:00:00+00:00,0.030000000000000027,2026-08-28
bounded,den,skip,0.46,0.16369937299414689,KXHIGHDEN-26AUG28,,0.445,KXHIGHDEN-26AUG28-B94.5,0.6236993729941469,0.43,no,price_out_of_range,2026-08-28 10:00:00+00:00,0.030000000000000027,2026-08-28
bounded,den,skip,0.75,-0.0747405273340167,KXHIGHDEN-26AUG28,,0.745,KXHIGHDEN-26AUG28-B96.5,0.6752594726659833,0.74,no,price_out_of_range,2026-08-28 10:00:00+00:00,0.010000000000000009,2026-08-28
lower_tail,den,skip,0.99,0.009000999000999044,KXHIGHDEN-26AUG28,,0.985,KXHIGHDEN-26AUG28-T90,0.999000999000999,0.98,no,price_out_of_range,2026-08-28 10:00:00+00:00,0.010000000000000009,2026-08-28
upper_tail,den,skip,0.98,-0.07892554392891615,KXHIGHDEN-26AUG28,,0.975,KXHIGHDEN-26AUG28-T97,0.9010744560710838,0.97,no,price_out_of_range,2026-08-28 10:00:00+00:00,0.010000000000000009,2026-08-28
bounded,la,skip,0.99,0.009001996007984014,KXHIGHLAX-26AUG28,,0.985,KXHIGHLAX-26AUG28-B82.5,0.999001996007984,0.98,no,price_out_of_range,2026-08-28 10:00:00+00:00,0.010000000000000009,2026-08-28
bounded,la,skip,0.93,0.06426386812880513,KXHIGHLAX-26AUG28,,0.92,KXHIGHLAX-26AUG28-B84.5,0.9942638681288052,0.91,no,price_out_of_range,2026-08-28 10:00:00+00:00,0.020000000000000018,2026-08-28
bounded,la,skip,0.8,0.0987626439982402,KXHIGHLAX-26AUG28,,0.79,KXHIGHLAX-26AUG28-B86.5,0.8987626439982402,0.78,no,price_out_of_range,2026-08-28 10:00:00+00:00,0.020000000000000018,2026-08-28
bounded,la,skip,0.71,-0.14269964650141775,KXHIGHLAX-26AUG28,,0.705,KXHIGHLAX-26AUG28-B88.5,0.5673003534985822,0.7,no,price_out_of_range,2026-08-28 10:00:00+00:00,0.010000000000000009,2026-08-28
lower_tail,la,skip,1.0,-0.0009980039920159944,KXHIGHLAX-26AUG28,,0.995,KXHIGHLAX-26AUG28-T82,0.999001996007984,0.99,no,price_out_of_range,2026-08-28 10:00:00+00:00,0.010000000000000009,2026-08-28
upper_tail,la,skip,0.56,-0.0183308576415957,KXHIGHLAX-26AUG28,,0.555,KXHIGHLAX-26AUG28-T89,0.5416691423584044,0.55,no,ev_below_threshold,2026-08-28 10:00:00+00:00,0.010000000000000009,2026-08-28
bounded,mia,skip,0.98,0.019001996007984023,KXHIGHMIA-26AUG28,,0.975,KXHIGHMIA-26AUG28-B88.5,0.999001996007984,0.97,no,price_out_of_range,2026-08-28 10:00:00+00:00,0.010000000000000009,2026-08-28
bounded,mia,skip,0.9,-0.020081762913240264,KXHIGHMIA-26AUG28,,0.895,KXHIGHMIA-26AUG28-B90.5,0.8799182370867598,0.89,no,price_out_of_range,2026-08-28 10:00:00+00:00,0.010000000000000009,2026-08-28
bounded,mia,skip,0.35,0.08846266799159319,KXHIGHMIA-26AUG28,,0.33499999999999996,KXHIGHMIA-26AUG28-B92.5,0.43846266799159317,0.32,no,price_out_of_range,2026-08-28 10:00:00+00:00,0.02999999999999997,2026-08-28
bounded,mia,skip,0.82,-0.11111336712860542,KXHIGHMIA-26AUG28,,0.8,KXHIGHMIA-26AUG28-B94.5,0.7088866328713945,0.78,no,price_out_of_range,2026-08-28 10:00:00+00:00,0.039999999999999925,2026-08-28
lower_tail,mia,skip,1.0,-0.0009980039920159944,KXHIGHMIA-26AUG28,,0.995,KXHIGHMIA-26AUG28-T88,0.999001996007984,0.99,no,price_out_of_range,2026-08-28 10:00:00+00:00,0.010000000000000009,2026-08-28
upper_tail,mia,skip,0.99,-0.015271529965715458,KXHIGHMIA-26AUG28,,0.985,KXHIGHMIA-26AUG28-T95,0.9747284700342845,0.98,no,price_out_of_range,2026-08-28 10:00:00+00:00,0.010000000000000009,2026-08-28
bounded,nyc,skip,0.52,-0.08047067111735173,KXHIGHNY-26AUG28,5.0,0.505,KXHIGHNY-26AUG28-B80.5,0.4395293288826483,0.49,no,ev_below_threshold,2026-08-28 10:00:00+00:00,0.030000000000000027,2026-08-28
bounded,nyc,buy,0.63,0.047405548650997775,KXHIGHNY-26AUG28,5.0,0.625,KXHIGHNY-26AUG28-B82.5,0.6774055486509978,0.62,no,,2026-08-28 10:00:00+00:00,0.010000000000000009,2026-08-28
bounded,nyc,skip,0.95,0.02414140772486073,KXHIGHNY-26AUG28,5.0,0.945,KXHIGHNY-26AUG28-B84.5,0.9741414077248607,0.94,no,price_out_of_range,2026-08-28 10:00:00+00:00,0.010000000000000009,2026-08-28
bounded,nyc,skip,0.99,0.009001996007984014,KXHIGHNY-26AUG28,5.0,0.985,KXHIGHNY-26AUG28-B86.5,0.999001996007984,0.98,no,price_out_of_range,2026-08-28 10:00:00+00:00,0.010000000000000009,2026-08-28
lower_tail,nyc,skip,0.9,0.010919722725525105,KXHIGHNY-26AUG28,5.0,0.895,KXHIGHNY-26AUG28-T80,0.9109197227255251,0.89,no,price_out_of_range,2026-08-28 10:00:00+00:00,0.010000000000000009,2026-08-28
upper_tail,nyc,skip,1.0,-0.0009980039920159944,KXHIGHNY-26AUG28,5.0,0.995,KXHIGHNY-26AUG28-T87,0.999001996007984,0.99,no,price_out_of_range,2026-08-28 10:00:00+00:00,0.010000000000000009,2026-08-28
bounded,okc,skip,0.94,-0.09654094645262923,KXHIGHTOKC-26AUG28,4.0,0.9299999999999999,KXHIGHTOKC-26AUG28-B93.5,0.8434590535473707,0.92,no,price_out_of_range,2026-08-28 10:00:00+00:00,0.019999999999999907,2026-08-28
bounded,okc,skip,0.9,-0.16517748726060444,KXHIGHTOKC-26AUG28,4.0,0.895,KXHIGHTOKC-26AUG28-B95.5,0.7348225127393956,0.89,no,price_out_of_range,2026-08-28 10:00:00+00:00,0.010000000000000009,2026-08-28
bounded,okc,buy,0.52,0.20346438866742966,KXHIGHTOKC-26AUG28,4.0,0.51,KXHIGHTOKC-26AUG28-B97.5,0.7234643886674297,0.5,no,,2026-08-28 10:00:00+00:00,0.020000000000000018,2026-08-28
bounded,okc,skip,0.7,0.13349451530356404,KXHIGHTOKC-26AUG28,4.0,0.695,KXHIGHTOKC-26AUG28-B99.5,0.833494515303564,0.69,no,price_out_of_range,2026-08-28 10:00:00+00:00,0.010000000000000009,2026-08-28
upper_tail,okc,skip,0.93,-0.003917989029331603,KXHIGHTOKC-26AUG28,4.0,0.905,KXHIGHTOKC-26AUG28-T100,0.9260820109706684,0.88,no,price_out_of_range,2026-08-28 10:00:00+00:00,0.050000000000000044,2026-08-28
lower_tail,okc,skip,0.99,-0.05132248122842842,KXHIGHTOKC-26AUG28,4.0,0.985,KXHIGHTOKC-26AUG28-T93,0.9386775187715716,0.98,no,price_out_of_range,2026-08-28 10:00:00+00:00,0.010000000000000009,2026-08-28
bounded,aus,skip,0.71,-0.13209570287324168,KXHIGHAUS-26AUG28,,0.7,KXHIGHAUS-26AUG28-B101.5,0.5779042971267583,0.69,no,price_out_of_range,2026-08-28 11:00:00+00:00,0.020000000000000018,2026-08-28
bounded,aus,skip,0.93,0.03676211716792366,KXHIGHAUS-26AUG28,,0.92,KXHIGHAUS-26AUG28-B103.5,0.9667621171679237,0.91,no,price_out_of_range,2026-08-28 11:00:00+00:00,0.020000000000000018,2026-08-28
bounded,aus,skip,0.91,0.04602685569290976,KXHIGHAUS-26AUG28,,0.905,KXHIGHAUS-26AUG28-B97.5,0.9560268556929098,0.9,no,price_out_of_range,2026-08-28 11:00:00+00:00,0.010000000000000009,2026-08-28
bounded,aus,skip,0.46,0.041302737996440075,KXHIGHAUS-26AUG28,,0.45,KXHIGHAUS-26AUG28-B99.5,0.5013027379964401,0.44,no,price_out_of_range,2026-08-28 11:00:00+00:00,0.020000000000000018,2026-08-28
upper_tail,aus,skip,1.0,-0.0009980039920159944,KXHIGHAUS-26AUG28,,0.995,KXHIGHAUS-26AUG28-T104,0.999001996007984,0.99,no,price_out_of_range,2026-08-28 11:00:00+00:00,0.010000000000000009,2026-08-28
lower_tail,aus,skip,0.99,0.009001996007984014,KXHIGHAUS-26AUG28,,0.97,KXHIGHAUS-26AUG28-T97,0.999001996007984,0.95,no,price_out_of_range,2026-08-28 11:00:00+00:00,0.040000000000000036,2026-08-28
bounded,den,skip,0.99,-0.030011743418687065,KXHIGHDEN-26AUG28,,0.985,KXHIGHDEN-26AUG28-B90.5,0.9599882565813129,0.98,no,price_out_of_range,2026-08-28 11:00:00+00:00,0.010000000000000009,2026-08-28
bounded,den,skip,0.88,-0.05308861330127279,KXHIGHDEN-26AUG28,,0.87,KXHIGHDEN-26AUG28-B92.5,0.8269113866987272,0.86,no,price_out_of_range,2026-08-28 11:00:00+00:00,0.020000000000000018,2026-08-28
bounded,den,skip,0.43,0.20289695645574607,KXHIGHDEN-26AUG28,,0.425,KXHIGHDEN-26AUG28-B94.5,0.6328969564557461,0.42,no,price_out_of_range,2026-08-28 11:00:00+00:00,0.010000000000000009,2026-08-28
bounded,den,skip,0.82,-0.13305333763802818,KXHIGHDEN-26AUG28,,0.8,KXHIGHDEN-26AUG28-B96.5,0.6869466623619718,0.78,no,price_out_of_range,2026-08-28 11:00:00+00:00,0.039999999999999925,2026-08-28
lower_tail,den,skip,1.0,-0.0009990009990009652,KXHIGHDEN-26AUG28,,0.995,KXHIGHDEN-26AUG28-T90,0.999000999000999,0.99,no,price_out_of_range,2026-08-28 11:00:00+00:00,0.010000000000000009,2026-08-28
upper_tail,den,skip,0.98,-0.08574426109875677,KXHIGHDEN-26AUG28,,0.975,KXHIGHDEN-26AUG28-T97,0.8942557389012432,0.97,no,price_out_of_range,2026-08-28 11:00:00+00:00,0.010000000000000009,2026-08-28
bounded,la,skip,1.0,-0.0009975658917448227,KXHIGHLAX-26AUG28,,0.995,KXHIGHLAX-26AUG28-B82.5,0.9990024341082552,0.99,no,price_out_of_range,2026-08-28 11:00:00+00:00,0.010000000000000009,2026-08-28
bounded,la,skip,0.94,0.05900243410825523,KXHIGHLAX-26AUG28,,0.935,KXHIGHLAX-26AUG28-B84.5,0.9990024341082552,0.93,no,price_out_of_range,2026-08-28 11:00:00+00:00,0.009999999999999898,2026-08-28
bounded,la,skip,0.84,0.0689788333070418,KXHIGHLAX-26AUG28,,0.835,KXHIGHLAX-26AUG28-B86.5,0.9089788333070418,0.83,no,price_out_of_range,2026-08-28 11:00:00+00:00,0.010000000000000009,2026-08-28
bounded,la,skip,0.67,-0.0943600379667845,KXHIGHLAX-26AUG28,,0.665,KXHIGHLAX-26AUG28-B88.5,0.5756399620332155,0.66,no,price_out_of_range,2026-08-28 11:00:00+00:00,0.010000000000000009,2026-08-28
lower_tail,la,skip,1.0,-0.0009975658917448227,KXHIGHLAX-26AUG28,,0.995,KXHIGHLAX-26AUG28-T82,0.9990024341082552,0.99,no,price_out_of_range,2026-08-28 11:00:00+00:00,0.010000000000000009,2026-08-28
upper_tail,la,skip,0.54,-0.021626097665022548,KXHIGHLAX-26AUG28,,0.525,KXHIGHLAX-26AUG28-T89,0.5183739023349775,0.51,no,ev_below_threshold,2026-08-28 11:00:00+00:00,0.030000000000000027,2026-08-28
bounded,mia,skip,0.97,0.029001996007984032,KXHIGHMIA-26AUG28,,0.965,KXHIGHMIA-26AUG28-B88.5,0.999001996007984,0.96,no,price_out_of_range,2026-08-28 11:00:00+00:00,0.010000000000000009,2026-08-28
bounded,mia,skip,0.9,-0.03192010560180969,KXHIGHMIA-26AUG28,,0.895,KXHIGHMIA-26AUG28-B90.5,0.8680798943981903,0.89,no,price_out_of_range,2026-08-28 11:00:00+00:00,0.010000000000000009,2026-08-28
bounded,mia,skip,0.31,0.12963259667283616,KXHIGHMIA-26AUG28,,0.305,KXHIGHMIA-26AUG28-B92.5,0.43963259667283616,0.3,no,price_out_of_range,2026-08-28 11:00:00+00:00,0.010000000000000009,2026-08-28
bounded,mia,skip,0.85,-0.13087987740531448,KXHIGHMIA-26AUG28,,0.84,KXHIGHMIA-26AUG28-B94.5,0.7191201225946855,0.83,no,price_out_of_range,2026-08-28 11:00:00+00:00,0.020000000000000018,2026-08-28
lower_tail,mia,skip,1.0,-0.0009980039920159944,KXHIGHMIA-26AUG28,,0.995,KXHIGHMIA-26AUG28-T88,0.999001996007984,0.99,no,price_out_of_range,2026-08-28 11:00:00+00:00,0.010000000000000009,2026-08-28
upper_tail,mia,skip,1.0,-0.024836605681680002,KXHIGHMIA-26AUG28,,0.995,KXHIGHMIA-26AUG28-T95,0.97516339431832,0.99,no,price_out_of_range,2026-08-28 11:00:00+00:00,0.010000000000000009,2026-08-28
bounded,nyc,skip,0.5,-0.07238841558804832,KXHIGHNY-26AUG28,6.0,0.495,KXHIGHNY-26AUG28-B80.5,0.4276115844119517,0.49,no,ev_below_threshold,2026-08-28 11:00:00+00:00,0.010000000000000009,2026-08-28
bounded,nyc,buy,0.63,0.048658128480217,KXHIGHNY-26AUG28,6.0,0.625,KXHIGHNY-26AUG28-B82.5,0.678658128480217,0.62,no,,2026-08-28 11:00:00+00:00,0.010000000000000009,2026-08-28
bounded,nyc,skip,0.96,0.017678310660393826,KXHIGHNY-26AUG28,6.0,0.955,KXHIGHNY-26AUG28-B84.5,0.9776783106603938,0.95,no,price_out_of_range,2026-08-28 11:00:00+00:00,0.010000000000000009,2026-08-28
bounded,nyc,skip,1.0,-0.0009980039920159944,KXHIGHNY-26AUG28,6.0,0.995,KXHIGHNY-26AUG28-B86.5,0.999001996007984,0.99,no,price_out_of_range,2026-08-28 11:00:00+00:00,0.010000000000000009,2026-08-28
lower_tail,nyc,skip,0.88,0.038047984431469395,KXHIGHNY-26AUG28,6.0,0.875,KXHIGHNY-26AUG28-T80,0.9180479844314694,0.87,no,price_out_of_range,2026-08-28 11:00:00+00:00,0.010000000000000009,2026-08-28
upper_tail,nyc,skip,1.0,-0.0009980039920159944,KXHIGHNY-26AUG28,6.0,0.995,KXHIGHNY-26AUG28-T87,0.999001996007984,0.99,no,price_out_of_range,2026-08-28 11:00:00+00:00,0.010000000000000009,2026-08-28
bounded,okc,skip,0.94,-0.1022426168641899,KXHIGHTOKC-26AUG28,5.0,0.935,KXHIGHTOKC-26AUG28-B93.5,0.83775738313581,0.93,no,price_out_of_range,2026-08-28 11:00:00+00:00,0.009999999999999898,2026-08-28
bounded,okc,skip,0.9,-0.17486199577956307,KXHIGHTOKC-26AUG28,5.0,0.875,KXHIGHTOKC-26AUG28-B95.5,0.725138004220437,0.85,no,price_out_of_range,2026-08-28 11:00:00+00:00,0.050000000000000044,2026-08-28
bounded,okc,buy,0.53,0.19580130999804957,KXHIGHTOKC-26AUG28,5.0,0.525,KXHIGHTOKC-26AUG28-B97.5,0.7258013099980496,0.52,no,,2026-08-28 11:00:00+00:00,0.010000000000000009,2026-08-28
bounded,okc,skip,0.67,0.16833930456460244,KXHIGHTOKC-26AUG28,5.0,0.665,KXHIGHTOKC-26AUG28-B99.5,0.8383393045646025,0.66,no,price_out_of_range,2026-08-28 11:00:00+00:00,0.010000000000000009,2026-08-28
upper_tail,okc,skip,0.98,-0.04315021693792587,KXHIGHTOKC-26AUG28,5.0,0.9550000000000001,KXHIGHTOKC-26AUG28-T100,0.9368497830620741,0.93,no,price_out_of_range,2026-08-28 11:00:00+00:00,0.04999999999999993,2026-08-28
lower_tail,okc,skip,0.99,-0.053885784980973184,KXHIGHTOKC-26AUG28,5.0,0.985,KXHIGHTOKC-26AUG28-T93,0.9361142150190268,0.98,no,price_out_of_range,2026-08-28 11:00:00+00:00,0.010000000000000009,2026-08-28
bounded,aus,skip,0.74,-0.20920891263183417,KXHIGHAUS-26AUG28,,0.73,KXHIGHAUS-26AUG28-B101.5,0.5307910873681658,0.72,no,price_out_of_range,2026-08-28 12:00:00+00:00,0.020000000000000018,2026-08-28
bounded,aus,skip,0.94,0.018782547661489346,KXHIGHAUS-26AUG28,,0.9299999999999999,KXHIGHAUS-26AUG28-B103.5,0.9587825476614893,0.92,no,price_out_of_range,2026-08-28 12:00:00+00:00,0.019999999999999907,2026-08-28
bounded,aus,skip,0.93,0.031591067301841025,KXHIGHAUS-26AUG28,,0.915,KXHIGHAUS-26AUG28-B97.5,0.9615910673018411,0.9,no,price_out_of_range,2026-08-28 12:00:00+00:00,0.030000000000000027,2026-08-28
bounded,aus,skip,0.44,0.1108313056525358,KXHIGHAUS-26AUG28,,0.425,KXHIGHAUS-26AUG28-B99.5,0.5508313056525358,0.41,no,price_out_of_range,2026-08-28 12:00:00+00:00,0.030000000000000027,2026-08-28
upper_tail,aus,skip,1.0,-0.0009980039920159944,KXHIGHAUS-26AUG28,,0.995,KXHIGHAUS-26AUG28-T104,0.999001996007984,0.99,no,price_out_of_range,2026-08-28 12:00:00+00:00,0.010000000000000009,2026-08-28
lower_tail,aus,skip,0.99,0.009001996007984014,KXHIGHAUS-26AUG28,,0.98,KXHIGHAUS-26AUG28-T97,0.999001996007984,0.97,no,price_out_of_range,2026-08-28 12:00:00+00:00,0.020000000000000018,2026-08-28
bounded,den,skip,0.99,-0.03486886998868377,KXHIGHDEN-26AUG28,,0.985,KXHIGHDEN-26AUG28-B90.5,0.9551311300113162,0.98,no,price_out_of_range,2026-08-28 12:00:00+00:00,0.010000000000000009,2026-08-28
bounded,den,skip,0.88,-0.06618222433112919,KXHIGHDEN-26AUG28,,0.875,KXHIGHDEN-26AUG28-B92.5,0.8138177756688708,0.87,no,price_out_of_range,2026-08-28 12:00:00+00:00,0.010000000000000009,2026-08-28
bounded,den,skip,0.37,0.27387221533036965,KXHIGHDEN-26AUG28,,0.365,KXHIGHDEN-26AUG28-B94.5,0.6438722153303696,0.36,no,price_out_of_range,2026-08-28 12:00:00+00:00,0.010000000000000009,2026-08-28
bounded,den,skip,0.79,-0.08689386751053207,KXHIGHDEN-26AUG28,,0.775,KXHIGHDEN-26AUG28-B96.5,0.703106132489468,0.76,no,price_out_of_range,2026-08-28 12:00:00+00:00,0.030000000000000027,2026-08-28
lower_tail,den,skip,1.0,-0.00126469083553582,KXHIGHDEN-26AUG28,,0.995,KXHIGHDEN-26AUG28-T90,0.9987353091644642,0.99,no,price_out_of_range,2026-08-28 12:00:00+00:00,0.010000000000000009,2026-08-28
upper_tail,den,skip,0.98,-0.0946625626644888,KXHIGHDEN-26AUG28,,0.975,KXHIGHDEN-26AUG28-T97,0.8853374373355112,0.97,no,price_out_of_range,2026-08-28 12:00:00+00:00,0.010000000000000009,2026-08-28
bounded,la,skip,1.0,-0.0009980039920159944,KXHIGHLAX-26AUG28,,0.995,KXHIGHLAX-26AUG28-B82.5,0.999001996007984,0.99,no,price_out_of_range,2026-08-28 12:00:00+00:00,0.010000000000000009,2026-08-28
bounded,la,skip,0.96,0.038705269270236875,KXHIGHLAX-26AUG28,,0.955,KXHIGHLAX-26AUG28-B84.5,0.9987052692702368,0.95,no,price_out_of_range,2026-08-28 12:00:00+00:00,0.010000000000000009,2026-08-28
bounded,la,skip,0.85,0.04646195749876636,KXHIGHLAX-26AUG28,,0.845,KXHIGHLAX-26AUG28-B86.5,0.8964619574987663,0.84,no,price_out_of_range,2026-08-28 12:00:00+00:00,0.010000000000000009,2026-08-28
bounded,la,skip,0.77,-0.23453645597692796,KXHIGHLAX-26AUG28,,0.76,KXHIGHLAX-26AUG28-B88.5,0.5354635440230721,0.75,no,price_out_of_range,2026-08-28 12:00:00+00:00,0.020000000000000018,2026-08-28
lower_tail,la,skip,1.0,-0.0009980039920159944,KXHIGHLAX-26AUG28,,0.995,KXHIGHLAX-26AUG28-T82,0.999001996007984,0.99,no,price_out_of_range,2026-08-28 12:00:00+00:00,0.010000000000000009,2026-08-28
upper_tail,la,skip,0.4,0.17136523719195662,KXHIGHLAX-26AUG28,,0.395,KXHIGHLAX-26AUG28-T89,0.5713652371919566,0.39,no,price_out_of_range,2026-08-28 12:00:00+00:00,0.010000000000000009,2026-08-28
bounded,mia,skip,0.98,0.019001996007984023,KXHIGHMIA-26AUG28,,0.975,KXHIGHMIA-26AUG28-B88.5,0.999001996007984,0.97,no,price_out_of_range,2026-08-28 12:00:00+00:00,0.010000000000000009,2026-08-28
bounded,mia,skip,0.93,-0.05329763760523554,KXHIGHMIA-26AUG28,,0.92,KXHIGHMIA-26AUG28-B90.5,0.8767023623947645,0.91,no,price_out_of_range,2026-08-28 12:00:00+00:00,0.020000000000000018,2026-08-28
bounded,mia,skip,0.29,0.1634023926061154,KXHIGHMIA-26AUG28,,0.275,KXHIGHMIA-26AUG28-B92.5,0.45340239260611537,0.26,no,price_out_of_range,2026-08-28 12:00:00+00:00,0.02999999999999997,2026-08-28
bounded,mia,skip,0.85,-0.14936077278667248,KXHIGHMIA-26AUG28,,0.845,KXHIGHMIA-26AUG28-B94.5,0.7006392272133275,0.84,no,price_out_of_range,2026-08-28 12:00:00+00:00,0.010000000000000009,2026-08-28
lower_tail,mia,skip,1.0,-0.0009980039920159944,KXHIGHMIA-26AUG28,,0.995,KXHIGHMIA-26AUG28-T88,0.999001996007984,0.99,no,price_out_of_range,2026-08-28 12:00:00+00:00,0.010000000000000009,2026-08-28
upper_tail,mia,skip,1.0,-0.0287479742301755,KXHIGHMIA-26AUG28,,0.995,KXHIGHMIA-26AUG28-T95,0.9712520257698245,0.99,no,price_out_of_range,2026-08-28 12:00:00+00:00,0.010000000000000009,2026-08-28
bounded,nyc,skip,0.48,-0.06385337009878977,KXHIGHNY-26AUG28,7.0,0.475,KXHIGHNY-26AUG28-B80.5,0.4161466299012102,0.47,no,price_out_of_range,2026-08-28 12:00:00+00:00,0.010000000000000009,2026-08-28
bounded,nyc,buy,0.65,0.033024822973464096,KXHIGHNY-26AUG28,7.0,0.645,KXHIGHNY-26AUG28-B82.5,0.6830248229734641,0.64,no,,2026-08-28 12:00:00+00:00,0.010000000000000009,2026-08-28
bounded,nyc,skip,0.96,0.02083269631531237,KXHIGHNY-26AUG28,7.0,0.955,KXHIGHNY-26AUG28-B84.5,0.9808326963153123,0.95,no,price_out_of_range,2026-08-28 12:00:00+00:00,0.010000000000000009,2026-08-28
bounded,nyc,skip,1.0,-0.0009980039920159944,KXHIGHNY-26AUG28,7.0,0.995,KXHIGHNY-26AUG28-B86.5,0.999001996007984,0.99,no,price_out_of_range,2026-08-28 12:00:00+00:00,0.010000000000000009,2026-08-28
lower_tail,nyc,skip,0.88,0.04199185879404521,KXHIGHNY-26AUG28,7.0,0.875,KXHIGHNY-26AUG28-T80,0.9219918587940452,0.87,no,price_out_of_range,2026-08-28 12:00:00+00:00,0.010000000000000009,2026-08-28
upper_tail,nyc,skip,1.0,-0.0009980039920159944,KXHIGHNY-26AUG28,7.0,0.995,KXHIGHNY-26AUG28-T87,0.999001996007984,0.99,no,price_out_of_range,2026-08-28 12:00:00+00:00,0.010000000000000009,2026-08-28
bounded,okc,skip,0.94,-0.09987903839920986,KXHIGHTOKC-26AUG28,6.0,0.925,KXHIGHTOKC-26AUG28-B93.5,0.8401209616007901,0.91,no,price_out_of_range,2026-08-28 12:00:00+00:00,0.029999999999999916,2026-08-28
bounded,okc,skip,0.9,-0.1719529468049077,KXHIGHTOKC-26AUG28,6.0,0.89,KXHIGHTOKC-26AUG28-B95.5,0.7280470531950923,0.88,no,price_out_of_range,2026-08-28 12:00:00+00:00,0.020000000000000018,2026-08-28
bounded,okc,buy,0.53,0.1933879846042803,KXHIGHTOKC-26AUG28,6.0,0.52,KXHIGHTOKC-26AUG28-B97.5,0.7233879846042803,0.51,no,,2026-08-28 12:00:00+00:00,0.020000000000000018,2026-08-28
bounded,okc,skip,0.72,0.11603353775689584,KXHIGHTOKC-26AUG28,6.0,0.715,KXHIGHTOKC-26AUG28-B99.5,0.8360335377568958,0.71,no,price_out_of_range,2026-08-28 12:00:00+00:00,0.010000000000000009,2026-08-28
upper_tail,okc,skip,0.97,-0.03637808842997192,KXHIGHTOKC-26AUG28,6.0,0.95,KXHIGHTOKC-26AUG28-T100,0.933621911570028,0.93,no,price_out_of_range,2026-08-28 12:00:00+00:00,0.039999999999999925,2026-08-28
lower_tail,okc,skip,1.0,-0.061211448727086726,KXHIGHTOKC-26AUG28,6.0,0.995,KXHIGHTOKC-26AUG28-T93,0.9387885512729133,0.99,no,price_out_of_range,2026-08-28 12:00:00+00:00,0.010000000000000009,2026-08-28
bounded,aus,skip,0.62,-0.15335198155564322,KXHIGHAUS-26AUG28,,0.61,KXHIGHAUS-26AUG28-B101.5,0.46664801844435677,0.6,no,ev_below_threshold,2026-08-28 13:00:00+00:00,0.020000000000000018,2026-08-28
bounded,aus,skip,0.93,0.0050456514147005915,KXHIGHAUS-26AUG28,,0.925,KXHIGHAUS-26AUG28-B103.5,0.9350456514147006,0.92,no,price_out_of_range,2026-08-28 13:00:00+00:00,0.010000000000000009,2026-08-28
bounded,aus,skip,0.98,-0.010470601666872859,KXHIGHAUS-26AUG28,,0.96,KXHIGHAUS-26AUG28-B97.5,0.9695293983331271,0.94,no,price_out_of_range,2026-08-28 13:00:00+00:00,0.040000000000000036,2026-08-28
bounded,aus,buy,0.55,0.0807729397918473,KXHIGHAUS-26AUG28,,0.54,KXHIGHAUS-26AUG28-B99.5,0.6307729397918473,0.53,no,,2026-08-28 13:00:00+00:00,0.020000000000000018,2026-08-28
upper_tail,aus,skip,1.0,-0.0009980039920159944,KXHIGHAUS-26AUG28,,0.995,KXHIGHAUS-26AUG28-T104,0.999001996007984,0.99,no,price_out_of_range,2026-08-28 13:00:00+00:00,0.010000000000000009,2026-08-28
lower_tail,aus,skip,0.99,0.009001996007984014,KXHIGHAUS-26AUG28,,0.98,KXHIGHAUS-26AUG28-T97,0.999001996007984,0.97,no,price_out_of_range,2026-08-28 13:00:00+00:00,0.020000000000000018,2026-08-28
bounded,den,skip,0.99,-0.034473105519261416,KXHIGHDEN-26AUG28,,0.985,KXHIGHDEN-26AUG28-B90.5,0.9555268944807386,0.98,no,price_out_of_range,2026-08-28 13:00:00+00:00,0.010000000000000009,2026-08-28
bounded,den,skip,0.91,-0.10485718063811922,KXHIGHDEN-26AUG28,,0.9,KXHIGHDEN-26AUG28-B92.5,0.8051428193618808,0.89,no,price_out_of_range,2026-08-28 13:00:00+00:00,0.020000000000000018,2026-08-28
bounded,den,skip,0.37,0.2816708713352344,KXHIGHDEN-26AUG28,,0.365,KXHIGHDEN-26AUG28-B94.5,0.6516708713352344,0.36,no,price_out_of_range,2026-08-28 13:00:00+00:00,0.010000000000000009,2026-08-28
bounded,den,skip,0.83,-0.11444176185351984,KXHIGHDEN-26AUG28,,0.8200000000000001,KXHIGHDEN-26AUG28-B96.5,0.7155582381464801,0.81,no,price_out_of_range,2026-08-28 13:00:00+00:00,0.019999999999999907,2026-08-28
lower_tail,den,skip,1.0,-0.007732331300734918,KXHIGHDEN-26AUG28,,0.995,KXHIGHDEN-26AUG28-T90,0.9922676686992651,0.99,no,price_out_of_range,2026-08-28 13:00:00+00:00,0.010000000000000009,2026-08-28
upper_tail,den,skip,0.98,-0.10016649202359906,KXHIGHDEN-26AUG28,,0.975,KXHIGHDEN-26AUG28-T97,0.8798335079764009,0.97,no,price_out_of_range,2026-08-28 13:00:00+00:00,0.010000000000000009,2026-08-28
bounded,la,skip,1.0,-0.0009975837644188301,KXHIGHLAX-26AUG28,,0.995,KXHIGHLAX-26AUG28-B82.5,0.9990024162355812,0.99,no,price_out_of_range,2026-08-28 13:00:00+00:00,0.010000000000000009,2026-08-28
bounded,la,skip,0.96,0.039002416235581205,KXHIGHLAX-26AUG28,,0.955,KXHIGHLAX-26AUG28-B84.5,0.9990024162355812,0.95,no,price_out_of_range,2026-08-28 13:00:00+00:00,0.010000000000000009,2026-08-28
bounded,la,skip,0.84,0.054394745109492604,KXHIGHLAX-26AUG28,,0.835,KXHIGHLAX-26AUG28-B86.5,0.8943947451094926,0.83,no,price_out_of_range,2026-08-28 13:00:00+00:00,0.010000000000000009,2026-08-28
bounded,la,skip,0.72,-0.1929753883832298,KXHIGHLAX-26AUG28,,0.71,KXHIGHLAX-26AUG28-B88.5,0.5270246116167702,0.7,no,price_out_of_range,2026-08-28 13:00:00+00:00,0.020000000000000018,2026-08-28
lower_tail,la,skip,1.0,-0.0009975837644188301,KXHIGHLAX-26AUG28,,0.995,KXHIGHLAX-26AUG28-T82,0.9990024162355812,0.99,no,price_out_of_range,2026-08-28 13:00:00+00:00,0.010000000000000009,2026-08-28
upper_tail,la,skip,0.47,0.11157339456699389,KXHIGHLAX-26AUG28,,0.46499999999999997,KXHIGHLAX-26AUG28-T89,0.5815733945669939,0.46,no,price_out_of_range,2026-08-28 13:00:00+00:00,0.009999999999999953,2026-08-28
bounded,mia,skip,1.0,-0.040582422097738546,KXHIGHMIA-26AUG28,,0.99,KXHIGHMIA-26AUG28-B88.5,0.9594175779022615,0.98,no,price_out_of_range,2026-08-28 13:00:00+00:00,0.020000000000000018,2026-08-28
bounded,mia,skip,0.87,-0.29068614460046627,KXHIGHMIA-26AUG28,,0.86,KXHIGHMIA-26AUG28-B90.5,0.5793138553995337,0.85,no,price_out_of_range,2026-08-28 13:00:00+00:00,0.020000000000000018,2026-08-28
bounded,mia,skip,0.32,0.19312322706135815,KXHIGHMIA-26AUG28,,0.31,KXHIGHMIA-26AUG28-B92.5,0.5131232270613582,0.3,no,price_out_of_range,2026-08-28 13:00:00+00:00,0.020000000000000018,2026-08-28
bounded,mia,skip,0.84,0.11014134762087868,KXHIGHMIA-26AUG28,,0.835,KXHIGHMIA-26AUG28-B94.5,0.9501413476208787,0.83,no,price_out_of_range,2026-08-28 13:00:00+00:00,0.010000000000000009,2026-08-28
lower_tail,mia,skip,1.0,-0.0009980039920159944,KXHIGHMIA-26AUG28,,0.995,KXHIGHMIA-26AUG28-T88,0.999001996007984,0.99,no,price_out_of_range,2026-08-28 13:00:00+00:00,0.010000000000000009,2026-08-28
upper_tail,mia,skip,1.0,-0.0009980039920159944,KXHIGHMIA-26AUG28,,0.995,KXHIGHMIA-26AUG28-T95,0.999001996007984,0.99,no,price_out_of_range,2026-08-28 13:00:00+00:00,0.010000000000000009,2026-08-28
bounded,nyc,skip,0.5,-0.09020880478548998,KXHIGHNY-26AUG28,8.0,0.495,KXHIGHNY-26AUG28-B80.5,0.40979119521451,0.49,no,ev_below_threshold,2026-08-28 13:00:00+00:00,0.010000000000000009,2026-08-28
bounded,nyc,skip,0.67,0.00922343499153766,KXHIGHNY-26AUG28,8.0,0.665,KXHIGHNY-26AUG28-B82.5,0.6792234349915377,0.66,no,price_out_of_range,2026-08-28 13:00:00+00:00,0.010000000000000009,2026-08-28
bounded,nyc,skip,0.94,0.04306960665264681,KXHIGHNY-26AUG28,8.0,0.935,KXHIGHNY-26AUG28-B84.5,0.9830696066526468,0.93,no,price_out_of_range,2026-08-28 13:00:00+00:00,0.009999999999999898,2026-08-28
bounded,nyc,skip,1.0,-0.0009980039920159944,KXHIGHNY-26AUG28,8.0,0.995,KXHIGHNY-26AUG28-B86.5,0.999001996007984,0.99,no,price_out_of_range,2026-08-28 13:00:00+00:00,0.010000000000000009,2026-08-28
lower_tail,nyc,skip,0.9,0.029911771125337494,KXHIGHNY-26AUG28,8.0,0.885,KXHIGHNY-26AUG28-T80,0.9299117711253375,0.87,no,price_out_of_range,2026-08-28 13:00:00+00:00,0.030000000000000027,2026-08-28
upper_tail,nyc,skip,1.0,-0.0009980039920159944,KXHIGHNY-26AUG28,8.0,0.995,KXHIGHNY-26AUG28-T87,0.999001996007984,0.99,no,price_out_of_range,2026-08-28 13:00:00+00:00,0.010000000000000009,2026-08-28
bounded,okc,skip,0.95,-0.10351070028564702,KXHIGHTOKC-26AUG28,7.0,0.9299999999999999,KXHIGHTOKC-26AUG28-B93.5,0.8464892997143529,0.91,no,price_out_of_range,2026-08-28 13:00:00+00:00,0.039999999999999925,2026-08-28
bounded,okc,skip,0.96,-0.2238427449281627,KXHIGHTOKC-26AUG28,7.0,0.9450000000000001,KXHIGHTOKC-26AUG28-B95.5,0.7361572550718373,0.93,no,price_out_of_range,2026-08-28 13:00:00+00:00,0.029999999999999916,2026-08-28
bounded,okc,buy,0.52,0.19724123089358114,KXHIGHTOKC-26AUG28,7.0,0.51,KXHIGHTOKC-26AUG28-B97.5,0.7172412308935812,0.5,no,,2026-08-28 13:00:00+00:00,0.020000000000000018,2026-08-28
bounded,okc,skip,0.68,0.14989417844690422,KXHIGHTOKC-26AUG28,7.0,0.655,KXHIGHTOKC-26AUG28-B99.5,0.8298941784469043,0.63,no,price_out_of_range,2026-08-28 13:00:00+00:00,0.050000000000000044,2026-08-28
upper_tail,okc,skip,0.97,-0.04537937471469844,KXHIGHTOKC-26AUG28,7.0,0.955,KXHIGHTOKC-26AUG28-T100,0.9246206252853015,0.94,no,price_out_of_range,2026-08-28 13:00:00+00:00,0.030000000000000027,2026-08-28
lower_tail,okc,skip,1.0,-0.054402589411977065,KXHIGHTOKC-26AUG28,7.0,0.995,KXHIGHTOKC-26AUG28-T93,0.9455974105880229,0.99,no,price_out_of_range,2026-08-28 13:00:00+00:00,0.010000000000000009,2026-08-28
bounded,aus,skip,0.59,-0.1084165732940423,KXHIGHAUS-26AUG28,,0.585,KXHIGHAUS-26AUG28-B101.5,0.48158342670595766,0.58,no,ev_below_threshold,2026-08-28 14:00:00+00:00,0.010000000000000009,2026-08-28
bounded,aus,skip,0.94,-0.009265202082233914,KXHIGHAUS-26AUG28,,0.935,KXHIGHAUS-26AUG28-B103.5,0.930734797917766,0.93,no,price_out_of_range,2026-08-28 14:00:00+00:00,0.009999999999999898,2026-08-28
bounded,aus,skip,0.94,0.025490596098530105,KXHIGHAUS-26AUG28,,0.935,KXHIGHAUS-26AUG28-B97.5,0.96549059609853,0.93,no,price_out_of_range,2026-08-28 14:00:00+00:00,0.009999999999999898,2026-08-28
bounded,aus,buy,0.5,0.12418718726177813,KXHIGHAUS-26AUG28,,0.495,KXHIGHAUS-26AUG28-B99.5,0.6241871872617781,0.49,no,,2026-08-28 14:00:00+00:00,0.010000000000000009,2026-08-28
upper_tail,aus,skip,1.0,-0.0009980039920159944,KXHIGHAUS-26AUG28,,0.995,KXHIGHAUS-26AUG28-T104,0.999001996007984,0.99,no,price_out_of_range,2026-08-28 14:00:00+00:00,0.010000000000000009,2026-08-28
lower_tail,aus,skip,0.99,0.009001996007984014,KXHIGHAUS-26AUG28,,0.985,KXHIGHAUS-26AUG28-T97,0.999001996007984,0.98,no,price_out_of_range,2026-08-28 14:00:00+00:00,0.010000000000000009,2026-08-28
bounded,den,skip,0.99,-0.04209023921768684,KXHIGHDEN-26AUG28,,0.98,KXHIGHDEN-26AUG28-B90.5,0.9479097607823131,0.97,no,price_out_of_range,2026-08-28 14:00:00+00:00,0.020000000000000018,2026-08-28
bounded,den,skip,0.92,-0.12290590553265968,KXHIGHDEN-26AUG28,,0.915,KXHIGHDEN-26AUG28-B92.5,0.7970940944673404,0.91,no,price_out_of_range,2026-08-28 14:00:00+00:00,0.010000000000000009,2026-08-28
bounded,den,skip,0.39,0.2743399551576592,KXHIGHDEN-26AUG28,,0.38,KXHIGHDEN-26AUG28-B94.5,0.6643399551576592,0.37,no,price_out_of_range,2026-08-28 14:00:00+00:00,0.020000000000000018,2026-08-28
bounded,den,skip,0.77,-0.04189547114200465,KXHIGHDEN-26AUG28,,0.76,KXHIGHDEN-26AUG28-B96.5,0.7281045288579954,0.75,no,price_out_of_range,2026-08-28 14:00:00+00:00,0.020000000000000018,2026-08-28
lower_tail,den,skip,1.0,-0.014100567184833546,KXHIGHDEN-26AUG28,,0.995,KXHIGHDEN-26AUG28-T90,0.9858994328151665,0.99,no,price_out_of_range,2026-08-28 14:00:00+00:00,0.010000000000000009,2026-08-28
upper_tail,den,skip,0.98,-0.10334777208047452,KXHIGHDEN-26AUG28,,0.975,KXHIGHDEN-26AUG28-T97,0.8766522279195255,0.97,no,price_out_of_range,2026-08-28 14:00:00+00:00,0.010000000000000009,2026-08-28
bounded,la,skip,1.0,-0.0009970089730807485,KXHIGHLAX-26AUG28,,0.995,KXHIGHLAX-26AUG28-B82.5,0.9990029910269193,0.99,no,price_out_of_range,2026-08-28 14:00:00+00:00,0.010000000000000009,2026-08-28
bounded,la,skip,0.96,0.03900299102691929,KXHIGHLAX-26AUG28,,0.955,KXHIGHLAX-26AUG28-B84.5,0.9990029910269193,0.95,no,price_out_of_range,2026-08-28 14:00:00+00:00,0.010000000000000009,2026-08-28
bounded,la,skip,0.88,0.01660527210607543,KXHIGHLAX-26AUG28,,0.875,KXHIGHLAX-26AUG28-B86.5,0.8966052721060754,0.87,no,price_out_of_range,2026-08-28 14:00:00+00:00,0.010000000000000009,2026-08-28
bounded,la,skip,0.73,-0.20914644372091795,KXHIGHLAX-26AUG28,,0.715,KXHIGHLAX-26AUG28-B88.5,0.520853556279082,0.7,no,price_out_of_range,2026-08-28 14:00:00+00:00,0.030000000000000027,2026-08-28
lower_tail,la,skip,1.0,-0.0009970089730807485,KXHIGHLAX-26AUG28,,0.995,KXHIGHLAX-26AUG28-T82,0.9990029910269193,0.99,no,price_out_of_range,2026-08-28 14:00:00+00:00,0.010000000000000009,2026-08-28
upper_tail,la,skip,0.41,0.17553219853408492,KXHIGHLAX-26AUG28,,0.395,KXHIGHLAX-26AUG28-T89,0.5855321985340849,0.38,no,price_out_of_range,2026-08-28 14:00:00+00:00,0.02999999999999997,2026-08-28
bounded,mia,skip,0.99,-0.02217137965206295,KXHIGHMIA-26AUG28,,0.98,KXHIGHMIA-26AUG28-B88.5,0.967828620347937,0.97,no,price_out_of_range,2026-08-28 14:00:00+00:00,0.020000000000000018,2026-08-28
bounded,mia,skip,0.9,-0.3540113654743965,KXHIGHMIA-26AUG28,,0.885,KXHIGHMIA-26AUG28-B90.5,0.5459886345256035,0.87,no,price_out_of_range,2026-08-28 14:00:00+00:00,0.030000000000000027,2026-08-28
bounded,mia,skip,0.37,0.15350156440783613,KXHIGHMIA-26AUG28,,0.355,KXHIGHMIA-26AUG28-B92.5,0.5235015644078361,0.34,no,price_out_of_range,2026-08-28 14:00:00+00:00,0.02999999999999997,2026-08-28
bounded,mia,skip,0.77,0.19467718870265527,KXHIGHMIA-26AUG28,,0.755,KXHIGHMIA-26AUG28-B94.5,0.9646771887026553,0.74,no,price_out_of_range,2026-08-28 14:00:00+00:00,0.030000000000000027,2026-08-28
lower_tail,mia,skip,1.0,-0.0009980039920159944,KXHIGHMIA-26AUG28,,0.995,KXHIGHMIA-26AUG28-T88,0.999001996007984,0.99,no,price_out_of_range,2026-08-28 14:00:00+00:00,0.010000000000000009,2026-08-28
upper_tail,mia,skip,1.0,-0.0009980039920159944,KXHIGHMIA-26AUG28,,0.995,KXHIGHMIA-26AUG28-T95,0.999001996007984,0.99,no,price_out_of_range,2026-08-28 14:00:00+00:00,0.010000000000000009,2026-08-28
bounded,nyc,skip,0.57,-0.16387311164656015,KXHIGHNY-26AUG28,9.0,0.565,KXHIGHNY-26AUG28-B80.5,0.4061268883534398,0.56,no,ev_below_threshold,2026-08-28 14:00:00+00:00,0.009999999999999898,2026-08-28
bounded,nyc,skip,0.78,-0.11135799723455864,KXHIGHNY-26AUG28,9.0,0.77,KXHIGHNY-26AUG28-B82.5,0.6686420027654414,0.76,no,price_out_of_range,2026-08-28 14:00:00+00:00,0.020000000000000018,2026-08-28
bounded,nyc,skip,0.95,0.035017774117063416,KXHIGHNY-26AUG28,9.0,0.945,KXHIGHNY-26AUG28-B84.5,0.9850177741170634,0.94,no,price_out_of_range,2026-08-28 14:00:00+00:00,0.010000000000000009,2026-08-28
bounded,nyc,skip,1.0,-0.0009980039920159944,KXHIGHNY-26AUG28,9.0,0.995,KXHIGHNY-26AUG28-B86.5,0.999001996007984,0.99,no,price_out_of_range,2026-08-28 14:00:00+00:00,0.010000000000000009,2026-08-28
lower_tail,nyc,skip,0.72,0.22220934274808735,KXHIGHNY-26AUG28,9.0,0.705,KXHIGHNY-26AUG28-T80,0.9422093427480873,0.69,no,price_out_of_range,2026-08-28 14:00:00+00:00,0.030000000000000027,2026-08-28
upper_tail,nyc,skip,1.0,-0.0009980039920159944,KXHIGHNY-26AUG28,9.0,0.995,KXHIGHNY-26AUG28-T87,0.999001996007984,0.99,no,price_out_of_range,2026-08-28 14:00:00+00:00,0.010000000000000009,2026-08-28
bounded,okc,skip,0.95,-0.10446944668996061,KXHIGHTOKC-26AUG28,8.0,0.9299999999999999,KXHIGHTOKC-26AUG28-B93.5,0.8455305533100393,0.91,no,price_out_of_range,2026-08-28 14:00:00+00:00,0.039999999999999925,2026-08-28
bounded,okc,skip,0.96,-0.22456814701479355,KXHIGHTOKC-26AUG28,8.0,0.9450000000000001,KXHIGHTOKC-26AUG28-B95.5,0.7354318529852064,0.93,no,price_out_of_range,2026-08-28 14:00:00+00:00,0.029999999999999916,2026-08-28
bounded,okc,buy,0.53,0.18881415311334515,KXHIGHTOKC-26AUG28,8.0,0.525,KXHIGHTOKC-26AUG28-B97.5,0.7188141531133452,0.52,no,,2026-08-28 14:00:00+00:00,0.010000000000000009,2026-08-28
bounded,okc,skip,0.67,0.16095176328731298,KXHIGHTOKC-26AUG28,8.0,0.645,KXHIGHTOKC-26AUG28-B99.5,0.830951763287313,0.62,no,price_out_of_range,2026-08-28 14:00:00+00:00,0.050000000000000044,2026-08-28
upper_tail,okc,skip,0.97,-0.04457819911699312,KXHIGHTOKC-26AUG28,8.0,0.955,KXHIGHTOKC-26AUG28-T100,0.9254218008830069,0.94,no,price_out_of_range,2026-08-28 14:00:00+00:00,0.030000000000000027,2026-08-28
lower_tail,okc,skip,1.0,-0.056150123578910804,KXHIGHTOKC-26AUG28,8.0,0.995,KXHIGHTOKC-26AUG28-T93,0.9438498764210892,0.99,no,price_out_of_range,2026-08-28 14:00:00+00:00,0.010000000000000009,2026-08-28
bounded,aus,skip,0.68,-0.13850446969457708,KXHIGHAUS-26AUG28,,0.675,KXHIGHAUS-26AUG28-B101.5,0.541495530305423,0.67,no,price_out_of_range,2026-08-28 15:00:00+00:00,0.010000000000000009,2026-08-28
bounded,aus,skip,0.99,-0.03513843820824125,KXHIGHAUS-26AUG28,,0.985,KXHIGHAUS-26AUG28-B103.5,0.9548615617917587,0.98,no,price_out_of_range,2026-08-28 15:00:00+00:00,0.010000000000000009,2026-08-28
bounded,aus,skip,0.94,0.01600246438766817,KXHIGHAUS-26AUG28,,0.9299999999999999,KXHIGHAUS-26AUG28-B97.5,0.9560024643876681,0.92,no,price_out_of_range,2026-08-28 15:00:00+00:00,0.019999999999999907,2026-08-28
bounded,aus,skip,0.42,0.12963645149918207,KXHIGHAUS-26AUG28,,0.4,KXHIGHAUS-26AUG28-B99.5,0.549636451499182,0.38,no,price_out_of_range,2026-08-28 15:00:00+00:00,0.03999999999999998,2026-08-28
upper_tail,aus,skip,1.0,-0.0009980039920159944,KXHIGHAUS-26AUG28,,0.995,KXHIGHAUS-26AUG28-T104,0.999001996007984,0.99,no,price_out_of_range,2026-08-28 15:00:00+00:00,0.010000000000000009,2026-08-28
lower_tail,aus,skip,0.99,0.009001996007984014,KXHIGHAUS-26AUG28,,0.985,KXHIGHAUS-26AUG28-T97,0.999001996007984,0.98,no,price_out_of_range,2026-08-28 15:00:00+00:00,0.010000000000000009,2026-08-28
bounded,den,skip,0.99,-0.04022872525525267,KXHIGHDEN-26AUG28,,0.985,KXHIGHDEN-26AUG28-B90.5,0.9497712747447473,0.98,no,price_out_of_range,2026-08-28 15:00:00+00:00,0.010000000000000009,2026-08-28
bounded,den,skip,0.87,-0.07394371021382051,KXHIGHDEN-26AUG28,,0.865,KXHIGHDEN-26AUG28-B92.5,0.7960562897861795,0.86,no,price_out_of_range,2026-08-28 15:00:00+00:00,0.010000000000000009,2026-08-28
bounded,den,skip,0.46,0.1959964838269735,KXHIGHDEN-26AUG28,,0.45,KXHIGHDEN-26AUG28-B94.5,0.6559964838269735,0.44,no,price_out_of_range,2026-08-28 15:00:00+00:00,0.020000000000000018,2026-08-28
bounded,den,skip,0.7,0.024251381086163315,KXHIGHDEN-26AUG28,,0.675,KXHIGHDEN-26AUG28-B96.5,0.7242513810861633,0.65,no,price_out_of_range,2026-08-28 15:00:00+00:00,0.04999999999999993,2026-08-28
lower_tail,den,skip,1.0,-0.011646551505042346,KXHIGHDEN-26AUG28,,0.995,KXHIGHDEN-26AUG28-T90,0.9883534484949577,0.99,no,price_out_of_range,2026-08-28 15:00:00+00:00,0.010000000000000009,2026-08-28
upper_tail,den,skip,0.99,-0.10442887793902123,KXHIGHDEN-26AUG28,,0.98,KXHIGHDEN-26AUG28-T97,0.8855711220609788,0.97,no,price_out_of_range,2026-08-28 15:00:00+00:00,0.020000000000000018,2026-08-28
bounded,la,skip,1.0,-0.0009970089730807485,KXHIGHLAX-26AUG28,,0.995,KXHIGHLAX-26AUG28-B82.5,0.9990029910269193,0.99,no,price_out_of_range,2026-08-28 15:00:00+00:00,0.010000000000000009,2026-08-28
bounded,la,skip,0.98,0.01900299102691927,KXHIGHLAX-26AUG28,,0.975,KXHIGHLAX-26AUG28-B84.5,0.9990029910269193,0.97,no,price_out_of_range,2026-08-28 15:00:00+00:00,0.010000000000000009,2026-08-28
bounded,la,skip,0.89,0.061227762000656716,KXHIGHLAX-26AUG28,,0.885,KXHIGHLAX-26AUG28-B86.5,0.9512277620006567,0.88,no,price_out_of_range,2026-08-28 15:00:00+00:00,0.010000000000000009,2026-08-28
bounded,la,skip,0.66,-0.12028653977493786,KXHIGHLAX-26AUG28,,0.65,KXHIGHLAX-26AUG28-B88.5,0.5397134602250622,0.64,no,price_out_of_range,2026-08-28 15:00:00+00:00,0.020000000000000018,2026-08-28
lower_tail,la,skip,1.0,-0.0009970089730807485,KXHIGHLAX-26AUG28,,0.995,KXHIGHLAX-26AUG28-T82,0.9990029910269193,0.99,no,price_out_of_range,2026-08-28 15:00:00+00:00,0.010000000000000009,2026-08-28
upper_tail,la,skip,0.45,0.062049804693523225,KXHIGHLAX-26AUG28,,0.44,KXHIGHLAX-26AUG28-T89,0.5120498046935232,0.43,no,price_out_of_range,2026-08-28 15:00:00+00:00,0.020000000000000018,2026-08-28
bounded,mia,skip,1.0,-0.0009970089730807485,KXHIGHMIA-26AUG28,,0.995,KXHIGHMIA-26AUG28-B88.5,0.9990029910269193,0.99,no,price_out_of_range,2026-08-28 15:00:00+00:00,0.010000000000000009,2026-08-28
bounded,mia,skip,0.88,-0.08359126582077969,KXHIGHMIA-26AUG28,,0.875,KXHIGHMIA-26AUG28-B90.5,0.7964087341792203,0.87,no,price_out_of_range,2026-08-28 15:00:00+00:00,0.010000000000000009,2026-08-28
bounded,mia,skip,0.36,-0.01887862727606604,KXHIGHMIA-26AUG28,,0.33999999999999997,KXHIGHMIA-26AUG28-B92.5,0.34112137272393395,0.32,no,price_out_of_range,2026-08-28 15:00:00+00:00,0.03999999999999998,2026-08-28
bounded,mia,skip,0.81,0.05546092001608793,KXHIGHMIA-26AUG28,,0.8,KXHIGHMIA-26AUG28-B94.5,0.865460920016088,0.79,no,price_out_of_range,2026-08-28 15:00:00+00:00,0.020000000000000018,2026-08-28
lower_tail,mia,skip,1.0,-0.0009970089730807485,KXHIGHMIA-26AUG28,,0.995,KXHIGHMIA-26AUG28-T88,0.9990029910269193,0.99,no,price_out_of_range,2026-08-28 15:00:00+00:00,0.010000000000000009,2026-08-28
upper_tail,mia,skip,1.0,-0.0009970089730807485,KXHIGHMIA-26AUG28,,0.995,KXHIGHMIA-26AUG28-T95,0.9990029910269193,0.99,no,price_out_of_range,2026-08-28 15:00:00+00:00,0.010000000000000009,2026-08-28
bounded,nyc,skip,0.49,-0.09419742550103238,KXHIGHNY-26AUG28,10.0,0.475,KXHIGHNY-26AUG28-B80.5,0.3958025744989676,0.46,no,price_out_of_range,2026-08-28 15:00:00+00:00,0.02999999999999997,2026-08-28
bounded,nyc,skip,0.71,-0.026953688715631863,KXHIGHNY-26AUG28,10.0,0.705,KXHIGHNY-26AUG28-B82.5,0.6830463112843681,0.7,no,price_out_of_range,2026-08-28 15:00:00+00:00,0.010000000000000009,2026-08-28
bounded,nyc,skip,0.94,0.047036453894251595,KXHIGHNY-26AUG28,10.0,0.935,KXHIGHNY-26AUG28-B84.5,0.9870364538942515,0.93,no,price_out_of_range,2026-08-28 15:00:00+00:00,0.009999999999999898,2026-08-28
bounded,nyc,skip,1.0,-0.0009980039920159944,KXHIGHNY-26AUG28,10.0,0.995,KXHIGHNY-26AUG28-B86.5,0.999001996007984,0.99,no,price_out_of_range,2026-08-28 15:00:00+00:00,0.010000000000000009,2026-08-28
lower_tail,nyc,skip,0.85,0.08611066830644465,KXHIGHNY-26AUG28,10.0,0.845,KXHIGHNY-26AUG28-T80,0.9361106683064446,0.84,no,price_out_of_range,2026-08-28 15:00:00+00:00,0.010000000000000009,2026-08-28
upper_tail,nyc,skip,1.0,-0.0009980039920159944,KXHIGHNY-26AUG28,10.0,0.995,KXHIGHNY-26AUG28-T87,0.999001996007984,0.99,no,price_out_of_range,2026-08-28 15:00:00+00:00,0.010000000000000009,2026-08-28
bounded,okc,skip,0.97,-0.1318085076343134,KXHIGHTOKC-26AUG28,9.0,0.96,KXHIGHTOKC-26AUG28-B93.5,0.8381914923656866,0.95,no,price_out_of_range,2026-08-28 15:00:00+00:00,0.020000000000000018,2026-08-28
bounded,okc,skip,0.98,-0.26037001062749554,KXHIGHTOKC-26AUG28,9.0,0.965,KXHIGHTOKC-26AUG28-B95.5,0.7196299893725044,0.95,no,price_out_of_range,2026-08-28 15:00:00+00:00,0.030000000000000027,2026-08-28
bounded,okc,buy,0.58,0.13746305863034114,KXHIGHTOKC-26AUG28,9.0,0.5549999999999999,KXHIGHTOKC-26AUG28-B97.5,0.7174630586303411,0.53,no,,2026-08-28 15:00:00+00:00,0.04999999999999993,2026-08-28
bounded,okc,buy,0.58,0.2562904333426336,KXHIGHTOKC-26AUG28,9.0,0.575,KXHIGHTOKC-26AUG28-B99.5,0.8362904333426335,0.57,no,,2026-08-28 15:00:00+00:00,0.010000000000000009,2026-08-28
upper_tail,okc,skip,0.9,0.0430110122234022,KXHIGHTOKC-26AUG28,9.0,0.895,KXHIGHTOKC-26AUG28-T100,0.9430110122234022,0.89,no,price_out_of_range,2026-08-28 15:00:00+00:00,0.010000000000000009,2026-08-28
lower_tail,okc,skip,1.0,-0.05458598593456787,KXHIGHTOKC-26AUG28,9.0,0.995,KXHIGHTOKC-26AUG28-T93,0.9454140140654321,0.99,no,price_out_of_range,2026-08-28 15:00:00+00:00,0.010000000000000009,2026-08-28
bounded,aus,skip,0.68,-0.02181355644410765,KXHIGHAUS-26AUG28,,0.675,KXHIGHAUS-26AUG28-B101.5,0.6581864435558924,0.67,no,price_out_of_range,2026-08-28 16:00:00+00:00,0.010000000000000009,2026-08-28
bounded,aus,skip,0.98,-0.0030983716072229273,KXHIGHAUS-26AUG28,,0.975,KXHIGHAUS-26AUG28-B103.5,0.976901628392777,0.97,no,price_out_of_range,2026-08-28 16:00:00+00:00,0.010000000000000009,2026-08-28
bounded,aus,skip,0.97,-0.038517309669189426,KXHIGHAUS-26AUG28,,0.955,KXHIGHAUS-26AUG28-B97.5,0.9314826903308105,0.94,no,price_out_of_range,2026-08-28 16:00:00+00:00,0.030000000000000027,2026-08-28
bounded,aus,skip,0.43,0.005425245704551995,KXHIGHAUS-26AUG28,,0.42,KXHIGHAUS-26AUG28-B99.5,0.435425245704552,0.41,no,price_out_of_range,2026-08-28 16:00:00+00:00,0.020000000000000018,2026-08-28
upper_tail,aus,skip,1.0,-0.0009980039920159944,KXHIGHAUS-26AUG28,,0.995,KXHIGHAUS-26AUG28-T104,0.999001996007984,0.99,no,price_out_of_range,2026-08-28 16:00:00+00:00,0.010000000000000009,2026-08-28
lower_tail,aus,skip,1.0,-0.0009980039920159944,KXHIGHAUS-26AUG28,,0.99,KXHIGHAUS-26AUG28-T97,0.999001996007984,0.98,no,price_out_of_range,2026-08-28 16:00:00+00:00,0.020000000000000018,2026-08-28
bounded,den,skip,0.99,-0.03245609268964034,KXHIGHDEN-26AUG28,,0.985,KXHIGHDEN-26AUG28-B90.5,0.9575439073103597,0.98,no,price_out_of_range,2026-08-28 16:00:00+00:00,0.010000000000000009,2026-08-28
bounded,den,skip,0.89,-0.06562963704513336,KXHIGHDEN-26AUG28,,0.88,KXHIGHDEN-26AUG28-B92.5,0.8243703629548667,0.87,no,price_out_of_range,2026-08-28 16:00:00+00:00,0.020000000000000018,2026-08-28
bounded,den,skip,0.46,0.18277771897457357,KXHIGHDEN-26AUG28,,0.445,KXHIGHDEN-26AUG28-B94.5,0.6427777189745736,0.43,no,price_out_of_range,2026-08-28 16:00:00+00:00,0.030000000000000027,2026-08-28
bounded,den,skip,0.75,-0.05645119782649566,KXHIGHDEN-26AUG28,,0.725,KXHIGHDEN-26AUG28-B96.5,0.6935488021735043,0.7,no,price_out_of_range,2026-08-28 16:00:00+00:00,0.050000000000000044,2026-08-28
lower_tail,den,skip,1.0,-0.0009990009990009652,KXHIGHDEN-26AUG28,,0.995,KXHIGHDEN-26AUG28-T90,0.999000999000999,0.99,no,price_out_of_range,2026-08-28 16:00:00+00:00,0.010000000000000009,2026-08-28
upper_tail,den,skip,0.98,-0.09724179041430314,KXHIGHDEN-26AUG28,,0.975,KXHIGHDEN-26AUG28-T97,0.8827582095856968,0.97,no,price_out_of_range,2026-08-28 16:00:00+00:00,0.010000000000000009,2026-08-28
bounded,la,skip,1.0,-0.0009970089730807485,KXHIGHLAX-26AUG28,,0.995,KXHIGHLAX-26AUG28-B82.5,0.9990029910269193,0.99,no,price_out_of_range,2026-08-28 16:00:00+00:00,0.010000000000000009,2026-08-28
bounded,la,skip,1.0,-0.0009970089730807485,KXHIGHLAX-26AUG28,,0.995,KXHIGHLAX-26AUG28-B84.5,0.9990029910269193,0.99,no,price_out_of_range,2026-08-28 16:00:00+00:00,0.010000000000000009,2026-08-28
bounded,la,skip,0.91,0.054974485306871546,KXHIGHLAX-26AUG28,,0.905,KXHIGHLAX-26AUG28-B86.5,0.9649744853068716,0.9,no,price_out_of_range,2026-08-28 16:00:00+00:00,0.010000000000000009,2026-08-28
bounded,la,skip,0.71,-0.09197557983933391,KXHIGHLAX-26AUG28,,0.705,KXHIGHLAX-26AUG28-B88.5,0.618024420160666,0.7,no,price_out_of_range,2026-08-28 16:00:00+00:00,0.010000000000000009,2026-08-28
lower_tail,la,skip,1.0,-0.0009970089730807485,KXHIGHLAX-26AUG28,,0.995,KXHIGHLAX-26AUG28-T82,0.9990029910269193,0.99,no,price_out_of_range,2026-08-28 16:00:00+00:00,0.010000000000000009,2026-08-28
upper_tail,la,skip,0.38,0.03999212145170461,KXHIGHLAX-26AUG28,,0.365,KXHIGHLAX-26AUG28-T89,0.4199921214517046,0.35,no,price_out_of_range,2026-08-28 16:00:00+00:00,0.030000000000000027,2026-08-28
bounded,mia,skip,1.0,-0.0009970089730807485,KXHIGHMIA-26AUG28,,0.995,KXHIGHMIA-26AUG28-B88.5,0.9990029910269193,0.99,no,price_out_of_range,2026-08-28 16:00:00+00:00,0.010000000000000009,2026-08-28
bounded,mia,skip,0.96,-0.07033479683892196,KXHIGHMIA-26AUG28,,0.955,KXHIGHMIA-26AUG28-B90.5,0.889665203161078,0.95,no,price_out_of_range,2026-08-28 16:00:00+00:00,0.010000000000000009,2026-08-28
bounded,mia,skip,0.24,0.07678390264420465,KXHIGHMIA-26AUG28,,0.235,KXHIGHMIA-26AUG28-B92.5,0.31678390264420464,0.23,no,price_out_of_range,2026-08-28 16:00:00+00:00,0.009999999999999981,2026-08-28
bounded,mia,skip,0.8,-0.0034580788860404388,KXHIGHMIA-26AUG28,,0.79,KXHIGHMIA-26AUG28-B94.5,0.7965419211139596,0.78,no,price_out_of_range,2026-08-28 16:00:00+00:00,0.020000000000000018,2026-08-28
lower_tail,mia,skip,1.0,-0.0009970089730807485,KXHIGHMIA-26AUG28,,0.995,KXHIGHMIA-26AUG28-T88,0.9990029910269193,0.99,no,price_out_of_range,2026-08-28 16:00:00+00:00,0.010000000000000009,2026-08-28
upper_tail,mia,skip,1.0,-0.0009970089730807485,KXHIGHMIA-26AUG28,,0.995,KXHIGHMIA-26AUG28-T95,0.9990029910269193,0.99,no,price_out_of_range,2026-08-28 16:00:00+00:00,0.010000000000000009,2026-08-28
bounded,nyc,skip,0.53,-0.0791194352223229,KXHIGHNY-26AUG28,11.0,0.515,KXHIGHNY-26AUG28-B80.5,0.45088056477767713,0.5,no,ev_below_threshold,2026-08-28 16:00:00+00:00,0.030000000000000027,2026-08-28
bounded,nyc,skip,0.63,-0.01139036584423736,KXHIGHNY-26AUG28,11.0,0.61,KXHIGHNY-26AUG28-B82.5,0.6186096341557626,0.59,no,ev_below_threshold,2026-08-28 16:00:00+00:00,0.040000000000000036,2026-08-28
bounded,nyc,skip,0.92,0.05800602963905033,KXHIGHNY-26AUG28,11.0,0.915,KXHIGHNY-26AUG28-B84.5,0.9780060296390504,0.91,no,price_out_of_range,2026-08-28 16:00:00+00:00,0.010000000000000009,2026-08-28
bounded,nyc,skip,1.0,-0.0009980039920159944,KXHIGHNY-26AUG28,11.0,0.995,KXHIGHNY-26AUG28-B86.5,0.999001996007984,0.99,no,price_out_of_range,2026-08-28 16:00:00+00:00,0.010000000000000009,2026-08-28
lower_tail,nyc,skip,0.97,-0.015500220588458125,KXHIGHNY-26AUG28,11.0,0.965,KXHIGHNY-26AUG28-T80,0.9544997794115418,0.96,no,price_out_of_range,2026-08-28 16:00:00+00:00,0.010000000000000009,2026-08-28
upper_tail,nyc,skip,1.0,-0.0009980039920159944,KXHIGHNY-26AUG28,11.0,0.995,KXHIGHNY-26AUG28-T87,0.999001996007984,0.99,no,price_out_of_range,2026-08-28 16:00:00+00:00,0.010000000000000009,2026-08-28
bounded,okc,skip,0.99,-0.12697424807889213,KXHIGHTOKC-26AUG28,10.0,0.98,KXHIGHTOKC-26AUG28-B93.5,0.8630257519211079,0.97,no,price_out_of_range,2026-08-28 16:00:00+00:00,0.020000000000000018,2026-08-28
bounded,okc,skip,0.99,-0.26609685500845837,KXHIGHTOKC-26AUG28,10.0,0.98,KXHIGHTOKC-26AUG28-B95.5,0.7239031449915416,0.97,no,price_out_of_range,2026-08-28 16:00:00+00:00,0.020000000000000018,2026-08-28
bounded,okc,buy,0.63,0.06453464224080296,KXHIGHTOKC-26AUG28,10.0,0.6,KXHIGHTOKC-26AUG28-B97.5,0.694534642240803,0.57,no,,2026-08-28 16:00:00+00:00,0.06000000000000005,2026-08-28
bounded,okc,skip,0.49,0.33327060145020604,KXHIGHTOKC-26AUG28,10.0,0.485,KXHIGHTOKC-26AUG28-B99.5,0.823270601450206,0.48,no,price_out_of_range,2026-08-28 16:00:00+00:00,0.010000000000000009,2026-08-28
upper_tail,okc,skip,0.91,0.028343946700815525,KXHIGHTOKC-26AUG28,10.0,0.88,KXHIGHTOKC-26AUG28-T100,0.9383439467008156,0.85,no,price_out_of_range,2026-08-28 16:00:00+00:00,0.06000000000000005,2026-08-28
lower_tail,okc,skip,1.0,-0.043078087304474044,KXHIGHTOKC-26AUG28,10.0,0.995,KXHIGHTOKC-26AUG28-T93,0.956921912695526,0.99,no,price_out_of_range,2026-08-28 16:00:00+00:00,0.010000000000000009,2026-08-28
bounded,aus,skip,0.77,-0.02352023513821555,KXHIGHAUS-26AUG28,,0.765,KXHIGHAUS-26AUG28-B101.5,0.7464797648617845,0.76,no,price_out_of_range,2026-08-28 17:00:00+00:00,0.010000000000000009,2026-08-28
bounded,aus,skip,0.99,0.005926282223440493,KXHIGHAUS-26AUG28,,0.985,KXHIGHAUS-26AUG28-B103.5,0.9959262822234405,0.98,no,price_out_of_range,2026-08-28 17:00:00+00:00,0.010000000000000009,2026-08-28
bounded,aus,skip,0.9,0.009253427532310954,KXHIGHAUS-26AUG28,,0.895,KXHIGHAUS-26AUG28-B97.5,0.909253427532311,0.89,no,price_out_of_range,2026-08-28 17:00:00+00:00,0.010000000000000009,2026-08-28
bounded,aus,skip,0.37,-0.019663466633503934,KXHIGHAUS-26AUG28,,0.365,KXHIGHAUS-26AUG28-B99.5,0.35033653336649606,0.36,no,price_out_of_range,2026-08-28 17:00:00+00:00,0.010000000000000009,2026-08-28
upper_tail,aus,skip,1.0,-0.0009980039920159944,KXHIGHAUS-26AUG28,,0.995,KXHIGHAUS-26AUG28-T104,0.999001996007984,0.99,no,price_out_of_range,2026-08-28 17:00:00+00:00,0.010000000000000009,2026-08-28
lower_tail,aus,skip,1.0,-0.0009980039920159944,KXHIGHAUS-26AUG28,,0.99,KXHIGHAUS-26AUG28-T97,0.999001996007984,0.98,no,price_out_of_range,2026-08-28 17:00:00+00:00,0.020000000000000018,2026-08-28
bounded,den,skip,0.99,-0.008706821459509628,KXHIGHDEN-26AUG28,,0.985,KXHIGHDEN-26AUG28-B90.5,0.9812931785404904,0.98,no,price_out_of_range,2026-08-28 17:00:00+00:00,0.010000000000000009,2026-08-28
bounded,den,skip,0.94,-0.05265162452850014,KXHIGHDEN-26AUG28,,0.9299999999999999,KXHIGHDEN-26AUG28-B92.5,0.8873483754714998,0.92,no,price_out_of_range,2026-08-28 17:00:00+00:00,0.019999999999999907,2026-08-28
bounded,den,skip,0.46,0.16362035285623028,KXHIGHDEN-26AUG28,,0.44,KXHIGHDEN-26AUG28-B94.5,0.6236203528562303,0.42,no,price_out_of_range,2026-08-28 17:00:00+00:00,0.040000000000000036,2026-08-28
bounded,den,skip,0.7,-0.07086262719861014,KXHIGHDEN-26AUG28,,0.6799999999999999,KXHIGHDEN-26AUG28-B96.5,0.6291373728013898,0.66,no,price_out_of_range,2026-08-28 17:00:00+00:00,0.039999999999999925,2026-08-28
lower_tail,den,skip,1.0,-0.0009990009990009652,KXHIGHDEN-26AUG28,,0.995,KXHIGHDEN-26AUG28-T90,0.999000999000999,0.99,no,price_out_of_range,2026-08-28 17:00:00+00:00,0.010000000000000009,2026-08-28
upper_tail,den,skip,0.99,-0.11040027867060953,KXHIGHDEN-26AUG28,,0.985,KXHIGHDEN-26AUG28-T97,0.8795997213293905,0.98,no,price_out_of_range,2026-08-28 17:00:00+00:00,0.010000000000000009,2026-08-28
bounded,la,skip,1.0,-0.0009970089730807485,KXHIGHLAX-26AUG28,,0.995,KXHIGHLAX-26AUG28-B82.5,0.9990029910269193,0.99,no,price_out_of_range,2026-08-28 17:00:00+00:00,0.010000000000000009,2026-08-28
bounded,la,skip,1.0,-0.0009970089730807485,KXHIGHLAX-26AUG28,,0.995,KXHIGHLAX-26AUG28-B84.5,0.9990029910269193,0.99,no,price_out_of_range,2026-08-28 17:00:00+00:00,0.010000000000000009,2026-08-28
bounded,la,skip,0.74,0.21633742827842484,KXHIGHLAX-26AUG28,,0.72,KXHIGHLAX-26AUG28-B86.5,0.9563374282784248,0.7,no,price_out_of_range,2026-08-28 17:00:00+00:00,0.040000000000000036,2026-08-28
bounded,la,skip,0.56,-0.09578309362381965,KXHIGHLAX-26AUG28,,0.55,KXHIGHLAX-26AUG28-B88.5,0.4642169063761804,0.54,no,ev_below_threshold,2026-08-28 17:00:00+00:00,0.020000000000000018,2026-08-28
lower_tail,la,skip,1.0,-0.0009970089730807485,KXHIGHLAX-26AUG28,,0.995,KXHIGHLAX-26AUG28-T82,0.9990029910269193,0.99,no,price_out_of_range,2026-08-28 17:00:00+00:00,0.010000000000000009,2026-08-28
upper_tail,la,skip,0.76,-0.17756330773536289,KXHIGHLAX-26AUG28,,0.75,KXHIGHLAX-26AUG28-T89,0.5824366922646371,0.74,no,price_out_of_range,2026-08-28 17:00:00+00:00,0.020000000000000018,2026-08-28
bounded,mia,skip,1.0,-0.0009970089730807485,KXHIGHMIA-26AUG28,,0.995,KXHIGHMIA-26AUG28-B88.5,0.9990029910269193,0.99,no,price_out_of_range,2026-08-28 17:00:00+00:00,0.010000000000000009,2026-08-28
bounded,mia,skip,1.0,-0.21250578917579477,KXHIGHMIA-26AUG28,,0.995,KXHIGHMIA-26AUG28-B90.5,0.7874942108242052,0.99,no,price_out_of_range,2026-08-28 17:00:00+00:00,0.010000000000000009,2026-08-28
bounded,mia,skip,0.26,0.05311571281668104,KXHIGHMIA-26AUG28,,0.23,KXHIGHMIA-26AUG28-B92.5,0.31311571281668105,0.2,no,price_out_of_range,2026-08-28 17:00:00+00:00,0.06,2026-08-28
bounded,mia,skip,0.83,0.0723811032783559,KXHIGHMIA-26AUG28,,0.8,KXHIGHMIA-26AUG28-B94.5,0.9023811032783559,0.77,no,price_out_of_range,2026-08-28 17:00:00+00:00,0.05999999999999994,2026-08-28
lower_tail,mia,skip,1.0,-0.0009970089730807485,KXHIGHMIA-26AUG28,,0.995,KXHIGHMIA-26AUG28-T88,0.9990029910269193,0.99,no,price_out_of_range,2026-08-28 17:00:00+00:00,0.010000000000000009,2026-08-28
upper_tail,mia,skip,1.0,-0.0009970089730807485,KXHIGHMIA-26AUG28,,0.995,KXHIGHMIA-26AUG28-T95,0.9990029910269193,0.99,no,price_out_of_range,2026-08-28 17:00:00+00:00,0.010000000000000009,2026-08-28
bounded,nyc,skip,0.66,-0.18957019999766778,KXHIGHNY-26AUG28,12.0,0.655,KXHIGHNY-26AUG28-B80.5,0.47042980000233225,0.65,no,price_out_of_range,2026-08-28 17:00:00+00:00,0.010000000000000009,2026-08-28
bounded,nyc,buy,0.51,0.0890603989311074,KXHIGHNY-26AUG28,12.0,0.505,KXHIGHNY-26AUG28-B82.5,0.5990603989311074,0.5,no,,2026-08-28 17:00:00+00:00,0.010000000000000009,2026-08-28
bounded,nyc,skip,0.88,0.09526631840920197,KXHIGHNY-26AUG28,12.0,0.87,KXHIGHNY-26AUG28-B84.5,0.975266318409202,0.86,no,price_out_of_range,2026-08-28 17:00:00+00:00,0.020000000000000018,2026-08-28
bounded,nyc,skip,1.0,-0.0009980039920159944,KXHIGHNY-26AUG28,12.0,0.995,KXHIGHNY-26AUG28-B86.5,0.999001996007984,0.99,no,price_out_of_range,2026-08-28 17:00:00+00:00,0.010000000000000009,2026-08-28
lower_tail,nyc,skip,1.0,-0.042760509358609755,KXHIGHNY-26AUG28,12.0,0.995,KXHIGHNY-26AUG28-T80,0.9572394906413902,0.99,no,price_out_of_range,2026-08-28 17:00:00+00:00,0.010000000000000009,2026-08-28
upper_tail,nyc,skip,1.0,-0.0009980039920159944,KXHIGHNY-26AUG28,12.0,0.995,KXHIGHNY-26AUG28-T87,0.999001996007984,0.99,no,price_out_of_range,2026-08-28 17:00:00+00:00,0.010000000000000009,2026-08-28
bounded,okc,skip,0.99,-0.10468886550419265,KXHIGHTOKC-26AUG28,11.0,0.98,KXHIGHTOKC-26AUG28-B93.5,0.8853111344958073,0.97,no,price_out_of_range,2026-08-28 17:00:00+00:00,0.020000000000000018,2026-08-28
bounded,okc,skip,0.99,-0.2611700862936728,KXHIGHTOKC-26AUG28,11.0,0.97,KXHIGHTOKC-26AUG28-B95.5,0.7288299137063272,0.95,no,price_out_of_range,2026-08-28 17:00:00+00:00,0.040000000000000036,2026-08-28
bounded,okc,buy,0.64,0.0391138152248478,KXHIGHTOKC-26AUG28,11.0,0.635,KXHIGHTOKC-26AUG28-B97.5,0.6791138152248478,0.63,no,,2026-08-28 17:00:00+00:00,0.010000000000000009,2026-08-28
bounded,okc,buy,0.53,0.2803387825633148,KXHIGHTOKC-26AUG28,11.0,0.5,KXHIGHTOKC-26AUG28-B99.5,0.8103387825633148,0.47,no,,2026-08-28 17:00:00+00:00,0.06000000000000005,2026-08-28
upper_tail,okc,skip,0.91,0.022890820617252894,KXHIGHTOKC-26AUG28,11.0,0.875,KXHIGHTOKC-26AUG28-T100,0.9328908206172529,0.84,no,price_out_of_range,2026-08-28 17:00:00+00:00,0.07000000000000006,2026-08-28
lower_tail,okc,skip,1.0,-0.036484466607550226,KXHIGHTOKC-26AUG28,11.0,0.995,KXHIGHTOKC-26AUG28-T93,0.9635155333924498,0.99,no,price_out_of_range,2026-08-28 17:00:00+00:00,0.010000000000000009,2026-08-28
bounded,aus,skip,0.79,-0.13484330343869222,KXHIGHAUS-26AUG28,,0.775,KXHIGHAUS-26AUG28-B101.5,0.6551566965613078,0.76,no,price_out_of_range,2026-08-28 18:00:00+00:00,0.030000000000000027,2026-08-28
bounded,aus,skip,0.99,-0.006872112848888778,KXHIGHAUS-26AUG28,,0.985,KXHIGHAUS-26AUG28-B103.5,0.9831278871511112,0.98,no,price_out_of_range,2026-08-28 18:00:00+00:00,0.010000000000000009,2026-08-28
bounded,aus,skip,0.92,0.02791891861400353,KXHIGHAUS-26AUG28,,0.905,KXHIGHAUS-26AUG28-B97.5,0.9479189186140036,0.89,no,price_out_of_range,2026-08-28 18:00:00+00:00,0.030000000000000027,2026-08-28
bounded,aus,skip,0.36,0.055792505657609404,KXHIGHAUS-26AUG28,,0.345,KXHIGHAUS-26AUG28-B99.5,0.4157925056576094,0.33,no,price_out_of_range,2026-08-28 18:00:00+00:00,0.02999999999999997,2026-08-28
upper_tail,aus,skip,1.0,-0.0009980039920159944,KXHIGHAUS-26AUG28,,0.995,KXHIGHAUS-26AUG28-T104,0.999001996007984,0.99,no,price_out_of_range,2026-08-28 18:00:00+00:00,0.010000000000000009,2026-08-28
lower_tail,aus,skip,0.98,0.019001996007984023,KXHIGHAUS-26AUG28,,0.96,KXHIGHAUS-26AUG28-T97,0.999001996007984,0.94,no,price_out_of_range,2026-08-28 18:00:00+00:00,0.040000000000000036,2026-08-28
bounded,den,skip,1.0,-0.0009980039920159944,KXHIGHDEN-26AUG28,,0.995,KXHIGHDEN-26AUG28-B90.5,0.999001996007984,0.99,no,price_out_of_range,2026-08-28 18:00:00+00:00,0.010000000000000009,2026-08-28
bounded,den,skip,0.99,-0.05165412356835786,KXHIGHDEN-26AUG28,,0.985,KXHIGHDEN-26AUG28-B92.5,0.9383458764316421,0.98,no,price_out_of_range,2026-08-28 18:00:00+00:00,0.010000000000000009,2026-08-28
bounded,den,buy,0.52,0.10030991092679575,KXHIGHDEN-26AUG28,,0.515,KXHIGHDEN-26AUG28-B94.5,0.6203099109267958,0.51,no,,2026-08-28 18:00:00+00:00,0.010000000000000009,2026-08-28
bounded,den,buy,0.52,0.03151614782417167,KXHIGHDEN-26AUG28,,0.5,KXHIGHDEN-26AUG28-B96.5,0.5515161478241717,0.48,no,,2026-08-28 18:00:00+00:00,0.040000000000000036,2026-08-28
lower_tail,den,skip,1.0,-0.0009980039920159944,KXHIGHDEN-26AUG28,,0.995,KXHIGHDEN-26AUG28-T90,0.999001996007984,0.99,no,price_out_of_range,2026-08-28 18:00:00+00:00,0.010000000000000009,2026-08-28
upper_tail,den,skip,0.99,-0.0981759271985776,KXHIGHDEN-26AUG28,,0.985,KXHIGHDEN-26AUG28-T97,0.8918240728014224,0.98,no,price_out_of_range,2026-08-28 18:00:00+00:00,0.010000000000000009,2026-08-28
bounded,la,skip,1.0,-0.0009970089730807485,KXHIGHLAX-26AUG28,,0.995,KXHIGHLAX-26AUG28-B82.5,0.9990029910269193,0.99,no,price_out_of_range,2026-08-28 18:00:00+00:00,0.010000000000000009,2026-08-28
bounded,la,skip,1.0,-0.0009970089730807485,KXHIGHLAX-26AUG28,,0.995,KXHIGHLAX-26AUG28-B84.5,0.9990029910269193,0.99,no,price_out_of_range,2026-08-28 18:00:00+00:00,0.010000000000000009,2026-08-28
bounded,la,skip,0.82,0.14397822111174097,KXHIGHLAX-26AUG28,,0.8049999999999999,KXHIGHLAX-26AUG28-B86.5,0.9639782211117409,0.79,no,price_out_of_range,2026-08-28 18:00:00+00:00,0.029999999999999916,2026-08-28
bounded,la,skip,0.61,-0.09126214456393622,KXHIGHLAX-26AUG28,,0.585,KXHIGHLAX-26AUG28-B88.5,0.5187378554360638,0.56,no,ev_below_threshold,2026-08-28 18:00:00+00:00,0.04999999999999993,2026-08-28
lower_tail,la,skip,1.0,-0.0009970089730807485,KXHIGHLAX-26AUG28,,0.995,KXHIGHLAX-26AUG28-T82,0.9990029910269193,0.99,no,price_out_of_range,2026-08-28 18:00:00+00:00,0.010000000000000009,2026-08-28
upper_tail,la,skip,0.62,-0.09972504962856255,KXHIGHLAX-26AUG28,,0.6,KXHIGHLAX-26AUG28-T89,0.5202749503714375,0.58,no,ev_below_threshold,2026-08-28 18:00:00+00:00,0.040000000000000036,2026-08-28
bounded,mia,skip,1.0,-0.0009970089730807485,KXHIGHMIA-26AUG28,,0.995,KXHIGHMIA-26AUG28-B88.5,0.9990029910269193,0.99,no,price_out_of_range,2026-08-28 18:00:00+00:00,0.010000000000000009,2026-08-28
bounded,mia,skip,1.0,-0.34139167348470345,KXHIGHMIA-26AUG28,,0.995,KXHIGHMIA-26AUG28-B90.5,0.6586083265152965,0.99,no,price_out_of_range,2026-08-28 18:00:00+00:00,0.010000000000000009,2026-08-28
bounded,mia,skip,0.44,-0.04412941961449418,KXHIGHMIA-26AUG28,,0.41000000000000003,KXHIGHMIA-26AUG28-B92.5,0.3958705803855058,0.38,no,price_out_of_range,2026-08-28 18:00:00+00:00,0.06,2026-08-28
bounded,mia,skip,0.71,0.2385121200184399,KXHIGHMIA-26AUG28,,0.6699999999999999,KXHIGHMIA-26AUG28-B94.5,0.9485121200184399,0.63,no,price_out_of_range,2026-08-28 18:00:00+00:00,0.07999999999999996,2026-08-28
lower_tail,mia,skip,1.0,-0.0009970089730807485,KXHIGHMIA-26AUG28,,0.995,KXHIGHMIA-26AUG28-T88,0.9990029910269193,0.99,no,price_out_of_range,2026-08-28 18:00:00+00:00,0.010000000000000009,2026-08-28
upper_tail,mia,skip,1.0,-0.0009970089730807485,KXHIGHMIA-26AUG28,,0.995,KXHIGHMIA-26AUG28-T95,0.9990029910269193,0.99,no,price_out_of_range,2026-08-28 18:00:00+00:00,0.010000000000000009,2026-08-28
bounded,nyc,skip,1.0,-0.45916079353971795,KXHIGHNY-26AUG28,13.0,0.995,KXHIGHNY-26AUG28-B80.5,0.540839206460282,0.99,no,price_out_of_range,2026-08-28 18:00:00+00:00,0.010000000000000009,2026-08-28
bounded,nyc,skip,0.15,0.3569164470513039,KXHIGHNY-26AUG28,13.0,0.14500000000000002,KXHIGHNY-26AUG28-B82.5,0.5069164470513039,0.14,no,price_out_of_range,2026-08-28 18:00:00+00:00,0.009999999999999981,2026-08-28
bounded,nyc,skip,0.86,0.10308761245937981,KXHIGHNY-26AUG28,13.0,0.845,KXHIGHNY-26AUG28-B84.5,0.9630876124593798,0.83,no,price_out_of_range,2026-08-28 18:00:00+00:00,0.030000000000000027,2026-08-28
bounded,nyc,skip,1.0,-0.0009980039920159944,KXHIGHNY-26AUG28,13.0,0.995,KXHIGHNY-26AUG28-B86.5,0.999001996007984,0.99,no,price_out_of_range,2026-08-28 18:00:00+00:00,0.010000000000000009,2026-08-28
lower_tail,nyc,skip,1.0,-0.008847257986933865,KXHIGHNY-26AUG28,13.0,0.995,KXHIGHNY-26AUG28-T80,0.9911527420130661,0.99,no,price_out_of_range,2026-08-28 18:00:00+00:00,0.010000000000000009,2026-08-28
upper_tail,nyc,skip,1.0,-0.0009980039920159944,KXHIGHNY-26AUG28,13.0,0.995,KXHIGHNY-26AUG28-T87,0.999001996007984,0.99,no,price_out_of_range,2026-08-28 18:00:00+00:00,0.010000000000000009,2026-08-28
bounded,okc,skip,1.0,-0.03874230853778482,KXHIGHTOKC-26AUG28,12.0,0.995,KXHIGHTOKC-26AUG28-B93.5,0.9612576914622152,0.99,no,price_out_of_range,2026-08-28 18:00:00+00:00,0.010000000000000009,2026-08-28
bounded,okc,skip,1.0,-0.2728929205046454,KXHIGHTOKC-26AUG28,12.0,0.99,KXHIGHTOKC-26AUG28-B95.5,0.7271070794953546,0.98,no,price_out_of_range,2026-08-28 18:00:00+00:00,0.020000000000000018,2026-08-28
bounded,okc,buy,0.58,0.0657126230387215,KXHIGHTOKC-26AUG28,12.0,0.5700000000000001,KXHIGHTOKC-26AUG28-B97.5,0.6457126230387215,0.56,no,,2026-08-28 18:00:00+00:00,0.019999999999999907,2026-08-28
bounded,okc,skip,0.42,0.3346438354516144,KXHIGHTOKC-26AUG28,12.0,0.415,KXHIGHTOKC-26AUG28-B99.5,0.7546438354516144,0.41,no,price_out_of_range,2026-08-28 18:00:00+00:00,0.010000000000000009,2026-08-28
upper_tail,okc,skip,0.98,-0.06772222844890463,KXHIGHTOKC-26AUG28,12.0,0.9550000000000001,KXHIGHTOKC-26AUG28-T100,0.9122777715510954,0.93,no,price_out_of_range,2026-08-28 18:00:00+00:00,0.04999999999999993,2026-08-28
lower_tail,okc,skip,1.0,-0.0009990009990009652,KXHIGHTOKC-26AUG28,12.0,0.995,KXHIGHTOKC-26AUG28-T93,0.999000999000999,0.99,no,price_out_of_range,2026-08-28 18:00:00+00:00,0.010000000000000009,2026-08-28
bounded,aus,skip,0.79,-0.050686471517451204,KXHIGHAUS-26AUG28,,0.755,KXHIGHAUS-26AUG28-B101.5,0.7393135284825488,0.72,no,price_out_of_range,2026-08-28 19:00:00+00:00,0.07000000000000006,2026-08-28
bounded,aus,skip,1.0,-0.005078023983851931,KXHIGHAUS-26AUG28,,0.995,KXHIGHAUS-26AUG28-B103.5,0.9949219760161481,0.99,no,price_out_of_range,2026-08-28 19:00:00+00:00,0.010000000000000009,2026-08-28
bounded,aus,skip,0.97,-0.057712442603600866,KXHIGHAUS-26AUG28,,0.95,KXHIGHAUS-26AUG28-B97.5,0.9122875573963991,0.93,no,price_out_of_range,2026-08-28 19:00:00+00:00,0.039999999999999925,2026-08-28
bounded,aus,skip,0.36,-0.004527053911064116,KXHIGHAUS-26AUG28,,0.33499999999999996,KXHIGHAUS-26AUG28-B99.5,0.35547294608893587,0.31,no,price_out_of_range,2026-08-28 19:00:00+00:00,0.04999999999999999,2026-08-28
upper_tail,aus,skip,1.0,-0.0009980039920159944,KXHIGHAUS-26AUG28,,0.995,KXHIGHAUS-26AUG28-T104,0.999001996007984,0.99,no,price_out_of_range,2026-08-28 19:00:00+00:00,0.010000000000000009,2026-08-28
lower_tail,aus,skip,1.0,-0.0009980039920159944,KXHIGHAUS-26AUG28,,0.995,KXHIGHAUS-26AUG28-T97,0.999001996007984,0.99,no,price_out_of_range,2026-08-28 19:00:00+00:00,0.010000000000000009,2026-08-28
bounded,den,skip,1.0,-0.0009980039920159944,KXHIGHDEN-26AUG28,,0.995,KXHIGHDEN-26AUG28-B90.5,0.999001996007984,0.99,no,price_out_of_range,2026-08-28 19:00:00+00:00,0.010000000000000009,2026-08-28
bounded,den,skip,0.99,-0.018589850487697568,KXHIGHDEN-26AUG28,,0.975,KXHIGHDEN-26AUG28-B92.5,0.9714101495123024,0.96,no,price_out_of_range,2026-08-28 19:00:00+00:00,0.030000000000000027,2026-08-28
bounded,den,skip,0.45,0.2257875183170836,KXHIGHDEN-26AUG28,,0.405,KXHIGHDEN-26AUG28-B94.5,0.6757875183170836,0.36,no,price_out_of_range,2026-08-28 19:00:00+00:00,0.09000000000000002,2026-08-28
bounded,den,skip,0.75,-0.3011001383624954,KXHIGHDEN-26AUG28,,0.74,KXHIGHDEN-26AUG28-B96.5,0.4488998616375046,0.73,no,price_out_of_range,2026-08-28 19:00:00+00:00,0.020000000000000018,2026-08-28
lower_tail,den,skip,1.0,-0.0009980039920159944,KXHIGHDEN-26AUG28,,0.995,KXHIGHDEN-26AUG28-T90,0.999001996007984,0.99,no,price_out_of_range,2026-08-28 19:00:00+00:00,0.010000000000000009,2026-08-28
upper_tail,den,skip,0.98,-0.07410152148285865,KXHIGHDEN-26AUG28,,0.975,KXHIGHDEN-26AUG28-T97,0.9058984785171413,0.97,no,price_out_of_range,2026-08-28 19:00:00+00:00,0.010000000000000009,2026-08-28
bounded,la,skip,1.0,-0.0009970089730807485,KXHIGHLAX-26AUG28,,0.995,KXHIGHLAX-26AUG28-B82.5,0.9990029910269193,0.99,no,price_out_of_range,2026-08-28 19:00:00+00:00,0.010000000000000009,2026-08-28
bounded,la,skip,1.0,-0.0009970089730807485,KXHIGHLAX-26AUG28,,0.995,KXHIGHLAX-26AUG28-B84.5,0.9990029910269193,0.99,no,price_out_of_range,2026-08-28 19:00:00+00:00,0.010000000000000009,2026-08-28
bounded,la,buy,0.5,0.45949646885207573,KXHIGHLAX-26AUG28,,0.49,KXHIGHLAX-26AUG28-B86.5,0.9594964688520757,0.48,no,,2026-08-28 19:00:00+00:00,0.020000000000000018,2026-08-28
bounded,la,skip,0.7,-0.21324172992617618,KXHIGHLAX-26AUG28,,0.695,KXHIGHLAX-26AUG28-B88.5,0.4867582700738238,0.69,no,price_out_of_range,2026-08-28 19:00:00+00:00,0.010000000000000009,2026-08-28
lower_tail,la,skip,1.0,-0.0009970089730807485,KXHIGHLAX-26AUG28,,0.995,KXHIGHLAX-26AUG28-T82,0.9990029910269193,0.99,no,price_out_of_range,2026-08-28 19:00:00+00:00,0.010000000000000009,2026-08-28
upper_tail,la,skip,0.84,-0.28326371200665723,KXHIGHLAX-26AUG28,,0.83,KXHIGHLAX-26AUG28-T89,0.5567362879933427,0.82,no,price_out_of_range,2026-08-28 19:00:00+00:00,0.020000000000000018,2026-08-28
bounded,mia,skip,1.0,-0.0009970089730807485,KXHIGHMIA-26AUG28,,0.995,KXHIGHMIA-26AUG28-B88.5,0.9990029910269193,0.99,no,price_out_of_range,2026-08-28 19:00:00+00:00,0.010000000000000009,2026-08-28
bounded,mia,skip,1.0,-0.0009970089730807485,KXHIGHMIA-26AUG28,,0.995,KXHIGHMIA-26AUG28-B90.5,0.9990029910269193,0.99,no,price_out_of_range,2026-08-28 19:00:00+00:00,0.010000000000000009,2026-08-28
bounded,mia,skip,0.22,0.27301712515281706,KXHIGHMIA-26AUG28,,0.195,KXHIGHMIA-26AUG28-B92.5,0.49301712515281704,0.17,no,price_out_of_range,2026-08-28 19:00:00+00:00,0.04999999999999999,2026-08-28
bounded,mia,skip,0.83,-0.2908599121956773,KXHIGHMIA-26AUG28,,0.7949999999999999,KXHIGHMIA-26AUG28-B94.5,0.5391400878043227,0.76,no,price_out_of_range,2026-08-28 19:00:00+00:00,0.06999999999999995,2026-08-28
lower_tail,mia,skip,1.0,-0.0009970089730807485,KXHIGHMIA-26AUG28,,0.995,KXHIGHMIA-26AUG28-T88,0.9990029910269193,0.99,no,price_out_of_range,2026-08-28 19:00:00+00:00,0.010000000000000009,2026-08-28
upper_tail,mia,skip,1.0,-0.029166186037897557,KXHIGHMIA-26AUG28,,0.995,KXHIGHMIA-26AUG28-T95,0.9708338139621024,0.99,no,price_out_of_range,2026-08-28 19:00:00+00:00,0.010000000000000009,2026-08-28
bounded,nyc,skip,1.0,-0.26205936306339417,KXHIGHNY-26AUG28,14.0,0.995,KXHIGHNY-26AUG28-B80.5,0.7379406369366058,0.99,no,price_out_of_range,2026-08-28 19:00:00+00:00,0.010000000000000009,2026-08-28
bounded,nyc,skip,0.22,0.12426757386668139,KXHIGHNY-26AUG28,14.0,0.21000000000000002,KXHIGHNY-26AUG28-B82.5,0.3442675738666814,0.2,no,price_out_of_range,2026-08-28 19:00:00+00:00,0.01999999999999999,2026-08-28
bounded,nyc,skip,0.8,0.12078281611595498,KXHIGHNY-26AUG28,14.0,0.795,KXHIGHNY-26AUG28-B84.5,0.920782816115955,0.79,no,price_out_of_range,2026-08-28 19:00:00+00:00,0.010000000000000009,2026-08-28
bounded,nyc,skip,1.0,-0.0009970089730807485,KXHIGHNY-26AUG28,14.0,0.995,KXHIGHNY-26AUG28-B86.5,0.9990029910269193,0.99,no,price_out_of_range,2026-08-28 19:00:00+00:00,0.010000000000000009,2026-08-28
lower_tail,nyc,skip,1.0,-0.0009970089730807485,KXHIGHNY-26AUG28,14.0,0.995,KXHIGHNY-26AUG28-T80,0.9990029910269193,0.99,no,price_out_of_range,2026-08-28 19:00:00+00:00,0.010000000000000009,2026-08-28
upper_tail,nyc,skip,1.0,-0.0009970089730807485,KXHIGHNY-26AUG28,14.0,0.995,KXHIGHNY-26AUG28-T87,0.9990029910269193,0.99,no,price_out_of_range,2026-08-28 19:00:00+00:00,0.010000000000000009,2026-08-28
bounded,okc,skip,1.0,-0.0009980039920159944,KXHIGHTOKC-26AUG28,13.0,0.995,KXHIGHTOKC-26AUG28-B93.5,0.999001996007984,0.99,no,price_out_of_range,2026-08-28 19:00:00+00:00,0.010000000000000009,2026-08-28
bounded,okc,skip,1.0,-0.1814026302613988,KXHIGHTOKC-26AUG28,13.0,0.995,KXHIGHTOKC-26AUG28-B95.5,0.8185973697386012,0.99,no,price_out_of_range,2026-08-28 19:00:00+00:00,0.010000000000000009,2026-08-28
bounded,okc,skip,0.81,-0.21685382755177485,KXHIGHTOKC-26AUG28,13.0,0.79,KXHIGHTOKC-26AUG28-B97.5,0.5931461724482252,0.77,no,price_out_of_range,2026-08-28 19:00:00+00:00,0.040000000000000036,2026-08-28
bounded,okc,skip,0.37,0.32008052236417905,KXHIGHTOKC-26AUG28,13.0,0.325,KXHIGHTOKC-26AUG28-B99.5,0.690080522364179,0.28,no,price_out_of_range,2026-08-28 19:00:00+00:00,0.08999999999999997,2026-08-28
upper_tail,okc,skip,0.87,0.030171943433026427,KXHIGHTOKC-26AUG28,13.0,0.845,KXHIGHTOKC-26AUG28-T100,0.9001719434330264,0.82,no,price_out_of_range,2026-08-28 19:00:00+00:00,0.050000000000000044,2026-08-28
lower_tail,okc,skip,1.0,-0.0009980039920159944,KXHIGHTOKC-26AUG28,13.0,0.995,KXHIGHTOKC-26AUG28-T93,0.999001996007984,0.99,no,price_out_of_range,2026-08-28 19:00:00+00:00,0.010000000000000009,2026-08-28
bounded,aus,skip,0.86,-0.1837483734502675,KXHIGHAUS-26AUG28,,0.8300000000000001,KXHIGHAUS-26AUG28-B101.5,0.6762516265497325,0.8,no,price_out_of_range,2026-08-28 20:00:00+00:00,0.05999999999999994,2026-08-28
bounded,aus,skip,1.0,-0.01310274706836867,KXHIGHAUS-26AUG28,,0.99,KXHIGHAUS-26AUG28-B103.5,0.9868972529316313,0.98,no,price_out_of_range,2026-08-28 20:00:00+00:00,0.020000000000000018,2026-08-28
bounded,aus,skip,0.9,0.05966298718002383,KXHIGHAUS-26AUG28,,0.885,KXHIGHAUS-26AUG28-B97.5,0.9596629871800239,0.87,no,price_out_of_range,2026-08-28 20:00:00+00:00,0.030000000000000027,2026-08-28
bounded,aus,skip,0.38,-0.0008158586773557852,KXHIGHAUS-26AUG28,,0.33499999999999996,KXHIGHAUS-26AUG28-B99.5,0.3791841413226442,0.29,no,price_out_of_range,2026-08-28 20:00:00+00:00,0.09000000000000002,2026-08-28
upper_tail,aus,skip,1.0,-0.0009980039920159944,KXHIGHAUS-26AUG28,,0.995,KXHIGHAUS-26AUG28-T104,0.999001996007984,0.99,no,price_out_of_range,2026-08-28 20:00:00+00:00,0.010000000000000009,2026-08-28
lower_tail,aus,skip,1.0,-0.0009980039920159944,KXHIGHAUS-26AUG28,,0.995,KXHIGHAUS-26AUG28-T97,0.999001996007984,0.99,no,price_out_of_range,2026-08-28 20:00:00+00:00,0.010000000000000009,2026-08-28
bounded,den,skip,1.0,-0.0009970089730807485,KXHIGHDEN-26AUG28,,0.995,KXHIGHDEN-26AUG28-B90.5,0.9990029910269193,0.99,no,price_out_of_range,2026-08-28 20:00:00+00:00,0.010000000000000009,2026-08-28
bounded,den,skip,0.99,0.00900299102691926,KXHIGHDEN-26AUG28,,0.965,KXHIGHDEN-26AUG28-B92.5,0.9990029910269193,0.94,no,price_out_of_range,2026-08-28 20:00:00+00:00,0.050000000000000044,2026-08-28
bounded,den,skip,0.36,0.44391397924453335,KXHIGHDEN-26AUG28,,0.33499999999999996,KXHIGHDEN-26AUG28-B94.5,0.8039139792445333,0.31,no,price_out_of_range,2026-08-28 20:00:00+00:00,0.04999999999999999,2026-08-28
bounded,den,skip,0.79,-0.4254871037473844,KXHIGHDEN-26AUG28,,0.77,KXHIGHDEN-26AUG28-B96.5,0.3645128962526156,0.75,no,price_out_of_range,2026-08-28 20:00:00+00:00,0.040000000000000036,2026-08-28
lower_tail,den,skip,1.0,-0.0009970089730807485,KXHIGHDEN-26AUG28,,0.995,KXHIGHDEN-26AUG28-T90,0.9990029910269193,0.99,no,price_out_of_range,2026-08-28 20:00:00+00:00,0.010000000000000009,2026-08-28
upper_tail,den,skip,0.99,-0.15543584857790682,KXHIGHDEN-26AUG28,,0.985,KXHIGHDEN-26AUG28-T97,0.8345641514220932,0.98,no,price_out_of_range,2026-08-28 20:00:00+00:00,0.010000000000000009,2026-08-28
bounded,la,skip,1.0,-0.0009970089730807485,KXHIGHLAX-26AUG28,,0.995,KXHIGHLAX-26AUG28-B82.5,0.9990029910269193,0.99,no,price_out_of_range,2026-08-28 20:00:00+00:00,0.010000000000000009,2026-08-28
bounded,la,skip,1.0,-0.0009970089730807485,KXHIGHLAX-26AUG28,,0.995,KXHIGHLAX-26AUG28-B84.5,0.9990029910269193,0.99,no,price_out_of_range,2026-08-28 20:00:00+00:00,0.010000000000000009,2026-08-28
bounded,la,skip,0.14,0.7663159410826795,KXHIGHLAX-26AUG28,,0.13,KXHIGHLAX-26AUG28-B86.5,0.9063159410826795,0.12,no,price_out_of_range,2026-08-28 20:00:00+00:00,0.020000000000000018,2026-08-28
bounded,la,skip,0.91,-0.5641185955886426,KXHIGHLAX-26AUG28,,0.9,KXHIGHLAX-26AUG28-B88.5,0.3458814044113574,0.89,no,price_out_of_range,2026-08-28 20:00:00+00:00,0.020000000000000018,2026-08-28
lower_tail,la,skip,1.0,-0.0009970089730807485,KXHIGHLAX-26AUG28,,0.995,KXHIGHLAX-26AUG28-T82,0.9990029910269193,0.99,no,price_out_of_range,2026-08-28 20:00:00+00:00,0.010000000000000009,2026-08-28
upper_tail,la,skip,0.96,-0.20920631857479477,KXHIGHLAX-26AUG28,,0.955,KXHIGHLAX-26AUG28-T89,0.7507936814252052,0.95,no,price_out_of_range,2026-08-28 20:00:00+00:00,0.010000000000000009,2026-08-28
bounded,mia,skip,1.0,-0.0009970089730807485,KXHIGHMIA-26AUG28,,0.995,KXHIGHMIA-26AUG28-B88.5,0.9990029910269193,0.99,no,price_out_of_range,2026-08-28 20:00:00+00:00,0.010000000000000009,2026-08-28
bounded,mia,skip,1.0,-0.0009970089730807485,KXHIGHMIA-26AUG28,,0.995,KXHIGHMIA-26AUG28-B90.5,0.9990029910269193,0.99,no,price_out_of_range,2026-08-28 20:00:00+00:00,0.010000000000000009,2026-08-28
bounded,mia,skip,0.14,0.3187887264925372,KXHIGHMIA-26AUG28,,0.11000000000000001,KXHIGHMIA-26AUG28-B92.5,0.4587887264925372,0.08,no,price_out_of_range,2026-08-28 20:00:00+00:00,0.06000000000000001,2026-08-28
bounded,mia,skip,0.93,-0.3612455016748034,KXHIGHMIA-26AUG28,,0.9,KXHIGHMIA-26AUG28-B94.5,0.5687544983251966,0.87,no,price_out_of_range,2026-08-28 20:00:00+00:00,0.06000000000000005,2026-08-28
lower_tail,mia,skip,1.0,-0.0009970089730807485,KXHIGHMIA-26AUG28,,0.995,KXHIGHMIA-26AUG28-T88,0.9990029910269193,0.99,no,price_out_of_range,2026-08-28 20:00:00+00:00,0.010000000000000009,2026-08-28
upper_tail,mia,skip,1.0,-0.024552197898491723,KXHIGHMIA-26AUG28,,0.995,KXHIGHMIA-26AUG28-T95,0.9754478021015083,0.99,no,price_out_of_range,2026-08-28 20:00:00+00:00,0.010000000000000009,2026-08-28
bounded,nyc,skip,1.0,-0.26205936306339417,KXHIGHNY-26AUG28,15.0,0.995,KXHIGHNY-26AUG28-B80.5,0.7379406369366058,0.99,no,price_out_of_range,2026-08-28 20:00:00+00:00,0.010000000000000009,2026-08-28
bounded,nyc,skip,0.17,0.17426757386668137,KXHIGHNY-26AUG28,15.0,0.16,KXHIGHNY-26AUG28-B82.5,0.3442675738666814,0.15,no,price_out_of_range,2026-08-28 20:00:00+00:00,0.020000000000000018,2026-08-28
bounded,nyc,skip,0.85,0.07078281611595505,KXHIGHNY-26AUG28,15.0,0.835,KXHIGHNY-26AUG28-B84.5,0.920782816115955,0.82,no,price_out_of_range,2026-08-28 20:00:00+00:00,0.030000000000000027,2026-08-28
bounded,nyc,skip,1.0,-0.0009970089730807485,KXHIGHNY-26AUG28,15.0,0.99,KXHIGHNY-26AUG28-B86.5,0.9990029910269193,0.98,no,price_out_of_range,2026-08-28 20:00:00+00:00,0.020000000000000018,2026-08-28
lower_tail,nyc,skip,1.0,-0.0009970089730807485,KXHIGHNY-26AUG28,15.0,0.995,KXHIGHNY-26AUG28-T80,0.9990029910269193,0.99,no,price_out_of_range,2026-08-28 20:00:00+00:00,0.010000000000000009,2026-08-28
upper_tail,nyc,skip,1.0,-0.0009970089730807485,KXHIGHNY-26AUG28,15.0,0.995,KXHIGHNY-26AUG28-T87,0.9990029910269193,0.99,no,price_out_of_range,2026-08-28 20:00:00+00:00,0.010000000000000009,2026-08-28
bounded,okc,skip,1.0,-0.0009970089730807485,KXHIGHTOKC-26AUG28,14.0,0.995,KXHIGHTOKC-26AUG28-B93.5,0.9990029910269193,0.99,no,price_out_of_range,2026-08-28 20:00:00+00:00,0.010000000000000009,2026-08-28
bounded,okc,skip,1.0,-0.0009970089730807485,KXHIGHTOKC-26AUG28,14.0,0.995,KXHIGHTOKC-26AUG28-B95.5,0.9990029910269193,0.99,no,price_out_of_range,2026-08-28 20:00:00+00:00,0.010000000000000009,2026-08-28
bounded,okc,skip,0.93,-0.04635809309360972,KXHIGHTOKC-26AUG28,14.0,0.895,KXHIGHTOKC-26AUG28-B97.5,0.8836419069063903,0.86,no,price_out_of_range,2026-08-28 20:00:00+00:00,0.07000000000000006,2026-08-28
bounded,okc,skip,0.26,0.04804159682628417,KXHIGHTOKC-26AUG28,14.0,0.24,KXHIGHTOKC-26AUG28-B99.5,0.3080415968262842,0.22,no,price_out_of_range,2026-08-28 20:00:00+00:00,0.04000000000000001,2026-08-28
upper_tail,okc,skip,0.86,-0.04869247681343225,KXHIGHTOKC-26AUG28,14.0,0.835,KXHIGHTOKC-26AUG28-T100,0.8113075231865677,0.81,no,price_out_of_range,2026-08-28 20:00:00+00:00,0.04999999999999993,2026-08-28
lower_tail,okc,skip,1.0,-0.0009970089730807485,KXHIGHTOKC-26AUG28,14.0,0.995,KXHIGHTOKC-26AUG28-T93,0.9990029910269193,0.99,no,price_out_of_range,2026-08-28 20:00:00+00:00,0.010000000000000009,2026-08-28
bounded,aus,skip,0.68,-0.30657501666940246,KXHIGHAUS-26AUG28,,0.66,KXHIGHAUS-26AUG28-B101.5,0.3734249833305976,0.64,no,price_out_of_range,2026-08-28 21:00:00+00:00,0.040000000000000036,2026-08-28
bounded,aus,skip,1.0,-0.06199361335058318,KXHIGHAUS-26AUG28,,0.995,KXHIGHAUS-26AUG28-B103.5,0.9380063866494168,0.99,no,price_out_of_range,2026-08-28 21:00:00+00:00,0.010000000000000009,2026-08-28
bounded,aus,skip,1.0,-0.0009970089730807485,KXHIGHAUS-26AUG28,,0.995,KXHIGHAUS-26AUG28-B97.5,0.9990029910269193,0.99,no,price_out_of_range,2026-08-28 21:00:00+00:00,0.010000000000000009,2026-08-28
bounded,aus,skip,0.35,0.34155965693922774,KXHIGHAUS-26AUG28,,0.33999999999999997,KXHIGHAUS-26AUG28-B99.5,0.6915596569392277,0.33,no,price_out_of_range,2026-08-28 21:00:00+00:00,0.019999999999999962,2026-08-28
upper_tail,aus,skip,1.0,-0.0009970089730807485,KXHIGHAUS-26AUG28,,0.995,KXHIGHAUS-26AUG28-T104,0.9990029910269193,0.99,no,price_out_of_range,2026-08-28 21:00:00+00:00,0.010000000000000009,2026-08-28
lower_tail,aus,skip,1.0,-0.0009970089730807485,KXHIGHAUS-26AUG28,,0.995,KXHIGHAUS-26AUG28-T97,0.9990029910269193,0.99,no,price_out_of_range,2026-08-28 21:00:00+00:00,0.010000000000000009,2026-08-28
bounded,den,skip,1.0,-0.0009980039920159944,KXHIGHDEN-26AUG28,,0.995,KXHIGHDEN-26AUG28-B90.5,0.999001996007984,0.99,no,price_out_of_range,2026-08-28 21:00:00+00:00,0.010000000000000009,2026-08-28
bounded,den,skip,1.0,-0.006642978143020284,KXHIGHDEN-26AUG28,,0.995,KXHIGHDEN-26AUG28-B92.5,0.9933570218569797,0.99,no,price_out_of_range,2026-08-28 21:00:00+00:00,0.010000000000000009,2026-08-28
bounded,den,skip,0.23,0.498146783374497,KXHIGHDEN-26AUG28,,0.20500000000000002,KXHIGHDEN-26AUG28-B94.5,0.728146783374497,0.18,no,price_out_of_range,2026-08-28 21:00:00+00:00,0.05000000000000002,2026-08-28
bounded,den,skip,0.8,-0.43652326941304864,KXHIGHDEN-26AUG28,,0.785,KXHIGHDEN-26AUG28-B96.5,0.3634767305869514,0.77,no,price_out_of_range,2026-08-28 21:00:00+00:00,0.030000000000000027,2026-08-28
lower_tail,den,skip,1.0,-0.0009980039920159944,KXHIGHDEN-26AUG28,,0.995,KXHIGHDEN-26AUG28-T90,0.999001996007984,0.99,no,price_out_of_range,2026-08-28 21:00:00+00:00,0.010000000000000009,2026-08-28
upper_tail,den,skip,0.99,-0.07298452783439613,KXHIGHDEN-26AUG28,,0.985,KXHIGHDEN-26AUG28-T97,0.9170154721656039,0.98,no,price_out_of_range,2026-08-28 21:00:00+00:00,0.010000000000000009,2026-08-28
bounded,la,skip,1.0,-0.0009970089730807485,KXHIGHLAX-26AUG28,,0.995,KXHIGHLAX-26AUG28-B82.5,0.9990029910269193,0.99,no,price_out_of_range,2026-08-28 21:00:00+00:00,0.010000000000000009,2026-08-28
bounded,la,skip,1.0,-0.0009970089730807485,KXHIGHLAX-26AUG28,,0.995,KXHIGHLAX-26AUG28-B84.5,0.9990029910269193,0.99,no,price_out_of_range,2026-08-28 21:00:00+00:00,0.010000000000000009,2026-08-28
bounded,la,skip,0.08,0.8587455145566448,KXHIGHLAX-26AUG28,,0.07,KXHIGHLAX-26AUG28-B86.5,0.9387455145566448,0.06,no,price_out_of_range,2026-08-28 21:00:00+00:00,0.020000000000000004,2026-08-28
bounded,la,skip,0.97,-0.5692423944702107,KXHIGHLAX-26AUG28,,0.9450000000000001,KXHIGHLAX-26AUG28-B88.5,0.40075760552978923,0.92,no,price_out_of_range,2026-08-28 21:00:00+00:00,0.04999999999999993,2026-08-28
lower_tail,la,skip,1.0,-0.0009970089730807485,KXHIGHLAX-26AUG28,,0.995,KXHIGHLAX-26AUG28-T82,0.9990029910269193,0.99,no,price_out_of_range,2026-08-28 21:00:00+00:00,0.010000000000000009,2026-08-28
upper_tail,la,skip,1.0,-0.3365120931671918,KXHIGHLAX-26AUG28,,0.995,KXHIGHLAX-26AUG28-T89,0.6634879068328082,0.99,no,price_out_of_range,2026-08-28 21:00:00+00:00,0.010000000000000009,2026-08-28
bounded,mia,skip,1.0,-0.0009970089730807485,KXHIGHMIA-26AUG28,,0.995,KXHIGHMIA-26AUG28-B88.5,0.9990029910269193,0.99,no,price_out_of_range,2026-08-28 21:00:00+00:00,0.010000000000000009,2026-08-28
bounded,mia,skip,1.0,-0.0009970089730807485,KXHIGHMIA-26AUG28,,0.995,KXHIGHMIA-26AUG28-B90.5,0.9990029910269193,0.99,no,price_out_of_range,2026-08-28 21:00:00+00:00,0.010000000000000009,2026-08-28
bounded,mia,skip,0.01,0.4319908242953533,KXHIGHMIA-26AUG28,,0.005,KXHIGHMIA-26AUG28-B92.5,0.4419908242953533,0.0,no,price_out_of_range,2026-08-28 21:00:00+00:00,0.01,2026-08-28
bounded,mia,skip,1.0,-0.4167119566937997,KXHIGHMIA-26AUG28,,0.995,KXHIGHMIA-26AUG28-B94.5,0.5832880433062003,0.99,no,price_out_of_range,2026-08-28 21:00:00+00:00,0.010000000000000009,2026-08-28
lower_tail,mia,skip,1.0,-0.0009970089730807485,KXHIGHMIA-26AUG28,,0.995,KXHIGHMIA-26AUG28-T88,0.9990029910269193,0.99,no,price_out_of_range,2026-08-28 21:00:00+00:00,0.010000000000000009,2026-08-28
upper_tail,mia,skip,1.0,-0.02228784068231149,KXHIGHMIA-26AUG28,,0.995,KXHIGHMIA-26AUG28-T95,0.9777121593176885,0.99,no,price_out_of_range,2026-08-28 21:00:00+00:00,0.010000000000000009,2026-08-28
bounded,nyc,skip,1.0,-0.2330339185935696,KXHIGHNY-26AUG28,16.0,0.995,KXHIGHNY-26AUG28-B80.5,0.7669660814064304,0.99,no,price_out_of_range,2026-08-28 21:00:00+00:00,0.010000000000000009,2026-08-28
bounded,nyc,skip,1.0,-0.6739792757972688,KXHIGHNY-26AUG28,16.0,0.995,KXHIGHNY-26AUG28-B82.5,0.3260207242027312,0.99,no,price_out_of_range,2026-08-28 21:00:00+00:00,0.010000000000000009,2026-08-28
bounded,nyc,skip,0.01,0.9000042213100807,KXHIGHNY-26AUG28,16.0,0.005,KXHIGHNY-26AUG28-B84.5,0.9100042213100807,0.0,no,price_out_of_range,2026-08-28 21:00:00+00:00,0.01,2026-08-28
bounded,nyc,skip,1.0,-0.0009970089730807485,KXHIGHNY-26AUG28,16.0,0.995,KXHIGHNY-26AUG28-B86.5,0.9990029910269193,0.99,no,price_out_of_range,2026-08-28 21:00:00+00:00,0.010000000000000009,2026-08-28
lower_tail,nyc,skip,1.0,-0.0009970089730807485,KXHIGHNY-26AUG28,16.0,0.995,KXHIGHNY-26AUG28-T80,0.9990029910269193,0.99,no,price_out_of_range,2026-08-28 21:00:00+00:00,0.010000000000000009,2026-08-28
upper_tail,nyc,skip,1.0,-0.0009970089730807485,KXHIGHNY-26AUG28,16.0,0.995,KXHIGHNY-26AUG28-T87,0.9990029910269193,0.99,no,price_out_of_range,2026-08-28 21:00:00+00:00,0.010000000000000009,2026-08-28
bounded,okc,skip,1.0,-0.0009970089730807485,KXHIGHTOKC-26AUG28,15.0,0.995,KXHIGHTOKC-26AUG28-B93.5,0.9990029910269193,0.99,no,price_out_of_range,2026-08-28 21:00:00+00:00,0.010000000000000009,2026-08-28
bounded,okc,skip,1.0,-0.0009970089730807485,KXHIGHTOKC-26AUG28,15.0,0.995,KXHIGHTOKC-26AUG28-B95.5,0.9990029910269193,0.99,no,price_out_of_range,2026-08-28 21:00:00+00:00,0.010000000000000009,2026-08-28
bounded,okc,skip,1.0,-0.23148064722703365,KXHIGHTOKC-26AUG28,15.0,0.995,KXHIGHTOKC-26AUG28-B97.5,0.7685193527729663,0.99,no,price_out_of_range,2026-08-28 21:00:00+00:00,0.010000000000000009,2026-08-28
bounded,okc,skip,0.18,0.14504425994420916,KXHIGHTOKC-26AUG28,15.0,0.175,KXHIGHTOKC-26AUG28-B99.5,0.32504425994420916,0.17,no,price_out_of_range,2026-08-28 21:00:00+00:00,0.009999999999999981,2026-08-28
upper_tail,okc,skip,0.81,0.0994274142020668,KXHIGHTOKC-26AUG28,15.0,0.8,KXHIGHTOKC-26AUG28-T100,0.9094274142020669,0.79,no,price_out_of_range,2026-08-28 21:00:00+00:00,0.020000000000000018,2026-08-28
lower_tail,okc,skip,1.0,-0.0009970089730807485,KXHIGHTOKC-26AUG28,15.0,0.995,KXHIGHTOKC-26AUG28-T93,0.9990029910269193,0.99,no,price_out_of_range,2026-08-28 21:00:00+00:00,0.010000000000000009,2026-08-28
bounded,aus,skip,0.18,0.29530914882392906,KXHIGHAUS-26AUG28,,0.095,KXHIGHAUS-26AUG28-B101.5,0.47530914882392905,0.01,no,spread_too_wide,2026-08-28 22:00:00+00:00,0.16999999999999998,2026-08-28
bounded,aus,skip,1.0,-0.03911118207876352,KXHIGHAUS-26AUG28,,0.96,KXHIGHAUS-26AUG28-B103.5,0.9608888179212365,0.92,no,price_out_of_range,2026-08-28 22:00:00+00:00,0.07999999999999996,2026-08-28
bounded,aus,skip,1.0,-0.0009970089730807485,KXHIGHAUS-26AUG28,,0.995,KXHIGHAUS-26AUG28-B97.5,0.9990029910269193,0.99,no,price_out_of_range,2026-08-28 22:00:00+00:00,0.010000000000000009,2026-08-28
bounded,aus,skip,1.0,-0.4332069398259233,KXHIGHAUS-26AUG28,,0.995,KXHIGHAUS-26AUG28-B99.5,0.5667930601740767,0.99,no,price_out_of_range,2026-08-28 22:00:00+00:00,0.010000000000000009,2026-08-28
upper_tail,aus,skip,1.0,-0.0009970089730807485,KXHIGHAUS-26AUG28,,0.995,KXHIGHAUS-26AUG28-T104,0.9990029910269193,0.99,no,price_out_of_range,2026-08-28 22:00:00+00:00,0.010000000000000009,2026-08-28
lower_tail,aus,skip,1.0,-0.0009970089730807485,KXHIGHAUS-26AUG28,,0.995,KXHIGHAUS-26AUG28-T97,0.9990029910269193,0.99,no,price_out_of_range,2026-08-28 22:00:00+00:00,0.010000000000000009,2026-08-28
bounded,den,skip,1.0,-0.0009970089730807485,KXHIGHDEN-26AUG28,,0.995,KXHIGHDEN-26AUG28-B90.5,0.9990029910269193,0.99,no,price_out_of_range,2026-08-28 22:00:00+00:00,0.010000000000000009,2026-08-28
bounded,den,skip,1.0,-0.0009970089730807485,KXHIGHDEN-26AUG28,,0.995,KXHIGHDEN-26AUG28-B92.5,0.9990029910269193,0.99,no,price_out_of_range,2026-08-28 22:00:00+00:00,0.010000000000000009,2026-08-28
bounded,den,skip,0.12,0.6609772708642795,KXHIGHDEN-26AUG28,,0.105,KXHIGHDEN-26AUG28-B94.5,0.7809772708642795,0.09,no,price_out_of_range,2026-08-28 22:00:00+00:00,0.03,2026-08-28
bounded,den,skip,0.9,-0.558878627276066,KXHIGHDEN-26AUG28,,0.88,KXHIGHDEN-26AUG28-B96.5,0.34112137272393406,0.86,no,price_out_of_range,2026-08-28 22:00:00+00:00,0.040000000000000036,2026-08-28
lower_tail,den,skip,1.0,-0.0009970089730807485,KXHIGHDEN-26AUG28,,0.995,KXHIGHDEN-26AUG28-T90,0.9990029910269193,0.99,no,price_out_of_range,2026-08-28 22:00:00+00:00,0.010000000000000009,2026-08-28
upper_tail,den,skip,1.0,-0.1191076166689713,KXHIGHDEN-26AUG28,,0.995,KXHIGHDEN-26AUG28-T97,0.8808923833310287,0.99,no,price_out_of_range,2026-08-28 22:00:00+00:00,0.010000000000000009,2026-08-28
bounded,la,skip,1.0,-0.0009980039920159944,KXHIGHLAX-26AUG28,,0.995,KXHIGHLAX-26AUG28-B82.5,0.999001996007984,0.99,no,price_out_of_range,2026-08-28 22:00:00+00:00,0.010000000000000009,2026-08-28
bounded,la,skip,1.0,-0.011770275838479005,KXHIGHLAX-26AUG28,,0.995,KXHIGHLAX-26AUG28-B84.5,0.988229724161521,0.99,no,price_out_of_range,2026-08-28 22:00:00+00:00,0.010000000000000009,2026-08-28
bounded,la,skip,0.05,0.38658493688462664,KXHIGHLAX-26AUG28,,0.04,KXHIGHLAX-26AUG28-B86.5,0.43658493688462663,0.03,no,price_out_of_range,2026-08-28 22:00:00+00:00,0.020000000000000004,2026-08-28
bounded,la,skip,0.97,-0.36939350047220554,KXHIGHLAX-26AUG28,,0.96,KXHIGHLAX-26AUG28-B88.5,0.6006064995277944,0.95,no,price_out_of_range,2026-08-28 22:00:00+00:00,0.020000000000000018,2026-08-28
lower_tail,la,skip,1.0,-0.0009980039920159944,KXHIGHLAX-26AUG28,,0.995,KXHIGHLAX-26AUG28-T82,0.999001996007984,0.99,no,price_out_of_range,2026-08-28 22:00:00+00:00,0.010000000000000009,2026-08-28
upper_tail,la,skip,1.0,-0.02342515258991007,KXHIGHLAX-26AUG28,,0.995,KXHIGHLAX-26AUG28-T89,0.9765748474100899,0.99,no,price_out_of_range,2026-08-28 22:00:00+00:00,0.010000000000000009,2026-08-28
bounded,mia,skip,1.0,-0.0009970089730807485,KXHIGHMIA-26AUG28,,0.995,KXHIGHMIA-26AUG28-B88.5,0.9990029910269193,0.99,no,price_out_of_range,2026-08-28 22:00:00+00:00,0.010000000000000009,2026-08-28
bounded,mia,skip,1.0,-0.0009970089730807485,KXHIGHMIA-26AUG28,,0.995,KXHIGHMIA-26AUG28-B90.5,0.9990029910269193,0.99,no,price_out_of_range,2026-08-28 22:00:00+00:00,0.010000000000000009,2026-08-28
bounded,mia,skip,0.01,0.42341070770276756,KXHIGHMIA-26AUG28,,0.005,KXHIGHMIA-26AUG28-B92.5,0.4334107077027676,0.0,no,price_out_of_range,2026-08-28 22:00:00+00:00,0.01,2026-08-28
bounded,mia,skip,1.0,-0.40928843981789453,KXHIGHMIA-26AUG28,,0.995,KXHIGHMIA-26AUG28-B94.5,0.5907115601821055,0.99,no,price_out_of_range,2026-08-28 22:00:00+00:00,0.010000000000000009,2026-08-28
lower_tail,mia,skip,1.0,-0.0009970089730807485,KXHIGHMIA-26AUG28,,0.995,KXHIGHMIA-26AUG28-T88,0.9990029910269193,0.99,no,price_out_of_range,2026-08-28 22:00:00+00:00,0.010000000000000009,2026-08-28
upper_tail,mia,skip,1.0,-0.021131240965630904,KXHIGHMIA-26AUG28,,0.995,KXHIGHMIA-26AUG28-T95,0.9788687590343691,0.99,no,price_out_of_range,2026-08-28 22:00:00+00:00,0.010000000000000009,2026-08-28
bounded,nyc,skip,1.0,-0.256041936330766,KXHIGHNY-26AUG28,17.0,0.995,KXHIGHNY-26AUG28-B80.5,0.743958063669234,0.99,no,price_out_of_range,2026-08-28 22:00:00+00:00,0.010000000000000009,2026-08-28
bounded,nyc,skip,1.0,-0.6595152822776319,KXHIGHNY-26AUG28,17.0,0.995,KXHIGHNY-26AUG28-B82.5,0.3404847177223681,0.99,no,price_out_of_range,2026-08-28 22:00:00+00:00,0.010000000000000009,2026-08-28
bounded,nyc,skip,0.01,0.9085482455276402,KXHIGHNY-26AUG28,17.0,0.005,KXHIGHNY-26AUG28-B84.5,0.9185482455276403,0.0,no,price_out_of_range,2026-08-28 22:00:00+00:00,0.01,2026-08-28
bounded,nyc,skip,1.0,-0.0009970089730807485,KXHIGHNY-26AUG28,17.0,0.995,KXHIGHNY-26AUG28-B86.5,0.9990029910269193,0.99,no,price_out_of_range,2026-08-28 22:00:00+00:00,0.010000000000000009,2026-08-28
lower_tail,nyc,skip,1.0,-0.0009970089730807485,KXHIGHNY-26AUG28,17.0,0.995,KXHIGHNY-26AUG28-T80,0.9990029910269193,0.99,no,price_out_of_range,2026-08-28 22:00:00+00:00,0.010000000000000009,2026-08-28
upper_tail,nyc,skip,1.0,-0.0009970089730807485,KXHIGHNY-26AUG28,17.0,0.995,KXHIGHNY-26AUG28-T87,0.9990029910269193,0.99,no,price_out_of_range,2026-08-28 22:00:00+00:00,0.010000000000000009,2026-08-28
bounded,okc,skip,1.0,-0.0009970089730807485,KXHIGHTOKC-26AUG28,16.0,0.995,KXHIGHTOKC-26AUG28-B93.5,0.9990029910269193,0.99,no,price_out_of_range,2026-08-28 22:00:00+00:00,0.010000000000000009,2026-08-28
bounded,okc,skip,1.0,-0.0009970089730807485,KXHIGHTOKC-26AUG28,16.0,0.995,KXHIGHTOKC-26AUG28-B95.5,0.9990029910269193,0.99,no,price_out_of_range,2026-08-28 22:00:00+00:00,0.010000000000000009,2026-08-28
bounded,okc,skip,1.0,-0.3951354567520726,KXHIGHTOKC-26AUG28,16.0,0.995,KXHIGHTOKC-26AUG28-B97.5,0.6048645432479274,0.99,no,price_out_of_range,2026-08-28 22:00:00+00:00,0.010000000000000009,2026-08-28
bounded,okc,skip,0.13,0.31236970166843336,KXHIGHTOKC-26AUG28,16.0,0.095,KXHIGHTOKC-26AUG28-B99.5,0.44236970166843337,0.06,no,price_out_of_range,2026-08-28 22:00:00+00:00,0.07,2026-08-28
upper_tail,okc,skip,0.93,0.02575678200288134,KXHIGHTOKC-26AUG28,16.0,0.9,KXHIGHTOKC-26AUG28-T100,0.9557567820028814,0.87,no,price_out_of_range,2026-08-28 22:00:00+00:00,0.06000000000000005,2026-08-28
lower_tail,okc,skip,1.0,-0.0009970089730807485,KXHIGHTOKC-26AUG28,16.0,0.995,KXHIGHTOKC-26AUG28-T93,0.9990029910269193,0.99,no,price_out_of_range,2026-08-28 22:00:00+00:00,0.010000000000000009,2026-08-28
bounded,aus,skip,0.01,0.41941912698264483,KXHIGHAUS-26AUG28,,0.005,KXHIGHAUS-26AUG28-B101.5,0.42941912698264484,0.0,no,price_out_of_range,2026-08-28 23:00:00+00:00,0.01,2026-08-28
bounded,aus,skip,1.0,-0.40583492417884437,KXHIGHAUS-26AUG28,,0.995,KXHIGHAUS-26AUG28-B103.5,0.5941650758211556,0.99,no,price_out_of_range,2026-08-28 23:00:00+00:00,0.010000000000000009,2026-08-28
bounded,aus,skip,1.0,-0.0009970089730807485,KXHIGHAUS-26AUG28,,0.995,KXHIGHAUS-26AUG28-B97.5,0.9990029910269193,0.99,no,price_out_of_range,2026-08-28 23:00:00+00:00,0.010000000000000009,2026-08-28
bounded,aus,skip,1.0,-0.0009970089730807485,KXHIGHAUS-26AUG28,,0.995,KXHIGHAUS-26AUG28-B99.5,0.9990029910269193,0.99,no,price_out_of_range,2026-08-28 23:00:00+00:00,0.010000000000000009,2026-08-28
upper_tail,aus,skip,1.0,-0.020593175884558335,KXHIGHAUS-26AUG28,,0.995,KXHIGHAUS-26AUG28-T104,0.9794068241154417,0.99,no,price_out_of_range,2026-08-28 23:00:00+00:00,0.010000000000000009,2026-08-28
lower_tail,aus,skip,1.0,-0.0009970089730807485,KXHIGHAUS-26AUG28,,0.995,KXHIGHAUS-26AUG28-T97,0.9990029910269193,0.99,no,price_out_of_range,2026-08-28 23:00:00+00:00,0.010000000000000009,2026-08-28
bounded,den,skip,1.0,-0.0009980039920159944,KXHIGHDEN-26AUG28,,0.995,KXHIGHDEN-26AUG28-B90.5,0.999001996007984,0.99,no,price_out_of_range,2026-08-28 23:00:00+00:00,0.010000000000000009,2026-08-28
bounded,den,skip,1.0,-0.015478315190815883,KXHIGHDEN-26AUG28,,0.995,KXHIGHDEN-26AUG28-B92.5,0.9845216848091841,0.99,no,price_out_of_range,2026-08-28 23:00:00+00:00,0.010000000000000009,2026-08-28
bounded,den,skip,0.03,0.4087198107976784,KXHIGHDEN-26AUG28,,0.025,KXHIGHDEN-26AUG28-B94.5,0.4387198107976784,0.02,no,price_out_of_range,2026-08-28 23:00:00+00:00,0.009999999999999998,2026-08-28
bounded,den,skip,0.99,-0.38790631277399723,KXHIGHDEN-26AUG28,,0.98,KXHIGHDEN-26AUG28-B96.5,0.6020936872260028,0.97,no,price_out_of_range,2026-08-28 23:00:00+00:00,0.020000000000000018,2026-08-28
lower_tail,den,skip,1.0,-0.0009980039920159944,KXHIGHDEN-26AUG28,,0.995,KXHIGHDEN-26AUG28-T90,0.999001996007984,0.99,no,price_out_of_range,2026-08-28 23:00:00+00:00,0.010000000000000009,2026-08-28
upper_tail,den,skip,1.0,-0.02333917484883341,KXHIGHDEN-26AUG28,,0.995,KXHIGHDEN-26AUG28-T97,0.9766608251511666,0.99,no,price_out_of_range,2026-08-28 23:00:00+00:00,0.010000000000000009,2026-08-28
bounded,la,skip,1.0,-0.0009978574825797448,KXHIGHLAX-26AUG28,,0.995,KXHIGHLAX-26AUG28-B82.5,0.9990021425174203,0.99,no,price_out_of_range,2026-08-28 23:00:00+00:00,0.010000000000000009,2026-08-28
bounded,la,skip,1.0,-0.048012250905874465,KXHIGHLAX-26AUG28,,0.995,KXHIGHLAX-26AUG28-B84.5,0.9519877490941255,0.99,no,price_out_of_range,2026-08-28 23:00:00+00:00,0.010000000000000009,2026-08-28
bounded,la,skip,0.01,0.2974276065417544,KXHIGHLAX-26AUG28,,0.005,KXHIGHLAX-26AUG28-B86.5,0.3074276065417544,0.0,no,price_out_of_range,2026-08-28 23:00:00+00:00,0.01,2026-08-28
bounded,la,skip,1.0,-0.2564217831881408,KXHIGHLAX-26AUG28,,0.995,KXHIGHLAX-26AUG28-B88.5,0.7435782168118592,0.99,no,price_out_of_range,2026-08-28 23:00:00+00:00,0.010000000000000009,2026-08-28
lower_tail,la,skip,1.0,-0.0009978574825797448,KXHIGHLAX-26AUG28,,0.995,KXHIGHLAX-26AUG28-T82,0.9990021425174203,0.99,no,price_out_of_range,2026-08-28 23:00:00+00:00,0.010000000000000009,2026-08-28
upper_tail,la,skip,1.0,-0.0009978574825797448,KXHIGHLAX-26AUG28,,0.995,KXHIGHLAX-26AUG28-T89,0.9990021425174203,0.99,no,price_out_of_range,2026-08-28 23:00:00+00:00,0.010000000000000009,2026-08-28
bounded,mia,skip,1.0,-0.0009970089730807485,KXHIGHMIA-26AUG28,,0.995,KXHIGHMIA-26AUG28-B88.5,0.9990029910269193,0.99,no,price_out_of_range,2026-08-28 23:00:00+00:00,0.010000000000000009,2026-08-28
bounded,mia,skip,1.0,-0.0009970089730807485,KXHIGHMIA-26AUG28,,0.995,KXHIGHMIA-26AUG28-B90.5,0.9990029910269193,0.99,no,price_out_of_range,2026-08-28 23:00:00+00:00,0.010000000000000009,2026-08-28
bounded,mia,skip,0.01,0.4171174342310858,KXHIGHMIA-26AUG28,,0.005,KXHIGHMIA-26AUG28-B92.5,0.42711743423108584,0.0,no,price_out_of_range,2026-08-28 23:00:00+00:00,0.01,2026-08-28
bounded,mia,skip,1.0,-0.4038434996101956,KXHIGHMIA-26AUG28,,0.995,KXHIGHMIA-26AUG28-B94.5,0.5961565003898044,0.99,no,price_out_of_range,2026-08-28 23:00:00+00:00,0.010000000000000009,2026-08-28
lower_tail,mia,skip,1.0,-0.0009970089730807485,KXHIGHMIA-26AUG28,,0.995,KXHIGHMIA-26AUG28-T88,0.9990029910269193,0.99,no,price_out_of_range,2026-08-28 23:00:00+00:00,0.010000000000000009,2026-08-28
upper_tail,mia,skip,1.0,-0.02028290770164809,KXHIGHMIA-26AUG28,,0.995,KXHIGHMIA-26AUG28-T95,0.9797170922983519,0.99,no,price_out_of_range,2026-08-28 23:00:00+00:00,0.010000000000000009,2026-08-28
bounded,nyc,skip,1.0,-0.19324245598180345,KXHIGHNY-26AUG28,18.0,0.995,KXHIGHNY-26AUG28-B80.5,0.8067575440181965,0.99,no,price_out_of_range,2026-08-28 23:00:00+00:00,0.010000000000000009,2026-08-28
bounded,nyc,skip,1.0,-0.7015872047145236,KXHIGHNY-26AUG28,18.0,0.995,KXHIGHNY-26AUG28-B82.5,0.2984127952854764,0.99,no,price_out_of_range,2026-08-28 23:00:00+00:00,0.010000000000000009,2026-08-28
bounded,nyc,skip,0.01,0.8878206876155693,KXHIGHNY-26AUG28,18.0,0.005,KXHIGHNY-26AUG28-B84.5,0.8978206876155693,0.0,no,price_out_of_range,2026-08-28 23:00:00+00:00,0.01,2026-08-28
bounded,nyc,skip,1.0,-0.0009970089730807485,KXHIGHNY-26AUG28,18.0,0.995,KXHIGHNY-26AUG28-B86.5,0.9990029910269193,0.99,no,price_out_of_range,2026-08-28 23:00:00+00:00,0.010000000000000009,2026-08-28
lower_tail,nyc,skip,1.0,-0.0009970089730807485,KXHIGHNY-26AUG28,18.0,0.995,KXHIGHNY-26AUG28-T80,0.9990029910269193,0.99,no,price_out_of_range,2026-08-28 23:00:00+00:00,0.010000000000000009,2026-08-28
upper_tail,nyc,skip,1.0,-0.0009970089730807485,KXHIGHNY-26AUG28,18.0,0.995,KXHIGHNY-26AUG28-T87,0.9990029910269193,0.99,no,price_out_of_range,2026-08-28 23:00:00+00:00,0.010000000000000009,2026-08-28
bounded,okc,skip,1.0,-0.0009970089730807485,KXHIGHTOKC-26AUG28,17.0,0.995,KXHIGHTOKC-26AUG28-B93.5,0.9990029910269193,0.99,no,price_out_of_range,2026-08-28 23:00:00+00:00,0.010000000000000009,2026-08-28
bounded,okc,skip,1.0,-0.0009970089730807485,KXHIGHTOKC-26AUG28,17.0,0.995,KXHIGHTOKC-26AUG28-B95.5,0.9990029910269193,0.99,no,price_out_of_range,2026-08-28 23:00:00+00:00,0.010000000000000009,2026-08-28
bounded,okc,skip,1.0,-0.2932012956912531,KXHIGHTOKC-26AUG28,17.0,0.995,KXHIGHTOKC-26AUG28-B97.5,0.7067987043087469,0.99,no,price_out_of_range,2026-08-28 23:00:00+00:00,0.010000000000000009,2026-08-28
bounded,okc,skip,0.01,0.3538449541027072,KXHIGHTOKC-26AUG28,17.0,0.005,KXHIGHTOKC-26AUG28-B99.5,0.36384495410270723,0.0,no,price_out_of_range,2026-08-28 23:00:00+00:00,0.01,2026-08-28
upper_tail,okc,skip,1.0,-0.06765263149221179,KXHIGHTOKC-26AUG28,17.0,0.995,KXHIGHTOKC-26AUG28-T100,0.9323473685077882,0.99,no,price_out_of_range,2026-08-28 23:00:00+00:00,0.010000000000000009,2026-08-28
lower_tail,okc,skip,1.0,-0.0009970089730807485,KXHIGHTOKC-26AUG28,17.0,0.995,KXHIGHTOKC-26AUG28-T93,0.9990029910269193,0.99,no,price_out_of_range,2026-08-28 23:00:00+00:00,0.010000000000000009,2026-08-28
bounded,aus,skip,0.01,0.41875980338155305,KXHIGHAUS-26AUG28,,0.005,KXHIGHAUS-26AUG28-B101.5,0.42875980338155306,0.0,no,price_out_of_range,2026-08-29 00:00:00+00:00,0.01,2026-08-28
bounded,aus,skip,1.0,-0.4052644773991798,KXHIGHAUS-26AUG28,,0.995,KXHIGHAUS-26AUG28-B103.5,0.5947355226008202,0.99,no,price_out_of_range,2026-08-29 00:00:00+00:00,0.010000000000000009,2026-08-28
bounded,aus,skip,1.0,-0.0009970089730807485,KXHIGHAUS-26AUG28,,0.995,KXHIGHAUS-26AUG28-B97.5,0.9990029910269193,0.99,no,price_out_of_range,2026-08-29 00:00:00+00:00,0.010000000000000009,2026-08-28
bounded,aus,skip,1.0,-0.0009970089730807485,KXHIGHAUS-26AUG28,,0.995,KXHIGHAUS-26AUG28-B99.5,0.9990029910269193,0.99,no,price_out_of_range,2026-08-29 00:00:00+00:00,0.010000000000000009,2026-08-28
upper_tail,aus,skip,1.0,-0.020504299063131115,KXHIGHAUS-26AUG28,,0.995,KXHIGHAUS-26AUG28-T104,0.9794957009368689,0.99,no,price_out_of_range,2026-08-29 00:00:00+00:00,0.010000000000000009,2026-08-28
lower_tail,aus,skip,1.0,-0.0009970089730807485,KXHIGHAUS-26AUG28,,0.995,KXHIGHAUS-26AUG28-T97,0.9990029910269193,0.99,no,price_out_of_range,2026-08-29 00:00:00+00:00,0.010000000000000009,2026-08-28
bounded,den,skip,1.0,-0.0009970089730807485,KXHIGHDEN-26AUG28,,0.995,KXHIGHDEN-26AUG28-B90.5,0.9990029910269193,0.99,no,price_out_of_range,2026-08-29 00:00:00+00:00,0.010000000000000009,2026-08-28
bounded,den,skip,1.0,-0.10109112106492091,KXHIGHDEN-26AUG28,,0.995,KXHIGHDEN-26AUG28-B92.5,0.8989088789350791,0.99,no,price_out_of_range,2026-08-29 00:00:00+00:00,0.010000000000000009,2026-08-28
bounded,den,skip,0.01,0.2964435502357202,KXHIGHDEN-26AUG28,,0.005,KXHIGHDEN-26AUG28-B94.5,0.30644355023572023,0.0,no,price_out_of_range,2026-08-29 00:00:00+00:00,0.01,2026-08-28
bounded,den,skip,1.0,-0.20236140225155685,KXHIGHDEN-26AUG28,,0.995,KXHIGHDEN-26AUG28-B96.5,0.7976385977484431,0.99,no,price_out_of_range,2026-08-29 00:00:00+00:00,0.010000000000000009,2026-08-28
lower_tail,den,skip,1.0,-0.0009970089730807485,KXHIGHDEN-26AUG28,,0.995,KXHIGHDEN-26AUG28-T90,0.9990029910269193,0.99,no,price_out_of_range,2026-08-29 00:00:00+00:00,0.010000000000000009,2026-08-28
upper_tail,den,skip,1.0,-0.0009970089730807485,KXHIGHDEN-26AUG28,,0.995,KXHIGHDEN-26AUG28-T97,0.9990029910269193,0.99,no,price_out_of_range,2026-08-29 00:00:00+00:00,0.010000000000000009,2026-08-28
bounded,la,skip,1.0,-0.0009970089730807485,KXHIGHLAX-26AUG28,,0.995,KXHIGHLAX-26AUG28-B82.5,0.9990029910269193,0.99,no,price_out_of_range,2026-08-29 00:00:00+00:00,0.010000000000000009,2026-08-28
bounded,la,skip,1.0,-0.11605471286592539,KXHIGHLAX-26AUG28,,0.995,KXHIGHLAX-26AUG28-B84.5,0.8839452871340746,0.99,no,price_out_of_range,2026-08-29 00:00:00+00:00,0.010000000000000009,2026-08-28
bounded,la,skip,0.01,0.29644355023572,KXHIGHLAX-26AUG28,,0.005,KXHIGHLAX-26AUG28-B86.5,0.30644355023572,0.0,no,price_out_of_range,2026-08-29 00:00:00+00:00,0.01,2026-08-28
bounded,la,skip,1.0,-0.18739781045055237,KXHIGHLAX-26AUG28,,0.995,KXHIGHLAX-26AUG28-B88.5,0.8126021895494476,0.99,no,price_out_of_range,2026-08-29 00:00:00+00:00,0.010000000000000009,2026-08-28
lower_tail,la,skip,1.0,-0.0009970089730807485,KXHIGHLAX-26AUG28,,0.995,KXHIGHLAX-26AUG28-T82,0.9990029910269193,0.99,no,price_out_of_range,2026-08-29 00:00:00+00:00,0.010000000000000009,2026-08-28
upper_tail,la,skip,1.0,-0.0009970089730807485,KXHIGHLAX-26AUG28,,0.995,KXHIGHLAX-26AUG28-T89,0.9990029910269193,0.99,no,price_out_of_range,2026-08-29 00:00:00+00:00,0.010000000000000009,2026-08-28
bounded,mia,skip,1.0,-0.0009970089730807485,KXHIGHMIA-26AUG28,,0.995,KXHIGHMIA-26AUG28-B88.5,0.9990029910269193,0.99,no,price_out_of_range,2026-08-29 00:00:00+00:00,0.010000000000000009,2026-08-28
bounded,mia,skip,1.0,-0.0009970089730807485,KXHIGHMIA-26AUG28,,0.995,KXHIGHMIA-26AUG28-B90.5,0.9990029910269193,0.99,no,price_out_of_range,2026-08-29 00:00:00+00:00,0.010000000000000009,2026-08-28
bounded,mia,skip,0.01,0.4262529270101767,KXHIGHMIA-26AUG28,,0.005,KXHIGHMIA-26AUG28-B92.5,0.4362529270101767,0.0,no,price_out_of_range,2026-08-29 00:00:00+00:00,0.01,2026-08-28
bounded,mia,skip,1.0,-0.4117475279626648,KXHIGHMIA-26AUG28,,0.995,KXHIGHMIA-26AUG28-B94.5,0.5882524720373352,0.99,no,price_out_of_range,2026-08-29 00:00:00+00:00,0.010000000000000009,2026-08-28
lower_tail,mia,skip,1.0,-0.0009970089730807485,KXHIGHMIA-26AUG28,,0.995,KXHIGHMIA-26AUG28-T88,0.9990029910269193,0.99,no,price_out_of_range,2026-08-29 00:00:00+00:00,0.010000000000000009,2026-08-28
upper_tail,mia,skip,1.0,-0.021514372128269676,KXHIGHMIA-26AUG28,,0.995,KXHIGHMIA-26AUG28-T95,0.9784856278717303,0.99,no,price_out_of_range,2026-08-29 00:00:00+00:00,0.010000000000000009,2026-08-28
bounded,nyc,skip,1.0,-0.10887998016236333,KXHIGHNY-26AUG28,19.0,0.995,KXHIGHNY-26AUG28-B80.5,0.8911200198376367,0.99,no,price_out_of_range,2026-08-29 00:00:00+00:00,0.010000000000000009,2026-08-28
bounded,nyc,skip,1.0,-0.6971972067936512,KXHIGHNY-26AUG28,19.0,0.995,KXHIGHNY-26AUG28-B82.5,0.30280279320634884,0.99,no,price_out_of_range,2026-08-29 00:00:00+00:00,0.010000000000000009,2026-08-28
bounded,nyc,skip,0.01,0.7990682138752566,KXHIGHNY-26AUG28,19.0,0.005,KXHIGHNY-26AUG28-B84.5,0.8090682138752566,0.0,no,price_out_of_range,2026-08-29 00:00:00+00:00,0.01,2026-08-28
bounded,nyc,skip,1.0,-0.0009970089730807485,KXHIGHNY-26AUG28,19.0,0.995,KXHIGHNY-26AUG28-B86.5,0.9990029910269193,0.99,no,price_out_of_range,2026-08-29 00:00:00+00:00,0.010000000000000009,2026-08-28
lower_tail,nyc,skip,1.0,-0.0009970089730807485,KXHIGHNY-26AUG28,19.0,0.995,KXHIGHNY-26AUG28-T80,0.9990029910269193,0.99,no,price_out_of_range,2026-08-29 00:00:00+00:00,0.010000000000000009,2026-08-28
upper_tail,nyc,skip,1.0,-0.0009970089730807485,KXHIGHNY-26AUG28,19.0,0.995,KXHIGHNY-26AUG28-T87,0.9990029910269193,0.99,no,price_out_of_range,2026-08-29 00:00:00+00:00,0.010000000000000009,2026-08-28
bounded,okc,skip,1.0,-0.0009970089730807485,KXHIGHTOKC-26AUG28,18.0,0.995,KXHIGHTOKC-26AUG28-B93.5,0.9990029910269193,0.99,no,price_out_of_range,2026-08-29 00:00:00+00:00,0.010000000000000009,2026-08-28
bounded,okc,skip,1.0,-0.0009970089730807485,KXHIGHTOKC-26AUG28,18.0,0.995,KXHIGHTOKC-26AUG28-B95.5,0.9990029910269193,0.99,no,price_out_of_range,2026-08-29 00:00:00+00:00,0.010000000000000009,2026-08-28
bounded,okc,skip,1.0,-0.2932012956912531,KXHIGHTOKC-26AUG28,18.0,0.995,KXHIGHTOKC-26AUG28-B97.5,0.7067987043087469,0.99,no,price_out_of_range,2026-08-29 00:00:00+00:00,0.010000000000000009,2026-08-28
bounded,okc,skip,0.01,0.3538449541027072,KXHIGHTOKC-26AUG28,18.0,0.005,KXHIGHTOKC-26AUG28-B99.5,0.36384495410270723,0.0,no,price_out_of_range,2026-08-29 00:00:00+00:00,0.01,2026-08-28
upper_tail,okc,skip,1.0,-0.06765263149221179,KXHIGHTOKC-26AUG28,18.0,0.995,KXHIGHTOKC-26AUG28-T100,0.9323473685077882,0.99,no,price_out_of_range,2026-08-29 00:00:00+00:00,0.010000000000000009,2026-08-28
lower_tail,okc,skip,1.0,-0.0009970089730807485,KXHIGHTOKC-26AUG28,18.0,0.995,KXHIGHTOKC-26AUG28-T93,0.9990029910269193,0.99,no,price_out_of_range,2026-08-29 00:00:00+00:00,0.010000000000000009,2026-08-28
bounded,aus,skip,0.01,0.4141148389126005,KXHIGHAUS-26AUG28,,0.005,KXHIGHAUS-26AUG28-B101.5,0.4241148389126005,0.0,no,price_out_of_range,2026-08-29 01:00:00+00:00,0.01,2026-08-28
bounded,aus,skip,1.0,-0.40124565414064195,KXHIGHAUS-26AUG28,,0.995,KXHIGHAUS-26AUG28-B103.5,0.598754345859358,0.99,no,price_out_of_range,2026-08-29 01:00:00+00:00,0.010000000000000009,2026-08-28
bounded,aus,skip,1.0,-0.0009970089730807485,KXHIGHAUS-26AUG28,,0.995,KXHIGHAUS-26AUG28-B97.5,0.9990029910269193,0.99,no,price_out_of_range,2026-08-29 01:00:00+00:00,0.010000000000000009,2026-08-28
bounded,aus,skip,1.0,-0.0009970089730807485,KXHIGHAUS-26AUG28,,0.995,KXHIGHAUS-26AUG28-B99.5,0.9990029910269193,0.99,no,price_out_of_range,2026-08-29 01:00:00+00:00,0.010000000000000009,2026-08-28
upper_tail,aus,skip,1.0,-0.019878157852716294,KXHIGHAUS-26AUG28,,0.995,KXHIGHAUS-26AUG28-T104,0.9801218421472837,0.99,no,price_out_of_range,2026-08-29 01:00:00+00:00,0.010000000000000009,2026-08-28
lower_tail,aus,skip,1.0,-0.0009970089730807485,KXHIGHAUS-26AUG28,,0.995,KXHIGHAUS-26AUG28-T97,0.9990029910269193,0.99,no,price_out_of_range,2026-08-29 01:00:00+00:00,0.010000000000000009,2026-08-28
bounded,den,skip,1.0,-0.0009970089730807485,KXHIGHDEN-26AUG28,,0.995,KXHIGHDEN-26AUG28-B90.5,0.9990029910269193,0.99,no,price_out_of_range,2026-08-29 01:00:00+00:00,0.010000000000000009,2026-08-28
bounded,den,skip,1.0,-0.14239284713968325,KXHIGHDEN-26AUG28,,0.995,KXHIGHDEN-26AUG28-B92.5,0.8576071528603167,0.99,no,price_out_of_range,2026-08-29 01:00:00+00:00,0.010000000000000009,2026-08-28
bounded,den,skip,0.01,0.2930836463396692,KXHIGHDEN-26AUG28,,0.005,KXHIGHDEN-26AUG28-B94.5,0.3030836463396692,0.0,no,price_out_of_range,2026-08-29 01:00:00+00:00,0.01,2026-08-28
bounded,den,skip,1.0,-0.1576997722807436,KXHIGHDEN-26AUG28,,0.995,KXHIGHDEN-26AUG28-B96.5,0.8423002277192564,0.99,no,price_out_of_range,2026-08-29 01:00:00+00:00,0.010000000000000009,2026-08-28
lower_tail,den,skip,1.0,-0.0009970089730807485,KXHIGHDEN-26AUG28,,0.995,KXHIGHDEN-26AUG28-T90,0.9990029910269193,0.99,no,price_out_of_range,2026-08-29 01:00:00+00:00,0.010000000000000009,2026-08-28
upper_tail,den,skip,1.0,-0.0009970089730807485,KXHIGHDEN-26AUG28,,0.995,KXHIGHDEN-26AUG28-T97,0.9990029910269193,0.99,no,price_out_of_range,2026-08-29 01:00:00+00:00,0.010000000000000009,2026-08-28
bounded,la,skip,1.0,-0.0009970089730807485,KXHIGHLAX-26AUG28,,0.995,KXHIGHLAX-26AUG28-B82.5,0.9990029910269193,0.99,no,price_out_of_range,2026-08-29 01:00:00+00:00,0.010000000000000009,2026-08-28
bounded,la,skip,1.0,-0.13841276295842075,KXHIGHLAX-26AUG28,,0.995,KXHIGHLAX-26AUG28-B84.5,0.8615872370415792,0.99,no,price_out_of_range,2026-08-29 01:00:00+00:00,0.010000000000000009,2026-08-28
bounded,la,skip,0.01,0.2788018946676821,KXHIGHLAX-26AUG28,,0.005,KXHIGHLAX-26AUG28-B86.5,0.28880189466768214,0.0,no,price_out_of_range,2026-08-29 01:00:00+00:00,0.01,2026-08-28
bounded,la,skip,1.0,-0.14739810479001902,KXHIGHLAX-26AUG28,,0.995,KXHIGHLAX-26AUG28-B88.5,0.852601895209981,0.99,no,price_out_of_range,2026-08-29 01:00:00+00:00,0.010000000000000009,2026-08-28
lower_tail,la,skip,1.0,-0.0009970089730807485,KXHIGHLAX-26AUG28,,0.995,KXHIGHLAX-26AUG28-T82,0.9990029910269193,0.99,no,price_out_of_range,2026-08-29 01:00:00+00:00,0.010000000000000009,2026-08-28
upper_tail,la,skip,1.0,-0.0009970089730807485,KXHIGHLAX-26AUG28,,0.995,KXHIGHLAX-26AUG28-T89,0.9990029910269193,0.99,no,price_out_of_range,2026-08-29 01:00:00+00:00,0.010000000000000009,2026-08-28
bounded,mia,skip,1.0,-0.0009950248756218638,KXHIGHMIA-26AUG28,,0.995,KXHIGHMIA-26AUG28-B88.5,0.9990049751243781,0.99,no,price_out_of_range,2026-08-29 01:00:00+00:00,0.010000000000000009,2026-08-28
bounded,mia,skip,1.0,-0.0009950248756218638,KXHIGHMIA-26AUG28,,0.995,KXHIGHMIA-26AUG28-B90.5,0.9990049751243781,0.99,no,price_out_of_range,2026-08-29 01:00:00+00:00,0.010000000000000009,2026-08-28
bounded,mia,skip,0.01,0.9890049751243781,KXHIGHMIA-26AUG28,,0.005,KXHIGHMIA-26AUG28-B92.5,0.9990049751243781,0.0,no,price_out_of_range,2026-08-29 01:00:00+00:00,0.01,2026-08-28
bounded,mia,skip,1.0,-0.0009950248756218638,KXHIGHMIA-26AUG28,,0.995,KXHIGHMIA-26AUG28-B94.5,0.9990049751243781,0.99,no,price_out_of_range,2026-08-29 01:00:00+00:00,0.010000000000000009,2026-08-28
lower_tail,mia,skip,1.0,-0.9950248756218907,KXHIGHMIA-26AUG28,,0.995,KXHIGHMIA-26AUG28-T88,0.004975124378109319,0.99,no,price_out_of_range,2026-08-29 01:00:00+00:00,0.010000000000000009,2026-08-28
upper_tail,mia,skip,1.0,-0.0009950248756218638,KXHIGHMIA-26AUG28,,0.995,KXHIGHMIA-26AUG28-T95,0.9990049751243781,0.99,no,price_out_of_range,2026-08-29 01:00:00+00:00,0.010000000000000009,2026-08-28
bounded,nyc,skip,1.0,-0.0019757627169061376,KXHIGHNY-26AUG28,20.0,0.995,KXHIGHNY-26AUG28-B80.5,0.9980242372830939,0.99,no,price_out_of_range,2026-08-29 01:00:00+00:00,0.010000000000000009,2026-08-28
bounded,nyc,skip,1.0,-0.0009960159362549792,KXHIGHNY-26AUG28,20.0,0.995,KXHIGHNY-26AUG28-B82.5,0.999003984063745,0.99,no,price_out_of_range,2026-08-29 01:00:00+00:00,0.010000000000000009,2026-08-28
bounded,nyc,skip,0.01,0.989003984063745,KXHIGHNY-26AUG28,20.0,0.005,KXHIGHNY-26AUG28-B84.5,0.999003984063745,0.0,no,price_out_of_range,2026-08-29 01:00:00+00:00,0.01,2026-08-28
bounded,nyc,skip,1.0,-0.0009960159362549792,KXHIGHNY-26AUG28,20.0,0.995,KXHIGHNY-26AUG28-B86.5,0.999003984063745,0.99,no,price_out_of_range,2026-08-29 01:00:00+00:00,0.010000000000000009,2026-08-28
lower_tail,nyc,skip,1.0,-0.994040173538074,KXHIGHNY-26AUG28,20.0,0.995,KXHIGHNY-26AUG28-T80,0.005959826461926054,0.99,no,price_out_of_range,2026-08-29 01:00:00+00:00,0.010000000000000009,2026-08-28
upper_tail,nyc,skip,1.0,-0.0009960159362549792,KXHIGHNY-26AUG28,20.0,0.995,KXHIGHNY-26AUG28-T87,0.999003984063745,0.99,no,price_out_of_range,2026-08-29 01:00:00+00:00,0.010000000000000009,2026-08-28
bounded,okc,skip,1.0,-0.0009970089730807485,KXHIGHTOKC-26AUG28,19.0,0.995,KXHIGHTOKC-26AUG28-B93.5,0.9990029910269193,0.99,no,price_out_of_range,2026-08-29 01:00:00+00:00,0.010000000000000009,2026-08-28
bounded,okc,skip,1.0,-0.0009970089730807485,KXHIGHTOKC-26AUG28,19.0,0.995,KXHIGHTOKC-26AUG28-B95.5,0.9990029910269193,0.99,no,price_out_of_range,2026-08-29 01:00:00+00:00,0.010000000000000009,2026-08-28
bounded,okc,skip,1.0,-0.2932012956912531,KXHIGHTOKC-26AUG28,19.0,0.995,KXHIGHTOKC-26AUG28-B97.5,0.7067987043087469,0.99,no,price_out_of_range,2026-08-29 01:00:00+00:00,0.010000000000000009,2026-08-28
bounded,okc,skip,0.01,0.3538449541027072,KXHIGHTOKC-26AUG28,19.0,0.005,KXHIGHTOKC-26AUG28-B99.5,0.36384495410270723,0.0,no,price_out_of_range,2026-08-29 01:00:00+00:00,0.01,2026-08-28
upper_tail,okc,skip,1.0,-0.06765263149221179,KXHIGHTOKC-26AUG28,19.0,0.995,KXHIGHTOKC-26AUG28-T100,0.9323473685077882,0.99,no,price_out_of_range,2026-08-29 01:00:00+00:00,0.010000000000000009,2026-08-28
lower_tail,okc,skip,1.0,-0.0009970089730807485,KXHIGHTOKC-26AUG28,19.0,0.995,KXHIGHTOKC-26AUG28-T93,0.9990029910269193,0.99,no,price_out_of_range,2026-08-29 01:00:00+00:00,0.010000000000000009,2026-08-28
bounded,aus,skip,0.01,0.41684123110089866,KXHIGHAUS-26AUG28,,0.005,KXHIGHAUS-26AUG28-B101.5,0.42684123110089867,0.0,no,price_out_of_range,2026-08-29 02:00:00+00:00,0.01,2026-08-28
bounded,aus,skip,1.0,-0.4036045286619575,KXHIGHAUS-26AUG28,,0.995,KXHIGHAUS-26AUG28-B103.5,0.5963954713380425,0.99,no,price_out_of_range,2026-08-29 02:00:00+00:00,0.010000000000000009,2026-08-28
bounded,aus,skip,1.0,-0.0009970089730807485,KXHIGHAUS-26AUG28,,0.995,KXHIGHAUS-26AUG28-B97.5,0.9990029910269193,0.99,no,price_out_of_range,2026-08-29 02:00:00+00:00,0.010000000000000009,2026-08-28
bounded,aus,skip,1.0,-0.0009970089730807485,KXHIGHAUS-26AUG28,,0.995,KXHIGHAUS-26AUG28-B99.5,0.9990029910269193,0.99,no,price_out_of_range,2026-08-29 02:00:00+00:00,0.010000000000000009,2026-08-28
upper_tail,aus,skip,1.0,-0.020245675519699025,KXHIGHAUS-26AUG28,,0.995,KXHIGHAUS-26AUG28-T104,0.979754324480301,0.99,no,price_out_of_range,2026-08-29 02:00:00+00:00,0.010000000000000009,2026-08-28
lower_tail,aus,skip,1.0,-0.0009970089730807485,KXHIGHAUS-26AUG28,,0.995,KXHIGHAUS-26AUG28-T97,0.9990029910269193,0.99,no,price_out_of_range,2026-08-29 02:00:00+00:00,0.010000000000000009,2026-08-28
bounded,den,skip,1.0,-0.0009970089730807485,KXHIGHDEN-26AUG28,,0.995,KXHIGHDEN-26AUG28-B90.5,0.9990029910269193,0.99,no,price_out_of_range,2026-08-29 02:00:00+00:00,0.010000000000000009,2026-08-28
bounded,den,skip,1.0,-0.14270025237472272,KXHIGHDEN-26AUG28,,0.995,KXHIGHDEN-26AUG28-B92.5,0.8572997476252773,0.99,no,price_out_of_range,2026-08-29 02:00:00+00:00,0.010000000000000009,2026-08-28
bounded,den,skip,0.01,0.2928814005272289,KXHIGHDEN-26AUG28,,0.005,KXHIGHDEN-26AUG28-B94.5,0.3028814005272289,0.0,no,price_out_of_range,2026-08-29 02:00:00+00:00,0.01,2026-08-28
bounded,den,skip,1.0,-0.15719012123326392,KXHIGHDEN-26AUG28,,0.995,KXHIGHDEN-26AUG28-B96.5,0.8428098787667361,0.99,no,price_out_of_range,2026-08-29 02:00:00+00:00,0.010000000000000009,2026-08-28
lower_tail,den,skip,1.0,-0.0009970089730807485,KXHIGHDEN-26AUG28,,0.995,KXHIGHDEN-26AUG28-T90,0.9990029910269193,0.99,no,price_out_of_range,2026-08-29 02:00:00+00:00,0.010000000000000009,2026-08-28
upper_tail,den,skip,1.0,-0.0009970089730807485,KXHIGHDEN-26AUG28,,0.995,KXHIGHDEN-26AUG28-T97,0.9990029910269193,0.99,no,price_out_of_range,2026-08-29 02:00:00+00:00,0.010000000000000009,2026-08-28
bounded,la,skip,1.0,-0.0009970089730807485,KXHIGHLAX-26AUG28,,0.995,KXHIGHLAX-26AUG28-B82.5,0.9990029910269193,0.99,no,price_out_of_range,2026-08-29 02:00:00+00:00,0.010000000000000009,2026-08-28
bounded,la,skip,1.0,-0.22230357548210822,KXHIGHLAX-26AUG28,,0.995,KXHIGHLAX-26AUG28-B84.5,0.7776964245178918,0.99,no,price_out_of_range,2026-08-29 02:00:00+00:00,0.010000000000000009,2026-08-28
bounded,la,skip,0.01,0.30927509252770224,KXHIGHLAX-26AUG28,,0.005,KXHIGHLAX-26AUG28-B86.5,0.31927509252770225,0.0,no,price_out_of_range,2026-08-29 02:00:00+00:00,0.01,2026-08-28
bounded,la,skip,1.0,-0.09398049012635168,KXHIGHLAX-26AUG28,,0.995,KXHIGHLAX-26AUG28-B88.5,0.9060195098736483,0.99,no,price_out_of_range,2026-08-29 02:00:00+00:00,0.010000000000000009,2026-08-28
lower_tail,la,skip,1.0,-0.0009970089730807485,KXHIGHLAX-26AUG28,,0.995,KXHIGHLAX-26AUG28-T82,0.9990029910269193,0.99,no,price_out_of_range,2026-08-29 02:00:00+00:00,0.010000000000000009,2026-08-28
upper_tail,la,skip,1.0,-0.0009970089730807485,KXHIGHLAX-26AUG28,,0.995,KXHIGHLAX-26AUG28-T89,0.9990029910269193,0.99,no,price_out_of_range,2026-08-29 02:00:00+00:00,0.010000000000000009,2026-08-28
bounded,mia,skip,1.0,-0.0009970089730807485,KXHIGHMIA-26AUG28,,0.995,KXHIGHMIA-26AUG28-B88.5,0.9990029910269193,0.99,no,price_out_of_range,2026-08-29 02:00:00+00:00,0.010000000000000009,2026-08-28
bounded,mia,skip,1.0,-0.0009970089730807485,KXHIGHMIA-26AUG28,,0.995,KXHIGHMIA-26AUG28-B90.5,0.9990029910269193,0.99,no,price_out_of_range,2026-08-29 02:00:00+00:00,0.010000000000000009,2026-08-28
bounded,mia,skip,0.01,0.44728891379636004,KXHIGHMIA-26AUG28,,0.005,KXHIGHMIA-26AUG28-B92.5,0.45728891379636005,0.0,no,price_out_of_range,2026-08-29 02:00:00+00:00,0.01,2026-08-28
bounded,mia,skip,1.0,-0.42994786373007066,KXHIGHMIA-26AUG28,,0.995,KXHIGHMIA-26AUG28-B94.5,0.5700521362699293,0.99,no,price_out_of_range,2026-08-29 02:00:00+00:00,0.010000000000000009,2026-08-28
lower_tail,mia,skip,1.0,-0.0009970089730807485,KXHIGHMIA-26AUG28,,0.995,KXHIGHMIA-26AUG28-T88,0.9990029910269193,0.99,no,price_out_of_range,2026-08-29 02:00:00+00:00,0.010000000000000009,2026-08-28
upper_tail,mia,skip,1.0,-0.02435002314704715,KXHIGHMIA-26AUG28,,0.995,KXHIGHMIA-26AUG28-T95,0.9756499768529528,0.99,no,price_out_of_range,2026-08-29 02:00:00+00:00,0.010000000000000009,2026-08-28
bounded,nyc,skip,1.0,-0.10472386632195685,KXHIGHNY-26AUG28,21.0,0.995,KXHIGHNY-26AUG28-B80.5,0.8952761336780432,0.99,no,price_out_of_range,2026-08-29 02:00:00+00:00,0.010000000000000009,2026-08-28
bounded,nyc,skip,1.0,-0.6935564497642799,KXHIGHNY-26AUG28,21.0,0.995,KXHIGHNY-26AUG28-B82.5,0.3064435502357201,0.99,no,price_out_of_range,2026-08-29 02:00:00+00:00,0.010000000000000009,2026-08-28
bounded,nyc,skip,0.01,0.7912713430054792,KXHIGHNY-26AUG28,21.0,0.005,KXHIGHNY-26AUG28-B84.5,0.8012713430054792,0.0,no,price_out_of_range,2026-08-29 02:00:00+00:00,0.01,2026-08-28
bounded,nyc,skip,1.0,-0.0009970089730807485,KXHIGHNY-26AUG28,21.0,0.995,KXHIGHNY-26AUG28-B86.5,0.9990029910269193,0.99,no,price_out_of_range,2026-08-29 02:00:00+00:00,0.010000000000000009,2026-08-28
lower_tail,nyc,skip,1.0,-0.0009970089730807485,KXHIGHNY-26AUG28,21.0,0.995,KXHIGHNY-26AUG28-T80,0.9990029910269193,0.99,no,price_out_of_range,2026-08-29 02:00:00+00:00,0.010000000000000009,2026-08-28
upper_tail,nyc,skip,1.0,-0.0009970089730807485,KXHIGHNY-26AUG28,21.0,0.995,KXHIGHNY-26AUG28-T87,0.9990029910269193,0.99,no,price_out_of_range,2026-08-29 02:00:00+00:00,0.010000000000000009,2026-08-28
bounded,okc,skip,1.0,-0.0009970089730807485,KXHIGHTOKC-26AUG28,20.0,0.995,KXHIGHTOKC-26AUG28-B93.5,0.9990029910269193,0.99,no,price_out_of_range,2026-08-29 02:00:00+00:00,0.010000000000000009,2026-08-28
bounded,okc,skip,1.0,-0.0009970089730807485,KXHIGHTOKC-26AUG28,20.0,0.995,KXHIGHTOKC-26AUG28-B95.5,0.9990029910269193,0.99,no,price_out_of_range,2026-08-29 02:00:00+00:00,0.010000000000000009,2026-08-28
bounded,okc,skip,1.0,-0.2932012956912531,KXHIGHTOKC-26AUG28,20.0,0.995,KXHIGHTOKC-26AUG28-B97.5,0.7067987043087469,0.99,no,price_out_of_range,2026-08-29 02:00:00+00:00,0.010000000000000009,2026-08-28
bounded,okc,skip,0.01,0.3538449541027072,KXHIGHTOKC-26AUG28,20.0,0.005,KXHIGHTOKC-26AUG28-B99.5,0.36384495410270723,0.0,no,price_out_of_range,2026-08-29 02:00:00+00:00,0.01,2026-08-28
upper_tail,okc,skip,1.0,-0.06765263149221179,KXHIGHTOKC-26AUG28,20.0,0.995,KXHIGHTOKC-26AUG28-T100,0.9323473685077882,0.99,no,price_out_of_range,2026-08-29 02:00:00+00:00,0.010000000000000009,2026-08-28
lower_tail,okc,skip,1.0,-0.0009970089730807485,KXHIGHTOKC-26AUG28,20.0,0.995,KXHIGHTOKC-26AUG28-T93,0.9990029910269193,0.99,no,price_out_of_range,2026-08-29 02:00:00+00:00,0.010000000000000009,2026-08-28
bounded,aus,skip,0.01,0.4234938656344369,KXHIGHAUS-26AUG28,,0.005,KXHIGHAUS-26AUG28-B101.5,0.4334938656344369,0.0,no,price_out_of_range,2026-08-29 03:00:00+00:00,0.01,2026-08-28
bounded,aus,skip,1.0,-0.40936038806037467,KXHIGHAUS-26AUG28,,0.995,KXHIGHAUS-26AUG28-B103.5,0.5906396119396253,0.99,no,price_out_of_range,2026-08-29 03:00:00+00:00,0.010000000000000009,2026-08-28
bounded,aus,skip,1.0,-0.0009970089730807485,KXHIGHAUS-26AUG28,,0.995,KXHIGHAUS-26AUG28-B97.5,0.9990029910269193,0.99,no,price_out_of_range,2026-08-29 03:00:00+00:00,0.010000000000000009,2026-08-28
bounded,aus,skip,1.0,-0.0009970089730807485,KXHIGHAUS-26AUG28,,0.995,KXHIGHAUS-26AUG28-B99.5,0.9990029910269193,0.99,no,price_out_of_range,2026-08-29 03:00:00+00:00,0.010000000000000009,2026-08-28
upper_tail,aus,skip,1.0,-0.02114245065482001,KXHIGHAUS-26AUG28,,0.995,KXHIGHAUS-26AUG28-T104,0.97885754934518,0.99,no,price_out_of_range,2026-08-29 03:00:00+00:00,0.010000000000000009,2026-08-28
lower_tail,aus,skip,1.0,-0.0009970089730807485,KXHIGHAUS-26AUG28,,0.995,KXHIGHAUS-26AUG28-T97,0.9990029910269193,0.99,no,price_out_of_range,2026-08-29 03:00:00+00:00,0.010000000000000009,2026-08-28
bounded,den,skip,1.0,-0.0009970089730807485,KXHIGHDEN-26AUG28,,0.995,KXHIGHDEN-26AUG28-B90.5,0.9990029910269193,0.99,no,price_out_of_range,2026-08-29 03:00:00+00:00,0.010000000000000009,2026-08-28
bounded,den,skip,1.0,-0.11584729674195104,KXHIGHDEN-26AUG28,,0.995,KXHIGHDEN-26AUG28-B92.5,0.884152703258049,0.99,no,price_out_of_range,2026-08-29 03:00:00+00:00,0.010000000000000009,2026-08-28
bounded,den,skip,0.01,0.29644355023572,KXHIGHDEN-26AUG28,,0.005,KXHIGHDEN-26AUG28-B94.5,0.30644355023572,0.0,no,price_out_of_range,2026-08-29 03:00:00+00:00,0.01,2026-08-28
bounded,den,skip,1.0,-0.18760522657452672,KXHIGHDEN-26AUG28,,0.995,KXHIGHDEN-26AUG28-B96.5,0.8123947734254733,0.99,no,price_out_of_range,2026-08-29 03:00:00+00:00,0.010000000000000009,2026-08-28
lower_tail,den,skip,1.0,-0.0009970089730807485,KXHIGHDEN-26AUG28,,0.995,KXHIGHDEN-26AUG28-T90,0.9990029910269193,0.99,no,price_out_of_range,2026-08-29 03:00:00+00:00,0.010000000000000009,2026-08-28
upper_tail,den,skip,1.0,-0.0009970089730807485,KXHIGHDEN-26AUG28,,0.995,KXHIGHDEN-26AUG28-T97,0.9990029910269193,0.99,no,price_out_of_range,2026-08-29 03:00:00+00:00,0.010000000000000009,2026-08-28
bounded,la,skip,1.0,-0.0009970089730807485,KXHIGHLAX-26AUG28,,0.995,KXHIGHLAX-26AUG28-B82.5,0.9990029910269193,0.99,no,price_out_of_range,2026-08-29 03:00:00+00:00,0.010000000000000009,2026-08-28
bounded,la,skip,1.0,-0.24812708319153431,KXHIGHLAX-26AUG28,,0.995,KXHIGHLAX-26AUG28-B84.5,0.7518729168084657,0.99,no,price_out_of_range,2026-08-29 03:00:00+00:00,0.010000000000000009,2026-08-28
bounded,la,skip,0.01,0.32550904420618987,KXHIGHLAX-26AUG28,,0.005,KXHIGHLAX-26AUG28-B86.5,0.3355090442061899,0.0,no,price_out_of_range,2026-08-29 03:00:00+00:00,0.01,2026-08-28
bounded,la,skip,1.0,-0.08439093409541332,KXHIGHLAX-26AUG28,,0.995,KXHIGHLAX-26AUG28-B88.5,0.9156090659045867,0.99,no,price_out_of_range,2026-08-29 03:00:00+00:00,0.010000000000000009,2026-08-28
lower_tail,la,skip,1.0,-0.0009970089730807485,KXHIGHLAX-26AUG28,,0.995,KXHIGHLAX-26AUG28-T82,0.9990029910269193,0.99,no,price_out_of_range,2026-08-29 03:00:00+00:00,0.010000000000000009,2026-08-28
upper_tail,la,skip,1.0,-0.0009970089730807485,KXHIGHLAX-26AUG28,,0.995,KXHIGHLAX-26AUG28-T89,0.9990029910269193,0.99,no,price_out_of_range,2026-08-29 03:00:00+00:00,0.010000000000000009,2026-08-28
bounded,mia,skip,1.0,-0.0009970089730807485,KXHIGHMIA-26AUG28,,0.995,KXHIGHMIA-26AUG28-B88.5,0.9990029910269193,0.99,no,price_out_of_range,2026-08-29 03:00:00+00:00,0.010000000000000009,2026-08-28
bounded,mia,skip,1.0,-0.0009970089730807485,KXHIGHMIA-26AUG28,,0.995,KXHIGHMIA-26AUG28-B90.5,0.9990029910269193,0.99,no,price_out_of_range,2026-08-29 03:00:00+00:00,0.010000000000000009,2026-08-28
bounded,mia,skip,0.01,0.43243631321500986,KXHIGHMIA-26AUG28,,0.005,KXHIGHMIA-26AUG28-B92.5,0.44243631321500987,0.0,no,price_out_of_range,2026-08-29 03:00:00+00:00,0.01,2026-08-28
bounded,mia,skip,1.0,-0.41709739370708665,KXHIGHMIA-26AUG28,,0.995,KXHIGHMIA-26AUG28-B94.5,0.5829026062929134,0.99,no,price_out_of_range,2026-08-29 03:00:00+00:00,0.010000000000000009,2026-08-28
lower_tail,mia,skip,1.0,-0.0009970089730807485,KXHIGHMIA-26AUG28,,0.995,KXHIGHMIA-26AUG28-T88,0.9990029910269193,0.99,no,price_out_of_range,2026-08-29 03:00:00+00:00,0.010000000000000009,2026-08-28
upper_tail,mia,skip,1.0,-0.022347892588681084,KXHIGHMIA-26AUG28,,0.995,KXHIGHMIA-26AUG28-T95,0.9776521074113189,0.99,no,price_out_of_range,2026-08-29 03:00:00+00:00,0.010000000000000009,2026-08-28
bounded,nyc,skip,1.0,-0.10944060057988747,KXHIGHNY-26AUG28,22.0,0.995,KXHIGHNY-26AUG28-B80.5,0.8905593994201125,0.99,no,price_out_of_range,2026-08-29 03:00:00+00:00,0.010000000000000009,2026-08-28
bounded,nyc,skip,1.0,-0.6981299824687418,KXHIGHNY-26AUG28,22.0,0.995,KXHIGHNY-26AUG28-B82.5,0.3018700175312582,0.99,no,price_out_of_range,2026-08-29 03:00:00+00:00,0.010000000000000009,2026-08-28
bounded,nyc,skip,0.01,0.8005616099678716,KXHIGHNY-26AUG28,22.0,0.005,KXHIGHNY-26AUG28-B84.5,0.8105616099678716,0.0,no,price_out_of_range,2026-08-29 03:00:00+00:00,0.01,2026-08-28
bounded,nyc,skip,1.0,-0.0009970089730807485,KXHIGHNY-26AUG28,22.0,0.995,KXHIGHNY-26AUG28-B86.5,0.9990029910269193,0.99,no,price_out_of_range,2026-08-29 03:00:00+00:00,0.010000000000000009,2026-08-28
lower_tail,nyc,skip,1.0,-0.0009970089730807485,KXHIGHNY-26AUG28,22.0,0.995,KXHIGHNY-26AUG28-T80,0.9990029910269193,0.99,no,price_out_of_range,2026-08-29 03:00:00+00:00,0.010000000000000009,2026-08-28
upper_tail,nyc,skip,1.0,-0.0009970089730807485,KXHIGHNY-26AUG28,22.0,0.995,KXHIGHNY-26AUG28-T87,0.9990029910269193,0.99,no,price_out_of_range,2026-08-29 03:00:00+00:00,0.010000000000000009,2026-08-28
bounded,okc,skip,1.0,-0.0009970089730807485,KXHIGHTOKC-26AUG28,21.0,0.995,KXHIGHTOKC-26AUG28-B93.5,0.9990029910269193,0.99,no,price_out_of_range,2026-08-29 03:00:00+00:00,0.010000000000000009,2026-08-28
bounded,okc,skip,1.0,-0.0009970089730807485,KXHIGHTOKC-26AUG28,21.0,0.995,KXHIGHTOKC-26AUG28-B95.5,0.9990029910269193,0.99,no,price_out_of_range,2026-08-29 03:00:00+00:00,0.010000000000000009,2026-08-28
bounded,okc,skip,1.0,-0.2821772862839518,KXHIGHTOKC-26AUG28,21.0,0.995,KXHIGHTOKC-26AUG28-B97.5,0.7178227137160482,0.99,no,price_out_of_range,2026-08-29 03:00:00+00:00,0.010000000000000009,2026-08-28
bounded,okc,skip,0.01,0.3469147090703486,KXHIGHTOKC-26AUG28,21.0,0.005,KXHIGHTOKC-26AUG28-B99.5,0.3569147090703486,0.0,no,price_out_of_range,2026-08-29 03:00:00+00:00,0.01,2026-08-28
upper_tail,okc,skip,1.0,-0.07174639586715459,KXHIGHTOKC-26AUG28,21.0,0.995,KXHIGHTOKC-26AUG28-T100,0.9282536041328454,0.99,no,price_out_of_range,2026-08-29 03:00:00+00:00,0.010000000000000009,2026-08-28
lower_tail,okc,skip,1.0,-0.0009970089730807485,KXHIGHTOKC-26AUG28,21.0,0.995,KXHIGHTOKC-26AUG28-T93,0.9990029910269193,0.99,no,price_out_of_range,2026-08-29 03:00:00+00:00,0.010000000000000009,2026-08-28
bounded,aus,skip,0.01,0.4317116512390351,KXHIGHAUS-26AUG28,,0.005,KXHIGHAUS-26AUG28-B101.5,0.4417116512390351,0.0,no,price_out_of_range,2026-08-29 04:00:00+00:00,0.01,2026-08-28
bounded,aus,skip,1.0,-0.4164704161654733,KXHIGHAUS-26AUG28,,0.995,KXHIGHAUS-26AUG28-B103.5,0.5835295838345267,0.99,no,price_out_of_range,2026-08-29 04:00:00+00:00,0.010000000000000009,2026-08-28
bounded,aus,skip,1.0,-0.0009970089730807485,KXHIGHAUS-26AUG28,,0.995,KXHIGHAUS-26AUG28-B97.5,0.9990029910269193,0.99,no,price_out_of_range,2026-08-29 04:00:00+00:00,0.010000000000000009,2026-08-28
bounded,aus,skip,1.0,-0.0009970089730807485,KXHIGHAUS-26AUG28,,0.995,KXHIGHAUS-26AUG28-B99.5,0.9990029910269193,0.99,no,price_out_of_range,2026-08-29 04:00:00+00:00,0.010000000000000009,2026-08-28
upper_tail,aus,skip,1.0,-0.022250208154319773,KXHIGHAUS-26AUG28,,0.995,KXHIGHAUS-26AUG28-T104,0.9777497918456802,0.99,no,price_out_of_range,2026-08-29 04:00:00+00:00,0.010000000000000009,2026-08-28
lower_tail,aus,skip,1.0,-0.0009970089730807485,KXHIGHAUS-26AUG28,,0.995,KXHIGHAUS-26AUG28-T97,0.9990029910269193,0.99,no,price_out_of_range,2026-08-29 04:00:00+00:00,0.010000000000000009,2026-08-28
bounded,den,skip,1.0,-0.0009970089730807485,KXHIGHDEN-26AUG28,,0.995,KXHIGHDEN-26AUG28-B90.5,0.9990029910269193,0.99,no,price_out_of_range,2026-08-29 04:00:00+00:00,0.010000000000000009,2026-08-28
bounded,den,skip,1.0,-0.1077541171236388,KXHIGHDEN-26AUG28,,0.995,KXHIGHDEN-26AUG28-B92.5,0.8922458828763612,0.99,no,price_out_of_range,2026-08-29 04:00:00+00:00,0.010000000000000009,2026-08-28
bounded,den,skip,0.01,0.2964435502357201,KXHIGHDEN-26AUG28,,0.005,KXHIGHDEN-26AUG28-B94.5,0.3064435502357201,0.0,no,price_out_of_range,2026-08-29 04:00:00+00:00,0.01,2026-08-28
bounded,den,skip,1.0,-0.19569840619283885,KXHIGHDEN-26AUG28,,0.995,KXHIGHDEN-26AUG28-B96.5,0.8043015938071612,0.99,no,price_out_of_range,2026-08-29 04:00:00+00:00,0.010000000000000009,2026-08-28
lower_tail,den,skip,1.0,-0.0009970089730807485,KXHIGHDEN-26AUG28,,0.995,KXHIGHDEN-26AUG28-T90,0.9990029910269193,0.99,no,price_out_of_range,2026-08-29 04:00:00+00:00,0.010000000000000009,2026-08-28
upper_tail,den,skip,1.0,-0.0009970089730807485,KXHIGHDEN-26AUG28,,0.995,KXHIGHDEN-26AUG28-T97,0.9990029910269193,0.99,no,price_out_of_range,2026-08-29 04:00:00+00:00,0.010000000000000009,2026-08-28
bounded,la,skip,1.0,-0.0009970089730807485,KXHIGHLAX-26AUG28,,0.995,KXHIGHLAX-26AUG28-B82.5,0.9990029910269193,0.99,no,price_out_of_range,2026-08-29 04:00:00+00:00,0.010000000000000009,2026-08-28
bounded,la,skip,1.0,-0.26110863031032694,KXHIGHLAX-26AUG28,,0.995,KXHIGHLAX-26AUG28-B84.5,0.7388913696896731,0.99,no,price_out_of_range,2026-08-29 04:00:00+00:00,0.010000000000000009,2026-08-28
bounded,la,skip,0.01,0.3336698955905105,KXHIGHLAX-26AUG28,,0.005,KXHIGHLAX-26AUG28-B86.5,0.34366989559051053,0.0,no,price_out_of_range,2026-08-29 04:00:00+00:00,0.01,2026-08-28
bounded,la,skip,1.0,-0.07957023836094146,KXHIGHLAX-26AUG28,,0.995,KXHIGHLAX-26AUG28-B88.5,0.9204297616390585,0.99,no,price_out_of_range,2026-08-29 04:00:00+00:00,0.010000000000000009,2026-08-28
lower_tail,la,skip,1.0,-0.0009970089730807485,KXHIGHLAX-26AUG28,,0.995,KXHIGHLAX-26AUG28-T82,0.9990029910269193,0.99,no,price_out_of_range,2026-08-29 04:00:00+00:00,0.010000000000000009,2026-08-28
upper_tail,la,skip,1.0,-0.0009970089730807485,KXHIGHLAX-26AUG28,,0.995,KXHIGHLAX-26AUG28-T89,0.9990029910269193,0.99,no,price_out_of_range,2026-08-29 04:00:00+00:00,0.010000000000000009,2026-08-28
bounded,mia,skip,1.0,-0.0009970089730807485,KXHIGHMIA-26AUG28,,0.995,KXHIGHMIA-26AUG28-B88.5,0.9990029910269193,0.99,no,price_out_of_range,2026-08-29 04:00:00+00:00,0.010000000000000009,2026-08-28
bounded,mia,skip,1.0,-0.0009970089730807485,KXHIGHMIA-26AUG28,,0.995,KXHIGHMIA-26AUG28-B90.5,0.9990029910269193,0.99,no,price_out_of_range,2026-08-29 04:00:00+00:00,0.010000000000000009,2026-08-28
bounded,mia,skip,0.01,0.4303989438891137,KXHIGHMIA-26AUG28,,0.005,KXHIGHMIA-26AUG28-B92.5,0.4403989438891137,0.0,no,price_out_of_range,2026-08-29 04:00:00+00:00,0.01,2026-08-28
bounded,mia,skip,1.0,-0.41533466176632117,KXHIGHMIA-26AUG28,,0.995,KXHIGHMIA-26AUG28-B94.5,0.5846653382336788,0.99,no,price_out_of_range,2026-08-29 04:00:00+00:00,0.010000000000000009,2026-08-28
lower_tail,mia,skip,1.0,-0.0009970089730807485,KXHIGHMIA-26AUG28,,0.995,KXHIGHMIA-26AUG28-T88,0.9990029910269193,0.99,no,price_out_of_range,2026-08-29 04:00:00+00:00,0.010000000000000009,2026-08-28
upper_tail,mia,skip,1.0,-0.022073255203550413,KXHIGHMIA-26AUG28,,0.995,KXHIGHMIA-26AUG28-T95,0.9779267447964496,0.99,no,price_out_of_range,2026-08-29 04:00:00+00:00,0.010000000000000009,2026-08-28
bounded,nyc,skip,1.0,-0.11775625059403505,KXHIGHNY-26AUG28,23.0,0.995,KXHIGHNY-26AUG28-B80.5,0.882243749405965,0.99,no,price_out_of_range,2026-08-29 04:00:00+00:00,0.010000000000000009,2026-08-28
bounded,nyc,skip,1.0,-0.7089539022182819,KXHIGHNY-26AUG28,23.0,0.995,KXHIGHNY-26AUG28-B82.5,0.2910460977817181,0.99,no,price_out_of_range,2026-08-29 04:00:00+00:00,0.010000000000000009,2026-08-28
bounded,nyc,skip,0.01,0.8197011797315591,KXHIGHNY-26AUG28,23.0,0.005,KXHIGHNY-26AUG28-B84.5,0.8297011797315591,0.0,no,price_out_of_range,2026-08-29 04:00:00+00:00,0.01,2026-08-28
bounded,nyc,skip,1.0,-0.0009970089730807485,KXHIGHNY-26AUG28,23.0,0.995,KXHIGHNY-26AUG28-B86.5,0.9990029910269193,0.99,no,price_out_of_range,2026-08-29 04:00:00+00:00,0.010000000000000009,2026-08-28
lower_tail,nyc,skip,1.0,-0.0009970089730807485,KXHIGHNY-26AUG28,23.0,0.995,KXHIGHNY-26AUG28-T80,0.9990029910269193,0.99,no,price_out_of_range,2026-08-29 04:00:00+00:00,0.010000000000000009,2026-08-28
upper_tail,nyc,skip,1.0,-0.0009970089730807485,KXHIGHNY-26AUG28,23.0,0.995,KXHIGHNY-26AUG28-T87,0.9990029910269193,0.99,no,price_out_of_range,2026-08-29 04:00:00+00:00,0.010000000000000009,2026-08-28
bounded,okc,skip,1.0,-0.0009970089730807485,KXHIGHTOKC-26AUG28,22.0,0.995,KXHIGHTOKC-26AUG28-B93.5,0.9990029910269193,0.99,no,price_out_of_range,2026-08-29 04:00:00+00:00,0.010000000000000009,2026-08-28
bounded,okc,skip,1.0,-0.0009970089730807485,KXHIGHTOKC-26AUG28,22.0,0.995,KXHIGHTOKC-26AUG28-B95.5,0.9990029910269193,0.99,no,price_out_of_range,2026-08-29 04:00:00+00:00,0.010000000000000009,2026-08-28
bounded,okc,skip,1.0,-0.27262897377264594,KXHIGHTOKC-26AUG28,22.0,0.995,KXHIGHTOKC-26AUG28-B97.5,0.7273710262273541,0.99,no,price_out_of_range,2026-08-29 04:00:00+00:00,0.010000000000000009,2026-08-28
bounded,okc,skip,0.01,0.3409121610949216,KXHIGHTOKC-26AUG28,22.0,0.005,KXHIGHTOKC-26AUG28-B99.5,0.3509121610949216,0.0,no,price_out_of_range,2026-08-29 04:00:00+00:00,0.01,2026-08-28
upper_tail,okc,skip,1.0,-0.07529216040303355,KXHIGHTOKC-26AUG28,22.0,0.995,KXHIGHTOKC-26AUG28-T100,0.9247078395969665,0.99,no,price_out_of_range,2026-08-29 04:00:00+00:00,0.010000000000000009,2026-08-28
lower_tail,okc,skip,1.0,-0.0009970089730807485,KXHIGHTOKC-26AUG28,22.0,0.995,KXHIGHTOKC-26AUG28-T93,0.9990029910269193,0.99,no,price_out_of_range,2026-08-29 04:00:00+00:00,0.010000000000000009,2026-08-28
bounded,aus,skip,0.01,0.45096271242046126,KXHIGHAUS-26AUG28,,0.005,KXHIGHAUS-26AUG28-B101.5,0.4609627124204613,0.0,no,price_out_of_range,2026-08-29 05:00:00+00:00,0.01,2026-08-28
bounded,aus,skip,1.0,-0.43312643429964304,KXHIGHAUS-26AUG28,,0.995,KXHIGHAUS-26AUG28-B103.5,0.566873565700357,0.99,no,price_out_of_range,2026-08-29 05:00:00+00:00,0.010000000000000009,2026-08-28
bounded,aus,skip,1.0,-0.0009970089730807485,KXHIGHAUS-26AUG28,,0.995,KXHIGHAUS-26AUG28-B97.5,0.9990029910269193,0.99,no,price_out_of_range,2026-08-29 05:00:00+00:00,0.010000000000000009,2026-08-28
bounded,aus,skip,1.0,-0.0009970089730807485,KXHIGHAUS-26AUG28,,0.995,KXHIGHAUS-26AUG28-B99.5,0.9990029910269193,0.99,no,price_out_of_range,2026-08-29 05:00:00+00:00,0.010000000000000009,2026-08-28
upper_tail,aus,skip,1.0,-0.02484525120157599,KXHIGHAUS-26AUG28,,0.995,KXHIGHAUS-26AUG28-T104,0.975154748798424,0.99,no,price_out_of_range,2026-08-29 05:00:00+00:00,0.010000000000000009,2026-08-28
lower_tail,aus,skip,1.0,-0.0009970089730807485,KXHIGHAUS-26AUG28,,0.995,KXHIGHAUS-26AUG28-T97,0.9990029910269193,0.99,no,price_out_of_range,2026-08-29 05:00:00+00:00,0.010000000000000009,2026-08-28
bounded,den,skip,1.0,-0.0009970089730807485,KXHIGHDEN-26AUG28,,0.995,KXHIGHDEN-26AUG28-B90.5,0.9990029910269193,0.99,no,price_out_of_range,2026-08-29 05:00:00+00:00,0.010000000000000009,2026-08-28
bounded,den,skip,1.0,-0.0871843638003571,KXHIGHDEN-26AUG28,,0.995,KXHIGHDEN-26AUG28-B92.5,0.9128156361996429,0.99,no,price_out_of_range,2026-08-29 05:00:00+00:00,0.010000000000000009,2026-08-28
bounded,den,skip,0.01,0.2964435502357201,KXHIGHDEN-26AUG28,,0.005,KXHIGHDEN-26AUG28-B94.5,0.3064435502357201,0.0,no,price_out_of_range,2026-08-29 05:00:00+00:00,0.01,2026-08-28
bounded,den,skip,1.0,-0.21626815951612066,KXHIGHDEN-26AUG28,,0.995,KXHIGHDEN-26AUG28-B96.5,0.7837318404838793,0.99,no,price_out_of_range,2026-08-29 05:00:00+00:00,0.010000000000000009,2026-08-28
lower_tail,den,skip,1.0,-0.0009970089730807485,KXHIGHDEN-26AUG28,,0.995,KXHIGHDEN-26AUG28-T90,0.9990029910269193,0.99,no,price_out_of_range,2026-08-29 05:00:00+00:00,0.010000000000000009,2026-08-28
upper_tail,den,skip,1.0,-0.0009970089730807485,KXHIGHDEN-26AUG28,,0.995,KXHIGHDEN-26AUG28-T97,0.9990029910269193,0.99,no,price_out_of_range,2026-08-29 05:00:00+00:00,0.010000000000000009,2026-08-28
bounded,la,skip,1.0,-0.0009970089730807485,KXHIGHLAX-26AUG28,,0.995,KXHIGHLAX-26AUG28-B82.5,0.9990029910269193,0.99,no,price_out_of_range,2026-08-29 05:00:00+00:00,0.010000000000000009,2026-08-28
bounded,la,skip,1.0,-0.26708412168598705,KXHIGHLAX-26AUG28,,0.995,KXHIGHLAX-26AUG28-B84.5,0.732915878314013,0.99,no,price_out_of_range,2026-08-29 05:00:00+00:00,0.010000000000000009,2026-08-28
bounded,la,skip,0.01,0.3374263890668898,KXHIGHLAX-26AUG28,,0.005,KXHIGHLAX-26AUG28-B86.5,0.34742638906688983,0.0,no,price_out_of_range,2026-08-29 05:00:00+00:00,0.01,2026-08-28
bounded,la,skip,1.0,-0.07735124046166053,KXHIGHLAX-26AUG28,,0.995,KXHIGHLAX-26AUG28-B88.5,0.9226487595383395,0.99,no,price_out_of_range,2026-08-29 05:00:00+00:00,0.010000000000000009,2026-08-28
lower_tail,la,skip,1.0,-0.0009970089730807485,KXHIGHLAX-26AUG28,,0.995,KXHIGHLAX-26AUG28-T82,0.9990029910269193,0.99,no,price_out_of_range,2026-08-29 05:00:00+00:00,0.010000000000000009,2026-08-28
upper_tail,la,skip,1.0,-0.0009970089730807485,KXHIGHLAX-26AUG28,,0.995,KXHIGHLAX-26AUG28-T89,0.9990029910269193,0.99,no,price_out_of_range,2026-08-29 05:00:00+00:00,0.010000000000000009,2026-08-28
bounded,mia,skip,0.98,-0.29201730781204327,KXHIGHMIA-26AUG29,,0.975,KXHIGHMIA-26AUG29-B88.5,0.6879826921879567,0.97,no,price_out_of_range,2026-08-29 05:00:00+00:00,0.010000000000000009,2026-08-29
bounded,mia,skip,0.75,-0.21388962262652456,KXHIGHMIA-26AUG29,,0.725,KXHIGHMIA-26AUG29-B90.5,0.5361103773734754,0.7,no,price_out_of_range,2026-08-29 05:00:00+00:00,0.050000000000000044,2026-08-29
bounded,mia,skip,0.42,0.4221126409530535,KXHIGHMIA-26AUG29,,0.405,KXHIGHMIA-26AUG29-B92.5,0.8421126409530535,0.39,no,price_out_of_range,2026-08-29 05:00:00+00:00,0.02999999999999997,2026-08-29
bounded,mia,skip,0.89,0.09075884669335343,KXHIGHMIA-26AUG29,,0.88,KXHIGHMIA-26AUG29-B94.5,0.9807588466933534,0.87,no,price_out_of_range,2026-08-29 05:00:00+00:00,0.020000000000000018,2026-08-29
lower_tail,mia,skip,0.99,-0.035965556208838234,KXHIGHMIA-26AUG29,,0.985,KXHIGHMIA-26AUG29-T88,0.9540344437911618,0.98,no,price_out_of_range,2026-08-29 05:00:00+00:00,0.010000000000000009,2026-08-29
upper_tail,mia,skip,0.99,0.009000999000999044,KXHIGHMIA-26AUG29,,0.985,KXHIGHMIA-26AUG29-T95,0.999000999000999,0.98,no,price_out_of_range,2026-08-29 05:00:00+00:00,0.010000000000000009,2026-08-29
bounded,nyc,skip,0.61,-0.09942702876030574,KXHIGHNY-26AUG29,0.0,0.595,KXHIGHNY-26AUG29-B79.5,0.5105729712396943,0.58,no,ev_below_threshold,2026-08-29 05:00:00+00:00,0.030000000000000027,2026-08-29
bounded,nyc,skip,0.92,-0.18181548519312385,KXHIGHNY-26AUG29,0.0,0.915,KXHIGHNY-26AUG29-B81.5,0.7381845148068762,0.91,no,price_out_of_range,2026-08-29 05:00:00+00:00,0.010000000000000009,2026-08-29
bounded,nyc,skip,0.98,-0.017559517043988504,KXHIGHNY-26AUG29,0.0,0.975,KXHIGHNY-26AUG29-B83.5,0.9624404829560115,0.97,no,price_out_of_range,2026-08-29 05:00:00+00:00,0.010000000000000009,2026-08-29
bounded,nyc,skip,1.0,-0.0009980039920159944,KXHIGHNY-26AUG29,0.0,0.995,KXHIGHNY-26AUG29-B85.5,0.999001996007984,0.99,no,price_out_of_range,2026-08-29 05:00:00+00:00,0.010000000000000009,2026-08-29
lower_tail,nyc,buy,0.5,0.29079803898144996,KXHIGHNY-26AUG29,0.0,0.49,KXHIGHNY-26AUG29-T79,0.79079803898145,0.48,no,,2026-08-29 05:00:00+00:00,0.020000000000000018,2026-08-29
upper_tail,nyc,skip,1.0,-0.0009980039920159944,KXHIGHNY-26AUG29,0.0,0.995,KXHIGHNY-26AUG29-T86,0.999001996007984,0.99,no,price_out_of_range,2026-08-29 05:00:00+00:00,0.010000000000000009,2026-08-29
bounded,okc,skip,1.0,-0.0009970089730807485,KXHIGHTOKC-26AUG28,23.0,0.995,KXHIGHTOKC-26AUG28-B93.5,0.9990029910269193,0.99,no,price_out_of_range,2026-08-29 05:00:00+00:00,0.010000000000000009,2026-08-28
bounded,okc,skip,1.0,-0.0009970089730807485,KXHIGHTOKC-26AUG28,23.0,0.995,KXHIGHTOKC-26AUG28-B95.5,0.9990029910269193,0.99,no,price_out_of_range,2026-08-29 05:00:00+00:00,0.010000000000000009,2026-08-28
bounded,okc,skip,1.0,-0.2711321310025998,KXHIGHTOKC-26AUG28,23.0,0.995,KXHIGHTOKC-26AUG28-B97.5,0.7288678689974002,0.99,no,price_out_of_range,2026-08-29 05:00:00+00:00,0.010000000000000009,2026-08-28
bounded,okc,skip,0.01,0.3399711706813555,KXHIGHTOKC-26AUG28,23.0,0.005,KXHIGHTOKC-26AUG28-B99.5,0.3499711706813555,0.0,no,price_out_of_range,2026-08-29 05:00:00+00:00,0.01,2026-08-28
upper_tail,okc,skip,1.0,-0.07584801275951347,KXHIGHTOKC-26AUG28,23.0,0.995,KXHIGHTOKC-26AUG28-T100,0.9241519872404865,0.99,no,price_out_of_range,2026-08-29 05:00:00+00:00,0.010000000000000009,2026-08-28
lower_tail,okc,skip,1.0,-0.0009970089730807485,KXHIGHTOKC-26AUG28,23.0,0.995,KXHIGHTOKC-26AUG28-T93,0.9990029910269193,0.99,no,price_out_of_range,2026-08-29 05:00:00+00:00,0.010000000000000009,2026-08-28
bounded,aus,skip,0.73,0.20357958880819071,KXHIGHAUS-26AUG29,,0.7050000000000001,KXHIGHAUS-26AUG29-B101.5,0.9335795888081907,0.68,no,price_out_of_range,2026-08-29 06:00:00+00:00,0.04999999999999993,2026-08-29
bounded,aus,skip,0.99,0.009001996007984014,KXHIGHAUS-26AUG29,,0.985,KXHIGHAUS-26AUG29-B103.5,0.999001996007984,0.98,no,price_out_of_range,2026-08-29 06:00:00+00:00,0.010000000000000009,2026-08-29
bounded,aus,skip,0.79,-0.2265977567155344,KXHIGHAUS-26AUG29,,0.78,KXHIGHAUS-26AUG29-B97.5,0.5634022432844656,0.77,no,price_out_of_range,2026-08-29 06:00:00+00:00,0.020000000000000018,2026-08-29
bounded,aus,buy,0.53,0.10521692971518748,KXHIGHAUS-26AUG29,,0.51,KXHIGHAUS-26AUG29-B99.5,0.6352169297151875,0.49,no,,2026-08-29 06:00:00+00:00,0.040000000000000036,2026-08-29
upper_tail,aus,skip,1.0,-0.0009980039920159944,KXHIGHAUS-26AUG29,,0.995,KXHIGHAUS-26AUG29-T104,0.999001996007984,0.99,no,price_out_of_range,2026-08-29 06:00:00+00:00,0.010000000000000009,2026-08-29
lower_tail,aus,skip,0.98,-0.11020275382381195,KXHIGHAUS-26AUG29,,0.975,KXHIGHAUS-26AUG29-T97,0.869797246176188,0.97,no,price_out_of_range,2026-08-29 06:00:00+00:00,0.010000000000000009,2026-08-29
bounded,den,skip,1.0,-0.0009970089730807485,KXHIGHDEN-26AUG28,,0.995,KXHIGHDEN-26AUG28-B90.5,0.9990029910269193,0.99,no,price_out_of_range,2026-08-29 06:00:00+00:00,0.010000000000000009,2026-08-28
bounded,den,skip,1.0,-0.06656720107730973,KXHIGHDEN-26AUG28,,0.995,KXHIGHDEN-26AUG28-B92.5,0.9334327989226903,0.99,no,price_out_of_range,2026-08-29 06:00:00+00:00,0.010000000000000009,2026-08-28
bounded,den,skip,0.01,0.2964435502357202,KXHIGHDEN-26AUG28,,0.005,KXHIGHDEN-26AUG28-B94.5,0.30644355023572023,0.0,no,price_out_of_range,2026-08-29 06:00:00+00:00,0.01,2026-08-28
bounded,den,skip,1.0,-0.23688532223916803,KXHIGHDEN-26AUG28,,0.995,KXHIGHDEN-26AUG28-B96.5,0.763114677760832,0.99,no,price_out_of_range,2026-08-29 06:00:00+00:00,0.010000000000000009,2026-08-28
lower_tail,den,skip,1.0,-0.0009970089730807485,KXHIGHDEN-26AUG28,,0.995,KXHIGHDEN-26AUG28-T90,0.9990029910269193,0.99,no,price_out_of_range,2026-08-29 06:00:00+00:00,0.010000000000000009,2026-08-28
upper_tail,den,skip,1.0,-0.0009970089730807485,KXHIGHDEN-26AUG28,,0.995,KXHIGHDEN-26AUG28-T97,0.9990029910269193,0.99,no,price_out_of_range,2026-08-29 06:00:00+00:00,0.010000000000000009,2026-08-28
bounded,la,skip,1.0,-0.0009970089730807485,KXHIGHLAX-26AUG28,,0.995,KXHIGHLAX-26AUG28-B82.5,0.9990029910269193,0.99,no,price_out_of_range,2026-08-29 06:00:00+00:00,0.010000000000000009,2026-08-28
bounded,la,skip,1.0,-0.26865521260930925,KXHIGHLAX-26AUG28,,0.995,KXHIGHLAX-26AUG28-B84.5,0.7313447873906908,0.99,no,price_out_of_range,2026-08-29 06:00:00+00:00,0.010000000000000009,2026-08-28
bounded,la,skip,0.01,0.33841405559224,KXHIGHLAX-26AUG28,,0.005,KXHIGHLAX-26AUG28-B86.5,0.34841405559224004,0.0,no,price_out_of_range,2026-08-29 06:00:00+00:00,0.01,2026-08-28
bounded,la,skip,1.0,-0.07676781606368854,KXHIGHLAX-26AUG28,,0.995,KXHIGHLAX-26AUG28-B88.5,0.9232321839363115,0.99,no,price_out_of_range,2026-08-29 06:00:00+00:00,0.010000000000000009,2026-08-28
lower_tail,la,skip,1.0,-0.0009970089730807485,KXHIGHLAX-26AUG28,,0.995,KXHIGHLAX-26AUG28-T82,0.9990029910269193,0.99,no,price_out_of_range,2026-08-29 06:00:00+00:00,0.010000000000000009,2026-08-28
upper_tail,la,skip,1.0,-0.0009970089730807485,KXHIGHLAX-26AUG28,,0.995,KXHIGHLAX-26AUG28-T89,0.9990029910269193,0.99,no,price_out_of_range,2026-08-29 06:00:00+00:00,0.010000000000000009,2026-08-28
bounded,mia,skip,0.98,-0.1505462500656639,KXHIGHMIA-26AUG29,,0.97,KXHIGHMIA-26AUG29-B88.5,0.8294537499343361,0.96,no,price_out_of_range,2026-08-29 06:00:00+00:00,0.020000000000000018,2026-08-29
bounded,mia,skip,0.79,-0.2593968912157508,KXHIGHMIA-26AUG29,,0.76,KXHIGHMIA-26AUG29-B90.5,0.5306031087842492,0.73,no,price_out_of_range,2026-08-29 06:00:00+00:00,0.06000000000000005,2026-08-29
bounded,mia,skip,0.41,0.2970709687751781,KXHIGHMIA-26AUG29,,0.38,KXHIGHMIA-26AUG29-B92.5,0.707070968775178,0.35,no,price_out_of_range,2026-08-29 06:00:00+00:00,0.06,2026-08-29
bounded,mia,skip,0.89,0.0663591055938828,KXHIGHMIA-26AUG29,,0.88,KXHIGHMIA-26AUG29-B94.5,0.9563591055938828,0.87,no,price_out_of_range,2026-08-29 06:00:00+00:00,0.020000000000000018,2026-08-29
lower_tail,mia,skip,0.99,-0.012487932088645182,KXHIGHMIA-26AUG29,,0.985,KXHIGHMIA-26AUG29-T88,0.9775120679113548,0.98,no,price_out_of_range,2026-08-29 06:00:00+00:00,0.010000000000000009,2026-08-29
upper_tail,mia,skip,0.99,0.009000999000999044,KXHIGHMIA-26AUG29,,0.985,KXHIGHMIA-26AUG29-T95,0.999000999000999,0.98,no,price_out_of_range,2026-08-29 06:00:00+00:00,0.010000000000000009,2026-08-29
bounded,nyc,skip,0.65,-0.15234136338748205,KXHIGHNY-26AUG29,1.0,0.645,KXHIGHNY-26AUG29-B79.5,0.49765863661251797,0.64,no,ev_below_threshold,2026-08-29 06:00:00+00:00,0.010000000000000009,2026-08-29
bounded,nyc,skip,0.93,-0.16199039674647187,KXHIGHNY-26AUG29,1.0,0.925,KXHIGHNY-26AUG29-B81.5,0.7680096032535282,0.92,no,price_out_of_range,2026-08-29 06:00:00+00:00,0.010000000000000009,2026-08-29
bounded,nyc,skip,0.99,-0.023079135970114906,KXHIGHNY-26AUG29,1.0,0.985,KXHIGHNY-26AUG29-B83.5,0.9669208640298851,0.98,no,price_out_of_range,2026-08-29 06:00:00+00:00,0.010000000000000009,2026-08-29
bounded,nyc,skip,1.0,-0.0009980039920159944,KXHIGHNY-26AUG29,1.0,0.995,KXHIGHNY-26AUG29-B85.5,0.999001996007984,0.99,no,price_out_of_range,2026-08-29 06:00:00+00:00,0.010000000000000009,2026-08-29
lower_tail,nyc,skip,0.42,0.34940690408810077,KXHIGHNY-26AUG29,1.0,0.41000000000000003,KXHIGHNY-26AUG29-T79,0.7694069040881008,0.4,no,price_out_of_range,2026-08-29 06:00:00+00:00,0.019999999999999962,2026-08-29
upper_tail,nyc,skip,1.0,-0.0009980039920159944,KXHIGHNY-26AUG29,1.0,0.995,KXHIGHNY-26AUG29-T86,0.999001996007984,0.99,no,price_out_of_range,2026-08-29 06:00:00+00:00,0.010000000000000009,2026-08-29
bounded,okc,skip,0.58,-0.05683279031773292,KXHIGHTOKC-26AUG29,0.0,0.5700000000000001,KXHIGHTOKC-26AUG29-B100.5,0.523167209682267,0.56,no,ev_below_threshold,2026-08-29 06:00:00+00:00,0.019999999999999907,2026-08-29
bounded,okc,buy,0.65,0.12003494754126043,KXHIGHTOKC-26AUG29,0.0,0.645,KXHIGHTOKC-26AUG29-B102.5,0.7700349475412605,0.64,no,,2026-08-29 06:00:00+00:00,0.010000000000000009,2026-08-29
bounded,okc,skip,0.92,0.042223507883635825,KXHIGHTOKC-26AUG29,0.0,0.915,KXHIGHTOKC-26AUG29-B104.5,0.9622235078836359,0.91,no,price_out_of_range,2026-08-29 06:00:00+00:00,0.010000000000000009,2026-08-29
bounded,okc,skip,0.88,-0.09828680957867719,KXHIGHTOKC-26AUG29,0.0,0.875,KXHIGHTOKC-26AUG29-B98.5,0.7817131904213228,0.87,no,price_out_of_range,2026-08-29 06:00:00+00:00,0.010000000000000009,2026-08-29
upper_tail,okc,skip,0.99,0.009000999000999044,KXHIGHTOKC-26AUG29,0.0,0.985,KXHIGHTOKC-26AUG29-T105,0.999000999000999,0.98,no,price_out_of_range,2026-08-29 06:00:00+00:00,0.010000000000000009,2026-08-29
lower_tail,okc,skip,0.95,0.013860145470514729,KXHIGHTOKC-26AUG29,0.0,0.945,KXHIGHTOKC-26AUG29-T98,0.9638601454705147,0.94,no,price_out_of_range,2026-08-29 06:00:00+00:00,0.010000000000000009,2026-08-29
bounded,aus,skip,0.72,0.2033160127451017,KXHIGHAUS-26AUG29,,0.7,KXHIGHAUS-26AUG29-B101.5,0.9233160127451017,0.68,no,price_out_of_range,2026-08-29 07:00:00+00:00,0.039999999999999925,2026-08-29
bounded,aus,skip,0.98,0.01900116171470867,KXHIGHAUS-26AUG29,,0.975,KXHIGHAUS-26AUG29-B103.5,0.9990011617147087,0.97,no,price_out_of_range,2026-08-29 07:00:00+00:00,0.010000000000000009,2026-08-29
bounded,aus,skip,0.8,-0.21930563693561056,KXHIGHAUS-26AUG29,,0.79,KXHIGHAUS-26AUG29-B97.5,0.5806943630643895,0.78,no,price_out_of_range,2026-08-29 07:00:00+00:00,0.020000000000000018,2026-08-29
bounded,aus,buy,0.54,0.09952465311475511,KXHIGHAUS-26AUG29,,0.515,KXHIGHAUS-26AUG29-B99.5,0.6395246531147551,0.49,no,,2026-08-29 07:00:00+00:00,0.050000000000000044,2026-08-29
upper_tail,aus,skip,1.0,-0.000998838285291348,KXHIGHAUS-26AUG29,,0.995,KXHIGHAUS-26AUG29-T104,0.9990011617147087,0.99,no,price_out_of_range,2026-08-29 07:00:00+00:00,0.010000000000000009,2026-08-29
lower_tail,aus,skip,0.99,-0.13153735235366382,KXHIGHAUS-26AUG29,,0.98,KXHIGHAUS-26AUG29-T97,0.8584626476463362,0.97,no,price_out_of_range,2026-08-29 07:00:00+00:00,0.020000000000000018,2026-08-29
bounded,den,skip,0.74,-0.1691543872297825,KXHIGHDEN-26AUG29,,0.73,KXHIGHDEN-26AUG29-B90.5,0.5708456127702175,0.72,no,price_out_of_range,2026-08-29 07:00:00+00:00,0.020000000000000018,2026-08-29
bounded,den,buy,0.59,0.03430708941785243,KXHIGHDEN-26AUG29,,0.58,KXHIGHDEN-26AUG29-B92.5,0.6243070894178524,0.57,no,,2026-08-29 07:00:00+00:00,0.020000000000000018,2026-08-29
bounded,den,skip,0.81,0.11601793087186774,KXHIGHDEN-26AUG29,,0.805,KXHIGHDEN-26AUG29-B94.5,0.9260179308718678,0.8,no,price_out_of_range,2026-08-29 07:00:00+00:00,0.010000000000000009,2026-08-29
bounded,den,skip,0.96,0.03900199600798404,KXHIGHDEN-26AUG29,,0.955,KXHIGHDEN-26AUG29-B96.5,0.999001996007984,0.95,no,price_out_of_range,2026-08-29 07:00:00+00:00,0.010000000000000009,2026-08-29
lower_tail,den,skip,0.87,0.010825374924094189,KXHIGHDEN-26AUG29,,0.865,KXHIGHDEN-26AUG29-T90,0.8808253749240942,0.86,no,price_out_of_range,2026-08-29 07:00:00+00:00,0.010000000000000009,2026-08-29
upper_tail,den,skip,1.0,-0.0009980039920159944,KXHIGHDEN-26AUG29,,0.995,KXHIGHDEN-26AUG29-T97,0.999001996007984,0.99,no,price_out_of_range,2026-08-29 07:00:00+00:00,0.010000000000000009,2026-08-29
bounded,la,skip,1.0,-0.0009970089730807485,KXHIGHLAX-26AUG28,,0.995,KXHIGHLAX-26AUG28-B82.5,0.9990029910269193,0.99,no,price_out_of_range,2026-08-29 07:00:00+00:00,0.010000000000000009,2026-08-28
bounded,la,skip,1.0,-0.26921652864807655,KXHIGHLAX-26AUG28,,0.995,KXHIGHLAX-26AUG28-B84.5,0.7307834713519235,0.99,no,price_out_of_range,2026-08-29 07:00:00+00:00,0.010000000000000009,2026-08-28
bounded,la,skip,0.01,0.33876692699732747,KXHIGHLAX-26AUG28,,0.005,KXHIGHLAX-26AUG28-B86.5,0.3487669269973275,0.0,no,price_out_of_range,2026-08-29 07:00:00+00:00,0.01,2026-08-28
bounded,la,skip,1.0,-0.07655937143000857,KXHIGHLAX-26AUG28,,0.995,KXHIGHLAX-26AUG28-B88.5,0.9234406285699914,0.99,no,price_out_of_range,2026-08-29 07:00:00+00:00,0.010000000000000009,2026-08-28
lower_tail,la,skip,1.0,-0.0009970089730807485,KXHIGHLAX-26AUG28,,0.995,KXHIGHLAX-26AUG28-T82,0.9990029910269193,0.99,no,price_out_of_range,2026-08-29 07:00:00+00:00,0.010000000000000009,2026-08-28
upper_tail,la,skip,1.0,-0.0009970089730807485,KXHIGHLAX-26AUG28,,0.995,KXHIGHLAX-26AUG28-T89,0.9990029910269193,0.99,no,price_out_of_range,2026-08-29 07:00:00+00:00,0.010000000000000009,2026-08-28
bounded,mia,skip,0.98,-0.14699033035089415,KXHIGHMIA-26AUG29,,0.975,KXHIGHMIA-26AUG29-B88.5,0.8330096696491058,0.97,no,price_out_of_range,2026-08-29 07:00:00+00:00,0.010000000000000009,2026-08-29
bounded,mia,skip,0.82,-0.2900601083846298,KXHIGHMIA-26AUG29,,0.815,KXHIGHMIA-26AUG29-B90.5,0.5299398916153701,0.81,no,price_out_of_range,2026-08-29 07:00:00+00:00,0.009999999999999898,2026-08-29
bounded,mia,skip,0.37,0.3330372575100544,KXHIGHMIA-26AUG29,,0.36,KXHIGHMIA-26AUG29-B92.5,0.7030372575100544,0.35,no,price_out_of_range,2026-08-29 07:00:00+00:00,0.020000000000000018,2026-08-29
bounded,mia,skip,0.9,0.05622744264445867,KXHIGHMIA-26AUG29,,0.895,KXHIGHMIA-26AUG29-B94.5,0.9562274426444587,0.89,no,price_out_of_range,2026-08-29 07:00:00+00:00,0.010000000000000009,2026-08-29
lower_tail,mia,skip,0.99,-0.011215260419988216,KXHIGHMIA-26AUG29,,0.985,KXHIGHMIA-26AUG29-T88,0.9787847395800118,0.98,no,price_out_of_range,2026-08-29 07:00:00+00:00,0.010000000000000009,2026-08-29
upper_tail,mia,skip,0.99,0.009000999000999044,KXHIGHMIA-26AUG29,,0.985,KXHIGHMIA-26AUG29-T95,0.999000999000999,0.98,no,price_out_of_range,2026-08-29 07:00:00+00:00,0.010000000000000009,2026-08-29
bounded,nyc,skip,0.64,-0.14877388352447996,KXHIGHNY-26AUG29,2.0,0.63,KXHIGHNY-26AUG29-B79.5,0.49122611647552006,0.62,no,ev_below_threshold,2026-08-29 07:00:00+00:00,0.020000000000000018,2026-08-29
bounded,nyc,skip,0.93,-0.1519887600988169,KXHIGHNY-26AUG29,2.0,0.925,KXHIGHNY-26AUG29-B81.5,0.7780112399011831,0.92,no,price_out_of_range,2026-08-29 07:00:00+00:00,0.010000000000000009,2026-08-29
bounded,nyc,skip,0.99,-0.02116300853189712,KXHIGHNY-26AUG29,2.0,0.985,KXHIGHNY-26AUG29-B83.5,0.9688369914681029,0.98,no,price_out_of_range,2026-08-29 07:00:00+00:00,0.010000000000000009,2026-08-29
bounded,nyc,skip,1.0,-0.0009980039920159944,KXHIGHNY-26AUG29,2.0,0.995,KXHIGHNY-26AUG29-B85.5,0.999001996007984,0.99,no,price_out_of_range,2026-08-29 07:00:00+00:00,0.010000000000000009,2026-08-29
lower_tail,nyc,skip,0.44,0.3239216601392259,KXHIGHNY-26AUG29,2.0,0.435,KXHIGHNY-26AUG29-T79,0.7639216601392259,0.43,no,price_out_of_range,2026-08-29 07:00:00+00:00,0.010000000000000009,2026-08-29
upper_tail,nyc,skip,1.0,-0.0009980039920159944,KXHIGHNY-26AUG29,2.0,0.995,KXHIGHNY-26AUG29-T86,0.999001996007984,0.99,no,price_out_of_range,2026-08-29 07:00:00+00:00,0.010000000000000009,2026-08-29
bounded,okc,buy,0.53,0.04148512953141403,KXHIGHTOKC-26AUG29,1.0,0.515,KXHIGHTOKC-26AUG29-B100.5,0.5714851295314141,0.5,no,,2026-08-29 07:00:00+00:00,0.030000000000000027,2026-08-29
bounded,okc,skip,0.68,-0.001344295318154054,KXHIGHTOKC-26AUG29,1.0,0.67,KXHIGHTOKC-26AUG29-B102.5,0.678655704681846,0.66,no,price_out_of_range,2026-08-29 07:00:00+00:00,0.020000000000000018,2026-08-29
bounded,okc,skip,0.94,-0.0024154973018871706,KXHIGHTOKC-26AUG29,1.0,0.925,KXHIGHTOKC-26AUG29-B104.5,0.9375845026981128,0.91,no,price_out_of_range,2026-08-29 07:00:00+00:00,0.029999999999999916,2026-08-29
bounded,okc,skip,0.89,-0.050769333556188956,KXHIGHTOKC-26AUG29,1.0,0.885,KXHIGHTOKC-26AUG29-B98.5,0.8392306664438111,0.88,no,price_out_of_range,2026-08-29 07:00:00+00:00,0.010000000000000009,2026-08-29
upper_tail,okc,skip,0.99,0.009000999000999044,KXHIGHTOKC-26AUG29,1.0,0.985,KXHIGHTOKC-26AUG29-T105,0.999000999000999,0.98,no,price_out_of_range,2026-08-29 07:00:00+00:00,0.010000000000000009,2026-08-29
lower_tail,okc,skip,0.95,0.02404299764381701,KXHIGHTOKC-26AUG29,1.0,0.945,KXHIGHTOKC-26AUG29-T98,0.974042997643817,0.94,no,price_out_of_range,2026-08-29 07:00:00+00:00,0.010000000000000009,2026-08-29
bounded,aus,skip,0.79,0.12873574233281004,KXHIGHAUS-26AUG29,,0.77,KXHIGHAUS-26AUG29-B101.5,0.9187357423328101,0.75,no,price_out_of_range,2026-08-29 08:00:00+00:00,0.040000000000000036,2026-08-29
bounded,aus,skip,0.98,0.015452588166243286,KXHIGHAUS-26AUG29,,0.975,KXHIGHAUS-26AUG29-B103.5,0.9954525881662433,0.97,no,price_out_of_range,2026-08-29 08:00:00+00:00,0.010000000000000009,2026-08-29
bounded,aus,skip,0.79,-0.19929949366677646,KXHIGHAUS-26AUG29,,0.77,KXHIGHAUS-26AUG29-B97.5,0.5907005063332236,0.75,no,price_out_of_range,2026-08-29 08:00:00+00:00,0.040000000000000036,2026-08-29
bounded,aus,skip,0.46,0.1733492751414884,KXHIGHAUS-26AUG29,,0.455,KXHIGHAUS-26AUG29-B99.5,0.6333492751414884,0.45,no,price_out_of_range,2026-08-29 08:00:00+00:00,0.010000000000000009,2026-08-29
upper_tail,aus,skip,1.0,-0.0009990009990009652,KXHIGHAUS-26AUG29,,0.995,KXHIGHAUS-26AUG29-T104,0.999000999000999,0.99,no,price_out_of_range,2026-08-29 08:00:00+00:00,0.010000000000000009,2026-08-29
lower_tail,aus,skip,0.99,-0.12723911097476437,KXHIGHAUS-26AUG29,,0.98,KXHIGHAUS-26AUG29-T97,0.8627608890252356,0.97,no,price_out_of_range,2026-08-29 08:00:00+00:00,0.020000000000000018,2026-08-29
bounded,den,skip,0.68,-0.10560194956186164,KXHIGHDEN-26AUG29,,0.675,KXHIGHDEN-26AUG29-B90.5,0.5743980504381384,0.67,no,price_out_of_range,2026-08-29 08:00:00+00:00,0.010000000000000009,2026-08-29
bounded,den,buy,0.56,0.0674594069124389,KXHIGHDEN-26AUG29,,0.555,KXHIGHDEN-26AUG29-B92.5,0.627459406912439,0.55,no,,2026-08-29 08:00:00+00:00,0.010000000000000009,2026-08-29
bounded,den,skip,0.89,0.03429883973340475,KXHIGHDEN-26AUG29,,0.885,KXHIGHDEN-26AUG29-B94.5,0.9242988397334048,0.88,no,price_out_of_range,2026-08-29 08:00:00+00:00,0.010000000000000009,2026-08-29
bounded,den,skip,0.99,0.009001996007984014,KXHIGHDEN-26AUG29,,0.985,KXHIGHDEN-26AUG29-B96.5,0.999001996007984,0.98,no,price_out_of_range,2026-08-29 08:00:00+00:00,0.010000000000000009,2026-08-29
lower_tail,den,skip,0.87,0.005839710900049866,KXHIGHDEN-26AUG29,,0.865,KXHIGHDEN-26AUG29-T90,0.8758397109000499,0.86,no,price_out_of_range,2026-08-29 08:00:00+00:00,0.010000000000000009,2026-08-29
upper_tail,den,skip,1.0,-0.0009980039920159944,KXHIGHDEN-26AUG29,,0.995,KXHIGHDEN-26AUG29-T97,0.999001996007984,0.99,no,price_out_of_range,2026-08-29 08:00:00+00:00,0.010000000000000009,2026-08-29
bounded,la,skip,0.99,0.005228240476164658,KXHIGHLAX-26AUG29,,0.985,KXHIGHLAX-26AUG29-B79.5,0.9952282404761646,0.98,no,price_out_of_range,2026-08-29 08:00:00+00:00,0.010000000000000009,2026-08-29
bounded,la,skip,0.95,-0.044671265741059285,KXHIGHLAX-26AUG29,,0.945,KXHIGHLAX-26AUG29-B81.5,0.9053287342589407,0.94,no,price_out_of_range,2026-08-29 08:00:00+00:00,0.010000000000000009,2026-08-29
bounded,la,skip,0.7,-0.12460935167003129,KXHIGHLAX-26AUG29,,0.695,KXHIGHLAX-26AUG29-B83.5,0.5753906483299687,0.69,no,price_out_of_range,2026-08-29 08:00:00+00:00,0.010000000000000009,2026-08-29
bounded,la,buy,0.53,0.07625973059187607,KXHIGHLAX-26AUG29,,0.52,KXHIGHLAX-26AUG29-B85.5,0.6062597305918761,0.51,no,,2026-08-29 08:00:00+00:00,0.020000000000000018,2026-08-29
lower_tail,la,skip,1.0,-0.0009990009990009652,KXHIGHLAX-26AUG29,,0.995,KXHIGHLAX-26AUG29-T79,0.999000999000999,0.99,no,price_out_of_range,2026-08-29 08:00:00+00:00,0.010000000000000009,2026-08-29
upper_tail,la,skip,0.81,0.10879164734205093,KXHIGHLAX-26AUG29,,0.8,KXHIGHLAX-26AUG29-T86,0.918791647342051,0.79,no,price_out_of_range,2026-08-29 08:00:00+00:00,0.020000000000000018,2026-08-29
bounded,mia,skip,0.97,-0.2089271734556697,KXHIGHMIA-26AUG29,,0.965,KXHIGHMIA-26AUG29-B88.5,0.7610728265443303,0.96,no,price_out_of_range,2026-08-29 08:00:00+00:00,0.010000000000000009,2026-08-29
bounded,mia,skip,0.75,-0.24824258102594188,KXHIGHMIA-26AUG29,,0.74,KXHIGHMIA-26AUG29-B90.5,0.5017574189740581,0.73,no,price_out_of_range,2026-08-29 08:00:00+00:00,0.020000000000000018,2026-08-29
bounded,mia,skip,0.4,0.4000366298846977,KXHIGHMIA-26AUG29,,0.385,KXHIGHMIA-26AUG29-B92.5,0.8000366298846977,0.37,no,price_out_of_range,2026-08-29 08:00:00+00:00,0.030000000000000027,2026-08-29
bounded,mia,skip,0.92,0.05258560823049274,KXHIGHMIA-26AUG29,,0.915,KXHIGHMIA-26AUG29-B94.5,0.9725856082304928,0.91,no,price_out_of_range,2026-08-29 08:00:00+00:00,0.010000000000000009,2026-08-29
lower_tail,mia,skip,0.99,-0.024453482634578028,KXHIGHMIA-26AUG29,,0.985,KXHIGHMIA-26AUG29-T88,0.965546517365422,0.98,no,price_out_of_range,2026-08-29 08:00:00+00:00,0.010000000000000009,2026-08-29
upper_tail,mia,skip,0.99,0.009000999000999044,KXHIGHMIA-26AUG29,,0.985,KXHIGHMIA-26AUG29-T95,0.999000999000999,0.98,no,price_out_of_range,2026-08-29 08:00:00+00:00,0.010000000000000009,2026-08-29
bounded,nyc,skip,0.64,-0.15167746263205417,KXHIGHNY-26AUG29,3.0,0.635,KXHIGHNY-26AUG29-B79.5,0.48832253736794584,0.63,no,ev_below_threshold,2026-08-29 08:00:00+00:00,0.010000000000000009,2026-08-29
bounded,nyc,skip,0.93,-0.15183140298083775,KXHIGHNY-26AUG29,3.0,0.925,KXHIGHNY-26AUG29-B81.5,0.7781685970191623,0.92,no,price_out_of_range,2026-08-29 08:00:00+00:00,0.010000000000000009,2026-08-29
bounded,nyc,skip,0.99,-0.020581313139336754,KXHIGHNY-26AUG29,3.0,0.985,KXHIGHNY-26AUG29-B83.5,0.9694186868606632,0.98,no,price_out_of_range,2026-08-29 08:00:00+00:00,0.010000000000000009,2026-08-29
bounded,nyc,skip,1.0,-0.0009980039920159944,KXHIGHNY-26AUG29,3.0,0.995,KXHIGHNY-26AUG29-B85.5,0.999001996007984,0.99,no,price_out_of_range,2026-08-29 08:00:00+00:00,0.010000000000000009,2026-08-29
lower_tail,nyc,skip,0.43,0.3360861867362605,KXHIGHNY-26AUG29,3.0,0.42,KXHIGHNY-26AUG29-T79,0.7660861867362605,0.41,no,price_out_of_range,2026-08-29 08:00:00+00:00,0.020000000000000018,2026-08-29
upper_tail,nyc,skip,1.0,-0.0009980039920159944,KXHIGHNY-26AUG29,3.0,0.995,KXHIGHNY-26AUG29-T86,0.999001996007984,0.99,no,price_out_of_range,2026-08-29 08:00:00+00:00,0.010000000000000009,2026-08-29
bounded,okc,buy,0.53,0.04738950239618589,KXHIGHTOKC-26AUG29,2.0,0.515,KXHIGHTOKC-26AUG29-B100.5,0.5773895023961859,0.5,no,,2026-08-29 08:00:00+00:00,0.030000000000000027,2026-08-29
bounded,okc,skip,0.71,-0.03126651451549756,KXHIGHTOKC-26AUG29,2.0,0.685,KXHIGHTOKC-26AUG29-B102.5,0.6787334854845024,0.66,no,price_out_of_range,2026-08-29 08:00:00+00:00,0.04999999999999993,2026-08-29
bounded,okc,skip,0.93,0.003560363634154462,KXHIGHTOKC-26AUG29,2.0,0.91,KXHIGHTOKC-26AUG29-B104.5,0.9335603636341545,0.89,no,price_out_of_range,2026-08-29 08:00:00+00:00,0.040000000000000036,2026-08-29
bounded,okc,skip,0.88,-0.04151857823908445,KXHIGHTOKC-26AUG29,2.0,0.87,KXHIGHTOKC-26AUG29-B98.5,0.8384814217609156,0.86,no,price_out_of_range,2026-08-29 08:00:00+00:00,0.020000000000000018,2026-08-29
upper_tail,okc,skip,1.0,-0.0009990009990009652,KXHIGHTOKC-26AUG29,2.0,0.995,KXHIGHTOKC-26AUG29-T105,0.999000999000999,0.99,no,price_out_of_range,2026-08-29 08:00:00+00:00,0.010000000000000009,2026-08-29
lower_tail,okc,skip,0.97,0.0028342277232427104,KXHIGHTOKC-26AUG29,2.0,0.965,KXHIGHTOKC-26AUG29-T98,0.9728342277232427,0.96,no,price_out_of_range,2026-08-29 08:00:00+00:00,0.010000000000000009,2026-08-29
bounded,aus,skip,0.79,0.13776526254568322,KXHIGHAUS-26AUG29,,0.775,KXHIGHAUS-26AUG29-B101.5,0.9277652625456833,0.76,no,price_out_of_range,2026-08-29 09:00:00+00:00,0.030000000000000027,2026-08-29
bounded,aus,skip,0.98,0.01900120835854313,KXHIGHAUS-26AUG29,,0.975,KXHIGHAUS-26AUG29-B103.5,0.9990012083585431,0.97,no,price_out_of_range,2026-08-29 09:00:00+00:00,0.010000000000000009,2026-08-29
bounded,aus,skip,0.79,-0.20946723903375597,KXHIGHAUS-26AUG29,,0.78,KXHIGHAUS-26AUG29-B97.5,0.5805327609662441,0.77,no,price_out_of_range,2026-08-29 09:00:00+00:00,0.020000000000000018,2026-08-29
bounded,aus,skip,0.47,0.18886400199885323,KXHIGHAUS-26AUG29,,0.46499999999999997,KXHIGHAUS-26AUG29-B99.5,0.6588640019988532,0.46,no,price_out_of_range,2026-08-29 09:00:00+00:00,0.009999999999999953,2026-08-29
upper_tail,aus,skip,1.0,-0.0009987916414568865,KXHIGHAUS-26AUG29,,0.995,KXHIGHAUS-26AUG29-T104,0.9990012083585431,0.99,no,price_out_of_range,2026-08-29 09:00:00+00:00,0.010000000000000009,2026-08-29
lower_tail,aus,skip,0.99,-0.15516444222786696,KXHIGHAUS-26AUG29,,0.98,KXHIGHAUS-26AUG29-T97,0.834835557772133,0.97,no,price_out_of_range,2026-08-29 09:00:00+00:00,0.020000000000000018,2026-08-29
bounded,den,skip,0.66,-0.04722885371031349,KXHIGHDEN-26AUG29,,0.655,KXHIGHDEN-26AUG29-B90.5,0.6127711462896865,0.65,no,price_out_of_range,2026-08-29 09:00:00+00:00,0.010000000000000009,2026-08-29
bounded,den,buy,0.57,0.02592741987839975,KXHIGHDEN-26AUG29,,0.565,KXHIGHDEN-26AUG29-B92.5,0.5959274198783997,0.56,no,,2026-08-29 09:00:00+00:00,0.009999999999999898,2026-08-29
bounded,den,skip,0.89,0.007278613831518288,KXHIGHDEN-26AUG29,,0.875,KXHIGHDEN-26AUG29-B94.5,0.8972786138315183,0.86,no,price_out_of_range,2026-08-29 09:00:00+00:00,0.030000000000000027,2026-08-29
bounded,den,skip,0.99,-0.0009363229325453082,KXHIGHDEN-26AUG29,,0.985,KXHIGHDEN-26AUG29-B96.5,0.9890636770674547,0.98,no,price_out_of_range,2026-08-29 09:00:00+00:00,0.010000000000000009,2026-08-29
lower_tail,den,skip,0.86,0.045958143931941864,KXHIGHDEN-26AUG29,,0.845,KXHIGHDEN-26AUG29-T90,0.9059581439319419,0.83,no,price_out_of_range,2026-08-29 09:00:00+00:00,0.030000000000000027,2026-08-29
upper_tail,den,skip,1.0,-0.0009990009990009652,KXHIGHDEN-26AUG29,,0.995,KXHIGHDEN-26AUG29-T97,0.999000999000999,0.99,no,price_out_of_range,2026-08-29 09:00:00+00:00,0.010000000000000009,2026-08-29
bounded,la,skip,0.99,0.0067438180081043075,KXHIGHLAX-26AUG29,,0.985,KXHIGHLAX-26AUG29-B79.5,0.9967438180081043,0.98,no,price_out_of_range,2026-08-29 09:00:00+00:00,0.010000000000000009,2026-08-29
bounded,la,skip,0.95,-0.042191256354813356,KXHIGHLAX-26AUG29,,0.945,KXHIGHLAX-26AUG29-B81.5,0.9078087436451866,0.94,no,price_out_of_range,2026-08-29 09:00:00+00:00,0.010000000000000009,2026-08-29
bounded,la,skip,0.73,-0.14941567491926044,KXHIGHLAX-26AUG29,,0.725,KXHIGHLAX-26AUG29-B83.5,0.5805843250807395,0.72,no,price_out_of_range,2026-08-29 09:00:00+00:00,0.010000000000000009,2026-08-29
bounded,la,buy,0.54,0.059899743600190014,KXHIGHLAX-26AUG29,,0.52,KXHIGHLAX-26AUG29-B85.5,0.59989974360019,0.5,no,,2026-08-29 09:00:00+00:00,0.040000000000000036,2026-08-29
lower_tail,la,skip,1.0,-0.0009990009990009652,KXHIGHLAX-26AUG29,,0.995,KXHIGHLAX-26AUG29-T79,0.999000999000999,0.99,no,price_out_of_range,2026-08-29 09:00:00+00:00,0.010000000000000009,2026-08-29
upper_tail,la,skip,0.81,0.1059623706647802,KXHIGHLAX-26AUG29,,0.8,KXHIGHLAX-26AUG29-T86,0.9159623706647803,0.79,no,price_out_of_range,2026-08-29 09:00:00+00:00,0.020000000000000018,2026-08-29
bounded,mia,skip,0.98,-0.22779558180923065,KXHIGHMIA-26AUG29,,0.97,KXHIGHMIA-26AUG29-B88.5,0.7522044181907693,0.96,no,price_out_of_range,2026-08-29 09:00:00+00:00,0.020000000000000018,2026-08-29
bounded,mia,skip,0.73,-0.22564193908089258,KXHIGHMIA-26AUG29,,0.72,KXHIGHMIA-26AUG29-B90.5,0.5043580609191074,0.71,no,price_out_of_range,2026-08-29 09:00:00+00:00,0.020000000000000018,2026-08-29
bounded,mia,skip,0.4,0.40589771403041397,KXHIGHMIA-26AUG29,,0.39,KXHIGHMIA-26AUG29-B92.5,0.805897714030414,0.38,no,price_out_of_range,2026-08-29 09:00:00+00:00,0.020000000000000018,2026-08-29
bounded,mia,skip,0.92,0.05408058736625998,KXHIGHMIA-26AUG29,,0.915,KXHIGHMIA-26AUG29-B94.5,0.97408058736626,0.91,no,price_out_of_range,2026-08-29 09:00:00+00:00,0.010000000000000009,2026-08-29
lower_tail,mia,skip,0.99,-0.02554177950754999,KXHIGHMIA-26AUG29,,0.985,KXHIGHMIA-26AUG29-T88,0.96445822049245,0.98,no,price_out_of_range,2026-08-29 09:00:00+00:00,0.010000000000000009,2026-08-29
upper_tail,mia,skip,0.99,0.009000999000999044,KXHIGHMIA-26AUG29,,0.985,KXHIGHMIA-26AUG29-T95,0.999000999000999,0.98,no,price_out_of_range,2026-08-29 09:00:00+00:00,0.010000000000000009,2026-08-29
bounded,nyc,skip,0.62,-0.1350618398235628,KXHIGHNY-26AUG29,4.0,0.61,KXHIGHNY-26AUG29-B79.5,0.4849381601764372,0.6,no,ev_below_threshold,2026-08-29 09:00:00+00:00,0.020000000000000018,2026-08-29
bounded,nyc,skip,0.94,-0.1461256598232583,KXHIGHNY-26AUG29,4.0,0.9299999999999999,KXHIGHNY-26AUG29-B81.5,0.7938743401767416,0.92,no,price_out_of_range,2026-08-29 09:00:00+00:00,0.019999999999999907,2026-08-29
bounded,nyc,skip,0.99,-0.01664481344077573,KXHIGHNY-26AUG29,4.0,0.985,KXHIGHNY-26AUG29-B83.5,0.9733551865592243,0.98,no,price_out_of_range,2026-08-29 09:00:00+00:00,0.010000000000000009,2026-08-29
bounded,nyc,skip,1.0,-0.0009980039920159944,KXHIGHNY-26AUG29,4.0,0.995,KXHIGHNY-26AUG29-B85.5,0.999001996007984,0.99,no,price_out_of_range,2026-08-29 09:00:00+00:00,0.010000000000000009,2026-08-29
lower_tail,nyc,skip,0.47,0.2798283210716289,KXHIGHNY-26AUG29,4.0,0.45999999999999996,KXHIGHNY-26AUG29-T79,0.7498283210716289,0.45,no,price_out_of_range,2026-08-29 09:00:00+00:00,0.019999999999999962,2026-08-29
upper_tail,nyc,skip,1.0,-0.0009980039920159944,KXHIGHNY-26AUG29,4.0,0.995,KXHIGHNY-26AUG29-T86,0.999001996007984,0.99,no,price_out_of_range,2026-08-29 09:00:00+00:00,0.010000000000000009,2026-08-29
bounded,okc,skip,0.48,0.09821210169877936,KXHIGHTOKC-26AUG29,3.0,0.475,KXHIGHTOKC-26AUG29-B100.5,0.5782121016987793,0.47,no,price_out_of_range,2026-08-29 09:00:00+00:00,0.010000000000000009,2026-08-29
bounded,okc,skip,0.71,-0.028291292490940645,KXHIGHTOKC-26AUG29,3.0,0.6950000000000001,KXHIGHTOKC-26AUG29-B102.5,0.6817087075090593,0.68,no,price_out_of_range,2026-08-29 09:00:00+00:00,0.029999999999999916,2026-08-29
bounded,okc,skip,0.93,0.0036698932519813043,KXHIGHTOKC-26AUG29,3.0,0.915,KXHIGHTOKC-26AUG29-B104.5,0.9336698932519814,0.9,no,price_out_of_range,2026-08-29 09:00:00+00:00,0.030000000000000027,2026-08-29
bounded,okc,skip,0.88,-0.044360924568586646,KXHIGHTOKC-26AUG29,3.0,0.865,KXHIGHTOKC-26AUG29-B98.5,0.8356390754314134,0.85,no,price_out_of_range,2026-08-29 09:00:00+00:00,0.030000000000000027,2026-08-29
upper_tail,okc,skip,1.0,-0.0009990009990009652,KXHIGHTOKC-26AUG29,3.0,0.995,KXHIGHTOKC-26AUG29-T105,0.999000999000999,0.99,no,price_out_of_range,2026-08-29 09:00:00+00:00,0.010000000000000009,2026-08-29
lower_tail,okc,skip,0.97,0.0017692231077676146,KXHIGHTOKC-26AUG29,3.0,0.965,KXHIGHTOKC-26AUG29-T98,0.9717692231077676,0.96,no,price_out_of_range,2026-08-29 09:00:00+00:00,0.010000000000000009,2026-08-29
bounded,aus,skip,0.79,0.1362478298011628,KXHIGHAUS-26AUG29,,0.785,KXHIGHAUS-26AUG29-B101.5,0.9262478298011628,0.78,no,price_out_of_range,2026-08-29 10:00:00+00:00,0.010000000000000009,2026-08-29
bounded,aus,skip,0.99,0.00810112736843771,KXHIGHAUS-26AUG29,,0.985,KXHIGHAUS-26AUG29-B103.5,0.9981011273684377,0.98,no,price_out_of_range,2026-08-29 10:00:00+00:00,0.010000000000000009,2026-08-29
bounded,aus,skip,0.78,-0.19654175125545337,KXHIGHAUS-26AUG29,,0.77,KXHIGHAUS-26AUG29-B97.5,0.5834582487445467,0.76,no,price_out_of_range,2026-08-29 10:00:00+00:00,0.020000000000000018,2026-08-29
bounded,aus,skip,0.46,0.1963640958330442,KXHIGHAUS-26AUG29,,0.445,KXHIGHAUS-26AUG29-B99.5,0.6563640958330442,0.43,no,price_out_of_range,2026-08-29 10:00:00+00:00,0.030000000000000027,2026-08-29
upper_tail,aus,skip,1.0,-0.0009990009990009652,KXHIGHAUS-26AUG29,,0.995,KXHIGHAUS-26AUG29-T104,0.999000999000999,0.99,no,price_out_of_range,2026-08-29 10:00:00+00:00,0.010000000000000009,2026-08-29
lower_tail,aus,skip,0.97,-0.1331723007481902,KXHIGHAUS-26AUG29,,0.96,KXHIGHAUS-26AUG29-T97,0.8368276992518098,0.95,no,price_out_of_range,2026-08-29 10:00:00+00:00,0.020000000000000018,2026-08-29
bounded,den,buy,0.58,0.03403482996485119,KXHIGHDEN-26AUG29,,0.575,KXHIGHDEN-26AUG29-B90.5,0.6140348299648511,0.57,no,,2026-08-29 10:00:00+00:00,0.010000000000000009,2026-08-29
bounded,den,skip,0.59,0.010523602775835417,KXHIGHDEN-26AUG29,,0.58,KXHIGHDEN-26AUG29-B92.5,0.6005236027758354,0.57,no,ev_below_threshold,2026-08-29 10:00:00+00:00,0.020000000000000018,2026-08-29
bounded,den,skip,0.93,-0.034415864866382706,KXHIGHDEN-26AUG29,,0.925,KXHIGHDEN-26AUG29-B94.5,0.8955841351336173,0.92,no,price_out_of_range,2026-08-29 10:00:00+00:00,0.010000000000000009,2026-08-29
bounded,den,skip,1.0,-0.01224117092921273,KXHIGHDEN-26AUG29,,0.995,KXHIGHDEN-26AUG29-B96.5,0.9877588290707873,0.99,no,price_out_of_range,2026-08-29 10:00:00+00:00,0.010000000000000009,2026-08-29
lower_tail,den,skip,0.87,0.033097604053909824,KXHIGHDEN-26AUG29,,0.865,KXHIGHDEN-26AUG29-T90,0.9030976040539098,0.86,no,price_out_of_range,2026-08-29 10:00:00+00:00,0.010000000000000009,2026-08-29
upper_tail,den,skip,1.0,-0.0009990009990009652,KXHIGHDEN-26AUG29,,0.995,KXHIGHDEN-26AUG29-T97,0.999000999000999,0.99,no,price_out_of_range,2026-08-29 10:00:00+00:00,0.010000000000000009,2026-08-29
bounded,la,skip,0.99,0.008138955903951861,KXHIGHLAX-26AUG29,,0.985,KXHIGHLAX-26AUG29-B79.5,0.9981389559039519,0.98,no,price_out_of_range,2026-08-29 10:00:00+00:00,0.010000000000000009,2026-08-29
bounded,la,skip,0.95,-0.04043808663202664,KXHIGHLAX-26AUG29,,0.945,KXHIGHLAX-26AUG29-B81.5,0.9095619133679733,0.94,no,price_out_of_range,2026-08-29 10:00:00+00:00,0.010000000000000009,2026-08-29
bounded,la,skip,0.73,-0.1469581212222446,KXHIGHLAX-26AUG29,,0.72,KXHIGHLAX-26AUG29-B83.5,0.5830418787777554,0.71,no,price_out_of_range,2026-08-29 10:00:00+00:00,0.020000000000000018,2026-08-29
bounded,la,buy,0.56,0.03530904632072451,KXHIGHLAX-26AUG29,,0.545,KXHIGHLAX-26AUG29-B85.5,0.5953090463207246,0.53,no,,2026-08-29 10:00:00+00:00,0.030000000000000027,2026-08-29
lower_tail,la,skip,1.0,-0.0009990009990009652,KXHIGHLAX-26AUG29,,0.995,KXHIGHLAX-26AUG29-T79,0.999000999000999,0.99,no,price_out_of_range,2026-08-29 10:00:00+00:00,0.010000000000000009,2026-08-29
upper_tail,la,skip,0.76,0.15494720662859574,KXHIGHLAX-26AUG29,,0.755,KXHIGHLAX-26AUG29-T86,0.9149472066285957,0.75,no,price_out_of_range,2026-08-29 10:00:00+00:00,0.010000000000000009,2026-08-29
bounded,mia,skip,0.98,-0.22537013670236017,KXHIGHMIA-26AUG29,,0.97,KXHIGHMIA-26AUG29-B88.5,0.7546298632976398,0.96,no,price_out_of_range,2026-08-29 10:00:00+00:00,0.020000000000000018,2026-08-29
bounded,mia,skip,0.73,-0.22781069766560913,KXHIGHMIA-26AUG29,,0.72,KXHIGHMIA-26AUG29-B90.5,0.5021893023343909,0.71,no,price_out_of_range,2026-08-29 10:00:00+00:00,0.020000000000000018,2026-08-29
bounded,mia,skip,0.42,0.3849974585898805,KXHIGHMIA-26AUG29,,0.4,KXHIGHMIA-26AUG29-B92.5,0.8049974585898805,0.38,no,price_out_of_range,2026-08-29 10:00:00+00:00,0.03999999999999998,2026-08-29
bounded,mia,skip,0.92,0.0541396571920042,KXHIGHMIA-26AUG29,,0.91,KXHIGHMIA-26AUG29-B94.5,0.9741396571920042,0.9,no,price_out_of_range,2026-08-29 10:00:00+00:00,0.020000000000000018,2026-08-29
lower_tail,mia,skip,0.99,-0.024957280414914407,KXHIGHMIA-26AUG29,,0.985,KXHIGHMIA-26AUG29-T88,0.9650427195850856,0.98,no,price_out_of_range,2026-08-29 10:00:00+00:00,0.010000000000000009,2026-08-29
upper_tail,mia,skip,1.0,-0.0009990009990009652,KXHIGHMIA-26AUG29,,0.995,KXHIGHMIA-26AUG29-T95,0.999000999000999,0.99,no,price_out_of_range,2026-08-29 10:00:00+00:00,0.010000000000000009,2026-08-29
bounded,nyc,skip,0.56,-0.07754133371456706,KXHIGHNY-26AUG29,5.0,0.55,KXHIGHNY-26AUG29-B79.5,0.482458666285433,0.54,no,ev_below_threshold,2026-08-29 10:00:00+00:00,0.020000000000000018,2026-08-29
bounded,nyc,skip,0.97,-0.18296336428430848,KXHIGHNY-26AUG29,5.0,0.965,KXHIGHNY-26AUG29-B81.5,0.7870366357156915,0.96,no,price_out_of_range,2026-08-29 10:00:00+00:00,0.010000000000000009,2026-08-29
bounded,nyc,skip,1.0,-0.02768371823674609,KXHIGHNY-26AUG29,5.0,0.995,KXHIGHNY-26AUG29-B83.5,0.9723162817632539,0.99,no,price_out_of_range,2026-08-29 10:00:00+00:00,0.010000000000000009,2026-08-29
bounded,nyc,skip,1.0,-0.0009980039920159944,KXHIGHNY-26AUG29,5.0,0.995,KXHIGHNY-26AUG29-B85.5,0.999001996007984,0.99,no,price_out_of_range,2026-08-29 10:00:00+00:00,0.010000000000000009,2026-08-29
lower_tail,nyc,skip,0.49,0.2701844242196535,KXHIGHNY-26AUG29,5.0,0.48,KXHIGHNY-26AUG29-T79,0.7601844242196535,0.47,no,price_out_of_range,2026-08-29 10:00:00+00:00,0.020000000000000018,2026-08-29
upper_tail,nyc,skip,1.0,-0.0009980039920159944,KXHIGHNY-26AUG29,5.0,0.995,KXHIGHNY-26AUG29-T86,0.999001996007984,0.99,no,price_out_of_range,2026-08-29 10:00:00+00:00,0.010000000000000009,2026-08-29
bounded,okc,buy,0.53,0.05020104779319301,KXHIGHTOKC-26AUG29,4.0,0.525,KXHIGHTOKC-26AUG29-B100.5,0.580201047793193,0.52,no,,2026-08-29 10:00:00+00:00,0.010000000000000009,2026-08-29
bounded,okc,skip,0.71,-0.031185657069102923,KXHIGHTOKC-26AUG29,4.0,0.685,KXHIGHTOKC-26AUG29-B102.5,0.678814342930897,0.66,no,price_out_of_range,2026-08-29 10:00:00+00:00,0.04999999999999993,2026-08-29
bounded,okc,skip,0.94,-0.00773412112716354,KXHIGHTOKC-26AUG29,4.0,0.9299999999999999,KXHIGHTOKC-26AUG29-B104.5,0.9322658788728364,0.92,no,price_out_of_range,2026-08-29 10:00:00+00:00,0.019999999999999907,2026-08-29
bounded,okc,skip,0.88,-0.04234828625880749,KXHIGHTOKC-26AUG29,4.0,0.875,KXHIGHTOKC-26AUG29-B98.5,0.8376517137411925,0.87,no,price_out_of_range,2026-08-29 10:00:00+00:00,0.010000000000000009,2026-08-29
upper_tail,okc,skip,1.0,-0.0009998535752820947,KXHIGHTOKC-26AUG29,4.0,0.995,KXHIGHTOKC-26AUG29-T105,0.9990001464247179,0.99,no,price_out_of_range,2026-08-29 10:00:00+00:00,0.010000000000000009,2026-08-29
lower_tail,okc,skip,0.97,0.002066870237163232,KXHIGHTOKC-26AUG29,4.0,0.965,KXHIGHTOKC-26AUG29-T98,0.9720668702371632,0.96,no,price_out_of_range,2026-08-29 10:00:00+00:00,0.010000000000000009,2026-08-29
bounded,aus,skip,0.85,0.09449608474347038,KXHIGHAUS-26AUG29,,0.845,KXHIGHAUS-26AUG29-B101.5,0.9444960847434704,0.84,no,price_out_of_range,2026-08-29 11:00:00+00:00,0.010000000000000009,2026-08-29
bounded,aus,skip,0.99,0.009001996007984014,KXHIGHAUS-26AUG29,,0.985,KXHIGHAUS-26AUG29-B103.5,0.999001996007984,0.98,no,price_out_of_range,2026-08-29 11:00:00+00:00,0.010000000000000009,2026-08-29
bounded,aus,skip,0.78,-0.21401508328400753,KXHIGHAUS-26AUG29,,0.77,KXHIGHAUS-26AUG29-B97.5,0.5659849167159925,0.76,no,price_out_of_range,2026-08-29 11:00:00+00:00,0.020000000000000018,2026-08-29
bounded,aus,skip,0.42,0.2713239871657959,KXHIGHAUS-26AUG29,,0.415,KXHIGHAUS-26AUG29-B99.5,0.6913239871657959,0.41,no,price_out_of_range,2026-08-29 11:00:00+00:00,0.010000000000000009,2026-08-29
upper_tail,aus,skip,1.0,-0.0009980039920159944,KXHIGHAUS-26AUG29,,0.995,KXHIGHAUS-26AUG29-T104,0.999001996007984,0.99,no,price_out_of_range,2026-08-29 11:00:00+00:00,0.010000000000000009,2026-08-29
lower_tail,aus,skip,0.97,-0.16980898064122685,KXHIGHAUS-26AUG29,,0.965,KXHIGHAUS-26AUG29-T97,0.8001910193587731,0.96,no,price_out_of_range,2026-08-29 11:00:00+00:00,0.010000000000000009,2026-08-29
bounded,den,buy,0.62,0.027595916671364296,KXHIGHDEN-26AUG29,,0.605,KXHIGHDEN-26AUG29-B90.5,0.6475959166713643,0.59,no,,2026-08-29 11:00:00+00:00,0.030000000000000027,2026-08-29
bounded,den,skip,0.59,-0.004606608383128763,KXHIGHDEN-26AUG29,,0.5700000000000001,KXHIGHDEN-26AUG29-B92.5,0.5853933916168712,0.55,no,ev_below_threshold,2026-08-29 11:00:00+00:00,0.039999999999999925,2026-08-29
bounded,den,skip,0.93,-0.06367762534485788,KXHIGHDEN-26AUG29,,0.925,KXHIGHDEN-26AUG29-B94.5,0.8663223746551422,0.92,no,price_out_of_range,2026-08-29 11:00:00+00:00,0.010000000000000009,2026-08-29
bounded,den,skip,1.0,-0.019354706844175618,KXHIGHDEN-26AUG29,,0.995,KXHIGHDEN-26AUG29-B96.5,0.9806452931558244,0.99,no,price_out_of_range,2026-08-29 11:00:00+00:00,0.010000000000000009,2026-08-29
lower_tail,den,skip,0.87,0.05104202489979914,KXHIGHDEN-26AUG29,,0.865,KXHIGHDEN-26AUG29-T90,0.9210420248997991,0.86,no,price_out_of_range,2026-08-29 11:00:00+00:00,0.010000000000000009,2026-08-29
upper_tail,den,skip,1.0,-0.0009990009990009652,KXHIGHDEN-26AUG29,,0.995,KXHIGHDEN-26AUG29-T97,0.999000999000999,0.99,no,price_out_of_range,2026-08-29 11:00:00+00:00,0.010000000000000009,2026-08-29
bounded,la,skip,0.99,0.009001246609868674,KXHIGHLAX-26AUG29,,0.985,KXHIGHLAX-26AUG29-B79.5,0.9990012466098687,0.98,no,price_out_of_range,2026-08-29 11:00:00+00:00,0.010000000000000009,2026-08-29
bounded,la,skip,0.95,-0.039160517623689994,KXHIGHLAX-26AUG29,,0.945,KXHIGHLAX-26AUG29-B81.5,0.91083948237631,0.94,no,price_out_of_range,2026-08-29 11:00:00+00:00,0.010000000000000009,2026-08-29
bounded,la,skip,0.79,-0.2055110260671007,KXHIGHLAX-26AUG29,,0.78,KXHIGHLAX-26AUG29-B83.5,0.5844889739328993,0.77,no,price_out_of_range,2026-08-29 11:00:00+00:00,0.020000000000000018,2026-08-29
bounded,la,skip,0.58,0.012090291461732572,KXHIGHLAX-26AUG29,,0.5700000000000001,KXHIGHLAX-26AUG29-B85.5,0.5920902914617325,0.56,no,ev_below_threshold,2026-08-29 11:00:00+00:00,0.019999999999999907,2026-08-29
lower_tail,la,skip,1.0,-0.000998753390131335,KXHIGHLAX-26AUG29,,0.995,KXHIGHLAX-26AUG29-T79,0.9990012466098687,0.99,no,price_out_of_range,2026-08-29 11:00:00+00:00,0.010000000000000009,2026-08-29
upper_tail,la,skip,0.69,0.2245787590093209,KXHIGHLAX-26AUG29,,0.675,KXHIGHLAX-26AUG29-T86,0.9145787590093208,0.66,no,price_out_of_range,2026-08-29 11:00:00+00:00,0.029999999999999916,2026-08-29
bounded,mia,skip,0.97,-0.2135618307765469,KXHIGHMIA-26AUG29,,0.965,KXHIGHMIA-26AUG29-B88.5,0.7564381692234531,0.96,no,price_out_of_range,2026-08-29 11:00:00+00:00,0.010000000000000009,2026-08-29
bounded,mia,skip,0.74,-0.23971176534776972,KXHIGHMIA-26AUG29,,0.725,KXHIGHMIA-26AUG29-B90.5,0.5002882346522303,0.71,no,price_out_of_range,2026-08-29 11:00:00+00:00,0.030000000000000027,2026-08-29
bounded,mia,skip,0.41,0.3944632585351093,KXHIGHMIA-26AUG29,,0.395,KXHIGHMIA-26AUG29-B92.5,0.8044632585351092,0.38,no,price_out_of_range,2026-08-29 11:00:00+00:00,0.02999999999999997,2026-08-29
bounded,mia,skip,0.92,0.05427491986397481,KXHIGHMIA-26AUG29,,0.915,KXHIGHMIA-26AUG29-B94.5,0.9742749198639749,0.91,no,price_out_of_range,2026-08-29 11:00:00+00:00,0.010000000000000009,2026-08-29
lower_tail,mia,skip,0.99,-0.02446558127576659,KXHIGHMIA-26AUG29,,0.985,KXHIGHMIA-26AUG29-T88,0.9655344187242334,0.98,no,price_out_of_range,2026-08-29 11:00:00+00:00,0.010000000000000009,2026-08-29
upper_tail,mia,skip,1.0,-0.0009990009990009652,KXHIGHMIA-26AUG29,,0.995,KXHIGHMIA-26AUG29-T95,0.999000999000999,0.99,no,price_out_of_range,2026-08-29 11:00:00+00:00,0.010000000000000009,2026-08-29
bounded,nyc,skip,0.58,-0.09572504586365282,KXHIGHNY-26AUG29,6.0,0.5700000000000001,KXHIGHNY-26AUG29-B79.5,0.48427495413634714,0.56,no,ev_below_threshold,2026-08-29 11:00:00+00:00,0.019999999999999907,2026-08-29
bounded,nyc,skip,0.95,-0.1482736568991434,KXHIGHNY-26AUG29,6.0,0.945,KXHIGHNY-26AUG29-B81.5,0.8017263431008566,0.94,no,price_out_of_range,2026-08-29 11:00:00+00:00,0.010000000000000009,2026-08-29
bounded,nyc,skip,1.0,-0.02396530807609576,KXHIGHNY-26AUG29,6.0,0.995,KXHIGHNY-26AUG29-B83.5,0.9760346919239042,0.99,no,price_out_of_range,2026-08-29 11:00:00+00:00,0.010000000000000009,2026-08-29
bounded,nyc,skip,1.0,-0.0009980039920159944,KXHIGHNY-26AUG29,6.0,0.995,KXHIGHNY-26AUG29-B85.5,0.999001996007984,0.99,no,price_out_of_range,2026-08-29 11:00:00+00:00,0.010000000000000009,2026-08-29
lower_tail,nyc,skip,0.48,0.2599600188229241,KXHIGHNY-26AUG29,6.0,0.475,KXHIGHNY-26AUG29-T79,0.7399600188229241,0.47,no,price_out_of_range,2026-08-29 11:00:00+00:00,0.010000000000000009,2026-08-29
upper_tail,nyc,skip,1.0,-0.0009980039920159944,KXHIGHNY-26AUG29,6.0,0.995,KXHIGHNY-26AUG29-T86,0.999001996007984,0.99,no,price_out_of_range,2026-08-29 11:00:00+00:00,0.010000000000000009,2026-08-29
bounded,okc,buy,0.52,0.05791451739823461,KXHIGHTOKC-26AUG29,5.0,0.5,KXHIGHTOKC-26AUG29-B100.5,0.5779145173982346,0.48,no,,2026-08-29 11:00:00+00:00,0.040000000000000036,2026-08-29
bounded,okc,skip,0.7,-0.015349783348586277,KXHIGHTOKC-26AUG29,5.0,0.6799999999999999,KXHIGHTOKC-26AUG29-B102.5,0.6846502166514137,0.66,no,price_out_of_range,2026-08-29 11:00:00+00:00,0.039999999999999925,2026-08-29
bounded,okc,skip,0.95,-0.015461398922623881,KXHIGHTOKC-26AUG29,5.0,0.9299999999999999,KXHIGHTOKC-26AUG29-B104.5,0.9345386010773761,0.91,no,price_out_of_range,2026-08-29 11:00:00+00:00,0.039999999999999925,2026-08-29
bounded,okc,skip,0.89,-0.05704361511373557,KXHIGHTOKC-26AUG29,5.0,0.885,KXHIGHTOKC-26AUG29-B98.5,0.8329563848862644,0.88,no,price_out_of_range,2026-08-29 11:00:00+00:00,0.010000000000000009,2026-08-29
upper_tail,okc,skip,1.0,-0.0009990009990009652,KXHIGHTOKC-26AUG29,5.0,0.995,KXHIGHTOKC-26AUG29-T105,0.999000999000999,0.99,no,price_out_of_range,2026-08-29 11:00:00+00:00,0.010000000000000009,2026-08-29
lower_tail,okc,skip,0.99,-0.019060719014287963,KXHIGHTOKC-26AUG29,5.0,0.985,KXHIGHTOKC-26AUG29-T98,0.970939280985712,0.98,no,price_out_of_range,2026-08-29 11:00:00+00:00,0.010000000000000009,2026-08-29
bounded,aus,skip,0.85,0.09296094212922068,KXHIGHAUS-26AUG29,,0.845,KXHIGHAUS-26AUG29-B101.5,0.9429609421292207,0.84,no,price_out_of_range,2026-08-29 12:00:00+00:00,0.010000000000000009,2026-08-29
bounded,aus,skip,0.99,0.009001996007984014,KXHIGHAUS-26AUG29,,0.985,KXHIGHAUS-26AUG29-B103.5,0.999001996007984,0.98,no,price_out_of_range,2026-08-29 12:00:00+00:00,0.010000000000000009,2026-08-29
bounded,aus,skip,0.75,-0.18249501296920845,KXHIGHAUS-26AUG29,,0.735,KXHIGHAUS-26AUG29-B97.5,0.5675049870307916,0.72,no,price_out_of_range,2026-08-29 12:00:00+00:00,0.030000000000000027,2026-08-29
bounded,aus,skip,0.44,0.24913618378641927,KXHIGHAUS-26AUG29,,0.42000000000000004,KXHIGHAUS-26AUG29-B99.5,0.6891361837864193,0.4,no,price_out_of_range,2026-08-29 12:00:00+00:00,0.03999999999999998,2026-08-29
upper_tail,aus,skip,1.0,-0.0009980039920159944,KXHIGHAUS-26AUG29,,0.995,KXHIGHAUS-26AUG29-T104,0.999001996007984,0.99,no,price_out_of_range,2026-08-29 12:00:00+00:00,0.010000000000000009,2026-08-29
lower_tail,aus,skip,0.98,-0.17760610496239937,KXHIGHAUS-26AUG29,,0.97,KXHIGHAUS-26AUG29-T97,0.8023938950376006,0.96,no,price_out_of_range,2026-08-29 12:00:00+00:00,0.020000000000000018,2026-08-29
bounded,den,buy,0.61,0.032414915920883636,KXHIGHDEN-26AUG29,,0.6,KXHIGHDEN-26AUG29-B90.5,0.6424149159208836,0.59,no,,2026-08-29 12:00:00+00:00,0.020000000000000018,2026-08-29
bounded,den,skip,0.57,0.019154888213963495,KXHIGHDEN-26AUG29,,0.565,KXHIGHDEN-26AUG29-B92.5,0.5891548882139634,0.56,no,ev_below_threshold,2026-08-29 12:00:00+00:00,0.009999999999999898,2026-08-29
bounded,den,skip,0.94,-0.06932391139362282,KXHIGHDEN-26AUG29,,0.935,KXHIGHDEN-26AUG29-B94.5,0.8706760886063771,0.93,no,price_out_of_range,2026-08-29 12:00:00+00:00,0.009999999999999898,2026-08-29
bounded,den,skip,1.0,-0.018542761629942173,KXHIGHDEN-26AUG29,,0.995,KXHIGHDEN-26AUG29-B96.5,0.9814572383700578,0.99,no,price_out_of_range,2026-08-29 12:00:00+00:00,0.010000000000000009,2026-08-29
lower_tail,den,skip,0.87,0.047295869887718944,KXHIGHDEN-26AUG29,,0.86,KXHIGHDEN-26AUG29-T90,0.9172958698877189,0.85,no,price_out_of_range,2026-08-29 12:00:00+00:00,0.020000000000000018,2026-08-29
upper_tail,den,skip,1.0,-0.0009990009990009652,KXHIGHDEN-26AUG29,,0.995,KXHIGHDEN-26AUG29-T97,0.999000999000999,0.99,no,price_out_of_range,2026-08-29 12:00:00+00:00,0.010000000000000009,2026-08-29
bounded,la,skip,1.0,-0.0009980039920159944,KXHIGHLAX-26AUG29,,0.995,KXHIGHLAX-26AUG29-B79.5,0.999001996007984,0.99,no,price_out_of_range,2026-08-29 12:00:00+00:00,0.010000000000000009,2026-08-29
bounded,la,skip,0.95,-0.024169162695955593,KXHIGHLAX-26AUG29,,0.945,KXHIGHLAX-26AUG29-B81.5,0.9258308373040444,0.94,no,price_out_of_range,2026-08-29 12:00:00+00:00,0.010000000000000009,2026-08-29
bounded,la,skip,0.81,-0.20010359031921354,KXHIGHLAX-26AUG29,,0.8,KXHIGHLAX-26AUG29-B83.5,0.6098964096807865,0.79,no,price_out_of_range,2026-08-29 12:00:00+00:00,0.020000000000000018,2026-08-29
bounded,la,skip,0.58,-0.01364038720389582,KXHIGHLAX-26AUG29,,0.575,KXHIGHLAX-26AUG29-B85.5,0.5663596127961041,0.57,no,ev_below_threshold,2026-08-29 12:00:00+00:00,0.010000000000000009,2026-08-29
lower_tail,la,skip,1.0,-0.0009980039920159944,KXHIGHLAX-26AUG29,,0.995,KXHIGHLAX-26AUG29-T79,0.999001996007984,0.99,no,price_out_of_range,2026-08-29 12:00:00+00:00,0.010000000000000009,2026-08-29
upper_tail,la,skip,0.66,0.23990914820309694,KXHIGHLAX-26AUG29,,0.65,KXHIGHLAX-26AUG29-T86,0.899909148203097,0.64,no,price_out_of_range,2026-08-29 12:00:00+00:00,0.020000000000000018,2026-08-29
bounded,mia,skip,0.98,-0.2557141334129578,KXHIGHMIA-26AUG29,,0.97,KXHIGHMIA-26AUG29-B88.5,0.7242858665870422,0.96,no,price_out_of_range,2026-08-29 12:00:00+00:00,0.020000000000000018,2026-08-29
bounded,mia,skip,0.74,-0.2286108925073742,KXHIGHMIA-26AUG29,,0.735,KXHIGHMIA-26AUG29-B90.5,0.5113891074926258,0.73,no,price_out_of_range,2026-08-29 12:00:00+00:00,0.010000000000000009,2026-08-29
bounded,mia,skip,0.39,0.4349062862452736,KXHIGHMIA-26AUG29,,0.38,KXHIGHMIA-26AUG29-B92.5,0.8249062862452736,0.37,no,price_out_of_range,2026-08-29 12:00:00+00:00,0.020000000000000018,2026-08-29
bounded,mia,skip,0.92,0.059158057498301386,KXHIGHMIA-26AUG29,,0.915,KXHIGHMIA-26AUG29-B94.5,0.9791580574983014,0.91,no,price_out_of_range,2026-08-29 12:00:00+00:00,0.010000000000000009,2026-08-29
lower_tail,mia,skip,0.99,-0.02874031682424205,KXHIGHMIA-26AUG29,,0.985,KXHIGHMIA-26AUG29-T88,0.9612596831757579,0.98,no,price_out_of_range,2026-08-29 12:00:00+00:00,0.010000000000000009,2026-08-29
upper_tail,mia,skip,1.0,-0.0009990009990009652,KXHIGHMIA-26AUG29,,0.995,KXHIGHMIA-26AUG29-T95,0.999000999000999,0.99,no,price_out_of_range,2026-08-29 12:00:00+00:00,0.010000000000000009,2026-08-29
bounded,nyc,skip,0.62,-0.13328779528093582,KXHIGHNY-26AUG29,7.0,0.615,KXHIGHNY-26AUG29-B79.5,0.4867122047190642,0.61,no,ev_below_threshold,2026-08-29 12:00:00+00:00,0.010000000000000009,2026-08-29
bounded,nyc,skip,0.94,-0.13060902509930827,KXHIGHNY-26AUG29,7.0,0.935,KXHIGHNY-26AUG29-B81.5,0.8093909749006917,0.93,no,price_out_of_range,2026-08-29 12:00:00+00:00,0.009999999999999898,2026-08-29
bounded,nyc,skip,1.0,-0.021853061855512168,KXHIGHNY-26AUG29,7.0,0.995,KXHIGHNY-26AUG29-B83.5,0.9781469381444878,0.99,no,price_out_of_range,2026-08-29 12:00:00+00:00,0.010000000000000009,2026-08-29
bounded,nyc,skip,1.0,-0.0009980039920159944,KXHIGHNY-26AUG29,7.0,0.995,KXHIGHNY-26AUG29-B85.5,0.999001996007984,0.99,no,price_out_of_range,2026-08-29 12:00:00+00:00,0.010000000000000009,2026-08-29
lower_tail,nyc,skip,0.43,0.2977458902197882,KXHIGHNY-26AUG29,7.0,0.425,KXHIGHNY-26AUG29-T79,0.7277458902197882,0.42,no,price_out_of_range,2026-08-29 12:00:00+00:00,0.010000000000000009,2026-08-29
upper_tail,nyc,skip,1.0,-0.0009980039920159944,KXHIGHNY-26AUG29,7.0,0.995,KXHIGHNY-26AUG29-T86,0.999001996007984,0.99,no,price_out_of_range,2026-08-29 12:00:00+00:00,0.010000000000000009,2026-08-29
bounded,okc,buy,0.53,0.05951873807716168,KXHIGHTOKC-26AUG29,6.0,0.505,KXHIGHTOKC-26AUG29-B100.5,0.5895187380771617,0.48,no,,2026-08-29 12:00:00+00:00,0.050000000000000044,2026-08-29
bounded,okc,skip,0.71,-0.04813928850833571,KXHIGHTOKC-26AUG29,6.0,0.6699999999999999,KXHIGHTOKC-26AUG29-B102.5,0.6618607114916643,0.63,no,price_out_of_range,2026-08-29 12:00:00+00:00,0.07999999999999996,2026-08-29
bounded,okc,skip,0.97,-0.044543048757415105,KXHIGHTOKC-26AUG29,6.0,0.9450000000000001,KXHIGHTOKC-26AUG29-B104.5,0.9254569512425849,0.92,no,price_out_of_range,2026-08-29 12:00:00+00:00,0.04999999999999993,2026-08-29
bounded,okc,skip,0.89,-0.037832883881925405,KXHIGHTOKC-26AUG29,6.0,0.885,KXHIGHTOKC-26AUG29-B98.5,0.8521671161180746,0.88,no,price_out_of_range,2026-08-29 12:00:00+00:00,0.010000000000000009,2026-08-29
upper_tail,okc,skip,1.0,-0.004297034425864044,KXHIGHTOKC-26AUG29,6.0,0.995,KXHIGHTOKC-26AUG29-T105,0.995702965574136,0.99,no,price_out_of_range,2026-08-29 12:00:00+00:00,0.010000000000000009,2026-08-29
lower_tail,okc,skip,1.0,-0.024706482503621396,KXHIGHTOKC-26AUG29,6.0,0.995,KXHIGHTOKC-26AUG29-T98,0.9752935174963786,0.99,no,price_out_of_range,2026-08-29 12:00:00+00:00,0.010000000000000009,2026-08-29
bounded,aus,skip,0.85,0.0925364776611135,KXHIGHAUS-26AUG29,,0.845,KXHIGHAUS-26AUG29-B101.5,0.9425364776611135,0.84,no,price_out_of_range,2026-08-29 13:00:00+00:00,0.010000000000000009,2026-08-29
bounded,aus,skip,0.99,0.009001996007984014,KXHIGHAUS-26AUG29,,0.985,KXHIGHAUS-26AUG29-B103.5,0.999001996007984,0.98,no,price_out_of_range,2026-08-29 13:00:00+00:00,0.010000000000000009,2026-08-29
bounded,aus,skip,0.79,-0.2220387419284684,KXHIGHAUS-26AUG29,,0.785,KXHIGHAUS-26AUG29-B97.5,0.5679612580715316,0.78,no,price_out_of_range,2026-08-29 13:00:00+00:00,0.010000000000000009,2026-08-29
bounded,aus,skip,0.43,0.25864018504238634,KXHIGHAUS-26AUG29,,0.41000000000000003,KXHIGHAUS-26AUG29-B99.5,0.6886401850423863,0.39,no,price_out_of_range,2026-08-29 13:00:00+00:00,0.03999999999999998,2026-08-29
upper_tail,aus,skip,1.0,-0.0009980039920159944,KXHIGHAUS-26AUG29,,0.995,KXHIGHAUS-26AUG29-T104,0.999001996007984,0.99,no,price_out_of_range,2026-08-29 13:00:00+00:00,0.010000000000000009,2026-08-29
lower_tail,aus,skip,0.98,-0.17714191279099956,KXHIGHAUS-26AUG29,,0.975,KXHIGHAUS-26AUG29-T97,0.8028580872090004,0.97,no,price_out_of_range,2026-08-29 13:00:00+00:00,0.010000000000000009,2026-08-29
bounded,den,skip,0.61,-0.027718457516076267,KXHIGHDEN-26AUG29,,0.605,KXHIGHDEN-26AUG29-B90.5,0.5822815424839237,0.6,no,ev_below_threshold,2026-08-29 13:00:00+00:00,0.010000000000000009,2026-08-29
bounded,den,buy,0.59,0.06521257979500339,KXHIGHDEN-26AUG29,,0.5700000000000001,KXHIGHDEN-26AUG29-B92.5,0.6552125797950034,0.55,no,,2026-08-29 13:00:00+00:00,0.039999999999999925,2026-08-29
bounded,den,skip,0.95,-0.023642440491335237,KXHIGHDEN-26AUG29,,0.945,KXHIGHDEN-26AUG29-B94.5,0.9263575595086647,0.94,no,price_out_of_range,2026-08-29 13:00:00+00:00,0.010000000000000009,2026-08-29
bounded,den,skip,1.0,-0.001463440229156121,KXHIGHDEN-26AUG29,,0.995,KXHIGHDEN-26AUG29-B96.5,0.9985365597708439,0.99,no,price_out_of_range,2026-08-29 13:00:00+00:00,0.010000000000000009,2026-08-29
lower_tail,den,skip,0.86,-0.021389240559434808,KXHIGHDEN-26AUG29,,0.84,KXHIGHDEN-26AUG29-T90,0.8386107594405652,0.82,no,price_out_of_range,2026-08-29 13:00:00+00:00,0.040000000000000036,2026-08-29
upper_tail,den,skip,1.0,-0.0009990009990009652,KXHIGHDEN-26AUG29,,0.995,KXHIGHDEN-26AUG29-T97,0.999000999000999,0.99,no,price_out_of_range,2026-08-29 13:00:00+00:00,0.010000000000000009,2026-08-29
bounded,la,skip,1.0,-0.0009980039920159944,KXHIGHLAX-26AUG29,,0.995,KXHIGHLAX-26AUG29-B79.5,0.999001996007984,0.99,no,price_out_of_range,2026-08-29 13:00:00+00:00,0.010000000000000009,2026-08-29
bounded,la,skip,0.97,-0.0424898212932967,KXHIGHLAX-26AUG29,,0.955,KXHIGHLAX-26AUG29-B81.5,0.9275101787067033,0.94,no,price_out_of_range,2026-08-29 13:00:00+00:00,0.030000000000000027,2026-08-29
bounded,la,skip,0.77,-0.1586913928595871,KXHIGHLAX-26AUG29,,0.765,KXHIGHLAX-26AUG29-B83.5,0.6113086071404129,0.76,no,price_out_of_range,2026-08-29 13:00:00+00:00,0.010000000000000009,2026-08-29
bounded,la,skip,0.62,-0.05562726513802263,KXHIGHLAX-26AUG29,,0.615,KXHIGHLAX-26AUG29-B85.5,0.5643727348619774,0.61,no,ev_below_threshold,2026-08-29 13:00:00+00:00,0.010000000000000009,2026-08-29
lower_tail,la,skip,1.0,-0.0009980039920159944,KXHIGHLAX-26AUG29,,0.995,KXHIGHLAX-26AUG29-T79,0.999001996007984,0.99,no,price_out_of_range,2026-08-29 13:00:00+00:00,0.010000000000000009,2026-08-29
upper_tail,la,skip,0.66,0.2388044872749383,KXHIGHLAX-26AUG29,,0.645,KXHIGHLAX-26AUG29-T86,0.8988044872749383,0.63,no,price_out_of_range,2026-08-29 13:00:00+00:00,0.030000000000000027,2026-08-29
bounded,mia,skip,0.96,-0.2345633435654798,KXHIGHMIA-26AUG29,,0.95,KXHIGHMIA-26AUG29-B88.5,0.7254366564345202,0.94,no,price_out_of_range,2026-08-29 13:00:00+00:00,0.020000000000000018,2026-08-29
bounded,mia,skip,0.66,-0.1499004303625343,KXHIGHMIA-26AUG29,,0.655,KXHIGHMIA-26AUG29-B90.5,0.5100995696374657,0.65,no,price_out_of_range,2026-08-29 13:00:00+00:00,0.010000000000000009,2026-08-29
bounded,mia,buy,0.55,0.2746047593458698,KXHIGHMIA-26AUG29,,0.545,KXHIGHMIA-26AUG29-B92.5,0.8246047593458699,0.54,no,,2026-08-29 13:00:00+00:00,0.010000000000000009,2026-08-29
bounded,mia,skip,0.93,0.04926973030215387,KXHIGHMIA-26AUG29,,0.925,KXHIGHMIA-26AUG29-B94.5,0.9792697303021539,0.92,no,price_out_of_range,2026-08-29 13:00:00+00:00,0.010000000000000009,2026-08-29
lower_tail,mia,skip,0.97,-0.008411714721008767,KXHIGHMIA-26AUG29,,0.965,KXHIGHMIA-26AUG29-T88,0.9615882852789912,0.96,no,price_out_of_range,2026-08-29 13:00:00+00:00,0.010000000000000009,2026-08-29
upper_tail,mia,skip,1.0,-0.0009990009990009652,KXHIGHMIA-26AUG29,,0.995,KXHIGHMIA-26AUG29-T95,0.999000999000999,0.99,no,price_out_of_range,2026-08-29 13:00:00+00:00,0.010000000000000009,2026-08-29
bounded,nyc,skip,0.73,-0.24533233896395146,KXHIGHNY-26AUG29,8.0,0.72,KXHIGHNY-26AUG29-B79.5,0.4846676610360485,0.71,no,price_out_of_range,2026-08-29 13:00:00+00:00,0.020000000000000018,2026-08-29
bounded,nyc,skip,0.97,-0.16020615405760563,KXHIGHNY-26AUG29,8.0,0.955,KXHIGHNY-26AUG29-B81.5,0.8097938459423943,0.94,no,price_out_of_range,2026-08-29 13:00:00+00:00,0.030000000000000027,2026-08-29
bounded,nyc,skip,1.0,-0.021387526186185557,KXHIGHNY-26AUG29,8.0,0.995,KXHIGHNY-26AUG29-B83.5,0.9786124738138144,0.99,no,price_out_of_range,2026-08-29 13:00:00+00:00,0.010000000000000009,2026-08-29
bounded,nyc,skip,1.0,-0.0009980039920159944,KXHIGHNY-26AUG29,8.0,0.995,KXHIGHNY-26AUG29-B85.5,0.999001996007984,0.99,no,price_out_of_range,2026-08-29 13:00:00+00:00,0.010000000000000009,2026-08-29
lower_tail,nyc,skip,0.34,0.38892202719177466,KXHIGHNY-26AUG29,8.0,0.335,KXHIGHNY-26AUG29-T79,0.7289220271917747,0.33,no,price_out_of_range,2026-08-29 13:00:00+00:00,0.010000000000000009,2026-08-29
upper_tail,nyc,skip,1.0,-0.0009980039920159944,KXHIGHNY-26AUG29,8.0,0.995,KXHIGHNY-26AUG29-T86,0.999001996007984,0.99,no,price_out_of_range,2026-08-29 13:00:00+00:00,0.010000000000000009,2026-08-29
bounded,okc,skip,0.6,0.016518873184644733,KXHIGHTOKC-26AUG29,7.0,0.585,KXHIGHTOKC-26AUG29-B100.5,0.6165188731846447,0.57,no,ev_below_threshold,2026-08-29 13:00:00+00:00,0.030000000000000027,2026-08-29
bounded,okc,buy,0.59,0.027989084822528487,KXHIGHTOKC-26AUG29,7.0,0.575,KXHIGHTOKC-26AUG29-B102.5,0.6179890848225285,0.56,no,,2026-08-29 13:00:00+00:00,0.029999999999999916,2026-08-29
bounded,okc,skip,0.95,-0.05158624879854257,KXHIGHTOKC-26AUG29,7.0,0.945,KXHIGHTOKC-26AUG29-B104.5,0.8984137512014574,0.94,no,price_out_of_range,2026-08-29 13:00:00+00:00,0.010000000000000009,2026-08-29
bounded,okc,skip,0.89,0.006033207793412765,KXHIGHTOKC-26AUG29,7.0,0.885,KXHIGHTOKC-26AUG29-B98.5,0.8960332077934128,0.88,no,price_out_of_range,2026-08-29 13:00:00+00:00,0.010000000000000009,2026-08-29
upper_tail,okc,skip,1.0,-0.014207628077440138,KXHIGHTOKC-26AUG29,7.0,0.995,KXHIGHTOKC-26AUG29-T105,0.9857923719225599,0.99,no,price_out_of_range,2026-08-29 13:00:00+00:00,0.010000000000000009,2026-08-29
lower_tail,okc,skip,1.0,-0.014747288924603086,KXHIGHTOKC-26AUG29,7.0,0.995,KXHIGHTOKC-26AUG29-T98,0.9852527110753969,0.99,no,price_out_of_range,2026-08-29 13:00:00+00:00,0.010000000000000009,2026-08-29
bounded,aus,skip,0.81,0.13243593127622622,KXHIGHAUS-26AUG29,,0.805,KXHIGHAUS-26AUG29-B101.5,0.9424359312762263,0.8,no,price_out_of_range,2026-08-29 14:00:00+00:00,0.010000000000000009,2026-08-29
bounded,aus,skip,1.0,-0.0009980039920159944,KXHIGHAUS-26AUG29,,0.995,KXHIGHAUS-26AUG29-B103.5,0.999001996007984,0.99,no,price_out_of_range,2026-08-29 14:00:00+00:00,0.010000000000000009,2026-08-29
bounded,aus,skip,0.75,-0.18215046225048281,KXHIGHAUS-26AUG29,,0.73,KXHIGHAUS-26AUG29-B97.5,0.5678495377495172,0.71,no,price_out_of_range,2026-08-29 14:00:00+00:00,0.040000000000000036,2026-08-29
bounded,aus,skip,0.47,0.21785716086489237,KXHIGHAUS-26AUG29,,0.46499999999999997,KXHIGHAUS-26AUG29-B99.5,0.6878571608648923,0.46,no,price_out_of_range,2026-08-29 14:00:00+00:00,0.009999999999999953,2026-08-29
upper_tail,aus,skip,1.0,-0.0009980039920159944,KXHIGHAUS-26AUG29,,0.995,KXHIGHAUS-26AUG29-T104,0.999001996007984,0.99,no,price_out_of_range,2026-08-29 14:00:00+00:00,0.010000000000000009,2026-08-29
lower_tail,aus,skip,0.98,-0.1761466219066039,KXHIGHAUS-26AUG29,,0.97,KXHIGHAUS-26AUG29-T97,0.8038533780933961,0.96,no,price_out_of_range,2026-08-29 14:00:00+00:00,0.020000000000000018,2026-08-29
bounded,den,skip,0.61,0.011704403258672502,KXHIGHDEN-26AUG29,,0.605,KXHIGHDEN-26AUG29-B90.5,0.6217044032586725,0.6,no,ev_below_threshold,2026-08-29 14:00:00+00:00,0.010000000000000009,2026-08-29
bounded,den,buy,0.57,0.030496194552340206,KXHIGHDEN-26AUG29,,0.56,KXHIGHDEN-26AUG29-B92.5,0.6004961945523402,0.55,no,,2026-08-29 14:00:00+00:00,0.019999999999999907,2026-08-29
bounded,den,skip,0.98,-0.09149647995948651,KXHIGHDEN-26AUG29,,0.975,KXHIGHDEN-26AUG29-B94.5,0.8885035200405135,0.97,no,price_out_of_range,2026-08-29 14:00:00+00:00,0.010000000000000009,2026-08-29
bounded,den,skip,1.0,-0.01455538305154258,KXHIGHDEN-26AUG29,,0.995,KXHIGHDEN-26AUG29-B96.5,0.9854446169484574,0.99,no,price_out_of_range,2026-08-29 14:00:00+00:00,0.010000000000000009,2026-08-29
lower_tail,den,skip,0.86,0.04485026619901733,KXHIGHDEN-26AUG29,,0.85,KXHIGHDEN-26AUG29-T90,0.9048502661990173,0.84,no,price_out_of_range,2026-08-29 14:00:00+00:00,0.020000000000000018,2026-08-29
upper_tail,den,skip,1.0,-0.0009990009990009652,KXHIGHDEN-26AUG29,,0.995,KXHIGHDEN-26AUG29-T97,0.999000999000999,0.99,no,price_out_of_range,2026-08-29 14:00:00+00:00,0.010000000000000009,2026-08-29
bounded,la,skip,1.0,-0.0009980039920159944,KXHIGHLAX-26AUG29,,0.995,KXHIGHLAX-26AUG29-B79.5,0.999001996007984,0.99,no,price_out_of_range,2026-08-29 14:00:00+00:00,0.010000000000000009,2026-08-29
bounded,la,skip,0.98,-0.051844454124206796,KXHIGHLAX-26AUG29,,0.975,KXHIGHLAX-26AUG29-B81.5,0.9281555458757932,0.97,no,price_out_of_range,2026-08-29 14:00:00+00:00,0.010000000000000009,2026-08-29
bounded,la,skip,0.72,-0.10865024126933742,KXHIGHLAX-26AUG29,,0.715,KXHIGHLAX-26AUG29-B83.5,0.6113497587306626,0.71,no,price_out_of_range,2026-08-29 14:00:00+00:00,0.010000000000000009,2026-08-29
bounded,la,skip,0.59,-0.0265564623095097,KXHIGHLAX-26AUG29,,0.585,KXHIGHLAX-26AUG29-B85.5,0.5634435376904903,0.58,no,ev_below_threshold,2026-08-29 14:00:00+00:00,0.010000000000000009,2026-08-29
lower_tail,la,skip,1.0,-0.0009980039920159944,KXHIGHLAX-26AUG29,,0.995,KXHIGHLAX-26AUG29-T79,0.999001996007984,0.99,no,price_out_of_range,2026-08-29 14:00:00+00:00,0.010000000000000009,2026-08-29
upper_tail,la,skip,0.7,0.19904716568708603,KXHIGHLAX-26AUG29,,0.695,KXHIGHLAX-26AUG29-T86,0.899047165687086,0.69,no,price_out_of_range,2026-08-29 14:00:00+00:00,0.010000000000000009,2026-08-29
bounded,mia,skip,0.88,-0.3718870577556178,KXHIGHMIA-26AUG29,,0.865,KXHIGHMIA-26AUG29-B88.5,0.5081129422443822,0.85,no,price_out_of_range,2026-08-29 14:00:00+00:00,0.030000000000000027,2026-08-29
bounded,mia,buy,0.64,0.06407807410751853,KXHIGHMIA-26AUG29,,0.63,KXHIGHMIA-26AUG29-B90.5,0.7040780741075185,0.62,no,,2026-08-29 14:00:00+00:00,0.020000000000000018,2026-08-29
bounded,mia,skip,0.78,0.1807077121210766,KXHIGHMIA-26AUG29,,0.775,KXHIGHMIA-26AUG29-B92.5,0.9607077121210766,0.77,no,price_out_of_range,2026-08-29 14:00:00+00:00,0.010000000000000009,2026-08-29
bounded,mia,skip,0.99,0.009001996007984014,KXHIGHMIA-26AUG29,,0.985,KXHIGHMIA-26AUG29-B94.5,0.999001996007984,0.98,no,price_out_of_range,2026-08-29 14:00:00+00:00,0.010000000000000009,2026-08-29
lower_tail,mia,skip,0.73,0.09909727951105451,KXHIGHMIA-26AUG29,,0.71,KXHIGHMIA-26AUG29-T88,0.8290972795110545,0.69,no,price_out_of_range,2026-08-29 14:00:00+00:00,0.040000000000000036,2026-08-29
upper_tail,mia,skip,1.0,-0.0009980039920159944,KXHIGHMIA-26AUG29,,0.995,KXHIGHMIA-26AUG29-T95,0.999001996007984,0.99,no,price_out_of_range,2026-08-29 14:00:00+00:00,0.010000000000000009,2026-08-29
bounded,nyc,skip,0.69,-0.21242762819119387,KXHIGHNY-26AUG29,9.0,0.685,KXHIGHNY-26AUG29-B79.5,0.4775723718088061,0.68,no,price_out_of_range,2026-08-29 14:00:00+00:00,0.009999999999999898,2026-08-29
bounded,nyc,skip,0.96,-0.15791016258496005,KXHIGHNY-26AUG29,9.0,0.9450000000000001,KXHIGHNY-26AUG29-B81.5,0.8020898374150399,0.93,no,price_out_of_range,2026-08-29 14:00:00+00:00,0.029999999999999916,2026-08-29
bounded,nyc,skip,1.0,-0.022752615904272355,KXHIGHNY-26AUG29,9.0,0.995,KXHIGHNY-26AUG29-B83.5,0.9772473840957276,0.99,no,price_out_of_range,2026-08-29 14:00:00+00:00,0.010000000000000009,2026-08-29
bounded,nyc,skip,1.0,-0.0009980039920159944,KXHIGHNY-26AUG29,9.0,0.995,KXHIGHNY-26AUG29-B85.5,0.999001996007984,0.99,no,price_out_of_range,2026-08-29 14:00:00+00:00,0.010000000000000009,2026-08-29
lower_tail,nyc,skip,0.39,0.35508641466445834,KXHIGHNY-26AUG29,9.0,0.38,KXHIGHNY-26AUG29-T79,0.7450864146644584,0.37,no,price_out_of_range,2026-08-29 14:00:00+00:00,0.020000000000000018,2026-08-29
upper_tail,nyc,skip,1.0,-0.0009980039920159944,KXHIGHNY-26AUG29,9.0,0.995,KXHIGHNY-26AUG29-T86,0.999001996007984,0.99,no,price_out_of_range,2026-08-29 14:00:00+00:00,0.010000000000000009,2026-08-29
bounded,okc,skip,0.62,-0.010665234876886642,KXHIGHTOKC-26AUG29,8.0,0.605,KXHIGHTOKC-26AUG29-B100.5,0.6093347651231134,0.59,no,ev_below_threshold,2026-08-29 14:00:00+00:00,0.030000000000000027,2026-08-29
bounded,okc,buy,0.53,0.0944715617530858,KXHIGHTOKC-26AUG29,8.0,0.52,KXHIGHTOKC-26AUG29-B102.5,0.6244715617530858,0.51,no,,2026-08-29 14:00:00+00:00,0.020000000000000018,2026-08-29
bounded,okc,skip,0.95,-0.04030073734550932,KXHIGHTOKC-26AUG29,8.0,0.9299999999999999,KXHIGHTOKC-26AUG29-B104.5,0.9096992626544906,0.91,no,price_out_of_range,2026-08-29 14:00:00+00:00,0.039999999999999925,2026-08-29
bounded,okc,skip,0.89,-0.004809998806842297,KXHIGHTOKC-26AUG29,8.0,0.885,KXHIGHTOKC-26AUG29-B98.5,0.8851900011931577,0.88,no,price_out_of_range,2026-08-29 14:00:00+00:00,0.010000000000000009,2026-08-29
upper_tail,okc,skip,1.0,-0.01156971352588898,KXHIGHTOKC-26AUG29,8.0,0.995,KXHIGHTOKC-26AUG29-T105,0.988430286474111,0.99,no,price_out_of_range,2026-08-29 14:00:00+00:00,0.010000000000000009,2026-08-29
lower_tail,okc,skip,1.0,-0.01712587719795855,KXHIGHTOKC-26AUG29,8.0,0.995,KXHIGHTOKC-26AUG29-T98,0.9828741228020414,0.99,no,price_out_of_range,2026-08-29 14:00:00+00:00,0.010000000000000009,2026-08-29
bounded,aus,skip,0.84,0.10302363281979077,KXHIGHAUS-26AUG29,,0.835,KXHIGHAUS-26AUG29-B101.5,0.9430236328197907,0.83,no,price_out_of_range,2026-08-29 15:00:00+00:00,0.010000000000000009,2026-08-29
bounded,aus,skip,1.0,-0.0009980039920159944,KXHIGHAUS-26AUG29,,0.995,KXHIGHAUS-26AUG29-B103.5,0.999001996007984,0.99,no,price_out_of_range,2026-08-29 15:00:00+00:00,0.010000000000000009,2026-08-29
bounded,aus,skip,0.7,-0.13350877760713376,KXHIGHAUS-26AUG29,,0.6799999999999999,KXHIGHAUS-26AUG29-B97.5,0.5664912223928662,0.66,no,price_out_of_range,2026-08-29 15:00:00+00:00,0.039999999999999925,2026-08-29
bounded,aus,buy,0.51,0.17634391770826274,KXHIGHAUS-26AUG29,,0.49,KXHIGHAUS-26AUG29-B99.5,0.6863439177082628,0.47,no,,2026-08-29 15:00:00+00:00,0.040000000000000036,2026-08-29
upper_tail,aus,skip,1.0,-0.0009980039920159944,KXHIGHAUS-26AUG29,,0.995,KXHIGHAUS-26AUG29-T104,0.999001996007984,0.99,no,price_out_of_range,2026-08-29 15:00:00+00:00,0.010000000000000009,2026-08-29
lower_tail,aus,skip,0.94,-0.13386276493688776,KXHIGHAUS-26AUG29,,0.935,KXHIGHAUS-26AUG29-T97,0.8061372350631122,0.93,no,price_out_of_range,2026-08-29 15:00:00+00:00,0.009999999999999898,2026-08-29
bounded,den,buy,0.61,0.049181103160267914,KXHIGHDEN-26AUG29,,0.605,KXHIGHDEN-26AUG29-B90.5,0.6591811031602679,0.6,no,,2026-08-29 15:00:00+00:00,0.010000000000000009,2026-08-29
bounded,den,buy,0.52,0.0607168914556977,KXHIGHDEN-26AUG29,,0.51,KXHIGHDEN-26AUG29-B92.5,0.5807168914556977,0.5,no,,2026-08-29 15:00:00+00:00,0.020000000000000018,2026-08-29
bounded,den,skip,0.97,-0.11384138581801695,KXHIGHDEN-26AUG29,,0.965,KXHIGHDEN-26AUG29-B94.5,0.856158614181983,0.96,no,price_out_of_range,2026-08-29 15:00:00+00:00,0.010000000000000009,2026-08-29
bounded,den,skip,1.0,-0.021919963192964964,KXHIGHDEN-26AUG29,,0.995,KXHIGHDEN-26AUG29-B96.5,0.978080036807035,0.99,no,price_out_of_range,2026-08-29 15:00:00+00:00,0.010000000000000009,2026-08-29
lower_tail,den,skip,0.94,-0.013137644605982546,KXHIGHDEN-26AUG29,,0.915,KXHIGHDEN-26AUG29-T90,0.9268623553940174,0.89,no,price_out_of_range,2026-08-29 15:00:00+00:00,0.04999999999999993,2026-08-29
upper_tail,den,skip,1.0,-0.0009990009990009652,KXHIGHDEN-26AUG29,,0.995,KXHIGHDEN-26AUG29-T97,0.999000999000999,0.99,no,price_out_of_range,2026-08-29 15:00:00+00:00,0.010000000000000009,2026-08-29
bounded,la,skip,1.0,-0.0009980039920159944,KXHIGHLAX-26AUG29,,0.995,KXHIGHLAX-26AUG29-B79.5,0.999001996007984,0.99,no,price_out_of_range,2026-08-29 15:00:00+00:00,0.010000000000000009,2026-08-29
bounded,la,skip,0.98,-0.02609389187699307,KXHIGHLAX-26AUG29,,0.97,KXHIGHLAX-26AUG29-B81.5,0.9539061081230069,0.96,no,price_out_of_range,2026-08-29 15:00:00+00:00,0.020000000000000018,2026-08-29
bounded,la,skip,0.81,-0.14429931367033444,KXHIGHLAX-26AUG29,,0.8,KXHIGHLAX-26AUG29-B83.5,0.6657006863296656,0.79,no,price_out_of_range,2026-08-29 15:00:00+00:00,0.020000000000000018,2026-08-29
bounded,la,skip,0.6,-0.07000328208942797,KXHIGHLAX-26AUG29,,0.59,KXHIGHLAX-26AUG29-B85.5,0.529996717910572,0.58,no,ev_below_threshold,2026-08-29 15:00:00+00:00,0.020000000000000018,2026-08-29
lower_tail,la,skip,1.0,-0.0009980039920159944,KXHIGHLAX-26AUG29,,0.995,KXHIGHLAX-26AUG29-T79,0.999001996007984,0.99,no,price_out_of_range,2026-08-29 15:00:00+00:00,0.010000000000000009,2026-08-29
upper_tail,la,buy,0.61,0.24239249562078735,KXHIGHLAX-26AUG29,,0.605,KXHIGHLAX-26AUG29-T86,0.8523924956207873,0.6,no,,2026-08-29 15:00:00+00:00,0.010000000000000009,2026-08-29
bounded,mia,skip,0.83,-0.35650322881432916,KXHIGHMIA-26AUG29,,0.8049999999999999,KXHIGHMIA-26AUG29-B88.5,0.4734967711856708,0.78,no,price_out_of_range,2026-08-29 15:00:00+00:00,0.04999999999999993,2026-08-29
bounded,mia,buy,0.6,0.18009464112102613,KXHIGHMIA-26AUG29,,0.595,KXHIGHMIA-26AUG29-B90.5,0.7800946411210261,0.59,no,,2026-08-29 15:00:00+00:00,0.010000000000000009,2026-08-29
bounded,mia,skip,0.8,0.17277418612831608,KXHIGHMIA-26AUG29,,0.785,KXHIGHMIA-26AUG29-B92.5,0.9727741861283161,0.77,no,price_out_of_range,2026-08-29 15:00:00+00:00,0.030000000000000027,2026-08-29
bounded,mia,skip,1.0,-0.0009980039920159944,KXHIGHMIA-26AUG29,,0.995,KXHIGHMIA-26AUG29-B94.5,0.999001996007984,0.99,no,price_out_of_range,2026-08-29 15:00:00+00:00,0.010000000000000009,2026-08-29
lower_tail,mia,skip,0.78,-0.004369590450981176,KXHIGHMIA-26AUG29,,0.76,KXHIGHMIA-26AUG29-T88,0.7756304095490189,0.74,no,price_out_of_range,2026-08-29 15:00:00+00:00,0.040000000000000036,2026-08-29
upper_tail,mia,skip,1.0,-0.0009980039920159944,KXHIGHMIA-26AUG29,,0.995,KXHIGHMIA-26AUG29-T95,0.999001996007984,0.99,no,price_out_of_range,2026-08-29 15:00:00+00:00,0.010000000000000009,2026-08-29
bounded,nyc,skip,0.68,-0.17723269492147697,KXHIGHNY-26AUG29,10.0,0.67,KXHIGHNY-26AUG29-B79.5,0.5027673050785231,0.66,no,price_out_of_range,2026-08-29 15:00:00+00:00,0.020000000000000018,2026-08-29
bounded,nyc,skip,0.94,-0.10421864192216923,KXHIGHNY-26AUG29,10.0,0.925,KXHIGHNY-26AUG29-B81.5,0.8357813580778307,0.91,no,price_out_of_range,2026-08-29 15:00:00+00:00,0.029999999999999916,2026-08-29
bounded,nyc,skip,1.0,-0.01583072792991491,KXHIGHNY-26AUG29,10.0,0.995,KXHIGHNY-26AUG29-B83.5,0.9841692720700851,0.99,no,price_out_of_range,2026-08-29 15:00:00+00:00,0.010000000000000009,2026-08-29
bounded,nyc,skip,1.0,-0.0009980039920159944,KXHIGHNY-26AUG29,10.0,0.995,KXHIGHNY-26AUG29-B85.5,0.999001996007984,0.99,no,price_out_of_range,2026-08-29 15:00:00+00:00,0.010000000000000009,2026-08-29
lower_tail,nyc,skip,0.41,0.26927807275759313,KXHIGHNY-26AUG29,10.0,0.405,KXHIGHNY-26AUG29-T79,0.6792780727575931,0.4,no,price_out_of_range,2026-08-29 15:00:00+00:00,0.009999999999999953,2026-08-29
upper_tail,nyc,skip,1.0,-0.0009980039920159944,KXHIGHNY-26AUG29,10.0,0.995,KXHIGHNY-26AUG29-T86,0.999001996007984,0.99,no,price_out_of_range,2026-08-29 15:00:00+00:00,0.010000000000000009,2026-08-29
bounded,okc,skip,0.71,-0.08899270880682486,KXHIGHTOKC-26AUG29,9.0,0.6799999999999999,KXHIGHTOKC-26AUG29-B100.5,0.6210072911931751,0.65,no,price_out_of_range,2026-08-29 15:00:00+00:00,0.05999999999999994,2026-08-29
bounded,okc,buy,0.51,0.10219905362693371,KXHIGHTOKC-26AUG29,9.0,0.49,KXHIGHTOKC-26AUG29-B102.5,0.6121990536269337,0.47,no,,2026-08-29 15:00:00+00:00,0.040000000000000036,2026-08-29
bounded,okc,skip,0.91,-0.019497334599758442,KXHIGHTOKC-26AUG29,9.0,0.905,KXHIGHTOKC-26AUG29-B104.5,0.8905026654002416,0.9,no,price_out_of_range,2026-08-29 15:00:00+00:00,0.010000000000000009,2026-08-29
bounded,okc,skip,0.89,0.014764824217720518,KXHIGHTOKC-26AUG29,9.0,0.885,KXHIGHTOKC-26AUG29-B98.5,0.9047648242177205,0.88,no,price_out_of_range,2026-08-29 15:00:00+00:00,0.010000000000000009,2026-08-29
upper_tail,okc,skip,1.0,-0.0158535079276535,KXHIGHTOKC-26AUG29,9.0,0.995,KXHIGHTOKC-26AUG29-T105,0.9841464920723465,0.99,no,price_out_of_range,2026-08-29 15:00:00+00:00,0.010000000000000009,2026-08-29
lower_tail,okc,skip,1.0,-0.012620326510417335,KXHIGHTOKC-26AUG29,9.0,0.995,KXHIGHTOKC-26AUG29-T98,0.9873796734895827,0.99,no,price_out_of_range,2026-08-29 15:00:00+00:00,0.010000000000000009,2026-08-29
bounded,aus,skip,0.91,0.035289400110377955,KXHIGHAUS-26AUG29,,0.9,KXHIGHAUS-26AUG29-B101.5,0.945289400110378,0.89,no,price_out_of_range,2026-08-29 16:00:00+00:00,0.020000000000000018,2026-08-29
bounded,aus,skip,1.0,-0.0009980039920159944,KXHIGHAUS-26AUG29,,0.995,KXHIGHAUS-26AUG29-B103.5,0.999001996007984,0.99,no,price_out_of_range,2026-08-29 16:00:00+00:00,0.010000000000000009,2026-08-29
bounded,aus,skip,0.67,-0.10739002971173728,KXHIGHAUS-26AUG29,,0.655,KXHIGHAUS-26AUG29-B97.5,0.5626099702882628,0.64,no,price_out_of_range,2026-08-29 16:00:00+00:00,0.030000000000000027,2026-08-29
bounded,aus,skip,0.46,0.2246141031061803,KXHIGHAUS-26AUG29,,0.45,KXHIGHAUS-26AUG29-B99.5,0.6846141031061803,0.44,no,price_out_of_range,2026-08-29 16:00:00+00:00,0.020000000000000018,2026-08-29
upper_tail,aus,skip,1.0,-0.0009980039920159944,KXHIGHAUS-26AUG29,,0.995,KXHIGHAUS-26AUG29-T104,0.999001996007984,0.99,no,price_out_of_range,2026-08-29 16:00:00+00:00,0.010000000000000009,2026-08-29
lower_tail,aus,skip,0.95,-0.14051746552078903,KXHIGHAUS-26AUG29,,0.945,KXHIGHAUS-26AUG29-T97,0.8094825344792109,0.94,no,price_out_of_range,2026-08-29 16:00:00+00:00,0.010000000000000009,2026-08-29
bounded,den,skip,0.65,-0.013659364867180668,KXHIGHDEN-26AUG29,,0.64,KXHIGHDEN-26AUG29-B90.5,0.6363406351328194,0.63,no,ev_below_threshold,2026-08-29 16:00:00+00:00,0.020000000000000018,2026-08-29
bounded,den,buy,0.52,0.06915218150450841,KXHIGHDEN-26AUG29,,0.515,KXHIGHDEN-26AUG29-B92.5,0.5891521815045084,0.51,no,,2026-08-29 16:00:00+00:00,0.010000000000000009,2026-08-29
bounded,den,skip,0.98,-0.10371328287153292,KXHIGHDEN-26AUG29,,0.97,KXHIGHDEN-26AUG29-B94.5,0.8762867171284671,0.96,no,price_out_of_range,2026-08-29 16:00:00+00:00,0.020000000000000018,2026-08-29
bounded,den,skip,1.0,-0.016705011185368046,KXHIGHDEN-26AUG29,,0.995,KXHIGHDEN-26AUG29-B96.5,0.983294988814632,0.99,no,price_out_of_range,2026-08-29 16:00:00+00:00,0.010000000000000009,2026-08-29
lower_tail,den,skip,0.94,-0.024075521581425674,KXHIGHDEN-26AUG29,,0.915,KXHIGHDEN-26AUG29-T90,0.9159244784185743,0.89,no,price_out_of_range,2026-08-29 16:00:00+00:00,0.04999999999999993,2026-08-29
upper_tail,den,skip,1.0,-0.0009990009990009652,KXHIGHDEN-26AUG29,,0.995,KXHIGHDEN-26AUG29-T97,0.999000999000999,0.99,no,price_out_of_range,2026-08-29 16:00:00+00:00,0.010000000000000009,2026-08-29
bounded,la,skip,1.0,-0.0009980039920159944,KXHIGHLAX-26AUG29,,0.995,KXHIGHLAX-26AUG29-B79.5,0.999001996007984,0.99,no,price_out_of_range,2026-08-29 16:00:00+00:00,0.010000000000000009,2026-08-29
bounded,la,skip,0.98,-0.02207112894762875,KXHIGHLAX-26AUG29,,0.975,KXHIGHLAX-26AUG29-B81.5,0.9579288710523712,0.97,no,price_out_of_range,2026-08-29 16:00:00+00:00,0.010000000000000009,2026-08-29
bounded,la,skip,0.79,-0.10032151215611007,KXHIGHLAX-26AUG29,,0.78,KXHIGHLAX-26AUG29-B83.5,0.68967848784389,0.77,no,price_out_of_range,2026-08-29 16:00:00+00:00,0.020000000000000018,2026-08-29
bounded,la,skip,0.65,-0.1325236384995222,KXHIGHLAX-26AUG29,,0.645,KXHIGHLAX-26AUG29-B85.5,0.5174763615004778,0.64,no,ev_below_threshold,2026-08-29 16:00:00+00:00,0.010000000000000009,2026-08-29
lower_tail,la,skip,1.0,-0.0009980039920159944,KXHIGHLAX-26AUG29,,0.995,KXHIGHLAX-26AUG29-T79,0.999001996007984,0.99,no,price_out_of_range,2026-08-29 16:00:00+00:00,0.010000000000000009,2026-08-29
upper_tail,la,buy,0.57,0.2669122875872929,KXHIGHLAX-26AUG29,,0.5549999999999999,KXHIGHLAX-26AUG29-T86,0.8369122875872929,0.54,no,,2026-08-29 16:00:00+00:00,0.029999999999999916,2026-08-29
bounded,mia,skip,0.79,-0.17625029017062377,KXHIGHMIA-26AUG29,,0.73,KXHIGHMIA-26AUG29-B88.5,0.6137497098293763,0.67,no,spread_too_wide,2026-08-29 16:00:00+00:00,0.12,2026-08-29
bounded,mia,skip,0.6,-0.054158762334966304,KXHIGHMIA-26AUG29,,0.59,KXHIGHMIA-26AUG29-B90.5,0.5458412376650337,0.58,no,ev_below_threshold,2026-08-29 16:00:00+00:00,0.020000000000000018,2026-08-29
bounded,mia,skip,0.92,-0.018261959897846736,KXHIGHMIA-26AUG29,,0.91,KXHIGHMIA-26AUG29-B92.5,0.9017380401021533,0.9,no,price_out_of_range,2026-08-29 16:00:00+00:00,0.020000000000000018,2026-08-29
bounded,mia,skip,1.0,-0.0010911168725421527,KXHIGHMIA-26AUG29,,0.995,KXHIGHMIA-26AUG29-B94.5,0.9989088831274578,0.99,no,price_out_of_range,2026-08-29 16:00:00+00:00,0.010000000000000009,2026-08-29
lower_tail,mia,skip,0.82,0.12076113027497992,KXHIGHMIA-26AUG29,,0.8,KXHIGHMIA-26AUG29-T88,0.9407611302749799,0.78,no,price_out_of_range,2026-08-29 16:00:00+00:00,0.039999999999999925,2026-08-29
upper_tail,mia,skip,1.0,-0.0009990009990009652,KXHIGHMIA-26AUG29,,0.995,KXHIGHMIA-26AUG29-T95,0.999000999000999,0.99,no,price_out_of_range,2026-08-29 16:00:00+00:00,0.010000000000000009,2026-08-29
bounded,nyc,skip,0.78,-0.2759293593768437,KXHIGHNY-26AUG29,11.0,0.77,KXHIGHNY-26AUG29-B79.5,0.5040706406231563,0.76,no,price_out_of_range,2026-08-29 16:00:00+00:00,0.020000000000000018,2026-08-29
bounded,nyc,skip,0.96,-0.11759459208134526,KXHIGHNY-26AUG29,11.0,0.95,KXHIGHNY-26AUG29-B81.5,0.8424054079186547,0.94,no,price_out_of_range,2026-08-29 16:00:00+00:00,0.020000000000000018,2026-08-29
bounded,nyc,skip,1.0,-0.013874219716323855,KXHIGHNY-26AUG29,11.0,0.995,KXHIGHNY-26AUG29-B83.5,0.9861257802836761,0.99,no,price_out_of_range,2026-08-29 16:00:00+00:00,0.010000000000000009,2026-08-29
bounded,nyc,skip,1.0,-0.0009980039920159944,KXHIGHNY-26AUG29,11.0,0.995,KXHIGHNY-26AUG29-B85.5,0.999001996007984,0.99,no,price_out_of_range,2026-08-29 16:00:00+00:00,0.010000000000000009,2026-08-29
lower_tail,nyc,skip,0.26,0.4093941791585447,KXHIGHNY-26AUG29,11.0,0.25,KXHIGHNY-26AUG29-T79,0.6693941791585447,0.24,no,price_out_of_range,2026-08-29 16:00:00+00:00,0.020000000000000018,2026-08-29
upper_tail,nyc,skip,1.0,-0.0009980039920159944,KXHIGHNY-26AUG29,11.0,0.995,KXHIGHNY-26AUG29-T86,0.999001996007984,0.99,no,price_out_of_range,2026-08-29 16:00:00+00:00,0.010000000000000009,2026-08-29
bounded,okc,skip,0.66,-0.07241064974367306,KXHIGHTOKC-26AUG29,10.0,0.655,KXHIGHTOKC-26AUG29-B100.5,0.587589350256327,0.65,no,price_out_of_range,2026-08-29 16:00:00+00:00,0.010000000000000009,2026-08-29
bounded,okc,buy,0.51,0.14235855031665146,KXHIGHTOKC-26AUG29,10.0,0.49,KXHIGHTOKC-26AUG29-B102.5,0.6523585503166515,0.47,no,,2026-08-29 16:00:00+00:00,0.040000000000000036,2026-08-29
bounded,okc,skip,0.93,-0.006092429297131052,KXHIGHTOKC-26AUG29,10.0,0.92,KXHIGHTOKC-26AUG29-B104.5,0.923907570702869,0.91,no,price_out_of_range,2026-08-29 16:00:00+00:00,0.020000000000000018,2026-08-29
bounded,okc,skip,0.89,-0.02883515480723975,KXHIGHTOKC-26AUG29,10.0,0.885,KXHIGHTOKC-26AUG29-B98.5,0.8611648451927603,0.88,no,price_out_of_range,2026-08-29 16:00:00+00:00,0.010000000000000009,2026-08-29
upper_tail,okc,skip,1.0,-0.00357513212176519,KXHIGHTOKC-26AUG29,10.0,0.995,KXHIGHTOKC-26AUG29-T105,0.9964248678782348,0.99,no,price_out_of_range,2026-08-29 16:00:00+00:00,0.010000000000000009,2026-08-29
lower_tail,okc,skip,1.0,-0.021445184346842394,KXHIGHTOKC-26AUG29,10.0,0.995,KXHIGHTOKC-26AUG29-T98,0.9785548156531576,0.99,no,price_out_of_range,2026-08-29 16:00:00+00:00,0.010000000000000009,2026-08-29
bounded,aus,skip,0.92,0.029202233320547832,KXHIGHAUS-26AUG29,,0.905,KXHIGHAUS-26AUG29-B101.5,0.9492022333205479,0.89,no,price_out_of_range,2026-08-29 17:00:00+00:00,0.030000000000000027,2026-08-29
bounded,aus,skip,1.0,-0.0009980039920159944,KXHIGHAUS-26AUG29,,0.995,KXHIGHAUS-26AUG29-B103.5,0.999001996007984,0.99,no,price_out_of_range,2026-08-29 17:00:00+00:00,0.010000000000000009,2026-08-29
bounded,aus,skip,0.69,-0.13457246340097861,KXHIGHAUS-26AUG29,,0.665,KXHIGHAUS-26AUG29-B97.5,0.5554275365990213,0.64,no,price_out_of_range,2026-08-29 17:00:00+00:00,0.04999999999999993,2026-08-29
bounded,aus,buy,0.54,0.14017415676261735,KXHIGHAUS-26AUG29,,0.535,KXHIGHAUS-26AUG29-B99.5,0.6801741567626174,0.53,no,,2026-08-29 17:00:00+00:00,0.010000000000000009,2026-08-29
upper_tail,aus,skip,1.0,-0.0009980039920159944,KXHIGHAUS-26AUG29,,0.995,KXHIGHAUS-26AUG29-T104,0.999001996007984,0.99,no,price_out_of_range,2026-08-29 17:00:00+00:00,0.010000000000000009,2026-08-29
lower_tail,aus,skip,0.94,-0.12280791869815455,KXHIGHAUS-26AUG29,,0.9199999999999999,KXHIGHAUS-26AUG29-T97,0.8171920813018454,0.9,no,price_out_of_range,2026-08-29 17:00:00+00:00,0.039999999999999925,2026-08-29
bounded,den,buy,0.62,0.03642291959328925,KXHIGHDEN-26AUG29,,0.615,KXHIGHDEN-26AUG29-B90.5,0.6564229195932892,0.61,no,,2026-08-29 17:00:00+00:00,0.010000000000000009,2026-08-29
bounded,den,buy,0.51,0.05916530109866036,KXHIGHDEN-26AUG29,,0.5,KXHIGHDEN-26AUG29-B92.5,0.5691653010986604,0.49,no,,2026-08-29 17:00:00+00:00,0.020000000000000018,2026-08-29
bounded,den,skip,0.98,-0.11996856998461225,KXHIGHDEN-26AUG29,,0.97,KXHIGHDEN-26AUG29-B94.5,0.8600314300153877,0.96,no,price_out_of_range,2026-08-29 17:00:00+00:00,0.020000000000000018,2026-08-29
bounded,den,skip,1.0,-0.018766864229610603,KXHIGHDEN-26AUG29,,0.995,KXHIGHDEN-26AUG29-B96.5,0.9812331357703894,0.99,no,price_out_of_range,2026-08-29 17:00:00+00:00,0.010000000000000009,2026-08-29
lower_tail,den,skip,0.94,-0.005853785478725726,KXHIGHDEN-26AUG29,,0.9199999999999999,KXHIGHDEN-26AUG29-T90,0.9341462145212742,0.9,no,price_out_of_range,2026-08-29 17:00:00+00:00,0.039999999999999925,2026-08-29
upper_tail,den,skip,1.0,-0.0009990009990009652,KXHIGHDEN-26AUG29,,0.995,KXHIGHDEN-26AUG29-T97,0.999000999000999,0.99,no,price_out_of_range,2026-08-29 17:00:00+00:00,0.010000000000000009,2026-08-29
bounded,la,skip,1.0,-0.0009980039920159944,KXHIGHLAX-26AUG29,,0.995,KXHIGHLAX-26AUG29-B79.5,0.999001996007984,0.99,no,price_out_of_range,2026-08-29 17:00:00+00:00,0.010000000000000009,2026-08-29
bounded,la,skip,0.99,-0.01844558092849624,KXHIGHLAX-26AUG29,,0.98,KXHIGHLAX-26AUG29-B81.5,0.9715544190715037,0.97,no,price_out_of_range,2026-08-29 17:00:00+00:00,0.020000000000000018,2026-08-29
bounded,la,skip,0.7,-0.009965256522142196,KXHIGHLAX-26AUG29,,0.69,KXHIGHLAX-26AUG29-B83.5,0.6900347434778578,0.68,no,price_out_of_range,2026-08-29 17:00:00+00:00,0.019999999999999907,2026-08-29
bounded,la,skip,0.59,-0.08851024043250622,KXHIGHLAX-26AUG29,,0.585,KXHIGHLAX-26AUG29-B85.5,0.5014897595674938,0.58,no,ev_below_threshold,2026-08-29 17:00:00+00:00,0.010000000000000009,2026-08-29
lower_tail,la,skip,1.0,-0.0009980039920159944,KXHIGHLAX-26AUG29,,0.995,KXHIGHLAX-26AUG29-T79,0.999001996007984,0.99,no,price_out_of_range,2026-08-29 17:00:00+00:00,0.010000000000000009,2026-08-29
upper_tail,la,skip,0.79,0.04891708586717658,KXHIGHLAX-26AUG29,,0.765,KXHIGHLAX-26AUG29-T86,0.8389170858671766,0.74,no,price_out_of_range,2026-08-29 17:00:00+00:00,0.050000000000000044,2026-08-29
bounded,mia,skip,0.92,-0.44667479384849695,KXHIGHMIA-26AUG29,,0.91,KXHIGHMIA-26AUG29-B88.5,0.4733252061515031,0.9,no,price_out_of_range,2026-08-29 17:00:00+00:00,0.020000000000000018,2026-08-29
bounded,mia,skip,0.91,-0.11370937270099091,KXHIGHMIA-26AUG29,,0.905,KXHIGHMIA-26AUG29-B90.5,0.7962906272990091,0.9,no,price_out_of_range,2026-08-29 17:00:00+00:00,0.010000000000000009,2026-08-29
bounded,mia,skip,1.0,-0.023515347377653373,KXHIGHMIA-26AUG29,,0.995,KXHIGHMIA-26AUG29-B92.5,0.9764846526223466,0.99,no,price_out_of_range,2026-08-29 17:00:00+00:00,0.010000000000000009,2026-08-29
bounded,mia,skip,1.0,-0.0009980039920159944,KXHIGHMIA-26AUG29,,0.995,KXHIGHMIA-26AUG29-B94.5,0.999001996007984,0.99,no,price_out_of_range,2026-08-29 17:00:00+00:00,0.010000000000000009,2026-08-29
lower_tail,mia,skip,0.22,0.5358955219111732,KXHIGHMIA-26AUG29,,0.195,KXHIGHMIA-26AUG29-T88,0.7558955219111732,0.17,no,price_out_of_range,2026-08-29 17:00:00+00:00,0.04999999999999999,2026-08-29
upper_tail,mia,skip,1.0,-0.0009980039920159944,KXHIGHMIA-26AUG29,,0.995,KXHIGHMIA-26AUG29-T95,0.999001996007984,0.99,no,price_out_of_range,2026-08-29 17:00:00+00:00,0.010000000000000009,2026-08-29
bounded,nyc,skip,0.89,-0.3986813521385274,KXHIGHNY-26AUG29,12.0,0.885,KXHIGHNY-26AUG29-B79.5,0.4913186478614726,0.88,no,price_out_of_range,2026-08-29 17:00:00+00:00,0.010000000000000009,2026-08-29
bounded,nyc,skip,0.99,-0.16277620427607342,KXHIGHNY-26AUG29,12.0,0.985,KXHIGHNY-26AUG29-B81.5,0.8272237957239266,0.98,no,price_out_of_range,2026-08-29 17:00:00+00:00,0.010000000000000009,2026-08-29
bounded,nyc,skip,1.0,-0.016764992224561848,KXHIGHNY-26AUG29,12.0,0.995,KXHIGHNY-26AUG29-B83.5,0.9832350077754382,0.99,no,price_out_of_range,2026-08-29 17:00:00+00:00,0.010000000000000009,2026-08-29
bounded,nyc,skip,1.0,-0.0009980039920159944,KXHIGHNY-26AUG29,12.0,0.995,KXHIGHNY-26AUG29-B85.5,0.999001996007984,0.99,no,price_out_of_range,2026-08-29 17:00:00+00:00,0.010000000000000009,2026-08-29
lower_tail,nyc,skip,0.14,0.5602185566231948,KXHIGHNY-26AUG29,12.0,0.135,KXHIGHNY-26AUG29-T79,0.7002185566231948,0.13,no,price_out_of_range,2026-08-29 17:00:00+00:00,0.010000000000000009,2026-08-29
upper_tail,nyc,skip,1.0,-0.0009980039920159944,KXHIGHNY-26AUG29,12.0,0.995,KXHIGHNY-26AUG29-T86,0.999001996007984,0.99,no,price_out_of_range,2026-08-29 17:00:00+00:00,0.010000000000000009,2026-08-29
bounded,okc,skip,0.75,-0.18554182893996052,KXHIGHTOKC-26AUG29,11.0,0.72,KXHIGHTOKC-26AUG29-B100.5,0.5644581710600395,0.69,no,price_out_of_range,2026-08-29 17:00:00+00:00,0.06000000000000005,2026-08-29
bounded,okc,skip,0.48,0.19558568862657677,KXHIGHTOKC-26AUG29,11.0,0.46499999999999997,KXHIGHTOKC-26AUG29-B102.5,0.6755856886265768,0.45,no,price_out_of_range,2026-08-29 17:00:00+00:00,0.02999999999999997,2026-08-29
bounded,okc,skip,0.83,0.11170061565318756,KXHIGHTOKC-26AUG29,11.0,0.815,KXHIGHTOKC-26AUG29-B104.5,0.9417006156531875,0.8,no,price_out_of_range,2026-08-29 17:00:00+00:00,0.029999999999999916,2026-08-29
bounded,okc,skip,0.97,-0.12712761157650698,KXHIGHTOKC-26AUG29,11.0,0.965,KXHIGHTOKC-26AUG29-B98.5,0.842872388423493,0.96,no,price_out_of_range,2026-08-29 17:00:00+00:00,0.010000000000000009,2026-08-29
upper_tail,okc,skip,1.0,-0.0009990009990009652,KXHIGHTOKC-26AUG29,11.0,0.995,KXHIGHTOKC-26AUG29-T105,0.999000999000999,0.99,no,price_out_of_range,2026-08-29 17:00:00+00:00,0.010000000000000009,2026-08-29
lower_tail,okc,skip,1.0,-0.023617862764295783,KXHIGHTOKC-26AUG29,11.0,0.995,KXHIGHTOKC-26AUG29-T98,0.9763821372357042,0.99,no,price_out_of_range,2026-08-29 17:00:00+00:00,0.010000000000000009,2026-08-29
bounded,aus,skip,0.88,0.06970596528134121,KXHIGHAUS-26AUG29,,0.865,KXHIGHAUS-26AUG29-B101.5,0.9497059652813412,0.85,no,price_out_of_range,2026-08-29 18:00:00+00:00,0.030000000000000027,2026-08-29
bounded,aus,skip,1.0,-0.0009980039920159944,KXHIGHAUS-26AUG29,,0.995,KXHIGHAUS-26AUG29-B103.5,0.999001996007984,0.99,no,price_out_of_range,2026-08-29 18:00:00+00:00,0.010000000000000009,2026-08-29
bounded,aus,skip,0.78,-0.22874350191219106,KXHIGHAUS-26AUG29,,0.74,KXHIGHAUS-26AUG29-B97.5,0.551256498087809,0.7,no,price_out_of_range,2026-08-29 18:00:00+00:00,0.08000000000000007,2026-08-29
bounded,aus,skip,0.43,0.23977287843971612,KXHIGHAUS-26AUG29,,0.4,KXHIGHAUS-26AUG29-B99.5,0.6697728784397161,0.37,no,price_out_of_range,2026-08-29 18:00:00+00:00,0.06,2026-08-29
upper_tail,aus,skip,1.0,-0.0009980039920159944,KXHIGHAUS-26AUG29,,0.995,KXHIGHAUS-26AUG29-T104,0.999001996007984,0.99,no,price_out_of_range,2026-08-29 18:00:00+00:00,0.010000000000000009,2026-08-29
lower_tail,aus,skip,0.95,-0.11873933382483426,KXHIGHAUS-26AUG29,,0.945,KXHIGHAUS-26AUG29-T97,0.8312606661751657,0.94,no,price_out_of_range,2026-08-29 18:00:00+00:00,0.010000000000000009,2026-08-29
bounded,den,skip,0.62,-0.08654658833565954,KXHIGHDEN-26AUG29,,0.615,KXHIGHDEN-26AUG29-B90.5,0.5334534116643405,0.61,no,ev_below_threshold,2026-08-29 18:00:00+00:00,0.010000000000000009,2026-08-29
bounded,den,buy,0.5,0.18065642450913844,KXHIGHDEN-26AUG29,,0.495,KXHIGHDEN-26AUG29-B92.5,0.6806564245091384,0.49,no,,2026-08-29 18:00:00+00:00,0.010000000000000009,2026-08-29
bounded,den,skip,0.96,-0.0070256077857431265,KXHIGHDEN-26AUG29,,0.955,KXHIGHDEN-26AUG29-B94.5,0.9529743922142568,0.95,no,price_out_of_range,2026-08-29 18:00:00+00:00,0.010000000000000009,2026-08-29
bounded,den,skip,1.0,-0.0009980039920159944,KXHIGHDEN-26AUG29,,0.995,KXHIGHDEN-26AUG29-B96.5,0.999001996007984,0.99,no,price_out_of_range,2026-08-29 18:00:00+00:00,0.010000000000000009,2026-08-29
lower_tail,den,skip,0.96,-0.12508822040370382,KXHIGHDEN-26AUG29,,0.955,KXHIGHDEN-26AUG29-T90,0.8349117795962961,0.95,no,price_out_of_range,2026-08-29 18:00:00+00:00,0.010000000000000009,2026-08-29
upper_tail,den,skip,1.0,-0.0009980039920159944,KXHIGHDEN-26AUG29,,0.995,KXHIGHDEN-26AUG29-T97,0.999001996007984,0.99,no,price_out_of_range,2026-08-29 18:00:00+00:00,0.010000000000000009,2026-08-29
bounded,la,skip,1.0,-0.0009970089730807485,KXHIGHLAX-26AUG29,,0.995,KXHIGHLAX-26AUG29-B79.5,0.9990029910269193,0.99,no,price_out_of_range,2026-08-29 18:00:00+00:00,0.010000000000000009,2026-08-29
bounded,la,skip,1.0,-0.0009970089730807485,KXHIGHLAX-26AUG29,,0.995,KXHIGHLAX-26AUG29-B81.5,0.9990029910269193,0.99,no,price_out_of_range,2026-08-29 18:00:00+00:00,0.010000000000000009,2026-08-29
bounded,la,skip,1.0,-0.26583298139189204,KXHIGHLAX-26AUG29,,0.995,KXHIGHLAX-26AUG29-B83.5,0.734167018608108,0.99,no,price_out_of_range,2026-08-29 18:00:00+00:00,0.010000000000000009,2026-08-29
bounded,la,skip,0.42,0.028838377629945178,KXHIGHLAX-26AUG29,,0.385,KXHIGHLAX-26AUG29-B85.5,0.44883837762994516,0.35,no,price_out_of_range,2026-08-29 18:00:00+00:00,0.07,2026-08-29
lower_tail,la,skip,1.0,-0.0009970089730807485,KXHIGHLAX-26AUG29,,0.995,KXHIGHLAX-26AUG29-T79,0.9990029910269193,0.99,no,price_out_of_range,2026-08-29 18:00:00+00:00,0.010000000000000009,2026-08-29
upper_tail,la,buy,0.63,0.18998563068118912,KXHIGHLAX-26AUG29,,0.605,KXHIGHLAX-26AUG29-T86,0.8199856306811891,0.58,no,,2026-08-29 18:00:00+00:00,0.050000000000000044,2026-08-29
bounded,mia,skip,0.95,-0.4311603875767682,KXHIGHMIA-26AUG29,,0.945,KXHIGHMIA-26AUG29-B88.5,0.5188396124232317,0.94,no,price_out_of_range,2026-08-29 18:00:00+00:00,0.010000000000000009,2026-08-29
bounded,mia,skip,0.96,-0.07862292452149888,KXHIGHMIA-26AUG29,,0.95,KXHIGHMIA-26AUG29-B90.5,0.8813770754785011,0.94,no,price_out_of_range,2026-08-29 18:00:00+00:00,0.020000000000000018,2026-08-29
bounded,mia,skip,0.99,0.0064607645008706305,KXHIGHMIA-26AUG29,,0.985,KXHIGHMIA-26AUG29-B92.5,0.9964607645008706,0.98,no,price_out_of_range,2026-08-29 18:00:00+00:00,0.010000000000000009,2026-08-29
bounded,mia,skip,1.0,-0.0009980039920159944,KXHIGHMIA-26AUG29,,0.995,KXHIGHMIA-26AUG29-B94.5,0.999001996007984,0.99,no,price_out_of_range,2026-08-29 18:00:00+00:00,0.010000000000000009,2026-08-29
lower_tail,mia,skip,0.17,0.4353185555814285,KXHIGHMIA-26AUG29,,0.15000000000000002,KXHIGHMIA-26AUG29-T88,0.6053185555814286,0.13,no,price_out_of_range,2026-08-29 18:00:00+00:00,0.04000000000000001,2026-08-29
upper_tail,mia,skip,1.0,-0.0009980039920159944,KXHIGHMIA-26AUG29,,0.995,KXHIGHMIA-26AUG29-T95,0.999001996007984,0.99,no,price_out_of_range,2026-08-29 18:00:00+00:00,0.010000000000000009,2026-08-29
bounded,nyc,skip,0.71,-0.23226896431674282,KXHIGHNY-26AUG29,13.0,0.6399999999999999,KXHIGHNY-26AUG29-B79.5,0.47773103568325714,0.57,no,spread_too_wide,2026-08-29 18:00:00+00:00,0.14,2026-08-29
bounded,nyc,skip,0.99,-0.1779167225685936,KXHIGHNY-26AUG29,13.0,0.985,KXHIGHNY-26AUG29-B81.5,0.8120832774314064,0.98,no,price_out_of_range,2026-08-29 18:00:00+00:00,0.010000000000000009,2026-08-29
bounded,nyc,skip,1.0,-0.019505959897794467,KXHIGHNY-26AUG29,13.0,0.995,KXHIGHNY-26AUG29-B83.5,0.9804940401022055,0.99,no,price_out_of_range,2026-08-29 18:00:00+00:00,0.010000000000000009,2026-08-29
bounded,nyc,skip,1.0,-0.0009980039920159944,KXHIGHNY-26AUG29,13.0,0.995,KXHIGHNY-26AUG29-B85.5,0.999001996007984,0.99,no,price_out_of_range,2026-08-29 18:00:00+00:00,0.010000000000000009,2026-08-29
lower_tail,nyc,skip,0.42,0.3116876547671628,KXHIGHNY-26AUG29,13.0,0.365,KXHIGHNY-26AUG29-T79,0.7316876547671628,0.31,no,spread_too_wide,2026-08-29 18:00:00+00:00,0.10999999999999999,2026-08-29
upper_tail,nyc,skip,1.0,-0.0009980039920159944,KXHIGHNY-26AUG29,13.0,0.995,KXHIGHNY-26AUG29-T86,0.999001996007984,0.99,no,price_out_of_range,2026-08-29 18:00:00+00:00,0.010000000000000009,2026-08-29
bounded,okc,skip,0.8,-0.26521579714584664,KXHIGHTOKC-26AUG29,12.0,0.745,KXHIGHTOKC-26AUG29-B100.5,0.5347842028541534,0.69,no,spread_too_wide,2026-08-29 18:00:00+00:00,0.1100000000000001,2026-08-29
bounded,okc,skip,0.34,0.32920605662905483,KXHIGHTOKC-26AUG29,12.0,0.31000000000000005,KXHIGHTOKC-26AUG29-B102.5,0.6692060566290549,0.28,no,price_out_of_range,2026-08-29 18:00:00+00:00,0.06,2026-08-29
bounded,okc,skip,0.89,0.05937408789613641,KXHIGHTOKC-26AUG29,12.0,0.845,KXHIGHTOKC-26AUG29-B104.5,0.9493740878961364,0.8,no,price_out_of_range,2026-08-29 18:00:00+00:00,0.08999999999999997,2026-08-29
bounded,okc,skip,1.0,-0.1513683393953127,KXHIGHTOKC-26AUG29,12.0,0.99,KXHIGHTOKC-26AUG29-B98.5,0.8486316606046873,0.98,no,price_out_of_range,2026-08-29 18:00:00+00:00,0.020000000000000018,2026-08-29
upper_tail,okc,skip,1.0,-0.0009980039920159944,KXHIGHTOKC-26AUG29,12.0,0.995,KXHIGHTOKC-26AUG29-T105,0.999001996007984,0.99,no,price_out_of_range,2026-08-29 18:00:00+00:00,0.010000000000000009,2026-08-29
lower_tail,okc,skip,1.0,-0.0009980039920159944,KXHIGHTOKC-26AUG29,12.0,0.995,KXHIGHTOKC-26AUG29-T98,0.999001996007984,0.99,no,price_out_of_range,2026-08-29 18:00:00+00:00,0.010000000000000009,2026-08-29
bounded,aus,skip,0.93,0.023087725532128345,KXHIGHAUS-26AUG29,,0.92,KXHIGHAUS-26AUG29-B101.5,0.9530877255321284,0.91,no,price_out_of_range,2026-08-29 19:00:00+00:00,0.020000000000000018,2026-08-29
bounded,aus,skip,1.0,-0.0009980039920159944,KXHIGHAUS-26AUG29,,0.995,KXHIGHAUS-26AUG29-B103.5,0.999001996007984,0.99,no,price_out_of_range,2026-08-29 19:00:00+00:00,0.010000000000000009,2026-08-29
bounded,aus,skip,0.72,-0.1809166047890709,KXHIGHAUS-26AUG29,,0.6950000000000001,KXHIGHAUS-26AUG29-B97.5,0.5390833952109291,0.67,no,price_out_of_range,2026-08-29 19:00:00+00:00,0.04999999999999993,2026-08-29
bounded,aus,skip,0.39,0.29062375554717523,KXHIGHAUS-26AUG29,,0.385,KXHIGHAUS-26AUG29-B99.5,0.6806237555471752,0.38,no,price_out_of_range,2026-08-29 19:00:00+00:00,0.010000000000000009,2026-08-29
upper_tail,aus,skip,1.0,-0.0009980039920159944,KXHIGHAUS-26AUG29,,0.995,KXHIGHAUS-26AUG29-T104,0.999001996007984,0.99,no,price_out_of_range,2026-08-29 19:00:00+00:00,0.010000000000000009,2026-08-29
lower_tail,aus,skip,0.98,-0.15079886830620082,KXHIGHAUS-26AUG29,,0.965,KXHIGHAUS-26AUG29-T97,0.8292011316937992,0.95,no,price_out_of_range,2026-08-29 19:00:00+00:00,0.030000000000000027,2026-08-29
bounded,den,buy,0.58,0.04555067087883069,KXHIGHDEN-26AUG29,,0.565,KXHIGHDEN-26AUG29-B90.5,0.6255506708788307,0.55,no,,2026-08-29 19:00:00+00:00,0.029999999999999916,2026-08-29
bounded,den,skip,0.61,-0.05558483567614558,KXHIGHDEN-26AUG29,,0.5800000000000001,KXHIGHDEN-26AUG29-B92.5,0.5544151643238544,0.55,no,ev_below_threshold,2026-08-29 19:00:00+00:00,0.05999999999999994,2026-08-29
bounded,den,skip,1.0,-0.10976211688797721,KXHIGHDEN-26AUG29,,0.99,KXHIGHDEN-26AUG29-B94.5,0.8902378831120228,0.98,no,price_out_of_range,2026-08-29 19:00:00+00:00,0.020000000000000018,2026-08-29
bounded,den,skip,1.0,-0.006468400444523015,KXHIGHDEN-26AUG29,,0.995,KXHIGHDEN-26AUG29-B96.5,0.993531599555477,0.99,no,price_out_of_range,2026-08-29 19:00:00+00:00,0.010000000000000009,2026-08-29
lower_tail,den,skip,0.94,-0.002736316871183919,KXHIGHDEN-26AUG29,,0.9299999999999999,KXHIGHDEN-26AUG29-T90,0.937263683128816,0.92,no,price_out_of_range,2026-08-29 19:00:00+00:00,0.019999999999999907,2026-08-29
upper_tail,den,skip,1.0,-0.0009990009990009652,KXHIGHDEN-26AUG29,,0.995,KXHIGHDEN-26AUG29-T97,0.999000999000999,0.99,no,price_out_of_range,2026-08-29 19:00:00+00:00,0.010000000000000009,2026-08-29
bounded,la,skip,1.0,-0.0009960159362549792,KXHIGHLAX-26AUG29,,0.995,KXHIGHLAX-26AUG29-B79.5,0.999003984063745,0.99,no,price_out_of_range,2026-08-29 19:00:00+00:00,0.010000000000000009,2026-08-29
bounded,la,skip,1.0,-0.0009960159362549792,KXHIGHLAX-26AUG29,,0.995,KXHIGHLAX-26AUG29-B81.5,0.999003984063745,0.99,no,price_out_of_range,2026-08-29 19:00:00+00:00,0.010000000000000009,2026-08-29
bounded,la,skip,1.0,-0.0009960159362549792,KXHIGHLAX-26AUG29,,0.995,KXHIGHLAX-26AUG29-B83.5,0.999003984063745,0.99,no,price_out_of_range,2026-08-29 19:00:00+00:00,0.010000000000000009,2026-08-29
bounded,la,skip,0.32,0.14011652743912378,KXHIGHLAX-26AUG29,,0.31,KXHIGHLAX-26AUG29-B85.5,0.4601165274391238,0.3,no,price_out_of_range,2026-08-29 19:00:00+00:00,0.020000000000000018,2026-08-29
lower_tail,la,skip,1.0,-0.0009960159362549792,KXHIGHLAX-26AUG29,,0.995,KXHIGHLAX-26AUG29-T79,0.999003984063745,0.99,no,price_out_of_range,2026-08-29 19:00:00+00:00,0.010000000000000009,2026-08-29
upper_tail,la,skip,0.72,-0.17613246369410385,KXHIGHLAX-26AUG29,,0.71,KXHIGHLAX-26AUG29-T86,0.5438675363058961,0.7,no,price_out_of_range,2026-08-29 19:00:00+00:00,0.020000000000000018,2026-08-29
bounded,mia,skip,0.94,-0.3515959421227175,KXHIGHMIA-26AUG29,,0.9099999999999999,KXHIGHMIA-26AUG29-B88.5,0.5884040578772824,0.88,no,price_out_of_range,2026-08-29 19:00:00+00:00,0.05999999999999994,2026-08-29
bounded,mia,skip,0.98,-0.04158426402330839,KXHIGHMIA-26AUG29,,0.975,KXHIGHMIA-26AUG29-B90.5,0.9384157359766916,0.97,no,price_out_of_range,2026-08-29 19:00:00+00:00,0.010000000000000009,2026-08-29
bounded,mia,skip,1.0,-0.0009970089730807485,KXHIGHMIA-26AUG29,,0.995,KXHIGHMIA-26AUG29-B92.5,0.9990029910269193,0.99,no,price_out_of_range,2026-08-29 19:00:00+00:00,0.010000000000000009,2026-08-29
bounded,mia,skip,1.0,-0.0009970089730807485,KXHIGHMIA-26AUG29,,0.995,KXHIGHMIA-26AUG29-B94.5,0.9990029910269193,0.99,no,price_out_of_range,2026-08-29 19:00:00+00:00,0.010000000000000009,2026-08-29
lower_tail,mia,skip,0.11,0.3661712330652682,KXHIGHMIA-26AUG29,,0.08,KXHIGHMIA-26AUG29-T88,0.4761712330652682,0.05,no,price_out_of_range,2026-08-29 19:00:00+00:00,0.06,2026-08-29
upper_tail,mia,skip,1.0,-0.0009970089730807485,KXHIGHMIA-26AUG29,,0.995,KXHIGHMIA-26AUG29-T95,0.9990029910269193,0.99,no,price_out_of_range,2026-08-29 19:00:00+00:00,0.010000000000000009,2026-08-29
bounded,nyc,skip,0.86,-0.3719280090730731,KXHIGHNY-26AUG29,14.0,0.855,KXHIGHNY-26AUG29-B79.5,0.4880719909269269,0.85,no,price_out_of_range,2026-08-29 19:00:00+00:00,0.010000000000000009,2026-08-29
bounded,nyc,skip,0.99,-0.14791929008970262,KXHIGHNY-26AUG29,14.0,0.985,KXHIGHNY-26AUG29-B81.5,0.8420807099102974,0.98,no,price_out_of_range,2026-08-29 19:00:00+00:00,0.010000000000000009,2026-08-29
bounded,nyc,skip,1.0,-0.011370052094642702,KXHIGHNY-26AUG29,14.0,0.995,KXHIGHNY-26AUG29-B83.5,0.9886299479053573,0.99,no,price_out_of_range,2026-08-29 19:00:00+00:00,0.010000000000000009,2026-08-29
bounded,nyc,skip,1.0,-0.0009980039920159944,KXHIGHNY-26AUG29,14.0,0.995,KXHIGHNY-26AUG29-B85.5,0.999001996007984,0.99,no,price_out_of_range,2026-08-29 19:00:00+00:00,0.010000000000000009,2026-08-29
lower_tail,nyc,skip,0.21,0.47321335924145047,KXHIGHNY-26AUG29,14.0,0.185,KXHIGHNY-26AUG29-T79,0.6832133592414504,0.16,no,price_out_of_range,2026-08-29 19:00:00+00:00,0.04999999999999999,2026-08-29
upper_tail,nyc,skip,1.0,-0.0009980039920159944,KXHIGHNY-26AUG29,14.0,0.995,KXHIGHNY-26AUG29-T86,0.999001996007984,0.99,no,price_out_of_range,2026-08-29 19:00:00+00:00,0.010000000000000009,2026-08-29
bounded,okc,skip,0.76,-0.2789021966966262,KXHIGHTOKC-26AUG29,13.0,0.755,KXHIGHTOKC-26AUG29-B100.5,0.4810978033033738,0.75,no,price_out_of_range,2026-08-29 19:00:00+00:00,0.010000000000000009,2026-08-29
bounded,okc,skip,0.36,0.2384211598648729,KXHIGHTOKC-26AUG29,13.0,0.345,KXHIGHTOKC-26AUG29-B102.5,0.5984211598648729,0.33,no,price_out_of_range,2026-08-29 19:00:00+00:00,0.02999999999999997,2026-08-29
bounded,okc,skip,0.9,0.02347206375099542,KXHIGHTOKC-26AUG29,13.0,0.875,KXHIGHTOKC-26AUG29-B104.5,0.9234720637509954,0.85,no,price_out_of_range,2026-08-29 19:00:00+00:00,0.050000000000000044,2026-08-29
bounded,okc,skip,1.0,-0.0009970089730807485,KXHIGHTOKC-26AUG29,13.0,0.995,KXHIGHTOKC-26AUG29-B98.5,0.9990029910269193,0.99,no,price_out_of_range,2026-08-29 19:00:00+00:00,0.010000000000000009,2026-08-29
upper_tail,okc,skip,1.0,-0.0009970089730807485,KXHIGHTOKC-26AUG29,13.0,0.995,KXHIGHTOKC-26AUG29-T105,0.9990029910269193,0.99,no,price_out_of_range,2026-08-29 19:00:00+00:00,0.010000000000000009,2026-08-29
lower_tail,okc,skip,1.0,-0.0009970089730807485,KXHIGHTOKC-26AUG29,13.0,0.995,KXHIGHTOKC-26AUG29-T98,0.9990029910269193,0.99,no,price_out_of_range,2026-08-29 19:00:00+00:00,0.010000000000000009,2026-08-29
bounded,aus,skip,0.96,-0.006556226647705388,KXHIGHAUS-26AUG29,,0.94,KXHIGHAUS-26AUG29-B101.5,0.9534437733522946,0.92,no,price_out_of_range,2026-08-29 20:00:00+00:00,0.039999999999999925,2026-08-29
bounded,aus,skip,1.0,-0.0009980039920159944,KXHIGHAUS-26AUG29,,0.995,KXHIGHAUS-26AUG29-B103.5,0.999001996007984,0.99,no,price_out_of_range,2026-08-29 20:00:00+00:00,0.010000000000000009,2026-08-29
bounded,aus,skip,0.9,-0.3959883116497035,KXHIGHAUS-26AUG29,,0.885,KXHIGHAUS-26AUG29-B97.5,0.5040116883502965,0.87,no,price_out_of_range,2026-08-29 20:00:00+00:00,0.030000000000000027,2026-08-29
bounded,aus,skip,0.2,0.46521450809582215,KXHIGHAUS-26AUG29,,0.195,KXHIGHAUS-26AUG29-B99.5,0.6652145080958222,0.19,no,price_out_of_range,2026-08-29 20:00:00+00:00,0.010000000000000009,2026-08-29
upper_tail,aus,skip,1.0,-0.0009980039920159944,KXHIGHAUS-26AUG29,,0.995,KXHIGHAUS-26AUG29-T104,0.999001996007984,0.99,no,price_out_of_range,2026-08-29 20:00:00+00:00,0.010000000000000009,2026-08-29
lower_tail,aus,skip,1.0,-0.12067396181438128,KXHIGHAUS-26AUG29,,0.995,KXHIGHAUS-26AUG29-T97,0.8793260381856187,0.99,no,price_out_of_range,2026-08-29 20:00:00+00:00,0.010000000000000009,2026-08-29
bounded,den,buy,0.61,0.02027245076003259,KXHIGHDEN-26AUG29,,0.585,KXHIGHDEN-26AUG29-B90.5,0.6302724507600326,0.56,no,,2026-08-29 20:00:00+00:00,0.04999999999999993,2026-08-29
bounded,den,skip,0.47,0.07502672971357138,KXHIGHDEN-26AUG29,,0.44999999999999996,KXHIGHDEN-26AUG29-B92.5,0.5450267297135714,0.43,no,price_out_of_range,2026-08-29 20:00:00+00:00,0.03999999999999998,2026-08-29
bounded,den,skip,1.0,-0.11304611098396433,KXHIGHDEN-26AUG29,,0.99,KXHIGHDEN-26AUG29-B94.5,0.8869538890160357,0.98,no,price_out_of_range,2026-08-29 20:00:00+00:00,0.020000000000000018,2026-08-29
bounded,den,skip,1.0,-0.006011898932218873,KXHIGHDEN-26AUG29,,0.995,KXHIGHDEN-26AUG29-B96.5,0.9939881010677811,0.99,no,price_out_of_range,2026-08-29 20:00:00+00:00,0.010000000000000009,2026-08-29
lower_tail,den,skip,1.0,-0.055242169558419874,KXHIGHDEN-26AUG29,,0.995,KXHIGHDEN-26AUG29-T90,0.9447578304415801,0.99,no,price_out_of_range,2026-08-29 20:00:00+00:00,0.010000000000000009,2026-08-29
upper_tail,den,skip,1.0,-0.0009990009990009652,KXHIGHDEN-26AUG29,,0.995,KXHIGHDEN-26AUG29-T97,0.999000999000999,0.99,no,price_out_of_range,2026-08-29 20:00:00+00:00,0.010000000000000009,2026-08-29
bounded,la,skip,1.0,-0.0009960159362549792,KXHIGHLAX-26AUG29,,0.995,KXHIGHLAX-26AUG29-B79.5,0.999003984063745,0.99,no,price_out_of_range,2026-08-29 20:00:00+00:00,0.010000000000000009,2026-08-29
bounded,la,skip,1.0,-0.0009960159362549792,KXHIGHLAX-26AUG29,,0.995,KXHIGHLAX-26AUG29-B81.5,0.999003984063745,0.99,no,price_out_of_range,2026-08-29 20:00:00+00:00,0.010000000000000009,2026-08-29
bounded,la,skip,1.0,-0.0009960159362549792,KXHIGHLAX-26AUG29,,0.995,KXHIGHLAX-26AUG29-B83.5,0.999003984063745,0.99,no,price_out_of_range,2026-08-29 20:00:00+00:00,0.010000000000000009,2026-08-29
bounded,la,skip,1.0,-0.5391675096149341,KXHIGHLAX-26AUG29,,0.995,KXHIGHLAX-26AUG29-B85.5,0.4608324903850659,0.99,no,price_out_of_range,2026-08-29 20:00:00+00:00,0.010000000000000009,2026-08-29
lower_tail,la,skip,1.0,-0.0009960159362549792,KXHIGHLAX-26AUG29,,0.995,KXHIGHLAX-26AUG29-T79,0.999003984063745,0.99,no,price_out_of_range,2026-08-29 20:00:00+00:00,0.010000000000000009,2026-08-29
upper_tail,la,skip,0.01,0.5331515733599541,KXHIGHLAX-26AUG29,,0.005,KXHIGHLAX-26AUG29-T86,0.5431515733599541,0.0,no,price_out_of_range,2026-08-29 20:00:00+00:00,0.01,2026-08-29
bounded,mia,skip,1.0,-0.26717073037831685,KXHIGHMIA-26AUG29,,0.995,KXHIGHMIA-26AUG29-B88.5,0.7328292696216832,0.99,no,price_out_of_range,2026-08-29 20:00:00+00:00,0.010000000000000009,2026-08-29
bounded,mia,skip,1.0,-0.033084607579221714,KXHIGHMIA-26AUG29,,0.995,KXHIGHMIA-26AUG29-B90.5,0.9669153924207783,0.99,no,price_out_of_range,2026-08-29 20:00:00+00:00,0.010000000000000009,2026-08-29
bounded,mia,skip,1.0,-0.0009970089730807485,KXHIGHMIA-26AUG29,,0.995,KXHIGHMIA-26AUG29-B92.5,0.9990029910269193,0.99,no,price_out_of_range,2026-08-29 20:00:00+00:00,0.010000000000000009,2026-08-29
bounded,mia,skip,1.0,-0.0009970089730807485,KXHIGHMIA-26AUG29,,0.995,KXHIGHMIA-26AUG29-B94.5,0.9990029910269193,0.99,no,price_out_of_range,2026-08-29 20:00:00+00:00,0.010000000000000009,2026-08-29
lower_tail,mia,skip,0.01,0.2932463648767808,KXHIGHMIA-26AUG29,,0.005,KXHIGHMIA-26AUG29-T88,0.3032463648767808,0.0,no,price_out_of_range,2026-08-29 20:00:00+00:00,0.01,2026-08-29
upper_tail,mia,skip,1.0,-0.0009970089730807485,KXHIGHMIA-26AUG29,,0.995,KXHIGHMIA-26AUG29-T95,0.9990029910269193,0.99,no,price_out_of_range,2026-08-29 20:00:00+00:00,0.010000000000000009,2026-08-29
bounded,nyc,skip,0.93,-0.41687745000361887,KXHIGHNY-26AUG29,15.0,0.925,KXHIGHNY-26AUG29-B79.5,0.5131225499963812,0.92,no,price_out_of_range,2026-08-29 20:00:00+00:00,0.010000000000000009,2026-08-29
bounded,nyc,skip,1.0,-0.1027053405642685,KXHIGHNY-26AUG29,15.0,0.995,KXHIGHNY-26AUG29-B81.5,0.8972946594357315,0.99,no,price_out_of_range,2026-08-29 20:00:00+00:00,0.010000000000000009,2026-08-29
bounded,nyc,skip,1.0,-0.0009970089730807485,KXHIGHNY-26AUG29,15.0,0.995,KXHIGHNY-26AUG29-B83.5,0.9990029910269193,0.99,no,price_out_of_range,2026-08-29 20:00:00+00:00,0.010000000000000009,2026-08-29
bounded,nyc,skip,1.0,-0.0009970089730807485,KXHIGHNY-26AUG29,15.0,0.995,KXHIGHNY-26AUG29-B85.5,0.9990029910269193,0.99,no,price_out_of_range,2026-08-29 20:00:00+00:00,0.010000000000000009,2026-08-29
lower_tail,nyc,skip,0.1,0.4925738174871295,KXHIGHNY-26AUG29,15.0,0.09,KXHIGHNY-26AUG29-T79,0.5925738174871295,0.08,no,price_out_of_range,2026-08-29 20:00:00+00:00,0.020000000000000004,2026-08-29
upper_tail,nyc,skip,1.0,-0.0009970089730807485,KXHIGHNY-26AUG29,15.0,0.995,KXHIGHNY-26AUG29-T86,0.9990029910269193,0.99,no,price_out_of_range,2026-08-29 20:00:00+00:00,0.010000000000000009,2026-08-29
bounded,okc,skip,1.0,-0.07769782584952034,KXHIGHTOKC-26AUG29,14.0,0.995,KXHIGHTOKC-26AUG29-B100.5,0.9223021741504797,0.99,no,price_out_of_range,2026-08-29 20:00:00+00:00,0.010000000000000009,2026-08-29
bounded,okc,skip,0.14,0.24917457317533032,KXHIGHTOKC-26AUG29,14.0,0.125,KXHIGHTOKC-26AUG29-B102.5,0.38917457317533033,0.11,no,price_out_of_range,2026-08-29 20:00:00+00:00,0.030000000000000013,2026-08-29
bounded,okc,skip,0.9,-0.17695706279325096,KXHIGHTOKC-26AUG29,14.0,0.885,KXHIGHTOKC-26AUG29-B104.5,0.7230429372067491,0.87,no,price_out_of_range,2026-08-29 20:00:00+00:00,0.030000000000000027,2026-08-29
bounded,okc,skip,1.0,-0.0009980039920159944,KXHIGHTOKC-26AUG29,14.0,0.995,KXHIGHTOKC-26AUG29-B98.5,0.999001996007984,0.99,no,price_out_of_range,2026-08-29 20:00:00+00:00,0.010000000000000009,2026-08-29
upper_tail,okc,skip,1.0,-0.03252367654852706,KXHIGHTOKC-26AUG29,14.0,0.995,KXHIGHTOKC-26AUG29-T105,0.9674763234514729,0.99,no,price_out_of_range,2026-08-29 20:00:00+00:00,0.010000000000000009,2026-08-29
lower_tail,okc,skip,1.0,-0.0009980039920159944,KXHIGHTOKC-26AUG29,14.0,0.995,KXHIGHTOKC-26AUG29-T98,0.999001996007984,0.99,no,price_out_of_range,2026-08-29 20:00:00+00:00,0.010000000000000009,2026-08-29
bounded,aus,skip,0.96,-0.14345122724103399,KXHIGHAUS-26AUG29,,0.95,KXHIGHAUS-26AUG29-B101.5,0.816548772758966,0.94,no,price_out_of_range,2026-08-29 21:00:00+00:00,0.020000000000000018,2026-08-29
bounded,aus,skip,1.0,-0.007886519036360617,KXHIGHAUS-26AUG29,,0.995,KXHIGHAUS-26AUG29-B103.5,0.9921134809636394,0.99,no,price_out_of_range,2026-08-29 21:00:00+00:00,0.010000000000000009,2026-08-29
bounded,aus,skip,0.96,-0.2454572086116491,KXHIGHAUS-26AUG29,,0.935,KXHIGHAUS-26AUG29-B97.5,0.7145427913883509,0.91,no,price_out_of_range,2026-08-29 21:00:00+00:00,0.04999999999999993,2026-08-29
bounded,aus,skip,0.12,0.35879096287307577,KXHIGHAUS-26AUG29,,0.09,KXHIGHAUS-26AUG29-B99.5,0.47879096287307576,0.06,no,price_out_of_range,2026-08-29 21:00:00+00:00,0.06,2026-08-29
upper_tail,aus,skip,1.0,-0.0009980039920159944,KXHIGHAUS-26AUG29,,0.995,KXHIGHAUS-26AUG29-T104,0.999001996007984,0.99,no,price_out_of_range,2026-08-29 21:00:00+00:00,0.010000000000000009,2026-08-29
lower_tail,aus,skip,1.0,-0.0009980039920159944,KXHIGHAUS-26AUG29,,0.995,KXHIGHAUS-26AUG29-T97,0.999001996007984,0.99,no,price_out_of_range,2026-08-29 21:00:00+00:00,0.010000000000000009,2026-08-29
bounded,den,skip,0.77,-0.16969789651760414,KXHIGHDEN-26AUG29,,0.75,KXHIGHDEN-26AUG29-B90.5,0.6003021034823959,0.73,no,price_out_of_range,2026-08-29 21:00:00+00:00,0.040000000000000036,2026-08-29
bounded,den,skip,0.39,0.13275145730549853,KXHIGHDEN-26AUG29,,0.36,KXHIGHDEN-26AUG29-B92.5,0.5227514573054985,0.33,no,price_out_of_range,2026-08-29 21:00:00+00:00,0.06,2026-08-29
bounded,den,skip,0.94,-0.04548347273073683,KXHIGHDEN-26AUG29,,0.935,KXHIGHDEN-26AUG29-B94.5,0.8945165272692631,0.93,no,price_out_of_range,2026-08-29 21:00:00+00:00,0.009999999999999898,2026-08-29
bounded,den,skip,1.0,-0.0018351075844024178,KXHIGHDEN-26AUG29,,0.995,KXHIGHDEN-26AUG29-B96.5,0.9981648924155976,0.99,no,price_out_of_range,2026-08-29 21:00:00+00:00,0.010000000000000009,2026-08-29
lower_tail,den,skip,1.0,-0.014735979473754268,KXHIGHDEN-26AUG29,,0.995,KXHIGHDEN-26AUG29-T90,0.9852640205262457,0.99,no,price_out_of_range,2026-08-29 21:00:00+00:00,0.010000000000000009,2026-08-29
upper_tail,den,skip,1.0,-0.0009990009990009652,KXHIGHDEN-26AUG29,,0.995,KXHIGHDEN-26AUG29-T97,0.999000999000999,0.99,no,price_out_of_range,2026-08-29 21:00:00+00:00,0.010000000000000009,2026-08-29
bounded,la,skip,1.0,-0.0009960159362549792,KXHIGHLAX-26AUG29,,0.995,KXHIGHLAX-26AUG29-B79.5,0.999003984063745,0.99,no,price_out_of_range,2026-08-29 21:00:00+00:00,0.010000000000000009,2026-08-29
bounded,la,skip,1.0,-0.0009960159362549792,KXHIGHLAX-26AUG29,,0.995,KXHIGHLAX-26AUG29-B81.5,0.999003984063745,0.99,no,price_out_of_range,2026-08-29 21:00:00+00:00,0.010000000000000009,2026-08-29
bounded,la,skip,1.0,-0.0009960159362549792,KXHIGHLAX-26AUG29,,0.995,KXHIGHLAX-26AUG29-B83.5,0.999003984063745,0.99,no,price_out_of_range,2026-08-29 21:00:00+00:00,0.010000000000000009,2026-08-29
bounded,la,skip,1.0,-0.5416212678636189,KXHIGHLAX-26AUG29,,0.995,KXHIGHLAX-26AUG29-B85.5,0.45837873213638114,0.99,no,price_out_of_range,2026-08-29 21:00:00+00:00,0.010000000000000009,2026-08-29
lower_tail,la,skip,1.0,-0.0009960159362549792,KXHIGHLAX-26AUG29,,0.995,KXHIGHLAX-26AUG29-T79,0.999003984063745,0.99,no,price_out_of_range,2026-08-29 21:00:00+00:00,0.010000000000000009,2026-08-29
upper_tail,la,skip,0.01,0.5356053316086388,KXHIGHLAX-26AUG29,,0.005,KXHIGHLAX-26AUG29-T86,0.5456053316086388,0.0,no,price_out_of_range,2026-08-29 21:00:00+00:00,0.01,2026-08-29
bounded,mia,skip,1.0,-0.23474667462872478,KXHIGHMIA-26AUG29,,0.995,KXHIGHMIA-26AUG29-B88.5,0.7652533253712752,0.99,no,price_out_of_range,2026-08-29 21:00:00+00:00,0.010000000000000009,2026-08-29
bounded,mia,skip,1.0,-0.028671748883842385,KXHIGHMIA-26AUG29,,0.995,KXHIGHMIA-26AUG29-B90.5,0.9713282511161576,0.99,no,price_out_of_range,2026-08-29 21:00:00+00:00,0.010000000000000009,2026-08-29
bounded,mia,skip,1.0,-0.0009970089730807485,KXHIGHMIA-26AUG29,,0.995,KXHIGHMIA-26AUG29-B92.5,0.9990029910269193,0.99,no,price_out_of_range,2026-08-29 21:00:00+00:00,0.010000000000000009,2026-08-29
bounded,mia,skip,1.0,-0.0009970089730807485,KXHIGHMIA-26AUG29,,0.995,KXHIGHMIA-26AUG29-B94.5,0.9990029910269193,0.99,no,price_out_of_range,2026-08-29 21:00:00+00:00,0.010000000000000009,2026-08-29
lower_tail,mia,skip,0.01,0.2564094504318093,KXHIGHMIA-26AUG29,,0.005,KXHIGHMIA-26AUG29-T88,0.2664094504318093,0.0,no,price_out_of_range,2026-08-29 21:00:00+00:00,0.01,2026-08-29
upper_tail,mia,skip,1.0,-0.0009970089730807485,KXHIGHMIA-26AUG29,,0.995,KXHIGHMIA-26AUG29-T95,0.9990029910269193,0.99,no,price_out_of_range,2026-08-29 21:00:00+00:00,0.010000000000000009,2026-08-29
bounded,nyc,skip,0.98,-0.49276722338517687,KXHIGHNY-26AUG29,16.0,0.975,KXHIGHNY-26AUG29-B79.5,0.4872327766148231,0.97,no,price_out_of_range,2026-08-29 21:00:00+00:00,0.010000000000000009,2026-08-29
bounded,nyc,skip,1.0,-0.143134418509269,KXHIGHNY-26AUG29,16.0,0.995,KXHIGHNY-26AUG29-B81.5,0.856865581490731,0.99,no,price_out_of_range,2026-08-29 21:00:00+00:00,0.010000000000000009,2026-08-29
bounded,nyc,skip,1.0,-0.006391525608808291,KXHIGHNY-26AUG29,16.0,0.995,KXHIGHNY-26AUG29-B83.5,0.9936084743911917,0.99,no,price_out_of_range,2026-08-29 21:00:00+00:00,0.010000000000000009,2026-08-29
bounded,nyc,skip,1.0,-0.0009980039920159944,KXHIGHNY-26AUG29,16.0,0.995,KXHIGHNY-26AUG29-B85.5,0.999001996007984,0.99,no,price_out_of_range,2026-08-29 21:00:00+00:00,0.010000000000000009,2026-08-29
lower_tail,nyc,skip,0.04,0.6242891754872861,KXHIGHNY-26AUG29,16.0,0.03,KXHIGHNY-26AUG29-T79,0.6642891754872862,0.02,no,price_out_of_range,2026-08-29 21:00:00+00:00,0.02,2026-08-29
upper_tail,nyc,skip,1.0,-0.0009980039920159944,KXHIGHNY-26AUG29,16.0,0.995,KXHIGHNY-26AUG29-T86,0.999001996007984,0.99,no,price_out_of_range,2026-08-29 21:00:00+00:00,0.010000000000000009,2026-08-29
bounded,okc,skip,1.0,-0.07588516966523207,KXHIGHTOKC-26AUG29,15.0,0.995,KXHIGHTOKC-26AUG29-B100.5,0.9241148303347679,0.99,no,price_out_of_range,2026-08-29 21:00:00+00:00,0.010000000000000009,2026-08-29
bounded,okc,skip,0.37,0.009597798494010323,KXHIGHTOKC-26AUG29,15.0,0.2,KXHIGHTOKC-26AUG29-B102.5,0.3795977984940103,0.03,no,spread_too_wide,2026-08-29 21:00:00+00:00,0.33999999999999997,2026-08-29
bounded,okc,skip,0.8,-0.07288774299507317,KXHIGHTOKC-26AUG29,15.0,0.745,KXHIGHTOKC-26AUG29-B104.5,0.7271122570049269,0.69,no,spread_too_wide,2026-08-29 21:00:00+00:00,0.1100000000000001,2026-08-29
bounded,okc,skip,1.0,-0.0009980039920159944,KXHIGHTOKC-26AUG29,15.0,0.995,KXHIGHTOKC-26AUG29-B98.5,0.999001996007984,0.99,no,price_out_of_range,2026-08-29 21:00:00+00:00,0.010000000000000009,2026-08-29
upper_tail,okc,skip,1.0,-0.02882887784967314,KXHIGHTOKC-26AUG29,15.0,0.99,KXHIGHTOKC-26AUG29-T105,0.9711711221503269,0.98,no,price_out_of_range,2026-08-29 21:00:00+00:00,0.020000000000000018,2026-08-29
lower_tail,okc,skip,1.0,-0.0009980039920159944,KXHIGHTOKC-26AUG29,15.0,0.995,KXHIGHTOKC-26AUG29-T98,0.999001996007984,0.99,no,price_out_of_range,2026-08-29 21:00:00+00:00,0.010000000000000009,2026-08-29
bounded,aus,skip,0.97,-0.49534967309940525,KXHIGHAUS-26AUG29,,0.96,KXHIGHAUS-26AUG29-B101.5,0.4746503269005947,0.95,no,price_out_of_range,2026-08-29 22:00:00+00:00,0.020000000000000018,2026-08-29
bounded,aus,skip,1.0,-0.13764037523797956,KXHIGHAUS-26AUG29,,0.995,KXHIGHAUS-26AUG29-B103.5,0.8623596247620204,0.99,no,price_out_of_range,2026-08-29 22:00:00+00:00,0.010000000000000009,2026-08-29
bounded,aus,skip,1.0,-0.0009970089730807485,KXHIGHAUS-26AUG29,,0.995,KXHIGHAUS-26AUG29-B97.5,0.9990029910269193,0.99,no,price_out_of_range,2026-08-29 22:00:00+00:00,0.010000000000000009,2026-08-29
bounded,aus,skip,0.07,0.595981075256627,KXHIGHAUS-26AUG29,,0.060000000000000005,KXHIGHAUS-26AUG29-B99.5,0.6659810752566271,0.05,no,price_out_of_range,2026-08-29 22:00:00+00:00,0.020000000000000004,2026-08-29
upper_tail,aus,skip,1.0,-0.0009970089730807485,KXHIGHAUS-26AUG29,,0.995,KXHIGHAUS-26AUG29-T104,0.9990029910269193,0.99,no,price_out_of_range,2026-08-29 22:00:00+00:00,0.010000000000000009,2026-08-29
lower_tail,aus,skip,1.0,-0.0009970089730807485,KXHIGHAUS-26AUG29,,0.995,KXHIGHAUS-26AUG29-T97,0.9990029910269193,0.99,no,price_out_of_range,2026-08-29 22:00:00+00:00,0.010000000000000009,2026-08-29
bounded,den,skip,0.81,-0.281341787032523,KXHIGHDEN-26AUG29,,0.79,KXHIGHDEN-26AUG29-B90.5,0.5286582129674771,0.77,no,price_out_of_range,2026-08-29 22:00:00+00:00,0.040000000000000036,2026-08-29
bounded,den,skip,0.29,0.26142410294174784,KXHIGHDEN-26AUG29,,0.265,KXHIGHDEN-26AUG29-B92.5,0.5514241029417478,0.24,no,price_out_of_range,2026-08-29 22:00:00+00:00,0.04999999999999999,2026-08-29
bounded,den,skip,0.96,-0.03709128898998271,KXHIGHDEN-26AUG29,,0.955,KXHIGHDEN-26AUG29-B94.5,0.9229087110100173,0.95,no,price_out_of_range,2026-08-29 22:00:00+00:00,0.010000000000000009,2026-08-29
bounded,den,skip,1.0,-0.0009970089730807485,KXHIGHDEN-26AUG29,,0.995,KXHIGHDEN-26AUG29-B96.5,0.9990029910269193,0.99,no,price_out_of_range,2026-08-29 22:00:00+00:00,0.010000000000000009,2026-08-29
lower_tail,den,skip,1.0,-0.0009970089730807485,KXHIGHDEN-26AUG29,,0.995,KXHIGHDEN-26AUG29-T90,0.9990029910269193,0.99,no,price_out_of_range,2026-08-29 22:00:00+00:00,0.010000000000000009,2026-08-29
upper_tail,den,skip,1.0,-0.0009970089730807485,KXHIGHDEN-26AUG29,,0.995,KXHIGHDEN-26AUG29-T97,0.9990029910269193,0.99,no,price_out_of_range,2026-08-29 22:00:00+00:00,0.010000000000000009,2026-08-29
bounded,la,skip,1.0,-0.0009960159362549792,KXHIGHLAX-26AUG29,,0.995,KXHIGHLAX-26AUG29-B79.5,0.999003984063745,0.99,no,price_out_of_range,2026-08-29 22:00:00+00:00,0.010000000000000009,2026-08-29
bounded,la,skip,1.0,-0.0009960159362549792,KXHIGHLAX-26AUG29,,0.995,KXHIGHLAX-26AUG29-B81.5,0.999003984063745,0.99,no,price_out_of_range,2026-08-29 22:00:00+00:00,0.010000000000000009,2026-08-29
bounded,la,skip,1.0,-0.0009960159362549792,KXHIGHLAX-26AUG29,,0.995,KXHIGHLAX-26AUG29-B83.5,0.999003984063745,0.99,no,price_out_of_range,2026-08-29 22:00:00+00:00,0.010000000000000009,2026-08-29
bounded,la,skip,1.0,-0.5413927054582696,KXHIGHLAX-26AUG29,,0.995,KXHIGHLAX-26AUG29-B85.5,0.45860729454173044,0.99,no,price_out_of_range,2026-08-29 22:00:00+00:00,0.010000000000000009,2026-08-29
lower_tail,la,skip,1.0,-0.0009960159362549792,KXHIGHLAX-26AUG29,,0.995,KXHIGHLAX-26AUG29-T79,0.999003984063745,0.99,no,price_out_of_range,2026-08-29 22:00:00+00:00,0.010000000000000009,2026-08-29
upper_tail,la,skip,0.01,0.5353767692032896,KXHIGHLAX-26AUG29,,0.005,KXHIGHLAX-26AUG29-T86,0.5453767692032896,0.0,no,price_out_of_range,2026-08-29 22:00:00+00:00,0.01,2026-08-29
bounded,mia,skip,1.0,-0.23563273894599612,KXHIGHMIA-26AUG29,,0.995,KXHIGHMIA-26AUG29-B88.5,0.7643672610540039,0.99,no,price_out_of_range,2026-08-29 22:00:00+00:00,0.010000000000000009,2026-08-29
bounded,mia,skip,1.0,-0.028909760083004277,KXHIGHMIA-26AUG29,,0.99,KXHIGHMIA-26AUG29-B90.5,0.9710902399169957,0.98,no,price_out_of_range,2026-08-29 22:00:00+00:00,0.020000000000000018,2026-08-29
bounded,mia,skip,1.0,-0.0009970089730807485,KXHIGHMIA-26AUG29,,0.995,KXHIGHMIA-26AUG29-B92.5,0.9990029910269193,0.99,no,price_out_of_range,2026-08-29 22:00:00+00:00,0.010000000000000009,2026-08-29
bounded,mia,skip,1.0,-0.0009970089730807485,KXHIGHMIA-26AUG29,,0.995,KXHIGHMIA-26AUG29-B94.5,0.9990029910269193,0.99,no,price_out_of_range,2026-08-29 22:00:00+00:00,0.010000000000000009,2026-08-29
lower_tail,mia,skip,0.03,0.23753352594824265,KXHIGHMIA-26AUG29,,0.015,KXHIGHMIA-26AUG29-T88,0.26753352594824265,0.0,no,price_out_of_range,2026-08-29 22:00:00+00:00,0.03,2026-08-29
upper_tail,mia,skip,1.0,-0.0009970089730807485,KXHIGHMIA-26AUG29,,0.995,KXHIGHMIA-26AUG29-T95,0.9990029910269193,0.99,no,price_out_of_range,2026-08-29 22:00:00+00:00,0.010000000000000009,2026-08-29
bounded,nyc,skip,0.99,-0.4199231908052026,KXHIGHNY-26AUG29,17.0,0.985,KXHIGHNY-26AUG29-B79.5,0.5700768091947974,0.98,no,price_out_of_range,2026-08-29 22:00:00+00:00,0.010000000000000009,2026-08-29
bounded,nyc,skip,1.0,-0.06434342444418939,KXHIGHNY-26AUG29,17.0,0.995,KXHIGHNY-26AUG29-B81.5,0.9356565755558106,0.99,no,price_out_of_range,2026-08-29 22:00:00+00:00,0.010000000000000009,2026-08-29
bounded,nyc,skip,1.0,-0.0009970089730807485,KXHIGHNY-26AUG29,17.0,0.995,KXHIGHNY-26AUG29-B83.5,0.9990029910269193,0.99,no,price_out_of_range,2026-08-29 22:00:00+00:00,0.010000000000000009,2026-08-29
bounded,nyc,skip,1.0,-0.0009970089730807485,KXHIGHNY-26AUG29,17.0,0.995,KXHIGHNY-26AUG29-B85.5,0.9990029910269193,0.99,no,price_out_of_range,2026-08-29 22:00:00+00:00,0.010000000000000009,2026-08-29
lower_tail,nyc,skip,0.03,0.4672576421686341,KXHIGHNY-26AUG29,17.0,0.02,KXHIGHNY-26AUG29-T79,0.4972576421686341,0.01,no,price_out_of_range,2026-08-29 22:00:00+00:00,0.019999999999999997,2026-08-29
upper_tail,nyc,skip,1.0,-0.0009970089730807485,KXHIGHNY-26AUG29,17.0,0.995,KXHIGHNY-26AUG29-T86,0.9990029910269193,0.99,no,price_out_of_range,2026-08-29 22:00:00+00:00,0.010000000000000009,2026-08-29
bounded,okc,skip,1.0,-0.0009970089730807485,KXHIGHTOKC-26AUG29,16.0,0.995,KXHIGHTOKC-26AUG29-B100.5,0.9990029910269193,0.99,no,price_out_of_range,2026-08-29 22:00:00+00:00,0.010000000000000009,2026-08-29
bounded,okc,skip,0.12,0.38514964616390357,KXHIGHTOKC-26AUG29,16.0,0.075,KXHIGHTOKC-26AUG29-B102.5,0.5051496461639036,0.03,no,price_out_of_range,2026-08-29 22:00:00+00:00,0.09,2026-08-29
bounded,okc,skip,0.96,-0.3997837762514995,KXHIGHTOKC-26AUG29,16.0,0.9199999999999999,KXHIGHTOKC-26AUG29-B104.5,0.5602162237485004,0.88,no,price_out_of_range,2026-08-29 22:00:00+00:00,0.07999999999999996,2026-08-29
bounded,okc,skip,1.0,-0.0009970089730807485,KXHIGHTOKC-26AUG29,16.0,0.995,KXHIGHTOKC-26AUG29-B98.5,0.9990029910269193,0.99,no,price_out_of_range,2026-08-29 22:00:00+00:00,0.010000000000000009,2026-08-29
upper_tail,okc,skip,1.0,-0.06237484299316176,KXHIGHTOKC-26AUG29,16.0,0.995,KXHIGHTOKC-26AUG29-T105,0.9376251570068382,0.99,no,price_out_of_range,2026-08-29 22:00:00+00:00,0.010000000000000009,2026-08-29
lower_tail,okc,skip,1.0,-0.0009970089730807485,KXHIGHTOKC-26AUG29,16.0,0.995,KXHIGHTOKC-26AUG29-T98,0.9990029910269193,0.99,no,price_out_of_range,2026-08-29 22:00:00+00:00,0.010000000000000009,2026-08-29
bounded,aus,skip,0.99,-0.5289341427345433,KXHIGHAUS-26AUG29,,0.98,KXHIGHAUS-26AUG29-B101.5,0.4610658572654567,0.97,no,price_out_of_range,2026-08-29 23:00:00+00:00,0.020000000000000018,2026-08-29
bounded,aus,skip,1.0,-0.1279679289077703,KXHIGHAUS-26AUG29,,0.995,KXHIGHAUS-26AUG29-B103.5,0.8720320710922297,0.99,no,price_out_of_range,2026-08-29 23:00:00+00:00,0.010000000000000009,2026-08-29
bounded,aus,skip,1.0,-0.0009970089730807485,KXHIGHAUS-26AUG29,,0.995,KXHIGHAUS-26AUG29-B97.5,0.9990029910269193,0.99,no,price_out_of_range,2026-08-29 23:00:00+00:00,0.010000000000000009,2026-08-29
bounded,aus,skip,0.04,0.6298930985615558,KXHIGHAUS-26AUG29,,0.03,KXHIGHAUS-26AUG29-B99.5,0.6698930985615559,0.02,no,price_out_of_range,2026-08-29 23:00:00+00:00,0.02,2026-08-29
upper_tail,aus,skip,1.0,-0.0009970089730807485,KXHIGHAUS-26AUG29,,0.995,KXHIGHAUS-26AUG29-T104,0.9990029910269193,0.99,no,price_out_of_range,2026-08-29 23:00:00+00:00,0.010000000000000009,2026-08-29
lower_tail,aus,skip,1.0,-0.0009970089730807485,KXHIGHAUS-26AUG29,,0.995,KXHIGHAUS-26AUG29-T97,0.9990029910269193,0.99,no,price_out_of_range,2026-08-29 23:00:00+00:00,0.010000000000000009,2026-08-29
bounded,den,skip,1.0,-0.47448719063223344,KXHIGHDEN-26AUG29,,0.995,KXHIGHDEN-26AUG29-B90.5,0.5255128093677666,0.99,no,price_out_of_range,2026-08-29 23:00:00+00:00,0.010000000000000009,2026-08-29
bounded,den,skip,0.03,0.5195303462642171,KXHIGHDEN-26AUG29,,0.02,KXHIGHDEN-26AUG29-B92.5,0.5495303462642172,0.01,no,price_out_of_range,2026-08-29 23:00:00+00:00,0.019999999999999997,2026-08-29
bounded,den,skip,0.99,-0.06205212871274157,KXHIGHDEN-26AUG29,,0.985,KXHIGHDEN-26AUG29-B94.5,0.9279478712872584,0.98,no,price_out_of_range,2026-08-29 23:00:00+00:00,0.010000000000000009,2026-08-29
bounded,den,skip,1.0,-0.0009970089730807485,KXHIGHDEN-26AUG29,,0.995,KXHIGHDEN-26AUG29-B96.5,0.9990029910269193,0.99,no,price_out_of_range,2026-08-29 23:00:00+00:00,0.010000000000000009,2026-08-29
lower_tail,den,skip,1.0,-0.0009970089730807485,KXHIGHDEN-26AUG29,,0.995,KXHIGHDEN-26AUG29-T90,0.9990029910269193,0.99,no,price_out_of_range,2026-08-29 23:00:00+00:00,0.010000000000000009,2026-08-29
upper_tail,den,skip,1.0,-0.0009970089730807485,KXHIGHDEN-26AUG29,,0.995,KXHIGHDEN-26AUG29-T97,0.9990029910269193,0.99,no,price_out_of_range,2026-08-29 23:00:00+00:00,0.010000000000000009,2026-08-29
bounded,la,skip,1.0,-0.0009960159362549792,KXHIGHLAX-26AUG29,,0.995,KXHIGHLAX-26AUG29-B79.5,0.999003984063745,0.99,no,price_out_of_range,2026-08-29 23:00:00+00:00,0.010000000000000009,2026-08-29
bounded,la,skip,1.0,-0.0009960159362549792,KXHIGHLAX-26AUG29,,0.995,KXHIGHLAX-26AUG29-B81.5,0.999003984063745,0.99,no,price_out_of_range,2026-08-29 23:00:00+00:00,0.010000000000000009,2026-08-29
bounded,la,skip,1.0,-0.0009960159362549792,KXHIGHLAX-26AUG29,,0.995,KXHIGHLAX-26AUG29-B83.5,0.999003984063745,0.99,no,price_out_of_range,2026-08-29 23:00:00+00:00,0.010000000000000009,2026-08-29
bounded,la,skip,1.0,-0.5407119948188553,KXHIGHLAX-26AUG29,,0.995,KXHIGHLAX-26AUG29-B85.5,0.45928800518114465,0.99,no,price_out_of_range,2026-08-29 23:00:00+00:00,0.010000000000000009,2026-08-29
lower_tail,la,skip,1.0,-0.0009960159362549792,KXHIGHLAX-26AUG29,,0.995,KXHIGHLAX-26AUG29-T79,0.999003984063745,0.99,no,price_out_of_range,2026-08-29 23:00:00+00:00,0.010000000000000009,2026-08-29
upper_tail,la,skip,0.01,0.5346960585638754,KXHIGHLAX-26AUG29,,0.005,KXHIGHLAX-26AUG29-T86,0.5446960585638754,0.0,no,price_out_of_range,2026-08-29 23:00:00+00:00,0.01,2026-08-29
bounded,mia,skip,1.0,-0.10778572620558213,KXHIGHMIA-26AUG29,,0.995,KXHIGHMIA-26AUG29-B88.5,0.8922142737944179,0.99,no,price_out_of_range,2026-08-29 23:00:00+00:00,0.010000000000000009,2026-08-29
bounded,mia,skip,1.0,-0.0009960159362549792,KXHIGHMIA-26AUG29,,0.99,KXHIGHMIA-26AUG29-B90.5,0.999003984063745,0.98,no,price_out_of_range,2026-08-29 23:00:00+00:00,0.020000000000000018,2026-08-29
bounded,mia,skip,1.0,-0.0009960159362549792,KXHIGHMIA-26AUG29,,0.995,KXHIGHMIA-26AUG29-B92.5,0.999003984063745,0.99,no,price_out_of_range,2026-08-29 23:00:00+00:00,0.010000000000000009,2026-08-29
bounded,mia,skip,1.0,-0.0009960159362549792,KXHIGHMIA-26AUG29,,0.995,KXHIGHMIA-26AUG29-B94.5,0.999003984063745,0.99,no,price_out_of_range,2026-08-29 23:00:00+00:00,0.010000000000000009,2026-08-29
lower_tail,mia,skip,0.02,0.09176978995060205,KXHIGHMIA-26AUG29,,0.01,KXHIGHMIA-26AUG29-T88,0.11176978995060205,0.0,no,price_out_of_range,2026-08-29 23:00:00+00:00,0.02,2026-08-29
upper_tail,mia,skip,1.0,-0.0009960159362549792,KXHIGHMIA-26AUG29,,0.995,KXHIGHMIA-26AUG29-T95,0.999003984063745,0.99,no,price_out_of_range,2026-08-29 23:00:00+00:00,0.010000000000000009,2026-08-29
bounded,nyc,skip,0.99,-0.08039614956689034,KXHIGHNY-26AUG29,18.0,0.98,KXHIGHNY-26AUG29-B79.5,0.9096038504331097,0.97,no,price_out_of_range,2026-08-29 23:00:00+00:00,0.020000000000000018,2026-08-29
bounded,nyc,skip,1.0,-0.0009960159362549792,KXHIGHNY-26AUG29,18.0,0.995,KXHIGHNY-26AUG29-B81.5,0.999003984063745,0.99,no,price_out_of_range,2026-08-29 23:00:00+00:00,0.010000000000000009,2026-08-29
bounded,nyc,skip,1.0,-0.0009960159362549792,KXHIGHNY-26AUG29,18.0,0.995,KXHIGHNY-26AUG29-B83.5,0.999003984063745,0.99,no,price_out_of_range,2026-08-29 23:00:00+00:00,0.010000000000000009,2026-08-29
bounded,nyc,skip,1.0,-0.0009960159362549792,KXHIGHNY-26AUG29,18.0,0.995,KXHIGHNY-26AUG29-B85.5,0.999003984063745,0.99,no,price_out_of_range,2026-08-29 23:00:00+00:00,0.010000000000000009,2026-08-29
lower_tail,nyc,skip,0.03,0.06438021331191027,KXHIGHNY-26AUG29,18.0,0.02,KXHIGHNY-26AUG29-T79,0.09438021331191027,0.01,no,price_out_of_range,2026-08-29 23:00:00+00:00,0.019999999999999997,2026-08-29
upper_tail,nyc,skip,1.0,-0.0009960159362549792,KXHIGHNY-26AUG29,18.0,0.995,KXHIGHNY-26AUG29-T86,0.999003984063745,0.99,no,price_out_of_range,2026-08-29 23:00:00+00:00,0.010000000000000009,2026-08-29
bounded,okc,skip,1.0,-0.0009970089730807485,KXHIGHTOKC-26AUG29,17.0,0.995,KXHIGHTOKC-26AUG29-B100.5,0.9990029910269193,0.99,no,price_out_of_range,2026-08-29 23:00:00+00:00,0.010000000000000009,2026-08-29
bounded,okc,skip,0.01,0.492687252698911,KXHIGHTOKC-26AUG29,17.0,0.005,KXHIGHTOKC-26AUG29-B102.5,0.502687252698911,0.0,no,price_out_of_range,2026-08-29 23:00:00+00:00,0.01,2026-08-29
bounded,okc,skip,1.0,-0.44355982308885067,KXHIGHTOKC-26AUG29,17.0,0.995,KXHIGHTOKC-26AUG29-B104.5,0.5564401769111493,0.99,no,price_out_of_range,2026-08-29 23:00:00+00:00,0.010000000000000009,2026-08-29
bounded,okc,skip,1.0,-0.0009970089730807485,KXHIGHTOKC-26AUG29,17.0,0.995,KXHIGHTOKC-26AUG29-B98.5,0.9990029910269193,0.99,no,price_out_of_range,2026-08-29 23:00:00+00:00,0.010000000000000009,2026-08-29
upper_tail,okc,skip,1.0,-0.0561364026908181,KXHIGHTOKC-26AUG29,17.0,0.995,KXHIGHTOKC-26AUG29-T105,0.9438635973091819,0.99,no,price_out_of_range,2026-08-29 23:00:00+00:00,0.010000000000000009,2026-08-29
lower_tail,okc,skip,1.0,-0.0009970089730807485,KXHIGHTOKC-26AUG29,17.0,0.995,KXHIGHTOKC-26AUG29-T98,0.9990029910269193,0.99,no,price_out_of_range,2026-08-29 23:00:00+00:00,0.010000000000000009,2026-08-29
bounded,aus,skip,1.0,-0.569982345749042,KXHIGHAUS-26AUG29,,0.995,KXHIGHAUS-26AUG29-B101.5,0.43001765425095795,0.99,no,price_out_of_range,2026-08-30 00:00:00+00:00,0.010000000000000009,2026-08-29
bounded,aus,skip,1.0,-0.09093952432756836,KXHIGHAUS-26AUG29,,0.995,KXHIGHAUS-26AUG29-B103.5,0.9090604756724316,0.99,no,price_out_of_range,2026-08-30 00:00:00+00:00,0.010000000000000009,2026-08-29
bounded,aus,skip,1.0,-0.0009970089730807485,KXHIGHAUS-26AUG29,,0.995,KXHIGHAUS-26AUG29-B97.5,0.9990029910269193,0.99,no,price_out_of_range,2026-08-30 00:00:00+00:00,0.010000000000000009,2026-08-29
bounded,aus,skip,0.01,0.6539128969958525,KXHIGHAUS-26AUG29,,0.005,KXHIGHAUS-26AUG29-B99.5,0.6639128969958525,0.0,no,price_out_of_range,2026-08-30 00:00:00+00:00,0.01,2026-08-29
upper_tail,aus,skip,1.0,-0.0009970089730807485,KXHIGHAUS-26AUG29,,0.995,KXHIGHAUS-26AUG29-T104,0.9990029910269193,0.99,no,price_out_of_range,2026-08-30 00:00:00+00:00,0.010000000000000009,2026-08-29
lower_tail,aus,skip,1.0,-0.0009970089730807485,KXHIGHAUS-26AUG29,,0.995,KXHIGHAUS-26AUG29-T97,0.9990029910269193,0.99,no,price_out_of_range,2026-08-30 00:00:00+00:00,0.010000000000000009,2026-08-29
bounded,den,skip,1.0,-0.4914375439035248,KXHIGHDEN-26AUG29,,0.995,KXHIGHDEN-26AUG29-B90.5,0.5085624560964752,0.99,no,price_out_of_range,2026-08-30 00:00:00+00:00,0.010000000000000009,2026-08-29
bounded,den,skip,0.01,0.5427688001692639,KXHIGHDEN-26AUG29,,0.005,KXHIGHDEN-26AUG29-B92.5,0.5527688001692639,0.0,no,price_out_of_range,2026-08-30 00:00:00+00:00,0.01,2026-08-29
bounded,den,skip,1.0,-0.05834022934649696,KXHIGHDEN-26AUG29,,0.995,KXHIGHDEN-26AUG29-B94.5,0.941659770653503,0.99,no,price_out_of_range,2026-08-30 00:00:00+00:00,0.010000000000000009,2026-08-29
bounded,den,skip,1.0,-0.0009970089730807485,KXHIGHDEN-26AUG29,,0.995,KXHIGHDEN-26AUG29-B96.5,0.9990029910269193,0.99,no,price_out_of_range,2026-08-30 00:00:00+00:00,0.010000000000000009,2026-08-29
lower_tail,den,skip,1.0,-0.0009970089730807485,KXHIGHDEN-26AUG29,,0.995,KXHIGHDEN-26AUG29-T90,0.9990029910269193,0.99,no,price_out_of_range,2026-08-30 00:00:00+00:00,0.010000000000000009,2026-08-29
upper_tail,den,skip,1.0,-0.0009970089730807485,KXHIGHDEN-26AUG29,,0.995,KXHIGHDEN-26AUG29-T97,0.9990029910269193,0.99,no,price_out_of_range,2026-08-30 00:00:00+00:00,0.010000000000000009,2026-08-29
bounded,la,skip,1.0,-0.0009960159362549792,KXHIGHLAX-26AUG29,,0.995,KXHIGHLAX-26AUG29-B79.5,0.999003984063745,0.99,no,price_out_of_range,2026-08-30 00:00:00+00:00,0.010000000000000009,2026-08-29
bounded,la,skip,1.0,-0.0009960159362549792,KXHIGHLAX-26AUG29,,0.995,KXHIGHLAX-26AUG29-B81.5,0.999003984063745,0.99,no,price_out_of_range,2026-08-30 00:00:00+00:00,0.010000000000000009,2026-08-29
bounded,la,skip,1.0,-0.0009960159362549792,KXHIGHLAX-26AUG29,,0.995,KXHIGHLAX-26AUG29-B83.5,0.999003984063745,0.99,no,price_out_of_range,2026-08-30 00:00:00+00:00,0.010000000000000009,2026-08-29
bounded,la,skip,1.0,-0.5517718022316553,KXHIGHLAX-26AUG29,,0.995,KXHIGHLAX-26AUG29-B85.5,0.44822819776834466,0.99,no,price_out_of_range,2026-08-30 00:00:00+00:00,0.010000000000000009,2026-08-29
lower_tail,la,skip,1.0,-0.0009960159362549792,KXHIGHLAX-26AUG29,,0.995,KXHIGHLAX-26AUG29-T79,0.999003984063745,0.99,no,price_out_of_range,2026-08-30 00:00:00+00:00,0.010000000000000009,2026-08-29
upper_tail,la,skip,0.01,0.5457558659766752,KXHIGHLAX-26AUG29,,0.005,KXHIGHLAX-26AUG29-T86,0.5557558659766753,0.0,no,price_out_of_range,2026-08-30 00:00:00+00:00,0.01,2026-08-29
bounded,mia,skip,1.0,-0.045682530148665856,KXHIGHMIA-26AUG29,,0.995,KXHIGHMIA-26AUG29-B88.5,0.9543174698513341,0.99,no,price_out_of_range,2026-08-30 00:00:00+00:00,0.010000000000000009,2026-08-29
bounded,mia,skip,0.99,0.00900398406374503,KXHIGHMIA-26AUG29,,0.985,KXHIGHMIA-26AUG29-B90.5,0.999003984063745,0.98,no,price_out_of_range,2026-08-30 00:00:00+00:00,0.010000000000000009,2026-08-29
bounded,mia,skip,1.0,-0.0009960159362549792,KXHIGHMIA-26AUG29,,0.995,KXHIGHMIA-26AUG29-B92.5,0.999003984063745,0.99,no,price_out_of_range,2026-08-30 00:00:00+00:00,0.010000000000000009,2026-08-29
bounded,mia,skip,1.0,-0.0009960159362549792,KXHIGHMIA-26AUG29,,0.995,KXHIGHMIA-26AUG29-B94.5,0.999003984063745,0.99,no,price_out_of_range,2026-08-30 00:00:00+00:00,0.010000000000000009,2026-08-29
lower_tail,mia,skip,0.02,0.029666593893685773,KXHIGHMIA-26AUG29,,0.015,KXHIGHMIA-26AUG29-T88,0.04966659389368577,0.01,no,price_out_of_range,2026-08-30 00:00:00+00:00,0.01,2026-08-29
upper_tail,mia,skip,1.0,-0.0009960159362549792,KXHIGHMIA-26AUG29,,0.995,KXHIGHMIA-26AUG29-T95,0.999003984063745,0.99,no,price_out_of_range,2026-08-30 00:00:00+00:00,0.010000000000000009,2026-08-29
bounded,nyc,skip,0.99,0.009004975124378145,KXHIGHNY-26AUG29,19.0,0.985,KXHIGHNY-26AUG29-B79.5,0.9990049751243781,0.98,no,price_out_of_range,2026-08-30 00:00:00+00:00,0.010000000000000009,2026-08-29
bounded,nyc,skip,1.0,-0.0009950248756218638,KXHIGHNY-26AUG29,19.0,0.995,KXHIGHNY-26AUG29-B81.5,0.9990049751243781,0.99,no,price_out_of_range,2026-08-30 00:00:00+00:00,0.010000000000000009,2026-08-29
bounded,nyc,skip,1.0,-0.0009950248756218638,KXHIGHNY-26AUG29,19.0,0.995,KXHIGHNY-26AUG29-B83.5,0.9990049751243781,0.99,no,price_out_of_range,2026-08-30 00:00:00+00:00,0.010000000000000009,2026-08-29
bounded,nyc,skip,1.0,-0.0009950248756218638,KXHIGHNY-26AUG29,19.0,0.995,KXHIGHNY-26AUG29-B85.5,0.9990049751243781,0.99,no,price_out_of_range,2026-08-30 00:00:00+00:00,0.010000000000000009,2026-08-29
lower_tail,nyc,skip,0.01,-0.005024875621890681,KXHIGHNY-26AUG29,19.0,0.005,KXHIGHNY-26AUG29-T79,0.004975124378109319,0.0,no,price_out_of_range,2026-08-30 00:00:00+00:00,0.01,2026-08-29
upper_tail,nyc,skip,1.0,-0.0009950248756218638,KXHIGHNY-26AUG29,19.0,0.995,KXHIGHNY-26AUG29-T86,0.9990049751243781,0.99,no,price_out_of_range,2026-08-30 00:00:00+00:00,0.010000000000000009,2026-08-29
bounded,okc,skip,1.0,-0.0009970089730807485,KXHIGHTOKC-26AUG29,18.0,0.995,KXHIGHTOKC-26AUG29-B100.5,0.9990029910269193,0.99,no,price_out_of_range,2026-08-30 00:00:00+00:00,0.010000000000000009,2026-08-29
bounded,okc,skip,0.01,0.46446803874503517,KXHIGHTOKC-26AUG29,18.0,0.005,KXHIGHTOKC-26AUG29-B102.5,0.4744680387450352,0.0,no,price_out_of_range,2026-08-30 00:00:00+00:00,0.01,2026-08-29
bounded,okc,skip,1.0,-0.4286667054262223,KXHIGHTOKC-26AUG29,18.0,0.995,KXHIGHTOKC-26AUG29-B104.5,0.5713332945737777,0.99,no,price_out_of_range,2026-08-30 00:00:00+00:00,0.010000000000000009,2026-08-29
bounded,okc,skip,1.0,-0.0009970089730807485,KXHIGHTOKC-26AUG29,18.0,0.995,KXHIGHTOKC-26AUG29-B98.5,0.9990029910269193,0.99,no,price_out_of_range,2026-08-30 00:00:00+00:00,0.010000000000000009,2026-08-29
upper_tail,okc,skip,1.0,-0.04281030639957084,KXHIGHTOKC-26AUG29,18.0,0.995,KXHIGHTOKC-26AUG29-T105,0.9571896936004292,0.99,no,price_out_of_range,2026-08-30 00:00:00+00:00,0.010000000000000009,2026-08-29
lower_tail,okc,skip,1.0,-0.0009970089730807485,KXHIGHTOKC-26AUG29,18.0,0.995,KXHIGHTOKC-26AUG29-T98,0.9990029910269193,0.99,no,price_out_of_range,2026-08-30 00:00:00+00:00,0.010000000000000009,2026-08-29
bounded,aus,skip,1.0,-0.5784368349503782,KXHIGHAUS-26AUG29,,0.995,KXHIGHAUS-26AUG29-B101.5,0.42156316504962177,0.99,no,price_out_of_range,2026-08-30 01:00:00+00:00,0.010000000000000009,2026-08-29
bounded,aus,skip,1.0,-0.0810285925219445,KXHIGHAUS-26AUG29,,0.995,KXHIGHAUS-26AUG29-B103.5,0.9189714074780555,0.99,no,price_out_of_range,2026-08-30 01:00:00+00:00,0.010000000000000009,2026-08-29
bounded,aus,skip,1.0,-0.0009970089730807485,KXHIGHAUS-26AUG29,,0.995,KXHIGHAUS-26AUG29-B97.5,0.9990029910269193,0.99,no,price_out_of_range,2026-08-30 01:00:00+00:00,0.010000000000000009,2026-08-29
bounded,aus,skip,0.01,0.652456454391565,KXHIGHAUS-26AUG29,,0.005,KXHIGHAUS-26AUG29-B99.5,0.662456454391565,0.0,no,price_out_of_range,2026-08-30 01:00:00+00:00,0.01,2026-08-29
upper_tail,aus,skip,1.0,-0.0009970089730807485,KXHIGHAUS-26AUG29,,0.995,KXHIGHAUS-26AUG29-T104,0.9990029910269193,0.99,no,price_out_of_range,2026-08-30 01:00:00+00:00,0.010000000000000009,2026-08-29
lower_tail,aus,skip,1.0,-0.0009970089730807485,KXHIGHAUS-26AUG29,,0.995,KXHIGHAUS-26AUG29-T97,0.9990029910269193,0.99,no,price_out_of_range,2026-08-30 01:00:00+00:00,0.010000000000000009,2026-08-29
bounded,den,skip,1.0,-0.4993020300142903,KXHIGHDEN-26AUG29,,0.995,KXHIGHDEN-26AUG29-B90.5,0.5006979699857097,0.99,no,price_out_of_range,2026-08-30 01:00:00+00:00,0.010000000000000009,2026-08-29
bounded,den,skip,0.01,0.5307524574206524,KXHIGHDEN-26AUG29,,0.005,KXHIGHDEN-26AUG29-B92.5,0.5407524574206524,0.0,no,price_out_of_range,2026-08-30 01:00:00+00:00,0.01,2026-08-29
bounded,den,skip,1.0,-0.03845940048712004,KXHIGHDEN-26AUG29,,0.995,KXHIGHDEN-26AUG29-B94.5,0.96154059951288,0.99,no,price_out_of_range,2026-08-30 01:00:00+00:00,0.010000000000000009,2026-08-29
bounded,den,skip,1.0,-0.0009970089730807485,KXHIGHDEN-26AUG29,,0.995,KXHIGHDEN-26AUG29-B96.5,0.9990029910269193,0.99,no,price_out_of_range,2026-08-30 01:00:00+00:00,0.010000000000000009,2026-08-29
lower_tail,den,skip,1.0,-0.0009970089730807485,KXHIGHDEN-26AUG29,,0.995,KXHIGHDEN-26AUG29-T90,0.9990029910269193,0.99,no,price_out_of_range,2026-08-30 01:00:00+00:00,0.010000000000000009,2026-08-29
upper_tail,den,skip,1.0,-0.0009970089730807485,KXHIGHDEN-26AUG29,,0.995,KXHIGHDEN-26AUG29-T97,0.9990029910269193,0.99,no,price_out_of_range,2026-08-30 01:00:00+00:00,0.010000000000000009,2026-08-29
bounded,la,skip,1.0,-0.0009960159362549792,KXHIGHLAX-26AUG29,,0.995,KXHIGHLAX-26AUG29-B79.5,0.999003984063745,0.99,no,price_out_of_range,2026-08-30 01:00:00+00:00,0.010000000000000009,2026-08-29
bounded,la,skip,1.0,-0.0009960159362549792,KXHIGHLAX-26AUG29,,0.995,KXHIGHLAX-26AUG29-B81.5,0.999003984063745,0.99,no,price_out_of_range,2026-08-30 01:00:00+00:00,0.010000000000000009,2026-08-29
bounded,la,skip,1.0,-0.0009960159362549792,KXHIGHLAX-26AUG29,,0.995,KXHIGHLAX-26AUG29-B83.5,0.999003984063745,0.99,no,price_out_of_range,2026-08-30 01:00:00+00:00,0.010000000000000009,2026-08-29
bounded,la,skip,1.0,-0.5395735670805705,KXHIGHLAX-26AUG29,,0.995,KXHIGHLAX-26AUG29-B85.5,0.46042643291942953,0.99,no,price_out_of_range,2026-08-30 01:00:00+00:00,0.010000000000000009,2026-08-29
lower_tail,la,skip,1.0,-0.0009960159362549792,KXHIGHLAX-26AUG29,,0.995,KXHIGHLAX-26AUG29-T79,0.999003984063745,0.99,no,price_out_of_range,2026-08-30 01:00:00+00:00,0.010000000000000009,2026-08-29
upper_tail,la,skip,0.01,0.5335576308255904,KXHIGHLAX-26AUG29,,0.005,KXHIGHLAX-26AUG29-T86,0.5435576308255904,0.0,no,price_out_of_range,2026-08-30 01:00:00+00:00,0.01,2026-08-29
bounded,mia,skip,1.0,-0.039883904954326255,KXHIGHMIA-26AUG29,,0.995,KXHIGHMIA-26AUG29-B88.5,0.9601160950456737,0.99,no,price_out_of_range,2026-08-30 01:00:00+00:00,0.010000000000000009,2026-08-29
bounded,mia,skip,1.0,-0.0009960159362549792,KXHIGHMIA-26AUG29,,0.99,KXHIGHMIA-26AUG29-B90.5,0.999003984063745,0.98,no,price_out_of_range,2026-08-30 01:00:00+00:00,0.020000000000000018,2026-08-29
bounded,mia,skip,1.0,-0.0009960159362549792,KXHIGHMIA-26AUG29,,0.995,KXHIGHMIA-26AUG29-B92.5,0.999003984063745,0.99,no,price_out_of_range,2026-08-30 01:00:00+00:00,0.010000000000000009,2026-08-29
bounded,mia,skip,1.0,-0.0009960159362549792,KXHIGHMIA-26AUG29,,0.995,KXHIGHMIA-26AUG29-B94.5,0.999003984063745,0.99,no,price_out_of_range,2026-08-30 01:00:00+00:00,0.010000000000000009,2026-08-29
lower_tail,mia,skip,0.02,0.02386796869934617,KXHIGHMIA-26AUG29,,0.01,KXHIGHMIA-26AUG29-T88,0.04386796869934617,0.0,no,price_out_of_range,2026-08-30 01:00:00+00:00,0.02,2026-08-29
upper_tail,mia,skip,1.0,-0.0009960159362549792,KXHIGHMIA-26AUG29,,0.995,KXHIGHMIA-26AUG29-T95,0.999003984063745,0.99,no,price_out_of_range,2026-08-30 01:00:00+00:00,0.010000000000000009,2026-08-29
bounded,nyc,skip,1.0,-0.0009950248756218638,KXHIGHNY-26AUG29,20.0,0.99,KXHIGHNY-26AUG29-B79.5,0.9990049751243781,0.98,no,price_out_of_range,2026-08-30 01:00:00+00:00,0.020000000000000018,2026-08-29
bounded,nyc,skip,1.0,-0.0009950248756218638,KXHIGHNY-26AUG29,20.0,0.995,KXHIGHNY-26AUG29-B81.5,0.9990049751243781,0.99,no,price_out_of_range,2026-08-30 01:00:00+00:00,0.010000000000000009,2026-08-29
bounded,nyc,skip,1.0,-0.0009950248756218638,KXHIGHNY-26AUG29,20.0,0.995,KXHIGHNY-26AUG29-B83.5,0.9990049751243781,0.99,no,price_out_of_range,2026-08-30 01:00:00+00:00,0.010000000000000009,2026-08-29
bounded,nyc,skip,1.0,-0.0009950248756218638,KXHIGHNY-26AUG29,20.0,0.995,KXHIGHNY-26AUG29-B85.5,0.9990049751243781,0.99,no,price_out_of_range,2026-08-30 01:00:00+00:00,0.010000000000000009,2026-08-29
lower_tail,nyc,skip,0.01,-0.005024875621890681,KXHIGHNY-26AUG29,20.0,0.005,KXHIGHNY-26AUG29-T79,0.004975124378109319,0.0,no,price_out_of_range,2026-08-30 01:00:00+00:00,0.01,2026-08-29
upper_tail,nyc,skip,1.0,-0.0009950248756218638,KXHIGHNY-26AUG29,20.0,0.995,KXHIGHNY-26AUG29-T86,0.9990049751243781,0.99,no,price_out_of_range,2026-08-30 01:00:00+00:00,0.010000000000000009,2026-08-29
bounded,okc,skip,1.0,-0.0009970089730807485,KXHIGHTOKC-26AUG29,19.0,0.995,KXHIGHTOKC-26AUG29-B100.5,0.9990029910269193,0.99,no,price_out_of_range,2026-08-30 01:00:00+00:00,0.010000000000000009,2026-08-29
bounded,okc,skip,0.01,0.4467285640130405,KXHIGHTOKC-26AUG29,19.0,0.005,KXHIGHTOKC-26AUG29-B102.5,0.4567285640130405,0.0,no,price_out_of_range,2026-08-30 01:00:00+00:00,0.01,2026-08-29
bounded,okc,skip,1.0,-0.42313468172744806,KXHIGHTOKC-26AUG29,19.0,0.995,KXHIGHTOKC-26AUG29-B104.5,0.5768653182725519,0.99,no,price_out_of_range,2026-08-30 01:00:00+00:00,0.010000000000000009,2026-08-29
bounded,okc,skip,1.0,-0.0009970089730807485,KXHIGHTOKC-26AUG29,19.0,0.995,KXHIGHTOKC-26AUG29-B98.5,0.9990029910269193,0.99,no,price_out_of_range,2026-08-30 01:00:00+00:00,0.010000000000000009,2026-08-29
upper_tail,okc,skip,1.0,-0.030602855366350323,KXHIGHTOKC-26AUG29,19.0,0.995,KXHIGHTOKC-26AUG29-T105,0.9693971446336497,0.99,no,price_out_of_range,2026-08-30 01:00:00+00:00,0.010000000000000009,2026-08-29
lower_tail,okc,skip,1.0,-0.0009970089730807485,KXHIGHTOKC-26AUG29,19.0,0.995,KXHIGHTOKC-26AUG29-T98,0.9990029910269193,0.99,no,price_out_of_range,2026-08-30 01:00:00+00:00,0.010000000000000009,2026-08-29
bounded,aus,skip,1.0,-0.5950848791362732,KXHIGHAUS-26AUG29,,0.995,KXHIGHAUS-26AUG29-B101.5,0.40491512086372683,0.99,no,price_out_of_range,2026-08-30 02:00:00+00:00,0.010000000000000009,2026-08-29
bounded,aus,skip,1.0,-0.0661819655479372,KXHIGHAUS-26AUG29,,0.995,KXHIGHAUS-26AUG29-B103.5,0.9338180344520628,0.99,no,price_out_of_range,2026-08-30 02:00:00+00:00,0.010000000000000009,2026-08-29
bounded,aus,skip,1.0,-0.0009970089730807485,KXHIGHAUS-26AUG29,,0.995,KXHIGHAUS-26AUG29-B97.5,0.9990029910269193,0.99,no,price_out_of_range,2026-08-30 02:00:00+00:00,0.010000000000000009,2026-08-29
bounded,aus,skip,0.01,0.6542578716034526,KXHIGHAUS-26AUG29,,0.005,KXHIGHAUS-26AUG29-B99.5,0.6642578716034526,0.0,no,price_out_of_range,2026-08-30 02:00:00+00:00,0.01,2026-08-29
upper_tail,aus,skip,1.0,-0.0009970089730807485,KXHIGHAUS-26AUG29,,0.995,KXHIGHAUS-26AUG29-T104,0.9990029910269193,0.99,no,price_out_of_range,2026-08-30 02:00:00+00:00,0.010000000000000009,2026-08-29
lower_tail,aus,skip,1.0,-0.0009970089730807485,KXHIGHAUS-26AUG29,,0.995,KXHIGHAUS-26AUG29-T97,0.9990029910269193,0.99,no,price_out_of_range,2026-08-30 02:00:00+00:00,0.010000000000000009,2026-08-29
bounded,den,skip,1.0,-0.47979471463602885,KXHIGHDEN-26AUG29,,0.995,KXHIGHDEN-26AUG29-B90.5,0.5202052853639711,0.99,no,price_out_of_range,2026-08-30 02:00:00+00:00,0.010000000000000009,2026-08-29
bounded,den,skip,0.01,0.5096386415439407,KXHIGHDEN-26AUG29,,0.005,KXHIGHDEN-26AUG29-B92.5,0.5196386415439407,0.0,no,price_out_of_range,2026-08-30 02:00:00+00:00,0.01,2026-08-29
bounded,den,skip,1.0,-0.036852899988669696,KXHIGHDEN-26AUG29,,0.995,KXHIGHDEN-26AUG29-B94.5,0.9631471000113303,0.99,no,price_out_of_range,2026-08-30 02:00:00+00:00,0.010000000000000009,2026-08-29
bounded,den,skip,1.0,-0.0009970089730807485,KXHIGHDEN-26AUG29,,0.995,KXHIGHDEN-26AUG29-B96.5,0.9990029910269193,0.99,no,price_out_of_range,2026-08-30 02:00:00+00:00,0.010000000000000009,2026-08-29
lower_tail,den,skip,1.0,-0.0009970089730807485,KXHIGHDEN-26AUG29,,0.995,KXHIGHDEN-26AUG29-T90,0.9990029910269193,0.99,no,price_out_of_range,2026-08-30 02:00:00+00:00,0.010000000000000009,2026-08-29
upper_tail,den,skip,1.0,-0.0009970089730807485,KXHIGHDEN-26AUG29,,0.995,KXHIGHDEN-26AUG29-T97,0.9990029910269193,0.99,no,price_out_of_range,2026-08-30 02:00:00+00:00,0.010000000000000009,2026-08-29
bounded,la,skip,1.0,-0.0009960159362549792,KXHIGHLAX-26AUG29,,0.995,KXHIGHLAX-26AUG29-B79.5,0.999003984063745,0.99,no,price_out_of_range,2026-08-30 02:00:00+00:00,0.010000000000000009,2026-08-29
bounded,la,skip,1.0,-0.0009960159362549792,KXHIGHLAX-26AUG29,,0.995,KXHIGHLAX-26AUG29-B81.5,0.999003984063745,0.99,no,price_out_of_range,2026-08-30 02:00:00+00:00,0.010000000000000009,2026-08-29
bounded,la,skip,1.0,-0.0009960159362549792,KXHIGHLAX-26AUG29,,0.995,KXHIGHLAX-26AUG29-B83.5,0.999003984063745,0.99,no,price_out_of_range,2026-08-30 02:00:00+00:00,0.010000000000000009,2026-08-29
bounded,la,skip,1.0,-0.530424522763932,KXHIGHLAX-26AUG29,,0.995,KXHIGHLAX-26AUG29-B85.5,0.46957547723606796,0.99,no,price_out_of_range,2026-08-30 02:00:00+00:00,0.010000000000000009,2026-08-29
lower_tail,la,skip,1.0,-0.0009960159362549792,KXHIGHLAX-26AUG29,,0.995,KXHIGHLAX-26AUG29-T79,0.999003984063745,0.99,no,price_out_of_range,2026-08-30 02:00:00+00:00,0.010000000000000009,2026-08-29
upper_tail,la,skip,0.01,0.5244085865089521,KXHIGHLAX-26AUG29,,0.005,KXHIGHLAX-26AUG29-T86,0.5344085865089521,0.0,no,price_out_of_range,2026-08-30 02:00:00+00:00,0.01,2026-08-29
bounded,mia,skip,1.0,-0.03677370267366076,KXHIGHMIA-26AUG29,,0.995,KXHIGHMIA-26AUG29-B88.5,0.9632262973263392,0.99,no,price_out_of_range,2026-08-30 02:00:00+00:00,0.010000000000000009,2026-08-29
bounded,mia,skip,1.0,-0.0009960159362549792,KXHIGHMIA-26AUG29,,0.99,KXHIGHMIA-26AUG29-B90.5,0.999003984063745,0.98,no,price_out_of_range,2026-08-30 02:00:00+00:00,0.020000000000000018,2026-08-29
bounded,mia,skip,1.0,-0.0009960159362549792,KXHIGHMIA-26AUG29,,0.995,KXHIGHMIA-26AUG29-B92.5,0.999003984063745,0.99,no,price_out_of_range,2026-08-30 02:00:00+00:00,0.010000000000000009,2026-08-29
bounded,mia,skip,1.0,-0.0009960159362549792,KXHIGHMIA-26AUG29,,0.995,KXHIGHMIA-26AUG29-B94.5,0.999003984063745,0.99,no,price_out_of_range,2026-08-30 02:00:00+00:00,0.010000000000000009,2026-08-29
lower_tail,mia,skip,0.02,0.020757766418680674,KXHIGHMIA-26AUG29,,0.01,KXHIGHMIA-26AUG29-T88,0.040757766418680674,0.0,no,price_out_of_range,2026-08-30 02:00:00+00:00,0.02,2026-08-29
upper_tail,mia,skip,1.0,-0.0009960159362549792,KXHIGHMIA-26AUG29,,0.995,KXHIGHMIA-26AUG29-T95,0.999003984063745,0.99,no,price_out_of_range,2026-08-30 02:00:00+00:00,0.010000000000000009,2026-08-29
bounded,nyc,skip,1.0,-0.0009950248756218638,KXHIGHNY-26AUG29,21.0,0.995,KXHIGHNY-26AUG29-B79.5,0.9990049751243781,0.99,no,price_out_of_range,2026-08-30 02:00:00+00:00,0.010000000000000009,2026-08-29
bounded,nyc,skip,1.0,-0.0009950248756218638,KXHIGHNY-26AUG29,21.0,0.995,KXHIGHNY-26AUG29-B81.5,0.9990049751243781,0.99,no,price_out_of_range,2026-08-30 02:00:00+00:00,0.010000000000000009,2026-08-29
bounded,nyc,skip,1.0,-0.0009950248756218638,KXHIGHNY-26AUG29,21.0,0.995,KXHIGHNY-26AUG29-B83.5,0.9990049751243781,0.99,no,price_out_of_range,2026-08-30 02:00:00+00:00,0.010000000000000009,2026-08-29
bounded,nyc,skip,1.0,-0.0009950248756218638,KXHIGHNY-26AUG29,21.0,0.995,KXHIGHNY-26AUG29-B85.5,0.9990049751243781,0.99,no,price_out_of_range,2026-08-30 02:00:00+00:00,0.010000000000000009,2026-08-29
lower_tail,nyc,skip,0.01,-0.005024875621890681,KXHIGHNY-26AUG29,21.0,0.005,KXHIGHNY-26AUG29-T79,0.004975124378109319,0.0,no,price_out_of_range,2026-08-30 02:00:00+00:00,0.01,2026-08-29
upper_tail,nyc,skip,1.0,-0.0009950248756218638,KXHIGHNY-26AUG29,21.0,0.995,KXHIGHNY-26AUG29-T86,0.9990049751243781,0.99,no,price_out_of_range,2026-08-30 02:00:00+00:00,0.010000000000000009,2026-08-29
bounded,okc,skip,1.0,-0.0009970089730807485,KXHIGHTOKC-26AUG29,20.0,0.995,KXHIGHTOKC-26AUG29-B100.5,0.9990029910269193,0.99,no,price_out_of_range,2026-08-30 02:00:00+00:00,0.010000000000000009,2026-08-29
bounded,okc,skip,0.01,0.4453873908410736,KXHIGHTOKC-26AUG29,20.0,0.005,KXHIGHTOKC-26AUG29-B102.5,0.4553873908410736,0.0,no,price_out_of_range,2026-08-30 02:00:00+00:00,0.01,2026-08-29
bounded,okc,skip,1.0,-0.4236420042244905,KXHIGHTOKC-26AUG29,20.0,0.995,KXHIGHTOKC-26AUG29-B104.5,0.5763579957755095,0.99,no,price_out_of_range,2026-08-30 02:00:00+00:00,0.010000000000000009,2026-08-29
bounded,okc,skip,1.0,-0.0009970089730807485,KXHIGHTOKC-26AUG29,20.0,0.995,KXHIGHTOKC-26AUG29-B98.5,0.9990029910269193,0.99,no,price_out_of_range,2026-08-30 02:00:00+00:00,0.010000000000000009,2026-08-29
upper_tail,okc,skip,1.0,-0.02875435969734097,KXHIGHTOKC-26AUG29,20.0,0.995,KXHIGHTOKC-26AUG29-T105,0.971245640302659,0.99,no,price_out_of_range,2026-08-30 02:00:00+00:00,0.010000000000000009,2026-08-29
lower_tail,okc,skip,1.0,-0.0009970089730807485,KXHIGHTOKC-26AUG29,20.0,0.995,KXHIGHTOKC-26AUG29-T98,0.9990029910269193,0.99,no,price_out_of_range,2026-08-30 02:00:00+00:00,0.010000000000000009,2026-08-29
bounded,aus,skip,1.0,-0.6082176860902508,KXHIGHAUS-26AUG29,,0.995,KXHIGHAUS-26AUG29-B101.5,0.39178231390974916,0.99,no,price_out_of_range,2026-08-30 03:00:00+00:00,0.010000000000000009,2026-08-29
bounded,aus,skip,1.0,-0.06305182222632677,KXHIGHAUS-26AUG29,,0.995,KXHIGHAUS-26AUG29-B103.5,0.9369481777736732,0.99,no,price_out_of_range,2026-08-30 03:00:00+00:00,0.010000000000000009,2026-08-29
bounded,aus,skip,1.0,-0.0009970089730807485,KXHIGHAUS-26AUG29,,0.995,KXHIGHAUS-26AUG29-B97.5,0.9990029910269193,0.99,no,price_out_of_range,2026-08-30 03:00:00+00:00,0.010000000000000009,2026-08-29
bounded,aus,skip,0.01,0.66426053523582,KXHIGHAUS-26AUG29,,0.005,KXHIGHAUS-26AUG29-B99.5,0.67426053523582,0.0,no,price_out_of_range,2026-08-30 03:00:00+00:00,0.01,2026-08-29
upper_tail,aus,skip,1.0,-0.0009970089730807485,KXHIGHAUS-26AUG29,,0.995,KXHIGHAUS-26AUG29-T104,0.9990029910269193,0.99,no,price_out_of_range,2026-08-30 03:00:00+00:00,0.010000000000000009,2026-08-29
lower_tail,aus,skip,1.0,-0.0009970089730807485,KXHIGHAUS-26AUG29,,0.995,KXHIGHAUS-26AUG29-T97,0.9990029910269193,0.99,no,price_out_of_range,2026-08-30 03:00:00+00:00,0.010000000000000009,2026-08-29
bounded,den,skip,1.0,-0.4771183736981477,KXHIGHDEN-26AUG29,,0.995,KXHIGHDEN-26AUG29-B90.5,0.5228816263018523,0.99,no,price_out_of_range,2026-08-30 03:00:00+00:00,0.010000000000000009,2026-08-29
bounded,den,skip,0.01,0.5061144944226632,KXHIGHDEN-26AUG29,,0.005,KXHIGHDEN-26AUG29-B92.5,0.5161144944226632,0.0,no,price_out_of_range,2026-08-30 03:00:00+00:00,0.01,2026-08-29
bounded,den,skip,1.0,-0.0360050938052735,KXHIGHDEN-26AUG29,,0.995,KXHIGHDEN-26AUG29-B94.5,0.9639949061947265,0.99,no,price_out_of_range,2026-08-30 03:00:00+00:00,0.010000000000000009,2026-08-29
bounded,den,skip,1.0,-0.0009970089730807485,KXHIGHDEN-26AUG29,,0.995,KXHIGHDEN-26AUG29-B96.5,0.9990029910269193,0.99,no,price_out_of_range,2026-08-30 03:00:00+00:00,0.010000000000000009,2026-08-29
lower_tail,den,skip,1.0,-0.0009970089730807485,KXHIGHDEN-26AUG29,,0.995,KXHIGHDEN-26AUG29-T90,0.9990029910269193,0.99,no,price_out_of_range,2026-08-30 03:00:00+00:00,0.010000000000000009,2026-08-29
upper_tail,den,skip,1.0,-0.0009970089730807485,KXHIGHDEN-26AUG29,,0.995,KXHIGHDEN-26AUG29-T97,0.9990029910269193,0.99,no,price_out_of_range,2026-08-30 03:00:00+00:00,0.010000000000000009,2026-08-29
bounded,la,skip,1.0,-0.0009960159362549792,KXHIGHLAX-26AUG29,,0.995,KXHIGHLAX-26AUG29-B79.5,0.999003984063745,0.99,no,price_out_of_range,2026-08-30 03:00:00+00:00,0.010000000000000009,2026-08-29
bounded,la,skip,1.0,-0.0009960159362549792,KXHIGHLAX-26AUG29,,0.995,KXHIGHLAX-26AUG29-B81.5,0.999003984063745,0.99,no,price_out_of_range,2026-08-30 03:00:00+00:00,0.010000000000000009,2026-08-29
bounded,la,skip,1.0,-0.0009960159362549792,KXHIGHLAX-26AUG29,,0.995,KXHIGHLAX-26AUG29-B83.5,0.999003984063745,0.99,no,price_out_of_range,2026-08-30 03:00:00+00:00,0.010000000000000009,2026-08-29
bounded,la,skip,1.0,-0.5026425543782009,KXHIGHLAX-26AUG29,,0.995,KXHIGHLAX-26AUG29-B85.5,0.49735744562179907,0.99,no,price_out_of_range,2026-08-30 03:00:00+00:00,0.010000000000000009,2026-08-29
lower_tail,la,skip,1.0,-0.0009960159362549792,KXHIGHLAX-26AUG29,,0.995,KXHIGHLAX-26AUG29-T79,0.999003984063745,0.99,no,price_out_of_range,2026-08-30 03:00:00+00:00,0.010000000000000009,2026-08-29
upper_tail,la,skip,0.01,0.49662661812322084,KXHIGHLAX-26AUG29,,0.005,KXHIGHLAX-26AUG29-T86,0.5066266181232209,0.0,no,price_out_of_range,2026-08-30 03:00:00+00:00,0.01,2026-08-29
bounded,mia,skip,1.0,-0.033453857406277265,KXHIGHMIA-26AUG29,,0.995,KXHIGHMIA-26AUG29-B88.5,0.9665461425937227,0.99,no,price_out_of_range,2026-08-30 03:00:00+00:00,0.010000000000000009,2026-08-29
bounded,mia,skip,1.0,-0.0009960159362549792,KXHIGHMIA-26AUG29,,0.99,KXHIGHMIA-26AUG29-B90.5,0.999003984063745,0.98,no,price_out_of_range,2026-08-30 03:00:00+00:00,0.020000000000000018,2026-08-29
bounded,mia,skip,1.0,-0.0009960159362549792,KXHIGHMIA-26AUG29,,0.995,KXHIGHMIA-26AUG29-B92.5,0.999003984063745,0.99,no,price_out_of_range,2026-08-30 03:00:00+00:00,0.010000000000000009,2026-08-29
bounded,mia,skip,1.0,-0.0009960159362549792,KXHIGHMIA-26AUG29,,0.995,KXHIGHMIA-26AUG29-B94.5,0.999003984063745,0.99,no,price_out_of_range,2026-08-30 03:00:00+00:00,0.010000000000000009,2026-08-29
lower_tail,mia,skip,0.02,0.01743792115129718,KXHIGHMIA-26AUG29,,0.01,KXHIGHMIA-26AUG29-T88,0.03743792115129718,0.0,no,price_out_of_range,2026-08-30 03:00:00+00:00,0.02,2026-08-29
upper_tail,mia,skip,1.0,-0.0009960159362549792,KXHIGHMIA-26AUG29,,0.995,KXHIGHMIA-26AUG29-T95,0.999003984063745,0.99,no,price_out_of_range,2026-08-30 03:00:00+00:00,0.010000000000000009,2026-08-29
bounded,nyc,skip,1.0,-0.0009950248756218638,KXHIGHNY-26AUG29,22.0,0.995,KXHIGHNY-26AUG29-B79.5,0.9990049751243781,0.99,no,price_out_of_range,2026-08-30 03:00:00+00:00,0.010000000000000009,2026-08-29
bounded,nyc,skip,1.0,-0.0009950248756218638,KXHIGHNY-26AUG29,22.0,0.995,KXHIGHNY-26AUG29-B81.5,0.9990049751243781,0.99,no,price_out_of_range,2026-08-30 03:00:00+00:00,0.010000000000000009,2026-08-29
bounded,nyc,skip,1.0,-0.0009950248756218638,KXHIGHNY-26AUG29,22.0,0.995,KXHIGHNY-26AUG29-B83.5,0.9990049751243781,0.99,no,price_out_of_range,2026-08-30 03:00:00+00:00,0.010000000000000009,2026-08-29
bounded,nyc,skip,1.0,-0.0009950248756218638,KXHIGHNY-26AUG29,22.0,0.995,KXHIGHNY-26AUG29-B85.5,0.9990049751243781,0.99,no,price_out_of_range,2026-08-30 03:00:00+00:00,0.010000000000000009,2026-08-29
lower_tail,nyc,skip,0.01,-0.005024875621890681,KXHIGHNY-26AUG29,22.0,0.005,KXHIGHNY-26AUG29-T79,0.004975124378109319,0.0,no,price_out_of_range,2026-08-30 03:00:00+00:00,0.01,2026-08-29
upper_tail,nyc,skip,1.0,-0.0009950248756218638,KXHIGHNY-26AUG29,22.0,0.995,KXHIGHNY-26AUG29-T86,0.9990049751243781,0.99,no,price_out_of_range,2026-08-30 03:00:00+00:00,0.010000000000000009,2026-08-29
bounded,okc,skip,1.0,-0.0009970089730807485,KXHIGHTOKC-26AUG29,21.0,0.995,KXHIGHTOKC-26AUG29-B100.5,0.9990029910269193,0.99,no,price_out_of_range,2026-08-30 03:00:00+00:00,0.010000000000000009,2026-08-29
bounded,okc,skip,0.01,0.46399139074203755,KXHIGHTOKC-26AUG29,21.0,0.005,KXHIGHTOKC-26AUG29-B102.5,0.47399139074203755,0.0,no,price_out_of_range,2026-08-30 03:00:00+00:00,0.01,2026-08-29
bounded,okc,skip,1.0,-0.4424940982551996,KXHIGHTOKC-26AUG29,21.0,0.995,KXHIGHTOKC-26AUG29-B104.5,0.5575059017448004,0.99,no,price_out_of_range,2026-08-30 03:00:00+00:00,0.010000000000000009,2026-08-29
bounded,okc,skip,1.0,-0.0009970089730807485,KXHIGHTOKC-26AUG29,21.0,0.995,KXHIGHTOKC-26AUG29-B98.5,0.9990029910269193,0.99,no,price_out_of_range,2026-08-30 03:00:00+00:00,0.010000000000000009,2026-08-29
upper_tail,okc,skip,1.0,-0.028506265567595834,KXHIGHTOKC-26AUG29,21.0,0.995,KXHIGHTOKC-26AUG29-T105,0.9714937344324042,0.99,no,price_out_of_range,2026-08-30 03:00:00+00:00,0.010000000000000009,2026-08-29
lower_tail,okc,skip,1.0,-0.0009970089730807485,KXHIGHTOKC-26AUG29,21.0,0.995,KXHIGHTOKC-26AUG29-T98,0.9990029910269193,0.99,no,price_out_of_range,2026-08-30 03:00:00+00:00,0.010000000000000009,2026-08-29
bounded,aus,skip,1.0,-0.6137994972982712,KXHIGHAUS-26AUG29,,0.995,KXHIGHAUS-26AUG29-B101.5,0.3862005027017288,0.99,no,price_out_of_range,2026-08-30 04:00:00+00:00,0.010000000000000009,2026-08-29
bounded,aus,skip,1.0,-0.06168707183454192,KXHIGHAUS-26AUG29,,0.995,KXHIGHAUS-26AUG29-B103.5,0.9383129281654581,0.99,no,price_out_of_range,2026-08-30 04:00:00+00:00,0.010000000000000009,2026-08-29
bounded,aus,skip,1.0,-0.0009970089730807485,KXHIGHAUS-26AUG29,,0.995,KXHIGHAUS-26AUG29-B97.5,0.9990029910269193,0.99,no,price_out_of_range,2026-08-30 04:00:00+00:00,0.010000000000000009,2026-08-29
bounded,aus,skip,0.01,0.6684775960520554,KXHIGHAUS-26AUG29,,0.005,KXHIGHAUS-26AUG29-B99.5,0.6784775960520554,0.0,no,price_out_of_range,2026-08-30 04:00:00+00:00,0.01,2026-08-29
upper_tail,aus,skip,1.0,-0.0009970089730807485,KXHIGHAUS-26AUG29,,0.995,KXHIGHAUS-26AUG29-T104,0.9990029910269193,0.99,no,price_out_of_range,2026-08-30 04:00:00+00:00,0.010000000000000009,2026-08-29
lower_tail,aus,skip,1.0,-0.0009970089730807485,KXHIGHAUS-26AUG29,,0.995,KXHIGHAUS-26AUG29-T97,0.9990029910269193,0.99,no,price_out_of_range,2026-08-30 04:00:00+00:00,0.010000000000000009,2026-08-29
bounded,den,skip,1.0,-0.47571124810603216,KXHIGHDEN-26AUG29,,0.995,KXHIGHDEN-26AUG29-B90.5,0.5242887518939678,0.99,no,price_out_of_range,2026-08-30 04:00:00+00:00,0.010000000000000009,2026-08-29
bounded,den,skip,0.01,0.5044849613407654,KXHIGHDEN-26AUG29,,0.005,KXHIGHDEN-26AUG29-B92.5,0.5144849613407654,0.0,no,price_out_of_range,2026-08-30 04:00:00+00:00,0.01,2026-08-29
bounded,den,skip,1.0,-0.035782686315491086,KXHIGHDEN-26AUG29,,0.995,KXHIGHDEN-26AUG29-B94.5,0.9642173136845089,0.99,no,price_out_of_range,2026-08-30 04:00:00+00:00,0.010000000000000009,2026-08-29
bounded,den,skip,1.0,-0.0009970089730807485,KXHIGHDEN-26AUG29,,0.995,KXHIGHDEN-26AUG29-B96.5,0.9990029910269193,0.99,no,price_out_of_range,2026-08-30 04:00:00+00:00,0.010000000000000009,2026-08-29
lower_tail,den,skip,1.0,-0.0009970089730807485,KXHIGHDEN-26AUG29,,0.995,KXHIGHDEN-26AUG29-T90,0.9990029910269193,0.99,no,price_out_of_range,2026-08-30 04:00:00+00:00,0.010000000000000009,2026-08-29
upper_tail,den,skip,1.0,-0.0009970089730807485,KXHIGHDEN-26AUG29,,0.995,KXHIGHDEN-26AUG29-T97,0.9990029910269193,0.99,no,price_out_of_range,2026-08-30 04:00:00+00:00,0.010000000000000009,2026-08-29
bounded,la,skip,1.0,-0.0009960159362549792,KXHIGHLAX-26AUG29,,0.995,KXHIGHLAX-26AUG29-B79.5,0.999003984063745,0.99,no,price_out_of_range,2026-08-30 04:00:00+00:00,0.010000000000000009,2026-08-29
bounded,la,skip,1.0,-0.0009960159362549792,KXHIGHLAX-26AUG29,,0.995,KXHIGHLAX-26AUG29-B81.5,0.999003984063745,0.99,no,price_out_of_range,2026-08-30 04:00:00+00:00,0.010000000000000009,2026-08-29
bounded,la,skip,1.0,-0.0009960159362549792,KXHIGHLAX-26AUG29,,0.995,KXHIGHLAX-26AUG29-B83.5,0.999003984063745,0.99,no,price_out_of_range,2026-08-30 04:00:00+00:00,0.010000000000000009,2026-08-29
bounded,la,skip,1.0,-0.4934248606314431,KXHIGHLAX-26AUG29,,0.995,KXHIGHLAX-26AUG29-B85.5,0.5065751393685569,0.99,no,price_out_of_range,2026-08-30 04:00:00+00:00,0.010000000000000009,2026-08-29
lower_tail,la,skip,1.0,-0.0009960159362549792,KXHIGHLAX-26AUG29,,0.995,KXHIGHLAX-26AUG29-T79,0.999003984063745,0.99,no,price_out_of_range,2026-08-30 04:00:00+00:00,0.010000000000000009,2026-08-29
upper_tail,la,skip,0.01,0.4874089243764631,KXHIGHLAX-26AUG29,,0.005,KXHIGHLAX-26AUG29-T86,0.4974089243764631,0.0,no,price_out_of_range,2026-08-30 04:00:00+00:00,0.01,2026-08-29
bounded,mia,skip,1.0,-0.03205197072174082,KXHIGHMIA-26AUG29,,0.995,KXHIGHMIA-26AUG29-B88.5,0.9679480292782592,0.99,no,price_out_of_range,2026-08-30 04:00:00+00:00,0.010000000000000009,2026-08-29
bounded,mia,skip,1.0,-0.0009960159362549792,KXHIGHMIA-26AUG29,,0.99,KXHIGHMIA-26AUG29-B90.5,0.999003984063745,0.98,no,price_out_of_range,2026-08-30 04:00:00+00:00,0.020000000000000018,2026-08-29
bounded,mia,skip,1.0,-0.0009960159362549792,KXHIGHMIA-26AUG29,,0.995,KXHIGHMIA-26AUG29-B92.5,0.999003984063745,0.99,no,price_out_of_range,2026-08-30 04:00:00+00:00,0.010000000000000009,2026-08-29
bounded,mia,skip,1.0,-0.0009960159362549792,KXHIGHMIA-26AUG29,,0.995,KXHIGHMIA-26AUG29-B94.5,0.999003984063745,0.99,no,price_out_of_range,2026-08-30 04:00:00+00:00,0.010000000000000009,2026-08-29
lower_tail,mia,skip,0.02,0.016036034466760735,KXHIGHMIA-26AUG29,,0.01,KXHIGHMIA-26AUG29-T88,0.036036034466760736,0.0,no,price_out_of_range,2026-08-30 04:00:00+00:00,0.02,2026-08-29
upper_tail,mia,skip,1.0,-0.0009960159362549792,KXHIGHMIA-26AUG29,,0.995,KXHIGHMIA-26AUG29-T95,0.999003984063745,0.99,no,price_out_of_range,2026-08-30 04:00:00+00:00,0.010000000000000009,2026-08-29
bounded,nyc,skip,1.0,-0.0009950248756218638,KXHIGHNY-26AUG29,23.0,0.995,KXHIGHNY-26AUG29-B79.5,0.9990049751243781,0.99,no,price_out_of_range,2026-08-30 04:00:00+00:00,0.010000000000000009,2026-08-29
bounded,nyc,skip,1.0,-0.0009950248756218638,KXHIGHNY-26AUG29,23.0,0.995,KXHIGHNY-26AUG29-B81.5,0.9990049751243781,0.99,no,price_out_of_range,2026-08-30 04:00:00+00:00,0.010000000000000009,2026-08-29
bounded,nyc,skip,1.0,-0.0009950248756218638,KXHIGHNY-26AUG29,23.0,0.995,KXHIGHNY-26AUG29-B83.5,0.9990049751243781,0.99,no,price_out_of_range,2026-08-30 04:00:00+00:00,0.010000000000000009,2026-08-29
bounded,nyc,skip,1.0,-0.0009950248756218638,KXHIGHNY-26AUG29,23.0,0.995,KXHIGHNY-26AUG29-B85.5,0.9990049751243781,0.99,no,price_out_of_range,2026-08-30 04:00:00+00:00,0.010000000000000009,2026-08-29
lower_tail,nyc,skip,0.01,-0.005024875621890681,KXHIGHNY-26AUG29,23.0,0.005,KXHIGHNY-26AUG29-T79,0.004975124378109319,0.0,no,price_out_of_range,2026-08-30 04:00:00+00:00,0.01,2026-08-29
upper_tail,nyc,skip,1.0,-0.0009950248756218638,KXHIGHNY-26AUG29,23.0,0.995,KXHIGHNY-26AUG29-T86,0.9990049751243781,0.99,no,price_out_of_range,2026-08-30 04:00:00+00:00,0.010000000000000009,2026-08-29
bounded,okc,skip,1.0,-0.0009970089730807485,KXHIGHTOKC-26AUG29,22.0,0.995,KXHIGHTOKC-26AUG29-B100.5,0.9990029910269193,0.99,no,price_out_of_range,2026-08-30 04:00:00+00:00,0.010000000000000009,2026-08-29
bounded,okc,skip,0.01,0.4669105890803966,KXHIGHTOKC-26AUG29,22.0,0.005,KXHIGHTOKC-26AUG29-B102.5,0.47691058908039663,0.0,no,price_out_of_range,2026-08-30 04:00:00+00:00,0.01,2026-08-29
bounded,okc,skip,1.0,-0.44573200798067325,KXHIGHTOKC-26AUG29,22.0,0.995,KXHIGHTOKC-26AUG29-B104.5,0.5542679920193267,0.99,no,price_out_of_range,2026-08-30 04:00:00+00:00,0.010000000000000009,2026-08-29
bounded,okc,skip,1.0,-0.0009970089730807485,KXHIGHTOKC-26AUG29,22.0,0.995,KXHIGHTOKC-26AUG29-B98.5,0.9990029910269193,0.99,no,price_out_of_range,2026-08-30 04:00:00+00:00,0.010000000000000009,2026-08-29
upper_tail,okc,skip,1.0,-0.028187554180481245,KXHIGHTOKC-26AUG29,22.0,0.995,KXHIGHTOKC-26AUG29-T105,0.9718124458195188,0.99,no,price_out_of_range,2026-08-30 04:00:00+00:00,0.010000000000000009,2026-08-29
lower_tail,okc,skip,1.0,-0.0009970089730807485,KXHIGHTOKC-26AUG29,22.0,0.995,KXHIGHTOKC-26AUG29-T98,0.9990029910269193,0.99,no,price_out_of_range,2026-08-30 04:00:00+00:00,0.010000000000000009,2026-08-29
bounded,aus,skip,1.0,-0.6159107245795629,KXHIGHAUS-26AUG29,,0.995,KXHIGHAUS-26AUG29-B101.5,0.38408927542043714,0.99,no,price_out_of_range,2026-08-30 05:00:00+00:00,0.010000000000000009,2026-08-29
bounded,aus,skip,1.0,-0.06073436022752021,KXHIGHAUS-26AUG29,,0.995,KXHIGHAUS-26AUG29-B103.5,0.9392656397724798,0.99,no,price_out_of_range,2026-08-30 05:00:00+00:00,0.010000000000000009,2026-08-29
bounded,aus,skip,1.0,-0.0009970089730807485,KXHIGHAUS-26AUG29,,0.995,KXHIGHAUS-26AUG29-B97.5,0.9990029910269193,0.99,no,price_out_of_range,2026-08-30 05:00:00+00:00,0.010000000000000009,2026-08-29
bounded,aus,skip,0.01,0.6696361117263252,KXHIGHAUS-26AUG29,,0.005,KXHIGHAUS-26AUG29-B99.5,0.6796361117263252,0.0,no,price_out_of_range,2026-08-30 05:00:00+00:00,0.01,2026-08-29
upper_tail,aus,skip,1.0,-0.0009970089730807485,KXHIGHAUS-26AUG29,,0.995,KXHIGHAUS-26AUG29-T104,0.9990029910269193,0.99,no,price_out_of_range,2026-08-30 05:00:00+00:00,0.010000000000000009,2026-08-29
lower_tail,aus,skip,1.0,-0.0009970089730807485,KXHIGHAUS-26AUG29,,0.995,KXHIGHAUS-26AUG29-T97,0.9990029910269193,0.99,no,price_out_of_range,2026-08-30 05:00:00+00:00,0.010000000000000009,2026-08-29
bounded,den,skip,1.0,-0.4757060103689803,KXHIGHDEN-26AUG29,,0.995,KXHIGHDEN-26AUG29-B90.5,0.5242939896310197,0.99,no,price_out_of_range,2026-08-30 05:00:00+00:00,0.010000000000000009,2026-08-29
bounded,den,skip,0.01,0.5043182673601536,KXHIGHDEN-26AUG29,,0.005,KXHIGHDEN-26AUG29-B92.5,0.5143182673601536,0.0,no,price_out_of_range,2026-08-30 05:00:00+00:00,0.01,2026-08-29
bounded,den,skip,1.0,-0.035621230071930965,KXHIGHDEN-26AUG29,,0.995,KXHIGHDEN-26AUG29-B94.5,0.964378769928069,0.99,no,price_out_of_range,2026-08-30 05:00:00+00:00,0.010000000000000009,2026-08-29
bounded,den,skip,1.0,-0.0009970089730807485,KXHIGHDEN-26AUG29,,0.995,KXHIGHDEN-26AUG29-B96.5,0.9990029910269193,0.99,no,price_out_of_range,2026-08-30 05:00:00+00:00,0.010000000000000009,2026-08-29
lower_tail,den,skip,1.0,-0.0009970089730807485,KXHIGHDEN-26AUG29,,0.995,KXHIGHDEN-26AUG29-T90,0.9990029910269193,0.99,no,price_out_of_range,2026-08-30 05:00:00+00:00,0.010000000000000009,2026-08-29
upper_tail,den,skip,1.0,-0.0009970089730807485,KXHIGHDEN-26AUG29,,0.995,KXHIGHDEN-26AUG29-T97,0.9990029910269193,0.99,no,price_out_of_range,2026-08-30 05:00:00+00:00,0.010000000000000009,2026-08-29
bounded,la,skip,1.0,-0.0009960159362549792,KXHIGHLAX-26AUG29,,0.995,KXHIGHLAX-26AUG29-B79.5,0.999003984063745,0.99,no,price_out_of_range,2026-08-30 05:00:00+00:00,0.010000000000000009,2026-08-29
bounded,la,skip,1.0,-0.0009960159362549792,KXHIGHLAX-26AUG29,,0.995,KXHIGHLAX-26AUG29-B81.5,0.999003984063745,0.99,no,price_out_of_range,2026-08-30 05:00:00+00:00,0.010000000000000009,2026-08-29
bounded,la,skip,1.0,-0.0009960159362549792,KXHIGHLAX-26AUG29,,0.995,KXHIGHLAX-26AUG29-B83.5,0.999003984063745,0.99,no,price_out_of_range,2026-08-30 05:00:00+00:00,0.010000000000000009,2026-08-29
bounded,la,skip,1.0,-0.4925854508390233,KXHIGHLAX-26AUG29,,0.995,KXHIGHLAX-26AUG29-B85.5,0.5074145491609767,0.99,no,price_out_of_range,2026-08-30 05:00:00+00:00,0.010000000000000009,2026-08-29
lower_tail,la,skip,1.0,-0.0009960159362549792,KXHIGHLAX-26AUG29,,0.995,KXHIGHLAX-26AUG29-T79,0.999003984063745,0.99,no,price_out_of_range,2026-08-30 05:00:00+00:00,0.010000000000000009,2026-08-29
upper_tail,la,skip,0.01,0.4865695145840432,KXHIGHLAX-26AUG29,,0.005,KXHIGHLAX-26AUG29-T86,0.4965695145840432,0.0,no,price_out_of_range,2026-08-30 05:00:00+00:00,0.01,2026-08-29
bounded,mia,skip,0.86,-0.13184318878239842,KXHIGHMIA-26AUG30,,0.855,KXHIGHMIA-26AUG30-B87.5,0.7281568112176016,0.85,no,price_out_of_range,2026-08-30 05:00:00+00:00,0.010000000000000009,2026-08-30
bounded,mia,skip,0.68,-0.146530496975257,KXHIGHMIA-26AUG30,,0.67,KXHIGHMIA-26AUG30-B89.5,0.533469503024743,0.66,no,price_out_of_range,2026-08-30 05:00:00+00:00,0.020000000000000018,2026-08-30
bounded,mia,buy,0.59,0.22115504278926656,KXHIGHMIA-26AUG30,,0.5700000000000001,KXHIGHMIA-26AUG30-B91.5,0.8111550427892665,0.55,no,,2026-08-30 05:00:00+00:00,0.039999999999999925,2026-08-30
bounded,mia,skip,0.92,0.0510520935126314,KXHIGHMIA-26AUG30,,0.91,KXHIGHMIA-26AUG30-B93.5,0.9710520935126314,0.9,no,price_out_of_range,2026-08-30 05:00:00+00:00,0.020000000000000018,2026-08-30
lower_tail,mia,skip,0.97,-0.0128344495452416,KXHIGHMIA-26AUG30,,0.965,KXHIGHMIA-26AUG30-T87,0.9571655504547584,0.96,no,price_out_of_range,2026-08-30 05:00:00+00:00,0.010000000000000009,2026-08-30
upper_tail,mia,skip,0.99,0.009000999000999044,KXHIGHMIA-26AUG30,,0.985,KXHIGHMIA-26AUG30-T94,0.999000999000999,0.98,no,price_out_of_range,2026-08-30 05:00:00+00:00,0.010000000000000009,2026-08-30
bounded,nyc,skip,0.75,-0.18805719944573518,KXHIGHNY-26AUG30,0.0,0.745,KXHIGHNY-26AUG30-B82.5,0.5619428005542648,0.74,no,price_out_of_range,2026-08-30 05:00:00+00:00,0.010000000000000009,2026-08-30
bounded,nyc,skip,0.89,-0.19536730214971987,KXHIGHNY-26AUG30,0.0,0.88,KXHIGHNY-26AUG30-B84.5,0.6946326978502801,0.87,no,price_out_of_range,2026-08-30 05:00:00+00:00,0.020000000000000018,2026-08-30
bounded,nyc,skip,0.99,-0.04198894595707636,KXHIGHNY-26AUG30,0.0,0.985,KXHIGHNY-26AUG30-B86.5,0.9480110540429236,0.98,no,price_out_of_range,2026-08-30 05:00:00+00:00,0.010000000000000009,2026-08-30
bounded,nyc,skip,1.0,-0.0009980039920159944,KXHIGHNY-26AUG30,0.0,0.995,KXHIGHNY-26AUG30-B88.5,0.999001996007984,0.99,no,price_out_of_range,2026-08-30 05:00:00+00:00,0.010000000000000009,2026-08-30
lower_tail,nyc,skip,0.4,0.39740945553656337,KXHIGHNY-26AUG30,0.0,0.39,KXHIGHNY-26AUG30-T82,0.7974094555365634,0.38,no,price_out_of_range,2026-08-30 05:00:00+00:00,0.020000000000000018,2026-08-30
upper_tail,nyc,skip,1.0,-0.0009980039920159944,KXHIGHNY-26AUG30,0.0,0.995,KXHIGHNY-26AUG30-T89,0.999001996007984,0.99,no,price_out_of_range,2026-08-30 05:00:00+00:00,0.010000000000000009,2026-08-30
bounded,okc,skip,1.0,-0.0009970089730807485,KXHIGHTOKC-26AUG29,23.0,0.995,KXHIGHTOKC-26AUG29-B100.5,0.9990029910269193,0.99,no,price_out_of_range,2026-08-30 05:00:00+00:00,0.010000000000000009,2026-08-29
bounded,okc,skip,0.01,0.46766989585246266,KXHIGHTOKC-26AUG29,23.0,0.005,KXHIGHTOKC-26AUG29-B102.5,0.47766989585246267,0.0,no,price_out_of_range,2026-08-30 05:00:00+00:00,0.01,2026-08-29
bounded,okc,skip,1.0,-0.4465361120674245,KXHIGHTOKC-26AUG29,23.0,0.995,KXHIGHTOKC-26AUG29-B104.5,0.5534638879325755,0.99,no,price_out_of_range,2026-08-30 05:00:00+00:00,0.010000000000000009,2026-08-29
bounded,okc,skip,1.0,-0.0009970089730807485,KXHIGHTOKC-26AUG29,23.0,0.995,KXHIGHTOKC-26AUG29-B98.5,0.9990029910269193,0.99,no,price_out_of_range,2026-08-30 05:00:00+00:00,0.010000000000000009,2026-08-29
upper_tail,okc,skip,1.0,-0.028142756865795926,KXHIGHTOKC-26AUG29,23.0,0.995,KXHIGHTOKC-26AUG29-T105,0.9718572431342041,0.99,no,price_out_of_range,2026-08-30 05:00:00+00:00,0.010000000000000009,2026-08-29
lower_tail,okc,skip,1.0,-0.0009970089730807485,KXHIGHTOKC-26AUG29,23.0,0.995,KXHIGHTOKC-26AUG29-T98,0.9990029910269193,0.99,no,price_out_of_range,2026-08-30 05:00:00+00:00,0.010000000000000009,2026-08-29
bounded,aus,skip,0.4,0.3345388973604372,KXHIGHAUS-26AUG30,,0.385,KXHIGHAUS-26AUG30-B100.5,0.7345388973604372,0.37,no,price_out_of_range,2026-08-30 06:00:00+00:00,0.030000000000000027,2026-08-30
bounded,aus,skip,0.96,-0.004182844670237218,KXHIGHAUS-26AUG30,,0.95,KXHIGHAUS-26AUG30-B102.5,0.9558171553297627,0.94,no,price_out_of_range,2026-08-30 06:00:00+00:00,0.020000000000000018,2026-08-30
bounded,aus,skip,0.98,-0.17828452239213122,KXHIGHAUS-26AUG30,,0.975,KXHIGHAUS-26AUG30-B96.5,0.8017154776078688,0.97,no,price_out_of_range,2026-08-30 06:00:00+00:00,0.010000000000000009,2026-08-30
bounded,aus,skip,0.69,-0.14757163987391386,KXHIGHAUS-26AUG30,,0.675,KXHIGHAUS-26AUG30-B98.5,0.5424283601260861,0.66,no,price_out_of_range,2026-08-30 06:00:00+00:00,0.029999999999999916,2026-08-30
upper_tail,aus,skip,1.0,-0.0009990009990009652,KXHIGHAUS-26AUG30,,0.995,KXHIGHAUS-26AUG30-T103,0.999000999000999,0.99,no,price_out_of_range,2026-08-30 06:00:00+00:00,0.010000000000000009,2026-08-30
lower_tail,aus,skip,1.0,-0.033500889425153724,KXHIGHAUS-26AUG30,,0.995,KXHIGHAUS-26AUG30-T96,0.9664991105748463,0.99,no,price_out_of_range,2026-08-30 06:00:00+00:00,0.010000000000000009,2026-08-30
bounded,den,skip,1.0,-0.4754772511885984,KXHIGHDEN-26AUG29,,0.995,KXHIGHDEN-26AUG29-B90.5,0.5245227488114016,0.99,no,price_out_of_range,2026-08-30 06:00:00+00:00,0.010000000000000009,2026-08-29
bounded,den,skip,0.01,0.5040443700705176,KXHIGHDEN-26AUG29,,0.005,KXHIGHDEN-26AUG29-B92.5,0.5140443700705176,0.0,no,price_out_of_range,2026-08-30 06:00:00+00:00,0.01,2026-08-29
bounded,den,skip,1.0,-0.03557609196267708,KXHIGHDEN-26AUG29,,0.995,KXHIGHDEN-26AUG29-B94.5,0.9644239080373229,0.99,no,price_out_of_range,2026-08-30 06:00:00+00:00,0.010000000000000009,2026-08-29
bounded,den,skip,1.0,-0.0009970089730807485,KXHIGHDEN-26AUG29,,0.995,KXHIGHDEN-26AUG29-B96.5,0.9990029910269193,0.99,no,price_out_of_range,2026-08-30 06:00:00+00:00,0.010000000000000009,2026-08-29
lower_tail,den,skip,1.0,-0.0009970089730807485,KXHIGHDEN-26AUG29,,0.995,KXHIGHDEN-26AUG29-T90,0.9990029910269193,0.99,no,price_out_of_range,2026-08-30 06:00:00+00:00,0.010000000000000009,2026-08-29
upper_tail,den,skip,1.0,-0.0009970089730807485,KXHIGHDEN-26AUG29,,0.995,KXHIGHDEN-26AUG29-T97,0.9990029910269193,0.99,no,price_out_of_range,2026-08-30 06:00:00+00:00,0.010000000000000009,2026-08-29
bounded,la,skip,1.0,-0.0009960159362549792,KXHIGHLAX-26AUG29,,0.995,KXHIGHLAX-26AUG29-B79.5,0.999003984063745,0.99,no,price_out_of_range,2026-08-30 06:00:00+00:00,0.010000000000000009,2026-08-29
bounded,la,skip,1.0,-0.0009960159362549792,KXHIGHLAX-26AUG29,,0.995,KXHIGHLAX-26AUG29-B81.5,0.999003984063745,0.99,no,price_out_of_range,2026-08-30 06:00:00+00:00,0.010000000000000009,2026-08-29
bounded,la,skip,1.0,-0.0009960159362549792,KXHIGHLAX-26AUG29,,0.995,KXHIGHLAX-26AUG29-B83.5,0.999003984063745,0.99,no,price_out_of_range,2026-08-30 06:00:00+00:00,0.010000000000000009,2026-08-29
bounded,la,skip,1.0,-0.49123582321258374,KXHIGHLAX-26AUG29,,0.995,KXHIGHLAX-26AUG29-B85.5,0.5087641767874163,0.99,no,price_out_of_range,2026-08-30 06:00:00+00:00,0.010000000000000009,2026-08-29
lower_tail,la,skip,1.0,-0.0009960159362549792,KXHIGHLAX-26AUG29,,0.995,KXHIGHLAX-26AUG29-T79,0.999003984063745,0.99,no,price_out_of_range,2026-08-30 06:00:00+00:00,0.010000000000000009,2026-08-29
upper_tail,la,skip,0.01,0.48521988695760365,KXHIGHLAX-26AUG29,,0.005,KXHIGHLAX-26AUG29-T86,0.49521988695760366,0.0,no,price_out_of_range,2026-08-30 06:00:00+00:00,0.01,2026-08-29
bounded,mia,skip,0.95,-0.11534077209139992,KXHIGHMIA-26AUG30,,0.945,KXHIGHMIA-26AUG30-B87.5,0.8346592279086,0.94,no,price_out_of_range,2026-08-30 06:00:00+00:00,0.010000000000000009,2026-08-30
bounded,mia,skip,0.68,-0.11841354227573997,KXHIGHMIA-26AUG30,,0.67,KXHIGHMIA-26AUG30-B89.5,0.5615864577242601,0.66,no,price_out_of_range,2026-08-30 06:00:00+00:00,0.020000000000000018,2026-08-30
bounded,mia,buy,0.52,0.164834778515784,KXHIGHMIA-26AUG30,,0.515,KXHIGHMIA-26AUG30-B91.5,0.684834778515784,0.51,no,,2026-08-30 06:00:00+00:00,0.010000000000000009,2026-08-30
bounded,mia,skip,0.93,0.015757380973955848,KXHIGHMIA-26AUG30,,0.925,KXHIGHMIA-26AUG30-B93.5,0.9457573809739559,0.92,no,price_out_of_range,2026-08-30 06:00:00+00:00,0.010000000000000009,2026-08-30
lower_tail,mia,skip,0.96,0.014161155876400766,KXHIGHMIA-26AUG30,,0.95,KXHIGHMIA-26AUG30-T87,0.9741611558764007,0.94,no,price_out_of_range,2026-08-30 06:00:00+00:00,0.020000000000000018,2026-08-30
upper_tail,mia,skip,0.99,0.009000999000999044,KXHIGHMIA-26AUG30,,0.985,KXHIGHMIA-26AUG30-T94,0.999000999000999,0.98,no,price_out_of_range,2026-08-30 06:00:00+00:00,0.010000000000000009,2026-08-30
bounded,nyc,skip,0.7,-0.138062159646147,KXHIGHNY-26AUG30,1.0,0.685,KXHIGHNY-26AUG30-B82.5,0.561937840353853,0.67,no,price_out_of_range,2026-08-30 06:00:00+00:00,0.029999999999999916,2026-08-30
bounded,nyc,skip,0.92,-0.19155075665374943,KXHIGHNY-26AUG30,1.0,0.905,KXHIGHNY-26AUG30-B84.5,0.7284492433462506,0.89,no,price_out_of_range,2026-08-30 06:00:00+00:00,0.030000000000000027,2026-08-30
bounded,nyc,skip,0.98,-0.028301677775149692,KXHIGHNY-26AUG30,1.0,0.975,KXHIGHNY-26AUG30-B86.5,0.9516983222248503,0.97,no,price_out_of_range,2026-08-30 06:00:00+00:00,0.010000000000000009,2026-08-30
bounded,nyc,skip,1.0,-0.0009980039920159944,KXHIGHNY-26AUG30,1.0,0.995,KXHIGHNY-26AUG30-B88.5,0.999001996007984,0.99,no,price_out_of_range,2026-08-30 06:00:00+00:00,0.010000000000000009,2026-08-30
lower_tail,nyc,skip,0.39,0.369910602059078,KXHIGHNY-26AUG30,1.0,0.38,KXHIGHNY-26AUG30-T82,0.759910602059078,0.37,no,price_out_of_range,2026-08-30 06:00:00+00:00,0.020000000000000018,2026-08-30
upper_tail,nyc,skip,1.0,-0.0009980039920159944,KXHIGHNY-26AUG30,1.0,0.995,KXHIGHNY-26AUG30-T89,0.999001996007984,0.99,no,price_out_of_range,2026-08-30 06:00:00+00:00,0.010000000000000009,2026-08-30
bounded,okc,skip,0.77,-0.19182851275674828,KXHIGHTOKC-26AUG30,0.0,0.76,KXHIGHTOKC-26AUG30-B100.5,0.5781714872432517,0.75,no,price_out_of_range,2026-08-30 06:00:00+00:00,0.020000000000000018,2026-08-30
bounded,okc,skip,0.43,0.2640046025330564,KXHIGHTOKC-26AUG30,0.0,0.42,KXHIGHTOKC-26AUG30-B102.5,0.6940046025330564,0.41,no,price_out_of_range,2026-08-30 06:00:00+00:00,0.020000000000000018,2026-08-30
bounded,okc,skip,0.83,0.10647749211460233,KXHIGHTOKC-26AUG30,0.0,0.825,KXHIGHTOKC-26AUG30-B104.5,0.9364774921146023,0.82,no,price_out_of_range,2026-08-30 06:00:00+00:00,0.010000000000000009,2026-08-30
bounded,okc,skip,0.98,-0.15571298075941675,KXHIGHTOKC-26AUG30,0.0,0.975,KXHIGHTOKC-26AUG30-B98.5,0.8242870192405832,0.97,no,price_out_of_range,2026-08-30 06:00:00+00:00,0.010000000000000009,2026-08-30
upper_tail,okc,skip,0.98,0.019000999000999053,KXHIGHTOKC-26AUG30,0.0,0.975,KXHIGHTOKC-26AUG30-T105,0.999000999000999,0.97,no,price_out_of_range,2026-08-30 06:00:00+00:00,0.010000000000000009,2026-08-30
lower_tail,okc,skip,0.99,-0.02194160013249269,KXHIGHTOKC-26AUG30,0.0,0.985,KXHIGHTOKC-26AUG30-T98,0.9680583998675073,0.98,no,price_out_of_range,2026-08-30 06:00:00+00:00,0.010000000000000009,2026-08-30
bounded,aus,skip,0.45,0.2517360170789293,KXHIGHAUS-26AUG30,,0.435,KXHIGHAUS-26AUG30-B100.5,0.7017360170789293,0.42,no,price_out_of_range,2026-08-30 07:00:00+00:00,0.030000000000000027,2026-08-30
bounded,aus,skip,0.96,-0.022540111961316,KXHIGHAUS-26AUG30,,0.95,KXHIGHAUS-26AUG30-B102.5,0.937459888038684,0.94,no,price_out_of_range,2026-08-30 07:00:00+00:00,0.020000000000000018,2026-08-30
bounded,aus,skip,0.98,-0.16354107511702987,KXHIGHAUS-26AUG30,,0.975,KXHIGHAUS-26AUG30-B96.5,0.8164589248829701,0.97,no,price_out_of_range,2026-08-30 07:00:00+00:00,0.010000000000000009,2026-08-30
bounded,aus,skip,0.64,-0.05977650869837514,KXHIGHAUS-26AUG30,,0.635,KXHIGHAUS-26AUG30-B98.5,0.5802234913016249,0.63,no,ev_below_threshold,2026-08-30 07:00:00+00:00,0.010000000000000009,2026-08-30
upper_tail,aus,skip,1.0,-0.0009998916877310693,KXHIGHAUS-26AUG30,,0.995,KXHIGHAUS-26AUG30-T103,0.9990001083122689,0.99,no,price_out_of_range,2026-08-30 07:00:00+00:00,0.010000000000000009,2026-08-30
lower_tail,aus,skip,1.0,-0.03487842961447707,KXHIGHAUS-26AUG30,,0.995,KXHIGHAUS-26AUG30-T96,0.9651215703855229,0.99,no,price_out_of_range,2026-08-30 07:00:00+00:00,0.010000000000000009,2026-08-30
bounded,den,skip,0.74,-0.053425558070949064,KXHIGHDEN-26AUG30,,0.735,KXHIGHDEN-26AUG30-B85.5,0.6865744419290509,0.73,no,price_out_of_range,2026-08-30 07:00:00+00:00,0.010000000000000009,2026-08-30
bounded,den,skip,0.63,-0.07409326554353768,KXHIGHDEN-26AUG30,,0.605,KXHIGHDEN-26AUG30-B87.5,0.5559067344564623,0.58,no,ev_below_threshold,2026-08-30 07:00:00+00:00,0.050000000000000044,2026-08-30
bounded,den,skip,0.81,0.02370407362536553,KXHIGHDEN-26AUG30,,0.805,KXHIGHDEN-26AUG30-B89.5,0.8337040736253656,0.8,no,price_out_of_range,2026-08-30 07:00:00+00:00,0.010000000000000009,2026-08-30
bounded,den,skip,0.94,0.034775131373989576,KXHIGHDEN-26AUG30,,0.9299999999999999,KXHIGHDEN-26AUG30-B91.5,0.9747751313739895,0.92,no,price_out_of_range,2026-08-30 07:00:00+00:00,0.019999999999999907,2026-08-30
lower_tail,den,skip,0.92,0.030038619614132456,KXHIGHDEN-26AUG30,,0.895,KXHIGHDEN-26AUG30-T85,0.9500386196141325,0.87,no,price_out_of_range,2026-08-30 07:00:00+00:00,0.050000000000000044,2026-08-30
upper_tail,den,skip,1.0,-0.0009990009990009652,KXHIGHDEN-26AUG30,,0.995,KXHIGHDEN-26AUG30-T92,0.999000999000999,0.99,no,price_out_of_range,2026-08-30 07:00:00+00:00,0.010000000000000009,2026-08-30
bounded,la,skip,1.0,-0.0009960159362549792,KXHIGHLAX-26AUG29,,0.995,KXHIGHLAX-26AUG29-B79.5,0.999003984063745,0.99,no,price_out_of_range,2026-08-30 07:00:00+00:00,0.010000000000000009,2026-08-29
bounded,la,skip,1.0,-0.0009960159362549792,KXHIGHLAX-26AUG29,,0.995,KXHIGHLAX-26AUG29-B81.5,0.999003984063745,0.99,no,price_out_of_range,2026-08-30 07:00:00+00:00,0.010000000000000009,2026-08-29
bounded,la,skip,1.0,-0.0009960159362549792,KXHIGHLAX-26AUG29,,0.995,KXHIGHLAX-26AUG29-B83.5,0.999003984063745,0.99,no,price_out_of_range,2026-08-30 07:00:00+00:00,0.010000000000000009,2026-08-29
bounded,la,skip,1.0,-0.49085102504683387,KXHIGHLAX-26AUG29,,0.995,KXHIGHLAX-26AUG29-B85.5,0.5091489749531661,0.99,no,price_out_of_range,2026-08-30 07:00:00+00:00,0.010000000000000009,2026-08-29
lower_tail,la,skip,1.0,-0.0009960159362549792,KXHIGHLAX-26AUG29,,0.995,KXHIGHLAX-26AUG29-T79,0.999003984063745,0.99,no,price_out_of_range,2026-08-30 07:00:00+00:00,0.010000000000000009,2026-08-29
upper_tail,la,skip,0.01,0.4848350887918539,KXHIGHLAX-26AUG29,,0.005,KXHIGHLAX-26AUG29-T86,0.4948350887918539,0.0,no,price_out_of_range,2026-08-30 07:00:00+00:00,0.01,2026-08-29
bounded,mia,skip,0.93,-0.08548920115300851,KXHIGHMIA-26AUG30,,0.91,KXHIGHMIA-26AUG30-B87.5,0.8445107988469915,0.89,no,price_out_of_range,2026-08-30 07:00:00+00:00,0.040000000000000036,2026-08-30
bounded,mia,skip,0.66,-0.09203410416932345,KXHIGHMIA-26AUG30,,0.64,KXHIGHMIA-26AUG30-B89.5,0.5679658958306766,0.62,no,price_out_of_range,2026-08-30 07:00:00+00:00,0.040000000000000036,2026-08-30
bounded,mia,buy,0.56,0.11337606476825668,KXHIGHMIA-26AUG30,,0.545,KXHIGHMIA-26AUG30-B91.5,0.6733760647682567,0.53,no,,2026-08-30 07:00:00+00:00,0.030000000000000027,2026-08-30
bounded,mia,skip,0.94,-0.001200070151021304,KXHIGHMIA-26AUG30,,0.935,KXHIGHMIA-26AUG30-B93.5,0.9387999298489786,0.93,no,price_out_of_range,2026-08-30 07:00:00+00:00,0.009999999999999898,2026-08-30
lower_tail,mia,skip,0.96,0.016346311704097616,KXHIGHMIA-26AUG30,,0.955,KXHIGHMIA-26AUG30-T87,0.9763463117040976,0.95,no,price_out_of_range,2026-08-30 07:00:00+00:00,0.010000000000000009,2026-08-30
upper_tail,mia,skip,0.99,0.009000999000999044,KXHIGHMIA-26AUG30,,0.985,KXHIGHMIA-26AUG30-T94,0.999000999000999,0.98,no,price_out_of_range,2026-08-30 07:00:00+00:00,0.010000000000000009,2026-08-30
bounded,nyc,skip,0.7,-0.12587887258901453,KXHIGHNY-26AUG30,2.0,0.695,KXHIGHNY-26AUG30-B82.5,0.5741211274109854,0.69,no,price_out_of_range,2026-08-30 07:00:00+00:00,0.010000000000000009,2026-08-30
bounded,nyc,skip,0.94,-0.18843359835591,KXHIGHNY-26AUG30,2.0,0.9299999999999999,KXHIGHNY-26AUG30-B84.5,0.7515664016440899,0.92,no,price_out_of_range,2026-08-30 07:00:00+00:00,0.019999999999999907,2026-08-30
bounded,nyc,skip,0.98,-0.027433416146059653,KXHIGHNY-26AUG30,2.0,0.975,KXHIGHNY-26AUG30-B86.5,0.9525665838539403,0.97,no,price_out_of_range,2026-08-30 07:00:00+00:00,0.010000000000000009,2026-08-30
bounded,nyc,skip,1.0,-0.0009980039920159944,KXHIGHNY-26AUG30,2.0,0.995,KXHIGHNY-26AUG30-B88.5,0.999001996007984,0.99,no,price_out_of_range,2026-08-30 07:00:00+00:00,0.010000000000000009,2026-08-30
lower_tail,nyc,skip,0.39,0.3337418950750163,KXHIGHNY-26AUG30,2.0,0.38,KXHIGHNY-26AUG30-T82,0.7237418950750163,0.37,no,price_out_of_range,2026-08-30 07:00:00+00:00,0.020000000000000018,2026-08-30
upper_tail,nyc,skip,1.0,-0.0009980039920159944,KXHIGHNY-26AUG30,2.0,0.995,KXHIGHNY-26AUG30-T89,0.999001996007984,0.99,no,price_out_of_range,2026-08-30 07:00:00+00:00,0.010000000000000009,2026-08-30
bounded,okc,skip,0.77,-0.1506648438582714,KXHIGHTOKC-26AUG30,1.0,0.76,KXHIGHTOKC-26AUG30-B100.5,0.6193351561417286,0.75,no,price_out_of_range,2026-08-30 07:00:00+00:00,0.020000000000000018,2026-08-30
bounded,okc,skip,0.49,0.16171783489181824,KXHIGHTOKC-26AUG30,1.0,0.44999999999999996,KXHIGHTOKC-26AUG30-B102.5,0.6517178348918182,0.41,no,price_out_of_range,2026-08-30 07:00:00+00:00,0.08000000000000002,2026-08-30
bounded,okc,skip,0.83,0.08192133432972581,KXHIGHTOKC-26AUG30,1.0,0.825,KXHIGHTOKC-26AUG30-B104.5,0.9119213343297258,0.82,no,price_out_of_range,2026-08-30 07:00:00+00:00,0.010000000000000009,2026-08-30
bounded,okc,skip,0.98,-0.12051218642807693,KXHIGHTOKC-26AUG30,1.0,0.975,KXHIGHTOKC-26AUG30-B98.5,0.859487813571923,0.97,no,price_out_of_range,2026-08-30 07:00:00+00:00,0.010000000000000009,2026-08-30
upper_tail,okc,skip,0.98,0.004712178224561714,KXHIGHTOKC-26AUG30,1.0,0.975,KXHIGHTOKC-26AUG30-T105,0.9847121782245617,0.97,no,price_out_of_range,2026-08-30 07:00:00+00:00,0.010000000000000009,2026-08-30
lower_tail,okc,skip,0.99,-0.01717431715975748,KXHIGHTOKC-26AUG30,1.0,0.985,KXHIGHTOKC-26AUG30-T98,0.9728256828402425,0.98,no,price_out_of_range,2026-08-30 07:00:00+00:00,0.010000000000000009,2026-08-30
bounded,aus,skip,0.41,0.2851821000260654,KXHIGHAUS-26AUG30,,0.4,KXHIGHAUS-26AUG30-B100.5,0.6951821000260654,0.39,no,price_out_of_range,2026-08-30 08:00:00+00:00,0.019999999999999962,2026-08-30
bounded,aus,skip,0.96,-0.028369871529990043,KXHIGHAUS-26AUG30,,0.95,KXHIGHAUS-26AUG30-B102.5,0.9316301284700099,0.94,no,price_out_of_range,2026-08-30 08:00:00+00:00,0.020000000000000018,2026-08-30
bounded,aus,skip,0.98,-0.15911630549736044,KXHIGHAUS-26AUG30,,0.975,KXHIGHAUS-26AUG30-B96.5,0.8208836945026395,0.97,no,price_out_of_range,2026-08-30 08:00:00+00:00,0.010000000000000009,2026-08-30
bounded,aus,skip,0.64,-0.04606067216461729,KXHIGHAUS-26AUG30,,0.635,KXHIGHAUS-26AUG30-B98.5,0.5939393278353827,0.63,no,ev_below_threshold,2026-08-30 08:00:00+00:00,0.010000000000000009,2026-08-30
upper_tail,aus,skip,1.0,-0.005963100366744523,KXHIGHAUS-26AUG30,,0.995,KXHIGHAUS-26AUG30-T103,0.9940368996332555,0.99,no,price_out_of_range,2026-08-30 08:00:00+00:00,0.010000000000000009,2026-08-30
lower_tail,aus,skip,1.0,-0.03567215046735306,KXHIGHAUS-26AUG30,,0.995,KXHIGHAUS-26AUG30-T96,0.9643278495326469,0.99,no,price_out_of_range,2026-08-30 08:00:00+00:00,0.010000000000000009,2026-08-30
bounded,den,skip,0.74,-0.04602744072977061,KXHIGHDEN-26AUG30,,0.735,KXHIGHDEN-26AUG30-B85.5,0.6939725592702294,0.73,no,price_out_of_range,2026-08-30 08:00:00+00:00,0.010000000000000009,2026-08-30
bounded,den,skip,0.6,-0.03616378254886676,KXHIGHDEN-26AUG30,,0.595,KXHIGHDEN-26AUG30-B87.5,0.5638362174511332,0.59,no,ev_below_threshold,2026-08-30 08:00:00+00:00,0.010000000000000009,2026-08-30
bounded,den,skip,0.83,-0.004038708738683949,KXHIGHDEN-26AUG30,,0.825,KXHIGHDEN-26AUG30-B89.5,0.825961291261316,0.82,no,price_out_of_range,2026-08-30 08:00:00+00:00,0.010000000000000009,2026-08-30
bounded,den,skip,0.98,-0.009054244469178241,KXHIGHDEN-26AUG30,,0.965,KXHIGHDEN-26AUG30-B91.5,0.9709457555308217,0.95,no,price_out_of_range,2026-08-30 08:00:00+00:00,0.030000000000000027,2026-08-30
lower_tail,den,skip,0.88,0.0662831774855005,KXHIGHDEN-26AUG30,,0.875,KXHIGHDEN-26AUG30-T85,0.9462831774855005,0.87,no,price_out_of_range,2026-08-30 08:00:00+00:00,0.010000000000000009,2026-08-30
upper_tail,den,skip,1.0,-0.0009990009990009652,KXHIGHDEN-26AUG30,,0.995,KXHIGHDEN-26AUG30-T92,0.999000999000999,0.99,no,price_out_of_range,2026-08-30 08:00:00+00:00,0.010000000000000009,2026-08-30
bounded,la,skip,1.0,-0.0009980039920159944,KXHIGHLAX-26AUG30,,0.995,KXHIGHLAX-26AUG30-B76.5,0.999001996007984,0.99,no,price_out_of_range,2026-08-30 08:00:00+00:00,0.010000000000000009,2026-08-30
bounded,la,skip,0.99,-0.02055651112533241,KXHIGHLAX-26AUG30,,0.985,KXHIGHLAX-26AUG30-B78.5,0.9694434888746676,0.98,no,price_out_of_range,2026-08-30 08:00:00+00:00,0.010000000000000009,2026-08-30
bounded,la,skip,0.92,-0.11099764424767,KXHIGHLAX-26AUG30,,0.915,KXHIGHLAX-26AUG30-B80.5,0.80900235575233,0.91,no,price_out_of_range,2026-08-30 08:00:00+00:00,0.010000000000000009,2026-08-30
bounded,la,skip,0.67,-0.1307278908063748,KXHIGHLAX-26AUG30,,0.665,KXHIGHLAX-26AUG30-B82.5,0.5392721091936252,0.66,no,price_out_of_range,2026-08-30 08:00:00+00:00,0.010000000000000009,2026-08-30
lower_tail,la,skip,1.0,-0.0009980039920159944,KXHIGHLAX-26AUG30,,0.995,KXHIGHLAX-26AUG30-T76,0.999001996007984,0.99,no,price_out_of_range,2026-08-30 08:00:00+00:00,0.010000000000000009,2026-08-30
upper_tail,la,skip,0.41,0.2742780541634093,KXHIGHLAX-26AUG30,,0.395,KXHIGHLAX-26AUG30-T83,0.6842780541634093,0.38,no,price_out_of_range,2026-08-30 08:00:00+00:00,0.02999999999999997,2026-08-30
bounded,mia,skip,0.93,-0.10153260163548494,KXHIGHMIA-26AUG30,,0.925,KXHIGHMIA-26AUG30-B87.5,0.8284673983645151,0.92,no,price_out_of_range,2026-08-30 08:00:00+00:00,0.010000000000000009,2026-08-30
bounded,mia,skip,0.66,-0.101210698810975,KXHIGHMIA-26AUG30,,0.655,KXHIGHMIA-26AUG30-B89.5,0.558789301189025,0.65,no,price_out_of_range,2026-08-30 08:00:00+00:00,0.010000000000000009,2026-08-30
bounded,mia,buy,0.53,0.16188611590169533,KXHIGHMIA-26AUG30,,0.525,KXHIGHMIA-26AUG30-B91.5,0.6918861159016954,0.52,no,,2026-08-30 08:00:00+00:00,0.010000000000000009,2026-08-30
bounded,mia,skip,0.94,0.00926625253499358,KXHIGHMIA-26AUG30,,0.935,KXHIGHMIA-26AUG30-B93.5,0.9492662525349935,0.93,no,price_out_of_range,2026-08-30 08:00:00+00:00,0.009999999999999898,2026-08-30
lower_tail,mia,skip,0.97,0.002589933008772083,KXHIGHMIA-26AUG30,,0.955,KXHIGHMIA-26AUG30-T87,0.9725899330087721,0.94,no,price_out_of_range,2026-08-30 08:00:00+00:00,0.030000000000000027,2026-08-30
upper_tail,mia,skip,0.99,0.009000999000999044,KXHIGHMIA-26AUG30,,0.985,KXHIGHMIA-26AUG30-T94,0.999000999000999,0.98,no,price_out_of_range,2026-08-30 08:00:00+00:00,0.010000000000000009,2026-08-30
bounded,nyc,skip,0.69,-0.10815158653809775,KXHIGHNY-26AUG30,3.0,0.675,KXHIGHNY-26AUG30-B82.5,0.5818484134619022,0.66,no,price_out_of_range,2026-08-30 08:00:00+00:00,0.029999999999999916,2026-08-30
bounded,nyc,skip,0.93,-0.17225640823402177,KXHIGHNY-26AUG30,3.0,0.92,KXHIGHNY-26AUG30-B84.5,0.7577435917659783,0.91,no,price_out_of_range,2026-08-30 08:00:00+00:00,0.020000000000000018,2026-08-30
bounded,nyc,skip,0.98,-0.027650653044347884,KXHIGHNY-26AUG30,3.0,0.975,KXHIGHNY-26AUG30-B86.5,0.9523493469556521,0.97,no,price_out_of_range,2026-08-30 08:00:00+00:00,0.010000000000000009,2026-08-30
bounded,nyc,skip,1.0,-0.0009980039920159944,KXHIGHNY-26AUG30,3.0,0.995,KXHIGHNY-26AUG30-B88.5,0.999001996007984,0.99,no,price_out_of_range,2026-08-30 08:00:00+00:00,0.010000000000000009,2026-08-30
lower_tail,nyc,skip,0.42,0.29005465580049944,KXHIGHNY-26AUG30,3.0,0.405,KXHIGHNY-26AUG30-T82,0.7100546558004994,0.39,no,price_out_of_range,2026-08-30 08:00:00+00:00,0.02999999999999997,2026-08-30
upper_tail,nyc,skip,1.0,-0.0009980039920159944,KXHIGHNY-26AUG30,3.0,0.995,KXHIGHNY-26AUG30-T89,0.999001996007984,0.99,no,price_out_of_range,2026-08-30 08:00:00+00:00,0.010000000000000009,2026-08-30
bounded,okc,skip,0.78,-0.13058040201761334,KXHIGHTOKC-26AUG30,2.0,0.765,KXHIGHTOKC-26AUG30-B100.5,0.6494195979823867,0.75,no,price_out_of_range,2026-08-30 08:00:00+00:00,0.030000000000000027,2026-08-30
bounded,okc,skip,0.43,0.22046106388162118,KXHIGHTOKC-26AUG30,2.0,0.42,KXHIGHTOKC-26AUG30-B102.5,0.6504610638816212,0.41,no,price_out_of_range,2026-08-30 08:00:00+00:00,0.020000000000000018,2026-08-30
bounded,okc,skip,0.83,0.04746132475065157,KXHIGHTOKC-26AUG30,2.0,0.825,KXHIGHTOKC-26AUG30-B104.5,0.8774613247506515,0.82,no,price_out_of_range,2026-08-30 08:00:00+00:00,0.010000000000000009,2026-08-30
bounded,okc,skip,0.98,-0.10422500034516546,KXHIGHTOKC-26AUG30,2.0,0.975,KXHIGHTOKC-26AUG30-B98.5,0.8757749996548345,0.97,no,price_out_of_range,2026-08-30 08:00:00+00:00,0.010000000000000009,2026-08-30
upper_tail,okc,skip,0.98,-0.006367351140291966,KXHIGHTOKC-26AUG30,2.0,0.975,KXHIGHTOKC-26AUG30-T105,0.973632648859708,0.97,no,price_out_of_range,2026-08-30 08:00:00+00:00,0.010000000000000009,2026-08-30
lower_tail,okc,skip,0.99,-0.016749635129201912,KXHIGHTOKC-26AUG30,2.0,0.985,KXHIGHTOKC-26AUG30-T98,0.9732503648707981,0.98,no,price_out_of_range,2026-08-30 08:00:00+00:00,0.010000000000000009,2026-08-30
bounded,aus,skip,0.41,0.2946523792190537,KXHIGHAUS-26AUG30,,0.405,KXHIGHAUS-26AUG30-B100.5,0.7046523792190537,0.4,no,price_out_of_range,2026-08-30 09:00:00+00:00,0.009999999999999953,2026-08-30
bounded,aus,skip,0.96,-0.025940018465009373,KXHIGHAUS-26AUG30,,0.955,KXHIGHAUS-26AUG30-B102.5,0.9340599815349906,0.95,no,price_out_of_range,2026-08-30 09:00:00+00:00,0.010000000000000009,2026-08-30
bounded,aus,skip,0.98,-0.16776178542427123,KXHIGHAUS-26AUG30,,0.975,KXHIGHAUS-26AUG30-B96.5,0.8122382145757288,0.97,no,price_out_of_range,2026-08-30 09:00:00+00:00,0.010000000000000009,2026-08-30
bounded,aus,skip,0.64,-0.04694488298441479,KXHIGHAUS-26AUG30,,0.635,KXHIGHAUS-26AUG30-B98.5,0.5930551170155852,0.63,no,ev_below_threshold,2026-08-30 09:00:00+00:00,0.010000000000000009,2026-08-30
upper_tail,aus,skip,1.0,-0.005646688806202893,KXHIGHAUS-26AUG30,,0.995,KXHIGHAUS-26AUG30-T103,0.9943533111937971,0.99,no,price_out_of_range,2026-08-30 09:00:00+00:00,0.010000000000000009,2026-08-30
lower_tail,aus,skip,1.0,-0.038359003539155334,KXHIGHAUS-26AUG30,,0.995,KXHIGHAUS-26AUG30-T96,0.9616409964608447,0.99,no,price_out_of_range,2026-08-30 09:00:00+00:00,0.010000000000000009,2026-08-30
bounded,den,skip,0.74,0.10148357267323416,KXHIGHDEN-26AUG30,,0.735,KXHIGHDEN-26AUG30-B85.5,0.8414835726732341,0.73,no,price_out_of_range,2026-08-30 09:00:00+00:00,0.010000000000000009,2026-08-30
bounded,den,buy,0.58,0.02450143709652519,KXHIGHDEN-26AUG30,,0.5549999999999999,KXHIGHDEN-26AUG30-B87.5,0.6045014370965252,0.53,no,,2026-08-30 09:00:00+00:00,0.04999999999999993,2026-08-30
bounded,den,skip,0.82,-0.14843334580751189,KXHIGHDEN-26AUG30,,0.815,KXHIGHDEN-26AUG30-B89.5,0.6715666541924881,0.81,no,price_out_of_range,2026-08-30 09:00:00+00:00,0.009999999999999898,2026-08-30
bounded,den,skip,0.98,-0.05706581270105848,KXHIGHDEN-26AUG30,,0.975,KXHIGHDEN-26AUG30-B91.5,0.9229341872989415,0.97,no,price_out_of_range,2026-08-30 09:00:00+00:00,0.010000000000000009,2026-08-30
lower_tail,den,skip,0.95,0.019350260821401233,KXHIGHDEN-26AUG30,,0.945,KXHIGHDEN-26AUG30-T85,0.9693502608214012,0.94,no,price_out_of_range,2026-08-30 09:00:00+00:00,0.010000000000000009,2026-08-30
upper_tail,den,skip,1.0,-0.009836112082590054,KXHIGHDEN-26AUG30,,0.995,KXHIGHDEN-26AUG30-T92,0.99016388791741,0.99,no,price_out_of_range,2026-08-30 09:00:00+00:00,0.010000000000000009,2026-08-30
bounded,la,skip,1.0,-0.0009980039920159944,KXHIGHLAX-26AUG30,,0.995,KXHIGHLAX-26AUG30-B76.5,0.999001996007984,0.99,no,price_out_of_range,2026-08-30 09:00:00+00:00,0.010000000000000009,2026-08-30
bounded,la,skip,0.99,-0.022775171785152093,KXHIGHLAX-26AUG30,,0.985,KXHIGHLAX-26AUG30-B78.5,0.9672248282148479,0.98,no,price_out_of_range,2026-08-30 09:00:00+00:00,0.010000000000000009,2026-08-30
bounded,la,skip,0.9,-0.08751487731565266,KXHIGHLAX-26AUG30,,0.895,KXHIGHLAX-26AUG30-B80.5,0.8124851226843474,0.89,no,price_out_of_range,2026-08-30 09:00:00+00:00,0.010000000000000009,2026-08-30
bounded,la,skip,0.71,-0.15014099114929425,KXHIGHLAX-26AUG30,,0.705,KXHIGHLAX-26AUG30-B82.5,0.5598590088507057,0.7,no,price_out_of_range,2026-08-30 09:00:00+00:00,0.010000000000000009,2026-08-30
lower_tail,la,skip,1.0,-0.0009980039920159944,KXHIGHLAX-26AUG30,,0.995,KXHIGHLAX-26AUG30-T76,0.999001996007984,0.99,no,price_out_of_range,2026-08-30 09:00:00+00:00,0.010000000000000009,2026-08-30
upper_tail,la,skip,0.38,0.282427048234131,KXHIGHLAX-26AUG30,,0.37,KXHIGHLAX-26AUG30-T83,0.662427048234131,0.36,no,price_out_of_range,2026-08-30 09:00:00+00:00,0.020000000000000018,2026-08-30
bounded,mia,skip,0.95,-0.048538141079928154,KXHIGHMIA-26AUG30,,0.945,KXHIGHMIA-26AUG30-B87.5,0.9014618589200718,0.94,no,price_out_of_range,2026-08-30 09:00:00+00:00,0.010000000000000009,2026-08-30
bounded,mia,skip,0.63,-0.026111667436093278,KXHIGHMIA-26AUG30,,0.625,KXHIGHMIA-26AUG30-B89.5,0.6038883325639067,0.62,no,ev_below_threshold,2026-08-30 09:00:00+00:00,0.010000000000000009,2026-08-30
bounded,mia,buy,0.54,0.0676110367010464,KXHIGHMIA-26AUG30,,0.535,KXHIGHMIA-26AUG30-B91.5,0.6076110367010464,0.53,no,,2026-08-30 09:00:00+00:00,0.010000000000000009,2026-08-30
bounded,mia,skip,0.92,-0.01251039747797722,KXHIGHMIA-26AUG30,,0.905,KXHIGHMIA-26AUG30-B93.5,0.9074896025220228,0.89,no,price_out_of_range,2026-08-30 09:00:00+00:00,0.030000000000000027,2026-08-30
lower_tail,mia,skip,0.96,0.029091350472354893,KXHIGHMIA-26AUG30,,0.94,KXHIGHMIA-26AUG30-T87,0.9890913504723549,0.92,no,price_out_of_range,2026-08-30 09:00:00+00:00,0.039999999999999925,2026-08-30
upper_tail,mia,skip,0.99,0.00045781882059725554,KXHIGHMIA-26AUG30,,0.985,KXHIGHMIA-26AUG30-T94,0.9904578188205972,0.98,no,price_out_of_range,2026-08-30 09:00:00+00:00,0.010000000000000009,2026-08-30
bounded,nyc,skip,0.7,-0.07600952959461171,KXHIGHNY-26AUG30,4.0,0.69,KXHIGHNY-26AUG30-B82.5,0.6239904704053882,0.68,no,price_out_of_range,2026-08-30 09:00:00+00:00,0.019999999999999907,2026-08-30
bounded,nyc,skip,0.94,-0.2787883964625478,KXHIGHNY-26AUG30,4.0,0.935,KXHIGHNY-26AUG30-B84.5,0.6612116035374521,0.93,no,price_out_of_range,2026-08-30 09:00:00+00:00,0.009999999999999898,2026-08-30
bounded,nyc,skip,0.98,-0.06827753379443835,KXHIGHNY-26AUG30,4.0,0.975,KXHIGHNY-26AUG30-B86.5,0.9117224662055616,0.97,no,price_out_of_range,2026-08-30 09:00:00+00:00,0.010000000000000009,2026-08-30
bounded,nyc,skip,1.0,-0.0168588105394486,KXHIGHNY-26AUG30,4.0,0.995,KXHIGHNY-26AUG30-B88.5,0.9831411894605514,0.99,no,price_out_of_range,2026-08-30 09:00:00+00:00,0.010000000000000009,2026-08-30
lower_tail,nyc,skip,0.38,0.44093327139004757,KXHIGHNY-26AUG30,4.0,0.375,KXHIGHNY-26AUG30-T82,0.8209332713900476,0.37,no,price_out_of_range,2026-08-30 09:00:00+00:00,0.010000000000000009,2026-08-30
upper_tail,nyc,skip,1.0,-0.0009990009990009652,KXHIGHNY-26AUG30,4.0,0.995,KXHIGHNY-26AUG30-T89,0.999000999000999,0.99,no,price_out_of_range,2026-08-30 09:00:00+00:00,0.010000000000000009,2026-08-30
bounded,okc,skip,0.76,-0.09960673620618576,KXHIGHTOKC-26AUG30,3.0,0.755,KXHIGHTOKC-26AUG30-B100.5,0.6603932637938142,0.75,no,price_out_of_range,2026-08-30 09:00:00+00:00,0.010000000000000009,2026-08-30
bounded,okc,skip,0.43,0.21980511914714168,KXHIGHTOKC-26AUG30,3.0,0.425,KXHIGHTOKC-26AUG30-B102.5,0.6498051191471417,0.42,no,price_out_of_range,2026-08-30 09:00:00+00:00,0.010000000000000009,2026-08-30
bounded,okc,skip,0.83,0.03479396351643427,KXHIGHTOKC-26AUG30,3.0,0.825,KXHIGHTOKC-26AUG30-B104.5,0.8647939635164342,0.82,no,price_out_of_range,2026-08-30 09:00:00+00:00,0.010000000000000009,2026-08-30
bounded,okc,skip,0.98,-0.09806188030048946,KXHIGHTOKC-26AUG30,3.0,0.975,KXHIGHTOKC-26AUG30-B98.5,0.8819381196995105,0.97,no,price_out_of_range,2026-08-30 09:00:00+00:00,0.010000000000000009,2026-08-30
upper_tail,okc,skip,0.98,-0.010408493137978758,KXHIGHTOKC-26AUG30,3.0,0.975,KXHIGHTOKC-26AUG30-T105,0.9695915068620212,0.97,no,price_out_of_range,2026-08-30 09:00:00+00:00,0.010000000000000009,2026-08-30
lower_tail,okc,skip,0.99,-0.016521973018921887,KXHIGHTOKC-26AUG30,3.0,0.985,KXHIGHTOKC-26AUG30-T98,0.9734780269810781,0.98,no,price_out_of_range,2026-08-30 09:00:00+00:00,0.010000000000000009,2026-08-30
bounded,aus,skip,0.38,0.3224484246116991,KXHIGHAUS-26AUG30,,0.375,KXHIGHAUS-26AUG30-B100.5,0.7024484246116991,0.37,no,price_out_of_range,2026-08-30 10:00:00+00:00,0.010000000000000009,2026-08-30
bounded,aus,skip,0.97,-0.03737464989712591,KXHIGHAUS-26AUG30,,0.965,KXHIGHAUS-26AUG30-B102.5,0.9326253501028741,0.96,no,price_out_of_range,2026-08-30 10:00:00+00:00,0.010000000000000009,2026-08-30
bounded,aus,skip,0.99,-0.17606583214282,KXHIGHAUS-26AUG30,,0.985,KXHIGHAUS-26AUG30-B96.5,0.81393416785718,0.98,no,price_out_of_range,2026-08-30 10:00:00+00:00,0.010000000000000009,2026-08-30
bounded,aus,skip,0.64,-0.04398435106054921,KXHIGHAUS-26AUG30,,0.635,KXHIGHAUS-26AUG30-B98.5,0.5960156489394508,0.63,no,ev_below_threshold,2026-08-30 10:00:00+00:00,0.010000000000000009,2026-08-30
upper_tail,aus,skip,1.0,-0.006736891302106085,KXHIGHAUS-26AUG30,,0.995,KXHIGHAUS-26AUG30-T103,0.9932631086978939,0.99,no,price_out_of_range,2026-08-30 10:00:00+00:00,0.010000000000000009,2026-08-30
lower_tail,aus,skip,1.0,-0.038286700209097746,KXHIGHAUS-26AUG30,,0.995,KXHIGHAUS-26AUG30-T96,0.9617132997909023,0.99,no,price_out_of_range,2026-08-30 10:00:00+00:00,0.010000000000000009,2026-08-30
bounded,den,skip,0.73,0.12889993908952802,KXHIGHDEN-26AUG30,,0.715,KXHIGHDEN-26AUG30-B85.5,0.858899939089528,0.7,no,price_out_of_range,2026-08-30 10:00:00+00:00,0.030000000000000027,2026-08-30
bounded,den,buy,0.53,0.10041834572944797,KXHIGHDEN-26AUG30,,0.515,KXHIGHDEN-26AUG30-B87.5,0.630418345729448,0.5,no,,2026-08-30 10:00:00+00:00,0.030000000000000027,2026-08-30
bounded,den,skip,0.91,-0.2528879630741615,KXHIGHDEN-26AUG30,,0.9,KXHIGHDEN-26AUG30-B89.5,0.6571120369258385,0.89,no,price_out_of_range,2026-08-30 10:00:00+00:00,0.020000000000000018,2026-08-30
bounded,den,skip,0.99,-0.08787805873301247,KXHIGHDEN-26AUG30,,0.98,KXHIGHDEN-26AUG30-B91.5,0.9021219412669875,0.97,no,price_out_of_range,2026-08-30 10:00:00+00:00,0.020000000000000018,2026-08-30
lower_tail,den,skip,0.96,0.010824730290539208,KXHIGHDEN-26AUG30,,0.955,KXHIGHDEN-26AUG30-T85,0.9708247302905392,0.95,no,price_out_of_range,2026-08-30 10:00:00+00:00,0.010000000000000009,2026-08-30
upper_tail,den,skip,1.0,-0.019376993302341106,KXHIGHDEN-26AUG30,,0.995,KXHIGHDEN-26AUG30-T92,0.9806230066976589,0.99,no,price_out_of_range,2026-08-30 10:00:00+00:00,0.010000000000000009,2026-08-30
bounded,la,skip,1.0,-0.0009980039920159944,KXHIGHLAX-26AUG30,,0.995,KXHIGHLAX-26AUG30-B76.5,0.999001996007984,0.99,no,price_out_of_range,2026-08-30 10:00:00+00:00,0.010000000000000009,2026-08-30
bounded,la,skip,0.99,-0.023815131972777515,KXHIGHLAX-26AUG30,,0.985,KXHIGHLAX-26AUG30-B78.5,0.9661848680272225,0.98,no,price_out_of_range,2026-08-30 10:00:00+00:00,0.010000000000000009,2026-08-30
bounded,la,skip,0.92,-0.10598244113856936,KXHIGHLAX-26AUG30,,0.915,KXHIGHLAX-26AUG30-B80.5,0.8140175588614307,0.91,no,price_out_of_range,2026-08-30 10:00:00+00:00,0.010000000000000009,2026-08-30
bounded,la,skip,0.66,-0.09069202346796124,KXHIGHLAX-26AUG30,,0.65,KXHIGHLAX-26AUG30-B82.5,0.5693079765320388,0.64,no,price_out_of_range,2026-08-30 10:00:00+00:00,0.020000000000000018,2026-08-30
lower_tail,la,skip,1.0,-0.0009980039920159944,KXHIGHLAX-26AUG30,,0.995,KXHIGHLAX-26AUG30-T76,0.999001996007984,0.99,no,price_out_of_range,2026-08-30 10:00:00+00:00,0.010000000000000009,2026-08-30
upper_tail,la,skip,0.43,0.22248560456333982,KXHIGHLAX-26AUG30,,0.42,KXHIGHLAX-26AUG30-T83,0.6524856045633398,0.41,no,price_out_of_range,2026-08-30 10:00:00+00:00,0.020000000000000018,2026-08-30
bounded,mia,skip,0.94,-0.06942441179038128,KXHIGHMIA-26AUG30,,0.935,KXHIGHMIA-26AUG30-B87.5,0.8705755882096187,0.93,no,price_out_of_range,2026-08-30 10:00:00+00:00,0.009999999999999898,2026-08-30
bounded,mia,skip,0.62,-0.03490102790543337,KXHIGHMIA-26AUG30,,0.6,KXHIGHMIA-26AUG30-B89.5,0.5850989720945666,0.58,no,ev_below_threshold,2026-08-30 10:00:00+00:00,0.040000000000000036,2026-08-30
bounded,mia,buy,0.56,0.08247890440141492,KXHIGHMIA-26AUG30,,0.55,KXHIGHMIA-26AUG30-B91.5,0.642478904401415,0.54,no,,2026-08-30 10:00:00+00:00,0.020000000000000018,2026-08-30
bounded,mia,skip,0.97,-0.047550546603587374,KXHIGHMIA-26AUG30,,0.96,KXHIGHMIA-26AUG30-B93.5,0.9224494533964126,0.95,no,price_out_of_range,2026-08-30 10:00:00+00:00,0.020000000000000018,2026-08-30
lower_tail,mia,skip,0.94,0.04204289988536236,KXHIGHMIA-26AUG30,,0.9299999999999999,KXHIGHMIA-26AUG30-T87,0.9820428998853623,0.92,no,price_out_of_range,2026-08-30 10:00:00+00:00,0.019999999999999907,2026-08-30
upper_tail,mia,skip,0.99,0.0073541820126247215,KXHIGHMIA-26AUG30,,0.985,KXHIGHMIA-26AUG30-T94,0.9973541820126247,0.98,no,price_out_of_range,2026-08-30 10:00:00+00:00,0.010000000000000009,2026-08-30
bounded,nyc,skip,0.71,-0.11986388087606614,KXHIGHNY-26AUG30,5.0,0.685,KXHIGHNY-26AUG30-B82.5,0.5901361191239338,0.66,no,price_out_of_range,2026-08-30 10:00:00+00:00,0.04999999999999993,2026-08-30
bounded,nyc,skip,0.94,-0.19707179136876407,KXHIGHNY-26AUG30,5.0,0.935,KXHIGHNY-26AUG30-B84.5,0.7429282086312359,0.93,no,price_out_of_range,2026-08-30 10:00:00+00:00,0.009999999999999898,2026-08-30
bounded,nyc,skip,1.0,-0.05322805178447165,KXHIGHNY-26AUG30,5.0,0.995,KXHIGHNY-26AUG30-B86.5,0.9467719482155283,0.99,no,price_out_of_range,2026-08-30 10:00:00+00:00,0.010000000000000009,2026-08-30
bounded,nyc,skip,1.0,-0.0009989807893695524,KXHIGHNY-26AUG30,5.0,0.995,KXHIGHNY-26AUG30-B88.5,0.9990010192106304,0.99,no,price_out_of_range,2026-08-30 10:00:00+00:00,0.010000000000000009,2026-08-30
lower_tail,nyc,skip,0.36,0.36216168560804096,KXHIGHNY-26AUG30,5.0,0.35,KXHIGHNY-26AUG30-T82,0.722161685608041,0.34,no,price_out_of_range,2026-08-30 10:00:00+00:00,0.019999999999999962,2026-08-30
upper_tail,nyc,skip,1.0,-0.0009989807893695524,KXHIGHNY-26AUG30,5.0,0.995,KXHIGHNY-26AUG30-T89,0.9990010192106304,0.99,no,price_out_of_range,2026-08-30 10:00:00+00:00,0.010000000000000009,2026-08-30
bounded,okc,skip,0.76,-0.09274290725644818,KXHIGHTOKC-26AUG30,4.0,0.755,KXHIGHTOKC-26AUG30-B100.5,0.6672570927435518,0.75,no,price_out_of_range,2026-08-30 10:00:00+00:00,0.010000000000000009,2026-08-30
bounded,okc,skip,0.47,0.1770288831111001,KXHIGHTOKC-26AUG30,4.0,0.43999999999999995,KXHIGHTOKC-26AUG30-B102.5,0.6470288831111001,0.41,no,price_out_of_range,2026-08-30 10:00:00+00:00,0.06,2026-08-30
bounded,okc,skip,0.83,0.025701043866515283,KXHIGHTOKC-26AUG30,4.0,0.825,KXHIGHTOKC-26AUG30-B104.5,0.8557010438665152,0.82,no,price_out_of_range,2026-08-30 10:00:00+00:00,0.010000000000000009,2026-08-30
bounded,okc,skip,0.98,-0.09154575934449327,KXHIGHTOKC-26AUG30,4.0,0.975,KXHIGHTOKC-26AUG30-B98.5,0.8884542406555067,0.97,no,price_out_of_range,2026-08-30 10:00:00+00:00,0.010000000000000009,2026-08-30
upper_tail,okc,skip,0.98,-0.012933147646895238,KXHIGHTOKC-26AUG30,4.0,0.975,KXHIGHTOKC-26AUG30-T105,0.9670668523531047,0.97,no,price_out_of_range,2026-08-30 10:00:00+00:00,0.010000000000000009,2026-08-30
lower_tail,okc,skip,0.99,-0.01550811272977859,KXHIGHTOKC-26AUG30,4.0,0.985,KXHIGHTOKC-26AUG30-T98,0.9744918872702214,0.98,no,price_out_of_range,2026-08-30 10:00:00+00:00,0.010000000000000009,2026-08-30
bounded,aus,skip,0.43,0.2713683587759516,KXHIGHAUS-26AUG30,,0.41500000000000004,KXHIGHAUS-26AUG30-B100.5,0.7013683587759516,0.4,no,price_out_of_range,2026-08-30 11:00:00+00:00,0.02999999999999997,2026-08-30
bounded,aus,skip,0.96,-0.02806440706257385,KXHIGHAUS-26AUG30,,0.955,KXHIGHAUS-26AUG30-B102.5,0.9319355929374261,0.95,no,price_out_of_range,2026-08-30 11:00:00+00:00,0.010000000000000009,2026-08-30
bounded,aus,skip,1.0,-0.1852298817503374,KXHIGHAUS-26AUG30,,0.99,KXHIGHAUS-26AUG30-B96.5,0.8147701182496626,0.98,no,price_out_of_range,2026-08-30 11:00:00+00:00,0.020000000000000018,2026-08-30
bounded,aus,skip,0.61,-0.012575658658589561,KXHIGHAUS-26AUG30,,0.6,KXHIGHAUS-26AUG30-B98.5,0.5974243413414104,0.59,no,ev_below_threshold,2026-08-30 11:00:00+00:00,0.020000000000000018,2026-08-30
upper_tail,aus,skip,1.0,-0.0072556031753991945,KXHIGHAUS-26AUG30,,0.995,KXHIGHAUS-26AUG30-T103,0.9927443968246008,0.99,no,price_out_of_range,2026-08-30 11:00:00+00:00,0.010000000000000009,2026-08-30
lower_tail,aus,skip,1.0,-0.038242808129051564,KXHIGHAUS-26AUG30,,0.995,KXHIGHAUS-26AUG30-T96,0.9617571918709484,0.99,no,price_out_of_range,2026-08-30 11:00:00+00:00,0.010000000000000009,2026-08-30
bounded,den,skip,0.74,0.11912191652003923,KXHIGHDEN-26AUG30,,0.73,KXHIGHDEN-26AUG30-B85.5,0.8591219165200392,0.72,no,price_out_of_range,2026-08-30 11:00:00+00:00,0.020000000000000018,2026-08-30
bounded,den,buy,0.53,0.10687183871282158,KXHIGHDEN-26AUG30,,0.525,KXHIGHDEN-26AUG30-B87.5,0.6368718387128216,0.52,no,,2026-08-30 11:00:00+00:00,0.010000000000000009,2026-08-30
bounded,den,skip,0.91,-0.2502487192820604,KXHIGHDEN-26AUG30,,0.865,KXHIGHDEN-26AUG30-B89.5,0.6597512807179396,0.82,no,price_out_of_range,2026-08-30 11:00:00+00:00,0.09000000000000008,2026-08-30
bounded,den,skip,0.99,-0.09383205320678645,KXHIGHDEN-26AUG30,,0.98,KXHIGHDEN-26AUG30-B91.5,0.8961679467932135,0.97,no,price_out_of_range,2026-08-30 11:00:00+00:00,0.020000000000000018,2026-08-30
lower_tail,den,skip,0.96,0.009844406016865204,KXHIGHDEN-26AUG30,,0.955,KXHIGHDEN-26AUG30-T85,0.9698444060168652,0.95,no,price_out_of_range,2026-08-30 11:00:00+00:00,0.010000000000000009,2026-08-30
upper_tail,den,skip,1.0,-0.02175738876087907,KXHIGHDEN-26AUG30,,0.995,KXHIGHDEN-26AUG30-T92,0.9782426112391209,0.99,no,price_out_of_range,2026-08-30 11:00:00+00:00,0.010000000000000009,2026-08-30
bounded,la,skip,1.0,-0.0009980039920159944,KXHIGHLAX-26AUG30,,0.995,KXHIGHLAX-26AUG30-B76.5,0.999001996007984,0.99,no,price_out_of_range,2026-08-30 11:00:00+00:00,0.010000000000000009,2026-08-30
bounded,la,skip,0.99,-0.023506633133194788,KXHIGHLAX-26AUG30,,0.985,KXHIGHLAX-26AUG30-B78.5,0.9664933668668052,0.98,no,price_out_of_range,2026-08-30 11:00:00+00:00,0.010000000000000009,2026-08-30
bounded,la,skip,0.92,-0.10309221404191238,KXHIGHLAX-26AUG30,,0.91,KXHIGHLAX-26AUG30-B80.5,0.8169077859580877,0.9,no,price_out_of_range,2026-08-30 11:00:00+00:00,0.020000000000000018,2026-08-30
bounded,la,skip,0.68,-0.10678221934426213,KXHIGHLAX-26AUG30,,0.67,KXHIGHLAX-26AUG30-B82.5,0.5732177806557379,0.66,no,price_out_of_range,2026-08-30 11:00:00+00:00,0.020000000000000018,2026-08-30
lower_tail,la,skip,1.0,-0.0009980039920159944,KXHIGHLAX-26AUG30,,0.995,KXHIGHLAX-26AUG30-T76,0.999001996007984,0.99,no,price_out_of_range,2026-08-30 11:00:00+00:00,0.010000000000000009,2026-08-30
upper_tail,la,skip,0.42,0.2253770745034011,KXHIGHLAX-26AUG30,,0.405,KXHIGHLAX-26AUG30-T83,0.6453770745034011,0.39,no,price_out_of_range,2026-08-30 11:00:00+00:00,0.02999999999999997,2026-08-30
bounded,mia,skip,0.98,-0.07037098188528113,KXHIGHMIA-26AUG30,,0.97,KXHIGHMIA-26AUG30-B87.5,0.9096290181147189,0.96,no,price_out_of_range,2026-08-30 11:00:00+00:00,0.020000000000000018,2026-08-30
bounded,mia,skip,0.66,-0.04994203197534708,KXHIGHMIA-26AUG30,,0.645,KXHIGHMIA-26AUG30-B89.5,0.610057968024653,0.63,no,price_out_of_range,2026-08-30 11:00:00+00:00,0.030000000000000027,2026-08-30
bounded,mia,buy,0.53,0.07239498738326244,KXHIGHMIA-26AUG30,,0.525,KXHIGHMIA-26AUG30-B91.5,0.6023949873832625,0.52,no,,2026-08-30 11:00:00+00:00,0.010000000000000009,2026-08-30
bounded,mia,skip,0.96,-0.06146419653839408,KXHIGHMIA-26AUG30,,0.9450000000000001,KXHIGHMIA-26AUG30-B93.5,0.8985358034616059,0.93,no,price_out_of_range,2026-08-30 11:00:00+00:00,0.029999999999999916,2026-08-30
lower_tail,mia,skip,0.97,0.021005397163739614,KXHIGHMIA-26AUG30,,0.96,KXHIGHMIA-26AUG30-T87,0.9910053971637396,0.95,no,price_out_of_range,2026-08-30 11:00:00+00:00,0.020000000000000018,2026-08-30
upper_tail,mia,skip,0.99,-0.0016231741479797446,KXHIGHMIA-26AUG30,,0.985,KXHIGHMIA-26AUG30-T94,0.9883768258520202,0.98,no,price_out_of_range,2026-08-30 11:00:00+00:00,0.010000000000000009,2026-08-30
bounded,nyc,skip,0.72,-0.12962621144187436,KXHIGHNY-26AUG30,6.0,0.71,KXHIGHNY-26AUG30-B82.5,0.5903737885581256,0.7,no,price_out_of_range,2026-08-30 11:00:00+00:00,0.020000000000000018,2026-08-30
bounded,nyc,skip,0.94,-0.19047922670926276,KXHIGHNY-26AUG30,6.0,0.935,KXHIGHNY-26AUG30-B84.5,0.7495207732907372,0.93,no,price_out_of_range,2026-08-30 11:00:00+00:00,0.009999999999999898,2026-08-30
bounded,nyc,skip,1.0,-0.05031164853010761,KXHIGHNY-26AUG30,6.0,0.995,KXHIGHNY-26AUG30-B86.5,0.9496883514698924,0.99,no,price_out_of_range,2026-08-30 11:00:00+00:00,0.010000000000000009,2026-08-30
bounded,nyc,skip,1.0,-0.0009980039920159944,KXHIGHNY-26AUG30,6.0,0.995,KXHIGHNY-26AUG30-B88.5,0.999001996007984,0.99,no,price_out_of_range,2026-08-30 11:00:00+00:00,0.010000000000000009,2026-08-30
lower_tail,nyc,skip,0.35,0.3624130946652768,KXHIGHNY-26AUG30,6.0,0.33999999999999997,KXHIGHNY-26AUG30-T82,0.7124130946652768,0.33,no,price_out_of_range,2026-08-30 11:00:00+00:00,0.019999999999999962,2026-08-30
upper_tail,nyc,skip,1.0,-0.0009980039920159944,KXHIGHNY-26AUG30,6.0,0.995,KXHIGHNY-26AUG30-T89,0.999001996007984,0.99,no,price_out_of_range,2026-08-30 11:00:00+00:00,0.010000000000000009,2026-08-30
bounded,okc,skip,0.76,-0.10104510507262898,KXHIGHTOKC-26AUG30,5.0,0.755,KXHIGHTOKC-26AUG30-B100.5,0.658954894927371,0.75,no,price_out_of_range,2026-08-30 11:00:00+00:00,0.010000000000000009,2026-08-30
bounded,okc,skip,0.42,0.23681399310921342,KXHIGHTOKC-26AUG30,5.0,0.415,KXHIGHTOKC-26AUG30-B102.5,0.6568139931092134,0.41,no,price_out_of_range,2026-08-30 11:00:00+00:00,0.010000000000000009,2026-08-30
bounded,okc,skip,0.83,0.0398769747822576,KXHIGHTOKC-26AUG30,5.0,0.825,KXHIGHTOKC-26AUG30-B104.5,0.8698769747822576,0.82,no,price_out_of_range,2026-08-30 11:00:00+00:00,0.010000000000000009,2026-08-30
bounded,okc,skip,0.98,-0.10665651088799533,KXHIGHTOKC-26AUG30,5.0,0.975,KXHIGHTOKC-26AUG30-B98.5,0.8733434891120047,0.97,no,price_out_of_range,2026-08-30 11:00:00+00:00,0.010000000000000009,2026-08-30
upper_tail,okc,skip,0.98,-0.009887599289898796,KXHIGHTOKC-26AUG30,5.0,0.975,KXHIGHTOKC-26AUG30-T105,0.9701124007101012,0.97,no,price_out_of_range,2026-08-30 11:00:00+00:00,0.010000000000000009,2026-08-30
lower_tail,okc,skip,0.99,-0.019101752640947822,KXHIGHTOKC-26AUG30,5.0,0.985,KXHIGHTOKC-26AUG30-T98,0.9708982473590522,0.98,no,price_out_of_range,2026-08-30 11:00:00+00:00,0.010000000000000009,2026-08-30
bounded,aus,skip,0.39,0.3108208319449687,KXHIGHAUS-26AUG30,,0.385,KXHIGHAUS-26AUG30-B100.5,0.7008208319449687,0.38,no,price_out_of_range,2026-08-30 12:00:00+00:00,0.010000000000000009,2026-08-30
bounded,aus,skip,0.97,-0.0384178845165869,KXHIGHAUS-26AUG30,,0.965,KXHIGHAUS-26AUG30-B102.5,0.9315821154834131,0.96,no,price_out_of_range,2026-08-30 12:00:00+00:00,0.010000000000000009,2026-08-30
bounded,aus,skip,1.0,-0.18480749296803356,KXHIGHAUS-26AUG30,,0.995,KXHIGHAUS-26AUG30-B96.5,0.8151925070319664,0.99,no,price_out_of_range,2026-08-30 12:00:00+00:00,0.010000000000000009,2026-08-30
bounded,aus,skip,0.63,-0.031849452920932,KXHIGHAUS-26AUG30,,0.615,KXHIGHAUS-26AUG30-B98.5,0.598150547079068,0.6,no,ev_below_threshold,2026-08-30 12:00:00+00:00,0.030000000000000027,2026-08-30
upper_tail,aus,skip,1.0,-0.007523017948538269,KXHIGHAUS-26AUG30,,0.995,KXHIGHAUS-26AUG30-T103,0.9924769820514617,0.99,no,price_out_of_range,2026-08-30 12:00:00+00:00,0.010000000000000009,2026-08-30
lower_tail,aus,skip,1.0,-0.038222983590877946,KXHIGHAUS-26AUG30,,0.995,KXHIGHAUS-26AUG30-T96,0.961777016409122,0.99,no,price_out_of_range,2026-08-30 12:00:00+00:00,0.010000000000000009,2026-08-30
bounded,den,skip,0.74,0.10056643604170268,KXHIGHDEN-26AUG30,,0.735,KXHIGHDEN-26AUG30-B85.5,0.8405664360417027,0.73,no,price_out_of_range,2026-08-30 12:00:00+00:00,0.010000000000000009,2026-08-30
bounded,den,buy,0.54,0.08788029393142716,KXHIGHDEN-26AUG30,,0.53,KXHIGHDEN-26AUG30-B87.5,0.6278802939314272,0.52,no,,2026-08-30 12:00:00+00:00,0.020000000000000018,2026-08-30
bounded,den,skip,0.85,-0.177704053691619,KXHIGHDEN-26AUG30,,0.8300000000000001,KXHIGHDEN-26AUG30-B89.5,0.672295946308381,0.81,no,price_out_of_range,2026-08-30 12:00:00+00:00,0.039999999999999925,2026-08-30
bounded,den,skip,0.99,-0.07751644280685777,KXHIGHDEN-26AUG30,,0.98,KXHIGHDEN-26AUG30-B91.5,0.9124835571931422,0.97,no,price_out_of_range,2026-08-30 12:00:00+00:00,0.020000000000000018,2026-08-30
lower_tail,den,skip,0.93,0.035235203609415566,KXHIGHDEN-26AUG30,,0.92,KXHIGHDEN-26AUG30-T85,0.9652352036094156,0.91,no,price_out_of_range,2026-08-30 12:00:00+00:00,0.020000000000000018,2026-08-30
upper_tail,den,skip,1.0,-0.018461437084068666,KXHIGHDEN-26AUG30,,0.995,KXHIGHDEN-26AUG30-T92,0.9815385629159313,0.99,no,price_out_of_range,2026-08-30 12:00:00+00:00,0.010000000000000009,2026-08-30
bounded,la,skip,1.0,-0.0009980039920159944,KXHIGHLAX-26AUG30,,0.995,KXHIGHLAX-26AUG30-B76.5,0.999001996007984,0.99,no,price_out_of_range,2026-08-30 12:00:00+00:00,0.010000000000000009,2026-08-30
bounded,la,skip,0.99,-0.02681136601917744,KXHIGHLAX-26AUG30,,0.985,KXHIGHLAX-26AUG30-B78.5,0.9631886339808226,0.98,no,price_out_of_range,2026-08-30 12:00:00+00:00,0.010000000000000009,2026-08-30
bounded,la,skip,0.93,-0.12948230105715697,KXHIGHLAX-26AUG30,,0.925,KXHIGHLAX-26AUG30-B80.5,0.8005176989428431,0.92,no,price_out_of_range,2026-08-30 12:00:00+00:00,0.010000000000000009,2026-08-30
bounded,la,skip,0.68,-0.11942253743761577,KXHIGHLAX-26AUG30,,0.665,KXHIGHLAX-26AUG30-B82.5,0.5605774625623843,0.65,no,price_out_of_range,2026-08-30 12:00:00+00:00,0.030000000000000027,2026-08-30
lower_tail,la,skip,1.0,-0.0009980039920159944,KXHIGHLAX-26AUG30,,0.995,KXHIGHLAX-26AUG30-T76,0.999001996007984,0.99,no,price_out_of_range,2026-08-30 12:00:00+00:00,0.010000000000000009,2026-08-30
upper_tail,la,skip,0.4,0.27771221249798195,KXHIGHLAX-26AUG30,,0.39,KXHIGHLAX-26AUG30-T83,0.677712212497982,0.38,no,price_out_of_range,2026-08-30 12:00:00+00:00,0.020000000000000018,2026-08-30
bounded,mia,skip,0.95,-0.02796650225284203,KXHIGHMIA-26AUG30,,0.935,KXHIGHMIA-26AUG30-B87.5,0.9220334977471579,0.92,no,price_out_of_range,2026-08-30 12:00:00+00:00,0.029999999999999916,2026-08-30
bounded,mia,skip,0.66,-0.01960846517619652,KXHIGHMIA-26AUG30,,0.655,KXHIGHMIA-26AUG30-B89.5,0.6403915348238035,0.65,no,price_out_of_range,2026-08-30 12:00:00+00:00,0.010000000000000009,2026-08-30
bounded,mia,buy,0.5,0.08491474562536216,KXHIGHMIA-26AUG30,,0.485,KXHIGHMIA-26AUG30-B91.5,0.5849147456253622,0.47,no,,2026-08-30 12:00:00+00:00,0.030000000000000027,2026-08-30
bounded,mia,skip,0.95,-0.07747534249163623,KXHIGHMIA-26AUG30,,0.94,KXHIGHMIA-26AUG30-B93.5,0.8725246575083637,0.93,no,price_out_of_range,2026-08-30 12:00:00+00:00,0.019999999999999907,2026-08-30
lower_tail,mia,skip,0.99,0.007424343788981935,KXHIGHMIA-26AUG30,,0.985,KXHIGHMIA-26AUG30-T87,0.9974243437889819,0.98,no,price_out_of_range,2026-08-30 12:00:00+00:00,0.010000000000000009,2026-08-30
upper_tail,mia,skip,0.99,-0.00728877949366924,KXHIGHMIA-26AUG30,,0.985,KXHIGHMIA-26AUG30-T94,0.9827112205063308,0.98,no,price_out_of_range,2026-08-30 12:00:00+00:00,0.010000000000000009,2026-08-30
bounded,nyc,skip,0.79,-0.20213529882561376,KXHIGHNY-26AUG30,7.0,0.785,KXHIGHNY-26AUG30-B82.5,0.5878647011743863,0.78,no,price_out_of_range,2026-08-30 12:00:00+00:00,0.010000000000000009,2026-08-30
bounded,nyc,skip,0.96,-0.20766902583312363,KXHIGHNY-26AUG30,7.0,0.95,KXHIGHNY-26AUG30-B84.5,0.7523309741668763,0.94,no,price_out_of_range,2026-08-30 12:00:00+00:00,0.020000000000000018,2026-08-30
bounded,nyc,skip,1.0,-0.04925234742610751,KXHIGHNY-26AUG30,7.0,0.995,KXHIGHNY-26AUG30-B86.5,0.9507476525738925,0.99,no,price_out_of_range,2026-08-30 12:00:00+00:00,0.010000000000000009,2026-08-30
bounded,nyc,skip,1.0,-0.0009980039920159944,KXHIGHNY-26AUG30,7.0,0.995,KXHIGHNY-26AUG30-B88.5,0.999001996007984,0.99,no,price_out_of_range,2026-08-30 12:00:00+00:00,0.010000000000000009,2026-08-30
lower_tail,nyc,skip,0.31,0.4010526800688768,KXHIGHNY-26AUG30,7.0,0.305,KXHIGHNY-26AUG30-T82,0.7110526800688768,0.3,no,price_out_of_range,2026-08-30 12:00:00+00:00,0.010000000000000009,2026-08-30
upper_tail,nyc,skip,1.0,-0.0009980039920159944,KXHIGHNY-26AUG30,7.0,0.995,KXHIGHNY-26AUG30-T89,0.999001996007984,0.99,no,price_out_of_range,2026-08-30 12:00:00+00:00,0.010000000000000009,2026-08-30
bounded,okc,skip,0.8,-0.1401234904977613,KXHIGHTOKC-26AUG30,6.0,0.795,KXHIGHTOKC-26AUG30-B100.5,0.6598765095022388,0.79,no,price_out_of_range,2026-08-30 12:00:00+00:00,0.010000000000000009,2026-08-30
bounded,okc,skip,0.35,0.30628926099858844,KXHIGHTOKC-26AUG30,6.0,0.345,KXHIGHTOKC-26AUG30-B102.5,0.6562892609985884,0.34,no,price_out_of_range,2026-08-30 12:00:00+00:00,0.009999999999999953,2026-08-30
bounded,okc,skip,0.83,0.03858092756711384,KXHIGHTOKC-26AUG30,6.0,0.825,KXHIGHTOKC-26AUG30-B104.5,0.8685809275671138,0.82,no,price_out_of_range,2026-08-30 12:00:00+00:00,0.010000000000000009,2026-08-30
bounded,okc,skip,0.99,-0.11561065644818269,KXHIGHTOKC-26AUG30,6.0,0.985,KXHIGHTOKC-26AUG30-B98.5,0.8743893435518173,0.98,no,price_out_of_range,2026-08-30 12:00:00+00:00,0.010000000000000009,2026-08-30
upper_tail,okc,skip,1.0,-0.030226394582940297,KXHIGHTOKC-26AUG30,6.0,0.995,KXHIGHTOKC-26AUG30-T105,0.9697736054170597,0.99,no,price_out_of_range,2026-08-30 12:00:00+00:00,0.010000000000000009,2026-08-30
lower_tail,okc,skip,1.0,-0.028909647036817976,KXHIGHTOKC-26AUG30,6.0,0.995,KXHIGHTOKC-26AUG30-T98,0.971090352963182,0.99,no,price_out_of_range,2026-08-30 12:00:00+00:00,0.010000000000000009,2026-08-30
bounded,aus,skip,0.44,0.2604688882583061,KXHIGHAUS-26AUG30,,0.43,KXHIGHAUS-26AUG30-B100.5,0.7004688882583061,0.42,no,price_out_of_range,2026-08-30 13:00:00+00:00,0.020000000000000018,2026-08-30
bounded,aus,skip,0.97,-0.038677828616826115,KXHIGHAUS-26AUG30,,0.96,KXHIGHAUS-26AUG30-B102.5,0.9313221713831739,0.95,no,price_out_of_range,2026-08-30 13:00:00+00:00,0.020000000000000018,2026-08-30
bounded,aus,skip,0.99,-0.17454788934474508,KXHIGHAUS-26AUG30,,0.98,KXHIGHAUS-26AUG30-B96.5,0.8154521106552549,0.97,no,price_out_of_range,2026-08-30 13:00:00+00:00,0.020000000000000018,2026-08-30
bounded,aus,skip,0.63,-0.03127890958654922,KXHIGHAUS-26AUG30,,0.605,KXHIGHAUS-26AUG30-B98.5,0.5987210904134508,0.58,no,ev_below_threshold,2026-08-30 13:00:00+00:00,0.050000000000000044,2026-08-30
upper_tail,aus,skip,1.0,-0.007733193910882008,KXHIGHAUS-26AUG30,,0.995,KXHIGHAUS-26AUG30-T103,0.992266806089118,0.99,no,price_out_of_range,2026-08-30 13:00:00+00:00,0.010000000000000009,2026-08-30
lower_tail,aus,skip,1.0,-0.03823106679930377,KXHIGHAUS-26AUG30,,0.995,KXHIGHAUS-26AUG30-T96,0.9617689332006962,0.99,no,price_out_of_range,2026-08-30 13:00:00+00:00,0.010000000000000009,2026-08-30
bounded,den,skip,0.73,0.11187982127527718,KXHIGHDEN-26AUG30,,0.72,KXHIGHDEN-26AUG30-B85.5,0.8418798212752772,0.71,no,price_out_of_range,2026-08-30 13:00:00+00:00,0.020000000000000018,2026-08-30
bounded,den,buy,0.54,0.09031518609572942,KXHIGHDEN-26AUG30,,0.52,KXHIGHDEN-26AUG30-B87.5,0.6303151860957295,0.5,no,,2026-08-30 13:00:00+00:00,0.040000000000000036,2026-08-30
bounded,den,skip,0.9,-0.22780148337625983,KXHIGHDEN-26AUG30,,0.875,KXHIGHDEN-26AUG30-B89.5,0.6721985166237402,0.85,no,price_out_of_range,2026-08-30 13:00:00+00:00,0.050000000000000044,2026-08-30
bounded,den,skip,1.0,-0.09030335302001291,KXHIGHDEN-26AUG30,,0.99,KXHIGHDEN-26AUG30-B91.5,0.9096966469799871,0.98,no,price_out_of_range,2026-08-30 13:00:00+00:00,0.020000000000000018,2026-08-30
lower_tail,den,skip,0.98,-0.014732003837192309,KXHIGHDEN-26AUG30,,0.975,KXHIGHDEN-26AUG30-T85,0.9652679961628077,0.97,no,price_out_of_range,2026-08-30 13:00:00+00:00,0.010000000000000009,2026-08-30
upper_tail,den,skip,1.0,-0.01935816713754157,KXHIGHDEN-26AUG30,,0.995,KXHIGHDEN-26AUG30-T92,0.9806418328624584,0.99,no,price_out_of_range,2026-08-30 13:00:00+00:00,0.010000000000000009,2026-08-30
bounded,la,skip,1.0,-0.0009980039920159944,KXHIGHLAX-26AUG30,,0.995,KXHIGHLAX-26AUG30-B76.5,0.999001996007984,0.99,no,price_out_of_range,2026-08-30 13:00:00+00:00,0.010000000000000009,2026-08-30
bounded,la,skip,1.0,-0.036062045810680066,KXHIGHLAX-26AUG30,,0.995,KXHIGHLAX-26AUG30-B78.5,0.9639379541893199,0.99,no,price_out_of_range,2026-08-30 13:00:00+00:00,0.010000000000000009,2026-08-30
bounded,la,skip,0.96,-0.1562269560903784,KXHIGHLAX-26AUG30,,0.955,KXHIGHLAX-26AUG30-B80.5,0.8037730439096216,0.95,no,price_out_of_range,2026-08-30 13:00:00+00:00,0.010000000000000009,2026-08-30
bounded,la,skip,0.74,-0.1774815810323247,KXHIGHLAX-26AUG30,,0.735,KXHIGHLAX-26AUG30-B82.5,0.5625184189676753,0.73,no,price_out_of_range,2026-08-30 13:00:00+00:00,0.010000000000000009,2026-08-30
lower_tail,la,skip,1.0,-0.0009980039920159944,KXHIGHLAX-26AUG30,,0.995,KXHIGHLAX-26AUG30-T76,0.999001996007984,0.99,no,price_out_of_range,2026-08-30 13:00:00+00:00,0.010000000000000009,2026-08-30
upper_tail,la,skip,0.32,0.3517665909174151,KXHIGHLAX-26AUG30,,0.305,KXHIGHLAX-26AUG30-T83,0.6717665909174151,0.29,no,price_out_of_range,2026-08-30 13:00:00+00:00,0.030000000000000027,2026-08-30
bounded,mia,skip,0.94,-0.01755953835125168,KXHIGHMIA-26AUG30,,0.935,KXHIGHMIA-26AUG30-B87.5,0.9224404616487483,0.93,no,price_out_of_range,2026-08-30 13:00:00+00:00,0.009999999999999898,2026-08-30
bounded,mia,skip,0.69,-0.04896840169546968,KXHIGHMIA-26AUG30,,0.6799999999999999,KXHIGHMIA-26AUG30-B89.5,0.6410315983045303,0.67,no,price_out_of_range,2026-08-30 13:00:00+00:00,0.019999999999999907,2026-08-30
bounded,mia,buy,0.5,0.0840856276864752,KXHIGHMIA-26AUG30,,0.495,KXHIGHMIA-26AUG30-B91.5,0.5840856276864752,0.49,no,,2026-08-30 13:00:00+00:00,0.010000000000000009,2026-08-30
bounded,mia,skip,0.92,-0.04797139278306817,KXHIGHMIA-26AUG30,,0.905,KXHIGHMIA-26AUG30-B93.5,0.8720286072169319,0.89,no,price_out_of_range,2026-08-30 13:00:00+00:00,0.030000000000000027,2026-08-30
lower_tail,mia,skip,0.99,0.007729638898619995,KXHIGHMIA-26AUG30,,0.98,KXHIGHMIA-26AUG30-T87,0.99772963889862,0.97,no,price_out_of_range,2026-08-30 13:00:00+00:00,0.020000000000000018,2026-08-30
upper_tail,mia,skip,0.99,-0.0073159337553055925,KXHIGHMIA-26AUG30,,0.985,KXHIGHMIA-26AUG30-T94,0.9826840662446944,0.98,no,price_out_of_range,2026-08-30 13:00:00+00:00,0.010000000000000009,2026-08-30
bounded,nyc,skip,0.87,-0.2860669189822438,KXHIGHNY-26AUG30,8.0,0.865,KXHIGHNY-26AUG30-B82.5,0.5839330810177562,0.86,no,price_out_of_range,2026-08-30 13:00:00+00:00,0.010000000000000009,2026-08-30
bounded,nyc,skip,0.98,-0.22596867978303936,KXHIGHNY-26AUG30,8.0,0.975,KXHIGHNY-26AUG30-B84.5,0.7540313202169606,0.97,no,price_out_of_range,2026-08-30 13:00:00+00:00,0.010000000000000009,2026-08-30
bounded,nyc,skip,1.0,-0.04846306022968472,KXHIGHNY-26AUG30,8.0,0.995,KXHIGHNY-26AUG30-B86.5,0.9515369397703153,0.99,no,price_out_of_range,2026-08-30 13:00:00+00:00,0.010000000000000009,2026-08-30
bounded,nyc,skip,1.0,-0.0009980039920159944,KXHIGHNY-26AUG30,8.0,0.995,KXHIGHNY-26AUG30-B88.5,0.999001996007984,0.99,no,price_out_of_range,2026-08-30 13:00:00+00:00,0.010000000000000009,2026-08-30
lower_tail,nyc,skip,0.18,0.5324946669789998,KXHIGHNY-26AUG30,8.0,0.16999999999999998,KXHIGHNY-26AUG30-T82,0.7124946669789999,0.16,no,price_out_of_range,2026-08-30 13:00:00+00:00,0.01999999999999999,2026-08-30
upper_tail,nyc,skip,1.0,-0.0009980039920159944,KXHIGHNY-26AUG30,8.0,0.995,KXHIGHNY-26AUG30-T89,0.999001996007984,0.99,no,price_out_of_range,2026-08-30 13:00:00+00:00,0.010000000000000009,2026-08-30
bounded,okc,skip,0.78,-0.11952421231347221,KXHIGHTOKC-26AUG30,7.0,0.75,KXHIGHTOKC-26AUG30-B100.5,0.6604757876865278,0.72,no,price_out_of_range,2026-08-30 13:00:00+00:00,0.06000000000000005,2026-08-30
bounded,okc,skip,0.42,0.2355392773417641,KXHIGHTOKC-26AUG30,7.0,0.39,KXHIGHTOKC-26AUG30-B102.5,0.6555392773417641,0.36,no,price_out_of_range,2026-08-30 13:00:00+00:00,0.06,2026-08-30
bounded,okc,skip,0.85,0.01753607785962008,KXHIGHTOKC-26AUG30,7.0,0.845,KXHIGHTOKC-26AUG30-B104.5,0.8675360778596201,0.84,no,price_out_of_range,2026-08-30 13:00:00+00:00,0.010000000000000009,2026-08-30
bounded,okc,skip,0.99,-0.11447080274371624,KXHIGHTOKC-26AUG30,7.0,0.985,KXHIGHTOKC-26AUG30-B98.5,0.8755291972562838,0.98,no,price_out_of_range,2026-08-30 13:00:00+00:00,0.010000000000000009,2026-08-30
upper_tail,okc,skip,1.0,-0.030446176148378967,KXHIGHTOKC-26AUG30,7.0,0.995,KXHIGHTOKC-26AUG30-T105,0.969553823851621,0.99,no,price_out_of_range,2026-08-30 13:00:00+00:00,0.010000000000000009,2026-08-30
lower_tail,okc,skip,1.0,-0.028634163995816753,KXHIGHTOKC-26AUG30,7.0,0.995,KXHIGHTOKC-26AUG30-T98,0.9713658360041832,0.99,no,price_out_of_range,2026-08-30 13:00:00+00:00,0.010000000000000009,2026-08-30
bounded,aus,skip,0.44,0.23482618138065786,KXHIGHAUS-26AUG30,,0.425,KXHIGHAUS-26AUG30-B100.5,0.6748261813806579,0.41,no,price_out_of_range,2026-08-30 14:00:00+00:00,0.030000000000000027,2026-08-30
bounded,aus,skip,0.96,-0.03903856824938623,KXHIGHAUS-26AUG30,,0.955,KXHIGHAUS-26AUG30-B102.5,0.9209614317506137,0.95,no,price_out_of_range,2026-08-30 14:00:00+00:00,0.010000000000000009,2026-08-30
bounded,aus,skip,0.99,-0.15251354453196064,KXHIGHAUS-26AUG30,,0.985,KXHIGHAUS-26AUG30-B96.5,0.8374864554680393,0.98,no,price_out_of_range,2026-08-30 14:00:00+00:00,0.010000000000000009,2026-08-30
bounded,aus,skip,0.63,-0.016899563522169925,KXHIGHAUS-26AUG30,,0.61,KXHIGHAUS-26AUG30-B98.5,0.6131004364778301,0.59,no,ev_below_threshold,2026-08-30 14:00:00+00:00,0.040000000000000036,2026-08-30
upper_tail,aus,skip,1.0,-0.013012735688110233,KXHIGHAUS-26AUG30,,0.995,KXHIGHAUS-26AUG30-T103,0.9869872643118898,0.99,no,price_out_of_range,2026-08-30 14:00:00+00:00,0.010000000000000009,2026-08-30
lower_tail,aus,skip,1.0,-0.03336176938903079,KXHIGHAUS-26AUG30,,0.995,KXHIGHAUS-26AUG30-T96,0.9666382306109692,0.99,no,price_out_of_range,2026-08-30 14:00:00+00:00,0.010000000000000009,2026-08-30
bounded,den,skip,0.78,0.0728768905160253,KXHIGHDEN-26AUG30,,0.775,KXHIGHDEN-26AUG30-B85.5,0.8528768905160253,0.77,no,price_out_of_range,2026-08-30 14:00:00+00:00,0.010000000000000009,2026-08-30
bounded,den,buy,0.54,0.09835649739768282,KXHIGHDEN-26AUG30,,0.535,KXHIGHDEN-26AUG30-B87.5,0.6383564973976829,0.53,no,,2026-08-30 14:00:00+00:00,0.010000000000000009,2026-08-30
bounded,den,skip,0.78,-0.11404397415488066,KXHIGHDEN-26AUG30,,0.77,KXHIGHDEN-26AUG30-B89.5,0.6659560258451194,0.76,no,price_out_of_range,2026-08-30 14:00:00+00:00,0.020000000000000018,2026-08-30
bounded,den,skip,1.0,-0.10243438997060672,KXHIGHDEN-26AUG30,,0.985,KXHIGHDEN-26AUG30-B91.5,0.8975656100293933,0.97,no,price_out_of_range,2026-08-30 14:00:00+00:00,0.030000000000000027,2026-08-30
lower_tail,den,skip,0.98,-0.012442899937385565,KXHIGHDEN-26AUG30,,0.97,KXHIGHDEN-26AUG30-T85,0.9675571000626144,0.96,no,price_out_of_range,2026-08-30 14:00:00+00:00,0.020000000000000018,2026-08-30
upper_tail,den,skip,1.0,-0.022312123850835364,KXHIGHDEN-26AUG30,,0.995,KXHIGHDEN-26AUG30-T92,0.9776878761491646,0.99,no,price_out_of_range,2026-08-30 14:00:00+00:00,0.010000000000000009,2026-08-30
bounded,la,skip,1.0,-0.0009980039920159944,KXHIGHLAX-26AUG30,,0.995,KXHIGHLAX-26AUG30-B76.5,0.999001996007984,0.99,no,price_out_of_range,2026-08-30 14:00:00+00:00,0.010000000000000009,2026-08-30
bounded,la,skip,1.0,-0.03616497927537321,KXHIGHLAX-26AUG30,,0.995,KXHIGHLAX-26AUG30-B78.5,0.9638350207246268,0.99,no,price_out_of_range,2026-08-30 14:00:00+00:00,0.010000000000000009,2026-08-30
bounded,la,skip,0.95,-0.14583407347798305,KXHIGHLAX-26AUG30,,0.935,KXHIGHLAX-26AUG30-B80.5,0.8041659265220169,0.92,no,price_out_of_range,2026-08-30 14:00:00+00:00,0.029999999999999916,2026-08-30
bounded,la,skip,0.83,-0.26606225900682345,KXHIGHLAX-26AUG30,,0.825,KXHIGHLAX-26AUG30-B82.5,0.5639377409931765,0.82,no,price_out_of_range,2026-08-30 14:00:00+00:00,0.010000000000000009,2026-08-30
lower_tail,la,skip,1.0,-0.0009980039920159944,KXHIGHLAX-26AUG30,,0.995,KXHIGHLAX-26AUG30-T76,0.999001996007984,0.99,no,price_out_of_range,2026-08-30 14:00:00+00:00,0.010000000000000009,2026-08-30
upper_tail,la,skip,0.26,0.4100573197442119,KXHIGHLAX-26AUG30,,0.255,KXHIGHLAX-26AUG30-T83,0.6700573197442119,0.25,no,price_out_of_range,2026-08-30 14:00:00+00:00,0.010000000000000009,2026-08-30
bounded,mia,skip,0.96,-0.045738791175611304,KXHIGHMIA-26AUG30,,0.9450000000000001,KXHIGHMIA-26AUG30-B87.5,0.9142612088243887,0.93,no,price_out_of_range,2026-08-30 14:00:00+00:00,0.029999999999999916,2026-08-30
bounded,mia,buy,0.54,0.07811026078773908,KXHIGHMIA-26AUG30,,0.535,KXHIGHMIA-26AUG30-B89.5,0.6181102607877391,0.53,no,,2026-08-30 14:00:00+00:00,0.010000000000000009,2026-08-30
bounded,mia,skip,0.59,0.003509752725339932,KXHIGHMIA-26AUG30,,0.585,KXHIGHMIA-26AUG30-B91.5,0.5935097527253399,0.58,no,ev_below_threshold,2026-08-30 14:00:00+00:00,0.010000000000000009,2026-08-30
bounded,mia,skip,0.92,-0.02788204568341246,KXHIGHMIA-26AUG30,,0.915,KXHIGHMIA-26AUG30-B93.5,0.8921179543165876,0.91,no,price_out_of_range,2026-08-30 14:00:00+00:00,0.010000000000000009,2026-08-30
lower_tail,mia,skip,0.99,0.0042758444397087425,KXHIGHMIA-26AUG30,,0.98,KXHIGHMIA-26AUG30-T87,0.9942758444397087,0.97,no,price_out_of_range,2026-08-30 14:00:00+00:00,0.020000000000000018,2026-08-30
upper_tail,mia,skip,1.0,-0.012275021093763994,KXHIGHMIA-26AUG30,,0.995,KXHIGHMIA-26AUG30-T94,0.987724978906236,0.99,no,price_out_of_range,2026-08-30 14:00:00+00:00,0.010000000000000009,2026-08-30
bounded,nyc,skip,0.87,-0.2902176674996876,KXHIGHNY-26AUG30,9.0,0.865,KXHIGHNY-26AUG30-B82.5,0.5797823325003124,0.86,no,price_out_of_range,2026-08-30 14:00:00+00:00,0.010000000000000009,2026-08-30
bounded,nyc,skip,0.98,-0.22604426097396357,KXHIGHNY-26AUG30,9.0,0.97,KXHIGHNY-26AUG30-B84.5,0.7539557390260364,0.96,no,price_out_of_range,2026-08-30 14:00:00+00:00,0.020000000000000018,2026-08-30
bounded,nyc,skip,1.0,-0.047891949311039794,KXHIGHNY-26AUG30,9.0,0.995,KXHIGHNY-26AUG30-B86.5,0.9521080506889602,0.99,no,price_out_of_range,2026-08-30 14:00:00+00:00,0.010000000000000009,2026-08-30
bounded,nyc,skip,1.0,-0.0009980039920159944,KXHIGHNY-26AUG30,9.0,0.995,KXHIGHNY-26AUG30-B88.5,0.999001996007984,0.99,no,price_out_of_range,2026-08-30 14:00:00+00:00,0.010000000000000009,2026-08-30
lower_tail,nyc,skip,0.21,0.506149885768723,KXHIGHNY-26AUG30,9.0,0.2,KXHIGHNY-26AUG30-T82,0.716149885768723,0.19,no,price_out_of_range,2026-08-30 14:00:00+00:00,0.01999999999999999,2026-08-30
upper_tail,nyc,skip,1.0,-0.0009980039920159944,KXHIGHNY-26AUG30,9.0,0.995,KXHIGHNY-26AUG30-T89,0.999001996007984,0.99,no,price_out_of_range,2026-08-30 14:00:00+00:00,0.010000000000000009,2026-08-30
bounded,okc,skip,0.73,-0.05311873614010998,KXHIGHTOKC-26AUG30,8.0,0.725,KXHIGHTOKC-26AUG30-B100.5,0.67688126385989,0.72,no,price_out_of_range,2026-08-30 14:00:00+00:00,0.010000000000000009,2026-08-30
bounded,okc,skip,0.45,0.18737086628038896,KXHIGHTOKC-26AUG30,8.0,0.445,KXHIGHTOKC-26AUG30-B102.5,0.637370866280389,0.44,no,price_out_of_range,2026-08-30 14:00:00+00:00,0.010000000000000009,2026-08-30
bounded,okc,skip,0.9,-0.059898994773194825,KXHIGHTOKC-26AUG30,8.0,0.89,KXHIGHTOKC-26AUG30-B104.5,0.8401010052268052,0.88,no,price_out_of_range,2026-08-30 14:00:00+00:00,0.020000000000000018,2026-08-30
bounded,okc,skip,0.99,-0.08592438453104223,KXHIGHTOKC-26AUG30,8.0,0.985,KXHIGHTOKC-26AUG30-B98.5,0.9040756154689578,0.98,no,price_out_of_range,2026-08-30 14:00:00+00:00,0.010000000000000009,2026-08-30
upper_tail,okc,skip,1.0,-0.03646578537835443,KXHIGHTOKC-26AUG30,8.0,0.995,KXHIGHTOKC-26AUG30-T105,0.9635342146216456,0.99,no,price_out_of_range,2026-08-30 14:00:00+00:00,0.010000000000000009,2026-08-30
lower_tail,okc,skip,1.0,-0.0219629654576875,KXHIGHTOKC-26AUG30,8.0,0.995,KXHIGHTOKC-26AUG30-T98,0.9780370345423125,0.99,no,price_out_of_range,2026-08-30 14:00:00+00:00,0.010000000000000009,2026-08-30
bounded,aus,skip,0.45,0.18528199375650106,KXHIGHAUS-26AUG30,,0.445,KXHIGHAUS-26AUG30-B100.5,0.6352819937565011,0.44,no,price_out_of_range,2026-08-30 15:00:00+00:00,0.010000000000000009,2026-08-30
bounded,aus,skip,0.97,-0.09335323142847696,KXHIGHAUS-26AUG30,,0.965,KXHIGHAUS-26AUG30-B102.5,0.876646768571523,0.96,no,price_out_of_range,2026-08-30 15:00:00+00:00,0.010000000000000009,2026-08-30
bounded,aus,skip,0.98,-0.09009224143186245,KXHIGHAUS-26AUG30,,0.975,KXHIGHAUS-26AUG30-B96.5,0.8899077585681375,0.97,no,price_out_of_range,2026-08-30 15:00:00+00:00,0.010000000000000009,2026-08-30
bounded,aus,buy,0.57,0.07347191449350621,KXHIGHAUS-26AUG30,,0.565,KXHIGHAUS-26AUG30-B98.5,0.6434719144935062,0.56,no,,2026-08-30 15:00:00+00:00,0.009999999999999898,2026-08-30
upper_tail,aus,skip,1.0,-0.024157327672078788,KXHIGHAUS-26AUG30,,0.995,KXHIGHAUS-26AUG30-T103,0.9758426723279212,0.99,no,price_out_of_range,2026-08-30 15:00:00+00:00,0.010000000000000009,2026-08-30
lower_tail,aus,skip,1.0,-0.02115110771758899,KXHIGHAUS-26AUG30,,0.995,KXHIGHAUS-26AUG30-T96,0.978848892282411,0.99,no,price_out_of_range,2026-08-30 15:00:00+00:00,0.010000000000000009,2026-08-30
bounded,den,skip,0.86,-0.008059353155164817,KXHIGHDEN-26AUG30,,0.845,KXHIGHDEN-26AUG30-B85.5,0.8519406468448352,0.83,no,price_out_of_range,2026-08-30 15:00:00+00:00,0.030000000000000027,2026-08-30
bounded,den,buy,0.55,0.08869952933426029,KXHIGHDEN-26AUG30,,0.545,KXHIGHDEN-26AUG30-B87.5,0.6386995293342603,0.54,no,,2026-08-30 15:00:00+00:00,0.010000000000000009,2026-08-30
bounded,den,skip,0.7,-0.03306082430380941,KXHIGHDEN-26AUG30,,0.6799999999999999,KXHIGHDEN-26AUG30-B89.5,0.6669391756961905,0.66,no,price_out_of_range,2026-08-30 15:00:00+00:00,0.039999999999999925,2026-08-30
bounded,den,skip,1.0,-0.10233416484883318,KXHIGHDEN-26AUG30,,0.985,KXHIGHDEN-26AUG30-B91.5,0.8976658351511668,0.97,no,price_out_of_range,2026-08-30 15:00:00+00:00,0.030000000000000027,2026-08-30
lower_tail,den,skip,0.99,-0.022805463477851617,KXHIGHDEN-26AUG30,,0.98,KXHIGHDEN-26AUG30-T85,0.9671945365221484,0.97,no,price_out_of_range,2026-08-30 15:00:00+00:00,0.020000000000000018,2026-08-30
upper_tail,den,skip,1.0,-0.022439723548601243,KXHIGHDEN-26AUG30,,0.995,KXHIGHDEN-26AUG30-T92,0.9775602764513988,0.99,no,price_out_of_range,2026-08-30 15:00:00+00:00,0.010000000000000009,2026-08-30
bounded,la,skip,1.0,-0.0009980039920159944,KXHIGHLAX-26AUG30,,0.995,KXHIGHLAX-26AUG30-B76.5,0.999001996007984,0.99,no,price_out_of_range,2026-08-30 15:00:00+00:00,0.010000000000000009,2026-08-30
bounded,la,skip,0.99,-0.026907266050641088,KXHIGHLAX-26AUG30,,0.985,KXHIGHLAX-26AUG30-B78.5,0.9630927339493589,0.98,no,price_out_of_range,2026-08-30 15:00:00+00:00,0.010000000000000009,2026-08-30
bounded,la,skip,0.95,-0.1481241693077162,KXHIGHLAX-26AUG30,,0.935,KXHIGHLAX-26AUG30-B80.5,0.8018758306922837,0.92,no,price_out_of_range,2026-08-30 15:00:00+00:00,0.029999999999999916,2026-08-30
bounded,la,skip,0.81,-0.2461091389068879,KXHIGHLAX-26AUG30,,0.8,KXHIGHLAX-26AUG30-B82.5,0.5638908610931122,0.79,no,price_out_of_range,2026-08-30 15:00:00+00:00,0.020000000000000018,2026-08-30
lower_tail,la,skip,1.0,-0.0009980039920159944,KXHIGHLAX-26AUG30,,0.995,KXHIGHLAX-26AUG30-T76,0.999001996007984,0.99,no,price_out_of_range,2026-08-30 15:00:00+00:00,0.010000000000000009,2026-08-30
upper_tail,la,skip,0.28,0.39313658224927706,KXHIGHLAX-26AUG30,,0.265,KXHIGHLAX-26AUG30-T83,0.6731365822492771,0.25,no,price_out_of_range,2026-08-30 15:00:00+00:00,0.030000000000000027,2026-08-30
bounded,mia,skip,0.95,-0.065195958774522,KXHIGHMIA-26AUG30,,0.94,KXHIGHMIA-26AUG30-B87.5,0.884804041225478,0.93,no,price_out_of_range,2026-08-30 15:00:00+00:00,0.019999999999999907,2026-08-30
bounded,mia,buy,0.55,0.031923976857564096,KXHIGHMIA-26AUG30,,0.54,KXHIGHMIA-26AUG30-B89.5,0.5819239768575641,0.53,no,,2026-08-30 15:00:00+00:00,0.020000000000000018,2026-08-30
bounded,mia,buy,0.6,0.027468174136806356,KXHIGHMIA-26AUG30,,0.5800000000000001,KXHIGHMIA-26AUG30-B91.5,0.6274681741368063,0.56,no,,2026-08-30 15:00:00+00:00,0.039999999999999925,2026-08-30
bounded,mia,skip,0.95,-0.029958026677093685,KXHIGHMIA-26AUG30,,0.935,KXHIGHMIA-26AUG30-B93.5,0.9200419733229063,0.92,no,price_out_of_range,2026-08-30 15:00:00+00:00,0.029999999999999916,2026-08-30
lower_tail,mia,skip,1.0,-0.012779654770255444,KXHIGHMIA-26AUG30,,0.995,KXHIGHMIA-26AUG30-T87,0.9872203452297446,0.99,no,price_out_of_range,2026-08-30 15:00:00+00:00,0.010000000000000009,2026-08-30
upper_tail,mia,skip,1.0,-0.0014585107724992552,KXHIGHMIA-26AUG30,,0.995,KXHIGHMIA-26AUG30-T94,0.9985414892275007,0.99,no,price_out_of_range,2026-08-30 15:00:00+00:00,0.010000000000000009,2026-08-30
bounded,nyc,skip,0.92,-0.3225328106418922,KXHIGHNY-26AUG30,10.0,0.91,KXHIGHNY-26AUG30-B82.5,0.5974671893581078,0.9,no,price_out_of_range,2026-08-30 15:00:00+00:00,0.020000000000000018,2026-08-30
bounded,nyc,skip,0.99,-0.3029594173872525,KXHIGHNY-26AUG30,10.0,0.985,KXHIGHNY-26AUG30-B84.5,0.6870405826127475,0.98,no,price_out_of_range,2026-08-30 15:00:00+00:00,0.010000000000000009,2026-08-30
bounded,nyc,skip,1.0,-0.0712049031365547,KXHIGHNY-26AUG30,10.0,0.995,KXHIGHNY-26AUG30-B86.5,0.9287950968634453,0.99,no,price_out_of_range,2026-08-30 15:00:00+00:00,0.010000000000000009,2026-08-30
bounded,nyc,skip,1.0,-0.007100493834443444,KXHIGHNY-26AUG30,10.0,0.995,KXHIGHNY-26AUG30-B88.5,0.9928995061655566,0.99,no,price_out_of_range,2026-08-30 15:00:00+00:00,0.010000000000000009,2026-08-30
lower_tail,nyc,skip,0.11,0.684796625999144,KXHIGHNY-26AUG30,10.0,0.10500000000000001,KXHIGHNY-26AUG30-T82,0.794796625999144,0.1,no,price_out_of_range,2026-08-30 15:00:00+00:00,0.009999999999999995,2026-08-30
upper_tail,nyc,skip,1.0,-0.0009990009990009652,KXHIGHNY-26AUG30,10.0,0.995,KXHIGHNY-26AUG30-T89,0.999000999000999,0.99,no,price_out_of_range,2026-08-30 15:00:00+00:00,0.010000000000000009,2026-08-30
bounded,okc,skip,0.83,-0.16757907307074527,KXHIGHTOKC-26AUG30,9.0,0.7949999999999999,KXHIGHTOKC-26AUG30-B100.5,0.6624209269292547,0.76,no,price_out_of_range,2026-08-30 15:00:00+00:00,0.06999999999999995,2026-08-30
bounded,okc,skip,0.35,0.290110287755149,KXHIGHTOKC-26AUG30,9.0,0.31999999999999995,KXHIGHTOKC-26AUG30-B102.5,0.640110287755149,0.29,no,price_out_of_range,2026-08-30 15:00:00+00:00,0.06,2026-08-30
bounded,okc,skip,0.92,-0.062279802468304446,KXHIGHTOKC-26AUG30,9.0,0.89,KXHIGHTOKC-26AUG30-B104.5,0.8577201975316956,0.86,no,price_out_of_range,2026-08-30 15:00:00+00:00,0.06000000000000005,2026-08-30
bounded,okc,skip,0.99,-0.09615476873396067,KXHIGHTOKC-26AUG30,9.0,0.985,KXHIGHTOKC-26AUG30-B98.5,0.8938452312660393,0.98,no,price_out_of_range,2026-08-30 15:00:00+00:00,0.010000000000000009,2026-08-30
upper_tail,okc,skip,1.0,-0.03114303100849669,KXHIGHTOKC-26AUG30,9.0,0.985,KXHIGHTOKC-26AUG30-T105,0.9688569689915033,0.97,no,price_out_of_range,2026-08-30 15:00:00+00:00,0.030000000000000027,2026-08-30
lower_tail,okc,skip,1.0,-0.022953612473641805,KXHIGHTOKC-26AUG30,9.0,0.995,KXHIGHTOKC-26AUG30-T98,0.9770463875263582,0.99,no,price_out_of_range,2026-08-30 15:00:00+00:00,0.010000000000000009,2026-08-30
bounded,aus,skip,0.39,0.2456812817779681,KXHIGHAUS-26AUG30,,0.375,KXHIGHAUS-26AUG30-B100.5,0.6356812817779681,0.36,no,price_out_of_range,2026-08-30 16:00:00+00:00,0.030000000000000027,2026-08-30
bounded,aus,skip,0.96,-0.06539226512327112,KXHIGHAUS-26AUG30,,0.955,KXHIGHAUS-26AUG30-B102.5,0.8946077348767288,0.95,no,price_out_of_range,2026-08-30 16:00:00+00:00,0.010000000000000009,2026-08-30
bounded,aus,skip,0.98,-0.09834922247101352,KXHIGHAUS-26AUG30,,0.975,KXHIGHAUS-26AUG30-B96.5,0.8816507775289865,0.97,no,price_out_of_range,2026-08-30 16:00:00+00:00,0.010000000000000009,2026-08-30
bounded,aus,skip,0.68,-0.05232086992396856,KXHIGHAUS-26AUG30,,0.67,KXHIGHAUS-26AUG30-B98.5,0.6276791300760315,0.66,no,price_out_of_range,2026-08-30 16:00:00+00:00,0.020000000000000018,2026-08-30
upper_tail,aus,skip,1.0,-0.018340813720568172,KXHIGHAUS-26AUG30,,0.995,KXHIGHAUS-26AUG30-T103,0.9816591862794318,0.99,no,price_out_of_range,2026-08-30 16:00:00+00:00,0.010000000000000009,2026-08-30
lower_tail,aus,skip,1.0,-0.021278110539146633,KXHIGHAUS-26AUG30,,0.995,KXHIGHAUS-26AUG30-T96,0.9787218894608534,0.99,no,price_out_of_range,2026-08-30 16:00:00+00:00,0.010000000000000009,2026-08-30
bounded,den,skip,0.84,-0.009338025999805155,KXHIGHDEN-26AUG30,,0.83,KXHIGHDEN-26AUG30-B85.5,0.8306619740001948,0.82,no,price_out_of_range,2026-08-30 16:00:00+00:00,0.020000000000000018,2026-08-30
bounded,den,buy,0.52,0.10448684361861527,KXHIGHDEN-26AUG30,,0.51,KXHIGHDEN-26AUG30-B87.5,0.6244868436186153,0.5,no,,2026-08-30 16:00:00+00:00,0.020000000000000018,2026-08-30
bounded,den,skip,0.8,-0.11919935358366007,KXHIGHDEN-26AUG30,,0.79,KXHIGHDEN-26AUG30-B89.5,0.68080064641634,0.78,no,price_out_of_range,2026-08-30 16:00:00+00:00,0.020000000000000018,2026-08-30
bounded,den,skip,1.0,-0.08127416078722693,KXHIGHDEN-26AUG30,,0.985,KXHIGHDEN-26AUG30-B91.5,0.9187258392127731,0.97,no,price_out_of_range,2026-08-30 16:00:00+00:00,0.030000000000000027,2026-08-30
lower_tail,den,skip,0.96,0.002545504575205748,KXHIGHDEN-26AUG30,,0.95,KXHIGHDEN-26AUG30-T85,0.9625455045752057,0.94,no,price_out_of_range,2026-08-30 16:00:00+00:00,0.020000000000000018,2026-08-30
upper_tail,den,skip,1.0,-0.017220807823128736,KXHIGHDEN-26AUG30,,0.995,KXHIGHDEN-26AUG30-T92,0.9827791921768713,0.99,no,price_out_of_range,2026-08-30 16:00:00+00:00,0.010000000000000009,2026-08-30
bounded,la,skip,1.0,-0.0009980039920159944,KXHIGHLAX-26AUG30,,0.995,KXHIGHLAX-26AUG30-B76.5,0.999001996007984,0.99,no,price_out_of_range,2026-08-30 16:00:00+00:00,0.010000000000000009,2026-08-30
bounded,la,skip,1.0,-0.03367425718958328,KXHIGHLAX-26AUG30,,0.995,KXHIGHLAX-26AUG30-B78.5,0.9663257428104167,0.99,no,price_out_of_range,2026-08-30 16:00:00+00:00,0.010000000000000009,2026-08-30
bounded,la,skip,0.95,-0.138593734167211,KXHIGHLAX-26AUG30,,0.94,KXHIGHLAX-26AUG30-B80.5,0.811406265832789,0.93,no,price_out_of_range,2026-08-30 16:00:00+00:00,0.019999999999999907,2026-08-30
bounded,la,skip,0.79,-0.22679605285647342,KXHIGHLAX-26AUG30,,0.785,KXHIGHLAX-26AUG30-B82.5,0.5632039471435266,0.78,no,price_out_of_range,2026-08-30 16:00:00+00:00,0.010000000000000009,2026-08-30
lower_tail,la,skip,1.0,-0.0009980039920159944,KXHIGHLAX-26AUG30,,0.995,KXHIGHLAX-26AUG30-T76,0.999001996007984,0.99,no,price_out_of_range,2026-08-30 16:00:00+00:00,0.010000000000000009,2026-08-30
upper_tail,la,skip,0.27,0.39106005219729967,KXHIGHLAX-26AUG30,,0.265,KXHIGHLAX-26AUG30-T83,0.6610600521972997,0.26,no,price_out_of_range,2026-08-30 16:00:00+00:00,0.010000000000000009,2026-08-30
bounded,mia,skip,1.0,-0.06581862064860877,KXHIGHMIA-26AUG30,,0.995,KXHIGHMIA-26AUG30-B87.5,0.9341813793513912,0.99,no,price_out_of_range,2026-08-30 16:00:00+00:00,0.010000000000000009,2026-08-30
bounded,mia,skip,0.71,-0.11584791863204003,KXHIGHMIA-26AUG30,,0.705,KXHIGHMIA-26AUG30-B89.5,0.5941520813679599,0.7,no,price_out_of_range,2026-08-30 16:00:00+00:00,0.010000000000000009,2026-08-30
bounded,mia,skip,0.37,0.20495694914059548,KXHIGHMIA-26AUG30,,0.36,KXHIGHMIA-26AUG30-B91.5,0.5749569491405955,0.35,no,price_out_of_range,2026-08-30 16:00:00+00:00,0.020000000000000018,2026-08-30
bounded,mia,skip,0.95,-0.045953012174799746,KXHIGHMIA-26AUG30,,0.94,KXHIGHMIA-26AUG30-B93.5,0.9040469878252002,0.93,no,price_out_of_range,2026-08-30 16:00:00+00:00,0.019999999999999907,2026-08-30
lower_tail,mia,skip,1.0,-0.0009990009990009652,KXHIGHMIA-26AUG30,,0.995,KXHIGHMIA-26AUG30-T87,0.999000999000999,0.99,no,price_out_of_range,2026-08-30 16:00:00+00:00,0.010000000000000009,2026-08-30
upper_tail,mia,skip,1.0,-0.006338396686145997,KXHIGHMIA-26AUG30,,0.995,KXHIGHMIA-26AUG30-T94,0.993661603313854,0.99,no,price_out_of_range,2026-08-30 16:00:00+00:00,0.010000000000000009,2026-08-30
bounded,nyc,skip,0.92,-0.34449822354293,KXHIGHNY-26AUG30,11.0,0.905,KXHIGHNY-26AUG30-B82.5,0.57550177645707,0.89,no,price_out_of_range,2026-08-30 16:00:00+00:00,0.030000000000000027,2026-08-30
bounded,nyc,skip,0.99,-0.2726374392364228,KXHIGHNY-26AUG30,11.0,0.985,KXHIGHNY-26AUG30-B84.5,0.7173625607635772,0.98,no,price_out_of_range,2026-08-30 16:00:00+00:00,0.010000000000000009,2026-08-30
bounded,nyc,skip,1.0,-0.05613182016999796,KXHIGHNY-26AUG30,11.0,0.995,KXHIGHNY-26AUG30-B86.5,0.943868179830002,0.99,no,price_out_of_range,2026-08-30 16:00:00+00:00,0.010000000000000009,2026-08-30
bounded,nyc,skip,1.0,-0.0009980039920159944,KXHIGHNY-26AUG30,11.0,0.995,KXHIGHNY-26AUG30-B88.5,0.999001996007984,0.99,no,price_out_of_range,2026-08-30 16:00:00+00:00,0.010000000000000009,2026-08-30
lower_tail,nyc,skip,0.14,0.6252634909333826,KXHIGHNY-26AUG30,11.0,0.125,KXHIGHNY-26AUG30-T82,0.7652634909333826,0.11,no,price_out_of_range,2026-08-30 16:00:00+00:00,0.030000000000000013,2026-08-30
upper_tail,nyc,skip,1.0,-0.0009980039920159944,KXHIGHNY-26AUG30,11.0,0.995,KXHIGHNY-26AUG30-T89,0.999001996007984,0.99,no,price_out_of_range,2026-08-30 16:00:00+00:00,0.010000000000000009,2026-08-30
bounded,okc,skip,0.79,-0.14620925970765264,KXHIGHTOKC-26AUG30,10.0,0.785,KXHIGHTOKC-26AUG30-B100.5,0.6437907402923474,0.78,no,price_out_of_range,2026-08-30 16:00:00+00:00,0.010000000000000009,2026-08-30
bounded,okc,skip,0.34,0.296000470935783,KXHIGHTOKC-26AUG30,10.0,0.33,KXHIGHTOKC-26AUG30-B102.5,0.636000470935783,0.32,no,price_out_of_range,2026-08-30 16:00:00+00:00,0.020000000000000018,2026-08-30
bounded,okc,skip,0.87,0.006643367789151311,KXHIGHTOKC-26AUG30,10.0,0.865,KXHIGHTOKC-26AUG30-B104.5,0.8766433677891513,0.86,no,price_out_of_range,2026-08-30 16:00:00+00:00,0.010000000000000009,2026-08-30
bounded,okc,skip,0.99,-0.10074275140226507,KXHIGHTOKC-26AUG30,10.0,0.985,KXHIGHTOKC-26AUG30-B98.5,0.8892572485977349,0.98,no,price_out_of_range,2026-08-30 16:00:00+00:00,0.010000000000000009,2026-08-30
upper_tail,okc,skip,1.0,-0.02427567509229933,KXHIGHTOKC-26AUG30,10.0,0.985,KXHIGHTOKC-26AUG30-T105,0.9757243249077007,0.97,no,price_out_of_range,2026-08-30 16:00:00+00:00,0.030000000000000027,2026-08-30
lower_tail,okc,skip,1.0,-0.021416152522717335,KXHIGHTOKC-26AUG30,10.0,0.995,KXHIGHTOKC-26AUG30-T98,0.9785838474772827,0.99,no,price_out_of_range,2026-08-30 16:00:00+00:00,0.010000000000000009,2026-08-30
bounded,aus,skip,0.4,0.22715122253013686,KXHIGHAUS-26AUG30,,0.385,KXHIGHAUS-26AUG30-B100.5,0.6271512225301369,0.37,no,price_out_of_range,2026-08-30 17:00:00+00:00,0.030000000000000027,2026-08-30
bounded,aus,skip,0.96,-0.0634216507354366,KXHIGHAUS-26AUG30,,0.95,KXHIGHAUS-26AUG30-B102.5,0.8965783492645634,0.94,no,price_out_of_range,2026-08-30 17:00:00+00:00,0.020000000000000018,2026-08-30
bounded,aus,skip,0.99,-0.10147452300911575,KXHIGHAUS-26AUG30,,0.98,KXHIGHAUS-26AUG30-B96.5,0.8885254769908842,0.97,no,price_out_of_range,2026-08-30 17:00:00+00:00,0.020000000000000018,2026-08-30
bounded,aus,skip,0.64,-0.017822190890995127,KXHIGHAUS-26AUG30,,0.63,KXHIGHAUS-26AUG30-B98.5,0.6221778091090049,0.62,no,ev_below_threshold,2026-08-30 17:00:00+00:00,0.020000000000000018,2026-08-30
upper_tail,aus,skip,1.0,-0.01630364998711631,KXHIGHAUS-26AUG30,,0.995,KXHIGHAUS-26AUG30-T103,0.9836963500128837,0.99,no,price_out_of_range,2026-08-30 17:00:00+00:00,0.010000000000000009,2026-08-30
lower_tail,aus,skip,1.0,-0.018129207907473077,KXHIGHAUS-26AUG30,,0.995,KXHIGHAUS-26AUG30-T96,0.9818707920925269,0.99,no,price_out_of_range,2026-08-30 17:00:00+00:00,0.010000000000000009,2026-08-30
bounded,den,skip,0.83,0.003779690644429512,KXHIGHDEN-26AUG30,,0.8049999999999999,KXHIGHDEN-26AUG30-B85.5,0.8337796906444295,0.78,no,price_out_of_range,2026-08-30 17:00:00+00:00,0.04999999999999993,2026-08-30
bounded,den,skip,0.47,0.15112431448933605,KXHIGHDEN-26AUG30,,0.45999999999999996,KXHIGHDEN-26AUG30-B87.5,0.621124314489336,0.45,no,price_out_of_range,2026-08-30 17:00:00+00:00,0.019999999999999962,2026-08-30
bounded,den,skip,0.9,-0.22215721541146782,KXHIGHDEN-26AUG30,,0.885,KXHIGHDEN-26AUG30-B89.5,0.6778427845885322,0.87,no,price_out_of_range,2026-08-30 17:00:00+00:00,0.030000000000000027,2026-08-30
bounded,den,skip,1.0,-0.08088504084687975,KXHIGHDEN-26AUG30,,0.985,KXHIGHDEN-26AUG30-B91.5,0.9191149591531202,0.97,no,price_out_of_range,2026-08-30 17:00:00+00:00,0.030000000000000027,2026-08-30
lower_tail,den,skip,0.95,0.014115124333252127,KXHIGHDEN-26AUG30,,0.94,KXHIGHDEN-26AUG30-T85,0.9641151243332521,0.93,no,price_out_of_range,2026-08-30 17:00:00+00:00,0.019999999999999907,2026-08-30
upper_tail,den,skip,1.0,-0.015976873208670028,KXHIGHDEN-26AUG30,,0.995,KXHIGHDEN-26AUG30-T92,0.98402312679133,0.99,no,price_out_of_range,2026-08-30 17:00:00+00:00,0.010000000000000009,2026-08-30
bounded,la,skip,1.0,-0.0009980039920159944,KXHIGHLAX-26AUG30,,0.995,KXHIGHLAX-26AUG30-B76.5,0.999001996007984,0.99,no,price_out_of_range,2026-08-30 17:00:00+00:00,0.010000000000000009,2026-08-30
bounded,la,skip,1.0,-0.03077605550356277,KXHIGHLAX-26AUG30,,0.995,KXHIGHLAX-26AUG30-B78.5,0.9692239444964372,0.99,no,price_out_of_range,2026-08-30 17:00:00+00:00,0.010000000000000009,2026-08-30
bounded,la,skip,0.98,-0.16567615058024643,KXHIGHLAX-26AUG30,,0.975,KXHIGHLAX-26AUG30-B80.5,0.8143238494197536,0.97,no,price_out_of_range,2026-08-30 17:00:00+00:00,0.010000000000000009,2026-08-30
bounded,la,skip,0.84,-0.2887025618066569,KXHIGHLAX-26AUG30,,0.83,KXHIGHLAX-26AUG30-B82.5,0.5512974381933431,0.82,no,price_out_of_range,2026-08-30 17:00:00+00:00,0.020000000000000018,2026-08-30
lower_tail,la,skip,1.0,-0.0009980039920159944,KXHIGHLAX-26AUG30,,0.995,KXHIGHLAX-26AUG30-T76,0.999001996007984,0.99,no,price_out_of_range,2026-08-30 17:00:00+00:00,0.010000000000000009,2026-08-30
upper_tail,la,skip,0.2,0.4671507758744981,KXHIGHLAX-26AUG30,,0.19,KXHIGHLAX-26AUG30-T83,0.6671507758744981,0.18,no,price_out_of_range,2026-08-30 17:00:00+00:00,0.020000000000000018,2026-08-30
bounded,mia,skip,1.0,-0.038313535239545615,KXHIGHMIA-26AUG30,,0.995,KXHIGHMIA-26AUG30-B87.5,0.9616864647604544,0.99,no,price_out_of_range,2026-08-30 17:00:00+00:00,0.010000000000000009,2026-08-30
bounded,mia,buy,0.52,0.03703862244429368,KXHIGHMIA-26AUG30,,0.5,KXHIGHMIA-26AUG30-B89.5,0.5570386224442937,0.48,no,,2026-08-30 17:00:00+00:00,0.040000000000000036,2026-08-30
bounded,mia,buy,0.53,0.04509197031663503,KXHIGHMIA-26AUG30,,0.515,KXHIGHMIA-26AUG30-B91.5,0.5750919703166351,0.5,no,,2026-08-30 17:00:00+00:00,0.030000000000000027,2026-08-30
bounded,mia,skip,0.96,-0.051821049537351116,KXHIGHMIA-26AUG30,,0.95,KXHIGHMIA-26AUG30-B93.5,0.9081789504626488,0.94,no,price_out_of_range,2026-08-30 17:00:00+00:00,0.020000000000000018,2026-08-30
lower_tail,mia,skip,1.0,-0.0009980039920159944,KXHIGHMIA-26AUG30,,0.995,KXHIGHMIA-26AUG30-T87,0.999001996007984,0.99,no,price_out_of_range,2026-08-30 17:00:00+00:00,0.010000000000000009,2026-08-30
upper_tail,mia,skip,1.0,-0.0009980039920159944,KXHIGHMIA-26AUG30,,0.995,KXHIGHMIA-26AUG30-T94,0.999001996007984,0.99,no,price_out_of_range,2026-08-30 17:00:00+00:00,0.010000000000000009,2026-08-30
bounded,nyc,skip,0.92,-0.3497817675575009,KXHIGHNY-26AUG30,12.0,0.905,KXHIGHNY-26AUG30-B82.5,0.5702182324424991,0.89,no,price_out_of_range,2026-08-30 17:00:00+00:00,0.030000000000000027,2026-08-30
bounded,nyc,skip,0.98,-0.2653269941098234,KXHIGHNY-26AUG30,12.0,0.975,KXHIGHNY-26AUG30-B84.5,0.7146730058901766,0.97,no,price_out_of_range,2026-08-30 17:00:00+00:00,0.010000000000000009,2026-08-30
bounded,nyc,skip,1.0,-0.053123114763243384,KXHIGHNY-26AUG30,12.0,0.995,KXHIGHNY-26AUG30-B86.5,0.9468768852367566,0.99,no,price_out_of_range,2026-08-30 17:00:00+00:00,0.010000000000000009,2026-08-30
bounded,nyc,skip,1.0,-0.0009980039920159944,KXHIGHNY-26AUG30,12.0,0.995,KXHIGHNY-26AUG30-B88.5,0.999001996007984,0.99,no,price_out_of_range,2026-08-30 17:00:00+00:00,0.010000000000000009,2026-08-30
lower_tail,nyc,skip,0.11,0.6602278844145996,KXHIGHNY-26AUG30,12.0,0.095,KXHIGHNY-26AUG30-T82,0.7702278844145996,0.08,no,price_out_of_range,2026-08-30 17:00:00+00:00,0.03,2026-08-30
upper_tail,nyc,skip,1.0,-0.0009980039920159944,KXHIGHNY-26AUG30,12.0,0.995,KXHIGHNY-26AUG30-T89,0.999001996007984,0.99,no,price_out_of_range,2026-08-30 17:00:00+00:00,0.010000000000000009,2026-08-30
bounded,okc,skip,0.84,-0.23979091326866542,KXHIGHTOKC-26AUG30,11.0,0.7949999999999999,KXHIGHTOKC-26AUG30-B100.5,0.6002090867313346,0.75,no,price_out_of_range,2026-08-30 17:00:00+00:00,0.08999999999999997,2026-08-30
bounded,okc,skip,0.35,0.27424855376526247,KXHIGHTOKC-26AUG30,11.0,0.305,KXHIGHTOKC-26AUG30-B102.5,0.6242485537652624,0.26,no,price_out_of_range,2026-08-30 17:00:00+00:00,0.08999999999999997,2026-08-30
bounded,okc,skip,0.9,0.00934344772065987,KXHIGHTOKC-26AUG30,11.0,0.89,KXHIGHTOKC-26AUG30-B104.5,0.9093434477206599,0.88,no,price_out_of_range,2026-08-30 17:00:00+00:00,0.020000000000000018,2026-08-30
bounded,okc,skip,0.99,-0.10983034370535083,KXHIGHTOKC-26AUG30,11.0,0.985,KXHIGHTOKC-26AUG30-B98.5,0.8801696562946492,0.98,no,price_out_of_range,2026-08-30 17:00:00+00:00,0.010000000000000009,2026-08-30
upper_tail,okc,skip,1.0,-0.012971743512904976,KXHIGHTOKC-26AUG30,11.0,0.995,KXHIGHTOKC-26AUG30-T105,0.987028256487095,0.99,no,price_out_of_range,2026-08-30 17:00:00+00:00,0.010000000000000009,2026-08-30
lower_tail,okc,skip,1.0,-0.0009990009990009652,KXHIGHTOKC-26AUG30,11.0,0.995,KXHIGHTOKC-26AUG30-T98,0.999000999000999,0.99,no,price_out_of_range,2026-08-30 17:00:00+00:00,0.010000000000000009,2026-08-30
bounded,aus,buy,0.52,0.10294564868284262,KXHIGHAUS-26AUG30,,0.515,KXHIGHAUS-26AUG30-B100.5,0.6229456486828426,0.51,no,,2026-08-30 18:00:00+00:00,0.010000000000000009,2026-08-30
bounded,aus,skip,0.96,-0.05513814185849697,KXHIGHAUS-26AUG30,,0.95,KXHIGHAUS-26AUG30-B102.5,0.904861858141503,0.94,no,price_out_of_range,2026-08-30 18:00:00+00:00,0.020000000000000018,2026-08-30
bounded,aus,skip,1.0,-0.11129900888030475,KXHIGHAUS-26AUG30,,0.99,KXHIGHAUS-26AUG30-B96.5,0.8887009911196952,0.98,no,price_out_of_range,2026-08-30 18:00:00+00:00,0.020000000000000018,2026-08-30
bounded,aus,buy,0.5,0.11296477847755049,KXHIGHAUS-26AUG30,,0.495,KXHIGHAUS-26AUG30-B98.5,0.6129647784775505,0.49,no,,2026-08-30 18:00:00+00:00,0.010000000000000009,2026-08-30
upper_tail,aus,skip,1.0,-0.012904832254557963,KXHIGHAUS-26AUG30,,0.995,KXHIGHAUS-26AUG30-T103,0.987095167745442,0.99,no,price_out_of_range,2026-08-30 18:00:00+00:00,0.010000000000000009,2026-08-30
lower_tail,aus,skip,1.0,-0.016568444167033514,KXHIGHAUS-26AUG30,,0.995,KXHIGHAUS-26AUG30-T96,0.9834315558329665,0.99,no,price_out_of_range,2026-08-30 18:00:00+00:00,0.010000000000000009,2026-08-30
bounded,den,skip,0.79,0.02820383607729171,KXHIGHDEN-26AUG30,,0.75,KXHIGHDEN-26AUG30-B85.5,0.8182038360772917,0.71,no,price_out_of_range,2026-08-30 18:00:00+00:00,0.08000000000000007,2026-08-30
bounded,den,skip,0.46,0.14043000381961318,KXHIGHDEN-26AUG30,,0.445,KXHIGHDEN-26AUG30-B87.5,0.6004300038196132,0.43,no,price_out_of_range,2026-08-30 18:00:00+00:00,0.030000000000000027,2026-08-30
bounded,den,skip,0.89,-0.19272267624941664,KXHIGHDEN-26AUG30,,0.875,KXHIGHDEN-26AUG30-B89.5,0.6972773237505834,0.86,no,price_out_of_range,2026-08-30 18:00:00+00:00,0.030000000000000027,2026-08-30
bounded,den,skip,1.0,-0.06994186876295694,KXHIGHDEN-26AUG30,,0.99,KXHIGHDEN-26AUG30-B91.5,0.9300581312370431,0.98,no,price_out_of_range,2026-08-30 18:00:00+00:00,0.020000000000000018,2026-08-30
lower_tail,den,skip,0.95,0.012391195858488468,KXHIGHDEN-26AUG30,,0.935,KXHIGHDEN-26AUG30-T85,0.9623911958584884,0.92,no,price_out_of_range,2026-08-30 18:00:00+00:00,0.029999999999999916,2026-08-30
upper_tail,den,skip,1.0,-0.00836049074301981,KXHIGHDEN-26AUG30,,0.995,KXHIGHDEN-26AUG30-T92,0.9916395092569802,0.99,no,price_out_of_range,2026-08-30 18:00:00+00:00,0.010000000000000009,2026-08-30
bounded,la,skip,1.0,-0.0009960159362549792,KXHIGHLAX-26AUG30,,0.995,KXHIGHLAX-26AUG30-B76.5,0.999003984063745,0.99,no,price_out_of_range,2026-08-30 18:00:00+00:00,0.010000000000000009,2026-08-30
bounded,la,skip,1.0,-0.0009960159362549792,KXHIGHLAX-26AUG30,,0.995,KXHIGHLAX-26AUG30-B78.5,0.999003984063745,0.99,no,price_out_of_range,2026-08-30 18:00:00+00:00,0.010000000000000009,2026-08-30
bounded,la,skip,1.0,-0.0009960159362549792,KXHIGHLAX-26AUG30,,0.995,KXHIGHLAX-26AUG30-B80.5,0.999003984063745,0.99,no,price_out_of_range,2026-08-30 18:00:00+00:00,0.010000000000000009,2026-08-30
bounded,la,skip,0.78,-0.4355992433929964,KXHIGHLAX-26AUG30,,0.765,KXHIGHLAX-26AUG30-B82.5,0.34440075660700364,0.75,no,price_out_of_range,2026-08-30 18:00:00+00:00,0.030000000000000027,2026-08-30
lower_tail,la,skip,1.0,-0.0009960159362549792,KXHIGHLAX-26AUG30,,0.995,KXHIGHLAX-26AUG30-T76,0.999003984063745,0.99,no,price_out_of_range,2026-08-30 18:00:00+00:00,0.010000000000000009,2026-08-30
upper_tail,la,skip,0.25,0.4095833071380164,KXHIGHLAX-26AUG30,,0.22999999999999998,KXHIGHLAX-26AUG30-T83,0.6595833071380164,0.21,no,price_out_of_range,2026-08-30 18:00:00+00:00,0.04000000000000001,2026-08-30
bounded,mia,skip,1.0,-0.0009970089730807485,KXHIGHMIA-26AUG30,,0.995,KXHIGHMIA-26AUG30-B87.5,0.9990029910269193,0.99,no,price_out_of_range,2026-08-30 18:00:00+00:00,0.010000000000000009,2026-08-30
bounded,mia,skip,1.0,-0.4495553609909746,KXHIGHMIA-26AUG30,,0.995,KXHIGHMIA-26AUG30-B89.5,0.5504446390090254,0.99,no,price_out_of_range,2026-08-30 18:00:00+00:00,0.010000000000000009,2026-08-30
bounded,mia,skip,0.14,0.41253129973564817,KXHIGHMIA-26AUG30,,0.12000000000000001,KXHIGHMIA-26AUG30-B91.5,0.5525312997356482,0.1,no,price_out_of_range,2026-08-30 18:00:00+00:00,0.04000000000000001,2026-08-30
bounded,mia,skip,0.91,-0.009984911825431375,KXHIGHMIA-26AUG30,,0.895,KXHIGHMIA-26AUG30-B93.5,0.9000150881745687,0.88,no,price_out_of_range,2026-08-30 18:00:00+00:00,0.030000000000000027,2026-08-30
lower_tail,mia,skip,1.0,-0.0009970089730807485,KXHIGHMIA-26AUG30,,0.995,KXHIGHMIA-26AUG30-T87,0.9990029910269193,0.99,no,price_out_of_range,2026-08-30 18:00:00+00:00,0.010000000000000009,2026-08-30
upper_tail,mia,skip,1.0,-0.0009970089730807485,KXHIGHMIA-26AUG30,,0.995,KXHIGHMIA-26AUG30-T94,0.9990029910269193,0.99,no,price_out_of_range,2026-08-30 18:00:00+00:00,0.010000000000000009,2026-08-30
bounded,nyc,skip,0.95,-0.3880526377185005,KXHIGHNY-26AUG30,13.0,0.935,KXHIGHNY-26AUG30-B82.5,0.5619473622814994,0.92,no,price_out_of_range,2026-08-30 18:00:00+00:00,0.029999999999999916,2026-08-30
bounded,nyc,skip,0.99,-0.2686433863786346,KXHIGHNY-26AUG30,13.0,0.985,KXHIGHNY-26AUG30-B84.5,0.7213566136213654,0.98,no,price_out_of_range,2026-08-30 18:00:00+00:00,0.010000000000000009,2026-08-30
bounded,nyc,skip,1.0,-0.04876457735457618,KXHIGHNY-26AUG30,13.0,0.995,KXHIGHNY-26AUG30-B86.5,0.9512354226454238,0.99,no,price_out_of_range,2026-08-30 18:00:00+00:00,0.010000000000000009,2026-08-30
bounded,nyc,skip,1.0,-0.0009980039920159944,KXHIGHNY-26AUG30,13.0,0.995,KXHIGHNY-26AUG30-B88.5,0.999001996007984,0.99,no,price_out_of_range,2026-08-30 18:00:00+00:00,0.010000000000000009,2026-08-30
lower_tail,nyc,skip,0.07,0.6974566094357433,KXHIGHNY-26AUG30,13.0,0.060000000000000005,KXHIGHNY-26AUG30-T82,0.7674566094357433,0.05,no,price_out_of_range,2026-08-30 18:00:00+00:00,0.020000000000000004,2026-08-30
upper_tail,nyc,skip,1.0,-0.0009980039920159944,KXHIGHNY-26AUG30,13.0,0.995,KXHIGHNY-26AUG30-T89,0.999001996007984,0.99,no,price_out_of_range,2026-08-30 18:00:00+00:00,0.010000000000000009,2026-08-30
bounded,okc,skip,0.84,-0.2477482919116184,KXHIGHTOKC-26AUG30,12.0,0.79,KXHIGHTOKC-26AUG30-B100.5,0.5922517080883816,0.74,no,price_out_of_range,2026-08-30 18:00:00+00:00,0.09999999999999998,2026-08-30
bounded,okc,skip,0.3,0.3170754160057327,KXHIGHTOKC-26AUG30,12.0,0.28,KXHIGHTOKC-26AUG30-B102.5,0.6170754160057327,0.26,no,price_out_of_range,2026-08-30 18:00:00+00:00,0.03999999999999998,2026-08-30
bounded,okc,skip,0.98,-0.06892042348411842,KXHIGHTOKC-26AUG30,12.0,0.9199999999999999,KXHIGHTOKC-26AUG30-B104.5,0.9110795765158816,0.86,no,spread_too_wide,2026-08-30 18:00:00+00:00,0.12,2026-08-30
bounded,okc,skip,1.0,-0.11004678557597913,KXHIGHTOKC-26AUG30,12.0,0.995,KXHIGHTOKC-26AUG30-B98.5,0.8899532144240209,0.99,no,price_out_of_range,2026-08-30 18:00:00+00:00,0.010000000000000009,2026-08-30
upper_tail,okc,skip,1.0,-0.00936091403501571,KXHIGHTOKC-26AUG30,12.0,0.995,KXHIGHTOKC-26AUG30-T105,0.9906390859649843,0.99,no,price_out_of_range,2026-08-30 18:00:00+00:00,0.010000000000000009,2026-08-30
lower_tail,okc,skip,1.0,-0.0009990009990009652,KXHIGHTOKC-26AUG30,12.0,0.995,KXHIGHTOKC-26AUG30-T98,0.999000999000999,0.99,no,price_out_of_range,2026-08-30 18:00:00+00:00,0.010000000000000009,2026-08-30
bounded,aus,buy,0.57,0.04185381478790651,KXHIGHAUS-26AUG30,,0.53,KXHIGHAUS-26AUG30-B100.5,0.6118538147879065,0.49,no,,2026-08-30 19:00:00+00:00,0.07999999999999996,2026-08-30
bounded,aus,skip,0.98,-0.06744918118432464,KXHIGHAUS-26AUG30,,0.975,KXHIGHAUS-26AUG30-B102.5,0.9125508188156753,0.97,no,price_out_of_range,2026-08-30 19:00:00+00:00,0.010000000000000009,2026-08-30
bounded,aus,skip,0.99,-0.08960022831685777,KXHIGHAUS-26AUG30,,0.985,KXHIGHAUS-26AUG30-B96.5,0.9003997716831422,0.98,no,price_out_of_range,2026-08-30 19:00:00+00:00,0.010000000000000009,2026-08-30
bounded,aus,buy,0.53,0.05246683335828761,KXHIGHAUS-26AUG30,,0.515,KXHIGHAUS-26AUG30-B98.5,0.5824668333582876,0.5,no,,2026-08-30 19:00:00+00:00,0.030000000000000027,2026-08-30
upper_tail,aus,skip,1.0,-0.006272237646010481,KXHIGHAUS-26AUG30,,0.995,KXHIGHAUS-26AUG30-T103,0.9937277623539895,0.99,no,price_out_of_range,2026-08-30 19:00:00+00:00,0.010000000000000009,2026-08-30
lower_tail,aus,skip,1.0,-0.0009990009990009652,KXHIGHAUS-26AUG30,,0.995,KXHIGHAUS-26AUG30-T96,0.999000999000999,0.99,no,price_out_of_range,2026-08-30 19:00:00+00:00,0.010000000000000009,2026-08-30
bounded,den,skip,0.73,0.09674791624553591,KXHIGHDEN-26AUG30,,0.725,KXHIGHDEN-26AUG30-B85.5,0.8267479162455359,0.72,no,price_out_of_range,2026-08-30 19:00:00+00:00,0.010000000000000009,2026-08-30
bounded,den,skip,0.48,0.10817703834875081,KXHIGHDEN-26AUG30,,0.45999999999999996,KXHIGHDEN-26AUG30-B87.5,0.5881770383487508,0.44,no,price_out_of_range,2026-08-30 19:00:00+00:00,0.03999999999999998,2026-08-30
bounded,den,skip,0.93,-0.24045130608143417,KXHIGHDEN-26AUG30,,0.905,KXHIGHDEN-26AUG30-B89.5,0.6895486939185659,0.88,no,price_out_of_range,2026-08-30 19:00:00+00:00,0.050000000000000044,2026-08-30
bounded,den,skip,1.0,-0.0678312735297224,KXHIGHDEN-26AUG30,,0.99,KXHIGHDEN-26AUG30-B91.5,0.9321687264702776,0.98,no,price_out_of_range,2026-08-30 19:00:00+00:00,0.020000000000000018,2026-08-30
lower_tail,den,skip,0.93,0.037188433875339655,KXHIGHDEN-26AUG30,,0.92,KXHIGHDEN-26AUG30-T85,0.9671884338753397,0.91,no,price_out_of_range,2026-08-30 19:00:00+00:00,0.020000000000000018,2026-08-30
upper_tail,den,skip,1.0,-0.0038308088584699806,KXHIGHDEN-26AUG30,,0.995,KXHIGHDEN-26AUG30-T92,0.99616919114153,0.99,no,price_out_of_range,2026-08-30 19:00:00+00:00,0.010000000000000009,2026-08-30
bounded,la,skip,1.0,-0.0009960159362549792,KXHIGHLAX-26AUG30,,0.995,KXHIGHLAX-26AUG30-B76.5,0.999003984063745,0.99,no,price_out_of_range,2026-08-30 19:00:00+00:00,0.010000000000000009,2026-08-30
bounded,la,skip,1.0,-0.0009960159362549792,KXHIGHLAX-26AUG30,,0.995,KXHIGHLAX-26AUG30-B78.5,0.999003984063745,0.99,no,price_out_of_range,2026-08-30 19:00:00+00:00,0.010000000000000009,2026-08-30
bounded,la,skip,1.0,-0.0009960159362549792,KXHIGHLAX-26AUG30,,0.995,KXHIGHLAX-26AUG30-B80.5,0.999003984063745,0.99,no,price_out_of_range,2026-08-30 19:00:00+00:00,0.010000000000000009,2026-08-30
bounded,la,skip,1.0,-0.10092584819403438,KXHIGHLAX-26AUG30,,0.995,KXHIGHLAX-26AUG30-B82.5,0.8990741518059656,0.99,no,price_out_of_range,2026-08-30 19:00:00+00:00,0.010000000000000009,2026-08-30
lower_tail,la,skip,1.0,-0.0009960159362549792,KXHIGHLAX-26AUG30,,0.995,KXHIGHLAX-26AUG30-T76,0.999003984063745,0.99,no,price_out_of_range,2026-08-30 19:00:00+00:00,0.010000000000000009,2026-08-30
upper_tail,la,skip,0.01,0.0949099119390542,KXHIGHLAX-26AUG30,,0.005,KXHIGHLAX-26AUG30-T83,0.10490991193905419,0.0,no,price_out_of_range,2026-08-30 19:00:00+00:00,0.01,2026-08-30
bounded,mia,skip,1.0,-0.0009980039920159944,KXHIGHMIA-26AUG30,,0.995,KXHIGHMIA-26AUG30-B87.5,0.999001996007984,0.99,no,price_out_of_range,2026-08-30 19:00:00+00:00,0.010000000000000009,2026-08-30
bounded,mia,skip,1.0,-0.1298567456448323,KXHIGHMIA-26AUG30,,0.985,KXHIGHMIA-26AUG30-B89.5,0.8701432543551677,0.97,no,price_out_of_range,2026-08-30 19:00:00+00:00,0.030000000000000027,2026-08-30
bounded,mia,skip,0.14,0.2932231362291017,KXHIGHMIA-26AUG30,,0.11000000000000001,KXHIGHMIA-26AUG30-B91.5,0.4332231362291017,0.08,no,price_out_of_range,2026-08-30 19:00:00+00:00,0.06000000000000001,2026-08-30
bounded,mia,skip,0.95,-0.21875239408459768,KXHIGHMIA-26AUG30,,0.9099999999999999,KXHIGHMIA-26AUG30-B93.5,0.7312476059154023,0.87,no,price_out_of_range,2026-08-30 19:00:00+00:00,0.07999999999999996,2026-08-30
lower_tail,mia,skip,1.0,-0.0009980039920159944,KXHIGHMIA-26AUG30,,0.995,KXHIGHMIA-26AUG30-T87,0.999001996007984,0.99,no,price_out_of_range,2026-08-30 19:00:00+00:00,0.010000000000000009,2026-08-30
upper_tail,mia,skip,1.0,-0.032617988515639684,KXHIGHMIA-26AUG30,,0.995,KXHIGHMIA-26AUG30-T94,0.9673820114843603,0.99,no,price_out_of_range,2026-08-30 19:00:00+00:00,0.010000000000000009,2026-08-30
bounded,nyc,skip,0.96,-0.41188460455881737,KXHIGHNY-26AUG30,14.0,0.95,KXHIGHNY-26AUG30-B82.5,0.5481153954411826,0.94,no,price_out_of_range,2026-08-30 19:00:00+00:00,0.020000000000000018,2026-08-30
bounded,nyc,skip,1.0,-0.2211093847945812,KXHIGHNY-26AUG30,14.0,0.995,KXHIGHNY-26AUG30-B84.5,0.7788906152054188,0.99,no,price_out_of_range,2026-08-30 19:00:00+00:00,0.010000000000000009,2026-08-30
bounded,nyc,skip,1.0,-0.039959535506751354,KXHIGHNY-26AUG30,14.0,0.995,KXHIGHNY-26AUG30-B86.5,0.9600404644932486,0.99,no,price_out_of_range,2026-08-30 19:00:00+00:00,0.010000000000000009,2026-08-30
bounded,nyc,skip,1.0,-0.0009980039920159944,KXHIGHNY-26AUG30,14.0,0.995,KXHIGHNY-26AUG30-B88.5,0.999001996007984,0.99,no,price_out_of_range,2026-08-30 19:00:00+00:00,0.010000000000000009,2026-08-30
lower_tail,nyc,skip,0.06,0.6549495328441819,KXHIGHNY-26AUG30,14.0,0.05,KXHIGHNY-26AUG30-T82,0.714949532844182,0.04,no,price_out_of_range,2026-08-30 19:00:00+00:00,0.019999999999999997,2026-08-30
upper_tail,nyc,skip,1.0,-0.0009980039920159944,KXHIGHNY-26AUG30,14.0,0.995,KXHIGHNY-26AUG30-T89,0.999001996007984,0.99,no,price_out_of_range,2026-08-30 19:00:00+00:00,0.010000000000000009,2026-08-30
bounded,okc,skip,1.0,-0.07156986631482609,KXHIGHTOKC-26AUG30,13.0,0.995,KXHIGHTOKC-26AUG30-B100.5,0.9284301336851739,0.99,no,price_out_of_range,2026-08-30 19:00:00+00:00,0.010000000000000009,2026-08-30
bounded,okc,skip,0.36,0.0830603723940656,KXHIGHTOKC-26AUG30,13.0,0.32,KXHIGHTOKC-26AUG30-B102.5,0.4430603723940656,0.28,no,price_out_of_range,2026-08-30 19:00:00+00:00,0.07999999999999996,2026-08-30
bounded,okc,skip,0.7,-0.021056420431095013,KXHIGHTOKC-26AUG30,13.0,0.6799999999999999,KXHIGHTOKC-26AUG30-B104.5,0.6789435795689049,0.66,no,price_out_of_range,2026-08-30 19:00:00+00:00,0.039999999999999925,2026-08-30
bounded,okc,skip,1.0,-0.0009980039920159944,KXHIGHTOKC-26AUG30,13.0,0.995,KXHIGHTOKC-26AUG30-B98.5,0.999001996007984,0.99,no,price_out_of_range,2026-08-30 19:00:00+00:00,0.010000000000000009,2026-08-30
upper_tail,okc,skip,1.0,-0.048438077664112456,KXHIGHTOKC-26AUG30,13.0,0.995,KXHIGHTOKC-26AUG30-T105,0.9515619223358875,0.99,no,price_out_of_range,2026-08-30 19:00:00+00:00,0.010000000000000009,2026-08-30
lower_tail,okc,skip,1.0,-0.0009980039920159944,KXHIGHTOKC-26AUG30,13.0,0.995,KXHIGHTOKC-26AUG30-T98,0.999001996007984,0.99,no,price_out_of_range,2026-08-30 19:00:00+00:00,0.010000000000000009,2026-08-30
bounded,aus,skip,0.38,0.22875419394815355,KXHIGHAUS-26AUG30,,0.37,KXHIGHAUS-26AUG30-B100.5,0.6087541939481536,0.36,no,price_out_of_range,2026-08-30 20:00:00+00:00,0.020000000000000018,2026-08-30
bounded,aus,skip,0.99,-0.07615359947604106,KXHIGHAUS-26AUG30,,0.98,KXHIGHAUS-26AUG30-B102.5,0.9138464005239589,0.97,no,price_out_of_range,2026-08-30 20:00:00+00:00,0.020000000000000018,2026-08-30
bounded,aus,skip,1.0,-0.09470228550939974,KXHIGHAUS-26AUG30,,0.995,KXHIGHAUS-26AUG30-B96.5,0.9052977144906003,0.99,no,price_out_of_range,2026-08-30 20:00:00+00:00,0.010000000000000009,2026-08-30
bounded,aus,skip,0.63,-0.05298502115944259,KXHIGHAUS-26AUG30,,0.615,KXHIGHAUS-26AUG30-B98.5,0.5770149788405574,0.6,no,ev_below_threshold,2026-08-30 20:00:00+00:00,0.030000000000000027,2026-08-30
upper_tail,aus,skip,1.0,-0.003914286804269418,KXHIGHAUS-26AUG30,,0.995,KXHIGHAUS-26AUG30-T103,0.9960857131957306,0.99,no,price_out_of_range,2026-08-30 20:00:00+00:00,0.010000000000000009,2026-08-30
lower_tail,aus,skip,1.0,-0.0009990009990009652,KXHIGHAUS-26AUG30,,0.995,KXHIGHAUS-26AUG30-T96,0.999000999000999,0.99,no,price_out_of_range,2026-08-30 20:00:00+00:00,0.010000000000000009,2026-08-30
bounded,den,buy,0.61,0.22370652928064683,KXHIGHDEN-26AUG30,,0.585,KXHIGHDEN-26AUG30-B85.5,0.8337065292806468,0.56,no,,2026-08-30 20:00:00+00:00,0.04999999999999993,2026-08-30
bounded,den,buy,0.52,0.057961392613659624,KXHIGHDEN-26AUG30,,0.505,KXHIGHDEN-26AUG30-B87.5,0.5779613926136596,0.49,no,,2026-08-30 20:00:00+00:00,0.030000000000000027,2026-08-30
bounded,den,skip,0.94,-0.25616778599227596,KXHIGHDEN-26AUG30,,0.9199999999999999,KXHIGHDEN-26AUG30-B89.5,0.683832214007724,0.9,no,price_out_of_range,2026-08-30 20:00:00+00:00,0.039999999999999925,2026-08-30
bounded,den,skip,1.0,-0.06567841655585038,KXHIGHDEN-26AUG30,,0.995,KXHIGHDEN-26AUG30-B91.5,0.9343215834441496,0.99,no,price_out_of_range,2026-08-30 20:00:00+00:00,0.010000000000000009,2026-08-30
lower_tail,den,skip,0.96,0.011177281652820836,KXHIGHDEN-26AUG30,,0.95,KXHIGHDEN-26AUG30-T85,0.9711772816528208,0.94,no,price_out_of_range,2026-08-30 20:00:00+00:00,0.020000000000000018,2026-08-30
upper_tail,den,skip,1.0,-0.0009990009990009652,KXHIGHDEN-26AUG30,,0.995,KXHIGHDEN-26AUG30-T92,0.999000999000999,0.99,no,price_out_of_range,2026-08-30 20:00:00+00:00,0.010000000000000009,2026-08-30
bounded,la,skip,1.0,-0.0009960159362549792,KXHIGHLAX-26AUG30,,0.995,KXHIGHLAX-26AUG30-B76.5,0.999003984063745,0.99,no,price_out_of_range,2026-08-30 20:00:00+00:00,0.010000000000000009,2026-08-30
bounded,la,skip,1.0,-0.0009960159362549792,KXHIGHLAX-26AUG30,,0.995,KXHIGHLAX-26AUG30-B78.5,0.999003984063745,0.99,no,price_out_of_range,2026-08-30 20:00:00+00:00,0.010000000000000009,2026-08-30
bounded,la,skip,1.0,-0.0009960159362549792,KXHIGHLAX-26AUG30,,0.995,KXHIGHLAX-26AUG30-B80.5,0.999003984063745,0.99,no,price_out_of_range,2026-08-30 20:00:00+00:00,0.010000000000000009,2026-08-30
bounded,la,skip,1.0,-0.10458488205580063,KXHIGHLAX-26AUG30,,0.995,KXHIGHLAX-26AUG30-B82.5,0.8954151179441994,0.99,no,price_out_of_range,2026-08-30 20:00:00+00:00,0.010000000000000009,2026-08-30
lower_tail,la,skip,1.0,-0.0009960159362549792,KXHIGHLAX-26AUG30,,0.995,KXHIGHLAX-26AUG30-T76,0.999003984063745,0.99,no,price_out_of_range,2026-08-30 20:00:00+00:00,0.010000000000000009,2026-08-30
upper_tail,la,skip,0.01,0.09856894580082055,KXHIGHLAX-26AUG30,,0.005,KXHIGHLAX-26AUG30-T83,0.10856894580082055,0.0,no,price_out_of_range,2026-08-30 20:00:00+00:00,0.01,2026-08-30
bounded,mia,skip,1.0,-0.0009980039920159944,KXHIGHMIA-26AUG30,,0.995,KXHIGHMIA-26AUG30-B87.5,0.999001996007984,0.99,no,price_out_of_range,2026-08-30 20:00:00+00:00,0.010000000000000009,2026-08-30
bounded,mia,skip,0.98,-0.1080018855803867,KXHIGHMIA-26AUG30,,0.9450000000000001,KXHIGHMIA-26AUG30-B89.5,0.8719981144196133,0.91,no,price_out_of_range,2026-08-30 20:00:00+00:00,0.06999999999999995,2026-08-30
bounded,mia,skip,0.1,0.3303127779716989,KXHIGHMIA-26AUG30,,0.095,KXHIGHMIA-26AUG30-B91.5,0.43031277797169887,0.09,no,price_out_of_range,2026-08-30 20:00:00+00:00,0.010000000000000009,2026-08-30
bounded,mia,skip,0.97,-0.2384665615376278,KXHIGHMIA-26AUG30,,0.965,KXHIGHMIA-26AUG30-B93.5,0.7315334384623722,0.96,no,price_out_of_range,2026-08-30 20:00:00+00:00,0.010000000000000009,2026-08-30
lower_tail,mia,skip,1.0,-0.0009980039920159944,KXHIGHMIA-26AUG30,,0.995,KXHIGHMIA-26AUG30-T87,0.999001996007984,0.99,no,price_out_of_range,2026-08-30 20:00:00+00:00,0.010000000000000009,2026-08-30
upper_tail,mia,skip,1.0,-0.031848322869652224,KXHIGHMIA-26AUG30,,0.995,KXHIGHMIA-26AUG30-T94,0.9681516771303478,0.99,no,price_out_of_range,2026-08-30 20:00:00+00:00,0.010000000000000009,2026-08-30
bounded,nyc,skip,0.95,-0.39451614864651896,KXHIGHNY-26AUG30,15.0,0.935,KXHIGHNY-26AUG30-B82.5,0.555483851353481,0.92,no,price_out_of_range,2026-08-30 20:00:00+00:00,0.029999999999999916,2026-08-30
bounded,nyc,skip,1.0,-0.28195666490140114,KXHIGHNY-26AUG30,15.0,0.995,KXHIGHNY-26AUG30-B84.5,0.7180433350985989,0.99,no,price_out_of_range,2026-08-30 20:00:00+00:00,0.010000000000000009,2026-08-30
bounded,nyc,skip,1.0,-0.0477078285792093,KXHIGHNY-26AUG30,15.0,0.995,KXHIGHNY-26AUG30-B86.5,0.9522921714207907,0.99,no,price_out_of_range,2026-08-30 20:00:00+00:00,0.010000000000000009,2026-08-30
bounded,nyc,skip,1.0,-0.0009980039920159944,KXHIGHNY-26AUG30,15.0,0.995,KXHIGHNY-26AUG30-B88.5,0.999001996007984,0.99,no,price_out_of_range,2026-08-30 20:00:00+00:00,0.010000000000000009,2026-08-30
lower_tail,nyc,skip,0.07,0.7061766501111615,KXHIGHNY-26AUG30,15.0,0.060000000000000005,KXHIGHNY-26AUG30-T82,0.7761766501111614,0.05,no,price_out_of_range,2026-08-30 20:00:00+00:00,0.020000000000000004,2026-08-30
upper_tail,nyc,skip,1.0,-0.0009980039920159944,KXHIGHNY-26AUG30,15.0,0.995,KXHIGHNY-26AUG30-T89,0.999001996007984,0.99,no,price_out_of_range,2026-08-30 20:00:00+00:00,0.010000000000000009,2026-08-30
bounded,okc,skip,1.0,-0.0701108427790672,KXHIGHTOKC-26AUG30,14.0,0.995,KXHIGHTOKC-26AUG30-B100.5,0.9298891572209328,0.99,no,price_out_of_range,2026-08-30 20:00:00+00:00,0.010000000000000009,2026-08-30
bounded,okc,skip,0.54,-0.10119238007766174,KXHIGHTOKC-26AUG30,14.0,0.52,KXHIGHTOKC-26AUG30-B102.5,0.4388076199223383,0.5,no,ev_below_threshold,2026-08-30 20:00:00+00:00,0.040000000000000036,2026-08-30
bounded,okc,buy,0.55,0.12912555929040237,KXHIGHTOKC-26AUG30,14.0,0.505,KXHIGHTOKC-26AUG30-B104.5,0.6791255592904024,0.46,no,,2026-08-30 20:00:00+00:00,0.09000000000000002,2026-08-30
bounded,okc,skip,1.0,-0.0009980039920159944,KXHIGHTOKC-26AUG30,14.0,0.995,KXHIGHTOKC-26AUG30-B98.5,0.999001996007984,0.99,no,price_out_of_range,2026-08-30 20:00:00+00:00,0.010000000000000009,2026-08-30
upper_tail,okc,skip,1.0,-0.04582632844964163,KXHIGHTOKC-26AUG30,14.0,0.98,KXHIGHTOKC-26AUG30-T105,0.9541736715503584,0.96,no,price_out_of_range,2026-08-30 20:00:00+00:00,0.040000000000000036,2026-08-30
lower_tail,okc,skip,1.0,-0.0009980039920159944,KXHIGHTOKC-26AUG30,14.0,0.995,KXHIGHTOKC-26AUG30-T98,0.999001996007984,0.99,no,price_out_of_range,2026-08-30 20:00:00+00:00,0.010000000000000009,2026-08-30
bounded,aus,skip,0.65,-0.016606014301748906,KXHIGHAUS-26AUG30,,0.64,KXHIGHAUS-26AUG30-B100.5,0.6333939856982511,0.63,no,ev_below_threshold,2026-08-30 21:00:00+00:00,0.020000000000000018,2026-08-30
bounded,aus,skip,1.0,-0.06951059391310366,KXHIGHAUS-26AUG30,,0.995,KXHIGHAUS-26AUG30-B102.5,0.9304894060868963,0.99,no,price_out_of_range,2026-08-30 21:00:00+00:00,0.010000000000000009,2026-08-30
bounded,aus,skip,1.0,-0.11319858658838877,KXHIGHAUS-26AUG30,,0.995,KXHIGHAUS-26AUG30-B96.5,0.8868014134116112,0.99,no,price_out_of_range,2026-08-30 21:00:00+00:00,0.010000000000000009,2026-08-30
bounded,aus,skip,0.39,0.16131120278727318,KXHIGHAUS-26AUG30,,0.355,KXHIGHAUS-26AUG30-B98.5,0.5513112027872732,0.32,no,price_out_of_range,2026-08-30 21:00:00+00:00,0.07,2026-08-30
upper_tail,aus,skip,1.0,-0.0009980039920159944,KXHIGHAUS-26AUG30,,0.995,KXHIGHAUS-26AUG30-T103,0.999001996007984,0.99,no,price_out_of_range,2026-08-30 21:00:00+00:00,0.010000000000000009,2026-08-30
lower_tail,aus,skip,1.0,-0.0009980039920159944,KXHIGHAUS-26AUG30,,0.995,KXHIGHAUS-26AUG30-T96,0.999001996007984,0.99,no,price_out_of_range,2026-08-30 21:00:00+00:00,0.010000000000000009,2026-08-30
bounded,den,skip,0.34,0.3616566422094209,KXHIGHDEN-26AUG30,,0.30000000000000004,KXHIGHDEN-26AUG30-B85.5,0.7016566422094209,0.26,no,price_out_of_range,2026-08-30 21:00:00+00:00,0.08000000000000002,2026-08-30
bounded,den,skip,0.75,-0.2170938229695767,KXHIGHDEN-26AUG30,,0.735,KXHIGHDEN-26AUG30-B87.5,0.5329061770304233,0.72,no,price_out_of_range,2026-08-30 21:00:00+00:00,0.030000000000000027,2026-08-30
bounded,den,skip,0.98,-0.17210493237997537,KXHIGHDEN-26AUG30,,0.96,KXHIGHDEN-26AUG30-B89.5,0.8078950676200246,0.94,no,price_out_of_range,2026-08-30 21:00:00+00:00,0.040000000000000036,2026-08-30
bounded,den,skip,1.0,-0.031619736418806554,KXHIGHDEN-26AUG30,,0.995,KXHIGHDEN-26AUG30-B91.5,0.9683802635811934,0.99,no,price_out_of_range,2026-08-30 21:00:00+00:00,0.010000000000000009,2026-08-30
lower_tail,den,skip,1.0,-0.009839149442061101,KXHIGHDEN-26AUG30,,0.995,KXHIGHDEN-26AUG30-T85,0.9901608505579389,0.99,no,price_out_of_range,2026-08-30 21:00:00+00:00,0.010000000000000009,2026-08-30
upper_tail,den,skip,1.0,-0.0009990009990009652,KXHIGHDEN-26AUG30,,0.995,KXHIGHDEN-26AUG30-T92,0.999000999000999,0.99,no,price_out_of_range,2026-08-30 21:00:00+00:00,0.010000000000000009,2026-08-30
bounded,la,skip,1.0,-0.0009960159362549792,KXHIGHLAX-26AUG30,,0.995,KXHIGHLAX-26AUG30-B76.5,0.999003984063745,0.99,no,price_out_of_range,2026-08-30 21:00:00+00:00,0.010000000000000009,2026-08-30
bounded,la,skip,1.0,-0.0009960159362549792,KXHIGHLAX-26AUG30,,0.995,KXHIGHLAX-26AUG30-B78.5,0.999003984063745,0.99,no,price_out_of_range,2026-08-30 21:00:00+00:00,0.010000000000000009,2026-08-30
bounded,la,skip,1.0,-0.0009960159362549792,KXHIGHLAX-26AUG30,,0.995,KXHIGHLAX-26AUG30-B80.5,0.999003984063745,0.99,no,price_out_of_range,2026-08-30 21:00:00+00:00,0.010000000000000009,2026-08-30
bounded,la,skip,1.0,-0.09766934844168107,KXHIGHLAX-26AUG30,,0.995,KXHIGHLAX-26AUG30-B82.5,0.9023306515583189,0.99,no,price_out_of_range,2026-08-30 21:00:00+00:00,0.010000000000000009,2026-08-30
lower_tail,la,skip,1.0,-0.0009960159362549792,KXHIGHLAX-26AUG30,,0.995,KXHIGHLAX-26AUG30-T76,0.999003984063745,0.99,no,price_out_of_range,2026-08-30 21:00:00+00:00,0.010000000000000009,2026-08-30
upper_tail,la,skip,0.01,0.09165341218670088,KXHIGHLAX-26AUG30,,0.005,KXHIGHLAX-26AUG30-T83,0.10165341218670088,0.0,no,price_out_of_range,2026-08-30 21:00:00+00:00,0.01,2026-08-30
bounded,mia,skip,1.0,-0.0009980039920159944,KXHIGHMIA-26AUG30,,0.995,KXHIGHMIA-26AUG30-B87.5,0.999001996007984,0.99,no,price_out_of_range,2026-08-30 21:00:00+00:00,0.010000000000000009,2026-08-30
bounded,mia,skip,1.0,-0.12730738519557872,KXHIGHMIA-26AUG30,,0.99,KXHIGHMIA-26AUG30-B89.5,0.8726926148044213,0.98,no,price_out_of_range,2026-08-30 21:00:00+00:00,0.020000000000000018,2026-08-30
bounded,mia,skip,0.01,0.4190266440548117,KXHIGHMIA-26AUG30,,0.005,KXHIGHMIA-26AUG30-B91.5,0.4290266440548117,0.0,no,price_out_of_range,2026-08-30 21:00:00+00:00,0.01,2026-08-30
bounded,mia,skip,1.0,-0.26823220830852124,KXHIGHMIA-26AUG30,,0.995,KXHIGHMIA-26AUG30-B93.5,0.7317677916914788,0.99,no,price_out_of_range,2026-08-30 21:00:00+00:00,0.010000000000000009,2026-08-30
lower_tail,mia,skip,1.0,-0.0009980039920159944,KXHIGHMIA-26AUG30,,0.995,KXHIGHMIA-26AUG30-T87,0.999001996007984,0.99,no,price_out_of_range,2026-08-30 21:00:00+00:00,0.010000000000000009,2026-08-30
upper_tail,mia,skip,1.0,-0.031491042566679894,KXHIGHMIA-26AUG30,,0.995,KXHIGHMIA-26AUG30-T94,0.9685089574333201,0.99,no,price_out_of_range,2026-08-30 21:00:00+00:00,0.010000000000000009,2026-08-30
bounded,nyc,skip,1.0,-0.41044162180040966,KXHIGHNY-26AUG30,16.0,0.995,KXHIGHNY-26AUG30-B82.5,0.5895583781995903,0.99,no,price_out_of_range,2026-08-30 21:00:00+00:00,0.010000000000000009,2026-08-30
bounded,nyc,skip,1.0,-0.1276902626457005,KXHIGHNY-26AUG30,16.0,0.995,KXHIGHNY-26AUG30-B84.5,0.8723097373542995,0.99,no,price_out_of_range,2026-08-30 21:00:00+00:00,0.010000000000000009,2026-08-30
bounded,nyc,skip,1.0,-0.01803048476875313,KXHIGHNY-26AUG30,16.0,0.995,KXHIGHNY-26AUG30-B86.5,0.9819695152312469,0.99,no,price_out_of_range,2026-08-30 21:00:00+00:00,0.010000000000000009,2026-08-30
bounded,nyc,skip,1.0,-0.0009980039920159944,KXHIGHNY-26AUG30,16.0,0.995,KXHIGHNY-26AUG30-B88.5,0.999001996007984,0.99,no,price_out_of_range,2026-08-30 21:00:00+00:00,0.010000000000000009,2026-08-30
lower_tail,nyc,skip,0.02,0.5381583771988951,KXHIGHNY-26AUG30,16.0,0.015,KXHIGHNY-26AUG30-T82,0.5581583771988952,0.01,no,price_out_of_range,2026-08-30 21:00:00+00:00,0.01,2026-08-30
upper_tail,nyc,skip,1.0,-0.0009980039920159944,KXHIGHNY-26AUG30,16.0,0.995,KXHIGHNY-26AUG30-T89,0.999001996007984,0.99,no,price_out_of_range,2026-08-30 21:00:00+00:00,0.010000000000000009,2026-08-30
bounded,okc,skip,1.0,-0.0009970089730807485,KXHIGHTOKC-26AUG30,15.0,0.995,KXHIGHTOKC-26AUG30-B100.5,0.9990029910269193,0.99,no,price_out_of_range,2026-08-30 21:00:00+00:00,0.010000000000000009,2026-08-30
bounded,okc,skip,1.0,-0.4406169806309126,KXHIGHTOKC-26AUG30,15.0,0.995,KXHIGHTOKC-26AUG30-B102.5,0.5593830193690874,0.99,no,price_out_of_range,2026-08-30 21:00:00+00:00,0.010000000000000009,2026-08-30
bounded,okc,skip,0.14,0.4042144773532247,KXHIGHTOKC-26AUG30,15.0,0.08,KXHIGHTOKC-26AUG30-B104.5,0.5442144773532247,0.02,no,spread_too_wide,2026-08-30 21:00:00+00:00,0.12000000000000001,2026-08-30
bounded,okc,skip,1.0,-0.0009970089730807485,KXHIGHTOKC-26AUG30,15.0,0.995,KXHIGHTOKC-26AUG30-B98.5,0.9990029910269193,0.99,no,price_out_of_range,2026-08-30 21:00:00+00:00,0.010000000000000009,2026-08-30
upper_tail,okc,skip,1.0,-0.10060646980306986,KXHIGHTOKC-26AUG30,15.0,0.99,KXHIGHTOKC-26AUG30-T105,0.8993935301969301,0.98,no,price_out_of_range,2026-08-30 21:00:00+00:00,0.020000000000000018,2026-08-30
lower_tail,okc,skip,1.0,-0.0009970089730807485,KXHIGHTOKC-26AUG30,15.0,0.995,KXHIGHTOKC-26AUG30-T98,0.9990029910269193,0.99,no,price_out_of_range,2026-08-30 21:00:00+00:00,0.010000000000000009,2026-08-30
bounded,aus,skip,0.04,0.40137636384370784,KXHIGHAUS-26AUG30,,0.025,KXHIGHAUS-26AUG30-B100.5,0.4413763638437078,0.01,no,price_out_of_range,2026-08-30 22:00:00+00:00,0.03,2026-08-30
bounded,aus,skip,1.0,-0.3798635320343955,KXHIGHAUS-26AUG30,,0.985,KXHIGHAUS-26AUG30-B102.5,0.6201364679656045,0.97,no,price_out_of_range,2026-08-30 22:00:00+00:00,0.030000000000000027,2026-08-30
bounded,aus,skip,1.0,-0.0009970089730807485,KXHIGHAUS-26AUG30,,0.995,KXHIGHAUS-26AUG30-B96.5,0.9990029910269193,0.99,no,price_out_of_range,2026-08-30 22:00:00+00:00,0.010000000000000009,2026-08-30
bounded,aus,skip,1.0,-0.0009970089730807485,KXHIGHAUS-26AUG30,,0.995,KXHIGHAUS-26AUG30-B98.5,0.9990029910269193,0.99,no,price_out_of_range,2026-08-30 22:00:00+00:00,0.010000000000000009,2026-08-30
upper_tail,aus,skip,1.0,-0.058521804890070195,KXHIGHAUS-26AUG30,,0.995,KXHIGHAUS-26AUG30-T103,0.9414781951099298,0.99,no,price_out_of_range,2026-08-30 22:00:00+00:00,0.010000000000000009,2026-08-30
lower_tail,aus,skip,1.0,-0.0009970089730807485,KXHIGHAUS-26AUG30,,0.995,KXHIGHAUS-26AUG30-T96,0.9990029910269193,0.99,no,price_out_of_range,2026-08-30 22:00:00+00:00,0.010000000000000009,2026-08-30
bounded,den,skip,0.06,0.4885760495049661,KXHIGHDEN-26AUG30,,0.055,KXHIGHDEN-26AUG30-B85.5,0.5485760495049661,0.05,no,price_out_of_range,2026-08-30 22:00:00+00:00,0.009999999999999995,2026-08-30
bounded,den,skip,0.96,-0.33265278456019276,KXHIGHDEN-26AUG30,,0.94,KXHIGHDEN-26AUG30-B87.5,0.6273472154398072,0.92,no,price_out_of_range,2026-08-30 22:00:00+00:00,0.039999999999999925,2026-08-30
bounded,den,skip,1.0,-0.07293565480414532,KXHIGHDEN-26AUG30,,0.995,KXHIGHDEN-26AUG30-B89.5,0.9270643451958547,0.99,no,price_out_of_range,2026-08-30 22:00:00+00:00,0.010000000000000009,2026-08-30
bounded,den,skip,1.0,-0.0009980039920159944,KXHIGHDEN-26AUG30,,0.995,KXHIGHDEN-26AUG30-B91.5,0.999001996007984,0.99,no,price_out_of_range,2026-08-30 22:00:00+00:00,0.010000000000000009,2026-08-30
lower_tail,den,skip,1.0,-0.10099160215659586,KXHIGHDEN-26AUG30,,0.995,KXHIGHDEN-26AUG30-T85,0.8990083978434041,0.99,no,price_out_of_range,2026-08-30 22:00:00+00:00,0.010000000000000009,2026-08-30
upper_tail,den,skip,1.0,-0.0009980039920159944,KXHIGHDEN-26AUG30,,0.995,KXHIGHDEN-26AUG30-T92,0.999001996007984,0.99,no,price_out_of_range,2026-08-30 22:00:00+00:00,0.010000000000000009,2026-08-30
bounded,la,skip,1.0,-0.0009960159362549792,KXHIGHLAX-26AUG30,,0.995,KXHIGHLAX-26AUG30-B76.5,0.999003984063745,0.99,no,price_out_of_range,2026-08-30 22:00:00+00:00,0.010000000000000009,2026-08-30
bounded,la,skip,1.0,-0.0009960159362549792,KXHIGHLAX-26AUG30,,0.995,KXHIGHLAX-26AUG30-B78.5,0.999003984063745,0.99,no,price_out_of_range,2026-08-30 22:00:00+00:00,0.010000000000000009,2026-08-30
bounded,la,skip,1.0,-0.0009960159362549792,KXHIGHLAX-26AUG30,,0.995,KXHIGHLAX-26AUG30-B80.5,0.999003984063745,0.99,no,price_out_of_range,2026-08-30 22:00:00+00:00,0.010000000000000009,2026-08-30
bounded,la,skip,1.0,-0.09418246130893126,KXHIGHLAX-26AUG30,,0.995,KXHIGHLAX-26AUG30-B82.5,0.9058175386910687,0.99,no,price_out_of_range,2026-08-30 22:00:00+00:00,0.010000000000000009,2026-08-30
lower_tail,la,skip,1.0,-0.0009960159362549792,KXHIGHLAX-26AUG30,,0.995,KXHIGHLAX-26AUG30-T76,0.999003984063745,0.99,no,price_out_of_range,2026-08-30 22:00:00+00:00,0.010000000000000009,2026-08-30
upper_tail,la,skip,0.01,0.08816652505395119,KXHIGHLAX-26AUG30,,0.005,KXHIGHLAX-26AUG30-T83,0.09816652505395118,0.0,no,price_out_of_range,2026-08-30 22:00:00+00:00,0.01,2026-08-30
bounded,mia,skip,1.0,-0.0009980039920159944,KXHIGHMIA-26AUG30,,0.995,KXHIGHMIA-26AUG30-B87.5,0.999001996007984,0.99,no,price_out_of_range,2026-08-30 22:00:00+00:00,0.010000000000000009,2026-08-30
bounded,mia,skip,1.0,-0.13490091032457308,KXHIGHMIA-26AUG30,,0.99,KXHIGHMIA-26AUG30-B89.5,0.8650990896754269,0.98,no,price_out_of_range,2026-08-30 22:00:00+00:00,0.020000000000000018,2026-08-30
bounded,mia,skip,0.02,0.35950625850033946,KXHIGHMIA-26AUG30,,0.01,KXHIGHMIA-26AUG30-B91.5,0.3795062585003395,0.0,no,price_out_of_range,2026-08-30 22:00:00+00:00,0.02,2026-08-30
bounded,mia,skip,1.0,-0.23089587415207813,KXHIGHMIA-26AUG30,,0.995,KXHIGHMIA-26AUG30-B93.5,0.7691041258479219,0.99,no,price_out_of_range,2026-08-30 22:00:00+00:00,0.010000000000000009,2026-08-30
lower_tail,mia,skip,1.0,-0.0009980039920159944,KXHIGHMIA-26AUG30,,0.995,KXHIGHMIA-26AUG30-T87,0.999001996007984,0.99,no,price_out_of_range,2026-08-30 22:00:00+00:00,0.010000000000000009,2026-08-30
upper_tail,mia,skip,1.0,-0.011713466039656284,KXHIGHMIA-26AUG30,,0.995,KXHIGHMIA-26AUG30-T94,0.9882865339603437,0.99,no,price_out_of_range,2026-08-30 22:00:00+00:00,0.010000000000000009,2026-08-30
bounded,nyc,skip,1.0,-0.34819496007531336,KXHIGHNY-26AUG30,17.0,0.995,KXHIGHNY-26AUG30-B82.5,0.6518050399246866,0.99,no,price_out_of_range,2026-08-30 22:00:00+00:00,0.010000000000000009,2026-08-30
bounded,nyc,skip,1.0,-0.06824219803807496,KXHIGHNY-26AUG30,17.0,0.995,KXHIGHNY-26AUG30-B84.5,0.931757801961925,0.99,no,price_out_of_range,2026-08-30 22:00:00+00:00,0.010000000000000009,2026-08-30
bounded,nyc,skip,1.0,-0.0009970089730807485,KXHIGHNY-26AUG30,17.0,0.995,KXHIGHNY-26AUG30-B86.5,0.9990029910269193,0.99,no,price_out_of_range,2026-08-30 22:00:00+00:00,0.010000000000000009,2026-08-30
bounded,nyc,skip,1.0,-0.0009970089730807485,KXHIGHNY-26AUG30,17.0,0.995,KXHIGHNY-26AUG30-B88.5,0.9990029910269193,0.99,no,price_out_of_range,2026-08-30 22:00:00+00:00,0.010000000000000009,2026-08-30
lower_tail,nyc,skip,0.01,0.40942818503263045,KXHIGHNY-26AUG30,17.0,0.005,KXHIGHNY-26AUG30-T82,0.41942818503263046,0.0,no,price_out_of_range,2026-08-30 22:00:00+00:00,0.01,2026-08-30
upper_tail,nyc,skip,1.0,-0.0009970089730807485,KXHIGHNY-26AUG30,17.0,0.995,KXHIGHNY-26AUG30-T89,0.9990029910269193,0.99,no,price_out_of_range,2026-08-30 22:00:00+00:00,0.010000000000000009,2026-08-30
bounded,okc,skip,1.0,-0.0009970089730807485,KXHIGHTOKC-26AUG30,16.0,0.995,KXHIGHTOKC-26AUG30-B100.5,0.9990029910269193,0.99,no,price_out_of_range,2026-08-30 22:00:00+00:00,0.010000000000000009,2026-08-30
bounded,okc,skip,1.0,-0.44091585143121836,KXHIGHTOKC-26AUG30,16.0,0.995,KXHIGHTOKC-26AUG30-B102.5,0.5590841485687816,0.99,no,price_out_of_range,2026-08-30 22:00:00+00:00,0.010000000000000009,2026-08-30
bounded,okc,skip,0.01,0.5318098911604731,KXHIGHTOKC-26AUG30,16.0,0.005,KXHIGHTOKC-26AUG30-B104.5,0.5418098911604731,0.0,no,price_out_of_range,2026-08-30 22:00:00+00:00,0.01,2026-08-30
bounded,okc,skip,1.0,-0.0009970089730807485,KXHIGHTOKC-26AUG30,16.0,0.995,KXHIGHTOKC-26AUG30-B98.5,0.9990029910269193,0.99,no,price_out_of_range,2026-08-30 22:00:00+00:00,0.010000000000000009,2026-08-30
upper_tail,okc,skip,1.0,-0.09790301281001246,KXHIGHTOKC-26AUG30,16.0,0.995,KXHIGHTOKC-26AUG30-T105,0.9020969871899875,0.99,no,price_out_of_range,2026-08-30 22:00:00+00:00,0.010000000000000009,2026-08-30
lower_tail,okc,skip,1.0,-0.0009970089730807485,KXHIGHTOKC-26AUG30,16.0,0.995,KXHIGHTOKC-26AUG30-T98,0.9990029910269193,0.99,no,price_out_of_range,2026-08-30 22:00:00+00:00,0.010000000000000009,2026-08-30
bounded,aus,skip,0.01,0.4293219196537147,KXHIGHAUS-26AUG30,,0.005,KXHIGHAUS-26AUG30-B100.5,0.4393219196537147,0.0,no,price_out_of_range,2026-08-30 23:00:00+00:00,0.01,2026-08-30
bounded,aus,skip,1.0,-0.3827317631699798,KXHIGHAUS-26AUG30,,0.995,KXHIGHAUS-26AUG30-B102.5,0.6172682368300202,0.99,no,price_out_of_range,2026-08-30 23:00:00+00:00,0.010000000000000009,2026-08-30
bounded,aus,skip,1.0,-0.0009970089730807485,KXHIGHAUS-26AUG30,,0.995,KXHIGHAUS-26AUG30-B96.5,0.9990029910269193,0.99,no,price_out_of_range,2026-08-30 23:00:00+00:00,0.010000000000000009,2026-08-30
bounded,aus,skip,1.0,-0.0009970089730807485,KXHIGHAUS-26AUG30,,0.995,KXHIGHAUS-26AUG30-B98.5,0.9990029910269193,0.99,no,price_out_of_range,2026-08-30 23:00:00+00:00,0.010000000000000009,2026-08-30
upper_tail,aus,skip,1.0,-0.05359912956449275,KXHIGHAUS-26AUG30,,0.995,KXHIGHAUS-26AUG30-T103,0.9464008704355072,0.99,no,price_out_of_range,2026-08-30 23:00:00+00:00,0.010000000000000009,2026-08-30
lower_tail,aus,skip,1.0,-0.0009970089730807485,KXHIGHAUS-26AUG30,,0.995,KXHIGHAUS-26AUG30-T96,0.9990029910269193,0.99,no,price_out_of_range,2026-08-30 23:00:00+00:00,0.010000000000000009,2026-08-30
bounded,den,skip,0.01,0.5297394432289512,KXHIGHDEN-26AUG30,,0.005,KXHIGHDEN-26AUG30-B85.5,0.5397394432289512,0.0,no,price_out_of_range,2026-08-30 23:00:00+00:00,0.01,2026-08-30
bounded,den,skip,1.0,-0.3727207810561408,KXHIGHDEN-26AUG30,,0.995,KXHIGHDEN-26AUG30-B87.5,0.6272792189438592,0.99,no,price_out_of_range,2026-08-30 23:00:00+00:00,0.010000000000000009,2026-08-30
bounded,den,skip,1.0,-0.06690210051521239,KXHIGHDEN-26AUG30,,0.995,KXHIGHDEN-26AUG30-B89.5,0.9330978994847876,0.99,no,price_out_of_range,2026-08-30 23:00:00+00:00,0.010000000000000009,2026-08-30
bounded,den,skip,1.0,-0.0009980039920159944,KXHIGHDEN-26AUG30,,0.995,KXHIGHDEN-26AUG30-B91.5,0.999001996007984,0.99,no,price_out_of_range,2026-08-30 23:00:00+00:00,0.010000000000000009,2026-08-30
lower_tail,den,skip,1.0,-0.09812055367356609,KXHIGHDEN-26AUG30,,0.995,KXHIGHDEN-26AUG30-T85,0.9018794463264339,0.99,no,price_out_of_range,2026-08-30 23:00:00+00:00,0.010000000000000009,2026-08-30
upper_tail,den,skip,1.0,-0.0009980039920159944,KXHIGHDEN-26AUG30,,0.995,KXHIGHDEN-26AUG30-T92,0.999001996007984,0.99,no,price_out_of_range,2026-08-30 23:00:00+00:00,0.010000000000000009,2026-08-30
bounded,la,skip,1.0,-0.0009960159362549792,KXHIGHLAX-26AUG30,,0.995,KXHIGHLAX-26AUG30-B76.5,0.999003984063745,0.99,no,price_out_of_range,2026-08-30 23:00:00+00:00,0.010000000000000009,2026-08-30
bounded,la,skip,1.0,-0.0009960159362549792,KXHIGHLAX-26AUG30,,0.995,KXHIGHLAX-26AUG30-B78.5,0.999003984063745,0.99,no,price_out_of_range,2026-08-30 23:00:00+00:00,0.010000000000000009,2026-08-30
bounded,la,skip,1.0,-0.0009960159362549792,KXHIGHLAX-26AUG30,,0.995,KXHIGHLAX-26AUG30-B80.5,0.999003984063745,0.99,no,price_out_of_range,2026-08-30 23:00:00+00:00,0.010000000000000009,2026-08-30
bounded,la,skip,1.0,-0.09233413299173832,KXHIGHLAX-26AUG30,,0.995,KXHIGHLAX-26AUG30-B82.5,0.9076658670082617,0.99,no,price_out_of_range,2026-08-30 23:00:00+00:00,0.010000000000000009,2026-08-30
lower_tail,la,skip,1.0,-0.0009960159362549792,KXHIGHLAX-26AUG30,,0.995,KXHIGHLAX-26AUG30-T76,0.999003984063745,0.99,no,price_out_of_range,2026-08-30 23:00:00+00:00,0.010000000000000009,2026-08-30
upper_tail,la,skip,0.01,0.08631819673675835,KXHIGHLAX-26AUG30,,0.005,KXHIGHLAX-26AUG30-T83,0.09631819673675834,0.0,no,price_out_of_range,2026-08-30 23:00:00+00:00,0.01,2026-08-30
bounded,mia,skip,1.0,-0.0009970089730807485,KXHIGHMIA-26AUG30,,0.995,KXHIGHMIA-26AUG30-B87.5,0.9990029910269193,0.99,no,price_out_of_range,2026-08-30 23:00:00+00:00,0.010000000000000009,2026-08-30
bounded,mia,skip,1.0,-0.15083773453360838,KXHIGHMIA-26AUG30,,0.99,KXHIGHMIA-26AUG30-B89.5,0.8491622654663916,0.98,no,price_out_of_range,2026-08-30 23:00:00+00:00,0.020000000000000018,2026-08-30
bounded,mia,skip,0.01,0.3558406769276409,KXHIGHMIA-26AUG30,,0.005,KXHIGHMIA-26AUG30-B91.5,0.3658406769276409,0.0,no,price_out_of_range,2026-08-30 23:00:00+00:00,0.01,2026-08-30
bounded,mia,skip,1.0,-0.21201191547479026,KXHIGHMIA-26AUG30,,0.995,KXHIGHMIA-26AUG30-B93.5,0.7879880845252097,0.99,no,price_out_of_range,2026-08-30 23:00:00+00:00,0.010000000000000009,2026-08-30
lower_tail,mia,skip,1.0,-0.0009970089730807485,KXHIGHMIA-26AUG30,,0.995,KXHIGHMIA-26AUG30-T87,0.9990029910269193,0.99,no,price_out_of_range,2026-08-30 23:00:00+00:00,0.010000000000000009,2026-08-30
upper_tail,mia,skip,1.0,-0.0009970089730807485,KXHIGHMIA-26AUG30,,0.995,KXHIGHMIA-26AUG30-T94,0.9990029910269193,0.99,no,price_out_of_range,2026-08-30 23:00:00+00:00,0.010000000000000009,2026-08-30
bounded,nyc,skip,1.0,-0.12807267833266267,KXHIGHNY-26AUG30,18.0,0.995,KXHIGHNY-26AUG30-B82.5,0.8719273216673373,0.99,no,price_out_of_range,2026-08-30 23:00:00+00:00,0.010000000000000009,2026-08-30
bounded,nyc,skip,1.0,-0.012573530017126244,KXHIGHNY-26AUG30,18.0,0.995,KXHIGHNY-26AUG30-B84.5,0.9874264699828738,0.99,no,price_out_of_range,2026-08-30 23:00:00+00:00,0.010000000000000009,2026-08-30
bounded,nyc,skip,1.0,-0.0009970089730807485,KXHIGHNY-26AUG30,18.0,0.995,KXHIGHNY-26AUG30-B86.5,0.9990029910269193,0.99,no,price_out_of_range,2026-08-30 23:00:00+00:00,0.010000000000000009,2026-08-30
bounded,nyc,skip,1.0,-0.0009970089730807485,KXHIGHNY-26AUG30,18.0,0.995,KXHIGHNY-26AUG30-B88.5,0.9990029910269193,0.99,no,price_out_of_range,2026-08-30 23:00:00+00:00,0.010000000000000009,2026-08-30
lower_tail,nyc,skip,0.01,0.13363723526903104,KXHIGHNY-26AUG30,18.0,0.005,KXHIGHNY-26AUG30-T82,0.14363723526903105,0.0,no,price_out_of_range,2026-08-30 23:00:00+00:00,0.01,2026-08-30
upper_tail,nyc,skip,1.0,-0.0009970089730807485,KXHIGHNY-26AUG30,18.0,0.995,KXHIGHNY-26AUG30-T89,0.9990029910269193,0.99,no,price_out_of_range,2026-08-30 23:00:00+00:00,0.010000000000000009,2026-08-30
bounded,okc,skip,1.0,-0.0009970089730807485,KXHIGHTOKC-26AUG30,17.0,0.995,KXHIGHTOKC-26AUG30-B100.5,0.9990029910269193,0.99,no,price_out_of_range,2026-08-30 23:00:00+00:00,0.010000000000000009,2026-08-30
bounded,okc,skip,1.0,-0.44102013143624397,KXHIGHTOKC-26AUG30,17.0,0.995,KXHIGHTOKC-26AUG30-B102.5,0.558979868563756,0.99,no,price_out_of_range,2026-08-30 23:00:00+00:00,0.010000000000000009,2026-08-30
bounded,okc,skip,0.01,0.5303697259669986,KXHIGHTOKC-26AUG30,17.0,0.005,KXHIGHTOKC-26AUG30-B104.5,0.5403697259669986,0.0,no,price_out_of_range,2026-08-30 23:00:00+00:00,0.01,2026-08-30
bounded,okc,skip,1.0,-0.0009970089730807485,KXHIGHTOKC-26AUG30,17.0,0.995,KXHIGHTOKC-26AUG30-B98.5,0.9990029910269193,0.99,no,price_out_of_range,2026-08-30 23:00:00+00:00,0.010000000000000009,2026-08-30
upper_tail,okc,skip,1.0,-0.0963585676115124,KXHIGHTOKC-26AUG30,17.0,0.995,KXHIGHTOKC-26AUG30-T105,0.9036414323884876,0.99,no,price_out_of_range,2026-08-30 23:00:00+00:00,0.010000000000000009,2026-08-30
lower_tail,okc,skip,1.0,-0.0009970089730807485,KXHIGHTOKC-26AUG30,17.0,0.995,KXHIGHTOKC-26AUG30-T98,0.9990029910269193,0.99,no,price_out_of_range,2026-08-30 23:00:00+00:00,0.010000000000000009,2026-08-30
bounded,aus,skip,0.01,0.39586241752887186,KXHIGHAUS-26AUG30,,0.005,KXHIGHAUS-26AUG30-B100.5,0.40586241752887187,0.0,no,price_out_of_range,2026-08-31 00:00:00+00:00,0.01,2026-08-30
bounded,aus,skip,1.0,-0.3613048627613855,KXHIGHAUS-26AUG30,,0.995,KXHIGHAUS-26AUG30-B102.5,0.6386951372386145,0.99,no,price_out_of_range,2026-08-31 00:00:00+00:00,0.010000000000000009,2026-08-30
bounded,aus,skip,1.0,-0.0009970089730807485,KXHIGHAUS-26AUG30,,0.995,KXHIGHAUS-26AUG30-B96.5,0.9990029910269193,0.99,no,price_out_of_range,2026-08-31 00:00:00+00:00,0.010000000000000009,2026-08-30
bounded,aus,skip,1.0,-0.0009970089730807485,KXHIGHAUS-26AUG30,,0.995,KXHIGHAUS-26AUG30-B98.5,0.9990029910269193,0.99,no,price_out_of_range,2026-08-31 00:00:00+00:00,0.010000000000000009,2026-08-30
upper_tail,aus,skip,1.0,-0.041566527848244106,KXHIGHAUS-26AUG30,,0.995,KXHIGHAUS-26AUG30-T103,0.9584334721517559,0.99,no,price_out_of_range,2026-08-31 00:00:00+00:00,0.010000000000000009,2026-08-30
lower_tail,aus,skip,1.0,-0.0009970089730807485,KXHIGHAUS-26AUG30,,0.995,KXHIGHAUS-26AUG30-T96,0.9990029910269193,0.99,no,price_out_of_range,2026-08-31 00:00:00+00:00,0.010000000000000009,2026-08-30
bounded,den,skip,0.01,0.4496661501756719,KXHIGHDEN-26AUG30,,0.005,KXHIGHDEN-26AUG30-B85.5,0.4596661501756719,0.0,no,price_out_of_range,2026-08-31 00:00:00+00:00,0.01,2026-08-30
bounded,den,skip,1.0,-0.22525872515657452,KXHIGHDEN-26AUG30,,0.995,KXHIGHDEN-26AUG30-B87.5,0.7747412748434255,0.99,no,price_out_of_range,2026-08-31 00:00:00+00:00,0.010000000000000009,2026-08-30
bounded,den,skip,1.0,-0.021923762933357738,KXHIGHDEN-26AUG30,,0.995,KXHIGHDEN-26AUG30-B89.5,0.9780762370666423,0.99,no,price_out_of_range,2026-08-31 00:00:00+00:00,0.010000000000000009,2026-08-30
bounded,den,skip,1.0,-0.0009980039920159944,KXHIGHDEN-26AUG30,,0.995,KXHIGHDEN-26AUG30-B91.5,0.999001996007984,0.99,no,price_out_of_range,2026-08-31 00:00:00+00:00,0.010000000000000009,2026-08-30
lower_tail,den,skip,1.0,-0.21048765410170778,KXHIGHDEN-26AUG30,,0.995,KXHIGHDEN-26AUG30-T85,0.7895123458982922,0.99,no,price_out_of_range,2026-08-31 00:00:00+00:00,0.010000000000000009,2026-08-30
upper_tail,den,skip,1.0,-0.0009980039920159944,KXHIGHDEN-26AUG30,,0.995,KXHIGHDEN-26AUG30-T92,0.999001996007984,0.99,no,price_out_of_range,2026-08-31 00:00:00+00:00,0.010000000000000009,2026-08-30
bounded,la,skip,1.0,-0.0009960159362549792,KXHIGHLAX-26AUG30,,0.995,KXHIGHLAX-26AUG30-B76.5,0.999003984063745,0.99,no,price_out_of_range,2026-08-31 00:00:00+00:00,0.010000000000000009,2026-08-30
bounded,la,skip,1.0,-0.0009960159362549792,KXHIGHLAX-26AUG30,,0.995,KXHIGHLAX-26AUG30-B78.5,0.999003984063745,0.99,no,price_out_of_range,2026-08-31 00:00:00+00:00,0.010000000000000009,2026-08-30
bounded,la,skip,1.0,-0.0009960159362549792,KXHIGHLAX-26AUG30,,0.995,KXHIGHLAX-26AUG30-B80.5,0.999003984063745,0.99,no,price_out_of_range,2026-08-31 00:00:00+00:00,0.010000000000000009,2026-08-30
bounded,la,skip,1.0,-0.08420679600605929,KXHIGHLAX-26AUG30,,0.995,KXHIGHLAX-26AUG30-B82.5,0.9157932039939407,0.99,no,price_out_of_range,2026-08-31 00:00:00+00:00,0.010000000000000009,2026-08-30
lower_tail,la,skip,1.0,-0.0009960159362549792,KXHIGHLAX-26AUG30,,0.995,KXHIGHLAX-26AUG30-T76,0.999003984063745,0.99,no,price_out_of_range,2026-08-31 00:00:00+00:00,0.010000000000000009,2026-08-30
upper_tail,la,skip,0.01,0.07819085975107921,KXHIGHLAX-26AUG30,,0.005,KXHIGHLAX-26AUG30-T83,0.08819085975107921,0.0,no,price_out_of_range,2026-08-31 00:00:00+00:00,0.01,2026-08-30
bounded,mia,skip,1.0,-0.0009970089730807485,KXHIGHMIA-26AUG30,,0.995,KXHIGHMIA-26AUG30-B87.5,0.9990029910269193,0.99,no,price_out_of_range,2026-08-31 00:00:00+00:00,0.010000000000000009,2026-08-30
bounded,mia,skip,1.0,-0.14952501643275395,KXHIGHMIA-26AUG30,,0.99,KXHIGHMIA-26AUG30-B89.5,0.850474983567246,0.98,no,price_out_of_range,2026-08-31 00:00:00+00:00,0.020000000000000018,2026-08-30
bounded,mia,skip,0.01,0.3424628334570401,KXHIGHMIA-26AUG30,,0.005,KXHIGHMIA-26AUG30-B91.5,0.3524628334570401,0.0,no,price_out_of_range,2026-08-31 00:00:00+00:00,0.01,2026-08-30
bounded,mia,skip,1.0,-0.1999467901050439,KXHIGHMIA-26AUG30,,0.995,KXHIGHMIA-26AUG30-B93.5,0.8000532098949561,0.99,no,price_out_of_range,2026-08-31 00:00:00+00:00,0.010000000000000009,2026-08-30
lower_tail,mia,skip,1.0,-0.0009970089730807485,KXHIGHMIA-26AUG30,,0.995,KXHIGHMIA-26AUG30-T87,0.9990029910269193,0.99,no,price_out_of_range,2026-08-31 00:00:00+00:00,0.010000000000000009,2026-08-30
upper_tail,mia,skip,1.0,-0.0009970089730807485,KXHIGHMIA-26AUG30,,0.995,KXHIGHMIA-26AUG30-T94,0.9990029910269193,0.99,no,price_out_of_range,2026-08-31 00:00:00+00:00,0.010000000000000009,2026-08-30
bounded,nyc,skip,1.0,-0.009935836988011482,KXHIGHNY-26AUG30,19.0,0.995,KXHIGHNY-26AUG30-B82.5,0.9900641630119885,0.99,no,price_out_of_range,2026-08-31 00:00:00+00:00,0.010000000000000009,2026-08-30
bounded,nyc,skip,1.0,-0.0009960159362549792,KXHIGHNY-26AUG30,19.0,0.995,KXHIGHNY-26AUG30-B84.5,0.999003984063745,0.99,no,price_out_of_range,2026-08-31 00:00:00+00:00,0.010000000000000009,2026-08-30
bounded,nyc,skip,1.0,-0.0009960159362549792,KXHIGHNY-26AUG30,19.0,0.995,KXHIGHNY-26AUG30-B86.5,0.999003984063745,0.99,no,price_out_of_range,2026-08-31 00:00:00+00:00,0.010000000000000009,2026-08-30
bounded,nyc,skip,1.0,-0.0009960159362549792,KXHIGHNY-26AUG30,19.0,0.995,KXHIGHNY-26AUG30-B88.5,0.999003984063745,0.99,no,price_out_of_range,2026-08-31 00:00:00+00:00,0.010000000000000009,2026-08-30
lower_tail,nyc,skip,0.01,0.003919900733031398,KXHIGHNY-26AUG30,19.0,0.005,KXHIGHNY-26AUG30-T82,0.013919900733031398,0.0,no,price_out_of_range,2026-08-31 00:00:00+00:00,0.01,2026-08-30
upper_tail,nyc,skip,1.0,-0.0009960159362549792,KXHIGHNY-26AUG30,19.0,0.995,KXHIGHNY-26AUG30-T89,0.999003984063745,0.99,no,price_out_of_range,2026-08-31 00:00:00+00:00,0.010000000000000009,2026-08-30
bounded,okc,skip,1.0,-0.0009970089730807485,KXHIGHTOKC-26AUG30,18.0,0.995,KXHIGHTOKC-26AUG30-B100.5,0.9990029910269193,0.99,no,price_out_of_range,2026-08-31 00:00:00+00:00,0.010000000000000009,2026-08-30
bounded,okc,skip,1.0,-0.4682941135688432,KXHIGHTOKC-26AUG30,18.0,0.995,KXHIGHTOKC-26AUG30-B102.5,0.5317058864311568,0.99,no,price_out_of_range,2026-08-31 00:00:00+00:00,0.010000000000000009,2026-08-30
bounded,okc,skip,0.01,0.5282843035434102,KXHIGHTOKC-26AUG30,18.0,0.005,KXHIGHTOKC-26AUG30-B104.5,0.5382843035434102,0.0,no,price_out_of_range,2026-08-31 00:00:00+00:00,0.01,2026-08-30
bounded,okc,skip,1.0,-0.0009970089730807485,KXHIGHTOKC-26AUG30,18.0,0.995,KXHIGHTOKC-26AUG30-B98.5,0.9990029910269193,0.99,no,price_out_of_range,2026-08-31 00:00:00+00:00,0.010000000000000009,2026-08-30
upper_tail,okc,skip,1.0,-0.06699916305532483,KXHIGHTOKC-26AUG30,18.0,0.995,KXHIGHTOKC-26AUG30-T105,0.9330008369446752,0.99,no,price_out_of_range,2026-08-31 00:00:00+00:00,0.010000000000000009,2026-08-30
lower_tail,okc,skip,1.0,-0.0009970089730807485,KXHIGHTOKC-26AUG30,18.0,0.995,KXHIGHTOKC-26AUG30-T98,0.9990029910269193,0.99,no,price_out_of_range,2026-08-31 00:00:00+00:00,0.010000000000000009,2026-08-30
bounded,aus,skip,0.01,0.36652917378813155,KXHIGHAUS-26AUG30,,0.005,KXHIGHAUS-26AUG30-B100.5,0.37652917378813155,0.0,no,price_out_of_range,2026-08-31 01:00:00+00:00,0.01,2026-08-30
bounded,aus,skip,1.0,-0.3407727759500825,KXHIGHAUS-26AUG30,,0.995,KXHIGHAUS-26AUG30-B102.5,0.6592272240499175,0.99,no,price_out_of_range,2026-08-31 01:00:00+00:00,0.010000000000000009,2026-08-30
bounded,aus,skip,1.0,-0.0009970089730807485,KXHIGHAUS-26AUG30,,0.995,KXHIGHAUS-26AUG30-B96.5,0.9990029910269193,0.99,no,price_out_of_range,2026-08-31 01:00:00+00:00,0.010000000000000009,2026-08-30
bounded,aus,skip,1.0,-0.0009970089730807485,KXHIGHAUS-26AUG30,,0.995,KXHIGHAUS-26AUG30-B98.5,0.9990029910269193,0.99,no,price_out_of_range,2026-08-31 01:00:00+00:00,0.010000000000000009,2026-08-30
upper_tail,aus,skip,1.0,-0.032765370918806824,KXHIGHAUS-26AUG30,,0.995,KXHIGHAUS-26AUG30-T103,0.9672346290811932,0.99,no,price_out_of_range,2026-08-31 01:00:00+00:00,0.010000000000000009,2026-08-30
lower_tail,aus,skip,1.0,-0.0009970089730807485,KXHIGHAUS-26AUG30,,0.995,KXHIGHAUS-26AUG30-T96,0.9990029910269193,0.99,no,price_out_of_range,2026-08-31 01:00:00+00:00,0.010000000000000009,2026-08-30
bounded,den,skip,0.01,0.4024656519376295,KXHIGHDEN-26AUG30,,0.005,KXHIGHDEN-26AUG30-B85.5,0.4124656519376295,0.0,no,price_out_of_range,2026-08-31 01:00:00+00:00,0.01,2026-08-30
bounded,den,skip,1.0,-0.2099873071935927,KXHIGHDEN-26AUG30,,0.995,KXHIGHDEN-26AUG30-B87.5,0.7900126928064073,0.99,no,price_out_of_range,2026-08-31 01:00:00+00:00,0.010000000000000009,2026-08-30
bounded,den,skip,1.0,-0.006354545909763809,KXHIGHDEN-26AUG30,,0.995,KXHIGHDEN-26AUG30-B89.5,0.9936454540902362,0.99,no,price_out_of_range,2026-08-31 01:00:00+00:00,0.010000000000000009,2026-08-30
bounded,den,skip,1.0,-0.0009980039920159944,KXHIGHDEN-26AUG30,,0.995,KXHIGHDEN-26AUG30-B91.5,0.999001996007984,0.99,no,price_out_of_range,2026-08-31 01:00:00+00:00,0.010000000000000009,2026-08-30
lower_tail,den,skip,1.0,-0.194127790850241,KXHIGHDEN-26AUG30,,0.995,KXHIGHDEN-26AUG30-T85,0.805872209149759,0.99,no,price_out_of_range,2026-08-31 01:00:00+00:00,0.010000000000000009,2026-08-30
upper_tail,den,skip,1.0,-0.0009980039920159944,KXHIGHDEN-26AUG30,,0.995,KXHIGHDEN-26AUG30-T92,0.999001996007984,0.99,no,price_out_of_range,2026-08-31 01:00:00+00:00,0.010000000000000009,2026-08-30
bounded,la,skip,1.0,-0.159779878338849,KXHIGHLAX-26AUG30,,0.995,KXHIGHLAX-26AUG30-B76.5,0.840220121661151,0.99,no,price_out_of_range,2026-08-31 01:00:00+00:00,0.010000000000000009,2026-08-30
bounded,la,skip,1.0,-0.48364895268030295,KXHIGHLAX-26AUG30,,0.995,KXHIGHLAX-26AUG30-B78.5,0.516351047319697,0.99,no,price_out_of_range,2026-08-31 01:00:00+00:00,0.010000000000000009,2026-08-30
bounded,la,skip,1.0,-0.29778394660187013,KXHIGHLAX-26AUG30,,0.995,KXHIGHLAX-26AUG30-B80.5,0.7022160533981299,0.99,no,price_out_of_range,2026-08-31 01:00:00+00:00,0.010000000000000009,2026-08-30
bounded,la,skip,1.0,-0.041151451714567355,KXHIGHLAX-26AUG30,,0.995,KXHIGHLAX-26AUG30-B82.5,0.9588485482854326,0.99,no,price_out_of_range,2026-08-31 01:00:00+00:00,0.010000000000000009,2026-08-30
lower_tail,la,skip,1.0,-0.0166367696654095,KXHIGHLAX-26AUG30,,0.995,KXHIGHLAX-26AUG30-T76,0.9833632303345905,0.99,no,price_out_of_range,2026-08-31 01:00:00+00:00,0.010000000000000009,2026-08-30
upper_tail,la,skip,0.01,0.989000999000999,KXHIGHLAX-26AUG30,,0.005,KXHIGHLAX-26AUG30-T83,0.999000999000999,0.0,no,price_out_of_range,2026-08-31 01:00:00+00:00,0.01,2026-08-30
bounded,mia,skip,1.0,-0.0009970089730807485,KXHIGHMIA-26AUG30,,0.995,KXHIGHMIA-26AUG30-B87.5,0.9990029910269193,0.99,no,price_out_of_range,2026-08-31 01:00:00+00:00,0.010000000000000009,2026-08-30
bounded,mia,skip,1.0,-0.1465408711985663,KXHIGHMIA-26AUG30,,0.99,KXHIGHMIA-26AUG30-B89.5,0.8534591288014337,0.98,no,price_out_of_range,2026-08-31 01:00:00+00:00,0.020000000000000018,2026-08-30
bounded,mia,skip,0.02,0.32762811812523773,KXHIGHMIA-26AUG30,,0.015,KXHIGHMIA-26AUG30-B91.5,0.34762811812523775,0.01,no,price_out_of_range,2026-08-31 01:00:00+00:00,0.01,2026-08-30
bounded,mia,skip,1.0,-0.19809622000742944,KXHIGHMIA-26AUG30,,0.995,KXHIGHMIA-26AUG30-B93.5,0.8019037799925706,0.99,no,price_out_of_range,2026-08-31 01:00:00+00:00,0.010000000000000009,2026-08-30
lower_tail,mia,skip,1.0,-0.0009970089730807485,KXHIGHMIA-26AUG30,,0.995,KXHIGHMIA-26AUG30-T87,0.9990029910269193,0.99,no,price_out_of_range,2026-08-31 01:00:00+00:00,0.010000000000000009,2026-08-30
upper_tail,mia,skip,1.0,-0.0009970089730807485,KXHIGHMIA-26AUG30,,0.995,KXHIGHMIA-26AUG30-T94,0.9990029910269193,0.99,no,price_out_of_range,2026-08-31 01:00:00+00:00,0.010000000000000009,2026-08-30
bounded,nyc,skip,1.0,-0.0009950248756218638,KXHIGHNY-26AUG30,20.0,0.995,KXHIGHNY-26AUG30-B82.5,0.9990049751243781,0.99,no,price_out_of_range,2026-08-31 01:00:00+00:00,0.010000000000000009,2026-08-30
bounded,nyc,skip,1.0,-0.0009950248756218638,KXHIGHNY-26AUG30,20.0,0.995,KXHIGHNY-26AUG30-B84.5,0.9990049751243781,0.99,no,price_out_of_range,2026-08-31 01:00:00+00:00,0.010000000000000009,2026-08-30
bounded,nyc,skip,1.0,-0.0009950248756218638,KXHIGHNY-26AUG30,20.0,0.995,KXHIGHNY-26AUG30-B86.5,0.9990049751243781,0.99,no,price_out_of_range,2026-08-31 01:00:00+00:00,0.010000000000000009,2026-08-30
bounded,nyc,skip,1.0,-0.0009950248756218638,KXHIGHNY-26AUG30,20.0,0.995,KXHIGHNY-26AUG30-B88.5,0.9990049751243781,0.99,no,price_out_of_range,2026-08-31 01:00:00+00:00,0.010000000000000009,2026-08-30
lower_tail,nyc,skip,0.01,-0.005024875621890681,KXHIGHNY-26AUG30,20.0,0.005,KXHIGHNY-26AUG30-T82,0.004975124378109319,0.0,no,price_out_of_range,2026-08-31 01:00:00+00:00,0.01,2026-08-30
upper_tail,nyc,skip,1.0,-0.0009950248756218638,KXHIGHNY-26AUG30,20.0,0.995,KXHIGHNY-26AUG30-T89,0.9990049751243781,0.99,no,price_out_of_range,2026-08-31 01:00:00+00:00,0.010000000000000009,2026-08-30
bounded,okc,skip,1.0,-0.0009970089730807485,KXHIGHTOKC-26AUG30,19.0,0.995,KXHIGHTOKC-26AUG30-B100.5,0.9990029910269193,0.99,no,price_out_of_range,2026-08-31 01:00:00+00:00,0.010000000000000009,2026-08-30
bounded,okc,skip,1.0,-0.5155242570474555,KXHIGHTOKC-26AUG30,19.0,0.995,KXHIGHTOKC-26AUG30-B102.5,0.4844757429525445,0.99,no,price_out_of_range,2026-08-31 01:00:00+00:00,0.010000000000000009,2026-08-30
bounded,okc,skip,0.01,0.5534507885922115,KXHIGHTOKC-26AUG30,19.0,0.005,KXHIGHTOKC-26AUG30-B104.5,0.5634507885922115,0.0,no,price_out_of_range,2026-08-31 01:00:00+00:00,0.01,2026-08-30
bounded,okc,skip,1.0,-0.0009970089730807485,KXHIGHTOKC-26AUG30,19.0,0.995,KXHIGHTOKC-26AUG30-B98.5,0.9990029910269193,0.99,no,price_out_of_range,2026-08-31 01:00:00+00:00,0.010000000000000009,2026-08-30
upper_tail,okc,skip,1.0,-0.04493550462551377,KXHIGHTOKC-26AUG30,19.0,0.995,KXHIGHTOKC-26AUG30-T105,0.9550644953744862,0.99,no,price_out_of_range,2026-08-31 01:00:00+00:00,0.010000000000000009,2026-08-30
lower_tail,okc,skip,1.0,-0.0009970089730807485,KXHIGHTOKC-26AUG30,19.0,0.995,KXHIGHTOKC-26AUG30-T98,0.9990029910269193,0.99,no,price_out_of_range,2026-08-31 01:00:00+00:00,0.010000000000000009,2026-08-30
bounded,aus,skip,0.01,0.32177215575405127,KXHIGHAUS-26AUG30,,0.005,KXHIGHAUS-26AUG30-B100.5,0.3317721557540513,0.0,no,price_out_of_range,2026-08-31 02:00:00+00:00,0.01,2026-08-30
bounded,aus,skip,1.0,-0.30779981217395136,KXHIGHAUS-26AUG30,,0.995,KXHIGHAUS-26AUG30-B102.5,0.6922001878260486,0.99,no,price_out_of_range,2026-08-31 02:00:00+00:00,0.010000000000000009,2026-08-30
bounded,aus,skip,1.0,-0.0009970089730807485,KXHIGHAUS-26AUG30,,0.995,KXHIGHAUS-26AUG30-B96.5,0.9990029910269193,0.99,no,price_out_of_range,2026-08-31 02:00:00+00:00,0.010000000000000009,2026-08-30
bounded,aus,skip,1.0,-0.0009970089730807485,KXHIGHAUS-26AUG30,,0.995,KXHIGHAUS-26AUG30-B98.5,0.9990029910269193,0.99,no,price_out_of_range,2026-08-31 02:00:00+00:00,0.010000000000000009,2026-08-30
upper_tail,aus,skip,1.0,-0.020981316660857785,KXHIGHAUS-26AUG30,,0.995,KXHIGHAUS-26AUG30-T103,0.9790186833391422,0.99,no,price_out_of_range,2026-08-31 02:00:00+00:00,0.010000000000000009,2026-08-30
lower_tail,aus,skip,1.0,-0.0009970089730807485,KXHIGHAUS-26AUG30,,0.995,KXHIGHAUS-26AUG30-T96,0.9990029910269193,0.99,no,price_out_of_range,2026-08-31 02:00:00+00:00,0.010000000000000009,2026-08-30
bounded,den,skip,0.01,0.3681426049947515,KXHIGHDEN-26AUG30,,0.005,KXHIGHDEN-26AUG30-B85.5,0.3781426049947515,0.0,no,price_out_of_range,2026-08-31 02:00:00+00:00,0.01,2026-08-30
bounded,den,skip,1.0,-0.1811233742228766,KXHIGHDEN-26AUG30,,0.995,KXHIGHDEN-26AUG30-B87.5,0.8188766257771234,0.99,no,price_out_of_range,2026-08-31 02:00:00+00:00,0.010000000000000009,2026-08-30
bounded,den,skip,1.0,-0.0009970089730807485,KXHIGHDEN-26AUG30,,0.995,KXHIGHDEN-26AUG30-B89.5,0.9990029910269193,0.99,no,price_out_of_range,2026-08-31 02:00:00+00:00,0.010000000000000009,2026-08-30
bounded,den,skip,1.0,-0.0009970089730807485,KXHIGHDEN-26AUG30,,0.995,KXHIGHDEN-26AUG30-B91.5,0.9990029910269193,0.99,no,price_out_of_range,2026-08-31 02:00:00+00:00,0.010000000000000009,2026-08-30
lower_tail,den,skip,1.0,-0.19402820385263275,KXHIGHDEN-26AUG30,,0.995,KXHIGHDEN-26AUG30-T85,0.8059717961473672,0.99,no,price_out_of_range,2026-08-31 02:00:00+00:00,0.010000000000000009,2026-08-30
upper_tail,den,skip,1.0,-0.0009970089730807485,KXHIGHDEN-26AUG30,,0.995,KXHIGHDEN-26AUG30-T92,0.9990029910269193,0.99,no,price_out_of_range,2026-08-31 02:00:00+00:00,0.010000000000000009,2026-08-30
bounded,la,skip,1.0,-0.0009960159362549792,KXHIGHLAX-26AUG30,,0.995,KXHIGHLAX-26AUG30-B76.5,0.999003984063745,0.99,no,price_out_of_range,2026-08-31 02:00:00+00:00,0.010000000000000009,2026-08-30
bounded,la,skip,1.0,-0.0009960159362549792,KXHIGHLAX-26AUG30,,0.995,KXHIGHLAX-26AUG30-B78.5,0.999003984063745,0.99,no,price_out_of_range,2026-08-31 02:00:00+00:00,0.010000000000000009,2026-08-30
bounded,la,skip,1.0,-0.0009960159362549792,KXHIGHLAX-26AUG30,,0.995,KXHIGHLAX-26AUG30-B80.5,0.999003984063745,0.99,no,price_out_of_range,2026-08-31 02:00:00+00:00,0.010000000000000009,2026-08-30
bounded,la,skip,1.0,-0.0851550705597155,KXHIGHLAX-26AUG30,,0.995,KXHIGHLAX-26AUG30-B82.5,0.9148449294402845,0.99,no,price_out_of_range,2026-08-31 02:00:00+00:00,0.010000000000000009,2026-08-30
lower_tail,la,skip,1.0,-0.0009960159362549792,KXHIGHLAX-26AUG30,,0.995,KXHIGHLAX-26AUG30-T76,0.999003984063745,0.99,no,price_out_of_range,2026-08-31 02:00:00+00:00,0.010000000000000009,2026-08-30
upper_tail,la,skip,0.01,0.07913913430473542,KXHIGHLAX-26AUG30,,0.005,KXHIGHLAX-26AUG30-T83,0.08913913430473541,0.0,no,price_out_of_range,2026-08-31 02:00:00+00:00,0.01,2026-08-30
bounded,mia,skip,1.0,-0.0009970089730807485,KXHIGHMIA-26AUG30,,0.995,KXHIGHMIA-26AUG30-B87.5,0.9990029910269193,0.99,no,price_out_of_range,2026-08-31 02:00:00+00:00,0.010000000000000009,2026-08-30
bounded,mia,skip,1.0,-0.146672549488703,KXHIGHMIA-26AUG30,,0.99,KXHIGHMIA-26AUG30-B89.5,0.853327450511297,0.98,no,price_out_of_range,2026-08-31 02:00:00+00:00,0.020000000000000018,2026-08-30
bounded,mia,skip,0.02,0.32658432024641826,KXHIGHMIA-26AUG30,,0.01,KXHIGHMIA-26AUG30-B91.5,0.3465843202464183,0.0,no,price_out_of_range,2026-08-31 02:00:00+00:00,0.02,2026-08-30
bounded,mia,skip,0.99,-0.186920743838473,KXHIGHMIA-26AUG30,,0.985,KXHIGHMIA-26AUG30-B93.5,0.803079256161527,0.98,no,price_out_of_range,2026-08-31 02:00:00+00:00,0.010000000000000009,2026-08-30
lower_tail,mia,skip,1.0,-0.0009970089730807485,KXHIGHMIA-26AUG30,,0.995,KXHIGHMIA-26AUG30-T87,0.9990029910269193,0.99,no,price_out_of_range,2026-08-31 02:00:00+00:00,0.010000000000000009,2026-08-30
upper_tail,mia,skip,1.0,-0.0009970089730807485,KXHIGHMIA-26AUG30,,0.995,KXHIGHMIA-26AUG30-T94,0.9990029910269193,0.99,no,price_out_of_range,2026-08-31 02:00:00+00:00,0.010000000000000009,2026-08-30
bounded,nyc,skip,1.0,-0.005869003105296922,KXHIGHNY-26AUG30,21.0,0.995,KXHIGHNY-26AUG30-B82.5,0.9941309968947031,0.99,no,price_out_of_range,2026-08-31 02:00:00+00:00,0.010000000000000009,2026-08-30
bounded,nyc,skip,1.0,-0.0009960159362549792,KXHIGHNY-26AUG30,21.0,0.995,KXHIGHNY-26AUG30-B84.5,0.999003984063745,0.99,no,price_out_of_range,2026-08-31 02:00:00+00:00,0.010000000000000009,2026-08-30
bounded,nyc,skip,1.0,-0.0009960159362549792,KXHIGHNY-26AUG30,21.0,0.995,KXHIGHNY-26AUG30-B86.5,0.999003984063745,0.99,no,price_out_of_range,2026-08-31 02:00:00+00:00,0.010000000000000009,2026-08-30
bounded,nyc,skip,1.0,-0.0009960159362549792,KXHIGHNY-26AUG30,21.0,0.995,KXHIGHNY-26AUG30-B88.5,0.999003984063745,0.99,no,price_out_of_range,2026-08-31 02:00:00+00:00,0.010000000000000009,2026-08-30
lower_tail,nyc,skip,0.01,-0.00014693314968316183,KXHIGHNY-26AUG30,21.0,0.005,KXHIGHNY-26AUG30-T82,0.009853066850316838,0.0,no,price_out_of_range,2026-08-31 02:00:00+00:00,0.01,2026-08-30
upper_tail,nyc,skip,1.0,-0.0009960159362549792,KXHIGHNY-26AUG30,21.0,0.995,KXHIGHNY-26AUG30-T89,0.999003984063745,0.99,no,price_out_of_range,2026-08-31 02:00:00+00:00,0.010000000000000009,2026-08-30
bounded,okc,skip,1.0,-0.0009970089730807485,KXHIGHTOKC-26AUG30,20.0,0.995,KXHIGHTOKC-26AUG30-B100.5,0.9990029910269193,0.99,no,price_out_of_range,2026-08-31 02:00:00+00:00,0.010000000000000009,2026-08-30
bounded,okc,skip,1.0,-0.5315636348334752,KXHIGHTOKC-26AUG30,20.0,0.995,KXHIGHTOKC-26AUG30-B102.5,0.46843636516652476,0.99,no,price_out_of_range,2026-08-31 02:00:00+00:00,0.010000000000000009,2026-08-30
bounded,okc,skip,0.01,0.5655162487864768,KXHIGHTOKC-26AUG30,20.0,0.005,KXHIGHTOKC-26AUG30-B104.5,0.5755162487864768,0.0,no,price_out_of_range,2026-08-31 02:00:00+00:00,0.01,2026-08-30
bounded,okc,skip,1.0,-0.0009970089730807485,KXHIGHTOKC-26AUG30,20.0,0.995,KXHIGHTOKC-26AUG30-B98.5,0.9990029910269193,0.99,no,price_out_of_range,2026-08-31 02:00:00+00:00,0.010000000000000009,2026-08-30
upper_tail,okc,skip,1.0,-0.040961587033759406,KXHIGHTOKC-26AUG30,20.0,0.995,KXHIGHTOKC-26AUG30-T105,0.9590384129662406,0.99,no,price_out_of_range,2026-08-31 02:00:00+00:00,0.010000000000000009,2026-08-30
lower_tail,okc,skip,1.0,-0.0009970089730807485,KXHIGHTOKC-26AUG30,20.0,0.995,KXHIGHTOKC-26AUG30-T98,0.9990029910269193,0.99,no,price_out_of_range,2026-08-31 02:00:00+00:00,0.010000000000000009,2026-08-30
bounded,aus,skip,0.01,0.2901741593617879,KXHIGHAUS-26AUG30,,0.005,KXHIGHAUS-26AUG30-B100.5,0.30017415936178793,0.0,no,price_out_of_range,2026-08-31 03:00:00+00:00,0.01,2026-08-30
bounded,aus,skip,1.0,-0.2844643701030378,KXHIGHAUS-26AUG30,,0.995,KXHIGHAUS-26AUG30-B102.5,0.7155356298969622,0.99,no,price_out_of_range,2026-08-31 03:00:00+00:00,0.010000000000000009,2026-08-30
bounded,aus,skip,1.0,-0.0009970089730807485,KXHIGHAUS-26AUG30,,0.995,KXHIGHAUS-26AUG30-B96.5,0.9990029910269193,0.99,no,price_out_of_range,2026-08-31 03:00:00+00:00,0.010000000000000009,2026-08-30
bounded,aus,skip,1.0,-0.0009970089730807485,KXHIGHAUS-26AUG30,,0.995,KXHIGHAUS-26AUG30-B98.5,0.9990029910269193,0.99,no,price_out_of_range,2026-08-31 03:00:00+00:00,0.010000000000000009,2026-08-30
upper_tail,aus,skip,1.0,-0.012718762339507972,KXHIGHAUS-26AUG30,,0.995,KXHIGHAUS-26AUG30-T103,0.987281237660492,0.99,no,price_out_of_range,2026-08-31 03:00:00+00:00,0.010000000000000009,2026-08-30
lower_tail,aus,skip,1.0,-0.0009970089730807485,KXHIGHAUS-26AUG30,,0.995,KXHIGHAUS-26AUG30-T96,0.9990029910269193,0.99,no,price_out_of_range,2026-08-31 03:00:00+00:00,0.010000000000000009,2026-08-30
bounded,den,skip,0.01,0.35521600116584184,KXHIGHDEN-26AUG30,,0.005,KXHIGHDEN-26AUG30-B85.5,0.36521600116584185,0.0,no,price_out_of_range,2026-08-31 03:00:00+00:00,0.01,2026-08-30
bounded,den,skip,1.0,-0.1722681360976004,KXHIGHDEN-26AUG30,,0.995,KXHIGHDEN-26AUG30-B87.5,0.8277318639023996,0.99,no,price_out_of_range,2026-08-31 03:00:00+00:00,0.010000000000000009,2026-08-30
bounded,den,skip,1.0,-0.0009970089730807485,KXHIGHDEN-26AUG30,,0.995,KXHIGHDEN-26AUG30-B89.5,0.9990029910269193,0.99,no,price_out_of_range,2026-08-31 03:00:00+00:00,0.010000000000000009,2026-08-30
bounded,den,skip,1.0,-0.0009970089730807485,KXHIGHDEN-26AUG30,,0.995,KXHIGHDEN-26AUG30-B91.5,0.9990029910269193,0.99,no,price_out_of_range,2026-08-31 03:00:00+00:00,0.010000000000000009,2026-08-30
lower_tail,den,skip,1.0,-0.18995683814899922,KXHIGHDEN-26AUG30,,0.995,KXHIGHDEN-26AUG30-T85,0.8100431618510008,0.99,no,price_out_of_range,2026-08-31 03:00:00+00:00,0.010000000000000009,2026-08-30
upper_tail,den,skip,1.0,-0.0009970089730807485,KXHIGHDEN-26AUG30,,0.995,KXHIGHDEN-26AUG30-T92,0.9990029910269193,0.99,no,price_out_of_range,2026-08-31 03:00:00+00:00,0.010000000000000009,2026-08-30
bounded,la,skip,1.0,-0.0009960159362549792,KXHIGHLAX-26AUG30,,0.995,KXHIGHLAX-26AUG30-B76.5,0.999003984063745,0.99,no,price_out_of_range,2026-08-31 03:00:00+00:00,0.010000000000000009,2026-08-30
bounded,la,skip,1.0,-0.0009960159362549792,KXHIGHLAX-26AUG30,,0.995,KXHIGHLAX-26AUG30-B78.5,0.999003984063745,0.99,no,price_out_of_range,2026-08-31 03:00:00+00:00,0.010000000000000009,2026-08-30
bounded,la,skip,1.0,-0.0009960159362549792,KXHIGHLAX-26AUG30,,0.995,KXHIGHLAX-26AUG30-B80.5,0.999003984063745,0.99,no,price_out_of_range,2026-08-31 03:00:00+00:00,0.010000000000000009,2026-08-30
bounded,la,skip,1.0,-0.08280248030402382,KXHIGHLAX-26AUG30,,0.995,KXHIGHLAX-26AUG30-B82.5,0.9171975196959762,0.99,no,price_out_of_range,2026-08-31 03:00:00+00:00,0.010000000000000009,2026-08-30
lower_tail,la,skip,1.0,-0.0009960159362549792,KXHIGHLAX-26AUG30,,0.995,KXHIGHLAX-26AUG30-T76,0.999003984063745,0.99,no,price_out_of_range,2026-08-31 03:00:00+00:00,0.010000000000000009,2026-08-30
upper_tail,la,skip,0.01,0.07678654404904385,KXHIGHLAX-26AUG30,,0.005,KXHIGHLAX-26AUG30-T83,0.08678654404904385,0.0,no,price_out_of_range,2026-08-31 03:00:00+00:00,0.01,2026-08-30
bounded,mia,skip,1.0,-0.0009970089730807485,KXHIGHMIA-26AUG30,,0.995,KXHIGHMIA-26AUG30-B87.5,0.9990029910269193,0.99,no,price_out_of_range,2026-08-31 03:00:00+00:00,0.010000000000000009,2026-08-30
bounded,mia,skip,1.0,-0.14715790556115438,KXHIGHMIA-26AUG30,,0.99,KXHIGHMIA-26AUG30-B89.5,0.8528420944388456,0.98,no,price_out_of_range,2026-08-31 03:00:00+00:00,0.020000000000000018,2026-08-30
bounded,mia,skip,0.02,0.3262751549239531,KXHIGHMIA-26AUG30,,0.01,KXHIGHMIA-26AUG30-B91.5,0.3462751549239531,0.0,no,price_out_of_range,2026-08-31 03:00:00+00:00,0.02,2026-08-30
bounded,mia,skip,1.0,-0.19612622244355626,KXHIGHMIA-26AUG30,,0.99,KXHIGHMIA-26AUG30-B93.5,0.8038737775564437,0.98,no,price_out_of_range,2026-08-31 03:00:00+00:00,0.020000000000000018,2026-08-30
lower_tail,mia,skip,1.0,-0.0009970089730807485,KXHIGHMIA-26AUG30,,0.995,KXHIGHMIA-26AUG30-T87,0.9990029910269193,0.99,no,price_out_of_range,2026-08-31 03:00:00+00:00,0.010000000000000009,2026-08-30
upper_tail,mia,skip,1.0,-0.0009970089730807485,KXHIGHMIA-26AUG30,,0.995,KXHIGHMIA-26AUG30-T94,0.9990029910269193,0.99,no,price_out_of_range,2026-08-31 03:00:00+00:00,0.010000000000000009,2026-08-30
bounded,nyc,skip,1.0,-0.002571510523234788,KXHIGHNY-26AUG30,22.0,0.995,KXHIGHNY-26AUG30-B82.5,0.9974284894767652,0.99,no,price_out_of_range,2026-08-31 03:00:00+00:00,0.010000000000000009,2026-08-30
bounded,nyc,skip,1.0,-0.0009960159362549792,KXHIGHNY-26AUG30,22.0,0.995,KXHIGHNY-26AUG30-B84.5,0.999003984063745,0.99,no,price_out_of_range,2026-08-31 03:00:00+00:00,0.010000000000000009,2026-08-30
bounded,nyc,skip,1.0,-0.0009960159362549792,KXHIGHNY-26AUG30,22.0,0.995,KXHIGHNY-26AUG30-B86.5,0.999003984063745,0.99,no,price_out_of_range,2026-08-31 03:00:00+00:00,0.010000000000000009,2026-08-30
bounded,nyc,skip,1.0,-0.0009960159362549792,KXHIGHNY-26AUG30,22.0,0.995,KXHIGHNY-26AUG30-B88.5,0.999003984063745,0.99,no,price_out_of_range,2026-08-31 03:00:00+00:00,0.010000000000000009,2026-08-30
lower_tail,nyc,skip,0.01,-0.0034444257317452955,KXHIGHNY-26AUG30,22.0,0.005,KXHIGHNY-26AUG30-T82,0.006555574268254705,0.0,no,price_out_of_range,2026-08-31 03:00:00+00:00,0.01,2026-08-30
upper_tail,nyc,skip,1.0,-0.0009960159362549792,KXHIGHNY-26AUG30,22.0,0.995,KXHIGHNY-26AUG30-T89,0.999003984063745,0.99,no,price_out_of_range,2026-08-31 03:00:00+00:00,0.010000000000000009,2026-08-30
bounded,okc,skip,1.0,-0.0009970089730807485,KXHIGHTOKC-26AUG30,21.0,0.995,KXHIGHTOKC-26AUG30-B100.5,0.9990029910269193,0.99,no,price_out_of_range,2026-08-31 03:00:00+00:00,0.010000000000000009,2026-08-30
bounded,okc,skip,1.0,-0.5471159089898026,KXHIGHTOKC-26AUG30,21.0,0.995,KXHIGHTOKC-26AUG30-B102.5,0.45288409101019744,0.99,no,price_out_of_range,2026-08-31 03:00:00+00:00,0.010000000000000009,2026-08-30
bounded,okc,skip,0.01,0.575343450018776,KXHIGHTOKC-26AUG30,21.0,0.005,KXHIGHTOKC-26AUG30-B104.5,0.585343450018776,0.0,no,price_out_of_range,2026-08-31 03:00:00+00:00,0.01,2026-08-30
bounded,okc,skip,1.0,-0.0009970089730807485,KXHIGHTOKC-26AUG30,21.0,0.995,KXHIGHTOKC-26AUG30-B98.5,0.9990029910269193,0.99,no,price_out_of_range,2026-08-31 03:00:00+00:00,0.010000000000000009,2026-08-30
upper_tail,okc,skip,1.0,-0.035236514109731276,KXHIGHTOKC-26AUG30,21.0,0.995,KXHIGHTOKC-26AUG30-T105,0.9647634858902687,0.99,no,price_out_of_range,2026-08-31 03:00:00+00:00,0.010000000000000009,2026-08-30
lower_tail,okc,skip,1.0,-0.0009970089730807485,KXHIGHTOKC-26AUG30,21.0,0.995,KXHIGHTOKC-26AUG30-T98,0.9990029910269193,0.99,no,price_out_of_range,2026-08-31 03:00:00+00:00,0.010000000000000009,2026-08-30
bounded,aus,skip,0.01,0.28032067461905197,KXHIGHAUS-26AUG30,,0.005,KXHIGHAUS-26AUG30-B100.5,0.290320674619052,0.0,no,price_out_of_range,2026-08-31 04:00:00+00:00,0.01,2026-08-30
bounded,aus,skip,1.0,-0.2769956441448278,KXHIGHAUS-26AUG30,,0.995,KXHIGHAUS-26AUG30-B102.5,0.7230043558551722,0.99,no,price_out_of_range,2026-08-31 04:00:00+00:00,0.010000000000000009,2026-08-30
bounded,aus,skip,1.0,-0.0009970089730807485,KXHIGHAUS-26AUG30,,0.995,KXHIGHAUS-26AUG30-B96.5,0.9990029910269193,0.99,no,price_out_of_range,2026-08-31 04:00:00+00:00,0.010000000000000009,2026-08-30
bounded,aus,skip,1.0,-0.0009970089730807485,KXHIGHAUS-26AUG30,,0.995,KXHIGHAUS-26AUG30-B98.5,0.9990029910269193,0.99,no,price_out_of_range,2026-08-31 04:00:00+00:00,0.010000000000000009,2026-08-30
upper_tail,aus,skip,1.0,-0.01033400355498204,KXHIGHAUS-26AUG30,,0.995,KXHIGHAUS-26AUG30-T103,0.989665996445018,0.99,no,price_out_of_range,2026-08-31 04:00:00+00:00,0.010000000000000009,2026-08-30
lower_tail,aus,skip,1.0,-0.0009970089730807485,KXHIGHAUS-26AUG30,,0.995,KXHIGHAUS-26AUG30-T96,0.9990029910269193,0.99,no,price_out_of_range,2026-08-31 04:00:00+00:00,0.010000000000000009,2026-08-30
bounded,den,skip,0.01,0.3489213543444549,KXHIGHDEN-26AUG30,,0.005,KXHIGHDEN-26AUG30-B85.5,0.35892135434445493,0.0,no,price_out_of_range,2026-08-31 04:00:00+00:00,0.01,2026-08-30
bounded,den,skip,1.0,-0.16990196412881775,KXHIGHDEN-26AUG30,,0.995,KXHIGHDEN-26AUG30-B87.5,0.8300980358711822,0.99,no,price_out_of_range,2026-08-31 04:00:00+00:00,0.010000000000000009,2026-08-30
bounded,den,skip,1.0,-0.0009970089730807485,KXHIGHDEN-26AUG30,,0.995,KXHIGHDEN-26AUG30-B89.5,0.9990029910269193,0.99,no,price_out_of_range,2026-08-31 04:00:00+00:00,0.010000000000000009,2026-08-30
bounded,den,skip,1.0,-0.0009970089730807485,KXHIGHDEN-26AUG30,,0.995,KXHIGHDEN-26AUG30-B91.5,0.9990029910269193,0.99,no,price_out_of_range,2026-08-31 04:00:00+00:00,0.010000000000000009,2026-08-30
lower_tail,den,skip,1.0,-0.18602836329639505,KXHIGHDEN-26AUG30,,0.995,KXHIGHDEN-26AUG30-T85,0.813971636703605,0.99,no,price_out_of_range,2026-08-31 04:00:00+00:00,0.010000000000000009,2026-08-30
upper_tail,den,skip,1.0,-0.0009970089730807485,KXHIGHDEN-26AUG30,,0.995,KXHIGHDEN-26AUG30-T92,0.9990029910269193,0.99,no,price_out_of_range,2026-08-31 04:00:00+00:00,0.010000000000000009,2026-08-30
bounded,la,skip,1.0,-0.0009960159362549792,KXHIGHLAX-26AUG30,,0.995,KXHIGHLAX-26AUG30-B76.5,0.999003984063745,0.99,no,price_out_of_range,2026-08-31 04:00:00+00:00,0.010000000000000009,2026-08-30
bounded,la,skip,1.0,-0.0009960159362549792,KXHIGHLAX-26AUG30,,0.995,KXHIGHLAX-26AUG30-B78.5,0.999003984063745,0.99,no,price_out_of_range,2026-08-31 04:00:00+00:00,0.010000000000000009,2026-08-30
bounded,la,skip,1.0,-0.0009960159362549792,KXHIGHLAX-26AUG30,,0.995,KXHIGHLAX-26AUG30-B80.5,0.999003984063745,0.99,no,price_out_of_range,2026-08-31 04:00:00+00:00,0.010000000000000009,2026-08-30
bounded,la,skip,1.0,-0.08053077824785804,KXHIGHLAX-26AUG30,,0.995,KXHIGHLAX-26AUG30-B82.5,0.919469221752142,0.99,no,price_out_of_range,2026-08-31 04:00:00+00:00,0.010000000000000009,2026-08-30
lower_tail,la,skip,1.0,-0.0009960159362549792,KXHIGHLAX-26AUG30,,0.995,KXHIGHLAX-26AUG30-T76,0.999003984063745,0.99,no,price_out_of_range,2026-08-31 04:00:00+00:00,0.010000000000000009,2026-08-30
upper_tail,la,skip,0.01,0.07451484199287796,KXHIGHLAX-26AUG30,,0.005,KXHIGHLAX-26AUG30-T83,0.08451484199287795,0.0,no,price_out_of_range,2026-08-31 04:00:00+00:00,0.01,2026-08-30
bounded,mia,skip,1.0,-0.0009970089730807485,KXHIGHMIA-26AUG30,,0.995,KXHIGHMIA-26AUG30-B87.5,0.9990029910269193,0.99,no,price_out_of_range,2026-08-31 04:00:00+00:00,0.010000000000000009,2026-08-30
bounded,mia,skip,1.0,-0.1472226679036288,KXHIGHMIA-26AUG30,,0.99,KXHIGHMIA-26AUG30-B89.5,0.8527773320963712,0.98,no,price_out_of_range,2026-08-31 04:00:00+00:00,0.020000000000000018,2026-08-30
bounded,mia,skip,0.02,0.3244236779086359,KXHIGHMIA-26AUG30,,0.01,KXHIGHMIA-26AUG30-B91.5,0.34442367790863593,0.0,no,price_out_of_range,2026-08-31 04:00:00+00:00,0.02,2026-08-30
bounded,mia,skip,1.0,-0.19420998308576487,KXHIGHMIA-26AUG30,,0.99,KXHIGHMIA-26AUG30-B93.5,0.8057900169142351,0.98,no,price_out_of_range,2026-08-31 04:00:00+00:00,0.020000000000000018,2026-08-30
lower_tail,mia,skip,1.0,-0.0009970089730807485,KXHIGHMIA-26AUG30,,0.995,KXHIGHMIA-26AUG30-T87,0.9990029910269193,0.99,no,price_out_of_range,2026-08-31 04:00:00+00:00,0.010000000000000009,2026-08-30
upper_tail,mia,skip,1.0,-0.0009970089730807485,KXHIGHMIA-26AUG30,,0.995,KXHIGHMIA-26AUG30-T94,0.9990029910269193,0.99,no,price_out_of_range,2026-08-31 04:00:00+00:00,0.010000000000000009,2026-08-30
bounded,nyc,skip,1.0,-0.0009950248756218638,KXHIGHNY-26AUG30,23.0,0.995,KXHIGHNY-26AUG30-B82.5,0.9990049751243781,0.99,no,price_out_of_range,2026-08-31 04:00:00+00:00,0.010000000000000009,2026-08-30
bounded,nyc,skip,1.0,-0.0009950248756218638,KXHIGHNY-26AUG30,23.0,0.995,KXHIGHNY-26AUG30-B84.5,0.9990049751243781,0.99,no,price_out_of_range,2026-08-31 04:00:00+00:00,0.010000000000000009,2026-08-30
bounded,nyc,skip,1.0,-0.0009950248756218638,KXHIGHNY-26AUG30,23.0,0.995,KXHIGHNY-26AUG30-B86.5,0.9990049751243781,0.99,no,price_out_of_range,2026-08-31 04:00:00+00:00,0.010000000000000009,2026-08-30
bounded,nyc,skip,1.0,-0.0009950248756218638,KXHIGHNY-26AUG30,23.0,0.995,KXHIGHNY-26AUG30-B88.5,0.9990049751243781,0.99,no,price_out_of_range,2026-08-31 04:00:00+00:00,0.010000000000000009,2026-08-30
lower_tail,nyc,skip,0.01,-0.005024875621890681,KXHIGHNY-26AUG30,23.0,0.005,KXHIGHNY-26AUG30-T82,0.004975124378109319,0.0,no,price_out_of_range,2026-08-31 04:00:00+00:00,0.01,2026-08-30
upper_tail,nyc,skip,1.0,-0.0009950248756218638,KXHIGHNY-26AUG30,23.0,0.995,KXHIGHNY-26AUG30-T89,0.9990049751243781,0.99,no,price_out_of_range,2026-08-31 04:00:00+00:00,0.010000000000000009,2026-08-30
bounded,okc,skip,1.0,-0.0009970089730807485,KXHIGHTOKC-26AUG30,22.0,0.995,KXHIGHTOKC-26AUG30-B100.5,0.9990029910269193,0.99,no,price_out_of_range,2026-08-31 04:00:00+00:00,0.010000000000000009,2026-08-30
bounded,okc,skip,1.0,-0.5515905729176481,KXHIGHTOKC-26AUG30,22.0,0.995,KXHIGHTOKC-26AUG30-B102.5,0.4484094270823519,0.99,no,price_out_of_range,2026-08-31 04:00:00+00:00,0.010000000000000009,2026-08-30
bounded,okc,skip,0.01,0.5785857212098335,KXHIGHTOKC-26AUG30,22.0,0.005,KXHIGHTOKC-26AUG30-B104.5,0.5885857212098335,0.0,no,price_out_of_range,2026-08-31 04:00:00+00:00,0.01,2026-08-30
bounded,okc,skip,1.0,-0.0009970089730807485,KXHIGHTOKC-26AUG30,22.0,0.995,KXHIGHTOKC-26AUG30-B98.5,0.9990029910269193,0.99,no,price_out_of_range,2026-08-31 04:00:00+00:00,0.010000000000000009,2026-08-30
upper_tail,okc,skip,1.0,-0.0340041213729434,KXHIGHTOKC-26AUG30,22.0,0.995,KXHIGHTOKC-26AUG30-T105,0.9659958786270566,0.99,no,price_out_of_range,2026-08-31 04:00:00+00:00,0.010000000000000009,2026-08-30
lower_tail,okc,skip,1.0,-0.0009970089730807485,KXHIGHTOKC-26AUG30,22.0,0.995,KXHIGHTOKC-26AUG30-T98,0.9990029910269193,0.99,no,price_out_of_range,2026-08-31 04:00:00+00:00,0.010000000000000009,2026-08-30
bounded,aus,skip,0.01,0.274772451091745,KXHIGHAUS-26AUG30,,0.005,KXHIGHAUS-26AUG30-B100.5,0.284772451091745,0.0,no,price_out_of_range,2026-08-31 05:00:00+00:00,0.01,2026-08-30
bounded,aus,skip,1.0,-0.2729169670949714,KXHIGHAUS-26AUG30,,0.995,KXHIGHAUS-26AUG30-B102.5,0.7270830329050286,0.99,no,price_out_of_range,2026-08-31 05:00:00+00:00,0.010000000000000009,2026-08-30
bounded,aus,skip,1.0,-0.0009970089730807485,KXHIGHAUS-26AUG30,,0.995,KXHIGHAUS-26AUG30-B96.5,0.9990029910269193,0.99,no,price_out_of_range,2026-08-31 05:00:00+00:00,0.010000000000000009,2026-08-30
bounded,aus,skip,1.0,-0.0009970089730807485,KXHIGHAUS-26AUG30,,0.995,KXHIGHAUS-26AUG30-B98.5,0.9990029910269193,0.99,no,price_out_of_range,2026-08-31 05:00:00+00:00,0.010000000000000009,2026-08-30
upper_tail,aus,skip,1.0,-0.008864457077531585,KXHIGHAUS-26AUG30,,0.995,KXHIGHAUS-26AUG30-T103,0.9911355429224684,0.99,no,price_out_of_range,2026-08-31 05:00:00+00:00,0.010000000000000009,2026-08-30
lower_tail,aus,skip,1.0,-0.0009970089730807485,KXHIGHAUS-26AUG30,,0.995,KXHIGHAUS-26AUG30-T96,0.9990029910269193,0.99,no,price_out_of_range,2026-08-31 05:00:00+00:00,0.010000000000000009,2026-08-30
bounded,den,skip,0.01,0.34772903960673374,KXHIGHDEN-26AUG30,,0.005,KXHIGHDEN-26AUG30-B85.5,0.35772903960673375,0.0,no,price_out_of_range,2026-08-31 05:00:00+00:00,0.01,2026-08-30
bounded,den,skip,1.0,-0.16732753789590316,KXHIGHDEN-26AUG30,,0.995,KXHIGHDEN-26AUG30-B87.5,0.8326724621040968,0.99,no,price_out_of_range,2026-08-31 05:00:00+00:00,0.010000000000000009,2026-08-30
bounded,den,skip,1.0,-0.0009970089730807485,KXHIGHDEN-26AUG30,,0.995,KXHIGHDEN-26AUG30-B89.5,0.9990029910269193,0.99,no,price_out_of_range,2026-08-31 05:00:00+00:00,0.010000000000000009,2026-08-30
bounded,den,skip,1.0,-0.0009970089730807485,KXHIGHDEN-26AUG30,,0.995,KXHIGHDEN-26AUG30-B91.5,0.9990029910269193,0.99,no,price_out_of_range,2026-08-31 05:00:00+00:00,0.010000000000000009,2026-08-30
lower_tail,den,skip,1.0,-0.18741047479158834,KXHIGHDEN-26AUG30,,0.995,KXHIGHDEN-26AUG30-T85,0.8125895252084117,0.99,no,price_out_of_range,2026-08-31 05:00:00+00:00,0.010000000000000009,2026-08-30
upper_tail,den,skip,1.0,-0.0009970089730807485,KXHIGHDEN-26AUG30,,0.995,KXHIGHDEN-26AUG30-T92,0.9990029910269193,0.99,no,price_out_of_range,2026-08-31 05:00:00+00:00,0.010000000000000009,2026-08-30
bounded,la,skip,1.0,-0.0009960159362549792,KXHIGHLAX-26AUG30,,0.995,KXHIGHLAX-26AUG30-B76.5,0.999003984063745,0.99,no,price_out_of_range,2026-08-31 05:00:00+00:00,0.010000000000000009,2026-08-30
bounded,la,skip,1.0,-0.0009960159362549792,KXHIGHLAX-26AUG30,,0.995,KXHIGHLAX-26AUG30-B78.5,0.999003984063745,0.99,no,price_out_of_range,2026-08-31 05:00:00+00:00,0.010000000000000009,2026-08-30
bounded,la,skip,1.0,-0.0009960159362549792,KXHIGHLAX-26AUG30,,0.995,KXHIGHLAX-26AUG30-B80.5,0.999003984063745,0.99,no,price_out_of_range,2026-08-31 05:00:00+00:00,0.010000000000000009,2026-08-30
bounded,la,skip,1.0,-0.07916088759699447,KXHIGHLAX-26AUG30,,0.995,KXHIGHLAX-26AUG30-B82.5,0.9208391124030055,0.99,no,price_out_of_range,2026-08-31 05:00:00+00:00,0.010000000000000009,2026-08-30
lower_tail,la,skip,1.0,-0.0009960159362549792,KXHIGHLAX-26AUG30,,0.995,KXHIGHLAX-26AUG30-T76,0.999003984063745,0.99,no,price_out_of_range,2026-08-31 05:00:00+00:00,0.010000000000000009,2026-08-30
upper_tail,la,skip,0.01,0.07314495134201439,KXHIGHLAX-26AUG30,,0.005,KXHIGHLAX-26AUG30-T83,0.08314495134201438,0.0,no,price_out_of_range,2026-08-31 05:00:00+00:00,0.01,2026-08-30
bounded,mia,skip,0.97,-0.022291867419935385,KXHIGHMIA-26AUG31,,0.965,KXHIGHMIA-26AUG31-B87.5,0.9477081325800646,0.96,no,price_out_of_range,2026-08-31 05:00:00+00:00,0.010000000000000009,2026-08-31
bounded,mia,skip,0.77,-0.008156875186212997,KXHIGHMIA-26AUG31,,0.765,KXHIGHMIA-26AUG31-B89.5,0.761843124813787,0.76,no,price_out_of_range,2026-08-31 05:00:00+00:00,0.010000000000000009,2026-08-31
bounded,mia,buy,0.53,0.08391500008319364,KXHIGHMIA-26AUG31,,0.525,KXHIGHMIA-26AUG31-B91.5,0.6139150000831937,0.52,no,,2026-08-31 05:00:00+00:00,0.010000000000000009,2026-08-31
bounded,mia,skip,0.76,-0.012707915437906947,KXHIGHMIA-26AUG31,,0.755,KXHIGHMIA-26AUG31-B93.5,0.7472920845620931,0.75,no,price_out_of_range,2026-08-31 05:00:00+00:00,0.010000000000000009,2026-08-31
lower_tail,mia,skip,0.99,0.0050644844825289415,KXHIGHMIA-26AUG31,,0.985,KXHIGHMIA-26AUG31-T87,0.9950644844825289,0.98,no,price_out_of_range,2026-08-31 05:00:00+00:00,0.010000000000000009,2026-08-31
upper_tail,mia,skip,0.97,-0.03582282652166724,KXHIGHMIA-26AUG31,,0.965,KXHIGHMIA-26AUG31-T94,0.9341771734783327,0.96,no,price_out_of_range,2026-08-31 05:00:00+00:00,0.010000000000000009,2026-08-31
bounded,nyc,buy,0.65,0.04680233450082383,KXHIGHNY-26AUG31,0.0,0.635,KXHIGHNY-26AUG31-B78.5,0.6968023345008239,0.62,no,,2026-08-31 05:00:00+00:00,0.030000000000000027,2026-08-31
bounded,nyc,skip,0.94,-0.19110027173074606,KXHIGHNY-26AUG31,0.0,0.935,KXHIGHNY-26AUG31-B80.5,0.7488997282692539,0.93,no,price_out_of_range,2026-08-31 05:00:00+00:00,0.009999999999999898,2026-08-31
bounded,nyc,skip,0.97,-0.07857576141328937,KXHIGHNY-26AUG31,0.0,0.965,KXHIGHNY-26AUG31-B82.5,0.8914242385867106,0.96,no,price_out_of_range,2026-08-31 05:00:00+00:00,0.010000000000000009,2026-08-31
bounded,nyc,skip,0.99,-0.027268430373211805,KXHIGHNY-26AUG31,0.0,0.985,KXHIGHNY-26AUG31-B84.5,0.9627315696267882,0.98,no,price_out_of_range,2026-08-31 05:00:00+00:00,0.010000000000000009,2026-08-31
lower_tail,nyc,skip,0.48,0.22114169957272356,KXHIGHNY-26AUG31,0.0,0.46499999999999997,KXHIGHNY-26AUG31-T78,0.7011416995727235,0.45,no,price_out_of_range,2026-08-31 05:00:00+00:00,0.02999999999999997,2026-08-31
upper_tail,nyc,skip,1.0,-0.0009995705563002888,KXHIGHNY-26AUG31,0.0,0.995,KXHIGHNY-26AUG31-T85,0.9990004294436997,0.99,no,price_out_of_range,2026-08-31 05:00:00+00:00,0.010000000000000009,2026-08-31
bounded,okc,skip,1.0,-0.0009970089730807485,KXHIGHTOKC-26AUG30,23.0,0.995,KXHIGHTOKC-26AUG30-B100.5,0.9990029910269193,0.99,no,price_out_of_range,2026-08-31 05:00:00+00:00,0.010000000000000009,2026-08-30
bounded,okc,skip,1.0,-0.5552404968822012,KXHIGHTOKC-26AUG30,23.0,0.995,KXHIGHTOKC-26AUG30-B102.5,0.44475950311779877,0.99,no,price_out_of_range,2026-08-31 05:00:00+00:00,0.010000000000000009,2026-08-30
bounded,okc,skip,0.01,0.5813226329420942,KXHIGHTOKC-26AUG30,23.0,0.005,KXHIGHTOKC-26AUG30-B104.5,0.5913226329420942,0.0,no,price_out_of_range,2026-08-31 05:00:00+00:00,0.01,2026-08-30
bounded,okc,skip,1.0,-0.0009970089730807485,KXHIGHTOKC-26AUG30,23.0,0.995,KXHIGHTOKC-26AUG30-B98.5,0.9990029910269193,0.99,no,price_out_of_range,2026-08-31 05:00:00+00:00,0.010000000000000009,2026-08-30
upper_tail,okc,skip,1.0,-0.03309110914065072,KXHIGHTOKC-26AUG30,23.0,0.995,KXHIGHTOKC-26AUG30-T105,0.9669088908593493,0.99,no,price_out_of_range,2026-08-31 05:00:00+00:00,0.010000000000000009,2026-08-30
lower_tail,okc,skip,1.0,-0.0009970089730807485,KXHIGHTOKC-26AUG30,23.0,0.995,KXHIGHTOKC-26AUG30-T98,0.9990029910269193,0.99,no,price_out_of_range,2026-08-31 05:00:00+00:00,0.010000000000000009,2026-08-30
bounded,aus,buy,0.63,0.15568571564807943,KXHIGHAUS-26AUG31,,0.625,KXHIGHAUS-26AUG31-B101.5,0.7856857156480794,0.62,no,,2026-08-31 06:00:00+00:00,0.010000000000000009,2026-08-31
bounded,aus,skip,0.99,0.00900299102691926,KXHIGHAUS-26AUG31,,0.985,KXHIGHAUS-26AUG31-B103.5,0.9990029910269193,0.98,no,price_out_of_range,2026-08-31 06:00:00+00:00,0.010000000000000009,2026-08-31
bounded,aus,skip,0.95,-0.07381606145277109,KXHIGHAUS-26AUG31,,0.945,KXHIGHAUS-26AUG31-B97.5,0.8761839385472289,0.94,no,price_out_of_range,2026-08-31 06:00:00+00:00,0.010000000000000009,2026-08-31
bounded,aus,skip,0.42,-0.07887862727606593,KXHIGHAUS-26AUG31,,0.415,KXHIGHAUS-26AUG31-B99.5,0.34112137272393406,0.41,no,price_out_of_range,2026-08-31 06:00:00+00:00,0.010000000000000009,2026-08-31
upper_tail,aus,skip,1.0,-0.0009970089730807485,KXHIGHAUS-26AUG31,,0.995,KXHIGHAUS-26AUG31-T104,0.9990029910269193,0.99,no,price_out_of_range,2026-08-31 06:00:00+00:00,0.010000000000000009,2026-08-31
lower_tail,aus,skip,0.99,0.00900299102691926,KXHIGHAUS-26AUG31,,0.985,KXHIGHAUS-26AUG31-T97,0.9990029910269193,0.98,no,price_out_of_range,2026-08-31 06:00:00+00:00,0.010000000000000009,2026-08-31
bounded,den,skip,0.01,0.34565900411134176,KXHIGHDEN-26AUG30,,0.005,KXHIGHDEN-26AUG30-B85.5,0.35565900411134177,0.0,no,price_out_of_range,2026-08-31 06:00:00+00:00,0.01,2026-08-30
bounded,den,skip,1.0,-0.16726603377549654,KXHIGHDEN-26AUG30,,0.995,KXHIGHDEN-26AUG30-B87.5,0.8327339662245035,0.99,no,price_out_of_range,2026-08-31 06:00:00+00:00,0.010000000000000009,2026-08-30
bounded,den,skip,1.0,-0.0009970089730807485,KXHIGHDEN-26AUG30,,0.995,KXHIGHDEN-26AUG30-B89.5,0.9990029910269193,0.99,no,price_out_of_range,2026-08-31 06:00:00+00:00,0.010000000000000009,2026-08-30
bounded,den,skip,1.0,-0.0009970089730807485,KXHIGHDEN-26AUG30,,0.995,KXHIGHDEN-26AUG30-B91.5,0.9990029910269193,0.99,no,price_out_of_range,2026-08-31 06:00:00+00:00,0.010000000000000009,2026-08-30
lower_tail,den,skip,1.0,-0.185401943416603,KXHIGHDEN-26AUG30,,0.995,KXHIGHDEN-26AUG30-T85,0.814598056583397,0.99,no,price_out_of_range,2026-08-31 06:00:00+00:00,0.010000000000000009,2026-08-30
upper_tail,den,skip,1.0,-0.0009970089730807485,KXHIGHDEN-26AUG30,,0.995,KXHIGHDEN-26AUG30-T92,0.9990029910269193,0.99,no,price_out_of_range,2026-08-31 06:00:00+00:00,0.010000000000000009,2026-08-30
bounded,la,skip,1.0,-0.0009960159362549792,KXHIGHLAX-26AUG30,,0.995,KXHIGHLAX-26AUG30-B76.5,0.999003984063745,0.99,no,price_out_of_range,2026-08-31 06:00:00+00:00,0.010000000000000009,2026-08-30
bounded,la,skip,1.0,-0.0009960159362549792,KXHIGHLAX-26AUG30,,0.995,KXHIGHLAX-26AUG30-B78.5,0.999003984063745,0.99,no,price_out_of_range,2026-08-31 06:00:00+00:00,0.010000000000000009,2026-08-30
bounded,la,skip,1.0,-0.0009960159362549792,KXHIGHLAX-26AUG30,,0.995,KXHIGHLAX-26AUG30-B80.5,0.999003984063745,0.99,no,price_out_of_range,2026-08-31 06:00:00+00:00,0.010000000000000009,2026-08-30
bounded,la,skip,1.0,-0.07812029471279835,KXHIGHLAX-26AUG30,,0.995,KXHIGHLAX-26AUG30-B82.5,0.9218797052872016,0.99,no,price_out_of_range,2026-08-31 06:00:00+00:00,0.010000000000000009,2026-08-30
lower_tail,la,skip,1.0,-0.0009960159362549792,KXHIGHLAX-26AUG30,,0.995,KXHIGHLAX-26AUG30-T76,0.999003984063745,0.99,no,price_out_of_range,2026-08-31 06:00:00+00:00,0.010000000000000009,2026-08-30
upper_tail,la,skip,0.01,0.07210435845781828,KXHIGHLAX-26AUG30,,0.005,KXHIGHLAX-26AUG30-T83,0.08210435845781827,0.0,no,price_out_of_range,2026-08-31 06:00:00+00:00,0.01,2026-08-30
bounded,mia,skip,0.99,-0.028906488155703736,KXHIGHMIA-26AUG31,,0.985,KXHIGHMIA-26AUG31-B87.5,0.9610935118442963,0.98,no,price_out_of_range,2026-08-31 06:00:00+00:00,0.010000000000000009,2026-08-31
bounded,mia,skip,0.86,-0.09031486134463851,KXHIGHMIA-26AUG31,,0.855,KXHIGHMIA-26AUG31-B89.5,0.7696851386553615,0.85,no,price_out_of_range,2026-08-31 06:00:00+00:00,0.010000000000000009,2026-08-31
bounded,mia,skip,0.45,0.08088049815323878,KXHIGHMIA-26AUG31,,0.44,KXHIGHMIA-26AUG31-B91.5,0.5308804981532388,0.43,no,price_out_of_range,2026-08-31 06:00:00+00:00,0.020000000000000018,2026-08-31
bounded,mia,skip,0.78,-0.002805984734271849,KXHIGHMIA-26AUG31,,0.77,KXHIGHMIA-26AUG31-B93.5,0.7771940152657282,0.76,no,price_out_of_range,2026-08-31 06:00:00+00:00,0.020000000000000018,2026-08-31
lower_tail,mia,skip,0.99,0.009000999000999044,KXHIGHMIA-26AUG31,,0.985,KXHIGHMIA-26AUG31-T87,0.999000999000999,0.98,no,price_out_of_range,2026-08-31 06:00:00+00:00,0.010000000000000009,2026-08-31
upper_tail,mia,skip,0.98,-0.01785416291962383,KXHIGHMIA-26AUG31,,0.975,KXHIGHMIA-26AUG31-T94,0.9621458370803762,0.97,no,price_out_of_range,2026-08-31 06:00:00+00:00,0.010000000000000009,2026-08-31
bounded,nyc,buy,0.65,0.06288288150536847,KXHIGHNY-26AUG31,1.0,0.64,KXHIGHNY-26AUG31-B78.5,0.7128828815053685,0.63,no,,2026-08-31 06:00:00+00:00,0.020000000000000018,2026-08-31
bounded,nyc,skip,0.92,-0.13739027354316946,KXHIGHNY-26AUG31,1.0,0.91,KXHIGHNY-26AUG31-B80.5,0.7826097264568306,0.9,no,price_out_of_range,2026-08-31 06:00:00+00:00,0.020000000000000018,2026-08-31
bounded,nyc,skip,0.97,-0.04796514869739177,KXHIGHNY-26AUG31,1.0,0.965,KXHIGHNY-26AUG31-B82.5,0.9220348513026082,0.96,no,price_out_of_range,2026-08-31 06:00:00+00:00,0.010000000000000009,2026-08-31
bounded,nyc,skip,0.99,-0.023290326502905745,KXHIGHNY-26AUG31,1.0,0.985,KXHIGHNY-26AUG31-B84.5,0.9667096734970942,0.98,no,price_out_of_range,2026-08-31 06:00:00+00:00,0.010000000000000009,2026-08-31
lower_tail,nyc,skip,0.47,0.14676186823709936,KXHIGHNY-26AUG31,1.0,0.45999999999999996,KXHIGHNY-26AUG31-T78,0.6167618682370993,0.45,no,price_out_of_range,2026-08-31 06:00:00+00:00,0.019999999999999962,2026-08-31
upper_tail,nyc,skip,1.0,-0.0009990009990009652,KXHIGHNY-26AUG31,1.0,0.995,KXHIGHNY-26AUG31-T85,0.999000999000999,0.99,no,price_out_of_range,2026-08-31 06:00:00+00:00,0.010000000000000009,2026-08-31
bounded,okc,buy,0.53,0.2415832416950675,KXHIGHTOKC-26AUG31,0.0,0.525,KXHIGHTOKC-26AUG31-B100.5,0.7715832416950675,0.52,no,,2026-08-31 06:00:00+00:00,0.010000000000000009,2026-08-31
bounded,okc,buy,0.62,0.23529886805938072,KXHIGHTOKC-26AUG31,0.0,0.615,KXHIGHTOKC-26AUG31-B102.5,0.8552988680593807,0.61,no,,2026-08-31 06:00:00+00:00,0.010000000000000009,2026-08-31
bounded,okc,skip,0.95,0.00012228843787842614,KXHIGHTOKC-26AUG31,0.0,0.94,KXHIGHTOKC-26AUG31-B104.5,0.9501222884378784,0.93,no,price_out_of_range,2026-08-31 06:00:00+00:00,0.019999999999999907,2026-08-31
bounded,okc,skip,0.89,-0.1310163817226334,KXHIGHTOKC-26AUG31,0.0,0.885,KXHIGHTOKC-26AUG31-B98.5,0.7589836182773666,0.88,no,price_out_of_range,2026-08-31 06:00:00+00:00,0.010000000000000009,2026-08-31
upper_tail,okc,skip,0.99,-0.020395185425950535,KXHIGHTOKC-26AUG31,0.0,0.985,KXHIGHTOKC-26AUG31-T105,0.9696048145740495,0.98,no,price_out_of_range,2026-08-31 06:00:00+00:00,0.010000000000000009,2026-08-31
lower_tail,okc,skip,0.99,-0.2955928310437427,KXHIGHTOKC-26AUG31,0.0,0.985,KXHIGHTOKC-26AUG31-T98,0.6944071689562573,0.98,no,price_out_of_range,2026-08-31 06:00:00+00:00,0.010000000000000009,2026-08-31
bounded,aus,buy,0.63,0.09323222652126384,KXHIGHAUS-26AUG31,,0.625,KXHIGHAUS-26AUG31-B101.5,0.7232322265212638,0.62,no,,2026-08-31 07:00:00+00:00,0.010000000000000009,2026-08-31
bounded,aus,skip,0.99,0.0026682753947370186,KXHIGHAUS-26AUG31,,0.985,KXHIGHAUS-26AUG31-B103.5,0.992668275394737,0.98,no,price_out_of_range,2026-08-31 07:00:00+00:00,0.010000000000000009,2026-08-31
bounded,aus,skip,0.96,-0.040903741919999015,KXHIGHAUS-26AUG31,,0.955,KXHIGHAUS-26AUG31-B97.5,0.919096258080001,0.95,no,price_out_of_range,2026-08-31 07:00:00+00:00,0.010000000000000009,2026-08-31
bounded,aus,skip,0.42,-0.05300075201196991,KXHIGHAUS-26AUG31,,0.415,KXHIGHAUS-26AUG31-B99.5,0.3669992479880301,0.41,no,price_out_of_range,2026-08-31 07:00:00+00:00,0.010000000000000009,2026-08-31
upper_tail,aus,skip,1.0,-0.0009980039920159944,KXHIGHAUS-26AUG31,,0.995,KXHIGHAUS-26AUG31-T104,0.999001996007984,0.99,no,price_out_of_range,2026-08-31 07:00:00+00:00,0.010000000000000009,2026-08-31
lower_tail,aus,skip,0.99,0.009001996007984014,KXHIGHAUS-26AUG31,,0.985,KXHIGHAUS-26AUG31-T97,0.999001996007984,0.98,no,price_out_of_range,2026-08-31 07:00:00+00:00,0.010000000000000009,2026-08-31
bounded,den,skip,0.94,0.01781581609288596,KXHIGHDEN-26AUG31,,0.935,KXHIGHDEN-26AUG31-B80.5,0.9578158160928859,0.93,no,price_out_of_range,2026-08-31 07:00:00+00:00,0.009999999999999898,2026-08-31
bounded,den,skip,0.83,-0.009027360616774338,KXHIGHDEN-26AUG31,,0.825,KXHIGHDEN-26AUG31-B82.5,0.8209726393832256,0.82,no,price_out_of_range,2026-08-31 07:00:00+00:00,0.010000000000000009,2026-08-31
bounded,den,buy,0.54,0.09429233030652706,KXHIGHDEN-26AUG31,,0.53,KXHIGHDEN-26AUG31-B84.5,0.6342923303065271,0.52,no,,2026-08-31 07:00:00+00:00,0.020000000000000018,2026-08-31
bounded,den,skip,0.8,-0.10716013575810035,KXHIGHDEN-26AUG31,,0.785,KXHIGHDEN-26AUG31-B86.5,0.6928398642418997,0.77,no,price_out_of_range,2026-08-31 07:00:00+00:00,0.030000000000000027,2026-08-31
lower_tail,den,skip,0.99,0.009000999000999044,KXHIGHDEN-26AUG31,,0.985,KXHIGHDEN-26AUG31-T80,0.999000999000999,0.98,no,price_out_of_range,2026-08-31 07:00:00+00:00,0.010000000000000009,2026-08-31
upper_tail,den,skip,0.87,0.025078350974462538,KXHIGHDEN-26AUG31,,0.865,KXHIGHDEN-26AUG31-T87,0.8950783509744625,0.86,no,price_out_of_range,2026-08-31 07:00:00+00:00,0.010000000000000009,2026-08-31
bounded,la,skip,1.0,-0.0009960159362549792,KXHIGHLAX-26AUG30,,0.995,KXHIGHLAX-26AUG30-B76.5,0.999003984063745,0.99,no,price_out_of_range,2026-08-31 07:00:00+00:00,0.010000000000000009,2026-08-30
bounded,la,skip,1.0,-0.0009960159362549792,KXHIGHLAX-26AUG30,,0.995,KXHIGHLAX-26AUG30-B78.5,0.999003984063745,0.99,no,price_out_of_range,2026-08-31 07:00:00+00:00,0.010000000000000009,2026-08-30
bounded,la,skip,1.0,-0.0009960159362549792,KXHIGHLAX-26AUG30,,0.995,KXHIGHLAX-26AUG30-B80.5,0.999003984063745,0.99,no,price_out_of_range,2026-08-31 07:00:00+00:00,0.010000000000000009,2026-08-30
bounded,la,skip,1.0,-0.07855731994462478,KXHIGHLAX-26AUG30,,0.995,KXHIGHLAX-26AUG30-B82.5,0.9214426800553752,0.99,no,price_out_of_range,2026-08-31 07:00:00+00:00,0.010000000000000009,2026-08-30
lower_tail,la,skip,1.0,-0.0009960159362549792,KXHIGHLAX-26AUG30,,0.995,KXHIGHLAX-26AUG30-T76,0.999003984063745,0.99,no,price_out_of_range,2026-08-31 07:00:00+00:00,0.010000000000000009,2026-08-30
upper_tail,la,skip,0.01,0.0725413836896447,KXHIGHLAX-26AUG30,,0.005,KXHIGHLAX-26AUG30-T83,0.0825413836896447,0.0,no,price_out_of_range,2026-08-31 07:00:00+00:00,0.01,2026-08-30
bounded,mia,skip,0.99,-0.02888196259655129,KXHIGHMIA-26AUG31,,0.985,KXHIGHMIA-26AUG31-B87.5,0.9611180374034487,0.98,no,price_out_of_range,2026-08-31 07:00:00+00:00,0.010000000000000009,2026-08-31
bounded,mia,skip,0.87,-0.09512115917878206,KXHIGHMIA-26AUG31,,0.865,KXHIGHMIA-26AUG31-B89.5,0.7748788408212179,0.86,no,price_out_of_range,2026-08-31 07:00:00+00:00,0.010000000000000009,2026-08-31
bounded,mia,skip,0.41,0.12589919796129928,KXHIGHMIA-26AUG31,,0.405,KXHIGHMIA-26AUG31-B91.5,0.5358991979612993,0.4,no,price_out_of_range,2026-08-31 07:00:00+00:00,0.009999999999999953,2026-08-31
bounded,mia,skip,0.8,-0.031167722085956417,KXHIGHMIA-26AUG31,,0.795,KXHIGHMIA-26AUG31-B93.5,0.7688322779140436,0.79,no,price_out_of_range,2026-08-31 07:00:00+00:00,0.010000000000000009,2026-08-31
lower_tail,mia,skip,0.99,0.009000999000999044,KXHIGHMIA-26AUG31,,0.985,KXHIGHMIA-26AUG31-T87,0.999000999000999,0.98,no,price_out_of_range,2026-08-31 07:00:00+00:00,0.010000000000000009,2026-08-31
upper_tail,mia,skip,0.98,-0.01972935310100843,KXHIGHMIA-26AUG31,,0.97,KXHIGHMIA-26AUG31-T94,0.9602706468989916,0.96,no,price_out_of_range,2026-08-31 07:00:00+00:00,0.020000000000000018,2026-08-31
bounded,nyc,skip,0.66,0.03205439420959677,KXHIGHNY-26AUG31,2.0,0.655,KXHIGHNY-26AUG31-B78.5,0.6920543942095968,0.65,no,price_out_of_range,2026-08-31 07:00:00+00:00,0.010000000000000009,2026-08-31
bounded,nyc,skip,0.94,-0.13239347070577312,KXHIGHNY-26AUG31,2.0,0.935,KXHIGHNY-26AUG31-B80.5,0.8076065292942268,0.93,no,price_out_of_range,2026-08-31 07:00:00+00:00,0.009999999999999898,2026-08-31
bounded,nyc,skip,0.98,-0.03541834895804219,KXHIGHNY-26AUG31,2.0,0.975,KXHIGHNY-26AUG31-B82.5,0.9445816510419578,0.97,no,price_out_of_range,2026-08-31 07:00:00+00:00,0.010000000000000009,2026-08-31
bounded,nyc,skip,0.99,-0.010789386176160654,KXHIGHNY-26AUG31,2.0,0.985,KXHIGHNY-26AUG31-B84.5,0.9792106138238393,0.98,no,price_out_of_range,2026-08-31 07:00:00+00:00,0.010000000000000009,2026-08-31
lower_tail,nyc,skip,0.44,0.1375458126293802,KXHIGHNY-26AUG31,2.0,0.43,KXHIGHNY-26AUG31-T78,0.5775458126293802,0.42,no,price_out_of_range,2026-08-31 07:00:00+00:00,0.020000000000000018,2026-08-31
upper_tail,nyc,skip,1.0,-0.0009990009990009652,KXHIGHNY-26AUG31,2.0,0.995,KXHIGHNY-26AUG31-T85,0.999000999000999,0.99,no,price_out_of_range,2026-08-31 07:00:00+00:00,0.010000000000000009,2026-08-31
bounded,okc,buy,0.55,0.17567437552663523,KXHIGHTOKC-26AUG31,1.0,0.545,KXHIGHTOKC-26AUG31-B100.5,0.7256743755266353,0.54,no,,2026-08-31 07:00:00+00:00,0.010000000000000009,2026-08-31
bounded,okc,buy,0.63,0.20954081931164614,KXHIGHTOKC-26AUG31,1.0,0.61,KXHIGHTOKC-26AUG31-B102.5,0.8395408193116461,0.59,no,,2026-08-31 07:00:00+00:00,0.040000000000000036,2026-08-31
bounded,okc,skip,0.94,0.018096375501418294,KXHIGHTOKC-26AUG31,1.0,0.9199999999999999,KXHIGHTOKC-26AUG31-B104.5,0.9580963755014182,0.9,no,price_out_of_range,2026-08-31 07:00:00+00:00,0.039999999999999925,2026-08-31
bounded,okc,skip,0.89,-0.1681868880301539,KXHIGHTOKC-26AUG31,1.0,0.885,KXHIGHTOKC-26AUG31-B98.5,0.7218131119698461,0.88,no,price_out_of_range,2026-08-31 07:00:00+00:00,0.010000000000000009,2026-08-31
upper_tail,okc,skip,0.99,-0.00754622593270593,KXHIGHTOKC-26AUG31,1.0,0.985,KXHIGHTOKC-26AUG31-T105,0.9824537740672941,0.98,no,price_out_of_range,2026-08-31 07:00:00+00:00,0.010000000000000009,2026-08-31
lower_tail,okc,skip,0.99,-0.2175784563768397,KXHIGHTOKC-26AUG31,1.0,0.985,KXHIGHTOKC-26AUG31-T98,0.7724215436231603,0.98,no,price_out_of_range,2026-08-31 07:00:00+00:00,0.010000000000000009,2026-08-31
bounded,aus,buy,0.6,0.10305380911882578,KXHIGHAUS-26AUG31,,0.595,KXHIGHAUS-26AUG31-B101.5,0.7030538091188258,0.59,no,,2026-08-31 08:00:00+00:00,0.010000000000000009,2026-08-31
bounded,aus,skip,0.99,-0.0001596120454994132,KXHIGHAUS-26AUG31,,0.985,KXHIGHAUS-26AUG31-B103.5,0.9898403879545006,0.98,no,price_out_of_range,2026-08-31 08:00:00+00:00,0.010000000000000009,2026-08-31
bounded,aus,skip,0.97,-0.04236035378558434,KXHIGHAUS-26AUG31,,0.96,KXHIGHAUS-26AUG31-B97.5,0.9276396462144156,0.95,no,price_out_of_range,2026-08-31 08:00:00+00:00,0.020000000000000018,2026-08-31
bounded,aus,skip,0.42,-0.03853783530371019,KXHIGHAUS-26AUG31,,0.415,KXHIGHAUS-26AUG31-B99.5,0.3814621646962898,0.41,no,price_out_of_range,2026-08-31 08:00:00+00:00,0.010000000000000009,2026-08-31
upper_tail,aus,skip,1.0,-0.0009980039920159944,KXHIGHAUS-26AUG31,,0.995,KXHIGHAUS-26AUG31-T104,0.999001996007984,0.99,no,price_out_of_range,2026-08-31 08:00:00+00:00,0.010000000000000009,2026-08-31
lower_tail,aus,skip,0.99,0.009001996007984014,KXHIGHAUS-26AUG31,,0.985,KXHIGHAUS-26AUG31-T97,0.999001996007984,0.98,no,price_out_of_range,2026-08-31 08:00:00+00:00,0.010000000000000009,2026-08-31
bounded,den,skip,0.97,-0.013993753118897279,KXHIGHDEN-26AUG31,,0.965,KXHIGHDEN-26AUG31-B80.5,0.9560062468811027,0.96,no,price_out_of_range,2026-08-31 08:00:00+00:00,0.010000000000000009,2026-08-31
bounded,den,skip,0.9,-0.0778936520907122,KXHIGHDEN-26AUG31,,0.895,KXHIGHDEN-26AUG31-B82.5,0.8221063479092878,0.89,no,price_out_of_range,2026-08-31 08:00:00+00:00,0.010000000000000009,2026-08-31
bounded,den,buy,0.53,0.11765769671166115,KXHIGHDEN-26AUG31,,0.525,KXHIGHDEN-26AUG31-B84.5,0.6476576967116612,0.52,no,,2026-08-31 08:00:00+00:00,0.010000000000000009,2026-08-31
bounded,den,skip,0.75,-0.052293398841363525,KXHIGHDEN-26AUG31,,0.74,KXHIGHDEN-26AUG31-B86.5,0.6977066011586365,0.73,no,price_out_of_range,2026-08-31 08:00:00+00:00,0.020000000000000018,2026-08-31
lower_tail,den,skip,0.99,0.009000999000999044,KXHIGHDEN-26AUG31,,0.985,KXHIGHDEN-26AUG31-T80,0.999000999000999,0.98,no,price_out_of_range,2026-08-31 08:00:00+00:00,0.010000000000000009,2026-08-31
upper_tail,den,skip,0.87,0.007522108338312683,KXHIGHDEN-26AUG31,,0.865,KXHIGHDEN-26AUG31-T87,0.8775221083383127,0.86,no,price_out_of_range,2026-08-31 08:00:00+00:00,0.010000000000000009,2026-08-31
bounded,la,skip,1.0,-0.02639332967722674,KXHIGHLAX-26AUG31,,0.995,KXHIGHLAX-26AUG31-B72.5,0.9736066703227733,0.99,no,price_out_of_range,2026-08-31 08:00:00+00:00,0.010000000000000009,2026-08-31
bounded,la,skip,1.0,-0.07963984252036593,KXHIGHLAX-26AUG31,,0.995,KXHIGHLAX-26AUG31-B74.5,0.9203601574796341,0.99,no,price_out_of_range,2026-08-31 08:00:00+00:00,0.010000000000000009,2026-08-31
bounded,la,skip,0.95,-0.21302009164279656,KXHIGHLAX-26AUG31,,0.945,KXHIGHLAX-26AUG31-B76.5,0.7369799083572034,0.94,no,price_out_of_range,2026-08-31 08:00:00+00:00,0.010000000000000009,2026-08-31
bounded,la,skip,0.72,-0.05537616728503392,KXHIGHLAX-26AUG31,,0.715,KXHIGHLAX-26AUG31-B78.5,0.6646238327149661,0.71,no,price_out_of_range,2026-08-31 08:00:00+00:00,0.010000000000000009,2026-08-31
lower_tail,la,skip,1.0,-0.0009990009990009652,KXHIGHLAX-26AUG31,,0.995,KXHIGHLAX-26AUG31-T72,0.999000999000999,0.99,no,price_out_of_range,2026-08-31 08:00:00+00:00,0.010000000000000009,2026-08-31
upper_tail,la,skip,0.33,0.3754284321244243,KXHIGHLAX-26AUG31,,0.325,KXHIGHLAX-26AUG31-T79,0.7054284321244243,0.32,no,price_out_of_range,2026-08-31 08:00:00+00:00,0.010000000000000009,2026-08-31
bounded,mia,skip,0.98,-0.023232878543723356,KXHIGHMIA-26AUG31,,0.975,KXHIGHMIA-26AUG31-B87.5,0.9567671214562766,0.97,no,price_out_of_range,2026-08-31 08:00:00+00:00,0.010000000000000009,2026-08-31
bounded,mia,skip,0.86,-0.11443474667182796,KXHIGHMIA-26AUG31,,0.85,KXHIGHMIA-26AUG31-B89.5,0.745565253328172,0.84,no,price_out_of_range,2026-08-31 08:00:00+00:00,0.020000000000000018,2026-08-31
bounded,mia,skip,0.41,0.13124325637657513,KXHIGHMIA-26AUG31,,0.395,KXHIGHMIA-26AUG31-B91.5,0.5412432563765751,0.38,no,price_out_of_range,2026-08-31 08:00:00+00:00,0.02999999999999997,2026-08-31
bounded,mia,skip,0.81,-0.01655935871489811,KXHIGHMIA-26AUG31,,0.805,KXHIGHMIA-26AUG31-B93.5,0.7934406412851019,0.8,no,price_out_of_range,2026-08-31 08:00:00+00:00,0.010000000000000009,2026-08-31
lower_tail,mia,skip,0.99,0.009000999000999044,KXHIGHMIA-26AUG31,,0.985,KXHIGHMIA-26AUG31-T87,0.999000999000999,0.98,no,price_out_of_range,2026-08-31 08:00:00+00:00,0.010000000000000009,2026-08-31
upper_tail,mia,skip,0.98,-0.016017271447124615,KXHIGHMIA-26AUG31,,0.975,KXHIGHMIA-26AUG31-T94,0.9639827285528754,0.97,no,price_out_of_range,2026-08-31 08:00:00+00:00,0.010000000000000009,2026-08-31
bounded,nyc,skip,0.66,0.009776673001583691,KXHIGHNY-26AUG31,3.0,0.655,KXHIGHNY-26AUG31-B78.5,0.6697766730015837,0.65,no,price_out_of_range,2026-08-31 08:00:00+00:00,0.010000000000000009,2026-08-31
bounded,nyc,skip,0.94,-0.1273036558888887,KXHIGHNY-26AUG31,3.0,0.935,KXHIGHNY-26AUG31-B80.5,0.8126963441111112,0.93,no,price_out_of_range,2026-08-31 08:00:00+00:00,0.009999999999999898,2026-08-31
bounded,nyc,skip,0.98,-0.025346900815999107,KXHIGHNY-26AUG31,3.0,0.975,KXHIGHNY-26AUG31-B82.5,0.9546530991840009,0.97,no,price_out_of_range,2026-08-31 08:00:00+00:00,0.010000000000000009,2026-08-31
bounded,nyc,skip,0.99,-0.0011640252260383122,KXHIGHNY-26AUG31,3.0,0.985,KXHIGHNY-26AUG31-B84.5,0.9888359747739617,0.98,no,price_out_of_range,2026-08-31 08:00:00+00:00,0.010000000000000009,2026-08-31
lower_tail,nyc,skip,0.41,0.16503690992834347,KXHIGHNY-26AUG31,3.0,0.405,KXHIGHNY-26AUG31-T78,0.5750369099283434,0.4,no,price_out_of_range,2026-08-31 08:00:00+00:00,0.009999999999999953,2026-08-31
upper_tail,nyc,skip,1.0,-0.0009990009990009652,KXHIGHNY-26AUG31,3.0,0.995,KXHIGHNY-26AUG31-T85,0.999000999000999,0.99,no,price_out_of_range,2026-08-31 08:00:00+00:00,0.010000000000000009,2026-08-31
bounded,okc,buy,0.55,0.14711703556782385,KXHIGHTOKC-26AUG31,2.0,0.545,KXHIGHTOKC-26AUG31-B100.5,0.6971170355678239,0.54,no,,2026-08-31 08:00:00+00:00,0.010000000000000009,2026-08-31
bounded,okc,buy,0.63,0.1989457622272074,KXHIGHTOKC-26AUG31,2.0,0.605,KXHIGHTOKC-26AUG31-B102.5,0.8289457622272074,0.58,no,,2026-08-31 08:00:00+00:00,0.050000000000000044,2026-08-31
bounded,okc,skip,0.94,0.020970761766730628,KXHIGHTOKC-26AUG31,2.0,0.9299999999999999,KXHIGHTOKC-26AUG31-B104.5,0.9609707617667306,0.92,no,price_out_of_range,2026-08-31 08:00:00+00:00,0.019999999999999907,2026-08-31
bounded,okc,skip,0.89,-0.176940041447614,KXHIGHTOKC-26AUG31,2.0,0.885,KXHIGHTOKC-26AUG31-B98.5,0.713059958552386,0.88,no,price_out_of_range,2026-08-31 08:00:00+00:00,0.010000000000000009,2026-08-31
upper_tail,okc,skip,0.99,-0.0008383168668059104,KXHIGHTOKC-26AUG31,2.0,0.985,KXHIGHTOKC-26AUG31-T105,0.9891616831331941,0.98,no,price_out_of_range,2026-08-31 08:00:00+00:00,0.010000000000000009,2026-08-31
lower_tail,okc,skip,0.99,-0.17925520124734207,KXHIGHTOKC-26AUG31,2.0,0.985,KXHIGHTOKC-26AUG31-T98,0.8107447987526579,0.98,no,price_out_of_range,2026-08-31 08:00:00+00:00,0.010000000000000009,2026-08-31
bounded,aus,buy,0.61,0.04098031407413494,KXHIGHAUS-26AUG31,,0.605,KXHIGHAUS-26AUG31-B101.5,0.6509803140741349,0.6,no,,2026-08-31 09:00:00+00:00,0.010000000000000009,2026-08-31
bounded,aus,skip,0.99,-0.007457408481621242,KXHIGHAUS-26AUG31,,0.985,KXHIGHAUS-26AUG31-B103.5,0.9825425915183787,0.98,no,price_out_of_range,2026-08-31 09:00:00+00:00,0.010000000000000009,2026-08-31
bounded,aus,skip,0.97,-0.020312832872047992,KXHIGHAUS-26AUG31,,0.965,KXHIGHAUS-26AUG31-B97.5,0.949687167127952,0.96,no,price_out_of_range,2026-08-31 09:00:00+00:00,0.010000000000000009,2026-08-31
bounded,aus,skip,0.42,-0.001214064736433651,KXHIGHAUS-26AUG31,,0.415,KXHIGHAUS-26AUG31-B99.5,0.41878593526356633,0.41,no,price_out_of_range,2026-08-31 09:00:00+00:00,0.010000000000000009,2026-08-31
upper_tail,aus,skip,1.0,-0.0009980039920159944,KXHIGHAUS-26AUG31,,0.995,KXHIGHAUS-26AUG31-T104,0.999001996007984,0.99,no,price_out_of_range,2026-08-31 09:00:00+00:00,0.010000000000000009,2026-08-31
lower_tail,aus,skip,0.99,0.009001996007984014,KXHIGHAUS-26AUG31,,0.985,KXHIGHAUS-26AUG31-T97,0.999001996007984,0.98,no,price_out_of_range,2026-08-31 09:00:00+00:00,0.010000000000000009,2026-08-31
bounded,den,skip,0.97,-0.023389604319812074,KXHIGHDEN-26AUG31,,0.965,KXHIGHDEN-26AUG31-B80.5,0.9466103956801879,0.96,no,price_out_of_range,2026-08-31 09:00:00+00:00,0.010000000000000009,2026-08-31
bounded,den,skip,0.93,-0.14830957756498808,KXHIGHDEN-26AUG31,,0.925,KXHIGHDEN-26AUG31-B82.5,0.781690422435012,0.92,no,price_out_of_range,2026-08-31 09:00:00+00:00,0.010000000000000009,2026-08-31
bounded,den,buy,0.54,0.10675450435422829,KXHIGHDEN-26AUG31,,0.535,KXHIGHDEN-26AUG31-B84.5,0.6467545043542283,0.53,no,,2026-08-31 09:00:00+00:00,0.010000000000000009,2026-08-31
bounded,den,buy,0.65,0.0811901188329367,KXHIGHDEN-26AUG31,,0.645,KXHIGHDEN-26AUG31-B86.5,0.7311901188329367,0.64,no,,2026-08-31 09:00:00+00:00,0.010000000000000009,2026-08-31
lower_tail,den,skip,0.99,-0.0015124037551683678,KXHIGHDEN-26AUG31,,0.985,KXHIGHDEN-26AUG31-T80,0.9884875962448316,0.98,no,price_out_of_range,2026-08-31 09:00:00+00:00,0.010000000000000009,2026-08-31
upper_tail,den,skip,0.88,0.025266962452803465,KXHIGHDEN-26AUG31,,0.875,KXHIGHDEN-26AUG31-T87,0.9052669624528035,0.87,no,price_out_of_range,2026-08-31 09:00:00+00:00,0.010000000000000009,2026-08-31
bounded,la,skip,1.0,-0.024480502006838045,KXHIGHLAX-26AUG31,,0.995,KXHIGHLAX-26AUG31-B72.5,0.975519497993162,0.99,no,price_out_of_range,2026-08-31 09:00:00+00:00,0.010000000000000009,2026-08-31
bounded,la,skip,1.0,-0.06619716101678508,KXHIGHLAX-26AUG31,,0.995,KXHIGHLAX-26AUG31-B74.5,0.9338028389832149,0.99,no,price_out_of_range,2026-08-31 09:00:00+00:00,0.010000000000000009,2026-08-31
bounded,la,skip,0.98,-0.20582594603155535,KXHIGHLAX-26AUG31,,0.975,KXHIGHLAX-26AUG31-B76.5,0.7741740539684446,0.97,no,price_out_of_range,2026-08-31 09:00:00+00:00,0.010000000000000009,2026-08-31
bounded,la,skip,0.7,-0.016882253635727373,KXHIGHLAX-26AUG31,,0.695,KXHIGHLAX-26AUG31-B78.5,0.6831177463642726,0.69,no,price_out_of_range,2026-08-31 09:00:00+00:00,0.010000000000000009,2026-08-31
lower_tail,la,skip,1.0,-0.0009990009990009652,KXHIGHLAX-26AUG31,,0.995,KXHIGHLAX-26AUG31-T72,0.999000999000999,0.99,no,price_out_of_range,2026-08-31 09:00:00+00:00,0.010000000000000009,2026-08-31
upper_tail,la,skip,0.34,0.29438486368990696,KXHIGHLAX-26AUG31,,0.335,KXHIGHLAX-26AUG31-T79,0.634384863689907,0.33,no,price_out_of_range,2026-08-31 09:00:00+00:00,0.010000000000000009,2026-08-31
bounded,mia,skip,0.97,-0.025387298263214064,KXHIGHMIA-26AUG31,,0.965,KXHIGHMIA-26AUG31-B87.5,0.9446127017367859,0.96,no,price_out_of_range,2026-08-31 09:00:00+00:00,0.010000000000000009,2026-08-31
bounded,mia,skip,0.85,-0.15158266190889802,KXHIGHMIA-26AUG31,,0.84,KXHIGHMIA-26AUG31-B89.5,0.698417338091102,0.83,no,price_out_of_range,2026-08-31 09:00:00+00:00,0.020000000000000018,2026-08-31
bounded,mia,skip,0.4,0.16774448743014447,KXHIGHMIA-26AUG31,,0.395,KXHIGHMIA-26AUG31-B91.5,0.5677444874301445,0.39,no,price_out_of_range,2026-08-31 09:00:00+00:00,0.010000000000000009,2026-08-31
bounded,mia,skip,0.84,-0.018592381890812804,KXHIGHMIA-26AUG31,,0.835,KXHIGHMIA-26AUG31-B93.5,0.8214076181091872,0.83,no,price_out_of_range,2026-08-31 09:00:00+00:00,0.010000000000000009,2026-08-31
lower_tail,mia,skip,0.99,0.009000999000999044,KXHIGHMIA-26AUG31,,0.985,KXHIGHMIA-26AUG31-T87,0.999000999000999,0.98,no,price_out_of_range,2026-08-31 09:00:00+00:00,0.010000000000000009,2026-08-31
upper_tail,mia,skip,0.98,-0.011183144368218323,KXHIGHMIA-26AUG31,,0.975,KXHIGHMIA-26AUG31-T94,0.9688168556317817,0.97,no,price_out_of_range,2026-08-31 09:00:00+00:00,0.010000000000000009,2026-08-31
bounded,nyc,skip,0.66,0.04852715573823929,KXHIGHNY-26AUG31,4.0,0.65,KXHIGHNY-26AUG31-B78.5,0.7085271557382393,0.64,no,price_out_of_range,2026-08-31 09:00:00+00:00,0.020000000000000018,2026-08-31
bounded,nyc,skip,0.92,-0.04542601526042256,KXHIGHNY-26AUG31,4.0,0.91,KXHIGHNY-26AUG31-B80.5,0.8745739847395775,0.9,no,price_out_of_range,2026-08-31 09:00:00+00:00,0.020000000000000018,2026-08-31
bounded,nyc,skip,0.98,-0.016701123268889617,KXHIGHNY-26AUG31,4.0,0.975,KXHIGHNY-26AUG31-B82.5,0.9632988767311104,0.97,no,price_out_of_range,2026-08-31 09:00:00+00:00,0.010000000000000009,2026-08-31
bounded,nyc,skip,0.99,0.009001996007984014,KXHIGHNY-26AUG31,4.0,0.985,KXHIGHNY-26AUG31-B84.5,0.999001996007984,0.98,no,price_out_of_range,2026-08-31 09:00:00+00:00,0.010000000000000009,2026-08-31
lower_tail,nyc,skip,0.47,-0.014404009224895153,KXHIGHNY-26AUG31,4.0,0.45999999999999996,KXHIGHNY-26AUG31-T78,0.4555959907751048,0.45,no,price_out_of_range,2026-08-31 09:00:00+00:00,0.019999999999999962,2026-08-31
upper_tail,nyc,skip,1.0,-0.0009980039920159944,KXHIGHNY-26AUG31,4.0,0.995,KXHIGHNY-26AUG31-T85,0.999001996007984,0.99,no,price_out_of_range,2026-08-31 09:00:00+00:00,0.010000000000000009,2026-08-31
bounded,okc,buy,0.56,0.09719049643865163,KXHIGHTOKC-26AUG31,3.0,0.555,KXHIGHTOKC-26AUG31-B100.5,0.6571904964386517,0.55,no,,2026-08-31 09:00:00+00:00,0.010000000000000009,2026-08-31
bounded,okc,buy,0.64,0.19396316593256302,KXHIGHTOKC-26AUG31,3.0,0.63,KXHIGHTOKC-26AUG31-B102.5,0.833963165932563,0.62,no,,2026-08-31 09:00:00+00:00,0.020000000000000018,2026-08-31
bounded,okc,skip,0.95,0.008333526294472371,KXHIGHTOKC-26AUG31,3.0,0.945,KXHIGHTOKC-26AUG31-B104.5,0.9583335262944723,0.94,no,price_out_of_range,2026-08-31 09:00:00+00:00,0.010000000000000009,2026-08-31
bounded,okc,skip,0.89,-0.19864467892528082,KXHIGHTOKC-26AUG31,3.0,0.885,KXHIGHTOKC-26AUG31-B98.5,0.6913553210747192,0.88,no,price_out_of_range,2026-08-31 09:00:00+00:00,0.010000000000000009,2026-08-31
upper_tail,okc,skip,1.0,-0.0009990009990009652,KXHIGHTOKC-26AUG31,3.0,0.995,KXHIGHTOKC-26AUG31-T105,0.999000999000999,0.99,no,price_out_of_range,2026-08-31 09:00:00+00:00,0.010000000000000009,2026-08-31
lower_tail,okc,skip,0.99,-0.12984350874140527,KXHIGHTOKC-26AUG31,3.0,0.985,KXHIGHTOKC-26AUG31-T98,0.8601564912585947,0.98,no,price_out_of_range,2026-08-31 09:00:00+00:00,0.010000000000000009,2026-08-31
bounded,aus,buy,0.61,0.027509870441129847,KXHIGHAUS-26AUG31,,0.605,KXHIGHAUS-26AUG31-B101.5,0.6375098704411298,0.6,no,,2026-08-31 10:00:00+00:00,0.010000000000000009,2026-08-31
bounded,aus,skip,0.99,-0.009345212544965786,KXHIGHAUS-26AUG31,,0.985,KXHIGHAUS-26AUG31-B103.5,0.9806547874550342,0.98,no,price_out_of_range,2026-08-31 10:00:00+00:00,0.010000000000000009,2026-08-31
bounded,aus,skip,0.96,-0.008148978404441842,KXHIGHAUS-26AUG31,,0.955,KXHIGHAUS-26AUG31-B97.5,0.9518510215955581,0.95,no,price_out_of_range,2026-08-31 10:00:00+00:00,0.010000000000000009,2026-08-31
bounded,aus,skip,0.44,-0.008019671507690174,KXHIGHAUS-26AUG31,,0.435,KXHIGHAUS-26AUG31-B99.5,0.43198032849230983,0.43,no,price_out_of_range,2026-08-31 10:00:00+00:00,0.010000000000000009,2026-08-31
upper_tail,aus,skip,1.0,-0.0009980039920159944,KXHIGHAUS-26AUG31,,0.995,KXHIGHAUS-26AUG31-T104,0.999001996007984,0.99,no,price_out_of_range,2026-08-31 10:00:00+00:00,0.010000000000000009,2026-08-31
lower_tail,aus,skip,0.99,0.009001996007984014,KXHIGHAUS-26AUG31,,0.985,KXHIGHAUS-26AUG31-T97,0.999001996007984,0.98,no,price_out_of_range,2026-08-31 10:00:00+00:00,0.010000000000000009,2026-08-31
bounded,den,skip,0.97,-0.03378953914675498,KXHIGHDEN-26AUG31,,0.965,KXHIGHDEN-26AUG31-B80.5,0.936210460853245,0.96,no,price_out_of_range,2026-08-31 10:00:00+00:00,0.010000000000000009,2026-08-31
bounded,den,skip,0.93,-0.16468653661237687,KXHIGHDEN-26AUG31,,0.925,KXHIGHDEN-26AUG31-B82.5,0.7653134633876232,0.92,no,price_out_of_range,2026-08-31 10:00:00+00:00,0.010000000000000009,2026-08-31
bounded,den,buy,0.54,0.12118175005019616,KXHIGHDEN-26AUG31,,0.535,KXHIGHDEN-26AUG31-B84.5,0.6611817500501962,0.53,no,,2026-08-31 10:00:00+00:00,0.010000000000000009,2026-08-31
bounded,den,buy,0.6,0.1492124992902779,KXHIGHDEN-26AUG31,,0.59,KXHIGHDEN-26AUG31-B86.5,0.7492124992902779,0.58,no,,2026-08-31 10:00:00+00:00,0.020000000000000018,2026-08-31
lower_tail,den,skip,0.99,-0.009308817742442299,KXHIGHDEN-26AUG31,,0.985,KXHIGHDEN-26AUG31-T80,0.9806911822575577,0.98,no,price_out_of_range,2026-08-31 10:00:00+00:00,0.010000000000000009,2026-08-31
upper_tail,den,skip,0.93,-0.022609355838900003,KXHIGHDEN-26AUG31,,0.92,KXHIGHDEN-26AUG31-T87,0.9073906441611,0.91,no,price_out_of_range,2026-08-31 10:00:00+00:00,0.020000000000000018,2026-08-31
bounded,la,skip,1.0,-0.035108006305374695,KXHIGHLAX-26AUG31,,0.995,KXHIGHLAX-26AUG31-B72.5,0.9648919936946253,0.99,no,price_out_of_range,2026-08-31 10:00:00+00:00,0.010000000000000009,2026-08-31
bounded,la,skip,1.0,-0.0961173607412088,KXHIGHLAX-26AUG31,,0.995,KXHIGHLAX-26AUG31-B74.5,0.9038826392587912,0.99,no,price_out_of_range,2026-08-31 10:00:00+00:00,0.010000000000000009,2026-08-31
bounded,la,skip,0.98,-0.2226805744143927,KXHIGHLAX-26AUG31,,0.975,KXHIGHLAX-26AUG31-B76.5,0.7573194255856073,0.97,no,price_out_of_range,2026-08-31 10:00:00+00:00,0.010000000000000009,2026-08-31
bounded,la,skip,0.7,-0.0023533392968517752,KXHIGHLAX-26AUG31,,0.69,KXHIGHLAX-26AUG31-B78.5,0.6976466607031482,0.68,no,price_out_of_range,2026-08-31 10:00:00+00:00,0.019999999999999907,2026-08-31
lower_tail,la,skip,1.0,-0.0009990009990009652,KXHIGHLAX-26AUG31,,0.995,KXHIGHLAX-26AUG31-T72,0.999000999000999,0.99,no,price_out_of_range,2026-08-31 10:00:00+00:00,0.010000000000000009,2026-08-31
upper_tail,la,skip,0.33,0.3472582817568291,KXHIGHLAX-26AUG31,,0.315,KXHIGHLAX-26AUG31-T79,0.6772582817568291,0.3,no,price_out_of_range,2026-08-31 10:00:00+00:00,0.030000000000000027,2026-08-31
bounded,mia,skip,0.98,-0.028359430004591513,KXHIGHMIA-26AUG31,,0.97,KXHIGHMIA-26AUG31-B87.5,0.9516405699954085,0.96,no,price_out_of_range,2026-08-31 10:00:00+00:00,0.020000000000000018,2026-08-31
bounded,mia,skip,0.84,-0.10416654376488388,KXHIGHMIA-26AUG31,,0.835,KXHIGHMIA-26AUG31-B89.5,0.7358334562351161,0.83,no,price_out_of_range,2026-08-31 10:00:00+00:00,0.010000000000000009,2026-08-31
bounded,mia,skip,0.39,0.1744803711215941,KXHIGHMIA-26AUG31,,0.385,KXHIGHMIA-26AUG31-B91.5,0.5644803711215941,0.38,no,price_out_of_range,2026-08-31 10:00:00+00:00,0.010000000000000009,2026-08-31
bounded,mia,skip,0.85,-0.060164094466208407,KXHIGHMIA-26AUG31,,0.845,KXHIGHMIA-26AUG31-B93.5,0.7898359055337916,0.84,no,price_out_of_range,2026-08-31 10:00:00+00:00,0.010000000000000009,2026-08-31
lower_tail,mia,skip,0.99,0.009000999000999044,KXHIGHMIA-26AUG31,,0.985,KXHIGHMIA-26AUG31-T87,0.999000999000999,0.98,no,price_out_of_range,2026-08-31 10:00:00+00:00,0.010000000000000009,2026-08-31
upper_tail,mia,skip,0.98,-0.02079130188690903,KXHIGHMIA-26AUG31,,0.975,KXHIGHMIA-26AUG31-T94,0.959208698113091,0.97,no,price_out_of_range,2026-08-31 10:00:00+00:00,0.010000000000000009,2026-08-31
bounded,nyc,buy,0.65,0.06488523807997193,KXHIGHNY-26AUG31,5.0,0.645,KXHIGHNY-26AUG31-B78.5,0.714885238079972,0.64,no,,2026-08-31 10:00:00+00:00,0.010000000000000009,2026-08-31
bounded,nyc,skip,0.92,-0.051883935997894315,KXHIGHNY-26AUG31,5.0,0.905,KXHIGHNY-26AUG31-B80.5,0.8681160640021057,0.89,no,price_out_of_range,2026-08-31 10:00:00+00:00,0.030000000000000027,2026-08-31
bounded,nyc,skip,0.98,-0.019853341219797094,KXHIGHNY-26AUG31,5.0,0.975,KXHIGHNY-26AUG31-B82.5,0.9601466587802029,0.97,no,price_out_of_range,2026-08-31 10:00:00+00:00,0.010000000000000009,2026-08-31
bounded,nyc,skip,0.99,0.009001996007984014,KXHIGHNY-26AUG31,5.0,0.985,KXHIGHNY-26AUG31-B84.5,0.999001996007984,0.98,no,price_out_of_range,2026-08-31 10:00:00+00:00,0.010000000000000009,2026-08-31
lower_tail,nyc,skip,0.47,-0.01115195287824855,KXHIGHNY-26AUG31,5.0,0.45999999999999996,KXHIGHNY-26AUG31-T78,0.4588480471217514,0.45,no,price_out_of_range,2026-08-31 10:00:00+00:00,0.019999999999999962,2026-08-31
upper_tail,nyc,skip,1.0,-0.0009980039920159944,KXHIGHNY-26AUG31,5.0,0.995,KXHIGHNY-26AUG31-T85,0.999001996007984,0.99,no,price_out_of_range,2026-08-31 10:00:00+00:00,0.010000000000000009,2026-08-31
bounded,okc,skip,0.58,-0.00433343947244047,KXHIGHTOKC-26AUG31,4.0,0.5700000000000001,KXHIGHTOKC-26AUG31-B100.5,0.5756665605275595,0.56,no,ev_below_threshold,2026-08-31 10:00:00+00:00,0.019999999999999907,2026-08-31
bounded,okc,buy,0.64,0.1653557931383306,KXHIGHTOKC-26AUG31,4.0,0.605,KXHIGHTOKC-26AUG31-B102.5,0.8053557931383306,0.57,no,,2026-08-31 10:00:00+00:00,0.07000000000000006,2026-08-31
bounded,okc,skip,0.95,0.012267732202576709,KXHIGHTOKC-26AUG31,4.0,0.945,KXHIGHTOKC-26AUG31-B104.5,0.9622677322025767,0.94,no,price_out_of_range,2026-08-31 10:00:00+00:00,0.010000000000000009,2026-08-31
bounded,okc,skip,0.89,-0.17518743923944058,KXHIGHTOKC-26AUG31,4.0,0.885,KXHIGHTOKC-26AUG31-B98.5,0.7148125607605594,0.88,no,price_out_of_range,2026-08-31 10:00:00+00:00,0.010000000000000009,2026-08-31
upper_tail,okc,skip,1.0,-0.0009990009990009652,KXHIGHTOKC-26AUG31,4.0,0.995,KXHIGHTOKC-26AUG31-T105,0.999000999000999,0.99,no,price_out_of_range,2026-08-31 10:00:00+00:00,0.010000000000000009,2026-08-31
lower_tail,okc,skip,0.99,-0.047103645630025004,KXHIGHTOKC-26AUG31,4.0,0.985,KXHIGHTOKC-26AUG31-T98,0.942896354369975,0.98,no,price_out_of_range,2026-08-31 10:00:00+00:00,0.010000000000000009,2026-08-31
bounded,aus,buy,0.6,0.02120810700810205,KXHIGHAUS-26AUG31,,0.59,KXHIGHAUS-26AUG31-B101.5,0.621208107008102,0.58,no,,2026-08-31 11:00:00+00:00,0.020000000000000018,2026-08-31
bounded,aus,skip,0.99,-0.011629809555056103,KXHIGHAUS-26AUG31,,0.985,KXHIGHAUS-26AUG31-B103.5,0.9783701904449439,0.98,no,price_out_of_range,2026-08-31 11:00:00+00:00,0.010000000000000009,2026-08-31
bounded,aus,skip,0.97,-0.015864381394351534,KXHIGHAUS-26AUG31,,0.965,KXHIGHAUS-26AUG31-B97.5,0.9541356186056484,0.96,no,price_out_of_range,2026-08-31 11:00:00+00:00,0.010000000000000009,2026-08-31
bounded,aus,skip,0.45,-0.0017179080746623776,KXHIGHAUS-26AUG31,,0.44,KXHIGHAUS-26AUG31-B99.5,0.44828209192533763,0.43,no,price_out_of_range,2026-08-31 11:00:00+00:00,0.020000000000000018,2026-08-31
upper_tail,aus,skip,1.0,-0.0009980039920159944,KXHIGHAUS-26AUG31,,0.995,KXHIGHAUS-26AUG31-T104,0.999001996007984,0.99,no,price_out_of_range,2026-08-31 11:00:00+00:00,0.010000000000000009,2026-08-31
lower_tail,aus,skip,0.99,0.009001996007984014,KXHIGHAUS-26AUG31,,0.985,KXHIGHAUS-26AUG31-T97,0.999001996007984,0.98,no,price_out_of_range,2026-08-31 11:00:00+00:00,0.010000000000000009,2026-08-31
bounded,den,skip,0.99,-0.05639327595467236,KXHIGHDEN-26AUG31,,0.985,KXHIGHDEN-26AUG31-B80.5,0.9336067240453276,0.98,no,price_out_of_range,2026-08-31 11:00:00+00:00,0.010000000000000009,2026-08-31
bounded,den,skip,0.96,-0.19896505713708068,KXHIGHDEN-26AUG31,,0.94,KXHIGHDEN-26AUG31-B82.5,0.7610349428629193,0.92,no,price_out_of_range,2026-08-31 11:00:00+00:00,0.039999999999999925,2026-08-31
bounded,den,buy,0.53,0.1345348693083337,KXHIGHDEN-26AUG31,,0.525,KXHIGHDEN-26AUG31-B84.5,0.6645348693083337,0.52,no,,2026-08-31 11:00:00+00:00,0.010000000000000009,2026-08-31
bounded,den,buy,0.57,0.18387344168078545,KXHIGHDEN-26AUG31,,0.56,KXHIGHDEN-26AUG31-B86.5,0.7538734416807854,0.55,no,,2026-08-31 11:00:00+00:00,0.019999999999999907,2026-08-31
lower_tail,den,skip,0.99,-0.011213166134905861,KXHIGHDEN-26AUG31,,0.985,KXHIGHDEN-26AUG31-T80,0.9787868338650941,0.98,no,price_out_of_range,2026-08-31 11:00:00+00:00,0.010000000000000009,2026-08-31
upper_tail,den,skip,0.95,-0.04183681176246001,KXHIGHDEN-26AUG31,,0.94,KXHIGHDEN-26AUG31-T87,0.9081631882375399,0.93,no,price_out_of_range,2026-08-31 11:00:00+00:00,0.019999999999999907,2026-08-31
bounded,la,skip,1.0,-0.034068804603909264,KXHIGHLAX-26AUG31,,0.995,KXHIGHLAX-26AUG31-B72.5,0.9659311953960907,0.99,no,price_out_of_range,2026-08-31 11:00:00+00:00,0.010000000000000009,2026-08-31
bounded,la,skip,1.0,-0.08729600855138031,KXHIGHLAX-26AUG31,,0.995,KXHIGHLAX-26AUG31-B74.5,0.9127039914486197,0.99,no,price_out_of_range,2026-08-31 11:00:00+00:00,0.010000000000000009,2026-08-31
bounded,la,skip,0.97,-0.20134562896347463,KXHIGHLAX-26AUG31,,0.965,KXHIGHLAX-26AUG31-B76.5,0.7686543710365253,0.96,no,price_out_of_range,2026-08-31 11:00:00+00:00,0.010000000000000009,2026-08-31
bounded,la,buy,0.59,0.11401719277061717,KXHIGHLAX-26AUG31,,0.575,KXHIGHLAX-26AUG31-B78.5,0.7040171927706171,0.56,no,,2026-08-31 11:00:00+00:00,0.029999999999999916,2026-08-31
lower_tail,la,skip,1.0,-0.0009990009990009652,KXHIGHLAX-26AUG31,,0.995,KXHIGHLAX-26AUG31-T72,0.999000999000999,0.99,no,price_out_of_range,2026-08-31 11:00:00+00:00,0.010000000000000009,2026-08-31
upper_tail,la,skip,0.45,0.19969225034714805,KXHIGHLAX-26AUG31,,0.44,KXHIGHLAX-26AUG31-T79,0.6496922503471481,0.43,no,price_out_of_range,2026-08-31 11:00:00+00:00,0.020000000000000018,2026-08-31
bounded,mia,skip,0.97,-0.043145021188458976,KXHIGHMIA-26AUG31,,0.965,KXHIGHMIA-26AUG31-B87.5,0.926854978811541,0.96,no,price_out_of_range,2026-08-31 11:00:00+00:00,0.010000000000000009,2026-08-31
bounded,mia,skip,0.79,-0.11524360004665635,KXHIGHMIA-26AUG31,,0.785,KXHIGHMIA-26AUG31-B89.5,0.6747563999533437,0.78,no,price_out_of_range,2026-08-31 11:00:00+00:00,0.010000000000000009,2026-08-31
bounded,mia,skip,0.41,0.18437066901348392,KXHIGHMIA-26AUG31,,0.405,KXHIGHMIA-26AUG31-B91.5,0.5943706690134839,0.4,no,price_out_of_range,2026-08-31 11:00:00+00:00,0.009999999999999953,2026-08-31
bounded,mia,skip,0.88,-0.040300238957349355,KXHIGHMIA-26AUG31,,0.875,KXHIGHMIA-26AUG31-B93.5,0.8396997610426506,0.87,no,price_out_of_range,2026-08-31 11:00:00+00:00,0.010000000000000009,2026-08-31
lower_tail,mia,skip,0.99,0.003899038696265067,KXHIGHMIA-26AUG31,,0.985,KXHIGHMIA-26AUG31-T87,0.9938990386962651,0.98,no,price_out_of_range,2026-08-31 11:00:00+00:00,0.010000000000000009,2026-08-31
upper_tail,mia,skip,0.98,-0.009580847517284385,KXHIGHMIA-26AUG31,,0.975,KXHIGHMIA-26AUG31-T94,0.9704191524827156,0.97,no,price_out_of_range,2026-08-31 11:00:00+00:00,0.010000000000000009,2026-08-31
bounded,nyc,buy,0.6,0.11809198722744674,KXHIGHNY-26AUG31,6.0,0.595,KXHIGHNY-26AUG31-B78.5,0.7180919872274467,0.59,no,,2026-08-31 11:00:00+00:00,0.010000000000000009,2026-08-31
bounded,nyc,skip,0.93,-0.06229516910454558,KXHIGHNY-26AUG31,6.0,0.92,KXHIGHNY-26AUG31-B80.5,0.8677048308954545,0.91,no,price_out_of_range,2026-08-31 11:00:00+00:00,0.020000000000000018,2026-08-31
bounded,nyc,skip,0.98,-0.01941051054068932,KXHIGHNY-26AUG31,6.0,0.975,KXHIGHNY-26AUG31-B82.5,0.9605894894593107,0.97,no,price_out_of_range,2026-08-31 11:00:00+00:00,0.010000000000000009,2026-08-31
bounded,nyc,skip,0.99,0.008856114146690852,KXHIGHNY-26AUG31,6.0,0.985,KXHIGHNY-26AUG31-B84.5,0.9988561141466908,0.98,no,price_out_of_range,2026-08-31 11:00:00+00:00,0.010000000000000009,2026-08-31
lower_tail,nyc,skip,0.49,-0.03424342072990183,KXHIGHNY-26AUG31,6.0,0.48,KXHIGHNY-26AUG31-T78,0.45575657927009816,0.47,no,price_out_of_range,2026-08-31 11:00:00+00:00,0.020000000000000018,2026-08-31
upper_tail,nyc,skip,1.0,-0.0009990009990009652,KXHIGHNY-26AUG31,6.0,0.995,KXHIGHNY-26AUG31-T85,0.999000999000999,0.99,no,price_out_of_range,2026-08-31 11:00:00+00:00,0.010000000000000009,2026-08-31
bounded,okc,skip,0.54,-0.04688044822180715,KXHIGHTOKC-26AUG31,5.0,0.535,KXHIGHTOKC-26AUG31-B100.5,0.4931195517781929,0.53,no,ev_below_threshold,2026-08-31 11:00:00+00:00,0.010000000000000009,2026-08-31
bounded,okc,buy,0.64,0.11969570518321715,KXHIGHTOKC-26AUG31,5.0,0.635,KXHIGHTOKC-26AUG31-B102.5,0.7596957051832172,0.63,no,,2026-08-31 11:00:00+00:00,0.010000000000000009,2026-08-31
bounded,okc,skip,0.95,0.017157062906590026,KXHIGHTOKC-26AUG31,5.0,0.94,KXHIGHTOKC-26AUG31-B104.5,0.96715706290659,0.93,no,price_out_of_range,2026-08-31 11:00:00+00:00,0.019999999999999907,2026-08-31
bounded,okc,skip,0.89,-0.08469394212856207,KXHIGHTOKC-26AUG31,5.0,0.885,KXHIGHTOKC-26AUG31-B98.5,0.8053060578714379,0.88,no,price_out_of_range,2026-08-31 11:00:00+00:00,0.010000000000000009,2026-08-31
upper_tail,okc,skip,1.0,-0.0009990009990009652,KXHIGHTOKC-26AUG31,5.0,0.995,KXHIGHTOKC-26AUG31-T105,0.999000999000999,0.99,no,price_out_of_range,2026-08-31 11:00:00+00:00,0.010000000000000009,2026-08-31
lower_tail,okc,skip,0.99,-0.014279376740436889,KXHIGHTOKC-26AUG31,5.0,0.985,KXHIGHTOKC-26AUG31-T98,0.9757206232595631,0.98,no,price_out_of_range,2026-08-31 11:00:00+00:00,0.010000000000000009,2026-08-31
bounded,aus,skip,0.6,0.00660563087412569,KXHIGHAUS-26AUG31,,0.59,KXHIGHAUS-26AUG31-B101.5,0.6066056308741257,0.58,no,ev_below_threshold,2026-08-31 12:00:00+00:00,0.020000000000000018,2026-08-31
bounded,aus,skip,0.98,-0.003676261367012157,KXHIGHAUS-26AUG31,,0.975,KXHIGHAUS-26AUG31-B103.5,0.9763237386329878,0.97,no,price_out_of_range,2026-08-31 12:00:00+00:00,0.010000000000000009,2026-08-31
bounded,aus,skip,0.96,-0.003817929582395574,KXHIGHAUS-26AUG31,,0.95,KXHIGHAUS-26AUG31-B97.5,0.9561820704176044,0.94,no,price_out_of_range,2026-08-31 12:00:00+00:00,0.020000000000000018,2026-08-31
bounded,aus,skip,0.5,-0.037115431940685895,KXHIGHAUS-26AUG31,,0.49,KXHIGHAUS-26AUG31-B99.5,0.4628845680593141,0.48,no,ev_below_threshold,2026-08-31 12:00:00+00:00,0.020000000000000018,2026-08-31
upper_tail,aus,skip,1.0,-0.0009980039920159944,KXHIGHAUS-26AUG31,,0.995,KXHIGHAUS-26AUG31-T104,0.999001996007984,0.99,no,price_out_of_range,2026-08-31 12:00:00+00:00,0.010000000000000009,2026-08-31
lower_tail,aus,skip,0.99,0.009001996007984014,KXHIGHAUS-26AUG31,,0.985,KXHIGHAUS-26AUG31-T97,0.999001996007984,0.98,no,price_out_of_range,2026-08-31 12:00:00+00:00,0.010000000000000009,2026-08-31
bounded,den,skip,0.99,-0.06343993975691864,KXHIGHDEN-26AUG31,,0.98,KXHIGHDEN-26AUG31-B80.5,0.9265600602430814,0.97,no,price_out_of_range,2026-08-31 12:00:00+00:00,0.020000000000000018,2026-08-31
bounded,den,skip,0.95,-0.198988662562804,KXHIGHDEN-26AUG31,,0.945,KXHIGHDEN-26AUG31-B82.5,0.751011337437196,0.94,no,price_out_of_range,2026-08-31 12:00:00+00:00,0.010000000000000009,2026-08-31
bounded,den,buy,0.57,0.10556038315455618,KXHIGHDEN-26AUG31,,0.565,KXHIGHDEN-26AUG31-B84.5,0.6755603831545561,0.56,no,,2026-08-31 12:00:00+00:00,0.009999999999999898,2026-08-31
bounded,den,buy,0.61,0.15521445176601523,KXHIGHDEN-26AUG31,,0.59,KXHIGHDEN-26AUG31-B86.5,0.7652144517660152,0.57,no,,2026-08-31 12:00:00+00:00,0.040000000000000036,2026-08-31
lower_tail,den,skip,0.99,-0.016695787591315847,KXHIGHDEN-26AUG31,,0.985,KXHIGHDEN-26AUG31-T80,0.9733042124086841,0.98,no,price_out_of_range,2026-08-31 12:00:00+00:00,0.010000000000000009,2026-08-31
upper_tail,den,skip,0.92,-0.011650445009532717,KXHIGHDEN-26AUG31,,0.915,KXHIGHDEN-26AUG31-T87,0.9083495549904673,0.91,no,price_out_of_range,2026-08-31 12:00:00+00:00,0.010000000000000009,2026-08-31
bounded,la,skip,1.0,-0.03607517104109215,KXHIGHLAX-26AUG31,,0.995,KXHIGHLAX-26AUG31-B72.5,0.9639248289589079,0.99,no,price_out_of_range,2026-08-31 12:00:00+00:00,0.010000000000000009,2026-08-31
bounded,la,skip,1.0,-0.131315268222421,KXHIGHLAX-26AUG31,,0.995,KXHIGHLAX-26AUG31-B74.5,0.868684731777579,0.99,no,price_out_of_range,2026-08-31 12:00:00+00:00,0.010000000000000009,2026-08-31
bounded,la,skip,0.95,-0.20613195231397463,KXHIGHLAX-26AUG31,,0.945,KXHIGHLAX-26AUG31-B76.5,0.7438680476860253,0.94,no,price_out_of_range,2026-08-31 12:00:00+00:00,0.010000000000000009,2026-08-31
bounded,la,buy,0.59,0.11651010700990805,KXHIGHLAX-26AUG31,,0.58,KXHIGHLAX-26AUG31-B78.5,0.706510107009908,0.57,no,,2026-08-31 12:00:00+00:00,0.020000000000000018,2026-08-31
lower_tail,la,skip,1.0,-0.008407442812017218,KXHIGHLAX-26AUG31,,0.995,KXHIGHLAX-26AUG31-T72,0.9915925571879828,0.99,no,price_out_of_range,2026-08-31 12:00:00+00:00,0.010000000000000009,2026-08-31
upper_tail,la,skip,0.47,0.25541972737959706,KXHIGHLAX-26AUG31,,0.45999999999999996,KXHIGHLAX-26AUG31-T79,0.725419727379597,0.45,no,price_out_of_range,2026-08-31 12:00:00+00:00,0.019999999999999962,2026-08-31
bounded,mia,skip,0.97,-0.03794320514183103,KXHIGHMIA-26AUG31,,0.965,KXHIGHMIA-26AUG31-B87.5,0.932056794858169,0.96,no,price_out_of_range,2026-08-31 12:00:00+00:00,0.010000000000000009,2026-08-31
bounded,mia,skip,0.76,-0.06908966726303589,KXHIGHMIA-26AUG31,,0.755,KXHIGHMIA-26AUG31-B89.5,0.6909103327369641,0.75,no,price_out_of_range,2026-08-31 12:00:00+00:00,0.010000000000000009,2026-08-31
bounded,mia,skip,0.42,0.16951198045905785,KXHIGHMIA-26AUG31,,0.415,KXHIGHMIA-26AUG31-B91.5,0.5895119804590578,0.41,no,price_out_of_range,2026-08-31 12:00:00+00:00,0.010000000000000009,2026-08-31
bounded,mia,skip,0.89,-0.06466287557757466,KXHIGHMIA-26AUG31,,0.88,KXHIGHMIA-26AUG31-B93.5,0.8253371244224254,0.87,no,price_out_of_range,2026-08-31 12:00:00+00:00,0.020000000000000018,2026-08-31
lower_tail,mia,skip,0.99,0.0056751469280005296,KXHIGHMIA-26AUG31,,0.985,KXHIGHMIA-26AUG31-T87,0.9956751469280005,0.98,no,price_out_of_range,2026-08-31 12:00:00+00:00,0.010000000000000009,2026-08-31
upper_tail,mia,skip,0.99,-0.023491379404616763,KXHIGHMIA-26AUG31,,0.985,KXHIGHMIA-26AUG31-T94,0.9665086205953832,0.98,no,price_out_of_range,2026-08-31 12:00:00+00:00,0.010000000000000009,2026-08-31
bounded,nyc,buy,0.65,0.05795589574554705,KXHIGHNY-26AUG31,7.0,0.64,KXHIGHNY-26AUG31-B78.5,0.7079558957455471,0.63,no,,2026-08-31 12:00:00+00:00,0.020000000000000018,2026-08-31
bounded,nyc,skip,0.93,-0.0856417735051731,KXHIGHNY-26AUG31,7.0,0.925,KXHIGHNY-26AUG31-B80.5,0.844358226494827,0.92,no,price_out_of_range,2026-08-31 12:00:00+00:00,0.010000000000000009,2026-08-31
bounded,nyc,skip,0.99,-0.02884085069199882,KXHIGHNY-26AUG31,7.0,0.985,KXHIGHNY-26AUG31-B82.5,0.9611591493080012,0.98,no,price_out_of_range,2026-08-31 12:00:00+00:00,0.010000000000000009,2026-08-31
bounded,nyc,skip,1.0,-0.0077049388331604796,KXHIGHNY-26AUG31,7.0,0.995,KXHIGHNY-26AUG31-B84.5,0.9922950611668395,0.99,no,price_out_of_range,2026-08-31 12:00:00+00:00,0.010000000000000009,2026-08-31
lower_tail,nyc,skip,0.43,0.06523066828378615,KXHIGHNY-26AUG31,7.0,0.425,KXHIGHNY-26AUG31-T78,0.49523066828378615,0.42,no,price_out_of_range,2026-08-31 12:00:00+00:00,0.010000000000000009,2026-08-31
upper_tail,nyc,skip,1.0,-0.0009990009990009652,KXHIGHNY-26AUG31,7.0,0.995,KXHIGHNY-26AUG31-T85,0.999000999000999,0.99,no,price_out_of_range,2026-08-31 12:00:00+00:00,0.010000000000000009,2026-08-31
bounded,okc,skip,0.59,-0.0975224228116055,KXHIGHTOKC-26AUG31,6.0,0.575,KXHIGHTOKC-26AUG31-B100.5,0.49247757718839447,0.56,no,ev_below_threshold,2026-08-31 12:00:00+00:00,0.029999999999999916,2026-08-31
bounded,okc,skip,0.62,0.01684896127530422,KXHIGHTOKC-26AUG31,6.0,0.595,KXHIGHTOKC-26AUG31-B102.5,0.6368489612753042,0.57,no,ev_below_threshold,2026-08-31 12:00:00+00:00,0.050000000000000044,2026-08-31
bounded,okc,skip,0.95,0.01117387463923869,KXHIGHTOKC-26AUG31,6.0,0.94,KXHIGHTOKC-26AUG31-B104.5,0.9611738746392386,0.93,no,price_out_of_range,2026-08-31 12:00:00+00:00,0.019999999999999907,2026-08-31
bounded,okc,skip,0.9,0.01149559488109464,KXHIGHTOKC-26AUG31,6.0,0.89,KXHIGHTOKC-26AUG31-B98.5,0.9114955948810947,0.88,no,price_out_of_range,2026-08-31 12:00:00+00:00,0.020000000000000018,2026-08-31
upper_tail,okc,skip,1.0,-0.0009980039920159944,KXHIGHTOKC-26AUG31,6.0,0.995,KXHIGHTOKC-26AUG31-T105,0.999001996007984,0.99,no,price_out_of_range,2026-08-31 12:00:00+00:00,0.010000000000000009,2026-08-31
lower_tail,okc,skip,0.99,0.009001996007984014,KXHIGHTOKC-26AUG31,6.0,0.985,KXHIGHTOKC-26AUG31-T98,0.999001996007984,0.98,no,price_out_of_range,2026-08-31 12:00:00+00:00,0.010000000000000009,2026-08-31
bounded,aus,skip,0.62,-0.0003871422930481483,KXHIGHAUS-26AUG31,,0.605,KXHIGHAUS-26AUG31-B101.5,0.6196128577069518,0.59,no,ev_below_threshold,2026-08-31 13:00:00+00:00,0.030000000000000027,2026-08-31
bounded,aus,skip,0.99,-0.011853374434937392,KXHIGHAUS-26AUG31,,0.98,KXHIGHAUS-26AUG31-B103.5,0.9781466255650626,0.97,no,price_out_of_range,2026-08-31 13:00:00+00:00,0.020000000000000018,2026-08-31
bounded,aus,skip,0.97,-0.015640816514470357,KXHIGHAUS-26AUG31,,0.965,KXHIGHAUS-26AUG31-B97.5,0.9543591834855296,0.96,no,price_out_of_range,2026-08-31 13:00:00+00:00,0.010000000000000009,2026-08-31
bounded,aus,skip,0.42,0.02987734122648794,KXHIGHAUS-26AUG31,,0.415,KXHIGHAUS-26AUG31-B99.5,0.4498773412264879,0.41,no,price_out_of_range,2026-08-31 13:00:00+00:00,0.010000000000000009,2026-08-31
upper_tail,aus,skip,1.0,-0.0009980039920159944,KXHIGHAUS-26AUG31,,0.995,KXHIGHAUS-26AUG31-T104,0.999001996007984,0.99,no,price_out_of_range,2026-08-31 13:00:00+00:00,0.010000000000000009,2026-08-31
lower_tail,aus,skip,0.99,0.009001996007984014,KXHIGHAUS-26AUG31,,0.985,KXHIGHAUS-26AUG31-T97,0.999001996007984,0.98,no,price_out_of_range,2026-08-31 13:00:00+00:00,0.010000000000000009,2026-08-31
bounded,den,skip,0.99,-0.06651328675723234,KXHIGHDEN-26AUG31,,0.985,KXHIGHDEN-26AUG31-B80.5,0.9234867132427677,0.98,no,price_out_of_range,2026-08-31 13:00:00+00:00,0.010000000000000009,2026-08-31
bounded,den,skip,0.97,-0.21943077996409666,KXHIGHDEN-26AUG31,,0.96,KXHIGHDEN-26AUG31-B82.5,0.7505692200359033,0.95,no,price_out_of_range,2026-08-31 13:00:00+00:00,0.020000000000000018,2026-08-31
bounded,den,buy,0.57,0.10713595670443299,KXHIGHDEN-26AUG31,,0.565,KXHIGHDEN-26AUG31-B84.5,0.6771359567044329,0.56,no,,2026-08-31 13:00:00+00:00,0.009999999999999898,2026-08-31
bounded,den,buy,0.55,0.21760639289826744,KXHIGHDEN-26AUG31,,0.54,KXHIGHDEN-26AUG31-B86.5,0.7676063928982675,0.53,no,,2026-08-31 13:00:00+00:00,0.020000000000000018,2026-08-31
lower_tail,den,skip,1.0,-0.027630074287721795,KXHIGHDEN-26AUG31,,0.995,KXHIGHDEN-26AUG31-T80,0.9723699257122782,0.99,no,price_out_of_range,2026-08-31 13:00:00+00:00,0.010000000000000009,2026-08-31
upper_tail,den,skip,0.94,-0.03116820859364955,KXHIGHDEN-26AUG31,,0.935,KXHIGHDEN-26AUG31-T87,0.9088317914063504,0.93,no,price_out_of_range,2026-08-31 13:00:00+00:00,0.009999999999999898,2026-08-31
bounded,la,skip,1.0,-0.035905760807749654,KXHIGHLAX-26AUG31,,0.995,KXHIGHLAX-26AUG31-B72.5,0.9640942391922503,0.99,no,price_out_of_range,2026-08-31 13:00:00+00:00,0.010000000000000009,2026-08-31
bounded,la,skip,1.0,-0.13588138889825707,KXHIGHLAX-26AUG31,,0.995,KXHIGHLAX-26AUG31-B74.5,0.8641186111017429,0.99,no,price_out_of_range,2026-08-31 13:00:00+00:00,0.010000000000000009,2026-08-31
bounded,la,skip,0.94,-0.1976783538449014,KXHIGHLAX-26AUG31,,0.935,KXHIGHLAX-26AUG31-B76.5,0.7423216461550985,0.93,no,price_out_of_range,2026-08-31 13:00:00+00:00,0.009999999999999898,2026-08-31
bounded,la,buy,0.58,0.1278883455551515,KXHIGHLAX-26AUG31,,0.565,KXHIGHLAX-26AUG31-B78.5,0.7078883455551515,0.55,no,,2026-08-31 13:00:00+00:00,0.029999999999999916,2026-08-31
lower_tail,la,skip,1.0,-0.009819791538500766,KXHIGHLAX-26AUG31,,0.995,KXHIGHLAX-26AUG31-T72,0.9901802084614992,0.99,no,price_out_of_range,2026-08-31 13:00:00+00:00,0.010000000000000009,2026-08-31
upper_tail,la,buy,0.53,0.20139694953425735,KXHIGHLAX-26AUG31,,0.515,KXHIGHLAX-26AUG31-T79,0.7313969495342574,0.5,no,,2026-08-31 13:00:00+00:00,0.030000000000000027,2026-08-31
bounded,mia,skip,0.95,-0.016370656856275034,KXHIGHMIA-26AUG31,,0.945,KXHIGHMIA-26AUG31-B87.5,0.9336293431437249,0.94,no,price_out_of_range,2026-08-31 13:00:00+00:00,0.010000000000000009,2026-08-31
bounded,mia,skip,0.82,-0.11993362357379656,KXHIGHMIA-26AUG31,,0.81,KXHIGHMIA-26AUG31-B89.5,0.7000663764262034,0.8,no,price_out_of_range,2026-08-31 13:00:00+00:00,0.019999999999999907,2026-08-31
bounded,mia,skip,0.48,0.11111878559455302,KXHIGHMIA-26AUG31,,0.47,KXHIGHMIA-26AUG31-B91.5,0.591118785594553,0.46,no,price_out_of_range,2026-08-31 13:00:00+00:00,0.019999999999999962,2026-08-31
bounded,mia,skip,0.84,-0.023303914442723617,KXHIGHMIA-26AUG31,,0.835,KXHIGHMIA-26AUG31-B93.5,0.8166960855572764,0.83,no,price_out_of_range,2026-08-31 13:00:00+00:00,0.010000000000000009,2026-08-31
lower_tail,mia,skip,1.0,-0.004927354014143348,KXHIGHMIA-26AUG31,,0.995,KXHIGHMIA-26AUG31-T87,0.9950726459858567,0.99,no,price_out_of_range,2026-08-31 13:00:00+00:00,0.010000000000000009,2026-08-31
upper_tail,mia,skip,0.99,-0.02658323670761431,KXHIGHMIA-26AUG31,,0.985,KXHIGHMIA-26AUG31-T94,0.9634167632923857,0.98,no,price_out_of_range,2026-08-31 13:00:00+00:00,0.010000000000000009,2026-08-31
bounded,nyc,skip,0.7,0.028664294017241687,KXHIGHNY-26AUG31,8.0,0.695,KXHIGHNY-26AUG31-B78.5,0.7286642940172416,0.69,no,price_out_of_range,2026-08-31 13:00:00+00:00,0.010000000000000009,2026-08-31
bounded,nyc,skip,0.97,-0.08854063096531506,KXHIGHNY-26AUG31,8.0,0.965,KXHIGHNY-26AUG31-B80.5,0.8814593690346849,0.96,no,price_out_of_range,2026-08-31 13:00:00+00:00,0.010000000000000009,2026-08-31
bounded,nyc,skip,0.99,-0.027732143615128657,KXHIGHNY-26AUG31,8.0,0.985,KXHIGHNY-26AUG31-B82.5,0.9622678563848713,0.98,no,price_out_of_range,2026-08-31 13:00:00+00:00,0.010000000000000009,2026-08-31
bounded,nyc,skip,1.0,-0.0009980039920159944,KXHIGHNY-26AUG31,8.0,0.995,KXHIGHNY-26AUG31-B84.5,0.999001996007984,0.99,no,price_out_of_range,2026-08-31 13:00:00+00:00,0.010000000000000009,2026-08-31
lower_tail,nyc,skip,0.36,0.06960448854723411,KXHIGHNY-26AUG31,8.0,0.35,KXHIGHNY-26AUG31-T78,0.4296044885472341,0.34,no,price_out_of_range,2026-08-31 13:00:00+00:00,0.019999999999999962,2026-08-31
upper_tail,nyc,skip,1.0,-0.0009980039920159944,KXHIGHNY-26AUG31,8.0,0.995,KXHIGHNY-26AUG31-T85,0.999001996007984,0.99,no,price_out_of_range,2026-08-31 13:00:00+00:00,0.010000000000000009,2026-08-31
bounded,okc,buy,0.51,0.0791452432504064,KXHIGHTOKC-26AUG31,7.0,0.505,KXHIGHTOKC-26AUG31-B100.5,0.5891452432504064,0.5,no,,2026-08-31 13:00:00+00:00,0.010000000000000009,2026-08-31
bounded,okc,skip,0.65,-0.14958683717138466,KXHIGHTOKC-26AUG31,7.0,0.64,KXHIGHTOKC-26AUG31-B102.5,0.5004131628286154,0.63,no,ev_below_threshold,2026-08-31 13:00:00+00:00,0.020000000000000018,2026-08-31
bounded,okc,skip,0.97,-0.020059652104676973,KXHIGHTOKC-26AUG31,7.0,0.965,KXHIGHTOKC-26AUG31-B104.5,0.949940347895323,0.96,no,price_out_of_range,2026-08-31 13:00:00+00:00,0.010000000000000009,2026-08-31
bounded,okc,skip,0.92,0.04249725400968718,KXHIGHTOKC-26AUG31,7.0,0.915,KXHIGHTOKC-26AUG31-B98.5,0.9624972540096872,0.91,no,price_out_of_range,2026-08-31 13:00:00+00:00,0.010000000000000009,2026-08-31
upper_tail,okc,skip,1.0,-0.0009980039920159944,KXHIGHTOKC-26AUG31,7.0,0.995,KXHIGHTOKC-26AUG31-T105,0.999001996007984,0.99,no,price_out_of_range,2026-08-31 13:00:00+00:00,0.010000000000000009,2026-08-31
lower_tail,okc,skip,0.99,0.009001996007984014,KXHIGHTOKC-26AUG31,7.0,0.985,KXHIGHTOKC-26AUG31-T98,0.999001996007984,0.98,no,price_out_of_range,2026-08-31 13:00:00+00:00,0.010000000000000009,2026-08-31
bounded,aus,skip,0.72,-0.09174703427688025,KXHIGHAUS-26AUG31,,0.7,KXHIGHAUS-26AUG31-B101.5,0.6282529657231197,0.68,no,price_out_of_range,2026-08-31 14:00:00+00:00,0.039999999999999925,2026-08-31
bounded,aus,skip,0.99,-0.010642513719058999,KXHIGHAUS-26AUG31,,0.985,KXHIGHAUS-26AUG31-B103.5,0.979357486280941,0.98,no,price_out_of_range,2026-08-31 14:00:00+00:00,0.010000000000000009,2026-08-31
bounded,aus,skip,0.95,0.0031483227696513794,KXHIGHAUS-26AUG31,,0.945,KXHIGHAUS-26AUG31-B97.5,0.9531483227696513,0.94,no,price_out_of_range,2026-08-31 14:00:00+00:00,0.010000000000000009,2026-08-31
bounded,aus,skip,0.38,0.06123723321031993,KXHIGHAUS-26AUG31,,0.37,KXHIGHAUS-26AUG31-B99.5,0.44123723321031993,0.36,no,price_out_of_range,2026-08-31 14:00:00+00:00,0.020000000000000018,2026-08-31
upper_tail,aus,skip,1.0,-0.0009980039920159944,KXHIGHAUS-26AUG31,,0.995,KXHIGHAUS-26AUG31-T104,0.999001996007984,0.99,no,price_out_of_range,2026-08-31 14:00:00+00:00,0.010000000000000009,2026-08-31
lower_tail,aus,skip,0.99,0.009001996007984014,KXHIGHAUS-26AUG31,,0.985,KXHIGHAUS-26AUG31-T97,0.999001996007984,0.98,no,price_out_of_range,2026-08-31 14:00:00+00:00,0.010000000000000009,2026-08-31
bounded,den,skip,0.99,-0.06913922467698297,KXHIGHDEN-26AUG31,,0.985,KXHIGHDEN-26AUG31-B80.5,0.920860775323017,0.98,no,price_out_of_range,2026-08-31 14:00:00+00:00,0.010000000000000009,2026-08-31
bounded,den,skip,0.97,-0.21981870468011822,KXHIGHDEN-26AUG31,,0.965,KXHIGHDEN-26AUG31-B82.5,0.7501812953198818,0.96,no,price_out_of_range,2026-08-31 14:00:00+00:00,0.010000000000000009,2026-08-31
bounded,den,buy,0.55,0.12847115782986807,KXHIGHDEN-26AUG31,,0.545,KXHIGHDEN-26AUG31-B84.5,0.6784711578298681,0.54,no,,2026-08-31 14:00:00+00:00,0.010000000000000009,2026-08-31
bounded,den,buy,0.57,0.19965830354662428,KXHIGHDEN-26AUG31,,0.565,KXHIGHDEN-26AUG31-B86.5,0.7696583035466242,0.56,no,,2026-08-31 14:00:00+00:00,0.009999999999999898,2026-08-31
lower_tail,den,skip,1.0,-0.028426690838928015,KXHIGHDEN-26AUG31,,0.995,KXHIGHDEN-26AUG31-T80,0.971573309161072,0.99,no,price_out_of_range,2026-08-31 14:00:00+00:00,0.010000000000000009,2026-08-31
upper_tail,den,skip,0.9,0.00925515881953698,KXHIGHDEN-26AUG31,,0.895,KXHIGHDEN-26AUG31-T87,0.909255158819537,0.89,no,price_out_of_range,2026-08-31 14:00:00+00:00,0.010000000000000009,2026-08-31
bounded,la,skip,1.0,-0.03580817690193394,KXHIGHLAX-26AUG31,,0.995,KXHIGHLAX-26AUG31-B72.5,0.9641918230980661,0.99,no,price_out_of_range,2026-08-31 14:00:00+00:00,0.010000000000000009,2026-08-31
bounded,la,skip,1.0,-0.1391496082036039,KXHIGHLAX-26AUG31,,0.995,KXHIGHLAX-26AUG31-B74.5,0.8608503917963961,0.99,no,price_out_of_range,2026-08-31 14:00:00+00:00,0.010000000000000009,2026-08-31
bounded,la,skip,0.94,-0.19896316219993715,KXHIGHLAX-26AUG31,,0.935,KXHIGHLAX-26AUG31-B76.5,0.7410368378000628,0.93,no,price_out_of_range,2026-08-31 14:00:00+00:00,0.009999999999999898,2026-08-31
bounded,la,buy,0.61,0.0986822403378782,KXHIGHLAX-26AUG31,,0.6,KXHIGHLAX-26AUG31-B78.5,0.7086822403378782,0.59,no,,2026-08-31 14:00:00+00:00,0.020000000000000018,2026-08-31
lower_tail,la,skip,1.0,-0.010777975141477159,KXHIGHLAX-26AUG31,,0.995,KXHIGHLAX-26AUG31-T72,0.9892220248585228,0.99,no,price_out_of_range,2026-08-31 14:00:00+00:00,0.010000000000000009,2026-08-31
upper_tail,la,skip,0.48,0.256016682109074,KXHIGHLAX-26AUG31,,0.46499999999999997,KXHIGHLAX-26AUG31-T79,0.736016682109074,0.45,no,price_out_of_range,2026-08-31 14:00:00+00:00,0.02999999999999997,2026-08-31
bounded,mia,skip,0.96,-0.01323618511270197,KXHIGHMIA-26AUG31,,0.955,KXHIGHMIA-26AUG31-B87.5,0.946763814887298,0.95,no,price_out_of_range,2026-08-31 14:00:00+00:00,0.010000000000000009,2026-08-31
bounded,mia,skip,0.85,-0.14628334108471253,KXHIGHMIA-26AUG31,,0.835,KXHIGHMIA-26AUG31-B89.5,0.7037166589152875,0.82,no,price_out_of_range,2026-08-31 14:00:00+00:00,0.030000000000000027,2026-08-31
bounded,mia,skip,0.4,0.16635219289266412,KXHIGHMIA-26AUG31,,0.385,KXHIGHMIA-26AUG31-B91.5,0.5663521928926641,0.37,no,price_out_of_range,2026-08-31 14:00:00+00:00,0.030000000000000027,2026-08-31
bounded,mia,skip,0.87,-0.053327195475055045,KXHIGHMIA-26AUG31,,0.86,KXHIGHMIA-26AUG31-B93.5,0.816672804524945,0.85,no,price_out_of_range,2026-08-31 14:00:00+00:00,0.020000000000000018,2026-08-31
lower_tail,mia,skip,1.0,-0.0009990009990009652,KXHIGHMIA-26AUG31,,0.995,KXHIGHMIA-26AUG31-T87,0.999000999000999,0.99,no,price_out_of_range,2026-08-31 14:00:00+00:00,0.010000000000000009,2026-08-31
upper_tail,mia,skip,1.0,-0.03250647022119357,KXHIGHMIA-26AUG31,,0.995,KXHIGHMIA-26AUG31-T94,0.9674935297788064,0.99,no,price_out_of_range,2026-08-31 14:00:00+00:00,0.010000000000000009,2026-08-31
bounded,nyc,buy,0.59,0.1367095433680473,KXHIGHNY-26AUG31,9.0,0.5700000000000001,KXHIGHNY-26AUG31-B78.5,0.7267095433680473,0.55,no,,2026-08-31 14:00:00+00:00,0.039999999999999925,2026-08-31
bounded,nyc,skip,0.96,-0.07673915049243463,KXHIGHNY-26AUG31,9.0,0.95,KXHIGHNY-26AUG31-B80.5,0.8832608495075653,0.94,no,price_out_of_range,2026-08-31 14:00:00+00:00,0.020000000000000018,2026-08-31
bounded,nyc,skip,0.99,-0.026823257755572816,KXHIGHNY-26AUG31,9.0,0.985,KXHIGHNY-26AUG31-B82.5,0.9631767422444272,0.98,no,price_out_of_range,2026-08-31 14:00:00+00:00,0.010000000000000009,2026-08-31
bounded,nyc,skip,1.0,-0.0009980039920159944,KXHIGHNY-26AUG31,9.0,0.995,KXHIGHNY-26AUG31-B84.5,0.999001996007984,0.99,no,price_out_of_range,2026-08-31 14:00:00+00:00,0.010000000000000009,2026-08-31
lower_tail,nyc,skip,0.48,-0.05115112713600778,KXHIGHNY-26AUG31,9.0,0.47,KXHIGHNY-26AUG31-T78,0.4288488728639922,0.46,no,price_out_of_range,2026-08-31 14:00:00+00:00,0.019999999999999962,2026-08-31
upper_tail,nyc,skip,1.0,-0.0009980039920159944,KXHIGHNY-26AUG31,9.0,0.995,KXHIGHNY-26AUG31-T85,0.999001996007984,0.99,no,price_out_of_range,2026-08-31 14:00:00+00:00,0.010000000000000009,2026-08-31
bounded,okc,buy,0.61,0.02991915995275851,KXHIGHTOKC-26AUG31,8.0,0.585,KXHIGHTOKC-26AUG31-B100.5,0.6399191599527585,0.56,no,,2026-08-31 14:00:00+00:00,0.04999999999999993,2026-08-31
bounded,okc,skip,0.59,-0.15077864229567128,KXHIGHTOKC-26AUG31,8.0,0.565,KXHIGHTOKC-26AUG31-B102.5,0.4392213577043287,0.54,no,ev_below_threshold,2026-08-31 14:00:00+00:00,0.04999999999999993,2026-08-31
bounded,okc,skip,0.96,-0.014321900459491443,KXHIGHTOKC-26AUG31,8.0,0.955,KXHIGHTOKC-26AUG31-B104.5,0.9456780995405085,0.95,no,price_out_of_range,2026-08-31 14:00:00+00:00,0.010000000000000009,2026-08-31
bounded,okc,skip,0.9,0.07717739078643615,KXHIGHTOKC-26AUG31,8.0,0.895,KXHIGHTOKC-26AUG31-B98.5,0.9771773907864362,0.89,no,price_out_of_range,2026-08-31 14:00:00+00:00,0.010000000000000009,2026-08-31
upper_tail,okc,skip,1.0,-0.0009980039920159944,KXHIGHTOKC-26AUG31,8.0,0.995,KXHIGHTOKC-26AUG31-T105,0.999001996007984,0.99,no,price_out_of_range,2026-08-31 14:00:00+00:00,0.010000000000000009,2026-08-31
lower_tail,okc,skip,0.99,0.009001996007984014,KXHIGHTOKC-26AUG31,8.0,0.985,KXHIGHTOKC-26AUG31-T98,0.999001996007984,0.98,no,price_out_of_range,2026-08-31 14:00:00+00:00,0.010000000000000009,2026-08-31
bounded,aus,skip,0.77,-0.03602708874304117,KXHIGHAUS-26AUG31,,0.76,KXHIGHAUS-26AUG31-B101.5,0.7339729112569588,0.75,no,price_out_of_range,2026-08-31 15:00:00+00:00,0.020000000000000018,2026-08-31
bounded,aus,skip,0.99,0.004173519679154469,KXHIGHAUS-26AUG31,,0.985,KXHIGHAUS-26AUG31-B103.5,0.9941735196791545,0.98,no,price_out_of_range,2026-08-31 15:00:00+00:00,0.010000000000000009,2026-08-31
bounded,aus,skip,0.89,0.024548734025149233,KXHIGHAUS-26AUG31,,0.885,KXHIGHAUS-26AUG31-B97.5,0.9145487340251492,0.88,no,price_out_of_range,2026-08-31 15:00:00+00:00,0.010000000000000009,2026-08-31
bounded,aus,skip,0.36,-0.0006991569772305528,KXHIGHAUS-26AUG31,,0.355,KXHIGHAUS-26AUG31-B99.5,0.35930084302276943,0.35,no,price_out_of_range,2026-08-31 15:00:00+00:00,0.010000000000000009,2026-08-31
upper_tail,aus,skip,1.0,-0.0009980039920159944,KXHIGHAUS-26AUG31,,0.995,KXHIGHAUS-26AUG31-T104,0.999001996007984,0.99,no,price_out_of_range,2026-08-31 15:00:00+00:00,0.010000000000000009,2026-08-31
lower_tail,aus,skip,0.99,0.009001996007984014,KXHIGHAUS-26AUG31,,0.985,KXHIGHAUS-26AUG31-T97,0.999001996007984,0.98,no,price_out_of_range,2026-08-31 15:00:00+00:00,0.010000000000000009,2026-08-31
bounded,den,skip,0.99,-0.031445913018888216,KXHIGHDEN-26AUG31,,0.985,KXHIGHDEN-26AUG31-B80.5,0.9585540869811118,0.98,no,price_out_of_range,2026-08-31 15:00:00+00:00,0.010000000000000009,2026-08-31
bounded,den,skip,0.96,-0.11889989850977378,KXHIGHDEN-26AUG31,,0.95,KXHIGHDEN-26AUG31-B82.5,0.8411001014902262,0.94,no,price_out_of_range,2026-08-31 15:00:00+00:00,0.020000000000000018,2026-08-31
bounded,den,buy,0.57,0.10016205749906726,KXHIGHDEN-26AUG31,,0.565,KXHIGHDEN-26AUG31-B84.5,0.6701620574990672,0.56,no,,2026-08-31 15:00:00+00:00,0.009999999999999898,2026-08-31
bounded,den,buy,0.57,0.12071176349289525,KXHIGHDEN-26AUG31,,0.565,KXHIGHDEN-26AUG31-B86.5,0.6907117634928952,0.56,no,,2026-08-31 15:00:00+00:00,0.009999999999999898,2026-08-31
lower_tail,den,skip,1.0,-0.0009990009990009652,KXHIGHDEN-26AUG31,,0.995,KXHIGHDEN-26AUG31-T80,0.999000999000999,0.99,no,price_out_of_range,2026-08-31 15:00:00+00:00,0.010000000000000009,2026-08-31
upper_tail,den,skip,0.9,-0.05952900846429954,KXHIGHDEN-26AUG31,,0.895,KXHIGHDEN-26AUG31-T87,0.8404709915357005,0.89,no,price_out_of_range,2026-08-31 15:00:00+00:00,0.010000000000000009,2026-08-31
bounded,la,skip,1.0,-0.03588540248233962,KXHIGHLAX-26AUG31,,0.995,KXHIGHLAX-26AUG31-B72.5,0.9641145975176604,0.99,no,price_out_of_range,2026-08-31 15:00:00+00:00,0.010000000000000009,2026-08-31
bounded,la,skip,1.0,-0.14546721304503796,KXHIGHLAX-26AUG31,,0.995,KXHIGHLAX-26AUG31-B74.5,0.854532786954962,0.99,no,price_out_of_range,2026-08-31 15:00:00+00:00,0.010000000000000009,2026-08-31
bounded,la,skip,0.95,-0.2134070868165614,KXHIGHLAX-26AUG31,,0.945,KXHIGHLAX-26AUG31-B76.5,0.7365929131834386,0.94,no,price_out_of_range,2026-08-31 15:00:00+00:00,0.010000000000000009,2026-08-31
bounded,la,buy,0.6,0.10805397090282576,KXHIGHLAX-26AUG31,,0.585,KXHIGHLAX-26AUG31-B78.5,0.7080539709028257,0.57,no,,2026-08-31 15:00:00+00:00,0.030000000000000027,2026-08-31
lower_tail,la,skip,1.0,-0.01166275580676046,KXHIGHLAX-26AUG31,,0.995,KXHIGHLAX-26AUG31-T72,0.9883372441932395,0.99,no,price_out_of_range,2026-08-31 15:00:00+00:00,0.010000000000000009,2026-08-31
upper_tail,la,skip,0.47,0.278368487247874,KXHIGHLAX-26AUG31,,0.45999999999999996,KXHIGHLAX-26AUG31-T79,0.748368487247874,0.45,no,price_out_of_range,2026-08-31 15:00:00+00:00,0.019999999999999962,2026-08-31
bounded,mia,skip,1.0,-0.16436839754131438,KXHIGHMIA-26AUG31,,0.995,KXHIGHMIA-26AUG31-B87.5,0.8356316024586856,0.99,no,price_out_of_range,2026-08-31 15:00:00+00:00,0.010000000000000009,2026-08-31
bounded,mia,skip,0.77,-0.2144969105291855,KXHIGHMIA-26AUG31,,0.765,KXHIGHMIA-26AUG31-B89.5,0.5555030894708145,0.76,no,price_out_of_range,2026-08-31 15:00:00+00:00,0.010000000000000009,2026-08-31
bounded,mia,buy,0.54,0.144537649739793,KXHIGHMIA-26AUG31,,0.525,KXHIGHMIA-26AUG31-B91.5,0.684537649739793,0.51,no,,2026-08-31 15:00:00+00:00,0.030000000000000027,2026-08-31
bounded,mia,skip,0.77,0.17985445870405659,KXHIGHMIA-26AUG31,,0.755,KXHIGHMIA-26AUG31-B93.5,0.9498544587040566,0.74,no,price_out_of_range,2026-08-31 15:00:00+00:00,0.030000000000000027,2026-08-31
lower_tail,mia,skip,1.0,-0.02452779937434879,KXHIGHMIA-26AUG31,,0.995,KXHIGHMIA-26AUG31-T87,0.9754722006256512,0.99,no,price_out_of_range,2026-08-31 15:00:00+00:00,0.010000000000000009,2026-08-31
upper_tail,mia,skip,1.0,-0.0009990009990009652,KXHIGHMIA-26AUG31,,0.995,KXHIGHMIA-26AUG31-T94,0.999000999000999,0.99,no,price_out_of_range,2026-08-31 15:00:00+00:00,0.010000000000000009,2026-08-31
bounded,nyc,buy,0.5,0.20727651732248376,KXHIGHNY-26AUG31,10.0,0.49,KXHIGHNY-26AUG31-B78.5,0.7072765173224838,0.48,no,,2026-08-31 15:00:00+00:00,0.020000000000000018,2026-08-31
bounded,nyc,skip,0.95,-0.10335459594650531,KXHIGHNY-26AUG31,10.0,0.945,KXHIGHNY-26AUG31-B80.5,0.8466454040534946,0.94,no,price_out_of_range,2026-08-31 15:00:00+00:00,0.010000000000000009,2026-08-31
bounded,nyc,skip,1.0,-0.03916075324569723,KXHIGHNY-26AUG31,10.0,0.995,KXHIGHNY-26AUG31-B82.5,0.9608392467543028,0.99,no,price_out_of_range,2026-08-31 15:00:00+00:00,0.010000000000000009,2026-08-31
bounded,nyc,skip,1.0,-0.0066660643873674985,KXHIGHNY-26AUG31,10.0,0.995,KXHIGHNY-26AUG31-B84.5,0.9933339356126325,0.99,no,price_out_of_range,2026-08-31 15:00:00+00:00,0.010000000000000009,2026-08-31
lower_tail,nyc,skip,0.54,-0.04709610274391274,KXHIGHNY-26AUG31,10.0,0.53,KXHIGHNY-26AUG31-T78,0.4929038972560873,0.52,no,ev_below_threshold,2026-08-31 15:00:00+00:00,0.020000000000000018,2026-08-31
upper_tail,nyc,skip,1.0,-0.0009990009990009652,KXHIGHNY-26AUG31,10.0,0.995,KXHIGHNY-26AUG31-T85,0.999000999000999,0.99,no,price_out_of_range,2026-08-31 15:00:00+00:00,0.010000000000000009,2026-08-31
bounded,okc,skip,0.66,-0.05808846450736482,KXHIGHTOKC-26AUG31,9.0,0.64,KXHIGHTOKC-26AUG31-B100.5,0.6019115354926352,0.62,no,price_out_of_range,2026-08-31 15:00:00+00:00,0.040000000000000036,2026-08-31
bounded,okc,skip,0.54,-0.07242133655919569,KXHIGHTOKC-26AUG31,9.0,0.525,KXHIGHTOKC-26AUG31-B102.5,0.46757866344080434,0.51,no,ev_below_threshold,2026-08-31 15:00:00+00:00,0.030000000000000027,2026-08-31
bounded,okc,skip,0.83,0.12683992049116788,KXHIGHTOKC-26AUG31,9.0,0.81,KXHIGHTOKC-26AUG31-B104.5,0.9568399204911678,0.79,no,price_out_of_range,2026-08-31 15:00:00+00:00,0.039999999999999925,2026-08-31
bounded,okc,skip,0.95,0.02566588855942442,KXHIGHTOKC-26AUG31,9.0,0.925,KXHIGHTOKC-26AUG31-B98.5,0.9756658885594244,0.9,no,price_out_of_range,2026-08-31 15:00:00+00:00,0.04999999999999993,2026-08-31
upper_tail,okc,skip,1.0,-0.0009980039920159944,KXHIGHTOKC-26AUG31,9.0,0.995,KXHIGHTOKC-26AUG31-T105,0.999001996007984,0.99,no,price_out_of_range,2026-08-31 15:00:00+00:00,0.010000000000000009,2026-08-31
lower_tail,okc,skip,1.0,-0.0009980039920159944,KXHIGHTOKC-26AUG31,9.0,0.995,KXHIGHTOKC-26AUG31-T98,0.999001996007984,0.99,no,price_out_of_range,2026-08-31 15:00:00+00:00,0.010000000000000009,2026-08-31
bounded,aus,skip,0.72,0.0451123748314346,KXHIGHAUS-26AUG31,,0.715,KXHIGHAUS-26AUG31-B101.5,0.7651123748314346,0.71,no,price_out_of_range,2026-08-31 16:00:00+00:00,0.010000000000000009,2026-08-31
bounded,aus,skip,0.99,0.009002501618667336,KXHIGHAUS-26AUG31,,0.985,KXHIGHAUS-26AUG31-B103.5,0.9990025016186673,0.98,no,price_out_of_range,2026-08-31 16:00:00+00:00,0.010000000000000009,2026-08-31
bounded,aus,skip,0.97,-0.07291782439225591,KXHIGHAUS-26AUG31,,0.965,KXHIGHAUS-26AUG31-B97.5,0.8970821756077441,0.96,no,price_out_of_range,2026-08-31 16:00:00+00:00,0.010000000000000009,2026-08-31
bounded,aus,skip,0.39,-0.04920205529518051,KXHIGHAUS-26AUG31,,0.385,KXHIGHAUS-26AUG31-B99.5,0.3407979447048195,0.38,no,price_out_of_range,2026-08-31 16:00:00+00:00,0.010000000000000009,2026-08-31
upper_tail,aus,skip,1.0,-0.0009974983813326732,KXHIGHAUS-26AUG31,,0.995,KXHIGHAUS-26AUG31-T104,0.9990025016186673,0.99,no,price_out_of_range,2026-08-31 16:00:00+00:00,0.010000000000000009,2026-08-31
lower_tail,aus,skip,0.99,0.009002501618667336,KXHIGHAUS-26AUG31,,0.985,KXHIGHAUS-26AUG31-T97,0.9990025016186673,0.98,no,price_out_of_range,2026-08-31 16:00:00+00:00,0.010000000000000009,2026-08-31
bounded,den,skip,0.99,-0.019710802253311677,KXHIGHDEN-26AUG31,,0.985,KXHIGHDEN-26AUG31-B80.5,0.9702891977466883,0.98,no,price_out_of_range,2026-08-31 16:00:00+00:00,0.010000000000000009,2026-08-31
bounded,den,skip,0.94,-0.07368887941881186,KXHIGHDEN-26AUG31,,0.935,KXHIGHDEN-26AUG31-B82.5,0.8663111205811881,0.93,no,price_out_of_range,2026-08-31 16:00:00+00:00,0.009999999999999898,2026-08-31
bounded,den,buy,0.59,0.058839022318105005,KXHIGHDEN-26AUG31,,0.585,KXHIGHDEN-26AUG31-B84.5,0.648839022318105,0.58,no,,2026-08-31 16:00:00+00:00,0.010000000000000009,2026-08-31
bounded,den,buy,0.6,0.05892536622000144,KXHIGHDEN-26AUG31,,0.59,KXHIGHDEN-26AUG31-B86.5,0.6589253662200014,0.58,no,,2026-08-31 16:00:00+00:00,0.020000000000000018,2026-08-31
lower_tail,den,skip,1.0,-0.0009990009990009652,KXHIGHDEN-26AUG31,,0.995,KXHIGHDEN-26AUG31-T80,0.999000999000999,0.99,no,price_out_of_range,2026-08-31 16:00:00+00:00,0.010000000000000009,2026-08-31
upper_tail,den,skip,0.87,-0.013365705866981714,KXHIGHDEN-26AUG31,,0.86,KXHIGHDEN-26AUG31-T87,0.8566342941330183,0.85,no,price_out_of_range,2026-08-31 16:00:00+00:00,0.020000000000000018,2026-08-31
bounded,la,skip,1.0,-0.005833771023577516,KXHIGHLAX-26AUG31,,0.995,KXHIGHLAX-26AUG31-B72.5,0.9941662289764225,0.99,no,price_out_of_range,2026-08-31 16:00:00+00:00,0.010000000000000009,2026-08-31
bounded,la,skip,1.0,-0.14581221192659655,KXHIGHLAX-26AUG31,,0.995,KXHIGHLAX-26AUG31-B74.5,0.8541877880734035,0.99,no,price_out_of_range,2026-08-31 16:00:00+00:00,0.010000000000000009,2026-08-31
bounded,la,skip,0.96,-0.23284061024922864,KXHIGHLAX-26AUG31,,0.955,KXHIGHLAX-26AUG31-B76.5,0.7271593897507713,0.95,no,price_out_of_range,2026-08-31 16:00:00+00:00,0.010000000000000009,2026-08-31
bounded,la,skip,0.69,0.0038019420635906354,KXHIGHLAX-26AUG31,,0.6799999999999999,KXHIGHLAX-26AUG31-B78.5,0.6938019420635906,0.67,no,price_out_of_range,2026-08-31 16:00:00+00:00,0.019999999999999907,2026-08-31
lower_tail,la,skip,1.0,-0.0009990009990009652,KXHIGHLAX-26AUG31,,0.995,KXHIGHLAX-26AUG31-T72,0.999000999000999,0.99,no,price_out_of_range,2026-08-31 16:00:00+00:00,0.010000000000000009,2026-08-31
upper_tail,la,skip,0.37,0.361683652134813,KXHIGHLAX-26AUG31,,0.36,KXHIGHLAX-26AUG31-T79,0.731683652134813,0.35,no,price_out_of_range,2026-08-31 16:00:00+00:00,0.020000000000000018,2026-08-31
bounded,mia,skip,1.0,-0.0009980039920159944,KXHIGHMIA-26AUG31,,0.995,KXHIGHMIA-26AUG31-B87.5,0.999001996007984,0.99,no,price_out_of_range,2026-08-31 16:00:00+00:00,0.010000000000000009,2026-08-31
bounded,mia,skip,1.0,-0.18410061834952696,KXHIGHMIA-26AUG31,,0.995,KXHIGHMIA-26AUG31-B89.5,0.815899381650473,0.99,no,price_out_of_range,2026-08-31 16:00:00+00:00,0.010000000000000009,2026-08-31
bounded,mia,skip,0.26,0.1193391174822549,KXHIGHMIA-26AUG31,,0.255,KXHIGHMIA-26AUG31-B91.5,0.3793391174822549,0.25,no,price_out_of_range,2026-08-31 16:00:00+00:00,0.010000000000000009,2026-08-31
bounded,mia,skip,0.79,0.01957785920949251,KXHIGHMIA-26AUG31,,0.78,KXHIGHMIA-26AUG31-B93.5,0.8095778592094925,0.77,no,price_out_of_range,2026-08-31 16:00:00+00:00,0.020000000000000018,2026-08-31
lower_tail,mia,skip,1.0,-0.0009980039920159944,KXHIGHMIA-26AUG31,,0.995,KXHIGHMIA-26AUG31-T87,0.999001996007984,0.99,no,price_out_of_range,2026-08-31 16:00:00+00:00,0.010000000000000009,2026-08-31
upper_tail,mia,skip,1.0,-0.002820350358188506,KXHIGHMIA-26AUG31,,0.995,KXHIGHMIA-26AUG31-T94,0.9971796496418115,0.99,no,price_out_of_range,2026-08-31 16:00:00+00:00,0.010000000000000009,2026-08-31
bounded,nyc,skip,0.48,0.23893004135146478,KXHIGHNY-26AUG31,11.0,0.475,KXHIGHNY-26AUG31-B78.5,0.7189300413514648,0.47,no,price_out_of_range,2026-08-31 16:00:00+00:00,0.010000000000000009,2026-08-31
bounded,nyc,skip,0.95,-0.06904152656754214,KXHIGHNY-26AUG31,11.0,0.945,KXHIGHNY-26AUG31-B80.5,0.8809584734324578,0.94,no,price_out_of_range,2026-08-31 16:00:00+00:00,0.010000000000000009,2026-08-31
bounded,nyc,skip,1.0,-0.038465542142780196,KXHIGHNY-26AUG31,11.0,0.995,KXHIGHNY-26AUG31-B82.5,0.9615344578572198,0.99,no,price_out_of_range,2026-08-31 16:00:00+00:00,0.010000000000000009,2026-08-31
bounded,nyc,skip,1.0,-0.0009980039920159944,KXHIGHNY-26AUG31,11.0,0.995,KXHIGHNY-26AUG31-B84.5,0.999001996007984,0.99,no,price_out_of_range,2026-08-31 16:00:00+00:00,0.010000000000000009,2026-08-31
lower_tail,nyc,skip,0.58,-0.13942696465711035,KXHIGHNY-26AUG31,11.0,0.575,KXHIGHNY-26AUG31-T78,0.4405730353428896,0.57,no,ev_below_threshold,2026-08-31 16:00:00+00:00,0.010000000000000009,2026-08-31
upper_tail,nyc,skip,1.0,-0.0009980039920159944,KXHIGHNY-26AUG31,11.0,0.995,KXHIGHNY-26AUG31-T85,0.999001996007984,0.99,no,price_out_of_range,2026-08-31 16:00:00+00:00,0.010000000000000009,2026-08-31
bounded,okc,skip,0.66,-0.0822005090685397,KXHIGHTOKC-26AUG31,10.0,0.65,KXHIGHTOKC-26AUG31-B100.5,0.5777994909314603,0.64,no,price_out_of_range,2026-08-31 16:00:00+00:00,0.020000000000000018,2026-08-31
bounded,okc,skip,0.47,0.021690708001979364,KXHIGHTOKC-26AUG31,10.0,0.44999999999999996,KXHIGHTOKC-26AUG31-B102.5,0.49169070800197934,0.43,no,price_out_of_range,2026-08-31 16:00:00+00:00,0.03999999999999998,2026-08-31
bounded,okc,skip,0.92,0.04021908282154596,KXHIGHTOKC-26AUG31,10.0,0.91,KXHIGHTOKC-26AUG31-B104.5,0.960219082821546,0.9,no,price_out_of_range,2026-08-31 16:00:00+00:00,0.020000000000000018,2026-08-31
bounded,okc,skip,0.99,-0.017713273770953775,KXHIGHTOKC-26AUG31,10.0,0.98,KXHIGHTOKC-26AUG31-B98.5,0.9722867262290462,0.97,no,price_out_of_range,2026-08-31 16:00:00+00:00,0.020000000000000018,2026-08-31
upper_tail,okc,skip,1.0,-0.0009980039920159944,KXHIGHTOKC-26AUG31,10.0,0.995,KXHIGHTOKC-26AUG31-T105,0.999001996007984,0.99,no,price_out_of_range,2026-08-31 16:00:00+00:00,0.010000000000000009,2026-08-31
lower_tail,okc,skip,1.0,-0.0009980039920159944,KXHIGHTOKC-26AUG31,10.0,0.995,KXHIGHTOKC-26AUG31-T98,0.999001996007984,0.99,no,price_out_of_range,2026-08-31 16:00:00+00:00,0.010000000000000009,2026-08-31
bounded,aus,skip,0.71,0.037116378325131705,KXHIGHAUS-26AUG31,,0.705,KXHIGHAUS-26AUG31-B101.5,0.7471163783251317,0.7,no,price_out_of_range,2026-08-31 17:00:00+00:00,0.010000000000000009,2026-08-31
bounded,aus,skip,0.99,0.0060154998851321695,KXHIGHAUS-26AUG31,,0.985,KXHIGHAUS-26AUG31-B103.5,0.9960154998851322,0.98,no,price_out_of_range,2026-08-31 17:00:00+00:00,0.010000000000000009,2026-08-31
bounded,aus,skip,0.98,-0.07101610975599537,KXHIGHAUS-26AUG31,,0.975,KXHIGHAUS-26AUG31-B97.5,0.9089838902440046,0.97,no,price_out_of_range,2026-08-31 17:00:00+00:00,0.010000000000000009,2026-08-31
bounded,aus,skip,0.29,0.05988023952976357,KXHIGHAUS-26AUG31,,0.28500000000000003,KXHIGHAUS-26AUG31-B99.5,0.34988023952976355,0.28,no,price_out_of_range,2026-08-31 17:00:00+00:00,0.009999999999999953,2026-08-31
upper_tail,aus,skip,1.0,-0.0009980039920159944,KXHIGHAUS-26AUG31,,0.995,KXHIGHAUS-26AUG31-T104,0.999001996007984,0.99,no,price_out_of_range,2026-08-31 17:00:00+00:00,0.010000000000000009,2026-08-31
lower_tail,aus,skip,1.0,-0.0009980039920159944,KXHIGHAUS-26AUG31,,0.995,KXHIGHAUS-26AUG31-T97,0.999001996007984,0.99,no,price_out_of_range,2026-08-31 17:00:00+00:00,0.010000000000000009,2026-08-31
bounded,den,skip,0.99,-0.0007459944399095253,KXHIGHDEN-26AUG31,,0.985,KXHIGHDEN-26AUG31-B80.5,0.9892540055600905,0.98,no,price_out_of_range,2026-08-31 17:00:00+00:00,0.010000000000000009,2026-08-31
bounded,den,skip,0.93,-0.018065151991613404,KXHIGHDEN-26AUG31,,0.92,KXHIGHDEN-26AUG31-B82.5,0.9119348480083866,0.91,no,price_out_of_range,2026-08-31 17:00:00+00:00,0.020000000000000018,2026-08-31
bounded,den,skip,0.63,-0.0032346405603572714,KXHIGHDEN-26AUG31,,0.625,KXHIGHDEN-26AUG31-B84.5,0.6267653594396427,0.62,no,ev_below_threshold,2026-08-31 17:00:00+00:00,0.010000000000000009,2026-08-31
bounded,den,skip,0.6,0.007516435834551305,KXHIGHDEN-26AUG31,,0.59,KXHIGHDEN-26AUG31-B86.5,0.6075164358345513,0.58,no,ev_below_threshold,2026-08-31 17:00:00+00:00,0.020000000000000018,2026-08-31
lower_tail,den,skip,1.0,-0.0009990009990009652,KXHIGHDEN-26AUG31,,0.995,KXHIGHDEN-26AUG31-T80,0.999000999000999,0.99,no,price_out_of_range,2026-08-31 17:00:00+00:00,0.010000000000000009,2026-08-31
upper_tail,den,skip,0.93,-0.06447164784367021,KXHIGHDEN-26AUG31,,0.91,KXHIGHDEN-26AUG31-T87,0.8655283521563298,0.89,no,price_out_of_range,2026-08-31 17:00:00+00:00,0.040000000000000036,2026-08-31
bounded,la,skip,1.0,-0.0009980039920159944,KXHIGHLAX-26AUG31,,0.995,KXHIGHLAX-26AUG31-B72.5,0.999001996007984,0.99,no,price_out_of_range,2026-08-31 17:00:00+00:00,0.010000000000000009,2026-08-31
bounded,la,skip,1.0,-0.2004770898267838,KXHIGHLAX-26AUG31,,0.995,KXHIGHLAX-26AUG31-B74.5,0.7995229101732162,0.99,no,price_out_of_range,2026-08-31 17:00:00+00:00,0.010000000000000009,2026-08-31
bounded,la,skip,0.96,-0.2734583137887282,KXHIGHLAX-26AUG31,,0.955,KXHIGHLAX-26AUG31-B76.5,0.6865416862112718,0.95,no,price_out_of_range,2026-08-31 17:00:00+00:00,0.010000000000000009,2026-08-31
bounded,la,skip,0.46,0.256612381198474,KXHIGHLAX-26AUG31,,0.455,KXHIGHLAX-26AUG31-B78.5,0.716612381198474,0.45,no,price_out_of_range,2026-08-31 17:00:00+00:00,0.010000000000000009,2026-08-31
lower_tail,la,skip,1.0,-0.0009980039920159944,KXHIGHLAX-26AUG31,,0.995,KXHIGHLAX-26AUG31-T72,0.999001996007984,0.99,no,price_out_of_range,2026-08-31 17:00:00+00:00,0.010000000000000009,2026-08-31
upper_tail,la,buy,0.56,0.23931903040106983,KXHIGHLAX-26AUG31,,0.555,KXHIGHLAX-26AUG31-T79,0.7993190304010699,0.55,no,,2026-08-31 17:00:00+00:00,0.010000000000000009,2026-08-31
bounded,mia,skip,1.0,-0.0009980039920159944,KXHIGHMIA-26AUG31,,0.995,KXHIGHMIA-26AUG31-B87.5,0.999001996007984,0.99,no,price_out_of_range,2026-08-31 17:00:00+00:00,0.010000000000000009,2026-08-31
bounded,mia,skip,1.0,-0.009907424472456294,KXHIGHMIA-26AUG31,,0.995,KXHIGHMIA-26AUG31-B89.5,0.9900925755275437,0.99,no,price_out_of_range,2026-08-31 17:00:00+00:00,0.010000000000000009,2026-08-31
bounded,mia,skip,0.05,0.3842003085643662,KXHIGHMIA-26AUG31,,0.04,KXHIGHMIA-26AUG31-B91.5,0.4342003085643662,0.03,no,price_out_of_range,2026-08-31 17:00:00+00:00,0.020000000000000004,2026-08-31
bounded,mia,skip,0.99,-0.38899473933454165,KXHIGHMIA-26AUG31,,0.98,KXHIGHMIA-26AUG31-B93.5,0.6010052606654583,0.97,no,price_out_of_range,2026-08-31 17:00:00+00:00,0.020000000000000018,2026-08-31
lower_tail,mia,skip,1.0,-0.0009980039920159944,KXHIGHMIA-26AUG31,,0.995,KXHIGHMIA-26AUG31-T87,0.999001996007984,0.99,no,price_out_of_range,2026-08-31 17:00:00+00:00,0.010000000000000009,2026-08-31
upper_tail,mia,skip,1.0,-0.02330213677333648,KXHIGHMIA-26AUG31,,0.995,KXHIGHMIA-26AUG31-T94,0.9766978632266635,0.99,no,price_out_of_range,2026-08-31 17:00:00+00:00,0.010000000000000009,2026-08-31
bounded,nyc,skip,0.25,0.4564627592985294,KXHIGHNY-26AUG31,12.0,0.245,KXHIGHNY-26AUG31-B78.5,0.7064627592985294,0.24,no,price_out_of_range,2026-08-31 17:00:00+00:00,0.010000000000000009,2026-08-31
bounded,nyc,skip,0.78,0.07608853053046283,KXHIGHNY-26AUG31,12.0,0.765,KXHIGHNY-26AUG31-B80.5,0.8560885305304629,0.75,no,price_out_of_range,2026-08-31 17:00:00+00:00,0.030000000000000027,2026-08-31
bounded,nyc,skip,1.0,-0.043248329926714124,KXHIGHNY-26AUG31,12.0,0.985,KXHIGHNY-26AUG31-B82.5,0.9567516700732859,0.97,no,price_out_of_range,2026-08-31 17:00:00+00:00,0.030000000000000027,2026-08-31
bounded,nyc,skip,1.0,-0.0009980039920159944,KXHIGHNY-26AUG31,12.0,0.995,KXHIGHNY-26AUG31-B84.5,0.999001996007984,0.99,no,price_out_of_range,2026-08-31 17:00:00+00:00,0.010000000000000009,2026-08-31
lower_tail,nyc,skip,1.0,-0.5173069519182463,KXHIGHNY-26AUG31,12.0,0.995,KXHIGHNY-26AUG31-T78,0.48269304808175373,0.99,no,price_out_of_range,2026-08-31 17:00:00+00:00,0.010000000000000009,2026-08-31
upper_tail,nyc,skip,1.0,-0.0009980039920159944,KXHIGHNY-26AUG31,12.0,0.995,KXHIGHNY-26AUG31-T85,0.999001996007984,0.99,no,price_out_of_range,2026-08-31 17:00:00+00:00,0.010000000000000009,2026-08-31
bounded,okc,skip,0.61,-0.14069975540345114,KXHIGHTOKC-26AUG31,11.0,0.585,KXHIGHTOKC-26AUG31-B100.5,0.46930024459654884,0.56,no,ev_below_threshold,2026-08-31 17:00:00+00:00,0.04999999999999993,2026-08-31
bounded,okc,buy,0.54,0.060189954336890894,KXHIGHTOKC-26AUG31,11.0,0.5,KXHIGHTOKC-26AUG31-B102.5,0.6001899543368909,0.46,no,,2026-08-31 17:00:00+00:00,0.08000000000000002,2026-08-31
bounded,okc,skip,0.94,0.0354246190073787,KXHIGHTOKC-26AUG31,11.0,0.9299999999999999,KXHIGHTOKC-26AUG31-B104.5,0.9754246190073786,0.92,no,price_out_of_range,2026-08-31 17:00:00+00:00,0.019999999999999907,2026-08-31
bounded,okc,skip,1.0,-0.04291880995678643,KXHIGHTOKC-26AUG31,11.0,0.995,KXHIGHTOKC-26AUG31-B98.5,0.9570811900432136,0.99,no,price_out_of_range,2026-08-31 17:00:00+00:00,0.010000000000000009,2026-08-31
upper_tail,okc,skip,1.0,-0.0009980039920159944,KXHIGHTOKC-26AUG31,11.0,0.995,KXHIGHTOKC-26AUG31-T105,0.999001996007984,0.99,no,price_out_of_range,2026-08-31 17:00:00+00:00,0.010000000000000009,2026-08-31
lower_tail,okc,skip,1.0,-0.0009980039920159944,KXHIGHTOKC-26AUG31,11.0,0.995,KXHIGHTOKC-26AUG31-T98,0.999001996007984,0.99,no,price_out_of_range,2026-08-31 17:00:00+00:00,0.010000000000000009,2026-08-31
bounded,aus,skip,0.7,0.09720254531654482,KXHIGHAUS-26AUG31,,0.685,KXHIGHAUS-26AUG31-B101.5,0.7972025453165448,0.67,no,price_out_of_range,2026-08-31 18:00:00+00:00,0.029999999999999916,2026-08-31
bounded,aus,skip,0.99,0.00900299102691926,KXHIGHAUS-26AUG31,,0.985,KXHIGHAUS-26AUG31-B103.5,0.9990029910269193,0.98,no,price_out_of_range,2026-08-31 18:00:00+00:00,0.010000000000000009,2026-08-31
bounded,aus,skip,0.99,-0.1253328911212367,KXHIGHAUS-26AUG31,,0.98,KXHIGHAUS-26AUG31-B97.5,0.8646671088787633,0.97,no,price_out_of_range,2026-08-31 18:00:00+00:00,0.020000000000000018,2026-08-31
bounded,aus,skip,0.33,0.011121372723934042,KXHIGHAUS-26AUG31,,0.315,KXHIGHAUS-26AUG31-B99.5,0.34112137272393406,0.3,no,price_out_of_range,2026-08-31 18:00:00+00:00,0.030000000000000027,2026-08-31
upper_tail,aus,skip,1.0,-0.0009970089730807485,KXHIGHAUS-26AUG31,,0.995,KXHIGHAUS-26AUG31-T104,0.9990029910269193,0.99,no,price_out_of_range,2026-08-31 18:00:00+00:00,0.010000000000000009,2026-08-31
lower_tail,aus,skip,0.98,0.01900299102691927,KXHIGHAUS-26AUG31,,0.975,KXHIGHAUS-26AUG31-T97,0.9990029910269193,0.97,no,price_out_of_range,2026-08-31 18:00:00+00:00,0.010000000000000009,2026-08-31
bounded,den,skip,1.0,-0.0009980039920159944,KXHIGHDEN-26AUG31,,0.995,KXHIGHDEN-26AUG31-B80.5,0.999001996007984,0.99,no,price_out_of_range,2026-08-31 18:00:00+00:00,0.010000000000000009,2026-08-31
bounded,den,skip,0.94,-0.011327180479735244,KXHIGHDEN-26AUG31,,0.935,KXHIGHDEN-26AUG31-B82.5,0.9286728195202647,0.93,no,price_out_of_range,2026-08-31 18:00:00+00:00,0.009999999999999898,2026-08-31
bounded,den,skip,0.64,-0.016329727401535377,KXHIGHDEN-26AUG31,,0.62,KXHIGHDEN-26AUG31-B84.5,0.6236702725984646,0.6,no,ev_below_threshold,2026-08-31 18:00:00+00:00,0.040000000000000036,2026-08-31
bounded,den,skip,0.6,-0.0332431124186624,KXHIGHDEN-26AUG31,,0.5800000000000001,KXHIGHDEN-26AUG31-B86.5,0.5667568875813376,0.56,no,ev_below_threshold,2026-08-31 18:00:00+00:00,0.039999999999999925,2026-08-31
lower_tail,den,skip,1.0,-0.0009980039920159944,KXHIGHDEN-26AUG31,,0.995,KXHIGHDEN-26AUG31-T80,0.999001996007984,0.99,no,price_out_of_range,2026-08-31 18:00:00+00:00,0.010000000000000009,2026-08-31
upper_tail,den,skip,0.93,-0.04710397171603509,KXHIGHDEN-26AUG31,,0.905,KXHIGHDEN-26AUG31-T87,0.882896028283965,0.88,no,price_out_of_range,2026-08-31 18:00:00+00:00,0.050000000000000044,2026-08-31
bounded,la,skip,1.0,-0.0009980039920159944,KXHIGHLAX-26AUG31,,0.995,KXHIGHLAX-26AUG31-B72.5,0.999001996007984,0.99,no,price_out_of_range,2026-08-31 18:00:00+00:00,0.010000000000000009,2026-08-31
bounded,la,skip,1.0,-0.14584238908284186,KXHIGHLAX-26AUG31,,0.995,KXHIGHLAX-26AUG31-B74.5,0.8541576109171581,0.99,no,price_out_of_range,2026-08-31 18:00:00+00:00,0.010000000000000009,2026-08-31
bounded,la,skip,0.86,-0.20531571260399029,KXHIGHLAX-26AUG31,,0.84,KXHIGHLAX-26AUG31-B76.5,0.6546842873960097,0.82,no,price_out_of_range,2026-08-31 18:00:00+00:00,0.040000000000000036,2026-08-31
bounded,la,skip,0.41,0.2973193403308953,KXHIGHLAX-26AUG31,,0.4,KXHIGHLAX-26AUG31-B78.5,0.7073193403308953,0.39,no,price_out_of_range,2026-08-31 18:00:00+00:00,0.019999999999999962,2026-08-31
lower_tail,la,skip,1.0,-0.0009980039920159944,KXHIGHLAX-26AUG31,,0.995,KXHIGHLAX-26AUG31-T72,0.999001996007984,0.99,no,price_out_of_range,2026-08-31 18:00:00+00:00,0.010000000000000009,2026-08-31
upper_tail,la,skip,0.76,0.025834769339968866,KXHIGHLAX-26AUG31,,0.745,KXHIGHLAX-26AUG31-T79,0.7858347693399689,0.73,no,price_out_of_range,2026-08-31 18:00:00+00:00,0.030000000000000027,2026-08-31
bounded,mia,skip,1.0,-0.0009980039920159944,KXHIGHMIA-26AUG31,,0.995,KXHIGHMIA-26AUG31-B87.5,0.999001996007984,0.99,no,price_out_of_range,2026-08-31 18:00:00+00:00,0.010000000000000009,2026-08-31
bounded,mia,skip,1.0,-0.03146199933556859,KXHIGHMIA-26AUG31,,0.995,KXHIGHMIA-26AUG31-B89.5,0.9685380006644314,0.99,no,price_out_of_range,2026-08-31 18:00:00+00:00,0.010000000000000009,2026-08-31
bounded,mia,skip,0.07,0.26373196840900776,KXHIGHMIA-26AUG31,,0.05500000000000001,KXHIGHMIA-26AUG31-B91.5,0.33373196840900776,0.04,no,price_out_of_range,2026-08-31 18:00:00+00:00,0.030000000000000006,2026-08-31
bounded,mia,skip,0.97,-0.2625751262600282,KXHIGHMIA-26AUG31,,0.95,KXHIGHMIA-26AUG31-B93.5,0.7074248737399718,0.93,no,price_out_of_range,2026-08-31 18:00:00+00:00,0.039999999999999925,2026-08-31
lower_tail,mia,skip,1.0,-0.0009980039920159944,KXHIGHMIA-26AUG31,,0.995,KXHIGHMIA-26AUG31-T87,0.999001996007984,0.99,no,price_out_of_range,2026-08-31 18:00:00+00:00,0.010000000000000009,2026-08-31
upper_tail,mia,skip,1.0,-0.007698834829379053,KXHIGHMIA-26AUG31,,0.995,KXHIGHMIA-26AUG31-T94,0.992301165170621,0.99,no,price_out_of_range,2026-08-31 18:00:00+00:00,0.010000000000000009,2026-08-31
bounded,nyc,skip,0.05,0.4901735070732946,KXHIGHNY-26AUG31,13.0,0.04,KXHIGHNY-26AUG31-B78.5,0.5401735070732946,0.03,no,price_out_of_range,2026-08-31 18:00:00+00:00,0.020000000000000004,2026-08-31
bounded,nyc,skip,0.97,-0.17758956673550075,KXHIGHNY-26AUG31,13.0,0.96,KXHIGHNY-26AUG31-B80.5,0.7924104332644992,0.95,no,price_out_of_range,2026-08-31 18:00:00+00:00,0.020000000000000018,2026-08-31
bounded,nyc,skip,1.0,-0.06095176608979802,KXHIGHNY-26AUG31,13.0,0.99,KXHIGHNY-26AUG31-B82.5,0.939048233910202,0.98,no,price_out_of_range,2026-08-31 18:00:00+00:00,0.020000000000000018,2026-08-31
bounded,nyc,skip,1.0,-0.0009980039920159944,KXHIGHNY-26AUG31,13.0,0.995,KXHIGHNY-26AUG31-B84.5,0.999001996007984,0.99,no,price_out_of_range,2026-08-31 18:00:00+00:00,0.010000000000000009,2026-08-31
lower_tail,nyc,skip,1.0,-0.2696361662639639,KXHIGHNY-26AUG31,13.0,0.995,KXHIGHNY-26AUG31-T78,0.7303638337360361,0.99,no,price_out_of_range,2026-08-31 18:00:00+00:00,0.010000000000000009,2026-08-31
upper_tail,nyc,skip,1.0,-0.0009980039920159944,KXHIGHNY-26AUG31,13.0,0.995,KXHIGHNY-26AUG31-T85,0.999001996007984,0.99,no,price_out_of_range,2026-08-31 18:00:00+00:00,0.010000000000000009,2026-08-31
bounded,okc,skip,0.56,-0.12322401522348703,KXHIGHTOKC-26AUG31,12.0,0.52,KXHIGHTOKC-26AUG31-B100.5,0.436775984776513,0.48,no,ev_below_threshold,2026-08-31 18:00:00+00:00,0.08000000000000007,2026-08-31
bounded,okc,buy,0.61,0.02271421415692665,KXHIGHTOKC-26AUG31,12.0,0.605,KXHIGHTOKC-26AUG31-B102.5,0.6327142141569266,0.6,no,,2026-08-31 18:00:00+00:00,0.010000000000000009,2026-08-31
bounded,okc,skip,0.96,0.019982704213652114,KXHIGHTOKC-26AUG31,12.0,0.955,KXHIGHTOKC-26AUG31-B104.5,0.9799827042136521,0.95,no,price_out_of_range,2026-08-31 18:00:00+00:00,0.010000000000000009,2026-08-31
bounded,okc,skip,0.99,-0.03747689516305985,KXHIGHTOKC-26AUG31,12.0,0.985,KXHIGHTOKC-26AUG31-B98.5,0.9525231048369401,0.98,no,price_out_of_range,2026-08-31 18:00:00+00:00,0.010000000000000009,2026-08-31
upper_tail,okc,skip,1.0,-0.0009980039920159944,KXHIGHTOKC-26AUG31,12.0,0.995,KXHIGHTOKC-26AUG31-T105,0.999001996007984,0.99,no,price_out_of_range,2026-08-31 18:00:00+00:00,0.010000000000000009,2026-08-31
lower_tail,okc,skip,1.0,-0.0009980039920159944,KXHIGHTOKC-26AUG31,12.0,0.995,KXHIGHTOKC-26AUG31-T98,0.999001996007984,0.99,no,price_out_of_range,2026-08-31 18:00:00+00:00,0.010000000000000009,2026-08-31
bounded,aus,skip,0.8,0.04261304626448814,KXHIGHAUS-26AUG31,,0.795,KXHIGHAUS-26AUG31-B101.5,0.8426130462644882,0.79,no,price_out_of_range,2026-08-31 19:00:00+00:00,0.010000000000000009,2026-08-31
bounded,aus,skip,1.0,-0.0009970089730807485,KXHIGHAUS-26AUG31,,0.995,KXHIGHAUS-26AUG31-B103.5,0.9990029910269193,0.99,no,price_out_of_range,2026-08-31 19:00:00+00:00,0.010000000000000009,2026-08-31
bounded,aus,skip,0.95,-0.13074339206917995,KXHIGHAUS-26AUG31,,0.945,KXHIGHAUS-26AUG31-B97.5,0.81925660793082,0.94,no,price_out_of_range,2026-08-31 19:00:00+00:00,0.010000000000000009,2026-08-31
bounded,aus,skip,0.27,0.07112137272393404,KXHIGHAUS-26AUG31,,0.25,KXHIGHAUS-26AUG31-B99.5,0.34112137272393406,0.23,no,price_out_of_range,2026-08-31 19:00:00+00:00,0.04000000000000001,2026-08-31
upper_tail,aus,skip,1.0,-0.0009970089730807485,KXHIGHAUS-26AUG31,,0.995,KXHIGHAUS-26AUG31-T104,0.9990029910269193,0.99,no,price_out_of_range,2026-08-31 19:00:00+00:00,0.010000000000000009,2026-08-31
lower_tail,aus,skip,1.0,-0.0009970089730807485,KXHIGHAUS-26AUG31,,0.995,KXHIGHAUS-26AUG31-T97,0.9990029910269193,0.99,no,price_out_of_range,2026-08-31 19:00:00+00:00,0.010000000000000009,2026-08-31
bounded,den,skip,0.99,0.009001996007984014,KXHIGHDEN-26AUG31,,0.985,KXHIGHDEN-26AUG31-B80.5,0.999001996007984,0.98,no,price_out_of_range,2026-08-31 19:00:00+00:00,0.010000000000000009,2026-08-31
bounded,den,skip,0.83,0.1309310989852417,KXHIGHDEN-26AUG31,,0.81,KXHIGHDEN-26AUG31-B82.5,0.9609310989852416,0.79,no,price_out_of_range,2026-08-31 19:00:00+00:00,0.039999999999999925,2026-08-31
bounded,den,buy,0.63,0.0930598111392481,KXHIGHDEN-26AUG31,,0.61,KXHIGHDEN-26AUG31-B84.5,0.7230598111392481,0.59,no,,2026-08-31 19:00:00+00:00,0.040000000000000036,2026-08-31
bounded,den,skip,0.59,-0.07675310036221239,KXHIGHDEN-26AUG31,,0.585,KXHIGHDEN-26AUG31-B86.5,0.5132468996377876,0.58,no,ev_below_threshold,2026-08-31 19:00:00+00:00,0.010000000000000009,2026-08-31
lower_tail,den,skip,1.0,-0.0009980039920159944,KXHIGHDEN-26AUG31,,0.995,KXHIGHDEN-26AUG31-T80,0.999001996007984,0.99,no,price_out_of_range,2026-08-31 19:00:00+00:00,0.010000000000000009,2026-08-31
upper_tail,den,skip,0.96,-0.15524180177824531,KXHIGHDEN-26AUG31,,0.955,KXHIGHDEN-26AUG31-T87,0.8047581982217547,0.95,no,price_out_of_range,2026-08-31 19:00:00+00:00,0.010000000000000009,2026-08-31
bounded,la,skip,1.0,-0.0009970089730807485,KXHIGHLAX-26AUG31,,0.995,KXHIGHLAX-26AUG31-B72.5,0.9990029910269193,0.99,no,price_out_of_range,2026-08-31 19:00:00+00:00,0.010000000000000009,2026-08-31
bounded,la,skip,1.0,-0.0009970089730807485,KXHIGHLAX-26AUG31,,0.995,KXHIGHLAX-26AUG31-B74.5,0.9990029910269193,0.99,no,price_out_of_range,2026-08-31 19:00:00+00:00,0.010000000000000009,2026-08-31
bounded,la,skip,1.0,-0.5244760173555671,KXHIGHLAX-26AUG31,,0.995,KXHIGHLAX-26AUG31-B76.5,0.47552398264443285,0.99,no,price_out_of_range,2026-08-31 19:00:00+00:00,0.010000000000000009,2026-08-31
bounded,la,skip,0.47,0.23968309280235678,KXHIGHLAX-26AUG31,,0.45999999999999996,KXHIGHLAX-26AUG31-B78.5,0.7096830928023568,0.45,no,price_out_of_range,2026-08-31 19:00:00+00:00,0.019999999999999962,2026-08-31
lower_tail,la,skip,1.0,-0.0009970089730807485,KXHIGHLAX-26AUG31,,0.995,KXHIGHLAX-26AUG31-T72,0.9990029910269193,0.99,no,price_out_of_range,2026-08-31 19:00:00+00:00,0.010000000000000009,2026-08-31
upper_tail,la,buy,0.52,0.2977839514724525,KXHIGHLAX-26AUG31,,0.515,KXHIGHLAX-26AUG31-T79,0.8177839514724525,0.51,no,,2026-08-31 19:00:00+00:00,0.010000000000000009,2026-08-31
bounded,mia,skip,1.0,-0.0009970089730807485,KXHIGHMIA-26AUG31,,0.995,KXHIGHMIA-26AUG31-B87.5,0.9990029910269193,0.99,no,price_out_of_range,2026-08-31 19:00:00+00:00,0.010000000000000009,2026-08-31
bounded,mia,skip,1.0,-0.0927470667061826,KXHIGHMIA-26AUG31,,0.995,KXHIGHMIA-26AUG31-B89.5,0.9072529332938174,0.99,no,price_out_of_range,2026-08-31 19:00:00+00:00,0.010000000000000009,2026-08-31
bounded,mia,skip,0.07,0.2364435502357199,KXHIGHMIA-26AUG31,,0.060000000000000005,KXHIGHMIA-26AUG31-B91.5,0.3064435502357199,0.05,no,price_out_of_range,2026-08-31 19:00:00+00:00,0.020000000000000004,2026-08-31
bounded,mia,skip,0.94,-0.1507054566102951,KXHIGHMIA-26AUG31,,0.935,KXHIGHMIA-26AUG31-B93.5,0.7892945433897048,0.93,no,price_out_of_range,2026-08-31 19:00:00+00:00,0.009999999999999898,2026-08-31
lower_tail,mia,skip,1.0,-0.0009970089730807485,KXHIGHMIA-26AUG31,,0.995,KXHIGHMIA-26AUG31-T87,0.9990029910269193,0.99,no,price_out_of_range,2026-08-31 19:00:00+00:00,0.010000000000000009,2026-08-31
upper_tail,mia,skip,1.0,-0.0009970089730807485,KXHIGHMIA-26AUG31,,0.995,KXHIGHMIA-26AUG31-T94,0.9990029910269193,0.99,no,price_out_of_range,2026-08-31 19:00:00+00:00,0.010000000000000009,2026-08-31
bounded,nyc,skip,0.02,0.5093032945475858,KXHIGHNY-26AUG31,14.0,0.015,KXHIGHNY-26AUG31-B78.5,0.5293032945475858,0.01,no,price_out_of_range,2026-08-31 19:00:00+00:00,0.01,2026-08-31
bounded,nyc,skip,0.99,-0.19705657787879005,KXHIGHNY-26AUG31,14.0,0.985,KXHIGHNY-26AUG31-B80.5,0.7929434221212099,0.98,no,price_out_of_range,2026-08-31 19:00:00+00:00,0.010000000000000009,2026-08-31
bounded,nyc,skip,1.0,-0.05061454242079999,KXHIGHNY-26AUG31,14.0,0.995,KXHIGHNY-26AUG31-B82.5,0.9493854575792,0.99,no,price_out_of_range,2026-08-31 19:00:00+00:00,0.010000000000000009,2026-08-31
bounded,nyc,skip,1.0,-0.0009980039920159944,KXHIGHNY-26AUG31,14.0,0.995,KXHIGHNY-26AUG31-B84.5,0.999001996007984,0.99,no,price_out_of_range,2026-08-31 19:00:00+00:00,0.010000000000000009,2026-08-31
lower_tail,nyc,skip,1.0,-0.2696361662639639,KXHIGHNY-26AUG31,14.0,0.995,KXHIGHNY-26AUG31-T78,0.7303638337360361,0.99,no,price_out_of_range,2026-08-31 19:00:00+00:00,0.010000000000000009,2026-08-31
upper_tail,nyc,skip,1.0,-0.0009980039920159944,KXHIGHNY-26AUG31,14.0,0.995,KXHIGHNY-26AUG31-T85,0.999001996007984,0.99,no,price_out_of_range,2026-08-31 19:00:00+00:00,0.010000000000000009,2026-08-31
bounded,okc,skip,0.85,-0.21435748359005669,KXHIGHTOKC-26AUG31,13.0,0.675,KXHIGHTOKC-26AUG31-B100.5,0.6356425164099433,0.5,no,spread_too_wide,2026-08-31 19:00:00+00:00,0.35,2026-08-31
bounded,okc,skip,0.64,-0.22318920417200916,KXHIGHTOKC-26AUG31,13.0,0.495,KXHIGHTOKC-26AUG31-B102.5,0.41681079582799085,0.35,no,spread_too_wide,2026-08-31 19:00:00+00:00,0.29000000000000004,2026-08-31
bounded,okc,skip,0.97,-0.019462285318691985,KXHIGHTOKC-26AUG31,13.0,0.96,KXHIGHTOKC-26AUG31-B104.5,0.950537714681308,0.95,no,price_out_of_range,2026-08-31 19:00:00+00:00,0.020000000000000018,2026-08-31
bounded,okc,skip,1.0,-0.0009970089730807485,KXHIGHTOKC-26AUG31,13.0,0.995,KXHIGHTOKC-26AUG31-B98.5,0.9990029910269193,0.99,no,price_out_of_range,2026-08-31 19:00:00+00:00,0.010000000000000009,2026-08-31
upper_tail,okc,skip,1.0,-0.0009970089730807485,KXHIGHTOKC-26AUG31,13.0,0.995,KXHIGHTOKC-26AUG31-T105,0.9990029910269193,0.99,no,price_out_of_range,2026-08-31 19:00:00+00:00,0.010000000000000009,2026-08-31
lower_tail,okc,skip,1.0,-0.0009970089730807485,KXHIGHTOKC-26AUG31,13.0,0.995,KXHIGHTOKC-26AUG31-T98,0.9990029910269193,0.99,no,price_out_of_range,2026-08-31 19:00:00+00:00,0.010000000000000009,2026-08-31
bounded,aus,skip,0.84,0.008261959739775393,KXHIGHAUS-26AUG31,,0.8200000000000001,KXHIGHAUS-26AUG31-B101.5,0.8482619597397754,0.8,no,price_out_of_range,2026-08-31 20:00:00+00:00,0.039999999999999925,2026-08-31
bounded,aus,skip,0.99,0.00900299102691926,KXHIGHAUS-26AUG31,,0.985,KXHIGHAUS-26AUG31-B103.5,0.9990029910269193,0.98,no,price_out_of_range,2026-08-31 20:00:00+00:00,0.010000000000000009,2026-08-31
bounded,aus,skip,1.0,-0.15171448305625312,KXHIGHAUS-26AUG31,,0.995,KXHIGHAUS-26AUG31-B97.5,0.8482855169437469,0.99,no,price_out_of_range,2026-08-31 20:00:00+00:00,0.010000000000000009,2026-08-31
bounded,aus,skip,0.19,0.1164435502357199,KXHIGHAUS-26AUG31,,0.18,KXHIGHAUS-26AUG31-B99.5,0.3064435502357199,0.17,no,price_out_of_range,2026-08-31 20:00:00+00:00,0.01999999999999999,2026-08-31
upper_tail,aus,skip,1.0,-0.0009970089730807485,KXHIGHAUS-26AUG31,,0.995,KXHIGHAUS-26AUG31-T104,0.9990029910269193,0.99,no,price_out_of_range,2026-08-31 20:00:00+00:00,0.010000000000000009,2026-08-31
lower_tail,aus,skip,1.0,-0.0009970089730807485,KXHIGHAUS-26AUG31,,0.995,KXHIGHAUS-26AUG31-T97,0.9990029910269193,0.99,no,price_out_of_range,2026-08-31 20:00:00+00:00,0.010000000000000009,2026-08-31
bounded,den,skip,0.98,0.019001996007984023,KXHIGHDEN-26AUG31,,0.97,KXHIGHDEN-26AUG31-B80.5,0.999001996007984,0.96,no,price_out_of_range,2026-08-31 20:00:00+00:00,0.020000000000000018,2026-08-31
bounded,den,skip,0.67,0.2949657415166954,KXHIGHDEN-26AUG31,,0.645,KXHIGHDEN-26AUG31-B82.5,0.9649657415166955,0.62,no,price_out_of_range,2026-08-31 20:00:00+00:00,0.050000000000000044,2026-08-31
bounded,den,buy,0.6,0.12894125175476245,KXHIGHDEN-26AUG31,,0.565,KXHIGHDEN-26AUG31-B84.5,0.7289412517547624,0.53,no,,2026-08-31 20:00:00+00:00,0.06999999999999995,2026-08-31
bounded,den,skip,0.84,-0.34531037738946735,KXHIGHDEN-26AUG31,,0.815,KXHIGHDEN-26AUG31-B86.5,0.4946896226105326,0.79,no,price_out_of_range,2026-08-31 20:00:00+00:00,0.04999999999999993,2026-08-31
lower_tail,den,skip,1.0,-0.0009980039920159944,KXHIGHDEN-26AUG31,,0.995,KXHIGHDEN-26AUG31-T80,0.999001996007984,0.99,no,price_out_of_range,2026-08-31 20:00:00+00:00,0.010000000000000009,2026-08-31
upper_tail,den,skip,0.98,-0.1666006078979585,KXHIGHDEN-26AUG31,,0.97,KXHIGHDEN-26AUG31-T87,0.8133993921020415,0.96,no,price_out_of_range,2026-08-31 20:00:00+00:00,0.020000000000000018,2026-08-31
bounded,la,skip,1.0,-0.0009960159362549792,KXHIGHLAX-26AUG31,,0.995,KXHIGHLAX-26AUG31-B72.5,0.999003984063745,0.99,no,price_out_of_range,2026-08-31 20:00:00+00:00,0.010000000000000009,2026-08-31
bounded,la,skip,1.0,-0.0009960159362549792,KXHIGHLAX-26AUG31,,0.995,KXHIGHLAX-26AUG31-B74.5,0.999003984063745,0.99,no,price_out_of_range,2026-08-31 20:00:00+00:00,0.010000000000000009,2026-08-31
bounded,la,skip,1.0,-0.0009960159362549792,KXHIGHLAX-26AUG31,,0.995,KXHIGHLAX-26AUG31-B76.5,0.999003984063745,0.99,no,price_out_of_range,2026-08-31 20:00:00+00:00,0.010000000000000009,2026-08-31
bounded,la,skip,0.18,0.225275678733536,KXHIGHLAX-26AUG31,,0.175,KXHIGHLAX-26AUG31-B78.5,0.405275678733536,0.17,no,price_out_of_range,2026-08-31 20:00:00+00:00,0.009999999999999981,2026-08-31
lower_tail,la,skip,1.0,-0.0009960159362549792,KXHIGHLAX-26AUG31,,0.995,KXHIGHLAX-26AUG31-T72,0.999003984063745,0.99,no,price_out_of_range,2026-08-31 20:00:00+00:00,0.010000000000000009,2026-08-31
upper_tail,la,skip,0.85,-0.25129161498851593,KXHIGHLAX-26AUG31,,0.84,KXHIGHLAX-26AUG31-T79,0.598708385011484,0.83,no,price_out_of_range,2026-08-31 20:00:00+00:00,0.020000000000000018,2026-08-31
bounded,mia,skip,1.0,-0.0009970089730807485,KXHIGHMIA-26AUG31,,0.995,KXHIGHMIA-26AUG31-B87.5,0.9990029910269193,0.99,no,price_out_of_range,2026-08-31 20:00:00+00:00,0.010000000000000009,2026-08-31
bounded,mia,skip,1.0,-0.13281950781140028,KXHIGHMIA-26AUG31,,0.995,KXHIGHMIA-26AUG31-B89.5,0.8671804921885997,0.99,no,price_out_of_range,2026-08-31 20:00:00+00:00,0.010000000000000009,2026-08-31
bounded,mia,skip,0.04,0.24152758122064102,KXHIGHMIA-26AUG31,,0.03,KXHIGHMIA-26AUG31-B91.5,0.28152758122064103,0.02,no,price_out_of_range,2026-08-31 20:00:00+00:00,0.02,2026-08-31
bounded,mia,skip,0.97,-0.1157170464899987,KXHIGHMIA-26AUG31,,0.965,KXHIGHMIA-26AUG31-B93.5,0.8542829535100013,0.96,no,price_out_of_range,2026-08-31 20:00:00+00:00,0.010000000000000009,2026-08-31
lower_tail,mia,skip,1.0,-0.0009970089730807485,KXHIGHMIA-26AUG31,,0.995,KXHIGHMIA-26AUG31-T87,0.9990029910269193,0.99,no,price_out_of_range,2026-08-31 20:00:00+00:00,0.010000000000000009,2026-08-31
upper_tail,mia,skip,1.0,-0.0009970089730807485,KXHIGHMIA-26AUG31,,0.995,KXHIGHMIA-26AUG31-T94,0.9990029910269193,0.99,no,price_out_of_range,2026-08-31 20:00:00+00:00,0.010000000000000009,2026-08-31
bounded,nyc,skip,0.02,0.5004768995054476,KXHIGHNY-26AUG31,15.0,0.015,KXHIGHNY-26AUG31-B78.5,0.5204768995054476,0.01,no,price_out_of_range,2026-08-31 20:00:00+00:00,0.01,2026-08-31
bounded,nyc,skip,0.99,-0.19458301778465958,KXHIGHNY-26AUG31,15.0,0.985,KXHIGHNY-26AUG31-B80.5,0.7954169822153404,0.98,no,price_out_of_range,2026-08-31 20:00:00+00:00,0.010000000000000009,2026-08-31
bounded,nyc,skip,1.0,-0.04426170747279223,KXHIGHNY-26AUG31,15.0,0.995,KXHIGHNY-26AUG31-B82.5,0.9557382925272078,0.99,no,price_out_of_range,2026-08-31 20:00:00+00:00,0.010000000000000009,2026-08-31
bounded,nyc,skip,1.0,-0.0009980039920159944,KXHIGHNY-26AUG31,15.0,0.995,KXHIGHNY-26AUG31-B84.5,0.999001996007984,0.99,no,price_out_of_range,2026-08-31 20:00:00+00:00,0.010000000000000009,2026-08-31
lower_tail,nyc,skip,1.0,-0.2696361662639639,KXHIGHNY-26AUG31,15.0,0.995,KXHIGHNY-26AUG31-T78,0.7303638337360361,0.99,no,price_out_of_range,2026-08-31 20:00:00+00:00,0.010000000000000009,2026-08-31
upper_tail,nyc,skip,1.0,-0.0009980039920159944,KXHIGHNY-26AUG31,15.0,0.995,KXHIGHNY-26AUG31-T85,0.999001996007984,0.99,no,price_out_of_range,2026-08-31 20:00:00+00:00,0.010000000000000009,2026-08-31
bounded,okc,skip,0.45,0.04056655087059807,KXHIGHTOKC-26AUG31,14.0,0.44,KXHIGHTOKC-26AUG31-B100.5,0.4905665508705981,0.43,no,price_out_of_range,2026-08-31 20:00:00+00:00,0.020000000000000018,2026-08-31
bounded,okc,skip,0.57,-0.026494705837182497,KXHIGHTOKC-26AUG31,14.0,0.56,KXHIGHTOKC-26AUG31-B102.5,0.5435052941628175,0.55,no,ev_below_threshold,2026-08-31 20:00:00+00:00,0.019999999999999907,2026-08-31
bounded,okc,skip,0.97,-0.0010808181141733764,KXHIGHTOKC-26AUG31,14.0,0.955,KXHIGHTOKC-26AUG31-B104.5,0.9689191818858266,0.94,no,price_out_of_range,2026-08-31 20:00:00+00:00,0.030000000000000027,2026-08-31
bounded,okc,skip,1.0,-0.0009970089730807485,KXHIGHTOKC-26AUG31,14.0,0.995,KXHIGHTOKC-26AUG31-B98.5,0.9990029910269193,0.99,no,price_out_of_range,2026-08-31 20:00:00+00:00,0.010000000000000009,2026-08-31
upper_tail,okc,skip,1.0,-0.0009970089730807485,KXHIGHTOKC-26AUG31,14.0,0.995,KXHIGHTOKC-26AUG31-T105,0.9990029910269193,0.99,no,price_out_of_range,2026-08-31 20:00:00+00:00,0.010000000000000009,2026-08-31
lower_tail,okc,skip,1.0,-0.0009970089730807485,KXHIGHTOKC-26AUG31,14.0,0.995,KXHIGHTOKC-26AUG31-T98,0.9990029910269193,0.99,no,price_out_of_range,2026-08-31 20:00:00+00:00,0.010000000000000009,2026-08-31
bounded,aus,skip,0.49,0.3953301841814716,KXHIGHAUS-26AUG31,,0.45499999999999996,KXHIGHAUS-26AUG31-B101.5,0.8853301841814716,0.42,no,price_out_of_range,2026-08-31 21:00:00+00:00,0.07,2026-08-31
bounded,aus,skip,1.0,-0.0009970089730807485,KXHIGHAUS-26AUG31,,0.995,KXHIGHAUS-26AUG31-B103.5,0.9990029910269193,0.99,no,price_out_of_range,2026-08-31 21:00:00+00:00,0.010000000000000009,2026-08-31
bounded,aus,skip,1.0,-0.18878270749794934,KXHIGHAUS-26AUG31,,0.995,KXHIGHAUS-26AUG31-B97.5,0.8112172925020507,0.99,no,price_out_of_range,2026-08-31 21:00:00+00:00,0.010000000000000009,2026-08-31
bounded,aus,skip,0.49,-0.18355644976427987,KXHIGHAUS-26AUG31,,0.485,KXHIGHAUS-26AUG31-B99.5,0.3064435502357201,0.48,no,price_out_of_range,2026-08-31 21:00:00+00:00,0.010000000000000009,2026-08-31
upper_tail,aus,skip,1.0,-0.0009970089730807485,KXHIGHAUS-26AUG31,,0.995,KXHIGHAUS-26AUG31-T104,0.9990029910269193,0.99,no,price_out_of_range,2026-08-31 21:00:00+00:00,0.010000000000000009,2026-08-31
lower_tail,aus,skip,1.0,-0.0009970089730807485,KXHIGHAUS-26AUG31,,0.995,KXHIGHAUS-26AUG31-T97,0.9990029910269193,0.99,no,price_out_of_range,2026-08-31 21:00:00+00:00,0.010000000000000009,2026-08-31
bounded,den,skip,1.0,-0.0009980039920159944,KXHIGHDEN-26AUG31,,0.995,KXHIGHDEN-26AUG31-B80.5,0.999001996007984,0.99,no,price_out_of_range,2026-08-31 21:00:00+00:00,0.010000000000000009,2026-08-31
bounded,den,skip,1.0,-0.026197493088505497,KXHIGHDEN-26AUG31,,0.995,KXHIGHDEN-26AUG31-B82.5,0.9738025069114945,0.99,no,price_out_of_range,2026-08-31 21:00:00+00:00,0.010000000000000009,2026-08-31
bounded,den,skip,0.46,0.2532057978512467,KXHIGHDEN-26AUG31,,0.42000000000000004,KXHIGHDEN-26AUG31-B84.5,0.7132057978512467,0.38,no,price_out_of_range,2026-08-31 21:00:00+00:00,0.08000000000000002,2026-08-31
bounded,den,skip,0.6,-0.1554061254181509,KXHIGHDEN-26AUG31,,0.595,KXHIGHDEN-26AUG31-B86.5,0.44459387458184907,0.59,no,ev_below_threshold,2026-08-31 21:00:00+00:00,0.010000000000000009,2026-08-31
lower_tail,den,skip,1.0,-0.0009980039920159944,KXHIGHDEN-26AUG31,,0.995,KXHIGHDEN-26AUG31-T80,0.999001996007984,0.99,no,price_out_of_range,2026-08-31 21:00:00+00:00,0.010000000000000009,2026-08-31
upper_tail,den,skip,0.98,-0.10960617136055839,KXHIGHDEN-26AUG31,,0.975,KXHIGHDEN-26AUG31-T87,0.8703938286394416,0.97,no,price_out_of_range,2026-08-31 21:00:00+00:00,0.010000000000000009,2026-08-31
bounded,la,skip,1.0,-0.0009960159362549792,KXHIGHLAX-26AUG31,,0.995,KXHIGHLAX-26AUG31-B72.5,0.999003984063745,0.99,no,price_out_of_range,2026-08-31 21:00:00+00:00,0.010000000000000009,2026-08-31
bounded,la,skip,1.0,-0.0009960159362549792,KXHIGHLAX-26AUG31,,0.995,KXHIGHLAX-26AUG31-B74.5,0.999003984063745,0.99,no,price_out_of_range,2026-08-31 21:00:00+00:00,0.010000000000000009,2026-08-31
bounded,la,skip,1.0,-0.0009960159362549792,KXHIGHLAX-26AUG31,,0.995,KXHIGHLAX-26AUG31-B76.5,0.999003984063745,0.99,no,price_out_of_range,2026-08-31 21:00:00+00:00,0.010000000000000009,2026-08-31
bounded,la,skip,0.09,0.3132555271256454,KXHIGHLAX-26AUG31,,0.08499999999999999,KXHIGHLAX-26AUG31-B78.5,0.4032555271256454,0.08,no,price_out_of_range,2026-08-31 21:00:00+00:00,0.009999999999999995,2026-08-31
lower_tail,la,skip,1.0,-0.0009960159362549792,KXHIGHLAX-26AUG31,,0.995,KXHIGHLAX-26AUG31-T72,0.999003984063745,0.99,no,price_out_of_range,2026-08-31 21:00:00+00:00,0.010000000000000009,2026-08-31
upper_tail,la,skip,0.93,-0.3292714633806254,KXHIGHLAX-26AUG31,,0.925,KXHIGHLAX-26AUG31-T79,0.6007285366193746,0.92,no,price_out_of_range,2026-08-31 21:00:00+00:00,0.010000000000000009,2026-08-31
bounded,mia,skip,1.0,-0.0009970089730807485,KXHIGHMIA-26AUG31,,0.995,KXHIGHMIA-26AUG31-B87.5,0.9990029910269193,0.99,no,price_out_of_range,2026-08-31 21:00:00+00:00,0.010000000000000009,2026-08-31
bounded,mia,skip,1.0,-0.1723358827219158,KXHIGHMIA-26AUG31,,0.995,KXHIGHMIA-26AUG31-B89.5,0.8276641172780842,0.99,no,price_out_of_range,2026-08-31 21:00:00+00:00,0.010000000000000009,2026-08-31
bounded,mia,skip,0.01,0.2759214924715052,KXHIGHMIA-26AUG31,,0.005,KXHIGHMIA-26AUG31-B91.5,0.2859214924715052,0.0,no,price_out_of_range,2026-08-31 21:00:00+00:00,0.01,2026-08-31
bounded,mia,skip,1.0,-0.11059458283034718,KXHIGHMIA-26AUG31,,0.99,KXHIGHMIA-26AUG31-B93.5,0.8894054171696528,0.98,no,price_out_of_range,2026-08-31 21:00:00+00:00,0.020000000000000018,2026-08-31
lower_tail,mia,skip,1.0,-0.0009970089730807485,KXHIGHMIA-26AUG31,,0.995,KXHIGHMIA-26AUG31-T87,0.9990029910269193,0.99,no,price_out_of_range,2026-08-31 21:00:00+00:00,0.010000000000000009,2026-08-31
upper_tail,mia,skip,1.0,-0.0009970089730807485,KXHIGHMIA-26AUG31,,0.995,KXHIGHMIA-26AUG31-T94,0.9990029910269193,0.99,no,price_out_of_range,2026-08-31 21:00:00+00:00,0.010000000000000009,2026-08-31
bounded,nyc,skip,0.01,0.5042961678560494,KXHIGHNY-26AUG31,16.0,0.005,KXHIGHNY-26AUG31-B78.5,0.5142961678560494,0.0,no,price_out_of_range,2026-08-31 21:00:00+00:00,0.01,2026-08-31
bounded,nyc,skip,1.0,-0.20278425746301731,KXHIGHNY-26AUG31,16.0,0.995,KXHIGHNY-26AUG31-B80.5,0.7972157425369827,0.99,no,price_out_of_range,2026-08-31 21:00:00+00:00,0.010000000000000009,2026-08-31
bounded,nyc,skip,1.0,-0.03987973614503626,KXHIGHNY-26AUG31,16.0,0.995,KXHIGHNY-26AUG31-B82.5,0.9601202638549637,0.99,no,price_out_of_range,2026-08-31 21:00:00+00:00,0.010000000000000009,2026-08-31
bounded,nyc,skip,1.0,-0.0009980039920159944,KXHIGHNY-26AUG31,16.0,0.995,KXHIGHNY-26AUG31-B84.5,0.999001996007984,0.99,no,price_out_of_range,2026-08-31 21:00:00+00:00,0.010000000000000009,2026-08-31
lower_tail,nyc,skip,1.0,-0.2696361662639639,KXHIGHNY-26AUG31,16.0,0.995,KXHIGHNY-26AUG31-T78,0.7303638337360361,0.99,no,price_out_of_range,2026-08-31 21:00:00+00:00,0.010000000000000009,2026-08-31
upper_tail,nyc,skip,1.0,-0.0009980039920159944,KXHIGHNY-26AUG31,16.0,0.995,KXHIGHNY-26AUG31-T85,0.999001996007984,0.99,no,price_out_of_range,2026-08-31 21:00:00+00:00,0.010000000000000009,2026-08-31
bounded,okc,skip,0.64,-0.2842825598853388,KXHIGHTOKC-26AUG31,15.0,0.45,KXHIGHTOKC-26AUG31-B100.5,0.3557174401146612,0.26,no,spread_too_wide,2026-08-31 21:00:00+00:00,0.38,2026-08-31
bounded,okc,skip,0.69,-0.03134077847115935,KXHIGHTOKC-26AUG31,15.0,0.6499999999999999,KXHIGHTOKC-26AUG31-B102.5,0.6586592215288406,0.61,no,price_out_of_range,2026-08-31 21:00:00+00:00,0.07999999999999996,2026-08-31
bounded,okc,skip,0.98,0.008614365275740332,KXHIGHTOKC-26AUG31,15.0,0.975,KXHIGHTOKC-26AUG31-B104.5,0.9886143652757403,0.97,no,price_out_of_range,2026-08-31 21:00:00+00:00,0.010000000000000009,2026-08-31
bounded,okc,skip,1.0,-0.0009970089730807485,KXHIGHTOKC-26AUG31,15.0,0.995,KXHIGHTOKC-26AUG31-B98.5,0.9990029910269193,0.99,no,price_out_of_range,2026-08-31 21:00:00+00:00,0.010000000000000009,2026-08-31
upper_tail,okc,skip,1.0,-0.0009970089730807485,KXHIGHTOKC-26AUG31,15.0,0.995,KXHIGHTOKC-26AUG31-T105,0.9990029910269193,0.99,no,price_out_of_range,2026-08-31 21:00:00+00:00,0.010000000000000009,2026-08-31
lower_tail,okc,skip,1.0,-0.0009970089730807485,KXHIGHTOKC-26AUG31,15.0,0.995,KXHIGHTOKC-26AUG31-T98,0.9990029910269193,0.99,no,price_out_of_range,2026-08-31 21:00:00+00:00,0.010000000000000009,2026-08-31
bounded,aus,skip,0.43,0.0153940974326911,KXHIGHAUS-26AUG31,,0.395,KXHIGHAUS-26AUG31-B101.5,0.4453940974326911,0.36,no,price_out_of_range,2026-08-31 22:00:00+00:00,0.07,2026-08-31
bounded,aus,skip,1.0,-0.0437720107051377,KXHIGHAUS-26AUG31,,0.995,KXHIGHAUS-26AUG31-B103.5,0.9562279892948623,0.99,no,price_out_of_range,2026-08-31 22:00:00+00:00,0.010000000000000009,2026-08-31
bounded,aus,skip,1.0,-0.0009970089730807485,KXHIGHAUS-26AUG31,,0.995,KXHIGHAUS-26AUG31-B97.5,0.9990029910269193,0.99,no,price_out_of_range,2026-08-31 22:00:00+00:00,0.010000000000000009,2026-08-31
bounded,aus,skip,0.65,-0.04863105980831106,KXHIGHAUS-26AUG31,,0.615,KXHIGHAUS-26AUG31-B99.5,0.601368940191689,0.58,no,ev_below_threshold,2026-08-31 22:00:00+00:00,0.07000000000000006,2026-08-31
upper_tail,aus,skip,1.0,-0.0009970089730807485,KXHIGHAUS-26AUG31,,0.995,KXHIGHAUS-26AUG31-T104,0.9990029910269193,0.99,no,price_out_of_range,2026-08-31 22:00:00+00:00,0.010000000000000009,2026-08-31
lower_tail,aus,skip,1.0,-0.0009970089730807485,KXHIGHAUS-26AUG31,,0.995,KXHIGHAUS-26AUG31-T97,0.9990029910269193,0.99,no,price_out_of_range,2026-08-31 22:00:00+00:00,0.010000000000000009,2026-08-31
bounded,den,skip,1.0,-0.0009980039920159944,KXHIGHDEN-26AUG31,,0.995,KXHIGHDEN-26AUG31-B80.5,0.999001996007984,0.99,no,price_out_of_range,2026-08-31 22:00:00+00:00,0.010000000000000009,2026-08-31
bounded,den,skip,1.0,-0.027195004024225033,KXHIGHDEN-26AUG31,,0.995,KXHIGHDEN-26AUG31-B82.5,0.972804995975775,0.99,no,price_out_of_range,2026-08-31 22:00:00+00:00,0.010000000000000009,2026-08-31
bounded,den,skip,0.42,0.06070162811530749,KXHIGHDEN-26AUG31,,0.395,KXHIGHDEN-26AUG31-B84.5,0.4807016281153075,0.37,no,price_out_of_range,2026-08-31 22:00:00+00:00,0.04999999999999999,2026-08-31
bounded,den,skip,0.73,-0.13814014019030185,KXHIGHDEN-26AUG31,,0.69,KXHIGHDEN-26AUG31-B86.5,0.5918598598096981,0.65,no,price_out_of_range,2026-08-31 22:00:00+00:00,0.07999999999999996,2026-08-31
lower_tail,den,skip,1.0,-0.0009980039920159944,KXHIGHDEN-26AUG31,,0.995,KXHIGHDEN-26AUG31-T80,0.999001996007984,0.99,no,price_out_of_range,2026-08-31 22:00:00+00:00,0.010000000000000009,2026-08-31
upper_tail,den,skip,1.0,-0.043370475916748585,KXHIGHDEN-26AUG31,,0.99,KXHIGHDEN-26AUG31-T87,0.9566295240832514,0.98,no,price_out_of_range,2026-08-31 22:00:00+00:00,0.020000000000000018,2026-08-31
bounded,la,skip,1.0,-0.0009960159362549792,KXHIGHLAX-26AUG31,,0.995,KXHIGHLAX-26AUG31-B72.5,0.999003984063745,0.99,no,price_out_of_range,2026-08-31 22:00:00+00:00,0.010000000000000009,2026-08-31
bounded,la,skip,1.0,-0.0009960159362549792,KXHIGHLAX-26AUG31,,0.995,KXHIGHLAX-26AUG31-B74.5,0.999003984063745,0.99,no,price_out_of_range,2026-08-31 22:00:00+00:00,0.010000000000000009,2026-08-31
bounded,la,skip,1.0,-0.0009960159362549792,KXHIGHLAX-26AUG31,,0.995,KXHIGHLAX-26AUG31-B76.5,0.999003984063745,0.99,no,price_out_of_range,2026-08-31 22:00:00+00:00,0.010000000000000009,2026-08-31
bounded,la,skip,0.08,0.2952858788500757,KXHIGHLAX-26AUG31,,0.07,KXHIGHLAX-26AUG31-B78.5,0.3752858788500757,0.06,no,price_out_of_range,2026-08-31 22:00:00+00:00,0.020000000000000004,2026-08-31
lower_tail,la,skip,1.0,-0.0009960159362549792,KXHIGHLAX-26AUG31,,0.995,KXHIGHLAX-26AUG31-T72,0.999003984063745,0.99,no,price_out_of_range,2026-08-31 22:00:00+00:00,0.010000000000000009,2026-08-31
upper_tail,la,skip,0.94,-0.3113018151050557,KXHIGHLAX-26AUG31,,0.925,KXHIGHLAX-26AUG31-T79,0.6286981848949442,0.91,no,price_out_of_range,2026-08-31 22:00:00+00:00,0.029999999999999916,2026-08-31
bounded,mia,skip,1.0,-0.0009970089730807485,KXHIGHMIA-26AUG31,,0.995,KXHIGHMIA-26AUG31-B87.5,0.9990029910269193,0.99,no,price_out_of_range,2026-08-31 22:00:00+00:00,0.010000000000000009,2026-08-31
bounded,mia,skip,1.0,-0.21560045220434243,KXHIGHMIA-26AUG31,,0.995,KXHIGHMIA-26AUG31-B89.5,0.7843995477956576,0.99,no,price_out_of_range,2026-08-31 22:00:00+00:00,0.010000000000000009,2026-08-31
bounded,mia,skip,0.02,0.2950611731558396,KXHIGHMIA-26AUG31,,0.01,KXHIGHMIA-26AUG31-B91.5,0.3150611731558396,0.0,no,price_out_of_range,2026-08-31 22:00:00+00:00,0.02,2026-08-31
bounded,mia,skip,1.0,-0.09646969403225503,KXHIGHMIA-26AUG31,,0.995,KXHIGHMIA-26AUG31-B93.5,0.903530305967745,0.99,no,price_out_of_range,2026-08-31 22:00:00+00:00,0.010000000000000009,2026-08-31
lower_tail,mia,skip,1.0,-0.0009970089730807485,KXHIGHMIA-26AUG31,,0.995,KXHIGHMIA-26AUG31-T87,0.9990029910269193,0.99,no,price_out_of_range,2026-08-31 22:00:00+00:00,0.010000000000000009,2026-08-31
upper_tail,mia,skip,1.0,-0.0009970089730807485,KXHIGHMIA-26AUG31,,0.995,KXHIGHMIA-26AUG31-T94,0.9990029910269193,0.99,no,price_out_of_range,2026-08-31 22:00:00+00:00,0.010000000000000009,2026-08-31
bounded,nyc,skip,0.01,0.5021435981180342,KXHIGHNY-26AUG31,17.0,0.005,KXHIGHNY-26AUG31-B78.5,0.5121435981180342,0.0,no,price_out_of_range,2026-08-31 22:00:00+00:00,0.01,2026-08-31
bounded,nyc,skip,1.0,-0.20214513474070028,KXHIGHNY-26AUG31,17.0,0.995,KXHIGHNY-26AUG31-B80.5,0.7978548652592997,0.99,no,price_out_of_range,2026-08-31 22:00:00+00:00,0.010000000000000009,2026-08-31
bounded,nyc,skip,1.0,-0.03836628912933815,KXHIGHNY-26AUG31,17.0,0.995,KXHIGHNY-26AUG31-B82.5,0.9616337108706619,0.99,no,price_out_of_range,2026-08-31 22:00:00+00:00,0.010000000000000009,2026-08-31
bounded,nyc,skip,1.0,-0.0009980039920159944,KXHIGHNY-26AUG31,17.0,0.995,KXHIGHNY-26AUG31-B84.5,0.999001996007984,0.99,no,price_out_of_range,2026-08-31 22:00:00+00:00,0.010000000000000009,2026-08-31
lower_tail,nyc,skip,1.0,-0.2696361662639639,KXHIGHNY-26AUG31,17.0,0.995,KXHIGHNY-26AUG31-T78,0.7303638337360361,0.99,no,price_out_of_range,2026-08-31 22:00:00+00:00,0.010000000000000009,2026-08-31
upper_tail,nyc,skip,1.0,-0.0009980039920159944,KXHIGHNY-26AUG31,17.0,0.995,KXHIGHNY-26AUG31-T85,0.999001996007984,0.99,no,price_out_of_range,2026-08-31 22:00:00+00:00,0.010000000000000009,2026-08-31
bounded,okc,skip,0.13,0.1246783039992998,KXHIGHTOKC-26AUG31,16.0,0.12,KXHIGHTOKC-26AUG31-B100.5,0.2546783039992998,0.11,no,price_out_of_range,2026-08-31 22:00:00+00:00,0.020000000000000004,2026-08-31
bounded,okc,skip,0.9,-0.1506942402542799,KXHIGHTOKC-26AUG31,16.0,0.875,KXHIGHTOKC-26AUG31-B102.5,0.7493057597457201,0.85,no,price_out_of_range,2026-08-31 22:00:00+00:00,0.050000000000000044,2026-08-31
bounded,okc,skip,1.0,-0.0009960159362549792,KXHIGHTOKC-26AUG31,16.0,0.98,KXHIGHTOKC-26AUG31-B104.5,0.999003984063745,0.96,no,price_out_of_range,2026-08-31 22:00:00+00:00,0.040000000000000036,2026-08-31
bounded,okc,skip,1.0,-0.0009960159362549792,KXHIGHTOKC-26AUG31,16.0,0.995,KXHIGHTOKC-26AUG31-B98.5,0.999003984063745,0.99,no,price_out_of_range,2026-08-31 22:00:00+00:00,0.010000000000000009,2026-08-31
upper_tail,okc,skip,1.0,-0.0009960159362549792,KXHIGHTOKC-26AUG31,16.0,0.995,KXHIGHTOKC-26AUG31-T105,0.999003984063745,0.99,no,price_out_of_range,2026-08-31 22:00:00+00:00,0.010000000000000009,2026-08-31
lower_tail,okc,skip,1.0,-0.0009960159362549792,KXHIGHTOKC-26AUG31,16.0,0.995,KXHIGHTOKC-26AUG31-T98,0.999003984063745,0.99,no,price_out_of_range,2026-08-31 22:00:00+00:00,0.010000000000000009,2026-08-31
bounded,aus,skip,0.01,0.4941269895173437,KXHIGHAUS-26AUG31,,0.005,KXHIGHAUS-26AUG31-B101.5,0.5041269895173437,0.0,no,price_out_of_range,2026-08-31 23:00:00+00:00,0.01,2026-08-31
bounded,aus,skip,1.0,-0.034621301212521716,KXHIGHAUS-26AUG31,,0.995,KXHIGHAUS-26AUG31-B103.5,0.9653786987874783,0.99,no,price_out_of_range,2026-08-31 23:00:00+00:00,0.010000000000000009,2026-08-31
bounded,aus,skip,1.0,-0.0009970089730807485,KXHIGHAUS-26AUG31,,0.995,KXHIGHAUS-26AUG31-B97.5,0.9990029910269193,0.99,no,price_out_of_range,2026-08-31 23:00:00+00:00,0.010000000000000009,2026-08-31
bounded,aus,skip,1.0,-0.46651466138557973,KXHIGHAUS-26AUG31,,0.995,KXHIGHAUS-26AUG31-B99.5,0.5334853386144203,0.99,no,price_out_of_range,2026-08-31 23:00:00+00:00,0.010000000000000009,2026-08-31
upper_tail,aus,skip,1.0,-0.0009970089730807485,KXHIGHAUS-26AUG31,,0.995,KXHIGHAUS-26AUG31-T104,0.9990029910269193,0.99,no,price_out_of_range,2026-08-31 23:00:00+00:00,0.010000000000000009,2026-08-31
lower_tail,aus,skip,1.0,-0.0009970089730807485,KXHIGHAUS-26AUG31,,0.995,KXHIGHAUS-26AUG31-T97,0.9990029910269193,0.99,no,price_out_of_range,2026-08-31 23:00:00+00:00,0.010000000000000009,2026-08-31
bounded,den,skip,1.0,-0.0009980039920159944,KXHIGHDEN-26AUG31,,0.995,KXHIGHDEN-26AUG31-B80.5,0.999001996007984,0.99,no,price_out_of_range,2026-08-31 23:00:00+00:00,0.010000000000000009,2026-08-31
bounded,den,skip,1.0,-0.017985033584361654,KXHIGHDEN-26AUG31,,0.995,KXHIGHDEN-26AUG31-B82.5,0.9820149664156383,0.99,no,price_out_of_range,2026-08-31 23:00:00+00:00,0.010000000000000009,2026-08-31
bounded,den,skip,1.0,-0.46820869434618584,KXHIGHDEN-26AUG31,,0.995,KXHIGHDEN-26AUG31-B84.5,0.5317913056538142,0.99,no,price_out_of_range,2026-08-31 23:00:00+00:00,0.010000000000000009,2026-08-31
bounded,den,skip,0.01,0.5360372967177078,KXHIGHDEN-26AUG31,,0.005,KXHIGHDEN-26AUG31-B86.5,0.5460372967177078,0.0,no,price_out_of_range,2026-08-31 23:00:00+00:00,0.01,2026-08-31
lower_tail,den,skip,1.0,-0.0009980039920159944,KXHIGHDEN-26AUG31,,0.995,KXHIGHDEN-26AUG31-T80,0.999001996007984,0.99,no,price_out_of_range,2026-08-31 23:00:00+00:00,0.010000000000000009,2026-08-31
upper_tail,den,skip,1.0,-0.05784756080312847,KXHIGHDEN-26AUG31,,0.99,KXHIGHDEN-26AUG31-T87,0.9421524391968715,0.98,no,price_out_of_range,2026-08-31 23:00:00+00:00,0.020000000000000018,2026-08-31
bounded,la,skip,1.0,-0.0009960159362549792,KXHIGHLAX-26AUG31,,0.995,KXHIGHLAX-26AUG31-B72.5,0.999003984063745,0.99,no,price_out_of_range,2026-08-31 23:00:00+00:00,0.010000000000000009,2026-08-31
bounded,la,skip,1.0,-0.0009960159362549792,KXHIGHLAX-26AUG31,,0.995,KXHIGHLAX-26AUG31-B74.5,0.999003984063745,0.99,no,price_out_of_range,2026-08-31 23:00:00+00:00,0.010000000000000009,2026-08-31
bounded,la,skip,1.0,-0.0009960159362549792,KXHIGHLAX-26AUG31,,0.995,KXHIGHLAX-26AUG31-B76.5,0.999003984063745,0.99,no,price_out_of_range,2026-08-31 23:00:00+00:00,0.010000000000000009,2026-08-31
bounded,la,skip,0.06,0.3078054577399138,KXHIGHLAX-26AUG31,,0.055,KXHIGHLAX-26AUG31-B78.5,0.3678054577399138,0.05,no,price_out_of_range,2026-08-31 23:00:00+00:00,0.009999999999999995,2026-08-31
lower_tail,la,skip,1.0,-0.0009960159362549792,KXHIGHLAX-26AUG31,,0.995,KXHIGHLAX-26AUG31-T72,0.999003984063745,0.99,no,price_out_of_range,2026-08-31 23:00:00+00:00,0.010000000000000009,2026-08-31
upper_tail,la,skip,0.96,-0.32382139399489374,KXHIGHLAX-26AUG31,,0.95,KXHIGHLAX-26AUG31-T79,0.6361786060051062,0.94,no,price_out_of_range,2026-08-31 23:00:00+00:00,0.020000000000000018,2026-08-31
bounded,mia,skip,1.0,-0.0009970089730807485,KXHIGHMIA-26AUG31,,0.995,KXHIGHMIA-26AUG31-B87.5,0.9990029910269193,0.99,no,price_out_of_range,2026-08-31 23:00:00+00:00,0.010000000000000009,2026-08-31
bounded,mia,skip,1.0,-0.22139477808600894,KXHIGHMIA-26AUG31,,0.995,KXHIGHMIA-26AUG31-B89.5,0.7786052219139911,0.99,no,price_out_of_range,2026-08-31 23:00:00+00:00,0.010000000000000009,2026-08-31
bounded,mia,skip,0.02,0.2987037769194657,KXHIGHMIA-26AUG31,,0.01,KXHIGHMIA-26AUG31-B91.5,0.3187037769194657,0.0,no,price_out_of_range,2026-08-31 23:00:00+00:00,0.02,2026-08-31
bounded,mia,skip,1.0,-0.09431797191421465,KXHIGHMIA-26AUG31,,0.995,KXHIGHMIA-26AUG31-B93.5,0.9056820280857854,0.99,no,price_out_of_range,2026-08-31 23:00:00+00:00,0.010000000000000009,2026-08-31
lower_tail,mia,skip,1.0,-0.0009970089730807485,KXHIGHMIA-26AUG31,,0.995,KXHIGHMIA-26AUG31-T87,0.9990029910269193,0.99,no,price_out_of_range,2026-08-31 23:00:00+00:00,0.010000000000000009,2026-08-31
upper_tail,mia,skip,1.0,-0.0009970089730807485,KXHIGHMIA-26AUG31,,0.995,KXHIGHMIA-26AUG31-T94,0.9990029910269193,0.99,no,price_out_of_range,2026-08-31 23:00:00+00:00,0.010000000000000009,2026-08-31
bounded,nyc,skip,0.01,0.3618794242198129,KXHIGHNY-26AUG31,18.0,0.005,KXHIGHNY-26AUG31-B78.5,0.3718794242198129,0.0,no,price_out_of_range,2026-08-31 23:00:00+00:00,0.01,2026-08-31
bounded,nyc,skip,1.0,-0.1028100210737598,KXHIGHNY-26AUG31,18.0,0.995,KXHIGHNY-26AUG31-B80.5,0.8971899789262402,0.99,no,price_out_of_range,2026-08-31 23:00:00+00:00,0.010000000000000009,2026-08-31
bounded,nyc,skip,1.0,-0.0009970089730807485,KXHIGHNY-26AUG31,18.0,0.995,KXHIGHNY-26AUG31-B82.5,0.9990029910269193,0.99,no,price_out_of_range,2026-08-31 23:00:00+00:00,0.010000000000000009,2026-08-31
bounded,nyc,skip,1.0,-0.0009970089730807485,KXHIGHNY-26AUG31,18.0,0.995,KXHIGHNY-26AUG31-B84.5,0.9990029910269193,0.99,no,price_out_of_range,2026-08-31 23:00:00+00:00,0.010000000000000009,2026-08-31
lower_tail,nyc,skip,1.0,-0.26607837622681085,KXHIGHNY-26AUG31,18.0,0.995,KXHIGHNY-26AUG31-T78,0.7339216237731891,0.99,no,price_out_of_range,2026-08-31 23:00:00+00:00,0.010000000000000009,2026-08-31
upper_tail,nyc,skip,1.0,-0.0009970089730807485,KXHIGHNY-26AUG31,18.0,0.995,KXHIGHNY-26AUG31-T85,0.9990029910269193,0.99,no,price_out_of_range,2026-08-31 23:00:00+00:00,0.010000000000000009,2026-08-31
bounded,okc,skip,0.02,0.19107549772923518,KXHIGHTOKC-26AUG31,17.0,0.01,KXHIGHTOKC-26AUG31-B100.5,0.21107549772923517,0.0,no,price_out_of_range,2026-08-31 23:00:00+00:00,0.02,2026-08-31
bounded,okc,skip,1.0,-0.20709143398421515,KXHIGHTOKC-26AUG31,17.0,0.99,KXHIGHTOKC-26AUG31-B102.5,0.7929085660157849,0.98,no,price_out_of_range,2026-08-31 23:00:00+00:00,0.020000000000000018,2026-08-31
bounded,okc,skip,1.0,-0.0009960159362549792,KXHIGHTOKC-26AUG31,17.0,0.995,KXHIGHTOKC-26AUG31-B104.5,0.999003984063745,0.99,no,price_out_of_range,2026-08-31 23:00:00+00:00,0.010000000000000009,2026-08-31
bounded,okc,skip,1.0,-0.0009960159362549792,KXHIGHTOKC-26AUG31,17.0,0.995,KXHIGHTOKC-26AUG31-B98.5,0.999003984063745,0.99,no,price_out_of_range,2026-08-31 23:00:00+00:00,0.010000000000000009,2026-08-31
upper_tail,okc,skip,1.0,-0.0009960159362549792,KXHIGHTOKC-26AUG31,17.0,0.995,KXHIGHTOKC-26AUG31-T105,0.999003984063745,0.99,no,price_out_of_range,2026-08-31 23:00:00+00:00,0.010000000000000009,2026-08-31
lower_tail,okc,skip,1.0,-0.0009960159362549792,KXHIGHTOKC-26AUG31,17.0,0.995,KXHIGHTOKC-26AUG31-T98,0.999003984063745,0.99,no,price_out_of_range,2026-08-31 23:00:00+00:00,0.010000000000000009,2026-08-31
