city,event_ticker,model_name,probabilities,snapshot_hour_utc
aus,KXHIGHAUS-26JUL15,neuralcaster_v2,"{'KXHIGHAUS-26JUL15-T82': 0.5322759412527803, 'KXHIGHAUS-26JUL15-B82.5': 0.39803559502879393, 'KXHIGHAUS-26JUL15-B84.5': 0.0666974367991836, 'KXHIGHAUS-26JUL15-B86.5': 0.0009970089730807579, 'KXHIGHAUS-26JUL15-B88.5': 0.0009970089730807579, 'KXHIGHAUS-26JUL15-T89': 0.0009970089730807579}",2026-07-15T06:00:00+00:00
aus,KXHIGHAUS-26JUL15,neuralcaster_v2,"{'KXHIGHAUS-26JUL15-T82': 0.5885579398782883, 'KXHIGHAUS-26JUL15-B82.5': 0.3606107817729935, 'KXHIGHAUS-26JUL15-B84.5': 0.04784025142947606, 'KXHIGHAUS-26JUL15-B86.5': 0.0009970089730807579, 'KXHIGHAUS-26JUL15-B88.5': 0.0009970089730807579, 'KXHIGHAUS-26JUL15-T89': 0.0009970089730807579}",2026-07-15T07:00:00+00:00
aus,KXHIGHAUS-26JUL15,neuralcaster_v2,"{'KXHIGHAUS-26JUL15-T82': 0.6173441401461167, 'KXHIGHAUS-26JUL15-B82.5': 0.33559998938216384, 'KXHIGHAUS-26JUL15-B84.5': 0.04406484355247726, 'KXHIGHAUS-26JUL15-B86.5': 0.0009970089730807579, 'KXHIGHAUS-26JUL15-B88.5': 0.0009970089730807579, 'KXHIGHAUS-26JUL15-T89': 0.0009970089730807579}",2026-07-15T08:00:00+00:00
aus,KXHIGHAUS-26JUL15,neuralcaster_v2,"{'KXHIGHAUS-26JUL15-T82': 0.6515282542140204, 'KXHIGHAUS-26JUL15-B82.5': 0.305729860617992, 'KXHIGHAUS-26JUL15-B84.5': 0.03975085824874545, 'KXHIGHAUS-26JUL15-B86.5': 0.0009970089730807579, 'KXHIGHAUS-26JUL15-B88.5': 0.0009970089730807579, 'KXHIGHAUS-26JUL15-T89': 0.0009970089730807579}",2026-07-15T09:00:00+00:00
aus,KXHIGHAUS-26JUL15,neuralcaster_v2,"{'KXHIGHAUS-26JUL15-T82': 0.6744808742057895, 'KXHIGHAUS-26JUL15-B82.5': 0.2857332302845912, 'KXHIGHAUS-26JUL15-B84.5': 0.03679486859037711, 'KXHIGHAUS-26JUL15-B86.5': 0.0009970089730807579, 'KXHIGHAUS-26JUL15-B88.5': 0.0009970089730807579, 'KXHIGHAUS-26JUL15-T89': 0.0009970089730807579}",2026-07-15T10:00:00+00:00
aus,KXHIGHAUS-26JUL15,neuralcaster_v2,"{'KXHIGHAUS-26JUL15-T82': 0.685886945416125, 'KXHIGHAUS-26JUL15-B82.5': 0.2759620676613694, 'KXHIGHAUS-26JUL15-B84.5': 0.035159960003263456, 'KXHIGHAUS-26JUL15-B86.5': 0.0009970089730807579, 'KXHIGHAUS-26JUL15-B88.5': 0.0009970089730807579, 'KXHIGHAUS-26JUL15-T89': 0.0009970089730807579}",2026-07-15T11:00:00+00:00
aus,KXHIGHAUS-26JUL15,neuralcaster_v2,"{'KXHIGHAUS-26JUL15-T82': 0.7202888423018808, 'KXHIGHAUS-26JUL15-B82.5': 0.24600808059485751, 'KXHIGHAUS-26JUL15-B84.5': 0.030712050184019436, 'KXHIGHAUS-26JUL15-B86.5': 0.0009970089730807579, 'KXHIGHAUS-26JUL15-B88.5': 0.0009970089730807579, 'KXHIGHAUS-26JUL15-T89': 0.0009970089730807579}",2026-07-15T12:00:00+00:00
aus,KXHIGHAUS-26JUL15,neuralcaster_v2,"{'KXHIGHAUS-26JUL15-T82': 0.6840384313299319, 'KXHIGHAUS-26JUL15-B82.5': 0.27813300240694033, 'KXHIGHAUS-26JUL15-B84.5': 0.03483753934388559, 'KXHIGHAUS-26JUL15-B86.5': 0.0009970089730807579, 'KXHIGHAUS-26JUL15-B88.5': 0.0009970089730807579, 'KXHIGHAUS-26JUL15-T89': 0.0009970089730807579}",2026-07-15T13:00:00+00:00
aus,KXHIGHAUS-26JUL15,neuralcaster_v2,"{'KXHIGHAUS-26JUL15-T82': 0.6576104677427399, 'KXHIGHAUS-26JUL15-B82.5': 0.3016996547719299, 'KXHIGHAUS-26JUL15-B84.5': 0.037698850566088085, 'KXHIGHAUS-26JUL15-B86.5': 0.0009970089730807579, 'KXHIGHAUS-26JUL15-B88.5': 0.0009970089730807579, 'KXHIGHAUS-26JUL15-T89': 0.0009970089730807579}",2026-07-15T14:00:00+00:00
aus,KXHIGHAUS-26JUL15,neuralcaster_v2,"{'KXHIGHAUS-26JUL15-T82': 0.7847907566101772, 'KXHIGHAUS-26JUL15-B82.5': 0.19228961254193752, 'KXHIGHAUS-26JUL15-B84.5': 0.01992860392864312, 'KXHIGHAUS-26JUL15-B86.5': 0.0009970089730807579, 'KXHIGHAUS-26JUL15-B88.5': 0.0009970089730807579, 'KXHIGHAUS-26JUL15-T89': 0.0009970089730807579}",2026-07-15T15:00:00+00:00
aus,KXHIGHAUS-26JUL15,neuralcaster_v2,"{'KXHIGHAUS-26JUL15-T82': 0.7294631073983427, 'KXHIGHAUS-26JUL15-B82.5': 0.23908334235569226, 'KXHIGHAUS-26JUL15-B84.5': 0.02846252332672289, 'KXHIGHAUS-26JUL15-B86.5': 0.0009970089730807579, 'KXHIGHAUS-26JUL15-B88.5': 0.0009970089730807579, 'KXHIGHAUS-26JUL15-T89': 0.0009970089730807579}",2026-07-15T16:00:00+00:00
aus,KXHIGHAUS-26JUL15,neuralcaster_v2,"{'KXHIGHAUS-26JUL15-T82': 0.7618900531894142, 'KXHIGHAUS-26JUL15-B82.5': 0.21160012835455005, 'KXHIGHAUS-26JUL15-B84.5': 0.023518791536793614, 'KXHIGHAUS-26JUL15-B86.5': 0.0009970089730807579, 'KXHIGHAUS-26JUL15-B88.5': 0.0009970089730807579, 'KXHIGHAUS-26JUL15-T89': 0.0009970089730807579}",2026-07-15T17:00:00+00:00
aus,KXHIGHAUS-26JUL15,neuralcaster_v2,"{'KXHIGHAUS-26JUL15-T82': 0.7447455636108261, 'KXHIGHAUS-26JUL15-B82.5': 0.22638113173379337, 'KXHIGHAUS-26JUL15-B84.5': 0.02588227773613829, 'KXHIGHAUS-26JUL15-B86.5': 0.0009970089730807579, 'KXHIGHAUS-26JUL15-B88.5': 0.0009970089730807579, 'KXHIGHAUS-26JUL15-T89': 0.0009970089730807579}",2026-07-15T18:00:00+00:00
aus,KXHIGHAUS-26JUL15,neuralcaster_v2,"{'KXHIGHAUS-26JUL15-T82': 0.7199057765441909, 'KXHIGHAUS-26JUL15-B82.5': 0.24829238461608732, 'KXHIGHAUS-26JUL15-B84.5': 0.028810811920479646, 'KXHIGHAUS-26JUL15-B86.5': 0.0009970089730807579, 'KXHIGHAUS-26JUL15-B88.5': 0.0009970089730807579, 'KXHIGHAUS-26JUL15-T89': 0.0009970089730807579}",2026-07-15T19:00:00+00:00
aus,KXHIGHAUS-26JUL15,neuralcaster_v2,"{'KXHIGHAUS-26JUL15-T82': 0.8305341193668306, 'KXHIGHAUS-26JUL15-B82.5': 0.15782682936682946, 'KXHIGHAUS-26JUL15-B84.5': 0.00864802434709772, 'KXHIGHAUS-26JUL15-B86.5': 0.0009970089730807579, 'KXHIGHAUS-26JUL15-B88.5': 0.0009970089730807579, 'KXHIGHAUS-26JUL15-T89': 0.0009970089730807579}",2026-07-15T20:00:00+00:00
aus,KXHIGHAUS-26JUL15,neuralcaster_v2,"{'KXHIGHAUS-26JUL15-T82': 0.9052214528374042, 'KXHIGHAUS-26JUL15-B82.5': 0.09079448341757584, 'KXHIGHAUS-26JUL15-B84.5': 0.00099601593625498, 'KXHIGHAUS-26JUL15-B86.5': 0.00099601593625498, 'KXHIGHAUS-26JUL15-B88.5': 0.00099601593625498, 'KXHIGHAUS-26JUL15-T89': 0.00099601593625498}",2026-07-15T21:00:00+00:00
aus,KXHIGHAUS-26JUL15,neuralcaster_v2,"{'KXHIGHAUS-26JUL15-T82': 0.8994264535787568, 'KXHIGHAUS-26JUL15-B82.5': 0.0965894826762232, 'KXHIGHAUS-26JUL15-B84.5': 0.00099601593625498, 'KXHIGHAUS-26JUL15-B86.5': 0.00099601593625498, 'KXHIGHAUS-26JUL15-B88.5': 0.00099601593625498, 'KXHIGHAUS-26JUL15-T89': 0.00099601593625498}",2026-07-15T22:00:00+00:00
aus,KXHIGHAUS-26JUL15,neuralcaster_v2,"{'KXHIGHAUS-26JUL15-T82': 0.9157178037784032, 'KXHIGHAUS-26JUL15-B82.5': 0.08029813247657686, 'KXHIGHAUS-26JUL15-B84.5': 0.00099601593625498, 'KXHIGHAUS-26JUL15-B86.5': 0.00099601593625498, 'KXHIGHAUS-26JUL15-B88.5': 0.00099601593625498, 'KXHIGHAUS-26JUL15-T89': 0.00099601593625498}",2026-07-15T23:00:00+00:00
aus,KXHIGHAUS-26JUL15,neuralcaster_v2,"{'KXHIGHAUS-26JUL15-T82': 0.7420255965144665, 'KXHIGHAUS-26JUL15-B82.5': 0.24410139172503512, 'KXHIGHAUS-26JUL15-B84.5': 0.010881984841256156, 'KXHIGHAUS-26JUL15-B86.5': 0.0009970089730807579, 'KXHIGHAUS-26JUL15-B88.5': 0.0009970089730807579, 'KXHIGHAUS-26JUL15-T89': 0.0009970089730807579}",2026-07-16T00:00:00+00:00
aus,KXHIGHAUS-26JUL15,neuralcaster_v2,"{'KXHIGHAUS-26JUL15-T82': 0.7431964824371917, 'KXHIGHAUS-26JUL15-B82.5': 0.24363777829548103, 'KXHIGHAUS-26JUL15-B84.5': 0.010174712348085133, 'KXHIGHAUS-26JUL15-B86.5': 0.0009970089730807579, 'KXHIGHAUS-26JUL15-B88.5': 0.0009970089730807579, 'KXHIGHAUS-26JUL15-T89': 0.0009970089730807579}",2026-07-16T01:00:00+00:00
aus,KXHIGHAUS-26JUL15,neuralcaster_v2,"{'KXHIGHAUS-26JUL15-T82': 0.7439843422856616, 'KXHIGHAUS-26JUL15-B82.5': 0.24332075429292968, 'KXHIGHAUS-26JUL15-B84.5': 0.009703876502166616, 'KXHIGHAUS-26JUL15-B86.5': 0.0009970089730807579, 'KXHIGHAUS-26JUL15-B88.5': 0.0009970089730807579, 'KXHIGHAUS-26JUL15-T89': 0.0009970089730807579}",2026-07-16T02:00:00+00:00
aus,KXHIGHAUS-26JUL15,neuralcaster_v2,"{'KXHIGHAUS-26JUL15-T82': 0.7454822467607476, 'KXHIGHAUS-26JUL15-B82.5': 0.24270697902234814, 'KXHIGHAUS-26JUL15-B84.5': 0.00881974729766216, 'KXHIGHAUS-26JUL15-B86.5': 0.0009970089730807579, 'KXHIGHAUS-26JUL15-B88.5': 0.0009970089730807579, 'KXHIGHAUS-26JUL15-T89': 0.0009970089730807579}",2026-07-16T03:00:00+00:00
aus,KXHIGHAUS-26JUL15,neuralcaster_v2,"{'KXHIGHAUS-26JUL15-T82': 0.7459283003300899, 'KXHIGHAUS-26JUL15-B82.5': 0.24252145132823444, 'KXHIGHAUS-26JUL15-B84.5': 0.008559221422433493, 'KXHIGHAUS-26JUL15-B86.5': 0.0009970089730807579, 'KXHIGHAUS-26JUL15-B88.5': 0.0009970089730807579, 'KXHIGHAUS-26JUL15-T89': 0.0009970089730807579}",2026-07-16T04:00:00+00:00
aus,KXHIGHAUS-26JUL15,neuralcaster_v2,"{'KXHIGHAUS-26JUL15-T82': 0.7470816128506642, 'KXHIGHAUS-26JUL15-B82.5': 0.24203598975773855, 'KXHIGHAUS-26JUL15-B84.5': 0.00789137047235506, 'KXHIGHAUS-26JUL15-B86.5': 0.0009970089730807579, 'KXHIGHAUS-26JUL15-B88.5': 0.0009970089730807579, 'KXHIGHAUS-26JUL15-T89': 0.0009970089730807579}",2026-07-16T05:00:00+00:00
den,KXHIGHDEN-26JUL15,neuralcaster_v2,"{'KXHIGHDEN-26JUL15-T89': 0.000999000999000999, 'KXHIGHDEN-26JUL15-B89.5': 0.03475092009732089, 'KXHIGHDEN-26JUL15-B91.5': 0.2745967523446765, 'KXHIGHDEN-26JUL15-B93.5': 0.5085116725243033, 'KXHIGHDEN-26JUL15-B95.5': 0.1663953612722095, 'KXHIGHDEN-26JUL15-T96': 0.014746292762488677}",2026-07-15T07:00:00+00:00
den,KXHIGHDEN-26JUL15,neuralcaster_v2,"{'KXHIGHDEN-26JUL15-T89': 0.0009990009990009992, 'KXHIGHDEN-26JUL15-B89.5': 0.034450029524626447, 'KXHIGHDEN-26JUL15-B91.5': 0.2782122040776196, 'KXHIGHDEN-26JUL15-B93.5': 0.5112345242761862, 'KXHIGHDEN-26JUL15-B95.5': 0.16218198652662685, 'KXHIGHDEN-26JUL15-T96': 0.012922254595939974}",2026-07-15T08:00:00+00:00
den,KXHIGHDEN-26JUL15,neuralcaster_v2,"{'KXHIGHDEN-26JUL15-T89': 0.000999000999000999, 'KXHIGHDEN-26JUL15-B89.5': 0.035002347676088466, 'KXHIGHDEN-26JUL15-B91.5': 0.27662416526198885, 'KXHIGHDEN-26JUL15-B93.5': 0.5079037686385651, 'KXHIGHDEN-26JUL15-B95.5': 0.16506190059547193, 'KXHIGHDEN-26JUL15-T96': 0.014408816828884638}",2026-07-15T09:00:00+00:00
den,KXHIGHDEN-26JUL15,neuralcaster_v2,"{'KXHIGHDEN-26JUL15-T89': 0.0009990009990009992, 'KXHIGHDEN-26JUL15-B89.5': 0.03914514066076645, 'KXHIGHDEN-26JUL15-B91.5': 0.3039638955153571, 'KXHIGHDEN-26JUL15-B93.5': 0.4958838701954874, 'KXHIGHDEN-26JUL15-B95.5': 0.14892298988962688, 'KXHIGHDEN-26JUL15-T96': 0.011085102739761233}",2026-07-15T10:00:00+00:00
den,KXHIGHDEN-26JUL15,neuralcaster_v2,"{'KXHIGHDEN-26JUL15-T89': 0.000999000999000999, 'KXHIGHDEN-26JUL15-B89.5': 0.039052405277366926, 'KXHIGHDEN-26JUL15-B91.5': 0.30357827287561123, 'KXHIGHDEN-26JUL15-B93.5': 0.4962276944065657, 'KXHIGHDEN-26JUL15-B95.5': 0.1490665981299881, 'KXHIGHDEN-26JUL15-T96': 0.011076028311466974}",2026-07-15T11:00:00+00:00
den,KXHIGHDEN-26JUL15,neuralcaster_v2,"{'KXHIGHDEN-26JUL15-T89': 0.000999000999000999, 'KXHIGHDEN-26JUL15-B89.5': 0.0362448395269436, 'KXHIGHDEN-26JUL15-B91.5': 0.28264051110759464, 'KXHIGHDEN-26JUL15-B93.5': 0.5035777430137868, 'KXHIGHDEN-26JUL15-B95.5': 0.1623208288018191, 'KXHIGHDEN-26JUL15-T96': 0.01421707655085486}",2026-07-15T12:00:00+00:00
den,KXHIGHDEN-26JUL15,neuralcaster_v2,"{'KXHIGHDEN-26JUL15-T89': 0.000999000999000999, 'KXHIGHDEN-26JUL15-B89.5': 0.034572499397622566, 'KXHIGHDEN-26JUL15-B91.5': 0.26880846053654256, 'KXHIGHDEN-26JUL15-B93.5': 0.5075065544822569, 'KXHIGHDEN-26JUL15-B95.5': 0.17152378531434168, 'KXHIGHDEN-26JUL15-T96': 0.01658969927023532}",2026-07-15T13:00:00+00:00
den,KXHIGHDEN-26JUL15,neuralcaster_v2,"{'KXHIGHDEN-26JUL15-T89': 0.000999000999000999, 'KXHIGHDEN-26JUL15-B89.5': 0.035801134103065735, 'KXHIGHDEN-26JUL15-B91.5': 0.27799474670221935, 'KXHIGHDEN-26JUL15-B93.5': 0.50429785041978, 'KXHIGHDEN-26JUL15-B95.5': 0.16570084073640612, 'KXHIGHDEN-26JUL15-T96': 0.015206427039527712}",2026-07-15T14:00:00+00:00
den,KXHIGHDEN-26JUL15,neuralcaster_v2,"{'KXHIGHDEN-26JUL15-T89': 0.000999000999000999, 'KXHIGHDEN-26JUL15-B89.5': 0.04003878982363555, 'KXHIGHDEN-26JUL15-B91.5': 0.31289053964764163, 'KXHIGHDEN-26JUL15-B93.5': 0.4942914510307272, 'KXHIGHDEN-26JUL15-B95.5': 0.14252908789722718, 'KXHIGHDEN-26JUL15-T96': 0.009251130601767325}",2026-07-15T15:00:00+00:00
den,KXHIGHDEN-26JUL15,neuralcaster_v2,"{'KXHIGHDEN-26JUL15-T89': 0.0009990009990009992, 'KXHIGHDEN-26JUL15-B89.5': 0.042717464708868134, 'KXHIGHDEN-26JUL15-B91.5': 0.3388409604303747, 'KXHIGHDEN-26JUL15-B93.5': 0.48925178332959557, 'KXHIGHDEN-26JUL15-B95.5': 0.1241393979606501, 'KXHIGHDEN-26JUL15-T96': 0.004051392571510574}",2026-07-15T16:00:00+00:00
den,KXHIGHDEN-26JUL15,neuralcaster_v2,"{'KXHIGHDEN-26JUL15-T89': 0.0009990009990009992, 'KXHIGHDEN-26JUL15-B89.5': 0.0419954678257138, 'KXHIGHDEN-26JUL15-B91.5': 0.33625923464594193, 'KXHIGHDEN-26JUL15-B93.5': 0.4920675435827669, 'KXHIGHDEN-26JUL15-B95.5': 0.12485309385556466, 'KXHIGHDEN-26JUL15-T96': 0.003825659091011796}",2026-07-15T17:00:00+00:00
den,KXHIGHDEN-26JUL15,neuralcaster_v2,"{'KXHIGHDEN-26JUL15-T89': 0.000998003992015968, 'KXHIGHDEN-26JUL15-B89.5': 0.043262526857488555, 'KXHIGHDEN-26JUL15-B91.5': 0.35414555591869296, 'KXHIGHDEN-26JUL15-B93.5': 0.49094370686199923, 'KXHIGHDEN-26JUL15-B95.5': 0.10965220237778729, 'KXHIGHDEN-26JUL15-T96': 0.000998003992015968}",2026-07-15T18:00:00+00:00
den,KXHIGHDEN-26JUL15,neuralcaster_v2,"{'KXHIGHDEN-26JUL15-T89': 0.0009990009990009992, 'KXHIGHDEN-26JUL15-B89.5': 0.03360217014957179, 'KXHIGHDEN-26JUL15-B91.5': 0.29748714236353707, 'KXHIGHDEN-26JUL15-B93.5': 0.5219082328111038, 'KXHIGHDEN-26JUL15-B95.5': 0.1415719731910343, 'KXHIGHDEN-26JUL15-T96': 0.004431480485752186}",2026-07-15T19:00:00+00:00
den,KXHIGHDEN-26JUL15,neuralcaster_v2,"{'KXHIGHDEN-26JUL15-T89': 0.000998003992015968, 'KXHIGHDEN-26JUL15-B89.5': 0.047930433995781986, 'KXHIGHDEN-26JUL15-B91.5': 0.4028127974652515, 'KXHIGHDEN-26JUL15-B93.5': 0.4674696886629796, 'KXHIGHDEN-26JUL15-B95.5': 0.07979107189195496, 'KXHIGHDEN-26JUL15-T96': 0.000998003992015968}",2026-07-15T20:00:00+00:00
den,KXHIGHDEN-26JUL15,neuralcaster_v2,"{'KXHIGHDEN-26JUL15-T89': 0.000998003992015968, 'KXHIGHDEN-26JUL15-B89.5': 0.035323806046439726, 'KXHIGHDEN-26JUL15-B91.5': 0.3197748329135385, 'KXHIGHDEN-26JUL15-B93.5': 0.5199283370430183, 'KXHIGHDEN-26JUL15-B95.5': 0.12297701601297155, 'KXHIGHDEN-26JUL15-T96': 0.000998003992015968}",2026-07-15T21:00:00+00:00
den,KXHIGHDEN-26JUL15,neuralcaster_v2,"{'KXHIGHDEN-26JUL15-T89': 0.0009970089730807579, 'KXHIGHDEN-26JUL15-B89.5': 0.0009970089730807579, 'KXHIGHDEN-26JUL15-B91.5': 0.2942720048156048, 'KXHIGHDEN-26JUL15-B93.5': 0.5576268037159826, 'KXHIGHDEN-26JUL15-B95.5': 0.1451101645491704, 'KXHIGHDEN-26JUL15-T96': 0.0009970089730807579}",2026-07-15T22:00:00+00:00
den,KXHIGHDEN-26JUL15,neuralcaster_v2,"{'KXHIGHDEN-26JUL15-T89': 0.0009970089730807579, 'KXHIGHDEN-26JUL15-B89.5': 0.0009970089730807579, 'KXHIGHDEN-26JUL15-B91.5': 0.3043231168402106, 'KXHIGHDEN-26JUL15-B93.5': 0.5531452651349756, 'KXHIGHDEN-26JUL15-B95.5': 0.13954059110557165, 'KXHIGHDEN-26JUL15-T96': 0.0009970089730807579}",2026-07-15T23:00:00+00:00
den,KXHIGHDEN-26JUL15,neuralcaster_v2,"{'KXHIGHDEN-26JUL15-T89': 0.0009970089730807579, 'KXHIGHDEN-26JUL15-B89.5': 0.0009970089730807579, 'KXHIGHDEN-26JUL15-B91.5': 0.2587021462945731, 'KXHIGHDEN-26JUL15-B93.5': 0.5666346633135484, 'KXHIGHDEN-26JUL15-B95.5': 0.17167216347263634, 'KXHIGHDEN-26JUL15-T96': 0.0009970089730807579}",2026-07-16T00:00:00+00:00
den,KXHIGHDEN-26JUL15,neuralcaster_v2,"{'KXHIGHDEN-26JUL15-T89': 0.0009970089730807579, 'KXHIGHDEN-26JUL15-B89.5': 0.0009970089730807579, 'KXHIGHDEN-26JUL15-B91.5': 0.2747940611424013, 'KXHIGHDEN-26JUL15-B93.5': 0.563140875190098, 'KXHIGHDEN-26JUL15-B95.5': 0.15907403674825843, 'KXHIGHDEN-26JUL15-T96': 0.0009970089730807579}",2026-07-16T01:00:00+00:00
den,KXHIGHDEN-26JUL15,neuralcaster_v2,"{'KXHIGHDEN-26JUL15-T89': 0.0009970089730807576, 'KXHIGHDEN-26JUL15-B89.5': 0.0009970089730807576, 'KXHIGHDEN-26JUL15-B91.5': 0.273846377613276, 'KXHIGHDEN-26JUL15-B93.5': 0.5667499791384901, 'KXHIGHDEN-26JUL15-B95.5': 0.1564126163289915, 'KXHIGHDEN-26JUL15-T96': 0.0009970089730807576}",2026-07-16T02:00:00+00:00
den,KXHIGHDEN-26JUL15,neuralcaster_v2,"{'KXHIGHDEN-26JUL15-T89': 0.0009970089730807579, 'KXHIGHDEN-26JUL15-B89.5': 0.0009970089730807579, 'KXHIGHDEN-26JUL15-B91.5': 0.27129557118933234, 'KXHIGHDEN-26JUL15-B93.5': 0.5695813800311321, 'KXHIGHDEN-26JUL15-B95.5': 0.15613202186029335, 'KXHIGHDEN-26JUL15-T96': 0.0009970089730807579}",2026-07-16T03:00:00+00:00
den,KXHIGHDEN-26JUL15,neuralcaster_v2,"{'KXHIGHDEN-26JUL15-T89': 0.0009970089730807579, 'KXHIGHDEN-26JUL15-B89.5': 0.0009970089730807579, 'KXHIGHDEN-26JUL15-B91.5': 0.2644423438580356, 'KXHIGHDEN-26JUL15-B93.5': 0.583509057501195, 'KXHIGHDEN-26JUL15-B95.5': 0.14905757172152714, 'KXHIGHDEN-26JUL15-T96': 0.0009970089730807579}",2026-07-16T04:00:00+00:00
den,KXHIGHDEN-26JUL15,neuralcaster_v2,"{'KXHIGHDEN-26JUL15-T89': 0.0009970089730807576, 'KXHIGHDEN-26JUL15-B89.5': 0.0009970089730807576, 'KXHIGHDEN-26JUL15-B91.5': 0.2621574975237516, 'KXHIGHDEN-26JUL15-B93.5': 0.5868817601989359, 'KXHIGHDEN-26JUL15-B95.5': 0.1479697153580702, 'KXHIGHDEN-26JUL15-T96': 0.0009970089730807576}",2026-07-16T05:00:00+00:00
den,KXHIGHDEN-26JUL15,neuralcaster_v2,"{'KXHIGHDEN-26JUL15-T89': 0.0009970089730807579, 'KXHIGHDEN-26JUL15-B89.5': 0.0009970089730807579, 'KXHIGHDEN-26JUL15-B91.5': 0.26331390013407646, 'KXHIGHDEN-26JUL15-B93.5': 0.5892335424336919, 'KXHIGHDEN-26JUL15-B95.5': 0.1444615305129895, 'KXHIGHDEN-26JUL15-T96': 0.0009970089730807579}",2026-07-16T06:00:00+00:00
la,KXHIGHLAX-26JUL15,neuralcaster_v2,"{'KXHIGHLAX-26JUL15-T78': 0.000999000999000999, 'KXHIGHLAX-26JUL15-B78.5': 0.049682983908075795, 'KXHIGHLAX-26JUL15-B80.5': 0.36101514820248803, 'KXHIGHLAX-26JUL15-B82.5': 0.4611838474652021, 'KXHIGHLAX-26JUL15-B84.5': 0.11988196611415487, 'KXHIGHLAX-26JUL15-T85': 0.007237053311078149}",2026-07-15T08:00:00+00:00
la,KXHIGHLAX-26JUL15,neuralcaster_v2,"{'KXHIGHLAX-26JUL15-T78': 0.0009990009990009992, 'KXHIGHLAX-26JUL15-B78.5': 0.06188690819967465, 'KXHIGHLAX-26JUL15-B80.5': 0.38709413517392044, 'KXHIGHLAX-26JUL15-B82.5': 0.45061226127948234, 'KXHIGHLAX-26JUL15-B84.5': 0.09785120520718908, 'KXHIGHLAX-26JUL15-T85': 0.00155648914073254}",2026-07-15T09:00:00+00:00
la,KXHIGHLAX-26JUL15,neuralcaster_v2,"{'KXHIGHLAX-26JUL15-T78': 0.000998003992015968, 'KXHIGHLAX-26JUL15-B78.5': 0.07338891738121588, 'KXHIGHLAX-26JUL15-B80.5': 0.4093981346501442, 'KXHIGHLAX-26JUL15-B82.5': 0.42978518817888034, 'KXHIGHLAX-26JUL15-B84.5': 0.08543175180572765, 'KXHIGHLAX-26JUL15-T85': 0.000998003992015968}",2026-07-15T10:00:00+00:00
la,KXHIGHLAX-26JUL15,neuralcaster_v2,"{'KXHIGHLAX-26JUL15-T78': 0.000998003992015968, 'KXHIGHLAX-26JUL15-B78.5': 0.08707874714308798, 'KXHIGHLAX-26JUL15-B80.5': 0.4341356914513732, 'KXHIGHLAX-26JUL15-B82.5': 0.40620798126826546, 'KXHIGHLAX-26JUL15-B84.5': 0.07058157215324143, 'KXHIGHLAX-26JUL15-T85': 0.000998003992015968}",2026-07-15T11:00:00+00:00
la,KXHIGHLAX-26JUL15,neuralcaster_v2,"{'KXHIGHLAX-26JUL15-T78': 0.0009990009990009992, 'KXHIGHLAX-26JUL15-B78.5': 0.053705164606029906, 'KXHIGHLAX-26JUL15-B80.5': 0.3771120407070037, 'KXHIGHLAX-26JUL15-B82.5': 0.4596574375319776, 'KXHIGHLAX-26JUL15-B84.5': 0.10568824671491635, 'KXHIGHLAX-26JUL15-T85': 0.002838109441071602}",2026-07-15T12:00:00+00:00
la,KXHIGHLAX-26JUL15,neuralcaster_v2,"{'KXHIGHLAX-26JUL15-T78': 0.000999000999000999, 'KXHIGHLAX-26JUL15-B78.5': 0.04620750115531664, 'KXHIGHLAX-26JUL15-B80.5': 0.3438832138971809, 'KXHIGHLAX-26JUL15-B82.5': 0.47318445422724, 'KXHIGHLAX-26JUL15-B84.5': 0.12784067857988207, 'KXHIGHLAX-26JUL15-T85': 0.007885151141379314}",2026-07-15T13:00:00+00:00
la,KXHIGHLAX-26JUL15,neuralcaster_v2,"{'KXHIGHLAX-26JUL15-T78': 0.000999000999000999, 'KXHIGHLAX-26JUL15-B78.5': 0.03406924685624235, 'KXHIGHLAX-26JUL15-B80.5': 0.2564908842670481, 'KXHIGHLAX-26JUL15-B82.5': 0.5059954992781742, 'KXHIGHLAX-26JUL15-B84.5': 0.18213444507669388, 'KXHIGHLAX-26JUL15-T85': 0.020310923522840356}",2026-07-15T14:00:00+00:00
la,KXHIGHLAX-26JUL15,neuralcaster_v2,"{'KXHIGHLAX-26JUL15-T78': 0.0009990009990009992, 'KXHIGHLAX-26JUL15-B78.5': 0.020692557015164464, 'KXHIGHLAX-26JUL15-B80.5': 0.18504376331032457, 'KXHIGHLAX-26JUL15-B82.5': 0.5094954058831211, 'KXHIGHLAX-26JUL15-B84.5': 0.25076128659531083, 'KXHIGHLAX-26JUL15-T85': 0.03300798619707803}",2026-07-15T15:00:00+00:00
la,KXHIGHLAX-26JUL15,neuralcaster_v2,"{'KXHIGHLAX-26JUL15-T78': 0.0009990009990009992, 'KXHIGHLAX-26JUL15-B78.5': 0.02826536723867912, 'KXHIGHLAX-26JUL15-B80.5': 0.2204100566846253, 'KXHIGHLAX-26JUL15-B82.5': 0.5228485349020163, 'KXHIGHLAX-26JUL15-B84.5': 0.20312918579978248, 'KXHIGHLAX-26JUL15-T85': 0.024347854375895917}",2026-07-15T16:00:00+00:00
la,KXHIGHLAX-26JUL15,neuralcaster_v2,"{'KXHIGHLAX-26JUL15-T78': 0.000998003992015968, 'KXHIGHLAX-26JUL15-B78.5': 0.09281862983138336, 'KXHIGHLAX-26JUL15-B80.5': 0.47971561534612633, 'KXHIGHLAX-26JUL15-B82.5': 0.3761188665907586, 'KXHIGHLAX-26JUL15-B84.5': 0.049350880247699756, 'KXHIGHLAX-26JUL15-T85': 0.000998003992015968}",2026-07-15T17:00:00+00:00
la,KXHIGHLAX-26JUL15,neuralcaster_v2,"{'KXHIGHLAX-26JUL15-T78': 0.000998003992015968, 'KXHIGHLAX-26JUL15-B78.5': 0.10156256913921242, 'KXHIGHLAX-26JUL15-B80.5': 0.4885713832166759, 'KXHIGHLAX-26JUL15-B82.5': 0.36104715581874147, 'KXHIGHLAX-26JUL15-B84.5': 0.04682288384133825, 'KXHIGHLAX-26JUL15-T85': 0.000998003992015968}",2026-07-15T18:00:00+00:00
la,KXHIGHLAX-26JUL15,neuralcaster_v2,"{'KXHIGHLAX-26JUL15-T78': 0.0009970089730807579, 'KXHIGHLAX-26JUL15-B78.5': 0.0009970089730807579, 'KXHIGHLAX-26JUL15-B80.5': 0.42953608078363226, 'KXHIGHLAX-26JUL15-B82.5': 0.4752373962372297, 'KXHIGHLAX-26JUL15-B84.5': 0.0922354960598959, 'KXHIGHLAX-26JUL15-T85': 0.0009970089730807579}",2026-07-15T19:00:00+00:00
la,KXHIGHLAX-26JUL15,neuralcaster_v2,"{'KXHIGHLAX-26JUL15-T78': 0.0009970089730807579, 'KXHIGHLAX-26JUL15-B78.5': 0.0009970089730807579, 'KXHIGHLAX-26JUL15-B80.5': 0.6523928498132813, 'KXHIGHLAX-26JUL15-B82.5': 0.31373160277051276, 'KXHIGHLAX-26JUL15-B84.5': 0.030884520496963795, 'KXHIGHLAX-26JUL15-T85': 0.0009970089730807579}",2026-07-15T20:00:00+00:00
la,KXHIGHLAX-26JUL15,neuralcaster_v2,"{'KXHIGHLAX-26JUL15-T78': 0.0009970089730807579, 'KXHIGHLAX-26JUL15-B78.5': 0.0009970089730807579, 'KXHIGHLAX-26JUL15-B80.5': 0.73350539580605, 'KXHIGHLAX-26JUL15-B82.5': 0.24907248520155284, 'KXHIGHLAX-26JUL15-B84.5': 0.014431092073154933, 'KXHIGHLAX-26JUL15-T85': 0.0009970089730807579}",2026-07-15T21:00:00+00:00
la,KXHIGHLAX-26JUL15,neuralcaster_v2,"{'KXHIGHLAX-26JUL15-T78': 0.0009970089730807579, 'KXHIGHLAX-26JUL15-B78.5': 0.0009970089730807579, 'KXHIGHLAX-26JUL15-B80.5': 0.7389653962865431, 'KXHIGHLAX-26JUL15-B82.5': 0.24526934759440255, 'KXHIGHLAX-26JUL15-B84.5': 0.01277422919981216, 'KXHIGHLAX-26JUL15-T85': 0.0009970089730807579}",2026-07-15T22:00:00+00:00
la,KXHIGHLAX-26JUL15,neuralcaster_v2,"{'KXHIGHLAX-26JUL15-T78': 0.0009970089730807579, 'KXHIGHLAX-26JUL15-B78.5': 0.0009970089730807579, 'KXHIGHLAX-26JUL15-B80.5': 0.7393217568558189, 'KXHIGHLAX-26JUL15-B82.5': 0.2451366638933567, 'KXHIGHLAX-26JUL15-B84.5': 0.012550552331582218, 'KXHIGHLAX-26JUL15-T85': 0.0009970089730807579}",2026-07-15T23:00:00+00:00
la,KXHIGHLAX-26JUL15,neuralcaster_v2,"{'KXHIGHLAX-26JUL15-T78': 0.0009970089730807579, 'KXHIGHLAX-26JUL15-B78.5': 0.0009970089730807579, 'KXHIGHLAX-26JUL15-B80.5': 0.7378911397225378, 'KXHIGHLAX-26JUL15-B82.5': 0.24566389896201224, 'KXHIGHLAX-26JUL15-B84.5': 0.013453934396207727, 'KXHIGHLAX-26JUL15-T85': 0.0009970089730807579}",2026-07-16T00:00:00+00:00
la,KXHIGHLAX-26JUL15,neuralcaster_v2,"{'KXHIGHLAX-26JUL15-T78': 0.0009970089730807579, 'KXHIGHLAX-26JUL15-B78.5': 0.0009970089730807579, 'KXHIGHLAX-26JUL15-B80.5': 0.7378960865389498, 'KXHIGHLAX-26JUL15-B82.5': 0.24566210092977767, 'KXHIGHLAX-26JUL15-B84.5': 0.013450785612030385, 'KXHIGHLAX-26JUL15-T85': 0.0009970089730807579}",2026-07-16T01:00:00+00:00
la,KXHIGHLAX-26JUL15,neuralcaster_v2,"{'KXHIGHLAX-26JUL15-T78': 0.0009970089730807579, 'KXHIGHLAX-26JUL15-B78.5': 0.0009970089730807579, 'KXHIGHLAX-26JUL15-B80.5': 0.7390044435640369, 'KXHIGHLAX-26JUL15-B82.5': 0.24525485260138224, 'KXHIGHLAX-26JUL15-B84.5': 0.012749676915338674, 'KXHIGHLAX-26JUL15-T85': 0.0009970089730807579}",2026-07-16T02:00:00+00:00
la,KXHIGHLAX-26JUL15,neuralcaster_v2,"{'KXHIGHLAX-26JUL15-T78': 0.0009970089730807579, 'KXHIGHLAX-26JUL15-B78.5': 0.0009970089730807579, 'KXHIGHLAX-26JUL15-B80.5': 0.7400861422063018, 'KXHIGHLAX-26JUL15-B82.5': 0.24484907238238454, 'KXHIGHLAX-26JUL15-B84.5': 0.012073758492071582, 'KXHIGHLAX-26JUL15-T85': 0.0009970089730807579}",2026-07-16T03:00:00+00:00
la,KXHIGHLAX-26JUL15,neuralcaster_v2,"{'KXHIGHLAX-26JUL15-T78': 0.0009970089730807579, 'KXHIGHLAX-26JUL15-B78.5': 0.0009970089730807579, 'KXHIGHLAX-26JUL15-B80.5': 0.7429912478547924, 'KXHIGHLAX-26JUL15-B82.5': 0.2437196957877171, 'KXHIGHLAX-26JUL15-B84.5': 0.01029802943824826, 'KXHIGHLAX-26JUL15-T85': 0.0009970089730807579}",2026-07-16T04:00:00+00:00
la,KXHIGHLAX-26JUL15,neuralcaster_v2,"{'KXHIGHLAX-26JUL15-T78': 0.0009970089730807579, 'KXHIGHLAX-26JUL15-B78.5': 0.0009970089730807579, 'KXHIGHLAX-26JUL15-B80.5': 0.7439478962370726, 'KXHIGHLAX-26JUL15-B82.5': 0.24333550871718035, 'KXHIGHLAX-26JUL15-B84.5': 0.00972556812650494, 'KXHIGHLAX-26JUL15-T85': 0.0009970089730807579}",2026-07-16T05:00:00+00:00
la,KXHIGHLAX-26JUL15,neuralcaster_v2,"{'KXHIGHLAX-26JUL15-T78': 0.0009970089730807579, 'KXHIGHLAX-26JUL15-B78.5': 0.0009970089730807579, 'KXHIGHLAX-26JUL15-B80.5': 0.7443207661182646, 'KXHIGHLAX-26JUL15-B82.5': 0.24318415477390057, 'KXHIGHLAX-26JUL15-B84.5': 0.009504052188592701, 'KXHIGHLAX-26JUL15-T85': 0.0009970089730807579}",2026-07-16T06:00:00+00:00
la,KXHIGHLAX-26JUL15,neuralcaster_v2,"{'KXHIGHLAX-26JUL15-T78': 0.0009970089730807579, 'KXHIGHLAX-26JUL15-B78.5': 0.0009970089730807579, 'KXHIGHLAX-26JUL15-B80.5': 0.7445022994518468, 'KXHIGHLAX-26JUL15-B82.5': 0.24311014315886909, 'KXHIGHLAX-26JUL15-B84.5': 0.009396530470041993, 'KXHIGHLAX-26JUL15-T85': 0.0009970089730807579}",2026-07-16T07:00:00+00:00
mia,KXHIGHMIA-26JUL15,neuralcaster_v2,"{'KXHIGHMIA-26JUL15-T90': 0.000998003992015968, 'KXHIGHMIA-26JUL15-B90.5': 0.05574398690360611, 'KXHIGHMIA-26JUL15-B92.5': 0.38699378774079674, 'KXHIGHMIA-26JUL15-B94.5': 0.4577348087610132, 'KXHIGHMIA-26JUL15-B96.5': 0.09753140861055203, 'KXHIGHMIA-26JUL15-T97': 0.000998003992015968}",2026-07-15T05:00:00+00:00
mia,KXHIGHMIA-26JUL15,neuralcaster_v2,"{'KXHIGHMIA-26JUL15-T90': 0.0009990009990009992, 'KXHIGHMIA-26JUL15-B90.5': 0.04573264698419285, 'KXHIGHMIA-26JUL15-B92.5': 0.35929327850850634, 'KXHIGHMIA-26JUL15-B94.5': 0.48068652738412887, 'KXHIGHMIA-26JUL15-B96.5': 0.1118605189195839, 'KXHIGHMIA-26JUL15-T97': 0.0014280272045871338}",2026-07-15T06:00:00+00:00
mia,KXHIGHMIA-26JUL15,neuralcaster_v2,"{'KXHIGHMIA-26JUL15-T90': 0.000998003992015968, 'KXHIGHMIA-26JUL15-B90.5': 0.04528916075286938, 'KXHIGHMIA-26JUL15-B92.5': 0.3616456182111551, 'KXHIGHMIA-26JUL15-B94.5': 0.48312353429409977, 'KXHIGHMIA-26JUL15-B96.5': 0.10794567875784385, 'KXHIGHMIA-26JUL15-T97': 0.000998003992015968}",2026-07-15T07:00:00+00:00
mia,KXHIGHMIA-26JUL15,neuralcaster_v2,"{'KXHIGHMIA-26JUL15-T90': 0.000998003992015968, 'KXHIGHMIA-26JUL15-B90.5': 0.04438852135633731, 'KXHIGHMIA-26JUL15-B92.5': 0.3595251338889426, 'KXHIGHMIA-26JUL15-B94.5': 0.48699929411624604, 'KXHIGHMIA-26JUL15-B96.5': 0.10709104265444214, 'KXHIGHMIA-26JUL15-T97': 0.000998003992015968}",2026-07-15T08:00:00+00:00
mia,KXHIGHMIA-26JUL15,neuralcaster_v2,"{'KXHIGHMIA-26JUL15-T90': 0.0009990009990009992, 'KXHIGHMIA-26JUL15-B90.5': 0.04106596391803508, 'KXHIGHMIA-26JUL15-B92.5': 0.33785539149810345, 'KXHIGHMIA-26JUL15-B94.5': 0.4973174313582838, 'KXHIGHMIA-26JUL15-B96.5': 0.12104139175707618, 'KXHIGHMIA-26JUL15-T97': 0.0017208204695005694}",2026-07-15T09:00:00+00:00
mia,KXHIGHMIA-26JUL15,neuralcaster_v2,"{'KXHIGHMIA-26JUL15-T90': 0.0009988593880311508, 'KXHIGHMIA-26JUL15-B90.5': 0.04164240298915344, 'KXHIGHMIA-26JUL15-B92.5': 0.3427248173576858, 'KXHIGHMIA-26JUL15-B94.5': 0.49591252570986716, 'KXHIGHMIA-26JUL15-B96.5': 0.1177225351672314, 'KXHIGHMIA-26JUL15-T97': 0.0009988593880311508}",2026-07-15T10:00:00+00:00
mia,KXHIGHMIA-26JUL15,neuralcaster_v2,"{'KXHIGHMIA-26JUL15-T90': 0.000998003992015968, 'KXHIGHMIA-26JUL15-B90.5': 0.04175767720834212, 'KXHIGHMIA-26JUL15-B92.5': 0.3462423369205247, 'KXHIGHMIA-26JUL15-B94.5': 0.495979587061528, 'KXHIGHMIA-26JUL15-B96.5': 0.11402439082557328, 'KXHIGHMIA-26JUL15-T97': 0.000998003992015968}",2026-07-15T11:00:00+00:00
mia,KXHIGHMIA-26JUL15,neuralcaster_v2,"{'KXHIGHMIA-26JUL15-T90': 0.000998003992015968, 'KXHIGHMIA-26JUL15-B90.5': 0.04705498015615471, 'KXHIGHMIA-26JUL15-B92.5': 0.38686526617635636, 'KXHIGHMIA-26JUL15-B94.5': 0.4744430987322047, 'KXHIGHMIA-26JUL15-B96.5': 0.08964064695125233, 'KXHIGHMIA-26JUL15-T97': 0.000998003992015968}",2026-07-15T12:00:00+00:00
mia,KXHIGHMIA-26JUL15,neuralcaster_v2,"{'KXHIGHMIA-26JUL15-T90': 0.000998003992015968, 'KXHIGHMIA-26JUL15-B90.5': 0.05170340064864378, 'KXHIGHMIA-26JUL15-B92.5': 0.4111257133231005, 'KXHIGHMIA-26JUL15-B94.5': 0.45660588787224543, 'KXHIGHMIA-26JUL15-B96.5': 0.07856899017197831, 'KXHIGHMIA-26JUL15-T97': 0.000998003992015968}",2026-07-15T13:00:00+00:00
mia,KXHIGHMIA-26JUL15,neuralcaster_v2,"{'KXHIGHMIA-26JUL15-T90': 0.000998003992015968, 'KXHIGHMIA-26JUL15-B90.5': 0.04981360130463495, 'KXHIGHMIA-26JUL15-B92.5': 0.41136394627214956, 'KXHIGHMIA-26JUL15-B94.5': 0.45909566127844353, 'KXHIGHMIA-26JUL15-B96.5': 0.07773078316074003, 'KXHIGHMIA-26JUL15-T97': 0.000998003992015968}",2026-07-15T14:00:00+00:00
mia,KXHIGHMIA-26JUL15,neuralcaster_v2,"{'KXHIGHMIA-26JUL15-T90': 0.000998003992015968, 'KXHIGHMIA-26JUL15-B90.5': 0.056270966917533145, 'KXHIGHMIA-26JUL15-B92.5': 0.4249105384983907, 'KXHIGHMIA-26JUL15-B94.5': 0.4473162462290141, 'KXHIGHMIA-26JUL15-B96.5': 0.06950624037103008, 'KXHIGHMIA-26JUL15-T97': 0.000998003992015968}",2026-07-15T15:00:00+00:00
mia,KXHIGHMIA-26JUL15,neuralcaster_v2,"{'KXHIGHMIA-26JUL15-T90': 0.000998003992015968, 'KXHIGHMIA-26JUL15-B90.5': 0.03076427615047201, 'KXHIGHMIA-26JUL15-B92.5': 0.41426117952125024, 'KXHIGHMIA-26JUL15-B94.5': 0.473918554951574, 'KXHIGHMIA-26JUL15-B96.5': 0.0790599813926718, 'KXHIGHMIA-26JUL15-T97': 0.000998003992015968}",2026-07-15T16:00:00+00:00
mia,KXHIGHMIA-26JUL15,neuralcaster_v2,"{'KXHIGHMIA-26JUL15-T90': 0.0009980039920159678, 'KXHIGHMIA-26JUL15-B90.5': 0.030552851998234987, 'KXHIGHMIA-26JUL15-B92.5': 0.35336817343636157, 'KXHIGHMIA-26JUL15-B94.5': 0.5102519364212881, 'KXHIGHMIA-26JUL15-B96.5': 0.10383103016008334, 'KXHIGHMIA-26JUL15-T97': 0.0009980039920159678}",2026-07-15T17:00:00+00:00
mia,KXHIGHMIA-26JUL15,neuralcaster_v2,"{'KXHIGHMIA-26JUL15-T90': 0.0009970089730807576, 'KXHIGHMIA-26JUL15-B90.5': 0.0009970089730807576, 'KXHIGHMIA-26JUL15-B92.5': 0.37820861391012556, 'KXHIGHMIA-26JUL15-B94.5': 0.5207272969273316, 'KXHIGHMIA-26JUL15-B96.5': 0.09807306224330058, 'KXHIGHMIA-26JUL15-T97': 0.0009970089730807576}",2026-07-15T18:00:00+00:00
mia,KXHIGHMIA-26JUL15,neuralcaster_v2,"{'KXHIGHMIA-26JUL15-T90': 0.0009970089730807579, 'KXHIGHMIA-26JUL15-B90.5': 0.0009970089730807579, 'KXHIGHMIA-26JUL15-B92.5': 0.4477875972884108, 'KXHIGHMIA-26JUL15-B94.5': 0.4771413706486222, 'KXHIGHMIA-26JUL15-B96.5': 0.07208000514372484, 'KXHIGHMIA-26JUL15-T97': 0.0009970089730807579}",2026-07-15T19:00:00+00:00
mia,KXHIGHMIA-26JUL15,neuralcaster_v2,"{'KXHIGHMIA-26JUL15-T90': 0.0009970089730807579, 'KXHIGHMIA-26JUL15-B90.5': 0.0009970089730807579, 'KXHIGHMIA-26JUL15-B92.5': 0.4147390219456476, 'KXHIGHMIA-26JUL15-B94.5': 0.49908654742504655, 'KXHIGHMIA-26JUL15-B96.5': 0.08318340371006369, 'KXHIGHMIA-26JUL15-T97': 0.0009970089730807579}",2026-07-15T20:00:00+00:00
mia,KXHIGHMIA-26JUL15,neuralcaster_v2,"{'KXHIGHMIA-26JUL15-T90': 0.0009970089730807579, 'KXHIGHMIA-26JUL15-B90.5': 0.0009970089730807579, 'KXHIGHMIA-26JUL15-B92.5': 0.5647684218817233, 'KXHIGHMIA-26JUL15-B94.5': 0.39147823394771464, 'KXHIGHMIA-26JUL15-B96.5': 0.040762317251319985, 'KXHIGHMIA-26JUL15-T97': 0.0009970089730807579}",2026-07-15T21:00:00+00:00
mia,KXHIGHMIA-26JUL15,neuralcaster_v2,"{'KXHIGHMIA-26JUL15-T90': 0.0009970089730807576, 'KXHIGHMIA-26JUL15-B90.5': 0.0009970089730807576, 'KXHIGHMIA-26JUL15-B92.5': 0.35673293286880486, 'KXHIGHMIA-26JUL15-B94.5': 0.5367441446057872, 'KXHIGHMIA-26JUL15-B96.5': 0.10353189560616556, 'KXHIGHMIA-26JUL15-T97': 0.0009970089730807576}",2026-07-15T22:00:00+00:00
mia,KXHIGHMIA-26JUL15,neuralcaster_v2,"{'KXHIGHMIA-26JUL15-T90': 0.0009970089730807579, 'KXHIGHMIA-26JUL15-B90.5': 0.0009970089730807579, 'KXHIGHMIA-26JUL15-B92.5': 0.35812737331593564, 'KXHIGHMIA-26JUL15-B94.5': 0.5366910124352535, 'KXHIGHMIA-26JUL15-B96.5': 0.10219058732956873, 'KXHIGHMIA-26JUL15-T97': 0.0009970089730807579}",2026-07-15T23:00:00+00:00
mia,KXHIGHMIA-26JUL15,neuralcaster_v2,"{'KXHIGHMIA-26JUL15-T90': 0.0009970089730807579, 'KXHIGHMIA-26JUL15-B90.5': 0.0009970089730807579, 'KXHIGHMIA-26JUL15-B92.5': 0.3489784879412601, 'KXHIGHMIA-26JUL15-B94.5': 0.5421856496262504, 'KXHIGHMIA-26JUL15-B96.5': 0.10584483551324739, 'KXHIGHMIA-26JUL15-T97': 0.0009970089730807579}",2026-07-16T00:00:00+00:00
mia,KXHIGHMIA-26JUL15,neuralcaster_v2,"{'KXHIGHMIA-26JUL15-T90': 0.0009970089730807579, 'KXHIGHMIA-26JUL15-B90.5': 0.0009970089730807579, 'KXHIGHMIA-26JUL15-B92.5': 0.34605561920683237, 'KXHIGHMIA-26JUL15-B94.5': 0.5464708465757697, 'KXHIGHMIA-26JUL15-B96.5': 0.10448250729815577, 'KXHIGHMIA-26JUL15-T97': 0.0009970089730807579}",2026-07-16T01:00:00+00:00
mia,KXHIGHMIA-26JUL15,neuralcaster_v2,"{'KXHIGHMIA-26JUL15-T90': 0.0009970089730807579, 'KXHIGHMIA-26JUL15-B90.5': 0.0009970089730807579, 'KXHIGHMIA-26JUL15-B92.5': 0.3390764433218453, 'KXHIGHMIA-26JUL15-B94.5': 0.5541702839664023, 'KXHIGHMIA-26JUL15-B96.5': 0.1037622457925102, 'KXHIGHMIA-26JUL15-T97': 0.0009970089730807579}",2026-07-16T02:00:00+00:00
mia,KXHIGHMIA-26JUL15,neuralcaster_v2,"{'KXHIGHMIA-26JUL15-T90': 0.0009970089730807579, 'KXHIGHMIA-26JUL15-B90.5': 0.0009970089730807579, 'KXHIGHMIA-26JUL15-B92.5': 0.3372015324260343, 'KXHIGHMIA-26JUL15-B94.5': 0.5575523224886658, 'KXHIGHMIA-26JUL15-B96.5': 0.10225511816605767, 'KXHIGHMIA-26JUL15-T97': 0.0009970089730807579}",2026-07-16T03:00:00+00:00
mia,KXHIGHMIA-26JUL15,neuralcaster_v2,"{'KXHIGHMIA-26JUL15-T90': 0.0009970089730807579, 'KXHIGHMIA-26JUL15-B90.5': 0.0009970089730807579, 'KXHIGHMIA-26JUL15-B92.5': 0.3356055363966228, 'KXHIGHMIA-26JUL15-B94.5': 0.560582449189441, 'KXHIGHMIA-26JUL15-B96.5': 0.10082098749469412, 'KXHIGHMIA-26JUL15-T97': 0.0009970089730807579}",2026-07-16T04:00:00+00:00
nyc,KXHIGHNY-26JUL15,neuralcaster_v2,"{'KXHIGHNY-26JUL15-T97': 0.27631151185045505, 'KXHIGHNY-26JUL15-B97.5': 0.5159739761444108, 'KXHIGHNY-26JUL15-B99.5': 0.18585917573707794, 'KXHIGHNY-26JUL15-B101.5': 0.019859328284024366, 'KXHIGHNY-26JUL15-B103.5': 0.000998003992015968, 'KXHIGHNY-26JUL15-T104': 0.000998003992015968}",2026-07-15T05:00:00+00:00
nyc,KXHIGHNY-26JUL15,neuralcaster_v2,"{'KXHIGHNY-26JUL15-T97': 0.2735905740455918, 'KXHIGHNY-26JUL15-B97.5': 0.5232041858832149, 'KXHIGHNY-26JUL15-B99.5': 0.1833510046906625, 'KXHIGHNY-26JUL15-B101.5': 0.01785822739649884, 'KXHIGHNY-26JUL15-B103.5': 0.000998003992015968, 'KXHIGHNY-26JUL15-T104': 0.000998003992015968}",2026-07-15T06:00:00+00:00
nyc,KXHIGHNY-26JUL15,neuralcaster_v2,"{'KXHIGHNY-26JUL15-T97': 0.3045669015301417, 'KXHIGHNY-26JUL15-B97.5': 0.5146472905744072, 'KXHIGHNY-26JUL15-B99.5': 0.16541035752736766, 'KXHIGHNY-26JUL15-B101.5': 0.013379442384051426, 'KXHIGHNY-26JUL15-B103.5': 0.000998003992015968, 'KXHIGHNY-26JUL15-T104': 0.000998003992015968}",2026-07-15T07:00:00+00:00
nyc,KXHIGHNY-26JUL15,neuralcaster_v2,"{'KXHIGHNY-26JUL15-T97': 0.37205806744376396, 'KXHIGHNY-26JUL15-B97.5': 0.4955317911045895, 'KXHIGHNY-26JUL15-B99.5': 0.12661869804410894, 'KXHIGHNY-26JUL15-B101.5': 0.0037954354235056847, 'KXHIGHNY-26JUL15-B103.5': 0.000998003992015968, 'KXHIGHNY-26JUL15-T104': 0.000998003992015968}",2026-07-15T08:00:00+00:00
nyc,KXHIGHNY-26JUL15,neuralcaster_v2,"{'KXHIGHNY-26JUL15-T97': 0.400271779538453, 'KXHIGHNY-26JUL15-B97.5': 0.48616282164321556, 'KXHIGHNY-26JUL15-B99.5': 0.11057428732081141, 'KXHIGHNY-26JUL15-B101.5': 0.0009970371658400358, 'KXHIGHNY-26JUL15-B103.5': 0.0009970371658400358, 'KXHIGHNY-26JUL15-T104': 0.0009970371658400358}",2026-07-15T09:00:00+00:00
nyc,KXHIGHNY-26JUL15,neuralcaster_v2,"{'KXHIGHNY-26JUL15-T97': 0.38261860071002074, 'KXHIGHNY-26JUL15-B97.5': 0.4929416568327853, 'KXHIGHNY-26JUL15-B99.5': 0.12029611835797865, 'KXHIGHNY-26JUL15-B101.5': 0.002147616115183404, 'KXHIGHNY-26JUL15-B103.5': 0.000998003992015968, 'KXHIGHNY-26JUL15-T104': 0.000998003992015968}",2026-07-15T10:00:00+00:00
nyc,KXHIGHNY-26JUL15,neuralcaster_v2,"{'KXHIGHNY-26JUL15-T97': 0.3947255386980203, 'KXHIGHNY-26JUL15-B97.5': 0.48861094756889417, 'KXHIGHNY-26JUL15-B99.5': 0.11367048153610829, 'KXHIGHNY-26JUL15-B101.5': 0.000997677398992412, 'KXHIGHNY-26JUL15-B103.5': 0.000997677398992412, 'KXHIGHNY-26JUL15-T104': 0.000997677398992412}",2026-07-15T11:00:00+00:00
nyc,KXHIGHNY-26JUL15,neuralcaster_v2,"{'KXHIGHNY-26JUL15-T97': 0.4008142178505019, 'KXHIGHNY-26JUL15-B97.5': 0.48572697489642264, 'KXHIGHNY-26JUL15-B99.5': 0.11046758267791221, 'KXHIGHNY-26JUL15-B101.5': 0.0009970748583877848, 'KXHIGHNY-26JUL15-B103.5': 0.0009970748583877848, 'KXHIGHNY-26JUL15-T104': 0.0009970748583877848}",2026-07-15T12:00:00+00:00
nyc,KXHIGHNY-26JUL15,neuralcaster_v2,"{'KXHIGHNY-26JUL15-T97': 0.4081068794424035, 'KXHIGHNY-26JUL15-B97.5': 0.4829348050112887, 'KXHIGHNY-26JUL15-B99.5': 0.10596728862706564, 'KXHIGHNY-26JUL15-B101.5': 0.0009970089730807579, 'KXHIGHNY-26JUL15-B103.5': 0.0009970089730807579, 'KXHIGHNY-26JUL15-T104': 0.0009970089730807579}",2026-07-15T13:00:00+00:00
nyc,KXHIGHNY-26JUL15,neuralcaster_v2,"{'KXHIGHNY-26JUL15-T97': 0.39102252456590025, 'KXHIGHNY-26JUL15-B97.5': 0.490869229189476, 'KXHIGHNY-26JUL15-B99.5': 0.11511488734419302, 'KXHIGHNY-26JUL15-B101.5': 0.0009977863001435986, 'KXHIGHNY-26JUL15-B103.5': 0.0009977863001435986, 'KXHIGHNY-26JUL15-T104': 0.0009977863001435986}",2026-07-15T14:00:00+00:00
nyc,KXHIGHNY-26JUL15,neuralcaster_v2,"{'KXHIGHNY-26JUL15-T97': 0.43551050245224776, 'KXHIGHNY-26JUL15-B97.5': 0.4687953187688358, 'KXHIGHNY-26JUL15-B99.5': 0.09270315185967429, 'KXHIGHNY-26JUL15-B101.5': 0.0009970089730807579, 'KXHIGHNY-26JUL15-B103.5': 0.0009970089730807579, 'KXHIGHNY-26JUL15-T104': 0.0009970089730807579}",2026-07-15T15:00:00+00:00
nyc,KXHIGHNY-26JUL15,neuralcaster_v2,"{'KXHIGHNY-26JUL15-T97': 0.40385707251633524, 'KXHIGHNY-26JUL15-B97.5': 0.48748193255293426, 'KXHIGHNY-26JUL15-B99.5': 0.10566996801148835, 'KXHIGHNY-26JUL15-B101.5': 0.0009970089730807579, 'KXHIGHNY-26JUL15-B103.5': 0.0009970089730807579, 'KXHIGHNY-26JUL15-T104': 0.0009970089730807579}",2026-07-15T16:00:00+00:00
nyc,KXHIGHNY-26JUL15,neuralcaster_v2,"{'KXHIGHNY-26JUL15-T97': 0.39897126124295257, 'KXHIGHNY-26JUL15-B97.5': 0.4933843042459218, 'KXHIGHNY-26JUL15-B99.5': 0.10465340759188346, 'KXHIGHNY-26JUL15-B101.5': 0.0009970089730807579, 'KXHIGHNY-26JUL15-B103.5': 0.0009970089730807579, 'KXHIGHNY-26JUL15-T104': 0.0009970089730807579}",2026-07-15T17:00:00+00:00
nyc,KXHIGHNY-26JUL15,neuralcaster_v2,"{'KXHIGHNY-26JUL15-T97': 0.5496394363048382, 'KXHIGHNY-26JUL15-B97.5': 0.40020515456808725, 'KXHIGHNY-26JUL15-B99.5': 0.04716438220783236, 'KXHIGHNY-26JUL15-B101.5': 0.0009970089730807579, 'KXHIGHNY-26JUL15-B103.5': 0.0009970089730807579, 'KXHIGHNY-26JUL15-T104': 0.0009970089730807579}",2026-07-15T18:00:00+00:00
nyc,KXHIGHNY-26JUL15,neuralcaster_v2,"{'KXHIGHNY-26JUL15-T97': 0.6372918183431953, 'KXHIGHNY-26JUL15-B97.5': 0.32565037572836025, 'KXHIGHNY-26JUL15-B99.5': 0.03406677900920237, 'KXHIGHNY-26JUL15-B101.5': 0.0009970089730807579, 'KXHIGHNY-26JUL15-B103.5': 0.0009970089730807579, 'KXHIGHNY-26JUL15-T104': 0.0009970089730807579}",2026-07-15T19:00:00+00:00
nyc,KXHIGHNY-26JUL15,neuralcaster_v2,"{'KXHIGHNY-26JUL15-T97': 0.6724545582059852, 'KXHIGHNY-26JUL15-B97.5': 0.2960813889976108, 'KXHIGHNY-26JUL15-B99.5': 0.028473025877161835, 'KXHIGHNY-26JUL15-B101.5': 0.0009970089730807579, 'KXHIGHNY-26JUL15-B103.5': 0.0009970089730807579, 'KXHIGHNY-26JUL15-T104': 0.0009970089730807579}",2026-07-15T20:00:00+00:00
nyc,KXHIGHNY-26JUL15,neuralcaster_v2,"{'KXHIGHNY-26JUL15-T97': 0.7528785793081825, 'KXHIGHNY-26JUL15-B97.5': 0.23129455854757663, 'KXHIGHNY-26JUL15-B99.5': 0.012835835224998676, 'KXHIGHNY-26JUL15-B101.5': 0.0009970089730807579, 'KXHIGHNY-26JUL15-B103.5': 0.0009970089730807579, 'KXHIGHNY-26JUL15-T104': 0.0009970089730807579}",2026-07-15T21:00:00+00:00
nyc,KXHIGHNY-26JUL15,neuralcaster_v2,"{'KXHIGHNY-26JUL15-T97': 0.7958260030261637, 'KXHIGHNY-26JUL15-B97.5': 0.2001899332288164, 'KXHIGHNY-26JUL15-B99.5': 0.00099601593625498, 'KXHIGHNY-26JUL15-B101.5': 0.00099601593625498, 'KXHIGHNY-26JUL15-B103.5': 0.00099601593625498, 'KXHIGHNY-26JUL15-T104': 0.00099601593625498}",2026-07-15T22:00:00+00:00
nyc,KXHIGHNY-26JUL15,neuralcaster_v2,"{'KXHIGHNY-26JUL15-T97': 0.8667987851287976, 'KXHIGHNY-26JUL15-B97.5': 0.12921715112618248, 'KXHIGHNY-26JUL15-B99.5': 0.00099601593625498, 'KXHIGHNY-26JUL15-B101.5': 0.00099601593625498, 'KXHIGHNY-26JUL15-B103.5': 0.00099601593625498, 'KXHIGHNY-26JUL15-T104': 0.00099601593625498}",2026-07-15T23:00:00+00:00
nyc,KXHIGHNY-26JUL15,neuralcaster_v2,"{'KXHIGHNY-26JUL15-T97': 0.8666335677280819, 'KXHIGHNY-26JUL15-B97.5': 0.12938236852689816, 'KXHIGHNY-26JUL15-B99.5': 0.00099601593625498, 'KXHIGHNY-26JUL15-B101.5': 0.00099601593625498, 'KXHIGHNY-26JUL15-B103.5': 0.00099601593625498, 'KXHIGHNY-26JUL15-T104': 0.00099601593625498}",2026-07-16T00:00:00+00:00
nyc,KXHIGHNY-26JUL15,neuralcaster_v2,"{'KXHIGHNY-26JUL15-T97': 0.8801145054417486, 'KXHIGHNY-26JUL15-B97.5': 0.11590143081323141, 'KXHIGHNY-26JUL15-B99.5': 0.00099601593625498, 'KXHIGHNY-26JUL15-B101.5': 0.00099601593625498, 'KXHIGHNY-26JUL15-B103.5': 0.00099601593625498, 'KXHIGHNY-26JUL15-T104': 0.00099601593625498}",2026-07-16T01:00:00+00:00
nyc,KXHIGHNY-26JUL15,neuralcaster_v2,"{'KXHIGHNY-26JUL15-T97': 0.8836822022590481, 'KXHIGHNY-26JUL15-B97.5': 0.11233373399593197, 'KXHIGHNY-26JUL15-B99.5': 0.00099601593625498, 'KXHIGHNY-26JUL15-B101.5': 0.00099601593625498, 'KXHIGHNY-26JUL15-B103.5': 0.00099601593625498, 'KXHIGHNY-26JUL15-T104': 0.00099601593625498}",2026-07-16T02:00:00+00:00
nyc,KXHIGHNY-26JUL15,neuralcaster_v2,"{'KXHIGHNY-26JUL15-T97': 0.8848295017603192, 'KXHIGHNY-26JUL15-B97.5': 0.11118643449466087, 'KXHIGHNY-26JUL15-B99.5': 0.00099601593625498, 'KXHIGHNY-26JUL15-B101.5': 0.00099601593625498, 'KXHIGHNY-26JUL15-B103.5': 0.00099601593625498, 'KXHIGHNY-26JUL15-T104': 0.00099601593625498}",2026-07-16T03:00:00+00:00
nyc,KXHIGHNY-26JUL15,neuralcaster_v2,"{'KXHIGHNY-26JUL15-T97': 0.8856113021313416, 'KXHIGHNY-26JUL15-B97.5': 0.11040463412363838, 'KXHIGHNY-26JUL15-B99.5': 0.00099601593625498, 'KXHIGHNY-26JUL15-B101.5': 0.00099601593625498, 'KXHIGHNY-26JUL15-B103.5': 0.00099601593625498, 'KXHIGHNY-26JUL15-T104': 0.00099601593625498}",2026-07-16T04:00:00+00:00
okc,KXHIGHTOKC-26JUL15,neuralcaster_v2,"{'KXHIGHTOKC-26JUL15-T86': 0.017684105555011605, 'KXHIGHTOKC-26JUL15-B86.5': 0.17479460100489194, 'KXHIGHTOKC-26JUL15-B88.5': 0.5073636699082306, 'KXHIGHTOKC-26JUL15-B90.5': 0.2648174214723761, 'KXHIGHTOKC-26JUL15-B92.5': 0.034341201060488886, 'KXHIGHTOKC-26JUL15-T93': 0.0009990009990009992}",2026-07-15T06:00:00+00:00
okc,KXHIGHTOKC-26JUL15,neuralcaster_v2,"{'KXHIGHTOKC-26JUL15-T86': 0.018158992467448242, 'KXHIGHTOKC-26JUL15-B86.5': 0.17988817771614649, 'KXHIGHTOKC-26JUL15-B88.5': 0.5146757053559765, 'KXHIGHTOKC-26JUL15-B90.5': 0.2540743454300505, 'KXHIGHTOKC-26JUL15-B92.5': 0.03220377803137741, 'KXHIGHTOKC-26JUL15-T93': 0.0009990009990009992}",2026-07-15T07:00:00+00:00
okc,KXHIGHTOKC-26JUL15,neuralcaster_v2,"{'KXHIGHTOKC-26JUL15-T86': 0.00991533236564849, 'KXHIGHTOKC-26JUL15-B86.5': 0.14775781772793406, 'KXHIGHTOKC-26JUL15-B88.5': 0.5007144962310253, 'KXHIGHTOKC-26JUL15-B90.5': 0.3025132435889842, 'KXHIGHTOKC-26JUL15-B92.5': 0.03810010908740706, 'KXHIGHTOKC-26JUL15-T93': 0.0009990009990009992}",2026-07-15T08:00:00+00:00
okc,KXHIGHTOKC-26JUL15,neuralcaster_v2,"{'KXHIGHTOKC-26JUL15-T86': 0.009971077984113123, 'KXHIGHTOKC-26JUL15-B86.5': 0.14807171448836154, 'KXHIGHTOKC-26JUL15-B88.5': 0.5010028213298343, 'KXHIGHTOKC-26JUL15-B90.5': 0.3019487173056903, 'KXHIGHTOKC-26JUL15-B92.5': 0.03800666789299966, 'KXHIGHTOKC-26JUL15-T93': 0.000999000999000999}",2026-07-15T09:00:00+00:00
okc,KXHIGHTOKC-26JUL15,neuralcaster_v2,"{'KXHIGHTOKC-26JUL15-T86': 0.010643725869443286, 'KXHIGHTOKC-26JUL15-B86.5': 0.15079486720554797, 'KXHIGHTOKC-26JUL15-B88.5': 0.5023456013156626, 'KXHIGHTOKC-26JUL15-B90.5': 0.29774749757251906, 'KXHIGHTOKC-26JUL15-B92.5': 0.037469307037826166, 'KXHIGHTOKC-26JUL15-T93': 0.0009990009990009992}",2026-07-15T10:00:00+00:00
okc,KXHIGHTOKC-26JUL15,neuralcaster_v2,"{'KXHIGHTOKC-26JUL15-T86': 0.0062843401610007225, 'KXHIGHTOKC-26JUL15-B86.5': 0.13131463470483395, 'KXHIGHTOKC-26JUL15-B88.5': 0.4899671266426206, 'KXHIGHTOKC-26JUL15-B90.5': 0.32946750363041594, 'KXHIGHTOKC-26JUL15-B92.5': 0.04196739386212773, 'KXHIGHTOKC-26JUL15-T93': 0.000999000999000999}",2026-07-15T11:00:00+00:00
okc,KXHIGHTOKC-26JUL15,neuralcaster_v2,"{'KXHIGHTOKC-26JUL15-T86': 0.0009987809578702795, 'KXHIGHTOKC-26JUL15-B86.5': 0.10776251409596542, 'KXHIGHTOKC-26JUL15-B88.5': 0.4763843489965378, 'KXHIGHTOKC-26JUL15-B90.5': 0.3668131656367341, 'KXHIGHTOKC-26JUL15-B92.5': 0.047042409355022095, 'KXHIGHTOKC-26JUL15-T93': 0.0009987809578702795}",2026-07-15T12:00:00+00:00
okc,KXHIGHTOKC-26JUL15,neuralcaster_v2,"{'KXHIGHTOKC-26JUL15-T86': 0.0033040007116174044, 'KXHIGHTOKC-26JUL15-B86.5': 0.11912013854724195, 'KXHIGHTOKC-26JUL15-B88.5': 0.48375896692415477, 'KXHIGHTOKC-26JUL15-B90.5': 0.3483981382962285, 'KXHIGHTOKC-26JUL15-B92.5': 0.04441975452175626, 'KXHIGHTOKC-26JUL15-T93': 0.000999000999000999}",2026-07-15T13:00:00+00:00
okc,KXHIGHTOKC-26JUL15,neuralcaster_v2,"{'KXHIGHTOKC-26JUL15-T86': 0.000998003992015968, 'KXHIGHTOKC-26JUL15-B86.5': 0.09953478632400631, 'KXHIGHTOKC-26JUL15-B88.5': 0.47469486754405915, 'KXHIGHTOKC-26JUL15-B90.5': 0.37593859591356626, 'KXHIGHTOKC-26JUL15-B92.5': 0.04783574223433638, 'KXHIGHTOKC-26JUL15-T93': 0.000998003992015968}",2026-07-15T14:00:00+00:00
okc,KXHIGHTOKC-26JUL15,neuralcaster_v2,"{'KXHIGHTOKC-26JUL15-T86': 0.000998003992015968, 'KXHIGHTOKC-26JUL15-B86.5': 0.09160129824468578, 'KXHIGHTOKC-26JUL15-B88.5': 0.4656570757851834, 'KXHIGHTOKC-26JUL15-B90.5': 0.3913637351393755, 'KXHIGHTOKC-26JUL15-B92.5': 0.04938188284672335, 'KXHIGHTOKC-26JUL15-T93': 0.000998003992015968}",2026-07-15T15:00:00+00:00
okc,KXHIGHTOKC-26JUL15,neuralcaster_v2,"{'KXHIGHTOKC-26JUL15-T86': 0.000998003992015968, 'KXHIGHTOKC-26JUL15-B86.5': 0.08905696799988001, 'KXHIGHTOKC-26JUL15-B88.5': 0.467303073546947, 'KXHIGHTOKC-26JUL15-B90.5': 0.3928834063228157, 'KXHIGHTOKC-26JUL15-B92.5': 0.048760544146325344, 'KXHIGHTOKC-26JUL15-T93': 0.000998003992015968}",2026-07-15T16:00:00+00:00
okc,KXHIGHTOKC-26JUL15,neuralcaster_v2,"{'KXHIGHTOKC-26JUL15-T86': 0.000998003992015968, 'KXHIGHTOKC-26JUL15-B86.5': 0.07513552415756744, 'KXHIGHTOKC-26JUL15-B88.5': 0.44729639531099613, 'KXHIGHTOKC-26JUL15-B90.5': 0.4178379460894854, 'KXHIGHTOKC-26JUL15-B92.5': 0.05773412645791911, 'KXHIGHTOKC-26JUL15-T93': 0.000998003992015968}",2026-07-15T17:00:00+00:00
okc,KXHIGHTOKC-26JUL15,neuralcaster_v2,"{'KXHIGHTOKC-26JUL15-T86': 0.0009970089730807576, 'KXHIGHTOKC-26JUL15-B86.5': 0.36731909534554325, 'KXHIGHTOKC-26JUL15-B88.5': 0.5307530955041763, 'KXHIGHTOKC-26JUL15-B90.5': 0.0989367822310381, 'KXHIGHTOKC-26JUL15-B92.5': 0.0009970089730807576, 'KXHIGHTOKC-26JUL15-T93': 0.0009970089730807576}",2026-07-15T18:00:00+00:00
okc,KXHIGHTOKC-26JUL15,neuralcaster_v2,"{'KXHIGHTOKC-26JUL15-T86': 0.0009970089730807576, 'KXHIGHTOKC-26JUL15-B86.5': 0.36731909534554325, 'KXHIGHTOKC-26JUL15-B88.5': 0.531979003322739, 'KXHIGHTOKC-26JUL15-B90.5': 0.09771087441247545, 'KXHIGHTOKC-26JUL15-B92.5': 0.0009970089730807576, 'KXHIGHTOKC-26JUL15-T93': 0.0009970089730807576}",2026-07-15T19:00:00+00:00
okc,KXHIGHTOKC-26JUL15,neuralcaster_v2,"{'KXHIGHTOKC-26JUL15-T86': 0.0009970089730807579, 'KXHIGHTOKC-26JUL15-B86.5': 0.36731909534554336, 'KXHIGHTOKC-26JUL15-B88.5': 0.5329572447468268, 'KXHIGHTOKC-26JUL15-B90.5': 0.09673263298838759, 'KXHIGHTOKC-26JUL15-B92.5': 0.0009970089730807579, 'KXHIGHTOKC-26JUL15-T93': 0.0009970089730807579}",2026-07-15T20:00:00+00:00
okc,KXHIGHTOKC-26JUL15,neuralcaster_v2,"{'KXHIGHTOKC-26JUL15-T86': 0.0009970089730807579, 'KXHIGHTOKC-26JUL15-B86.5': 0.36731909534554336, 'KXHIGHTOKC-26JUL15-B88.5': 0.531393987636819, 'KXHIGHTOKC-26JUL15-B90.5': 0.09829589009839546, 'KXHIGHTOKC-26JUL15-B92.5': 0.0009970089730807579, 'KXHIGHTOKC-26JUL15-T93': 0.0009970089730807579}",2026-07-15T21:00:00+00:00
okc,KXHIGHTOKC-26JUL15,neuralcaster_v2,"{'KXHIGHTOKC-26JUL15-T86': 0.0009970089730807576, 'KXHIGHTOKC-26JUL15-B86.5': 0.36731909534554325, 'KXHIGHTOKC-26JUL15-B88.5': 0.5326553687562866, 'KXHIGHTOKC-26JUL15-B90.5': 0.09703450897892778, 'KXHIGHTOKC-26JUL15-B92.5': 0.0009970089730807576, 'KXHIGHTOKC-26JUL15-T93': 0.0009970089730807576}",2026-07-15T22:00:00+00:00
okc,KXHIGHTOKC-26JUL15,neuralcaster_v2,"{'KXHIGHTOKC-26JUL15-T86': 0.0009970089730807576, 'KXHIGHTOKC-26JUL15-B86.5': 0.36731909534554325, 'KXHIGHTOKC-26JUL15-B88.5': 0.5335237649072816, 'KXHIGHTOKC-26JUL15-B90.5': 0.09616611282793282, 'KXHIGHTOKC-26JUL15-B92.5': 0.0009970089730807576, 'KXHIGHTOKC-26JUL15-T93': 0.0009970089730807576}",2026-07-15T23:00:00+00:00
okc,KXHIGHTOKC-26JUL15,neuralcaster_v2,"{'KXHIGHTOKC-26JUL15-T86': 0.0009970089730807579, 'KXHIGHTOKC-26JUL15-B86.5': 0.36731909534554336, 'KXHIGHTOKC-26JUL15-B88.5': 0.533757509500139, 'KXHIGHTOKC-26JUL15-B90.5': 0.09593236823507541, 'KXHIGHTOKC-26JUL15-B92.5': 0.0009970089730807579, 'KXHIGHTOKC-26JUL15-T93': 0.0009970089730807579}",2026-07-16T00:00:00+00:00
okc,KXHIGHTOKC-26JUL15,neuralcaster_v2,"{'KXHIGHTOKC-26JUL15-T86': 0.0009970089730807576, 'KXHIGHTOKC-26JUL15-B86.5': 0.36731909534554325, 'KXHIGHTOKC-26JUL15-B88.5': 0.5335976481786237, 'KXHIGHTOKC-26JUL15-B90.5': 0.09609222955659073, 'KXHIGHTOKC-26JUL15-B92.5': 0.0009970089730807576, 'KXHIGHTOKC-26JUL15-T93': 0.0009970089730807576}",2026-07-16T01:00:00+00:00
okc,KXHIGHTOKC-26JUL15,neuralcaster_v2,"{'KXHIGHTOKC-26JUL15-T86': 0.0009970089730807579, 'KXHIGHTOKC-26JUL15-B86.5': 0.36731909534554336, 'KXHIGHTOKC-26JUL15-B88.5': 0.5379743250000891, 'KXHIGHTOKC-26JUL15-B90.5': 0.09171555273512534, 'KXHIGHTOKC-26JUL15-B92.5': 0.0009970089730807579, 'KXHIGHTOKC-26JUL15-T93': 0.0009970089730807579}",2026-07-16T02:00:00+00:00
okc,KXHIGHTOKC-26JUL15,neuralcaster_v2,"{'KXHIGHTOKC-26JUL15-T86': 0.0009970089730807576, 'KXHIGHTOKC-26JUL15-B86.5': 0.36731909534554325, 'KXHIGHTOKC-26JUL15-B88.5': 0.5399614334004695, 'KXHIGHTOKC-26JUL15-B90.5': 0.08972844433474492, 'KXHIGHTOKC-26JUL15-B92.5': 0.0009970089730807576, 'KXHIGHTOKC-26JUL15-T93': 0.0009970089730807576}",2026-07-16T03:00:00+00:00
okc,KXHIGHTOKC-26JUL15,neuralcaster_v2,"{'KXHIGHTOKC-26JUL15-T86': 0.0009970089730807576, 'KXHIGHTOKC-26JUL15-B86.5': 0.36731909534554325, 'KXHIGHTOKC-26JUL15-B88.5': 0.5429937412255764, 'KXHIGHTOKC-26JUL15-B90.5': 0.08669613650963795, 'KXHIGHTOKC-26JUL15-B92.5': 0.0009970089730807576, 'KXHIGHTOKC-26JUL15-T93': 0.0009970089730807576}",2026-07-16T04:00:00+00:00
okc,KXHIGHTOKC-26JUL15,neuralcaster_v2,"{'KXHIGHTOKC-26JUL15-T86': 0.0009970089730807579, 'KXHIGHTOKC-26JUL15-B86.5': 0.36731909534554336, 'KXHIGHTOKC-26JUL15-B88.5': 0.5418297788308344, 'KXHIGHTOKC-26JUL15-B90.5': 0.08786009890438008, 'KXHIGHTOKC-26JUL15-B92.5': 0.0009970089730807579, 'KXHIGHTOKC-26JUL15-T93': 0.0009970089730807579}",2026-07-16T05:00:00+00:00
aus,KXHIGHAUS-26JUL16,neuralcaster_v2,"{'KXHIGHAUS-26JUL16-T84': 0.013975580654778328, 'KXHIGHAUS-26JUL16-B84.5': 0.11564077748919363, 'KXHIGHAUS-26JUL16-B86.5': 0.4116394063190574, 'KXHIGHAUS-26JUL16-B88.5': 0.37284976037274964, 'KXHIGHAUS-26JUL16-B90.5': 0.08206104110448764, 'KXHIGHAUS-26JUL16-T91': 0.003833434059733354}",2026-07-16T06:00:00+00:00
aus,KXHIGHAUS-26JUL16,neuralcaster_v2,"{'KXHIGHAUS-26JUL16-T84': 0.012352805413488469, 'KXHIGHAUS-26JUL16-B84.5': 0.10102789682710626, 'KXHIGHAUS-26JUL16-B86.5': 0.392257784688647, 'KXHIGHAUS-26JUL16-B88.5': 0.38848148225840473, 'KXHIGHAUS-26JUL16-B90.5': 0.09491336771751879, 'KXHIGHAUS-26JUL16-T91': 0.010966663094834739}",2026-07-16T07:00:00+00:00
aus,KXHIGHAUS-26JUL16,neuralcaster_v2,"{'KXHIGHAUS-26JUL16-T84': 0.010158960420795053, 'KXHIGHAUS-26JUL16-B84.5': 0.0956416316412374, 'KXHIGHAUS-26JUL16-B86.5': 0.394893127431083, 'KXHIGHAUS-26JUL16-B88.5': 0.394428517928457, 'KXHIGHAUS-26JUL16-B90.5': 0.09488934329016485, 'KXHIGHAUS-26JUL16-T91': 0.009988419288262662}",2026-07-16T08:00:00+00:00
aus,KXHIGHAUS-26JUL16,neuralcaster_v2,"{'KXHIGHAUS-26JUL16-T84': 0.004610330990724329, 'KXHIGHAUS-26JUL16-B84.5': 0.08285523689035076, 'KXHIGHAUS-26JUL16-B86.5': 0.3734197384628887, 'KXHIGHAUS-26JUL16-B88.5': 0.40953251001871305, 'KXHIGHAUS-26JUL16-B90.5': 0.115356058048118, 'KXHIGHAUS-26JUL16-T91': 0.014226125589205219}",2026-07-16T09:00:00+00:00
aus,KXHIGHAUS-26JUL16,neuralcaster_v2,"{'KXHIGHAUS-26JUL16-T84': 0.0013911399368439353, 'KXHIGHAUS-26JUL16-B84.5': 0.0787861551613646, 'KXHIGHAUS-26JUL16-B86.5': 0.3676449065132702, 'KXHIGHAUS-26JUL16-B88.5': 0.4182724074369006, 'KXHIGHAUS-26JUL16-B90.5': 0.11968707674832202, 'KXHIGHAUS-26JUL16-T91': 0.014218314203298665}",2026-07-16T10:00:00+00:00
aus,KXHIGHAUS-26JUL16,neuralcaster_v2,"{'KXHIGHAUS-26JUL16-T84': 0.001890001675801776, 'KXHIGHAUS-26JUL16-B84.5': 0.0795152953926295, 'KXHIGHAUS-26JUL16-B86.5': 0.3689721299880886, 'KXHIGHAUS-26JUL16-B88.5': 0.41691680731155906, 'KXHIGHAUS-26JUL16-B90.5': 0.1186167557504395, 'KXHIGHAUS-26JUL16-T91': 0.01408900988148154}",2026-07-16T11:00:00+00:00
aus,KXHIGHAUS-26JUL16,neuralcaster_v2,"{'KXHIGHAUS-26JUL16-T84': 0.000999000999000999, 'KXHIGHAUS-26JUL16-B84.5': 0.0528213439783046, 'KXHIGHAUS-26JUL16-B86.5': 0.3231503483567984, 'KXHIGHAUS-26JUL16-B88.5': 0.44312701262675375, 'KXHIGHAUS-26JUL16-B90.5': 0.15742478793617382, 'KXHIGHAUS-26JUL16-T91': 0.022477506102968378}",2026-07-16T12:00:00+00:00
aus,KXHIGHAUS-26JUL16,neuralcaster_v2,"{'KXHIGHAUS-26JUL16-T84': 0.0009990009990009992, 'KXHIGHAUS-26JUL16-B84.5': 0.040132295758521654, 'KXHIGHAUS-26JUL16-B86.5': 0.2586826352236929, 'KXHIGHAUS-26JUL16-B88.5': 0.4759134810597105, 'KXHIGHAUS-26JUL16-B90.5': 0.19487955444287497, 'KXHIGHAUS-26JUL16-T91': 0.029393032516199128}",2026-07-16T13:00:00+00:00
aus,KXHIGHAUS-26JUL16,neuralcaster_v2,"{'KXHIGHAUS-26JUL16-T84': 0.000999000999000999, 'KXHIGHAUS-26JUL16-B84.5': 0.04323505546177554, 'KXHIGHAUS-26JUL16-B86.5': 0.2974596460820012, 'KXHIGHAUS-26JUL16-B88.5': 0.4729552220219739, 'KXHIGHAUS-26JUL16-B90.5': 0.1651958480247868, 'KXHIGHAUS-26JUL16-T91': 0.020155227410461534}",2026-07-16T14:00:00+00:00
aus,KXHIGHAUS-26JUL16,neuralcaster_v2,"{'KXHIGHAUS-26JUL16-T84': 0.0009990009990009992, 'KXHIGHAUS-26JUL16-B84.5': 0.04868203185533911, 'KXHIGHAUS-26JUL16-B86.5': 0.3443209396938816, 'KXHIGHAUS-26JUL16-B88.5': 0.4607561238020202, 'KXHIGHAUS-26JUL16-B90.5': 0.13348159675630433, 'KXHIGHAUS-26JUL16-T91': 0.011760306893453839}",2026-07-16T15:00:00+00:00
aus,KXHIGHAUS-26JUL16,neuralcaster_v2,"{'KXHIGHAUS-26JUL16-T84': 0.000999000999000999, 'KXHIGHAUS-26JUL16-B84.5': 0.04321827740510028, 'KXHIGHAUS-26JUL16-B86.5': 0.3460867928664534, 'KXHIGHAUS-26JUL16-B88.5': 0.4891002250598011, 'KXHIGHAUS-26JUL16-B90.5': 0.11839929053075164, 'KXHIGHAUS-26JUL16-T91': 0.002196413138892435}",2026-07-16T16:00:00+00:00
aus,KXHIGHAUS-26JUL16,neuralcaster_v2,"{'KXHIGHAUS-26JUL16-T84': 0.000998003992015968, 'KXHIGHAUS-26JUL16-B84.5': 0.04332218816351376, 'KXHIGHAUS-26JUL16-B86.5': 0.3691583973763795, 'KXHIGHAUS-26JUL16-B88.5': 0.49123674300206643, 'KXHIGHAUS-26JUL16-B90.5': 0.09428666347400835, 'KXHIGHAUS-26JUL16-T91': 0.000998003992015968}",2026-07-16T17:00:00+00:00
aus,KXHIGHAUS-26JUL16,neuralcaster_v2,"{'KXHIGHAUS-26JUL16-T84': 0.0009990009990009992, 'KXHIGHAUS-26JUL16-B84.5': 0.011203020643908657, 'KXHIGHAUS-26JUL16-B86.5': 0.20663078086174477, 'KXHIGHAUS-26JUL16-B88.5': 0.584334412972515, 'KXHIGHAUS-26JUL16-B90.5': 0.18951080288365033, 'KXHIGHAUS-26JUL16-T91': 0.007321981639180336}",2026-07-16T18:00:00+00:00
aus,KXHIGHAUS-26JUL16,neuralcaster_v2,"{'KXHIGHAUS-26JUL16-T84': 0.000998003992015968, 'KXHIGHAUS-26JUL16-B84.5': 0.000998003992015968, 'KXHIGHAUS-26JUL16-B86.5': 0.010833877078786877, 'KXHIGHAUS-26JUL16-B88.5': 0.2845392379140922, 'KXHIGHAUS-26JUL16-B90.5': 0.6195196233657256, 'KXHIGHAUS-26JUL16-T91': 0.08311125365736345}",2026-07-16T19:00:00+00:00
aus,KXHIGHAUS-26JUL16,neuralcaster_v2,"{'KXHIGHAUS-26JUL16-T84': 0.0009970089730807576, 'KXHIGHAUS-26JUL16-B84.5': 0.0009970089730807576, 'KXHIGHAUS-26JUL16-B86.5': 0.0009970089730807576, 'KXHIGHAUS-26JUL16-B88.5': 0.17170742201572062, 'KXHIGHAUS-26JUL16-B90.5': 0.6935564497642799, 'KXHIGHAUS-26JUL16-T91': 0.13174510130075712}",2026-07-16T20:00:00+00:00
aus,KXHIGHAUS-26JUL16,neuralcaster_v2,"{'KXHIGHAUS-26JUL16-T84': 0.0009970089730807579, 'KXHIGHAUS-26JUL16-B84.5': 0.0009970089730807579, 'KXHIGHAUS-26JUL16-B86.5': 0.0009970089730807579, 'KXHIGHAUS-26JUL16-B88.5': 0.38449124149841146, 'KXHIGHAUS-26JUL16-B90.5': 0.5668396733690341, 'KXHIGHAUS-26JUL16-T91': 0.0456780582133123}",2026-07-16T21:00:00+00:00
aus,KXHIGHAUS-26JUL16,neuralcaster_v2,"{'KXHIGHAUS-26JUL16-T84': 0.0009970089730807579, 'KXHIGHAUS-26JUL16-B84.5': 0.0009970089730807579, 'KXHIGHAUS-26JUL16-B86.5': 0.0009970089730807579, 'KXHIGHAUS-26JUL16-B88.5': 0.2262387276057414, 'KXHIGHAUS-26JUL16-B90.5': 0.6782510735477438, 'KXHIGHAUS-26JUL16-T91': 0.09251917192727259}",2026-07-16T22:00:00+00:00
aus,KXHIGHAUS-26JUL16,neuralcaster_v2,"{'KXHIGHAUS-26JUL16-T84': 0.0009970089730807576, 'KXHIGHAUS-26JUL16-B84.5': 0.0009970089730807576, 'KXHIGHAUS-26JUL16-B86.5': 0.0009970089730807576, 'KXHIGHAUS-26JUL16-B88.5': 0.24938633187109688, 'KXHIGHAUS-26JUL16-B90.5': 0.6636993289379528, 'KXHIGHAUS-26JUL16-T91': 0.08392331227170796}",2026-07-16T23:00:00+00:00
aus,KXHIGHAUS-26JUL16,neuralcaster_v2,"{'KXHIGHAUS-26JUL16-T84': 0.0009970089730807576, 'KXHIGHAUS-26JUL16-B84.5': 0.0009970089730807576, 'KXHIGHAUS-26JUL16-B86.5': 0.0009970089730807576, 'KXHIGHAUS-26JUL16-B88.5': 0.24901806103084745, 'KXHIGHAUS-26JUL16-B90.5': 0.6639308424524016, 'KXHIGHAUS-26JUL16-T91': 0.08406006959750861}",2026-07-17T00:00:00+00:00
aus,KXHIGHAUS-26JUL16,neuralcaster_v2,"{'KXHIGHAUS-26JUL16-T84': 0.0009970089730807576, 'KXHIGHAUS-26JUL16-B84.5': 0.0009970089730807576, 'KXHIGHAUS-26JUL16-B86.5': 0.0009970089730807576, 'KXHIGHAUS-26JUL16-B88.5': 0.25253445357000337, 'KXHIGHAUS-26JUL16-B90.5': 0.6617202617983097, 'KXHIGHAUS-26JUL16-T91': 0.08275425771244464}",2026-07-17T01:00:00+00:00
aus,KXHIGHAUS-26JUL16,neuralcaster_v2,"{'KXHIGHAUS-26JUL16-T84': 0.0009970089730807579, 'KXHIGHAUS-26JUL16-B84.5': 0.0009970089730807579, 'KXHIGHAUS-26JUL16-B86.5': 0.0009970089730807579, 'KXHIGHAUS-26JUL16-B88.5': 0.24932990327460716, 'KXHIGHAUS-26JUL16-B90.5': 0.6637348027829088, 'KXHIGHAUS-26JUL16-T91': 0.08394426702324193}",2026-07-17T02:00:00+00:00
aus,KXHIGHAUS-26JUL16,neuralcaster_v2,"{'KXHIGHAUS-26JUL16-T84': 0.0009970089730807579, 'KXHIGHAUS-26JUL16-B84.5': 0.0009970089730807579, 'KXHIGHAUS-26JUL16-B86.5': 0.0009970089730807579, 'KXHIGHAUS-26JUL16-B88.5': 0.24401967535230074, 'KXHIGHAUS-26JUL16-B90.5': 0.6670730782977029, 'KXHIGHAUS-26JUL16-T91': 0.08591621943075417}",2026-07-17T03:00:00+00:00
aus,KXHIGHAUS-26JUL16,neuralcaster_v2,"{'KXHIGHAUS-26JUL16-T84': 0.0009970089730807579, 'KXHIGHAUS-26JUL16-B84.5': 0.0009970089730807579, 'KXHIGHAUS-26JUL16-B86.5': 0.0009970089730807579, 'KXHIGHAUS-26JUL16-B88.5': 0.2439573069035488, 'KXHIGHAUS-26JUL16-B90.5': 0.6671122862316016, 'KXHIGHAUS-26JUL16-T91': 0.08593937994560742}",2026-07-17T04:00:00+00:00
aus,KXHIGHAUS-26JUL16,neuralcaster_v2,"{'KXHIGHAUS-26JUL16-T84': 0.0009970089730807576, 'KXHIGHAUS-26JUL16-B84.5': 0.0009970089730807576, 'KXHIGHAUS-26JUL16-B86.5': 0.0009970089730807576, 'KXHIGHAUS-26JUL16-B88.5': 0.24410283328396992, 'KXHIGHAUS-26JUL16-B90.5': 0.6670208010525048, 'KXHIGHAUS-26JUL16-T91': 0.08588533874428293}",2026-07-17T05:00:00+00:00
den,KXHIGHDEN-26JUL16,neuralcaster_v2,"{'KXHIGHDEN-26JUL16-T89': 0.01412467281414121, 'KXHIGHDEN-26JUL16-B89.5': 0.12050416009159742, 'KXHIGHDEN-26JUL16-B91.5': 0.4203667537301162, 'KXHIGHDEN-26JUL16-B93.5': 0.3662529152648094, 'KXHIGHDEN-26JUL16-B95.5': 0.07775194818809394, 'KXHIGHDEN-26JUL16-T96': 0.0009995499112418421}",2026-07-16T07:00:00+00:00
den,KXHIGHDEN-26JUL16,neuralcaster_v2,"{'KXHIGHDEN-26JUL16-T89': 0.013837486828835514, 'KXHIGHDEN-26JUL16-B89.5': 0.11787504298663207, 'KXHIGHDEN-26JUL16-B91.5': 0.41696972683324307, 'KXHIGHDEN-26JUL16-B93.5': 0.36976860749240326, 'KXHIGHDEN-26JUL16-B95.5': 0.07967949376484618, 'KXHIGHDEN-26JUL16-T96': 0.0018696420940399472}",2026-07-16T08:00:00+00:00
den,KXHIGHDEN-26JUL16,neuralcaster_v2,"{'KXHIGHDEN-26JUL16-T89': 0.020308345954814788, 'KXHIGHDEN-26JUL16-B89.5': 0.13660093600026696, 'KXHIGHDEN-26JUL16-B91.5': 0.4148939541132634, 'KXHIGHDEN-26JUL16-B93.5': 0.3497519649448668, 'KXHIGHDEN-26JUL16-B95.5': 0.07578826377120651, 'KXHIGHDEN-26JUL16-T96': 0.0026565352155815125}",2026-07-16T09:00:00+00:00
den,KXHIGHDEN-26JUL16,neuralcaster_v2,"{'KXHIGHDEN-26JUL16-T89': 0.022727153980424696, 'KXHIGHDEN-26JUL16-B89.5': 0.14416171928686677, 'KXHIGHDEN-26JUL16-B91.5': 0.41524399838807585, 'KXHIGHDEN-26JUL16-B93.5': 0.3415224374799377, 'KXHIGHDEN-26JUL16-B95.5': 0.07380874253620351, 'KXHIGHDEN-26JUL16-T96': 0.0025359483284914663}",2026-07-16T10:00:00+00:00
den,KXHIGHDEN-26JUL16,neuralcaster_v2,"{'KXHIGHDEN-26JUL16-T89': 0.023516545483610565, 'KXHIGHDEN-26JUL16-B89.5': 0.14654914742688738, 'KXHIGHDEN-26JUL16-B91.5': 0.41519753146657284, 'KXHIGHDEN-26JUL16-B93.5': 0.3389433454912417, 'KXHIGHDEN-26JUL16-B95.5': 0.07323764327305404, 'KXHIGHDEN-26JUL16-T96': 0.0025557868586334465}",2026-07-16T11:00:00+00:00
den,KXHIGHDEN-26JUL16,neuralcaster_v2,"{'KXHIGHDEN-26JUL16-T89': 0.0212800734782687, 'KXHIGHDEN-26JUL16-B89.5': 0.13545101159848527, 'KXHIGHDEN-26JUL16-B91.5': 0.40663082815229906, 'KXHIGHDEN-26JUL16-B93.5': 0.3520234088030789, 'KXHIGHDEN-26JUL16-B95.5': 0.07891123531624311, 'KXHIGHDEN-26JUL16-T96': 0.005703442651624924}",2026-07-16T12:00:00+00:00
den,KXHIGHDEN-26JUL16,neuralcaster_v2,"{'KXHIGHDEN-26JUL16-T89': 0.020397855696990114, 'KXHIGHDEN-26JUL16-B89.5': 0.1314772091277449, 'KXHIGHDEN-26JUL16-B91.5': 0.40406245640122873, 'KXHIGHDEN-26JUL16-B93.5': 0.35664487340591877, 'KXHIGHDEN-26JUL16-B95.5': 0.08077119865822746, 'KXHIGHDEN-26JUL16-T96': 0.006646406709890029}",2026-07-16T13:00:00+00:00
den,KXHIGHDEN-26JUL16,neuralcaster_v2,"{'KXHIGHDEN-26JUL16-T89': 0.022874298363467493, 'KXHIGHDEN-26JUL16-B89.5': 0.1431668729469308, 'KXHIGHDEN-26JUL16-B91.5': 0.4123456306125418, 'KXHIGHDEN-26JUL16-B93.5': 0.3429595830527731, 'KXHIGHDEN-26JUL16-B95.5': 0.07504960401500582, 'KXHIGHDEN-26JUL16-T96': 0.003604011009280983}",2026-07-16T14:00:00+00:00
den,KXHIGHDEN-26JUL16,neuralcaster_v2,"{'KXHIGHDEN-26JUL16-T89': 0.02968829327595775, 'KXHIGHDEN-26JUL16-B89.5': 0.1750292962926816, 'KXHIGHDEN-26JUL16-B91.5': 0.4342659939635597, 'KXHIGHDEN-26JUL16-B93.5': 0.3051906715341429, 'KXHIGHDEN-26JUL16-B95.5': 0.054826743934657134, 'KXHIGHDEN-26JUL16-T96': 0.0009990009990009992}",2026-07-16T15:00:00+00:00
den,KXHIGHDEN-26JUL16,neuralcaster_v2,"{'KXHIGHDEN-26JUL16-T89': 0.027976572137819292, 'KXHIGHDEN-26JUL16-B89.5': 0.16937817145195902, 'KXHIGHDEN-26JUL16-B91.5': 0.4334150462583966, 'KXHIGHDEN-26JUL16-B93.5': 0.31141483622230676, 'KXHIGHDEN-26JUL16-B95.5': 0.056816372930517466, 'KXHIGHDEN-26JUL16-T96': 0.0009990009990009992}",2026-07-16T16:00:00+00:00
den,KXHIGHDEN-26JUL16,neuralcaster_v2,"{'KXHIGHDEN-26JUL16-T89': 0.027752731076661374, 'KXHIGHDEN-26JUL16-B89.5': 0.1755875171417426, 'KXHIGHDEN-26JUL16-B91.5': 0.4472485592351619, 'KXHIGHDEN-26JUL16-B93.5': 0.29995545737224794, 'KXHIGHDEN-26JUL16-B95.5': 0.04845673417518515, 'KXHIGHDEN-26JUL16-T96': 0.000999000999000999}",2026-07-16T17:00:00+00:00
den,KXHIGHDEN-26JUL16,neuralcaster_v2,"{'KXHIGHDEN-26JUL16-T89': 0.015898772866633812, 'KXHIGHDEN-26JUL16-B89.5': 0.14868712154193245, 'KXHIGHDEN-26JUL16-B91.5': 0.4659095111612859, 'KXHIGHDEN-26JUL16-B93.5': 0.3222710792173096, 'KXHIGHDEN-26JUL16-B95.5': 0.04623451421383715, 'KXHIGHDEN-26JUL16-T96': 0.000999000999000999}",2026-07-16T18:00:00+00:00
den,KXHIGHDEN-26JUL16,neuralcaster_v2,"{'KXHIGHDEN-26JUL16-T89': 0.0025998870092717005, 'KXHIGHDEN-26JUL16-B89.5': 0.15423304263801732, 'KXHIGHDEN-26JUL16-B91.5': 0.558543112225745, 'KXHIGHDEN-26JUL16-B93.5': 0.2596899144086177, 'KXHIGHDEN-26JUL16-B95.5': 0.02393504271934711, 'KXHIGHDEN-26JUL16-T96': 0.000999000999000999}",2026-07-16T19:00:00+00:00
den,KXHIGHDEN-26JUL16,neuralcaster_v2,"{'KXHIGHDEN-26JUL16-T89': 0.000998003992015968, 'KXHIGHDEN-26JUL16-B89.5': 0.1639712365021249, 'KXHIGHDEN-26JUL16-B91.5': 0.6017725157995907, 'KXHIGHDEN-26JUL16-B93.5': 0.221692557688519, 'KXHIGHDEN-26JUL16-B95.5': 0.010567682025733544, 'KXHIGHDEN-26JUL16-T96': 0.000998003992015968}",2026-07-16T20:00:00+00:00
den,KXHIGHDEN-26JUL16,neuralcaster_v2,"{'KXHIGHDEN-26JUL16-T89': 0.000998003992015968, 'KXHIGHDEN-26JUL16-B89.5': 0.04311532920352974, 'KXHIGHDEN-26JUL16-B91.5': 0.5001600303141791, 'KXHIGHDEN-26JUL16-B93.5': 0.4224972839654482, 'KXHIGHDEN-26JUL16-B95.5': 0.03223134853281095, 'KXHIGHDEN-26JUL16-T96': 0.000998003992015968}",2026-07-16T21:00:00+00:00
den,KXHIGHDEN-26JUL16,neuralcaster_v2,"{'KXHIGHDEN-26JUL16-T89': 0.0009970089730807576, 'KXHIGHDEN-26JUL16-B89.5': 0.0009970089730807576, 'KXHIGHDEN-26JUL16-B91.5': 0.3003968350745936, 'KXHIGHDEN-26JUL16-B93.5': 0.6305543488151908, 'KXHIGHDEN-26JUL16-B95.5': 0.06605778919097334, 'KXHIGHDEN-26JUL16-T96': 0.0009970089730807576}",2026-07-16T22:00:00+00:00
den,KXHIGHDEN-26JUL16,neuralcaster_v2,"{'KXHIGHDEN-26JUL16-T89': 0.0009970089730807579, 'KXHIGHDEN-26JUL16-B89.5': 0.0009970089730807579, 'KXHIGHDEN-26JUL16-B91.5': 0.24226328819947485, 'KXHIGHDEN-26JUL16-B93.5': 0.665589711972463, 'KXHIGHDEN-26JUL16-B95.5': 0.08915597290882005, 'KXHIGHDEN-26JUL16-T96': 0.0009970089730807579}",2026-07-16T23:00:00+00:00
den,KXHIGHDEN-26JUL16,neuralcaster_v2,"{'KXHIGHDEN-26JUL16-T89': 0.0009970089730807579, 'KXHIGHDEN-26JUL16-B89.5': 0.0009970089730807579, 'KXHIGHDEN-26JUL16-B91.5': 0.2700654052776936, 'KXHIGHDEN-26JUL16-B93.5': 0.6488342012435401, 'KXHIGHDEN-26JUL16-B95.5': 0.0781093665595241, 'KXHIGHDEN-26JUL16-T96': 0.0009970089730807579}",2026-07-17T00:00:00+00:00
den,KXHIGHDEN-26JUL16,neuralcaster_v2,"{'KXHIGHDEN-26JUL16-T89': 0.0009970089730807579, 'KXHIGHDEN-26JUL16-B89.5': 0.0009970089730807579, 'KXHIGHDEN-26JUL16-B91.5': 0.29602849499383904, 'KXHIGHDEN-26JUL16-B93.5': 0.633187017718956, 'KXHIGHDEN-26JUL16-B95.5': 0.06779346036796276, 'KXHIGHDEN-26JUL16-T96': 0.0009970089730807579}",2026-07-17T01:00:00+00:00
den,KXHIGHDEN-26JUL16,neuralcaster_v2,"{'KXHIGHDEN-26JUL16-T89': 0.0009970089730807579, 'KXHIGHDEN-26JUL16-B89.5': 0.0009970089730807579, 'KXHIGHDEN-26JUL16-B91.5': 0.30811267758289734, 'KXHIGHDEN-26JUL16-B93.5': 0.625904239560315, 'KXHIGHDEN-26JUL16-B95.5': 0.06299205593754545, 'KXHIGHDEN-26JUL16-T96': 0.0009970089730807579}",2026-07-17T02:00:00+00:00
den,KXHIGHDEN-26JUL16,neuralcaster_v2,"{'KXHIGHDEN-26JUL16-T89': 0.0009970089730807579, 'KXHIGHDEN-26JUL16-B89.5': 0.0009970089730807579, 'KXHIGHDEN-26JUL16-B91.5': 0.30354069090711105, 'KXHIGHDEN-26JUL16-B93.5': 0.628659640222182, 'KXHIGHDEN-26JUL16-B95.5': 0.06480864195146474, 'KXHIGHDEN-26JUL16-T96': 0.0009970089730807579}",2026-07-17T03:00:00+00:00
den,KXHIGHDEN-26JUL16,neuralcaster_v2,"{'KXHIGHDEN-26JUL16-T89': 0.0009970089730807579, 'KXHIGHDEN-26JUL16-B89.5': 0.0009970089730807579, 'KXHIGHDEN-26JUL16-B91.5': 0.3012419570054046, 'KXHIGHDEN-26JUL16-B93.5': 0.6300450189127551, 'KXHIGHDEN-26JUL16-B95.5': 0.06572199716259806, 'KXHIGHDEN-26JUL16-T96': 0.0009970089730807579}",2026-07-17T04:00:00+00:00
den,KXHIGHDEN-26JUL16,neuralcaster_v2,"{'KXHIGHDEN-26JUL16-T89': 0.0009970089730807579, 'KXHIGHDEN-26JUL16-B89.5': 0.0009970089730807579, 'KXHIGHDEN-26JUL16-B91.5': 0.2982673343644419, 'KXHIGHDEN-26JUL16-B93.5': 0.6318377356844646, 'KXHIGHDEN-26JUL16-B95.5': 0.06690390303185142, 'KXHIGHDEN-26JUL16-T96': 0.0009970089730807579}",2026-07-17T05:00:00+00:00
den,KXHIGHDEN-26JUL16,neuralcaster_v2,"{'KXHIGHDEN-26JUL16-T89': 0.0009970089730807579, 'KXHIGHDEN-26JUL16-B89.5': 0.0009970089730807579, 'KXHIGHDEN-26JUL16-B91.5': 0.297824854045128, 'KXHIGHDEN-26JUL16-B93.5': 0.6321044054390282, 'KXHIGHDEN-26JUL16-B95.5': 0.06707971359660163, 'KXHIGHDEN-26JUL16-T96': 0.0009970089730807579}",2026-07-17T06:00:00+00:00
la,KXHIGHLAX-26JUL16,neuralcaster_v2,"{'KXHIGHLAX-26JUL16-T79': 0.006600761623094831, 'KXHIGHLAX-26JUL16-B79.5': 0.09401059008183305, 'KXHIGHLAX-26JUL16-B81.5': 0.41342647701221047, 'KXHIGHLAX-26JUL16-B83.5': 0.3960467388033625, 'KXHIGHLAX-26JUL16-B85.5': 0.08676567263951118, 'KXHIGHLAX-26JUL16-T86': 0.003149759839987998}",2026-07-16T08:00:00+00:00
la,KXHIGHLAX-26JUL16,neuralcaster_v2,"{'KXHIGHLAX-26JUL16-T79': 0.008566329060608458, 'KXHIGHLAX-26JUL16-B79.5': 0.09738639067217184, 'KXHIGHLAX-26JUL16-B81.5': 0.40815530347606666, 'KXHIGHLAX-26JUL16-B83.5': 0.39304653654669486, 'KXHIGHLAX-26JUL16-B85.5': 0.08774736929063254, 'KXHIGHLAX-26JUL16-T86': 0.00509807095382564}",2026-07-16T09:00:00+00:00
la,KXHIGHLAX-26JUL16,neuralcaster_v2,"{'KXHIGHLAX-26JUL16-T79': 0.006670841642614139, 'KXHIGHLAX-26JUL16-B79.5': 0.09017145130997103, 'KXHIGHLAX-26JUL16-B81.5': 0.39778046927919136, 'KXHIGHLAX-26JUL16-B83.5': 0.403879923734828, 'KXHIGHLAX-26JUL16-B85.5': 0.09350455448593653, 'KXHIGHLAX-26JUL16-T86': 0.007992759547458927}",2026-07-16T10:00:00+00:00
la,KXHIGHLAX-26JUL16,neuralcaster_v2,"{'KXHIGHLAX-26JUL16-T79': 0.0009990009990009992, 'KXHIGHLAX-26JUL16-B79.5': 0.07451458481223855, 'KXHIGHLAX-26JUL16-B81.5': 0.3662972688873576, 'KXHIGHLAX-26JUL16-B83.5': 0.4256861658074054, 'KXHIGHLAX-26JUL16-B85.5': 0.11957447194151422, 'KXHIGHLAX-26JUL16-T86': 0.012928507552483356}",2026-07-16T11:00:00+00:00
la,KXHIGHLAX-26JUL16,neuralcaster_v2,"{'KXHIGHLAX-26JUL16-T79': 0.0009990009990009992, 'KXHIGHLAX-26JUL16-B79.5': 0.08191740928193662, 'KXHIGHLAX-26JUL16-B81.5': 0.3892957664036769, 'KXHIGHLAX-26JUL16-B83.5': 0.4224672671351863, 'KXHIGHLAX-26JUL16-B85.5': 0.09870193681568999, 'KXHIGHLAX-26JUL16-T86': 0.006618619364509313}",2026-07-16T12:00:00+00:00
la,KXHIGHLAX-26JUL16,neuralcaster_v2,"{'KXHIGHLAX-26JUL16-T79': 0.0009990009990009992, 'KXHIGHLAX-26JUL16-B79.5': 0.07754027148546042, 'KXHIGHLAX-26JUL16-B81.5': 0.3897647354156865, 'KXHIGHLAX-26JUL16-B83.5': 0.4290165151095982, 'KXHIGHLAX-26JUL16-B85.5': 0.09751739736781434, 'KXHIGHLAX-26JUL16-T86': 0.005162079622439625}",2026-07-16T13:00:00+00:00
la,KXHIGHLAX-26JUL16,neuralcaster_v2,"{'KXHIGHLAX-26JUL16-T79': 0.000999000999000999, 'KXHIGHLAX-26JUL16-B79.5': 0.082141723627673, 'KXHIGHLAX-26JUL16-B81.5': 0.3881332700144684, 'KXHIGHLAX-26JUL16-B83.5': 0.42175564661407533, 'KXHIGHLAX-26JUL16-B85.5': 0.09985728372672997, 'KXHIGHLAX-26JUL16-T86': 0.0071130750180521925}",2026-07-16T14:00:00+00:00
la,KXHIGHLAX-26JUL16,neuralcaster_v2,"{'KXHIGHLAX-26JUL16-T79': 0.000999000999000999, 'KXHIGHLAX-26JUL16-B79.5': 0.04925771176683874, 'KXHIGHLAX-26JUL16-B81.5': 0.33826074859665856, 'KXHIGHLAX-26JUL16-B83.5': 0.4558296817708926, 'KXHIGHLAX-26JUL16-B85.5': 0.14071875581261234, 'KXHIGHLAX-26JUL16-T86': 0.01493410105399664}",2026-07-16T15:00:00+00:00
la,KXHIGHLAX-26JUL16,neuralcaster_v2,"{'KXHIGHLAX-26JUL16-T79': 0.0009990009990009992, 'KXHIGHLAX-26JUL16-B79.5': 0.04018190287472807, 'KXHIGHLAX-26JUL16-B81.5': 0.3026773400353679, 'KXHIGHLAX-26JUL16-B83.5': 0.4901912613603687, 'KXHIGHLAX-26JUL16-B85.5': 0.1526997553469397, 'KXHIGHLAX-26JUL16-T86': 0.013250739383594704}",2026-07-16T16:00:00+00:00
la,KXHIGHLAX-26JUL16,neuralcaster_v2,"{'KXHIGHLAX-26JUL16-T79': 0.0009990009990009992, 'KXHIGHLAX-26JUL16-B79.5': 0.004048341439247333, 'KXHIGHLAX-26JUL16-B81.5': 0.151940211384621, 'KXHIGHLAX-26JUL16-B83.5': 0.5450645976250827, 'KXHIGHLAX-26JUL16-B85.5': 0.27064776830225756, 'KXHIGHLAX-26JUL16-T86': 0.027300080249790443}",2026-07-16T17:00:00+00:00
la,KXHIGHLAX-26JUL16,neuralcaster_v2,"{'KXHIGHLAX-26JUL16-T79': 0.000998003992015968, 'KXHIGHLAX-26JUL16-B79.5': 0.000998003992015968, 'KXHIGHLAX-26JUL16-B81.5': 0.14346948796944123, 'KXHIGHLAX-26JUL16-B83.5': 0.61797161521207, 'KXHIGHLAX-26JUL16-B85.5': 0.2281936997502742, 'KXHIGHLAX-26JUL16-T86': 0.008369189084182752}",2026-07-16T18:00:00+00:00
la,KXHIGHLAX-26JUL16,neuralcaster_v2,"{'KXHIGHLAX-26JUL16-T79': 0.0009970089730807579, 'KXHIGHLAX-26JUL16-B79.5': 0.0009970089730807579, 'KXHIGHLAX-26JUL16-B81.5': 0.15446628211384944, 'KXHIGHLAX-26JUL16-B83.5': 0.6899040226706221, 'KXHIGHLAX-26JUL16-B85.5': 0.15263866829628628, 'KXHIGHLAX-26JUL16-T86': 0.0009970089730807579}",2026-07-16T19:00:00+00:00
la,KXHIGHLAX-26JUL16,neuralcaster_v2,"{'KXHIGHLAX-26JUL16-T79': 0.0009970089730807579, 'KXHIGHLAX-26JUL16-B79.5': 0.0009970089730807579, 'KXHIGHLAX-26JUL16-B81.5': 0.0009970089730807579, 'KXHIGHLAX-26JUL16-B83.5': 0.5868085493973787, 'KXHIGHLAX-26JUL16-B85.5': 0.3917947385748479, 'KXHIGHLAX-26JUL16-T86': 0.01840568510853117}",2026-07-16T20:00:00+00:00
la,KXHIGHLAX-26JUL16,neuralcaster_v2,"{'KXHIGHLAX-26JUL16-T79': 0.0009970089730807579, 'KXHIGHLAX-26JUL16-B79.5': 0.0009970089730807579, 'KXHIGHLAX-26JUL16-B81.5': 0.0009970089730807579, 'KXHIGHLAX-26JUL16-B83.5': 0.5890496556558633, 'KXHIGHLAX-26JUL16-B85.5': 0.3898557334400072, 'KXHIGHLAX-26JUL16-T86': 0.01810358398488738}",2026-07-16T21:00:00+00:00
la,KXHIGHLAX-26JUL16,neuralcaster_v2,"{'KXHIGHLAX-26JUL16-T79': 0.0009970089730807579, 'KXHIGHLAX-26JUL16-B79.5': 0.0009970089730807579, 'KXHIGHLAX-26JUL16-B81.5': 0.0009970089730807579, 'KXHIGHLAX-26JUL16-B83.5': 0.5890496556558633, 'KXHIGHLAX-26JUL16-B85.5': 0.3898557334400072, 'KXHIGHLAX-26JUL16-T86': 0.01810358398488738}",2026-07-16T22:00:00+00:00
la,KXHIGHLAX-26JUL16,neuralcaster_v2,"{'KXHIGHLAX-26JUL16-T79': 0.0009970089730807579, 'KXHIGHLAX-26JUL16-B79.5': 0.0009970089730807579, 'KXHIGHLAX-26JUL16-B81.5': 0.0009970089730807579, 'KXHIGHLAX-26JUL16-B83.5': 0.5890496556558633, 'KXHIGHLAX-26JUL16-B85.5': 0.3898557334400072, 'KXHIGHLAX-26JUL16-T86': 0.01810358398488738}",2026-07-16T23:00:00+00:00
la,KXHIGHLAX-26JUL16,neuralcaster_v2,"{'KXHIGHLAX-26JUL16-T79': 0.0009970089730807579, 'KXHIGHLAX-26JUL16-B79.5': 0.0009970089730807579, 'KXHIGHLAX-26JUL16-B81.5': 0.0009970089730807579, 'KXHIGHLAX-26JUL16-B83.5': 0.5890496556558633, 'KXHIGHLAX-26JUL16-B85.5': 0.3898557334400072, 'KXHIGHLAX-26JUL16-T86': 0.01810358398488738}",2026-07-17T00:00:00+00:00
la,KXHIGHLAX-26JUL16,neuralcaster_v2,"{'KXHIGHLAX-26JUL16-T79': 0.0009970089730807579, 'KXHIGHLAX-26JUL16-B79.5': 0.0009970089730807579, 'KXHIGHLAX-26JUL16-B81.5': 0.0009970089730807579, 'KXHIGHLAX-26JUL16-B83.5': 0.5890496556558633, 'KXHIGHLAX-26JUL16-B85.5': 0.3898557334400072, 'KXHIGHLAX-26JUL16-T86': 0.01810358398488738}",2026-07-17T01:00:00+00:00
la,KXHIGHLAX-26JUL16,neuralcaster_v2,"{'KXHIGHLAX-26JUL16-T79': 0.0009970089730807579, 'KXHIGHLAX-26JUL16-B79.5': 0.0009970089730807579, 'KXHIGHLAX-26JUL16-B81.5': 0.0009970089730807579, 'KXHIGHLAX-26JUL16-B83.5': 0.5890496556558633, 'KXHIGHLAX-26JUL16-B85.5': 0.3898557334400072, 'KXHIGHLAX-26JUL16-T86': 0.01810358398488738}",2026-07-17T02:00:00+00:00
la,KXHIGHLAX-26JUL16,neuralcaster_v2,"{'KXHIGHLAX-26JUL16-T79': 0.0009970089730807579, 'KXHIGHLAX-26JUL16-B79.5': 0.0009970089730807579, 'KXHIGHLAX-26JUL16-B81.5': 0.0009970089730807579, 'KXHIGHLAX-26JUL16-B83.5': 0.5890496556558633, 'KXHIGHLAX-26JUL16-B85.5': 0.3898557334400072, 'KXHIGHLAX-26JUL16-T86': 0.01810358398488738}",2026-07-17T03:00:00+00:00
la,KXHIGHLAX-26JUL16,neuralcaster_v2,"{'KXHIGHLAX-26JUL16-T79': 0.0009970089730807579, 'KXHIGHLAX-26JUL16-B79.5': 0.0009970089730807579, 'KXHIGHLAX-26JUL16-B81.5': 0.0009970089730807579, 'KXHIGHLAX-26JUL16-B83.5': 0.5890496556558633, 'KXHIGHLAX-26JUL16-B85.5': 0.3898557334400072, 'KXHIGHLAX-26JUL16-T86': 0.01810358398488738}",2026-07-17T04:00:00+00:00
la,KXHIGHLAX-26JUL16,neuralcaster_v2,"{'KXHIGHLAX-26JUL16-T79': 0.0009970089730807579, 'KXHIGHLAX-26JUL16-B79.5': 0.0009970089730807579, 'KXHIGHLAX-26JUL16-B81.5': 0.0009970089730807579, 'KXHIGHLAX-26JUL16-B83.5': 0.5890496556558633, 'KXHIGHLAX-26JUL16-B85.5': 0.3898557334400072, 'KXHIGHLAX-26JUL16-T86': 0.01810358398488738}",2026-07-17T05:00:00+00:00
la,KXHIGHLAX-26JUL16,neuralcaster_v2,"{'KXHIGHLAX-26JUL16-T79': 0.0009970089730807579, 'KXHIGHLAX-26JUL16-B79.5': 0.0009970089730807579, 'KXHIGHLAX-26JUL16-B81.5': 0.0009970089730807579, 'KXHIGHLAX-26JUL16-B83.5': 0.5890496556558633, 'KXHIGHLAX-26JUL16-B85.5': 0.3898557334400072, 'KXHIGHLAX-26JUL16-T86': 0.01810358398488738}",2026-07-17T06:00:00+00:00
la,KXHIGHLAX-26JUL16,neuralcaster_v2,"{'KXHIGHLAX-26JUL16-T79': 0.0009970089730807579, 'KXHIGHLAX-26JUL16-B79.5': 0.0009970089730807579, 'KXHIGHLAX-26JUL16-B81.5': 0.0009970089730807579, 'KXHIGHLAX-26JUL16-B83.5': 0.5890496556558633, 'KXHIGHLAX-26JUL16-B85.5': 0.3898557334400072, 'KXHIGHLAX-26JUL16-T86': 0.01810358398488738}",2026-07-17T07:00:00+00:00
mia,KXHIGHMIA-26JUL16,neuralcaster_v2,"{'KXHIGHMIA-26JUL16-T90': 0.0009990009990009992, 'KXHIGHMIA-26JUL16-B90.5': 0.026507946953955377, 'KXHIGHMIA-26JUL16-B92.5': 0.193957187564509, 'KXHIGHMIA-26JUL16-B94.5': 0.4917438546971581, 'KXHIGHMIA-26JUL16-B96.5': 0.25031900574353944, 'KXHIGHMIA-26JUL16-T97': 0.036473004041837204}",2026-07-16T05:00:00+00:00
mia,KXHIGHMIA-26JUL16,neuralcaster_v2,"{'KXHIGHMIA-26JUL16-T90': 0.0009990009990009992, 'KXHIGHMIA-26JUL16-B90.5': 0.026561191167028774, 'KXHIGHMIA-26JUL16-B92.5': 0.18009525385260364, 'KXHIGHMIA-26JUL16-B94.5': 0.4635976977776117, 'KXHIGHMIA-26JUL16-B96.5': 0.2845117255455369, 'KXHIGHMIA-26JUL16-T97': 0.04423513065821816}",2026-07-16T06:00:00+00:00
mia,KXHIGHMIA-26JUL16,neuralcaster_v2,"{'KXHIGHMIA-26JUL16-T90': 0.000999000999000999, 'KXHIGHMIA-26JUL16-B90.5': 0.025933527047549653, 'KXHIGHMIA-26JUL16-B92.5': 0.17795155036174803, 'KXHIGHMIA-26JUL16-B94.5': 0.4631421413991191, 'KXHIGHMIA-26JUL16-B96.5': 0.28745751135348885, 'KXHIGHMIA-26JUL16-T97': 0.04451626883909328}",2026-07-16T07:00:00+00:00
mia,KXHIGHMIA-26JUL16,neuralcaster_v2,"{'KXHIGHMIA-26JUL16-T90': 0.0009990009990009992, 'KXHIGHMIA-26JUL16-B90.5': 0.022592824190960776, 'KXHIGHMIA-26JUL16-B92.5': 0.17412248571366745, 'KXHIGHMIA-26JUL16-B94.5': 0.47593128356378006, 'KXHIGHMIA-26JUL16-B96.5': 0.28454457099983155, 'KXHIGHMIA-26JUL16-T97': 0.0418098345327593}",2026-07-16T08:00:00+00:00
mia,KXHIGHMIA-26JUL16,neuralcaster_v2,"{'KXHIGHMIA-26JUL16-T90': 0.000999000999000999, 'KXHIGHMIA-26JUL16-B90.5': 0.016211416920133254, 'KXHIGHMIA-26JUL16-B92.5': 0.1613715327279145, 'KXHIGHMIA-26JUL16-B94.5': 0.48945009250735383, 'KXHIGHMIA-26JUL16-B96.5': 0.29231381676087503, 'KXHIGHMIA-26JUL16-T97': 0.03965414008472228}",2026-07-16T09:00:00+00:00
mia,KXHIGHMIA-26JUL16,neuralcaster_v2,"{'KXHIGHMIA-26JUL16-T90': 0.0009990009990009992, 'KXHIGHMIA-26JUL16-B90.5': 0.009158633300536229, 'KXHIGHMIA-26JUL16-B92.5': 0.150181011170913, 'KXHIGHMIA-26JUL16-B94.5': 0.5102151558781418, 'KXHIGHMIA-26JUL16-B96.5': 0.293783404334112, 'KXHIGHMIA-26JUL16-T97': 0.035662794317296055}",2026-07-16T10:00:00+00:00
mia,KXHIGHMIA-26JUL16,neuralcaster_v2,"{'KXHIGHMIA-26JUL16-T90': 0.0009988159042167216, 'KXHIGHMIA-26JUL16-B90.5': 0.0009988159042167216, 'KXHIGHMIA-26JUL16-B92.5': 0.12844086241921226, 'KXHIGHMIA-26JUL16-B94.5': 0.5176788871956781, 'KXHIGHMIA-26JUL16-B96.5': 0.31625012017375087, 'KXHIGHMIA-26JUL16-T97': 0.03563249840292516}",2026-07-16T11:00:00+00:00
mia,KXHIGHMIA-26JUL16,neuralcaster_v2,"{'KXHIGHMIA-26JUL16-T90': 0.000999000999000999, 'KXHIGHMIA-26JUL16-B90.5': 0.0021133584563794113, 'KXHIGHMIA-26JUL16-B92.5': 0.1486811027985813, 'KXHIGHMIA-26JUL16-B94.5': 0.5503825236792668, 'KXHIGHMIA-26JUL16-B96.5': 0.27151425752688507, 'KXHIGHMIA-26JUL16-T97': 0.026309756539886375}",2026-07-16T12:00:00+00:00
mia,KXHIGHMIA-26JUL16,neuralcaster_v2,"{'KXHIGHMIA-26JUL16-T90': 0.000999000999000999, 'KXHIGHMIA-26JUL16-B90.5': 0.005849887910649453, 'KXHIGHMIA-26JUL16-B92.5': 0.18013072232557872, 'KXHIGHMIA-26JUL16-B94.5': 0.58144800902615, 'KXHIGHMIA-26JUL16-B96.5': 0.21729702196248343, 'KXHIGHMIA-26JUL16-T97': 0.014275357776137265}",2026-07-16T13:00:00+00:00
mia,KXHIGHMIA-26JUL16,neuralcaster_v2,"{'KXHIGHMIA-26JUL16-T90': 0.000998003992015968, 'KXHIGHMIA-26JUL16-B90.5': 0.000998003992015968, 'KXHIGHMIA-26JUL16-B92.5': 0.156405029268016, 'KXHIGHMIA-26JUL16-B94.5': 0.6011420079750465, 'KXHIGHMIA-26JUL16-B96.5': 0.22825798049398446, 'KXHIGHMIA-26JUL16-T97': 0.012198974278921092}",2026-07-16T14:00:00+00:00
mia,KXHIGHMIA-26JUL16,neuralcaster_v2,"{'KXHIGHMIA-26JUL16-T90': 0.000998003992015968, 'KXHIGHMIA-26JUL16-B90.5': 0.000998003992015968, 'KXHIGHMIA-26JUL16-B92.5': 0.06609094277611542, 'KXHIGHMIA-26JUL16-B94.5': 0.5593060192527961, 'KXHIGHMIA-26JUL16-B96.5': 0.34842006114607743, 'KXHIGHMIA-26JUL16-T97': 0.02418696884097906}",2026-07-16T15:00:00+00:00
mia,KXHIGHMIA-26JUL16,neuralcaster_v2,"{'KXHIGHMIA-26JUL16-T90': 0.000998003992015968, 'KXHIGHMIA-26JUL16-B90.5': 0.000998003992015968, 'KXHIGHMIA-26JUL16-B92.5': 0.043213323921051615, 'KXHIGHMIA-26JUL16-B94.5': 0.5078422791321384, 'KXHIGHMIA-26JUL16-B96.5': 0.4165317086217152, 'KXHIGHMIA-26JUL16-T97': 0.03041668034106288}",2026-07-16T16:00:00+00:00
mia,KXHIGHMIA-26JUL16,neuralcaster_v2,"{'KXHIGHMIA-26JUL16-T90': 0.000998003992015968, 'KXHIGHMIA-26JUL16-B90.5': 0.000998003992015968, 'KXHIGHMIA-26JUL16-B92.5': 0.047845073892814206, 'KXHIGHMIA-26JUL16-B94.5': 0.5763503449713713, 'KXHIGHMIA-26JUL16-B96.5': 0.35548942751248686, 'KXHIGHMIA-26JUL16-T97': 0.018319145639295653}",2026-07-16T17:00:00+00:00
mia,KXHIGHMIA-26JUL16,neuralcaster_v2,"{'KXHIGHMIA-26JUL16-T90': 0.000998003992015968, 'KXHIGHMIA-26JUL16-B90.5': 0.000998003992015968, 'KXHIGHMIA-26JUL16-B92.5': 0.052162846072462805, 'KXHIGHMIA-26JUL16-B94.5': 0.5935499272832923, 'KXHIGHMIA-26JUL16-B96.5': 0.3366936957417596, 'KXHIGHMIA-26JUL16-T97': 0.015597522918453422}",2026-07-16T18:00:00+00:00
mia,KXHIGHMIA-26JUL16,neuralcaster_v2,"{'KXHIGHMIA-26JUL16-T90': 0.000998003992015968, 'KXHIGHMIA-26JUL16-B90.5': 0.000998003992015968, 'KXHIGHMIA-26JUL16-B92.5': 0.05345603548619151, 'KXHIGHMIA-26JUL16-B94.5': 0.597110757854188, 'KXHIGHMIA-26JUL16-B96.5': 0.3324536365060159, 'KXHIGHMIA-26JUL16-T97': 0.01498356216957272}",2026-07-16T19:00:00+00:00
mia,KXHIGHMIA-26JUL16,neuralcaster_v2,"{'KXHIGHMIA-26JUL16-T90': 0.00099601593625498, 'KXHIGHMIA-26JUL16-B90.5': 0.00099601593625498, 'KXHIGHMIA-26JUL16-B92.5': 0.00099601593625498, 'KXHIGHMIA-26JUL16-B94.5': 0.00099601593625498, 'KXHIGHMIA-26JUL16-B96.5': 0.7406316562006812, 'KXHIGHMIA-26JUL16-T97': 0.255384280054299}",2026-07-16T20:00:00+00:00
mia,KXHIGHMIA-26JUL16,neuralcaster_v2,"{'KXHIGHMIA-26JUL16-T90': 0.00099601593625498, 'KXHIGHMIA-26JUL16-B90.5': 0.00099601593625498, 'KXHIGHMIA-26JUL16-B92.5': 0.00099601593625498, 'KXHIGHMIA-26JUL16-B94.5': 0.00099601593625498, 'KXHIGHMIA-26JUL16-B96.5': 0.7406316562006812, 'KXHIGHMIA-26JUL16-T97': 0.255384280054299}",2026-07-16T21:00:00+00:00
mia,KXHIGHMIA-26JUL16,neuralcaster_v2,"{'KXHIGHMIA-26JUL16-T90': 0.00099601593625498, 'KXHIGHMIA-26JUL16-B90.5': 0.00099601593625498, 'KXHIGHMIA-26JUL16-B92.5': 0.00099601593625498, 'KXHIGHMIA-26JUL16-B94.5': 0.00099601593625498, 'KXHIGHMIA-26JUL16-B96.5': 0.7406316562006812, 'KXHIGHMIA-26JUL16-T97': 0.255384280054299}",2026-07-16T22:00:00+00:00
mia,KXHIGHMIA-26JUL16,neuralcaster_v2,"{'KXHIGHMIA-26JUL16-T90': 0.00099601593625498, 'KXHIGHMIA-26JUL16-B90.5': 0.00099601593625498, 'KXHIGHMIA-26JUL16-B92.5': 0.00099601593625498, 'KXHIGHMIA-26JUL16-B94.5': 0.00099601593625498, 'KXHIGHMIA-26JUL16-B96.5': 0.7406316562006812, 'KXHIGHMIA-26JUL16-T97': 0.255384280054299}",2026-07-16T23:00:00+00:00
mia,KXHIGHMIA-26JUL16,neuralcaster_v2,"{'KXHIGHMIA-26JUL16-T90': 0.00099601593625498, 'KXHIGHMIA-26JUL16-B90.5': 0.00099601593625498, 'KXHIGHMIA-26JUL16-B92.5': 0.00099601593625498, 'KXHIGHMIA-26JUL16-B94.5': 0.00099601593625498, 'KXHIGHMIA-26JUL16-B96.5': 0.7406316562006812, 'KXHIGHMIA-26JUL16-T97': 0.255384280054299}",2026-07-17T00:00:00+00:00
mia,KXHIGHMIA-26JUL16,neuralcaster_v2,"{'KXHIGHMIA-26JUL16-T90': 0.00099601593625498, 'KXHIGHMIA-26JUL16-B90.5': 0.00099601593625498, 'KXHIGHMIA-26JUL16-B92.5': 0.00099601593625498, 'KXHIGHMIA-26JUL16-B94.5': 0.00099601593625498, 'KXHIGHMIA-26JUL16-B96.5': 0.7406316562006812, 'KXHIGHMIA-26JUL16-T97': 0.255384280054299}",2026-07-17T01:00:00+00:00
mia,KXHIGHMIA-26JUL16,neuralcaster_v2,"{'KXHIGHMIA-26JUL16-T90': 0.00099601593625498, 'KXHIGHMIA-26JUL16-B90.5': 0.00099601593625498, 'KXHIGHMIA-26JUL16-B92.5': 0.00099601593625498, 'KXHIGHMIA-26JUL16-B94.5': 0.00099601593625498, 'KXHIGHMIA-26JUL16-B96.5': 0.7406316562006812, 'KXHIGHMIA-26JUL16-T97': 0.255384280054299}",2026-07-17T02:00:00+00:00
mia,KXHIGHMIA-26JUL16,neuralcaster_v2,"{'KXHIGHMIA-26JUL16-T90': 0.00099601593625498, 'KXHIGHMIA-26JUL16-B90.5': 0.00099601593625498, 'KXHIGHMIA-26JUL16-B92.5': 0.00099601593625498, 'KXHIGHMIA-26JUL16-B94.5': 0.00099601593625498, 'KXHIGHMIA-26JUL16-B96.5': 0.7406316562006812, 'KXHIGHMIA-26JUL16-T97': 0.255384280054299}",2026-07-17T03:00:00+00:00
mia,KXHIGHMIA-26JUL16,neuralcaster_v2,"{'KXHIGHMIA-26JUL16-T90': 0.00099601593625498, 'KXHIGHMIA-26JUL16-B90.5': 0.00099601593625498, 'KXHIGHMIA-26JUL16-B92.5': 0.00099601593625498, 'KXHIGHMIA-26JUL16-B94.5': 0.00099601593625498, 'KXHIGHMIA-26JUL16-B96.5': 0.7406316562006812, 'KXHIGHMIA-26JUL16-T97': 0.255384280054299}",2026-07-17T04:00:00+00:00
nyc,KXHIGHNY-26JUL16,neuralcaster_v2,"{'KXHIGHNY-26JUL16-T89': 0.07362352277145331, 'KXHIGHNY-26JUL16-B89.5': 0.35973467906571394, 'KXHIGHNY-26JUL16-B91.5': 0.4248204968410219, 'KXHIGHNY-26JUL16-B93.5': 0.12573511881449997, 'KXHIGHNY-26JUL16-B95.5': 0.015087181508309809, 'KXHIGHNY-26JUL16-T96': 0.000999000999000999}",2026-07-16T05:00:00+00:00
nyc,KXHIGHNY-26JUL16,neuralcaster_v2,"{'KXHIGHNY-26JUL16-T89': 0.08041241670031989, 'KXHIGHNY-26JUL16-B89.5': 0.36268864359697334, 'KXHIGHNY-26JUL16-B91.5': 0.4158784910684205, 'KXHIGHNY-26JUL16-B93.5': 0.12403269315030487, 'KXHIGHNY-26JUL16-B95.5': 0.015988754484980456, 'KXHIGHNY-26JUL16-T96': 0.0009990009990009992}",2026-07-16T06:00:00+00:00
nyc,KXHIGHNY-26JUL16,neuralcaster_v2,"{'KXHIGHNY-26JUL16-T89': 0.09019766520908577, 'KXHIGHNY-26JUL16-B89.5': 0.36554280963872277, 'KXHIGHNY-26JUL16-B91.5': 0.40252628517318534, 'KXHIGHNY-26JUL16-B93.5': 0.1229284226350223, 'KXHIGHNY-26JUL16-B95.5': 0.017805816344982954, 'KXHIGHNY-26JUL16-T96': 0.0009990009990009992}",2026-07-16T07:00:00+00:00
nyc,KXHIGHNY-26JUL16,neuralcaster_v2,"{'KXHIGHNY-26JUL16-T89': 0.09432905314329552, 'KXHIGHNY-26JUL16-B89.5': 0.3743764587393404, 'KXHIGHNY-26JUL16-B91.5': 0.3994083542130528, 'KXHIGHNY-26JUL16-B93.5': 0.11512721929891272, 'KXHIGHNY-26JUL16-B95.5': 0.015759913606397464, 'KXHIGHNY-26JUL16-T96': 0.000999000999000999}",2026-07-16T08:00:00+00:00
nyc,KXHIGHNY-26JUL16,neuralcaster_v2,"{'KXHIGHNY-26JUL16-T89': 0.09557499388395314, 'KXHIGHNY-26JUL16-B89.5': 0.3702336110763056, 'KXHIGHNY-26JUL16-B91.5': 0.39621998517260937, 'KXHIGHNY-26JUL16-B93.5': 0.11931942948319785, 'KXHIGHNY-26JUL16-B95.5': 0.017652979384933164, 'KXHIGHNY-26JUL16-T96': 0.0009990009990009992}",2026-07-16T09:00:00+00:00
nyc,KXHIGHNY-26JUL16,neuralcaster_v2,"{'KXHIGHNY-26JUL16-T89': 0.10060669195809054, 'KXHIGHNY-26JUL16-B89.5': 0.37427145974146525, 'KXHIGHNY-26JUL16-B91.5': 0.3907619532028866, 'KXHIGHNY-26JUL16-B93.5': 0.11592793819642937, 'KXHIGHNY-26JUL16-B95.5': 0.017432955902127168, 'KXHIGHNY-26JUL16-T96': 0.000999000999000999}",2026-07-16T10:00:00+00:00
nyc,KXHIGHNY-26JUL16,neuralcaster_v2,"{'KXHIGHNY-26JUL16-T89': 0.08924498972015159, 'KXHIGHNY-26JUL16-B89.5': 0.3622744158633802, 'KXHIGHNY-26JUL16-B91.5': 0.40283857612578927, 'KXHIGHNY-26JUL16-B93.5': 0.1259113425830113, 'KXHIGHNY-26JUL16-B95.5': 0.018731674708666775, 'KXHIGHNY-26JUL16-T96': 0.0009990009990009992}",2026-07-16T11:00:00+00:00
nyc,KXHIGHNY-26JUL16,neuralcaster_v2,"{'KXHIGHNY-26JUL16-T89': 0.12363610847380399, 'KXHIGHNY-26JUL16-B89.5': 0.40328031109121143, 'KXHIGHNY-26JUL16-B91.5': 0.3792942159319981, 'KXHIGHNY-26JUL16-B93.5': 0.08603493224966022, 'KXHIGHNY-26JUL16-B95.5': 0.006755431254325383, 'KXHIGHNY-26JUL16-T96': 0.0009990009990009992}",2026-07-16T12:00:00+00:00
nyc,KXHIGHNY-26JUL16,neuralcaster_v2,"{'KXHIGHNY-26JUL16-T89': 0.21568351775318598, 'KXHIGHNY-26JUL16-B89.5': 0.4810885713825044, 'KXHIGHNY-26JUL16-B91.5': 0.2620180856129306, 'KXHIGHNY-26JUL16-B93.5': 0.03921381726734707, 'KXHIGHNY-26JUL16-B95.5': 0.000998003992015968, 'KXHIGHNY-26JUL16-T96': 0.000998003992015968}",2026-07-16T13:00:00+00:00
nyc,KXHIGHNY-26JUL16,neuralcaster_v2,"{'KXHIGHNY-26JUL16-T89': 0.2391741946480137, 'KXHIGHNY-26JUL16-B89.5': 0.5247278543194469, 'KXHIGHNY-26JUL16-B91.5': 0.2089558689841243, 'KXHIGHNY-26JUL16-B93.5': 0.0251460740643831, 'KXHIGHNY-26JUL16-B95.5': 0.000998003992015968, 'KXHIGHNY-26JUL16-T96': 0.000998003992015968}",2026-07-16T14:00:00+00:00
nyc,KXHIGHNY-26JUL16,neuralcaster_v2,"{'KXHIGHNY-26JUL16-T89': 0.2398501603800877, 'KXHIGHNY-26JUL16-B89.5': 0.5266819928975306, 'KXHIGHNY-26JUL16-B91.5': 0.20717294390680976, 'KXHIGHNY-26JUL16-B93.5': 0.02429889483154009, 'KXHIGHNY-26JUL16-B95.5': 0.000998003992015968, 'KXHIGHNY-26JUL16-T96': 0.000998003992015968}",2026-07-16T15:00:00+00:00
nyc,KXHIGHNY-26JUL16,neuralcaster_v2,"{'KXHIGHNY-26JUL16-T89': 0.3588410929795917, 'KXHIGHNY-26JUL16-B89.5': 0.5407703567077886, 'KXHIGHNY-26JUL16-B91.5': 0.09739752339337746, 'KXHIGHNY-26JUL16-B93.5': 0.0009970089730807579, 'KXHIGHNY-26JUL16-B95.5': 0.0009970089730807579, 'KXHIGHNY-26JUL16-T96': 0.0009970089730807579}",2026-07-16T16:00:00+00:00
nyc,KXHIGHNY-26JUL16,neuralcaster_v2,"{'KXHIGHNY-26JUL16-T89': 0.5668282311702683, 'KXHIGHNY-26JUL16-B89.5': 0.4048655060664453, 'KXHIGHNY-26JUL16-B91.5': 0.02531523584404436, 'KXHIGHNY-26JUL16-B93.5': 0.0009970089730807579, 'KXHIGHNY-26JUL16-B95.5': 0.0009970089730807579, 'KXHIGHNY-26JUL16-T96': 0.0009970089730807579}",2026-07-16T17:00:00+00:00
nyc,KXHIGHNY-26JUL16,neuralcaster_v2,"{'KXHIGHNY-26JUL16-T89': 0.6695508482203596, 'KXHIGHNY-26JUL16-B89.5': 0.31476934078992763, 'KXHIGHNY-26JUL16-B91.5': 0.012688784070470657, 'KXHIGHNY-26JUL16-B93.5': 0.0009970089730807579, 'KXHIGHNY-26JUL16-B95.5': 0.0009970089730807579, 'KXHIGHNY-26JUL16-T96': 0.0009970089730807579}",2026-07-16T18:00:00+00:00
nyc,KXHIGHNY-26JUL16,neuralcaster_v2,"{'KXHIGHNY-26JUL16-T89': 0.6938659304478284, 'KXHIGHNY-26JUL16-B89.5': 0.29344301821376223, 'KXHIGHNY-26JUL16-B91.5': 0.00970002441916719, 'KXHIGHNY-26JUL16-B93.5': 0.0009970089730807579, 'KXHIGHNY-26JUL16-B95.5': 0.0009970089730807579, 'KXHIGHNY-26JUL16-T96': 0.0009970089730807579}",2026-07-16T19:00:00+00:00
nyc,KXHIGHNY-26JUL16,neuralcaster_v2,"{'KXHIGHNY-26JUL16-T89': 0.6784016735797899, 'KXHIGHNY-26JUL16-B89.5': 0.3070064405901792, 'KXHIGHNY-26JUL16-B91.5': 0.011600858910788788, 'KXHIGHNY-26JUL16-B93.5': 0.0009970089730807579, 'KXHIGHNY-26JUL16-B95.5': 0.0009970089730807579, 'KXHIGHNY-26JUL16-T96': 0.0009970089730807579}",2026-07-16T20:00:00+00:00
nyc,KXHIGHNY-26JUL16,neuralcaster_v2,"{'KXHIGHNY-26JUL16-T89': 0.7668514725646512, 'KXHIGHNY-26JUL16-B89.5': 0.2291644636903289, 'KXHIGHNY-26JUL16-B91.5': 0.00099601593625498, 'KXHIGHNY-26JUL16-B93.5': 0.00099601593625498, 'KXHIGHNY-26JUL16-B95.5': 0.00099601593625498, 'KXHIGHNY-26JUL16-T96': 0.00099601593625498}",2026-07-16T21:00:00+00:00
nyc,KXHIGHNY-26JUL16,neuralcaster_v2,"{'KXHIGHNY-26JUL16-T89': 0.7666789952952235, 'KXHIGHNY-26JUL16-B89.5': 0.2293369409597565, 'KXHIGHNY-26JUL16-B91.5': 0.00099601593625498, 'KXHIGHNY-26JUL16-B93.5': 0.00099601593625498, 'KXHIGHNY-26JUL16-B95.5': 0.00099601593625498, 'KXHIGHNY-26JUL16-T96': 0.00099601593625498}",2026-07-16T22:00:00+00:00
nyc,KXHIGHNY-26JUL16,neuralcaster_v2,"{'KXHIGHNY-26JUL16-T89': 0.7953027230084972, 'KXHIGHNY-26JUL16-B89.5': 0.2007132132464829, 'KXHIGHNY-26JUL16-B91.5': 0.00099601593625498, 'KXHIGHNY-26JUL16-B93.5': 0.00099601593625498, 'KXHIGHNY-26JUL16-B95.5': 0.00099601593625498, 'KXHIGHNY-26JUL16-T96': 0.00099601593625498}",2026-07-16T23:00:00+00:00
nyc,KXHIGHNY-26JUL16,neuralcaster_v2,"{'KXHIGHNY-26JUL16-T89': 0.9621693595394512, 'KXHIGHNY-26JUL16-B89.5': 0.03384657671552898, 'KXHIGHNY-26JUL16-B91.5': 0.00099601593625498, 'KXHIGHNY-26JUL16-B93.5': 0.00099601593625498, 'KXHIGHNY-26JUL16-B95.5': 0.00099601593625498, 'KXHIGHNY-26JUL16-T96': 0.00099601593625498}",2026-07-17T00:00:00+00:00
nyc,KXHIGHNY-26JUL16,neuralcaster_v2,"{'KXHIGHNY-26JUL16-T89': 0.9726329270593977, 'KXHIGHNY-26JUL16-B89.5': 0.023383009195582314, 'KXHIGHNY-26JUL16-B91.5': 0.00099601593625498, 'KXHIGHNY-26JUL16-B93.5': 0.00099601593625498, 'KXHIGHNY-26JUL16-B95.5': 0.00099601593625498, 'KXHIGHNY-26JUL16-T96': 0.00099601593625498}",2026-07-17T01:00:00+00:00
nyc,KXHIGHNY-26JUL16,neuralcaster_v2,"{'KXHIGHNY-26JUL16-T89': 0.9720202644151454, 'KXHIGHNY-26JUL16-B89.5': 0.023995671839834636, 'KXHIGHNY-26JUL16-B91.5': 0.00099601593625498, 'KXHIGHNY-26JUL16-B93.5': 0.00099601593625498, 'KXHIGHNY-26JUL16-B95.5': 0.00099601593625498, 'KXHIGHNY-26JUL16-T96': 0.00099601593625498}",2026-07-17T02:00:00+00:00
nyc,KXHIGHNY-26JUL16,neuralcaster_v2,"{'KXHIGHNY-26JUL16-T89': 0.9711235741029, 'KXHIGHNY-26JUL16-B89.5': 0.024892362152080145, 'KXHIGHNY-26JUL16-B91.5': 0.00099601593625498, 'KXHIGHNY-26JUL16-B93.5': 0.00099601593625498, 'KXHIGHNY-26JUL16-B95.5': 0.00099601593625498, 'KXHIGHNY-26JUL16-T96': 0.00099601593625498}",2026-07-17T03:00:00+00:00
nyc,KXHIGHNY-26JUL16,neuralcaster_v2,"{'KXHIGHNY-26JUL16-T89': 0.9704645523533724, 'KXHIGHNY-26JUL16-B89.5': 0.025551383901607754, 'KXHIGHNY-26JUL16-B91.5': 0.00099601593625498, 'KXHIGHNY-26JUL16-B93.5': 0.00099601593625498, 'KXHIGHNY-26JUL16-B95.5': 0.00099601593625498, 'KXHIGHNY-26JUL16-T96': 0.00099601593625498}",2026-07-17T04:00:00+00:00
okc,KXHIGHTOKC-26JUL16,neuralcaster_v2,"{'KXHIGHTOKC-26JUL16-T88': 0.6199889758855561, 'KXHIGHTOKC-26JUL16-B88.5': 0.3169224376502131, 'KXHIGHTOKC-26JUL16-B90.5': 0.060097559544988625, 'KXHIGHTOKC-26JUL16-B92.5': 0.0009970089730807579, 'KXHIGHTOKC-26JUL16-B94.5': 0.0009970089730807579, 'KXHIGHTOKC-26JUL16-T95': 0.0009970089730807579}",2026-07-16T06:00:00+00:00
okc,KXHIGHTOKC-26JUL16,neuralcaster_v2,"{'KXHIGHTOKC-26JUL16-T88': 0.6698945183751058, 'KXHIGHTOKC-26JUL16-B88.5': 0.2781702819369836, 'KXHIGHTOKC-26JUL16-B90.5': 0.04894417276866841, 'KXHIGHTOKC-26JUL16-B92.5': 0.0009970089730807579, 'KXHIGHTOKC-26JUL16-B94.5': 0.0009970089730807579, 'KXHIGHTOKC-26JUL16-T95': 0.0009970089730807579}",2026-07-16T07:00:00+00:00
okc,KXHIGHTOKC-26JUL16,neuralcaster_v2,"{'KXHIGHTOKC-26JUL16-T88': 0.6891522847598031, 'KXHIGHTOKC-26JUL16-B88.5': 0.2612572384008458, 'KXHIGHTOKC-26JUL16-B90.5': 0.04659944992010898, 'KXHIGHTOKC-26JUL16-B92.5': 0.0009970089730807579, 'KXHIGHTOKC-26JUL16-B94.5': 0.0009970089730807579, 'KXHIGHTOKC-26JUL16-T95': 0.0009970089730807579}",2026-07-16T08:00:00+00:00
okc,KXHIGHTOKC-26JUL16,neuralcaster_v2,"{'KXHIGHTOKC-26JUL16-T88': 0.6335296359355979, 'KXHIGHTOKC-26JUL16-B88.5': 0.3005025825518686, 'KXHIGHTOKC-26JUL16-B90.5': 0.0629743999318258, 'KXHIGHTOKC-26JUL16-B92.5': 0.0009977938602359095, 'KXHIGHTOKC-26JUL16-B94.5': 0.0009977938602359095, 'KXHIGHTOKC-26JUL16-T95': 0.0009977938602359095}",2026-07-16T09:00:00+00:00
okc,KXHIGHTOKC-26JUL16,neuralcaster_v2,"{'KXHIGHTOKC-26JUL16-T88': 0.687639269318818, 'KXHIGHTOKC-26JUL16-B88.5': 0.2613249009648001, 'KXHIGHTOKC-26JUL16-B90.5': 0.048044802797139664, 'KXHIGHTOKC-26JUL16-B92.5': 0.0009970089730807579, 'KXHIGHTOKC-26JUL16-B94.5': 0.0009970089730807579, 'KXHIGHTOKC-26JUL16-T95': 0.0009970089730807579}",2026-07-16T10:00:00+00:00
okc,KXHIGHTOKC-26JUL16,neuralcaster_v2,"{'KXHIGHTOKC-26JUL16-T88': 0.6949831142227925, 'KXHIGHTOKC-26JUL16-B88.5': 0.25505995768553225, 'KXHIGHTOKC-26JUL16-B90.5': 0.04696590117243308, 'KXHIGHTOKC-26JUL16-B92.5': 0.0009970089730807579, 'KXHIGHTOKC-26JUL16-B94.5': 0.0009970089730807579, 'KXHIGHTOKC-26JUL16-T95': 0.0009970089730807579}",2026-07-16T11:00:00+00:00
okc,KXHIGHTOKC-26JUL16,neuralcaster_v2,"{'KXHIGHTOKC-26JUL16-T88': 0.7260858690939388, 'KXHIGHTOKC-26JUL16-B88.5': 0.22842853995777496, 'KXHIGHTOKC-26JUL16-B90.5': 0.04249456402904408, 'KXHIGHTOKC-26JUL16-B92.5': 0.0009970089730807579, 'KXHIGHTOKC-26JUL16-B94.5': 0.0009970089730807579, 'KXHIGHTOKC-26JUL16-T95': 0.0009970089730807579}",2026-07-16T12:00:00+00:00
okc,KXHIGHTOKC-26JUL16,neuralcaster_v2,"{'KXHIGHTOKC-26JUL16-T88': 0.7594405736130966, 'KXHIGHTOKC-26JUL16-B88.5': 0.20058319286815754, 'KXHIGHTOKC-26JUL16-B90.5': 0.036985206599503724, 'KXHIGHTOKC-26JUL16-B92.5': 0.0009970089730807579, 'KXHIGHTOKC-26JUL16-B94.5': 0.0009970089730807579, 'KXHIGHTOKC-26JUL16-T95': 0.0009970089730807579}",2026-07-16T13:00:00+00:00
okc,KXHIGHTOKC-26JUL16,neuralcaster_v2,"{'KXHIGHTOKC-26JUL16-T88': 0.7881457638145271, 'KXHIGHTOKC-26JUL16-B88.5': 0.1791453561769597, 'KXHIGHTOKC-26JUL16-B90.5': 0.029717853089271048, 'KXHIGHTOKC-26JUL16-B92.5': 0.0009970089730807579, 'KXHIGHTOKC-26JUL16-B94.5': 0.0009970089730807579, 'KXHIGHTOKC-26JUL16-T95': 0.0009970089730807579}",2026-07-16T14:00:00+00:00
okc,KXHIGHTOKC-26JUL16,neuralcaster_v2,"{'KXHIGHTOKC-26JUL16-T88': 0.802878546163315, 'KXHIGHTOKC-26JUL16-B88.5': 0.1736765350065809, 'KXHIGHTOKC-26JUL16-B90.5': 0.020453891910861978, 'KXHIGHTOKC-26JUL16-B92.5': 0.0009970089730807579, 'KXHIGHTOKC-26JUL16-B94.5': 0.0009970089730807579, 'KXHIGHTOKC-26JUL16-T95': 0.0009970089730807579}",2026-07-16T15:00:00+00:00
okc,KXHIGHTOKC-26JUL16,neuralcaster_v2,"{'KXHIGHTOKC-26JUL16-T88': 0.7258869749689774, 'KXHIGHTOKC-26JUL16-B88.5': 0.24851208009734055, 'KXHIGHTOKC-26JUL16-B90.5': 0.022609918014439876, 'KXHIGHTOKC-26JUL16-B92.5': 0.0009970089730807579, 'KXHIGHTOKC-26JUL16-B94.5': 0.0009970089730807579, 'KXHIGHTOKC-26JUL16-T95': 0.0009970089730807579}",2026-07-16T16:00:00+00:00
okc,KXHIGHTOKC-26JUL16,neuralcaster_v2,"{'KXHIGHTOKC-26JUL16-T88': 0.7042126001973541, 'KXHIGHTOKC-26JUL16-B88.5': 0.27708784482682464, 'KXHIGHTOKC-26JUL16-B90.5': 0.015708528056579088, 'KXHIGHTOKC-26JUL16-B92.5': 0.0009970089730807579, 'KXHIGHTOKC-26JUL16-B94.5': 0.0009970089730807579, 'KXHIGHTOKC-26JUL16-T95': 0.0009970089730807579}",2026-07-16T17:00:00+00:00
okc,KXHIGHTOKC-26JUL16,neuralcaster_v2,"{'KXHIGHTOKC-26JUL16-T88': 0.8141552384581094, 'KXHIGHTOKC-26JUL16-B88.5': 0.1818606977968707, 'KXHIGHTOKC-26JUL16-B90.5': 0.00099601593625498, 'KXHIGHTOKC-26JUL16-B92.5': 0.00099601593625498, 'KXHIGHTOKC-26JUL16-B94.5': 0.00099601593625498, 'KXHIGHTOKC-26JUL16-T95': 0.00099601593625498}",2026-07-16T18:00:00+00:00
okc,KXHIGHTOKC-26JUL16,neuralcaster_v2,"{'KXHIGHTOKC-26JUL16-T88': 0.8128391619022594, 'KXHIGHTOKC-26JUL16-B88.5': 0.18317677435272076, 'KXHIGHTOKC-26JUL16-B90.5': 0.00099601593625498, 'KXHIGHTOKC-26JUL16-B92.5': 0.00099601593625498, 'KXHIGHTOKC-26JUL16-B94.5': 0.00099601593625498, 'KXHIGHTOKC-26JUL16-T95': 0.00099601593625498}",2026-07-16T19:00:00+00:00
okc,KXHIGHTOKC-26JUL16,neuralcaster_v2,"{'KXHIGHTOKC-26JUL16-T88': 0.8210374564588578, 'KXHIGHTOKC-26JUL16-B88.5': 0.1749784797961222, 'KXHIGHTOKC-26JUL16-B90.5': 0.00099601593625498, 'KXHIGHTOKC-26JUL16-B92.5': 0.00099601593625498, 'KXHIGHTOKC-26JUL16-B94.5': 0.00099601593625498, 'KXHIGHTOKC-26JUL16-T95': 0.00099601593625498}",2026-07-16T20:00:00+00:00
okc,KXHIGHTOKC-26JUL16,neuralcaster_v2,"{'KXHIGHTOKC-26JUL16-T88': 0.8479101649368552, 'KXHIGHTOKC-26JUL16-B88.5': 0.14810577131812488, 'KXHIGHTOKC-26JUL16-B90.5': 0.00099601593625498, 'KXHIGHTOKC-26JUL16-B92.5': 0.00099601593625498, 'KXHIGHTOKC-26JUL16-B94.5': 0.00099601593625498, 'KXHIGHTOKC-26JUL16-T95': 0.00099601593625498}",2026-07-16T21:00:00+00:00
okc,KXHIGHTOKC-26JUL16,neuralcaster_v2,"{'KXHIGHTOKC-26JUL16-T88': 0.8603446951524083, 'KXHIGHTOKC-26JUL16-B88.5': 0.13567124110257173, 'KXHIGHTOKC-26JUL16-B90.5': 0.00099601593625498, 'KXHIGHTOKC-26JUL16-B92.5': 0.00099601593625498, 'KXHIGHTOKC-26JUL16-B94.5': 0.00099601593625498, 'KXHIGHTOKC-26JUL16-T95': 0.00099601593625498}",2026-07-16T22:00:00+00:00
okc,KXHIGHTOKC-26JUL16,neuralcaster_v2,"{'KXHIGHTOKC-26JUL16-T88': 0.917427311537344, 'KXHIGHTOKC-26JUL16-B88.5': 0.07858862471763603, 'KXHIGHTOKC-26JUL16-B90.5': 0.00099601593625498, 'KXHIGHTOKC-26JUL16-B92.5': 0.00099601593625498, 'KXHIGHTOKC-26JUL16-B94.5': 0.00099601593625498, 'KXHIGHTOKC-26JUL16-T95': 0.00099601593625498}",2026-07-16T23:00:00+00:00
okc,KXHIGHTOKC-26JUL16,neuralcaster_v2,"{'KXHIGHTOKC-26JUL16-T88': 0.9200561661856729, 'KXHIGHTOKC-26JUL16-B88.5': 0.07595977006930718, 'KXHIGHTOKC-26JUL16-B90.5': 0.00099601593625498, 'KXHIGHTOKC-26JUL16-B92.5': 0.00099601593625498, 'KXHIGHTOKC-26JUL16-B94.5': 0.00099601593625498, 'KXHIGHTOKC-26JUL16-T95': 0.00099601593625498}",2026-07-17T00:00:00+00:00
okc,KXHIGHTOKC-26JUL16,neuralcaster_v2,"{'KXHIGHTOKC-26JUL16-T88': 0.9226541709051866, 'KXHIGHTOKC-26JUL16-B88.5': 0.07336176534979348, 'KXHIGHTOKC-26JUL16-B90.5': 0.00099601593625498, 'KXHIGHTOKC-26JUL16-B92.5': 0.00099601593625498, 'KXHIGHTOKC-26JUL16-B94.5': 0.00099601593625498, 'KXHIGHTOKC-26JUL16-T95': 0.00099601593625498}",2026-07-17T01:00:00+00:00
okc,KXHIGHTOKC-26JUL16,neuralcaster_v2,"{'KXHIGHTOKC-26JUL16-T88': 0.9226541709051866, 'KXHIGHTOKC-26JUL16-B88.5': 0.07336176534979348, 'KXHIGHTOKC-26JUL16-B90.5': 0.00099601593625498, 'KXHIGHTOKC-26JUL16-B92.5': 0.00099601593625498, 'KXHIGHTOKC-26JUL16-B94.5': 0.00099601593625498, 'KXHIGHTOKC-26JUL16-T95': 0.00099601593625498}",2026-07-17T02:00:00+00:00
okc,KXHIGHTOKC-26JUL16,neuralcaster_v2,"{'KXHIGHTOKC-26JUL16-T88': 0.9213452524968819, 'KXHIGHTOKC-26JUL16-B88.5': 0.07467068375809818, 'KXHIGHTOKC-26JUL16-B90.5': 0.00099601593625498, 'KXHIGHTOKC-26JUL16-B92.5': 0.00099601593625498, 'KXHIGHTOKC-26JUL16-B94.5': 0.00099601593625498, 'KXHIGHTOKC-26JUL16-T95': 0.00099601593625498}",2026-07-17T03:00:00+00:00
okc,KXHIGHTOKC-26JUL16,neuralcaster_v2,"{'KXHIGHTOKC-26JUL16-T88': 0.9207084218234812, 'KXHIGHTOKC-26JUL16-B88.5': 0.07530751443149884, 'KXHIGHTOKC-26JUL16-B90.5': 0.00099601593625498, 'KXHIGHTOKC-26JUL16-B92.5': 0.00099601593625498, 'KXHIGHTOKC-26JUL16-B94.5': 0.00099601593625498, 'KXHIGHTOKC-26JUL16-T95': 0.00099601593625498}",2026-07-17T04:00:00+00:00
okc,KXHIGHTOKC-26JUL16,neuralcaster_v2,"{'KXHIGHTOKC-26JUL16-T88': 0.9196848652567178, 'KXHIGHTOKC-26JUL16-B88.5': 0.07633107099826225, 'KXHIGHTOKC-26JUL16-B90.5': 0.00099601593625498, 'KXHIGHTOKC-26JUL16-B92.5': 0.00099601593625498, 'KXHIGHTOKC-26JUL16-B94.5': 0.00099601593625498, 'KXHIGHTOKC-26JUL16-T95': 0.00099601593625498}",2026-07-17T05:00:00+00:00
