absolute_error_f,actual_high_f,brier,checkpoint,city,city_day,error_f,event_ticker,log_loss,metric_type,model_name,predicted_high_f,rps,snapshot_hour_utc,target_date,top_bracket_type,top_one_accuracy,top_probability,top_ticker,winner_bracket_type,winner_probability,winner_ticker,within_1f,within_2f,within_one_bracket
0.6865692138671875,80.0,,t_plus_0h,aus,aus:2026-07-15,0.6865692138671875,KXHIGHAUS-26JUL15,,temperature,neuralcaster_v2,80.68656921386719,,2026-07-15T06:00:00+00:00,2026-07-15,,,,,,,,1.0,1.0,
0.257476806640625,80.0,,t_plus_1h,aus,aus:2026-07-15,0.257476806640625,KXHIGHAUS-26JUL15,,temperature,neuralcaster_v2,80.25747680664062,,2026-07-15T07:00:00+00:00,2026-07-15,,,,,,,,1.0,1.0,
0.1557464599609375,80.0,,t_plus_2h,aus,aus:2026-07-15,0.1557464599609375,KXHIGHAUS-26JUL15,,temperature,neuralcaster_v2,80.15574645996094,,2026-07-15T08:00:00+00:00,2026-07-15,,,,,,,,1.0,1.0,
0.159393310546875,80.0,,t_plus_3h,aus,aus:2026-07-15,-0.159393310546875,KXHIGHAUS-26JUL15,,temperature,neuralcaster_v2,79.84060668945312,,2026-07-15T09:00:00+00:00,2026-07-15,,,,,,,,1.0,1.0,
0.40726470947265625,80.0,,t_plus_4h,aus,aus:2026-07-15,-0.40726470947265625,KXHIGHAUS-26JUL15,,temperature,neuralcaster_v2,79.59273529052734,,2026-07-15T10:00:00+00:00,2026-07-15,,,,,,,,1.0,1.0,
0.5965042114257812,80.0,,t_plus_5h,aus,aus:2026-07-15,-0.5965042114257812,KXHIGHAUS-26JUL15,,temperature,neuralcaster_v2,79.40349578857422,,2026-07-15T11:00:00+00:00,2026-07-15,,,,,,,,1.0,1.0,
0.8653640747070312,80.0,,t_plus_6h,aus,aus:2026-07-15,-0.8653640747070312,KXHIGHAUS-26JUL15,,temperature,neuralcaster_v2,79.13463592529297,,2026-07-15T12:00:00+00:00,2026-07-15,,,,,,,,1.0,1.0,
0.6778182983398438,80.0,,t_plus_7h,aus,aus:2026-07-15,-0.6778182983398438,KXHIGHAUS-26JUL15,,temperature,neuralcaster_v2,79.32218170166016,,2026-07-15T13:00:00+00:00,2026-07-15,,,,,,,,1.0,1.0,
0.5007705688476562,80.0,,t_plus_8h,aus,aus:2026-07-15,-0.5007705688476562,KXHIGHAUS-26JUL15,,temperature,neuralcaster_v2,79.49922943115234,,2026-07-15T14:00:00+00:00,2026-07-15,,,,,,,,1.0,1.0,
1.3193359375,80.0,,t_plus_9h,aus,aus:2026-07-15,-1.3193359375,KXHIGHAUS-26JUL15,,temperature,neuralcaster_v2,78.6806640625,,2026-07-15T15:00:00+00:00,2026-07-15,,,,,,,,0.0,1.0,
0.90338134765625,80.0,,t_plus_10h,aus,aus:2026-07-15,-0.90338134765625,KXHIGHAUS-26JUL15,,temperature,neuralcaster_v2,79.09661865234375,,2026-07-15T16:00:00+00:00,2026-07-15,,,,,,,,1.0,1.0,
0.9973907470703125,80.0,,t_plus_11h,aus,aus:2026-07-15,-0.9973907470703125,KXHIGHAUS-26JUL15,,temperature,neuralcaster_v2,79.00260925292969,,2026-07-15T17:00:00+00:00,2026-07-15,,,,,,,,1.0,1.0,
0.6044769287109375,80.0,,t_plus_12h,aus,aus:2026-07-15,-0.6044769287109375,KXHIGHAUS-26JUL15,,temperature,neuralcaster_v2,79.39552307128906,,2026-07-15T18:00:00+00:00,2026-07-15,,,,,,,,1.0,1.0,
0.04079437255859375,80.0,,t_plus_13h,aus,aus:2026-07-15,0.04079437255859375,KXHIGHAUS-26JUL15,,temperature,neuralcaster_v2,80.0407943725586,,2026-07-15T19:00:00+00:00,2026-07-15,,,,,,,,1.0,1.0,
0.24957275390625,80.0,,t_plus_14h,aus,aus:2026-07-15,0.24957275390625,KXHIGHAUS-26JUL15,,temperature,neuralcaster_v2,80.24957275390625,,2026-07-15T20:00:00+00:00,2026-07-15,,,,,,,,1.0,1.0,
0.1465911865234375,80.0,,t_plus_15h,aus,aus:2026-07-15,-0.1465911865234375,KXHIGHAUS-26JUL15,,temperature,neuralcaster_v2,79.85340881347656,,2026-07-15T21:00:00+00:00,2026-07-15,,,,,,,,1.0,1.0,
0.05866241455078125,80.0,,t_plus_16h,aus,aus:2026-07-15,-0.05866241455078125,KXHIGHAUS-26JUL15,,temperature,neuralcaster_v2,79.94133758544922,,2026-07-15T22:00:00+00:00,2026-07-15,,,,,,,,1.0,1.0,
0.20011138916015625,80.0,,t_plus_17h,aus,aus:2026-07-15,-0.20011138916015625,KXHIGHAUS-26JUL15,,temperature,neuralcaster_v2,79.79988861083984,,2026-07-15T23:00:00+00:00,2026-07-15,,,,,,,,1.0,1.0,
0.6519851684570312,80.0,,t_plus_18h,aus,aus:2026-07-15,0.6519851684570312,KXHIGHAUS-26JUL15,,temperature,neuralcaster_v2,80.65198516845703,,2026-07-16T00:00:00+00:00,2026-07-15,,,,,,,,1.0,1.0,
0.6379470825195312,80.0,,t_plus_19h,aus,aus:2026-07-15,0.6379470825195312,KXHIGHAUS-26JUL15,,temperature,neuralcaster_v2,80.63794708251953,,2026-07-16T01:00:00+00:00,2026-07-15,,,,,,,,1.0,1.0,
0.6272811889648438,80.0,,t_plus_20h,aus,aus:2026-07-15,0.6272811889648438,KXHIGHAUS-26JUL15,,temperature,neuralcaster_v2,80.62728118896484,,2026-07-16T02:00:00+00:00,2026-07-15,,,,,,,,1.0,1.0,
0.6177825927734375,80.0,,t_plus_21h,aus,aus:2026-07-15,0.6177825927734375,KXHIGHAUS-26JUL15,,temperature,neuralcaster_v2,80.61778259277344,,2026-07-16T03:00:00+00:00,2026-07-15,,,,,,,,1.0,1.0,
0.6131134033203125,80.0,,t_plus_22h,aus,aus:2026-07-15,0.6131134033203125,KXHIGHAUS-26JUL15,,temperature,neuralcaster_v2,80.61311340332031,,2026-07-16T04:00:00+00:00,2026-07-15,,,,,,,,1.0,1.0,
0.6104812622070312,80.0,,t_plus_23h,aus,aus:2026-07-15,0.6104812622070312,KXHIGHAUS-26JUL15,,temperature,neuralcaster_v2,80.61048126220703,,2026-07-16T05:00:00+00:00,2026-07-15,,,,,,,,1.0,1.0,
0.43021392822265625,94.0,,t_plus_0h,den,den:2026-07-15,-0.43021392822265625,KXHIGHDEN-26JUL15,,temperature,neuralcaster_v2,93.56978607177734,,2026-07-15T07:00:00+00:00,2026-07-15,,,,,,,,1.0,1.0,
0.2583465576171875,94.0,,t_plus_1h,den,den:2026-07-15,-0.2583465576171875,KXHIGHDEN-26JUL15,,temperature,neuralcaster_v2,93.74165344238281,,2026-07-15T08:00:00+00:00,2026-07-15,,,,,,,,1.0,1.0,
0.49658203125,94.0,,t_plus_2h,den,den:2026-07-15,-0.49658203125,KXHIGHDEN-26JUL15,,temperature,neuralcaster_v2,93.50341796875,,2026-07-15T09:00:00+00:00,2026-07-15,,,,,,,,1.0,1.0,
0.8239593505859375,94.0,,t_plus_3h,den,den:2026-07-15,-0.8239593505859375,KXHIGHDEN-26JUL15,,temperature,neuralcaster_v2,93.17604064941406,,2026-07-15T10:00:00+00:00,2026-07-15,,,,,,,,1.0,1.0,
0.9653549194335938,94.0,,t_plus_4h,den,den:2026-07-15,-0.9653549194335938,KXHIGHDEN-26JUL15,,temperature,neuralcaster_v2,93.0346450805664,,2026-07-15T11:00:00+00:00,2026-07-15,,,,,,,,1.0,1.0,
0.968475341796875,94.0,,t_plus_5h,den,den:2026-07-15,-0.968475341796875,KXHIGHDEN-26JUL15,,temperature,neuralcaster_v2,93.03152465820312,,2026-07-15T12:00:00+00:00,2026-07-15,,,,,,,,1.0,1.0,
0.9867095947265625,94.0,,t_plus_6h,den,den:2026-07-15,-0.9867095947265625,KXHIGHDEN-26JUL15,,temperature,neuralcaster_v2,93.01329040527344,,2026-07-15T13:00:00+00:00,2026-07-15,,,,,,,,1.0,1.0,
1.099761962890625,94.0,,t_plus_7h,den,den:2026-07-15,-1.099761962890625,KXHIGHDEN-26JUL15,,temperature,neuralcaster_v2,92.90023803710938,,2026-07-15T14:00:00+00:00,2026-07-15,,,,,,,,0.0,1.0,
1.0545806884765625,94.0,,t_plus_8h,den,den:2026-07-15,-1.0545806884765625,KXHIGHDEN-26JUL15,,temperature,neuralcaster_v2,92.94541931152344,,2026-07-15T15:00:00+00:00,2026-07-15,,,,,,,,0.0,1.0,
1.0849380493164062,94.0,,t_plus_9h,den,den:2026-07-15,-1.0849380493164062,KXHIGHDEN-26JUL15,,temperature,neuralcaster_v2,92.9150619506836,,2026-07-15T16:00:00+00:00,2026-07-15,,,,,,,,0.0,1.0,
1.1217422485351562,94.0,,t_plus_10h,den,den:2026-07-15,-1.1217422485351562,KXHIGHDEN-26JUL15,,temperature,neuralcaster_v2,92.87825775146484,,2026-07-15T17:00:00+00:00,2026-07-15,,,,,,,,0.0,1.0,
1.086883544921875,94.0,,t_plus_11h,den,den:2026-07-15,-1.086883544921875,KXHIGHDEN-26JUL15,,temperature,neuralcaster_v2,92.91311645507812,,2026-07-15T18:00:00+00:00,2026-07-15,,,,,,,,0.0,1.0,
0.7047805786132812,94.0,,t_plus_12h,den,den:2026-07-15,-0.7047805786132812,KXHIGHDEN-26JUL15,,temperature,neuralcaster_v2,93.29521942138672,,2026-07-15T19:00:00+00:00,2026-07-15,,,,,,,,1.0,1.0,
1.0394668579101562,94.0,,t_plus_13h,den,den:2026-07-15,-1.0394668579101562,KXHIGHDEN-26JUL15,,temperature,neuralcaster_v2,92.96053314208984,,2026-07-15T20:00:00+00:00,2026-07-15,,,,,,,,0.0,1.0,
0.7443466186523438,94.0,,t_plus_14h,den,den:2026-07-15,-0.7443466186523438,KXHIGHDEN-26JUL15,,temperature,neuralcaster_v2,93.25565338134766,,2026-07-15T21:00:00+00:00,2026-07-15,,,,,,,,1.0,1.0,
0.6898193359375,94.0,,t_plus_15h,den,den:2026-07-15,-0.6898193359375,KXHIGHDEN-26JUL15,,temperature,neuralcaster_v2,93.3101806640625,,2026-07-15T22:00:00+00:00,2026-07-15,,,,,,,,1.0,1.0,
0.7525787353515625,94.0,,t_plus_16h,den,den:2026-07-15,-0.7525787353515625,KXHIGHDEN-26JUL15,,temperature,neuralcaster_v2,93.24742126464844,,2026-07-15T23:00:00+00:00,2026-07-15,,,,,,,,1.0,1.0,
0.59130859375,94.0,,t_plus_17h,den,den:2026-07-15,-0.59130859375,KXHIGHDEN-26JUL15,,temperature,neuralcaster_v2,93.40869140625,,2026-07-16T00:00:00+00:00,2026-07-15,,,,,,,,1.0,1.0,
0.6645965576171875,94.0,,t_plus_18h,den,den:2026-07-15,-0.6645965576171875,KXHIGHDEN-26JUL15,,temperature,neuralcaster_v2,93.33540344238281,,2026-07-16T01:00:00+00:00,2026-07-15,,,,,,,,1.0,1.0,
0.695556640625,94.0,,t_plus_19h,den,den:2026-07-15,-0.695556640625,KXHIGHDEN-26JUL15,,temperature,neuralcaster_v2,93.304443359375,,2026-07-16T02:00:00+00:00,2026-07-15,,,,,,,,1.0,1.0,
0.7200698852539062,94.0,,t_plus_20h,den,den:2026-07-15,-0.7200698852539062,KXHIGHDEN-26JUL15,,temperature,neuralcaster_v2,93.2799301147461,,2026-07-16T03:00:00+00:00,2026-07-15,,,,,,,,1.0,1.0,
0.7812576293945312,94.0,,t_plus_21h,den,den:2026-07-15,-0.7812576293945312,KXHIGHDEN-26JUL15,,temperature,neuralcaster_v2,93.21874237060547,,2026-07-16T04:00:00+00:00,2026-07-15,,,,,,,,1.0,1.0,
0.801116943359375,94.0,,t_plus_22h,den,den:2026-07-15,-0.801116943359375,KXHIGHDEN-26JUL15,,temperature,neuralcaster_v2,93.19888305664062,,2026-07-16T05:00:00+00:00,2026-07-15,,,,,,,,1.0,1.0,
0.839569091796875,94.0,,t_plus_23h,den,den:2026-07-15,-0.839569091796875,KXHIGHDEN-26JUL15,,temperature,neuralcaster_v2,93.16043090820312,,2026-07-16T06:00:00+00:00,2026-07-15,,,,,,,,1.0,1.0,
0.6956787109375,81.0,,t_plus_0h,la,la:2026-07-15,0.6956787109375,KXHIGHLAX-26JUL15,,temperature,neuralcaster_v2,81.6956787109375,,2026-07-15T08:00:00+00:00,2026-07-15,,,,,,,,1.0,1.0,
0.453582763671875,81.0,,t_plus_1h,la,la:2026-07-15,0.453582763671875,KXHIGHLAX-26JUL15,,temperature,neuralcaster_v2,81.45358276367188,,2026-07-15T09:00:00+00:00,2026-07-15,,,,,,,,1.0,1.0,
0.29482269287109375,81.0,,t_plus_2h,la,la:2026-07-15,0.29482269287109375,KXHIGHLAX-26JUL15,,temperature,neuralcaster_v2,81.2948226928711,,2026-07-15T10:00:00+00:00,2026-07-15,,,,,,,,1.0,1.0,
0.07137298583984375,81.0,,t_plus_3h,la,la:2026-07-15,0.07137298583984375,KXHIGHLAX-26JUL15,,temperature,neuralcaster_v2,81.07137298583984,,2026-07-15T11:00:00+00:00,2026-07-15,,,,,,,,1.0,1.0,
0.39751434326171875,81.0,,t_plus_4h,la,la:2026-07-15,0.39751434326171875,KXHIGHLAX-26JUL15,,temperature,neuralcaster_v2,81.39751434326172,,2026-07-15T12:00:00+00:00,2026-07-15,,,,,,,,1.0,1.0,
0.5645828247070312,81.0,,t_plus_5h,la,la:2026-07-15,0.5645828247070312,KXHIGHLAX-26JUL15,,temperature,neuralcaster_v2,81.56458282470703,,2026-07-15T13:00:00+00:00,2026-07-15,,,,,,,,1.0,1.0,
0.9337158203125,81.0,,t_plus_6h,la,la:2026-07-15,0.9337158203125,KXHIGHLAX-26JUL15,,temperature,neuralcaster_v2,81.9337158203125,,2026-07-15T14:00:00+00:00,2026-07-15,,,,,,,,1.0,1.0,
1.4022979736328125,81.0,,t_plus_7h,la,la:2026-07-15,1.4022979736328125,KXHIGHLAX-26JUL15,,temperature,neuralcaster_v2,82.40229797363281,,2026-07-15T15:00:00+00:00,2026-07-15,,,,,,,,0.0,1.0,
1.2121734619140625,81.0,,t_plus_8h,la,la:2026-07-15,1.2121734619140625,KXHIGHLAX-26JUL15,,temperature,neuralcaster_v2,82.21217346191406,,2026-07-15T16:00:00+00:00,2026-07-15,,,,,,,,0.0,1.0,
0.1145172119140625,81.0,,t_plus_9h,la,la:2026-07-15,-0.1145172119140625,KXHIGHLAX-26JUL15,,temperature,neuralcaster_v2,80.88548278808594,,2026-07-15T17:00:00+00:00,2026-07-15,,,,,,,,1.0,1.0,
0.10259246826171875,81.0,,t_plus_10h,la,la:2026-07-15,-0.10259246826171875,KXHIGHLAX-26JUL15,,temperature,neuralcaster_v2,80.89740753173828,,2026-07-15T18:00:00+00:00,2026-07-15,,,,,,,,1.0,1.0,
0.9450607299804688,81.0,,t_plus_11h,la,la:2026-07-15,0.9450607299804688,KXHIGHLAX-26JUL15,,temperature,neuralcaster_v2,81.94506072998047,,2026-07-15T19:00:00+00:00,2026-07-15,,,,,,,,1.0,1.0,
0.25600433349609375,81.0,,t_plus_12h,la,la:2026-07-15,0.25600433349609375,KXHIGHLAX-26JUL15,,temperature,neuralcaster_v2,81.2560043334961,,2026-07-15T20:00:00+00:00,2026-07-15,,,,,,,,1.0,1.0,
0.16980743408203125,81.0,,t_plus_13h,la,la:2026-07-15,-0.16980743408203125,KXHIGHLAX-26JUL15,,temperature,neuralcaster_v2,80.83019256591797,,2026-07-15T21:00:00+00:00,2026-07-15,,,,,,,,1.0,1.0,
0.4000000000000057,81.0,,t_plus_14h,la,la:2026-07-15,-0.4000000000000057,KXHIGHLAX-26JUL15,,temperature,neuralcaster_v2,80.6,,2026-07-15T22:00:00+00:00,2026-07-15,,,,,,,,1.0,1.0,
0.4000000000000057,81.0,,t_plus_15h,la,la:2026-07-15,-0.4000000000000057,KXHIGHLAX-26JUL15,,temperature,neuralcaster_v2,80.6,,2026-07-15T23:00:00+00:00,2026-07-15,,,,,,,,1.0,1.0,
0.4000000000000057,81.0,,t_plus_16h,la,la:2026-07-15,-0.4000000000000057,KXHIGHLAX-26JUL15,,temperature,neuralcaster_v2,80.6,,2026-07-16T00:00:00+00:00,2026-07-15,,,,,,,,1.0,1.0,
0.4000000000000057,81.0,,t_plus_17h,la,la:2026-07-15,-0.4000000000000057,KXHIGHLAX-26JUL15,,temperature,neuralcaster_v2,80.6,,2026-07-16T01:00:00+00:00,2026-07-15,,,,,,,,1.0,1.0,
0.4000000000000057,81.0,,t_plus_18h,la,la:2026-07-15,-0.4000000000000057,KXHIGHLAX-26JUL15,,temperature,neuralcaster_v2,80.6,,2026-07-16T02:00:00+00:00,2026-07-15,,,,,,,,1.0,1.0,
0.4000000000000057,81.0,,t_plus_19h,la,la:2026-07-15,-0.4000000000000057,KXHIGHLAX-26JUL15,,temperature,neuralcaster_v2,80.6,,2026-07-16T03:00:00+00:00,2026-07-15,,,,,,,,1.0,1.0,
0.4000000000000057,81.0,,t_plus_20h,la,la:2026-07-15,-0.4000000000000057,KXHIGHLAX-26JUL15,,temperature,neuralcaster_v2,80.6,,2026-07-16T04:00:00+00:00,2026-07-15,,,,,,,,1.0,1.0,
0.4000000000000057,81.0,,t_plus_21h,la,la:2026-07-15,-0.4000000000000057,KXHIGHLAX-26JUL15,,temperature,neuralcaster_v2,80.6,,2026-07-16T05:00:00+00:00,2026-07-15,,,,,,,,1.0,1.0,
0.4000000000000057,81.0,,t_plus_22h,la,la:2026-07-15,-0.4000000000000057,KXHIGHLAX-26JUL15,,temperature,neuralcaster_v2,80.6,,2026-07-16T06:00:00+00:00,2026-07-15,,,,,,,,1.0,1.0,
0.4000000000000057,81.0,,t_plus_23h,la,la:2026-07-15,-0.4000000000000057,KXHIGHLAX-26JUL15,,temperature,neuralcaster_v2,80.6,,2026-07-16T07:00:00+00:00,2026-07-15,,,,,,,,1.0,1.0,
0.12914276123046875,94.0,,t_plus_0h,mia,mia:2026-07-15,-0.12914276123046875,KXHIGHMIA-26JUL15,,temperature,neuralcaster_v2,93.87085723876953,,2026-07-15T05:00:00+00:00,2026-07-15,,,,,,,,1.0,1.0,
0.0795745849609375,94.0,,t_plus_1h,mia,mia:2026-07-15,0.0795745849609375,KXHIGHMIA-26JUL15,,temperature,neuralcaster_v2,94.07957458496094,,2026-07-15T06:00:00+00:00,2026-07-15,,,,,,,,1.0,1.0,
0.0677032470703125,94.0,,t_plus_2h,mia,mia:2026-07-15,0.0677032470703125,KXHIGHMIA-26JUL15,,temperature,neuralcaster_v2,94.06770324707031,,2026-07-15T07:00:00+00:00,2026-07-15,,,,,,,,1.0,1.0,
0.03310394287109375,94.0,,t_plus_3h,mia,mia:2026-07-15,0.03310394287109375,KXHIGHMIA-26JUL15,,temperature,neuralcaster_v2,94.0331039428711,,2026-07-15T08:00:00+00:00,2026-07-15,,,,,,,,1.0,1.0,
0.08233642578125,94.0,,t_plus_4h,mia,mia:2026-07-15,0.08233642578125,KXHIGHMIA-26JUL15,,temperature,neuralcaster_v2,94.08233642578125,,2026-07-15T09:00:00+00:00,2026-07-15,,,,,,,,1.0,1.0,
0.03079986572265625,94.0,,t_plus_5h,mia,mia:2026-07-15,0.03079986572265625,KXHIGHMIA-26JUL15,,temperature,neuralcaster_v2,94.03079986572266,,2026-07-15T10:00:00+00:00,2026-07-15,,,,,,,,1.0,1.0,
0.0429229736328125,94.0,,t_plus_6h,mia,mia:2026-07-15,-0.0429229736328125,KXHIGHMIA-26JUL15,,temperature,neuralcaster_v2,93.95707702636719,,2026-07-15T11:00:00+00:00,2026-07-15,,,,,,,,1.0,1.0,
0.2788543701171875,94.0,,t_plus_7h,mia,mia:2026-07-15,-0.2788543701171875,KXHIGHMIA-26JUL15,,temperature,neuralcaster_v2,93.72114562988281,,2026-07-15T12:00:00+00:00,2026-07-15,,,,,,,,1.0,1.0,
0.41727447509765625,94.0,,t_plus_8h,mia,mia:2026-07-15,-0.41727447509765625,KXHIGHMIA-26JUL15,,temperature,neuralcaster_v2,93.58272552490234,,2026-07-15T13:00:00+00:00,2026-07-15,,,,,,,,1.0,1.0,
0.33698272705078125,94.0,,t_plus_9h,mia,mia:2026-07-15,-0.33698272705078125,KXHIGHMIA-26JUL15,,temperature,neuralcaster_v2,93.66301727294922,,2026-07-15T14:00:00+00:00,2026-07-15,,,,,,,,1.0,1.0,
0.37386322021484375,94.0,,t_plus_10h,mia,mia:2026-07-15,-0.37386322021484375,KXHIGHMIA-26JUL15,,temperature,neuralcaster_v2,93.62613677978516,,2026-07-15T15:00:00+00:00,2026-07-15,,,,,,,,1.0,1.0,
0.2712554931640625,94.0,,t_plus_11h,mia,mia:2026-07-15,-0.2712554931640625,KXHIGHMIA-26JUL15,,temperature,neuralcaster_v2,93.72874450683594,,2026-07-15T16:00:00+00:00,2026-07-15,,,,,,,,1.0,1.0,
0.12377166748046875,94.0,,t_plus_12h,mia,mia:2026-07-15,-0.12377166748046875,KXHIGHMIA-26JUL15,,temperature,neuralcaster_v2,93.87622833251953,,2026-07-15T17:00:00+00:00,2026-07-15,,,,,,,,1.0,1.0,
0.16335296630859375,94.0,,t_plus_13h,mia,mia:2026-07-15,-0.16335296630859375,KXHIGHMIA-26JUL15,,temperature,neuralcaster_v2,93.8366470336914,,2026-07-15T18:00:00+00:00,2026-07-15,,,,,,,,1.0,1.0,
0.39884185791015625,94.0,,t_plus_14h,mia,mia:2026-07-15,-0.39884185791015625,KXHIGHMIA-26JUL15,,temperature,neuralcaster_v2,93.60115814208984,,2026-07-15T19:00:00+00:00,2026-07-15,,,,,,,,1.0,1.0,
0.2911376953125,94.0,,t_plus_15h,mia,mia:2026-07-15,-0.2911376953125,KXHIGHMIA-26JUL15,,temperature,neuralcaster_v2,93.7088623046875,,2026-07-15T20:00:00+00:00,2026-07-15,,,,,,,,1.0,1.0,
0.7999999999999972,94.0,,t_plus_16h,mia,mia:2026-07-15,-0.7999999999999972,KXHIGHMIA-26JUL15,,temperature,neuralcaster_v2,93.2,,2026-07-15T21:00:00+00:00,2026-07-15,,,,,,,,1.0,1.0,
0.10042572021484375,94.0,,t_plus_17h,mia,mia:2026-07-15,-0.10042572021484375,KXHIGHMIA-26JUL15,,temperature,neuralcaster_v2,93.89957427978516,,2026-07-15T22:00:00+00:00,2026-07-15,,,,,,,,1.0,1.0,
0.05091094970703125,94.0,,t_plus_18h,mia,mia:2026-07-15,-0.05091094970703125,KXHIGHMIA-26JUL15,,temperature,neuralcaster_v2,93.94908905029297,,2026-07-15T23:00:00+00:00,2026-07-15,,,,,,,,1.0,1.0,
0.010040283203125,94.0,,t_plus_19h,mia,mia:2026-07-15,0.010040283203125,KXHIGHMIA-26JUL15,,temperature,neuralcaster_v2,94.01004028320312,,2026-07-16T00:00:00+00:00,2026-07-15,,,,,,,,1.0,1.0,
0.0068817138671875,94.0,,t_plus_20h,mia,mia:2026-07-15,0.0068817138671875,KXHIGHMIA-26JUL15,,temperature,neuralcaster_v2,94.00688171386719,,2026-07-16T01:00:00+00:00,2026-07-15,,,,,,,,1.0,1.0,
0.00058746337890625,94.0,,t_plus_21h,mia,mia:2026-07-15,0.00058746337890625,KXHIGHMIA-26JUL15,,temperature,neuralcaster_v2,94.0005874633789,,2026-07-16T02:00:00+00:00,2026-07-15,,,,,,,,1.0,1.0,
0.0052947998046875,94.0,,t_plus_22h,mia,mia:2026-07-15,-0.0052947998046875,KXHIGHMIA-26JUL15,,temperature,neuralcaster_v2,93.99470520019531,,2026-07-16T03:00:00+00:00,2026-07-15,,,,,,,,1.0,1.0,
0.015777587890625,94.0,,t_plus_23h,mia,mia:2026-07-15,-0.015777587890625,KXHIGHMIA-26JUL15,,temperature,neuralcaster_v2,93.98422241210938,,2026-07-16T04:00:00+00:00,2026-07-15,,,,,,,,1.0,1.0,
1.9253311157226562,95.0,,t_plus_0h,nyc,nyc:2026-07-15,1.9253311157226562,KXHIGHNY-26JUL15,,temperature,neuralcaster_v2,96.92533111572266,,2026-07-15T05:00:00+00:00,2026-07-15,,,,,,,,0.0,1.0,
1.7164230346679688,95.0,,t_plus_1h,nyc,nyc:2026-07-15,1.7164230346679688,KXHIGHNY-26JUL15,,temperature,neuralcaster_v2,96.71642303466797,,2026-07-15T06:00:00+00:00,2026-07-15,,,,,,,,0.0,1.0,
1.2047576904296875,95.0,,t_plus_2h,nyc,nyc:2026-07-15,1.2047576904296875,KXHIGHNY-26JUL15,,temperature,neuralcaster_v2,96.20475769042969,,2026-07-15T07:00:00+00:00,2026-07-15,,,,,,,,0.0,1.0,
0.7223358154296875,95.0,,t_plus_3h,nyc,nyc:2026-07-15,0.7223358154296875,KXHIGHNY-26JUL15,,temperature,neuralcaster_v2,95.72233581542969,,2026-07-15T08:00:00+00:00,2026-07-15,,,,,,,,1.0,1.0,
0.49160003662109375,95.0,,t_plus_4h,nyc,nyc:2026-07-15,0.49160003662109375,KXHIGHNY-26JUL15,,temperature,neuralcaster_v2,95.4916000366211,,2026-07-15T09:00:00+00:00,2026-07-15,,,,,,,,1.0,1.0,
0.5013504028320312,95.0,,t_plus_5h,nyc,nyc:2026-07-15,0.5013504028320312,KXHIGHNY-26JUL15,,temperature,neuralcaster_v2,95.50135040283203,,2026-07-15T10:00:00+00:00,2026-07-15,,,,,,,,1.0,1.0,
0.43318939208984375,95.0,,t_plus_6h,nyc,nyc:2026-07-15,0.43318939208984375,KXHIGHNY-26JUL15,,temperature,neuralcaster_v2,95.43318939208984,,2026-07-15T11:00:00+00:00,2026-07-15,,,,,,,,1.0,1.0,
0.376373291015625,95.0,,t_plus_7h,nyc,nyc:2026-07-15,0.376373291015625,KXHIGHNY-26JUL15,,temperature,neuralcaster_v2,95.37637329101562,,2026-07-15T12:00:00+00:00,2026-07-15,,,,,,,,1.0,1.0,
0.30057525634765625,95.0,,t_plus_8h,nyc,nyc:2026-07-15,0.30057525634765625,KXHIGHNY-26JUL15,,temperature,neuralcaster_v2,95.30057525634766,,2026-07-15T13:00:00+00:00,2026-07-15,,,,,,,,1.0,1.0,
0.3451080322265625,95.0,,t_plus_9h,nyc,nyc:2026-07-15,0.3451080322265625,KXHIGHNY-26JUL15,,temperature,neuralcaster_v2,95.34510803222656,,2026-07-15T14:00:00+00:00,2026-07-15,,,,,,,,1.0,1.0,
0.32106781005859375,95.0,,t_plus_10h,nyc,nyc:2026-07-15,0.32106781005859375,KXHIGHNY-26JUL15,,temperature,neuralcaster_v2,95.3210678100586,,2026-07-15T15:00:00+00:00,2026-07-15,,,,,,,,1.0,1.0,
0.685943603515625,95.0,,t_plus_11h,nyc,nyc:2026-07-15,0.685943603515625,KXHIGHNY-26JUL15,,temperature,neuralcaster_v2,95.68594360351562,,2026-07-15T16:00:00+00:00,2026-07-15,,,,,,,,1.0,1.0,
0.9098052978515625,95.0,,t_plus_12h,nyc,nyc:2026-07-15,0.9098052978515625,KXHIGHNY-26JUL15,,temperature,neuralcaster_v2,95.90980529785156,,2026-07-15T17:00:00+00:00,2026-07-15,,,,,,,,1.0,1.0,
0.4252777099609375,95.0,,t_plus_13h,nyc,nyc:2026-07-15,0.4252777099609375,KXHIGHNY-26JUL15,,temperature,neuralcaster_v2,95.42527770996094,,2026-07-15T18:00:00+00:00,2026-07-15,,,,,,,,1.0,1.0,
0.141357421875,95.0,,t_plus_14h,nyc,nyc:2026-07-15,0.141357421875,KXHIGHNY-26JUL15,,temperature,neuralcaster_v2,95.141357421875,,2026-07-15T19:00:00+00:00,2026-07-15,,,,,,,,1.0,1.0,
0.029754638671875,95.0,,t_plus_15h,nyc,nyc:2026-07-15,0.029754638671875,KXHIGHNY-26JUL15,,temperature,neuralcaster_v2,95.02975463867188,,2026-07-15T20:00:00+00:00,2026-07-15,,,,,,,,1.0,1.0,
0.0,95.0,,t_plus_16h,nyc,nyc:2026-07-15,0.0,KXHIGHNY-26JUL15,,temperature,neuralcaster_v2,95.0,,2026-07-15T21:00:00+00:00,2026-07-15,,,,,,,,1.0,1.0,
0.0,95.0,,t_plus_17h,nyc,nyc:2026-07-15,0.0,KXHIGHNY-26JUL15,,temperature,neuralcaster_v2,95.0,,2026-07-15T22:00:00+00:00,2026-07-15,,,,,,,,1.0,1.0,
0.0,95.0,,t_plus_18h,nyc,nyc:2026-07-15,0.0,KXHIGHNY-26JUL15,,temperature,neuralcaster_v2,95.0,,2026-07-15T23:00:00+00:00,2026-07-15,,,,,,,,1.0,1.0,
0.0,95.0,,t_plus_19h,nyc,nyc:2026-07-15,0.0,KXHIGHNY-26JUL15,,temperature,neuralcaster_v2,95.0,,2026-07-16T00:00:00+00:00,2026-07-15,,,,,,,,1.0,1.0,
0.0,95.0,,t_plus_20h,nyc,nyc:2026-07-15,0.0,KXHIGHNY-26JUL15,,temperature,neuralcaster_v2,95.0,,2026-07-16T01:00:00+00:00,2026-07-15,,,,,,,,1.0,1.0,
0.0,95.0,,t_plus_21h,nyc,nyc:2026-07-15,0.0,KXHIGHNY-26JUL15,,temperature,neuralcaster_v2,95.0,,2026-07-16T02:00:00+00:00,2026-07-15,,,,,,,,1.0,1.0,
0.0,95.0,,t_plus_22h,nyc,nyc:2026-07-15,0.0,KXHIGHNY-26JUL15,,temperature,neuralcaster_v2,95.0,,2026-07-16T03:00:00+00:00,2026-07-15,,,,,,,,1.0,1.0,
0.0,95.0,,t_plus_23h,nyc,nyc:2026-07-15,0.0,KXHIGHNY-26JUL15,,temperature,neuralcaster_v2,95.0,,2026-07-16T04:00:00+00:00,2026-07-15,,,,,,,,1.0,1.0,
1.9671707153320312,87.0,,t_plus_0h,okc,okc:2026-07-15,1.9671707153320312,KXHIGHTOKC-26JUL15,,temperature,neuralcaster_v2,88.96717071533203,,2026-07-15T06:00:00+00:00,2026-07-15,,,,,,,,0.0,1.0,
2.049285888671875,87.0,,t_plus_1h,okc,okc:2026-07-15,2.049285888671875,KXHIGHTOKC-26JUL15,,temperature,neuralcaster_v2,89.04928588867188,,2026-07-15T07:00:00+00:00,2026-07-15,,,,,,,,0.0,0.0,
2.3932723999023438,87.0,,t_plus_2h,okc,okc:2026-07-15,2.3932723999023438,KXHIGHTOKC-26JUL15,,temperature,neuralcaster_v2,89.39327239990234,,2026-07-15T08:00:00+00:00,2026-07-15,,,,,,,,0.0,0.0,
2.4952774047851562,87.0,,t_plus_3h,okc,okc:2026-07-15,2.4952774047851562,KXHIGHTOKC-26JUL15,,temperature,neuralcaster_v2,89.49527740478516,,2026-07-15T09:00:00+00:00,2026-07-15,,,,,,,,0.0,0.0,
2.5552825927734375,87.0,,t_plus_4h,okc,okc:2026-07-15,2.5552825927734375,KXHIGHTOKC-26JUL15,,temperature,neuralcaster_v2,89.55528259277344,,2026-07-15T10:00:00+00:00,2026-07-15,,,,,,,,0.0,0.0,
2.7247467041015625,87.0,,t_plus_5h,okc,okc:2026-07-15,2.7247467041015625,KXHIGHTOKC-26JUL15,,temperature,neuralcaster_v2,89.72474670410156,,2026-07-15T11:00:00+00:00,2026-07-15,,,,,,,,0.0,0.0,
2.8981170654296875,87.0,,t_plus_6h,okc,okc:2026-07-15,2.8981170654296875,KXHIGHTOKC-26JUL15,,temperature,neuralcaster_v2,89.89811706542969,,2026-07-15T12:00:00+00:00,2026-07-15,,,,,,,,0.0,0.0,
2.79754638671875,87.0,,t_plus_7h,okc,okc:2026-07-15,2.79754638671875,KXHIGHTOKC-26JUL15,,temperature,neuralcaster_v2,89.79754638671875,,2026-07-15T13:00:00+00:00,2026-07-15,,,,,,,,0.0,0.0,
3.0268096923828125,87.0,,t_plus_8h,okc,okc:2026-07-15,3.0268096923828125,KXHIGHTOKC-26JUL15,,temperature,neuralcaster_v2,90.02680969238281,,2026-07-15T14:00:00+00:00,2026-07-15,,,,,,,,0.0,0.0,
3.2003555297851562,87.0,,t_plus_9h,okc,okc:2026-07-15,3.2003555297851562,KXHIGHTOKC-26JUL15,,temperature,neuralcaster_v2,90.20035552978516,,2026-07-15T15:00:00+00:00,2026-07-15,,,,,,,,0.0,0.0,
3.2580184936523438,87.0,,t_plus_10h,okc,okc:2026-07-15,3.2580184936523438,KXHIGHTOKC-26JUL15,,temperature,neuralcaster_v2,90.25801849365234,,2026-07-15T16:00:00+00:00,2026-07-15,,,,,,,,0.0,0.0,
3.3889083862304688,87.0,,t_plus_11h,okc,okc:2026-07-15,3.3889083862304688,KXHIGHTOKC-26JUL15,,temperature,neuralcaster_v2,90.38890838623047,,2026-07-15T17:00:00+00:00,2026-07-15,,,,,,,,0.0,0.0,
1.5936508178710938,87.0,,t_plus_12h,okc,okc:2026-07-15,1.5936508178710938,KXHIGHTOKC-26JUL15,,temperature,neuralcaster_v2,88.5936508178711,,2026-07-15T18:00:00+00:00,2026-07-15,,,,,,,,0.0,1.0,
1.1127166748046875,87.0,,t_plus_13h,okc,okc:2026-07-15,1.1127166748046875,KXHIGHTOKC-26JUL15,,temperature,neuralcaster_v2,88.11271667480469,,2026-07-15T19:00:00+00:00,2026-07-15,,,,,,,,0.0,1.0,
0.9078521728515625,87.0,,t_plus_14h,okc,okc:2026-07-15,0.9078521728515625,KXHIGHTOKC-26JUL15,,temperature,neuralcaster_v2,87.90785217285156,,2026-07-15T20:00:00+00:00,2026-07-15,,,,,,,,1.0,1.0,
0.9605636596679688,87.0,,t_plus_15h,okc,okc:2026-07-15,0.9605636596679688,KXHIGHTOKC-26JUL15,,temperature,neuralcaster_v2,87.96056365966797,,2026-07-15T21:00:00+00:00,2026-07-15,,,,,,,,1.0,1.0,
0.7999999999999972,87.0,,t_plus_16h,okc,okc:2026-07-15,0.7999999999999972,KXHIGHTOKC-26JUL15,,temperature,neuralcaster_v2,87.8,,2026-07-15T22:00:00+00:00,2026-07-15,,,,,,,,1.0,1.0,
0.7999999999999972,87.0,,t_plus_17h,okc,okc:2026-07-15,0.7999999999999972,KXHIGHTOKC-26JUL15,,temperature,neuralcaster_v2,87.8,,2026-07-15T23:00:00+00:00,2026-07-15,,,,,,,,1.0,1.0,
0.7999999999999972,87.0,,t_plus_18h,okc,okc:2026-07-15,0.7999999999999972,KXHIGHTOKC-26JUL15,,temperature,neuralcaster_v2,87.8,,2026-07-16T00:00:00+00:00,2026-07-15,,,,,,,,1.0,1.0,
0.7999999999999972,87.0,,t_plus_19h,okc,okc:2026-07-15,0.7999999999999972,KXHIGHTOKC-26JUL15,,temperature,neuralcaster_v2,87.8,,2026-07-16T01:00:00+00:00,2026-07-15,,,,,,,,1.0,1.0,
0.7999999999999972,87.0,,t_plus_20h,okc,okc:2026-07-15,0.7999999999999972,KXHIGHTOKC-26JUL15,,temperature,neuralcaster_v2,87.8,,2026-07-16T02:00:00+00:00,2026-07-15,,,,,,,,1.0,1.0,
0.7999999999999972,87.0,,t_plus_21h,okc,okc:2026-07-15,0.7999999999999972,KXHIGHTOKC-26JUL15,,temperature,neuralcaster_v2,87.8,,2026-07-16T03:00:00+00:00,2026-07-15,,,,,,,,1.0,1.0,
0.7999999999999972,87.0,,t_plus_22h,okc,okc:2026-07-15,0.7999999999999972,KXHIGHTOKC-26JUL15,,temperature,neuralcaster_v2,87.8,,2026-07-16T04:00:00+00:00,2026-07-15,,,,,,,,1.0,1.0,
0.7999999999999972,87.0,,t_plus_23h,okc,okc:2026-07-15,0.7999999999999972,KXHIGHTOKC-26JUL15,,temperature,neuralcaster_v2,87.8,,2026-07-16T05:00:00+00:00,2026-07-15,,,,,,,,1.0,1.0,
2.6187286376953125,90.0,,t_plus_0h,aus,aus:2026-07-16,-2.6187286376953125,KXHIGHAUS-26JUL16,,temperature,neuralcaster_v2,87.38127136230469,,2026-07-16T06:00:00+00:00,2026-07-16,,,,,,,,0.0,0.0,
2.4759674072265625,90.0,,t_plus_1h,aus,aus:2026-07-16,-2.4759674072265625,KXHIGHAUS-26JUL16,,temperature,neuralcaster_v2,87.52403259277344,,2026-07-16T07:00:00+00:00,2026-07-16,,,,,,,,0.0,0.0,
2.4889373779296875,90.0,,t_plus_2h,aus,aus:2026-07-16,-2.4889373779296875,KXHIGHAUS-26JUL16,,temperature,neuralcaster_v2,87.51106262207031,,2026-07-16T08:00:00+00:00,2026-07-16,,,,,,,,0.0,0.0,
2.2308502197265625,90.0,,t_plus_3h,aus,aus:2026-07-16,-2.2308502197265625,KXHIGHAUS-26JUL16,,temperature,neuralcaster_v2,87.76914978027344,,2026-07-16T09:00:00+00:00,2026-07-16,,,,,,,,0.0,0.0,
2.1846237182617188,90.0,,t_plus_4h,aus,aus:2026-07-16,-2.1846237182617188,KXHIGHAUS-26JUL16,,temperature,neuralcaster_v2,87.81537628173828,,2026-07-16T10:00:00+00:00,2026-07-16,,,,,,,,0.0,0.0,
2.2068939208984375,90.0,,t_plus_5h,aus,aus:2026-07-16,-2.2068939208984375,KXHIGHAUS-26JUL16,,temperature,neuralcaster_v2,87.79310607910156,,2026-07-16T11:00:00+00:00,2026-07-16,,,,,,,,0.0,0.0,
1.8852310180664062,90.0,,t_plus_6h,aus,aus:2026-07-16,-1.8852310180664062,KXHIGHAUS-26JUL16,,temperature,neuralcaster_v2,88.1147689819336,,2026-07-16T12:00:00+00:00,2026-07-16,,,,,,,,0.0,1.0,
1.5597000122070312,90.0,,t_plus_7h,aus,aus:2026-07-16,-1.5597000122070312,KXHIGHAUS-26JUL16,,temperature,neuralcaster_v2,88.44029998779297,,2026-07-16T13:00:00+00:00,2026-07-16,,,,,,,,0.0,1.0,
1.759521484375,90.0,,t_plus_8h,aus,aus:2026-07-16,-1.759521484375,KXHIGHAUS-26JUL16,,temperature,neuralcaster_v2,88.240478515625,,2026-07-16T14:00:00+00:00,2026-07-16,,,,,,,,0.0,1.0,
1.9890289306640625,90.0,,t_plus_9h,aus,aus:2026-07-16,-1.9890289306640625,KXHIGHAUS-26JUL16,,temperature,neuralcaster_v2,88.01097106933594,,2026-07-16T15:00:00+00:00,2026-07-16,,,,,,,,0.0,1.0,
2.020721435546875,90.0,,t_plus_10h,aus,aus:2026-07-16,-2.020721435546875,KXHIGHAUS-26JUL16,,temperature,neuralcaster_v2,87.97927856445312,,2026-07-16T16:00:00+00:00,2026-07-16,,,,,,,,0.0,0.0,
2.1191177368164062,90.0,,t_plus_11h,aus,aus:2026-07-16,-2.1191177368164062,KXHIGHAUS-26JUL16,,temperature,neuralcaster_v2,87.8808822631836,,2026-07-16T17:00:00+00:00,2026-07-16,,,,,,,,0.0,0.0,
1.490753173828125,90.0,,t_plus_12h,aus,aus:2026-07-16,-1.490753173828125,KXHIGHAUS-26JUL16,,temperature,neuralcaster_v2,88.50924682617188,,2026-07-16T18:00:00+00:00,2026-07-16,,,,,,,,0.0,1.0,
0.04409027099609375,90.0,,t_plus_13h,aus,aus:2026-07-16,0.04409027099609375,KXHIGHAUS-26JUL16,,temperature,neuralcaster_v2,90.0440902709961,,2026-07-16T19:00:00+00:00,2026-07-16,,,,,,,,1.0,1.0,
0.2563323974609375,90.0,,t_plus_14h,aus,aus:2026-07-16,0.2563323974609375,KXHIGHAUS-26JUL16,,temperature,neuralcaster_v2,90.25633239746094,,2026-07-16T20:00:00+00:00,2026-07-16,,,,,,,,1.0,1.0,
0.33719635009765625,90.0,,t_plus_15h,aus,aus:2026-07-16,-0.33719635009765625,KXHIGHAUS-26JUL16,,temperature,neuralcaster_v2,89.66280364990234,,2026-07-16T21:00:00+00:00,2026-07-16,,,,,,,,1.0,1.0,
0.11161041259765625,90.0,,t_plus_16h,aus,aus:2026-07-16,0.11161041259765625,KXHIGHAUS-26JUL16,,temperature,neuralcaster_v2,90.11161041259766,,2026-07-16T22:00:00+00:00,2026-07-16,,,,,,,,1.0,1.0,
0.04177093505859375,90.0,,t_plus_17h,aus,aus:2026-07-16,0.04177093505859375,KXHIGHAUS-26JUL16,,temperature,neuralcaster_v2,90.0417709350586,,2026-07-16T23:00:00+00:00,2026-07-16,,,,,,,,1.0,1.0,
0.06206512451171875,90.0,,t_plus_18h,aus,aus:2026-07-16,0.06206512451171875,KXHIGHAUS-26JUL16,,temperature,neuralcaster_v2,90.06206512451172,,2026-07-17T00:00:00+00:00,2026-07-16,,,,,,,,1.0,1.0,
0.04875946044921875,90.0,,t_plus_19h,aus,aus:2026-07-16,0.04875946044921875,KXHIGHAUS-26JUL16,,temperature,neuralcaster_v2,90.04875946044922,,2026-07-17T01:00:00+00:00,2026-07-16,,,,,,,,1.0,1.0,
0.048736572265625,90.0,,t_plus_20h,aus,aus:2026-07-16,0.048736572265625,KXHIGHAUS-26JUL16,,temperature,neuralcaster_v2,90.04873657226562,,2026-07-17T02:00:00+00:00,2026-07-16,,,,,,,,1.0,1.0,
0.0498504638671875,90.0,,t_plus_21h,aus,aus:2026-07-16,0.0498504638671875,KXHIGHAUS-26JUL16,,temperature,neuralcaster_v2,90.04985046386719,,2026-07-17T03:00:00+00:00,2026-07-16,,,,,,,,1.0,1.0,
0.04611968994140625,90.0,,t_plus_22h,aus,aus:2026-07-16,0.04611968994140625,KXHIGHAUS-26JUL16,,temperature,neuralcaster_v2,90.0461196899414,,2026-07-17T04:00:00+00:00,2026-07-16,,,,,,,,1.0,1.0,
0.04355621337890625,90.0,,t_plus_23h,aus,aus:2026-07-16,0.04355621337890625,KXHIGHAUS-26JUL16,,temperature,neuralcaster_v2,90.0435562133789,,2026-07-17T05:00:00+00:00,2026-07-16,,,,,,,,1.0,1.0,
0.6258316040039062,93.0,,t_plus_0h,den,den:2026-07-16,-0.6258316040039062,KXHIGHDEN-26JUL16,,temperature,neuralcaster_v2,92.3741683959961,,2026-07-16T07:00:00+00:00,2026-07-16,,,,,,,,1.0,1.0,
0.6308517456054688,93.0,,t_plus_1h,den,den:2026-07-16,-0.6308517456054688,KXHIGHDEN-26JUL16,,temperature,neuralcaster_v2,92.36914825439453,,2026-07-16T08:00:00+00:00,2026-07-16,,,,,,,,1.0,1.0,
0.76690673828125,93.0,,t_plus_2h,den,den:2026-07-16,-0.76690673828125,KXHIGHDEN-26JUL16,,temperature,neuralcaster_v2,92.23309326171875,,2026-07-16T09:00:00+00:00,2026-07-16,,,,,,,,1.0,1.0,
0.8081130981445312,93.0,,t_plus_3h,den,den:2026-07-16,-0.8081130981445312,KXHIGHDEN-26JUL16,,temperature,neuralcaster_v2,92.19188690185547,,2026-07-16T10:00:00+00:00,2026-07-16,,,,,,,,1.0,1.0,
0.7959442138671875,93.0,,t_plus_4h,den,den:2026-07-16,-0.7959442138671875,KXHIGHDEN-26JUL16,,temperature,neuralcaster_v2,92.20405578613281,,2026-07-16T11:00:00+00:00,2026-07-16,,,,,,,,1.0,1.0,
0.6702957153320312,93.0,,t_plus_5h,den,den:2026-07-16,-0.6702957153320312,KXHIGHDEN-26JUL16,,temperature,neuralcaster_v2,92.32970428466797,,2026-07-16T12:00:00+00:00,2026-07-16,,,,,,,,1.0,1.0,
0.6055221557617188,93.0,,t_plus_6h,den,den:2026-07-16,-0.6055221557617188,KXHIGHDEN-26JUL16,,temperature,neuralcaster_v2,92.39447784423828,,2026-07-16T13:00:00+00:00,2026-07-16,,,,,,,,1.0,1.0,
0.6823043823242188,93.0,,t_plus_7h,den,den:2026-07-16,-0.6823043823242188,KXHIGHDEN-26JUL16,,temperature,neuralcaster_v2,92.31769561767578,,2026-07-16T14:00:00+00:00,2026-07-16,,,,,,,,1.0,1.0,
0.9374008178710938,93.0,,t_plus_8h,den,den:2026-07-16,-0.9374008178710938,KXHIGHDEN-26JUL16,,temperature,neuralcaster_v2,92.0625991821289,,2026-07-16T15:00:00+00:00,2026-07-16,,,,,,,,1.0,1.0,
0.9132766723632812,93.0,,t_plus_9h,den,den:2026-07-16,-0.9132766723632812,KXHIGHDEN-26JUL16,,temperature,neuralcaster_v2,92.08672332763672,,2026-07-16T16:00:00+00:00,2026-07-16,,,,,,,,1.0,1.0,
0.9750442504882812,93.0,,t_plus_10h,den,den:2026-07-16,-0.9750442504882812,KXHIGHDEN-26JUL16,,temperature,neuralcaster_v2,92.02495574951172,,2026-07-16T17:00:00+00:00,2026-07-16,,,,,,,,1.0,1.0,
0.8879547119140625,93.0,,t_plus_11h,den,den:2026-07-16,-0.8879547119140625,KXHIGHDEN-26JUL16,,temperature,neuralcaster_v2,92.11204528808594,,2026-07-16T18:00:00+00:00,2026-07-16,,,,,,,,1.0,1.0,
1.1990737915039062,93.0,,t_plus_12h,den,den:2026-07-16,-1.1990737915039062,KXHIGHDEN-26JUL16,,temperature,neuralcaster_v2,91.8009262084961,,2026-07-16T19:00:00+00:00,2026-07-16,,,,,,,,0.0,1.0,
1.3517913818359375,93.0,,t_plus_13h,den,den:2026-07-16,-1.3517913818359375,KXHIGHDEN-26JUL16,,temperature,neuralcaster_v2,91.64820861816406,,2026-07-16T20:00:00+00:00,2026-07-16,,,,,,,,0.0,1.0,
0.6777191162109375,93.0,,t_plus_14h,den,den:2026-07-16,-0.6777191162109375,KXHIGHDEN-26JUL16,,temperature,neuralcaster_v2,92.32228088378906,,2026-07-16T21:00:00+00:00,2026-07-16,,,,,,,,1.0,1.0,
0.20977783203125,93.0,,t_plus_15h,den,den:2026-07-16,-0.20977783203125,KXHIGHDEN-26JUL16,,temperature,neuralcaster_v2,92.79022216796875,,2026-07-16T22:00:00+00:00,2026-07-16,,,,,,,,1.0,1.0,
0.0046539306640625,93.0,,t_plus_16h,den,den:2026-07-16,-0.0046539306640625,KXHIGHDEN-26JUL16,,temperature,neuralcaster_v2,92.99534606933594,,2026-07-16T23:00:00+00:00,2026-07-16,,,,,,,,1.0,1.0,
0.04004669189453125,93.0,,t_plus_17h,den,den:2026-07-16,-0.04004669189453125,KXHIGHDEN-26JUL16,,temperature,neuralcaster_v2,92.95995330810547,,2026-07-17T00:00:00+00:00,2026-07-16,,,,,,,,1.0,1.0,
0.0879669189453125,93.0,,t_plus_18h,den,den:2026-07-16,-0.0879669189453125,KXHIGHDEN-26JUL16,,temperature,neuralcaster_v2,92.91203308105469,,2026-07-17T01:00:00+00:00,2026-07-16,,,,,,,,1.0,1.0,
0.1085357666015625,93.0,,t_plus_19h,den,den:2026-07-16,-0.1085357666015625,KXHIGHDEN-26JUL16,,temperature,neuralcaster_v2,92.89146423339844,,2026-07-17T02:00:00+00:00,2026-07-16,,,,,,,,1.0,1.0,
0.07061004638671875,93.0,,t_plus_20h,den,den:2026-07-16,-0.07061004638671875,KXHIGHDEN-26JUL16,,temperature,neuralcaster_v2,92.92938995361328,,2026-07-17T03:00:00+00:00,2026-07-16,,,,,,,,1.0,1.0,
0.07276153564453125,93.0,,t_plus_21h,den,den:2026-07-16,-0.07276153564453125,KXHIGHDEN-26JUL16,,temperature,neuralcaster_v2,92.92723846435547,,2026-07-17T04:00:00+00:00,2026-07-16,,,,,,,,1.0,1.0,
0.07270050048828125,93.0,,t_plus_22h,den,den:2026-07-16,-0.07270050048828125,KXHIGHDEN-26JUL16,,temperature,neuralcaster_v2,92.92729949951172,,2026-07-17T05:00:00+00:00,2026-07-16,,,,,,,,1.0,1.0,
0.0740203857421875,93.0,,t_plus_23h,den,den:2026-07-16,-0.0740203857421875,KXHIGHDEN-26JUL16,,temperature,neuralcaster_v2,92.92597961425781,,2026-07-17T06:00:00+00:00,2026-07-16,,,,,,,,1.0,1.0,
1.3881607055664062,84.0,,t_plus_0h,la,la:2026-07-16,-1.3881607055664062,KXHIGHLAX-26JUL16,,temperature,neuralcaster_v2,82.6118392944336,,2026-07-16T08:00:00+00:00,2026-07-16,,,,,,,,0.0,1.0,
1.459564208984375,84.0,,t_plus_1h,la,la:2026-07-16,-1.459564208984375,KXHIGHLAX-26JUL16,,temperature,neuralcaster_v2,82.54043579101562,,2026-07-16T09:00:00+00:00,2026-07-16,,,,,,,,0.0,1.0,
1.38934326171875,84.0,,t_plus_2h,la,la:2026-07-16,-1.38934326171875,KXHIGHLAX-26JUL16,,temperature,neuralcaster_v2,82.61065673828125,,2026-07-16T10:00:00+00:00,2026-07-16,,,,,,,,0.0,1.0,
1.1940460205078125,84.0,,t_plus_3h,la,la:2026-07-16,-1.1940460205078125,KXHIGHLAX-26JUL16,,temperature,neuralcaster_v2,82.80595397949219,,2026-07-16T11:00:00+00:00,2026-07-16,,,,,,,,0.0,1.0,
1.301239013671875,84.0,,t_plus_4h,la,la:2026-07-16,-1.301239013671875,KXHIGHLAX-26JUL16,,temperature,neuralcaster_v2,82.69876098632812,,2026-07-16T12:00:00+00:00,2026-07-16,,,,,,,,0.0,1.0,
1.2526397705078125,84.0,,t_plus_5h,la,la:2026-07-16,-1.2526397705078125,KXHIGHLAX-26JUL16,,temperature,neuralcaster_v2,82.74736022949219,,2026-07-16T13:00:00+00:00,2026-07-16,,,,,,,,0.0,1.0,
1.2453842163085938,84.0,,t_plus_6h,la,la:2026-07-16,-1.2453842163085938,KXHIGHLAX-26JUL16,,temperature,neuralcaster_v2,82.7546157836914,,2026-07-16T14:00:00+00:00,2026-07-16,,,,,,,,0.0,1.0,
0.9252166748046875,84.0,,t_plus_7h,la,la:2026-07-16,-0.9252166748046875,KXHIGHLAX-26JUL16,,temperature,neuralcaster_v2,83.07478332519531,,2026-07-16T15:00:00+00:00,2026-07-16,,,,,,,,1.0,1.0,
0.8224105834960938,84.0,,t_plus_8h,la,la:2026-07-16,-0.8224105834960938,KXHIGHLAX-26JUL16,,temperature,neuralcaster_v2,83.1775894165039,,2026-07-16T16:00:00+00:00,2026-07-16,,,,,,,,1.0,1.0,
0.1336212158203125,84.0,,t_plus_9h,la,la:2026-07-16,-0.1336212158203125,KXHIGHLAX-26JUL16,,temperature,neuralcaster_v2,83.86637878417969,,2026-07-16T17:00:00+00:00,2026-07-16,,,,,,,,1.0,1.0,
0.24411773681640625,84.0,,t_plus_10h,la,la:2026-07-16,-0.24411773681640625,KXHIGHLAX-26JUL16,,temperature,neuralcaster_v2,83.7558822631836,,2026-07-16T18:00:00+00:00,2026-07-16,,,,,,,,1.0,1.0,
0.5063934326171875,84.0,,t_plus_11h,la,la:2026-07-16,-0.5063934326171875,KXHIGHLAX-26JUL16,,temperature,neuralcaster_v2,83.49360656738281,,2026-07-16T19:00:00+00:00,2026-07-16,,,,,,,,1.0,1.0,
0.29265594482421875,84.0,,t_plus_12h,la,la:2026-07-16,0.29265594482421875,KXHIGHLAX-26JUL16,,temperature,neuralcaster_v2,84.29265594482422,,2026-07-16T20:00:00+00:00,2026-07-16,,,,,,,,1.0,1.0,
0.2381591796875,84.0,,t_plus_13h,la,la:2026-07-16,0.2381591796875,KXHIGHLAX-26JUL16,,temperature,neuralcaster_v2,84.2381591796875,,2026-07-16T21:00:00+00:00,2026-07-16,,,,,,,,1.0,1.0,
0.20000000000000284,84.0,,t_plus_14h,la,la:2026-07-16,0.20000000000000284,KXHIGHLAX-26JUL16,,temperature,neuralcaster_v2,84.2,,2026-07-16T22:00:00+00:00,2026-07-16,,,,,,,,1.0,1.0,
0.20000000000000284,84.0,,t_plus_15h,la,la:2026-07-16,0.20000000000000284,KXHIGHLAX-26JUL16,,temperature,neuralcaster_v2,84.2,,2026-07-16T23:00:00+00:00,2026-07-16,,,,,,,,1.0,1.0,
0.20000000000000284,84.0,,t_plus_16h,la,la:2026-07-16,0.20000000000000284,KXHIGHLAX-26JUL16,,temperature,neuralcaster_v2,84.2,,2026-07-17T00:00:00+00:00,2026-07-16,,,,,,,,1.0,1.0,
0.20000000000000284,84.0,,t_plus_17h,la,la:2026-07-16,0.20000000000000284,KXHIGHLAX-26JUL16,,temperature,neuralcaster_v2,84.2,,2026-07-17T01:00:00+00:00,2026-07-16,,,,,,,,1.0,1.0,
0.20000000000000284,84.0,,t_plus_18h,la,la:2026-07-16,0.20000000000000284,KXHIGHLAX-26JUL16,,temperature,neuralcaster_v2,84.2,,2026-07-17T02:00:00+00:00,2026-07-16,,,,,,,,1.0,1.0,
0.20000000000000284,84.0,,t_plus_19h,la,la:2026-07-16,0.20000000000000284,KXHIGHLAX-26JUL16,,temperature,neuralcaster_v2,84.2,,2026-07-17T03:00:00+00:00,2026-07-16,,,,,,,,1.0,1.0,
0.20000000000000284,84.0,,t_plus_20h,la,la:2026-07-16,0.20000000000000284,KXHIGHLAX-26JUL16,,temperature,neuralcaster_v2,84.2,,2026-07-17T04:00:00+00:00,2026-07-16,,,,,,,,1.0,1.0,
0.20000000000000284,84.0,,t_plus_21h,la,la:2026-07-16,0.20000000000000284,KXHIGHLAX-26JUL16,,temperature,neuralcaster_v2,84.2,,2026-07-17T05:00:00+00:00,2026-07-16,,,,,,,,1.0,1.0,
0.20000000000000284,84.0,,t_plus_22h,la,la:2026-07-16,0.20000000000000284,KXHIGHLAX-26JUL16,,temperature,neuralcaster_v2,84.2,,2026-07-17T06:00:00+00:00,2026-07-16,,,,,,,,1.0,1.0,
0.20000000000000284,84.0,,t_plus_23h,la,la:2026-07-16,0.20000000000000284,KXHIGHLAX-26JUL16,,temperature,neuralcaster_v2,84.2,,2026-07-17T07:00:00+00:00,2026-07-16,,,,,,,,1.0,1.0,
1.9963455200195312,97.0,,t_plus_0h,mia,mia:2026-07-16,-1.9963455200195312,KXHIGHMIA-26JUL16,,temperature,neuralcaster_v2,95.00365447998047,,2026-07-16T05:00:00+00:00,2026-07-16,,,,,,,,0.0,1.0,
1.9444656372070312,97.0,,t_plus_1h,mia,mia:2026-07-16,-1.9444656372070312,KXHIGHMIA-26JUL16,,temperature,neuralcaster_v2,95.05553436279297,,2026-07-16T06:00:00+00:00,2026-07-16,,,,,,,,0.0,1.0,
1.9360122680664062,97.0,,t_plus_2h,mia,mia:2026-07-16,-1.9360122680664062,KXHIGHMIA-26JUL16,,temperature,neuralcaster_v2,95.0639877319336,,2026-07-16T07:00:00+00:00,2026-07-16,,,,,,,,0.0,1.0,
1.8786087036132812,97.0,,t_plus_3h,mia,mia:2026-07-16,-1.8786087036132812,KXHIGHMIA-26JUL16,,temperature,neuralcaster_v2,95.12139129638672,,2026-07-16T08:00:00+00:00,2026-07-16,,,,,,,,0.0,1.0,
1.8187255859375,97.0,,t_plus_4h,mia,mia:2026-07-16,-1.8187255859375,KXHIGHMIA-26JUL16,,temperature,neuralcaster_v2,95.1812744140625,,2026-07-16T09:00:00+00:00,2026-07-16,,,,,,,,0.0,1.0,
1.8102874755859375,97.0,,t_plus_5h,mia,mia:2026-07-16,-1.8102874755859375,KXHIGHMIA-26JUL16,,temperature,neuralcaster_v2,95.18971252441406,,2026-07-16T10:00:00+00:00,2026-07-16,,,,,,,,0.0,1.0,
1.7167739868164062,97.0,,t_plus_6h,mia,mia:2026-07-16,-1.7167739868164062,KXHIGHMIA-26JUL16,,temperature,neuralcaster_v2,95.2832260131836,,2026-07-16T11:00:00+00:00,2026-07-16,,,,,,,,0.0,1.0,
1.8501739501953125,97.0,,t_plus_7h,mia,mia:2026-07-16,-1.8501739501953125,KXHIGHMIA-26JUL16,,temperature,neuralcaster_v2,95.14982604980469,,2026-07-16T12:00:00+00:00,2026-07-16,,,,,,,,0.0,1.0,
2.0746917724609375,97.0,,t_plus_8h,mia,mia:2026-07-16,-2.0746917724609375,KXHIGHMIA-26JUL16,,temperature,neuralcaster_v2,94.92530822753906,,2026-07-16T13:00:00+00:00,2026-07-16,,,,,,,,0.0,0.0,
2.05548095703125,97.0,,t_plus_9h,mia,mia:2026-07-16,-2.05548095703125,KXHIGHMIA-26JUL16,,temperature,neuralcaster_v2,94.94451904296875,,2026-07-16T14:00:00+00:00,2026-07-16,,,,,,,,0.0,0.0,
1.7536544799804688,97.0,,t_plus_10h,mia,mia:2026-07-16,-1.7536544799804688,KXHIGHMIA-26JUL16,,temperature,neuralcaster_v2,95.24634552001953,,2026-07-16T15:00:00+00:00,2026-07-16,,,,,,,,0.0,1.0,
1.5861434936523438,97.0,,t_plus_11h,mia,mia:2026-07-16,-1.5861434936523438,KXHIGHMIA-26JUL16,,temperature,neuralcaster_v2,95.41385650634766,,2026-07-16T16:00:00+00:00,2026-07-16,,,,,,,,0.0,1.0,
1.8379287719726562,97.0,,t_plus_12h,mia,mia:2026-07-16,-1.8379287719726562,KXHIGHMIA-26JUL16,,temperature,neuralcaster_v2,95.16207122802734,,2026-07-16T17:00:00+00:00,2026-07-16,,,,,,,,0.0,1.0,
1.8903121948242188,97.0,,t_plus_13h,mia,mia:2026-07-16,-1.8903121948242188,KXHIGHMIA-26JUL16,,temperature,neuralcaster_v2,95.10968780517578,,2026-07-16T18:00:00+00:00,2026-07-16,,,,,,,,0.0,1.0,
1.850433349609375,97.0,,t_plus_14h,mia,mia:2026-07-16,-1.850433349609375,KXHIGHMIA-26JUL16,,temperature,neuralcaster_v2,95.14956665039062,,2026-07-16T19:00:00+00:00,2026-07-16,,,,,,,,0.0,1.0,
0.20000000000000284,97.0,,t_plus_15h,mia,mia:2026-07-16,-0.20000000000000284,KXHIGHMIA-26JUL16,,temperature,neuralcaster_v2,96.8,,2026-07-16T20:00:00+00:00,2026-07-16,,,,,,,,1.0,1.0,
0.20000000000000284,97.0,,t_plus_16h,mia,mia:2026-07-16,-0.20000000000000284,KXHIGHMIA-26JUL16,,temperature,neuralcaster_v2,96.8,,2026-07-16T21:00:00+00:00,2026-07-16,,,,,,,,1.0,1.0,
0.20000000000000284,97.0,,t_plus_17h,mia,mia:2026-07-16,-0.20000000000000284,KXHIGHMIA-26JUL16,,temperature,neuralcaster_v2,96.8,,2026-07-16T22:00:00+00:00,2026-07-16,,,,,,,,1.0,1.0,
0.20000000000000284,97.0,,t_plus_18h,mia,mia:2026-07-16,-0.20000000000000284,KXHIGHMIA-26JUL16,,temperature,neuralcaster_v2,96.8,,2026-07-16T23:00:00+00:00,2026-07-16,,,,,,,,1.0,1.0,
0.20000000000000284,97.0,,t_plus_19h,mia,mia:2026-07-16,-0.20000000000000284,KXHIGHMIA-26JUL16,,temperature,neuralcaster_v2,96.8,,2026-07-17T00:00:00+00:00,2026-07-16,,,,,,,,1.0,1.0,
0.20000000000000284,97.0,,t_plus_20h,mia,mia:2026-07-16,-0.20000000000000284,KXHIGHMIA-26JUL16,,temperature,neuralcaster_v2,96.8,,2026-07-17T01:00:00+00:00,2026-07-16,,,,,,,,1.0,1.0,
0.20000000000000284,97.0,,t_plus_21h,mia,mia:2026-07-16,-0.20000000000000284,KXHIGHMIA-26JUL16,,temperature,neuralcaster_v2,96.8,,2026-07-17T02:00:00+00:00,2026-07-16,,,,,,,,1.0,1.0,
0.20000000000000284,97.0,,t_plus_22h,mia,mia:2026-07-16,-0.20000000000000284,KXHIGHMIA-26JUL16,,temperature,neuralcaster_v2,96.8,,2026-07-17T03:00:00+00:00,2026-07-16,,,,,,,,1.0,1.0,
0.20000000000000284,97.0,,t_plus_23h,mia,mia:2026-07-16,-0.20000000000000284,KXHIGHMIA-26JUL16,,temperature,neuralcaster_v2,96.8,,2026-07-17T04:00:00+00:00,2026-07-16,,,,,,,,1.0,1.0,
5.8161163330078125,85.0,,t_plus_0h,nyc,nyc:2026-07-16,5.8161163330078125,KXHIGHNY-26JUL16,,temperature,neuralcaster_v2,90.81611633300781,,2026-07-16T05:00:00+00:00,2026-07-16,,,,,,,,0.0,0.0,
5.699348449707031,85.0,,t_plus_1h,nyc,nyc:2026-07-16,5.699348449707031,KXHIGHNY-26JUL16,,temperature,neuralcaster_v2,90.69934844970703,,2026-07-16T06:00:00+00:00,2026-07-16,,,,,,,,0.0,0.0,
5.5799102783203125,85.0,,t_plus_2h,nyc,nyc:2026-07-16,5.5799102783203125,KXHIGHNY-26JUL16,,temperature,neuralcaster_v2,90.57991027832031,,2026-07-16T07:00:00+00:00,2026-07-16,,,,,,,,0.0,0.0,
5.470954895019531,85.0,,t_plus_3h,nyc,nyc:2026-07-16,5.470954895019531,KXHIGHNY-26JUL16,,temperature,neuralcaster_v2,90.47095489501953,,2026-07-16T08:00:00+00:00,2026-07-16,,,,,,,,0.0,0.0,
5.419776916503906,85.0,,t_plus_4h,nyc,nyc:2026-07-16,5.419776916503906,KXHIGHNY-26JUL16,,temperature,neuralcaster_v2,90.4197769165039,,2026-07-16T09:00:00+00:00,2026-07-16,,,,,,,,0.0,0.0,
5.396766662597656,85.0,,t_plus_5h,nyc,nyc:2026-07-16,5.396766662597656,KXHIGHNY-26JUL16,,temperature,neuralcaster_v2,90.39676666259766,,2026-07-16T10:00:00+00:00,2026-07-16,,,,,,,,0.0,0.0,
5.551177978515625,85.0,,t_plus_6h,nyc,nyc:2026-07-16,5.551177978515625,KXHIGHNY-26JUL16,,temperature,neuralcaster_v2,90.55117797851562,,2026-07-16T11:00:00+00:00,2026-07-16,,,,,,,,0.0,0.0,
5.231422424316406,85.0,,t_plus_7h,nyc,nyc:2026-07-16,5.231422424316406,KXHIGHNY-26JUL16,,temperature,neuralcaster_v2,90.2314224243164,,2026-07-16T12:00:00+00:00,2026-07-16,,,,,,,,0.0,0.0,
4.5549468994140625,85.0,,t_plus_8h,nyc,nyc:2026-07-16,4.5549468994140625,KXHIGHNY-26JUL16,,temperature,neuralcaster_v2,89.55494689941406,,2026-07-16T13:00:00+00:00,2026-07-16,,,,,,,,0.0,0.0,
4.2818145751953125,85.0,,t_plus_9h,nyc,nyc:2026-07-16,4.2818145751953125,KXHIGHNY-26JUL16,,temperature,neuralcaster_v2,89.28181457519531,,2026-07-16T14:00:00+00:00,2026-07-16,,,,,,,,0.0,0.0,
4.207176208496094,85.0,,t_plus_10h,nyc,nyc:2026-07-16,4.207176208496094,KXHIGHNY-26JUL16,,temperature,neuralcaster_v2,89.2071762084961,,2026-07-16T15:00:00+00:00,2026-07-16,,,,,,,,0.0,0.0,
3.6507720947265625,85.0,,t_plus_11h,nyc,nyc:2026-07-16,3.6507720947265625,KXHIGHNY-26JUL16,,temperature,neuralcaster_v2,88.65077209472656,,2026-07-16T16:00:00+00:00,2026-07-16,,,,,,,,0.0,0.0,
3.0144424438476562,85.0,,t_plus_12h,nyc,nyc:2026-07-16,3.0144424438476562,KXHIGHNY-26JUL16,,temperature,neuralcaster_v2,88.01444244384766,,2026-07-16T17:00:00+00:00,2026-07-16,,,,,,,,0.0,0.0,
2.7304153442382812,85.0,,t_plus_13h,nyc,nyc:2026-07-16,2.7304153442382812,KXHIGHNY-26JUL16,,temperature,neuralcaster_v2,87.73041534423828,,2026-07-16T18:00:00+00:00,2026-07-16,,,,,,,,0.0,0.0,
2.6311492919921875,85.0,,t_plus_14h,nyc,nyc:2026-07-16,2.6311492919921875,KXHIGHNY-26JUL16,,temperature,neuralcaster_v2,87.63114929199219,,2026-07-16T19:00:00+00:00,2026-07-16,,,,,,,,0.0,0.0,
2.6799468994140625,85.0,,t_plus_15h,nyc,nyc:2026-07-16,2.6799468994140625,KXHIGHNY-26JUL16,,temperature,neuralcaster_v2,87.67994689941406,,2026-07-16T20:00:00+00:00,2026-07-16,,,,,,,,0.0,0.0,
2.3381500244140625,85.0,,t_plus_16h,nyc,nyc:2026-07-16,2.3381500244140625,KXHIGHNY-26JUL16,,temperature,neuralcaster_v2,87.33815002441406,,2026-07-16T21:00:00+00:00,2026-07-16,,,,,,,,0.0,0.0,
2.2992477416992188,85.0,,t_plus_17h,nyc,nyc:2026-07-16,2.2992477416992188,KXHIGHNY-26JUL16,,temperature,neuralcaster_v2,87.29924774169922,,2026-07-16T22:00:00+00:00,2026-07-16,,,,,,,,0.0,0.0,
2.1697616577148438,85.0,,t_plus_18h,nyc,nyc:2026-07-16,2.1697616577148438,KXHIGHNY-26JUL16,,temperature,neuralcaster_v2,87.16976165771484,,2026-07-16T23:00:00+00:00,2026-07-16,,,,,,,,0.0,0.0,
0.9808883666992188,85.0,,t_plus_19h,nyc,nyc:2026-07-16,0.9808883666992188,KXHIGHNY-26JUL16,,temperature,neuralcaster_v2,85.98088836669922,,2026-07-17T00:00:00+00:00,2026-07-16,,,,,,,,1.0,1.0,
0.9639129638671875,85.0,,t_plus_20h,nyc,nyc:2026-07-16,0.9639129638671875,KXHIGHNY-26JUL16,,temperature,neuralcaster_v2,85.96391296386719,,2026-07-17T01:00:00+00:00,2026-07-16,,,,,,,,1.0,1.0,
1.060638427734375,85.0,,t_plus_21h,nyc,nyc:2026-07-16,1.060638427734375,KXHIGHNY-26JUL16,,temperature,neuralcaster_v2,86.06063842773438,,2026-07-17T02:00:00+00:00,2026-07-16,,,,,,,,0.0,1.0,
1.2240676879882812,85.0,,t_plus_22h,nyc,nyc:2026-07-16,1.2240676879882812,KXHIGHNY-26JUL16,,temperature,neuralcaster_v2,86.22406768798828,,2026-07-17T03:00:00+00:00,2026-07-16,,,,,,,,0.0,1.0,
1.2741851806640625,85.0,,t_plus_23h,nyc,nyc:2026-07-16,1.2741851806640625,KXHIGHNY-26JUL16,,temperature,neuralcaster_v2,86.27418518066406,,2026-07-17T04:00:00+00:00,2026-07-16,,,,,,,,0.0,1.0,
1.14208984375,86.0,,t_plus_0h,okc,okc:2026-07-16,1.14208984375,KXHIGHTOKC-26JUL16,,temperature,neuralcaster_v2,87.14208984375,,2026-07-16T06:00:00+00:00,2026-07-16,,,,,,,,0.0,1.0,
0.7839202880859375,86.0,,t_plus_1h,okc,okc:2026-07-16,0.7839202880859375,KXHIGHTOKC-26JUL16,,temperature,neuralcaster_v2,86.78392028808594,,2026-07-16T07:00:00+00:00,2026-07-16,,,,,,,,1.0,1.0,
0.62139892578125,86.0,,t_plus_2h,okc,okc:2026-07-16,0.62139892578125,KXHIGHTOKC-26JUL16,,temperature,neuralcaster_v2,86.62139892578125,,2026-07-16T08:00:00+00:00,2026-07-16,,,,,,,,1.0,1.0,
1.0595932006835938,86.0,,t_plus_3h,okc,okc:2026-07-16,1.0595932006835938,KXHIGHTOKC-26JUL16,,temperature,neuralcaster_v2,87.0595932006836,,2026-07-16T09:00:00+00:00,2026-07-16,,,,,,,,0.0,1.0,
0.8800582885742188,86.0,,t_plus_4h,okc,okc:2026-07-16,0.8800582885742188,KXHIGHTOKC-26JUL16,,temperature,neuralcaster_v2,86.88005828857422,,2026-07-16T10:00:00+00:00,2026-07-16,,,,,,,,1.0,1.0,
0.8898544311523438,86.0,,t_plus_5h,okc,okc:2026-07-16,0.8898544311523438,KXHIGHTOKC-26JUL16,,temperature,neuralcaster_v2,86.88985443115234,,2026-07-16T11:00:00+00:00,2026-07-16,,,,,,,,1.0,1.0,
0.7892532348632812,86.0,,t_plus_6h,okc,okc:2026-07-16,0.7892532348632812,KXHIGHTOKC-26JUL16,,temperature,neuralcaster_v2,86.78925323486328,,2026-07-16T12:00:00+00:00,2026-07-16,,,,,,,,1.0,1.0,
0.6807327270507812,86.0,,t_plus_7h,okc,okc:2026-07-16,0.6807327270507812,KXHIGHTOKC-26JUL16,,temperature,neuralcaster_v2,86.68073272705078,,2026-07-16T13:00:00+00:00,2026-07-16,,,,,,,,1.0,1.0,
0.5577468872070312,86.0,,t_plus_8h,okc,okc:2026-07-16,0.5577468872070312,KXHIGHTOKC-26JUL16,,temperature,neuralcaster_v2,86.55774688720703,,2026-07-16T14:00:00+00:00,2026-07-16,,,,,,,,1.0,1.0,
0.6356964111328125,86.0,,t_plus_9h,okc,okc:2026-07-16,0.6356964111328125,KXHIGHTOKC-26JUL16,,temperature,neuralcaster_v2,86.63569641113281,,2026-07-16T15:00:00+00:00,2026-07-16,,,,,,,,1.0,1.0,
1.1253662109375,86.0,,t_plus_10h,okc,okc:2026-07-16,1.1253662109375,KXHIGHTOKC-26JUL16,,temperature,neuralcaster_v2,87.1253662109375,,2026-07-16T16:00:00+00:00,2026-07-16,,,,,,,,0.0,1.0,
1.2024917602539062,86.0,,t_plus_11h,okc,okc:2026-07-16,1.2024917602539062,KXHIGHTOKC-26JUL16,,temperature,neuralcaster_v2,87.2024917602539,,2026-07-16T17:00:00+00:00,2026-07-16,,,,,,,,0.0,1.0,
0.8114700317382812,86.0,,t_plus_12h,okc,okc:2026-07-16,0.8114700317382812,KXHIGHTOKC-26JUL16,,temperature,neuralcaster_v2,86.81147003173828,,2026-07-16T18:00:00+00:00,2026-07-16,,,,,,,,1.0,1.0,
0.7636947631835938,86.0,,t_plus_13h,okc,okc:2026-07-16,0.7636947631835938,KXHIGHTOKC-26JUL16,,temperature,neuralcaster_v2,86.7636947631836,,2026-07-16T19:00:00+00:00,2026-07-16,,,,,,,,1.0,1.0,
0.693756103515625,86.0,,t_plus_14h,okc,okc:2026-07-16,0.693756103515625,KXHIGHTOKC-26JUL16,,temperature,neuralcaster_v2,86.69375610351562,,2026-07-16T20:00:00+00:00,2026-07-16,,,,,,,,1.0,1.0,
0.5807571411132812,86.0,,t_plus_15h,okc,okc:2026-07-16,0.5807571411132812,KXHIGHTOKC-26JUL16,,temperature,neuralcaster_v2,86.58075714111328,,2026-07-16T21:00:00+00:00,2026-07-16,,,,,,,,1.0,1.0,
0.40904998779296875,86.0,,t_plus_16h,okc,okc:2026-07-16,0.40904998779296875,KXHIGHTOKC-26JUL16,,temperature,neuralcaster_v2,86.40904998779297,,2026-07-16T22:00:00+00:00,2026-07-16,,,,,,,,1.0,1.0,
0.0125579833984375,86.0,,t_plus_17h,okc,okc:2026-07-16,0.0125579833984375,KXHIGHTOKC-26JUL16,,temperature,neuralcaster_v2,86.01255798339844,,2026-07-16T23:00:00+00:00,2026-07-16,,,,,,,,1.0,1.0,
0.0,86.0,,t_plus_18h,okc,okc:2026-07-16,0.0,KXHIGHTOKC-26JUL16,,temperature,neuralcaster_v2,86.0,,2026-07-17T00:00:00+00:00,2026-07-16,,,,,,,,1.0,1.0,
0.0,86.0,,t_plus_19h,okc,okc:2026-07-16,0.0,KXHIGHTOKC-26JUL16,,temperature,neuralcaster_v2,86.0,,2026-07-17T01:00:00+00:00,2026-07-16,,,,,,,,1.0,1.0,
0.0,86.0,,t_plus_20h,okc,okc:2026-07-16,0.0,KXHIGHTOKC-26JUL16,,temperature,neuralcaster_v2,86.0,,2026-07-17T02:00:00+00:00,2026-07-16,,,,,,,,1.0,1.0,
0.0,86.0,,t_plus_21h,okc,okc:2026-07-16,0.0,KXHIGHTOKC-26JUL16,,temperature,neuralcaster_v2,86.0,,2026-07-17T03:00:00+00:00,2026-07-16,,,,,,,,1.0,1.0,
0.0,86.0,,t_plus_22h,okc,okc:2026-07-16,0.0,KXHIGHTOKC-26JUL16,,temperature,neuralcaster_v2,86.0,,2026-07-17T04:00:00+00:00,2026-07-16,,,,,,,,1.0,1.0,
0.0,86.0,,t_plus_23h,okc,okc:2026-07-16,0.0,KXHIGHTOKC-26JUL16,,temperature,neuralcaster_v2,86.0,,2026-07-17T05:00:00+00:00,2026-07-16,,,,,,,,1.0,1.0,
,,0.22855101683924886,t_plus_0h,aus,aus:2026-07-15,,KXHIGHAUS-26JUL15,0.5149303444520511,bracket,neuralcaster_v2,,0.03989198655748495,2026-07-15T06:00:00+00:00,2026-07-15,lower_tail,1.0,0.5975422152990942,KXHIGHAUS-26JUL15-T82,lower_tail,0.5975422152990942,KXHIGHAUS-26JUL15-T82,,,1.0
,,0.15628624655740234,t_plus_1h,aus,aus:2026-07-15,,KXHIGHAUS-26JUL15,0.40717591399597397,bracket,neuralcaster_v2,,0.02761941978836911,2026-07-15T07:00:00+00:00,2026-07-15,lower_tail,1.0,0.6655271044709286,KXHIGHAUS-26JUL15-T82,lower_tail,0.6655271044709286,KXHIGHAUS-26JUL15-T82,,,1.0
,,0.2292287912493417,t_plus_2h,aus,aus:2026-07-15,,KXHIGHAUS-26JUL15,0.4740352567774893,bracket,neuralcaster_v2,,0.0303979913191988,2026-07-15T08:00:00+00:00,2026-07-15,lower_tail,1.0,0.6224853053548938,KXHIGHAUS-26JUL15-T82,lower_tail,0.6224853053548938,KXHIGHAUS-26JUL15-T82,,,1.0
,,0.19877585545332602,t_plus_3h,aus,aus:2026-07-15,,KXHIGHAUS-26JUL15,0.43325787786952813,bracket,neuralcaster_v2,,0.02639459736610798,2026-07-15T09:00:00+00:00,2026-07-15,lower_tail,1.0,0.6483932639701949,KXHIGHAUS-26JUL15-T82,lower_tail,0.6483932639701949,KXHIGHAUS-26JUL15-T82,,,1.0
,,0.1833261782521923,t_plus_4h,aus,aus:2026-07-15,,KXHIGHAUS-26JUL15,0.40497889411424165,bracket,neuralcaster_v2,,0.02335638140370732,2026-07-15T10:00:00+00:00,2026-07-15,lower_tail,1.0,0.6669908881434041,KXHIGHAUS-26JUL15-T82,lower_tail,0.6669908881434041,KXHIGHAUS-26JUL15-T82,,,1.0
,,0.15787636127294752,t_plus_5h,aus,aus:2026-07-15,,KXHIGHAUS-26JUL15,0.37671258898844584,bracket,neuralcaster_v2,,0.021102597258437664,2026-07-15T11:00:00+00:00,2026-07-15,lower_tail,1.0,0.6861132420614535,KXHIGHAUS-26JUL15-T82,lower_tail,0.6861132420614535,KXHIGHAUS-26JUL15-T82,,,1.0
,,0.13833389638149118,t_plus_6h,aus,aus:2026-07-15,,KXHIGHAUS-26JUL15,0.346031730866493,bracket,neuralcaster_v2,,0.018269587332422284,2026-07-15T12:00:00+00:00,2026-07-15,lower_tail,1.0,0.7074900374784061,KXHIGHAUS-26JUL15-T82,lower_tail,0.7074900374784061,KXHIGHAUS-26JUL15-T82,,,1.0
,,0.09599459896204045,t_plus_7h,aus,aus:2026-07-15,,KXHIGHAUS-26JUL15,0.276268726654722,bracket,neuralcaster_v2,,0.012281428233163808,2026-07-15T13:00:00+00:00,2026-07-15,lower_tail,1.0,0.7586090448968082,KXHIGHAUS-26JUL15-T82,lower_tail,0.7586090448968082,KXHIGHAUS-26JUL15-T82,,,1.0
,,0.13172746135437752,t_plus_8h,aus,aus:2026-07-15,,KXHIGHAUS-26JUL15,0.3357947602790981,bracket,neuralcaster_v2,,0.017251208861003904,2026-07-15T14:00:00+00:00,2026-07-15,lower_tail,1.0,0.7147697899150319,KXHIGHAUS-26JUL15-T82,lower_tail,0.7147697899150319,KXHIGHAUS-26JUL15-T82,,,1.0
,,0.06753456638035155,t_plus_9h,aus,aus:2026-07-15,,KXHIGHAUS-26JUL15,0.23385828478926488,bracket,neuralcaster_v2,,0.00950790455335637,2026-07-15T15:00:00+00:00,2026-07-15,lower_tail,1.0,0.7914739718490058,KXHIGHAUS-26JUL15-T82,lower_tail,0.7914739718490058,KXHIGHAUS-26JUL15-T82,,,1.0
,,0.09878116588114128,t_plus_10h,aus,aus:2026-07-15,,KXHIGHAUS-26JUL15,0.28671282441791995,bracket,neuralcaster_v2,,0.013327647331566595,2026-07-15T16:00:00+00:00,2026-07-15,lower_tail,1.0,0.750727288429899,KXHIGHAUS-26JUL15-T82,lower_tail,0.750727288429899,KXHIGHAUS-26JUL15-T82,,,1.0
,,0.0804973193532348,t_plus_11h,aus,aus:2026-07-15,,KXHIGHAUS-26JUL15,0.25650527802775974,bracket,neuralcaster_v2,,0.011076474287575971,2026-07-15T17:00:00+00:00,2026-07-15,lower_tail,1.0,0.7737509106699093,KXHIGHAUS-26JUL15-T82,lower_tail,0.7737509106699093,KXHIGHAUS-26JUL15-T82,,,1.0
,,0.04780972333778227,t_plus_12h,aus,aus:2026-07-15,,KXHIGHAUS-26JUL15,0.18396158749406127,bracket,neuralcaster_v2,,0.005883181061422106,2026-07-15T18:00:00+00:00,2026-07-15,lower_tail,1.0,0.8319677611794539,KXHIGHAUS-26JUL15-T82,lower_tail,0.8319677611794539,KXHIGHAUS-26JUL15-T82,,,1.0
,,0.05375644969089174,t_plus_13h,aus,aus:2026-07-15,,KXHIGHAUS-26JUL15,0.19916835210994718,bracket,neuralcaster_v2,,0.0068616862430677565,2026-07-15T19:00:00+00:00,2026-07-15,lower_tail,1.0,0.8194119319925433,KXHIGHAUS-26JUL15-T82,lower_tail,0.8194119319925433,KXHIGHAUS-26JUL15-T82,,,1.0
,,0.013011852014341664,t_plus_14h,aus,aus:2026-07-15,,KXHIGHAUS-26JUL15,0.09876850180503544,bracket,neuralcaster_v2,,0.0020461491638940487,2026-07-15T20:00:00+00:00,2026-07-15,lower_tail,1.0,0.9059524100974475,KXHIGHAUS-26JUL15-T82,lower_tail,0.9059524100974475,KXHIGHAUS-26JUL15-T82,,,1.0
,,0.006635756656992081,t_plus_15h,aus,aus:2026-07-15,,KXHIGHAUS-26JUL15,0.07134003576241386,bracket,neuralcaster_v2,,0.0011751744358601485,2026-07-15T21:00:00+00:00,2026-07-15,lower_tail,1.0,0.9311452156166637,KXHIGHAUS-26JUL15-T82,lower_tail,0.9311452156166637,KXHIGHAUS-26JUL15-T82,,,1.0
,,0.009678750698687419,t_plus_16h,aus,aus:2026-07-15,,KXHIGHAUS-26JUL15,0.0845236001933594,bracket,neuralcaster_v2,,0.0015258967472147108,2026-07-15T22:00:00+00:00,2026-07-15,lower_tail,1.0,0.9189499677239904,KXHIGHAUS-26JUL15-T82,lower_tail,0.9189499677239904,KXHIGHAUS-26JUL15-T82,,,1.0
,,0.0031334674503255794,t_plus_17h,aus,aus:2026-07-15,,KXHIGHAUS-26JUL15,0.05049859712446652,bracket,neuralcaster_v2,,0.0007054125372321338,2026-07-15T23:00:00+00:00,2026-07-15,lower_tail,1.0,0.9507552624626874,KXHIGHAUS-26JUL15-T82,lower_tail,0.9507552624626874,KXHIGHAUS-26JUL15-T82,,,1.0
,,0.034584949941733265,t_plus_18h,aus,aus:2026-07-15,,KXHIGHAUS-26JUL15,0.1556553893532211,bracket,neuralcaster_v2,,0.004369721741146766,2026-07-16T00:00:00+00:00,2026-07-15,lower_tail,1.0,0.8558540759844125,KXHIGHAUS-26JUL15-T82,lower_tail,0.8558540759844125,KXHIGHAUS-26JUL15-T82,,,1.0
,,0.006787391613952272,t_plus_19h,aus,aus:2026-07-15,,KXHIGHAUS-26JUL15,0.06879539561490024,bracket,neuralcaster_v2,,0.0010156164087287505,2026-07-16T01:00:00+00:00,2026-07-15,lower_tail,1.0,0.9335176623469151,KXHIGHAUS-26JUL15-T82,lower_tail,0.9335176623469151,KXHIGHAUS-26JUL15-T82,,,1.0
,,0.0014767058273145095,t_plus_20h,aus,aus:2026-07-15,,KXHIGHAUS-26JUL15,0.03461106497653996,bracket,neuralcaster_v2,,0.000364373921925038,2026-07-16T02:00:00+00:00,2026-07-15,lower_tail,1.0,0.9659810470660453,KXHIGHAUS-26JUL15-T82,lower_tail,0.9659810470660453,KXHIGHAUS-26JUL15-T82,,,1.0
,,0.0014646452327796919,t_plus_21h,aus,aus:2026-07-15,,KXHIGHAUS-26JUL15,0.03448390115463946,bracket,neuralcaster_v2,,0.0003627053079487186,2026-07-16T03:00:00+00:00,2026-07-15,lower_tail,1.0,0.9661038927184694,KXHIGHAUS-26JUL15-T82,lower_tail,0.9661038927184694,KXHIGHAUS-26JUL15-T82,,,1.0
,,0.001458738781002266,t_plus_22h,aus,aus:2026-07-15,,KXHIGHAUS-26JUL15,0.03442139763734408,bracket,neuralcaster_v2,,0.000361887286571798,2026-07-16T04:00:00+00:00,2026-07-15,lower_tail,1.0,0.9661642794970104,KXHIGHAUS-26JUL15-T82,lower_tail,0.9661642794970104,KXHIGHAUS-26JUL15-T82,,,1.0
,,0.002856522661964575,t_plus_23h,aus,aus:2026-07-15,,KXHIGHAUS-26JUL15,0.04838420469153691,bracket,neuralcaster_v2,,0.0007154188258928587,2026-07-16T05:00:00+00:00,2026-07-15,lower_tail,1.0,0.9527676589434244,KXHIGHAUS-26JUL15-T82,lower_tail,0.9527676589434244,KXHIGHAUS-26JUL15-T82,,,1.0
,,0.41619779820527564,t_plus_0h,den,den:2026-07-15,,KXHIGHDEN-26JUL15,0.8055267740418016,bracket,neuralcaster_v2,,0.03162016915532799,2026-07-15T07:00:00+00:00,2026-07-15,bounded,1.0,0.4468524742657649,KXHIGHDEN-26JUL15-B93.5,bounded,0.4468524742657649,KXHIGHDEN-26JUL15-B93.5,,,1.0
,,0.3868535693112437,t_plus_1h,den,den:2026-07-15,,KXHIGHDEN-26JUL15,0.7540762363527839,bracket,neuralcaster_v2,,0.02867338916424402,2026-07-15T08:00:00+00:00,2026-07-15,bounded,1.0,0.4704449940512551,KXHIGHDEN-26JUL15-B93.5,bounded,0.4704449940512551,KXHIGHDEN-26JUL15-B93.5,,,1.0
,,0.4061900212731475,t_plus_2h,den,den:2026-07-15,,KXHIGHDEN-26JUL15,0.7855205411002465,bracket,neuralcaster_v2,,0.03038855721105661,2026-07-15T09:00:00+00:00,2026-07-15,bounded,1.0,0.45588233451929644,KXHIGHDEN-26JUL15-B93.5,bounded,0.45588233451929644,KXHIGHDEN-26JUL15-B93.5,,,1.0
,,0.369403061556076,t_plus_3h,den,den:2026-07-15,,KXHIGHDEN-26JUL15,0.7277962848279674,bracket,neuralcaster_v2,,0.02736103186610269,2026-07-15T10:00:00+00:00,2026-07-15,bounded,1.0,0.4829721512651511,KXHIGHDEN-26JUL15-B93.5,bounded,0.4829721512651511,KXHIGHDEN-26JUL15-B93.5,,,1.0
,,0.3651466426578315,t_plus_4h,den,den:2026-07-15,,KXHIGHDEN-26JUL15,0.7239776713595538,bracket,neuralcaster_v2,,0.027204603267557158,2026-07-15T11:00:00+00:00,2026-07-15,bounded,1.0,0.4848199610170769,KXHIGHDEN-26JUL15-B93.5,bounded,0.4848199610170769,KXHIGHDEN-26JUL15-B93.5,,,1.0
,,0.3656622338066564,t_plus_5h,den,den:2026-07-15,,KXHIGHDEN-26JUL15,0.7196047884650272,bracket,neuralcaster_v2,,0.026839375272832745,2026-07-15T12:00:00+00:00,2026-07-15,bounded,1.0,0.4869446640846518,KXHIGHDEN-26JUL15-B93.5,bounded,0.4869446640846518,KXHIGHDEN-26JUL15-B93.5,,,1.0
,,0.33653765977987865,t_plus_6h,den,den:2026-07-15,,KXHIGHDEN-26JUL15,0.6589578401509695,bracket,neuralcaster_v2,,0.023455976403709042,2026-07-15T13:00:00+00:00,2026-07-15,bounded,1.0,0.5173902569733335,KXHIGHDEN-26JUL15-B93.5,bounded,0.5173902569733335,KXHIGHDEN-26JUL15-B93.5,,,1.0
,,0.32478199940508173,t_plus_7h,den,den:2026-07-15,,KXHIGHDEN-26JUL15,0.6475411493886895,bracket,neuralcaster_v2,,0.022957425620862122,2026-07-15T14:00:00+00:00,2026-07-15,bounded,1.0,0.5233309887629685,KXHIGHDEN-26JUL15-B93.5,bounded,0.5233309887629685,KXHIGHDEN-26JUL15-B93.5,,,1.0
,,0.350383312297167,t_plus_8h,den,den:2026-07-15,,KXHIGHDEN-26JUL15,0.6779644911119831,bracket,neuralcaster_v2,,0.024581876802545997,2026-07-15T15:00:00+00:00,2026-07-15,bounded,1.0,0.5076492660010321,KXHIGHDEN-26JUL15-B93.5,bounded,0.5076492660010321,KXHIGHDEN-26JUL15-B93.5,,,1.0
,,0.3211877252554904,t_plus_9h,den,den:2026-07-15,,KXHIGHDEN-26JUL15,0.6299387167169458,bracket,neuralcaster_v2,,0.02371132910362477,2026-07-15T16:00:00+00:00,2026-07-15,bounded,1.0,0.5326244409811228,KXHIGHDEN-26JUL15-B93.5,bounded,0.5326244409811228,KXHIGHDEN-26JUL15-B93.5,,,1.0
,,0.3445723084595665,t_plus_10h,den,den:2026-07-15,,KXHIGHDEN-26JUL15,0.6580352344530657,bracket,neuralcaster_v2,,0.025353152022936597,2026-07-15T17:00:00+00:00,2026-07-15,bounded,1.0,0.5178678244418153,KXHIGHDEN-26JUL15-B93.5,bounded,0.5178678244418153,KXHIGHDEN-26JUL15-B93.5,,,1.0
,,0.30455041891255963,t_plus_11h,den,den:2026-07-15,,KXHIGHDEN-26JUL15,0.6001553396650011,bracket,neuralcaster_v2,,0.02328300629910167,2026-07-15T18:00:00+00:00,2026-07-15,bounded,1.0,0.5487263904995093,KXHIGHDEN-26JUL15-B93.5,bounded,0.5487263904995093,KXHIGHDEN-26JUL15-B93.5,,,1.0
,,0.2966715934906403,t_plus_12h,den,den:2026-07-15,,KXHIGHDEN-26JUL15,0.615679278462983,bracket,neuralcaster_v2,,0.021428528822007315,2026-07-15T19:00:00+00:00,2026-07-15,bounded,1.0,0.5402737742957404,KXHIGHDEN-26JUL15-B93.5,bounded,0.5402737742957404,KXHIGHDEN-26JUL15-B93.5,,,1.0
,,0.3578297024225395,t_plus_13h,den,den:2026-07-15,,KXHIGHDEN-26JUL15,0.6924337991173454,bracket,neuralcaster_v2,,0.031648580105529636,2026-07-15T20:00:00+00:00,2026-07-15,bounded,1.0,0.5003568179798301,KXHIGHDEN-26JUL15-B93.5,bounded,0.5003568179798301,KXHIGHDEN-26JUL15-B93.5,,,1.0
,,0.13806518113339433,t_plus_14h,den,den:2026-07-15,,KXHIGHDEN-26JUL15,0.36496861127501035,bracket,neuralcaster_v2,,0.010763031890835186,2026-07-15T21:00:00+00:00,2026-07-15,bounded,1.0,0.6942184411677249,KXHIGHDEN-26JUL15-B93.5,bounded,0.6942184411677249,KXHIGHDEN-26JUL15-B93.5,,,1.0
,,0.05581987723071373,t_plus_15h,den,den:2026-07-15,,KXHIGHDEN-26JUL15,0.21839255523508674,bracket,neuralcaster_v2,,0.004029321022395334,2026-07-15T22:00:00+00:00,2026-07-15,bounded,1.0,0.80380983996437,KXHIGHDEN-26JUL15-B93.5,bounded,0.80380983996437,KXHIGHDEN-26JUL15-B93.5,,,1.0
,,0.004505731323895823,t_plus_16h,den,den:2026-07-15,,KXHIGHDEN-26JUL15,0.0598704599019084,bracket,neuralcaster_v2,,0.00037299190427356784,2026-07-15T23:00:00+00:00,2026-07-15,bounded,1.0,0.941886537756354,KXHIGHDEN-26JUL15-B93.5,bounded,0.941886537756354,KXHIGHDEN-26JUL15-B93.5,,,1.0
,,0.00521719495668594,t_plus_17h,den,den:2026-07-15,,KXHIGHDEN-26JUL15,0.06313493133411559,bracket,neuralcaster_v2,,0.0004406475375655653,2026-07-16T00:00:00+00:00,2026-07-15,bounded,1.0,0.9388167893406055,KXHIGHDEN-26JUL15-B93.5,bounded,0.9388167893406055,KXHIGHDEN-26JUL15-B93.5,,,1.0
,,0.0017942310771799001,t_plus_18h,den,den:2026-07-15,,KXHIGHDEN-26JUL15,0.03877743819891242,bracket,neuralcaster_v2,,0.00017540445212868642,2026-07-16T01:00:00+00:00,2026-07-15,bounded,1.0,0.961964781937721,KXHIGHDEN-26JUL15-B93.5,bounded,0.961964781937721,KXHIGHDEN-26JUL15-B93.5,,,1.0
,,0.0017837069522968266,t_plus_19h,den,den:2026-07-15,,KXHIGHDEN-26JUL15,0.03864972223725253,bracket,neuralcaster_v2,,0.00017507712373258182,2026-07-16T02:00:00+00:00,2026-07-15,bounded,1.0,0.9620876480407433,KXHIGHDEN-26JUL15-B93.5,bounded,0.9620876480407433,KXHIGHDEN-26JUL15-B93.5,,,1.0
,,0.0017683453440962673,t_plus_20h,den,den:2026-07-15,,KXHIGHDEN-26JUL15,0.0384564210965723,bracket,neuralcaster_v2,,0.00017394608692961684,2026-07-16T03:00:00+00:00,2026-07-15,bounded,1.0,0.9622736386560639,KXHIGHDEN-26JUL15-B93.5,bounded,0.9622736386560639,KXHIGHDEN-26JUL15-B93.5,,,1.0
,,0.0018148586085872476,t_plus_21h,den,den:2026-07-15,,KXHIGHDEN-26JUL15,0.03888057976889633,bracket,neuralcaster_v2,,0.00018011496677948738,2026-07-16T04:00:00+00:00,2026-07-15,bounded,1.0,0.9618655684964457,KXHIGHDEN-26JUL15-B93.5,bounded,0.9618655684964457,KXHIGHDEN-26JUL15-B93.5,,,1.0
,,0.0018545085815533076,t_plus_22h,den,den:2026-07-15,,KXHIGHDEN-26JUL15,0.03926077011945213,bracket,neuralcaster_v2,,0.00018411225171189235,2026-07-16T05:00:00+00:00,2026-07-15,bounded,1.0,0.9614999459962488,KXHIGHDEN-26JUL15-B93.5,bounded,0.9614999459962488,KXHIGHDEN-26JUL15-B93.5,,,1.0
,,0.0019170134806189404,t_plus_23h,den,den:2026-07-15,,KXHIGHDEN-26JUL15,0.03980596540221048,bracket,neuralcaster_v2,,0.00019018085105021579,2026-07-16T06:00:00+00:00,2026-07-15,bounded,1.0,0.9609758836324644,KXHIGHDEN-26JUL15-B93.5,bounded,0.9609758836324644,KXHIGHDEN-26JUL15-B93.5,,,1.0
,,0.4157650035354707,t_plus_0h,la,la:2026-07-15,,KXHIGHLAX-26JUL15,0.810675124332255,bracket,neuralcaster_v2,,0.037675429104168344,2026-07-15T08:00:00+00:00,2026-07-15,bounded,1.0,0.444557833076789,KXHIGHLAX-26JUL15-B80.5,bounded,0.444557833076789,KXHIGHLAX-26JUL15-B80.5,,,1.0
,,0.38029008236963363,t_plus_1h,la,la:2026-07-15,,KXHIGHLAX-26JUL15,0.7592581244994637,bracket,neuralcaster_v2,,0.03516249419332163,2026-07-15T09:00:00+00:00,2026-07-15,bounded,1.0,0.46801350600331343,KXHIGHLAX-26JUL15-B80.5,bounded,0.46801350600331343,KXHIGHLAX-26JUL15-B80.5,,,1.0
,,0.40992019286776604,t_plus_2h,la,la:2026-07-15,,KXHIGHLAX-26JUL15,0.801502404889347,bracket,neuralcaster_v2,,0.03675291392115375,2026-07-15T10:00:00+00:00,2026-07-15,bounded,1.0,0.4486543969480005,KXHIGHLAX-26JUL15-B80.5,bounded,0.4486543969480005,KXHIGHLAX-26JUL15-B80.5,,,1.0
,,0.39041130613967207,t_plus_3h,la,la:2026-07-15,,KXHIGHLAX-26JUL15,0.7795904666200874,bracket,neuralcaster_v2,,0.0349008603055813,2026-07-15T11:00:00+00:00,2026-07-15,bounded,1.0,0.4585937823150294,KXHIGHLAX-26JUL15-B80.5,bounded,0.4585937823150294,KXHIGHLAX-26JUL15-B80.5,,,1.0
,,0.4464148704781735,t_plus_4h,la,la:2026-07-15,,KXHIGHLAX-26JUL15,0.843742755283257,bracket,neuralcaster_v2,,0.042230406413912826,2026-07-15T12:00:00+00:00,2026-07-15,bounded,1.0,0.43009775656519333,KXHIGHLAX-26JUL15-B80.5,bounded,0.43009775656519333,KXHIGHLAX-26JUL15-B80.5,,,1.0
,,0.4202685985925396,t_plus_5h,la,la:2026-07-15,,KXHIGHLAX-26JUL15,0.7980806441929325,bracket,neuralcaster_v2,,0.04040811598738177,2026-07-15T13:00:00+00:00,2026-07-15,bounded,1.0,0.45019221445104163,KXHIGHLAX-26JUL15-B80.5,bounded,0.45019221445104163,KXHIGHLAX-26JUL15-B80.5,,,1.0
,,0.4794440391585697,t_plus_6h,la,la:2026-07-15,,KXHIGHLAX-26JUL15,0.8625537379688406,bracket,neuralcaster_v2,,0.060523833012114024,2026-07-15T14:00:00+00:00,2026-07-15,bounded,1.0,0.4220828159095062,KXHIGHLAX-26JUL15-B80.5,bounded,0.4220828159095062,KXHIGHLAX-26JUL15-B80.5,,,1.0
,,0.6738209388999535,t_plus_7h,la,la:2026-07-15,,KXHIGHLAX-26JUL15,1.1712950521521421,bracket,neuralcaster_v2,,0.09244103169899401,2026-07-15T15:00:00+00:00,2026-07-15,bounded,0.0,0.40613687516083175,KXHIGHLAX-26JUL15-B82.5,bounded,0.30996526004544994,KXHIGHLAX-26JUL15-B80.5,,,1.0
,,0.46754891688385714,t_plus_8h,la,la:2026-07-15,,KXHIGHLAX-26JUL15,0.8445990090847598,bracket,neuralcaster_v2,,0.05935872760632479,2026-07-15T16:00:00+00:00,2026-07-15,bounded,1.0,0.4297296413486343,KXHIGHLAX-26JUL15-B80.5,bounded,0.4297296413486343,KXHIGHLAX-26JUL15-B80.5,,,1.0
,,0.24041199689131346,t_plus_9h,la,la:2026-07-15,,KXHIGHLAX-26JUL15,0.49888694360757524,bracket,neuralcaster_v2,,0.018267481994801056,2026-07-15T17:00:00+00:00,2026-07-15,bounded,1.0,0.607206138393823,KXHIGHLAX-26JUL15-B80.5,bounded,0.607206138393823,KXHIGHLAX-26JUL15-B80.5,,,1.0
,,0.19233693736385732,t_plus_10h,la,la:2026-07-15,,KXHIGHLAX-26JUL15,0.44597787676962247,bracket,neuralcaster_v2,,0.01376899954863078,2026-07-15T18:00:00+00:00,2026-07-15,bounded,1.0,0.6401979351513865,KXHIGHLAX-26JUL15-B80.5,bounded,0.6401979351513865,KXHIGHLAX-26JUL15-B80.5,,,1.0
,,0.4253692889824496,t_plus_11h,la,la:2026-07-15,,KXHIGHLAX-26JUL15,0.6707188127744759,bracket,neuralcaster_v2,,0.046503999166274575,2026-07-15T19:00:00+00:00,2026-07-15,bounded,1.0,0.5113408872901655,KXHIGHLAX-26JUL15-B80.5,bounded,0.5113408872901655,KXHIGHLAX-26JUL15-B80.5,,,1.0
,,0.15127326046054304,t_plus_12h,la,la:2026-07-15,,KXHIGHLAX-26JUL15,0.34681816857016573,bracket,neuralcaster_v2,,0.016284021243254433,2026-07-15T20:00:00+00:00,2026-07-15,bounded,1.0,0.7069338593663446,KXHIGHLAX-26JUL15-B80.5,bounded,0.7069338593663446,KXHIGHLAX-26JUL15-B80.5,,,1.0
,,0.029255474149811354,t_plus_13h,la,la:2026-07-15,,KXHIGHLAX-26JUL15,0.13904113342021576,bracket,neuralcaster_v2,,0.002943269560338535,2026-07-15T21:00:00+00:00,2026-07-15,bounded,1.0,0.8701922337392581,KXHIGHLAX-26JUL15-B80.5,bounded,0.8701922337392581,KXHIGHLAX-26JUL15-B80.5,,,1.0
,,0.005760041146039743,t_plus_14h,la,la:2026-07-15,,KXHIGHLAX-26JUL15,0.06385570707575991,bracket,neuralcaster_v2,,0.0005938994359283357,2026-07-15T22:00:00+00:00,2026-07-15,bounded,1.0,0.9381403567803754,KXHIGHLAX-26JUL15-B80.5,bounded,0.9381403567803754,KXHIGHLAX-26JUL15-B80.5,,,1.0
,,0.0014422285388622051,t_plus_15h,la,la:2026-07-15,,KXHIGHLAX-26JUL15,0.03424587760367053,bracket,neuralcaster_v2,,0.00016194499924362246,2026-07-15T23:00:00+00:00,2026-07-15,bounded,1.0,0.9663338755672005,KXHIGHLAX-26JUL15-B80.5,bounded,0.9663338755672005,KXHIGHLAX-26JUL15-B80.5,,,1.0
,,0.0014422285388622051,t_plus_16h,la,la:2026-07-15,,KXHIGHLAX-26JUL15,0.03424587760367053,bracket,neuralcaster_v2,,0.00016194499924362246,2026-07-16T00:00:00+00:00,2026-07-15,bounded,1.0,0.9663338755672005,KXHIGHLAX-26JUL15-B80.5,bounded,0.9663338755672005,KXHIGHLAX-26JUL15-B80.5,,,1.0
,,0.0014422285388622051,t_plus_17h,la,la:2026-07-15,,KXHIGHLAX-26JUL15,0.03424587760367053,bracket,neuralcaster_v2,,0.00016194499924362246,2026-07-16T01:00:00+00:00,2026-07-15,bounded,1.0,0.9663338755672005,KXHIGHLAX-26JUL15-B80.5,bounded,0.9663338755672005,KXHIGHLAX-26JUL15-B80.5,,,1.0
,,0.0014422285388622051,t_plus_18h,la,la:2026-07-15,,KXHIGHLAX-26JUL15,0.03424587760367053,bracket,neuralcaster_v2,,0.00016194499924362246,2026-07-16T02:00:00+00:00,2026-07-15,bounded,1.0,0.9663338755672005,KXHIGHLAX-26JUL15-B80.5,bounded,0.9663338755672005,KXHIGHLAX-26JUL15-B80.5,,,1.0
,,0.0014422285388622051,t_plus_19h,la,la:2026-07-15,,KXHIGHLAX-26JUL15,0.03424587760367053,bracket,neuralcaster_v2,,0.00016194499924362246,2026-07-16T03:00:00+00:00,2026-07-15,bounded,1.0,0.9663338755672005,KXHIGHLAX-26JUL15-B80.5,bounded,0.9663338755672005,KXHIGHLAX-26JUL15-B80.5,,,1.0
,,0.0014422285388622051,t_plus_20h,la,la:2026-07-15,,KXHIGHLAX-26JUL15,0.03424587760367053,bracket,neuralcaster_v2,,0.00016194499924362246,2026-07-16T04:00:00+00:00,2026-07-15,bounded,1.0,0.9663338755672005,KXHIGHLAX-26JUL15-B80.5,bounded,0.9663338755672005,KXHIGHLAX-26JUL15-B80.5,,,1.0
,,0.0014422285388622051,t_plus_21h,la,la:2026-07-15,,KXHIGHLAX-26JUL15,0.03424587760367053,bracket,neuralcaster_v2,,0.00016194499924362246,2026-07-16T05:00:00+00:00,2026-07-15,bounded,1.0,0.9663338755672005,KXHIGHLAX-26JUL15-B80.5,bounded,0.9663338755672005,KXHIGHLAX-26JUL15-B80.5,,,1.0
,,0.0014422285388622051,t_plus_22h,la,la:2026-07-15,,KXHIGHLAX-26JUL15,0.03424587760367053,bracket,neuralcaster_v2,,0.00016194499924362246,2026-07-16T06:00:00+00:00,2026-07-15,bounded,1.0,0.9663338755672005,KXHIGHLAX-26JUL15-B80.5,bounded,0.9663338755672005,KXHIGHLAX-26JUL15-B80.5,,,1.0
,,0.0014422285388622051,t_plus_23h,la,la:2026-07-15,,KXHIGHLAX-26JUL15,0.03424587760367053,bracket,neuralcaster_v2,,0.00016194499924362246,2026-07-16T07:00:00+00:00,2026-07-15,bounded,1.0,0.9663338755672005,KXHIGHLAX-26JUL15-B80.5,bounded,0.9663338755672005,KXHIGHLAX-26JUL15-B80.5,,,1.0
,,0.34374092632302095,t_plus_0h,mia,mia:2026-07-15,,KXHIGHMIA-26JUL15,0.6197056749761268,bracket,neuralcaster_v2,,0.030871942170939644,2026-07-15T05:00:00+00:00,2026-07-15,bounded,1.0,0.5381027914067136,KXHIGHMIA-26JUL15-B94.5,bounded,0.5381027914067136,KXHIGHMIA-26JUL15-B94.5,,,1.0
,,0.28732709224305564,t_plus_1h,mia,mia:2026-07-15,,KXHIGHMIA-26JUL15,0.5637110831716787,bracket,neuralcaster_v2,,0.024631882164087758,2026-07-15T06:00:00+00:00,2026-07-15,bounded,1.0,0.5690931880283745,KXHIGHMIA-26JUL15-B94.5,bounded,0.5690931880283745,KXHIGHMIA-26JUL15-B94.5,,,1.0
,,0.3047025794607884,t_plus_2h,mia,mia:2026-07-15,,KXHIGHMIA-26JUL15,0.5744714700525059,bracket,neuralcaster_v2,,0.025759514928936595,2026-07-15T07:00:00+00:00,2026-07-15,bounded,1.0,0.563002353789657,KXHIGHMIA-26JUL15-B94.5,bounded,0.563002353789657,KXHIGHMIA-26JUL15-B94.5,,,1.0
,,0.2737769443309477,t_plus_3h,mia,mia:2026-07-15,,KXHIGHMIA-26JUL15,0.5382955478012537,bracket,neuralcaster_v2,,0.022969875161982914,2026-07-15T08:00:00+00:00,2026-07-15,bounded,1.0,0.5837423658828708,KXHIGHMIA-26JUL15-B94.5,bounded,0.5837423658828708,KXHIGHMIA-26JUL15-B94.5,,,1.0
,,0.2605790665586628,t_plus_4h,mia,mia:2026-07-15,,KXHIGHMIA-26JUL15,0.5235686466765139,bracket,neuralcaster_v2,,0.02171430160498867,2026-07-15T09:00:00+00:00,2026-07-15,bounded,1.0,0.5924026953739885,KXHIGHMIA-26JUL15-B94.5,bounded,0.5924026953739885,KXHIGHMIA-26JUL15-B94.5,,,1.0
,,0.2543270516824049,t_plus_5h,mia,mia:2026-07-15,,KXHIGHMIA-26JUL15,0.5199475728784915,bracket,neuralcaster_v2,,0.021105862186050102,2026-07-15T10:00:00+00:00,2026-07-15,bounded,1.0,0.5945517177882669,KXHIGHMIA-26JUL15-B94.5,bounded,0.5945517177882669,KXHIGHMIA-26JUL15-B94.5,,,1.0
,,0.24967839831727304,t_plus_6h,mia,mia:2026-07-15,,KXHIGHMIA-26JUL15,0.5278582313684147,bracket,neuralcaster_v2,,0.019543430048938725,2026-07-15T11:00:00+00:00,2026-07-15,bounded,1.0,0.5898669763195058,KXHIGHMIA-26JUL15-B94.5,bounded,0.5898669763195058,KXHIGHMIA-26JUL15-B94.5,,,1.0
,,0.2598884954729489,t_plus_7h,mia,mia:2026-07-15,,KXHIGHMIA-26JUL15,0.5368885950097003,bracket,neuralcaster_v2,,0.020434656949552064,2026-07-15T12:00:00+00:00,2026-07-15,bounded,1.0,0.5845642418688777,KXHIGHMIA-26JUL15-B94.5,bounded,0.5845642418688777,KXHIGHMIA-26JUL15-B94.5,,,1.0
,,0.28795545564972375,t_plus_8h,mia,mia:2026-07-15,,KXHIGHMIA-26JUL15,0.5435153872665304,bracket,neuralcaster_v2,,0.024298158801523678,2026-07-15T13:00:00+00:00,2026-07-15,bounded,1.0,0.5807032631585142,KXHIGHMIA-26JUL15-B94.5,bounded,0.5807032631585142,KXHIGHMIA-26JUL15-B94.5,,,1.0
,,0.2819939238135097,t_plus_9h,mia,mia:2026-07-15,,KXHIGHMIA-26JUL15,0.5459223584861894,bracket,neuralcaster_v2,,0.02313603813565441,2026-07-15T14:00:00+00:00,2026-07-15,bounded,1.0,0.5793072079233206,KXHIGHMIA-26JUL15-B94.5,bounded,0.5793072079233206,KXHIGHMIA-26JUL15-B94.5,,,1.0
,,0.27418588100692043,t_plus_10h,mia,mia:2026-07-15,,KXHIGHMIA-26JUL15,0.52333108296879,bracket,neuralcaster_v2,,0.023178730800918874,2026-07-15T15:00:00+00:00,2026-07-15,bounded,1.0,0.5925434454726628,KXHIGHMIA-26JUL15-B94.5,bounded,0.5925434454726628,KXHIGHMIA-26JUL15-B94.5,,,1.0
,,0.2472461668741927,t_plus_11h,mia,mia:2026-07-15,,KXHIGHMIA-26JUL15,0.47592330191751575,bracket,neuralcaster_v2,,0.02224421773202008,2026-07-15T16:00:00+00:00,2026-07-15,bounded,1.0,0.6213111337926353,KXHIGHMIA-26JUL15-B94.5,bounded,0.6213111337926353,KXHIGHMIA-26JUL15-B94.5,,,1.0
,,0.13658928184333896,t_plus_12h,mia,mia:2026-07-15,,KXHIGHMIA-26JUL15,0.33894166390192915,bracket,neuralcaster_v2,,0.011847328049986883,2026-07-15T17:00:00+00:00,2026-07-15,bounded,1.0,0.7125240137475638,KXHIGHMIA-26JUL15-B94.5,bounded,0.7125240137475638,KXHIGHMIA-26JUL15-B94.5,,,1.0
,,0.21068632878788063,t_plus_13h,mia,mia:2026-07-15,,KXHIGHMIA-26JUL15,0.44426648735028473,bracket,neuralcaster_v2,,0.017736592176231396,2026-07-15T18:00:00+00:00,2026-07-15,bounded,1.0,0.6412945011819975,KXHIGHMIA-26JUL15-B94.5,bounded,0.6412945011819975,KXHIGHMIA-26JUL15-B94.5,,,1.0
,,0.20940643008403192,t_plus_14h,mia,mia:2026-07-15,,KXHIGHMIA-26JUL15,0.41848286312980043,bracket,neuralcaster_v2,,0.019705753033311423,2026-07-15T19:00:00+00:00,2026-07-15,bounded,1.0,0.6580444063171316,KXHIGHMIA-26JUL15-B94.5,bounded,0.6580444063171316,KXHIGHMIA-26JUL15-B94.5,,,1.0
,,0.07626750009717222,t_plus_15h,mia,mia:2026-07-15,,KXHIGHMIA-26JUL15,0.23470713694022075,bracket,neuralcaster_v2,,0.007226994976132453,2026-07-15T20:00:00+00:00,2026-07-15,bounded,1.0,0.7908024125331854,KXHIGHMIA-26JUL15-B94.5,bounded,0.7908024125331854,KXHIGHMIA-26JUL15-B94.5,,,1.0
,,1.5958966698969816,t_plus_16h,mia,mia:2026-07-15,,KXHIGHMIA-26JUL15,2.331632746249814,bracket,neuralcaster_v2,,0.15945478840608857,2026-07-15T21:00:00+00:00,2026-07-15,bounded,0.0,0.8835390212443317,KXHIGHMIA-26JUL15-B92.5,bounded,0.09713701744123107,KXHIGHMIA-26JUL15-B94.5,,,1.0
,,0.0023264098219502073,t_plus_17h,mia,mia:2026-07-15,,KXHIGHMIA-26JUL15,0.04313291497830202,bracket,neuralcaster_v2,,0.0002357676384859989,2026-07-15T22:00:00+00:00,2026-07-15,bounded,1.0,0.9577840777564486,KXHIGHMIA-26JUL15-B94.5,bounded,0.9577840777564486,KXHIGHMIA-26JUL15-B94.5,,,1.0
,,0.0022426220881260465,t_plus_18h,mia,mia:2026-07-15,,KXHIGHMIA-26JUL15,0.04250055492381059,bracket,neuralcaster_v2,,0.00022621232909907137,2026-07-15T23:00:00+00:00,2026-07-15,bounded,1.0,0.9583899336874053,KXHIGHMIA-26JUL15-B94.5,bounded,0.9583899336874053,KXHIGHMIA-26JUL15-B94.5,,,1.0
,,0.002143392349498957,t_plus_19h,mia,mia:2026-07-15,,KXHIGHMIA-26JUL15,0.041722686895326405,bracket,neuralcaster_v2,,0.0002150305155473113,2026-07-16T00:00:00+00:00,2026-07-15,bounded,1.0,0.9591357246014907,KXHIGHMIA-26JUL15-B94.5,bounded,0.9591357246014907,KXHIGHMIA-26JUL15-B94.5,,,1.0
,,0.0021484285396330357,t_plus_20h,mia,mia:2026-07-15,,KXHIGHMIA-26JUL15,0.041762982130122264,bracket,neuralcaster_v2,,0.00021559423318235583,2026-07-16T01:00:00+00:00,2026-07-15,bounded,1.0,0.9590970767809335,KXHIGHMIA-26JUL15-B94.5,bounded,0.9590970767809335,KXHIGHMIA-26JUL15-B94.5,,,1.0
,,0.0021584989820930835,t_plus_21h,mia,mia:2026-07-15,,KXHIGHMIA-26JUL15,0.041843285447328765,bracket,neuralcaster_v2,,0.00021672271322975694,2026-07-16T02:00:00+00:00,2026-07-15,bounded,1.0,0.9590200611964897,KXHIGHMIA-26JUL15-B94.5,bounded,0.9590200611964897,KXHIGHMIA-26JUL15-B94.5,,,1.0
,,0.002167951867956138,t_plus_22h,mia,mia:2026-07-15,,KXHIGHMIA-26JUL15,0.041918338377155764,bracket,neuralcaster_v2,,0.00021778350435574248,2026-07-16T03:00:00+00:00,2026-07-15,bounded,1.0,0.9589480866321188,KXHIGHMIA-26JUL15-B94.5,bounded,0.9589480866321188,KXHIGHMIA-26JUL15-B94.5,,,1.0
,,0.002184897502891496,t_plus_23h,mia,mia:2026-07-15,,KXHIGHMIA-26JUL15,0.04205210425662947,bracket,neuralcaster_v2,,0.00021968873185219777,2026-07-16T04:00:00+00:00,2026-07-15,bounded,1.0,0.9588198206769363,KXHIGHMIA-26JUL15-B94.5,bounded,0.9588198206769363,KXHIGHMIA-26JUL15-B94.5,,,1.0
,,0.41172394416986885,t_plus_0h,nyc,nyc:2026-07-15,,KXHIGHNY-26JUL15,0.7080781238897637,bracket,neuralcaster_v2,,0.05498358007445425,2026-07-15T05:00:00+00:00,2026-07-15,lower_tail,1.0,0.49258998525116726,KXHIGHNY-26JUL15-T97,lower_tail,0.49258998525116726,KXHIGHNY-26JUL15-T97,,,1.0
,,0.4298758205120536,t_plus_1h,nyc,nyc:2026-07-15,,KXHIGHNY-26JUL15,0.7336251603088415,bracket,neuralcaster_v2,,0.057944736906974104,2026-07-15T06:00:00+00:00,2026-07-15,lower_tail,1.0,0.48016515549658867,KXHIGHNY-26JUL15-T97,lower_tail,0.48016515549658867,KXHIGHNY-26JUL15-T97,,,1.0
,,0.3623255274392876,t_plus_2h,nyc,nyc:2026-07-15,,KXHIGHNY-26JUL15,0.6511472353087006,bracket,neuralcaster_v2,,0.04929345145699284,2026-07-15T07:00:00+00:00,2026-07-15,lower_tail,1.0,0.5214472108267951,KXHIGHNY-26JUL15-T97,lower_tail,0.5214472108267951,KXHIGHNY-26JUL15-T97,,,1.0
,,0.29009830500470907,t_plus_3h,nyc,nyc:2026-07-15,,KXHIGHNY-26JUL15,0.562287570780159,bracket,neuralcaster_v2,,0.04008521847689074,2026-07-15T08:00:00+00:00,2026-07-15,lower_tail,1.0,0.5699038761088291,KXHIGHNY-26JUL15-T97,lower_tail,0.5699038761088291,KXHIGHNY-26JUL15-T97,,,1.0
,,0.2783897571073642,t_plus_4h,nyc,nyc:2026-07-15,,KXHIGHNY-26JUL15,0.5429661929288445,bracket,neuralcaster_v2,,0.03769673819112409,2026-07-15T09:00:00+00:00,2026-07-15,lower_tail,1.0,0.5810222696927896,KXHIGHNY-26JUL15-T97,lower_tail,0.5810222696927896,KXHIGHNY-26JUL15-T97,,,1.0
,,0.3220590247572972,t_plus_5h,nyc,nyc:2026-07-15,,KXHIGHNY-26JUL15,0.6009135101235284,bracket,neuralcaster_v2,,0.04398293134113136,2026-07-15T10:00:00+00:00,2026-07-15,lower_tail,1.0,0.5483105200306913,KXHIGHNY-26JUL15-T97,lower_tail,0.5483105200306913,KXHIGHNY-26JUL15-T97,,,1.0
,,0.3017927208613048,t_plus_6h,nyc,nyc:2026-07-15,,KXHIGHNY-26JUL15,0.5747423023041037,bracket,neuralcaster_v2,,0.04117681379214213,2026-07-15T11:00:00+00:00,2026-07-15,lower_tail,1.0,0.5628498952408032,KXHIGHNY-26JUL15-T97,lower_tail,0.5628498952408032,KXHIGHNY-26JUL15-T97,,,1.0
,,0.3270087068199643,t_plus_7h,nyc,nyc:2026-07-15,,KXHIGHNY-26JUL15,0.5916942673738594,bracket,neuralcaster_v2,,0.04192773578890265,2026-07-15T12:00:00+00:00,2026-07-15,lower_tail,1.0,0.5533889012622643,KXHIGHNY-26JUL15-T97,lower_tail,0.5533889012622643,KXHIGHNY-26JUL15-T97,,,1.0
,,0.3021680589589594,t_plus_8h,nyc,nyc:2026-07-15,,KXHIGHNY-26JUL15,0.5682191732213081,bracket,neuralcaster_v2,,0.040026643502077595,2026-07-15T13:00:00+00:00,2026-07-15,lower_tail,1.0,0.5665334388152112,KXHIGHNY-26JUL15-T97,lower_tail,0.5665334388152112,KXHIGHNY-26JUL15-T97,,,1.0
,,0.38396909556912434,t_plus_9h,nyc,nyc:2026-07-15,,KXHIGHNY-26JUL15,0.6529044000522907,bracket,neuralcaster_v2,,0.04786701494746452,2026-07-15T14:00:00+00:00,2026-07-15,lower_tail,1.0,0.5205317467184655,KXHIGHNY-26JUL15-T97,lower_tail,0.5205317467184655,KXHIGHNY-26JUL15-T97,,,1.0
,,0.34824471201146123,t_plus_10h,nyc,nyc:2026-07-15,,KXHIGHNY-26JUL15,0.6264918807324076,bracket,neuralcaster_v2,,0.04620678980772411,2026-07-15T15:00:00+00:00,2026-07-15,lower_tail,1.0,0.5344634776787243,KXHIGHNY-26JUL15-T97,lower_tail,0.5344634776787243,KXHIGHNY-26JUL15-T97,,,1.0
,,0.48662358176969717,t_plus_11h,nyc,nyc:2026-07-15,,KXHIGHNY-26JUL15,0.7760823577562874,bracket,neuralcaster_v2,,0.060673983997934,2026-07-15T16:00:00+00:00,2026-07-15,lower_tail,1.0,0.4602054044477675,KXHIGHNY-26JUL15-T97,lower_tail,0.4602054044477675,KXHIGHNY-26JUL15-T97,,,1.0
,,0.5976050949813982,t_plus_12h,nyc,nyc:2026-07-15,,KXHIGHNY-26JUL15,0.8687106354962554,bracket,neuralcaster_v2,,0.06854011093915555,2026-07-15T17:00:00+00:00,2026-07-15,bounded,0.0,0.5069371786512105,KXHIGHNY-26JUL15-B97.5,lower_tail,0.41949207889901646,KXHIGHNY-26JUL15-T97,,,1.0
,,0.13300388316758627,t_plus_13h,nyc,nyc:2026-07-15,,KXHIGHNY-26JUL15,0.32306173615650075,bracket,neuralcaster_v2,,0.015617757182692277,2026-07-15T18:00:00+00:00,2026-07-15,lower_tail,1.0,0.7239291603843712,KXHIGHNY-26JUL15-T97,lower_tail,0.7239291603843712,KXHIGHNY-26JUL15-T97,,,1.0
,,0.03788119983623555,t_plus_14h,nyc,nyc:2026-07-15,,KXHIGHNY-26JUL15,0.15861951640817656,bracket,neuralcaster_v2,,0.004439818199851679,2026-07-15T19:00:00+00:00,2026-07-15,lower_tail,1.0,0.8533209718386235,KXHIGHNY-26JUL15-T97,lower_tail,0.8533209718386235,KXHIGHNY-26JUL15-T97,,,1.0
,,0.013706873586017665,t_plus_15h,nyc,nyc:2026-07-15,,KXHIGHNY-26JUL15,0.09571849063858753,bracket,neuralcaster_v2,,0.0017955467752701897,2026-07-15T20:00:00+00:00,2026-07-15,lower_tail,1.0,0.9087197931938743,KXHIGHNY-26JUL15-T97,lower_tail,0.9087197931938743,KXHIGHNY-26JUL15-T97,,,1.0
,,0.00363153825993338,t_plus_16h,nyc,nyc:2026-07-15,,KXHIGHNY-26JUL15,0.05175226170295922,bracket,neuralcaster_v2,,0.0006416724733534092,2026-07-15T21:00:00+00:00,2026-07-15,lower_tail,1.0,0.9495640810942789,KXHIGHNY-26JUL15-T97,lower_tail,0.9495640810942789,KXHIGHNY-26JUL15-T97,,,1.0
,,0.0008951252000121332,t_plus_17h,nyc,nyc:2026-07-15,,KXHIGHNY-26JUL15,0.027527021043222584,bracket,neuralcaster_v2,,0.00028035802295314023,2026-07-15T22:00:00+00:00,2026-07-15,lower_tail,1.0,0.9728483948197691,KXHIGHNY-26JUL15-T97,lower_tail,0.9728483948197691,KXHIGHNY-26JUL15-T97,,,1.0
,,0.0008951252000121332,t_plus_18h,nyc,nyc:2026-07-15,,KXHIGHNY-26JUL15,0.027527021043222584,bracket,neuralcaster_v2,,0.00028035802295314023,2026-07-15T23:00:00+00:00,2026-07-15,lower_tail,1.0,0.9728483948197691,KXHIGHNY-26JUL15-T97,lower_tail,0.9728483948197691,KXHIGHNY-26JUL15-T97,,,1.0
,,0.0008951252000121332,t_plus_19h,nyc,nyc:2026-07-15,,KXHIGHNY-26JUL15,0.027527021043222584,bracket,neuralcaster_v2,,0.00028035802295314023,2026-07-16T00:00:00+00:00,2026-07-15,lower_tail,1.0,0.9728483948197691,KXHIGHNY-26JUL15-T97,lower_tail,0.9728483948197691,KXHIGHNY-26JUL15-T97,,,1.0
,,0.0008951252000121332,t_plus_20h,nyc,nyc:2026-07-15,,KXHIGHNY-26JUL15,0.027527021043222584,bracket,neuralcaster_v2,,0.00028035802295314023,2026-07-16T01:00:00+00:00,2026-07-15,lower_tail,1.0,0.9728483948197691,KXHIGHNY-26JUL15-T97,lower_tail,0.9728483948197691,KXHIGHNY-26JUL15-T97,,,1.0
,,0.0008951252000121332,t_plus_21h,nyc,nyc:2026-07-15,,KXHIGHNY-26JUL15,0.027527021043222584,bracket,neuralcaster_v2,,0.00028035802295314023,2026-07-16T02:00:00+00:00,2026-07-15,lower_tail,1.0,0.9728483948197691,KXHIGHNY-26JUL15-T97,lower_tail,0.9728483948197691,KXHIGHNY-26JUL15-T97,,,1.0
,,0.0008951252000121332,t_plus_22h,nyc,nyc:2026-07-15,,KXHIGHNY-26JUL15,0.027527021043222584,bracket,neuralcaster_v2,,0.00028035802295314023,2026-07-16T03:00:00+00:00,2026-07-15,lower_tail,1.0,0.9728483948197691,KXHIGHNY-26JUL15-T97,lower_tail,0.9728483948197691,KXHIGHNY-26JUL15-T97,,,1.0
,,0.0008951252000121332,t_plus_23h,nyc,nyc:2026-07-15,,KXHIGHNY-26JUL15,0.027527021043222584,bracket,neuralcaster_v2,,0.00028035802295314023,2026-07-16T04:00:00+00:00,2026-07-15,lower_tail,1.0,0.9728483948197691,KXHIGHNY-26JUL15-T97,lower_tail,0.9728483948197691,KXHIGHNY-26JUL15-T97,,,1.0
,,0.8751203678067245,t_plus_0h,okc,okc:2026-07-15,,KXHIGHTOKC-26JUL15,1.5954895529859234,bracket,neuralcaster_v2,,0.1292051657779743,2026-07-15T06:00:00+00:00,2026-07-15,bounded,0.0,0.4012019488115863,KXHIGHTOKC-26JUL15-B88.5,bounded,0.20280921833732365,KXHIGHTOKC-26JUL15-B86.5,,,1.0
,,0.8894703109675087,t_plus_1h,okc,okc:2026-07-15,,KXHIGHTOKC-26JUL15,1.6326679546028686,bracket,neuralcaster_v2,,0.13535564252980276,2026-07-15T07:00:00+00:00,2026-07-15,bounded,0.0,0.38596916566185524,KXHIGHTOKC-26JUL15-B88.5,bounded,0.19540753960962864,KXHIGHTOKC-26JUL15-B86.5,,,1.0
,,0.9731600170956644,t_plus_2h,okc,okc:2026-07-15,,KXHIGHTOKC-26JUL15,1.8501478756249325,bracket,neuralcaster_v2,,0.1634596685569433,2026-07-15T08:00:00+00:00,2026-07-15,bounded,0.0,0.37453145759919676,KXHIGHTOKC-26JUL15-B88.5,bounded,0.15721391648847996,KXHIGHTOKC-26JUL15-B86.5,,,1.0
,,0.9705669192480829,t_plus_3h,okc,okc:2026-07-15,,KXHIGHTOKC-26JUL15,1.856460177735632,bracket,neuralcaster_v2,,0.16571485421921656,2026-07-15T09:00:00+00:00,2026-07-15,bounded,0.0,0.3576226076024957,KXHIGHTOKC-26JUL15-B88.5,bounded,0.15622466027838353,KXHIGHTOKC-26JUL15-B86.5,,,1.0
,,0.9751885348604165,t_plus_4h,okc,okc:2026-07-15,,KXHIGHTOKC-26JUL15,1.8736174572039621,bracket,neuralcaster_v2,,0.16609094179018774,2026-07-15T10:00:00+00:00,2026-07-15,bounded,0.0,0.3533918871060079,KXHIGHTOKC-26JUL15-B90.5,bounded,0.15356713328036997,KXHIGHTOKC-26JUL15-B86.5,,,0.0
,,0.9771504686791248,t_plus_5h,okc,okc:2026-07-15,,KXHIGHTOKC-26JUL15,1.8847489671038482,bracket,neuralcaster_v2,,0.17006126518823209,2026-07-15T11:00:00+00:00,2026-07-15,bounded,0.0,0.3533920892224608,KXHIGHTOKC-26JUL15-B90.5,bounded,0.15186717830228452,KXHIGHTOKC-26JUL15-B86.5,,,0.0
,,1.0226686692642404,t_plus_6h,okc,okc:2026-07-15,,KXHIGHTOKC-26JUL15,2.0193539907478737,bracket,neuralcaster_v2,,0.19446945235183144,2026-07-15T12:00:00+00:00,2026-07-15,bounded,0.0,0.38458572707784267,KXHIGHTOKC-26JUL15-B90.5,bounded,0.1327411894242871,KXHIGHTOKC-26JUL15-B86.5,,,0.0
,,1.0482601000504324,t_plus_7h,okc,okc:2026-07-15,,KXHIGHTOKC-26JUL15,2.0458939093059874,bracket,neuralcaster_v2,,0.1911568043890072,2026-07-15T13:00:00+00:00,2026-07-15,bounded,0.0,0.4051036539272203,KXHIGHTOKC-26JUL15-B90.5,bounded,0.12926458749830372,KXHIGHTOKC-26JUL15-B86.5,,,0.0
,,1.0685311790868381,t_plus_8h,okc,okc:2026-07-15,,KXHIGHTOKC-26JUL15,2.1852945758406297,bracket,neuralcaster_v2,,0.2043095818746711,2026-07-15T14:00:00+00:00,2026-07-15,bounded,0.0,0.39022856673347006,KXHIGHTOKC-26JUL15-B90.5,bounded,0.11244460531099058,KXHIGHTOKC-26JUL15-B86.5,,,0.0
,,1.1000320828284993,t_plus_9h,okc,okc:2026-07-15,,KXHIGHTOKC-26JUL15,2.33583548446856,bracket,neuralcaster_v2,,0.22535899984016794,2026-07-15T15:00:00+00:00,2026-07-15,bounded,0.0,0.41396925098627163,KXHIGHTOKC-26JUL15-B90.5,bounded,0.09672963265102617,KXHIGHTOKC-26JUL15-B86.5,,,0.0
,,1.1111626106230605,t_plus_10h,okc,okc:2026-07-15,,KXHIGHTOKC-26JUL15,2.3535947690058214,bracket,neuralcaster_v2,,0.2350739167676834,2026-07-15T16:00:00+00:00,2026-07-15,bounded,0.0,0.4367930107576159,KXHIGHTOKC-26JUL15-B90.5,bounded,0.09502694756693053,KXHIGHTOKC-26JUL15-B86.5,,,0.0
,,1.2452690863919815,t_plus_11h,okc,okc:2026-07-15,,KXHIGHTOKC-26JUL15,2.9482053969763147,bracket,neuralcaster_v2,,0.26249031022035807,2026-07-15T17:00:00+00:00,2026-07-15,bounded,0.0,0.4822836412416823,KXHIGHTOKC-26JUL15-B90.5,bounded,0.05243371927605564,KXHIGHTOKC-26JUL15-B86.5,,,0.0
,,0.2796949018236124,t_plus_12h,okc,okc:2026-07-15,,KXHIGHTOKC-26JUL15,0.5595013164952279,bracket,neuralcaster_v2,,0.039631702837467475,2026-07-15T18:00:00+00:00,2026-07-15,bounded,1.0,0.5714939874241715,KXHIGHTOKC-26JUL15-B86.5,bounded,0.5714939874241715,KXHIGHTOKC-26JUL15-B86.5,,,1.0
,,0.04818604471673764,t_plus_13h,okc,okc:2026-07-15,,KXHIGHTOKC-26JUL15,0.1983276614760519,bracket,neuralcaster_v2,,0.0069057442052852715,2026-07-15T19:00:00+00:00,2026-07-15,bounded,1.0,0.8201010935743256,KXHIGHTOKC-26JUL15-B86.5,bounded,0.8201010935743256,KXHIGHTOKC-26JUL15-B86.5,,,1.0
,,0.09927032050378913,t_plus_14h,okc,okc:2026-07-15,,KXHIGHTOKC-26JUL15,0.27167274003772873,bracket,neuralcaster_v2,,0.011036031850092245,2026-07-15T20:00:00+00:00,2026-07-15,bounded,1.0,0.7621036262879751,KXHIGHTOKC-26JUL15-B86.5,bounded,0.7621036262879751,KXHIGHTOKC-26JUL15-B86.5,,,1.0
,,0.36542169583583406,t_plus_15h,okc,okc:2026-07-15,,KXHIGHTOKC-26JUL15,0.6001511383669187,bracket,neuralcaster_v2,,0.04032258355616227,2026-07-15T21:00:00+00:00,2026-07-15,bounded,1.0,0.5487286958674843,KXHIGHTOKC-26JUL15-B86.5,bounded,0.5487286958674843,KXHIGHTOKC-26JUL15-B86.5,,,1.0
,,0.017892814278003915,t_plus_16h,okc,okc:2026-07-15,,KXHIGHTOKC-26JUL15,0.11206309419139943,bracket,neuralcaster_v2,,0.0021688823797220568,2026-07-15T22:00:00+00:00,2026-07-15,bounded,1.0,0.8939878502803577,KXHIGHTOKC-26JUL15-B86.5,bounded,0.8939878502803577,KXHIGHTOKC-26JUL15-B86.5,,,1.0
,,0.11291236774740188,t_plus_17h,okc,okc:2026-07-15,,KXHIGHTOKC-26JUL15,0.2851982701265628,bracket,neuralcaster_v2,,0.011923531723789054,2026-07-15T23:00:00+00:00,2026-07-15,bounded,1.0,0.7518651671382572,KXHIGHTOKC-26JUL15-B86.5,bounded,0.7518651671382572,KXHIGHTOKC-26JUL15-B86.5,,,1.0
,,0.03273925869134564,t_plus_18h,okc,okc:2026-07-15,,KXHIGHTOKC-26JUL15,0.1482463253110051,bracket,neuralcaster_v2,,0.0036246356180986024,2026-07-16T00:00:00+00:00,2026-07-15,bounded,1.0,0.8622187024917923,KXHIGHTOKC-26JUL15-B86.5,bounded,0.8622187024917923,KXHIGHTOKC-26JUL15-B86.5,,,1.0
,,0.016849629385831767,t_plus_19h,okc,okc:2026-07-15,,KXHIGHTOKC-26JUL15,0.1069178379151227,bracket,neuralcaster_v2,,0.0019516465160694016,2026-07-16T01:00:00+00:00,2026-07-15,bounded,1.0,0.8985995007657946,KXHIGHTOKC-26JUL15-B86.5,bounded,0.8985995007657946,KXHIGHTOKC-26JUL15-B86.5,,,1.0
,,0.028234378739690102,t_plus_20h,okc,okc:2026-07-15,,KXHIGHTOKC-26JUL15,0.13765709569883705,bracket,neuralcaster_v2,,0.0031526546791873266,2026-07-16T02:00:00+00:00,2026-07-15,bounded,1.0,0.8713974464531451,KXHIGHTOKC-26JUL15-B86.5,bounded,0.8713974464531451,KXHIGHTOKC-26JUL15-B86.5,,,1.0
,,0.04886214664274169,t_plus_21h,okc,okc:2026-07-15,,KXHIGHTOKC-26JUL15,0.1815561204399919,bracket,neuralcaster_v2,,0.005293000487529729,2026-07-16T03:00:00+00:00,2026-07-15,bounded,1.0,0.8339714411459391,KXHIGHTOKC-26JUL15-B86.5,bounded,0.8339714411459391,KXHIGHTOKC-26JUL15-B86.5,,,1.0
,,0.03273925869134564,t_plus_22h,okc,okc:2026-07-15,,KXHIGHTOKC-26JUL15,0.1482463253110051,bracket,neuralcaster_v2,,0.0036246356180986024,2026-07-16T04:00:00+00:00,2026-07-15,bounded,1.0,0.8622187024917923,KXHIGHTOKC-26JUL15-B86.5,bounded,0.8622187024917923,KXHIGHTOKC-26JUL15-B86.5,,,1.0
,,0.04077002748706182,t_plus_23h,okc,okc:2026-07-15,,KXHIGHTOKC-26JUL15,0.16664783901622476,bracket,neuralcaster_v2,,0.0044986515891681875,2026-07-16T05:00:00+00:00,2026-07-15,bounded,1.0,0.8464976623026673,KXHIGHTOKC-26JUL15-B86.5,bounded,0.8464976623026673,KXHIGHTOKC-26JUL15-B86.5,,,1.0
,,0.9432973901802003,t_plus_0h,aus,aus:2026-07-16,,KXHIGHAUS-26JUL16,1.929938495580013,bracket,neuralcaster_v2,,0.1826232713451626,2026-07-16T06:00:00+00:00,2026-07-16,bounded,0.0,0.33274025242089145,KXHIGHAUS-26JUL16-B88.5,bounded,0.1451571260139221,KXHIGHAUS-26JUL16-B90.5,,,1.0
,,0.9581047311545987,t_plus_1h,aus,aus:2026-07-16,,KXHIGHAUS-26JUL16,1.9013694506673298,bracket,neuralcaster_v2,,0.17447252664176166,2026-07-16T07:00:00+00:00,2026-07-16,bounded,0.0,0.36895300844266776,KXHIGHAUS-26JUL16-B88.5,bounded,0.14936393256335911,KXHIGHAUS-26JUL16-B90.5,,,1.0
,,0.9267625474933188,t_plus_2h,aus,aus:2026-07-16,,KXHIGHAUS-26JUL16,1.8369066522473205,bracket,neuralcaster_v2,,0.17315445502527585,2026-07-16T08:00:00+00:00,2026-07-16,bounded,0.0,0.33793470358181493,KXHIGHAUS-26JUL16-B88.5,bounded,0.15930946426526937,KXHIGHAUS-26JUL16-B90.5,,,1.0
,,0.8926447219766308,t_plus_3h,aus,aus:2026-07-16,,KXHIGHAUS-26JUL16,1.7564383893065691,bracket,neuralcaster_v2,,0.16458097410625466,2026-07-16T09:00:00+00:00,2026-07-16,bounded,0.0,0.3298830257650835,KXHIGHAUS-26JUL16-B88.5,bounded,0.17265871314705744,KXHIGHAUS-26JUL16-B90.5,,,1.0
,,0.9415389965734485,t_plus_4h,aus,aus:2026-07-16,,KXHIGHAUS-26JUL16,1.8467869096783944,bracket,neuralcaster_v2,,0.16571657653642258,2026-07-16T10:00:00+00:00,2026-07-16,bounded,0.0,0.36614112313692593,KXHIGHAUS-26JUL16-B88.5,bounded,0.1577431960551871,KXHIGHAUS-26JUL16-B90.5,,,1.0
,,0.9485597835751864,t_plus_5h,aus,aus:2026-07-16,,KXHIGHAUS-26JUL16,1.8710660424108934,bracket,neuralcaster_v2,,0.16830728400833542,2026-07-16T11:00:00+00:00,2026-07-16,bounded,0.0,0.36702453548102665,KXHIGHAUS-26JUL16-B88.5,bounded,0.15395944700064446,KXHIGHAUS-26JUL16-B90.5,,,1.0
,,0.872038786183396,t_plus_6h,aus,aus:2026-07-16,,KXHIGHAUS-26JUL16,1.6007007421825215,bracket,neuralcaster_v2,,0.13594451574420502,2026-07-16T12:00:00+00:00,2026-07-16,bounded,0.0,0.424339579115952,KXHIGHAUS-26JUL16-B88.5,bounded,0.20175509014600923,KXHIGHAUS-26JUL16-B90.5,,,1.0
,,0.9126397873874016,t_plus_7h,aus,aus:2026-07-16,,KXHIGHAUS-26JUL16,1.7332805500258466,bracket,neuralcaster_v2,,0.1193063620239709,2026-07-16T13:00:00+00:00,2026-07-16,bounded,0.0,0.42361302987064053,KXHIGHAUS-26JUL16-B88.5,bounded,0.17670377252000485,KXHIGHAUS-26JUL16-B90.5,,,1.0
,,0.7875492243879134,t_plus_8h,aus,aus:2026-07-16,,KXHIGHAUS-26JUL16,1.5028789448890996,bracket,neuralcaster_v2,,0.12655359055919185,2026-07-16T14:00:00+00:00,2026-07-16,bounded,0.0,0.33813793240647705,KXHIGHAUS-26JUL16-B88.5,bounded,0.22248870451502448,KXHIGHAUS-26JUL16-B90.5,,,1.0
,,0.846802298012367,t_plus_9h,aus,aus:2026-07-16,,KXHIGHAUS-26JUL16,1.6272754087965466,bracket,neuralcaster_v2,,0.15375600963990213,2026-07-16T15:00:00+00:00,2026-07-16,bounded,0.0,0.34451263572864493,KXHIGHAUS-26JUL16-B88.5,bounded,0.1964641300135201,KXHIGHAUS-26JUL16-B90.5,,,1.0
,,0.9368224798509736,t_plus_10h,aus,aus:2026-07-16,,KXHIGHAUS-26JUL16,1.7143696623575992,bracket,neuralcaster_v2,,0.15009328243932146,2026-07-16T16:00:00+00:00,2026-07-16,bounded,0.0,0.429615588389754,KXHIGHAUS-26JUL16-B88.5,bounded,0.18007719438014888,KXHIGHAUS-26JUL16-B90.5,,,1.0
,,0.9335584438456894,t_plus_11h,aus,aus:2026-07-16,,KXHIGHAUS-26JUL16,1.7521893756878855,bracket,neuralcaster_v2,,0.1615525668031875,2026-07-16T17:00:00+00:00,2026-07-16,bounded,0.0,0.39029913520474113,KXHIGHAUS-26JUL16-B88.5,bounded,0.1733939031807362,KXHIGHAUS-26JUL16-B90.5,,,1.0
,,0.7873554701296662,t_plus_12h,aus,aus:2026-07-16,,KXHIGHAUS-26JUL16,1.3071054402827698,bracket,neuralcaster_v2,,0.09796467618349484,2026-07-16T18:00:00+00:00,2026-07-16,bounded,0.0,0.48008571482838164,KXHIGHAUS-26JUL16-B88.5,bounded,0.2706021980826286,KXHIGHAUS-26JUL16-B90.5,,,1.0
,,0.45565226428233535,t_plus_13h,aus,aus:2026-07-16,,KXHIGHAUS-26JUL16,0.8120900787901087,bracket,neuralcaster_v2,,0.031001049956362083,2026-07-16T19:00:00+00:00,2026-07-16,bounded,1.0,0.44392924880303714,KXHIGHAUS-26JUL16-B90.5,bounded,0.44392924880303714,KXHIGHAUS-26JUL16-B90.5,,,1.0
,,0.18401532844190083,t_plus_14h,aus,aus:2026-07-16,,KXHIGHAUS-26JUL16,0.43523222929722777,bracket,neuralcaster_v2,,0.013175267476311505,2026-07-16T20:00:00+00:00,2026-07-16,bounded,1.0,0.647114370711564,KXHIGHAUS-26JUL16-B90.5,bounded,0.647114370711564,KXHIGHAUS-26JUL16-B90.5,,,1.0
,,0.4437145553074076,t_plus_15h,aus,aus:2026-07-16,,KXHIGHAUS-26JUL16,0.6564957063977519,bracket,neuralcaster_v2,,0.0451085828164618,2026-07-16T21:00:00+00:00,2026-07-16,bounded,1.0,0.5186657105128912,KXHIGHAUS-26JUL16-B90.5,bounded,0.5186657105128912,KXHIGHAUS-26JUL16-B90.5,,,1.0
,,0.001987621643458817,t_plus_16h,aus,aus:2026-07-16,,KXHIGHAUS-26JUL16,0.040427777698655125,bracket,neuralcaster_v2,,0.00026460086602564197,2026-07-16T22:00:00+00:00,2026-07-16,bounded,1.0,0.9603785227538524,KXHIGHAUS-26JUL16-B90.5,bounded,0.9603785227538524,KXHIGHAUS-26JUL16-B90.5,,,1.0
,,0.0020934422911543997,t_plus_17h,aus,aus:2026-07-16,,KXHIGHAUS-26JUL16,0.04131797531161393,bracket,neuralcaster_v2,,0.0002797531927616936,2026-07-16T23:00:00+00:00,2026-07-16,bounded,1.0,0.9595239764993102,KXHIGHAUS-26JUL16-B90.5,bounded,0.9595239764993102,KXHIGHAUS-26JUL16-B90.5,,,1.0
,,0.0020621085950775033,t_plus_18h,aus,aus:2026-07-16,,KXHIGHAUS-26JUL16,0.041059217015701845,bracket,neuralcaster_v2,,0.0002752634907534815,2026-07-17T00:00:00+00:00,2026-07-16,bounded,1.0,0.9597722934140013,KXHIGHAUS-26JUL16-B90.5,bounded,0.9597722934140013,KXHIGHAUS-26JUL16-B90.5,,,1.0
,,0.0020825981850268274,t_plus_19h,aus,aus:2026-07-16,,KXHIGHAUS-26JUL16,0.04122886151263611,bracket,neuralcaster_v2,,0.0002781990980058811,2026-07-17T01:00:00+00:00,2026-07-16,bounded,1.0,0.9596094871360986,KXHIGHAUS-26JUL16-B90.5,bounded,0.9596094871360986,KXHIGHAUS-26JUL16-B90.5,,,1.0
,,0.002082633608061809,t_plus_20h,aus,aus:2026-07-16,,KXHIGHAUS-26JUL16,0.0412291533570951,bracket,neuralcaster_v2,,0.00027820417409045727,2026-07-17T02:00:00+00:00,2026-07-16,bounded,1.0,0.9596092070794279,KXHIGHAUS-26JUL16-B90.5,bounded,0.9596092070794279,KXHIGHAUS-26JUL16-B90.5,,,1.0
,,0.0020809103928416286,t_plus_21h,aus,aus:2026-07-16,,KXHIGHAUS-26JUL16,0.0412149503588836,bracket,neuralcaster_v2,,0.0002779572427486708,2026-07-17T03:00:00+00:00,2026-07-16,bounded,1.0,0.9596228365040689,KXHIGHAUS-26JUL16-B90.5,bounded,0.9596228365040689,KXHIGHAUS-26JUL16-B90.5,,,1.0
,,0.0020866876538345857,t_plus_22h,aus,aus:2026-07-16,,KXHIGHAUS-26JUL16,0.041262521468479335,bracket,neuralcaster_v2,,0.00027878513533454623,2026-07-17T04:00:00+00:00,2026-07-16,bounded,1.0,0.959577187266744,KXHIGHAUS-26JUL16-B90.5,bounded,0.959577187266744,KXHIGHAUS-26JUL16-B90.5,,,1.0
,,0.0020906666767661185,t_plus_23h,aus,aus:2026-07-16,,KXHIGHAUS-26JUL16,0.041295209677612216,bracket,neuralcaster_v2,,0.0002793553851456117,2026-07-17T05:00:00+00:00,2026-07-16,bounded,1.0,0.9595458209196251,KXHIGHAUS-26JUL16-B90.5,bounded,0.9595458209196251,KXHIGHAUS-26JUL16-B90.5,,,1.0
,,0.4293501736080334,t_plus_0h,den,den:2026-07-16,,KXHIGHDEN-26JUL16,0.7879542379197526,bracket,neuralcaster_v2,,0.04450142169823776,2026-07-16T07:00:00+00:00,2026-07-16,bounded,1.0,0.4547742041053834,KXHIGHDEN-26JUL16-B93.5,bounded,0.4547742041053834,KXHIGHDEN-26JUL16-B93.5,,,1.0
,,0.43258682929199255,t_plus_1h,den,den:2026-07-16,,KXHIGHDEN-26JUL16,0.7844269199217545,bracket,neuralcaster_v2,,0.04518389576315586,2026-07-16T08:00:00+00:00,2026-07-16,bounded,1.0,0.45638116981393095,KXHIGHDEN-26JUL16-B93.5,bounded,0.45638116981393095,KXHIGHDEN-26JUL16-B93.5,,,1.0
,,0.4423702381484263,t_plus_2h,den,den:2026-07-16,,KXHIGHDEN-26JUL16,0.8059376020039165,bracket,neuralcaster_v2,,0.04800498220743322,2026-07-16T09:00:00+00:00,2026-07-16,bounded,1.0,0.4466689324790269,KXHIGHDEN-26JUL16-B93.5,bounded,0.4466689324790269,KXHIGHDEN-26JUL16-B93.5,,,1.0
,,0.4955583269017867,t_plus_3h,den,den:2026-07-16,,KXHIGHDEN-26JUL16,0.8705788500338779,bracket,neuralcaster_v2,,0.054297471217984575,2026-07-16T10:00:00+00:00,2026-07-16,bounded,1.0,0.41870910930411803,KXHIGHDEN-26JUL16-B93.5,bounded,0.41870910930411803,KXHIGHDEN-26JUL16-B93.5,,,1.0
,,0.5386480936393555,t_plus_4h,den,den:2026-07-16,,KXHIGHDEN-26JUL16,0.9106780631573115,bracket,neuralcaster_v2,,0.05575999629379148,2026-07-16T11:00:00+00:00,2026-07-16,bounded,0.0,0.4100071689467848,KXHIGHDEN-26JUL16-B91.5,bounded,0.4022513797006921,KXHIGHDEN-26JUL16-B93.5,,,1.0
,,0.48357315927187494,t_plus_5h,den,den:2026-07-16,,KXHIGHDEN-26JUL16,0.8179678729379134,bracket,neuralcaster_v2,,0.04886960727899603,2026-07-16T12:00:00+00:00,2026-07-16,bounded,1.0,0.4413275775965869,KXHIGHDEN-26JUL16-B93.5,bounded,0.4413275775965869,KXHIGHDEN-26JUL16-B93.5,,,1.0
,,0.48498209348127536,t_plus_6h,den,den:2026-07-16,,KXHIGHDEN-26JUL16,0.795420594308638,bracket,neuralcaster_v2,,0.0462911313831838,2026-07-16T13:00:00+00:00,2026-07-16,bounded,1.0,0.45139134236196055,KXHIGHDEN-26JUL16-B93.5,bounded,0.45139134236196055,KXHIGHDEN-26JUL16-B93.5,,,1.0
,,0.45483995389369447,t_plus_7h,den,den:2026-07-16,,KXHIGHDEN-26JUL16,0.7791893599279606,bracket,neuralcaster_v2,,0.04596955950300874,2026-07-16T14:00:00+00:00,2026-07-16,bounded,1.0,0.45877776424580885,KXHIGHDEN-26JUL16-B93.5,bounded,0.45877776424580885,KXHIGHDEN-26JUL16-B93.5,,,1.0
,,0.4767168990291637,t_plus_8h,den,den:2026-07-16,,KXHIGHDEN-26JUL16,0.7891996151783626,bracket,neuralcaster_v2,,0.04887100878809124,2026-07-16T15:00:00+00:00,2026-07-16,bounded,1.0,0.45420819117675826,KXHIGHDEN-26JUL16-B93.5,bounded,0.45420819117675826,KXHIGHDEN-26JUL16-B93.5,,,1.0
,,0.48501822383305415,t_plus_9h,den,den:2026-07-16,,KXHIGHDEN-26JUL16,0.8008146907062453,bracket,neuralcaster_v2,,0.05060910851239344,2026-07-16T16:00:00+00:00,2026-07-16,bounded,1.0,0.4489630490601454,KXHIGHDEN-26JUL16-B93.5,bounded,0.4489630490601454,KXHIGHDEN-26JUL16-B93.5,,,1.0
,,0.594363133106829,t_plus_10h,den,den:2026-07-16,,KXHIGHDEN-26JUL16,0.9370174361001725,bracket,neuralcaster_v2,,0.06497422140469064,2026-07-16T17:00:00+00:00,2026-07-16,bounded,0.0,0.4645006928751265,KXHIGHDEN-26JUL16-B91.5,bounded,0.3917946470187311,KXHIGHDEN-26JUL16-B93.5,,,1.0
,,0.5935591909991236,t_plus_11h,den,den:2026-07-16,,KXHIGHDEN-26JUL16,0.9254972388485249,bracket,neuralcaster_v2,,0.06213912960817432,2026-07-16T18:00:00+00:00,2026-07-16,bounded,0.0,0.4721823975427698,KXHIGHDEN-26JUL16-B91.5,bounded,0.39633429726114144,KXHIGHDEN-26JUL16-B93.5,,,1.0
,,1.0189980239722845,t_plus_12h,den,den:2026-07-16,,KXHIGHDEN-26JUL16,1.4717820280207101,bracket,neuralcaster_v2,,0.10826185663912972,2026-07-16T19:00:00+00:00,2026-07-16,bounded,0.0,0.6482807481922537,KXHIGHDEN-26JUL16-B91.5,bounded,0.22951611639111144,KXHIGHDEN-26JUL16-B93.5,,,1.0
,,1.008530013848986,t_plus_13h,den,den:2026-07-16,,KXHIGHDEN-26JUL16,1.6278132297704433,bracket,neuralcaster_v2,,0.12048076087781426,2026-07-16T20:00:00+00:00,2026-07-16,bounded,0.0,0.5813975396112261,KXHIGHDEN-26JUL16-B91.5,bounded,0.19635849589244964,KXHIGHDEN-26JUL16-B93.5,,,1.0
,,0.45949906518235367,t_plus_14h,den,den:2026-07-16,,KXHIGHDEN-26JUL16,0.7071231934460571,bracket,neuralcaster_v2,,0.042674252327381354,2026-07-16T21:00:00+00:00,2026-07-16,bounded,1.0,0.49306059909032723,KXHIGHDEN-26JUL16-B93.5,bounded,0.49306059909032723,KXHIGHDEN-26JUL16-B93.5,,,1.0
,,0.1296398381873052,t_plus_15h,den,den:2026-07-16,,KXHIGHDEN-26JUL16,0.32555339860421195,bracket,neuralcaster_v2,,0.011502195710342172,2026-07-16T22:00:00+00:00,2026-07-16,bounded,1.0,0.7221276186296622,KXHIGHDEN-26JUL16-B93.5,bounded,0.7221276186296622,KXHIGHDEN-26JUL16-B93.5,,,1.0
,,0.005629057592706854,t_plus_16h,den,den:2026-07-16,,KXHIGHDEN-26JUL16,0.06699913944578616,bracket,neuralcaster_v2,,0.0004532531771023426,2026-07-16T23:00:00+00:00,2026-07-16,bounded,1.0,0.9351960061232941,KXHIGHDEN-26JUL16-B93.5,bounded,0.9351960061232941,KXHIGHDEN-26JUL16-B93.5,,,1.0
,,0.003388155293351678,t_plus_17h,den,den:2026-07-16,,KXHIGHDEN-26JUL16,0.05266604181843127,bracket,neuralcaster_v2,,0.0002950089282198104,2026-07-17T00:00:00+00:00,2026-07-16,bounded,1.0,0.9486967846380854,KXHIGHDEN-26JUL16-B93.5,bounded,0.9486967846380854,KXHIGHDEN-26JUL16-B93.5,,,1.0
,,0.0023197013149356405,t_plus_18h,den,den:2026-07-16,,KXHIGHDEN-26JUL16,0.043093819234668346,bracket,neuralcaster_v2,,0.00023476850248302147,2026-07-17T01:00:00+00:00,2026-07-16,bounded,1.0,0.957821523769194,KXHIGHDEN-26JUL16-B93.5,bounded,0.957821523769194,KXHIGHDEN-26JUL16-B93.5,,,1.0
,,0.00235116474093611,t_plus_19h,den,den:2026-07-16,,KXHIGHDEN-26JUL16,0.043323924465380484,bracket,neuralcaster_v2,,0.0002384367768016419,2026-07-17T02:00:00+00:00,2026-07-16,bounded,1.0,0.957601149382108,KXHIGHDEN-26JUL16-B93.5,bounded,0.957601149382108,KXHIGHDEN-26JUL16-B93.5,,,1.0
,,0.002293514850378306,t_plus_20h,den,den:2026-07-16,,KXHIGHDEN-26JUL16,0.042900039511220844,bracket,neuralcaster_v2,,0.00023172671426724455,2026-07-17T03:00:00+00:00,2026-07-16,bounded,1.0,0.9580071481437212,KXHIGHDEN-26JUL16-B93.5,bounded,0.9580071481437212,KXHIGHDEN-26JUL16-B93.5,,,1.0
,,0.0022967428028663715,t_plus_21h,den,den:2026-07-16,,KXHIGHDEN-26JUL16,0.04292404019041806,bracket,neuralcaster_v2,,0.00023210110427332648,2026-07-17T04:00:00+00:00,2026-07-16,bounded,1.0,0.9579841555974095,KXHIGHDEN-26JUL16-B93.5,bounded,0.9579841555974095,KXHIGHDEN-26JUL16-B93.5,,,1.0
,,0.0022966511595683414,t_plus_22h,den,den:2026-07-16,,KXHIGHDEN-26JUL16,0.0429233592441389,bracket,neuralcaster_v2,,0.00023209047292781638,2026-07-17T05:00:00+00:00,2026-07-16,bounded,1.0,0.9579848079333778,KXHIGHDEN-26JUL16-B93.5,bounded,0.9579848079333778,KXHIGHDEN-26JUL16-B93.5,,,1.0
,,0.002298633860046743,t_plus_23h,den,den:2026-07-16,,KXHIGHDEN-26JUL16,0.04293808569661796,bracket,neuralcaster_v2,,0.0002323205106291667,2026-07-17T06:00:00+00:00,2026-07-16,bounded,1.0,0.9579707003195059,KXHIGHDEN-26JUL16-B93.5,bounded,0.9579707003195059,KXHIGHDEN-26JUL16-B93.5,,,1.0
,,0.6457151587877397,t_plus_0h,la,la:2026-07-16,,KXHIGHLAX-26JUL16,1.1162363580730439,bracket,neuralcaster_v2,,0.07830730045312187,2026-07-16T08:00:00+00:00,2026-07-16,bounded,0.0,0.40336581339395816,KXHIGHLAX-26JUL16-B81.5,bounded,0.32751010871657127,KXHIGHLAX-26JUL16-B83.5,,,1.0
,,0.68589757576144,t_plus_1h,la,la:2026-07-16,,KXHIGHLAX-26JUL16,1.1827458508503004,bracket,neuralcaster_v2,,0.08094734344906837,2026-07-16T09:00:00+00:00,2026-07-16,bounded,0.0,0.4181017975674562,KXHIGHLAX-26JUL16-B81.5,bounded,0.30643615435020743,KXHIGHLAX-26JUL16-B83.5,,,1.0
,,0.6440209340816389,t_plus_2h,la,la:2026-07-16,,KXHIGHLAX-26JUL16,1.1150277801276087,bracket,neuralcaster_v2,,0.07521429591099402,2026-07-16T10:00:00+00:00,2026-07-16,bounded,0.0,0.4060248171616603,KXHIGHLAX-26JUL16-B81.5,bounded,0.32790616949782664,KXHIGHLAX-26JUL16-B83.5,,,1.0
,,0.7389352494265938,t_plus_3h,la,la:2026-07-16,,KXHIGHLAX-26JUL16,1.288167684818978,bracket,neuralcaster_v2,,0.07587136289339548,2026-07-16T11:00:00+00:00,2026-07-16,bounded,0.0,0.4311383970974489,KXHIGHLAX-26JUL16-B81.5,bounded,0.2757756283010255,KXHIGHLAX-26JUL16-B83.5,,,1.0
,,0.788688522565359,t_plus_4h,la,la:2026-07-16,,KXHIGHLAX-26JUL16,1.3039640931211494,bracket,neuralcaster_v2,,0.08262792805036658,2026-07-16T12:00:00+00:00,2026-07-16,bounded,0.0,0.48500426586566386,KXHIGHLAX-26JUL16-B81.5,bounded,0.2714535900883016,KXHIGHLAX-26JUL16-B83.5,,,1.0
,,0.7584119826714784,t_plus_5h,la,la:2026-07-16,,KXHIGHLAX-26JUL16,1.2146602429311826,bracket,neuralcaster_v2,,0.07809002239278698,2026-07-16T13:00:00+00:00,2026-07-16,bounded,0.0,0.4984521110151313,KXHIGHLAX-26JUL16-B81.5,bounded,0.2968108407460706,KXHIGHLAX-26JUL16-B83.5,,,1.0
,,0.754474622782495,t_plus_6h,la,la:2026-07-16,,KXHIGHLAX-26JUL16,1.2631483597575117,bracket,neuralcaster_v2,,0.08114262223719981,2026-07-16T14:00:00+00:00,2026-07-16,bounded,0.0,0.4624784320616022,KXHIGHLAX-26JUL16-B81.5,bounded,0.2827623859168546,KXHIGHLAX-26JUL16-B83.5,,,1.0
,,0.6914743837760935,t_plus_7h,la,la:2026-07-16,,KXHIGHLAX-26JUL16,1.1619047579913138,bracket,neuralcaster_v2,,0.0626490655436675,2026-07-16T15:00:00+00:00,2026-07-16,bounded,0.0,0.4459196690502439,KXHIGHLAX-26JUL16-B81.5,bounded,0.31288963389358615,KXHIGHLAX-26JUL16-B83.5,,,1.0
,,0.6332135798672679,t_plus_8h,la,la:2026-07-16,,KXHIGHLAX-26JUL16,1.0516654255222397,bracket,neuralcaster_v2,,0.05491553406866347,2026-07-16T16:00:00+00:00,2026-07-16,bounded,0.0,0.43881497952380627,KXHIGHLAX-26JUL16-B81.5,bounded,0.3493554388843407,KXHIGHLAX-26JUL16-B83.5,,,1.0
,,0.3989367014172069,t_plus_9h,la,la:2026-07-16,,KXHIGHLAX-26JUL16,0.788058836329066,bracket,neuralcaster_v2,,0.03246651290073833,2026-07-16T17:00:00+00:00,2026-07-16,bounded,1.0,0.45472663793475343,KXHIGHLAX-26JUL16-B83.5,bounded,0.45472663793475343,KXHIGHLAX-26JUL16-B83.5,,,1.0
,,0.22805749268347253,t_plus_10h,la,la:2026-07-16,,KXHIGHLAX-26JUL16,0.5195996246580966,bracket,neuralcaster_v2,,0.0175099294261584,2026-07-16T18:00:00+00:00,2026-07-16,bounded,1.0,0.5947586269951617,KXHIGHLAX-26JUL16-B83.5,bounded,0.5947586269951617,KXHIGHLAX-26JUL16-B83.5,,,1.0
,,0.09992471719141471,t_plus_11h,la,la:2026-07-16,,KXHIGHLAX-26JUL16,0.30721220269866467,bracket,neuralcaster_v2,,0.007500008756997982,2026-07-16T19:00:00+00:00,2026-07-16,bounded,1.0,0.7354945104264629,KXHIGHLAX-26JUL16-B83.5,bounded,0.7354945104264629,KXHIGHLAX-26JUL16-B83.5,,,1.0
,,0.0028437388680191624,t_plus_12h,la,la:2026-07-16,,KXHIGHLAX-26JUL16,0.046709352706573434,bracket,neuralcaster_v2,,0.0002674093097417577,2026-07-16T20:00:00+00:00,2026-07-16,bounded,1.0,0.9543647408127492,KXHIGHLAX-26JUL16-B83.5,bounded,0.9543647408127492,KXHIGHLAX-26JUL16-B83.5,,,1.0
,,0.00270006568284126,t_plus_13h,la,la:2026-07-16,,KXHIGHLAX-26JUL16,0.04559854039649735,bracket,neuralcaster_v2,,0.00025393505335119103,2026-07-16T21:00:00+00:00,2026-07-16,bounded,1.0,0.9554254499304515,KXHIGHLAX-26JUL16-B83.5,bounded,0.9554254499304515,KXHIGHLAX-26JUL16-B83.5,,,1.0
,,0.0026018307286132807,t_plus_14h,la,la:2026-07-16,,KXHIGHLAX-26JUL16,0.04482147234516329,bracket,neuralcaster_v2,,0.0002447730002766999,2026-07-16T22:00:00+00:00,2026-07-16,bounded,1.0,0.956168169057303,KXHIGHLAX-26JUL16-B83.5,bounded,0.956168169057303,KXHIGHLAX-26JUL16-B83.5,,,1.0
,,0.0026018307286132807,t_plus_15h,la,la:2026-07-16,,KXHIGHLAX-26JUL16,0.04482147234516329,bracket,neuralcaster_v2,,0.0002447730002766999,2026-07-16T23:00:00+00:00,2026-07-16,bounded,1.0,0.956168169057303,KXHIGHLAX-26JUL16-B83.5,bounded,0.956168169057303,KXHIGHLAX-26JUL16-B83.5,,,1.0
,,0.0026018307286132807,t_plus_16h,la,la:2026-07-16,,KXHIGHLAX-26JUL16,0.04482147234516329,bracket,neuralcaster_v2,,0.0002447730002766999,2026-07-17T00:00:00+00:00,2026-07-16,bounded,1.0,0.956168169057303,KXHIGHLAX-26JUL16-B83.5,bounded,0.956168169057303,KXHIGHLAX-26JUL16-B83.5,,,1.0
,,0.0026018307286132807,t_plus_17h,la,la:2026-07-16,,KXHIGHLAX-26JUL16,0.04482147234516329,bracket,neuralcaster_v2,,0.0002447730002766999,2026-07-17T01:00:00+00:00,2026-07-16,bounded,1.0,0.956168169057303,KXHIGHLAX-26JUL16-B83.5,bounded,0.956168169057303,KXHIGHLAX-26JUL16-B83.5,,,1.0
,,0.0026018307286132807,t_plus_18h,la,la:2026-07-16,,KXHIGHLAX-26JUL16,0.04482147234516329,bracket,neuralcaster_v2,,0.0002447730002766999,2026-07-17T02:00:00+00:00,2026-07-16,bounded,1.0,0.956168169057303,KXHIGHLAX-26JUL16-B83.5,bounded,0.956168169057303,KXHIGHLAX-26JUL16-B83.5,,,1.0
,,0.0026018307286132807,t_plus_19h,la,la:2026-07-16,,KXHIGHLAX-26JUL16,0.04482147234516329,bracket,neuralcaster_v2,,0.0002447730002766999,2026-07-17T03:00:00+00:00,2026-07-16,bounded,1.0,0.956168169057303,KXHIGHLAX-26JUL16-B83.5,bounded,0.956168169057303,KXHIGHLAX-26JUL16-B83.5,,,1.0
,,0.0026018307286132807,t_plus_20h,la,la:2026-07-16,,KXHIGHLAX-26JUL16,0.04482147234516329,bracket,neuralcaster_v2,,0.0002447730002766999,2026-07-17T04:00:00+00:00,2026-07-16,bounded,1.0,0.956168169057303,KXHIGHLAX-26JUL16-B83.5,bounded,0.956168169057303,KXHIGHLAX-26JUL16-B83.5,,,1.0
,,0.0026018307286132807,t_plus_21h,la,la:2026-07-16,,KXHIGHLAX-26JUL16,0.04482147234516329,bracket,neuralcaster_v2,,0.0002447730002766999,2026-07-17T05:00:00+00:00,2026-07-16,bounded,1.0,0.956168169057303,KXHIGHLAX-26JUL16-B83.5,bounded,0.956168169057303,KXHIGHLAX-26JUL16-B83.5,,,1.0
,,0.0026018307286132807,t_plus_22h,la,la:2026-07-16,,KXHIGHLAX-26JUL16,0.04482147234516329,bracket,neuralcaster_v2,,0.0002447730002766999,2026-07-17T06:00:00+00:00,2026-07-16,bounded,1.0,0.956168169057303,KXHIGHLAX-26JUL16-B83.5,bounded,0.956168169057303,KXHIGHLAX-26JUL16-B83.5,,,1.0
,,0.0026018307286132807,t_plus_23h,la,la:2026-07-16,,KXHIGHLAX-26JUL16,0.04482147234516329,bracket,neuralcaster_v2,,0.0002447730002766999,2026-07-17T07:00:00+00:00,2026-07-16,bounded,1.0,0.956168169057303,KXHIGHLAX-26JUL16-B83.5,bounded,0.956168169057303,KXHIGHLAX-26JUL16-B83.5,,,1.0
,,0.8049927621260444,t_plus_0h,mia,mia:2026-07-16,,KXHIGHMIA-26JUL16,1.2801385625934052,bracket,neuralcaster_v2,,0.09801719740331445,2026-07-16T05:00:00+00:00,2026-07-16,bounded,0.0,0.5134692649788771,KXHIGHMIA-26JUL16-B94.5,bounded,0.2779987775527581,KXHIGHMIA-26JUL16-B96.5,,,1.0
,,0.7934135930582085,t_plus_1h,mia,mia:2026-07-16,,KXHIGHMIA-26JUL16,1.2562752937437418,bracket,neuralcaster_v2,,0.08945796148197668,2026-07-16T06:00:00+00:00,2026-07-16,bounded,0.0,0.515500577135578,KXHIGHMIA-26JUL16-B94.5,bounded,0.28471252450019896,KXHIGHMIA-26JUL16-B96.5,,,1.0
,,0.8262723400865511,t_plus_2h,mia,mia:2026-07-16,,KXHIGHMIA-26JUL16,1.274219312562314,bracket,neuralcaster_v2,,0.09269219344650491,2026-07-16T07:00:00+00:00,2026-07-16,bounded,0.0,0.5430205940609203,KXHIGHMIA-26JUL16-B94.5,bounded,0.2796492016429596,KXHIGHMIA-26JUL16-B96.5,,,1.0
,,0.8191975443393184,t_plus_3h,mia,mia:2026-07-16,,KXHIGHMIA-26JUL16,1.244349854363015,bracket,neuralcaster_v2,,0.09064576701968824,2026-07-16T08:00:00+00:00,2026-07-16,bounded,0.0,0.5493847638292603,KXHIGHMIA-26JUL16-B94.5,bounded,0.28812817252386885,KXHIGHMIA-26JUL16-B96.5,,,1.0
,,0.8341764145888342,t_plus_4h,mia,mia:2026-07-16,,KXHIGHMIA-26JUL16,1.269797832234069,bracket,neuralcaster_v2,,0.09044044183571817,2026-07-16T09:00:00+00:00,2026-07-16,bounded,0.0,0.5527105201756151,KXHIGHMIA-26JUL16-B94.5,bounded,0.28088840261939196,KXHIGHMIA-26JUL16-B96.5,,,1.0
,,0.846599979491791,t_plus_5h,mia,mia:2026-07-16,,KXHIGHMIA-26JUL16,1.2733458270668994,bracket,neuralcaster_v2,,0.09175730786731422,2026-07-16T10:00:00+00:00,2026-07-16,bounded,0.0,0.5644253113023001,KXHIGHMIA-26JUL16-B94.5,bounded,0.2798935778784098,KXHIGHMIA-26JUL16-B96.5,,,1.0
,,0.8182987579536543,t_plus_6h,mia,mia:2026-07-16,,KXHIGHMIA-26JUL16,1.2674290957224144,bracket,neuralcaster_v2,,0.08499785140283617,2026-07-16T11:00:00+00:00,2026-07-16,bounded,0.0,0.5384347836518131,KXHIGHMIA-26JUL16-B94.5,bounded,0.28155454187709694,KXHIGHMIA-26JUL16-B96.5,,,1.0
,,0.8235606856821546,t_plus_7h,mia,mia:2026-07-16,,KXHIGHMIA-26JUL16,1.310290544384674,bracket,neuralcaster_v2,,0.09259366614913353,2026-07-16T12:00:00+00:00,2026-07-16,bounded,0.0,0.5234897933868361,KXHIGHMIA-26JUL16-B94.5,bounded,0.26974167306989927,KXHIGHMIA-26JUL16-B96.5,,,1.0
,,0.9446672822580133,t_plus_8h,mia,mia:2026-07-16,,KXHIGHMIA-26JUL16,1.487079573865242,bracket,neuralcaster_v2,,0.11448187357604375,2026-07-16T13:00:00+00:00,2026-07-16,bounded,0.0,0.5635792509966688,KXHIGHMIA-26JUL16-B94.5,bounded,0.22603180175817583,KXHIGHMIA-26JUL16-B96.5,,,1.0
,,0.8516067496842674,t_plus_9h,mia,mia:2026-07-16,,KXHIGHMIA-26JUL16,1.3287970397223665,bracket,neuralcaster_v2,,0.10457488789862535,2026-07-16T14:00:00+00:00,2026-07-16,bounded,0.0,0.5333295282454094,KXHIGHMIA-26JUL16-B94.5,bounded,0.2647956083805609,KXHIGHMIA-26JUL16-B96.5,,,1.0
,,0.7955648357074788,t_plus_10h,mia,mia:2026-07-16,,KXHIGHMIA-26JUL16,1.1722885080683978,bracket,neuralcaster_v2,,0.08586013850639274,2026-07-16T15:00:00+00:00,2026-07-16,bounded,0.0,0.5572903247771174,KXHIGHMIA-26JUL16-B94.5,bounded,0.3096574761342119,KXHIGHMIA-26JUL16-B96.5,,,1.0
,,0.5467724742894317,t_plus_11h,mia,mia:2026-07-16,,KXHIGHMIA-26JUL16,0.8286830989982743,bracket,neuralcaster_v2,,0.05918587377924358,2026-07-16T16:00:00+00:00,2026-07-16,bounded,0.0,0.4750756828575596,KXHIGHMIA-26JUL16-B94.5,bounded,0.43662389833401927,KXHIGHMIA-26JUL16-B96.5,,,1.0
,,0.953968249374071,t_plus_12h,mia,mia:2026-07-16,,KXHIGHMIA-26JUL16,1.2244842671160094,bracket,neuralcaster_v2,,0.09565435215623205,2026-07-16T17:00:00+00:00,2026-07-16,bounded,0.0,0.6746002957636735,KXHIGHMIA-26JUL16-B94.5,bounded,0.29390923990312845,KXHIGHMIA-26JUL16-B96.5,,,1.0
,,1.0074150934622197,t_plus_13h,mia,mia:2026-07-16,,KXHIGHMIA-26JUL16,1.3093146642515618,bracket,neuralcaster_v2,,0.09969886541729192,2026-07-16T18:00:00+00:00,2026-07-16,bounded,0.0,0.6883410635914016,KXHIGHMIA-26JUL16-B94.5,bounded,0.2700050370946793,KXHIGHMIA-26JUL16-B96.5,,,1.0
,,0.41112670649401856,t_plus_14h,mia,mia:2026-07-16,,KXHIGHMIA-26JUL16,0.6330092961737158,bracket,neuralcaster_v2,,0.041300139543894485,2026-07-16T19:00:00+00:00,2026-07-16,bounded,1.0,0.5309914836600967,KXHIGHMIA-26JUL16-B96.5,bounded,0.5309914836600967,KXHIGHMIA-26JUL16-B96.5,,,1.0
,,0.01912729627664986,t_plus_15h,mia,mia:2026-07-16,,KXHIGHMIA-26JUL16,0.1126811084897969,bracket,neuralcaster_v2,,0.0016705813219804334,2026-07-16T20:00:00+00:00,2026-07-16,bounded,1.0,0.8934355236967335,KXHIGHMIA-26JUL16-B96.5,bounded,0.8934355236967335,KXHIGHMIA-26JUL16-B96.5,,,1.0
,,0.0017065393764361535,t_plus_16h,mia,mia:2026-07-16,,KXHIGHMIA-26JUL16,0.036926187743327184,bracket,neuralcaster_v2,,0.00019364972034464765,2026-07-16T21:00:00+00:00,2026-07-16,bounded,1.0,0.9637472690845438,KXHIGHMIA-26JUL16-B96.5,bounded,0.9637472690845438,KXHIGHMIA-26JUL16-B96.5,,,1.0
,,0.0017065393764361535,t_plus_17h,mia,mia:2026-07-16,,KXHIGHMIA-26JUL16,0.036926187743327184,bracket,neuralcaster_v2,,0.00019364972034464765,2026-07-16T22:00:00+00:00,2026-07-16,bounded,1.0,0.9637472690845438,KXHIGHMIA-26JUL16-B96.5,bounded,0.9637472690845438,KXHIGHMIA-26JUL16-B96.5,,,1.0
,,0.0017065393764361535,t_plus_18h,mia,mia:2026-07-16,,KXHIGHMIA-26JUL16,0.036926187743327184,bracket,neuralcaster_v2,,0.00019364972034464765,2026-07-16T23:00:00+00:00,2026-07-16,bounded,1.0,0.9637472690845438,KXHIGHMIA-26JUL16-B96.5,bounded,0.9637472690845438,KXHIGHMIA-26JUL16-B96.5,,,1.0
,,0.0017065393764361535,t_plus_19h,mia,mia:2026-07-16,,KXHIGHMIA-26JUL16,0.036926187743327184,bracket,neuralcaster_v2,,0.00019364972034464765,2026-07-17T00:00:00+00:00,2026-07-16,bounded,1.0,0.9637472690845438,KXHIGHMIA-26JUL16-B96.5,bounded,0.9637472690845438,KXHIGHMIA-26JUL16-B96.5,,,1.0
,,0.0017065393764361535,t_plus_20h,mia,mia:2026-07-16,,KXHIGHMIA-26JUL16,0.036926187743327184,bracket,neuralcaster_v2,,0.00019364972034464765,2026-07-17T01:00:00+00:00,2026-07-16,bounded,1.0,0.9637472690845438,KXHIGHMIA-26JUL16-B96.5,bounded,0.9637472690845438,KXHIGHMIA-26JUL16-B96.5,,,1.0
,,0.0017065393764361535,t_plus_21h,mia,mia:2026-07-16,,KXHIGHMIA-26JUL16,0.036926187743327184,bracket,neuralcaster_v2,,0.00019364972034464765,2026-07-17T02:00:00+00:00,2026-07-16,bounded,1.0,0.9637472690845438,KXHIGHMIA-26JUL16-B96.5,bounded,0.9637472690845438,KXHIGHMIA-26JUL16-B96.5,,,1.0
,,0.0017065393764361535,t_plus_22h,mia,mia:2026-07-16,,KXHIGHMIA-26JUL16,0.036926187743327184,bracket,neuralcaster_v2,,0.00019364972034464765,2026-07-17T03:00:00+00:00,2026-07-16,bounded,1.0,0.9637472690845438,KXHIGHMIA-26JUL16-B96.5,bounded,0.9637472690845438,KXHIGHMIA-26JUL16-B96.5,,,1.0
,,0.0017065393764361535,t_plus_23h,mia,mia:2026-07-16,,KXHIGHMIA-26JUL16,0.036926187743327184,bracket,neuralcaster_v2,,0.00019364972034464765,2026-07-17T04:00:00+00:00,2026-07-16,bounded,1.0,0.9637472690845438,KXHIGHMIA-26JUL16-B96.5,bounded,0.9637472690845438,KXHIGHMIA-26JUL16-B96.5,,,1.0
,,0.8011479488749914,t_plus_0h,nyc,nyc:2026-07-16,,KXHIGHNY-26JUL16,1.4975268741775882,bracket,neuralcaster_v2,,0.17468216286094912,2026-07-16T05:00:00+00:00,2026-07-16,bounded,0.0,0.3027030802421933,KXHIGHNY-26JUL16-B91.5,lower_tail,0.22368267204335598,KXHIGHNY-26JUL16-T89,,,0.0
,,0.7993369910757886,t_plus_1h,nyc,nyc:2026-07-16,,KXHIGHNY-26JUL16,1.4705844631687606,bracket,neuralcaster_v2,,0.16720284446735906,2026-07-16T06:00:00+00:00,2026-07-16,bounded,0.0,0.3177203037887105,KXHIGHNY-26JUL16-B91.5,lower_tail,0.2297911414723736,KXHIGHNY-26JUL16-T89,,,0.0
,,0.7996120201997461,t_plus_2h,nyc,nyc:2026-07-16,,KXHIGHNY-26JUL16,1.4700165261904388,bracket,neuralcaster_v2,,0.16730013759589926,2026-07-16T07:00:00+00:00,2026-07-16,bounded,0.0,0.3200138691419784,KXHIGHNY-26JUL16-B91.5,lower_tail,0.2299216854257668,KXHIGHNY-26JUL16-T89,,,0.0
,,0.8091811224096043,t_plus_3h,nyc,nyc:2026-07-16,,KXHIGHNY-26JUL16,1.4837655078926402,bracket,neuralcaster_v2,,0.16790013431475143,2026-07-16T08:00:00+00:00,2026-07-16,bounded,0.0,0.3260725203768956,KXHIGHNY-26JUL16-B91.5,lower_tail,0.22678212869084774,KXHIGHNY-26JUL16-T89,,,0.0
,,0.792072478241996,t_plus_4h,nyc,nyc:2026-07-16,,KXHIGHNY-26JUL16,1.450711770915183,bracket,neuralcaster_v2,,0.16853627945761324,2026-07-16T09:00:00+00:00,2026-07-16,bounded,0.0,0.33630967302052617,KXHIGHNY-26JUL16-B91.5,lower_tail,0.23440338718981718,KXHIGHNY-26JUL16-T89,,,0.0
,,0.7930034298541032,t_plus_5h,nyc,nyc:2026-07-16,,KXHIGHNY-26JUL16,1.4269382638877397,bracket,neuralcaster_v2,,0.15416868060731292,2026-07-16T10:00:00+00:00,2026-07-16,bounded,0.0,0.33723824397160757,KXHIGHNY-26JUL16-B89.5,lower_tail,0.24004274582680407,KXHIGHNY-26JUL16-T89,,,1.0
,,0.8476326626532255,t_plus_6h,nyc,nyc:2026-07-16,,KXHIGHNY-26JUL16,1.5442472714151785,bracket,neuralcaster_v2,,0.1707897034175236,2026-07-16T11:00:00+00:00,2026-07-16,bounded,0.0,0.34596791539605104,KXHIGHNY-26JUL16-B91.5,lower_tail,0.2134724976123196,KXHIGHNY-26JUL16-T89,,,0.0
,,0.7597046340057662,t_plus_7h,nyc,nyc:2026-07-16,,KXHIGHNY-26JUL16,1.3264204460340585,bracket,neuralcaster_v2,,0.13771952609005728,2026-07-16T12:00:00+00:00,2026-07-16,bounded,0.0,0.35740467582738333,KXHIGHNY-26JUL16-B89.5,lower_tail,0.2654256683538491,KXHIGHNY-26JUL16-T89,,,1.0
,,0.38561885081530944,t_plus_8h,nyc,nyc:2026-07-16,,KXHIGHNY-26JUL16,0.7361117929521372,bracket,neuralcaster_v2,,0.06813797415034356,2026-07-16T13:00:00+00:00,2026-07-16,lower_tail,1.0,0.47897264442970616,KXHIGHNY-26JUL16-T89,lower_tail,0.47897264442970616,KXHIGHNY-26JUL16-T89,,,1.0
,,0.32487027503296756,t_plus_9h,nyc,nyc:2026-07-16,,KXHIGHNY-26JUL16,0.647232568587238,bracket,neuralcaster_v2,,0.055406194331806026,2026-07-16T14:00:00+00:00,2026-07-16,lower_tail,1.0,0.5234925035778092,KXHIGHNY-26JUL16-T89,lower_tail,0.5234925035778092,KXHIGHNY-26JUL16-T89,,,1.0
,,0.33012195347912177,t_plus_10h,nyc,nyc:2026-07-16,,KXHIGHNY-26JUL16,0.6607923883772185,bracket,neuralcaster_v2,,0.057740387709417876,2026-07-16T15:00:00+00:00,2026-07-16,lower_tail,1.0,0.5164419497187864,KXHIGHNY-26JUL16-T89,lower_tail,0.5164419497187864,KXHIGHNY-26JUL16-T89,,,1.0
,,0.17087979076186738,t_plus_11h,nyc,nyc:2026-07-16,,KXHIGHNY-26JUL16,0.4050517954319959,bracket,neuralcaster_v2,,0.024378934065618748,2026-07-16T16:00:00+00:00,2026-07-16,lower_tail,1.0,0.6669422654010809,KXHIGHNY-26JUL16-T89,lower_tail,0.6669422654010809,KXHIGHNY-26JUL16-T89,,,1.0
,,0.018202631809134697,t_plus_12h,nyc,nyc:2026-07-16,,KXHIGHNY-26JUL16,0.1196132825244227,bracket,neuralcaster_v2,,0.003040801182449211,2026-07-16T17:00:00+00:00,2026-07-16,lower_tail,1.0,0.8872634906776882,KXHIGHNY-26JUL16-T89,lower_tail,0.8872634906776882,KXHIGHNY-26JUL16-T89,,,1.0
,,0.0027057268738180395,t_plus_13h,nyc,nyc:2026-07-16,,KXHIGHNY-26JUL16,0.045411473618630564,bracket,neuralcaster_v2,,0.0005297304985830348,2026-07-16T18:00:00+00:00,2026-07-16,lower_tail,1.0,0.9556041950089736,KXHIGHNY-26JUL16-T89,lower_tail,0.9556041950089736,KXHIGHNY-26JUL16-T89,,,1.0
,,0.003982249982033265,t_plus_14h,nyc,nyc:2026-07-16,,KXHIGHNY-26JUL16,0.05401502131498349,bracket,neuralcaster_v2,,0.0006885089737437408,2026-07-16T19:00:00+00:00,2026-07-16,lower_tail,1.0,0.9474178749325898,KXHIGHNY-26JUL16-T89,lower_tail,0.9474178749325898,KXHIGHNY-26JUL16-T89,,,1.0
,,0.00402486260203398,t_plus_15h,nyc,nyc:2026-07-16,,KXHIGHNY-26JUL16,0.05420986247888283,bracket,neuralcaster_v2,,0.0006897810811059531,2026-07-16T20:00:00+00:00,2026-07-16,lower_tail,1.0,0.9472332969134208,KXHIGHNY-26JUL16-T89,lower_tail,0.9472332969134208,KXHIGHNY-26JUL16-T89,,,1.0
,,0.0020467077242246764,t_plus_16h,nyc,nyc:2026-07-16,,KXHIGHNY-26JUL16,0.040044724835538816,bracket,neuralcaster_v2,,0.00044108402994572977,2026-07-16T21:00:00+00:00,2026-07-16,lower_tail,1.0,0.9607464689635942,KXHIGHNY-26JUL16-T89,lower_tail,0.9607464689635942,KXHIGHNY-26JUL16-T89,,,1.0
,,0.0010860824386037292,t_plus_17h,nyc,nyc:2026-07-16,,KXHIGHNY-26JUL16,0.03014211863561067,bracket,neuralcaster_v2,,0.00031186042560594015,2026-07-16T22:00:00+00:00,2026-07-16,lower_tail,1.0,0.9703076249532686,KXHIGHNY-26JUL16-T89,lower_tail,0.9703076249532686,KXHIGHNY-26JUL16-T89,,,1.0
,,0.0018072121834336115,t_plus_18h,nyc,nyc:2026-07-16,,KXHIGHNY-26JUL16,0.03783680864957714,bracket,neuralcaster_v2,,0.0004061012552016437,2026-07-16T23:00:00+00:00,2026-07-16,lower_tail,1.0,0.9628700601359953,KXHIGHNY-26JUL16-T89,lower_tail,0.9628700601359953,KXHIGHNY-26JUL16-T89,,,1.0
,,0.0006920299831351042,t_plus_19h,nyc,nyc:2026-07-16,,KXHIGHNY-26JUL16,0.02430420340948375,bracket,neuralcaster_v2,,0.0002482239667732286,2026-07-17T00:00:00+00:00,2026-07-16,lower_tail,1.0,0.9759887654843908,KXHIGHNY-26JUL16-T89,lower_tail,0.9759887654843908,KXHIGHNY-26JUL16-T89,,,1.0
,,0.0006897058225751879,t_plus_20h,nyc,nyc:2026-07-16,,KXHIGHNY-26JUL16,0.02426336628659261,bracket,neuralcaster_v2,,0.0002478414744690919,2026-07-17T01:00:00+00:00,2026-07-16,lower_tail,1.0,0.9760286228713723,KXHIGHNY-26JUL16-T89,lower_tail,0.9760286228713723,KXHIGHNY-26JUL16-T89,,,1.0
,,0.0007029830821032308,t_plus_21h,nyc,nyc:2026-07-16,,KXHIGHNY-26JUL16,0.024495197217644902,bracket,neuralcaster_v2,,0.0002500210967247937,2026-07-17T02:00:00+00:00,2026-07-16,lower_tail,1.0,0.9758023754735841,KXHIGHNY-26JUL16-T89,lower_tail,0.9758023754735841,KXHIGHNY-26JUL16-T89,,,1.0
,,0.0007255979118538454,t_plus_22h,nyc,nyc:2026-07-16,,KXHIGHNY-26JUL16,0.024882226636068164,bracket,neuralcaster_v2,,0.0002537043353058953,2026-07-17T03:00:00+00:00,2026-07-16,lower_tail,1.0,0.9754247843218637,KXHIGHNY-26JUL16-T89,lower_tail,0.9754247843218637,KXHIGHNY-26JUL16-T89,,,1.0
,,0.0007325763196992638,t_plus_23h,nyc,nyc:2026-07-16,,KXHIGHNY-26JUL16,0.024999753227469102,bracket,neuralcaster_v2,,0.00025483380204039795,2026-07-17T04:00:00+00:00,2026-07-16,lower_tail,1.0,0.9753101527080578,KXHIGHNY-26JUL16-T89,lower_tail,0.9753101527080578,KXHIGHNY-26JUL16-T89,,,1.0
,,0.2467693131825963,t_plus_0h,okc,okc:2026-07-16,,KXHIGHTOKC-26JUL16,0.5419749837844348,bracket,neuralcaster_v2,,0.04277568261869249,2026-07-16T06:00:00+00:00,2026-07-16,lower_tail,1.0,0.5815984697998462,KXHIGHTOKC-26JUL16-T88,lower_tail,0.5815984697998462,KXHIGHTOKC-26JUL16-T88,,,1.0
,,0.21573422083573218,t_plus_1h,okc,okc:2026-07-16,,KXHIGHTOKC-26JUL16,0.4978026093474896,bracket,neuralcaster_v2,,0.03780336848520306,2026-07-16T07:00:00+00:00,2026-07-16,lower_tail,1.0,0.6078649099123337,KXHIGHTOKC-26JUL16-T88,lower_tail,0.6078649099123337,KXHIGHTOKC-26JUL16-T88,,,1.0
,,0.20537296346209688,t_plus_2h,okc,okc:2026-07-16,,KXHIGHTOKC-26JUL16,0.4853505554921923,bracket,neuralcaster_v2,,0.036970449883232136,2026-07-16T08:00:00+00:00,2026-07-16,lower_tail,1.0,0.6154813985572652,KXHIGHTOKC-26JUL16-T88,lower_tail,0.6154813985572652,KXHIGHTOKC-26JUL16-T88,,,1.0
,,0.23182436603948695,t_plus_3h,okc,okc:2026-07-16,,KXHIGHTOKC-26JUL16,0.5190821454747824,bracket,neuralcaster_v2,,0.039783571824608975,2026-07-16T09:00:00+00:00,2026-07-16,lower_tail,1.0,0.595066481851098,KXHIGHTOKC-26JUL16-T88,lower_tail,0.595066481851098,KXHIGHTOKC-26JUL16-T88,,,1.0
,,0.23674401348868482,t_plus_4h,okc,okc:2026-07-16,,KXHIGHTOKC-26JUL16,0.5245784863462837,bracket,neuralcaster_v2,,0.04010765800729654,2026-07-16T10:00:00+00:00,2026-07-16,lower_tail,1.0,0.5918047655891424,KXHIGHTOKC-26JUL16-T88,lower_tail,0.5918047655891424,KXHIGHTOKC-26JUL16-T88,,,1.0
,,0.2385561075801238,t_plus_5h,okc,okc:2026-07-16,,KXHIGHTOKC-26JUL16,0.518381707502722,bracket,neuralcaster_v2,,0.03802447632654869,2026-07-16T11:00:00+00:00,2026-07-16,lower_tail,1.0,0.5954834350187557,KXHIGHTOKC-26JUL16-T88,lower_tail,0.5954834350187557,KXHIGHTOKC-26JUL16-T88,,,1.0
,,0.21029990835293186,t_plus_6h,okc,okc:2026-07-16,,KXHIGHTOKC-26JUL16,0.4690196416279814,bracket,neuralcaster_v2,,0.031597980894677274,2026-07-16T12:00:00+00:00,2026-07-16,lower_tail,1.0,0.6256152949327483,KXHIGHTOKC-26JUL16-T88,lower_tail,0.6256152949327483,KXHIGHTOKC-26JUL16-T88,,,1.0
,,0.18286066073921475,t_plus_7h,okc,okc:2026-07-16,,KXHIGHTOKC-26JUL16,0.41271976813494377,bracket,neuralcaster_v2,,0.02441032320618972,2026-07-16T13:00:00+00:00,2026-07-16,lower_tail,1.0,0.6618477276659654,KXHIGHTOKC-26JUL16-T88,lower_tail,0.6618477276659654,KXHIGHTOKC-26JUL16-T88,,,1.0
,,0.12375930299154464,t_plus_8h,okc,okc:2026-07-16,,KXHIGHTOKC-26JUL16,0.32859981561506235,bracket,neuralcaster_v2,,0.016928347925978273,2026-07-16T14:00:00+00:00,2026-07-16,lower_tail,1.0,0.7199310642773247,KXHIGHTOKC-26JUL16-T88,lower_tail,0.7199310642773247,KXHIGHTOKC-26JUL16-T88,,,1.0
,,0.13056273333320514,t_plus_9h,okc,okc:2026-07-16,,KXHIGHTOKC-26JUL16,0.33071909563708235,bracket,neuralcaster_v2,,0.016643931723641585,2026-07-16T15:00:00+00:00,2026-07-16,lower_tail,1.0,0.7184069443444786,KXHIGHTOKC-26JUL16-T88,lower_tail,0.7184069443444786,KXHIGHTOKC-26JUL16-T88,,,1.0
,,0.15334086682043363,t_plus_10h,okc,okc:2026-07-16,,KXHIGHTOKC-26JUL16,0.3606181123655126,bracket,neuralcaster_v2,,0.019080388898327423,2026-07-16T16:00:00+00:00,2026-07-16,lower_tail,1.0,0.697245216957424,KXHIGHTOKC-26JUL16-T88,lower_tail,0.697245216957424,KXHIGHTOKC-26JUL16-T88,,,1.0
,,0.16107981548335962,t_plus_11h,okc,okc:2026-07-16,,KXHIGHTOKC-26JUL16,0.37074239502924694,bracket,neuralcaster_v2,,0.019943594612824606,2026-07-16T17:00:00+00:00,2026-07-16,lower_tail,1.0,0.6902217232059075,KXHIGHTOKC-26JUL16-T88,lower_tail,0.6902217232059075,KXHIGHTOKC-26JUL16-T88,,,1.0
,,0.03738206027062637,t_plus_12h,okc,okc:2026-07-16,,KXHIGHTOKC-26JUL16,0.1628216800240105,bracket,neuralcaster_v2,,0.004762328686135218,2026-07-16T18:00:00+00:00,2026-07-16,lower_tail,1.0,0.8497427010033684,KXHIGHTOKC-26JUL16-T88,lower_tail,0.8497427010033684,KXHIGHTOKC-26JUL16-T88,,,1.0
,,0.039704983847743264,t_plus_13h,okc,okc:2026-07-16,,KXHIGHTOKC-26JUL16,0.16904979843808676,bracket,neuralcaster_v2,,0.005112594140557297,2026-07-16T19:00:00+00:00,2026-07-16,lower_tail,1.0,0.8444668492088202,KXHIGHTOKC-26JUL16-T88,lower_tail,0.8444668492088202,KXHIGHTOKC-26JUL16-T88,,,1.0
,,0.03888238915753147,t_plus_14h,okc,okc:2026-07-16,,KXHIGHTOKC-26JUL16,0.167219097495269,bracket,neuralcaster_v2,,0.005014164852603897,2026-07-16T20:00:00+00:00,2026-07-16,lower_tail,1.0,0.8460142314307249,KXHIGHTOKC-26JUL16-T88,lower_tail,0.8460142314307249,KXHIGHTOKC-26JUL16-T88,,,1.0
,,0.020752463947127806,t_plus_15h,okc,okc:2026-07-16,,KXHIGHTOKC-26JUL16,0.1194503351251109,bracket,neuralcaster_v2,,0.0027093969046176427,2026-07-16T21:00:00+00:00,2026-07-16,lower_tail,1.0,0.887408079735884,KXHIGHTOKC-26JUL16-T88,lower_tail,0.887408079735884,KXHIGHTOKC-26JUL16-T88,,,1.0
,,0.0021998740405052624,t_plus_16h,okc,okc:2026-07-16,,KXHIGHTOKC-26JUL16,0.041353685036156856,bracket,neuralcaster_v2,,0.0004611327644039616,2026-07-16T22:00:00+00:00,2026-07-16,lower_tail,1.0,0.9594897127741948,KXHIGHTOKC-26JUL16-T88,lower_tail,0.9594897127741948,KXHIGHTOKC-26JUL16-T88,,,1.0
,,0.0009015754425520207,t_plus_17h,okc,okc:2026-07-16,,KXHIGHTOKC-26JUL16,0.027620232875277012,bracket,neuralcaster_v2,,0.0002813444751888163,2026-07-16T23:00:00+00:00,2026-07-16,lower_tail,1.0,0.9727577180647157,KXHIGHTOKC-26JUL16-T88,lower_tail,0.9727577180647157,KXHIGHTOKC-26JUL16-T88,,,1.0
,,0.0008951252000121332,t_plus_18h,okc,okc:2026-07-16,,KXHIGHTOKC-26JUL16,0.027527021043222584,bracket,neuralcaster_v2,,0.00028035802295314023,2026-07-17T00:00:00+00:00,2026-07-16,lower_tail,1.0,0.9728483948197691,KXHIGHTOKC-26JUL16-T88,lower_tail,0.9728483948197691,KXHIGHTOKC-26JUL16-T88,,,1.0
,,0.0008951252000121332,t_plus_19h,okc,okc:2026-07-16,,KXHIGHTOKC-26JUL16,0.027527021043222584,bracket,neuralcaster_v2,,0.00028035802295314023,2026-07-17T01:00:00+00:00,2026-07-16,lower_tail,1.0,0.9728483948197691,KXHIGHTOKC-26JUL16-T88,lower_tail,0.9728483948197691,KXHIGHTOKC-26JUL16-T88,,,1.0
,,0.0008951252000121332,t_plus_20h,okc,okc:2026-07-16,,KXHIGHTOKC-26JUL16,0.027527021043222584,bracket,neuralcaster_v2,,0.00028035802295314023,2026-07-17T02:00:00+00:00,2026-07-16,lower_tail,1.0,0.9728483948197691,KXHIGHTOKC-26JUL16-T88,lower_tail,0.9728483948197691,KXHIGHTOKC-26JUL16-T88,,,1.0
,,0.0008951252000121332,t_plus_21h,okc,okc:2026-07-16,,KXHIGHTOKC-26JUL16,0.027527021043222584,bracket,neuralcaster_v2,,0.00028035802295314023,2026-07-17T03:00:00+00:00,2026-07-16,lower_tail,1.0,0.9728483948197691,KXHIGHTOKC-26JUL16-T88,lower_tail,0.9728483948197691,KXHIGHTOKC-26JUL16-T88,,,1.0
,,0.0008951252000121332,t_plus_22h,okc,okc:2026-07-16,,KXHIGHTOKC-26JUL16,0.027527021043222584,bracket,neuralcaster_v2,,0.00028035802295314023,2026-07-17T04:00:00+00:00,2026-07-16,lower_tail,1.0,0.9728483948197691,KXHIGHTOKC-26JUL16-T88,lower_tail,0.9728483948197691,KXHIGHTOKC-26JUL16-T88,,,1.0
,,0.0008951252000121332,t_plus_23h,okc,okc:2026-07-16,,KXHIGHTOKC-26JUL16,0.027527021043222584,bracket,neuralcaster_v2,,0.00028035802295314023,2026-07-17T05:00:00+00:00,2026-07-16,lower_tail,1.0,0.9728483948197691,KXHIGHTOKC-26JUL16-T88,lower_tail,0.9728483948197691,KXHIGHTOKC-26JUL16-T88,,,1.0
