absolute_error_f,actual_high_f,brier,checkpoint,city,city_day,error_f,event_ticker,log_loss,metric_type,model_name,predicted_high_f,rps,snapshot_hour_utc,target_date,top_bracket_type,top_one_accuracy,top_probability,top_ticker,winner_bracket_type,winner_probability,winner_ticker,within_1f,within_2f,within_one_bracket
1.0788040161132812,80.0,,t_plus_0h,aus,aus:2026-07-15,1.0788040161132812,KXHIGHAUS-26JUL15,,temperature,neuralcaster_v2,81.07880401611328,,2026-07-15T06:00:00+00:00,2026-07-15,,,,,,,,0.0,1.0,
0.9204940795898438,80.0,,t_plus_1h,aus,aus:2026-07-15,0.9204940795898438,KXHIGHAUS-26JUL15,,temperature,neuralcaster_v2,80.92049407958984,,2026-07-15T07:00:00+00:00,2026-07-15,,,,,,,,1.0,1.0,
0.8516311645507812,80.0,,t_plus_2h,aus,aus:2026-07-15,0.8516311645507812,KXHIGHAUS-26JUL15,,temperature,neuralcaster_v2,80.85163116455078,,2026-07-15T08:00:00+00:00,2026-07-15,,,,,,,,1.0,1.0,
0.7661514282226562,80.0,,t_plus_3h,aus,aus:2026-07-15,0.7661514282226562,KXHIGHAUS-26JUL15,,temperature,neuralcaster_v2,80.76615142822266,,2026-07-15T09:00:00+00:00,2026-07-15,,,,,,,,1.0,1.0,
0.70587158203125,80.0,,t_plus_4h,aus,aus:2026-07-15,0.70587158203125,KXHIGHAUS-26JUL15,,temperature,neuralcaster_v2,80.70587158203125,,2026-07-15T10:00:00+00:00,2026-07-15,,,,,,,,1.0,1.0,
0.6818084716796875,80.0,,t_plus_5h,aus,aus:2026-07-15,0.6818084716796875,KXHIGHAUS-26JUL15,,temperature,neuralcaster_v2,80.68180847167969,,2026-07-15T11:00:00+00:00,2026-07-15,,,,,,,,1.0,1.0,
0.5723648071289062,80.0,,t_plus_6h,aus,aus:2026-07-15,0.5723648071289062,KXHIGHAUS-26JUL15,,temperature,neuralcaster_v2,80.5723648071289,,2026-07-15T12:00:00+00:00,2026-07-15,,,,,,,,1.0,1.0,
0.6983108520507812,80.0,,t_plus_7h,aus,aus:2026-07-15,0.6983108520507812,KXHIGHAUS-26JUL15,,temperature,neuralcaster_v2,80.69831085205078,,2026-07-15T13:00:00+00:00,2026-07-15,,,,,,,,1.0,1.0,
0.7971420288085938,80.0,,t_plus_8h,aus,aus:2026-07-15,0.7971420288085938,KXHIGHAUS-26JUL15,,temperature,neuralcaster_v2,80.7971420288086,,2026-07-15T14:00:00+00:00,2026-07-15,,,,,,,,1.0,1.0,
0.29486846923828125,80.0,,t_plus_9h,aus,aus:2026-07-15,0.29486846923828125,KXHIGHAUS-26JUL15,,temperature,neuralcaster_v2,80.29486846923828,,2026-07-15T15:00:00+00:00,2026-07-15,,,,,,,,1.0,1.0,
0.5603103637695312,80.0,,t_plus_10h,aus,aus:2026-07-15,0.5603103637695312,KXHIGHAUS-26JUL15,,temperature,neuralcaster_v2,80.56031036376953,,2026-07-15T16:00:00+00:00,2026-07-15,,,,,,,,1.0,1.0,
0.4289093017578125,80.0,,t_plus_11h,aus,aus:2026-07-15,0.4289093017578125,KXHIGHAUS-26JUL15,,temperature,neuralcaster_v2,80.42890930175781,,2026-07-15T17:00:00+00:00,2026-07-15,,,,,,,,1.0,1.0,
0.5262985229492188,80.0,,t_plus_12h,aus,aus:2026-07-15,0.5262985229492188,KXHIGHAUS-26JUL15,,temperature,neuralcaster_v2,80.52629852294922,,2026-07-15T18:00:00+00:00,2026-07-15,,,,,,,,1.0,1.0,
0.6201858520507812,80.0,,t_plus_13h,aus,aus:2026-07-15,0.6201858520507812,KXHIGHAUS-26JUL15,,temperature,neuralcaster_v2,80.62018585205078,,2026-07-15T19:00:00+00:00,2026-07-15,,,,,,,,1.0,1.0,
0.07550811767578125,80.0,,t_plus_14h,aus,aus:2026-07-15,0.07550811767578125,KXHIGHAUS-26JUL15,,temperature,neuralcaster_v2,80.07550811767578,,2026-07-15T20:00:00+00:00,2026-07-15,,,,,,,,1.0,1.0,
0.36663818359375,80.0,,t_plus_15h,aus,aus:2026-07-15,-0.36663818359375,KXHIGHAUS-26JUL15,,temperature,neuralcaster_v2,79.63336181640625,,2026-07-15T21:00:00+00:00,2026-07-15,,,,,,,,1.0,1.0,
0.34934234619140625,80.0,,t_plus_16h,aus,aus:2026-07-15,-0.34934234619140625,KXHIGHAUS-26JUL15,,temperature,neuralcaster_v2,79.6506576538086,,2026-07-15T22:00:00+00:00,2026-07-15,,,,,,,,1.0,1.0,
0.47853851318359375,80.0,,t_plus_17h,aus,aus:2026-07-15,-0.47853851318359375,KXHIGHAUS-26JUL15,,temperature,neuralcaster_v2,79.5214614868164,,2026-07-15T23:00:00+00:00,2026-07-15,,,,,,,,1.0,1.0,
0.5999999999999943,80.0,,t_plus_18h,aus,aus:2026-07-15,0.5999999999999943,KXHIGHAUS-26JUL15,,temperature,neuralcaster_v2,80.6,,2026-07-16T00:00:00+00:00,2026-07-15,,,,,,,,1.0,1.0,
0.5999999999999943,80.0,,t_plus_19h,aus,aus:2026-07-15,0.5999999999999943,KXHIGHAUS-26JUL15,,temperature,neuralcaster_v2,80.6,,2026-07-16T01:00:00+00:00,2026-07-15,,,,,,,,1.0,1.0,
0.5999999999999943,80.0,,t_plus_20h,aus,aus:2026-07-15,0.5999999999999943,KXHIGHAUS-26JUL15,,temperature,neuralcaster_v2,80.6,,2026-07-16T02:00:00+00:00,2026-07-15,,,,,,,,1.0,1.0,
0.5999999999999943,80.0,,t_plus_21h,aus,aus:2026-07-15,0.5999999999999943,KXHIGHAUS-26JUL15,,temperature,neuralcaster_v2,80.6,,2026-07-16T03:00:00+00:00,2026-07-15,,,,,,,,1.0,1.0,
0.5999999999999943,80.0,,t_plus_22h,aus,aus:2026-07-15,0.5999999999999943,KXHIGHAUS-26JUL15,,temperature,neuralcaster_v2,80.6,,2026-07-16T04:00:00+00:00,2026-07-15,,,,,,,,1.0,1.0,
0.5999999999999943,80.0,,t_plus_23h,aus,aus:2026-07-15,0.5999999999999943,KXHIGHAUS-26JUL15,,temperature,neuralcaster_v2,80.6,,2026-07-16T05:00:00+00:00,2026-07-15,,,,,,,,1.0,1.0,
1.153594970703125,94.0,,t_plus_0h,den,den:2026-07-15,-1.153594970703125,KXHIGHDEN-26JUL15,,temperature,neuralcaster_v2,92.84640502929688,,2026-07-15T07:00:00+00:00,2026-07-15,,,,,,,,0.0,1.0,
1.1591339111328125,94.0,,t_plus_1h,den,den:2026-07-15,-1.1591339111328125,KXHIGHDEN-26JUL15,,temperature,neuralcaster_v2,92.84086608886719,,2026-07-15T08:00:00+00:00,2026-07-15,,,,,,,,0.0,1.0,
1.1032638549804688,94.0,,t_plus_2h,den,den:2026-07-15,-1.1032638549804688,KXHIGHDEN-26JUL15,,temperature,neuralcaster_v2,92.89673614501953,,2026-07-15T09:00:00+00:00,2026-07-15,,,,,,,,0.0,1.0,
1.1926422119140625,94.0,,t_plus_3h,den,den:2026-07-15,-1.1926422119140625,KXHIGHDEN-26JUL15,,temperature,neuralcaster_v2,92.80735778808594,,2026-07-15T10:00:00+00:00,2026-07-15,,,,,,,,0.0,1.0,
1.1739273071289062,94.0,,t_plus_4h,den,den:2026-07-15,-1.1739273071289062,KXHIGHDEN-26JUL15,,temperature,neuralcaster_v2,92.8260726928711,,2026-07-15T11:00:00+00:00,2026-07-15,,,,,,,,0.0,1.0,
1.069366455078125,94.0,,t_plus_5h,den,den:2026-07-15,-1.069366455078125,KXHIGHDEN-26JUL15,,temperature,neuralcaster_v2,92.93063354492188,,2026-07-15T12:00:00+00:00,2026-07-15,,,,,,,,0.0,1.0,
0.991363525390625,94.0,,t_plus_6h,den,den:2026-07-15,-0.991363525390625,KXHIGHDEN-26JUL15,,temperature,neuralcaster_v2,93.00863647460938,,2026-07-15T13:00:00+00:00,2026-07-15,,,,,,,,1.0,1.0,
1.0193710327148438,94.0,,t_plus_7h,den,den:2026-07-15,-1.0193710327148438,KXHIGHDEN-26JUL15,,temperature,neuralcaster_v2,92.98062896728516,,2026-07-15T14:00:00+00:00,2026-07-15,,,,,,,,0.0,1.0,
1.1689376831054688,94.0,,t_plus_8h,den,den:2026-07-15,-1.1689376831054688,KXHIGHDEN-26JUL15,,temperature,neuralcaster_v2,92.83106231689453,,2026-07-15T15:00:00+00:00,2026-07-15,,,,,,,,0.0,1.0,
1.2773666381835938,94.0,,t_plus_9h,den,den:2026-07-15,-1.2773666381835938,KXHIGHDEN-26JUL15,,temperature,neuralcaster_v2,92.7226333618164,,2026-07-15T16:00:00+00:00,2026-07-15,,,,,,,,0.0,1.0,
1.2591323852539062,94.0,,t_plus_10h,den,den:2026-07-15,-1.2591323852539062,KXHIGHDEN-26JUL15,,temperature,neuralcaster_v2,92.7408676147461,,2026-07-15T17:00:00+00:00,2026-07-15,,,,,,,,0.0,1.0,
1.3382186889648438,94.0,,t_plus_11h,den,den:2026-07-15,-1.3382186889648438,KXHIGHDEN-26JUL15,,temperature,neuralcaster_v2,92.66178131103516,,2026-07-15T18:00:00+00:00,2026-07-15,,,,,,,,0.0,1.0,
1.1246185302734375,94.0,,t_plus_12h,den,den:2026-07-15,-1.1246185302734375,KXHIGHDEN-26JUL15,,temperature,neuralcaster_v2,92.87538146972656,,2026-07-15T19:00:00+00:00,2026-07-15,,,,,,,,0.0,1.0,
1.5252838134765625,94.0,,t_plus_13h,den,den:2026-07-15,-1.5252838134765625,KXHIGHDEN-26JUL15,,temperature,neuralcaster_v2,92.47471618652344,,2026-07-15T20:00:00+00:00,2026-07-15,,,,,,,,0.0,1.0,
1.1709213256835938,94.0,,t_plus_14h,den,den:2026-07-15,-1.1709213256835938,KXHIGHDEN-26JUL15,,temperature,neuralcaster_v2,92.8290786743164,,2026-07-15T21:00:00+00:00,2026-07-15,,,,,,,,0.0,1.0,
1.0666351318359375,94.0,,t_plus_15h,den,den:2026-07-15,-1.0666351318359375,KXHIGHDEN-26JUL15,,temperature,neuralcaster_v2,92.93336486816406,,2026-07-15T22:00:00+00:00,2026-07-15,,,,,,,,0.0,1.0,
1.103240966796875,94.0,,t_plus_16h,den,den:2026-07-15,-1.103240966796875,KXHIGHDEN-26JUL15,,temperature,neuralcaster_v2,92.89675903320312,,2026-07-15T23:00:00+00:00,2026-07-15,,,,,,,,0.0,1.0,
0.9796371459960938,94.0,,t_plus_17h,den,den:2026-07-15,-0.9796371459960938,KXHIGHDEN-26JUL15,,temperature,neuralcaster_v2,93.0203628540039,,2026-07-16T00:00:00+00:00,2026-07-15,,,,,,,,1.0,1.0,
0.980000000000004,94.0,,t_plus_18h,den,den:2026-07-15,-0.980000000000004,KXHIGHDEN-26JUL15,,temperature,neuralcaster_v2,93.02,,2026-07-16T01:00:00+00:00,2026-07-15,,,,,,,,1.0,1.0,
0.980000000000004,94.0,,t_plus_19h,den,den:2026-07-15,-0.980000000000004,KXHIGHDEN-26JUL15,,temperature,neuralcaster_v2,93.02,,2026-07-16T02:00:00+00:00,2026-07-15,,,,,,,,1.0,1.0,
0.980000000000004,94.0,,t_plus_20h,den,den:2026-07-15,-0.980000000000004,KXHIGHDEN-26JUL15,,temperature,neuralcaster_v2,93.02,,2026-07-16T03:00:00+00:00,2026-07-15,,,,,,,,1.0,1.0,
0.980000000000004,94.0,,t_plus_21h,den,den:2026-07-15,-0.980000000000004,KXHIGHDEN-26JUL15,,temperature,neuralcaster_v2,93.02,,2026-07-16T04:00:00+00:00,2026-07-15,,,,,,,,1.0,1.0,
0.980000000000004,94.0,,t_plus_22h,den,den:2026-07-15,-0.980000000000004,KXHIGHDEN-26JUL15,,temperature,neuralcaster_v2,93.02,,2026-07-16T05:00:00+00:00,2026-07-15,,,,,,,,1.0,1.0,
0.980000000000004,94.0,,t_plus_23h,den,den:2026-07-15,-0.980000000000004,KXHIGHDEN-26JUL15,,temperature,neuralcaster_v2,93.02,,2026-07-16T06:00:00+00:00,2026-07-15,,,,,,,,1.0,1.0,
0.5470809936523438,81.0,,t_plus_0h,la,la:2026-07-15,0.5470809936523438,KXHIGHLAX-26JUL15,,temperature,neuralcaster_v2,81.54708099365234,,2026-07-15T08:00:00+00:00,2026-07-15,,,,,,,,1.0,1.0,
0.4622955322265625,81.0,,t_plus_1h,la,la:2026-07-15,0.4622955322265625,KXHIGHLAX-26JUL15,,temperature,neuralcaster_v2,81.46229553222656,,2026-07-15T09:00:00+00:00,2026-07-15,,,,,,,,1.0,1.0,
0.367950439453125,81.0,,t_plus_2h,la,la:2026-07-15,0.367950439453125,KXHIGHLAX-26JUL15,,temperature,neuralcaster_v2,81.36795043945312,,2026-07-15T10:00:00+00:00,2026-07-15,,,,,,,,1.0,1.0,
0.2459259033203125,81.0,,t_plus_3h,la,la:2026-07-15,0.2459259033203125,KXHIGHLAX-26JUL15,,temperature,neuralcaster_v2,81.24592590332031,,2026-07-15T11:00:00+00:00,2026-07-15,,,,,,,,1.0,1.0,
0.6096038818359375,81.0,,t_plus_4h,la,la:2026-07-15,0.6096038818359375,KXHIGHLAX-26JUL15,,temperature,neuralcaster_v2,81.60960388183594,,2026-07-15T12:00:00+00:00,2026-07-15,,,,,,,,1.0,1.0,
0.7852706909179688,81.0,,t_plus_5h,la,la:2026-07-15,0.7852706909179688,KXHIGHLAX-26JUL15,,temperature,neuralcaster_v2,81.78527069091797,,2026-07-15T13:00:00+00:00,2026-07-15,,,,,,,,1.0,1.0,
1.1814346313476562,81.0,,t_plus_6h,la,la:2026-07-15,1.1814346313476562,KXHIGHLAX-26JUL15,,temperature,neuralcaster_v2,82.18143463134766,,2026-07-15T14:00:00+00:00,2026-07-15,,,,,,,,0.0,1.0,
1.5823898315429688,81.0,,t_plus_7h,la,la:2026-07-15,1.5823898315429688,KXHIGHLAX-26JUL15,,temperature,neuralcaster_v2,82.58238983154297,,2026-07-15T15:00:00+00:00,2026-07-15,,,,,,,,0.0,1.0,
1.3393096923828125,81.0,,t_plus_8h,la,la:2026-07-15,1.3393096923828125,KXHIGHLAX-26JUL15,,temperature,neuralcaster_v2,82.33930969238281,,2026-07-15T16:00:00+00:00,2026-07-15,,,,,,,,0.0,1.0,
0.12066650390625,81.0,,t_plus_9h,la,la:2026-07-15,0.12066650390625,KXHIGHLAX-26JUL15,,temperature,neuralcaster_v2,81.12066650390625,,2026-07-15T17:00:00+00:00,2026-07-15,,,,,,,,1.0,1.0,
0.08515167236328125,81.0,,t_plus_10h,la,la:2026-07-15,0.08515167236328125,KXHIGHLAX-26JUL15,,temperature,neuralcaster_v2,81.08515167236328,,2026-07-15T18:00:00+00:00,2026-07-15,,,,,,,,1.0,1.0,
0.5869293212890625,81.0,,t_plus_11h,la,la:2026-07-15,0.5869293212890625,KXHIGHLAX-26JUL15,,temperature,neuralcaster_v2,81.58692932128906,,2026-07-15T19:00:00+00:00,2026-07-15,,,,,,,,1.0,1.0,
0.19229888916015625,81.0,,t_plus_12h,la,la:2026-07-15,-0.19229888916015625,KXHIGHLAX-26JUL15,,temperature,neuralcaster_v2,80.80770111083984,,2026-07-15T20:00:00+00:00,2026-07-15,,,,,,,,1.0,1.0,
0.4000000000000057,81.0,,t_plus_13h,la,la:2026-07-15,-0.4000000000000057,KXHIGHLAX-26JUL15,,temperature,neuralcaster_v2,80.6,,2026-07-15T21:00:00+00:00,2026-07-15,,,,,,,,1.0,1.0,
0.4000000000000057,81.0,,t_plus_14h,la,la:2026-07-15,-0.4000000000000057,KXHIGHLAX-26JUL15,,temperature,neuralcaster_v2,80.6,,2026-07-15T22:00:00+00:00,2026-07-15,,,,,,,,1.0,1.0,
0.4000000000000057,81.0,,t_plus_15h,la,la:2026-07-15,-0.4000000000000057,KXHIGHLAX-26JUL15,,temperature,neuralcaster_v2,80.6,,2026-07-15T23:00:00+00:00,2026-07-15,,,,,,,,1.0,1.0,
0.4000000000000057,81.0,,t_plus_16h,la,la:2026-07-15,-0.4000000000000057,KXHIGHLAX-26JUL15,,temperature,neuralcaster_v2,80.6,,2026-07-16T00:00:00+00:00,2026-07-15,,,,,,,,1.0,1.0,
0.4000000000000057,81.0,,t_plus_17h,la,la:2026-07-15,-0.4000000000000057,KXHIGHLAX-26JUL15,,temperature,neuralcaster_v2,80.6,,2026-07-16T01:00:00+00:00,2026-07-15,,,,,,,,1.0,1.0,
0.4000000000000057,81.0,,t_plus_18h,la,la:2026-07-15,-0.4000000000000057,KXHIGHLAX-26JUL15,,temperature,neuralcaster_v2,80.6,,2026-07-16T02:00:00+00:00,2026-07-15,,,,,,,,1.0,1.0,
0.4000000000000057,81.0,,t_plus_19h,la,la:2026-07-15,-0.4000000000000057,KXHIGHLAX-26JUL15,,temperature,neuralcaster_v2,80.6,,2026-07-16T03:00:00+00:00,2026-07-15,,,,,,,,1.0,1.0,
0.4000000000000057,81.0,,t_plus_20h,la,la:2026-07-15,-0.4000000000000057,KXHIGHLAX-26JUL15,,temperature,neuralcaster_v2,80.6,,2026-07-16T04:00:00+00:00,2026-07-15,,,,,,,,1.0,1.0,
0.4000000000000057,81.0,,t_plus_21h,la,la:2026-07-15,-0.4000000000000057,KXHIGHLAX-26JUL15,,temperature,neuralcaster_v2,80.6,,2026-07-16T05:00:00+00:00,2026-07-15,,,,,,,,1.0,1.0,
0.4000000000000057,81.0,,t_plus_22h,la,la:2026-07-15,-0.4000000000000057,KXHIGHLAX-26JUL15,,temperature,neuralcaster_v2,80.6,,2026-07-16T06:00:00+00:00,2026-07-15,,,,,,,,1.0,1.0,
0.4000000000000057,81.0,,t_plus_23h,la,la:2026-07-15,-0.4000000000000057,KXHIGHLAX-26JUL15,,temperature,neuralcaster_v2,80.6,,2026-07-16T07:00:00+00:00,2026-07-15,,,,,,,,1.0,1.0,
0.6254959106445312,94.0,,t_plus_0h,mia,mia:2026-07-15,-0.6254959106445312,KXHIGHMIA-26JUL15,,temperature,neuralcaster_v2,93.37450408935547,,2026-07-15T05:00:00+00:00,2026-07-15,,,,,,,,1.0,1.0,
0.45623016357421875,94.0,,t_plus_1h,mia,mia:2026-07-15,-0.45623016357421875,KXHIGHMIA-26JUL15,,temperature,neuralcaster_v2,93.54376983642578,,2026-07-15T06:00:00+00:00,2026-07-15,,,,,,,,1.0,1.0,
0.433807373046875,94.0,,t_plus_2h,mia,mia:2026-07-15,-0.433807373046875,KXHIGHMIA-26JUL15,,temperature,neuralcaster_v2,93.56619262695312,,2026-07-15T07:00:00+00:00,2026-07-15,,,,,,,,1.0,1.0,
0.4018096923828125,94.0,,t_plus_3h,mia,mia:2026-07-15,-0.4018096923828125,KXHIGHMIA-26JUL15,,temperature,neuralcaster_v2,93.59819030761719,,2026-07-15T08:00:00+00:00,2026-07-15,,,,,,,,1.0,1.0,
0.29740142822265625,94.0,,t_plus_4h,mia,mia:2026-07-15,-0.29740142822265625,KXHIGHMIA-26JUL15,,temperature,neuralcaster_v2,93.70259857177734,,2026-07-15T09:00:00+00:00,2026-07-15,,,,,,,,1.0,1.0,
0.30805206298828125,94.0,,t_plus_5h,mia,mia:2026-07-15,-0.30805206298828125,KXHIGHMIA-26JUL15,,temperature,neuralcaster_v2,93.69194793701172,,2026-07-15T10:00:00+00:00,2026-07-15,,,,,,,,1.0,1.0,
0.31595611572265625,94.0,,t_plus_6h,mia,mia:2026-07-15,-0.31595611572265625,KXHIGHMIA-26JUL15,,temperature,neuralcaster_v2,93.68404388427734,,2026-07-15T11:00:00+00:00,2026-07-15,,,,,,,,1.0,1.0,
0.46822357177734375,94.0,,t_plus_7h,mia,mia:2026-07-15,-0.46822357177734375,KXHIGHMIA-26JUL15,,temperature,neuralcaster_v2,93.53177642822266,,2026-07-15T12:00:00+00:00,2026-07-15,,,,,,,,1.0,1.0,
0.559539794921875,94.0,,t_plus_8h,mia,mia:2026-07-15,-0.559539794921875,KXHIGHMIA-26JUL15,,temperature,neuralcaster_v2,93.44046020507812,,2026-07-15T13:00:00+00:00,2026-07-15,,,,,,,,1.0,1.0,
0.5506057739257812,94.0,,t_plus_9h,mia,mia:2026-07-15,-0.5506057739257812,KXHIGHMIA-26JUL15,,temperature,neuralcaster_v2,93.44939422607422,,2026-07-15T14:00:00+00:00,2026-07-15,,,,,,,,1.0,1.0,
0.6116256713867188,94.0,,t_plus_10h,mia,mia:2026-07-15,-0.6116256713867188,KXHIGHMIA-26JUL15,,temperature,neuralcaster_v2,93.38837432861328,,2026-07-15T15:00:00+00:00,2026-07-15,,,,,,,,1.0,1.0,
0.515838623046875,94.0,,t_plus_11h,mia,mia:2026-07-15,-0.515838623046875,KXHIGHMIA-26JUL15,,temperature,neuralcaster_v2,93.48416137695312,,2026-07-15T16:00:00+00:00,2026-07-15,,,,,,,,1.0,1.0,
0.2833099365234375,94.0,,t_plus_12h,mia,mia:2026-07-15,-0.2833099365234375,KXHIGHMIA-26JUL15,,temperature,neuralcaster_v2,93.71669006347656,,2026-07-15T17:00:00+00:00,2026-07-15,,,,,,,,1.0,1.0,
0.347015380859375,94.0,,t_plus_13h,mia,mia:2026-07-15,-0.347015380859375,KXHIGHMIA-26JUL15,,temperature,neuralcaster_v2,93.65298461914062,,2026-07-15T18:00:00+00:00,2026-07-15,,,,,,,,1.0,1.0,
0.5692291259765625,94.0,,t_plus_14h,mia,mia:2026-07-15,-0.5692291259765625,KXHIGHMIA-26JUL15,,temperature,neuralcaster_v2,93.43077087402344,,2026-07-15T19:00:00+00:00,2026-07-15,,,,,,,,1.0,1.0,
0.448883056640625,94.0,,t_plus_15h,mia,mia:2026-07-15,-0.448883056640625,KXHIGHMIA-26JUL15,,temperature,neuralcaster_v2,93.55111694335938,,2026-07-15T20:00:00+00:00,2026-07-15,,,,,,,,1.0,1.0,
0.7999999999999972,94.0,,t_plus_16h,mia,mia:2026-07-15,-0.7999999999999972,KXHIGHMIA-26JUL15,,temperature,neuralcaster_v2,93.2,,2026-07-15T21:00:00+00:00,2026-07-15,,,,,,,,1.0,1.0,
0.2391815185546875,94.0,,t_plus_17h,mia,mia:2026-07-15,-0.2391815185546875,KXHIGHMIA-26JUL15,,temperature,neuralcaster_v2,93.76081848144531,,2026-07-15T22:00:00+00:00,2026-07-15,,,,,,,,1.0,1.0,
0.23714447021484375,94.0,,t_plus_18h,mia,mia:2026-07-15,-0.23714447021484375,KXHIGHMIA-26JUL15,,temperature,neuralcaster_v2,93.76285552978516,,2026-07-15T23:00:00+00:00,2026-07-15,,,,,,,,1.0,1.0,
0.23532867431640625,94.0,,t_plus_19h,mia,mia:2026-07-15,-0.23532867431640625,KXHIGHMIA-26JUL15,,temperature,neuralcaster_v2,93.7646713256836,,2026-07-16T00:00:00+00:00,2026-07-15,,,,,,,,1.0,1.0,
0.2355194091796875,94.0,,t_plus_20h,mia,mia:2026-07-15,-0.2355194091796875,KXHIGHMIA-26JUL15,,temperature,neuralcaster_v2,93.76448059082031,,2026-07-16T01:00:00+00:00,2026-07-15,,,,,,,,1.0,1.0,
0.22975921630859375,94.0,,t_plus_21h,mia,mia:2026-07-15,-0.22975921630859375,KXHIGHMIA-26JUL15,,temperature,neuralcaster_v2,93.7702407836914,,2026-07-16T02:00:00+00:00,2026-07-15,,,,,,,,1.0,1.0,
0.227630615234375,94.0,,t_plus_22h,mia,mia:2026-07-15,-0.227630615234375,KXHIGHMIA-26JUL15,,temperature,neuralcaster_v2,93.77236938476562,,2026-07-16T03:00:00+00:00,2026-07-15,,,,,,,,1.0,1.0,
0.22537994384765625,94.0,,t_plus_23h,mia,mia:2026-07-15,-0.22537994384765625,KXHIGHMIA-26JUL15,,temperature,neuralcaster_v2,93.77462005615234,,2026-07-16T04:00:00+00:00,2026-07-15,,,,,,,,1.0,1.0,
2.067413330078125,95.0,,t_plus_0h,nyc,nyc:2026-07-15,2.067413330078125,KXHIGHNY-26JUL15,,temperature,neuralcaster_v2,97.06741333007812,,2026-07-15T05:00:00+00:00,2026-07-15,,,,,,,,0.0,0.0,
2.1021270751953125,95.0,,t_plus_1h,nyc,nyc:2026-07-15,2.1021270751953125,KXHIGHNY-26JUL15,,temperature,neuralcaster_v2,97.10212707519531,,2026-07-15T06:00:00+00:00,2026-07-15,,,,,,,,0.0,0.0,
2.0273590087890625,95.0,,t_plus_2h,nyc,nyc:2026-07-15,2.0273590087890625,KXHIGHNY-26JUL15,,temperature,neuralcaster_v2,97.02735900878906,,2026-07-15T07:00:00+00:00,2026-07-15,,,,,,,,0.0,0.0,
1.7911453247070312,95.0,,t_plus_3h,nyc,nyc:2026-07-15,1.7911453247070312,KXHIGHNY-26JUL15,,temperature,neuralcaster_v2,96.79114532470703,,2026-07-15T08:00:00+00:00,2026-07-15,,,,,,,,0.0,1.0,
1.7005538940429688,95.0,,t_plus_4h,nyc,nyc:2026-07-15,1.7005538940429688,KXHIGHNY-26JUL15,,temperature,neuralcaster_v2,96.70055389404297,,2026-07-15T09:00:00+00:00,2026-07-15,,,,,,,,0.0,1.0,
1.77618408203125,95.0,,t_plus_5h,nyc,nyc:2026-07-15,1.77618408203125,KXHIGHNY-26JUL15,,temperature,neuralcaster_v2,96.77618408203125,,2026-07-15T10:00:00+00:00,2026-07-15,,,,,,,,0.0,1.0,
1.7411422729492188,95.0,,t_plus_6h,nyc,nyc:2026-07-15,1.7411422729492188,KXHIGHNY-26JUL15,,temperature,neuralcaster_v2,96.74114227294922,,2026-07-15T11:00:00+00:00,2026-07-15,,,,,,,,0.0,1.0,
1.7296142578125,95.0,,t_plus_7h,nyc,nyc:2026-07-15,1.7296142578125,KXHIGHNY-26JUL15,,temperature,neuralcaster_v2,96.7296142578125,,2026-07-15T12:00:00+00:00,2026-07-15,,,,,,,,0.0,1.0,
1.7148208618164062,95.0,,t_plus_8h,nyc,nyc:2026-07-15,1.7148208618164062,KXHIGHNY-26JUL15,,temperature,neuralcaster_v2,96.7148208618164,,2026-07-15T13:00:00+00:00,2026-07-15,,,,,,,,0.0,1.0,
1.7859344482421875,95.0,,t_plus_9h,nyc,nyc:2026-07-15,1.7859344482421875,KXHIGHNY-26JUL15,,temperature,neuralcaster_v2,96.78593444824219,,2026-07-15T14:00:00+00:00,2026-07-15,,,,,,,,0.0,1.0,
1.6495590209960938,95.0,,t_plus_10h,nyc,nyc:2026-07-15,1.6495590209960938,KXHIGHNY-26JUL15,,temperature,neuralcaster_v2,96.6495590209961,,2026-07-15T15:00:00+00:00,2026-07-15,,,,,,,,0.0,1.0,
1.7742233276367188,95.0,,t_plus_11h,nyc,nyc:2026-07-15,1.7742233276367188,KXHIGHNY-26JUL15,,temperature,neuralcaster_v2,96.77422332763672,,2026-07-15T16:00:00+00:00,2026-07-15,,,,,,,,0.0,1.0,
1.7936248779296875,95.0,,t_plus_12h,nyc,nyc:2026-07-15,1.7936248779296875,KXHIGHNY-26JUL15,,temperature,neuralcaster_v2,96.79362487792969,,2026-07-15T17:00:00+00:00,2026-07-15,,,,,,,,0.0,1.0,
1.1997299194335938,95.0,,t_plus_13h,nyc,nyc:2026-07-15,1.1997299194335938,KXHIGHNY-26JUL15,,temperature,neuralcaster_v2,96.1997299194336,,2026-07-15T18:00:00+00:00,2026-07-15,,,,,,,,0.0,1.0,
0.9340362548828125,95.0,,t_plus_14h,nyc,nyc:2026-07-15,0.9340362548828125,KXHIGHNY-26JUL15,,temperature,neuralcaster_v2,95.93403625488281,,2026-07-15T19:00:00+00:00,2026-07-15,,,,,,,,1.0,1.0,
0.8240203857421875,95.0,,t_plus_15h,nyc,nyc:2026-07-15,0.8240203857421875,KXHIGHNY-26JUL15,,temperature,neuralcaster_v2,95.82402038574219,,2026-07-15T20:00:00+00:00,2026-07-15,,,,,,,,1.0,1.0,
0.529571533203125,95.0,,t_plus_16h,nyc,nyc:2026-07-15,0.529571533203125,KXHIGHNY-26JUL15,,temperature,neuralcaster_v2,95.52957153320312,,2026-07-15T21:00:00+00:00,2026-07-15,,,,,,,,1.0,1.0,
0.312957763671875,95.0,,t_plus_17h,nyc,nyc:2026-07-15,0.312957763671875,KXHIGHNY-26JUL15,,temperature,neuralcaster_v2,95.31295776367188,,2026-07-15T22:00:00+00:00,2026-07-15,,,,,,,,1.0,1.0,
0.0,95.0,,t_plus_18h,nyc,nyc:2026-07-15,0.0,KXHIGHNY-26JUL15,,temperature,neuralcaster_v2,95.0,,2026-07-15T23:00:00+00:00,2026-07-15,,,,,,,,1.0,1.0,
0.0,95.0,,t_plus_19h,nyc,nyc:2026-07-15,0.0,KXHIGHNY-26JUL15,,temperature,neuralcaster_v2,95.0,,2026-07-16T00:00:00+00:00,2026-07-15,,,,,,,,1.0,1.0,
0.0,95.0,,t_plus_20h,nyc,nyc:2026-07-15,0.0,KXHIGHNY-26JUL15,,temperature,neuralcaster_v2,95.0,,2026-07-16T01:00:00+00:00,2026-07-15,,,,,,,,1.0,1.0,
0.0,95.0,,t_plus_21h,nyc,nyc:2026-07-15,0.0,KXHIGHNY-26JUL15,,temperature,neuralcaster_v2,95.0,,2026-07-16T02:00:00+00:00,2026-07-15,,,,,,,,1.0,1.0,
0.0,95.0,,t_plus_22h,nyc,nyc:2026-07-15,0.0,KXHIGHNY-26JUL15,,temperature,neuralcaster_v2,95.0,,2026-07-16T03:00:00+00:00,2026-07-15,,,,,,,,1.0,1.0,
0.0,95.0,,t_plus_23h,nyc,nyc:2026-07-15,0.0,KXHIGHNY-26JUL15,,temperature,neuralcaster_v2,95.0,,2026-07-16T04:00:00+00:00,2026-07-15,,,,,,,,1.0,1.0,
1.4858856201171875,87.0,,t_plus_0h,okc,okc:2026-07-15,1.4858856201171875,KXHIGHTOKC-26JUL15,,temperature,neuralcaster_v2,88.48588562011719,,2026-07-15T06:00:00+00:00,2026-07-15,,,,,,,,0.0,1.0,
1.508331298828125,87.0,,t_plus_1h,okc,okc:2026-07-15,1.508331298828125,KXHIGHTOKC-26JUL15,,temperature,neuralcaster_v2,88.50833129882812,,2026-07-15T07:00:00+00:00,2026-07-15,,,,,,,,0.0,1.0,
1.7476882934570312,87.0,,t_plus_2h,okc,okc:2026-07-15,1.7476882934570312,KXHIGHTOKC-26JUL15,,temperature,neuralcaster_v2,88.74768829345703,,2026-07-15T08:00:00+00:00,2026-07-15,,,,,,,,0.0,1.0,
1.763671875,87.0,,t_plus_3h,okc,okc:2026-07-15,1.763671875,KXHIGHTOKC-26JUL15,,temperature,neuralcaster_v2,88.763671875,,2026-07-15T09:00:00+00:00,2026-07-15,,,,,,,,0.0,1.0,
1.7581634521484375,87.0,,t_plus_4h,okc,okc:2026-07-15,1.7581634521484375,KXHIGHTOKC-26JUL15,,temperature,neuralcaster_v2,88.75816345214844,,2026-07-15T10:00:00+00:00,2026-07-15,,,,,,,,0.0,1.0,
1.90423583984375,87.0,,t_plus_5h,okc,okc:2026-07-15,1.90423583984375,KXHIGHTOKC-26JUL15,,temperature,neuralcaster_v2,88.90423583984375,,2026-07-15T11:00:00+00:00,2026-07-15,,,,,,,,0.0,1.0,
2.074127197265625,87.0,,t_plus_6h,okc,okc:2026-07-15,2.074127197265625,KXHIGHTOKC-26JUL15,,temperature,neuralcaster_v2,89.07412719726562,,2026-07-15T12:00:00+00:00,2026-07-15,,,,,,,,0.0,0.0,
2.0112380981445312,87.0,,t_plus_7h,okc,okc:2026-07-15,2.0112380981445312,KXHIGHTOKC-26JUL15,,temperature,neuralcaster_v2,89.01123809814453,,2026-07-15T13:00:00+00:00,2026-07-15,,,,,,,,0.0,0.0,
2.1299819946289062,87.0,,t_plus_8h,okc,okc:2026-07-15,2.1299819946289062,KXHIGHTOKC-26JUL15,,temperature,neuralcaster_v2,89.1299819946289,,2026-07-15T14:00:00+00:00,2026-07-15,,,,,,,,0.0,0.0,
2.1958541870117188,87.0,,t_plus_9h,okc,okc:2026-07-15,2.1958541870117188,KXHIGHTOKC-26JUL15,,temperature,neuralcaster_v2,89.19585418701172,,2026-07-15T15:00:00+00:00,2026-07-15,,,,,,,,0.0,0.0,
2.204376220703125,87.0,,t_plus_10h,okc,okc:2026-07-15,2.204376220703125,KXHIGHTOKC-26JUL15,,temperature,neuralcaster_v2,89.20437622070312,,2026-07-15T16:00:00+00:00,2026-07-15,,,,,,,,0.0,0.0,
2.3310699462890625,87.0,,t_plus_11h,okc,okc:2026-07-15,2.3310699462890625,KXHIGHTOKC-26JUL15,,temperature,neuralcaster_v2,89.33106994628906,,2026-07-15T17:00:00+00:00,2026-07-15,,,,,,,,0.0,0.0,
0.7999999999999972,87.0,,t_plus_12h,okc,okc:2026-07-15,0.7999999999999972,KXHIGHTOKC-26JUL15,,temperature,neuralcaster_v2,87.8,,2026-07-15T18:00:00+00:00,2026-07-15,,,,,,,,1.0,1.0,
0.7999999999999972,87.0,,t_plus_13h,okc,okc:2026-07-15,0.7999999999999972,KXHIGHTOKC-26JUL15,,temperature,neuralcaster_v2,87.8,,2026-07-15T19:00:00+00:00,2026-07-15,,,,,,,,1.0,1.0,
0.7999999999999972,87.0,,t_plus_14h,okc,okc:2026-07-15,0.7999999999999972,KXHIGHTOKC-26JUL15,,temperature,neuralcaster_v2,87.8,,2026-07-15T20:00:00+00:00,2026-07-15,,,,,,,,1.0,1.0,
0.7999999999999972,87.0,,t_plus_15h,okc,okc:2026-07-15,0.7999999999999972,KXHIGHTOKC-26JUL15,,temperature,neuralcaster_v2,87.8,,2026-07-15T21:00:00+00:00,2026-07-15,,,,,,,,1.0,1.0,
0.7999999999999972,87.0,,t_plus_16h,okc,okc:2026-07-15,0.7999999999999972,KXHIGHTOKC-26JUL15,,temperature,neuralcaster_v2,87.8,,2026-07-15T22:00:00+00:00,2026-07-15,,,,,,,,1.0,1.0,
0.7999999999999972,87.0,,t_plus_17h,okc,okc:2026-07-15,0.7999999999999972,KXHIGHTOKC-26JUL15,,temperature,neuralcaster_v2,87.8,,2026-07-15T23:00:00+00:00,2026-07-15,,,,,,,,1.0,1.0,
0.7999999999999972,87.0,,t_plus_18h,okc,okc:2026-07-15,0.7999999999999972,KXHIGHTOKC-26JUL15,,temperature,neuralcaster_v2,87.8,,2026-07-16T00:00:00+00:00,2026-07-15,,,,,,,,1.0,1.0,
0.7999999999999972,87.0,,t_plus_19h,okc,okc:2026-07-15,0.7999999999999972,KXHIGHTOKC-26JUL15,,temperature,neuralcaster_v2,87.8,,2026-07-16T01:00:00+00:00,2026-07-15,,,,,,,,1.0,1.0,
0.7999999999999972,87.0,,t_plus_20h,okc,okc:2026-07-15,0.7999999999999972,KXHIGHTOKC-26JUL15,,temperature,neuralcaster_v2,87.8,,2026-07-16T02:00:00+00:00,2026-07-15,,,,,,,,1.0,1.0,
0.7999999999999972,87.0,,t_plus_21h,okc,okc:2026-07-15,0.7999999999999972,KXHIGHTOKC-26JUL15,,temperature,neuralcaster_v2,87.8,,2026-07-16T03:00:00+00:00,2026-07-15,,,,,,,,1.0,1.0,
0.7999999999999972,87.0,,t_plus_22h,okc,okc:2026-07-15,0.7999999999999972,KXHIGHTOKC-26JUL15,,temperature,neuralcaster_v2,87.8,,2026-07-16T04:00:00+00:00,2026-07-15,,,,,,,,1.0,1.0,
0.7999999999999972,87.0,,t_plus_23h,okc,okc:2026-07-15,0.7999999999999972,KXHIGHTOKC-26JUL15,,temperature,neuralcaster_v2,87.8,,2026-07-16T05:00:00+00:00,2026-07-15,,,,,,,,1.0,1.0,
2.7639617919921875,90.0,,t_plus_0h,aus,aus:2026-07-16,-2.7639617919921875,KXHIGHAUS-26JUL16,,temperature,neuralcaster_v2,87.23603820800781,,2026-07-16T06:00:00+00:00,2026-07-16,,,,,,,,0.0,0.0,
2.6050186157226562,90.0,,t_plus_1h,aus,aus:2026-07-16,-2.6050186157226562,KXHIGHAUS-26JUL16,,temperature,neuralcaster_v2,87.39498138427734,,2026-07-16T07:00:00+00:00,2026-07-16,,,,,,,,0.0,0.0,
2.559783935546875,90.0,,t_plus_2h,aus,aus:2026-07-16,-2.559783935546875,KXHIGHAUS-26JUL16,,temperature,neuralcaster_v2,87.44021606445312,,2026-07-16T08:00:00+00:00,2026-07-16,,,,,,,,0.0,0.0,
2.3369674682617188,90.0,,t_plus_3h,aus,aus:2026-07-16,-2.3369674682617188,KXHIGHAUS-26JUL16,,temperature,neuralcaster_v2,87.66303253173828,,2026-07-16T09:00:00+00:00,2026-07-16,,,,,,,,0.0,0.0,
2.22705078125,90.0,,t_plus_4h,aus,aus:2026-07-16,-2.22705078125,KXHIGHAUS-26JUL16,,temperature,neuralcaster_v2,87.77294921875,,2026-07-16T10:00:00+00:00,2026-07-16,,,,,,,,0.0,0.0,
2.2190170288085938,90.0,,t_plus_5h,aus,aus:2026-07-16,-2.2190170288085938,KXHIGHAUS-26JUL16,,temperature,neuralcaster_v2,87.7809829711914,,2026-07-16T11:00:00+00:00,2026-07-16,,,,,,,,0.0,0.0,
1.8767623901367188,90.0,,t_plus_6h,aus,aus:2026-07-16,-1.8767623901367188,KXHIGHAUS-26JUL16,,temperature,neuralcaster_v2,88.12323760986328,,2026-07-16T12:00:00+00:00,2026-07-16,,,,,,,,0.0,1.0,
1.5529403686523438,90.0,,t_plus_7h,aus,aus:2026-07-16,-1.5529403686523438,KXHIGHAUS-26JUL16,,temperature,neuralcaster_v2,88.44705963134766,,2026-07-16T13:00:00+00:00,2026-07-16,,,,,,,,0.0,1.0,
1.7570877075195312,90.0,,t_plus_8h,aus,aus:2026-07-16,-1.7570877075195312,KXHIGHAUS-26JUL16,,temperature,neuralcaster_v2,88.24291229248047,,2026-07-16T14:00:00+00:00,2026-07-16,,,,,,,,0.0,1.0,
2.0126800537109375,90.0,,t_plus_9h,aus,aus:2026-07-16,-2.0126800537109375,KXHIGHAUS-26JUL16,,temperature,neuralcaster_v2,87.98731994628906,,2026-07-16T15:00:00+00:00,2026-07-16,,,,,,,,0.0,0.0,
2.0764389038085938,90.0,,t_plus_10h,aus,aus:2026-07-16,-2.0764389038085938,KXHIGHAUS-26JUL16,,temperature,neuralcaster_v2,87.9235610961914,,2026-07-16T16:00:00+00:00,2026-07-16,,,,,,,,0.0,0.0,
2.195068359375,90.0,,t_plus_11h,aus,aus:2026-07-16,-2.195068359375,KXHIGHAUS-26JUL16,,temperature,neuralcaster_v2,87.804931640625,,2026-07-16T17:00:00+00:00,2026-07-16,,,,,,,,0.0,0.0,
1.5629653930664062,90.0,,t_plus_12h,aus,aus:2026-07-16,-1.5629653930664062,KXHIGHAUS-26JUL16,,temperature,neuralcaster_v2,88.4370346069336,,2026-07-16T18:00:00+00:00,2026-07-16,,,,,,,,0.0,1.0,
0.0361480712890625,90.0,,t_plus_13h,aus,aus:2026-07-16,-0.0361480712890625,KXHIGHAUS-26JUL16,,temperature,neuralcaster_v2,89.96385192871094,,2026-07-16T19:00:00+00:00,2026-07-16,,,,,,,,1.0,1.0,
0.213043212890625,90.0,,t_plus_14h,aus,aus:2026-07-16,0.213043212890625,KXHIGHAUS-26JUL16,,temperature,neuralcaster_v2,90.21304321289062,,2026-07-16T20:00:00+00:00,2026-07-16,,,,,,,,1.0,1.0,
0.3475799560546875,90.0,,t_plus_15h,aus,aus:2026-07-16,-0.3475799560546875,KXHIGHAUS-26JUL16,,temperature,neuralcaster_v2,89.65242004394531,,2026-07-16T21:00:00+00:00,2026-07-16,,,,,,,,1.0,1.0,
0.14002227783203125,90.0,,t_plus_16h,aus,aus:2026-07-16,0.14002227783203125,KXHIGHAUS-26JUL16,,temperature,neuralcaster_v2,90.14002227783203,,2026-07-16T22:00:00+00:00,2026-07-16,,,,,,,,1.0,1.0,
0.1147613525390625,90.0,,t_plus_17h,aus,aus:2026-07-16,0.1147613525390625,KXHIGHAUS-26JUL16,,temperature,neuralcaster_v2,90.11476135253906,,2026-07-16T23:00:00+00:00,2026-07-16,,,,,,,,1.0,1.0,
0.05399322509765625,90.0,,t_plus_18h,aus,aus:2026-07-16,0.05399322509765625,KXHIGHAUS-26JUL16,,temperature,neuralcaster_v2,90.05399322509766,,2026-07-17T00:00:00+00:00,2026-07-16,,,,,,,,1.0,1.0,
0.0415496826171875,90.0,,t_plus_19h,aus,aus:2026-07-16,0.0415496826171875,KXHIGHAUS-26JUL16,,temperature,neuralcaster_v2,90.04154968261719,,2026-07-17T01:00:00+00:00,2026-07-16,,,,,,,,1.0,1.0,
0.03926849365234375,90.0,,t_plus_20h,aus,aus:2026-07-16,0.03926849365234375,KXHIGHAUS-26JUL16,,temperature,neuralcaster_v2,90.03926849365234,,2026-07-17T02:00:00+00:00,2026-07-16,,,,,,,,1.0,1.0,
0.04952239990234375,90.0,,t_plus_21h,aus,aus:2026-07-16,0.04952239990234375,KXHIGHAUS-26JUL16,,temperature,neuralcaster_v2,90.04952239990234,,2026-07-17T03:00:00+00:00,2026-07-16,,,,,,,,1.0,1.0,
0.04810333251953125,90.0,,t_plus_22h,aus,aus:2026-07-16,0.04810333251953125,KXHIGHAUS-26JUL16,,temperature,neuralcaster_v2,90.04810333251953,,2026-07-17T04:00:00+00:00,2026-07-16,,,,,,,,1.0,1.0,
0.04897308349609375,90.0,,t_plus_23h,aus,aus:2026-07-16,0.04897308349609375,KXHIGHAUS-26JUL16,,temperature,neuralcaster_v2,90.0489730834961,,2026-07-17T05:00:00+00:00,2026-07-16,,,,,,,,1.0,1.0,
0.7614669799804688,93.0,,t_plus_0h,den,den:2026-07-16,-0.7614669799804688,KXHIGHDEN-26JUL16,,temperature,neuralcaster_v2,92.23853302001953,,2026-07-16T07:00:00+00:00,2026-07-16,,,,,,,,1.0,1.0,
0.6988677978515625,93.0,,t_plus_1h,den,den:2026-07-16,-0.6988677978515625,KXHIGHDEN-26JUL16,,temperature,neuralcaster_v2,92.30113220214844,,2026-07-16T08:00:00+00:00,2026-07-16,,,,,,,,1.0,1.0,
0.8129501342773438,93.0,,t_plus_2h,den,den:2026-07-16,-0.8129501342773438,KXHIGHDEN-26JUL16,,temperature,neuralcaster_v2,92.18704986572266,,2026-07-16T09:00:00+00:00,2026-07-16,,,,,,,,1.0,1.0,
0.8720245361328125,93.0,,t_plus_3h,den,den:2026-07-16,-0.8720245361328125,KXHIGHDEN-26JUL16,,temperature,neuralcaster_v2,92.12797546386719,,2026-07-16T10:00:00+00:00,2026-07-16,,,,,,,,1.0,1.0,
0.8899765014648438,93.0,,t_plus_4h,den,den:2026-07-16,-0.8899765014648438,KXHIGHDEN-26JUL16,,temperature,neuralcaster_v2,92.11002349853516,,2026-07-16T11:00:00+00:00,2026-07-16,,,,,,,,1.0,1.0,
0.7745285034179688,93.0,,t_plus_5h,den,den:2026-07-16,-0.7745285034179688,KXHIGHDEN-26JUL16,,temperature,neuralcaster_v2,92.22547149658203,,2026-07-16T12:00:00+00:00,2026-07-16,,,,,,,,1.0,1.0,
0.6875534057617188,93.0,,t_plus_6h,den,den:2026-07-16,-0.6875534057617188,KXHIGHDEN-26JUL16,,temperature,neuralcaster_v2,92.31244659423828,,2026-07-16T13:00:00+00:00,2026-07-16,,,,,,,,1.0,1.0,
0.7497100830078125,93.0,,t_plus_7h,den,den:2026-07-16,-0.7497100830078125,KXHIGHDEN-26JUL16,,temperature,neuralcaster_v2,92.25028991699219,,2026-07-16T14:00:00+00:00,2026-07-16,,,,,,,,1.0,1.0,
1.0352859497070312,93.0,,t_plus_8h,den,den:2026-07-16,-1.0352859497070312,KXHIGHDEN-26JUL16,,temperature,neuralcaster_v2,91.96471405029297,,2026-07-16T15:00:00+00:00,2026-07-16,,,,,,,,0.0,1.0,
1.0436477661132812,93.0,,t_plus_9h,den,den:2026-07-16,-1.0436477661132812,KXHIGHDEN-26JUL16,,temperature,neuralcaster_v2,91.95635223388672,,2026-07-16T16:00:00+00:00,2026-07-16,,,,,,,,0.0,1.0,
1.1258621215820312,93.0,,t_plus_10h,den,den:2026-07-16,-1.1258621215820312,KXHIGHDEN-26JUL16,,temperature,neuralcaster_v2,91.87413787841797,,2026-07-16T17:00:00+00:00,2026-07-16,,,,,,,,0.0,1.0,
1.0634841918945312,93.0,,t_plus_11h,den,den:2026-07-16,-1.0634841918945312,KXHIGHDEN-26JUL16,,temperature,neuralcaster_v2,91.93651580810547,,2026-07-16T18:00:00+00:00,2026-07-16,,,,,,,,0.0,1.0,
1.3204193115234375,93.0,,t_plus_12h,den,den:2026-07-16,-1.3204193115234375,KXHIGHDEN-26JUL16,,temperature,neuralcaster_v2,91.67958068847656,,2026-07-16T19:00:00+00:00,2026-07-16,,,,,,,,0.0,1.0,
1.4702606201171875,93.0,,t_plus_13h,den,den:2026-07-16,-1.4702606201171875,KXHIGHDEN-26JUL16,,temperature,neuralcaster_v2,91.52973937988281,,2026-07-16T20:00:00+00:00,2026-07-16,,,,,,,,0.0,1.0,
0.7559661865234375,93.0,,t_plus_14h,den,den:2026-07-16,-0.7559661865234375,KXHIGHDEN-26JUL16,,temperature,neuralcaster_v2,92.24403381347656,,2026-07-16T21:00:00+00:00,2026-07-16,,,,,,,,1.0,1.0,
0.18636322021484375,93.0,,t_plus_15h,den,den:2026-07-16,-0.18636322021484375,KXHIGHDEN-26JUL16,,temperature,neuralcaster_v2,92.81363677978516,,2026-07-16T22:00:00+00:00,2026-07-16,,,,,,,,1.0,1.0,
0.05815887451171875,93.0,,t_plus_16h,den,den:2026-07-16,0.05815887451171875,KXHIGHDEN-26JUL16,,temperature,neuralcaster_v2,93.05815887451172,,2026-07-16T23:00:00+00:00,2026-07-16,,,,,,,,1.0,1.0,
0.00409698486328125,93.0,,t_plus_17h,den,den:2026-07-16,0.00409698486328125,KXHIGHDEN-26JUL16,,temperature,neuralcaster_v2,93.00409698486328,,2026-07-17T00:00:00+00:00,2026-07-16,,,,,,,,1.0,1.0,
0.02632904052734375,93.0,,t_plus_18h,den,den:2026-07-16,-0.02632904052734375,KXHIGHDEN-26JUL16,,temperature,neuralcaster_v2,92.97367095947266,,2026-07-17T01:00:00+00:00,2026-07-16,,,,,,,,1.0,1.0,
0.03987884521484375,93.0,,t_plus_19h,den,den:2026-07-16,-0.03987884521484375,KXHIGHDEN-26JUL16,,temperature,neuralcaster_v2,92.96012115478516,,2026-07-17T02:00:00+00:00,2026-07-16,,,,,,,,1.0,1.0,
0.0490570068359375,93.0,,t_plus_20h,den,den:2026-07-16,-0.0490570068359375,KXHIGHDEN-26JUL16,,temperature,neuralcaster_v2,92.95094299316406,,2026-07-17T03:00:00+00:00,2026-07-16,,,,,,,,1.0,1.0,
0.053863525390625,93.0,,t_plus_21h,den,den:2026-07-16,-0.053863525390625,KXHIGHDEN-26JUL16,,temperature,neuralcaster_v2,92.94613647460938,,2026-07-17T04:00:00+00:00,2026-07-16,,,,,,,,1.0,1.0,
0.047119140625,93.0,,t_plus_22h,den,den:2026-07-16,-0.047119140625,KXHIGHDEN-26JUL16,,temperature,neuralcaster_v2,92.952880859375,,2026-07-17T05:00:00+00:00,2026-07-16,,,,,,,,1.0,1.0,
0.0482330322265625,93.0,,t_plus_23h,den,den:2026-07-16,-0.0482330322265625,KXHIGHDEN-26JUL16,,temperature,neuralcaster_v2,92.95176696777344,,2026-07-17T06:00:00+00:00,2026-07-16,,,,,,,,1.0,1.0,
1.5721969604492188,84.0,,t_plus_0h,la,la:2026-07-16,-1.5721969604492188,KXHIGHLAX-26JUL16,,temperature,neuralcaster_v2,82.42780303955078,,2026-07-16T08:00:00+00:00,2026-07-16,,,,,,,,0.0,1.0,
1.441864013671875,84.0,,t_plus_1h,la,la:2026-07-16,-1.441864013671875,KXHIGHLAX-26JUL16,,temperature,neuralcaster_v2,82.55813598632812,,2026-07-16T09:00:00+00:00,2026-07-16,,,,,,,,0.0,1.0,
1.3232879638671875,84.0,,t_plus_2h,la,la:2026-07-16,-1.3232879638671875,KXHIGHLAX-26JUL16,,temperature,neuralcaster_v2,82.67671203613281,,2026-07-16T10:00:00+00:00,2026-07-16,,,,,,,,0.0,1.0,
1.115264892578125,84.0,,t_plus_3h,la,la:2026-07-16,-1.115264892578125,KXHIGHLAX-26JUL16,,temperature,neuralcaster_v2,82.88473510742188,,2026-07-16T11:00:00+00:00,2026-07-16,,,,,,,,0.0,1.0,
1.2238998413085938,84.0,,t_plus_4h,la,la:2026-07-16,-1.2238998413085938,KXHIGHLAX-26JUL16,,temperature,neuralcaster_v2,82.7761001586914,,2026-07-16T12:00:00+00:00,2026-07-16,,,,,,,,0.0,1.0,
1.1919708251953125,84.0,,t_plus_5h,la,la:2026-07-16,-1.1919708251953125,KXHIGHLAX-26JUL16,,temperature,neuralcaster_v2,82.80802917480469,,2026-07-16T13:00:00+00:00,2026-07-16,,,,,,,,0.0,1.0,
1.2254791259765625,84.0,,t_plus_6h,la,la:2026-07-16,-1.2254791259765625,KXHIGHLAX-26JUL16,,temperature,neuralcaster_v2,82.77452087402344,,2026-07-16T14:00:00+00:00,2026-07-16,,,,,,,,0.0,1.0,
0.92486572265625,84.0,,t_plus_7h,la,la:2026-07-16,-0.92486572265625,KXHIGHLAX-26JUL16,,temperature,neuralcaster_v2,83.07513427734375,,2026-07-16T15:00:00+00:00,2026-07-16,,,,,,,,1.0,1.0,
0.879974365234375,84.0,,t_plus_8h,la,la:2026-07-16,-0.879974365234375,KXHIGHLAX-26JUL16,,temperature,neuralcaster_v2,83.12002563476562,,2026-07-16T16:00:00+00:00,2026-07-16,,,,,,,,1.0,1.0,
0.19203948974609375,84.0,,t_plus_9h,la,la:2026-07-16,-0.19203948974609375,KXHIGHLAX-26JUL16,,temperature,neuralcaster_v2,83.8079605102539,,2026-07-16T17:00:00+00:00,2026-07-16,,,,,,,,1.0,1.0,
0.29650115966796875,84.0,,t_plus_10h,la,la:2026-07-16,-0.29650115966796875,KXHIGHLAX-26JUL16,,temperature,neuralcaster_v2,83.70349884033203,,2026-07-16T18:00:00+00:00,2026-07-16,,,,,,,,1.0,1.0,
0.6043319702148438,84.0,,t_plus_11h,la,la:2026-07-16,-0.6043319702148438,KXHIGHLAX-26JUL16,,temperature,neuralcaster_v2,83.39566802978516,,2026-07-16T19:00:00+00:00,2026-07-16,,,,,,,,1.0,1.0,
0.20000000000000284,84.0,,t_plus_12h,la,la:2026-07-16,0.20000000000000284,KXHIGHLAX-26JUL16,,temperature,neuralcaster_v2,84.2,,2026-07-16T20:00:00+00:00,2026-07-16,,,,,,,,1.0,1.0,
0.20000000000000284,84.0,,t_plus_13h,la,la:2026-07-16,0.20000000000000284,KXHIGHLAX-26JUL16,,temperature,neuralcaster_v2,84.2,,2026-07-16T21:00:00+00:00,2026-07-16,,,,,,,,1.0,1.0,
0.20000000000000284,84.0,,t_plus_14h,la,la:2026-07-16,0.20000000000000284,KXHIGHLAX-26JUL16,,temperature,neuralcaster_v2,84.2,,2026-07-16T22:00:00+00:00,2026-07-16,,,,,,,,1.0,1.0,
0.20000000000000284,84.0,,t_plus_15h,la,la:2026-07-16,0.20000000000000284,KXHIGHLAX-26JUL16,,temperature,neuralcaster_v2,84.2,,2026-07-16T23:00:00+00:00,2026-07-16,,,,,,,,1.0,1.0,
0.20000000000000284,84.0,,t_plus_16h,la,la:2026-07-16,0.20000000000000284,KXHIGHLAX-26JUL16,,temperature,neuralcaster_v2,84.2,,2026-07-17T00:00:00+00:00,2026-07-16,,,,,,,,1.0,1.0,
0.20000000000000284,84.0,,t_plus_17h,la,la:2026-07-16,0.20000000000000284,KXHIGHLAX-26JUL16,,temperature,neuralcaster_v2,84.2,,2026-07-17T01:00:00+00:00,2026-07-16,,,,,,,,1.0,1.0,
0.20000000000000284,84.0,,t_plus_18h,la,la:2026-07-16,0.20000000000000284,KXHIGHLAX-26JUL16,,temperature,neuralcaster_v2,84.2,,2026-07-17T02:00:00+00:00,2026-07-16,,,,,,,,1.0,1.0,
0.20000000000000284,84.0,,t_plus_19h,la,la:2026-07-16,0.20000000000000284,KXHIGHLAX-26JUL16,,temperature,neuralcaster_v2,84.2,,2026-07-17T03:00:00+00:00,2026-07-16,,,,,,,,1.0,1.0,
0.20000000000000284,84.0,,t_plus_20h,la,la:2026-07-16,0.20000000000000284,KXHIGHLAX-26JUL16,,temperature,neuralcaster_v2,84.2,,2026-07-17T04:00:00+00:00,2026-07-16,,,,,,,,1.0,1.0,
0.20000000000000284,84.0,,t_plus_21h,la,la:2026-07-16,0.20000000000000284,KXHIGHLAX-26JUL16,,temperature,neuralcaster_v2,84.2,,2026-07-17T05:00:00+00:00,2026-07-16,,,,,,,,1.0,1.0,
0.20000000000000284,84.0,,t_plus_22h,la,la:2026-07-16,0.20000000000000284,KXHIGHLAX-26JUL16,,temperature,neuralcaster_v2,84.2,,2026-07-17T06:00:00+00:00,2026-07-16,,,,,,,,1.0,1.0,
0.20000000000000284,84.0,,t_plus_23h,la,la:2026-07-16,0.20000000000000284,KXHIGHLAX-26JUL16,,temperature,neuralcaster_v2,84.2,,2026-07-17T07:00:00+00:00,2026-07-16,,,,,,,,1.0,1.0,
2.1952133178710938,97.0,,t_plus_0h,mia,mia:2026-07-16,-2.1952133178710938,KXHIGHMIA-26JUL16,,temperature,neuralcaster_v2,94.8047866821289,,2026-07-16T05:00:00+00:00,2026-07-16,,,,,,,,0.0,0.0,
1.9846420288085938,97.0,,t_plus_1h,mia,mia:2026-07-16,-1.9846420288085938,KXHIGHMIA-26JUL16,,temperature,neuralcaster_v2,95.0153579711914,,2026-07-16T06:00:00+00:00,2026-07-16,,,,,,,,0.0,1.0,
1.9472732543945312,97.0,,t_plus_2h,mia,mia:2026-07-16,-1.9472732543945312,KXHIGHMIA-26JUL16,,temperature,neuralcaster_v2,95.05272674560547,,2026-07-16T07:00:00+00:00,2026-07-16,,,,,,,,0.0,1.0,
1.8731536865234375,97.0,,t_plus_3h,mia,mia:2026-07-16,-1.8731536865234375,KXHIGHMIA-26JUL16,,temperature,neuralcaster_v2,95.12684631347656,,2026-07-16T08:00:00+00:00,2026-07-16,,,,,,,,0.0,1.0,
1.7999420166015625,97.0,,t_plus_4h,mia,mia:2026-07-16,-1.7999420166015625,KXHIGHMIA-26JUL16,,temperature,neuralcaster_v2,95.20005798339844,,2026-07-16T09:00:00+00:00,2026-07-16,,,,,,,,0.0,1.0,
1.80047607421875,97.0,,t_plus_5h,mia,mia:2026-07-16,-1.80047607421875,KXHIGHMIA-26JUL16,,temperature,neuralcaster_v2,95.19952392578125,,2026-07-16T10:00:00+00:00,2026-07-16,,,,,,,,0.0,1.0,
1.7205657958984375,97.0,,t_plus_6h,mia,mia:2026-07-16,-1.7205657958984375,KXHIGHMIA-26JUL16,,temperature,neuralcaster_v2,95.27943420410156,,2026-07-16T11:00:00+00:00,2026-07-16,,,,,,,,0.0,1.0,
1.9834365844726562,97.0,,t_plus_7h,mia,mia:2026-07-16,-1.9834365844726562,KXHIGHMIA-26JUL16,,temperature,neuralcaster_v2,95.01656341552734,,2026-07-16T12:00:00+00:00,2026-07-16,,,,,,,,0.0,1.0,
2.190643310546875,97.0,,t_plus_8h,mia,mia:2026-07-16,-2.190643310546875,KXHIGHMIA-26JUL16,,temperature,neuralcaster_v2,94.80935668945312,,2026-07-16T13:00:00+00:00,2026-07-16,,,,,,,,0.0,0.0,
2.2339401245117188,97.0,,t_plus_9h,mia,mia:2026-07-16,-2.2339401245117188,KXHIGHMIA-26JUL16,,temperature,neuralcaster_v2,94.76605987548828,,2026-07-16T14:00:00+00:00,2026-07-16,,,,,,,,0.0,0.0,
1.956878662109375,97.0,,t_plus_10h,mia,mia:2026-07-16,-1.956878662109375,KXHIGHMIA-26JUL16,,temperature,neuralcaster_v2,95.04312133789062,,2026-07-16T15:00:00+00:00,2026-07-16,,,,,,,,0.0,1.0,
1.7868728637695312,97.0,,t_plus_11h,mia,mia:2026-07-16,-1.7868728637695312,KXHIGHMIA-26JUL16,,temperature,neuralcaster_v2,95.21312713623047,,2026-07-16T16:00:00+00:00,2026-07-16,,,,,,,,0.0,1.0,
1.9840316772460938,97.0,,t_plus_12h,mia,mia:2026-07-16,-1.9840316772460938,KXHIGHMIA-26JUL16,,temperature,neuralcaster_v2,95.0159683227539,,2026-07-16T17:00:00+00:00,2026-07-16,,,,,,,,0.0,1.0,
2.0112457275390625,97.0,,t_plus_13h,mia,mia:2026-07-16,-2.0112457275390625,KXHIGHMIA-26JUL16,,temperature,neuralcaster_v2,94.98875427246094,,2026-07-16T18:00:00+00:00,2026-07-16,,,,,,,,0.0,0.0,
1.9996871948242188,97.0,,t_plus_14h,mia,mia:2026-07-16,-1.9996871948242188,KXHIGHMIA-26JUL16,,temperature,neuralcaster_v2,95.00031280517578,,2026-07-16T19:00:00+00:00,2026-07-16,,,,,,,,0.0,1.0,
0.20000000000000284,97.0,,t_plus_15h,mia,mia:2026-07-16,-0.20000000000000284,KXHIGHMIA-26JUL16,,temperature,neuralcaster_v2,96.8,,2026-07-16T20:00:00+00:00,2026-07-16,,,,,,,,1.0,1.0,
0.20000000000000284,97.0,,t_plus_16h,mia,mia:2026-07-16,-0.20000000000000284,KXHIGHMIA-26JUL16,,temperature,neuralcaster_v2,96.8,,2026-07-16T21:00:00+00:00,2026-07-16,,,,,,,,1.0,1.0,
0.20000000000000284,97.0,,t_plus_17h,mia,mia:2026-07-16,-0.20000000000000284,KXHIGHMIA-26JUL16,,temperature,neuralcaster_v2,96.8,,2026-07-16T22:00:00+00:00,2026-07-16,,,,,,,,1.0,1.0,
0.20000000000000284,97.0,,t_plus_18h,mia,mia:2026-07-16,-0.20000000000000284,KXHIGHMIA-26JUL16,,temperature,neuralcaster_v2,96.8,,2026-07-16T23:00:00+00:00,2026-07-16,,,,,,,,1.0,1.0,
0.20000000000000284,97.0,,t_plus_19h,mia,mia:2026-07-16,-0.20000000000000284,KXHIGHMIA-26JUL16,,temperature,neuralcaster_v2,96.8,,2026-07-17T00:00:00+00:00,2026-07-16,,,,,,,,1.0,1.0,
0.20000000000000284,97.0,,t_plus_20h,mia,mia:2026-07-16,-0.20000000000000284,KXHIGHMIA-26JUL16,,temperature,neuralcaster_v2,96.8,,2026-07-17T01:00:00+00:00,2026-07-16,,,,,,,,1.0,1.0,
0.20000000000000284,97.0,,t_plus_21h,mia,mia:2026-07-16,-0.20000000000000284,KXHIGHMIA-26JUL16,,temperature,neuralcaster_v2,96.8,,2026-07-17T02:00:00+00:00,2026-07-16,,,,,,,,1.0,1.0,
0.20000000000000284,97.0,,t_plus_22h,mia,mia:2026-07-16,-0.20000000000000284,KXHIGHMIA-26JUL16,,temperature,neuralcaster_v2,96.8,,2026-07-17T03:00:00+00:00,2026-07-16,,,,,,,,1.0,1.0,
0.20000000000000284,97.0,,t_plus_23h,mia,mia:2026-07-16,-0.20000000000000284,KXHIGHMIA-26JUL16,,temperature,neuralcaster_v2,96.8,,2026-07-17T04:00:00+00:00,2026-07-16,,,,,,,,1.0,1.0,
5.8506622314453125,85.0,,t_plus_0h,nyc,nyc:2026-07-16,5.8506622314453125,KXHIGHNY-26JUL16,,temperature,neuralcaster_v2,90.85066223144531,,2026-07-16T05:00:00+00:00,2026-07-16,,,,,,,,0.0,0.0,
5.7916412353515625,85.0,,t_plus_1h,nyc,nyc:2026-07-16,5.7916412353515625,KXHIGHNY-26JUL16,,temperature,neuralcaster_v2,90.79164123535156,,2026-07-16T06:00:00+00:00,2026-07-16,,,,,,,,0.0,0.0,
5.759925842285156,85.0,,t_plus_2h,nyc,nyc:2026-07-16,5.759925842285156,KXHIGHNY-26JUL16,,temperature,neuralcaster_v2,90.75992584228516,,2026-07-16T07:00:00+00:00,2026-07-16,,,,,,,,0.0,0.0,
5.772605895996094,85.0,,t_plus_3h,nyc,nyc:2026-07-16,5.772605895996094,KXHIGHNY-26JUL16,,temperature,neuralcaster_v2,90.7726058959961,,2026-07-16T08:00:00+00:00,2026-07-16,,,,,,,,0.0,0.0,
5.707794189453125,85.0,,t_plus_4h,nyc,nyc:2026-07-16,5.707794189453125,KXHIGHNY-26JUL16,,temperature,neuralcaster_v2,90.70779418945312,,2026-07-16T09:00:00+00:00,2026-07-16,,,,,,,,0.0,0.0,
5.6082611083984375,85.0,,t_plus_5h,nyc,nyc:2026-07-16,5.6082611083984375,KXHIGHNY-26JUL16,,temperature,neuralcaster_v2,90.60826110839844,,2026-07-16T10:00:00+00:00,2026-07-16,,,,,,,,0.0,0.0,
5.79376220703125,85.0,,t_plus_6h,nyc,nyc:2026-07-16,5.79376220703125,KXHIGHNY-26JUL16,,temperature,neuralcaster_v2,90.79376220703125,,2026-07-16T11:00:00+00:00,2026-07-16,,,,,,,,0.0,0.0,
5.4847564697265625,85.0,,t_plus_7h,nyc,nyc:2026-07-16,5.4847564697265625,KXHIGHNY-26JUL16,,temperature,neuralcaster_v2,90.48475646972656,,2026-07-16T12:00:00+00:00,2026-07-16,,,,,,,,0.0,0.0,
4.8863525390625,85.0,,t_plus_8h,nyc,nyc:2026-07-16,4.8863525390625,KXHIGHNY-26JUL16,,temperature,neuralcaster_v2,89.8863525390625,,2026-07-16T13:00:00+00:00,2026-07-16,,,,,,,,0.0,0.0,
4.7233123779296875,85.0,,t_plus_9h,nyc,nyc:2026-07-16,4.7233123779296875,KXHIGHNY-26JUL16,,temperature,neuralcaster_v2,89.72331237792969,,2026-07-16T14:00:00+00:00,2026-07-16,,,,,,,,0.0,0.0,
4.64599609375,85.0,,t_plus_10h,nyc,nyc:2026-07-16,4.64599609375,KXHIGHNY-26JUL16,,temperature,neuralcaster_v2,89.64599609375,,2026-07-16T15:00:00+00:00,2026-07-16,,,,,,,,0.0,0.0,
4.1415557861328125,85.0,,t_plus_11h,nyc,nyc:2026-07-16,4.1415557861328125,KXHIGHNY-26JUL16,,temperature,neuralcaster_v2,89.14155578613281,,2026-07-16T16:00:00+00:00,2026-07-16,,,,,,,,0.0,0.0,
3.6357192993164062,85.0,,t_plus_12h,nyc,nyc:2026-07-16,3.6357192993164062,KXHIGHNY-26JUL16,,temperature,neuralcaster_v2,88.6357192993164,,2026-07-16T17:00:00+00:00,2026-07-16,,,,,,,,0.0,0.0,
3.4577484130859375,85.0,,t_plus_13h,nyc,nyc:2026-07-16,3.4577484130859375,KXHIGHNY-26JUL16,,temperature,neuralcaster_v2,88.45774841308594,,2026-07-16T18:00:00+00:00,2026-07-16,,,,,,,,0.0,0.0,
3.4461898803710938,85.0,,t_plus_14h,nyc,nyc:2026-07-16,3.4461898803710938,KXHIGHNY-26JUL16,,temperature,neuralcaster_v2,88.4461898803711,,2026-07-16T19:00:00+00:00,2026-07-16,,,,,,,,0.0,0.0,
3.446502685546875,85.0,,t_plus_15h,nyc,nyc:2026-07-16,3.446502685546875,KXHIGHNY-26JUL16,,temperature,neuralcaster_v2,88.44650268554688,,2026-07-16T20:00:00+00:00,2026-07-16,,,,,,,,0.0,0.0,
3.1498184204101562,85.0,,t_plus_16h,nyc,nyc:2026-07-16,3.1498184204101562,KXHIGHNY-26JUL16,,temperature,neuralcaster_v2,88.14981842041016,,2026-07-16T21:00:00+00:00,2026-07-16,,,,,,,,0.0,0.0,
3.0913162231445312,85.0,,t_plus_17h,nyc,nyc:2026-07-16,3.0913162231445312,KXHIGHNY-26JUL16,,temperature,neuralcaster_v2,88.09131622314453,,2026-07-16T22:00:00+00:00,2026-07-16,,,,,,,,0.0,0.0,
2.9087448120117188,85.0,,t_plus_18h,nyc,nyc:2026-07-16,2.9087448120117188,KXHIGHNY-26JUL16,,temperature,neuralcaster_v2,87.90874481201172,,2026-07-16T23:00:00+00:00,2026-07-16,,,,,,,,0.0,0.0,
1.6567916870117188,85.0,,t_plus_19h,nyc,nyc:2026-07-16,1.6567916870117188,KXHIGHNY-26JUL16,,temperature,neuralcaster_v2,86.65679168701172,,2026-07-17T00:00:00+00:00,2026-07-16,,,,,,,,0.0,1.0,
1.3105087280273438,85.0,,t_plus_20h,nyc,nyc:2026-07-16,1.3105087280273438,KXHIGHNY-26JUL16,,temperature,neuralcaster_v2,86.31050872802734,,2026-07-17T01:00:00+00:00,2026-07-16,,,,,,,,0.0,1.0,
1.299041748046875,85.0,,t_plus_21h,nyc,nyc:2026-07-16,1.299041748046875,KXHIGHNY-26JUL16,,temperature,neuralcaster_v2,86.29904174804688,,2026-07-17T02:00:00+00:00,2026-07-16,,,,,,,,0.0,1.0,
1.289642333984375,85.0,,t_plus_22h,nyc,nyc:2026-07-16,1.289642333984375,KXHIGHNY-26JUL16,,temperature,neuralcaster_v2,86.28964233398438,,2026-07-17T03:00:00+00:00,2026-07-16,,,,,,,,0.0,1.0,
1.2854766845703125,85.0,,t_plus_23h,nyc,nyc:2026-07-16,1.2854766845703125,KXHIGHNY-26JUL16,,temperature,neuralcaster_v2,86.28547668457031,,2026-07-17T04:00:00+00:00,2026-07-16,,,,,,,,0.0,1.0,
0.9716949462890625,86.0,,t_plus_0h,okc,okc:2026-07-16,0.9716949462890625,KXHIGHTOKC-26JUL16,,temperature,neuralcaster_v2,86.97169494628906,,2026-07-16T06:00:00+00:00,2026-07-16,,,,,,,,1.0,1.0,
0.7964706420898438,86.0,,t_plus_1h,okc,okc:2026-07-16,0.7964706420898438,KXHIGHTOKC-26JUL16,,temperature,neuralcaster_v2,86.79647064208984,,2026-07-16T07:00:00+00:00,2026-07-16,,,,,,,,1.0,1.0,
0.7702102661132812,86.0,,t_plus_2h,okc,okc:2026-07-16,0.7702102661132812,KXHIGHTOKC-26JUL16,,temperature,neuralcaster_v2,86.77021026611328,,2026-07-16T08:00:00+00:00,2026-07-16,,,,,,,,1.0,1.0,
1.0442428588867188,86.0,,t_plus_3h,okc,okc:2026-07-16,1.0442428588867188,KXHIGHTOKC-26JUL16,,temperature,neuralcaster_v2,87.04424285888672,,2026-07-16T09:00:00+00:00,2026-07-16,,,,,,,,0.0,1.0,
0.6903533935546875,86.0,,t_plus_4h,okc,okc:2026-07-16,0.6903533935546875,KXHIGHTOKC-26JUL16,,temperature,neuralcaster_v2,86.69035339355469,,2026-07-16T10:00:00+00:00,2026-07-16,,,,,,,,1.0,1.0,
0.5724258422851562,86.0,,t_plus_5h,okc,okc:2026-07-16,0.5724258422851562,KXHIGHTOKC-26JUL16,,temperature,neuralcaster_v2,86.57242584228516,,2026-07-16T11:00:00+00:00,2026-07-16,,,,,,,,1.0,1.0,
0.40729522705078125,86.0,,t_plus_6h,okc,okc:2026-07-16,0.40729522705078125,KXHIGHTOKC-26JUL16,,temperature,neuralcaster_v2,86.40729522705078,,2026-07-16T12:00:00+00:00,2026-07-16,,,,,,,,1.0,1.0,
0.270263671875,86.0,,t_plus_7h,okc,okc:2026-07-16,0.270263671875,KXHIGHTOKC-26JUL16,,temperature,neuralcaster_v2,86.270263671875,,2026-07-16T13:00:00+00:00,2026-07-16,,,,,,,,1.0,1.0,
0.13525390625,86.0,,t_plus_8h,okc,okc:2026-07-16,0.13525390625,KXHIGHTOKC-26JUL16,,temperature,neuralcaster_v2,86.13525390625,,2026-07-16T14:00:00+00:00,2026-07-16,,,,,,,,1.0,1.0,
0.07463836669921875,86.0,,t_plus_9h,okc,okc:2026-07-16,0.07463836669921875,KXHIGHTOKC-26JUL16,,temperature,neuralcaster_v2,86.07463836669922,,2026-07-16T15:00:00+00:00,2026-07-16,,,,,,,,1.0,1.0,
0.68218994140625,86.0,,t_plus_10h,okc,okc:2026-07-16,0.68218994140625,KXHIGHTOKC-26JUL16,,temperature,neuralcaster_v2,86.68218994140625,,2026-07-16T16:00:00+00:00,2026-07-16,,,,,,,,1.0,1.0,
0.8224716186523438,86.0,,t_plus_11h,okc,okc:2026-07-16,0.8224716186523438,KXHIGHTOKC-26JUL16,,temperature,neuralcaster_v2,86.82247161865234,,2026-07-16T17:00:00+00:00,2026-07-16,,,,,,,,1.0,1.0,
0.5491180419921875,86.0,,t_plus_12h,okc,okc:2026-07-16,0.5491180419921875,KXHIGHTOKC-26JUL16,,temperature,neuralcaster_v2,86.54911804199219,,2026-07-16T18:00:00+00:00,2026-07-16,,,,,,,,1.0,1.0,
0.5989227294921875,86.0,,t_plus_13h,okc,okc:2026-07-16,0.5989227294921875,KXHIGHTOKC-26JUL16,,temperature,neuralcaster_v2,86.59892272949219,,2026-07-16T19:00:00+00:00,2026-07-16,,,,,,,,1.0,1.0,
0.6040267944335938,86.0,,t_plus_14h,okc,okc:2026-07-16,0.6040267944335938,KXHIGHTOKC-26JUL16,,temperature,neuralcaster_v2,86.6040267944336,,2026-07-16T20:00:00+00:00,2026-07-16,,,,,,,,1.0,1.0,
0.50823974609375,86.0,,t_plus_15h,okc,okc:2026-07-16,0.50823974609375,KXHIGHTOKC-26JUL16,,temperature,neuralcaster_v2,86.50823974609375,,2026-07-16T21:00:00+00:00,2026-07-16,,,,,,,,1.0,1.0,
0.3486328125,86.0,,t_plus_16h,okc,okc:2026-07-16,0.3486328125,KXHIGHTOKC-26JUL16,,temperature,neuralcaster_v2,86.3486328125,,2026-07-16T22:00:00+00:00,2026-07-16,,,,,,,,1.0,1.0,
0.00733184814453125,86.0,,t_plus_17h,okc,okc:2026-07-16,0.00733184814453125,KXHIGHTOKC-26JUL16,,temperature,neuralcaster_v2,86.00733184814453,,2026-07-16T23:00:00+00:00,2026-07-16,,,,,,,,1.0,1.0,
0.0,86.0,,t_plus_18h,okc,okc:2026-07-16,0.0,KXHIGHTOKC-26JUL16,,temperature,neuralcaster_v2,86.0,,2026-07-17T00:00:00+00:00,2026-07-16,,,,,,,,1.0,1.0,
0.0,86.0,,t_plus_19h,okc,okc:2026-07-16,0.0,KXHIGHTOKC-26JUL16,,temperature,neuralcaster_v2,86.0,,2026-07-17T01:00:00+00:00,2026-07-16,,,,,,,,1.0,1.0,
0.0,86.0,,t_plus_20h,okc,okc:2026-07-16,0.0,KXHIGHTOKC-26JUL16,,temperature,neuralcaster_v2,86.0,,2026-07-17T02:00:00+00:00,2026-07-16,,,,,,,,1.0,1.0,
0.0,86.0,,t_plus_21h,okc,okc:2026-07-16,0.0,KXHIGHTOKC-26JUL16,,temperature,neuralcaster_v2,86.0,,2026-07-17T03:00:00+00:00,2026-07-16,,,,,,,,1.0,1.0,
0.0,86.0,,t_plus_22h,okc,okc:2026-07-16,0.0,KXHIGHTOKC-26JUL16,,temperature,neuralcaster_v2,86.0,,2026-07-17T04:00:00+00:00,2026-07-16,,,,,,,,1.0,1.0,
0.0,86.0,,t_plus_23h,okc,okc:2026-07-16,0.0,KXHIGHTOKC-26JUL16,,temperature,neuralcaster_v2,86.0,,2026-07-17T05:00:00+00:00,2026-07-16,,,,,,,,1.0,1.0,
,,0.27355274471094787,t_plus_0h,aus,aus:2026-07-15,,KXHIGHAUS-26JUL15,0.4989238235357619,bracket,neuralcaster_v2,,0.03138037442382065,2026-07-15T06:00:00+00:00,2026-07-15,lower_tail,1.0,0.6071837450879788,KXHIGHAUS-26JUL15-T82,lower_tail,0.6071837450879788,KXHIGHAUS-26JUL15-T82,,,1.0
,,0.2191221184764727,t_plus_1h,aus,aus:2026-07-15,,KXHIGHAUS-26JUL15,0.43331844925043966,bracket,neuralcaster_v2,,0.025150173954585964,2026-07-15T07:00:00+00:00,2026-07-15,lower_tail,1.0,0.648353991084241,KXHIGHAUS-26JUL15-T82,lower_tail,0.648353991084241,KXHIGHAUS-26JUL15-T82,,,1.0
,,0.19773762750641918,t_plus_2h,aus,aus:2026-07-15,,KXHIGHAUS-26JUL15,0.40670337092674747,bracket,neuralcaster_v2,,0.022715346467294756,2026-07-15T08:00:00+00:00,2026-07-15,lower_tail,1.0,0.6658416690083212,KXHIGHAUS-26JUL15-T82,lower_tail,0.6658416690083212,KXHIGHAUS-26JUL15-T82,,,1.0
,,0.17236230338389544,t_plus_3h,aus,aus:2026-07-15,,KXHIGHAUS-26JUL15,0.3740536984100943,bracket,neuralcaster_v2,,0.019813181879245276,2026-07-15T09:00:00+00:00,2026-07-15,lower_tail,1.0,0.6879399695545122,KXHIGHAUS-26JUL15-T82,lower_tail,0.6879399695545122,KXHIGHAUS-26JUL15-T82,,,1.0
,,0.1555326258289849,t_plus_4h,aus,aus:2026-07-15,,KXHIGHAUS-26JUL15,0.3516821939492724,bracket,neuralcaster_v2,,0.017888345652545004,2026-07-15T10:00:00+00:00,2026-07-15,lower_tail,1.0,0.7035036641741115,KXHIGHAUS-26JUL15-T82,lower_tail,0.7035036641741115,KXHIGHAUS-26JUL15-T82,,,1.0
,,0.14901383940138946,t_plus_5h,aus,aus:2026-07-15,,KXHIGHAUS-26JUL15,0.3428240575913087,bracket,neuralcaster_v2,,0.017141734357151776,2026-07-15T11:00:00+00:00,2026-07-15,lower_tail,1.0,0.709763078000779,KXHIGHAUS-26JUL15-T82,lower_tail,0.709763078000779,KXHIGHAUS-26JUL15-T82,,,1.0
,,0.1212270602541967,t_plus_6h,aus,aus:2026-07-15,,KXHIGHAUS-26JUL15,0.3036688132347153,bracket,neuralcaster_v2,,0.013960933006825276,2026-07-15T12:00:00+00:00,2026-07-15,lower_tail,1.0,0.7381052766746629,KXHIGHAUS-26JUL15-T82,lower_tail,0.7381052766746629,KXHIGHAUS-26JUL15-T82,,,1.0
,,0.15342833366054823,t_plus_7h,aus,aus:2026-07-15,,KXHIGHAUS-26JUL15,0.3488266070188848,bracket,neuralcaster_v2,,0.017646433880150178,2026-07-15T13:00:00+00:00,2026-07-15,lower_tail,1.0,0.7055154510921496,KXHIGHAUS-26JUL15-T82,lower_tail,0.7055154510921496,KXHIGHAUS-26JUL15-T82,,,1.0
,,0.18132233115307086,t_plus_8h,aus,aus:2026-07-15,,KXHIGHAUS-26JUL15,0.3857094093770099,bracket,neuralcaster_v2,,0.02083702210983472,2026-07-15T14:00:00+00:00,2026-07-15,lower_tail,1.0,0.6799680893245498,KXHIGHAUS-26JUL15-T82,lower_tail,0.6799680893245498,KXHIGHAUS-26JUL15-T82,,,1.0
,,0.07900211604535422,t_plus_9h,aus,aus:2026-07-15,,KXHIGHAUS-26JUL15,0.23634637374611112,bracket,neuralcaster_v2,,0.008995448311889873,2026-07-15T15:00:00+00:00,2026-07-15,lower_tail,1.0,0.7895071620135751,KXHIGHAUS-26JUL15-T82,lower_tail,0.7895071620135751,KXHIGHAUS-26JUL15-T82,,,1.0
,,0.11776087977653094,t_plus_10h,aus,aus:2026-07-15,,KXHIGHAUS-26JUL15,0.2984898007985013,bracket,neuralcaster_v2,,0.013553324156492352,2026-07-15T16:00:00+00:00,2026-07-15,lower_tail,1.0,0.7419378489851371,KXHIGHAUS-26JUL15-T82,lower_tail,0.7419378489851371,KXHIGHAUS-26JUL15-T82,,,1.0
,,0.09654581180325433,t_plus_11h,aus,aus:2026-07-15,,KXHIGHAUS-26JUL15,0.2655828600170037,bracket,neuralcaster_v2,,0.011059513841534445,2026-07-15T17:00:00+00:00,2026-07-15,lower_tail,1.0,0.766758906597319,KXHIGHAUS-26JUL15-T82,lower_tail,0.766758906597319,KXHIGHAUS-26JUL15-T82,,,1.0
,,0.1106868248909701,t_plus_12h,aus,aus:2026-07-15,,KXHIGHAUS-26JUL15,0.28789082606082234,bracket,neuralcaster_v2,,0.012734553367452911,2026-07-15T18:00:00+00:00,2026-07-15,lower_tail,1.0,0.7498434511338579,KXHIGHAUS-26JUL15-T82,lower_tail,0.7498434511338579,KXHIGHAUS-26JUL15-T82,,,1.0
,,0.13246654162608276,t_plus_13h,aus,aus:2026-07-15,,KXHIGHAUS-26JUL15,0.31970773870328395,bracket,neuralcaster_v2,,0.015236779674095913,2026-07-15T19:00:00+00:00,2026-07-15,lower_tail,1.0,0.7263612933485114,KXHIGHAUS-26JUL15-T82,lower_tail,0.7263612933485114,KXHIGHAUS-26JUL15-T82,,,1.0
,,0.053778223642748195,t_plus_14h,aus,aus:2026-07-15,,KXHIGHAUS-26JUL15,0.18951183301130606,bracket,neuralcaster_v2,,0.006032670368539548,2026-07-15T20:00:00+00:00,2026-07-15,lower_tail,1.0,0.827362926644667,KXHIGHAUS-26JUL15-T82,lower_tail,0.827362926644667,KXHIGHAUS-26JUL15-T82,,,1.0
,,0.01874239112346742,t_plus_15h,aus,aus:2026-07-15,,KXHIGHAUS-26JUL15,0.10417336937452705,bracket,neuralcaster_v2,,0.0019639901778152734,2026-07-15T21:00:00+00:00,2026-07-15,lower_tail,1.0,0.9010690660983376,KXHIGHAUS-26JUL15-T82,lower_tail,0.9010690660983376,KXHIGHAUS-26JUL15-T82,,,1.0
,,0.02192709372235592,t_plus_16h,aus,aus:2026-07-15,,KXHIGHAUS-26JUL15,0.11279985409494972,bracket,neuralcaster_v2,,0.0022816740266003457,2026-07-15T22:00:00+00:00,2026-07-15,lower_tail,1.0,0.89332943845351,KXHIGHAUS-26JUL15-T82,lower_tail,0.89332943845351,KXHIGHAUS-26JUL15-T82,,,1.0
,,0.016759432696730435,t_plus_17h,aus,aus:2026-07-15,,KXHIGHAUS-26JUL15,0.09816458531321184,bracket,neuralcaster_v2,,0.0017544136957623063,2026-07-15T23:00:00+00:00,2026-07-15,lower_tail,1.0,0.90649969493925,KXHIGHAUS-26JUL15-T82,lower_tail,0.90649969493925,KXHIGHAUS-26JUL15-T82,,,1.0
,,0.14556373634941028,t_plus_18h,aus,aus:2026-07-15,,KXHIGHAUS-26JUL15,0.3322363254101453,bracket,neuralcaster_v2,,0.016137486492299163,2026-07-16T00:00:00+00:00,2026-07-15,lower_tail,1.0,0.7173177824027431,KXHIGHAUS-26JUL15-T82,lower_tail,0.7173177824027431,KXHIGHAUS-26JUL15-T82,,,1.0
,,0.14581035775077,t_plus_19h,aus,aus:2026-07-15,,KXHIGHAUS-26JUL15,0.33265996907855633,bracket,neuralcaster_v2,,0.016173791376965643,2026-07-16T01:00:00+00:00,2026-07-15,lower_tail,1.0,0.7170139596268312,KXHIGHAUS-26JUL15-T82,lower_tail,0.7170139596268312,KXHIGHAUS-26JUL15-T82,,,1.0
,,0.14609113545561134,t_plus_20h,aus,aus:2026-07-15,,KXHIGHAUS-26JUL15,0.3331420224877897,bracket,neuralcaster_v2,,0.016215144138338616,2026-07-16T02:00:00+00:00,2026-07-15,lower_tail,1.0,0.7166684038979754,KXHIGHAUS-26JUL15-T82,lower_tail,0.7166684038979754,KXHIGHAUS-26JUL15-T82,,,1.0
,,0.1460226817815491,t_plus_21h,aus,aus:2026-07-15,,KXHIGHAUS-26JUL15,0.3330245235615549,bracket,neuralcaster_v2,,0.01620506038670251,2026-07-16T03:00:00+00:00,2026-07-15,lower_tail,1.0,0.7167526166132547,KXHIGHAUS-26JUL15-T82,lower_tail,0.7167526166132547,KXHIGHAUS-26JUL15-T82,,,1.0
,,0.1460685962602982,t_plus_22h,aus,aus:2026-07-15,,KXHIGHAUS-26JUL15,0.3331033363891659,bracket,neuralcaster_v2,,0.01621182380391884,2026-07-16T04:00:00+00:00,2026-07-15,lower_tail,1.0,0.7166961295388241,KXHIGHAUS-26JUL15-T82,lower_tail,0.7166961295388241,KXHIGHAUS-26JUL15-T82,,,1.0
,,0.14592293994354033,t_plus_23h,aus,aus:2026-07-15,,KXHIGHAUS-26JUL15,0.33285328954741683,bracket,neuralcaster_v2,,0.016190369885023502,2026-07-16T05:00:00+00:00,2026-07-15,lower_tail,1.0,0.7168753595495243,KXHIGHAUS-26JUL15-T82,lower_tail,0.7168753595495243,KXHIGHAUS-26JUL15-T82,,,1.0
,,0.4449874767182465,t_plus_0h,den,den:2026-07-15,,KXHIGHDEN-26JUL15,0.7909455531001575,bracket,neuralcaster_v2,,0.03817857329750987,2026-07-15T07:00:00+00:00,2026-07-15,bounded,1.0,0.4534158637499143,KXHIGHDEN-26JUL15-B93.5,bounded,0.4534158637499143,KXHIGHDEN-26JUL15-B93.5,,,1.0
,,0.44549643727434546,t_plus_1h,den,den:2026-07-15,,KXHIGHDEN-26JUL15,0.79088433221159,bracket,neuralcaster_v2,,0.03832528311234236,2026-07-15T08:00:00+00:00,2026-07-15,bounded,1.0,0.45344362312170167,KXHIGHDEN-26JUL15-B93.5,bounded,0.45344362312170167,KXHIGHDEN-26JUL15-B93.5,,,1.0
,,0.4358459377259499,t_plus_2h,den,den:2026-07-15,,KXHIGHDEN-26JUL15,0.782204965042394,bracket,neuralcaster_v2,,0.03652012999740129,2026-07-15T09:00:00+00:00,2026-07-15,bounded,1.0,0.4573963556118945,KXHIGHDEN-26JUL15-B93.5,bounded,0.4573963556118945,KXHIGHDEN-26JUL15-B93.5,,,1.0
,,0.45289981779894684,t_plus_3h,den,den:2026-07-15,,KXHIGHDEN-26JUL15,0.7997867444307639,bracket,neuralcaster_v2,,0.039633007674892556,2026-07-15T10:00:00+00:00,2026-07-15,bounded,1.0,0.44942479623924236,KXHIGHDEN-26JUL15-B93.5,bounded,0.44942479623924236,KXHIGHDEN-26JUL15-B93.5,,,1.0
,,0.4493809352745458,t_plus_4h,den,den:2026-07-15,,KXHIGHDEN-26JUL15,0.7961862472804524,bracket,neuralcaster_v2,,0.0389557468031311,2026-07-15T11:00:00+00:00,2026-07-15,bounded,1.0,0.4510458655137948,KXHIGHDEN-26JUL15-B93.5,bounded,0.4510458655137948,KXHIGHDEN-26JUL15-B93.5,,,1.0
,,0.42908392825655145,t_plus_5h,den,den:2026-07-15,,KXHIGHDEN-26JUL15,0.7766193201885984,bracket,neuralcaster_v2,,0.03550516700954969,2026-07-15T12:00:00+00:00,2026-07-15,bounded,1.0,0.4599583577677615,KXHIGHDEN-26JUL15-B93.5,bounded,0.4599583577677615,KXHIGHDEN-26JUL15-B93.5,,,1.0
,,0.41361025430276555,t_plus_6h,den,den:2026-07-15,,KXHIGHDEN-26JUL15,0.7628654665071617,bracket,neuralcaster_v2,,0.03329650332762628,2026-07-15T13:00:00+00:00,2026-07-15,bounded,1.0,0.4663282626749573,KXHIGHDEN-26JUL15-B93.5,bounded,0.4663282626749573,KXHIGHDEN-26JUL15-B93.5,,,1.0
,,0.4193920339812061,t_plus_7h,den,den:2026-07-15,,KXHIGHDEN-26JUL15,0.7683448429361546,bracket,neuralcaster_v2,,0.03408771340270116,2026-07-15T14:00:00+00:00,2026-07-15,bounded,1.0,0.46378006223449997,KXHIGHDEN-26JUL15-B93.5,bounded,0.46378006223449997,KXHIGHDEN-26JUL15-B93.5,,,1.0
,,0.44989132591734843,t_plus_8h,den,den:2026-07-15,,KXHIGHDEN-26JUL15,0.7983702421272796,bracket,neuralcaster_v2,,0.038910939708767536,2026-07-15T15:00:00+00:00,2026-07-15,bounded,1.0,0.4500618585919823,KXHIGHDEN-26JUL15-B93.5,bounded,0.4500618585919823,KXHIGHDEN-26JUL15-B93.5,,,1.0
,,0.47032343784540837,t_plus_9h,den,den:2026-07-15,,KXHIGHDEN-26JUL15,0.818436140595198,bracket,neuralcaster_v2,,0.042960612442038554,2026-07-15T16:00:00+00:00,2026-07-15,bounded,1.0,0.4411209665441428,KXHIGHDEN-26JUL15-B93.5,bounded,0.4411209665441428,KXHIGHDEN-26JUL15-B93.5,,,1.0
,,0.46654997471945203,t_plus_10h,den,den:2026-07-15,,KXHIGHDEN-26JUL15,0.81450023021828,bracket,neuralcaster_v2,,0.042224966726738436,2026-07-15T17:00:00+00:00,2026-07-15,bounded,1.0,0.44286060040955305,KXHIGHDEN-26JUL15-B93.5,bounded,0.44286060040955305,KXHIGHDEN-26JUL15-B93.5,,,1.0
,,0.48153116072581215,t_plus_11h,den,den:2026-07-15,,KXHIGHDEN-26JUL15,0.8277243664242796,bracket,neuralcaster_v2,,0.045378117533202623,2026-07-15T18:00:00+00:00,2026-07-15,bounded,1.0,0.43704270461747025,KXHIGHDEN-26JUL15-B93.5,bounded,0.43704270461747025,KXHIGHDEN-26JUL15-B93.5,,,1.0
,,0.4392571884213333,t_plus_12h,den,den:2026-07-15,,KXHIGHDEN-26JUL15,0.7844889679081134,bracket,neuralcaster_v2,,0.03714020228276656,2026-07-15T19:00:00+00:00,2026-07-15,bounded,1.0,0.45635285315983665,KXHIGHDEN-26JUL15-B93.5,bounded,0.45635285315983665,KXHIGHDEN-26JUL15-B93.5,,,1.0
,,0.5383874076933574,t_plus_13h,den,den:2026-07-15,,KXHIGHDEN-26JUL15,0.8952223858939312,bracket,neuralcaster_v2,,0.05435575346889467,2026-07-15T20:00:00+00:00,2026-07-15,bounded,0.0,0.41663193963390577,KXHIGHDEN-26JUL15-B91.5,bounded,0.4085167401779523,KXHIGHDEN-26JUL15-B93.5,,,1.0
,,0.442847137911099,t_plus_14h,den,den:2026-07-15,,KXHIGHDEN-26JUL15,0.7788292864533917,bracket,neuralcaster_v2,,0.03743769426467543,2026-07-15T21:00:00+00:00,2026-07-15,bounded,1.0,0.4589429876939412,KXHIGHDEN-26JUL15-B93.5,bounded,0.4589429876939412,KXHIGHDEN-26JUL15-B93.5,,,1.0
,,0.4072344753842205,t_plus_15h,den,den:2026-07-15,,KXHIGHDEN-26JUL15,0.7126760887952313,bracket,neuralcaster_v2,,0.030121619009709555,2026-07-15T22:00:00+00:00,2026-07-15,bounded,1.0,0.49033027280655594,KXHIGHDEN-26JUL15-B93.5,bounded,0.49033027280655594,KXHIGHDEN-26JUL15-B93.5,,,1.0
,,0.41647019036148897,t_plus_16h,den,den:2026-07-15,,KXHIGHDEN-26JUL15,0.7195884759048212,bracket,neuralcaster_v2,,0.031166800464582912,2026-07-15T23:00:00+00:00,2026-07-15,bounded,1.0,0.4869526074635899,KXHIGHDEN-26JUL15-B93.5,bounded,0.4869526074635899,KXHIGHDEN-26JUL15-B93.5,,,1.0
,,0.3265054154259679,t_plus_17h,den,den:2026-07-15,,KXHIGHDEN-26JUL15,0.620364096519455,bracket,neuralcaster_v2,,0.022866338511572507,2026-07-16T00:00:00+00:00,2026-07-15,bounded,1.0,0.5377486095496042,KXHIGHDEN-26JUL15-B93.5,bounded,0.5377486095496042,KXHIGHDEN-26JUL15-B93.5,,,1.0
,,0.3263776528399455,t_plus_18h,den,den:2026-07-15,,KXHIGHDEN-26JUL15,0.6201619465550299,bracket,neuralcaster_v2,,0.022860857596729175,2026-07-16T01:00:00+00:00,2026-07-15,bounded,1.0,0.5378573264000779,KXHIGHDEN-26JUL15-B93.5,bounded,0.5378573264000779,KXHIGHDEN-26JUL15-B93.5,,,1.0
,,0.3252503812557259,t_plus_19h,den,den:2026-07-15,,KXHIGHDEN-26JUL15,0.6185000631433345,bracket,neuralcaster_v2,,0.02280025945797261,2026-07-16T02:00:00+00:00,2026-07-15,bounded,1.0,0.5387519257226719,KXHIGHDEN-26JUL15-B93.5,bounded,0.5387519257226719,KXHIGHDEN-26JUL15-B93.5,,,1.0
,,0.32554998253190615,t_plus_20h,den,den:2026-07-15,,KXHIGHDEN-26JUL15,0.6189419423920257,bracket,neuralcaster_v2,,0.022816350510937923,2026-07-16T03:00:00+00:00,2026-07-15,bounded,1.0,0.5385139150163715,KXHIGHDEN-26JUL15-B93.5,bounded,0.5385139150163715,KXHIGHDEN-26JUL15-B93.5,,,1.0
,,0.3255346475192793,t_plus_21h,den,den:2026-07-15,,KXHIGHDEN-26JUL15,0.6189193282909639,bracket,neuralcaster_v2,,0.022815526639993138,2026-07-16T04:00:00+00:00,2026-07-15,bounded,1.0,0.5385260931621673,KXHIGHDEN-26JUL15-B93.5,bounded,0.5385260931621673,KXHIGHDEN-26JUL15-B93.5,,,1.0
,,0.3252080661237472,t_plus_22h,den,den:2026-07-15,,KXHIGHDEN-26JUL15,0.6184376417261388,bracket,neuralcaster_v2,,0.022797987633109557,2026-07-16T05:00:00+00:00,2026-07-15,bounded,1.0,0.5387855564310198,KXHIGHDEN-26JUL15-B93.5,bounded,0.5387855564310198,KXHIGHDEN-26JUL15-B93.5,,,1.0
,,0.32488441296797177,t_plus_23h,den,den:2026-07-15,,KXHIGHDEN-26JUL15,0.6179601108752228,bracket,neuralcaster_v2,,0.02278061820147324,2026-07-16T06:00:00+00:00,2026-07-15,bounded,1.0,0.5390429045971975,KXHIGHDEN-26JUL15-B93.5,bounded,0.5390429045971975,KXHIGHDEN-26JUL15-B93.5,,,1.0
,,0.5443527173827938,t_plus_0h,la,la:2026-07-15,,KXHIGHLAX-26JUL15,0.8993725460885833,bracket,neuralcaster_v2,,0.05539284175523941,2026-07-15T08:00:00+00:00,2026-07-15,bounded,0.0,0.4220867155987209,KXHIGHLAX-26JUL15-B82.5,bounded,0.4068248435135228,KXHIGHLAX-26JUL15-B80.5,,,1.0
,,0.5167167048717914,t_plus_1h,la,la:2026-07-15,,KXHIGHLAX-26JUL15,0.8658362992795496,bracket,neuralcaster_v2,,0.05099735309681236,2026-07-15T09:00:00+00:00,2026-07-15,bounded,1.0,0.42069957471715635,KXHIGHLAX-26JUL15-B80.5,bounded,0.42069957471715635,KXHIGHLAX-26JUL15-B80.5,,,1.0
,,0.4866334374596198,t_plus_2h,la,la:2026-07-15,,KXHIGHLAX-26JUL15,0.8288958030184185,bracket,neuralcaster_v2,,0.04644706627328049,2026-07-15T10:00:00+00:00,2026-07-15,bounded,1.0,0.43653103655193987,KXHIGHLAX-26JUL15-B80.5,bounded,0.43653103655193987,KXHIGHLAX-26JUL15-B80.5,,,1.0
,,0.45869786663727463,t_plus_3h,la,la:2026-07-15,,KXHIGHLAX-26JUL15,0.7999915634237074,bracket,neuralcaster_v2,,0.041253869515892605,2026-07-15T11:00:00+00:00,2026-07-15,bounded,1.0,0.4493327549312986,KXHIGHLAX-26JUL15-B80.5,bounded,0.4493327549312986,KXHIGHLAX-26JUL15-B80.5,,,1.0
,,0.5648086399078388,t_plus_4h,la,la:2026-07-15,,KXHIGHLAX-26JUL15,0.9226153443574456,bracket,neuralcaster_v2,,0.05863559791442674,2026-07-15T12:00:00+00:00,2026-07-15,bounded,0.0,0.43312297395776317,KXHIGHLAX-26JUL15-B82.5,bounded,0.3974781383119923,KXHIGHLAX-26JUL15-B80.5,,,1.0
,,0.6194545718426332,t_plus_5h,la,la:2026-07-15,,KXHIGHLAX-26JUL15,0.9962411515898426,bracket,neuralcaster_v2,,0.06932446531463296,2026-07-15T13:00:00+00:00,2026-07-15,bounded,0.0,0.4533201689231273,KXHIGHLAX-26JUL15-B82.5,bounded,0.3692648463568665,KXHIGHLAX-26JUL15-B80.5,,,1.0
,,0.7825617174891688,t_plus_6h,la,la:2026-07-15,,KXHIGHLAX-26JUL15,1.2612902586813464,bracket,neuralcaster_v2,,0.09898416671128088,2026-07-15T14:00:00+00:00,2026-07-15,bounded,0.0,0.48820769041556944,KXHIGHLAX-26JUL15-B82.5,bounded,0.28328827543706303,KXHIGHLAX-26JUL15-B80.5,,,1.0
,,0.9501979308954056,t_plus_7h,la,la:2026-07-15,,KXHIGHLAX-26JUL15,1.5980425839574235,bracket,neuralcaster_v2,,0.13265270777689298,2026-07-15T15:00:00+00:00,2026-07-15,bounded,0.0,0.5095221998907933,KXHIGHLAX-26JUL15-B82.5,bounded,0.20229210051139523,KXHIGHLAX-26JUL15-B80.5,,,1.0
,,0.8580622272725947,t_plus_8h,la,la:2026-07-15,,KXHIGHLAX-26JUL15,1.3981120365683886,bracket,neuralcaster_v2,,0.11267094524556436,2026-07-15T16:00:00+00:00,2026-07-15,bounded,0.0,0.5028479322679615,KXHIGHLAX-26JUL15-B82.5,bounded,0.24706296975442193,KXHIGHLAX-26JUL15-B80.5,,,1.0
,,0.4218640989402096,t_plus_9h,la,la:2026-07-15,,KXHIGHLAX-26JUL15,0.7455798195959995,bracket,neuralcaster_v2,,0.037125884095026505,2026-07-15T17:00:00+00:00,2026-07-15,bounded,1.0,0.4744591194751365,KXHIGHLAX-26JUL15-B80.5,bounded,0.4744591194751365,KXHIGHLAX-26JUL15-B80.5,,,1.0
,,0.415344343685433,t_plus_10h,la,la:2026-07-15,,KXHIGHLAX-26JUL15,0.7407736186222428,bracket,neuralcaster_v2,,0.03602550260778187,2026-07-15T18:00:00+00:00,2026-07-15,bounded,1.0,0.4767449540471912,KXHIGHLAX-26JUL15-B80.5,bounded,0.4767449540471912,KXHIGHLAX-26JUL15-B80.5,,,1.0
,,0.5180311225302823,t_plus_11h,la,la:2026-07-15,,KXHIGHLAX-26JUL15,0.801823800728078,bracket,neuralcaster_v2,,0.062276566828097436,2026-07-15T19:00:00+00:00,2026-07-15,bounded,0.0,0.4523809679522697,KXHIGHLAX-26JUL15-B82.5,bounded,0.4485102244612527,KXHIGHLAX-26JUL15-B80.5,,,1.0
,,0.20581830969141543,t_plus_12h,la,la:2026-07-15,,KXHIGHLAX-26JUL15,0.4134494172953212,bracket,neuralcaster_v2,,0.02293872393056407,2026-07-15T20:00:00+00:00,2026-07-15,bounded,1.0,0.6613649871641942,KXHIGHLAX-26JUL15-B80.5,bounded,0.6613649871641942,KXHIGHLAX-26JUL15-B80.5,,,1.0
,,0.14493171613416808,t_plus_13h,la,la:2026-07-15,,KXHIGHLAX-26JUL15,0.3311496535147293,bracket,neuralcaster_v2,,0.015797980321973316,2026-07-15T21:00:00+00:00,2026-07-15,bounded,1.0,0.7180976951548496,KXHIGHLAX-26JUL15-B80.5,bounded,0.7180976951548496,KXHIGHLAX-26JUL15-B80.5,,,1.0
,,0.14485475474278506,t_plus_14h,la,la:2026-07-15,,KXHIGHLAX-26JUL15,0.3310172308354982,bracket,neuralcaster_v2,,0.015786786519756492,2026-07-15T22:00:00+00:00,2026-07-15,bounded,1.0,0.7181927938720661,KXHIGHLAX-26JUL15-B80.5,bounded,0.7181927938720661,KXHIGHLAX-26JUL15-B80.5,,,1.0
,,0.14476251227665402,t_plus_15h,la,la:2026-07-15,,KXHIGHLAX-26JUL15,0.3308584867769015,bracket,neuralcaster_v2,,0.015773372260129818,2026-07-15T23:00:00+00:00,2026-07-15,bounded,1.0,0.7183068117606121,KXHIGHLAX-26JUL15-B80.5,bounded,0.7183068117606121,KXHIGHLAX-26JUL15-B80.5,,,1.0
,,0.14531153654553056,t_plus_16h,la,la:2026-07-15,,KXHIGHLAX-26JUL15,0.3318028744207223,bracket,neuralcaster_v2,,0.015853247695918133,2026-07-16T00:00:00+00:00,2026-07-15,bounded,1.0,0.7176287718997398,KXHIGHLAX-26JUL15-B80.5,bounded,0.7176287718997398,KXHIGHLAX-26JUL15-B80.5,,,1.0
,,0.14525273065101207,t_plus_17h,la,la:2026-07-15,,KXHIGHLAX-26JUL15,0.33170177308162446,bracket,neuralcaster_v2,,0.01584468832524368,2026-07-16T01:00:00+00:00,2026-07-15,bounded,1.0,0.717701328797292,KXHIGHLAX-26JUL15-B80.5,bounded,0.717701328797292,KXHIGHLAX-26JUL15-B80.5,,,1.0
,,0.1450011211826625,t_plus_18h,la,la:2026-07-15,,KXHIGHLAX-26JUL15,0.3312690561419744,bracket,neuralcaster_v2,,0.015808076461901,2026-07-16T02:00:00+00:00,2026-07-15,bounded,1.0,0.7180119575221806,KXHIGHLAX-26JUL15-B80.5,bounded,0.7180119575221806,KXHIGHLAX-26JUL15-B80.5,,,1.0
,,0.1452041883014736,t_plus_19h,la,la:2026-07-15,,KXHIGHLAX-26JUL15,0.3316183078673474,bracket,neuralcaster_v2,,0.015837623552905297,2026-07-16T03:00:00+00:00,2026-07-15,bounded,1.0,0.7177612343924689,KXHIGHLAX-26JUL15-B80.5,bounded,0.7177612343924689,KXHIGHLAX-26JUL15-B80.5,,,1.0
,,0.14544117855226735,t_plus_20h,la,la:2026-07-15,,KXHIGHLAX-26JUL15,0.3320257161065858,bracket,neuralcaster_v2,,0.015872120794475583,2026-07-16T04:00:00+00:00,2026-07-15,bounded,1.0,0.7174688721112165,KXHIGHLAX-26JUL15-B80.5,bounded,0.7174688721112165,KXHIGHLAX-26JUL15-B80.5,,,1.0
,,0.14546768819137107,t_plus_21h,la,la:2026-07-15,,KXHIGHLAX-26JUL15,0.33207127611960463,bracket,neuralcaster_v2,,0.01587598059290112,2026-07-16T05:00:00+00:00,2026-07-15,bounded,1.0,0.7174361849646815,KXHIGHLAX-26JUL15-B80.5,bounded,0.7174361849646815,KXHIGHLAX-26JUL15-B80.5,,,1.0
,,0.1455893306007945,t_plus_22h,la,la:2026-07-15,,KXHIGHLAX-26JUL15,0.3322803010428331,bracket,neuralcaster_v2,,0.015893694154272612,2026-07-16T06:00:00+00:00,2026-07-15,bounded,1.0,0.7172862385930083,KXHIGHLAX-26JUL15-B80.5,bounded,0.7172862385930083,KXHIGHLAX-26JUL15-B80.5,,,1.0
,,0.14570253262893665,t_plus_23h,la,la:2026-07-15,,KXHIGHLAX-26JUL15,0.33247477490129873,bracket,neuralcaster_v2,,0.01591018223972672,2026-07-16T07:00:00+00:00,2026-07-15,bounded,1.0,0.7171467587335977,KXHIGHLAX-26JUL15-B80.5,bounded,0.7171467587335977,KXHIGHLAX-26JUL15-B80.5,,,1.0
,,0.5701717865438362,t_plus_0h,mia,mia:2026-07-15,,KXHIGHMIA-26JUL15,0.9293184929312558,bracket,neuralcaster_v2,,0.059522899201468416,2026-07-15T05:00:00+00:00,2026-07-15,bounded,0.0,0.4356189127875914,KXHIGHMIA-26JUL15-B92.5,bounded,0.3948226931606439,KXHIGHMIA-26JUL15-B94.5,,,1.0
,,0.5152591511121375,t_plus_1h,mia,mia:2026-07-15,,KXHIGHMIA-26JUL15,0.865049624429038,bracket,neuralcaster_v2,,0.05074314420131589,2026-07-15T06:00:00+00:00,2026-07-15,bounded,1.0,0.4210306587028553,KXHIGHMIA-26JUL15-B94.5,bounded,0.4210306587028553,KXHIGHMIA-26JUL15-B94.5,,,1.0
,,0.5080581408011192,t_plus_2h,mia,mia:2026-07-15,,KXHIGHMIA-26JUL15,0.856081463437781,bracket,neuralcaster_v2,,0.0496580774729989,2026-07-15T07:00:00+00:00,2026-07-15,bounded,1.0,0.4248235114685655,KXHIGHMIA-26JUL15-B94.5,bounded,0.4248235114685655,KXHIGHMIA-26JUL15-B94.5,,,1.0
,,0.4976946048609502,t_plus_3h,mia,mia:2026-07-15,,KXHIGHMIA-26JUL15,0.843004400831745,bracket,neuralcaster_v2,,0.04811934695385286,2026-07-15T08:00:00+00:00,2026-07-15,bounded,1.0,0.4304154384248137,KXHIGHMIA-26JUL15-B94.5,bounded,0.4304154384248137,KXHIGHMIA-26JUL15-B94.5,,,1.0
,,0.46964946464409807,t_plus_4h,mia,mia:2026-07-15,,KXHIGHMIA-26JUL15,0.811446351385238,bracket,neuralcaster_v2,,0.043382926114849465,2026-07-15T09:00:00+00:00,2026-07-15,bounded,1.0,0.44421511022485954,KXHIGHMIA-26JUL15-B94.5,bounded,0.44421511022485954,KXHIGHMIA-26JUL15-B94.5,,,1.0
,,0.47133321953437113,t_plus_5h,mia,mia:2026-07-15,,KXHIGHMIA-26JUL15,0.8123696697606408,bracket,neuralcaster_v2,,0.04378622961764293,2026-07-15T10:00:00+00:00,2026-07-15,bounded,1.0,0.443805147543121,KXHIGHMIA-26JUL15-B94.5,bounded,0.443805147543121,KXHIGHMIA-26JUL15-B94.5,,,1.0
,,0.4727931145098894,t_plus_6h,mia,mia:2026-07-15,,KXHIGHMIA-26JUL15,0.8135237445432838,bracket,neuralcaster_v2,,0.04410543093368468,2026-07-15T11:00:00+00:00,2026-07-15,bounded,1.0,0.4432932586497809,KXHIGHMIA-26JUL15-B94.5,bounded,0.4432932586497809,KXHIGHMIA-26JUL15-B94.5,,,1.0
,,0.5185582923833832,t_plus_7h,mia,mia:2026-07-15,,KXHIGHMIA-26JUL15,0.8679501683152381,bracket,neuralcaster_v2,,0.0512907819413998,2026-07-15T12:00:00+00:00,2026-07-15,bounded,1.0,0.41981121018677153,KXHIGHMIA-26JUL15-B94.5,bounded,0.41981121018677153,KXHIGHMIA-26JUL15-B94.5,,,1.0
,,0.5482446458706747,t_plus_8h,mia,mia:2026-07-15,,KXHIGHMIA-26JUL15,0.9033667372849178,bracket,neuralcaster_v2,,0.05603619835930801,2026-07-15T13:00:00+00:00,2026-07-15,bounded,0.0,0.42454589762302497,KXHIGHMIA-26JUL15-B92.5,bounded,0.4052031481417838,KXHIGHMIA-26JUL15-B94.5,,,1.0
,,0.5451108337325697,t_plus_9h,mia,mia:2026-07-15,,KXHIGHMIA-26JUL15,0.8991463813117527,bracket,neuralcaster_v2,,0.05554296145279584,2026-07-15T14:00:00+00:00,2026-07-15,bounded,0.0,0.42338070479811396,KXHIGHMIA-26JUL15-B92.5,bounded,0.406916863368898,KXHIGHMIA-26JUL15-B94.5,,,1.0
,,0.5652842915823817,t_plus_10h,mia,mia:2026-07-15,,KXHIGHMIA-26JUL15,0.9222156598499547,bracket,neuralcaster_v2,,0.05874441286638071,2026-07-15T15:00:00+00:00,2026-07-15,bounded,0.0,0.43404751128630753,KXHIGHMIA-26JUL15-B92.5,bounded,0.3976370359182824,KXHIGHMIA-26JUL15-B94.5,,,1.0
,,0.5250544984181291,t_plus_11h,mia,mia:2026-07-15,,KXHIGHMIA-26JUL15,0.8495335576656367,bracket,neuralcaster_v2,,0.049366216471453915,2026-07-15T16:00:00+00:00,2026-07-15,bounded,0.0,0.4329591565940942,KXHIGHMIA-26JUL15-B92.5,bounded,0.42761434287055905,KXHIGHMIA-26JUL15-B94.5,,,1.0
,,0.45654443461693583,t_plus_12h,mia,mia:2026-07-15,,KXHIGHMIA-26JUL15,0.7746760704883817,bracket,neuralcaster_v2,,0.039491493921629164,2026-07-15T17:00:00+00:00,2026-07-15,bounded,1.0,0.46085304072325517,KXHIGHMIA-26JUL15-B94.5,bounded,0.46085304072325517,KXHIGHMIA-26JUL15-B94.5,,,1.0
,,0.4838777318266184,t_plus_13h,mia,mia:2026-07-15,,KXHIGHMIA-26JUL15,0.7691056858454445,bracket,neuralcaster_v2,,0.03957957570541564,2026-07-15T18:00:00+00:00,2026-07-15,bounded,1.0,0.4634273326655903,KXHIGHMIA-26JUL15-B94.5,bounded,0.4634273326655903,KXHIGHMIA-26JUL15-B94.5,,,1.0
,,0.5774852880894858,t_plus_14h,mia,mia:2026-07-15,,KXHIGHMIA-26JUL15,0.8539541208763292,bracket,neuralcaster_v2,,0.04996475528327156,2026-07-15T19:00:00+00:00,2026-07-15,bounded,0.0,0.4912046942365703,KXHIGHMIA-26JUL15-B92.5,bounded,0.42572821857539084,KXHIGHMIA-26JUL15-B94.5,,,1.0
,,0.5250410524743572,t_plus_15h,mia,mia:2026-07-15,,KXHIGHMIA-26JUL15,0.8065656096447823,bracket,neuralcaster_v2,,0.04411502024088345,2026-07-15T20:00:00+00:00,2026-07-15,bounded,0.0,0.45828692419749834,KXHIGHMIA-26JUL15-B92.5,bounded,0.4463885090397404,KXHIGHMIA-26JUL15-B94.5,,,1.0
,,0.687303583524912,t_plus_16h,mia,mia:2026-07-15,,KXHIGHMIA-26JUL15,0.9513787344357819,bracket,neuralcaster_v2,,0.06257892110651128,2026-07-15T21:00:00+00:00,2026-07-15,bounded,0.0,0.5544198693196457,KXHIGHMIA-26JUL15-B92.5,bounded,0.3862081776985389,KXHIGHMIA-26JUL15-B94.5,,,1.0
,,0.448782222247318,t_plus_17h,mia,mia:2026-07-15,,KXHIGHMIA-26JUL15,0.7409505242816242,bracket,neuralcaster_v2,,0.0353485449193022,2026-07-15T22:00:00+00:00,2026-07-15,bounded,1.0,0.4766606226263114,KXHIGHMIA-26JUL15-B94.5,bounded,0.4766606226263114,KXHIGHMIA-26JUL15-B94.5,,,1.0
,,0.4475801352612984,t_plus_18h,mia,mia:2026-07-15,,KXHIGHMIA-26JUL15,0.73958066342548,bracket,neuralcaster_v2,,0.03524430554808762,2026-07-15T23:00:00+00:00,2026-07-15,bounded,1.0,0.4773140287904989,KXHIGHMIA-26JUL15-B94.5,bounded,0.4773140287904989,KXHIGHMIA-26JUL15-B94.5,,,1.0
,,0.44838446717536073,t_plus_19h,mia,mia:2026-07-15,,KXHIGHMIA-26JUL15,0.741187573308125,bracket,neuralcaster_v2,,0.03524499926967722,2026-07-16T00:00:00+00:00,2026-07-15,bounded,1.0,0.47654764408100275,KXHIGHMIA-26JUL15-B94.5,bounded,0.47654764408100275,KXHIGHMIA-26JUL15-B94.5,,,1.0
,,0.4483211243830255,t_plus_20h,mia,mia:2026-07-15,,KXHIGHMIA-26JUL15,0.7410508857835795,bracket,neuralcaster_v2,,0.03524595818990953,2026-07-16T01:00:00+00:00,2026-07-15,bounded,1.0,0.47661278665078705,KXHIGHMIA-26JUL15-B94.5,bounded,0.47661278665078705,KXHIGHMIA-26JUL15-B94.5,,,1.0
,,0.4461118803053707,t_plus_21h,mia,mia:2026-07-15,,KXHIGHMIA-26JUL15,0.7389638059746425,bracket,neuralcaster_v2,,0.035011317914602755,2026-07-16T02:00:00+00:00,2026-07-15,bounded,1.0,0.477608554336347,KXHIGHMIA-26JUL15-B94.5,bounded,0.477608554336347,KXHIGHMIA-26JUL15-B94.5,,,1.0
,,0.4450200067023109,t_plus_22h,mia,mia:2026-07-15,,KXHIGHMIA-26JUL15,0.737777389682975,bracket,neuralcaster_v2,,0.03491086549009857,2026-07-16T03:00:00+00:00,2026-07-15,bounded,1.0,0.4781755331762119,KXHIGHMIA-26JUL15-B94.5,bounded,0.4781755331762119,KXHIGHMIA-26JUL15-B94.5,,,1.0
,,0.4438978592068816,t_plus_23h,mia,mia:2026-07-15,,KXHIGHMIA-26JUL15,0.736571463866376,bracket,neuralcaster_v2,,0.03480629977215071,2026-07-16T04:00:00+00:00,2026-07-15,bounded,1.0,0.47875252523141826,KXHIGHMIA-26JUL15-B94.5,bounded,0.47875252523141826,KXHIGHMIA-26JUL15-B94.5,,,1.0
,,0.6675589432942995,t_plus_0h,nyc,nyc:2026-07-15,,KXHIGHNY-26JUL15,1.0409428188767,bracket,neuralcaster_v2,,0.0897073181791859,2026-07-15T05:00:00+00:00,2026-07-15,bounded,0.0,0.4744077302582235,KXHIGHNY-26JUL15-B97.5,lower_tail,0.3531215952574598,KXHIGHNY-26JUL15-T97,,,1.0
,,0.6817126012029424,t_plus_1h,nyc,nyc:2026-07-15,,KXHIGHNY-26JUL15,1.0649644004591847,bracket,neuralcaster_v2,,0.09237787775442846,2026-07-15T06:00:00+00:00,2026-07-15,bounded,0.0,0.47601403297726486,KXHIGHNY-26JUL15-B97.5,lower_tail,0.3447401271390002,KXHIGHNY-26JUL15-T97,,,1.0
,,0.6443381140861324,t_plus_2h,nyc,nyc:2026-07-15,,KXHIGHNY-26JUL15,1.008387282359148,bracket,neuralcaster_v2,,0.08641891106542812,2026-07-15T07:00:00+00:00,2026-07-15,bounded,0.0,0.46699503298891964,KXHIGHNY-26JUL15-B97.5,lower_tail,0.36480683584068835,KXHIGHNY-26JUL15-T97,,,1.0
,,0.5450155834480446,t_plus_3h,nyc,nyc:2026-07-15,,KXHIGHNY-26JUL15,0.8562087961230241,bracket,neuralcaster_v2,,0.06945997057516122,2026-07-15T08:00:00+00:00,2026-07-15,bounded,0.0,0.4475819281942746,KXHIGHNY-26JUL15-B97.5,lower_tail,0.4247694209939116,KXHIGHNY-26JUL15-T97,,,1.0
,,0.5094465365076052,t_plus_4h,nyc,nyc:2026-07-15,,KXHIGHNY-26JUL15,0.8033110299725775,bracket,neuralcaster_v2,,0.0635032041002486,2026-07-15T09:00:00+00:00,2026-07-15,lower_tail,1.0,0.4478436827120255,KXHIGHNY-26JUL15-T97,lower_tail,0.4478436827120255,KXHIGHNY-26JUL15-T97,,,1.0
,,0.5393168850836745,t_plus_5h,nyc,nyc:2026-07-15,,KXHIGHNY-26JUL15,0.8474069082965139,bracket,neuralcaster_v2,,0.06845582949277926,2026-07-15T10:00:00+00:00,2026-07-15,bounded,0.0,0.4466102898023485,KXHIGHNY-26JUL15-B97.5,lower_tail,0.42852469630122725,KXHIGHNY-26JUL15-T97,,,1.0
,,0.5252151133816122,t_plus_6h,nyc,nyc:2026-07-15,,KXHIGHNY-26JUL15,0.8266781978755934,bracket,neuralcaster_v2,,0.06613406602088735,2026-07-15T11:00:00+00:00,2026-07-15,bounded,0.0,0.44342034316206375,KXHIGHNY-26JUL15-B97.5,lower_tail,0.4375001641976634,KXHIGHNY-26JUL15-T97,,,1.0
,,0.5205934799226946,t_plus_7h,nyc,nyc:2026-07-15,,KXHIGHNY-26JUL15,0.8199426890700665,bracket,neuralcaster_v2,,0.06538100563724042,2026-07-15T12:00:00+00:00,2026-07-15,bounded,0.0,0.4423341463784656,KXHIGHNY-26JUL15-B97.5,lower_tail,0.4404568967770133,KXHIGHNY-26JUL15-T97,,,1.0
,,0.51475013356419,t_plus_8h,nyc,nyc:2026-07-15,,KXHIGHNY-26JUL15,0.8113881233330801,bracket,neuralcaster_v2,,0.0644221926467276,2026-07-15T13:00:00+00:00,2026-07-15,lower_tail,1.0,0.4442409767585387,KXHIGHNY-26JUL15-T97,lower_tail,0.4442409767585387,KXHIGHNY-26JUL15-T97,,,1.0
,,0.5436625793100648,t_plus_9h,nyc,nyc:2026-07-15,,KXHIGHNY-26JUL15,0.8534325264625419,bracket,neuralcaster_v2,,0.06911212952585638,2026-07-15T14:00:00+00:00,2026-07-15,bounded,0.0,0.44787358503615265,KXHIGHNY-26JUL15-B97.5,lower_tail,0.42595033395802706,KXHIGHNY-26JUL15-T97,,,1.0
,,0.49046729948613244,t_plus_10h,nyc,nyc:2026-07-15,,KXHIGHNY-26JUL15,0.774804920552394,bracket,neuralcaster_v2,,0.06027891113841953,2026-07-15T15:00:00+00:00,2026-07-15,lower_tail,1.0,0.4607936636049126,KXHIGHNY-26JUL15-T97,lower_tail,0.4607936636049126,KXHIGHNY-26JUL15-T97,,,1.0
,,0.540139357333607,t_plus_11h,nyc,nyc:2026-07-15,,KXHIGHNY-26JUL15,0.8469632570040854,bracket,neuralcaster_v2,,0.06832918950085884,2026-07-15T16:00:00+00:00,2026-07-15,bounded,0.0,0.4480513607908122,KXHIGHNY-26JUL15-B97.5,lower_tail,0.4287148540153176,KXHIGHNY-26JUL15-T97,,,1.0
,,0.5491694676017987,t_plus_12h,nyc,nyc:2026-07-15,,KXHIGHNY-26JUL15,0.8591992145758581,bracket,neuralcaster_v2,,0.06964522204791132,2026-07-15T17:00:00+00:00,2026-07-15,bounded,0.0,0.4508886585341535,KXHIGHNY-26JUL15-B97.5,lower_tail,0.42350108005942816,KXHIGHNY-26JUL15-T97,,,1.0
,,0.35059049066533676,t_plus_13h,nyc,nyc:2026-07-15,,KXHIGHNY-26JUL15,0.5913534252239321,bracket,neuralcaster_v2,,0.040628971571763525,2026-07-15T18:00:00+00:00,2026-07-15,lower_tail,1.0,0.5535775516732959,KXHIGHNY-26JUL15-T97,lower_tail,0.5535775516732959,KXHIGHNY-26JUL15-T97,,,1.0
,,0.24871225669576952,t_plus_14h,nyc,nyc:2026-07-15,,KXHIGHNY-26JUL15,0.4686517385817498,bracket,neuralcaster_v2,,0.028451224511361284,2026-07-15T19:00:00+00:00,2026-07-15,lower_tail,1.0,0.6258455030500603,KXHIGHNY-26JUL15-T97,lower_tail,0.6258455030500603,KXHIGHNY-26JUL15-T97,,,1.0
,,0.21063651965939192,t_plus_15h,nyc,nyc:2026-07-15,,KXHIGHNY-26JUL15,0.4214588461092439,bracket,neuralcaster_v2,,0.02402064135116671,2026-07-15T20:00:00+00:00,2026-07-15,lower_tail,1.0,0.6560889884525307,KXHIGHNY-26JUL15-T97,lower_tail,0.6560889884525307,KXHIGHNY-26JUL15-T97,,,1.0
,,0.12604755159852332,t_plus_16h,nyc,nyc:2026-07-15,,KXHIGHNY-26JUL15,0.3070274280538912,bracket,neuralcaster_v2,,0.01414708603499352,2026-07-15T21:00:00+00:00,2026-07-15,lower_tail,1.0,0.7356304237196383,KXHIGHNY-26JUL15-T97,lower_tail,0.7356304237196383,KXHIGHNY-26JUL15-T97,,,1.0
,,0.09411910256855287,t_plus_17h,nyc,nyc:2026-07-15,,KXHIGHNY-26JUL15,0.25497732796403816,bracket,neuralcaster_v2,,0.010191978877348852,2026-07-15T22:00:00+00:00,2026-07-15,lower_tail,1.0,0.7749340670949534,KXHIGHNY-26JUL15-T97,lower_tail,0.7749340670949534,KXHIGHNY-26JUL15-T97,,,1.0
,,0.05555052457530059,t_plus_18h,nyc,nyc:2026-07-15,,KXHIGHNY-26JUL15,0.1846842977971412,bracket,neuralcaster_v2,,0.005693389806497686,2026-07-15T23:00:00+00:00,2026-07-15,lower_tail,1.0,0.8313667067269034,KXHIGHNY-26JUL15-T97,lower_tail,0.8313667067269034,KXHIGHNY-26JUL15-T97,,,1.0
,,0.055723014812315,t_plus_19h,nyc,nyc:2026-07-15,,KXHIGHNY-26JUL15,0.18499536920050078,bracket,neuralcaster_v2,,0.005710844865409139,2026-07-16T00:00:00+00:00,2026-07-15,lower_tail,1.0,0.8311081325383384,KXHIGHNY-26JUL15-T97,lower_tail,0.8311081325383384,KXHIGHNY-26JUL15-T97,,,1.0
,,0.05507770185725926,t_plus_20h,nyc,nyc:2026-07-15,,KXHIGHNY-26JUL15,0.1838296151983778,bracket,neuralcaster_v2,,0.00564554111366303,2026-07-16T01:00:00+00:00,2026-07-15,lower_tail,1.0,0.8320775651202111,KXHIGHNY-26JUL15-T97,lower_tail,0.8320775651202111,KXHIGHNY-26JUL15-T97,,,1.0
,,0.05468165957784138,t_plus_21h,nyc,nyc:2026-07-15,,KXHIGHNY-26JUL15,0.18311145915652963,bracket,neuralcaster_v2,,0.005605460570061272,2026-07-16T02:00:00+00:00,2026-07-15,lower_tail,1.0,0.8326753412734748,KXHIGHNY-26JUL15-T97,lower_tail,0.8326753412734748,KXHIGHNY-26JUL15-T97,,,1.0
,,0.05452204781188218,t_plus_22h,nyc,nyc:2026-07-15,,KXHIGHNY-26JUL15,0.18282144112626028,bracket,neuralcaster_v2,,0.005589306942561709,2026-07-16T03:00:00+00:00,2026-07-15,lower_tail,1.0,0.8329168671575424,KXHIGHNY-26JUL15-T97,lower_tail,0.8329168671575424,KXHIGHNY-26JUL15-T97,,,1.0
,,0.05451404320317489,t_plus_23h,nyc,nyc:2026-07-15,,KXHIGHNY-26JUL15,0.1828068876219397,bracket,neuralcaster_v2,,0.005588496822768724,2026-07-16T04:00:00+00:00,2026-07-15,lower_tail,1.0,0.8329289891049755,KXHIGHNY-26JUL15-T97,lower_tail,0.8329289891049755,KXHIGHNY-26JUL15-T97,,,1.0
,,0.9188661668507048,t_plus_0h,okc,okc:2026-07-15,,KXHIGHTOKC-26JUL15,1.5280917013308237,bracket,neuralcaster_v2,,0.1254661046366786,2026-07-15T06:00:00+00:00,2026-07-15,bounded,0.0,0.5084090554383469,KXHIGHTOKC-26JUL15-B88.5,bounded,0.21694927656124477,KXHIGHTOKC-26JUL15-B86.5,,,1.0
,,0.9250548927616037,t_plus_1h,okc,okc:2026-07-15,,KXHIGHTOKC-26JUL15,1.5425413721947396,bracket,neuralcaster_v2,,0.12699405628229507,2026-07-15T07:00:00+00:00,2026-07-15,bounded,0.0,0.5083703889551143,KXHIGHTOKC-26JUL15-B88.5,bounded,0.2138369709686012,KXHIGHTOKC-26JUL15-B86.5,,,1.0
,,0.9854687098693536,t_plus_2h,okc,okc:2026-07-15,,KXHIGHTOKC-26JUL15,1.7122997381611889,bracket,neuralcaster_v2,,0.1463903457726942,2026-07-15T08:00:00+00:00,2026-07-15,bounded,0.0,0.4897320453542618,KXHIGHTOKC-26JUL15-B88.5,bounded,0.1804503265664621,KXHIGHTOKC-26JUL15-B86.5,,,1.0
,,0.9897528688264216,t_plus_3h,okc,okc:2026-07-15,,KXHIGHTOKC-26JUL15,1.7247235905943377,bracket,neuralcaster_v2,,0.14777453991364412,2026-07-15T09:00:00+00:00,2026-07-15,bounded,0.0,0.4883711519375165,KXHIGHTOKC-26JUL15-B88.5,bounded,0.17822230728727415,KXHIGHTOKC-26JUL15-B86.5,,,1.0
,,0.9886803384296552,t_plus_4h,okc,okc:2026-07-15,,KXHIGHTOKC-26JUL15,1.720923039786203,bracket,neuralcaster_v2,,0.1473304496995252,2026-07-15T10:00:00+00:00,2026-07-15,bounded,0.0,0.4891629765968543,KXHIGHTOKC-26JUL15-B88.5,bounded,0.17890093899154175,KXHIGHTOKC-26JUL15-B86.5,,,1.0
,,1.0297753576152635,t_plus_5h,okc,okc:2026-07-15,,KXHIGHTOKC-26JUL15,1.8421348277936969,bracket,neuralcaster_v2,,0.16043867515950525,2026-07-15T11:00:00+00:00,2026-07-15,bounded,0.0,0.47682555840393537,KXHIGHTOKC-26JUL15-B88.5,bounded,0.15847873989853964,KXHIGHTOKC-26JUL15-B86.5,,,1.0
,,1.082653680001736,t_plus_6h,okc,okc:2026-07-15,,KXHIGHTOKC-26JUL15,2.006222520929206,bracket,neuralcaster_v2,,0.17684251106186571,2026-07-15T12:00:00+00:00,2026-07-15,bounded,0.0,0.46294520975699693,KXHIGHTOKC-26JUL15-B88.5,bounded,0.13449577125346285,KXHIGHTOKC-26JUL15-B86.5,,,1.0
,,1.0632974056492783,t_plus_7h,okc,okc:2026-07-15,,KXHIGHTOKC-26JUL15,1.9436223553120608,bracket,neuralcaster_v2,,0.17072106681053953,2026-07-15T13:00:00+00:00,2026-07-15,bounded,0.0,0.4686111536012312,KXHIGHTOKC-26JUL15-B88.5,bounded,0.14318434467717414,KXHIGHTOKC-26JUL15-B86.5,,,1.0
,,1.1017084789185712,t_plus_8h,okc,okc:2026-07-15,,KXHIGHTOKC-26JUL15,2.068130659469444,bracket,neuralcaster_v2,,0.18257796434714607,2026-07-15T14:00:00+00:00,2026-07-15,bounded,0.0,0.4587539856065578,KXHIGHTOKC-26JUL15-B88.5,bounded,0.12642188651254857,KXHIGHTOKC-26JUL15-B86.5,,,1.0
,,1.122267209237954,t_plus_9h,okc,okc:2026-07-15,,KXHIGHTOKC-26JUL15,2.145802846676134,bracket,neuralcaster_v2,,0.18955023909684765,2026-07-15T15:00:00+00:00,2026-07-15,bounded,0.0,0.4535616514113066,KXHIGHTOKC-26JUL15-B88.5,bounded,0.11697408707845922,KXHIGHTOKC-26JUL15-B86.5,,,1.0
,,1.1269919408068858,t_plus_10h,okc,okc:2026-07-15,,KXHIGHTOKC-26JUL15,2.160630626859577,bracket,neuralcaster_v2,,0.19070829129513728,2026-07-15T16:00:00+00:00,2026-07-15,bounded,0.0,0.45393723119870044,KXHIGHTOKC-26JUL15-B88.5,bounded,0.11525241684616953,KXHIGHTOKC-26JUL15-B86.5,,,1.0
,,1.167607288142045,t_plus_11h,okc,okc:2026-07-15,,KXHIGHTOKC-26JUL15,2.3318652581022126,bracket,neuralcaster_v2,,0.2047557694105384,2026-07-15T17:00:00+00:00,2026-07-15,bounded,0.0,0.44375372700457444,KXHIGHTOKC-26JUL15-B88.5,bounded,0.09711443455886497,KXHIGHTOKC-26JUL15-B86.5,,,1.0
,,0.668574119395414,t_plus_12h,okc,okc:2026-07-15,,KXHIGHTOKC-26JUL15,1.0015243390909228,bracket,neuralcaster_v2,,0.08317125708039416,2026-07-15T18:00:00+00:00,2026-07-15,bounded,0.0,0.5019696822064567,KXHIGHTOKC-26JUL15-B88.5,bounded,0.36731909534554336,KXHIGHTOKC-26JUL15-B86.5,,,1.0
,,0.6685619719076791,t_plus_13h,okc,okc:2026-07-15,,KXHIGHTOKC-26JUL15,1.0015243390909232,bracket,neuralcaster_v2,,0.08317209922916867,2026-07-15T19:00:00+00:00,2026-07-15,bounded,0.0,0.5019534523718373,KXHIGHTOKC-26JUL15-B88.5,bounded,0.36731909534554325,KXHIGHTOKC-26JUL15-B86.5,,,1.0
,,0.6687684270788301,t_plus_14h,okc,okc:2026-07-15,,KXHIGHTOKC-26JUL15,1.0015243390909232,bracket,neuralcaster_v2,,0.0831578105295752,2026-07-15T20:00:00+00:00,2026-07-15,bounded,0.0,0.502229098847415,KXHIGHTOKC-26JUL15-B88.5,bounded,0.36731909534554325,KXHIGHTOKC-26JUL15-B86.5,,,1.0
,,0.6684866010868267,t_plus_15h,okc,okc:2026-07-15,,KXHIGHTOKC-26JUL15,1.0015243390909228,bracket,neuralcaster_v2,,0.08317732845133659,2026-07-15T21:00:00+00:00,2026-07-15,bounded,0.0,0.5018527205648847,KXHIGHTOKC-26JUL15-B88.5,bounded,0.36731909534554336,KXHIGHTOKC-26JUL15-B86.5,,,1.0
,,0.6686120104901935,t_plus_16h,okc,okc:2026-07-15,,KXHIGHTOKC-26JUL15,1.0015243390909232,bracket,neuralcaster_v2,,0.08316863135062477,2026-07-15T22:00:00+00:00,2026-07-15,bounded,0.0,0.5020202981353801,KXHIGHTOKC-26JUL15-B88.5,bounded,0.36731909534554325,KXHIGHTOKC-26JUL15-B86.5,,,1.0
,,0.6685109081999208,t_plus_17h,okc,okc:2026-07-15,,KXHIGHTOKC-26JUL15,1.0015243390909228,bracket,neuralcaster_v2,,0.08317564127445194,2026-07-15T23:00:00+00:00,2026-07-15,bounded,0.0,0.5018852125304836,KXHIGHTOKC-26JUL15-B88.5,bounded,0.36731909534554336,KXHIGHTOKC-26JUL15-B86.5,,,1.0
,,0.6694797890201069,t_plus_18h,okc,okc:2026-07-15,,KXHIGHTOKC-26JUL15,1.0015243390909232,bracket,neuralcaster_v2,,0.08310896898693029,2026-07-16T00:00:00+00:00,2026-07-15,bounded,0.0,0.5031757764433388,KXHIGHTOKC-26JUL15-B88.5,bounded,0.36731909534554325,KXHIGHTOKC-26JUL15-B86.5,,,1.0
,,0.6694211118628016,t_plus_19h,okc,okc:2026-07-15,,KXHIGHTOKC-26JUL15,1.0015243390909228,bracket,neuralcaster_v2,,0.0831129748828052,2026-07-16T01:00:00+00:00,2026-07-15,bounded,0.0,0.5030978692653145,KXHIGHTOKC-26JUL15-B88.5,bounded,0.36731909534554336,KXHIGHTOKC-26JUL15-B86.5,,,1.0
,,0.669135137285489,t_plus_20h,okc,okc:2026-07-15,,KXHIGHTOKC-26JUL15,1.0015243390909228,bracket,neuralcaster_v2,,0.08313255700234698,2026-07-16T02:00:00+00:00,2026-07-15,bounded,0.0,0.5027177110158559,KXHIGHTOKC-26JUL15-B88.5,bounded,0.36731909534554336,KXHIGHTOKC-26JUL15-B86.5,,,1.0
,,0.669478570534876,t_plus_21h,okc,okc:2026-07-15,,KXHIGHTOKC-26JUL15,1.0015243390909232,bracket,neuralcaster_v2,,0.08310905213152056,2026-07-16T03:00:00+00:00,2026-07-15,bounded,0.0,0.5031741589566873,KXHIGHTOKC-26JUL15-B88.5,bounded,0.36731909534554325,KXHIGHTOKC-26JUL15-B86.5,,,1.0
,,0.670112562277288,t_plus_22h,okc,okc:2026-07-15,,KXHIGHTOKC-26JUL15,1.0015243390909228,bracket,neuralcaster_v2,,0.08306602785839085,2026-07-16T04:00:00+00:00,2026-07-15,bounded,0.0,0.504013887193085,KXHIGHTOKC-26JUL15-B88.5,bounded,0.36731909534554336,KXHIGHTOKC-26JUL15-B86.5,,,1.0
,,0.6704142504598561,t_plus_23h,okc,okc:2026-07-15,,KXHIGHTOKC-26JUL15,1.0015243390909232,bracket,neuralcaster_v2,,0.08304572007882366,2026-07-16T05:00:00+00:00,2026-07-15,bounded,0.0,0.5044121699542358,KXHIGHTOKC-26JUL15-B88.5,bounded,0.36731909534554325,KXHIGHTOKC-26JUL15-B86.5,,,1.0
,,1.2937127895311094,t_plus_0h,aus,aus:2026-07-16,,KXHIGHAUS-26JUL16,3.084832170421736,bracket,neuralcaster_v2,,0.24962243434167122,2026-07-16T06:00:00+00:00,2026-07-16,bounded,0.0,0.4809610579043249,KXHIGHAUS-26JUL16-B86.5,bounded,0.04573770939659138,KXHIGHAUS-26JUL16-B90.5,,,0.0
,,1.2689357831131325,t_plus_1h,aus,aus:2026-07-16,,KXHIGHAUS-26JUL16,2.87057850347635,bracket,neuralcaster_v2,,0.23493341178963467,2026-07-16T07:00:00+00:00,2026-07-16,bounded,0.0,0.4499187773849802,KXHIGHAUS-26JUL16-B86.5,bounded,0.05666613553949509,KXHIGHAUS-26JUL16-B90.5,,,0.0
,,1.2707689452259743,t_plus_2h,aus,aus:2026-07-16,,KXHIGHAUS-26JUL16,2.848808970906081,bracket,neuralcaster_v2,,0.23162225315362872,2026-07-16T08:00:00+00:00,2026-07-16,bounded,0.0,0.44547518516899176,KXHIGHAUS-26JUL16-B86.5,bounded,0.05791325618775102,KXHIGHAUS-26JUL16-B90.5,,,0.0
,,1.24259806545368,t_plus_3h,aus,aus:2026-07-16,,KXHIGHAUS-26JUL16,2.5830814765566887,bracket,neuralcaster_v2,,0.2118856588046117,2026-07-16T09:00:00+00:00,2026-07-16,bounded,0.0,0.47137757660625423,KXHIGHAUS-26JUL16-B88.5,bounded,0.07554086759254373,KXHIGHAUS-26JUL16-B90.5,,,1.0
,,1.2333517522061883,t_plus_4h,aus,aus:2026-07-16,,KXHIGHAUS-26JUL16,2.4931460252908857,bracket,neuralcaster_v2,,0.20317962670496223,2026-07-16T10:00:00+00:00,2026-07-16,bounded,0.0,0.49865447144344344,KXHIGHAUS-26JUL16-B88.5,bounded,0.08264953959319399,KXHIGHAUS-26JUL16-B90.5,,,1.0
,,1.2342022315858203,t_plus_5h,aus,aus:2026-07-16,,KXHIGHAUS-26JUL16,2.4919606842435744,bracket,neuralcaster_v2,,0.20267085409548308,2026-07-16T11:00:00+00:00,2026-07-16,bounded,0.0,0.5013316604051531,KXHIGHAUS-26JUL16-B88.5,bounded,0.0827475655706451,KXHIGHAUS-26JUL16-B90.5,,,1.0
,,1.14004306605525,t_plus_6h,aus,aus:2026-07-16,,KXHIGHAUS-26JUL16,2.0104878601493614,bracket,neuralcaster_v2,,0.1688356586504789,2026-07-16T12:00:00+00:00,2026-07-16,bounded,0.0,0.5566849435463969,KXHIGHAUS-26JUL16-B88.5,bounded,0.13392332287653208,KXHIGHAUS-26JUL16-B90.5,,,1.0
,,1.0394455649954195,t_plus_7h,aus,aus:2026-07-16,,KXHIGHAUS-26JUL16,1.6632894447542976,bracket,neuralcaster_v2,,0.13862720025966715,2026-07-16T13:00:00+00:00,2026-07-16,bounded,0.0,0.5825198833727888,KXHIGHAUS-26JUL16-B88.5,bounded,0.1895145559981792,KXHIGHAUS-26JUL16-B90.5,,,1.0
,,1.1172194417257912,t_plus_8h,aus,aus:2026-07-16,,KXHIGHAUS-26JUL16,1.8827877933781048,bracket,neuralcaster_v2,,0.15766179980985312,2026-07-16T14:00:00+00:00,2026-07-16,bounded,0.0,0.5807706564157665,KXHIGHAUS-26JUL16-B88.5,bounded,0.15216530846914306,KXHIGHAUS-26JUL16-B90.5,,,1.0
,,1.221030923477016,t_plus_9h,aus,aus:2026-07-16,,KXHIGHAUS-26JUL16,2.31670947983766,bracket,neuralcaster_v2,,0.18626925812160297,2026-07-16T15:00:00+00:00,2026-07-16,bounded,0.0,0.5543339966216556,KXHIGHAUS-26JUL16-B88.5,bounded,0.09859748943300123,KXHIGHAUS-26JUL16-B90.5,,,1.0
,,1.2449811158179234,t_plus_10h,aus,aus:2026-07-16,,KXHIGHAUS-26JUL16,2.435718715694566,bracket,neuralcaster_v2,,0.19277627598243677,2026-07-16T16:00:00+00:00,2026-07-16,bounded,0.0,0.5478502447995793,KXHIGHAUS-26JUL16-B88.5,bounded,0.08753481179143303,KXHIGHAUS-26JUL16-B90.5,,,1.0
,,1.275367273895213,t_plus_11h,aus,aus:2026-07-16,,KXHIGHAUS-26JUL16,2.6382126708897857,bracket,neuralcaster_v2,,0.20442967831104591,2026-07-16T17:00:00+00:00,2026-07-16,bounded,0.0,0.5266000681514287,KXHIGHAUS-26JUL16-B88.5,bounded,0.07148892968215086,KXHIGHAUS-26JUL16-B90.5,,,1.0
,,1.0756770776191806,t_plus_12h,aus,aus:2026-07-16,,KXHIGHAUS-26JUL16,1.7015531239588524,bracket,neuralcaster_v2,,0.14231694568752634,2026-07-16T18:00:00+00:00,2026-07-16,bounded,0.0,0.6043250803709412,KXHIGHAUS-26JUL16-B88.5,bounded,0.18240001411466952,KXHIGHAUS-26JUL16-B90.5,,,1.0
,,0.29242055636392283,t_plus_13h,aus,aus:2026-07-16,,KXHIGHAUS-26JUL16,0.5556095498625804,bracket,neuralcaster_v2,,0.024904968431690412,2026-07-16T19:00:00+00:00,2026-07-16,bounded,1.0,0.573722442155418,KXHIGHAUS-26JUL16-B90.5,bounded,0.573722442155418,KXHIGHAUS-26JUL16-B90.5,,,1.0
,,0.17576056471234144,t_plus_14h,aus,aus:2026-07-16,,KXHIGHAUS-26JUL16,0.4148257807181634,bracket,neuralcaster_v2,,0.012351676414975098,2026-07-16T20:00:00+00:00,2026-07-16,bounded,1.0,0.6604553347364794,KXHIGHAUS-26JUL16-B90.5,bounded,0.6604553347364794,KXHIGHAUS-26JUL16-B90.5,,,1.0
,,0.39281209518628246,t_plus_15h,aus,aus:2026-07-16,,KXHIGHAUS-26JUL16,0.6277281620615133,bracket,neuralcaster_v2,,0.03559649954711498,2026-07-16T21:00:00+00:00,2026-07-16,bounded,1.0,0.5338031387266445,KXHIGHAUS-26JUL16-B90.5,bounded,0.5338031387266445,KXHIGHAUS-26JUL16-B90.5,,,1.0
,,0.17532322762842287,t_plus_16h,aus,aus:2026-07-16,,KXHIGHAUS-26JUL16,0.40703414798359083,bracket,neuralcaster_v2,,0.012983522691065622,2026-07-16T22:00:00+00:00,2026-07-16,bounded,1.0,0.6656214602827278,KXHIGHAUS-26JUL16-B90.5,bounded,0.6656214602827278,KXHIGHAUS-26JUL16-B90.5,,,1.0
,,0.1809358248076725,t_plus_17h,aus,aus:2026-07-16,,KXHIGHAUS-26JUL16,0.4127923884118443,bracket,neuralcaster_v2,,0.013601924821082695,2026-07-16T23:00:00+00:00,2026-07-16,bounded,1.0,0.6617996658458688,KXHIGHAUS-26JUL16-B90.5,bounded,0.6617996658458688,KXHIGHAUS-26JUL16-B90.5,,,1.0
,,0.19782908551962877,t_plus_18h,aus,aus:2026-07-16,,KXHIGHAUS-26JUL16,0.43036623024201726,bracket,neuralcaster_v2,,0.015420116920960108,2026-07-17T00:00:00+00:00,2026-07-16,bounded,1.0,0.6502709022394294,KXHIGHAUS-26JUL16-B90.5,bounded,0.6502709022394294,KXHIGHAUS-26JUL16-B90.5,,,1.0
,,0.20097920997441238,t_plus_19h,aus,aus:2026-07-16,,KXHIGHAUS-26JUL16,0.4332840070422142,bracket,neuralcaster_v2,,0.015789411979342215,2026-07-17T01:00:00+00:00,2026-07-16,bounded,1.0,0.6483763222119702,KXHIGHAUS-26JUL16-B90.5,bounded,0.6483763222119702,KXHIGHAUS-26JUL16-B90.5,,,1.0
,,0.20080283732313822,t_plus_20h,aus,aus:2026-07-16,,KXHIGHAUS-26JUL16,0.4327044491711216,bracket,neuralcaster_v2,,0.015807468466867727,2026-07-17T02:00:00+00:00,2026-07-16,bounded,1.0,0.6487522027246719,KXHIGHAUS-26JUL16-B90.5,bounded,0.6487522027246719,KXHIGHAUS-26JUL16-B90.5,,,1.0
,,0.19687534466110757,t_plus_21h,aus,aus:2026-07-16,,KXHIGHAUS-26JUL16,0.4283619259740014,bracket,neuralcaster_v2,,0.01541214081763984,2026-07-17T03:00:00+00:00,2026-07-16,bounded,1.0,0.6515755500029383,KXHIGHAUS-26JUL16-B90.5,bounded,0.6515755500029383,KXHIGHAUS-26JUL16-B90.5,,,1.0
,,0.19735703456278467,t_plus_22h,aus,aus:2026-07-16,,KXHIGHAUS-26JUL16,0.42887537794400915,bracket,neuralcaster_v2,,0.015462488118241007,2026-07-17T04:00:00+00:00,2026-07-16,bounded,1.0,0.6512410831268667,KXHIGHAUS-26JUL16-B90.5,bounded,0.6512410831268667,KXHIGHAUS-26JUL16-B90.5,,,1.0
,,0.19717609484299295,t_plus_23h,aus,aus:2026-07-16,,KXHIGHAUS-26JUL16,0.42872878701883427,bracket,neuralcaster_v2,,0.01543928720491001,2026-07-17T05:00:00+00:00,2026-07-16,bounded,1.0,0.6513365561573231,KXHIGHAUS-26JUL16-B90.5,bounded,0.6513365561573231,KXHIGHAUS-26JUL16-B90.5,,,1.0
,,0.6325365394679755,t_plus_0h,den,den:2026-07-16,,KXHIGHDEN-26JUL16,0.9700631448799569,bracket,neuralcaster_v2,,0.06837539424165306,2026-07-16T07:00:00+00:00,2026-07-16,bounded,0.0,0.4871373396778949,KXHIGHDEN-26JUL16-B91.5,bounded,0.3790591017062025,KXHIGHDEN-26JUL16-B93.5,,,1.0
,,0.6017243378366876,t_plus_1h,den,den:2026-07-16,,KXHIGHDEN-26JUL16,0.9285164809599625,bracket,neuralcaster_v2,,0.06407177133897445,2026-07-16T08:00:00+00:00,2026-07-16,bounded,0.0,0.4767754028472666,KXHIGHDEN-26JUL16-B91.5,bounded,0.3951394727006086,KXHIGHDEN-26JUL16-B93.5,,,1.0
,,0.6555868754607405,t_plus_2h,den,den:2026-07-16,,KXHIGHDEN-26JUL16,1.005031070336058,bracket,neuralcaster_v2,,0.07185233418717715,2026-07-16T09:00:00+00:00,2026-07-16,bounded,0.0,0.4924740752954082,KXHIGHDEN-26JUL16-B91.5,bounded,0.3660332618508814,KXHIGHDEN-26JUL16-B93.5,,,1.0
,,0.6817133235034093,t_plus_3h,den,den:2026-07-16,,KXHIGHDEN-26JUL16,1.0459845704950912,bracket,neuralcaster_v2,,0.07613206683114904,2026-07-16T10:00:00+00:00,2026-07-16,bounded,0.0,0.4977211971325058,KXHIGHDEN-26JUL16-B91.5,bounded,0.3513457243947549,KXHIGHDEN-26JUL16-B93.5,,,1.0
,,0.6882121774498259,t_plus_4h,den,den:2026-07-16,,KXHIGHDEN-26JUL16,1.0584607818201446,bracket,neuralcaster_v2,,0.07745930925858882,2026-07-16T11:00:00+00:00,2026-07-16,bounded,0.0,0.49751590115520994,KXHIGHDEN-26JUL16-B91.5,bounded,0.3469894920327573,KXHIGHDEN-26JUL16-B93.5,,,1.0
,,0.6341587525637495,t_plus_5h,den,den:2026-07-16,,KXHIGHDEN-26JUL16,0.9789958040478108,bracket,neuralcaster_v2,,0.06905924985599242,2026-07-16T12:00:00+00:00,2026-07-16,bounded,0.0,0.48326431062468,KXHIGHDEN-26JUL16-B91.5,bounded,0.37568817403467697,KXHIGHDEN-26JUL16-B93.5,,,1.0
,,0.592959465470772,t_plus_6h,den,den:2026-07-16,,KXHIGHDEN-26JUL16,0.9222968031239093,bracket,neuralcaster_v2,,0.06322569563361033,2026-07-16T13:00:00+00:00,2026-07-16,bounded,0.0,0.47006745603100464,KXHIGHDEN-26JUL16-B91.5,bounded,0.39760477165637403,KXHIGHDEN-26JUL16-B93.5,,,1.0
,,0.6245264861196367,t_plus_7h,den,den:2026-07-16,,KXHIGHDEN-26JUL16,0.9623740388017402,bracket,neuralcaster_v2,,0.06746755360376747,2026-07-16T14:00:00+00:00,2026-07-16,bounded,0.0,0.48239357459191373,KXHIGHDEN-26JUL16-B91.5,bounded,0.3819849615572217,KXHIGHDEN-26JUL16-B93.5,,,1.0
,,0.7568472596625488,t_plus_8h,den,den:2026-07-16,,KXHIGHDEN-26JUL16,1.16768145210608,bracket,neuralcaster_v2,,0.08906053389932832,2026-07-16T15:00:00+00:00,2026-07-16,bounded,0.0,0.5124723702388614,KXHIGHDEN-26JUL16-B91.5,bounded,0.3110873767428429,KXHIGHDEN-26JUL16-B93.5,,,1.0
,,0.759673592170246,t_plus_9h,den,den:2026-07-16,,KXHIGHDEN-26JUL16,1.1738742765260188,bracket,neuralcaster_v2,,0.08970737439975066,2026-07-16T16:00:00+00:00,2026-07-16,bounded,0.0,0.5122008968149562,KXHIGHDEN-26JUL16-B91.5,bounded,0.3091668202120536,KXHIGHDEN-26JUL16-B93.5,,,1.0
,,0.8174131951139,t_plus_10h,den,den:2026-07-16,,KXHIGHDEN-26JUL16,1.2521030843573702,bracket,neuralcaster_v2,,0.09781651462618327,2026-07-16T17:00:00+00:00,2026-07-16,bounded,0.0,0.534377085025985,KXHIGHDEN-26JUL16-B91.5,bounded,0.2859028862598384,KXHIGHDEN-26JUL16-B93.5,,,1.0
,,0.8069594669260146,t_plus_11h,den,den:2026-07-16,,KXHIGHDEN-26JUL16,1.2088244787150721,bracket,neuralcaster_v2,,0.09356077674423316,2026-07-16T18:00:00+00:00,2026-07-16,bounded,0.0,0.5464998365128374,KXHIGHDEN-26JUL16-B91.5,bounded,0.2985480227917189,KXHIGHDEN-26JUL16-B93.5,,,1.0
,,0.9745726835041383,t_plus_12h,den,den:2026-07-16,,KXHIGHDEN-26JUL16,1.4818260448454443,bracket,neuralcaster_v2,,0.12036534392131466,2026-07-16T19:00:00+00:00,2026-07-16,bounded,0.0,0.5915502453542487,KXHIGHDEN-26JUL16-B91.5,bounded,0.22722239104748945,KXHIGHDEN-26JUL16-B93.5,,,1.0
,,1.0397976181286266,t_plus_13h,den,den:2026-07-16,,KXHIGHDEN-26JUL16,1.6129506277026384,bracket,neuralcaster_v2,,0.13354219078305696,2026-07-16T20:00:00+00:00,2026-07-16,bounded,0.0,0.6025031125251459,KXHIGHDEN-26JUL16-B91.5,bounded,0.19929868941961654,KXHIGHDEN-26JUL16-B93.5,,,1.0
,,0.6638233975413544,t_plus_14h,den,den:2026-07-16,,KXHIGHDEN-26JUL16,0.9638913007336655,bracket,neuralcaster_v2,,0.06957340014592447,2026-07-16T21:00:00+00:00,2026-07-16,bounded,0.0,0.526016706449727,KXHIGHDEN-26JUL16-B91.5,bounded,0.3814058297748873,KXHIGHDEN-26JUL16-B93.5,,,1.0
,,0.31049940740522647,t_plus_15h,den,den:2026-07-16,,KXHIGHDEN-26JUL16,0.5492884877868266,bracket,neuralcaster_v2,,0.026686703211698415,2026-07-16T22:00:00+00:00,2026-07-16,bounded,1.0,0.577360463291917,KXHIGHDEN-26JUL16-B93.5,bounded,0.577360463291917,KXHIGHDEN-26JUL16-B93.5,,,1.0
,,0.20926816970227902,t_plus_16h,den,den:2026-07-16,,KXHIGHDEN-26JUL16,0.4460096707400679,bracket,neuralcaster_v2,,0.016210061449372933,2026-07-16T23:00:00+00:00,2026-07-16,bounded,1.0,0.6401775810407278,KXHIGHDEN-26JUL16-B93.5,bounded,0.6401775810407278,KXHIGHDEN-26JUL16-B93.5,,,1.0
,,0.2233540289041066,t_plus_17h,den,den:2026-07-16,,KXHIGHDEN-26JUL16,0.45901059900568575,bracket,neuralcaster_v2,,0.017833607324285253,2026-07-17T00:00:00+00:00,2026-07-16,bounded,1.0,0.6319085472617165,KXHIGHDEN-26JUL16-B93.5,bounded,0.6319085472617165,KXHIGHDEN-26JUL16-B93.5,,,1.0
,,0.23013340676084104,t_plus_18h,den,den:2026-07-16,,KXHIGHDEN-26JUL16,0.46397134041834226,bracket,neuralcaster_v2,,0.018732091492030284,2026-07-17T01:00:00+00:00,2026-07-16,bounded,1.0,0.6287815748257578,KXHIGHDEN-26JUL16-B93.5,bounded,0.6287815748257578,KXHIGHDEN-26JUL16-B93.5,,,1.0
,,0.23250782053909735,t_plus_19h,den,den:2026-07-16,,KXHIGHDEN-26JUL16,0.46503272836152976,bracket,neuralcaster_v2,,0.01910968547784145,2026-07-17T02:00:00+00:00,2026-07-16,bounded,1.0,0.628114547693237,KXHIGHDEN-26JUL16-B93.5,bounded,0.628114547693237,KXHIGHDEN-26JUL16-B93.5,,,1.0
,,0.23166599569862806,t_plus_20h,den,den:2026-07-16,,KXHIGHDEN-26JUL16,0.46191765638505305,bracket,neuralcaster_v2,,0.019232037077934316,2026-07-17T03:00:00+00:00,2026-07-16,bounded,1.0,0.6300742203948632,KXHIGHDEN-26JUL16-B93.5,bounded,0.6300742203948632,KXHIGHDEN-26JUL16-B93.5,,,1.0
,,0.2329948261562179,t_plus_21h,den,den:2026-07-16,,KXHIGHDEN-26JUL16,0.4629798031184211,bracket,neuralcaster_v2,,0.019399637233651217,2026-07-17T04:00:00+00:00,2026-07-16,bounded,1.0,0.6294053444049982,KXHIGHDEN-26JUL16-B93.5,bounded,0.6294053444049982,KXHIGHDEN-26JUL16-B93.5,,,1.0
,,0.23061785745414523,t_plus_22h,den,den:2026-07-16,,KXHIGHDEN-26JUL16,0.460696756209925,bracket,neuralcaster_v2,,0.019135559400856456,2026-07-17T05:00:00+00:00,2026-07-16,bounded,1.0,0.6308439479055004,KXHIGHDEN-26JUL16-B93.5,bounded,0.6308439479055004,KXHIGHDEN-26JUL16-B93.5,,,1.0
,,0.23100913346622787,t_plus_23h,den,den:2026-07-16,,KXHIGHDEN-26JUL16,0.4610733601172115,bracket,neuralcaster_v2,,0.019178980449377932,2026-07-17T06:00:00+00:00,2026-07-16,bounded,1.0,0.6306064143406729,KXHIGHDEN-26JUL16-B93.5,bounded,0.6306064143406729,KXHIGHDEN-26JUL16-B93.5,,,1.0
,,0.5409680592491504,t_plus_0h,la,la:2026-07-16,,KXHIGHLAX-26JUL16,0.8503421619452551,bracket,neuralcaster_v2,,0.055757968736282824,2026-07-16T08:00:00+00:00,2026-07-16,bounded,0.0,0.45386344585106453,KXHIGHLAX-26JUL16-B81.5,bounded,0.4272687118410848,KXHIGHLAX-26JUL16-B83.5,,,1.0
,,0.48711635628790384,t_plus_1h,la,la:2026-07-16,,KXHIGHLAX-26JUL16,0.7810398202860974,bracket,neuralcaster_v2,,0.04775586695889668,2026-07-16T09:00:00+00:00,2026-07-16,bounded,1.0,0.4579295991698266,KXHIGHLAX-26JUL16-B83.5,bounded,0.4579295991698266,KXHIGHLAX-26JUL16-B83.5,,,1.0
,,0.4359574625250395,t_plus_2h,la,la:2026-07-16,,KXHIGHLAX-26JUL16,0.7284640140460975,bracket,neuralcaster_v2,,0.04123348891803217,2026-07-16T10:00:00+00:00,2026-07-16,bounded,1.0,0.4826497642937867,KXHIGHLAX-26JUL16-B83.5,bounded,0.4826497642937867,KXHIGHLAX-26JUL16-B83.5,,,1.0
,,0.35640237656541746,t_plus_3h,la,la:2026-07-16,,KXHIGHLAX-26JUL16,0.6464719679169703,bracket,neuralcaster_v2,,0.03126526543402887,2026-07-16T11:00:00+00:00,2026-07-16,bounded,1.0,0.5238908237890176,KXHIGHLAX-26JUL16-B83.5,bounded,0.5238908237890176,KXHIGHLAX-26JUL16-B83.5,,,1.0
,,0.39430384094163395,t_plus_4h,la,la:2026-07-16,,KXHIGHLAX-26JUL16,0.6843157562461566,bracket,neuralcaster_v2,,0.03608532464594789,2026-07-16T12:00:00+00:00,2026-07-16,bounded,1.0,0.5044352681975849,KXHIGHLAX-26JUL16-B83.5,bounded,0.5044352681975849,KXHIGHLAX-26JUL16-B83.5,,,1.0
,,0.3810942291044922,t_plus_5h,la,la:2026-07-16,,KXHIGHLAX-26JUL16,0.6700006798233188,bracket,neuralcaster_v2,,0.034487494237378555,2026-07-16T13:00:00+00:00,2026-07-16,bounded,1.0,0.5117082299152371,KXHIGHLAX-26JUL16-B83.5,bounded,0.5117082299152371,KXHIGHLAX-26JUL16-B83.5,,,1.0
,,0.3948563274204241,t_plus_6h,la,la:2026-07-16,,KXHIGHLAX-26JUL16,0.6848399771108333,bracket,neuralcaster_v2,,0.036157969431658186,2026-07-16T14:00:00+00:00,2026-07-16,bounded,1.0,0.5041709020043083,KXHIGHLAX-26JUL16-B83.5,bounded,0.5041709020043083,KXHIGHLAX-26JUL16-B83.5,,,1.0
,,0.30051682690745074,t_plus_7h,la,la:2026-07-16,,KXHIGHLAX-26JUL16,0.5892992668358636,bracket,neuralcaster_v2,,0.023936171040839675,2026-07-16T15:00:00+00:00,2026-07-16,bounded,1.0,0.5547158563733232,KXHIGHLAX-26JUL16-B83.5,bounded,0.5547158563733232,KXHIGHLAX-26JUL16-B83.5,,,1.0
,,0.2851392698352141,t_plus_8h,la,la:2026-07-16,,KXHIGHLAX-26JUL16,0.5709076500328,bracket,neuralcaster_v2,,0.02217167569409746,2026-07-16T16:00:00+00:00,2026-07-16,bounded,1.0,0.5650123723941,KXHIGHLAX-26JUL16-B83.5,bounded,0.5650123723941,KXHIGHLAX-26JUL16-B83.5,,,1.0
,,0.2636614094614027,t_plus_9h,la,la:2026-07-16,,KXHIGHLAX-26JUL16,0.5451004339760804,bracket,neuralcaster_v2,,0.019642818212034584,2026-07-16T17:00:00+00:00,2026-07-16,bounded,1.0,0.5797835504483774,KXHIGHLAX-26JUL16-B83.5,bounded,0.5797835504483774,KXHIGHLAX-26JUL16-B83.5,,,1.0
,,0.23859240921751632,t_plus_10h,la,la:2026-07-16,,KXHIGHLAX-26JUL16,0.513092811558586,bracket,neuralcaster_v2,,0.016881486761273323,2026-07-16T18:00:00+00:00,2026-07-16,bounded,1.0,0.5986412282018827,KXHIGHLAX-26JUL16-B83.5,bounded,0.5986412282018827,KXHIGHLAX-26JUL16-B83.5,,,1.0
,,0.1893026374761014,t_plus_11h,la,la:2026-07-16,,KXHIGHLAX-26JUL16,0.4404200629839261,bracket,neuralcaster_v2,,0.012692162801786528,2026-07-16T19:00:00+00:00,2026-07-16,bounded,1.0,0.6437659420354392,KXHIGHLAX-26JUL16-B83.5,bounded,0.6437659420354392,KXHIGHLAX-26JUL16-B83.5,,,1.0
,,0.3299201288953188,t_plus_12h,la,la:2026-07-16,,KXHIGHLAX-26JUL16,0.5438231525327943,bracket,neuralcaster_v2,,0.03481864827550003,2026-07-16T20:00:00+00:00,2026-07-16,bounded,1.0,0.5805245703632361,KXHIGHLAX-26JUL16-B83.5,bounded,0.5805245703632361,KXHIGHLAX-26JUL16-B83.5,,,1.0
,,0.32919276981808243,t_plus_13h,la,la:2026-07-16,,KXHIGHLAX-26JUL16,0.5425637860527356,bracket,neuralcaster_v2,,0.034690735631948875,2026-07-16T21:00:00+00:00,2026-07-16,bounded,1.0,0.5812561240984411,KXHIGHLAX-26JUL16-B83.5,bounded,0.5812561240984411,KXHIGHLAX-26JUL16-B83.5,,,1.0
,,0.3296260595359169,t_plus_14h,la,la:2026-07-16,,KXHIGHLAX-26JUL16,0.5433129043137744,bracket,neuralcaster_v2,,0.03476678763737864,2026-07-16T22:00:00+00:00,2026-07-16,bounded,1.0,0.5808208575749441,KXHIGHLAX-26JUL16-B83.5,bounded,0.5808208575749441,KXHIGHLAX-26JUL16-B83.5,,,1.0
,,0.32995016809628264,t_plus_15h,la,la:2026-07-16,,KXHIGHLAX-26JUL16,0.5438753587579562,bracket,neuralcaster_v2,,0.034823957141157165,2026-07-16T23:00:00+00:00,2026-07-16,bounded,1.0,0.580494264157897,KXHIGHLAX-26JUL16-B83.5,bounded,0.580494264157897,KXHIGHLAX-26JUL16-B83.5,,,1.0
,,0.3301107383108542,t_plus_16h,la,la:2026-07-16,,KXHIGHLAX-26JUL16,0.5441546869542633,bracket,neuralcaster_v2,,0.03485237074480245,2026-07-17T00:00:00+00:00,2026-07-16,bounded,1.0,0.5803321383863269,KXHIGHLAX-26JUL16-B83.5,bounded,0.5803321383863269,KXHIGHLAX-26JUL16-B83.5,,,1.0
,,0.3265110247896822,t_plus_17h,la,la:2026-07-16,,KXHIGHLAX-26JUL16,0.5379948251900949,bracket,neuralcaster_v2,,0.0342290503926036,2026-07-17T01:00:00+00:00,2026-07-16,bounded,1.0,0.5839179368091336,KXHIGHLAX-26JUL16-B83.5,bounded,0.5839179368091336,KXHIGHLAX-26JUL16-B83.5,,,1.0
,,0.3256455932247467,t_plus_18h,la,la:2026-07-16,,KXHIGHLAX-26JUL16,0.5365436329487976,bracket,neuralcaster_v2,,0.03408315927900622,2026-07-17T02:00:00+00:00,2026-07-16,bounded,1.0,0.584765929139711,KXHIGHLAX-26JUL16-B83.5,bounded,0.584765929139711,KXHIGHLAX-26JUL16-B83.5,,,1.0
,,0.3253897692054763,t_plus_19h,la,la:2026-07-16,,KXHIGHLAX-26JUL16,0.5361167024290553,bracket,neuralcaster_v2,,0.03404030549265645,2026-07-17T03:00:00+00:00,2026-07-16,bounded,1.0,0.5850156368618972,KXHIGHLAX-26JUL16-B83.5,bounded,0.5850156368618972,KXHIGHLAX-26JUL16-B83.5,,,1.0
,,0.32532633279703493,t_plus_20h,la,la:2026-07-16,,KXHIGHLAX-26JUL16,0.5360109787583937,bracket,neuralcaster_v2,,0.0340296979320943,2026-07-17T04:00:00+00:00,2026-07-16,bounded,1.0,0.5850774901320405,KXHIGHLAX-26JUL16-B83.5,bounded,0.5850774901320405,KXHIGHLAX-26JUL16-B83.5,,,1.0
,,0.3253146576553887,t_plus_21h,la,la:2026-07-16,,KXHIGHLAX-26JUL16,0.5359915269759266,bracket,neuralcaster_v2,,0.03402774647744784,2026-07-17T05:00:00+00:00,2026-07-16,bounded,1.0,0.5850888710427941,KXHIGHLAX-26JUL16-B83.5,bounded,0.5850888710427941,KXHIGHLAX-26JUL16-B83.5,,,1.0
,,0.32532831831221637,t_plus_22h,la,la:2026-07-16,,KXHIGHLAX-26JUL16,0.5360142869849626,bracket,neuralcaster_v2,,0.03403002982834106,2026-07-17T06:00:00+00:00,2026-07-16,bounded,1.0,0.5850755545663444,KXHIGHLAX-26JUL16-B83.5,bounded,0.5850755545663444,KXHIGHLAX-26JUL16-B83.5,,,1.0
,,0.3253275854149349,t_plus_23h,la,la:2026-07-16,,KXHIGHLAX-26JUL16,0.5360130658394504,bracket,neuralcaster_v2,,0.03402990731729421,2026-07-17T07:00:00+00:00,2026-07-16,bounded,1.0,0.5850762690291683,KXHIGHLAX-26JUL16-B83.5,bounded,0.5850762690291683,KXHIGHLAX-26JUL16-B83.5,,,1.0
,,0.8619040695053887,t_plus_0h,mia,mia:2026-07-16,,KXHIGHMIA-26JUL16,1.321826586556772,bracket,neuralcaster_v2,,0.10513236444535942,2026-07-16T05:00:00+00:00,2026-07-16,bounded,0.0,0.5474024026694827,KXHIGHMIA-26JUL16-B94.5,bounded,0.2666478015808073,KXHIGHMIA-26JUL16-B96.5,,,1.0
,,0.7540189805894245,t_plus_1h,mia,mia:2026-07-16,,KXHIGHMIA-26JUL16,1.1365430065839621,bracket,neuralcaster_v2,,0.08624863548681286,2026-07-16T06:00:00+00:00,2026-07-16,bounded,0.0,0.5276061718903754,KXHIGHMIA-26JUL16-B94.5,bounded,0.3209265473202494,KXHIGHMIA-26JUL16-B96.5,,,1.0
,,0.7432962290158808,t_plus_2h,mia,mia:2026-07-16,,KXHIGHMIA-26JUL16,1.1089163805385451,bracket,neuralcaster_v2,,0.08342461066287307,2026-07-16T07:00:00+00:00,2026-07-16,bounded,0.0,0.531577974179178,KXHIGHMIA-26JUL16-B94.5,bounded,0.3299162711382123,KXHIGHMIA-26JUL16-B96.5,,,1.0
,,0.7050589571712036,t_plus_3h,mia,mia:2026-07-16,,KXHIGHMIA-26JUL16,1.0516531251918537,bracket,neuralcaster_v2,,0.07765318139421866,2026-07-16T08:00:00+00:00,2026-07-16,bounded,0.0,0.5216333825910864,KXHIGHMIA-26JUL16-B94.5,bounded,0.3493597360980896,KXHIGHMIA-26JUL16-B96.5,,,1.0
,,0.6673445623600853,t_plus_4h,mia,mia:2026-07-16,,KXHIGHMIA-26JUL16,0.9971779276563825,bracket,neuralcaster_v2,,0.07216382941738021,2026-07-16T09:00:00+00:00,2026-07-16,bounded,0.0,0.5110474244904482,KXHIGHMIA-26JUL16-B94.5,bounded,0.36891908986007527,KXHIGHMIA-26JUL16-B96.5,,,1.0
,,0.6710285308570005,t_plus_5h,mia,mia:2026-07-16,,KXHIGHMIA-26JUL16,0.9977605276867019,bracket,neuralcaster_v2,,0.0723894172822496,2026-07-16T10:00:00+00:00,2026-07-16,bounded,0.0,0.5148326615537818,KXHIGHMIA-26JUL16-B94.5,bounded,0.3687042201847547,KXHIGHMIA-26JUL16-B96.5,,,1.0
,,0.6277710458793327,t_plus_6h,mia,mia:2026-07-16,,KXHIGHMIA-26JUL16,0.9397064890030031,bracket,neuralcaster_v2,,0.06636203130124115,2026-07-16T11:00:00+00:00,2026-07-16,bounded,0.0,0.5004434311281099,KXHIGHMIA-26JUL16-B94.5,bounded,0.3907425057516194,KXHIGHMIA-26JUL16-B96.5,,,1.0
,,0.7795601425009882,t_plus_7h,mia,mia:2026-07-16,,KXHIGHMIA-26JUL16,1.1447069634241247,bracket,neuralcaster_v2,,0.0874371953107592,2026-07-16T12:00:00+00:00,2026-07-16,bounded,0.0,0.5515270808086485,KXHIGHMIA-26JUL16-B94.5,bounded,0.31831718270199777,KXHIGHMIA-26JUL16-B96.5,,,1.0
,,0.8964113253172228,t_plus_8h,mia,mia:2026-07-16,,KXHIGHMIA-26JUL16,1.3427979683731361,bracket,neuralcaster_v2,,0.10734960457593623,2026-07-16T13:00:00+00:00,2026-07-16,bounded,0.0,0.5744114331337843,KXHIGHMIA-26JUL16-B94.5,bounded,0.26111405667177934,KXHIGHMIA-26JUL16-B96.5,,,1.0
,,0.9340406710758297,t_plus_9h,mia,mia:2026-07-16,,KXHIGHMIA-26JUL16,1.39844891050876,bracket,neuralcaster_v2,,0.1127155301303123,2026-07-16T14:00:00+00:00,2026-07-16,bounded,0.0,0.5876717172263007,KXHIGHMIA-26JUL16-B94.5,bounded,0.24697975469556022,KXHIGHMIA-26JUL16-B96.5,,,1.0
,,0.7824821713842562,t_plus_10h,mia,mia:2026-07-16,,KXHIGHMIA-26JUL16,1.1294267011914427,bracket,neuralcaster_v2,,0.08662010996095294,2026-07-16T15:00:00+00:00,2026-07-16,bounded,0.0,0.5623185274335178,KXHIGHMIA-26JUL16-B94.5,bounded,0.32321850409934666,KXHIGHMIA-26JUL16-B96.5,,,1.0
,,0.6813810053715794,t_plus_11h,mia,mia:2026-07-16,,KXHIGHMIA-26JUL16,0.9879975044340716,bracket,neuralcaster_v2,,0.07229704485905909,2026-07-16T16:00:00+00:00,2026-07-16,bounded,0.0,0.5314372679993279,KXHIGHMIA-26JUL16-B94.5,bounded,0.3723215172048886,KXHIGHMIA-26JUL16-B96.5,,,1.0
,,0.8193588768864645,t_plus_12h,mia,mia:2026-07-16,,KXHIGHMIA-26JUL16,1.1444482076783906,bracket,neuralcaster_v2,,0.08845622837672715,2026-07-16T17:00:00+00:00,2026-07-16,bounded,0.0,0.591422091676518,KXHIGHMIA-26JUL16-B94.5,bounded,0.3183995597592966,KXHIGHMIA-26JUL16-B96.5,,,1.0
,,0.8463719185963641,t_plus_13h,mia,mia:2026-07-16,,KXHIGHMIA-26JUL16,1.1751262479269284,bracket,neuralcaster_v2,,0.09180200324485142,2026-07-16T18:00:00+00:00,2026-07-16,bounded,0.0,0.6029635979438343,KXHIGHMIA-26JUL16-B94.5,bounded,0.3087799943929962,KXHIGHMIA-26JUL16-B96.5,,,1.0
,,0.8392132982703258,t_plus_14h,mia,mia:2026-07-16,,KXHIGHMIA-26JUL16,1.1648518869743718,bracket,neuralcaster_v2,,0.09084786905508625,2026-07-16T19:00:00+00:00,2026-07-16,bounded,0.0,0.6008067276616712,KXHIGHMIA-26JUL16-B94.5,bounded,0.3119688652634481,KXHIGHMIA-26JUL16-B96.5,,,1.0
,,0.13982685878073517,t_plus_15h,mia,mia:2026-07-16,,KXHIGHMIA-26JUL16,0.30978079828724675,bracket,neuralcaster_v2,,0.01377756387815458,2026-07-16T20:00:00+00:00,2026-07-16,bounded,1.0,0.7336077466754346,KXHIGHMIA-26JUL16-B96.5,bounded,0.7336077466754346,KXHIGHMIA-26JUL16-B96.5,,,1.0
,,0.13794236988301148,t_plus_16h,mia,mia:2026-07-16,,KXHIGHMIA-26JUL16,0.30734663310658505,bracket,neuralcaster_v2,,0.013590539607959437,2026-07-16T21:00:00+00:00,2026-07-16,bounded,1.0,0.7353956442448625,KXHIGHMIA-26JUL16-B96.5,bounded,0.7353956442448625,KXHIGHMIA-26JUL16-B96.5,,,1.0
,,0.1372694919732308,t_plus_17h,mia,mia:2026-07-16,,KXHIGHMIA-26JUL16,0.30647490419136164,bracket,neuralcaster_v2,,0.013523762848970342,2026-07-16T22:00:00+00:00,2026-07-16,bounded,1.0,0.7360369893910206,KXHIGHMIA-26JUL16-B96.5,bounded,0.7360369893910206,KXHIGHMIA-26JUL16-B96.5,,,1.0
,,0.1353189429222024,t_plus_18h,mia,mia:2026-07-16,,KXHIGHMIA-26JUL16,0.30394009815647466,bracket,neuralcaster_v2,,0.013330196451922936,2026-07-16T23:00:00+00:00,2026-07-16,bounded,1.0,0.7379050670005908,KXHIGHMIA-26JUL16-B96.5,bounded,0.7379050670005908,KXHIGHMIA-26JUL16-B96.5,,,1.0
,,0.13394619456277362,t_plus_19h,mia,mia:2026-07-16,,KXHIGHMIA-26JUL16,0.3021490716239776,bracket,neuralcaster_v2,,0.013193975633332609,2026-07-17T00:00:00+00:00,2026-07-16,bounded,1.0,0.7392278587780364,KXHIGHMIA-26JUL16-B96.5,bounded,0.7392278587780364,KXHIGHMIA-26JUL16-B96.5,,,1.0
,,0.13327177194843173,t_plus_20h,mia,mia:2026-07-16,,KXHIGHMIA-26JUL16,0.30126696900769495,bracket,neuralcaster_v2,,0.013127053182664394,2026-07-17T01:00:00+00:00,2026-07-16,bounded,1.0,0.739880221289332,KXHIGHMIA-26JUL16-B96.5,bounded,0.739880221289332,KXHIGHMIA-26JUL16-B96.5,,,1.0
,,0.1331027949851099,t_plus_21h,mia,mia:2026-07-16,,KXHIGHMIA-26JUL16,0.30104573030715776,bracket,neuralcaster_v2,,0.013110285931150805,2026-07-17T02:00:00+00:00,2026-07-16,bounded,1.0,0.7400439295366754,KXHIGHMIA-26JUL16-B96.5,bounded,0.7400439295366754,KXHIGHMIA-26JUL16-B96.5,,,1.0
,,0.1330685595489414,t_plus_22h,mia,mia:2026-07-16,,KXHIGHMIA-26JUL16,0.30100089528367463,bracket,neuralcaster_v2,,0.013106888826283586,2026-07-17T03:00:00+00:00,2026-07-16,bounded,1.0,0.7400771101674564,KXHIGHMIA-26JUL16-B96.5,bounded,0.7400771101674564,KXHIGHMIA-26JUL16-B96.5,,,1.0
,,0.13304669061803906,t_plus_23h,mia,mia:2026-07-16,,KXHIGHMIA-26JUL16,0.3009722535756804,bracket,neuralcaster_v2,,0.013104718823532832,2026-07-17T04:00:00+00:00,2026-07-16,bounded,1.0,0.740098307543502,KXHIGHMIA-26JUL16-B96.5,bounded,0.740098307543502,KXHIGHMIA-26JUL16-B96.5,,,1.0
,,1.2740806778506828,t_plus_0h,nyc,nyc:2026-07-16,,KXHIGHNY-26JUL16,3.0565004509488958,bracket,neuralcaster_v2,,0.2553669014197935,2026-07-16T05:00:00+00:00,2026-07-16,bounded,0.0,0.4735557407495863,KXHIGHNY-26JUL16-B91.5,lower_tail,0.04705206845765361,KXHIGHNY-26JUL16-T89,,,0.0
,,1.270251865820694,t_plus_1h,nyc,nyc:2026-07-16,,KXHIGHNY-26JUL16,3.00469284669926,bracket,neuralcaster_v2,,0.2501565598562231,2026-07-16T06:00:00+00:00,2026-07-16,bounded,0.0,0.4654549482751513,KXHIGHNY-26JUL16-B91.5,lower_tail,0.04955397265741074,KXHIGHNY-26JUL16-T89,,,0.0
,,1.2356670326538137,t_plus_2h,nyc,nyc:2026-07-16,,KXHIGHNY-26JUL16,2.810539111079425,bracket,neuralcaster_v2,,0.24388677107934814,2026-07-16T07:00:00+00:00,2026-07-16,bounded,0.0,0.44864874348382716,KXHIGHNY-26JUL16-B91.5,lower_tail,0.060172543961378354,KXHIGHNY-26JUL16-T89,,,0.0
,,1.2389850504648103,t_plus_3h,nyc,nyc:2026-07-16,,KXHIGHNY-26JUL16,2.836295966414292,bracket,neuralcaster_v2,,0.24531318253909928,2026-07-16T08:00:00+00:00,2026-07-16,bounded,0.0,0.45027689321176134,KXHIGHNY-26JUL16-B91.5,lower_tail,0.05864247788493244,KXHIGHNY-26JUL16-T89,,,0.0
,,1.2377221789550632,t_plus_4h,nyc,nyc:2026-07-16,,KXHIGHNY-26JUL16,2.7751046260786496,bracket,neuralcaster_v2,,0.23962613733623242,2026-07-16T09:00:00+00:00,2026-07-16,bounded,0.0,0.4489597644792284,KXHIGHNY-26JUL16-B91.5,lower_tail,0.062342953649667514,KXHIGHNY-26JUL16-T89,,,0.0
,,1.232310433961343,t_plus_5h,nyc,nyc:2026-07-16,,KXHIGHNY-26JUL16,2.6958700825032214,bracket,neuralcaster_v2,,0.2317161630641423,2026-07-16T10:00:00+00:00,2026-07-16,bounded,0.0,0.438938490113012,KXHIGHNY-26JUL16-B91.5,lower_tail,0.0674836398884662,KXHIGHNY-26JUL16-T89,,,0.0
,,1.2780974432359857,t_plus_6h,nyc,nyc:2026-07-16,,KXHIGHNY-26JUL16,3.032489316889768,bracket,neuralcaster_v2,,0.2509035343634599,2026-07-16T11:00:00+00:00,2026-07-16,bounded,0.0,0.4721604117422403,KXHIGHNY-26JUL16-B91.5,lower_tail,0.048195514766625064,KXHIGHNY-26JUL16-T89,,,0.0
,,1.226536209643018,t_plus_7h,nyc,nyc:2026-07-16,,KXHIGHNY-26JUL16,2.6041713927396337,bracket,neuralcaster_v2,,0.2219367851564066,2026-07-16T12:00:00+00:00,2026-07-16,bounded,0.0,0.42921678235873384,KXHIGHNY-26JUL16-B89.5,lower_tail,0.07396439925118774,KXHIGHNY-26JUL16-T89,,,1.0
,,1.0554384067102232,t_plus_8h,nyc,nyc:2026-07-16,,KXHIGHNY-26JUL16,1.83946684152642,bracket,neuralcaster_v2,,0.16358474573211534,2026-07-16T13:00:00+00:00,2026-07-16,bounded,0.0,0.510829733177563,KXHIGHNY-26JUL16-B89.5,lower_tail,0.15890212353997252,KXHIGHNY-26JUL16-T89,,,1.0
,,1.0034800008758178,t_plus_9h,nyc,nyc:2026-07-16,,KXHIGHNY-26JUL16,1.6722322193590757,bracket,neuralcaster_v2,,0.14822051746356113,2026-07-16T14:00:00+00:00,2026-07-16,bounded,0.0,0.5284551775866477,KXHIGHNY-26JUL16-B89.5,lower_tail,0.18782732554481069,KXHIGHNY-26JUL16-T89,,,1.0
,,0.9886799071110932,t_plus_10h,nyc,nyc:2026-07-16,,KXHIGHNY-26JUL16,1.6124800626536175,bracket,neuralcaster_v2,,0.14175327555933526,2026-07-16T15:00:00+00:00,2026-07-16,bounded,0.0,0.5416803606069498,KXHIGHNY-26JUL16-B89.5,lower_tail,0.199392494486135,KXHIGHNY-26JUL16-T89,,,1.0
,,0.7837310241855153,t_plus_11h,nyc,nyc:2026-07-16,,KXHIGHNY-26JUL16,1.16776246375272,bracket,neuralcaster_v2,,0.09960196692825928,2026-07-16T16:00:00+00:00,2026-07-16,bounded,0.0,0.5361775227787997,KXHIGHNY-26JUL16-B89.5,lower_tail,0.3110621760629922,KXHIGHNY-26JUL16-T89,,,1.0
,,0.5254385395925923,t_plus_12h,nyc,nyc:2026-07-16,,KXHIGHNY-26JUL16,0.7830515030227451,bracket,neuralcaster_v2,,0.059870560533114306,2026-07-16T17:00:00+00:00,2026-07-16,bounded,0.0,0.47590861886043856,KXHIGHNY-26JUL16-B89.5,lower_tail,0.4570093160697446,KXHIGHNY-26JUL16-T89,,,1.0
,,0.4338048069723534,t_plus_13h,nyc,nyc:2026-07-16,,KXHIGHNY-26JUL16,0.6697152919116355,bracket,neuralcaster_v2,,0.048126647272471026,2026-07-16T18:00:00+00:00,2026-07-16,lower_tail,1.0,0.5118542860987071,KXHIGHNY-26JUL16-T89,lower_tail,0.5118542860987071,KXHIGHNY-26JUL16-T89,,,1.0
,,0.42779788540077207,t_plus_14h,nyc,nyc:2026-07-16,,KXHIGHNY-26JUL16,0.6621916766001575,bracket,neuralcaster_v2,,0.047347257787199636,2026-07-16T19:00:00+00:00,2026-07-16,lower_tail,1.0,0.5157198039435831,KXHIGHNY-26JUL16-T89,lower_tail,0.5157198039435831,KXHIGHNY-26JUL16-T89,,,1.0
,,0.42884475535480887,t_plus_15h,nyc,nyc:2026-07-16,,KXHIGHNY-26JUL16,0.6614903074573474,bracket,neuralcaster_v2,,0.04723751837630168,2026-07-16T20:00:00+00:00,2026-07-16,lower_tail,1.0,0.5160816407761669,KXHIGHNY-26JUL16-T89,lower_tail,0.5160816407761669,KXHIGHNY-26JUL16-T89,,,1.0
,,0.27500499075235646,t_plus_16h,nyc,nyc:2026-07-16,,KXHIGHNY-26JUL16,0.4878798539471187,bracket,neuralcaster_v2,,0.030023272344682755,2026-07-16T21:00:00+00:00,2026-07-16,lower_tail,1.0,0.6139266294732463,KXHIGHNY-26JUL16-T89,lower_tail,0.6139266294732463,KXHIGHNY-26JUL16-T89,,,1.0
,,0.24760658110281134,t_plus_17h,nyc,nyc:2026-07-16,,KXHIGHNY-26JUL16,0.45518856010742376,bracket,neuralcaster_v2,,0.026916693251600437,2026-07-16T22:00:00+00:00,2026-07-16,lower_tail,1.0,0.6343283476493997,KXHIGHNY-26JUL16-T89,lower_tail,0.6343283476493997,KXHIGHNY-26JUL16-T89,,,1.0
,,0.1727118588740317,t_plus_18h,nyc,nyc:2026-07-16,,KXHIGHNY-26JUL16,0.3624039071368963,bracket,neuralcaster_v2,,0.018575937003222763,2026-07-16T23:00:00+00:00,2026-07-16,lower_tail,1.0,0.6960011912125509,KXHIGHNY-26JUL16-T89,lower_tail,0.6960011912125509,KXHIGHNY-26JUL16-T89,,,1.0
,,0.005163144800169234,t_plus_19h,nyc,nyc:2026-07-16,,KXHIGHNY-26JUL16,0.05418441648912431,bracket,neuralcaster_v2,,0.0005623086466881689,2026-07-17T00:00:00+00:00,2026-07-16,lower_tail,1.0,0.9472574005088616,KXHIGHNY-26JUL16-T89,lower_tail,0.9472574005088616,KXHIGHNY-26JUL16-T89,,,1.0
,,0.0023543171217001867,t_plus_20h,nyc,nyc:2026-07-16,,KXHIGHNY-26JUL16,0.036886958356956184,bracket,neuralcaster_v2,,0.00026825641546974924,2026-07-17T01:00:00+00:00,2026-07-16,lower_tail,1.0,0.9637850770401133,KXHIGHNY-26JUL16-T89,lower_tail,0.9637850770401133,KXHIGHNY-26JUL16-T89,,,1.0
,,0.0021929239593833413,t_plus_21h,nyc,nyc:2026-07-16,,KXHIGHNY-26JUL16,0.03564261619758614,bracket,neuralcaster_v2,,0.0002511609041226387,2026-07-17T02:00:00+00:00,2026-07-16,lower_tail,1.0,0.964985101909973,KXHIGHNY-26JUL16-T89,lower_tail,0.964985101909973,KXHIGHNY-26JUL16-T89,,,1.0
,,0.0020000125396695185,t_plus_22h,nyc,nyc:2026-07-16,,KXHIGHNY-26JUL16,0.034095349962916306,bracket,neuralcaster_v2,,0.0002306791290324362,2026-07-17T03:00:00+00:00,2026-07-16,lower_tail,1.0,0.9664793464740921,KXHIGHNY-26JUL16-T89,lower_tail,0.9664793464740921,KXHIGHNY-26JUL16-T89,,,1.0
,,0.0019062259953739624,t_plus_23h,nyc,nyc:2026-07-16,,KXHIGHNY-26JUL16,0.03331690338303241,bracket,neuralcaster_v2,,0.00022070075711210603,2026-07-17T04:00:00+00:00,2026-07-16,lower_tail,1.0,0.9672319919250145,KXHIGHNY-26JUL16-T89,lower_tail,0.9672319919250145,KXHIGHNY-26JUL16-T89,,,1.0
,,0.22760995606495454,t_plus_0h,okc,okc:2026-07-16,,KXHIGHTOKC-26JUL16,0.4412316656840407,bracket,neuralcaster_v2,,0.02581861902599771,2026-07-16T06:00:00+00:00,2026-07-16,lower_tail,1.0,0.6432436718252661,KXHIGHTOKC-26JUL16-T88,lower_tail,0.6432436718252661,KXHIGHTOKC-26JUL16-T88,,,1.0
,,0.18455808446011485,t_plus_1h,okc,okc:2026-07-16,,KXHIGHTOKC-26JUL16,0.3906441747583654,bracket,neuralcaster_v2,,0.021295764164193813,2026-07-16T07:00:00+00:00,2026-07-16,lower_tail,1.0,0.6766208719956156,KXHIGHTOKC-26JUL16-T88,lower_tail,0.6766208719956156,KXHIGHTOKC-26JUL16-T88,,,1.0
,,0.17878910874843595,t_plus_2h,okc,okc:2026-07-16,,KXHIGHTOKC-26JUL16,0.38356261600684854,bracket,neuralcaster_v2,,0.020678896621957016,2026-07-16T08:00:00+00:00,2026-07-16,lower_tail,1.0,0.6814294083243689,KXHIGHTOKC-26JUL16-T88,lower_tail,0.6814294083243689,KXHIGHTOKC-26JUL16-T88,,,1.0
,,0.26210659660151253,t_plus_3h,okc,okc:2026-07-16,,KXHIGHTOKC-26JUL16,0.4856849341926984,bracket,neuralcaster_v2,,0.030110915136501853,2026-07-16T09:00:00+00:00,2026-07-16,lower_tail,1.0,0.6152756290914105,KXHIGHTOKC-26JUL16-T88,lower_tail,0.6152756290914105,KXHIGHTOKC-26JUL16-T88,,,1.0
,,0.1513328998277234,t_plus_4h,okc,okc:2026-07-16,,KXHIGHTOKC-26JUL16,0.34599205571634734,bracket,neuralcaster_v2,,0.01740778105054252,2026-07-16T10:00:00+00:00,2026-07-16,lower_tail,1.0,0.7075181078087133,KXHIGHTOKC-26JUL16-T88,lower_tail,0.7075181078087133,KXHIGHTOKC-26JUL16-T88,,,1.0
,,0.11981987511317378,t_plus_5h,okc,okc:2026-07-16,,KXHIGHTOKC-26JUL16,0.3013548600759575,bracket,neuralcaster_v2,,0.013773222404196603,2026-07-16T11:00:00+00:00,2026-07-16,lower_tail,1.0,0.7398151952839409,KXHIGHTOKC-26JUL16-T88,lower_tail,0.7398151952839409,KXHIGHTOKC-26JUL16-T88,,,1.0
,,0.09217689633411373,t_plus_6h,okc,okc:2026-07-16,,KXHIGHTOKC-26JUL16,0.25808155553462003,bracket,neuralcaster_v2,,0.010507276391553213,2026-07-16T12:00:00+00:00,2026-07-16,lower_tail,1.0,0.7725322252590422,KXHIGHTOKC-26JUL16-T88,lower_tail,0.7725322252590422,KXHIGHTOKC-26JUL16-T88,,,1.0
,,0.07185629831463028,t_plus_7h,okc,okc:2026-07-16,,KXHIGHTOKC-26JUL16,0.22260857670268483,bracket,neuralcaster_v2,,0.008061773901912287,2026-07-16T13:00:00+00:00,2026-07-16,lower_tail,1.0,0.8004280941887711,KXHIGHTOKC-26JUL16-T88,lower_tail,0.8004280941887711,KXHIGHTOKC-26JUL16-T88,,,1.0
,,0.05518958666336911,t_plus_8h,okc,okc:2026-07-16,,KXHIGHTOKC-26JUL16,0.19093752081597024,bracket,neuralcaster_v2,,0.006098617139431685,2026-07-16T14:00:00+00:00,2026-07-16,lower_tail,1.0,0.8261842058537011,KXHIGHTOKC-26JUL16-T88,lower_tail,0.8261842058537011,KXHIGHTOKC-26JUL16-T88,,,1.0
,,0.04282419627223698,t_plus_9h,okc,okc:2026-07-16,,KXHIGHTOKC-26JUL16,0.16325905024101167,bracket,neuralcaster_v2,,0.004556303606873604,2026-07-16T15:00:00+00:00,2026-07-16,lower_tail,1.0,0.8493711301167782,KXHIGHTOKC-26JUL16-T88,lower_tail,0.8493711301167782,KXHIGHTOKC-26JUL16-T88,,,1.0
,,0.11953512396295965,t_plus_10h,okc,okc:2026-07-16,,KXHIGHTOKC-26JUL16,0.2950068486497771,bracket,neuralcaster_v2,,0.013165842141550444,2026-07-16T16:00:00+00:00,2026-07-16,lower_tail,1.0,0.7445264884472795,KXHIGHTOKC-26JUL16-T88,lower_tail,0.7445264884472795,KXHIGHTOKC-26JUL16-T88,,,1.0
,,0.14995163240986914,t_plus_11h,okc,okc:2026-07-16,,KXHIGHTOKC-26JUL16,0.3345172114593539,bracket,neuralcaster_v2,,0.01626781563565991,2026-07-16T17:00:00+00:00,2026-07-16,lower_tail,1.0,0.715683526763965,KXHIGHTOKC-26JUL16-T88,lower_tail,0.715683526763965,KXHIGHTOKC-26JUL16-T88,,,1.0
,,0.08191898976007365,t_plus_12h,okc,okc:2026-07-16,,KXHIGHTOKC-26JUL16,0.22954882625289544,bracket,neuralcaster_v2,,0.00842269447468415,2026-07-16T18:00:00+00:00,2026-07-16,lower_tail,1.0,0.7948921560848752,KXHIGHTOKC-26JUL16-T88,lower_tail,0.7948921560848752,KXHIGHTOKC-26JUL16-T88,,,1.0
,,0.08901514883627511,t_plus_13h,okc,okc:2026-07-16,,KXHIGHTOKC-26JUL16,0.24087180605980593,bracket,neuralcaster_v2,,0.009174748462567082,2026-07-16T19:00:00+00:00,2026-07-16,lower_tail,1.0,0.7859423729802141,KXHIGHTOKC-26JUL16-T88,lower_tail,0.7859423729802141,KXHIGHTOKC-26JUL16-T88,,,1.0
,,0.08899998068804423,t_plus_14h,okc,okc:2026-07-16,,KXHIGHTOKC-26JUL16,0.2404243263070576,bracket,neuralcaster_v2,,0.0091430288041341,2026-07-16T20:00:00+00:00,2026-07-16,lower_tail,1.0,0.7862941449785033,KXHIGHTOKC-26JUL16-T88,lower_tail,0.7862941449785033,KXHIGHTOKC-26JUL16-T88,,,1.0
,,0.07058087908376177,t_plus_15h,okc,okc:2026-07-16,,KXHIGHTOKC-26JUL16,0.21051572722206827,bracket,neuralcaster_v2,,0.007213318001040435,2026-07-16T21:00:00+00:00,2026-07-16,lower_tail,1.0,0.8101663133876288,KXHIGHTOKC-26JUL16-T88,lower_tail,0.8101663133876288,KXHIGHTOKC-26JUL16-T88,,,1.0
,,0.047821230934217585,t_plus_16h,okc,okc:2026-07-16,,KXHIGHTOKC-26JUL16,0.17031792306810653,bracket,neuralcaster_v2,,0.0049108748392063094,2026-07-16T22:00:00+00:00,2026-07-16,lower_tail,1.0,0.843396638721663,KXHIGHTOKC-26JUL16-T88,lower_tail,0.843396638721663,KXHIGHTOKC-26JUL16-T88,,,1.0
,,0.014716512681617283,t_plus_17h,okc,okc:2026-07-16,,KXHIGHTOKC-26JUL16,0.09182762122537264,bracket,neuralcaster_v2,,0.0015455299048279018,2026-07-16T23:00:00+00:00,2026-07-16,lower_tail,1.0,0.9122623906652267,KXHIGHTOKC-26JUL16-T88,lower_tail,0.9122623906652267,KXHIGHTOKC-26JUL16-T88,,,1.0
,,0.014259199788964066,t_plus_18h,okc,okc:2026-07-16,,KXHIGHTOKC-26JUL16,0.09035558337692408,bracket,neuralcaster_v2,,0.0014987277999127496,2026-07-17T00:00:00+00:00,2026-07-16,lower_tail,1.0,0.9136062643057639,KXHIGHTOKC-26JUL16-T88,lower_tail,0.9136062643057639,KXHIGHTOKC-26JUL16-T88,,,1.0
,,0.014087287623920289,t_plus_19h,okc,okc:2026-07-16,,KXHIGHTOKC-26JUL16,0.0897966873560552,bracket,neuralcaster_v2,,0.0014811296084111221,2026-07-17T01:00:00+00:00,2026-07-16,lower_tail,1.0,0.9141170179273135,KXHIGHTOKC-26JUL16-T88,lower_tail,0.9141170179273135,KXHIGHTOKC-26JUL16-T88,,,1.0
,,0.013014112857868819,t_plus_20h,okc,okc:2026-07-16,,KXHIGHTOKC-26JUL16,0.08623508565328498,bracket,neuralcaster_v2,,0.0013712133067803984,2026-07-17T02:00:00+00:00,2026-07-16,lower_tail,1.0,0.9173785433344112,KXHIGHTOKC-26JUL16-T88,lower_tail,0.9173785433344112,KXHIGHTOKC-26JUL16-T88,,,1.0
,,0.01269139782643403,t_plus_21h,okc,okc:2026-07-16,,KXHIGHTOKC-26JUL16,0.08513810474858659,bracket,neuralcaster_v2,,0.0013381394937421892,2026-07-17T03:00:00+00:00,2026-07-16,lower_tail,1.0,0.9183854422522996,KXHIGHTOKC-26JUL16-T88,lower_tail,0.9183854422522996,KXHIGHTOKC-26JUL16-T88,,,1.0
,,0.012601615323958208,t_plus_22h,okc,okc:2026-07-16,,KXHIGHTOKC-26JUL16,0.08483065449156443,bracket,neuralcaster_v2,,0.0013289362225781035,2026-07-17T04:00:00+00:00,2026-07-16,lower_tail,1.0,0.9186678435025094,KXHIGHTOKC-26JUL16-T88,lower_tail,0.9186678435025094,KXHIGHTOKC-26JUL16-T88,,,1.0
,,0.01259113740110254,t_plus_23h,okc,okc:2026-07-16,,KXHIGHTOKC-26JUL16,0.08479470883700714,bracket,neuralcaster_v2,,0.0013278621173758343,2026-07-17T05:00:00+00:00,2026-07-16,lower_tail,1.0,0.9187008662129728,KXHIGHTOKC-26JUL16-T88,lower_tail,0.9187008662129728,KXHIGHTOKC-26JUL16-T88,,,1.0
